{"type": "FeatureCollection", "features": [{"type": "Feature", "geometry": {"type": "Polygon", "coordinates": [[[18502.158507692304, 9443.329446153844], [18471.39847692307, 9443.329446153844], [18456.018461538457, 9427.94943076923], [18440.63844615384, 9412.569415384614], [18425.258430769227, 9397.1894], [18425.258430769227, 9366.429369230767], [18425.258430769227, 9335.669338461537], [18425.258430769227, 9304.909307692305], [18425.258430769227, 9274.149276923075], [18425.258430769227, 9243.389246153845], [18409.87841538461, 9228.009230769228], [18394.498399999993, 9212.629215384613], [18409.87841538461, 9197.249199999998], [18425.258430769227, 9181.869184615383], [18425.258430769227, 9151.109153846151], [18425.258430769227, 9120.349123076921], [18425.258430769227, 9089.589092307691], [18425.258430769227, 9058.82906153846], [18425.258430769227, 9028.06903076923], [18409.87841538461, 9012.689015384614], [18394.498399999993, 8997.309], [18394.498399999993, 8966.548969230767], [18379.11838461538, 8951.168953846152], [18363.738369230763, 8935.788938461537], [18363.738369230763, 8905.028907692305], [18379.11838461538, 8889.64889230769], [18394.498399999993, 8874.268876923075], [18379.11838461538, 8858.88886153846], [18363.738369230763, 8843.508846153845], [18363.738369230763, 8812.748815384613], [18363.738369230763, 8781.988784615383], [18363.738369230763, 8751.228753846153], [18348.35835384615, 8735.848738461536], [18332.978338461533, 8720.468723076921], [18348.35835384615, 8705.088707692306], [18363.738369230763, 8689.708692307691], [18363.738369230763, 8658.94866153846], [18363.738369230763, 8628.18863076923], [18348.35835384615, 8612.808615384614], [18332.978338461533, 8597.4286], [18332.978338461533, 8566.668569230767], [18348.35835384615, 8551.288553846152], [18363.738369230763, 8535.908538461537], [18363.738369230763, 8505.148507692305], [18363.738369230763, 8474.388476923075], [18363.738369230763, 8443.628446153845], [18348.35835384615, 8428.24843076923], [18317.598323076916, 8428.24843076923], [18286.838292307686, 8428.24843076923], [18271.458276923073, 8412.868415384613], [18286.838292307686, 8397.488399999998], [18302.218307692303, 8382.108384615383], [18302.218307692303, 8351.348353846153], [18317.598323076916, 8335.968338461536], [18332.978338461533, 8320.588323076921], [18348.35835384615, 8305.208307692306], [18363.738369230763, 8289.828292307691], [18348.35835384615, 8274.448276923076], [18332.978338461533, 8259.06826153846], [18332.978338461533, 8228.30823076923], [18317.598323076916, 8212.928215384614], [18302.218307692303, 8197.5482], [18286.838292307686, 8182.168184615382], [18271.458276923073, 8166.788169230768], [18271.458276923073, 8136.028138461537], [18286.838292307686, 8120.648123076921], [18302.218307692303, 8105.268107692306], [18302.218307692303, 8074.508076923075], [18302.218307692303, 8043.748046153845], [18317.598323076916, 8028.368030769229], [18332.978338461533, 8012.988015384614], [18332.978338461533, 7982.227984615383], [18317.598323076916, 7966.847969230768], [18302.218307692303, 7951.467953846152], [18286.838292307686, 7936.087938461537], [18271.458276923073, 7920.707923076922], [18256.078261538456, 7905.327907692306], [18240.698246153843, 7889.947892307691], [18240.698246153843, 7859.18786153846], [18240.698246153843, 7828.427830769229], [18240.698246153843, 7797.667799999998], [18240.698246153843, 7766.907769230768], [18225.318230769226, 7751.527753846152], [18209.93821538461, 7736.147738461537], [18209.93821538461, 7705.387707692306], [18209.93821538461, 7674.627676923075], [18209.93821538461, 7643.867646153845], [18209.93821538461, 7613.107615384614], [18209.93821538461, 7582.347584615383], [18209.93821538461, 7551.587553846152], [18209.93821538461, 7520.827523076922], [18209.93821538461, 7490.067492307691], [18194.558199999996, 7474.687476923075], [18179.17818461538, 7459.30746153846], [18179.17818461538, 7428.547430769229], [18179.17818461538, 7397.787399999999], [18179.17818461538, 7367.027369230768], [18179.17818461538, 7336.267338461537], [18179.17818461538, 7305.507307692306], [18179.17818461538, 7274.747276923076], [18194.558199999996, 7259.36726153846], [18209.93821538461, 7243.987246153845], [18209.93821538461, 7213.227215384614], [18209.93821538461, 7182.467184615383], [18209.93821538461, 7151.707153846152], [18209.93821538461, 7120.947123076922], [18209.93821538461, 7090.187092307691], [18209.93821538461, 7059.42706153846], [18194.558199999996, 7044.047046153845], [18179.17818461538, 7028.667030769229], [18179.17818461538, 6997.906999999999], [18179.17818461538, 6967.146969230768], [18179.17818461538, 6936.386938461537], [18179.17818461538, 6905.626907692306], [18194.558199999996, 6890.246892307691], [18209.93821538461, 6874.866876923076], [18209.93821538461, 6844.106846153845], [18225.318230769226, 6828.726830769229], [18240.698246153843, 6813.346815384614], [18256.078261538456, 6797.966799999999], [18271.458276923073, 6782.586784615383], [18286.838292307686, 6767.206769230768], [18302.218307692303, 6751.826753846153], [18317.598323076916, 6736.446738461537], [18332.978338461533, 6721.066723076922], [18348.35835384615, 6705.686707692306], [18363.738369230763, 6721.066723076922], [18379.11838461538, 6736.446738461537], [18409.87841538461, 6736.446738461537], [18440.63844615384, 6736.446738461537], [18471.39847692307, 6736.446738461537], [18486.778492307687, 6751.826753846153], [18502.158507692304, 6767.206769230768], [18517.538523076917, 6782.586784615383], [18532.918538461534, 6797.966799999999], [18548.298553846147, 6813.346815384614], [18563.678569230764, 6828.726830769229], [18579.05858461538, 6844.106846153845], [18579.05858461538, 6874.866876923076], [18594.438599999994, 6890.246892307691], [18609.81861538461, 6905.626907692306], [18609.81861538461, 6936.386938461537], [18609.81861538461, 6967.146969230768], [18609.81861538461, 6997.906999999999], [18625.198630769224, 7013.287015384614], [18640.57864615384, 7028.667030769229], [18655.958661538458, 7044.047046153845], [18671.33867692307, 7059.42706153846], [18686.718692307688, 7074.807076923076], [18717.478723076918, 7074.807076923076], [18732.858738461535, 7090.187092307691], [18748.238753846148, 7105.567107692306], [18763.618769230765, 7120.947123076922], [18778.998784615378, 7136.327138461537], [18794.378799999995, 7151.707153846152], [18778.998784615378, 7167.087169230768], [18763.618769230765, 7182.467184615383], [18748.238753846148, 7197.847199999999], [18732.858738461535, 7213.227215384614], [18717.478723076918, 7228.607230769229], [18702.0987076923, 7243.987246153845], [18702.0987076923, 7274.747276923076], [18686.718692307688, 7290.127292307691], [18671.33867692307, 7305.507307692306], [18671.33867692307, 7336.267338461537], [18655.958661538458, 7351.647353846152], [18640.57864615384, 7367.027369230768], [18640.57864615384, 7397.787399999999], [18625.198630769224, 7413.167415384614], [18609.81861538461, 7428.547430769229], [18594.438599999994, 7443.927446153845], [18579.05858461538, 7459.30746153846], [18563.678569230764, 7474.687476923075], [18548.298553846147, 7490.067492307691], [18548.298553846147, 7520.827523076922], [18532.918538461534, 7536.207538461537], [18517.538523076917, 7551.587553846152], [18517.538523076917, 7582.347584615383], [18517.538523076917, 7613.107615384614], [18517.538523076917, 7643.867646153845], [18502.158507692304, 7659.24766153846], [18486.778492307687, 7674.627676923075], [18471.39847692307, 7690.007692307691], [18456.018461538457, 7705.387707692306], [18471.39847692307, 7720.767723076922], [18486.778492307687, 7736.147738461537], [18486.778492307687, 7766.907769230768], [18502.158507692304, 7782.287784615383], [18517.538523076917, 7797.667799999998], [18517.538523076917, 7828.427830769229], [18532.918538461534, 7843.807846153845], [18548.298553846147, 7859.18786153846], [18548.298553846147, 7889.947892307691], [18548.298553846147, 7920.707923076922], [18563.678569230764, 7936.087938461537], [18579.05858461538, 7951.467953846152], [18594.438599999994, 7966.847969230768], [18609.81861538461, 7982.227984615383], [18625.198630769224, 7997.607999999998], [18640.57864615384, 8012.988015384614], [18655.958661538458, 8028.368030769229], [18671.33867692307, 8043.748046153845], [18671.33867692307, 8074.508076923075], [18671.33867692307, 8105.268107692306], [18686.718692307688, 8120.648123076921], [18702.0987076923, 8136.028138461537], [18717.478723076918, 8151.408153846152], [18732.858738461535, 8166.788169230768], [18732.858738461535, 8197.5482], [18748.238753846148, 8212.928215384614], [18763.618769230765, 8228.30823076923], [18778.998784615378, 8243.688246153844], [18794.378799999995, 8259.06826153846], [18809.75881538461, 8274.448276923076], [18825.138830769225, 8289.828292307691], [18825.138830769225, 8320.588323076921], [18825.138830769225, 8351.348353846153], [18825.138830769225, 8382.108384615383], [18825.138830769225, 8412.868415384613], [18825.138830769225, 8443.628446153845], [18825.138830769225, 8474.388476923075], [18809.75881538461, 8489.76849230769], [18794.378799999995, 8505.148507692305], [18794.378799999995, 8535.908538461537], [18794.378799999995, 8566.668569230767], [18794.378799999995, 8597.4286], [18778.998784615378, 8612.808615384614], [18763.618769230765, 8628.18863076923], [18763.618769230765, 8658.94866153846], [18763.618769230765, 8689.708692307691], [18748.238753846148, 8705.088707692306], [18732.858738461535, 8720.468723076921], [18732.858738461535, 8751.228753846153], [18748.238753846148, 8766.608769230768], [18763.618769230765, 8781.988784615383], [18763.618769230765, 8812.748815384613], [18778.998784615378, 8828.128830769228], [18794.378799999995, 8843.508846153845], [18794.378799999995, 8874.268876923075], [18809.75881538461, 8889.64889230769], [18825.138830769225, 8905.028907692305], [18825.138830769225, 8935.788938461537], [18825.138830769225, 8966.548969230767], [18825.138830769225, 8997.309], [18825.138830769225, 9028.06903076923], [18825.138830769225, 9058.82906153846], [18825.138830769225, 9089.589092307691], [18809.75881538461, 9104.969107692306], [18794.378799999995, 9120.349123076921], [18778.998784615378, 9135.729138461536], [18763.618769230765, 9151.109153846151], [18748.238753846148, 9166.489169230768], [18732.858738461535, 9181.869184615383], [18717.478723076918, 9197.249199999998], [18686.718692307688, 9197.249199999998], [18655.958661538458, 9197.249199999998], [18640.57864615384, 9212.629215384613], [18625.198630769224, 9228.009230769228], [18609.81861538461, 9243.389246153845], [18594.438599999994, 9258.76926153846], [18579.05858461538, 9274.149276923075], [18579.05858461538, 9304.909307692305], [18579.05858461538, 9335.669338461537], [18579.05858461538, 9366.429369230767], [18563.678569230764, 9381.809384615382], [18548.298553846147, 9397.1894], [18532.918538461534, 9412.569415384614], [18517.538523076917, 9427.94943076923], [18502.158507692304, 9443.329446153844]]]}, "properties": {"objectType": "annotation", "name": "P2_3_T|lesion_1", "classification": {"name": "lesion", "color": [255, 0, 0]}, "lesion_id": 1, "section": "P2_3_T", "area_um2": 108250.0}}, {"type": "Feature", "geometry": {"type": "Polygon", "coordinates": [[[18502.158507692304, 9197.249199999998], [18486.778492307687, 9181.869184615383], [18486.778492307687, 9151.109153846151], [18471.39847692307, 9135.729138461536], [18456.018461538457, 9120.349123076921], [18440.63844615384, 9104.969107692306], [18425.258430769227, 9089.589092307691], [18425.258430769227, 9058.82906153846], [18425.258430769227, 9028.06903076923], [18409.87841538461, 9012.689015384614], [18394.498399999993, 8997.309], [18394.498399999993, 8966.548969230767], [18379.11838461538, 8951.168953846152], [18363.738369230763, 8935.788938461537], [18363.738369230763, 8905.028907692305], [18379.11838461538, 8889.64889230769], [18394.498399999993, 8874.268876923075], [18379.11838461538, 8858.88886153846], [18363.738369230763, 8843.508846153845], [18363.738369230763, 8812.748815384613], [18363.738369230763, 8781.988784615383], [18363.738369230763, 8751.228753846153], [18348.35835384615, 8735.848738461536], [18332.978338461533, 8720.468723076921], [18348.35835384615, 8705.088707692306], [18363.738369230763, 8689.708692307691], [18363.738369230763, 8658.94866153846], [18363.738369230763, 8628.18863076923], [18348.35835384615, 8612.808615384614], [18332.978338461533, 8597.4286], [18332.978338461533, 8566.668569230767], [18348.35835384615, 8551.288553846152], [18363.738369230763, 8535.908538461537], [18363.738369230763, 8505.148507692305], [18363.738369230763, 8474.388476923075], [18363.738369230763, 8443.628446153845], [18348.35835384615, 8428.24843076923], [18317.598323076916, 8428.24843076923], [18286.838292307686, 8428.24843076923], [18271.458276923073, 8412.868415384613], [18286.838292307686, 8397.488399999998], [18302.218307692303, 8382.108384615383], [18302.218307692303, 8351.348353846153], [18317.598323076916, 8335.968338461536], [18332.978338461533, 8320.588323076921], [18348.35835384615, 8305.208307692306], [18363.738369230763, 8289.828292307691], [18348.35835384615, 8274.448276923076], [18332.978338461533, 8259.06826153846], [18332.978338461533, 8228.30823076923], [18317.598323076916, 8212.928215384614], [18302.218307692303, 8197.5482], [18286.838292307686, 8182.168184615382], [18271.458276923073, 8166.788169230768], [18271.458276923073, 8136.028138461537], [18286.838292307686, 8120.648123076921], [18302.218307692303, 8105.268107692306], [18302.218307692303, 8074.508076923075], [18302.218307692303, 8043.748046153845], [18317.598323076916, 8028.368030769229], [18332.978338461533, 8012.988015384614], [18332.978338461533, 7982.227984615383], [18317.598323076916, 7966.847969230768], [18302.218307692303, 7951.467953846152], [18286.838292307686, 7936.087938461537], [18271.458276923073, 7920.707923076922], [18256.078261538456, 7905.327907692306], [18240.698246153843, 7889.947892307691], [18240.698246153843, 7859.18786153846], [18240.698246153843, 7828.427830769229], [18240.698246153843, 7797.667799999998], [18240.698246153843, 7766.907769230768], [18225.318230769226, 7751.527753846152], [18209.93821538461, 7736.147738461537], [18209.93821538461, 7705.387707692306], [18209.93821538461, 7674.627676923075], [18209.93821538461, 7643.867646153845], [18209.93821538461, 7613.107615384614], [18209.93821538461, 7582.347584615383], [18209.93821538461, 7551.587553846152], [18209.93821538461, 7520.827523076922], [18209.93821538461, 7490.067492307691], [18194.558199999996, 7474.687476923075], [18179.17818461538, 7459.30746153846], [18179.17818461538, 7428.547430769229], [18179.17818461538, 7397.787399999999], [18179.17818461538, 7367.027369230768], [18179.17818461538, 7336.267338461537], [18179.17818461538, 7305.507307692306], [18179.17818461538, 7274.747276923076], [18194.558199999996, 7259.36726153846], [18209.93821538461, 7243.987246153845], [18209.93821538461, 7213.227215384614], [18209.93821538461, 7182.467184615383], [18209.93821538461, 7151.707153846152], [18209.93821538461, 7120.947123076922], [18209.93821538461, 7090.187092307691], [18209.93821538461, 7059.42706153846], [18225.318230769226, 7044.047046153845], [18240.698246153843, 7028.667030769229], [18240.698246153843, 6997.906999999999], [18240.698246153843, 6967.146969230768], [18256.078261538456, 6951.766953846153], [18271.458276923073, 6936.386938461537], [18286.838292307686, 6921.006923076922], [18302.218307692303, 6905.626907692306], [18317.598323076916, 6890.246892307691], [18332.978338461533, 6874.866876923076], [18348.35835384615, 6859.48686153846], [18363.738369230763, 6844.106846153845], [18379.11838461538, 6828.726830769229], [18409.87841538461, 6828.726830769229], [18425.258430769227, 6844.106846153845], [18440.63844615384, 6859.48686153846], [18456.018461538457, 6874.866876923076], [18471.39847692307, 6890.246892307691], [18486.778492307687, 6905.626907692306], [18486.778492307687, 6936.386938461537], [18502.158507692304, 6951.766953846153], [18517.538523076917, 6967.146969230768], [18517.538523076917, 6997.906999999999], [18517.538523076917, 7028.667030769229], [18517.538523076917, 7059.42706153846], [18532.918538461534, 7074.807076923076], [18548.298553846147, 7090.187092307691], [18563.678569230764, 7105.567107692306], [18579.05858461538, 7120.947123076922], [18594.438599999994, 7136.327138461537], [18609.81861538461, 7151.707153846152], [18609.81861538461, 7182.467184615383], [18609.81861538461, 7213.227215384614], [18594.438599999994, 7228.607230769229], [18579.05858461538, 7243.987246153845], [18579.05858461538, 7274.747276923076], [18563.678569230764, 7290.127292307691], [18548.298553846147, 7305.507307692306], [18548.298553846147, 7336.267338461537], [18532.918538461534, 7351.647353846152], [18517.538523076917, 7367.027369230768], [18502.158507692304, 7382.407384615383], [18486.778492307687, 7397.787399999999], [18471.39847692307, 7413.167415384614], [18456.018461538457, 7428.547430769229], [18456.018461538457, 7459.30746153846], [18440.63844615384, 7474.687476923075], [18425.258430769227, 7490.067492307691], [18425.258430769227, 7520.827523076922], [18425.258430769227, 7551.587553846152], [18425.258430769227, 7582.347584615383], [18409.87841538461, 7597.727599999999], [18394.498399999993, 7613.107615384614], [18379.11838461538, 7628.487630769229], [18363.738369230763, 7643.867646153845], [18363.738369230763, 7674.627676923075], [18363.738369230763, 7705.387707692306], [18363.738369230763, 7736.147738461537], [18363.738369230763, 7766.907769230768], [18379.11838461538, 7782.287784615383], [18394.498399999993, 7797.667799999998], [18394.498399999993, 7828.427830769229], [18409.87841538461, 7843.807846153845], [18425.258430769227, 7859.18786153846], [18425.258430769227, 7889.947892307691], [18440.63844615384, 7905.327907692306], [18456.018461538457, 7920.707923076922], [18456.018461538457, 7951.467953846152], [18456.018461538457, 7982.227984615383], [18471.39847692307, 7997.607999999998], [18486.778492307687, 8012.988015384614], [18502.158507692304, 8028.368030769229], [18517.538523076917, 8043.748046153845], [18532.918538461534, 8059.12806153846], [18548.298553846147, 8074.508076923075], [18563.678569230764, 8089.888092307691], [18579.05858461538, 8105.268107692306], [18579.05858461538, 8136.028138461537], [18579.05858461538, 8166.788169230768], [18594.438599999994, 8182.168184615382], [18609.81861538461, 8197.5482], [18625.198630769224, 8212.928215384614], [18640.57864615384, 8228.30823076923], [18640.57864615384, 8259.06826153846], [18655.958661538458, 8274.448276923076], [18671.33867692307, 8289.828292307691], [18686.718692307688, 8305.208307692306], [18702.0987076923, 8320.588323076921], [18717.478723076918, 8335.968338461536], [18732.858738461535, 8351.348353846153], [18732.858738461535, 8382.108384615383], [18732.858738461535, 8412.868415384613], [18717.478723076918, 8428.24843076923], [18702.0987076923, 8443.628446153845], [18702.0987076923, 8474.388476923075], [18702.0987076923, 8505.148507692305], [18702.0987076923, 8535.908538461537], [18686.718692307688, 8551.288553846152], [18671.33867692307, 8566.668569230767], [18671.33867692307, 8597.4286], [18671.33867692307, 8628.18863076923], [18655.958661538458, 8643.568646153844], [18640.57864615384, 8658.94866153846], [18640.57864615384, 8689.708692307691], [18640.57864615384, 8720.468723076921], [18640.57864615384, 8751.228753846153], [18640.57864615384, 8781.988784615383], [18640.57864615384, 8812.748815384613], [18655.958661538458, 8828.128830769228], [18671.33867692307, 8843.508846153845], [18671.33867692307, 8874.268876923075], [18686.718692307688, 8889.64889230769], [18702.0987076923, 8905.028907692305], [18702.0987076923, 8935.788938461537], [18717.478723076918, 8951.168953846152], [18732.858738461535, 8966.548969230767], [18732.858738461535, 8997.309], [18732.858738461535, 9028.06903076923], [18717.478723076918, 9043.449046153844], [18702.0987076923, 9058.82906153846], [18686.718692307688, 9074.209076923076], [18671.33867692307, 9089.589092307691], [18655.958661538458, 9104.969107692306], [18625.198630769224, 9104.969107692306], [18594.438599999994, 9104.969107692306], [18579.05858461538, 9120.349123076921], [18563.678569230764, 9135.729138461536], [18548.298553846147, 9151.109153846151], [18532.918538461534, 9166.489169230768], [18517.538523076917, 9181.869184615383], [18502.158507692304, 9197.249199999998]]]}, "properties": {"objectType": "annotation", "name": "P2_3_T|core_1", "classification": {"name": "core", "color": [230, 103, 103]}, "lesion_id": 1, "section": "P2_3_T", "area_um2": 67250.00000000009}}, {"type": "Feature", "geometry": {"type": "Polygon", "coordinates": [[[18502.158507692304, 9443.329446153844], [18471.39847692307, 9443.329446153844], [18456.018461538457, 9427.94943076923], [18440.63844615384, 9412.569415384614], [18425.258430769227, 9397.1894], [18425.258430769227, 9366.429369230767], [18425.258430769227, 9335.669338461537], [18425.258430769227, 9304.909307692305], [18425.258430769227, 9274.149276923075], [18425.258430769227, 9243.389246153845], [18409.87841538461, 9228.009230769228], [18394.498399999993, 9212.629215384613], [18409.87841538461, 9197.249199999998], [18425.258430769227, 9181.869184615383], [18425.258430769227, 9151.109153846151], [18425.258430769227, 9120.349123076921], [18440.63844615384, 9104.969107692306], [18456.018461538457, 9120.349123076921], [18471.39847692307, 9135.729138461536], [18486.778492307687, 9151.109153846151], [18486.778492307687, 9181.869184615383], [18502.158507692304, 9197.249199999998], [18517.538523076917, 9181.869184615383], [18532.918538461534, 9166.489169230768], [18548.298553846147, 9151.109153846151], [18563.678569230764, 9135.729138461536], [18579.05858461538, 9120.349123076921], [18594.438599999994, 9104.969107692306], [18625.198630769224, 9104.969107692306], [18655.958661538458, 9104.969107692306], [18671.33867692307, 9089.589092307691], [18686.718692307688, 9074.209076923076], [18702.0987076923, 9058.82906153846], [18717.478723076918, 9043.449046153844], [18732.858738461535, 9028.06903076923], [18732.858738461535, 8997.309], [18732.858738461535, 8966.548969230767], [18717.478723076918, 8951.168953846152], [18702.0987076923, 8935.788938461537], [18702.0987076923, 8905.028907692305], [18686.718692307688, 8889.64889230769], [18671.33867692307, 8874.268876923075], [18671.33867692307, 8843.508846153845], [18655.958661538458, 8828.128830769228], [18640.57864615384, 8812.748815384613], [18640.57864615384, 8781.988784615383], [18640.57864615384, 8751.228753846153], [18640.57864615384, 8720.468723076921], [18640.57864615384, 8689.708692307691], [18640.57864615384, 8658.94866153846], [18655.958661538458, 8643.568646153844], [18671.33867692307, 8628.18863076923], [18671.33867692307, 8597.4286], [18671.33867692307, 8566.668569230767], [18686.718692307688, 8551.288553846152], [18702.0987076923, 8535.908538461537], [18702.0987076923, 8505.148507692305], [18702.0987076923, 8474.388476923075], [18702.0987076923, 8443.628446153845], [18717.478723076918, 8428.24843076923], [18732.858738461535, 8412.868415384613], [18732.858738461535, 8382.108384615383], [18732.858738461535, 8351.348353846153], [18717.478723076918, 8335.968338461536], [18702.0987076923, 8320.588323076921], [18686.718692307688, 8305.208307692306], [18671.33867692307, 8289.828292307691], [18655.958661538458, 8274.448276923076], [18640.57864615384, 8259.06826153846], [18640.57864615384, 8228.30823076923], [18625.198630769224, 8212.928215384614], [18609.81861538461, 8197.5482], [18594.438599999994, 8182.168184615382], [18579.05858461538, 8166.788169230768], [18579.05858461538, 8136.028138461537], [18579.05858461538, 8105.268107692306], [18563.678569230764, 8089.888092307691], [18548.298553846147, 8074.508076923075], [18532.918538461534, 8059.12806153846], [18517.538523076917, 8043.748046153845], [18502.158507692304, 8028.368030769229], [18486.778492307687, 8012.988015384614], [18471.39847692307, 7997.607999999998], [18456.018461538457, 7982.227984615383], [18456.018461538457, 7951.467953846152], [18456.018461538457, 7920.707923076922], [18440.63844615384, 7905.327907692306], [18425.258430769227, 7889.947892307691], [18425.258430769227, 7859.18786153846], [18409.87841538461, 7843.807846153845], [18394.498399999993, 7828.427830769229], [18394.498399999993, 7797.667799999998], [18379.11838461538, 7782.287784615383], [18363.738369230763, 7766.907769230768], [18363.738369230763, 7736.147738461537], [18363.738369230763, 7705.387707692306], [18363.738369230763, 7674.627676923075], [18363.738369230763, 7643.867646153845], [18379.11838461538, 7628.487630769229], [18394.498399999993, 7613.107615384614], [18409.87841538461, 7597.727599999999], [18425.258430769227, 7582.347584615383], [18425.258430769227, 7551.587553846152], [18425.258430769227, 7520.827523076922], [18425.258430769227, 7490.067492307691], [18440.63844615384, 7474.687476923075], [18456.018461538457, 7459.30746153846], [18456.018461538457, 7428.547430769229], [18471.39847692307, 7413.167415384614], [18486.778492307687, 7397.787399999999], [18502.158507692304, 7382.407384615383], [18517.538523076917, 7367.027369230768], [18532.918538461534, 7351.647353846152], [18548.298553846147, 7336.267338461537], [18548.298553846147, 7305.507307692306], [18563.678569230764, 7290.127292307691], [18579.05858461538, 7274.747276923076], [18579.05858461538, 7243.987246153845], [18594.438599999994, 7228.607230769229], [18609.81861538461, 7213.227215384614], [18609.81861538461, 7182.467184615383], [18609.81861538461, 7151.707153846152], [18594.438599999994, 7136.327138461537], [18579.05858461538, 7120.947123076922], [18563.678569230764, 7105.567107692306], [18548.298553846147, 7090.187092307691], [18532.918538461534, 7074.807076923076], [18517.538523076917, 7059.42706153846], [18517.538523076917, 7028.667030769229], [18517.538523076917, 6997.906999999999], [18517.538523076917, 6967.146969230768], [18502.158507692304, 6951.766953846153], [18486.778492307687, 6936.386938461537], [18486.778492307687, 6905.626907692306], [18471.39847692307, 6890.246892307691], [18456.018461538457, 6874.866876923076], [18440.63844615384, 6859.48686153846], [18425.258430769227, 6844.106846153845], [18409.87841538461, 6828.726830769229], [18379.11838461538, 6828.726830769229], [18363.738369230763, 6844.106846153845], [18348.35835384615, 6859.48686153846], [18332.978338461533, 6874.866876923076], [18317.598323076916, 6890.246892307691], [18302.218307692303, 6905.626907692306], [18286.838292307686, 6921.006923076922], [18271.458276923073, 6936.386938461537], [18256.078261538456, 6951.766953846153], [18240.698246153843, 6967.146969230768], [18240.698246153843, 6997.906999999999], [18240.698246153843, 7028.667030769229], [18225.318230769226, 7044.047046153845], [18194.558199999996, 7044.047046153845], [18179.17818461538, 7028.667030769229], [18179.17818461538, 6997.906999999999], [18179.17818461538, 6967.146969230768], [18179.17818461538, 6936.386938461537], [18179.17818461538, 6905.626907692306], [18194.558199999996, 6890.246892307691], [18209.93821538461, 6874.866876923076], [18209.93821538461, 6844.106846153845], [18225.318230769226, 6828.726830769229], [18240.698246153843, 6813.346815384614], [18256.078261538456, 6797.966799999999], [18271.458276923073, 6782.586784615383], [18286.838292307686, 6767.206769230768], [18302.218307692303, 6751.826753846153], [18317.598323076916, 6736.446738461537], [18332.978338461533, 6721.066723076922], [18348.35835384615, 6705.686707692306], [18363.738369230763, 6721.066723076922], [18379.11838461538, 6736.446738461537], [18409.87841538461, 6736.446738461537], [18440.63844615384, 6736.446738461537], [18471.39847692307, 6736.446738461537], [18486.778492307687, 6751.826753846153], [18502.158507692304, 6767.206769230768], [18517.538523076917, 6782.586784615383], [18532.918538461534, 6797.966799999999], [18548.298553846147, 6813.346815384614], [18563.678569230764, 6828.726830769229], [18579.05858461538, 6844.106846153845], [18579.05858461538, 6874.866876923076], [18594.438599999994, 6890.246892307691], [18609.81861538461, 6905.626907692306], [18609.81861538461, 6936.386938461537], [18609.81861538461, 6967.146969230768], [18609.81861538461, 6997.906999999999], [18625.198630769224, 7013.287015384614], [18640.57864615384, 7028.667030769229], [18655.958661538458, 7044.047046153845], [18671.33867692307, 7059.42706153846], [18686.718692307688, 7074.807076923076], [18717.478723076918, 7074.807076923076], [18732.858738461535, 7090.187092307691], [18748.238753846148, 7105.567107692306], [18763.618769230765, 7120.947123076922], [18778.998784615378, 7136.327138461537], [18794.378799999995, 7151.707153846152], [18778.998784615378, 7167.087169230768], [18763.618769230765, 7182.467184615383], [18748.238753846148, 7197.847199999999], [18732.858738461535, 7213.227215384614], [18717.478723076918, 7228.607230769229], [18702.0987076923, 7243.987246153845], [18702.0987076923, 7274.747276923076], [18686.718692307688, 7290.127292307691], [18671.33867692307, 7305.507307692306], [18671.33867692307, 7336.267338461537], [18655.958661538458, 7351.647353846152], [18640.57864615384, 7367.027369230768], [18640.57864615384, 7397.787399999999], [18625.198630769224, 7413.167415384614], [18609.81861538461, 7428.547430769229], [18594.438599999994, 7443.927446153845], [18579.05858461538, 7459.30746153846], [18563.678569230764, 7474.687476923075], [18548.298553846147, 7490.067492307691], [18548.298553846147, 7520.827523076922], [18532.918538461534, 7536.207538461537], [18517.538523076917, 7551.587553846152], [18517.538523076917, 7582.347584615383], [18517.538523076917, 7613.107615384614], [18517.538523076917, 7643.867646153845], [18502.158507692304, 7659.24766153846], [18486.778492307687, 7674.627676923075], [18471.39847692307, 7690.007692307691], [18456.018461538457, 7705.387707692306], [18471.39847692307, 7720.767723076922], [18486.778492307687, 7736.147738461537], [18486.778492307687, 7766.907769230768], [18502.158507692304, 7782.287784615383], [18517.538523076917, 7797.667799999998], [18517.538523076917, 7828.427830769229], [18532.918538461534, 7843.807846153845], [18548.298553846147, 7859.18786153846], [18548.298553846147, 7889.947892307691], [18548.298553846147, 7920.707923076922], [18563.678569230764, 7936.087938461537], [18579.05858461538, 7951.467953846152], [18594.438599999994, 7966.847969230768], [18609.81861538461, 7982.227984615383], [18625.198630769224, 7997.607999999998], [18640.57864615384, 8012.988015384614], [18655.958661538458, 8028.368030769229], [18671.33867692307, 8043.748046153845], [18671.33867692307, 8074.508076923075], [18671.33867692307, 8105.268107692306], [18686.718692307688, 8120.648123076921], [18702.0987076923, 8136.028138461537], [18717.478723076918, 8151.408153846152], [18732.858738461535, 8166.788169230768], [18732.858738461535, 8197.5482], [18748.238753846148, 8212.928215384614], [18763.618769230765, 8228.30823076923], [18778.998784615378, 8243.688246153844], [18794.378799999995, 8259.06826153846], [18809.75881538461, 8274.448276923076], [18825.138830769225, 8289.828292307691], [18825.138830769225, 8320.588323076921], [18825.138830769225, 8351.348353846153], [18825.138830769225, 8382.108384615383], [18825.138830769225, 8412.868415384613], [18825.138830769225, 8443.628446153845], [18825.138830769225, 8474.388476923075], [18809.75881538461, 8489.76849230769], [18794.378799999995, 8505.148507692305], [18794.378799999995, 8535.908538461537], [18794.378799999995, 8566.668569230767], [18794.378799999995, 8597.4286], [18778.998784615378, 8612.808615384614], [18763.618769230765, 8628.18863076923], [18763.618769230765, 8658.94866153846], [18763.618769230765, 8689.708692307691], [18748.238753846148, 8705.088707692306], [18732.858738461535, 8720.468723076921], [18732.858738461535, 8751.228753846153], [18748.238753846148, 8766.608769230768], [18763.618769230765, 8781.988784615383], [18763.618769230765, 8812.748815384613], [18778.998784615378, 8828.128830769228], [18794.378799999995, 8843.508846153845], [18794.378799999995, 8874.268876923075], [18809.75881538461, 8889.64889230769], [18825.138830769225, 8905.028907692305], [18825.138830769225, 8935.788938461537], [18825.138830769225, 8966.548969230767], [18825.138830769225, 8997.309], [18825.138830769225, 9028.06903076923], [18825.138830769225, 9058.82906153846], [18825.138830769225, 9089.589092307691], [18809.75881538461, 9104.969107692306], [18794.378799999995, 9120.349123076921], [18778.998784615378, 9135.729138461536], [18763.618769230765, 9151.109153846151], [18748.238753846148, 9166.489169230768], [18732.858738461535, 9181.869184615383], [18717.478723076918, 9197.249199999998], [18686.718692307688, 9197.249199999998], [18655.958661538458, 9197.249199999998], [18640.57864615384, 9212.629215384613], [18625.198630769224, 9228.009230769228], [18609.81861538461, 9243.389246153845], [18594.438599999994, 9258.76926153846], [18579.05858461538, 9274.149276923075], [18579.05858461538, 9304.909307692305], [18579.05858461538, 9335.669338461537], [18579.05858461538, 9366.429369230767], [18563.678569230764, 9381.809384615382], [18548.298553846147, 9397.1894], [18532.918538461534, 9412.569415384614], [18517.538523076917, 9427.94943076923], [18502.158507692304, 9443.329446153844]]]}, "properties": {"objectType": "annotation", "name": "P2_3_T|rim_1", "classification": {"name": "rim", "color": [201, 133, 0]}, "lesion_id": 1, "section": "P2_3_T", "area_um2": 40949.99999999999}}, {"type": "Feature", "geometry": {"type": "Polygon", "coordinates": [[[18194.558199999996, 9012.689015384614], [18179.17818461538, 8997.309], [18179.17818461538, 8966.548969230767], [18179.17818461538, 8935.788938461537], [18194.558199999996, 8920.408923076922], [18209.93821538461, 8935.788938461537], [18209.93821538461, 8966.548969230767], [18209.93821538461, 8997.309], [18194.558199999996, 9012.689015384614]]]}, "properties": {"objectType": "annotation", "name": "P2_3_T|lesion_2", "classification": {"name": "lesion", "color": [255, 0, 0]}, "lesion_id": 2, "section": "P2_3_T", "area_um2": 249.9999999999947}}, {"type": "Feature", "geometry": {"type": "Polygon", "coordinates": [[[18194.558199999996, 9012.689015384614], [18179.17818461538, 8997.309], [18179.17818461538, 8966.548969230767], [18179.17818461538, 8935.788938461537], [18194.558199999996, 8920.408923076922], [18209.93821538461, 8935.788938461537], [18209.93821538461, 8966.548969230767], [18209.93821538461, 8997.309], [18194.558199999996, 9012.689015384614]]]}, "properties": {"objectType": "annotation", "name": "P2_3_T|rim_2", "classification": {"name": "rim", "color": [201, 133, 0]}, "lesion_id": 2, "section": "P2_3_T", "area_um2": 249.9999999999947}}, {"type": "Feature", "geometry": {"type": "Polygon", "coordinates": [[[21455.121461538456, 9597.129599999998], [21439.74144615384, 9581.749584615383], [21439.74144615384, 9550.989553846151], [21455.121461538456, 9535.609538461536], [21470.501476923073, 9520.229523076921], [21470.501476923073, 9489.469492307691], [21455.121461538456, 9474.089476923074], [21439.74144615384, 9458.70946153846], [21455.121461538456, 9443.329446153844], [21470.501476923073, 9427.94943076923], [21455.121461538456, 9412.569415384614], [21439.74144615384, 9397.1894], [21455.121461538456, 9381.809384615382], [21470.501476923073, 9366.429369230767], [21470.501476923073, 9335.669338461537], [21470.501476923073, 9304.909307692305], [21470.501476923073, 9274.149276923075], [21470.501476923073, 9243.389246153845], [21470.501476923073, 9212.629215384613], [21485.881492307686, 9197.249199999998], [21501.261507692303, 9181.869184615383], [21516.641523076916, 9166.489169230768], [21532.021538461533, 9151.109153846151], [21547.401553846146, 9135.729138461536], [21562.781569230763, 9151.109153846151], [21562.781569230763, 9181.869184615383], [21562.781569230763, 9212.629215384613], [21562.781569230763, 9243.389246153845], [21562.781569230763, 9274.149276923075], [21562.781569230763, 9304.909307692305], [21562.781569230763, 9335.669338461537], [21562.781569230763, 9366.429369230767], [21562.781569230763, 9397.1894], [21562.781569230763, 9427.94943076923], [21562.781569230763, 9458.70946153846], [21547.401553846146, 9474.089476923074], [21532.021538461533, 9489.469492307691], [21532.021538461533, 9520.229523076921], [21516.641523076916, 9535.609538461536], [21501.261507692303, 9550.989553846151], [21485.881492307686, 9566.369569230768], [21470.501476923073, 9581.749584615383], [21455.121461538456, 9597.129599999998]]]}, "properties": {"objectType": "annotation", "name": "P2_3_T|lesion_3", "classification": {"name": "lesion", "color": [255, 0, 0]}, "lesion_id": 3, "section": "P2_3_T", "area_um2": 3849.999999999959}}, {"type": "Feature", "geometry": {"type": "Polygon", "coordinates": [[[21455.121461538456, 9597.129599999998], [21439.74144615384, 9581.749584615383], [21439.74144615384, 9550.989553846151], [21455.121461538456, 9535.609538461536], [21470.501476923073, 9520.229523076921], [21470.501476923073, 9489.469492307691], [21455.121461538456, 9474.089476923074], [21439.74144615384, 9458.70946153846], [21455.121461538456, 9443.329446153844], [21470.501476923073, 9427.94943076923], [21455.121461538456, 9412.569415384614], [21439.74144615384, 9397.1894], [21455.121461538456, 9381.809384615382], [21470.501476923073, 9366.429369230767], [21470.501476923073, 9335.669338461537], [21470.501476923073, 9304.909307692305], [21470.501476923073, 9274.149276923075], [21470.501476923073, 9243.389246153845], [21470.501476923073, 9212.629215384613], [21485.881492307686, 9197.249199999998], [21501.261507692303, 9181.869184615383], [21516.641523076916, 9166.489169230768], [21532.021538461533, 9151.109153846151], [21547.401553846146, 9135.729138461536], [21562.781569230763, 9151.109153846151], [21562.781569230763, 9181.869184615383], [21562.781569230763, 9212.629215384613], [21562.781569230763, 9243.389246153845], [21562.781569230763, 9274.149276923075], [21562.781569230763, 9304.909307692305], [21562.781569230763, 9335.669338461537], [21562.781569230763, 9366.429369230767], [21562.781569230763, 9397.1894], [21562.781569230763, 9427.94943076923], [21562.781569230763, 9458.70946153846], [21547.401553846146, 9474.089476923074], [21532.021538461533, 9489.469492307691], [21532.021538461533, 9520.229523076921], [21516.641523076916, 9535.609538461536], [21501.261507692303, 9550.989553846151], [21485.881492307686, 9566.369569230768], [21470.501476923073, 9581.749584615383], [21455.121461538456, 9597.129599999998]]]}, "properties": {"objectType": "annotation", "name": "P2_3_T|rim_3", "classification": {"name": "rim", "color": [201, 133, 0]}, "lesion_id": 3, "section": "P2_3_T", "area_um2": 3849.999999999959}}, {"type": "Feature", "geometry": {"type": "Polygon", "coordinates": [[[21362.841369230762, 9935.489938461536], [21332.081338461532, 9935.489938461536], [21316.70132307692, 9920.109923076921], [21316.70132307692, 9889.349892307691], [21316.70132307692, 9858.58986153846], [21301.321307692302, 9843.209846153844], [21285.941292307685, 9827.82983076923], [21301.321307692302, 9812.449815384614], [21316.70132307692, 9797.069799999997], [21332.081338461532, 9781.689784615382], [21347.46135384615, 9766.309769230767], [21362.841369230762, 9750.929753846152], [21378.22138461538, 9735.549738461537], [21378.22138461538, 9704.789707692305], [21393.601399999996, 9689.40969230769], [21408.98141538461, 9674.029676923075], [21424.361430769226, 9658.64966153846], [21439.74144615384, 9674.029676923075], [21455.121461538456, 9689.40969230769], [21470.501476923073, 9704.789707692305], [21455.121461538456, 9720.169723076922], [21439.74144615384, 9735.549738461537], [21439.74144615384, 9766.309769230767], [21424.361430769226, 9781.689784615382], [21408.98141538461, 9797.069799999997], [21408.98141538461, 9827.82983076923], [21393.601399999996, 9843.209846153844], [21378.22138461538, 9858.58986153846], [21378.22138461538, 9889.349892307691], [21378.22138461538, 9920.109923076921], [21362.841369230762, 9935.489938461536]]]}, "properties": {"objectType": "annotation", "name": "P2_3_T|lesion_5", "classification": {"name": "lesion", "color": [255, 0, 0]}, "lesion_id": 5, "section": "P2_3_T", "area_um2": 2149.999999999983}}, {"type": "Feature", "geometry": {"type": "Polygon", "coordinates": [[[21362.841369230762, 9935.489938461536], [21332.081338461532, 9935.489938461536], [21316.70132307692, 9920.109923076921], [21316.70132307692, 9889.349892307691], [21316.70132307692, 9858.58986153846], [21301.321307692302, 9843.209846153844], [21285.941292307685, 9827.82983076923], [21301.321307692302, 9812.449815384614], [21316.70132307692, 9797.069799999997], [21332.081338461532, 9781.689784615382], [21347.46135384615, 9766.309769230767], [21362.841369230762, 9750.929753846152], [21378.22138461538, 9735.549738461537], [21378.22138461538, 9704.789707692305], [21393.601399999996, 9689.40969230769], [21408.98141538461, 9674.029676923075], [21424.361430769226, 9658.64966153846], [21439.74144615384, 9674.029676923075], [21455.121461538456, 9689.40969230769], [21470.501476923073, 9704.789707692305], [21455.121461538456, 9720.169723076922], [21439.74144615384, 9735.549738461537], [21439.74144615384, 9766.309769230767], [21424.361430769226, 9781.689784615382], [21408.98141538461, 9797.069799999997], [21408.98141538461, 9827.82983076923], [21393.601399999996, 9843.209846153844], [21378.22138461538, 9858.58986153846], [21378.22138461538, 9889.349892307691], [21378.22138461538, 9920.109923076921], [21362.841369230762, 9935.489938461536]]]}, "properties": {"objectType": "annotation", "name": "P2_3_T|rim_5", "classification": {"name": "rim", "color": [201, 133, 0]}, "lesion_id": 5, "section": "P2_3_T", "area_um2": 2149.999999999983}}, {"type": "Feature", "geometry": {"type": "Polygon", "coordinates": [[[19394.199399999994, 11565.771569230767], [19378.81938461538, 11550.391553846152], [19363.439369230764, 11535.011538461536], [19348.059353846147, 11550.391553846152], [19332.679338461534, 11565.771569230767], [19301.919307692304, 11565.771569230767], [19286.539292307687, 11550.391553846152], [19271.15927692307, 11535.011538461536], [19255.779261538457, 11519.631523076921], [19240.39924615384, 11504.251507692306], [19209.63921538461, 11504.251507692306], [19178.87918461538, 11504.251507692306], [19148.11915384615, 11504.251507692306], [19132.739138461533, 11519.631523076921], [19117.359123076916, 11535.011538461536], [19086.599092307686, 11535.011538461536], [19071.219076923073, 11519.631523076921], [19055.839061538456, 11504.251507692306], [19040.45904615384, 11488.87149230769], [19025.079030769226, 11473.491476923075], [19009.69901538461, 11458.11146153846], [18994.318999999996, 11442.731446153844], [18978.93898461538, 11427.35143076923], [18963.558969230762, 11411.971415384613], [18948.17895384615, 11427.35143076923], [18932.798938461532, 11442.731446153844], [18902.038907692302, 11442.731446153844], [18871.278876923072, 11442.731446153844], [18840.518846153842, 11442.731446153844], [18825.138830769225, 11427.35143076923], [18809.75881538461, 11411.971415384613], [18794.378799999995, 11396.591399999998], [18778.998784615378, 11381.211384615382], [18763.618769230765, 11365.831369230767], [18748.238753846148, 11350.451353846152], [18732.858738461535, 11335.071338461537], [18717.478723076918, 11319.69132307692], [18702.0987076923, 11304.311307692305], [18702.0987076923, 11273.551276923075], [18702.0987076923, 11242.791246153844], [18702.0987076923, 11212.031215384613], [18702.0987076923, 11181.271184615383], [18702.0987076923, 11150.511153846152], [18686.718692307688, 11135.131138461536], [18671.33867692307, 11119.751123076921], [18671.33867692307, 11088.99109230769], [18671.33867692307, 11058.23106153846], [18655.958661538458, 11042.851046153844], [18640.57864615384, 11027.47103076923], [18625.198630769224, 11012.091015384614], [18609.81861538461, 10996.710999999998], [18609.81861538461, 10965.950969230767], [18609.81861538461, 10935.190938461537], [18625.198630769224, 10919.81092307692], [18640.57864615384, 10904.430907692305], [18625.198630769224, 10889.05089230769], [18609.81861538461, 10873.670876923075], [18609.81861538461, 10842.910846153844], [18609.81861538461, 10812.150815384613], [18609.81861538461, 10781.390784615383], [18609.81861538461, 10750.630753846151], [18609.81861538461, 10719.870723076921], [18609.81861538461, 10689.110692307691], [18609.81861538461, 10658.35066153846], [18609.81861538461, 10627.59063076923], [18609.81861538461, 10596.830599999998], [18625.198630769224, 10581.450584615382], [18640.57864615384, 10566.070569230767], [18640.57864615384, 10535.310538461537], [18640.57864615384, 10504.550507692305], [18640.57864615384, 10473.790476923075], [18625.198630769224, 10458.41046153846], [18609.81861538461, 10443.030446153844], [18609.81861538461, 10412.270415384613], [18594.438599999994, 10396.890399999998], [18579.05858461538, 10381.510384615383], [18579.05858461538, 10350.750353846151], [18579.05858461538, 10319.990323076921], [18579.05858461538, 10289.230292307691], [18594.438599999994, 10273.850276923074], [18609.81861538461, 10258.47026153846], [18609.81861538461, 10227.71023076923], [18609.81861538461, 10196.950199999997], [18594.438599999994, 10181.570184615382], [18579.05858461538, 10166.190169230767], [18579.05858461538, 10135.430138461537], [18579.05858461538, 10104.670107692305], [18579.05858461538, 10073.910076923075], [18579.05858461538, 10043.150046153845], [18563.678569230764, 10027.770030769228], [18548.298553846147, 10012.390015384613], [18532.918538461534, 9997.009999999998], [18502.158507692304, 9997.009999999998], [18486.778492307687, 9981.629984615383], [18471.39847692307, 9966.249969230768], [18440.63844615384, 9966.249969230768], [18409.87841538461, 9966.249969230768], [18394.498399999993, 9981.629984615383], [18394.498399999993, 10012.390015384613], [18379.11838461538, 10027.770030769228], [18363.738369230763, 10012.390015384613], [18363.738369230763, 9981.629984615383], [18363.738369230763, 9950.869953846151], [18363.738369230763, 9920.109923076921], [18363.738369230763, 9889.349892307691], [18379.11838461538, 9873.969876923074], [18394.498399999993, 9858.58986153846], [18409.87841538461, 9843.209846153844], [18425.258430769227, 9827.82983076923], [18440.63844615384, 9812.449815384614], [18456.018461538457, 9797.069799999997], [18471.39847692307, 9781.689784615382], [18502.158507692304, 9781.689784615382], [18532.918538461534, 9781.689784615382], [18548.298553846147, 9797.069799999997], [18563.678569230764, 9812.449815384614], [18594.438599999994, 9812.449815384614], [18609.81861538461, 9797.069799999997], [18625.198630769224, 9781.689784615382], [18655.958661538458, 9781.689784615382], [18671.33867692307, 9766.309769230767], [18686.718692307688, 9750.929753846152], [18717.478723076918, 9750.929753846152], [18732.858738461535, 9735.549738461537], [18748.238753846148, 9720.169723076922], [18778.998784615378, 9720.169723076922], [18794.378799999995, 9704.789707692305], [18809.75881538461, 9689.40969230769], [18840.518846153842, 9689.40969230769], [18871.278876923072, 9689.40969230769], [18902.038907692302, 9689.40969230769], [18932.798938461532, 9689.40969230769], [18948.17895384615, 9704.789707692305], [18963.558969230762, 9720.169723076922], [18994.318999999996, 9720.169723076922], [19009.69901538461, 9735.549738461537], [19025.079030769226, 9750.929753846152], [19040.45904615384, 9766.309769230767], [19055.839061538456, 9781.689784615382], [19086.599092307686, 9781.689784615382], [19101.979107692303, 9797.069799999997], [19117.359123076916, 9812.449815384614], [19148.11915384615, 9812.449815384614], [19178.87918461538, 9812.449815384614], [19209.63921538461, 9812.449815384614], [19240.39924615384, 9812.449815384614], [19271.15927692307, 9812.449815384614], [19286.539292307687, 9797.069799999997], [19301.919307692304, 9781.689784615382], [19317.299323076917, 9766.309769230767], [19332.679338461534, 9750.929753846152], [19348.059353846147, 9735.549738461537], [19363.439369230764, 9720.169723076922], [19394.199399999994, 9720.169723076922], [19409.57941538461, 9735.549738461537], [19424.959430769224, 9750.929753846152], [19440.33944615384, 9766.309769230767], [19455.719461538458, 9781.689784615382], [19471.09947692307, 9797.069799999997], [19486.479492307688, 9812.449815384614], [19501.8595076923, 9827.82983076923], [19501.8595076923, 9858.58986153846], [19501.8595076923, 9889.349892307691], [19501.8595076923, 9920.109923076921], [19486.479492307688, 9935.489938461536], [19471.09947692307, 9950.869953846151], [19455.719461538458, 9966.249969230768], [19440.33944615384, 9981.629984615383], [19424.959430769224, 9997.009999999998], [19409.57941538461, 10012.390015384613], [19394.199399999994, 10027.770030769228], [19378.81938461538, 10043.150046153845], [19363.439369230764, 10058.53006153846], [19348.059353846147, 10073.910076923075], [19348.059353846147, 10104.670107692305], [19332.679338461534, 10120.05012307692], [19317.299323076917, 10135.430138461537], [19301.919307692304, 10150.810153846152], [19286.539292307687, 10166.190169230767], [19286.539292307687, 10196.950199999997], [19286.539292307687, 10227.71023076923], [19271.15927692307, 10243.090246153844], [19255.779261538457, 10258.47026153846], [19255.779261538457, 10289.230292307691], [19240.39924615384, 10304.610307692306], [19225.019230769227, 10319.990323076921], [19225.019230769227, 10350.750353846151], [19240.39924615384, 10366.130369230768], [19255.779261538457, 10381.510384615383], [19255.779261538457, 10412.270415384613], [19255.779261538457, 10443.030446153844], [19255.779261538457, 10473.790476923075], [19271.15927692307, 10489.17049230769], [19286.539292307687, 10504.550507692305], [19286.539292307687, 10535.310538461537], [19286.539292307687, 10566.070569230767], [19301.919307692304, 10581.450584615382], [19317.299323076917, 10596.830599999998], [19332.679338461534, 10612.210615384614], [19348.059353846147, 10627.59063076923], [19363.439369230764, 10642.970646153844], [19378.81938461538, 10627.59063076923], [19394.199399999994, 10612.210615384614], [19424.959430769224, 10612.210615384614], [19455.719461538458, 10612.210615384614], [19471.09947692307, 10596.830599999998], [19486.479492307688, 10581.450584615382], [19517.239523076918, 10581.450584615382], [19532.619538461535, 10566.070569230767], [19547.999553846148, 10550.690553846152], [19563.379569230765, 10535.310538461537], [19578.759584615378, 10519.93052307692], [19594.139599999995, 10504.550507692305], [19609.51961538461, 10489.17049230769], [19624.899630769225, 10473.790476923075], [19624.899630769225, 10443.030446153844], [19640.279646153842, 10427.650430769228], [19655.659661538455, 10412.270415384613], [19671.039676923072, 10396.890399999998], [19686.419692307685, 10381.510384615383], [19701.799707692302, 10366.130369230768], [19732.559738461532, 10366.130369230768], [19763.319769230762, 10366.130369230768], [19794.079799999996, 10366.130369230768], [19809.45981538461, 10350.750353846151], [19824.839830769226, 10335.370338461536], [19855.599861538456, 10335.370338461536], [19870.979876923073, 10319.990323076921], [19886.359892307686, 10304.610307692306], [19917.119923076916, 10304.610307692306], [19932.499938461533, 10319.990323076921], [19947.87995384615, 10335.370338461536], [19963.259969230763, 10319.990323076921], [19978.63998461538, 10304.610307692306], [20009.40001538461, 10304.610307692306], [20024.780030769227, 10319.990323076921], [20040.16004615384, 10335.370338461536], [20055.540061538457, 10350.750353846151], [20070.92007692307, 10366.130369230768], [20086.300092307687, 10381.510384615383], [20101.680107692304, 10396.890399999998], [20117.060123076917, 10412.270415384613], [20132.440138461534, 10427.650430769228], [20147.820153846147, 10443.030446153844], [20163.200169230764, 10458.41046153846], [20178.58018461538, 10473.790476923075], [20193.960199999994, 10489.17049230769], [20209.34021538461, 10504.550507692305], [20224.720230769224, 10519.93052307692], [20240.10024615384, 10535.310538461537], [20255.480261538454, 10550.690553846152], [20270.86027692307, 10566.070569230767], [20286.240292307688, 10581.450584615382], [20317.000323076918, 10581.450584615382], [20347.760353846148, 10581.450584615382], [20363.140369230765, 10566.070569230767], [20378.520384615378, 10550.690553846152], [20393.900399999995, 10535.310538461537], [20409.28041538461, 10519.93052307692], [20440.040446153842, 10519.93052307692], [20470.800476923072, 10519.93052307692], [20486.180492307685, 10504.550507692305], [20501.560507692302, 10489.17049230769], [20532.320538461532, 10489.17049230769], [20563.080569230762, 10489.17049230769], [20578.46058461538, 10473.790476923075], [20593.840599999996, 10458.41046153846], [20624.600630769226, 10458.41046153846], [20655.360661538456, 10458.41046153846], [20686.120692307686, 10458.41046153846], [20716.880723076916, 10458.41046153846], [20732.260738461533, 10443.030446153844], [20747.64075384615, 10427.650430769228], [20763.020769230763, 10443.030446153844], [20778.40078461538, 10458.41046153846], [20809.16081538461, 10458.41046153846], [20824.540830769227, 10443.030446153844], [20839.92084615384, 10427.650430769228], [20870.68087692307, 10427.650430769228], [20886.060892307687, 10412.270415384613], [20901.4409076923, 10396.890399999998], [20916.820923076917, 10381.510384615383], [20932.200938461534, 10366.130369230768], [20947.580953846147, 10350.750353846151], [20962.960969230764, 10335.370338461536], [20993.720999999994, 10335.370338461536], [21024.481030769224, 10335.370338461536], [21039.86104615384, 10319.990323076921], [21055.241061538454, 10304.610307692306], [21070.62107692307, 10289.230292307691], [21086.001092307688, 10273.850276923074], [21101.3811076923, 10258.47026153846], [21116.761123076918, 10243.090246153844], [21132.14113846153, 10227.71023076923], [21147.521153846148, 10212.330215384614], [21162.901169230765, 10196.950199999997], [21162.901169230765, 10166.190169230767], [21178.281184615378, 10150.810153846152], [21193.661199999995, 10135.430138461537], [21209.04121538461, 10120.05012307692], [21224.421230769225, 10104.670107692305], [21239.801246153842, 10089.29009230769], [21255.181261538455, 10104.670107692305], [21270.561276923072, 10120.05012307692], [21285.941292307685, 10135.430138461537], [21301.321307692302, 10150.810153846152], [21316.70132307692, 10166.190169230767], [21301.321307692302, 10181.570184615382], [21285.941292307685, 10196.950199999997], [21301.321307692302, 10212.330215384614], [21316.70132307692, 10227.71023076923], [21316.70132307692, 10258.47026153846], [21301.321307692302, 10273.850276923074], [21285.941292307685, 10289.230292307691], [21270.561276923072, 10304.610307692306], [21255.181261538455, 10289.230292307691], [21239.801246153842, 10273.850276923074], [21224.421230769225, 10258.47026153846], [21209.04121538461, 10243.090246153844], [21193.661199999995, 10258.47026153846], [21178.281184615378, 10273.850276923074], [21162.901169230765, 10289.230292307691], [21147.521153846148, 10304.610307692306], [21132.14113846153, 10319.990323076921], [21132.14113846153, 10350.750353846151], [21132.14113846153, 10381.510384615383], [21132.14113846153, 10412.270415384613], [21116.761123076918, 10427.650430769228], [21101.3811076923, 10443.030446153844], [21101.3811076923, 10473.790476923075], [21086.001092307688, 10489.17049230769], [21070.62107692307, 10504.550507692305], [21086.001092307688, 10519.93052307692], [21101.3811076923, 10535.310538461537], [21101.3811076923, 10566.070569230767], [21086.001092307688, 10581.450584615382], [21070.62107692307, 10596.830599999998], [21070.62107692307, 10627.59063076923], [21055.241061538454, 10642.970646153844], [21039.86104615384, 10658.35066153846], [21024.481030769224, 10673.730676923074], [21009.10101538461, 10689.110692307691], [21009.10101538461, 10719.870723076921], [20993.720999999994, 10735.250738461536], [20978.340984615377, 10750.630753846151], [20962.960969230764, 10766.010769230767], [20947.580953846147, 10781.390784615383], [20932.200938461534, 10796.770799999998], [20901.4409076923, 10796.770799999998], [20886.060892307687, 10812.150815384613], [20870.68087692307, 10827.530830769228], [20855.300861538457, 10842.910846153844], [20839.92084615384, 10858.29086153846], [20824.540830769227, 10873.670876923075], [20824.540830769227, 10904.430907692305], [20809.16081538461, 10919.81092307692], [20793.780799999993, 10935.190938461537], [20778.40078461538, 10950.570953846152], [20763.020769230763, 10965.950969230767], [20763.020769230763, 10996.710999999998], [20747.64075384615, 11012.091015384614], [20716.880723076916, 11012.091015384614], [20701.500707692303, 11027.47103076923], [20686.120692307686, 11042.851046153844], [20655.360661538456, 11042.851046153844], [20624.600630769226, 11042.851046153844], [20593.840599999996, 11042.851046153844], [20563.080569230762, 11042.851046153844], [20532.320538461532, 11042.851046153844], [20516.94052307692, 11058.23106153846], [20501.560507692302, 11073.611076923075], [20486.180492307685, 11088.99109230769], [20470.800476923072, 11104.371107692306], [20440.040446153842, 11104.371107692306], [20424.660430769225, 11119.751123076921], [20409.28041538461, 11135.131138461536], [20393.900399999995, 11150.511153846152], [20378.520384615378, 11165.891169230767], [20363.140369230765, 11181.271184615383], [20347.760353846148, 11196.651199999998], [20332.38033846153, 11212.031215384613], [20317.000323076918, 11227.411230769228], [20301.6203076923, 11242.791246153844], [20286.240292307688, 11258.17126153846], [20255.480261538454, 11258.17126153846], [20240.10024615384, 11273.551276923075], [20224.720230769224, 11288.93129230769], [20193.960199999994, 11288.93129230769], [20178.58018461538, 11304.311307692305], [20163.200169230764, 11319.69132307692], [20132.440138461534, 11319.69132307692], [20101.680107692304, 11319.69132307692], [20070.92007692307, 11319.69132307692], [20055.540061538457, 11335.071338461537], [20040.16004615384, 11350.451353846152], [20009.40001538461, 11350.451353846152], [19994.019999999993, 11365.831369230767], [19978.63998461538, 11381.211384615382], [19947.87995384615, 11381.211384615382], [19932.499938461533, 11396.591399999998], [19917.119923076916, 11411.971415384613], [19901.739907692303, 11427.35143076923], [19886.359892307686, 11442.731446153844], [19855.599861538456, 11442.731446153844], [19824.839830769226, 11442.731446153844], [19809.45981538461, 11458.11146153846], [19794.079799999996, 11473.491476923075], [19763.319769230762, 11473.491476923075], [19732.559738461532, 11473.491476923075], [19717.17972307692, 11488.87149230769], [19701.799707692302, 11504.251507692306], [19671.039676923072, 11504.251507692306], [19640.279646153842, 11504.251507692306], [19609.51961538461, 11504.251507692306], [19578.759584615378, 11504.251507692306], [19547.999553846148, 11504.251507692306], [19517.239523076918, 11504.251507692306], [19501.8595076923, 11519.631523076921], [19486.479492307688, 11535.011538461536], [19455.719461538458, 11535.011538461536], [19424.959430769224, 11535.011538461536], [19409.57941538461, 11550.391553846152], [19394.199399999994, 11565.771569230767]]]}, "properties": {"objectType": "annotation", "name": "P2_3_T|lesion_6", "classification": {"name": "lesion", "color": [255, 0, 0]}, "lesion_id": 6, "section": "P2_3_T", "area_um2": 279750.0}}, {"type": "Feature", "geometry": {"type": "Polygon", "coordinates": [[[19517.239523076918, 11442.731446153844], [19486.479492307688, 11442.731446153844], [19455.719461538458, 11442.731446153844], [19424.959430769224, 11442.731446153844], [19394.199399999994, 11442.731446153844], [19363.439369230764, 11442.731446153844], [19332.679338461534, 11442.731446153844], [19317.299323076917, 11427.35143076923], [19301.919307692304, 11411.971415384613], [19271.15927692307, 11411.971415384613], [19240.39924615384, 11411.971415384613], [19209.63921538461, 11411.971415384613], [19178.87918461538, 11411.971415384613], [19148.11915384615, 11411.971415384613], [19117.359123076916, 11411.971415384613], [19101.979107692303, 11396.591399999998], [19086.599092307686, 11381.211384615382], [19071.219076923073, 11365.831369230767], [19055.839061538456, 11350.451353846152], [19040.45904615384, 11335.071338461537], [19025.079030769226, 11319.69132307692], [18994.318999999996, 11319.69132307692], [18963.558969230762, 11319.69132307692], [18932.798938461532, 11319.69132307692], [18902.038907692302, 11319.69132307692], [18871.278876923072, 11319.69132307692], [18855.898861538455, 11304.311307692305], [18840.518846153842, 11288.93129230769], [18825.138830769225, 11273.551276923075], [18809.75881538461, 11258.17126153846], [18794.378799999995, 11242.791246153844], [18794.378799999995, 11212.031215384613], [18778.998784615378, 11196.651199999998], [18763.618769230765, 11181.271184615383], [18748.238753846148, 11165.891169230767], [18732.858738461535, 11150.511153846152], [18732.858738461535, 11119.751123076921], [18717.478723076918, 11104.371107692306], [18702.0987076923, 11088.99109230769], [18702.0987076923, 11058.23106153846], [18686.718692307688, 11042.851046153844], [18671.33867692307, 11027.47103076923], [18655.958661538458, 11012.091015384614], [18640.57864615384, 10996.710999999998], [18640.57864615384, 10965.950969230767], [18625.198630769224, 10950.570953846152], [18609.81861538461, 10935.190938461537], [18625.198630769224, 10919.81092307692], [18640.57864615384, 10904.430907692305], [18625.198630769224, 10889.05089230769], [18609.81861538461, 10873.670876923075], [18609.81861538461, 10842.910846153844], [18609.81861538461, 10812.150815384613], [18609.81861538461, 10781.390784615383], [18609.81861538461, 10750.630753846151], [18609.81861538461, 10719.870723076921], [18609.81861538461, 10689.110692307691], [18609.81861538461, 10658.35066153846], [18609.81861538461, 10627.59063076923], [18609.81861538461, 10596.830599999998], [18625.198630769224, 10581.450584615382], [18640.57864615384, 10566.070569230767], [18640.57864615384, 10535.310538461537], [18640.57864615384, 10504.550507692305], [18640.57864615384, 10473.790476923075], [18625.198630769224, 10458.41046153846], [18609.81861538461, 10443.030446153844], [18609.81861538461, 10412.270415384613], [18594.438599999994, 10396.890399999998], [18579.05858461538, 10381.510384615383], [18579.05858461538, 10350.750353846151], [18579.05858461538, 10319.990323076921], [18579.05858461538, 10289.230292307691], [18594.438599999994, 10273.850276923074], [18609.81861538461, 10258.47026153846], [18609.81861538461, 10227.71023076923], [18609.81861538461, 10196.950199999997], [18594.438599999994, 10181.570184615382], [18579.05858461538, 10166.190169230767], [18579.05858461538, 10135.430138461537], [18579.05858461538, 10104.670107692305], [18579.05858461538, 10073.910076923075], [18579.05858461538, 10043.150046153845], [18563.678569230764, 10027.770030769228], [18548.298553846147, 10012.390015384613], [18532.918538461534, 9997.009999999998], [18502.158507692304, 9997.009999999998], [18486.778492307687, 9981.629984615383], [18471.39847692307, 9966.249969230768], [18456.018461538457, 9950.869953846151], [18471.39847692307, 9935.489938461536], [18486.778492307687, 9920.109923076921], [18502.158507692304, 9904.729907692306], [18532.918538461534, 9904.729907692306], [18563.678569230764, 9904.729907692306], [18594.438599999994, 9904.729907692306], [18625.198630769224, 9904.729907692306], [18655.958661538458, 9904.729907692306], [18671.33867692307, 9889.349892307691], [18686.718692307688, 9873.969876923074], [18717.478723076918, 9873.969876923074], [18732.858738461535, 9858.58986153846], [18748.238753846148, 9843.209846153844], [18778.998784615378, 9843.209846153844], [18794.378799999995, 9827.82983076923], [18809.75881538461, 9812.449815384614], [18840.518846153842, 9812.449815384614], [18855.898861538455, 9797.069799999997], [18871.278876923072, 9781.689784615382], [18886.65889230769, 9797.069799999997], [18902.038907692302, 9812.449815384614], [18932.798938461532, 9812.449815384614], [18948.17895384615, 9827.82983076923], [18963.558969230762, 9843.209846153844], [18978.93898461538, 9858.58986153846], [18994.318999999996, 9873.969876923074], [19025.079030769226, 9873.969876923074], [19040.45904615384, 9889.349892307691], [19055.839061538456, 9904.729907692306], [19086.599092307686, 9904.729907692306], [19117.359123076916, 9904.729907692306], [19148.11915384615, 9904.729907692306], [19178.87918461538, 9904.729907692306], [19209.63921538461, 9904.729907692306], [19240.39924615384, 9904.729907692306], [19271.15927692307, 9904.729907692306], [19301.919307692304, 9904.729907692306], [19332.679338461534, 9904.729907692306], [19348.059353846147, 9920.109923076921], [19332.679338461534, 9935.489938461536], [19317.299323076917, 9950.869953846151], [19301.919307692304, 9966.249969230768], [19286.539292307687, 9981.629984615383], [19271.15927692307, 9997.009999999998], [19255.779261538457, 10012.390015384613], [19255.779261538457, 10043.150046153845], [19240.39924615384, 10058.53006153846], [19225.019230769227, 10073.910076923075], [19209.63921538461, 10089.29009230769], [19194.259199999993, 10104.670107692305], [19194.259199999993, 10135.430138461537], [19194.259199999993, 10166.190169230767], [19178.87918461538, 10181.570184615382], [19163.499169230763, 10196.950199999997], [19163.499169230763, 10227.71023076923], [19148.11915384615, 10243.090246153844], [19132.739138461533, 10258.47026153846], [19132.739138461533, 10289.230292307691], [19132.739138461533, 10319.990323076921], [19132.739138461533, 10350.750353846151], [19132.739138461533, 10381.510384615383], [19132.739138461533, 10412.270415384613], [19148.11915384615, 10427.650430769228], [19163.499169230763, 10443.030446153844], [19163.499169230763, 10473.790476923075], [19163.499169230763, 10504.550507692305], [19163.499169230763, 10535.310538461537], [19178.87918461538, 10550.690553846152], [19194.259199999993, 10566.070569230767], [19194.259199999993, 10596.830599999998], [19194.259199999993, 10627.59063076923], [19209.63921538461, 10642.970646153844], [19225.019230769227, 10658.35066153846], [19240.39924615384, 10673.730676923074], [19255.779261538457, 10689.110692307691], [19271.15927692307, 10704.490707692306], [19286.539292307687, 10719.870723076921], [19301.919307692304, 10735.250738461536], [19332.679338461534, 10735.250738461536], [19363.439369230764, 10735.250738461536], [19394.199399999994, 10735.250738461536], [19424.959430769224, 10735.250738461536], [19440.33944615384, 10719.870723076921], [19455.719461538458, 10704.490707692306], [19486.479492307688, 10704.490707692306], [19517.239523076918, 10704.490707692306], [19532.619538461535, 10689.110692307691], [19547.999553846148, 10673.730676923074], [19578.759584615378, 10673.730676923074], [19594.139599999995, 10658.35066153846], [19609.51961538461, 10642.970646153844], [19624.899630769225, 10627.59063076923], [19640.279646153842, 10612.210615384614], [19655.659661538455, 10596.830599999998], [19671.039676923072, 10581.450584615382], [19686.419692307685, 10566.070569230767], [19701.799707692302, 10550.690553846152], [19717.17972307692, 10535.310538461537], [19717.17972307692, 10504.550507692305], [19732.559738461532, 10489.17049230769], [19747.93975384615, 10473.790476923075], [19763.319769230762, 10458.41046153846], [19794.079799999996, 10458.41046153846], [19824.839830769226, 10458.41046153846], [19855.599861538456, 10458.41046153846], [19870.979876923073, 10443.030446153844], [19886.359892307686, 10427.650430769228], [19917.119923076916, 10427.650430769228], [19947.87995384615, 10427.650430769228], [19978.63998461538, 10427.650430769228], [19994.019999999993, 10443.030446153844], [20009.40001538461, 10458.41046153846], [20024.780030769227, 10473.790476923075], [20040.16004615384, 10489.17049230769], [20055.540061538457, 10504.550507692305], [20070.92007692307, 10519.93052307692], [20086.300092307687, 10535.310538461537], [20101.680107692304, 10550.690553846152], [20117.060123076917, 10566.070569230767], [20132.440138461534, 10581.450584615382], [20147.820153846147, 10596.830599999998], [20163.200169230764, 10612.210615384614], [20178.58018461538, 10627.59063076923], [20193.960199999994, 10642.970646153844], [20209.34021538461, 10658.35066153846], [20224.720230769224, 10673.730676923074], [20255.480261538454, 10673.730676923074], [20286.240292307688, 10673.730676923074], [20317.000323076918, 10673.730676923074], [20347.760353846148, 10673.730676923074], [20378.520384615378, 10673.730676923074], [20409.28041538461, 10673.730676923074], [20424.660430769225, 10658.35066153846], [20440.040446153842, 10642.970646153844], [20455.420461538455, 10627.59063076923], [20470.800476923072, 10612.210615384614], [20501.560507692302, 10612.210615384614], [20532.320538461532, 10612.210615384614], [20547.70055384615, 10596.830599999998], [20563.080569230762, 10581.450584615382], [20593.840599999996, 10581.450584615382], [20624.600630769226, 10581.450584615382], [20639.98064615384, 10566.070569230767], [20655.360661538456, 10550.690553846152], [20686.120692307686, 10550.690553846152], [20716.880723076916, 10550.690553846152], [20747.64075384615, 10550.690553846152], [20778.40078461538, 10550.690553846152], [20809.16081538461, 10550.690553846152], [20839.92084615384, 10550.690553846152], [20870.68087692307, 10550.690553846152], [20886.060892307687, 10535.310538461537], [20901.4409076923, 10519.93052307692], [20932.200938461534, 10519.93052307692], [20947.580953846147, 10504.550507692305], [20962.960969230764, 10489.17049230769], [20978.340984615377, 10473.790476923075], [20993.720999999994, 10458.41046153846], [21009.10101538461, 10443.030446153844], [21024.481030769224, 10427.650430769228], [21055.241061538454, 10427.650430769228], [21086.001092307688, 10427.650430769228], [21101.3811076923, 10443.030446153844], [21086.001092307688, 10458.41046153846], [21070.62107692307, 10473.790476923075], [21070.62107692307, 10504.550507692305], [21070.62107692307, 10535.310538461537], [21055.241061538454, 10550.690553846152], [21039.86104615384, 10566.070569230767], [21039.86104615384, 10596.830599999998], [21024.481030769224, 10612.210615384614], [21009.10101538461, 10627.59063076923], [20993.720999999994, 10642.970646153844], [20978.340984615377, 10658.35066153846], [20978.340984615377, 10689.110692307691], [20962.960969230764, 10704.490707692306], [20947.580953846147, 10719.870723076921], [20932.200938461534, 10735.250738461536], [20916.820923076917, 10750.630753846151], [20901.4409076923, 10766.010769230767], [20886.060892307687, 10781.390784615383], [20870.68087692307, 10796.770799999998], [20839.92084615384, 10796.770799999998], [20824.540830769227, 10812.150815384613], [20809.16081538461, 10827.530830769228], [20778.40078461538, 10827.530830769228], [20763.020769230763, 10842.910846153844], [20747.64075384615, 10858.29086153846], [20732.260738461533, 10873.670876923075], [20716.880723076916, 10889.05089230769], [20701.500707692303, 10904.430907692305], [20686.120692307686, 10919.81092307692], [20655.360661538456, 10919.81092307692], [20639.98064615384, 10935.190938461537], [20624.600630769226, 10950.570953846152], [20593.840599999996, 10950.570953846152], [20563.080569230762, 10950.570953846152], [20532.320538461532, 10950.570953846152], [20501.560507692302, 10950.570953846152], [20470.800476923072, 10950.570953846152], [20455.420461538455, 10965.950969230767], [20440.040446153842, 10981.330984615382], [20424.660430769225, 10996.710999999998], [20409.28041538461, 11012.091015384614], [20378.520384615378, 11012.091015384614], [20363.140369230765, 11027.47103076923], [20347.760353846148, 11042.851046153844], [20332.38033846153, 11058.23106153846], [20317.000323076918, 11073.611076923075], [20301.6203076923, 11088.99109230769], [20286.240292307688, 11104.371107692306], [20270.86027692307, 11119.751123076921], [20255.480261538454, 11135.131138461536], [20240.10024615384, 11150.511153846152], [20224.720230769224, 11165.891169230767], [20193.960199999994, 11165.891169230767], [20178.58018461538, 11181.271184615383], [20163.200169230764, 11196.651199999998], [20147.820153846147, 11212.031215384613], [20132.440138461534, 11227.411230769228], [20117.060123076917, 11242.791246153844], [20101.680107692304, 11258.17126153846], [20070.92007692307, 11258.17126153846], [20055.540061538457, 11273.551276923075], [20040.16004615384, 11288.93129230769], [20009.40001538461, 11288.93129230769], [19994.019999999993, 11304.311307692305], [19978.63998461538, 11319.69132307692], [19947.87995384615, 11319.69132307692], [19917.119923076916, 11319.69132307692], [19901.739907692303, 11335.071338461537], [19886.359892307686, 11350.451353846152], [19870.979876923073, 11365.831369230767], [19855.599861538456, 11381.211384615382], [19824.839830769226, 11381.211384615382], [19794.079799999996, 11381.211384615382], [19763.319769230762, 11381.211384615382], [19732.559738461532, 11381.211384615382], [19717.17972307692, 11396.591399999998], [19701.799707692302, 11411.971415384613], [19671.039676923072, 11411.971415384613], [19640.279646153842, 11411.971415384613], [19609.51961538461, 11411.971415384613], [19578.759584615378, 11411.971415384613], [19547.999553846148, 11411.971415384613], [19532.619538461535, 11427.35143076923], [19517.239523076918, 11442.731446153844]]]}, "properties": {"objectType": "annotation", "name": "P2_3_T|core_6", "classification": {"name": "core", "color": [230, 103, 103]}, "lesion_id": 6, "section": "P2_3_T", "area_um2": 200449.99999999994}}, {"type": "Feature", "geometry": {"type": "MultiPolygon", "coordinates": [[[[19440.33944615384, 10719.870723076921], [19455.719461538458, 10704.490707692306], [19486.479492307688, 10704.490707692306], [19517.239523076918, 10704.490707692306], [19532.619538461535, 10689.110692307691], [19547.999553846148, 10673.730676923074], [19578.759584615378, 10673.730676923074], [19594.139599999995, 10658.35066153846], [19609.51961538461, 10642.970646153844], [19624.899630769225, 10627.59063076923], [19640.279646153842, 10612.210615384614], [19655.659661538455, 10596.830599999998], [19671.039676923072, 10581.450584615382], [19686.419692307685, 10566.070569230767], [19701.799707692302, 10550.690553846152], [19717.17972307692, 10535.310538461537], [19717.17972307692, 10504.550507692305], [19732.559738461532, 10489.17049230769], [19747.93975384615, 10473.790476923075], [19763.319769230762, 10458.41046153846], [19794.079799999996, 10458.41046153846], [19824.839830769226, 10458.41046153846], [19855.599861538456, 10458.41046153846], [19870.979876923073, 10443.030446153844], [19886.359892307686, 10427.650430769228], [19917.119923076916, 10427.650430769228], [19947.87995384615, 10427.650430769228], [19978.63998461538, 10427.650430769228], [19994.019999999993, 10443.030446153844], [20009.40001538461, 10458.41046153846], [20024.780030769227, 10473.790476923075], [20040.16004615384, 10489.17049230769], [20055.540061538457, 10504.550507692305], [20070.92007692307, 10519.93052307692], [20086.300092307687, 10535.310538461537], [20101.680107692304, 10550.690553846152], [20117.060123076917, 10566.070569230767], [20132.440138461534, 10581.450584615382], [20147.820153846147, 10596.830599999998], [20163.200169230764, 10612.210615384614], [20178.58018461538, 10627.59063076923], [20193.960199999994, 10642.970646153844], [20209.34021538461, 10658.35066153846], [20224.720230769224, 10673.730676923074], [20255.480261538454, 10673.730676923074], [20286.240292307688, 10673.730676923074], [20317.000323076918, 10673.730676923074], [20347.760353846148, 10673.730676923074], [20378.520384615378, 10673.730676923074], [20409.28041538461, 10673.730676923074], [20424.660430769225, 10658.35066153846], [20440.040446153842, 10642.970646153844], [20455.420461538455, 10627.59063076923], [20470.800476923072, 10612.210615384614], [20501.560507692302, 10612.210615384614], [20532.320538461532, 10612.210615384614], [20547.70055384615, 10596.830599999998], [20563.080569230762, 10581.450584615382], [20593.840599999996, 10581.450584615382], [20624.600630769226, 10581.450584615382], [20639.98064615384, 10566.070569230767], [20655.360661538456, 10550.690553846152], [20686.120692307686, 10550.690553846152], [20716.880723076916, 10550.690553846152], [20747.64075384615, 10550.690553846152], [20778.40078461538, 10550.690553846152], [20809.16081538461, 10550.690553846152], [20839.92084615384, 10550.690553846152], [20870.68087692307, 10550.690553846152], [20886.060892307687, 10535.310538461537], [20901.4409076923, 10519.93052307692], [20932.200938461534, 10519.93052307692], [20947.580953846147, 10504.550507692305], [20962.960969230764, 10489.17049230769], [20978.340984615377, 10473.790476923075], [20993.720999999994, 10458.41046153846], [21009.10101538461, 10443.030446153844], [21024.481030769224, 10427.650430769228], [21055.241061538454, 10427.650430769228], [21086.001092307688, 10427.650430769228], [21101.3811076923, 10412.270415384613], [21116.761123076918, 10396.890399999998], [21132.14113846153, 10381.510384615383], [21132.14113846153, 10350.750353846151], [21132.14113846153, 10319.990323076921], [21147.521153846148, 10304.610307692306], [21162.901169230765, 10289.230292307691], [21178.281184615378, 10273.850276923074], [21193.661199999995, 10258.47026153846], [21209.04121538461, 10243.090246153844], [21224.421230769225, 10258.47026153846], [21239.801246153842, 10273.850276923074], [21255.181261538455, 10289.230292307691], [21270.561276923072, 10304.610307692306], [21285.941292307685, 10289.230292307691], [21301.321307692302, 10273.850276923074], [21316.70132307692, 10258.47026153846], [21316.70132307692, 10227.71023076923], [21301.321307692302, 10212.330215384614], [21285.941292307685, 10196.950199999997], [21301.321307692302, 10181.570184615382], [21316.70132307692, 10166.190169230767], [21301.321307692302, 10150.810153846152], [21285.941292307685, 10135.430138461537], [21270.561276923072, 10120.05012307692], [21255.181261538455, 10104.670107692305], [21239.801246153842, 10089.29009230769], [21224.421230769225, 10104.670107692305], [21209.04121538461, 10120.05012307692], [21193.661199999995, 10135.430138461537], [21178.281184615378, 10150.810153846152], [21162.901169230765, 10166.190169230767], [21162.901169230765, 10196.950199999997], [21147.521153846148, 10212.330215384614], [21132.14113846153, 10227.71023076923], [21116.761123076918, 10243.090246153844], [21101.3811076923, 10258.47026153846], [21086.001092307688, 10273.850276923074], [21070.62107692307, 10289.230292307691], [21055.241061538454, 10304.610307692306], [21039.86104615384, 10319.990323076921], [21024.481030769224, 10335.370338461536], [20993.720999999994, 10335.370338461536], [20962.960969230764, 10335.370338461536], [20947.580953846147, 10350.750353846151], [20932.200938461534, 10366.130369230768], [20916.820923076917, 10381.510384615383], [20901.4409076923, 10396.890399999998], [20886.060892307687, 10412.270415384613], [20870.68087692307, 10427.650430769228], [20839.92084615384, 10427.650430769228], [20824.540830769227, 10443.030446153844], [20809.16081538461, 10458.41046153846], [20778.40078461538, 10458.41046153846], [20763.020769230763, 10443.030446153844], [20747.64075384615, 10427.650430769228], [20732.260738461533, 10443.030446153844], [20716.880723076916, 10458.41046153846], [20686.120692307686, 10458.41046153846], [20655.360661538456, 10458.41046153846], [20624.600630769226, 10458.41046153846], [20593.840599999996, 10458.41046153846], [20578.46058461538, 10473.790476923075], [20563.080569230762, 10489.17049230769], [20532.320538461532, 10489.17049230769], [20501.560507692302, 10489.17049230769], [20486.180492307685, 10504.550507692305], [20470.800476923072, 10519.93052307692], [20440.040446153842, 10519.93052307692], [20409.28041538461, 10519.93052307692], [20393.900399999995, 10535.310538461537], [20378.520384615378, 10550.690553846152], [20363.140369230765, 10566.070569230767], [20347.760353846148, 10581.450584615382], [20317.000323076918, 10581.450584615382], [20286.240292307688, 10581.450584615382], [20270.86027692307, 10566.070569230767], [20255.480261538454, 10550.690553846152], [20240.10024615384, 10535.310538461537], [20224.720230769224, 10519.93052307692], [20209.34021538461, 10504.550507692305], [20193.960199999994, 10489.17049230769], [20178.58018461538, 10473.790476923075], [20163.200169230764, 10458.41046153846], [20147.820153846147, 10443.030446153844], [20132.440138461534, 10427.650430769228], [20117.060123076917, 10412.270415384613], [20101.680107692304, 10396.890399999998], [20086.300092307687, 10381.510384615383], [20070.92007692307, 10366.130369230768], [20055.540061538457, 10350.750353846151], [20040.16004615384, 10335.370338461536], [20024.780030769227, 10319.990323076921], [20009.40001538461, 10304.610307692306], [19978.63998461538, 10304.610307692306], [19963.259969230763, 10319.990323076921], [19947.87995384615, 10335.370338461536], [19932.499938461533, 10319.990323076921], [19917.119923076916, 10304.610307692306], [19886.359892307686, 10304.610307692306], [19870.979876923073, 10319.990323076921], [19855.599861538456, 10335.370338461536], [19824.839830769226, 10335.370338461536], [19809.45981538461, 10350.750353846151], [19794.079799999996, 10366.130369230768], [19763.319769230762, 10366.130369230768], [19732.559738461532, 10366.130369230768], [19701.799707692302, 10366.130369230768], [19686.419692307685, 10381.510384615383], [19671.039676923072, 10396.890399999998], [19655.659661538455, 10412.270415384613], [19640.279646153842, 10427.650430769228], [19624.899630769225, 10443.030446153844], [19624.899630769225, 10473.790476923075], [19609.51961538461, 10489.17049230769], [19594.139599999995, 10504.550507692305], [19578.759584615378, 10519.93052307692], [19563.379569230765, 10535.310538461537], [19547.999553846148, 10550.690553846152], [19532.619538461535, 10566.070569230767], [19517.239523076918, 10581.450584615382], [19486.479492307688, 10581.450584615382], [19471.09947692307, 10596.830599999998], [19455.719461538458, 10612.210615384614], [19424.959430769224, 10612.210615384614], [19394.199399999994, 10612.210615384614], [19378.81938461538, 10627.59063076923], [19363.439369230764, 10642.970646153844], [19348.059353846147, 10627.59063076923], [19332.679338461534, 10612.210615384614], [19317.299323076917, 10596.830599999998], [19301.919307692304, 10581.450584615382], [19286.539292307687, 10566.070569230767], [19286.539292307687, 10535.310538461537], [19286.539292307687, 10504.550507692305], [19271.15927692307, 10489.17049230769], [19255.779261538457, 10473.790476923075], [19255.779261538457, 10443.030446153844], [19255.779261538457, 10412.270415384613], [19255.779261538457, 10381.510384615383], [19240.39924615384, 10366.130369230768], [19225.019230769227, 10350.750353846151], [19225.019230769227, 10319.990323076921], [19240.39924615384, 10304.610307692306], [19255.779261538457, 10289.230292307691], [19255.779261538457, 10258.47026153846], [19271.15927692307, 10243.090246153844], [19286.539292307687, 10227.71023076923], [19286.539292307687, 10196.950199999997], [19286.539292307687, 10166.190169230767], [19301.919307692304, 10150.810153846152], [19317.299323076917, 10135.430138461537], [19332.679338461534, 10120.05012307692], [19348.059353846147, 10104.670107692305], [19348.059353846147, 10073.910076923075], [19363.439369230764, 10058.53006153846], [19378.81938461538, 10043.150046153845], [19394.199399999994, 10027.770030769228], [19409.57941538461, 10012.390015384613], [19424.959430769224, 9997.009999999998], [19440.33944615384, 9981.629984615383], [19455.719461538458, 9966.249969230768], [19471.09947692307, 9950.869953846151], [19486.479492307688, 9935.489938461536], [19501.8595076923, 9920.109923076921], [19501.8595076923, 9889.349892307691], [19501.8595076923, 9858.58986153846], [19501.8595076923, 9827.82983076923], [19486.479492307688, 9812.449815384614], [19471.09947692307, 9797.069799999997], [19455.719461538458, 9781.689784615382], [19440.33944615384, 9766.309769230767], [19424.959430769224, 9750.929753846152], [19409.57941538461, 9735.549738461537], [19394.199399999994, 9720.169723076922], [19363.439369230764, 9720.169723076922], [19348.059353846147, 9735.549738461537], [19332.679338461534, 9750.929753846152], [19317.299323076917, 9766.309769230767], [19301.919307692304, 9781.689784615382], [19286.539292307687, 9797.069799999997], [19271.15927692307, 9812.449815384614], [19240.39924615384, 9812.449815384614], [19209.63921538461, 9812.449815384614], [19178.87918461538, 9812.449815384614], [19148.11915384615, 9812.449815384614], [19117.359123076916, 9812.449815384614], [19101.979107692303, 9797.069799999997], [19086.599092307686, 9781.689784615382], [19055.839061538456, 9781.689784615382], [19040.45904615384, 9766.309769230767], [19025.079030769226, 9750.929753846152], [19009.69901538461, 9735.549738461537], [18994.318999999996, 9720.169723076922], [18963.558969230762, 9720.169723076922], [18948.17895384615, 9704.789707692305], [18932.798938461532, 9689.40969230769], [18902.038907692302, 9689.40969230769], [18871.278876923072, 9689.40969230769], [18840.518846153842, 9689.40969230769], [18809.75881538461, 9689.40969230769], [18794.378799999995, 9704.789707692305], [18778.998784615378, 9720.169723076922], [18748.238753846148, 9720.169723076922], [18732.858738461535, 9735.549738461537], [18717.478723076918, 9750.929753846152], [18686.718692307688, 9750.929753846152], [18671.33867692307, 9766.309769230767], [18655.958661538458, 9781.689784615382], [18625.198630769224, 9781.689784615382], [18609.81861538461, 9797.069799999997], [18594.438599999994, 9812.449815384614], [18563.678569230764, 9812.449815384614], [18548.298553846147, 9797.069799999997], [18532.918538461534, 9781.689784615382], [18502.158507692304, 9781.689784615382], [18471.39847692307, 9781.689784615382], [18456.018461538457, 9797.069799999997], [18440.63844615384, 9812.449815384614], [18425.258430769227, 9827.82983076923], [18409.87841538461, 9843.209846153844], [18394.498399999993, 9858.58986153846], [18379.11838461538, 9873.969876923074], [18363.738369230763, 9889.349892307691], [18363.738369230763, 9920.109923076921], [18363.738369230763, 9950.869953846151], [18363.738369230763, 9981.629984615383], [18363.738369230763, 10012.390015384613], [18379.11838461538, 10027.770030769228], [18394.498399999993, 10012.390015384613], [18394.498399999993, 9981.629984615383], [18409.87841538461, 9966.249969230768], [18440.63844615384, 9966.249969230768], [18456.018461538457, 9950.869953846151], [18471.39847692307, 9935.489938461536], [18486.778492307687, 9920.109923076921], [18502.158507692304, 9904.729907692306], [18532.918538461534, 9904.729907692306], [18563.678569230764, 9904.729907692306], [18594.438599999994, 9904.729907692306], [18625.198630769224, 9904.729907692306], [18655.958661538458, 9904.729907692306], [18671.33867692307, 9889.349892307691], [18686.718692307688, 9873.969876923074], [18717.478723076918, 9873.969876923074], [18732.858738461535, 9858.58986153846], [18748.238753846148, 9843.209846153844], [18778.998784615378, 9843.209846153844], [18794.378799999995, 9827.82983076923], [18809.75881538461, 9812.449815384614], [18840.518846153842, 9812.449815384614], [18855.898861538455, 9797.069799999997], [18871.278876923072, 9781.689784615382], [18886.65889230769, 9797.069799999997], [18902.038907692302, 9812.449815384614], [18932.798938461532, 9812.449815384614], [18948.17895384615, 9827.82983076923], [18963.558969230762, 9843.209846153844], [18978.93898461538, 9858.58986153846], [18994.318999999996, 9873.969876923074], [19025.079030769226, 9873.969876923074], [19040.45904615384, 9889.349892307691], [19055.839061538456, 9904.729907692306], [19086.599092307686, 9904.729907692306], [19117.359123076916, 9904.729907692306], [19148.11915384615, 9904.729907692306], [19178.87918461538, 9904.729907692306], [19209.63921538461, 9904.729907692306], [19240.39924615384, 9904.729907692306], [19271.15927692307, 9904.729907692306], [19301.919307692304, 9904.729907692306], [19332.679338461534, 9904.729907692306], [19348.059353846147, 9889.349892307691], [19363.439369230764, 9873.969876923074], [19378.81938461538, 9889.349892307691], [19363.439369230764, 9904.729907692306], [19348.059353846147, 9920.109923076921], [19332.679338461534, 9935.489938461536], [19317.299323076917, 9950.869953846151], [19301.919307692304, 9966.249969230768], [19286.539292307687, 9981.629984615383], [19271.15927692307, 9997.009999999998], [19255.779261538457, 10012.390015384613], [19255.779261538457, 10043.150046153845], [19240.39924615384, 10058.53006153846], [19225.019230769227, 10073.910076923075], [19209.63921538461, 10089.29009230769], [19194.259199999993, 10104.670107692305], [19194.259199999993, 10135.430138461537], [19194.259199999993, 10166.190169230767], [19178.87918461538, 10181.570184615382], [19163.499169230763, 10196.950199999997], [19163.499169230763, 10227.71023076923], [19148.11915384615, 10243.090246153844], [19132.739138461533, 10258.47026153846], [19132.739138461533, 10289.230292307691], [19132.739138461533, 10319.990323076921], [19132.739138461533, 10350.750353846151], [19132.739138461533, 10381.510384615383], [19132.739138461533, 10412.270415384613], [19148.11915384615, 10427.650430769228], [19163.499169230763, 10443.030446153844], [19163.499169230763, 10473.790476923075], [19163.499169230763, 10504.550507692305], [19163.499169230763, 10535.310538461537], [19178.87918461538, 10550.690553846152], [19194.259199999993, 10566.070569230767], [19194.259199999993, 10596.830599999998], [19194.259199999993, 10627.59063076923], [19209.63921538461, 10642.970646153844], [19225.019230769227, 10658.35066153846], [19240.39924615384, 10673.730676923074], [19255.779261538457, 10689.110692307691], [19271.15927692307, 10704.490707692306], [19286.539292307687, 10719.870723076921], [19301.919307692304, 10735.250738461536], [19332.679338461534, 10735.250738461536], [19363.439369230764, 10735.250738461536], [19394.199399999994, 10735.250738461536], [19424.959430769224, 10735.250738461536], [19440.33944615384, 10719.870723076921]]], [[[20962.960969230764, 10766.010769230767], [20978.340984615377, 10750.630753846151], [20993.720999999994, 10735.250738461536], [21009.10101538461, 10719.870723076921], [21009.10101538461, 10689.110692307691], [21024.481030769224, 10673.730676923074], [21039.86104615384, 10658.35066153846], [21055.241061538454, 10642.970646153844], [21070.62107692307, 10627.59063076923], [21070.62107692307, 10596.830599999998], [21086.001092307688, 10581.450584615382], [21101.3811076923, 10566.070569230767], [21101.3811076923, 10535.310538461537], [21086.001092307688, 10519.93052307692], [21070.62107692307, 10535.310538461537], [21055.241061538454, 10550.690553846152], [21039.86104615384, 10566.070569230767], [21039.86104615384, 10596.830599999998], [21024.481030769224, 10612.210615384614], [21009.10101538461, 10627.59063076923], [20993.720999999994, 10642.970646153844], [20978.340984615377, 10658.35066153846], [20978.340984615377, 10689.110692307691], [20962.960969230764, 10704.490707692306], [20947.580953846147, 10719.870723076921], [20932.200938461534, 10735.250738461536], [20916.820923076917, 10750.630753846151], [20901.4409076923, 10766.010769230767], [20886.060892307687, 10781.390784615383], [20901.4409076923, 10796.770799999998], [20932.200938461534, 10796.770799999998], [20947.580953846147, 10781.390784615383], [20962.960969230764, 10766.010769230767]]], [[[19424.959430769224, 11535.011538461536], [19455.719461538458, 11535.011538461536], [19486.479492307688, 11535.011538461536], [19501.8595076923, 11519.631523076921], [19517.239523076918, 11504.251507692306], [19547.999553846148, 11504.251507692306], [19578.759584615378, 11504.251507692306], [19609.51961538461, 11504.251507692306], [19640.279646153842, 11504.251507692306], [19671.039676923072, 11504.251507692306], [19701.799707692302, 11504.251507692306], [19717.17972307692, 11488.87149230769], [19732.559738461532, 11473.491476923075], [19763.319769230762, 11473.491476923075], [19794.079799999996, 11473.491476923075], [19809.45981538461, 11458.11146153846], [19824.839830769226, 11442.731446153844], [19855.599861538456, 11442.731446153844], [19886.359892307686, 11442.731446153844], [19901.739907692303, 11427.35143076923], [19917.119923076916, 11411.971415384613], [19932.499938461533, 11396.591399999998], [19947.87995384615, 11381.211384615382], [19978.63998461538, 11381.211384615382], [19994.019999999993, 11365.831369230767], [20009.40001538461, 11350.451353846152], [20040.16004615384, 11350.451353846152], [20055.540061538457, 11335.071338461537], [20070.92007692307, 11319.69132307692], [20101.680107692304, 11319.69132307692], [20132.440138461534, 11319.69132307692], [20163.200169230764, 11319.69132307692], [20178.58018461538, 11304.311307692305], [20193.960199999994, 11288.93129230769], [20224.720230769224, 11288.93129230769], [20240.10024615384, 11273.551276923075], [20255.480261538454, 11258.17126153846], [20286.240292307688, 11258.17126153846], [20301.6203076923, 11242.791246153844], [20317.000323076918, 11227.411230769228], [20332.38033846153, 11212.031215384613], [20347.760353846148, 11196.651199999998], [20363.140369230765, 11181.271184615383], [20378.520384615378, 11165.891169230767], [20393.900399999995, 11150.511153846152], [20409.28041538461, 11135.131138461536], [20424.660430769225, 11119.751123076921], [20440.040446153842, 11104.371107692306], [20470.800476923072, 11104.371107692306], [20486.180492307685, 11088.99109230769], [20501.560507692302, 11073.611076923075], [20516.94052307692, 11058.23106153846], [20532.320538461532, 11042.851046153844], [20563.080569230762, 11042.851046153844], [20593.840599999996, 11042.851046153844], [20624.600630769226, 11042.851046153844], [20655.360661538456, 11042.851046153844], [20686.120692307686, 11042.851046153844], [20701.500707692303, 11027.47103076923], [20716.880723076916, 11012.091015384614], [20747.64075384615, 11012.091015384614], [20763.020769230763, 10996.710999999998], [20763.020769230763, 10965.950969230767], [20778.40078461538, 10950.570953846152], [20793.780799999993, 10935.190938461537], [20809.16081538461, 10919.81092307692], [20824.540830769227, 10904.430907692305], [20824.540830769227, 10873.670876923075], [20839.92084615384, 10858.29086153846], [20855.300861538457, 10842.910846153844], [20870.68087692307, 10827.530830769228], [20886.060892307687, 10812.150815384613], [20870.68087692307, 10796.770799999998], [20839.92084615384, 10796.770799999998], [20824.540830769227, 10812.150815384613], [20809.16081538461, 10827.530830769228], [20778.40078461538, 10827.530830769228], [20763.020769230763, 10842.910846153844], [20747.64075384615, 10858.29086153846], [20732.260738461533, 10873.670876923075], [20716.880723076916, 10889.05089230769], [20701.500707692303, 10904.430907692305], [20686.120692307686, 10919.81092307692], [20655.360661538456, 10919.81092307692], [20639.98064615384, 10935.190938461537], [20624.600630769226, 10950.570953846152], [20593.840599999996, 10950.570953846152], [20563.080569230762, 10950.570953846152], [20532.320538461532, 10950.570953846152], [20501.560507692302, 10950.570953846152], [20470.800476923072, 10950.570953846152], [20455.420461538455, 10965.950969230767], [20440.040446153842, 10981.330984615382], [20424.660430769225, 10996.710999999998], [20409.28041538461, 11012.091015384614], [20378.520384615378, 11012.091015384614], [20363.140369230765, 11027.47103076923], [20347.760353846148, 11042.851046153844], [20332.38033846153, 11058.23106153846], [20317.000323076918, 11073.611076923075], [20301.6203076923, 11088.99109230769], [20286.240292307688, 11104.371107692306], [20270.86027692307, 11119.751123076921], [20255.480261538454, 11135.131138461536], [20240.10024615384, 11150.511153846152], [20224.720230769224, 11165.891169230767], [20193.960199999994, 11165.891169230767], [20178.58018461538, 11181.271184615383], [20163.200169230764, 11196.651199999998], [20147.820153846147, 11212.031215384613], [20132.440138461534, 11227.411230769228], [20117.060123076917, 11242.791246153844], [20101.680107692304, 11258.17126153846], [20070.92007692307, 11258.17126153846], [20055.540061538457, 11273.551276923075], [20040.16004615384, 11288.93129230769], [20009.40001538461, 11288.93129230769], [19994.019999999993, 11304.311307692305], [19978.63998461538, 11319.69132307692], [19947.87995384615, 11319.69132307692], [19917.119923076916, 11319.69132307692], [19901.739907692303, 11335.071338461537], [19886.359892307686, 11350.451353846152], [19870.979876923073, 11365.831369230767], [19855.599861538456, 11381.211384615382], [19824.839830769226, 11381.211384615382], [19794.079799999996, 11381.211384615382], [19763.319769230762, 11381.211384615382], [19732.559738461532, 11381.211384615382], [19717.17972307692, 11396.591399999998], [19701.799707692302, 11411.971415384613], [19671.039676923072, 11411.971415384613], [19640.279646153842, 11411.971415384613], [19609.51961538461, 11411.971415384613], [19578.759584615378, 11411.971415384613], [19547.999553846148, 11411.971415384613], [19532.619538461535, 11427.35143076923], [19517.239523076918, 11442.731446153844], [19486.479492307688, 11442.731446153844], [19455.719461538458, 11442.731446153844], [19424.959430769224, 11442.731446153844], [19394.199399999994, 11442.731446153844], [19363.439369230764, 11442.731446153844], [19332.679338461534, 11442.731446153844], [19317.299323076917, 11427.35143076923], [19301.919307692304, 11411.971415384613], [19271.15927692307, 11411.971415384613], [19240.39924615384, 11411.971415384613], [19209.63921538461, 11411.971415384613], [19178.87918461538, 11411.971415384613], [19148.11915384615, 11411.971415384613], [19117.359123076916, 11411.971415384613], [19101.979107692303, 11396.591399999998], [19086.599092307686, 11381.211384615382], [19071.219076923073, 11365.831369230767], [19055.839061538456, 11350.451353846152], [19040.45904615384, 11335.071338461537], [19025.079030769226, 11319.69132307692], [18994.318999999996, 11319.69132307692], [18963.558969230762, 11319.69132307692], [18932.798938461532, 11319.69132307692], [18902.038907692302, 11319.69132307692], [18871.278876923072, 11319.69132307692], [18855.898861538455, 11304.311307692305], [18840.518846153842, 11288.93129230769], [18825.138830769225, 11273.551276923075], [18809.75881538461, 11258.17126153846], [18794.378799999995, 11242.791246153844], [18794.378799999995, 11212.031215384613], [18778.998784615378, 11196.651199999998], [18763.618769230765, 11181.271184615383], [18748.238753846148, 11165.891169230767], [18732.858738461535, 11150.511153846152], [18732.858738461535, 11119.751123076921], [18717.478723076918, 11104.371107692306], [18702.0987076923, 11088.99109230769], [18702.0987076923, 11058.23106153846], [18686.718692307688, 11042.851046153844], [18671.33867692307, 11058.23106153846], [18671.33867692307, 11088.99109230769], [18671.33867692307, 11119.751123076921], [18686.718692307688, 11135.131138461536], [18702.0987076923, 11150.511153846152], [18702.0987076923, 11181.271184615383], [18702.0987076923, 11212.031215384613], [18702.0987076923, 11242.791246153844], [18702.0987076923, 11273.551276923075], [18702.0987076923, 11304.311307692305], [18717.478723076918, 11319.69132307692], [18732.858738461535, 11335.071338461537], [18748.238753846148, 11350.451353846152], [18763.618769230765, 11365.831369230767], [18778.998784615378, 11381.211384615382], [18794.378799999995, 11396.591399999998], [18809.75881538461, 11411.971415384613], [18825.138830769225, 11427.35143076923], [18840.518846153842, 11442.731446153844], [18871.278876923072, 11442.731446153844], [18902.038907692302, 11442.731446153844], [18932.798938461532, 11442.731446153844], [18948.17895384615, 11427.35143076923], [18963.558969230762, 11411.971415384613], [18978.93898461538, 11427.35143076923], [18994.318999999996, 11442.731446153844], [19009.69901538461, 11458.11146153846], [19025.079030769226, 11473.491476923075], [19040.45904615384, 11488.87149230769], [19055.839061538456, 11504.251507692306], [19071.219076923073, 11519.631523076921], [19086.599092307686, 11535.011538461536], [19117.359123076916, 11535.011538461536], [19132.739138461533, 11519.631523076921], [19148.11915384615, 11504.251507692306], [19178.87918461538, 11504.251507692306], [19209.63921538461, 11504.251507692306], [19240.39924615384, 11504.251507692306], [19255.779261538457, 11519.631523076921], [19271.15927692307, 11535.011538461536], [19286.539292307687, 11550.391553846152], [19301.919307692304, 11565.771569230767], [19332.679338461534, 11565.771569230767], [19348.059353846147, 11550.391553846152], [19363.439369230764, 11535.011538461536], [19378.81938461538, 11550.391553846152], [19394.199399999994, 11565.771569230767], [19409.57941538461, 11550.391553846152], [19424.959430769224, 11535.011538461536]]]]}, "properties": {"objectType": "annotation", "name": "P2_3_T|rim_6", "classification": {"name": "rim", "color": [201, 133, 0]}, "lesion_id": 6, "section": "P2_3_T", "area_um2": 78550.00000000016}}, {"type": "Feature", "geometry": {"type": "Polygon", "coordinates": [[[18409.87841538461, 10181.570184615382], [18379.11838461538, 10181.570184615382], [18363.738369230763, 10166.190169230767], [18363.738369230763, 10135.430138461537], [18363.738369230763, 10104.670107692305], [18363.738369230763, 10073.910076923075], [18379.11838461538, 10058.53006153846], [18394.498399999993, 10073.910076923075], [18394.498399999993, 10104.670107692305], [18409.87841538461, 10120.05012307692], [18425.258430769227, 10135.430138461537], [18425.258430769227, 10166.190169230767], [18409.87841538461, 10181.570184615382]]]}, "properties": {"objectType": "annotation", "name": "P2_3_T|lesion_7", "classification": {"name": "lesion", "color": [255, 0, 0]}, "lesion_id": 7, "section": "P2_3_T", "area_um2": 550.0000000000063}}, {"type": "Feature", "geometry": {"type": "Polygon", "coordinates": [[[18409.87841538461, 10181.570184615382], [18379.11838461538, 10181.570184615382], [18363.738369230763, 10166.190169230767], [18363.738369230763, 10135.430138461537], [18363.738369230763, 10104.670107692305], [18363.738369230763, 10073.910076923075], [18379.11838461538, 10058.53006153846], [18394.498399999993, 10073.910076923075], [18394.498399999993, 10104.670107692305], [18409.87841538461, 10120.05012307692], [18425.258430769227, 10135.430138461537], [18425.258430769227, 10166.190169230767], [18409.87841538461, 10181.570184615382]]]}, "properties": {"objectType": "annotation", "name": "P2_3_T|rim_7", "classification": {"name": "rim", "color": [201, 133, 0]}, "lesion_id": 7, "section": "P2_3_T", "area_um2": 550.0000000000063}}, {"type": "Feature", "geometry": {"type": "Polygon", "coordinates": [[[6167.386169230768, 11227.411230769228], [6136.626138461537, 11227.411230769228], [6105.866107692307, 11227.411230769228], [6090.486092307691, 11212.031215384613], [6075.106076923076, 11196.651199999998], [6044.346046153845, 11196.651199999998], [6013.586015384614, 11196.651199999998], [5982.825984615384, 11196.651199999998], [5952.065953846153, 11196.651199999998], [5921.305923076922, 11196.651199999998], [5890.545892307691, 11196.651199999998], [5859.78586153846, 11196.651199999998], [5844.405846153845, 11181.271184615383], [5829.02583076923, 11165.891169230767], [5798.265799999999, 11165.891169230767], [5782.885784615384, 11150.511153846152], [5767.505769230768, 11135.131138461536], [5752.125753846153, 11119.751123076921], [5736.745738461537, 11104.371107692306], [5721.365723076922, 11088.99109230769], [5705.985707692307, 11073.611076923075], [5690.605692307691, 11058.23106153846], [5675.225676923076, 11042.851046153844], [5659.845661538461, 11027.47103076923], [5644.465646153845, 11012.091015384614], [5629.08563076923, 10996.710999999998], [5644.465646153845, 10981.330984615382], [5659.845661538461, 10965.950969230767], [5675.225676923076, 10950.570953846152], [5690.605692307691, 10935.190938461537], [5705.985707692307, 10919.81092307692], [5721.365723076922, 10935.190938461537], [5736.745738461537, 10950.570953846152], [5767.505769230768, 10950.570953846152], [5798.265799999999, 10950.570953846152], [5813.645815384614, 10965.950969230767], [5829.02583076923, 10981.330984615382], [5859.78586153846, 10981.330984615382], [5875.165876923076, 10996.710999999998], [5890.545892307691, 11012.091015384614], [5921.305923076922, 11012.091015384614], [5952.065953846153, 11012.091015384614], [5982.825984615384, 11012.091015384614], [6013.586015384614, 11012.091015384614], [6044.346046153845, 11012.091015384614], [6075.106076923076, 11012.091015384614], [6090.486092307691, 11027.47103076923], [6105.866107692307, 11042.851046153844], [6136.626138461537, 11042.851046153844], [6152.006153846153, 11058.23106153846], [6167.386169230768, 11073.611076923075], [6182.766184615383, 11088.99109230769], [6198.146199999999, 11104.371107692306], [6213.526215384614, 11119.751123076921], [6228.90623076923, 11135.131138461536], [6244.286246153845, 11150.511153846152], [6228.90623076923, 11165.891169230767], [6213.526215384614, 11181.271184615383], [6198.146199999999, 11196.651199999998], [6182.766184615383, 11212.031215384613], [6167.386169230768, 11227.411230769228]]]}, "properties": {"objectType": "annotation", "name": "R1_3_L|lesion_8", "classification": {"name": "lesion", "color": [255, 0, 0]}, "lesion_id": 8, "section": "R1_3_L", "area_um2": 10249.999999999982}}, {"type": "Feature", "geometry": {"type": "Polygon", "coordinates": [[[6167.386169230768, 11227.411230769228], [6136.626138461537, 11227.411230769228], [6105.866107692307, 11227.411230769228], [6090.486092307691, 11212.031215384613], [6075.106076923076, 11196.651199999998], [6044.346046153845, 11196.651199999998], [6013.586015384614, 11196.651199999998], [5982.825984615384, 11196.651199999998], [5952.065953846153, 11196.651199999998], [5921.305923076922, 11196.651199999998], [5890.545892307691, 11196.651199999998], [5859.78586153846, 11196.651199999998], [5844.405846153845, 11181.271184615383], [5829.02583076923, 11165.891169230767], [5798.265799999999, 11165.891169230767], [5782.885784615384, 11150.511153846152], [5767.505769230768, 11135.131138461536], [5752.125753846153, 11119.751123076921], [5736.745738461537, 11104.371107692306], [5721.365723076922, 11088.99109230769], [5705.985707692307, 11073.611076923075], [5690.605692307691, 11058.23106153846], [5675.225676923076, 11042.851046153844], [5659.845661538461, 11027.47103076923], [5644.465646153845, 11012.091015384614], [5629.08563076923, 10996.710999999998], [5644.465646153845, 10981.330984615382], [5659.845661538461, 10965.950969230767], [5675.225676923076, 10950.570953846152], [5690.605692307691, 10935.190938461537], [5705.985707692307, 10919.81092307692], [5721.365723076922, 10935.190938461537], [5736.745738461537, 10950.570953846152], [5767.505769230768, 10950.570953846152], [5798.265799999999, 10950.570953846152], [5813.645815384614, 10965.950969230767], [5829.02583076923, 10981.330984615382], [5859.78586153846, 10981.330984615382], [5875.165876923076, 10996.710999999998], [5890.545892307691, 11012.091015384614], [5921.305923076922, 11012.091015384614], [5952.065953846153, 11012.091015384614], [5982.825984615384, 11012.091015384614], [6013.586015384614, 11012.091015384614], [6044.346046153845, 11012.091015384614], [6075.106076923076, 11012.091015384614], [6090.486092307691, 11027.47103076923], [6105.866107692307, 11042.851046153844], [6136.626138461537, 11042.851046153844], [6152.006153846153, 11058.23106153846], [6167.386169230768, 11073.611076923075], [6182.766184615383, 11088.99109230769], [6198.146199999999, 11104.371107692306], [6213.526215384614, 11119.751123076921], [6228.90623076923, 11135.131138461536], [6244.286246153845, 11150.511153846152], [6228.90623076923, 11165.891169230767], [6213.526215384614, 11181.271184615383], [6198.146199999999, 11196.651199999998], [6182.766184615383, 11212.031215384613], [6167.386169230768, 11227.411230769228]]]}, "properties": {"objectType": "annotation", "name": "R1_3_L|rim_8", "classification": {"name": "rim", "color": [201, 133, 0]}, "lesion_id": 8, "section": "R1_3_L", "area_um2": 10249.999999999982}}, {"type": "Feature", "geometry": {"type": "Polygon", "coordinates": [[[4414.064415384615, 12457.812461538459], [4383.304384615384, 12457.812461538459], [4352.544353846153, 12457.812461538459], [4337.164338461538, 12442.432446153844], [4321.784323076922, 12427.052430769229], [4306.404307692307, 12411.672415384613], [4291.024292307692, 12396.292399999998], [4275.644276923076, 12380.912384615382], [4260.264261538461, 12365.532369230767], [4244.884246153845, 12350.152353846152], [4229.50423076923, 12334.772338461536], [4198.744199999999, 12334.772338461536], [4167.984169230769, 12334.772338461536], [4137.224138461538, 12334.772338461536], [4121.844123076922, 12319.392323076921], [4106.464107692307, 12304.012307692306], [4075.704076923076, 12304.012307692306], [4044.944046153845, 12304.012307692306], [4014.1840153846147, 12304.012307692306], [3983.4239846153837, 12304.012307692306], [3968.043969230768, 12288.63229230769], [3952.663953846153, 12273.252276923075], [3921.903923076922, 12273.252276923075], [3906.5239076923067, 12257.87226153846], [3891.143892307691, 12242.492246153844], [3860.3838615384607, 12242.492246153844], [3845.003846153845, 12227.11223076923], [3860.3838615384607, 12211.732215384613], [3875.763876923076, 12196.352199999998], [3891.143892307691, 12180.972184615383], [3906.5239076923067, 12165.592169230767], [3921.903923076922, 12150.212153846152], [3952.663953846153, 12150.212153846152], [3983.4239846153837, 12150.212153846152], [4014.1840153846147, 12150.212153846152], [4044.944046153845, 12150.212153846152], [4060.3240615384607, 12165.592169230767], [4075.704076923076, 12180.972184615383], [4106.464107692307, 12180.972184615383], [4121.844123076922, 12196.352199999998], [4137.224138461538, 12211.732215384613], [4167.984169230769, 12211.732215384613], [4183.364184615384, 12227.11223076923], [4198.744199999999, 12242.492246153844], [4229.50423076923, 12242.492246153844], [4244.884246153845, 12257.87226153846], [4260.264261538461, 12273.252276923075], [4291.024292307692, 12273.252276923075], [4321.784323076922, 12273.252276923075], [4337.164338461538, 12288.63229230769], [4352.544353846153, 12304.012307692306], [4383.304384615384, 12304.012307692306], [4414.064415384615, 12304.012307692306], [4429.44443076923, 12319.392323076921], [4444.824446153845, 12334.772338461536], [4460.204461538461, 12350.152353846152], [4475.584476923076, 12365.532369230767], [4490.964492307692, 12380.912384615382], [4475.584476923076, 12396.292399999998], [4460.204461538461, 12411.672415384613], [4444.824446153845, 12427.052430769229], [4429.44443076923, 12442.432446153844], [4414.064415384615, 12457.812461538459]]]}, "properties": {"objectType": "annotation", "name": "R1_3_L|lesion_9", "classification": {"name": "lesion", "color": [255, 0, 0]}, "lesion_id": 9, "section": "R1_3_L", "area_um2": 7850.000000000002}}, {"type": "Feature", "geometry": {"type": "Polygon", "coordinates": [[[4414.064415384615, 12457.812461538459], [4383.304384615384, 12457.812461538459], [4352.544353846153, 12457.812461538459], [4337.164338461538, 12442.432446153844], [4321.784323076922, 12427.052430769229], [4306.404307692307, 12411.672415384613], [4291.024292307692, 12396.292399999998], [4275.644276923076, 12380.912384615382], [4260.264261538461, 12365.532369230767], [4244.884246153845, 12350.152353846152], [4229.50423076923, 12334.772338461536], [4198.744199999999, 12334.772338461536], [4167.984169230769, 12334.772338461536], [4137.224138461538, 12334.772338461536], [4121.844123076922, 12319.392323076921], [4106.464107692307, 12304.012307692306], [4075.704076923076, 12304.012307692306], [4044.944046153845, 12304.012307692306], [4014.1840153846147, 12304.012307692306], [3983.4239846153837, 12304.012307692306], [3968.043969230768, 12288.63229230769], [3952.663953846153, 12273.252276923075], [3921.903923076922, 12273.252276923075], [3906.5239076923067, 12257.87226153846], [3891.143892307691, 12242.492246153844], [3860.3838615384607, 12242.492246153844], [3845.003846153845, 12227.11223076923], [3860.3838615384607, 12211.732215384613], [3875.763876923076, 12196.352199999998], [3891.143892307691, 12180.972184615383], [3906.5239076923067, 12165.592169230767], [3921.903923076922, 12150.212153846152], [3952.663953846153, 12150.212153846152], [3983.4239846153837, 12150.212153846152], [4014.1840153846147, 12150.212153846152], [4044.944046153845, 12150.212153846152], [4060.3240615384607, 12165.592169230767], [4075.704076923076, 12180.972184615383], [4106.464107692307, 12180.972184615383], [4121.844123076922, 12196.352199999998], [4137.224138461538, 12211.732215384613], [4167.984169230769, 12211.732215384613], [4183.364184615384, 12227.11223076923], [4198.744199999999, 12242.492246153844], [4229.50423076923, 12242.492246153844], [4244.884246153845, 12257.87226153846], [4260.264261538461, 12273.252276923075], [4291.024292307692, 12273.252276923075], [4321.784323076922, 12273.252276923075], [4337.164338461538, 12288.63229230769], [4352.544353846153, 12304.012307692306], [4383.304384615384, 12304.012307692306], [4414.064415384615, 12304.012307692306], [4429.44443076923, 12319.392323076921], [4444.824446153845, 12334.772338461536], [4460.204461538461, 12350.152353846152], [4475.584476923076, 12365.532369230767], [4490.964492307692, 12380.912384615382], [4475.584476923076, 12396.292399999998], [4460.204461538461, 12411.672415384613], [4444.824446153845, 12427.052430769229], [4429.44443076923, 12442.432446153844], [4414.064415384615, 12457.812461538459]]]}, "properties": {"objectType": "annotation", "name": "R1_3_L|rim_9", "classification": {"name": "rim", "color": [201, 133, 0]}, "lesion_id": 9, "section": "R1_3_L", "area_um2": 7850.000000000002}}, {"type": "Feature", "geometry": {"type": "Polygon", "coordinates": [[[8166.788169230768, 15687.615692307689], [8136.028138461537, 15687.615692307689], [8120.648123076921, 15672.235676923074], [8105.268107692306, 15656.855661538459], [8074.508076923075, 15656.855661538459], [8043.748046153845, 15656.855661538459], [8028.368030769229, 15672.235676923074], [8012.988015384614, 15687.615692307689], [7982.227984615383, 15687.615692307689], [7951.467953846152, 15687.615692307689], [7936.087938461537, 15672.235676923074], [7920.707923076922, 15656.855661538459], [7905.327907692306, 15641.475646153844], [7889.947892307691, 15626.095630769229], [7874.567876923075, 15610.715615384612], [7874.567876923075, 15579.955584615382], [7859.18786153846, 15564.575569230767], [7843.807846153845, 15549.195553846152], [7828.427830769229, 15533.815538461537], [7813.047815384614, 15518.43552307692], [7797.667799999998, 15503.055507692305], [7766.907769230768, 15503.055507692305], [7736.147738461537, 15503.055507692305], [7720.767723076922, 15487.67549230769], [7705.387707692306, 15472.295476923075], [7674.627676923075, 15472.295476923075], [7659.24766153846, 15456.91546153846], [7643.867646153845, 15441.535446153843], [7613.107615384614, 15441.535446153843], [7582.347584615383, 15441.535446153843], [7551.587553846152, 15441.535446153843], [7520.827523076922, 15441.535446153843], [7490.067492307691, 15441.535446153843], [7459.30746153846, 15441.535446153843], [7428.547430769229, 15441.535446153843], [7397.787399999999, 15441.535446153843], [7382.407384615383, 15456.91546153846], [7367.027369230768, 15472.295476923075], [7336.267338461537, 15472.295476923075], [7305.507307692306, 15472.295476923075], [7274.747276923076, 15472.295476923075], [7259.36726153846, 15456.91546153846], [7243.987246153845, 15441.535446153843], [7228.607230769229, 15426.155430769228], [7213.227215384614, 15410.775415384613], [7197.847199999999, 15395.395399999998], [7197.847199999999, 15364.635369230766], [7182.467184615383, 15349.25535384615], [7167.087169230768, 15333.875338461536], [7151.707153846152, 15318.49532307692], [7136.327138461537, 15303.115307692306], [7120.947123076922, 15287.735292307689], [7105.567107692306, 15272.355276923074], [7090.187092307691, 15256.975261538459], [7074.807076923076, 15241.595246153844], [7059.42706153846, 15226.215230769229], [7028.667030769229, 15226.215230769229], [6997.906999999999, 15226.215230769229], [6982.526984615383, 15241.595246153844], [6967.146969230768, 15256.975261538459], [6936.386938461537, 15256.975261538459], [6905.626907692306, 15256.975261538459], [6890.246892307691, 15272.355276923074], [6874.866876923076, 15287.735292307689], [6844.106846153845, 15287.735292307689], [6828.726830769229, 15303.115307692306], [6813.346815384614, 15318.49532307692], [6782.586784615383, 15318.49532307692], [6767.206769230768, 15333.875338461536], [6751.826753846153, 15349.25535384615], [6736.446738461537, 15364.635369230766], [6721.066723076922, 15380.015384615383], [6705.686707692306, 15395.395399999998], [6690.306692307691, 15410.775415384613], [6659.54666153846, 15410.775415384613], [6644.166646153845, 15426.155430769228], [6628.78663076923, 15441.535446153843], [6598.026599999999, 15441.535446153843], [6567.266569230768, 15441.535446153843], [6536.506538461537, 15441.535446153843], [6505.746507692306, 15441.535446153843], [6474.986476923076, 15441.535446153843], [6459.60646153846, 15426.155430769228], [6444.226446153845, 15410.775415384613], [6428.84643076923, 15395.395399999998], [6413.466415384614, 15380.015384615383], [6398.086399999999, 15364.635369230766], [6398.086399999999, 15333.875338461536], [6398.086399999999, 15303.115307692306], [6413.466415384614, 15287.735292307689], [6428.84643076923, 15272.355276923074], [6444.226446153845, 15256.975261538459], [6459.60646153846, 15241.595246153844], [6474.986476923076, 15226.215230769229], [6505.746507692306, 15226.215230769229], [6521.126523076922, 15210.835215384614], [6536.506538461537, 15195.455199999997], [6551.886553846153, 15180.075184615382], [6567.266569230768, 15164.695169230767], [6598.026599999999, 15164.695169230767], [6613.406615384614, 15149.315153846152], [6628.78663076923, 15133.935138461537], [6644.166646153845, 15118.55512307692], [6659.54666153846, 15103.175107692305], [6674.926676923076, 15087.79509230769], [6690.306692307691, 15072.415076923075], [6705.686707692306, 15057.03506153846], [6721.066723076922, 15041.655046153843], [6736.446738461537, 15026.275030769228], [6751.826753846153, 15010.895015384613], [6767.206769230768, 14995.514999999998], [6767.206769230768, 14964.754969230766], [6782.586784615383, 14949.37495384615], [6797.966799999999, 14933.994938461536], [6813.346815384614, 14918.61492307692], [6828.726830769229, 14903.234907692306], [6828.726830769229, 14872.474876923074], [6828.726830769229, 14841.714846153844], [6828.726830769229, 14810.954815384614], [6828.726830769229, 14780.194784615382], [6813.346815384614, 14764.814769230767], [6797.966799999999, 14749.434753846152], [6782.586784615383, 14734.054738461537], [6767.206769230768, 14718.67472307692], [6767.206769230768, 14687.91469230769], [6767.206769230768, 14657.15466153846], [6751.826753846153, 14641.774646153843], [6736.446738461537, 14626.394630769228], [6721.066723076922, 14611.014615384613], [6705.686707692306, 14595.634599999998], [6690.306692307691, 14580.254584615383], [6674.926676923076, 14564.874569230768], [6659.54666153846, 14549.49455384615], [6644.166646153845, 14564.874569230768], [6628.78663076923, 14580.254584615383], [6613.406615384614, 14595.634599999998], [6598.026599999999, 14611.014615384613], [6582.646584615383, 14626.394630769228], [6582.646584615383, 14657.15466153846], [6598.026599999999, 14672.534676923075], [6613.406615384614, 14687.91469230769], [6628.78663076923, 14703.294707692305], [6644.166646153845, 14718.67472307692], [6644.166646153845, 14749.434753846152], [6628.78663076923, 14764.814769230767], [6613.406615384614, 14780.194784615382], [6598.026599999999, 14795.574799999997], [6582.646584615383, 14810.954815384614], [6567.266569230768, 14826.334830769229], [6536.506538461537, 14826.334830769229], [6521.126523076922, 14810.954815384614], [6505.746507692306, 14795.574799999997], [6490.366492307691, 14780.194784615382], [6474.986476923076, 14764.814769230767], [6459.60646153846, 14749.434753846152], [6459.60646153846, 14718.67472307692], [6444.226446153845, 14703.294707692305], [6428.84643076923, 14687.91469230769], [6413.466415384614, 14672.534676923075], [6398.086399999999, 14657.15466153846], [6382.706384615383, 14641.774646153843], [6351.946353846153, 14641.774646153843], [6321.186323076922, 14641.774646153843], [6305.806307692307, 14626.394630769228], [6290.426292307691, 14611.014615384613], [6259.66626153846, 14611.014615384613], [6228.90623076923, 14611.014615384613], [6213.526215384614, 14595.634599999998], [6198.146199999999, 14580.254584615383], [6182.766184615383, 14564.874569230768], [6167.386169230768, 14549.49455384615], [6136.626138461537, 14549.49455384615], [6121.246123076922, 14534.114538461536], [6105.866107692307, 14518.73452307692], [6075.106076923076, 14518.73452307692], [6059.72606153846, 14503.354507692306], [6044.346046153845, 14487.97449230769], [6028.96603076923, 14472.594476923074], [6013.586015384614, 14457.214461538459], [5998.205999999999, 14441.834446153844], [5998.205999999999, 14411.074415384614], [5998.205999999999, 14380.314384615382], [5998.205999999999, 14349.554353846152], [6013.586015384614, 14334.174338461537], [6028.96603076923, 14318.79432307692], [6044.346046153845, 14303.414307692305], [6059.72606153846, 14288.03429230769], [6075.106076923076, 14272.654276923075], [6105.866107692307, 14272.654276923075], [6121.246123076922, 14257.27426153846], [6136.626138461537, 14241.894246153845], [6152.006153846153, 14226.514230769228], [6167.386169230768, 14211.134215384613], [6182.766184615383, 14195.754199999998], [6198.146199999999, 14180.374184615383], [6213.526215384614, 14164.994169230768], [6228.90623076923, 14149.61415384615], [6244.286246153845, 14134.234138461536], [6244.286246153845, 14103.474107692306], [6244.286246153845, 14072.714076923074], [6244.286246153845, 14041.954046153844], [6259.66626153846, 14026.574030769229], [6275.046276923076, 14011.194015384614], [6275.046276923076, 13980.433984615382], [6290.426292307691, 13965.053969230767], [6305.806307692307, 13949.673953846152], [6305.806307692307, 13918.913923076921], [6321.186323076922, 13903.533907692305], [6336.566338461537, 13888.15389230769], [6351.946353846153, 13872.773876923075], [6367.326369230768, 13857.39386153846], [6382.706384615383, 13842.013846153844], [6398.086399999999, 13826.633830769228], [6413.466415384614, 13811.253815384613], [6428.84643076923, 13795.873799999998], [6444.226446153845, 13780.493784615383], [6459.60646153846, 13765.113769230768], [6459.60646153846, 13734.353738461536], [6444.226446153845, 13718.97372307692], [6428.84643076923, 13703.593707692306], [6413.466415384614, 13688.21369230769], [6398.086399999999, 13672.833676923074], [6382.706384615383, 13657.453661538459], [6367.326369230768, 13672.833676923074], [6351.946353846153, 13688.21369230769], [6336.566338461537, 13703.593707692306], [6321.186323076922, 13718.97372307692], [6305.806307692307, 13703.593707692306], [6290.426292307691, 13688.21369230769], [6275.046276923076, 13672.833676923074], [6259.66626153846, 13657.453661538459], [6244.286246153845, 13642.073646153844], [6244.286246153845, 13611.313615384614], [6244.286246153845, 13580.553584615382], [6228.90623076923, 13565.173569230767], [6213.526215384614, 13549.793553846152], [6213.526215384614, 13519.033523076921], [6213.526215384614, 13488.27349230769], [6213.526215384614, 13457.51346153846], [6228.90623076923, 13442.133446153844], [6244.286246153845, 13426.753430769228], [6259.66626153846, 13411.373415384613], [6275.046276923076, 13395.993399999998], [6290.426292307691, 13380.613384615383], [6305.806307692307, 13365.233369230767], [6290.426292307691, 13349.85335384615], [6275.046276923076, 13334.473338461536], [6259.66626153846, 13319.09332307692], [6244.286246153845, 13303.713307692306], [6228.90623076923, 13288.33329230769], [6213.526215384614, 13272.953276923075], [6198.146199999999, 13257.573261538459], [6182.766184615383, 13242.193246153844], [6167.386169230768, 13226.813230769229], [6136.626138461537, 13226.813230769229], [6121.246123076922, 13211.433215384614], [6105.866107692307, 13196.053199999998], [6075.106076923076, 13196.053199999998], [6059.72606153846, 13180.673184615382], [6044.346046153845, 13165.293169230767], [6028.96603076923, 13180.673184615382], [6013.586015384614, 13196.053199999998], [5998.205999999999, 13211.433215384614], [5982.825984615384, 13226.813230769229], [5967.445969230768, 13242.193246153844], [5952.065953846153, 13257.573261538459], [5936.685938461537, 13272.953276923075], [5921.305923076922, 13288.33329230769], [5890.545892307691, 13288.33329230769], [5859.78586153846, 13288.33329230769], [5844.405846153845, 13272.953276923075], [5829.02583076923, 13257.573261538459], [5813.645815384614, 13242.193246153844], [5798.265799999999, 13226.813230769229], [5782.885784615384, 13211.433215384614], [5767.505769230768, 13196.053199999998], [5752.125753846153, 13180.673184615382], [5736.745738461537, 13165.293169230767], [5721.365723076922, 13149.913153846152], [5705.985707692307, 13134.533138461537], [5690.605692307691, 13119.153123076921], [5690.605692307691, 13088.39309230769], [5690.605692307691, 13057.63306153846], [5690.605692307691, 13026.873030769228], [5705.985707692307, 13011.493015384613], [5721.365723076922, 12996.112999999998], [5736.745738461537, 12980.732984615383], [5752.125753846153, 12965.352969230767], [5767.505769230768, 12949.972953846152], [5798.265799999999, 12949.972953846152], [5829.02583076923, 12949.972953846152], [5859.78586153846, 12949.972953846152], [5875.165876923076, 12934.592938461536], [5890.545892307691, 12919.21292307692], [5905.925907692307, 12903.832907692306], [5921.305923076922, 12888.45289230769], [5936.685938461537, 12873.072876923075], [5936.685938461537, 12842.312846153844], [5952.065953846153, 12826.932830769229], [5967.445969230768, 12811.552815384613], [5982.825984615384, 12796.172799999998], [5998.205999999999, 12780.792784615382], [6013.586015384614, 12765.412769230767], [6044.346046153845, 12765.412769230767], [6075.106076923076, 12765.412769230767], [6105.866107692307, 12765.412769230767], [6121.246123076922, 12780.792784615382], [6136.626138461537, 12796.172799999998], [6152.006153846153, 12811.552815384613], [6167.386169230768, 12826.932830769229], [6198.146199999999, 12826.932830769229], [6213.526215384614, 12842.312846153844], [6228.90623076923, 12857.692861538459], [6244.286246153845, 12873.072876923075], [6259.66626153846, 12888.45289230769], [6275.046276923076, 12903.832907692306], [6290.426292307691, 12919.21292307692], [6305.806307692307, 12934.592938461536], [6321.186323076922, 12949.972953846152], [6336.566338461537, 12965.352969230767], [6351.946353846153, 12980.732984615383], [6367.326369230768, 12996.112999999998], [6382.706384615383, 13011.493015384613], [6398.086399999999, 13026.873030769228], [6398.086399999999, 13057.63306153846], [6413.466415384614, 13073.013076923075], [6428.84643076923, 13088.39309230769], [6413.466415384614, 13103.773107692305], [6398.086399999999, 13119.153123076921], [6382.706384615383, 13134.533138461537], [6367.326369230768, 13149.913153846152], [6382.706384615383, 13165.293169230767], [6398.086399999999, 13180.673184615382], [6398.086399999999, 13211.433215384614], [6413.466415384614, 13226.813230769229], [6428.84643076923, 13242.193246153844], [6444.226446153845, 13257.573261538459], [6459.60646153846, 13272.953276923075], [6459.60646153846, 13303.713307692306], [6474.986476923076, 13319.09332307692], [6490.366492307691, 13334.473338461536], [6490.366492307691, 13365.233369230767], [6490.366492307691, 13395.993399999998], [6505.746507692306, 13411.373415384613], [6521.126523076922, 13426.753430769228], [6536.506538461537, 13442.133446153844], [6551.886553846153, 13457.51346153846], [6536.506538461537, 13472.893476923075], [6521.126523076922, 13488.27349230769], [6521.126523076922, 13519.033523076921], [6521.126523076922, 13549.793553846152], [6521.126523076922, 13580.553584615382], [6536.506538461537, 13595.933599999998], [6551.886553846153, 13611.313615384614], [6567.266569230768, 13626.693630769229], [6598.026599999999, 13626.693630769229], [6628.78663076923, 13626.693630769229], [6659.54666153846, 13626.693630769229], [6674.926676923076, 13642.073646153844], [6674.926676923076, 13672.833676923074], [6690.306692307691, 13688.21369230769], [6705.686707692306, 13703.593707692306], [6721.066723076922, 13718.97372307692], [6736.446738461537, 13734.353738461536], [6736.446738461537, 13765.113769230768], [6751.826753846153, 13780.493784615383], [6767.206769230768, 13795.873799999998], [6782.586784615383, 13811.253815384613], [6797.966799999999, 13826.633830769228], [6797.966799999999, 13857.39386153846], [6813.346815384614, 13872.773876923075], [6828.726830769229, 13888.15389230769], [6844.106846153845, 13903.533907692305], [6859.48686153846, 13918.913923076921], [6874.866876923076, 13934.293938461537], [6890.246892307691, 13949.673953846152], [6905.626907692306, 13965.053969230767], [6921.006923076922, 13980.433984615382], [6936.386938461537, 13995.813999999997], [6951.766953846153, 14011.194015384614], [6951.766953846153, 14041.954046153844], [6951.766953846153, 14072.714076923074], [6967.146969230768, 14088.09409230769], [6997.906999999999, 14088.09409230769], [7013.287015384614, 14103.474107692306], [7028.667030769229, 14118.85412307692], [7044.047046153845, 14134.234138461536], [7059.42706153846, 14149.61415384615], [7074.807076923076, 14164.994169230768], [7090.187092307691, 14180.374184615383], [7105.567107692306, 14195.754199999998], [7120.947123076922, 14211.134215384613], [7136.327138461537, 14226.514230769228], [7151.707153846152, 14241.894246153845], [7167.087169230768, 14257.27426153846], [7167.087169230768, 14288.03429230769], [7182.467184615383, 14303.414307692305], [7197.847199999999, 14318.79432307692], [7213.227215384614, 14334.174338461537], [7228.607230769229, 14349.554353846152], [7243.987246153845, 14364.934369230767], [7259.36726153846, 14380.314384615382], [7274.747276923076, 14395.694399999997], [7290.127292307691, 14411.074415384614], [7305.507307692306, 14426.454430769229], [7320.887323076922, 14441.834446153844], [7336.267338461537, 14457.214461538459], [7351.647353846152, 14472.594476923074], [7367.027369230768, 14487.97449230769], [7397.787399999999, 14487.97449230769], [7413.167415384614, 14503.354507692306], [7428.547430769229, 14518.73452307692], [7443.927446153845, 14534.114538461536], [7459.30746153846, 14549.49455384615], [7474.687476923075, 14564.874569230768], [7490.067492307691, 14580.254584615383], [7520.827523076922, 14580.254584615383], [7536.207538461537, 14595.634599999998], [7551.587553846152, 14611.014615384613], [7566.967569230768, 14626.394630769228], [7582.347584615383, 14641.774646153843], [7597.727599999999, 14657.15466153846], [7613.107615384614, 14672.534676923075], [7643.867646153845, 14672.534676923075], [7674.627676923075, 14672.534676923075], [7690.007692307691, 14687.91469230769], [7705.387707692306, 14703.294707692305], [7720.767723076922, 14718.67472307692], [7736.147738461537, 14734.054738461537], [7766.907769230768, 14734.054738461537], [7782.287784615383, 14749.434753846152], [7797.667799999998, 14764.814769230767], [7813.047815384614, 14780.194784615382], [7828.427830769229, 14795.574799999997], [7843.807846153845, 14810.954815384614], [7859.18786153846, 14826.334830769229], [7889.947892307691, 14826.334830769229], [7905.327907692306, 14841.714846153844], [7905.327907692306, 14872.474876923074], [7920.707923076922, 14887.85489230769], [7936.087938461537, 14903.234907692306], [7936.087938461537, 14933.994938461536], [7936.087938461537, 14964.754969230766], [7951.467953846152, 14980.134984615383], [7966.847969230768, 14995.514999999998], [7966.847969230768, 15026.275030769228], [7966.847969230768, 15057.03506153846], [7982.227984615383, 15072.415076923075], [7997.607999999998, 15087.79509230769], [8012.988015384614, 15103.175107692305], [8028.368030769229, 15118.55512307692], [8043.748046153845, 15133.935138461537], [8059.12806153846, 15149.315153846152], [8059.12806153846, 15180.075184615382], [8074.508076923075, 15195.455199999997], [8089.888092307691, 15210.835215384614], [8089.888092307691, 15241.595246153844], [8105.268107692306, 15256.975261538459], [8120.648123076921, 15272.355276923074], [8120.648123076921, 15303.115307692306], [8120.648123076921, 15333.875338461536], [8136.028138461537, 15349.25535384615], [8151.408153846152, 15364.635369230766], [8166.788169230768, 15380.015384615383], [8182.168184615382, 15395.395399999998], [8182.168184615382, 15426.155430769228], [8197.5482, 15441.535446153843], [8212.928215384614, 15456.91546153846], [8212.928215384614, 15487.67549230769], [8212.928215384614, 15518.43552307692], [8228.30823076923, 15533.815538461537], [8243.688246153844, 15549.195553846152], [8243.688246153844, 15579.955584615382], [8243.688246153844, 15610.715615384612], [8228.30823076923, 15626.095630769229], [8212.928215384614, 15641.475646153844], [8197.5482, 15656.855661538459], [8182.168184615382, 15672.235676923074], [8166.788169230768, 15687.615692307689]]]}, "properties": {"objectType": "annotation", "name": "P2_3_C|lesion_11", "classification": {"name": "lesion", "color": [255, 0, 0]}, "lesion_id": 11, "section": "P2_3_C", "area_um2": 242149.9999999993}}, {"type": "Feature", "geometry": {"type": "MultiPolygon", "coordinates": [[[[6275.046276923076, 13088.39309230769], [6275.046276923076, 13057.63306153846], [6259.66626153846, 13042.253046153844], [6244.286246153845, 13026.873030769228], [6244.286246153845, 12996.112999999998], [6228.90623076923, 12980.732984615383], [6198.146199999999, 12980.732984615383], [6167.386169230768, 12980.732984615383], [6136.626138461537, 12980.732984615383], [6105.866107692307, 12980.732984615383], [6090.486092307691, 12965.352969230767], [6075.106076923076, 12949.972953846152], [6059.72606153846, 12965.352969230767], [6044.346046153845, 12980.732984615383], [6028.96603076923, 12996.112999999998], [6044.346046153845, 13011.493015384613], [6075.106076923076, 13011.493015384613], [6105.866107692307, 13011.493015384613], [6121.246123076922, 13026.873030769228], [6136.626138461537, 13042.253046153844], [6167.386169230768, 13042.253046153844], [6182.766184615383, 13057.63306153846], [6198.146199999999, 13073.013076923075], [6228.90623076923, 13073.013076923075], [6244.286246153845, 13088.39309230769], [6259.66626153846, 13103.773107692305], [6275.046276923076, 13088.39309230769]]], [[[8059.12806153846, 15487.67549230769], [8043.748046153845, 15472.295476923075], [8028.368030769229, 15456.91546153846], [8012.988015384614, 15441.535446153843], [7997.607999999998, 15426.155430769228], [7982.227984615383, 15410.775415384613], [7966.847969230768, 15395.395399999998], [7966.847969230768, 15364.635369230766], [7966.847969230768, 15333.875338461536], [7951.467953846152, 15318.49532307692], [7936.087938461537, 15303.115307692306], [7936.087938461537, 15272.355276923074], [7920.707923076922, 15256.975261538459], [7905.327907692306, 15241.595246153844], [7905.327907692306, 15210.835215384614], [7889.947892307691, 15195.455199999997], [7874.567876923075, 15180.075184615382], [7874.567876923075, 15149.315153846152], [7859.18786153846, 15133.935138461537], [7843.807846153845, 15118.55512307692], [7828.427830769229, 15103.175107692305], [7813.047815384614, 15087.79509230769], [7813.047815384614, 15057.03506153846], [7813.047815384614, 15026.275030769228], [7813.047815384614, 14995.514999999998], [7813.047815384614, 14964.754969230766], [7813.047815384614, 14933.994938461536], [7813.047815384614, 14903.234907692306], [7797.667799999998, 14887.85489230769], [7782.287784615383, 14872.474876923074], [7766.907769230768, 14857.094861538459], [7736.147738461537, 14857.094861538459], [7720.767723076922, 14841.714846153844], [7705.387707692306, 14826.334830769229], [7674.627676923075, 14826.334830769229], [7643.867646153845, 14826.334830769229], [7613.107615384614, 14826.334830769229], [7582.347584615383, 14826.334830769229], [7551.587553846152, 14826.334830769229], [7536.207538461537, 14810.954815384614], [7520.827523076922, 14795.574799999997], [7505.447507692306, 14780.194784615382], [7490.067492307691, 14764.814769230767], [7474.687476923075, 14749.434753846152], [7459.30746153846, 14734.054738461537], [7428.547430769229, 14734.054738461537], [7413.167415384614, 14718.67472307692], [7397.787399999999, 14703.294707692305], [7382.407384615383, 14687.91469230769], [7367.027369230768, 14672.534676923075], [7351.647353846152, 14657.15466153846], [7336.267338461537, 14641.774646153843], [7305.507307692306, 14641.774646153843], [7290.127292307691, 14626.394630769228], [7274.747276923076, 14611.014615384613], [7259.36726153846, 14595.634599999998], [7243.987246153845, 14580.254584615383], [7228.607230769229, 14564.874569230768], [7213.227215384614, 14549.49455384615], [7197.847199999999, 14534.114538461536], [7182.467184615383, 14518.73452307692], [7167.087169230768, 14503.354507692306], [7151.707153846152, 14487.97449230769], [7136.327138461537, 14472.594476923074], [7120.947123076922, 14457.214461538459], [7105.567107692306, 14441.834446153844], [7105.567107692306, 14411.074415384614], [7090.187092307691, 14395.694399999997], [7074.807076923076, 14380.314384615382], [7074.807076923076, 14349.554353846152], [7074.807076923076, 14318.79432307692], [7059.42706153846, 14303.414307692305], [7044.047046153845, 14288.03429230769], [7044.047046153845, 14257.27426153846], [7028.667030769229, 14241.894246153845], [7013.287015384614, 14226.514230769228], [6997.906999999999, 14211.134215384613], [6982.526984615383, 14195.754199999998], [6982.526984615383, 14164.994169230768], [6967.146969230768, 14149.61415384615], [6951.766953846153, 14134.234138461536], [6936.386938461537, 14118.85412307692], [6921.006923076922, 14103.474107692306], [6905.626907692306, 14088.09409230769], [6890.246892307691, 14072.714076923074], [6874.866876923076, 14057.334061538459], [6859.48686153846, 14041.954046153844], [6844.106846153845, 14026.574030769229], [6828.726830769229, 14011.194015384614], [6813.346815384614, 13995.813999999997], [6797.966799999999, 13980.433984615382], [6782.586784615383, 13965.053969230767], [6767.206769230768, 13949.673953846152], [6751.826753846153, 13934.293938461537], [6736.446738461537, 13918.913923076921], [6721.066723076922, 13903.533907692305], [6705.686707692306, 13888.15389230769], [6705.686707692306, 13857.39386153846], [6690.306692307691, 13842.013846153844], [6674.926676923076, 13826.633830769228], [6659.54666153846, 13811.253815384613], [6644.166646153845, 13795.873799999998], [6628.78663076923, 13780.493784615383], [6613.406615384614, 13795.873799999998], [6613.406615384614, 13826.633830769228], [6598.026599999999, 13842.013846153844], [6582.646584615383, 13857.39386153846], [6567.266569230768, 13872.773876923075], [6551.886553846153, 13888.15389230769], [6536.506538461537, 13903.533907692305], [6521.126523076922, 13918.913923076921], [6505.746507692306, 13934.293938461537], [6490.366492307691, 13949.673953846152], [6474.986476923076, 13965.053969230767], [6459.60646153846, 13980.433984615382], [6459.60646153846, 14011.194015384614], [6444.226446153845, 14026.574030769229], [6428.84643076923, 14041.954046153844], [6428.84643076923, 14072.714076923074], [6413.466415384614, 14088.09409230769], [6398.086399999999, 14103.474107692306], [6398.086399999999, 14134.234138461536], [6398.086399999999, 14164.994169230768], [6398.086399999999, 14195.754199999998], [6382.706384615383, 14211.134215384613], [6367.326369230768, 14226.514230769228], [6351.946353846153, 14241.894246153845], [6336.566338461537, 14257.27426153846], [6321.186323076922, 14272.654276923075], [6305.806307692307, 14288.03429230769], [6290.426292307691, 14303.414307692305], [6275.046276923076, 14318.79432307692], [6259.66626153846, 14334.174338461537], [6244.286246153845, 14349.554353846152], [6228.90623076923, 14364.934369230767], [6213.526215384614, 14380.314384615382], [6228.90623076923, 14395.694399999997], [6244.286246153845, 14411.074415384614], [6259.66626153846, 14426.454430769229], [6275.046276923076, 14441.834446153844], [6290.426292307691, 14457.214461538459], [6321.186323076922, 14457.214461538459], [6351.946353846153, 14457.214461538459], [6367.326369230768, 14472.594476923074], [6382.706384615383, 14487.97449230769], [6413.466415384614, 14487.97449230769], [6444.226446153845, 14487.97449230769], [6459.60646153846, 14503.354507692306], [6474.986476923076, 14518.73452307692], [6490.366492307691, 14503.354507692306], [6505.746507692306, 14487.97449230769], [6521.126523076922, 14472.594476923074], [6536.506538461537, 14457.214461538459], [6551.886553846153, 14441.834446153844], [6567.266569230768, 14426.454430769229], [6582.646584615383, 14411.074415384614], [6598.026599999999, 14395.694399999997], [6628.78663076923, 14395.694399999997], [6659.54666153846, 14395.694399999997], [6690.306692307691, 14395.694399999997], [6721.066723076922, 14395.694399999997], [6736.446738461537, 14411.074415384614], [6751.826753846153, 14426.454430769229], [6767.206769230768, 14441.834446153844], [6782.586784615383, 14457.214461538459], [6797.966799999999, 14472.594476923074], [6813.346815384614, 14487.97449230769], [6828.726830769229, 14503.354507692306], [6844.106846153845, 14518.73452307692], [6859.48686153846, 14534.114538461536], [6874.866876923076, 14549.49455384615], [6890.246892307691, 14564.874569230768], [6905.626907692306, 14580.254584615383], [6921.006923076922, 14595.634599999998], [6921.006923076922, 14626.394630769228], [6921.006923076922, 14657.15466153846], [6936.386938461537, 14672.534676923075], [6951.766953846153, 14687.91469230769], [6967.146969230768, 14703.294707692305], [6982.526984615383, 14718.67472307692], [6982.526984615383, 14749.434753846152], [6982.526984615383, 14780.194784615382], [6982.526984615383, 14810.954815384614], [6982.526984615383, 14841.714846153844], [6982.526984615383, 14872.474876923074], [6982.526984615383, 14903.234907692306], [6982.526984615383, 14933.994938461536], [6982.526984615383, 14964.754969230766], [6967.146969230768, 14980.134984615383], [6951.766953846153, 14995.514999999998], [6936.386938461537, 15010.895015384613], [6921.006923076922, 15026.275030769228], [6921.006923076922, 15057.03506153846], [6936.386938461537, 15072.415076923075], [6967.146969230768, 15072.415076923075], [6997.906999999999, 15072.415076923075], [7028.667030769229, 15072.415076923075], [7059.42706153846, 15072.415076923075], [7090.187092307691, 15072.415076923075], [7120.947123076922, 15072.415076923075], [7136.327138461537, 15087.79509230769], [7151.707153846152, 15103.175107692305], [7167.087169230768, 15118.55512307692], [7182.467184615383, 15133.935138461537], [7197.847199999999, 15149.315153846152], [7213.227215384614, 15164.695169230767], [7228.607230769229, 15180.075184615382], [7243.987246153845, 15195.455199999997], [7259.36726153846, 15210.835215384614], [7274.747276923076, 15226.215230769229], [7290.127292307691, 15241.595246153844], [7305.507307692306, 15256.975261538459], [7320.887323076922, 15272.355276923074], [7336.267338461537, 15287.735292307689], [7367.027369230768, 15287.735292307689], [7397.787399999999, 15287.735292307689], [7428.547430769229, 15287.735292307689], [7459.30746153846, 15287.735292307689], [7490.067492307691, 15287.735292307689], [7520.827523076922, 15287.735292307689], [7551.587553846152, 15287.735292307689], [7582.347584615383, 15287.735292307689], [7613.107615384614, 15287.735292307689], [7643.867646153845, 15287.735292307689], [7674.627676923075, 15287.735292307689], [7705.387707692306, 15287.735292307689], [7720.767723076922, 15303.115307692306], [7736.147738461537, 15318.49532307692], [7766.907769230768, 15318.49532307692], [7782.287784615383, 15333.875338461536], [7797.667799999998, 15349.25535384615], [7828.427830769229, 15349.25535384615], [7859.18786153846, 15349.25535384615], [7874.567876923075, 15364.635369230766], [7889.947892307691, 15380.015384615383], [7905.327907692306, 15395.395399999998], [7920.707923076922, 15410.775415384613], [7936.087938461537, 15426.155430769228], [7951.467953846152, 15441.535446153843], [7966.847969230768, 15456.91546153846], [7982.227984615383, 15472.295476923075], [7997.607999999998, 15487.67549230769], [8012.988015384614, 15503.055507692305], [8043.748046153845, 15503.055507692305], [8059.12806153846, 15487.67549230769]]]]}, "properties": {"objectType": "annotation", "name": "P2_3_C|core_11", "classification": {"name": "core", "color": [230, 103, 103]}, "lesion_id": 11, "section": "P2_3_C", "area_um2": 91499.9999999999}}, {"type": "Feature", "geometry": {"type": "Polygon", "coordinates": [[[8166.788169230768, 15687.615692307689], [8136.028138461537, 15687.615692307689], [8120.648123076921, 15672.235676923074], [8105.268107692306, 15656.855661538459], [8074.508076923075, 15656.855661538459], [8043.748046153845, 15656.855661538459], [8028.368030769229, 15672.235676923074], [8012.988015384614, 15687.615692307689], [7982.227984615383, 15687.615692307689], [7951.467953846152, 15687.615692307689], [7936.087938461537, 15672.235676923074], [7920.707923076922, 15656.855661538459], [7905.327907692306, 15641.475646153844], [7889.947892307691, 15626.095630769229], [7874.567876923075, 15610.715615384612], [7874.567876923075, 15579.955584615382], [7859.18786153846, 15564.575569230767], [7843.807846153845, 15549.195553846152], [7828.427830769229, 15533.815538461537], [7813.047815384614, 15518.43552307692], [7797.667799999998, 15503.055507692305], [7766.907769230768, 15503.055507692305], [7736.147738461537, 15503.055507692305], [7720.767723076922, 15487.67549230769], [7705.387707692306, 15472.295476923075], [7674.627676923075, 15472.295476923075], [7659.24766153846, 15456.91546153846], [7643.867646153845, 15441.535446153843], [7613.107615384614, 15441.535446153843], [7582.347584615383, 15441.535446153843], [7551.587553846152, 15441.535446153843], [7520.827523076922, 15441.535446153843], [7490.067492307691, 15441.535446153843], [7459.30746153846, 15441.535446153843], [7428.547430769229, 15441.535446153843], [7397.787399999999, 15441.535446153843], [7382.407384615383, 15456.91546153846], [7367.027369230768, 15472.295476923075], [7336.267338461537, 15472.295476923075], [7305.507307692306, 15472.295476923075], [7274.747276923076, 15472.295476923075], [7259.36726153846, 15456.91546153846], [7243.987246153845, 15441.535446153843], [7228.607230769229, 15426.155430769228], [7213.227215384614, 15410.775415384613], [7197.847199999999, 15395.395399999998], [7197.847199999999, 15364.635369230766], [7182.467184615383, 15349.25535384615], [7167.087169230768, 15333.875338461536], [7151.707153846152, 15318.49532307692], [7136.327138461537, 15303.115307692306], [7120.947123076922, 15287.735292307689], [7105.567107692306, 15272.355276923074], [7090.187092307691, 15256.975261538459], [7074.807076923076, 15241.595246153844], [7059.42706153846, 15226.215230769229], [7028.667030769229, 15226.215230769229], [6997.906999999999, 15226.215230769229], [6982.526984615383, 15241.595246153844], [6967.146969230768, 15256.975261538459], [6936.386938461537, 15256.975261538459], [6905.626907692306, 15256.975261538459], [6890.246892307691, 15272.355276923074], [6874.866876923076, 15287.735292307689], [6844.106846153845, 15287.735292307689], [6828.726830769229, 15303.115307692306], [6813.346815384614, 15318.49532307692], [6782.586784615383, 15318.49532307692], [6767.206769230768, 15333.875338461536], [6751.826753846153, 15349.25535384615], [6736.446738461537, 15364.635369230766], [6721.066723076922, 15380.015384615383], [6705.686707692306, 15395.395399999998], [6690.306692307691, 15410.775415384613], [6659.54666153846, 15410.775415384613], [6644.166646153845, 15426.155430769228], [6628.78663076923, 15441.535446153843], [6598.026599999999, 15441.535446153843], [6567.266569230768, 15441.535446153843], [6536.506538461537, 15441.535446153843], [6505.746507692306, 15441.535446153843], [6474.986476923076, 15441.535446153843], [6459.60646153846, 15426.155430769228], [6444.226446153845, 15410.775415384613], [6428.84643076923, 15395.395399999998], [6413.466415384614, 15380.015384615383], [6398.086399999999, 15364.635369230766], [6398.086399999999, 15333.875338461536], [6398.086399999999, 15303.115307692306], [6413.466415384614, 15287.735292307689], [6428.84643076923, 15272.355276923074], [6444.226446153845, 15256.975261538459], [6459.60646153846, 15241.595246153844], [6474.986476923076, 15226.215230769229], [6505.746507692306, 15226.215230769229], [6521.126523076922, 15210.835215384614], [6536.506538461537, 15195.455199999997], [6551.886553846153, 15180.075184615382], [6567.266569230768, 15164.695169230767], [6598.026599999999, 15164.695169230767], [6613.406615384614, 15149.315153846152], [6628.78663076923, 15133.935138461537], [6644.166646153845, 15118.55512307692], [6659.54666153846, 15103.175107692305], [6674.926676923076, 15087.79509230769], [6690.306692307691, 15072.415076923075], [6705.686707692306, 15057.03506153846], [6721.066723076922, 15041.655046153843], [6736.446738461537, 15026.275030769228], [6751.826753846153, 15010.895015384613], [6767.206769230768, 14995.514999999998], [6767.206769230768, 14964.754969230766], [6782.586784615383, 14949.37495384615], [6797.966799999999, 14933.994938461536], [6813.346815384614, 14918.61492307692], [6828.726830769229, 14903.234907692306], [6828.726830769229, 14872.474876923074], [6828.726830769229, 14841.714846153844], [6828.726830769229, 14810.954815384614], [6828.726830769229, 14780.194784615382], [6813.346815384614, 14764.814769230767], [6797.966799999999, 14749.434753846152], [6782.586784615383, 14734.054738461537], [6767.206769230768, 14718.67472307692], [6767.206769230768, 14687.91469230769], [6767.206769230768, 14657.15466153846], [6751.826753846153, 14641.774646153843], [6736.446738461537, 14626.394630769228], [6721.066723076922, 14611.014615384613], [6705.686707692306, 14595.634599999998], [6690.306692307691, 14580.254584615383], [6674.926676923076, 14564.874569230768], [6659.54666153846, 14549.49455384615], [6644.166646153845, 14564.874569230768], [6628.78663076923, 14580.254584615383], [6613.406615384614, 14595.634599999998], [6598.026599999999, 14611.014615384613], [6582.646584615383, 14626.394630769228], [6582.646584615383, 14657.15466153846], [6598.026599999999, 14672.534676923075], [6613.406615384614, 14687.91469230769], [6628.78663076923, 14703.294707692305], [6644.166646153845, 14718.67472307692], [6644.166646153845, 14749.434753846152], [6628.78663076923, 14764.814769230767], [6613.406615384614, 14780.194784615382], [6598.026599999999, 14795.574799999997], [6582.646584615383, 14810.954815384614], [6567.266569230768, 14826.334830769229], [6536.506538461537, 14826.334830769229], [6521.126523076922, 14810.954815384614], [6505.746507692306, 14795.574799999997], [6490.366492307691, 14780.194784615382], [6474.986476923076, 14764.814769230767], [6459.60646153846, 14749.434753846152], [6459.60646153846, 14718.67472307692], [6444.226446153845, 14703.294707692305], [6428.84643076923, 14687.91469230769], [6413.466415384614, 14672.534676923075], [6398.086399999999, 14657.15466153846], [6382.706384615383, 14641.774646153843], [6351.946353846153, 14641.774646153843], [6321.186323076922, 14641.774646153843], [6305.806307692307, 14626.394630769228], [6290.426292307691, 14611.014615384613], [6259.66626153846, 14611.014615384613], [6228.90623076923, 14611.014615384613], [6213.526215384614, 14595.634599999998], [6198.146199999999, 14580.254584615383], [6182.766184615383, 14564.874569230768], [6167.386169230768, 14549.49455384615], [6136.626138461537, 14549.49455384615], [6121.246123076922, 14534.114538461536], [6105.866107692307, 14518.73452307692], [6075.106076923076, 14518.73452307692], [6059.72606153846, 14503.354507692306], [6044.346046153845, 14487.97449230769], [6028.96603076923, 14472.594476923074], [6013.586015384614, 14457.214461538459], [5998.205999999999, 14441.834446153844], [5998.205999999999, 14411.074415384614], [5998.205999999999, 14380.314384615382], [5998.205999999999, 14349.554353846152], [6013.586015384614, 14334.174338461537], [6028.96603076923, 14318.79432307692], [6044.346046153845, 14303.414307692305], [6059.72606153846, 14288.03429230769], [6075.106076923076, 14272.654276923075], [6105.866107692307, 14272.654276923075], [6121.246123076922, 14257.27426153846], [6136.626138461537, 14241.894246153845], [6152.006153846153, 14226.514230769228], [6167.386169230768, 14211.134215384613], [6182.766184615383, 14195.754199999998], [6198.146199999999, 14180.374184615383], [6213.526215384614, 14164.994169230768], [6228.90623076923, 14149.61415384615], [6244.286246153845, 14134.234138461536], [6244.286246153845, 14103.474107692306], [6244.286246153845, 14072.714076923074], [6244.286246153845, 14041.954046153844], [6259.66626153846, 14026.574030769229], [6275.046276923076, 14011.194015384614], [6275.046276923076, 13980.433984615382], [6290.426292307691, 13965.053969230767], [6305.806307692307, 13949.673953846152], [6305.806307692307, 13918.913923076921], [6321.186323076922, 13903.533907692305], [6336.566338461537, 13888.15389230769], [6351.946353846153, 13872.773876923075], [6367.326369230768, 13857.39386153846], [6382.706384615383, 13842.013846153844], [6398.086399999999, 13826.633830769228], [6413.466415384614, 13811.253815384613], [6428.84643076923, 13795.873799999998], [6444.226446153845, 13780.493784615383], [6459.60646153846, 13765.113769230768], [6459.60646153846, 13734.353738461536], [6444.226446153845, 13718.97372307692], [6428.84643076923, 13703.593707692306], [6413.466415384614, 13688.21369230769], [6398.086399999999, 13672.833676923074], [6382.706384615383, 13657.453661538459], [6367.326369230768, 13672.833676923074], [6351.946353846153, 13688.21369230769], [6336.566338461537, 13703.593707692306], [6321.186323076922, 13718.97372307692], [6305.806307692307, 13703.593707692306], [6290.426292307691, 13688.21369230769], [6275.046276923076, 13672.833676923074], [6259.66626153846, 13657.453661538459], [6244.286246153845, 13642.073646153844], [6244.286246153845, 13611.313615384614], [6244.286246153845, 13580.553584615382], [6228.90623076923, 13565.173569230767], [6213.526215384614, 13549.793553846152], [6213.526215384614, 13519.033523076921], [6213.526215384614, 13488.27349230769], [6213.526215384614, 13457.51346153846], [6228.90623076923, 13442.133446153844], [6244.286246153845, 13426.753430769228], [6259.66626153846, 13411.373415384613], [6275.046276923076, 13395.993399999998], [6290.426292307691, 13380.613384615383], [6305.806307692307, 13365.233369230767], [6290.426292307691, 13349.85335384615], [6275.046276923076, 13334.473338461536], [6259.66626153846, 13319.09332307692], [6244.286246153845, 13303.713307692306], [6228.90623076923, 13288.33329230769], [6213.526215384614, 13272.953276923075], [6198.146199999999, 13257.573261538459], [6182.766184615383, 13242.193246153844], [6167.386169230768, 13226.813230769229], [6136.626138461537, 13226.813230769229], [6121.246123076922, 13211.433215384614], [6105.866107692307, 13196.053199999998], [6075.106076923076, 13196.053199999998], [6059.72606153846, 13180.673184615382], [6044.346046153845, 13165.293169230767], [6028.96603076923, 13180.673184615382], [6013.586015384614, 13196.053199999998], [5998.205999999999, 13211.433215384614], [5982.825984615384, 13226.813230769229], [5967.445969230768, 13242.193246153844], [5952.065953846153, 13257.573261538459], [5936.685938461537, 13272.953276923075], [5921.305923076922, 13288.33329230769], [5890.545892307691, 13288.33329230769], [5859.78586153846, 13288.33329230769], [5844.405846153845, 13272.953276923075], [5829.02583076923, 13257.573261538459], [5813.645815384614, 13242.193246153844], [5798.265799999999, 13226.813230769229], [5782.885784615384, 13211.433215384614], [5767.505769230768, 13196.053199999998], [5752.125753846153, 13180.673184615382], [5736.745738461537, 13165.293169230767], [5721.365723076922, 13149.913153846152], [5705.985707692307, 13134.533138461537], [5690.605692307691, 13119.153123076921], [5690.605692307691, 13088.39309230769], [5690.605692307691, 13057.63306153846], [5690.605692307691, 13026.873030769228], [5705.985707692307, 13011.493015384613], [5721.365723076922, 12996.112999999998], [5736.745738461537, 12980.732984615383], [5752.125753846153, 12965.352969230767], [5767.505769230768, 12949.972953846152], [5798.265799999999, 12949.972953846152], [5829.02583076923, 12949.972953846152], [5859.78586153846, 12949.972953846152], [5875.165876923076, 12934.592938461536], [5890.545892307691, 12919.21292307692], [5905.925907692307, 12903.832907692306], [5921.305923076922, 12888.45289230769], [5936.685938461537, 12873.072876923075], [5936.685938461537, 12842.312846153844], [5952.065953846153, 12826.932830769229], [5967.445969230768, 12811.552815384613], [5982.825984615384, 12796.172799999998], [5998.205999999999, 12780.792784615382], [6013.586015384614, 12765.412769230767], [6044.346046153845, 12765.412769230767], [6075.106076923076, 12765.412769230767], [6105.866107692307, 12765.412769230767], [6121.246123076922, 12780.792784615382], [6136.626138461537, 12796.172799999998], [6152.006153846153, 12811.552815384613], [6167.386169230768, 12826.932830769229], [6198.146199999999, 12826.932830769229], [6213.526215384614, 12842.312846153844], [6228.90623076923, 12857.692861538459], [6244.286246153845, 12873.072876923075], [6259.66626153846, 12888.45289230769], [6275.046276923076, 12903.832907692306], [6290.426292307691, 12919.21292307692], [6305.806307692307, 12934.592938461536], [6321.186323076922, 12949.972953846152], [6336.566338461537, 12965.352969230767], [6351.946353846153, 12980.732984615383], [6367.326369230768, 12996.112999999998], [6382.706384615383, 13011.493015384613], [6398.086399999999, 13026.873030769228], [6398.086399999999, 13057.63306153846], [6413.466415384614, 13073.013076923075], [6428.84643076923, 13088.39309230769], [6413.466415384614, 13103.773107692305], [6398.086399999999, 13119.153123076921], [6382.706384615383, 13134.533138461537], [6367.326369230768, 13149.913153846152], [6382.706384615383, 13165.293169230767], [6398.086399999999, 13180.673184615382], [6398.086399999999, 13211.433215384614], [6413.466415384614, 13226.813230769229], [6428.84643076923, 13242.193246153844], [6444.226446153845, 13257.573261538459], [6459.60646153846, 13272.953276923075], [6459.60646153846, 13303.713307692306], [6474.986476923076, 13319.09332307692], [6490.366492307691, 13334.473338461536], [6490.366492307691, 13365.233369230767], [6490.366492307691, 13395.993399999998], [6505.746507692306, 13411.373415384613], [6521.126523076922, 13426.753430769228], [6536.506538461537, 13442.133446153844], [6551.886553846153, 13457.51346153846], [6536.506538461537, 13472.893476923075], [6521.126523076922, 13488.27349230769], [6521.126523076922, 13519.033523076921], [6521.126523076922, 13549.793553846152], [6521.126523076922, 13580.553584615382], [6536.506538461537, 13595.933599999998], [6551.886553846153, 13611.313615384614], [6567.266569230768, 13626.693630769229], [6598.026599999999, 13626.693630769229], [6628.78663076923, 13626.693630769229], [6659.54666153846, 13626.693630769229], [6674.926676923076, 13642.073646153844], [6674.926676923076, 13672.833676923074], [6690.306692307691, 13688.21369230769], [6705.686707692306, 13703.593707692306], [6721.066723076922, 13718.97372307692], [6736.446738461537, 13734.353738461536], [6736.446738461537, 13765.113769230768], [6751.826753846153, 13780.493784615383], [6767.206769230768, 13795.873799999998], [6782.586784615383, 13811.253815384613], [6797.966799999999, 13826.633830769228], [6797.966799999999, 13857.39386153846], [6813.346815384614, 13872.773876923075], [6828.726830769229, 13888.15389230769], [6844.106846153845, 13903.533907692305], [6859.48686153846, 13918.913923076921], [6874.866876923076, 13934.293938461537], [6890.246892307691, 13949.673953846152], [6905.626907692306, 13965.053969230767], [6921.006923076922, 13980.433984615382], [6936.386938461537, 13995.813999999997], [6951.766953846153, 14011.194015384614], [6951.766953846153, 14041.954046153844], [6951.766953846153, 14072.714076923074], [6967.146969230768, 14088.09409230769], [6997.906999999999, 14088.09409230769], [7013.287015384614, 14103.474107692306], [7028.667030769229, 14118.85412307692], [7044.047046153845, 14134.234138461536], [7059.42706153846, 14149.61415384615], [7074.807076923076, 14164.994169230768], [7090.187092307691, 14180.374184615383], [7105.567107692306, 14195.754199999998], [7120.947123076922, 14211.134215384613], [7136.327138461537, 14226.514230769228], [7151.707153846152, 14241.894246153845], [7167.087169230768, 14257.27426153846], [7167.087169230768, 14288.03429230769], [7182.467184615383, 14303.414307692305], [7197.847199999999, 14318.79432307692], [7213.227215384614, 14334.174338461537], [7228.607230769229, 14349.554353846152], [7243.987246153845, 14364.934369230767], [7259.36726153846, 14380.314384615382], [7274.747276923076, 14395.694399999997], [7290.127292307691, 14411.074415384614], [7305.507307692306, 14426.454430769229], [7320.887323076922, 14441.834446153844], [7336.267338461537, 14457.214461538459], [7351.647353846152, 14472.594476923074], [7367.027369230768, 14487.97449230769], [7397.787399999999, 14487.97449230769], [7413.167415384614, 14503.354507692306], [7428.547430769229, 14518.73452307692], [7443.927446153845, 14534.114538461536], [7459.30746153846, 14549.49455384615], [7474.687476923075, 14564.874569230768], [7490.067492307691, 14580.254584615383], [7520.827523076922, 14580.254584615383], [7536.207538461537, 14595.634599999998], [7551.587553846152, 14611.014615384613], [7566.967569230768, 14626.394630769228], [7582.347584615383, 14641.774646153843], [7597.727599999999, 14657.15466153846], [7613.107615384614, 14672.534676923075], [7643.867646153845, 14672.534676923075], [7674.627676923075, 14672.534676923075], [7690.007692307691, 14687.91469230769], [7705.387707692306, 14703.294707692305], [7720.767723076922, 14718.67472307692], [7736.147738461537, 14734.054738461537], [7766.907769230768, 14734.054738461537], [7782.287784615383, 14749.434753846152], [7797.667799999998, 14764.814769230767], [7813.047815384614, 14780.194784615382], [7828.427830769229, 14795.574799999997], [7843.807846153845, 14810.954815384614], [7859.18786153846, 14826.334830769229], [7889.947892307691, 14826.334830769229], [7905.327907692306, 14841.714846153844], [7905.327907692306, 14872.474876923074], [7920.707923076922, 14887.85489230769], [7936.087938461537, 14903.234907692306], [7936.087938461537, 14933.994938461536], [7936.087938461537, 14964.754969230766], [7951.467953846152, 14980.134984615383], [7966.847969230768, 14995.514999999998], [7966.847969230768, 15026.275030769228], [7966.847969230768, 15057.03506153846], [7982.227984615383, 15072.415076923075], [7997.607999999998, 15087.79509230769], [8012.988015384614, 15103.175107692305], [8028.368030769229, 15118.55512307692], [8043.748046153845, 15133.935138461537], [8059.12806153846, 15149.315153846152], [8059.12806153846, 15180.075184615382], [8074.508076923075, 15195.455199999997], [8089.888092307691, 15210.835215384614], [8089.888092307691, 15241.595246153844], [8105.268107692306, 15256.975261538459], [8120.648123076921, 15272.355276923074], [8120.648123076921, 15303.115307692306], [8120.648123076921, 15333.875338461536], [8136.028138461537, 15349.25535384615], [8151.408153846152, 15364.635369230766], [8166.788169230768, 15380.015384615383], [8182.168184615382, 15395.395399999998], [8182.168184615382, 15426.155430769228], [8197.5482, 15441.535446153843], [8212.928215384614, 15456.91546153846], [8212.928215384614, 15487.67549230769], [8212.928215384614, 15518.43552307692], [8228.30823076923, 15533.815538461537], [8243.688246153844, 15549.195553846152], [8243.688246153844, 15579.955584615382], [8243.688246153844, 15610.715615384612], [8228.30823076923, 15626.095630769229], [8212.928215384614, 15641.475646153844], [8197.5482, 15656.855661538459], [8182.168184615382, 15672.235676923074], [8166.788169230768, 15687.615692307689]], [[8059.12806153846, 15487.67549230769], [8043.748046153845, 15472.295476923075], [8028.368030769229, 15456.91546153846], [8012.988015384614, 15441.535446153843], [7997.607999999998, 15426.155430769228], [7982.227984615383, 15410.775415384613], [7966.847969230768, 15395.395399999998], [7966.847969230768, 15364.635369230766], [7966.847969230768, 15333.875338461536], [7951.467953846152, 15318.49532307692], [7936.087938461537, 15303.115307692306], [7936.087938461537, 15272.355276923074], [7920.707923076922, 15256.975261538459], [7905.327907692306, 15241.595246153844], [7905.327907692306, 15210.835215384614], [7889.947892307691, 15195.455199999997], [7874.567876923075, 15180.075184615382], [7874.567876923075, 15149.315153846152], [7859.18786153846, 15133.935138461537], [7843.807846153845, 15118.55512307692], [7828.427830769229, 15103.175107692305], [7813.047815384614, 15087.79509230769], [7813.047815384614, 15057.03506153846], [7813.047815384614, 15026.275030769228], [7813.047815384614, 14995.514999999998], [7813.047815384614, 14964.754969230766], [7813.047815384614, 14933.994938461536], [7813.047815384614, 14903.234907692306], [7797.667799999998, 14887.85489230769], [7782.287784615383, 14872.474876923074], [7766.907769230768, 14857.094861538459], [7736.147738461537, 14857.094861538459], [7720.767723076922, 14841.714846153844], [7705.387707692306, 14826.334830769229], [7674.627676923075, 14826.334830769229], [7643.867646153845, 14826.334830769229], [7613.107615384614, 14826.334830769229], [7582.347584615383, 14826.334830769229], [7551.587553846152, 14826.334830769229], [7536.207538461537, 14810.954815384614], [7520.827523076922, 14795.574799999997], [7505.447507692306, 14780.194784615382], [7490.067492307691, 14764.814769230767], [7474.687476923075, 14749.434753846152], [7459.30746153846, 14734.054738461537], [7428.547430769229, 14734.054738461537], [7413.167415384614, 14718.67472307692], [7397.787399999999, 14703.294707692305], [7382.407384615383, 14687.91469230769], [7367.027369230768, 14672.534676923075], [7351.647353846152, 14657.15466153846], [7336.267338461537, 14641.774646153843], [7305.507307692306, 14641.774646153843], [7290.127292307691, 14626.394630769228], [7274.747276923076, 14611.014615384613], [7259.36726153846, 14595.634599999998], [7243.987246153845, 14580.254584615383], [7228.607230769229, 14564.874569230768], [7213.227215384614, 14549.49455384615], [7197.847199999999, 14534.114538461536], [7182.467184615383, 14518.73452307692], [7167.087169230768, 14503.354507692306], [7151.707153846152, 14487.97449230769], [7136.327138461537, 14472.594476923074], [7120.947123076922, 14457.214461538459], [7105.567107692306, 14441.834446153844], [7105.567107692306, 14411.074415384614], [7090.187092307691, 14395.694399999997], [7074.807076923076, 14380.314384615382], [7074.807076923076, 14349.554353846152], [7074.807076923076, 14318.79432307692], [7059.42706153846, 14303.414307692305], [7044.047046153845, 14288.03429230769], [7044.047046153845, 14257.27426153846], [7028.667030769229, 14241.894246153845], [7013.287015384614, 14226.514230769228], [6997.906999999999, 14211.134215384613], [6982.526984615383, 14195.754199999998], [6982.526984615383, 14164.994169230768], [6967.146969230768, 14149.61415384615], [6951.766953846153, 14134.234138461536], [6936.386938461537, 14118.85412307692], [6921.006923076922, 14103.474107692306], [6905.626907692306, 14088.09409230769], [6890.246892307691, 14072.714076923074], [6874.866876923076, 14057.334061538459], [6859.48686153846, 14041.954046153844], [6844.106846153845, 14026.574030769229], [6828.726830769229, 14011.194015384614], [6813.346815384614, 13995.813999999997], [6797.966799999999, 13980.433984615382], [6782.586784615383, 13965.053969230767], [6767.206769230768, 13949.673953846152], [6751.826753846153, 13934.293938461537], [6736.446738461537, 13918.913923076921], [6721.066723076922, 13903.533907692305], [6705.686707692306, 13888.15389230769], [6705.686707692306, 13857.39386153846], [6690.306692307691, 13842.013846153844], [6674.926676923076, 13826.633830769228], [6659.54666153846, 13811.253815384613], [6644.166646153845, 13795.873799999998], [6628.78663076923, 13780.493784615383], [6613.406615384614, 13795.873799999998], [6613.406615384614, 13826.633830769228], [6598.026599999999, 13842.013846153844], [6582.646584615383, 13857.39386153846], [6567.266569230768, 13872.773876923075], [6551.886553846153, 13888.15389230769], [6536.506538461537, 13903.533907692305], [6521.126523076922, 13918.913923076921], [6505.746507692306, 13934.293938461537], [6490.366492307691, 13949.673953846152], [6474.986476923076, 13965.053969230767], [6459.60646153846, 13980.433984615382], [6459.60646153846, 14011.194015384614], [6444.226446153845, 14026.574030769229], [6428.84643076923, 14041.954046153844], [6428.84643076923, 14072.714076923074], [6413.466415384614, 14088.09409230769], [6398.086399999999, 14103.474107692306], [6398.086399999999, 14134.234138461536], [6398.086399999999, 14164.994169230768], [6398.086399999999, 14195.754199999998], [6382.706384615383, 14211.134215384613], [6367.326369230768, 14226.514230769228], [6351.946353846153, 14241.894246153845], [6336.566338461537, 14257.27426153846], [6321.186323076922, 14272.654276923075], [6305.806307692307, 14288.03429230769], [6290.426292307691, 14303.414307692305], [6275.046276923076, 14318.79432307692], [6259.66626153846, 14334.174338461537], [6244.286246153845, 14349.554353846152], [6228.90623076923, 14364.934369230767], [6213.526215384614, 14380.314384615382], [6228.90623076923, 14395.694399999997], [6244.286246153845, 14411.074415384614], [6259.66626153846, 14426.454430769229], [6275.046276923076, 14441.834446153844], [6290.426292307691, 14457.214461538459], [6321.186323076922, 14457.214461538459], [6351.946353846153, 14457.214461538459], [6367.326369230768, 14472.594476923074], [6382.706384615383, 14487.97449230769], [6413.466415384614, 14487.97449230769], [6444.226446153845, 14487.97449230769], [6459.60646153846, 14503.354507692306], [6474.986476923076, 14518.73452307692], [6490.366492307691, 14503.354507692306], [6505.746507692306, 14487.97449230769], [6521.126523076922, 14472.594476923074], [6536.506538461537, 14457.214461538459], [6551.886553846153, 14441.834446153844], [6567.266569230768, 14426.454430769229], [6582.646584615383, 14411.074415384614], [6598.026599999999, 14395.694399999997], [6628.78663076923, 14395.694399999997], [6659.54666153846, 14395.694399999997], [6690.306692307691, 14395.694399999997], [6721.066723076922, 14395.694399999997], [6736.446738461537, 14411.074415384614], [6751.826753846153, 14426.454430769229], [6767.206769230768, 14441.834446153844], [6782.586784615383, 14457.214461538459], [6797.966799999999, 14472.594476923074], [6813.346815384614, 14487.97449230769], [6828.726830769229, 14503.354507692306], [6844.106846153845, 14518.73452307692], [6859.48686153846, 14534.114538461536], [6874.866876923076, 14549.49455384615], [6890.246892307691, 14564.874569230768], [6905.626907692306, 14580.254584615383], [6921.006923076922, 14595.634599999998], [6921.006923076922, 14626.394630769228], [6921.006923076922, 14657.15466153846], [6936.386938461537, 14672.534676923075], [6951.766953846153, 14687.91469230769], [6967.146969230768, 14703.294707692305], [6982.526984615383, 14718.67472307692], [6982.526984615383, 14749.434753846152], [6982.526984615383, 14780.194784615382], [6982.526984615383, 14810.954815384614], [6982.526984615383, 14841.714846153844], [6982.526984615383, 14872.474876923074], [6982.526984615383, 14903.234907692306], [6982.526984615383, 14933.994938461536], [6982.526984615383, 14964.754969230766], [6967.146969230768, 14980.134984615383], [6951.766953846153, 14995.514999999998], [6936.386938461537, 15010.895015384613], [6921.006923076922, 15026.275030769228], [6921.006923076922, 15057.03506153846], [6905.626907692306, 15072.415076923075], [6890.246892307691, 15087.79509230769], [6905.626907692306, 15103.175107692305], [6921.006923076922, 15087.79509230769], [6936.386938461537, 15072.415076923075], [6967.146969230768, 15072.415076923075], [6997.906999999999, 15072.415076923075], [7028.667030769229, 15072.415076923075], [7059.42706153846, 15072.415076923075], [7090.187092307691, 15072.415076923075], [7120.947123076922, 15072.415076923075], [7136.327138461537, 15087.79509230769], [7151.707153846152, 15103.175107692305], [7167.087169230768, 15118.55512307692], [7182.467184615383, 15133.935138461537], [7197.847199999999, 15149.315153846152], [7213.227215384614, 15164.695169230767], [7228.607230769229, 15180.075184615382], [7243.987246153845, 15195.455199999997], [7259.36726153846, 15210.835215384614], [7274.747276923076, 15226.215230769229], [7290.127292307691, 15241.595246153844], [7305.507307692306, 15256.975261538459], [7320.887323076922, 15272.355276923074], [7336.267338461537, 15287.735292307689], [7367.027369230768, 15287.735292307689], [7397.787399999999, 15287.735292307689], [7428.547430769229, 15287.735292307689], [7459.30746153846, 15287.735292307689], [7490.067492307691, 15287.735292307689], [7520.827523076922, 15287.735292307689], [7551.587553846152, 15287.735292307689], [7582.347584615383, 15287.735292307689], [7613.107615384614, 15287.735292307689], [7643.867646153845, 15287.735292307689], [7674.627676923075, 15287.735292307689], [7705.387707692306, 15287.735292307689], [7720.767723076922, 15303.115307692306], [7736.147738461537, 15318.49532307692], [7766.907769230768, 15318.49532307692], [7782.287784615383, 15333.875338461536], [7797.667799999998, 15349.25535384615], [7828.427830769229, 15349.25535384615], [7859.18786153846, 15349.25535384615], [7874.567876923075, 15364.635369230766], [7889.947892307691, 15380.015384615383], [7905.327907692306, 15395.395399999998], [7920.707923076922, 15410.775415384613], [7936.087938461537, 15426.155430769228], [7951.467953846152, 15441.535446153843], [7966.847969230768, 15456.91546153846], [7982.227984615383, 15472.295476923075], [7997.607999999998, 15487.67549230769], [8012.988015384614, 15503.055507692305], [8043.748046153845, 15503.055507692305], [8059.12806153846, 15487.67549230769]], [[6275.046276923076, 13088.39309230769], [6275.046276923076, 13057.63306153846], [6259.66626153846, 13042.253046153844], [6244.286246153845, 13026.873030769228], [6244.286246153845, 12996.112999999998], [6228.90623076923, 12980.732984615383], [6198.146199999999, 12980.732984615383], [6167.386169230768, 12980.732984615383], [6136.626138461537, 12980.732984615383], [6105.866107692307, 12980.732984615383], [6090.486092307691, 12965.352969230767], [6075.106076923076, 12949.972953846152], [6059.72606153846, 12965.352969230767], [6044.346046153845, 12980.732984615383], [6028.96603076923, 12996.112999999998], [6044.346046153845, 13011.493015384613], [6075.106076923076, 13011.493015384613], [6105.866107692307, 13011.493015384613], [6121.246123076922, 13026.873030769228], [6136.626138461537, 13042.253046153844], [6167.386169230768, 13042.253046153844], [6182.766184615383, 13057.63306153846], [6198.146199999999, 13073.013076923075], [6228.90623076923, 13073.013076923075], [6244.286246153845, 13088.39309230769], [6259.66626153846, 13103.773107692305], [6275.046276923076, 13088.39309230769]]]}, "properties": {"objectType": "annotation", "name": "P2_3_C|rim_11", "classification": {"name": "rim", "color": [201, 133, 0]}, "lesion_id": 11, "section": "P2_3_C", "area_um2": 150549.99999999942}}, {"type": "Feature", "geometry": {"type": "Polygon", "coordinates": [[[2168.5821692307686, 18548.298553846147], [2137.822138461538, 18548.298553846147], [2122.4421230769226, 18532.918538461534], [2122.4421230769226, 18502.158507692304], [2137.822138461538, 18486.778492307687], [2153.202153846153, 18471.39847692307], [2153.202153846153, 18440.63844615384], [2153.202153846153, 18409.87841538461], [2153.202153846153, 18379.11838461538], [2153.202153846153, 18348.35835384615], [2153.202153846153, 18317.598323076916], [2137.822138461538, 18302.218307692303], [2122.4421230769226, 18286.838292307686], [2122.4421230769226, 18256.078261538456], [2122.4421230769226, 18225.318230769226], [2122.4421230769226, 18194.558199999996], [2122.4421230769226, 18163.798169230766], [2107.062107692307, 18148.41815384615], [2091.6820923076916, 18133.038138461532], [2091.6820923076916, 18102.278107692302], [2091.6820923076916, 18071.518076923072], [2091.6820923076916, 18040.758046153842], [2091.6820923076916, 18009.99801538461], [2107.062107692307, 17994.617999999995], [2122.4421230769226, 17979.237984615378], [2122.4421230769226, 17948.477953846148], [2122.4421230769226, 17917.717923076918], [2137.822138461538, 17902.3379076923], [2153.202153846153, 17886.957892307688], [2153.202153846153, 17856.197861538458], [2153.202153846153, 17825.437830769224], [2153.202153846153, 17794.677799999994], [2137.822138461538, 17779.29778461538], [2122.4421230769226, 17763.917769230764], [2122.4421230769226, 17733.157738461534], [2107.062107692307, 17717.777723076917], [2091.6820923076916, 17702.397707692304], [2076.3020769230766, 17687.017692307687], [2060.922061538461, 17671.63767692307], [2060.922061538461, 17640.87764615384], [2060.922061538461, 17610.11761538461], [2060.922061538461, 17579.35758461538], [2045.5420461538456, 17563.977569230763], [2030.1620307692303, 17548.59755384615], [2030.1620307692303, 17517.83752307692], [2030.1620307692303, 17487.077492307686], [2014.7820153846149, 17471.697476923073], [1999.4019999999996, 17456.317461538456], [1999.4019999999996, 17425.557430769226], [1999.4019999999996, 17394.797399999996], [1999.4019999999996, 17364.037369230766], [2014.7820153846149, 17348.65735384615], [2045.5420461538456, 17348.65735384615], [2076.3020769230766, 17348.65735384615], [2107.062107692307, 17348.65735384615], [2137.822138461538, 17348.65735384615], [2153.202153846153, 17333.277338461532], [2168.5821692307686, 17317.89732307692], [2183.962184615384, 17302.517307692302], [2199.3421999999996, 17287.13729230769], [2230.10223076923, 17287.13729230769], [2245.4822461538456, 17271.757276923072], [2260.862261538461, 17256.377261538455], [2291.6222923076916, 17256.377261538455], [2322.3823230769226, 17256.377261538455], [2353.142353846153, 17256.377261538455], [2368.5223692307686, 17271.757276923072], [2383.902384615384, 17287.13729230769], [2414.6624153846146, 17287.13729230769], [2445.4224461538456, 17287.13729230769], [2460.802461538461, 17302.517307692302], [2476.182476923076, 17317.89732307692], [2506.942507692307, 17317.89732307692], [2522.3225230769226, 17333.277338461532], [2537.7025384615376, 17348.65735384615], [2553.082553846153, 17364.037369230766], [2568.4625692307686, 17379.41738461538], [2583.842584615384, 17394.797399999996], [2599.222599999999, 17410.17741538461], [2614.6026153846146, 17425.557430769226], [2629.98263076923, 17440.937446153843], [2660.742661538461, 17440.937446153843], [2676.122676923076, 17456.317461538456], [2691.5026923076916, 17471.697476923073], [2706.882707692307, 17456.317461538456], [2722.2627230769226, 17440.937446153843], [2753.022753846153, 17440.937446153843], [2783.782784615384, 17440.937446153843], [2814.5428153846146, 17440.937446153843], [2829.92283076923, 17456.317461538456], [2845.3028461538456, 17471.697476923073], [2860.6828615384607, 17487.077492307686], [2876.062876923076, 17502.457507692303], [2891.4428923076916, 17517.83752307692], [2906.822907692307, 17533.217538461533], [2922.202923076922, 17548.59755384615], [2937.5829384615377, 17563.977569230763], [2952.962953846153, 17579.35758461538], [2952.962953846153, 17610.11761538461], [2952.962953846153, 17640.87764615384], [2952.962953846153, 17671.63767692307], [2952.962953846153, 17702.397707692304], [2952.962953846153, 17733.157738461534], [2937.5829384615377, 17748.537753846147], [2922.202923076922, 17763.917769230764], [2906.822907692307, 17779.29778461538], [2891.4428923076916, 17794.677799999994], [2876.062876923076, 17810.05781538461], [2860.6828615384607, 17825.437830769224], [2845.3028461538456, 17840.81784615384], [2814.5428153846146, 17840.81784615384], [2783.782784615384, 17840.81784615384], [2768.4027692307686, 17825.437830769224], [2753.022753846153, 17810.05781538461], [2737.6427384615376, 17794.677799999994], [2722.2627230769226, 17779.29778461538], [2691.5026923076916, 17779.29778461538], [2676.122676923076, 17794.677799999994], [2660.742661538461, 17810.05781538461], [2645.3626461538456, 17825.437830769224], [2629.98263076923, 17840.81784615384], [2614.6026153846146, 17856.197861538458], [2614.6026153846146, 17886.957892307688], [2614.6026153846146, 17917.717923076918], [2599.222599999999, 17933.097938461535], [2583.842584615384, 17948.477953846148], [2583.842584615384, 17979.237984615378], [2583.842584615384, 18009.99801538461], [2568.4625692307686, 18025.378030769225], [2553.082553846153, 18040.758046153842], [2553.082553846153, 18071.518076923072], [2553.082553846153, 18102.278107692302], [2553.082553846153, 18133.038138461532], [2553.082553846153, 18163.798169230766], [2537.7025384615376, 18179.17818461538], [2522.3225230769226, 18194.558199999996], [2522.3225230769226, 18225.318230769226], [2522.3225230769226, 18256.078261538456], [2506.942507692307, 18271.458276923073], [2491.5624923076916, 18286.838292307686], [2491.5624923076916, 18317.598323076916], [2476.182476923076, 18332.978338461533], [2460.802461538461, 18348.35835384615], [2460.802461538461, 18379.11838461538], [2445.4224461538456, 18394.498399999993], [2430.04243076923, 18409.87841538461], [2414.6624153846146, 18425.258430769227], [2399.2823999999996, 18440.63844615384], [2383.902384615384, 18456.018461538457], [2353.142353846153, 18456.018461538457], [2322.3823230769226, 18456.018461538457], [2291.6222923076916, 18456.018461538457], [2260.862261538461, 18456.018461538457], [2245.4822461538456, 18471.39847692307], [2230.10223076923, 18486.778492307687], [2214.7222153846146, 18502.158507692304], [2199.3421999999996, 18517.538523076917], [2183.962184615384, 18532.918538461534], [2168.5821692307686, 18548.298553846147]]]}, "properties": {"objectType": "annotation", "name": "P2_3_C|lesion_12", "classification": {"name": "lesion", "color": [255, 0, 0]}, "lesion_id": 12, "section": "P2_3_C", "area_um2": 70249.99999999996}}, {"type": "Feature", "geometry": {"type": "Polygon", "coordinates": [[[2168.5821692307686, 18332.978338461533], [2153.202153846153, 18317.598323076916], [2137.822138461538, 18302.218307692303], [2122.4421230769226, 18286.838292307686], [2122.4421230769226, 18256.078261538456], [2122.4421230769226, 18225.318230769226], [2122.4421230769226, 18194.558199999996], [2122.4421230769226, 18163.798169230766], [2107.062107692307, 18148.41815384615], [2091.6820923076916, 18133.038138461532], [2091.6820923076916, 18102.278107692302], [2091.6820923076916, 18071.518076923072], [2091.6820923076916, 18040.758046153842], [2091.6820923076916, 18009.99801538461], [2107.062107692307, 17994.617999999995], [2122.4421230769226, 17979.237984615378], [2122.4421230769226, 17948.477953846148], [2122.4421230769226, 17917.717923076918], [2137.822138461538, 17902.3379076923], [2153.202153846153, 17886.957892307688], [2153.202153846153, 17856.197861538458], [2153.202153846153, 17825.437830769224], [2153.202153846153, 17794.677799999994], [2137.822138461538, 17779.29778461538], [2122.4421230769226, 17763.917769230764], [2122.4421230769226, 17733.157738461534], [2107.062107692307, 17717.777723076917], [2091.6820923076916, 17702.397707692304], [2076.3020769230766, 17687.017692307687], [2060.922061538461, 17671.63767692307], [2060.922061538461, 17640.87764615384], [2060.922061538461, 17610.11761538461], [2060.922061538461, 17579.35758461538], [2045.5420461538456, 17563.977569230763], [2030.1620307692303, 17548.59755384615], [2045.5420461538456, 17533.217538461533], [2060.922061538461, 17517.83752307692], [2076.3020769230766, 17502.457507692303], [2107.062107692307, 17502.457507692303], [2137.822138461538, 17502.457507692303], [2168.5821692307686, 17502.457507692303], [2199.3421999999996, 17502.457507692303], [2214.7222153846146, 17487.077492307686], [2230.10223076923, 17471.697476923073], [2245.4822461538456, 17456.317461538456], [2260.862261538461, 17440.937446153843], [2291.6222923076916, 17440.937446153843], [2322.3823230769226, 17440.937446153843], [2353.142353846153, 17440.937446153843], [2383.902384615384, 17440.937446153843], [2399.2823999999996, 17456.317461538456], [2414.6624153846146, 17471.697476923073], [2445.4224461538456, 17471.697476923073], [2460.802461538461, 17487.077492307686], [2476.182476923076, 17502.457507692303], [2491.5624923076916, 17517.83752307692], [2506.942507692307, 17533.217538461533], [2522.3225230769226, 17548.59755384615], [2537.7025384615376, 17563.977569230763], [2553.082553846153, 17579.35758461538], [2568.4625692307686, 17594.737599999997], [2599.222599999999, 17594.737599999997], [2614.6026153846146, 17610.11761538461], [2614.6026153846146, 17640.87764615384], [2599.222599999999, 17656.257661538457], [2583.842584615384, 17671.63767692307], [2568.4625692307686, 17687.017692307687], [2553.082553846153, 17702.397707692304], [2537.7025384615376, 17717.777723076917], [2522.3225230769226, 17733.157738461534], [2506.942507692307, 17748.537753846147], [2491.5624923076916, 17763.917769230764], [2476.182476923076, 17779.29778461538], [2460.802461538461, 17794.677799999994], [2460.802461538461, 17825.437830769224], [2460.802461538461, 17856.197861538458], [2445.4224461538456, 17871.57787692307], [2430.04243076923, 17886.957892307688], [2430.04243076923, 17917.717923076918], [2430.04243076923, 17948.477953846148], [2414.6624153846146, 17963.857969230765], [2399.2823999999996, 17979.237984615378], [2399.2823999999996, 18009.99801538461], [2399.2823999999996, 18040.758046153842], [2399.2823999999996, 18071.518076923072], [2399.2823999999996, 18102.278107692302], [2383.902384615384, 18117.65812307692], [2368.5223692307686, 18133.038138461532], [2368.5223692307686, 18163.798169230766], [2368.5223692307686, 18194.558199999996], [2353.142353846153, 18209.93821538461], [2337.762338461538, 18225.318230769226], [2337.762338461538, 18256.078261538456], [2322.3823230769226, 18271.458276923073], [2307.002307692307, 18286.838292307686], [2291.6222923076916, 18302.218307692303], [2260.862261538461, 18302.218307692303], [2230.10223076923, 18302.218307692303], [2199.3421999999996, 18302.218307692303], [2183.962184615384, 18317.598323076916], [2168.5821692307686, 18332.978338461533]]]}, "properties": {"objectType": "annotation", "name": "P2_3_C|core_12", "classification": {"name": "core", "color": [230, 103, 103]}, "lesion_id": 12, "section": "P2_3_C", "area_um2": 30549.999999999964}}, {"type": "Feature", "geometry": {"type": "Polygon", "coordinates": [[[2168.5821692307686, 18548.298553846147], [2137.822138461538, 18548.298553846147], [2122.4421230769226, 18532.918538461534], [2122.4421230769226, 18502.158507692304], [2137.822138461538, 18486.778492307687], [2153.202153846153, 18471.39847692307], [2153.202153846153, 18440.63844615384], [2153.202153846153, 18409.87841538461], [2153.202153846153, 18379.11838461538], [2153.202153846153, 18348.35835384615], [2168.5821692307686, 18332.978338461533], [2183.962184615384, 18317.598323076916], [2199.3421999999996, 18302.218307692303], [2230.10223076923, 18302.218307692303], [2260.862261538461, 18302.218307692303], [2291.6222923076916, 18302.218307692303], [2307.002307692307, 18286.838292307686], [2322.3823230769226, 18271.458276923073], [2337.762338461538, 18256.078261538456], [2337.762338461538, 18225.318230769226], [2353.142353846153, 18209.93821538461], [2368.5223692307686, 18194.558199999996], [2368.5223692307686, 18163.798169230766], [2368.5223692307686, 18133.038138461532], [2383.902384615384, 18117.65812307692], [2399.2823999999996, 18102.278107692302], [2399.2823999999996, 18071.518076923072], [2399.2823999999996, 18040.758046153842], [2399.2823999999996, 18009.99801538461], [2399.2823999999996, 17979.237984615378], [2414.6624153846146, 17963.857969230765], [2430.04243076923, 17948.477953846148], [2430.04243076923, 17917.717923076918], [2430.04243076923, 17886.957892307688], [2445.4224461538456, 17871.57787692307], [2460.802461538461, 17856.197861538458], [2460.802461538461, 17825.437830769224], [2460.802461538461, 17794.677799999994], [2476.182476923076, 17779.29778461538], [2491.5624923076916, 17763.917769230764], [2506.942507692307, 17748.537753846147], [2522.3225230769226, 17733.157738461534], [2537.7025384615376, 17717.777723076917], [2553.082553846153, 17702.397707692304], [2568.4625692307686, 17687.017692307687], [2583.842584615384, 17671.63767692307], [2599.222599999999, 17656.257661538457], [2614.6026153846146, 17640.87764615384], [2614.6026153846146, 17610.11761538461], [2599.222599999999, 17594.737599999997], [2568.4625692307686, 17594.737599999997], [2553.082553846153, 17579.35758461538], [2537.7025384615376, 17563.977569230763], [2522.3225230769226, 17548.59755384615], [2506.942507692307, 17533.217538461533], [2491.5624923076916, 17517.83752307692], [2476.182476923076, 17502.457507692303], [2460.802461538461, 17487.077492307686], [2445.4224461538456, 17471.697476923073], [2414.6624153846146, 17471.697476923073], [2399.2823999999996, 17456.317461538456], [2383.902384615384, 17440.937446153843], [2353.142353846153, 17440.937446153843], [2322.3823230769226, 17440.937446153843], [2291.6222923076916, 17440.937446153843], [2260.862261538461, 17440.937446153843], [2245.4822461538456, 17456.317461538456], [2230.10223076923, 17471.697476923073], [2214.7222153846146, 17487.077492307686], [2199.3421999999996, 17502.457507692303], [2168.5821692307686, 17502.457507692303], [2137.822138461538, 17502.457507692303], [2107.062107692307, 17502.457507692303], [2076.3020769230766, 17502.457507692303], [2060.922061538461, 17517.83752307692], [2045.5420461538456, 17533.217538461533], [2030.1620307692303, 17517.83752307692], [2030.1620307692303, 17487.077492307686], [2014.7820153846149, 17471.697476923073], [1999.4019999999996, 17456.317461538456], [1999.4019999999996, 17425.557430769226], [1999.4019999999996, 17394.797399999996], [1999.4019999999996, 17364.037369230766], [2014.7820153846149, 17348.65735384615], [2045.5420461538456, 17348.65735384615], [2076.3020769230766, 17348.65735384615], [2107.062107692307, 17348.65735384615], [2137.822138461538, 17348.65735384615], [2153.202153846153, 17333.277338461532], [2168.5821692307686, 17317.89732307692], [2183.962184615384, 17302.517307692302], [2199.3421999999996, 17287.13729230769], [2230.10223076923, 17287.13729230769], [2245.4822461538456, 17271.757276923072], [2260.862261538461, 17256.377261538455], [2291.6222923076916, 17256.377261538455], [2322.3823230769226, 17256.377261538455], [2353.142353846153, 17256.377261538455], [2368.5223692307686, 17271.757276923072], [2383.902384615384, 17287.13729230769], [2414.6624153846146, 17287.13729230769], [2445.4224461538456, 17287.13729230769], [2460.802461538461, 17302.517307692302], [2476.182476923076, 17317.89732307692], [2506.942507692307, 17317.89732307692], [2522.3225230769226, 17333.277338461532], [2537.7025384615376, 17348.65735384615], [2553.082553846153, 17364.037369230766], [2568.4625692307686, 17379.41738461538], [2583.842584615384, 17394.797399999996], [2599.222599999999, 17410.17741538461], [2614.6026153846146, 17425.557430769226], [2629.98263076923, 17440.937446153843], [2660.742661538461, 17440.937446153843], [2676.122676923076, 17456.317461538456], [2691.5026923076916, 17471.697476923073], [2706.882707692307, 17456.317461538456], [2722.2627230769226, 17440.937446153843], [2753.022753846153, 17440.937446153843], [2783.782784615384, 17440.937446153843], [2814.5428153846146, 17440.937446153843], [2829.92283076923, 17456.317461538456], [2845.3028461538456, 17471.697476923073], [2860.6828615384607, 17487.077492307686], [2876.062876923076, 17502.457507692303], [2891.4428923076916, 17517.83752307692], [2906.822907692307, 17533.217538461533], [2922.202923076922, 17548.59755384615], [2937.5829384615377, 17563.977569230763], [2952.962953846153, 17579.35758461538], [2952.962953846153, 17610.11761538461], [2952.962953846153, 17640.87764615384], [2952.962953846153, 17671.63767692307], [2952.962953846153, 17702.397707692304], [2952.962953846153, 17733.157738461534], [2937.5829384615377, 17748.537753846147], [2922.202923076922, 17763.917769230764], [2906.822907692307, 17779.29778461538], [2891.4428923076916, 17794.677799999994], [2876.062876923076, 17810.05781538461], [2860.6828615384607, 17825.437830769224], [2845.3028461538456, 17840.81784615384], [2814.5428153846146, 17840.81784615384], [2783.782784615384, 17840.81784615384], [2768.4027692307686, 17825.437830769224], [2753.022753846153, 17810.05781538461], [2737.6427384615376, 17794.677799999994], [2722.2627230769226, 17779.29778461538], [2691.5026923076916, 17779.29778461538], [2676.122676923076, 17794.677799999994], [2660.742661538461, 17810.05781538461], [2645.3626461538456, 17825.437830769224], [2629.98263076923, 17840.81784615384], [2614.6026153846146, 17856.197861538458], [2614.6026153846146, 17886.957892307688], [2614.6026153846146, 17917.717923076918], [2599.222599999999, 17933.097938461535], [2583.842584615384, 17948.477953846148], [2583.842584615384, 17979.237984615378], [2583.842584615384, 18009.99801538461], [2568.4625692307686, 18025.378030769225], [2553.082553846153, 18040.758046153842], [2553.082553846153, 18071.518076923072], [2553.082553846153, 18102.278107692302], [2553.082553846153, 18133.038138461532], [2553.082553846153, 18163.798169230766], [2537.7025384615376, 18179.17818461538], [2522.3225230769226, 18194.558199999996], [2522.3225230769226, 18225.318230769226], [2522.3225230769226, 18256.078261538456], [2506.942507692307, 18271.458276923073], [2491.5624923076916, 18286.838292307686], [2491.5624923076916, 18317.598323076916], [2476.182476923076, 18332.978338461533], [2460.802461538461, 18348.35835384615], [2460.802461538461, 18379.11838461538], [2445.4224461538456, 18394.498399999993], [2430.04243076923, 18409.87841538461], [2414.6624153846146, 18425.258430769227], [2399.2823999999996, 18440.63844615384], [2383.902384615384, 18456.018461538457], [2353.142353846153, 18456.018461538457], [2322.3823230769226, 18456.018461538457], [2291.6222923076916, 18456.018461538457], [2260.862261538461, 18456.018461538457], [2245.4822461538456, 18471.39847692307], [2230.10223076923, 18486.778492307687], [2214.7222153846146, 18502.158507692304], [2199.3421999999996, 18517.538523076917], [2183.962184615384, 18532.918538461534], [2168.5821692307686, 18548.298553846147]]]}, "properties": {"objectType": "annotation", "name": "P2_3_C|rim_12", "classification": {"name": "rim", "color": [201, 133, 0]}, "lesion_id": 12, "section": "P2_3_C", "area_um2": 39650.000000000015}}, {"type": "Feature", "geometry": {"type": "Polygon", "coordinates": [[[3921.903923076922, 19563.379569230765], [3891.143892307691, 19563.379569230765], [3860.3838615384607, 19563.379569230765], [3845.003846153845, 19547.999553846148], [3829.6238307692297, 19532.619538461535], [3814.2438153846147, 19517.239523076918], [3814.2438153846147, 19486.479492307688], [3829.6238307692297, 19471.09947692307], [3845.003846153845, 19455.719461538458], [3829.6238307692297, 19440.33944615384], [3814.2438153846147, 19424.959430769224], [3814.2438153846147, 19394.199399999994], [3814.2438153846147, 19363.439369230764], [3814.2438153846147, 19332.679338461534], [3798.863799999999, 19317.299323076917], [3783.4837846153837, 19301.919307692304], [3798.863799999999, 19286.539292307687], [3814.2438153846147, 19271.15927692307], [3829.6238307692297, 19255.779261538457], [3845.003846153845, 19240.39924615384], [3860.3838615384607, 19225.019230769227], [3891.143892307691, 19225.019230769227], [3921.903923076922, 19225.019230769227], [3937.2839384615377, 19209.63921538461], [3952.663953846153, 19194.259199999993], [3983.4239846153837, 19194.259199999993], [4014.1840153846147, 19194.259199999993], [4044.944046153845, 19194.259199999993], [4075.704076923076, 19194.259199999993], [4106.464107692307, 19194.259199999993], [4137.224138461538, 19194.259199999993], [4167.984169230769, 19194.259199999993], [4183.364184615384, 19178.87918461538], [4198.744199999999, 19163.499169230763], [4214.124215384615, 19178.87918461538], [4229.50423076923, 19194.259199999993], [4244.884246153845, 19209.63921538461], [4260.264261538461, 19225.019230769227], [4275.644276923076, 19240.39924615384], [4291.024292307692, 19255.779261538457], [4306.404307692307, 19271.15927692307], [4321.784323076922, 19286.539292307687], [4337.164338461538, 19301.919307692304], [4321.784323076922, 19317.299323076917], [4306.404307692307, 19332.679338461534], [4306.404307692307, 19363.439369230764], [4291.024292307692, 19378.81938461538], [4275.644276923076, 19394.199399999994], [4260.264261538461, 19409.57941538461], [4244.884246153845, 19424.959430769224], [4229.50423076923, 19440.33944615384], [4214.124215384615, 19455.719461538458], [4198.744199999999, 19471.09947692307], [4167.984169230769, 19471.09947692307], [4152.604153846153, 19486.479492307688], [4137.224138461538, 19501.8595076923], [4121.844123076922, 19517.239523076918], [4106.464107692307, 19532.619538461535], [4075.704076923076, 19532.619538461535], [4044.944046153845, 19532.619538461535], [4014.1840153846147, 19532.619538461535], [3983.4239846153837, 19532.619538461535], [3952.663953846153, 19532.619538461535], [3937.2839384615377, 19547.999553846148], [3921.903923076922, 19563.379569230765]]]}, "properties": {"objectType": "annotation", "name": "P2_3_C|lesion_14", "classification": {"name": "lesion", "color": [255, 0, 0]}, "lesion_id": 14, "section": "P2_3_C", "area_um2": 15550.000000000087}}, {"type": "Feature", "geometry": {"type": "Polygon", "coordinates": [[[3921.903923076922, 19563.379569230765], [3891.143892307691, 19563.379569230765], [3860.3838615384607, 19563.379569230765], [3845.003846153845, 19547.999553846148], [3829.6238307692297, 19532.619538461535], [3814.2438153846147, 19517.239523076918], [3814.2438153846147, 19486.479492307688], [3829.6238307692297, 19471.09947692307], [3845.003846153845, 19455.719461538458], [3829.6238307692297, 19440.33944615384], [3814.2438153846147, 19424.959430769224], [3814.2438153846147, 19394.199399999994], [3814.2438153846147, 19363.439369230764], [3814.2438153846147, 19332.679338461534], [3798.863799999999, 19317.299323076917], [3783.4837846153837, 19301.919307692304], [3798.863799999999, 19286.539292307687], [3814.2438153846147, 19271.15927692307], [3829.6238307692297, 19255.779261538457], [3845.003846153845, 19240.39924615384], [3860.3838615384607, 19225.019230769227], [3891.143892307691, 19225.019230769227], [3921.903923076922, 19225.019230769227], [3937.2839384615377, 19209.63921538461], [3952.663953846153, 19194.259199999993], [3983.4239846153837, 19194.259199999993], [4014.1840153846147, 19194.259199999993], [4044.944046153845, 19194.259199999993], [4075.704076923076, 19194.259199999993], [4106.464107692307, 19194.259199999993], [4137.224138461538, 19194.259199999993], [4167.984169230769, 19194.259199999993], [4183.364184615384, 19178.87918461538], [4198.744199999999, 19163.499169230763], [4214.124215384615, 19178.87918461538], [4229.50423076923, 19194.259199999993], [4244.884246153845, 19209.63921538461], [4260.264261538461, 19225.019230769227], [4275.644276923076, 19240.39924615384], [4291.024292307692, 19255.779261538457], [4306.404307692307, 19271.15927692307], [4321.784323076922, 19286.539292307687], [4337.164338461538, 19301.919307692304], [4321.784323076922, 19317.299323076917], [4306.404307692307, 19332.679338461534], [4306.404307692307, 19363.439369230764], [4291.024292307692, 19378.81938461538], [4275.644276923076, 19394.199399999994], [4260.264261538461, 19409.57941538461], [4244.884246153845, 19424.959430769224], [4229.50423076923, 19440.33944615384], [4214.124215384615, 19455.719461538458], [4198.744199999999, 19471.09947692307], [4167.984169230769, 19471.09947692307], [4152.604153846153, 19486.479492307688], [4137.224138461538, 19501.8595076923], [4121.844123076922, 19517.239523076918], [4106.464107692307, 19532.619538461535], [4075.704076923076, 19532.619538461535], [4044.944046153845, 19532.619538461535], [4014.1840153846147, 19532.619538461535], [3983.4239846153837, 19532.619538461535], [3952.663953846153, 19532.619538461535], [3937.2839384615377, 19547.999553846148], [3921.903923076922, 19563.379569230765]]]}, "properties": {"objectType": "annotation", "name": "P2_3_C|rim_14", "classification": {"name": "rim", "color": [201, 133, 0]}, "lesion_id": 14, "section": "P2_3_C", "area_um2": 15550.000000000087}}, {"type": "Feature", "geometry": {"type": "Polygon", "coordinates": [[[8535.908538461537, 20363.140369230765], [8505.148507692305, 20363.140369230765], [8474.388476923075, 20363.140369230765], [8459.00846153846, 20347.760353846148], [8443.628446153845, 20332.38033846153], [8428.24843076923, 20317.000323076918], [8412.868415384613, 20301.6203076923], [8397.488399999998, 20286.240292307688], [8382.108384615383, 20270.86027692307], [8366.728369230768, 20255.480261538454], [8351.348353846153, 20240.10024615384], [8335.968338461536, 20224.720230769224], [8335.968338461536, 20193.960199999994], [8335.968338461536, 20163.200169230764], [8320.588323076921, 20147.820153846147], [8305.208307692306, 20132.440138461534], [8305.208307692306, 20101.680107692304], [8305.208307692306, 20070.92007692307], [8320.588323076921, 20055.540061538457], [8335.968338461536, 20040.16004615384], [8320.588323076921, 20024.780030769227], [8305.208307692306, 20009.40001538461], [8320.588323076921, 19994.019999999993], [8335.968338461536, 19978.63998461538], [8335.968338461536, 19947.87995384615], [8335.968338461536, 19917.119923076916], [8351.348353846153, 19901.739907692303], [8366.728369230768, 19886.359892307686], [8366.728369230768, 19855.599861538456], [8382.108384615383, 19840.21984615384], [8397.488399999998, 19824.839830769226], [8412.868415384613, 19809.45981538461], [8428.24843076923, 19794.079799999996], [8443.628446153845, 19778.69978461538], [8459.00846153846, 19763.319769230762], [8474.388476923075, 19747.93975384615], [8489.76849230769, 19732.559738461532], [8505.148507692305, 19717.17972307692], [8535.908538461537, 19717.17972307692], [8566.668569230767, 19717.17972307692], [8582.048584615382, 19701.799707692302], [8597.4286, 19686.419692307685], [8612.808615384614, 19701.799707692302], [8628.18863076923, 19717.17972307692], [8643.568646153844, 19732.559738461532], [8658.94866153846, 19747.93975384615], [8674.328676923076, 19763.319769230762], [8658.94866153846, 19778.69978461538], [8643.568646153844, 19794.079799999996], [8643.568646153844, 19824.839830769226], [8643.568646153844, 19855.599861538456], [8643.568646153844, 19886.359892307686], [8643.568646153844, 19917.119923076916], [8643.568646153844, 19947.87995384615], [8643.568646153844, 19978.63998461538], [8643.568646153844, 20009.40001538461], [8658.94866153846, 20024.780030769227], [8674.328676923076, 20040.16004615384], [8674.328676923076, 20070.92007692307], [8674.328676923076, 20101.680107692304], [8674.328676923076, 20132.440138461534], [8674.328676923076, 20163.200169230764], [8674.328676923076, 20193.960199999994], [8658.94866153846, 20209.34021538461], [8643.568646153844, 20224.720230769224], [8643.568646153844, 20255.480261538454], [8628.18863076923, 20270.86027692307], [8612.808615384614, 20286.240292307688], [8597.4286, 20301.6203076923], [8582.048584615382, 20317.000323076918], [8566.668569230767, 20332.38033846153], [8551.288553846152, 20347.760353846148], [8535.908538461537, 20363.140369230765]]]}, "properties": {"objectType": "annotation", "name": "P2_3_L|lesion_15", "classification": {"name": "lesion", "color": [255, 0, 0]}, "lesion_id": 15, "section": "P2_3_L", "area_um2": 18950.000000000007}}, {"type": "Feature", "geometry": {"type": "Polygon", "coordinates": [[[8505.148507692305, 20209.34021538461], [8489.76849230769, 20193.960199999994], [8474.388476923075, 20178.58018461538], [8459.00846153846, 20163.200169230764], [8459.00846153846, 20132.440138461534], [8459.00846153846, 20101.680107692304], [8459.00846153846, 20070.92007692307], [8459.00846153846, 20040.16004615384], [8459.00846153846, 20009.40001538461], [8459.00846153846, 19978.63998461538], [8474.388476923075, 19963.259969230763], [8489.76849230769, 19947.87995384615], [8489.76849230769, 19917.119923076916], [8505.148507692305, 19901.739907692303], [8520.528523076922, 19917.119923076916], [8520.528523076922, 19947.87995384615], [8520.528523076922, 19978.63998461538], [8520.528523076922, 20009.40001538461], [8520.528523076922, 20040.16004615384], [8520.528523076922, 20070.92007692307], [8535.908538461537, 20086.300092307687], [8551.288553846152, 20101.680107692304], [8551.288553846152, 20132.440138461534], [8535.908538461537, 20147.820153846147], [8520.528523076922, 20163.200169230764], [8520.528523076922, 20193.960199999994], [8505.148507692305, 20209.34021538461]]]}, "properties": {"objectType": "annotation", "name": "P2_3_L|core_15", "classification": {"name": "core", "color": [230, 103, 103]}, "lesion_id": 15, "section": "P2_3_L", "area_um2": 1850.0000000000173}}, {"type": "Feature", "geometry": {"type": "Polygon", "coordinates": [[[8535.908538461537, 20363.140369230765], [8505.148507692305, 20363.140369230765], [8474.388476923075, 20363.140369230765], [8459.00846153846, 20347.760353846148], [8443.628446153845, 20332.38033846153], [8428.24843076923, 20317.000323076918], [8412.868415384613, 20301.6203076923], [8397.488399999998, 20286.240292307688], [8382.108384615383, 20270.86027692307], [8366.728369230768, 20255.480261538454], [8351.348353846153, 20240.10024615384], [8335.968338461536, 20224.720230769224], [8335.968338461536, 20193.960199999994], [8335.968338461536, 20163.200169230764], [8320.588323076921, 20147.820153846147], [8305.208307692306, 20132.440138461534], [8305.208307692306, 20101.680107692304], [8305.208307692306, 20070.92007692307], [8320.588323076921, 20055.540061538457], [8335.968338461536, 20040.16004615384], [8320.588323076921, 20024.780030769227], [8305.208307692306, 20009.40001538461], [8320.588323076921, 19994.019999999993], [8335.968338461536, 19978.63998461538], [8335.968338461536, 19947.87995384615], [8335.968338461536, 19917.119923076916], [8351.348353846153, 19901.739907692303], [8366.728369230768, 19886.359892307686], [8366.728369230768, 19855.599861538456], [8382.108384615383, 19840.21984615384], [8397.488399999998, 19824.839830769226], [8412.868415384613, 19809.45981538461], [8428.24843076923, 19794.079799999996], [8443.628446153845, 19778.69978461538], [8459.00846153846, 19763.319769230762], [8474.388476923075, 19747.93975384615], [8489.76849230769, 19732.559738461532], [8505.148507692305, 19717.17972307692], [8535.908538461537, 19717.17972307692], [8566.668569230767, 19717.17972307692], [8582.048584615382, 19701.799707692302], [8597.4286, 19686.419692307685], [8612.808615384614, 19701.799707692302], [8628.18863076923, 19717.17972307692], [8643.568646153844, 19732.559738461532], [8658.94866153846, 19747.93975384615], [8674.328676923076, 19763.319769230762], [8658.94866153846, 19778.69978461538], [8643.568646153844, 19794.079799999996], [8643.568646153844, 19824.839830769226], [8643.568646153844, 19855.599861538456], [8643.568646153844, 19886.359892307686], [8643.568646153844, 19917.119923076916], [8643.568646153844, 19947.87995384615], [8643.568646153844, 19978.63998461538], [8643.568646153844, 20009.40001538461], [8658.94866153846, 20024.780030769227], [8674.328676923076, 20040.16004615384], [8674.328676923076, 20070.92007692307], [8674.328676923076, 20101.680107692304], [8674.328676923076, 20132.440138461534], [8674.328676923076, 20163.200169230764], [8674.328676923076, 20193.960199999994], [8658.94866153846, 20209.34021538461], [8643.568646153844, 20224.720230769224], [8643.568646153844, 20255.480261538454], [8628.18863076923, 20270.86027692307], [8612.808615384614, 20286.240292307688], [8597.4286, 20301.6203076923], [8582.048584615382, 20317.000323076918], [8566.668569230767, 20332.38033846153], [8551.288553846152, 20347.760353846148], [8535.908538461537, 20363.140369230765]], [[8520.528523076922, 20193.960199999994], [8520.528523076922, 20163.200169230764], [8535.908538461537, 20147.820153846147], [8551.288553846152, 20132.440138461534], [8551.288553846152, 20101.680107692304], [8535.908538461537, 20086.300092307687], [8520.528523076922, 20070.92007692307], [8520.528523076922, 20040.16004615384], [8520.528523076922, 20009.40001538461], [8520.528523076922, 19978.63998461538], [8520.528523076922, 19947.87995384615], [8520.528523076922, 19917.119923076916], [8505.148507692305, 19901.739907692303], [8489.76849230769, 19917.119923076916], [8489.76849230769, 19947.87995384615], [8474.388476923075, 19963.259969230763], [8459.00846153846, 19978.63998461538], [8459.00846153846, 20009.40001538461], [8459.00846153846, 20040.16004615384], [8459.00846153846, 20070.92007692307], [8459.00846153846, 20101.680107692304], [8459.00846153846, 20132.440138461534], [8459.00846153846, 20163.200169230764], [8474.388476923075, 20178.58018461538], [8489.76849230769, 20193.960199999994], [8505.148507692305, 20209.34021538461], [8520.528523076922, 20193.960199999994]]]}, "properties": {"objectType": "annotation", "name": "P2_3_L|rim_15", "classification": {"name": "rim", "color": [201, 133, 0]}, "lesion_id": 15, "section": "P2_3_L", "area_um2": 17099.999999999993}}, {"type": "Feature", "geometry": {"type": "Polygon", "coordinates": [[[8074.508076923075, 20978.340984615377], [8043.748046153845, 20978.340984615377], [8012.988015384614, 20978.340984615377], [7982.227984615383, 20978.340984615377], [7966.847969230768, 20962.960969230764], [7951.467953846152, 20947.580953846147], [7920.707923076922, 20947.580953846147], [7889.947892307691, 20947.580953846147], [7874.567876923075, 20932.200938461534], [7859.18786153846, 20916.820923076917], [7843.807846153845, 20901.4409076923], [7828.427830769229, 20886.060892307687], [7813.047815384614, 20870.68087692307], [7813.047815384614, 20839.92084615384], [7813.047815384614, 20809.16081538461], [7813.047815384614, 20778.40078461538], [7828.427830769229, 20763.020769230763], [7843.807846153845, 20747.64075384615], [7843.807846153845, 20716.880723076916], [7859.18786153846, 20701.500707692303], [7874.567876923075, 20686.120692307686], [7889.947892307691, 20670.740676923073], [7905.327907692306, 20655.360661538456], [7920.707923076922, 20639.98064615384], [7936.087938461537, 20624.600630769226], [7951.467953846152, 20609.22061538461], [7982.227984615383, 20609.22061538461], [7997.607999999998, 20593.840599999996], [8012.988015384614, 20578.46058461538], [8043.748046153845, 20578.46058461538], [8059.12806153846, 20563.080569230762], [8074.508076923075, 20547.70055384615], [8105.268107692306, 20547.70055384615], [8120.648123076921, 20563.080569230762], [8136.028138461537, 20578.46058461538], [8166.788169230768, 20578.46058461538], [8197.5482, 20578.46058461538], [8212.928215384614, 20593.840599999996], [8228.30823076923, 20609.22061538461], [8243.688246153844, 20624.600630769226], [8259.06826153846, 20639.98064615384], [8274.448276923076, 20655.360661538456], [8274.448276923076, 20686.120692307686], [8259.06826153846, 20701.500707692303], [8243.688246153844, 20716.880723076916], [8243.688246153844, 20747.64075384615], [8228.30823076923, 20763.020769230763], [8212.928215384614, 20778.40078461538], [8197.5482, 20793.780799999993], [8182.168184615382, 20809.16081538461], [8182.168184615382, 20839.92084615384], [8182.168184615382, 20870.68087692307], [8166.788169230768, 20886.060892307687], [8151.408153846152, 20901.4409076923], [8136.028138461537, 20916.820923076917], [8120.648123076921, 20932.200938461534], [8105.268107692306, 20947.580953846147], [8089.888092307691, 20962.960969230764], [8074.508076923075, 20978.340984615377]]]}, "properties": {"objectType": "annotation", "name": "P2_3_L|lesion_16", "classification": {"name": "lesion", "color": [255, 0, 0]}, "lesion_id": 16, "section": "P2_3_L", "area_um2": 14049.999999999956}}, {"type": "Feature", "geometry": {"type": "Polygon", "coordinates": [[[8043.748046153845, 20824.540830769227], [8012.988015384614, 20824.540830769227], [7982.227984615383, 20824.540830769227], [7966.847969230768, 20809.16081538461], [7966.847969230768, 20778.40078461538], [7982.227984615383, 20763.020769230763], [7997.607999999998, 20747.64075384615], [8012.988015384614, 20732.260738461533], [8043.748046153845, 20732.260738461533], [8059.12806153846, 20747.64075384615], [8059.12806153846, 20778.40078461538], [8059.12806153846, 20809.16081538461], [8043.748046153845, 20824.540830769227]]]}, "properties": {"objectType": "annotation", "name": "P2_3_L|core_16", "classification": {"name": "core", "color": [230, 103, 103]}, "lesion_id": 16, "section": "P2_3_L", "area_um2": 750.0000000000099}}, {"type": "Feature", "geometry": {"type": "Polygon", "coordinates": [[[8074.508076923075, 20978.340984615377], [8043.748046153845, 20978.340984615377], [8012.988015384614, 20978.340984615377], [7982.227984615383, 20978.340984615377], [7966.847969230768, 20962.960969230764], [7951.467953846152, 20947.580953846147], [7920.707923076922, 20947.580953846147], [7889.947892307691, 20947.580953846147], [7874.567876923075, 20932.200938461534], [7859.18786153846, 20916.820923076917], [7843.807846153845, 20901.4409076923], [7828.427830769229, 20886.060892307687], [7813.047815384614, 20870.68087692307], [7813.047815384614, 20839.92084615384], [7813.047815384614, 20809.16081538461], [7813.047815384614, 20778.40078461538], [7828.427830769229, 20763.020769230763], [7843.807846153845, 20747.64075384615], [7843.807846153845, 20716.880723076916], [7859.18786153846, 20701.500707692303], [7874.567876923075, 20686.120692307686], [7889.947892307691, 20670.740676923073], [7905.327907692306, 20655.360661538456], [7920.707923076922, 20639.98064615384], [7936.087938461537, 20624.600630769226], [7951.467953846152, 20609.22061538461], [7982.227984615383, 20609.22061538461], [7997.607999999998, 20593.840599999996], [8012.988015384614, 20578.46058461538], [8043.748046153845, 20578.46058461538], [8059.12806153846, 20563.080569230762], [8074.508076923075, 20547.70055384615], [8105.268107692306, 20547.70055384615], [8120.648123076921, 20563.080569230762], [8136.028138461537, 20578.46058461538], [8166.788169230768, 20578.46058461538], [8197.5482, 20578.46058461538], [8212.928215384614, 20593.840599999996], [8228.30823076923, 20609.22061538461], [8243.688246153844, 20624.600630769226], [8259.06826153846, 20639.98064615384], [8274.448276923076, 20655.360661538456], [8274.448276923076, 20686.120692307686], [8259.06826153846, 20701.500707692303], [8243.688246153844, 20716.880723076916], [8243.688246153844, 20747.64075384615], [8228.30823076923, 20763.020769230763], [8212.928215384614, 20778.40078461538], [8197.5482, 20793.780799999993], [8182.168184615382, 20809.16081538461], [8182.168184615382, 20839.92084615384], [8182.168184615382, 20870.68087692307], [8166.788169230768, 20886.060892307687], [8151.408153846152, 20901.4409076923], [8136.028138461537, 20916.820923076917], [8120.648123076921, 20932.200938461534], [8105.268107692306, 20947.580953846147], [8089.888092307691, 20962.960969230764], [8074.508076923075, 20978.340984615377]], [[8059.12806153846, 20809.16081538461], [8059.12806153846, 20778.40078461538], [8059.12806153846, 20747.64075384615], [8074.508076923075, 20732.260738461533], [8089.888092307691, 20716.880723076916], [8074.508076923075, 20701.500707692303], [8059.12806153846, 20716.880723076916], [8043.748046153845, 20732.260738461533], [8012.988015384614, 20732.260738461533], [7997.607999999998, 20747.64075384615], [7982.227984615383, 20763.020769230763], [7966.847969230768, 20778.40078461538], [7966.847969230768, 20809.16081538461], [7982.227984615383, 20824.540830769227], [8012.988015384614, 20824.540830769227], [8043.748046153845, 20824.540830769227], [8059.12806153846, 20809.16081538461]]]}, "properties": {"objectType": "annotation", "name": "P2_3_L|rim_16", "classification": {"name": "rim", "color": [201, 133, 0]}, "lesion_id": 16, "section": "P2_3_L", "area_um2": 13199.999999999944}}, {"type": "Feature", "geometry": {"type": "Polygon", "coordinates": [[[12319.392323076921, 21009.10101538461], [12288.63229230769, 21009.10101538461], [12257.87226153846, 21009.10101538461], [12242.492246153844, 20993.720999999994], [12227.11223076923, 20978.340984615377], [12211.732215384613, 20962.960969230764], [12196.352199999998, 20947.580953846147], [12165.592169230767, 20947.580953846147], [12150.212153846152, 20932.200938461534], [12134.832138461536, 20916.820923076917], [12119.45212307692, 20901.4409076923], [12104.072107692306, 20886.060892307687], [12088.69209230769, 20870.68087692307], [12088.69209230769, 20839.92084615384], [12088.69209230769, 20809.16081538461], [12088.69209230769, 20778.40078461538], [12088.69209230769, 20747.64075384615], [12088.69209230769, 20716.880723076916], [12088.69209230769, 20686.120692307686], [12104.072107692306, 20670.740676923073], [12119.45212307692, 20655.360661538456], [12134.832138461536, 20639.98064615384], [12150.212153846152, 20624.600630769226], [12165.592169230767, 20609.22061538461], [12196.352199999998, 20609.22061538461], [12227.11223076923, 20609.22061538461], [12257.87226153846, 20609.22061538461], [12288.63229230769, 20609.22061538461], [12304.012307692306, 20624.600630769226], [12319.392323076921, 20639.98064615384], [12334.772338461536, 20655.360661538456], [12350.152353846152, 20670.740676923073], [12365.532369230767, 20686.120692307686], [12380.912384615382, 20701.500707692303], [12396.292399999998, 20716.880723076916], [12396.292399999998, 20747.64075384615], [12396.292399999998, 20778.40078461538], [12411.672415384613, 20793.780799999993], [12427.052430769229, 20809.16081538461], [12427.052430769229, 20839.92084615384], [12427.052430769229, 20870.68087692307], [12411.672415384613, 20886.060892307687], [12396.292399999998, 20901.4409076923], [12396.292399999998, 20932.200938461534], [12380.912384615382, 20947.580953846147], [12365.532369230767, 20962.960969230764], [12350.152353846152, 20978.340984615377], [12334.772338461536, 20993.720999999994], [12319.392323076921, 21009.10101538461]]]}, "properties": {"objectType": "annotation", "name": "P2_3_L|lesion_17", "classification": {"name": "lesion", "color": [255, 0, 0]}, "lesion_id": 17, "section": "P2_3_L", "area_um2": 10850.000000000007}}, {"type": "Feature", "geometry": {"type": "Polygon", "coordinates": [[[12257.87226153846, 20824.540830769227], [12227.11223076923, 20824.540830769227], [12211.732215384613, 20809.16081538461], [12211.732215384613, 20778.40078461538], [12211.732215384613, 20747.64075384615], [12227.11223076923, 20732.260738461533], [12242.492246153844, 20747.64075384615], [12257.87226153846, 20763.020769230763], [12273.252276923075, 20778.40078461538], [12273.252276923075, 20809.16081538461], [12257.87226153846, 20824.540830769227]]]}, "properties": {"objectType": "annotation", "name": "P2_3_L|core_17", "classification": {"name": "core", "color": [230, 103, 103]}, "lesion_id": 17, "section": "P2_3_L", "area_um2": 450.0000000000094}}, {"type": "Feature", "geometry": {"type": "Polygon", "coordinates": [[[12319.392323076921, 21009.10101538461], [12288.63229230769, 21009.10101538461], [12257.87226153846, 21009.10101538461], [12242.492246153844, 20993.720999999994], [12227.11223076923, 20978.340984615377], [12211.732215384613, 20962.960969230764], [12196.352199999998, 20947.580953846147], [12165.592169230767, 20947.580953846147], [12150.212153846152, 20932.200938461534], [12134.832138461536, 20916.820923076917], [12119.45212307692, 20901.4409076923], [12104.072107692306, 20886.060892307687], [12088.69209230769, 20870.68087692307], [12088.69209230769, 20839.92084615384], [12088.69209230769, 20809.16081538461], [12088.69209230769, 20778.40078461538], [12088.69209230769, 20747.64075384615], [12088.69209230769, 20716.880723076916], [12088.69209230769, 20686.120692307686], [12104.072107692306, 20670.740676923073], [12119.45212307692, 20655.360661538456], [12134.832138461536, 20639.98064615384], [12150.212153846152, 20624.600630769226], [12165.592169230767, 20609.22061538461], [12196.352199999998, 20609.22061538461], [12227.11223076923, 20609.22061538461], [12257.87226153846, 20609.22061538461], [12288.63229230769, 20609.22061538461], [12304.012307692306, 20624.600630769226], [12319.392323076921, 20639.98064615384], [12334.772338461536, 20655.360661538456], [12350.152353846152, 20670.740676923073], [12365.532369230767, 20686.120692307686], [12380.912384615382, 20701.500707692303], [12396.292399999998, 20716.880723076916], [12396.292399999998, 20747.64075384615], [12396.292399999998, 20778.40078461538], [12411.672415384613, 20793.780799999993], [12427.052430769229, 20809.16081538461], [12427.052430769229, 20839.92084615384], [12427.052430769229, 20870.68087692307], [12411.672415384613, 20886.060892307687], [12396.292399999998, 20901.4409076923], [12396.292399999998, 20932.200938461534], [12380.912384615382, 20947.580953846147], [12365.532369230767, 20962.960969230764], [12350.152353846152, 20978.340984615377], [12334.772338461536, 20993.720999999994], [12319.392323076921, 21009.10101538461]], [[12273.252276923075, 20809.16081538461], [12273.252276923075, 20778.40078461538], [12257.87226153846, 20763.020769230763], [12242.492246153844, 20747.64075384615], [12227.11223076923, 20732.260738461533], [12211.732215384613, 20747.64075384615], [12211.732215384613, 20778.40078461538], [12211.732215384613, 20809.16081538461], [12227.11223076923, 20824.540830769227], [12257.87226153846, 20824.540830769227], [12273.252276923075, 20809.16081538461]]]}, "properties": {"objectType": "annotation", "name": "P2_3_L|rim_17", "classification": {"name": "rim", "color": [201, 133, 0]}, "lesion_id": 17, "section": "P2_3_L", "area_um2": 10399.999999999998}}, {"type": "Feature", "geometry": {"type": "Polygon", "coordinates": [[[12257.87226153846, 22670.14267692307], [12227.11223076923, 22670.14267692307], [12211.732215384613, 22654.762661538454], [12196.352199999998, 22639.38264615384], [12180.972184615383, 22624.002630769224], [12165.592169230767, 22608.62261538461], [12150.212153846152, 22593.242599999994], [12150.212153846152, 22562.482569230764], [12134.832138461536, 22547.102553846147], [12119.45212307692, 22531.722538461534], [12119.45212307692, 22500.9625076923], [12119.45212307692, 22470.20247692307], [12119.45212307692, 22439.44244615384], [12104.072107692306, 22424.062430769223], [12088.69209230769, 22408.68241538461], [12088.69209230769, 22377.92238461538], [12088.69209230769, 22347.162353846146], [12104.072107692306, 22331.782338461533], [12119.45212307692, 22316.402323076916], [12119.45212307692, 22285.642292307686], [12104.072107692306, 22270.26227692307], [12088.69209230769, 22254.882261538456], [12088.69209230769, 22224.122230769226], [12088.69209230769, 22193.362199999992], [12088.69209230769, 22162.602169230762], [12088.69209230769, 22131.842138461532], [12073.312076923075, 22116.46212307692], [12057.932061538459, 22101.082107692302], [12057.932061538459, 22070.322076923072], [12057.932061538459, 22039.562046153842], [12057.932061538459, 22008.80201538461], [12057.932061538459, 21978.041984615378], [12057.932061538459, 21947.281953846148], [12073.312076923075, 21931.90193846153], [12088.69209230769, 21916.521923076918], [12088.69209230769, 21885.761892307688], [12088.69209230769, 21855.001861538454], [12088.69209230769, 21824.241830769224], [12104.072107692306, 21808.86181538461], [12119.45212307692, 21793.481799999994], [12119.45212307692, 21762.721769230764], [12119.45212307692, 21731.961738461534], [12119.45212307692, 21701.2017076923], [12134.832138461536, 21685.821692307687], [12150.212153846152, 21670.44167692307], [12165.592169230767, 21655.061661538457], [12180.972184615383, 21639.68164615384], [12196.352199999998, 21624.301630769223], [12211.732215384613, 21608.92161538461], [12196.352199999998, 21593.541599999993], [12180.972184615383, 21578.16158461538], [12196.352199999998, 21562.781569230763], [12211.732215384613, 21547.401553846146], [12227.11223076923, 21532.021538461533], [12242.492246153844, 21516.641523076916], [12257.87226153846, 21501.261507692303], [12273.252276923075, 21485.881492307686], [12288.63229230769, 21470.501476923073], [12304.012307692306, 21455.121461538456], [12319.392323076921, 21439.74144615384], [12334.772338461536, 21424.361430769226], [12350.152353846152, 21408.98141538461], [12380.912384615382, 21408.98141538461], [12411.672415384613, 21408.98141538461], [12442.432446153844, 21408.98141538461], [12457.812461538459, 21424.361430769226], [12457.812461538459, 21455.121461538456], [12457.812461538459, 21485.881492307686], [12473.192476923075, 21501.261507692303], [12488.57249230769, 21485.881492307686], [12503.952507692306, 21470.501476923073], [12519.33252307692, 21485.881492307686], [12519.33252307692, 21516.641523076916], [12519.33252307692, 21547.401553846146], [12519.33252307692, 21578.16158461538], [12503.952507692306, 21593.541599999993], [12488.57249230769, 21608.92161538461], [12488.57249230769, 21639.68164615384], [12488.57249230769, 21670.44167692307], [12488.57249230769, 21701.2017076923], [12488.57249230769, 21731.961738461534], [12488.57249230769, 21762.721769230764], [12488.57249230769, 21793.481799999994], [12488.57249230769, 21824.241830769224], [12488.57249230769, 21855.001861538454], [12473.192476923075, 21870.38187692307], [12457.812461538459, 21885.761892307688], [12442.432446153844, 21901.1419076923], [12427.052430769229, 21885.761892307688], [12427.052430769229, 21855.001861538454], [12411.672415384613, 21839.62184615384], [12380.912384615382, 21839.62184615384], [12365.532369230767, 21855.001861538454], [12380.912384615382, 21870.38187692307], [12396.292399999998, 21885.761892307688], [12396.292399999998, 21916.521923076918], [12411.672415384613, 21931.90193846153], [12427.052430769229, 21947.281953846148], [12427.052430769229, 21978.041984615378], [12427.052430769229, 22008.80201538461], [12427.052430769229, 22039.562046153842], [12427.052430769229, 22070.322076923072], [12427.052430769229, 22101.082107692302], [12411.672415384613, 22116.46212307692], [12396.292399999998, 22131.842138461532], [12396.292399999998, 22162.602169230762], [12380.912384615382, 22177.98218461538], [12365.532369230767, 22193.362199999992], [12365.532369230767, 22224.122230769226], [12350.152353846152, 22239.50224615384], [12334.772338461536, 22254.882261538456], [12334.772338461536, 22285.642292307686], [12334.772338461536, 22316.402323076916], [12334.772338461536, 22347.162353846146], [12350.152353846152, 22362.542369230763], [12365.532369230767, 22377.92238461538], [12365.532369230767, 22408.68241538461], [12365.532369230767, 22439.44244615384], [12365.532369230767, 22470.20247692307], [12350.152353846152, 22485.582492307687], [12334.772338461536, 22500.9625076923], [12334.772338461536, 22531.722538461534], [12319.392323076921, 22547.102553846147], [12304.012307692306, 22562.482569230764], [12319.392323076921, 22577.862584615377], [12334.772338461536, 22593.242599999994], [12319.392323076921, 22608.62261538461], [12304.012307692306, 22624.002630769224], [12288.63229230769, 22639.38264615384], [12273.252276923075, 22654.762661538454], [12257.87226153846, 22670.14267692307]]]}, "properties": {"objectType": "annotation", "name": "P2_3_L|lesion_18", "classification": {"name": "lesion", "color": [255, 0, 0]}, "lesion_id": 18, "section": "P2_3_L", "area_um2": 37350.000000000044}}, {"type": "Feature", "geometry": {"type": "Polygon", "coordinates": [[[12257.87226153846, 22424.062430769223], [12242.492246153844, 22408.68241538461], [12242.492246153844, 22377.92238461538], [12242.492246153844, 22347.162353846146], [12242.492246153844, 22316.402323076916], [12242.492246153844, 22285.642292307686], [12242.492246153844, 22254.882261538456], [12242.492246153844, 22224.122230769226], [12227.11223076923, 22208.74221538461], [12211.732215384613, 22193.362199999992], [12211.732215384613, 22162.602169230762], [12211.732215384613, 22131.842138461532], [12211.732215384613, 22101.082107692302], [12211.732215384613, 22070.322076923072], [12196.352199999998, 22054.942061538455], [12180.972184615383, 22039.562046153842], [12180.972184615383, 22008.80201538461], [12196.352199999998, 21993.421999999995], [12211.732215384613, 21978.041984615378], [12211.732215384613, 21947.281953846148], [12211.732215384613, 21916.521923076918], [12211.732215384613, 21885.761892307688], [12227.11223076923, 21870.38187692307], [12242.492246153844, 21855.001861538454], [12242.492246153844, 21824.241830769224], [12242.492246153844, 21793.481799999994], [12242.492246153844, 21762.721769230764], [12257.87226153846, 21747.341753846147], [12273.252276923075, 21731.961738461534], [12288.63229230769, 21716.581723076917], [12304.012307692306, 21701.2017076923], [12319.392323076921, 21685.821692307687], [12334.772338461536, 21670.44167692307], [12334.772338461536, 21639.68164615384], [12334.772338461536, 21608.92161538461], [12350.152353846152, 21593.541599999993], [12365.532369230767, 21578.16158461538], [12380.912384615382, 21562.781569230763], [12396.292399999998, 21578.16158461538], [12396.292399999998, 21608.92161538461], [12396.292399999998, 21639.68164615384], [12396.292399999998, 21670.44167692307], [12411.672415384613, 21685.821692307687], [12427.052430769229, 21701.2017076923], [12427.052430769229, 21731.961738461534], [12442.432446153844, 21747.341753846147], [12457.812461538459, 21762.721769230764], [12457.812461538459, 21793.481799999994], [12442.432446153844, 21808.86181538461], [12427.052430769229, 21824.241830769224], [12411.672415384613, 21839.62184615384], [12380.912384615382, 21839.62184615384], [12365.532369230767, 21855.001861538454], [12380.912384615382, 21870.38187692307], [12396.292399999998, 21885.761892307688], [12396.292399999998, 21916.521923076918], [12396.292399999998, 21947.281953846148], [12396.292399999998, 21978.041984615378], [12396.292399999998, 22008.80201538461], [12396.292399999998, 22039.562046153842], [12396.292399999998, 22070.322076923072], [12380.912384615382, 22085.702092307685], [12365.532369230767, 22101.082107692302], [12350.152353846152, 22116.46212307692], [12334.772338461536, 22131.842138461532], [12319.392323076921, 22147.22215384615], [12304.012307692306, 22162.602169230762], [12304.012307692306, 22193.362199999992], [12288.63229230769, 22208.74221538461], [12273.252276923075, 22224.122230769226], [12273.252276923075, 22254.882261538456], [12273.252276923075, 22285.642292307686], [12273.252276923075, 22316.402323076916], [12273.252276923075, 22347.162353846146], [12273.252276923075, 22377.92238461538], [12273.252276923075, 22408.68241538461], [12257.87226153846, 22424.062430769223]]]}, "properties": {"objectType": "annotation", "name": "P2_3_L|core_18", "classification": {"name": "core", "color": [230, 103, 103]}, "lesion_id": 18, "section": "P2_3_L", "area_um2": 10550.000000000018}}, {"type": "Feature", "geometry": {"type": "Polygon", "coordinates": [[[12257.87226153846, 22670.14267692307], [12227.11223076923, 22670.14267692307], [12211.732215384613, 22654.762661538454], [12196.352199999998, 22639.38264615384], [12180.972184615383, 22624.002630769224], [12165.592169230767, 22608.62261538461], [12150.212153846152, 22593.242599999994], [12150.212153846152, 22562.482569230764], [12134.832138461536, 22547.102553846147], [12119.45212307692, 22531.722538461534], [12119.45212307692, 22500.9625076923], [12119.45212307692, 22470.20247692307], [12119.45212307692, 22439.44244615384], [12104.072107692306, 22424.062430769223], [12088.69209230769, 22408.68241538461], [12088.69209230769, 22377.92238461538], [12088.69209230769, 22347.162353846146], [12104.072107692306, 22331.782338461533], [12119.45212307692, 22316.402323076916], [12119.45212307692, 22285.642292307686], [12104.072107692306, 22270.26227692307], [12088.69209230769, 22254.882261538456], [12088.69209230769, 22224.122230769226], [12088.69209230769, 22193.362199999992], [12088.69209230769, 22162.602169230762], [12088.69209230769, 22131.842138461532], [12073.312076923075, 22116.46212307692], [12057.932061538459, 22101.082107692302], [12057.932061538459, 22070.322076923072], [12057.932061538459, 22039.562046153842], [12057.932061538459, 22008.80201538461], [12057.932061538459, 21978.041984615378], [12057.932061538459, 21947.281953846148], [12073.312076923075, 21931.90193846153], [12088.69209230769, 21916.521923076918], [12088.69209230769, 21885.761892307688], [12088.69209230769, 21855.001861538454], [12088.69209230769, 21824.241830769224], [12104.072107692306, 21808.86181538461], [12119.45212307692, 21793.481799999994], [12119.45212307692, 21762.721769230764], [12119.45212307692, 21731.961738461534], [12119.45212307692, 21701.2017076923], [12134.832138461536, 21685.821692307687], [12150.212153846152, 21670.44167692307], [12165.592169230767, 21655.061661538457], [12180.972184615383, 21639.68164615384], [12196.352199999998, 21624.301630769223], [12211.732215384613, 21608.92161538461], [12196.352199999998, 21593.541599999993], [12180.972184615383, 21578.16158461538], [12196.352199999998, 21562.781569230763], [12211.732215384613, 21547.401553846146], [12227.11223076923, 21532.021538461533], [12242.492246153844, 21516.641523076916], [12257.87226153846, 21501.261507692303], [12273.252276923075, 21485.881492307686], [12288.63229230769, 21470.501476923073], [12304.012307692306, 21455.121461538456], [12319.392323076921, 21439.74144615384], [12334.772338461536, 21424.361430769226], [12350.152353846152, 21408.98141538461], [12380.912384615382, 21408.98141538461], [12411.672415384613, 21408.98141538461], [12442.432446153844, 21408.98141538461], [12457.812461538459, 21424.361430769226], [12457.812461538459, 21455.121461538456], [12457.812461538459, 21485.881492307686], [12473.192476923075, 21501.261507692303], [12488.57249230769, 21485.881492307686], [12503.952507692306, 21470.501476923073], [12519.33252307692, 21485.881492307686], [12519.33252307692, 21516.641523076916], [12519.33252307692, 21547.401553846146], [12519.33252307692, 21578.16158461538], [12503.952507692306, 21593.541599999993], [12488.57249230769, 21608.92161538461], [12488.57249230769, 21639.68164615384], [12488.57249230769, 21670.44167692307], [12488.57249230769, 21701.2017076923], [12488.57249230769, 21731.961738461534], [12488.57249230769, 21762.721769230764], [12488.57249230769, 21793.481799999994], [12488.57249230769, 21824.241830769224], [12488.57249230769, 21855.001861538454], [12473.192476923075, 21870.38187692307], [12457.812461538459, 21885.761892307688], [12442.432446153844, 21901.1419076923], [12427.052430769229, 21885.761892307688], [12427.052430769229, 21855.001861538454], [12427.052430769229, 21824.241830769224], [12442.432446153844, 21808.86181538461], [12457.812461538459, 21793.481799999994], [12457.812461538459, 21762.721769230764], [12442.432446153844, 21747.341753846147], [12427.052430769229, 21731.961738461534], [12427.052430769229, 21701.2017076923], [12411.672415384613, 21685.821692307687], [12396.292399999998, 21670.44167692307], [12396.292399999998, 21639.68164615384], [12396.292399999998, 21608.92161538461], [12396.292399999998, 21578.16158461538], [12380.912384615382, 21562.781569230763], [12365.532369230767, 21578.16158461538], [12350.152353846152, 21593.541599999993], [12334.772338461536, 21608.92161538461], [12334.772338461536, 21639.68164615384], [12334.772338461536, 21670.44167692307], [12319.392323076921, 21685.821692307687], [12304.012307692306, 21701.2017076923], [12288.63229230769, 21716.581723076917], [12273.252276923075, 21731.961738461534], [12257.87226153846, 21747.341753846147], [12242.492246153844, 21762.721769230764], [12242.492246153844, 21793.481799999994], [12242.492246153844, 21824.241830769224], [12242.492246153844, 21855.001861538454], [12227.11223076923, 21870.38187692307], [12211.732215384613, 21885.761892307688], [12211.732215384613, 21916.521923076918], [12211.732215384613, 21947.281953846148], [12211.732215384613, 21978.041984615378], [12196.352199999998, 21993.421999999995], [12180.972184615383, 22008.80201538461], [12180.972184615383, 22039.562046153842], [12196.352199999998, 22054.942061538455], [12211.732215384613, 22070.322076923072], [12211.732215384613, 22101.082107692302], [12211.732215384613, 22131.842138461532], [12211.732215384613, 22162.602169230762], [12211.732215384613, 22193.362199999992], [12227.11223076923, 22208.74221538461], [12242.492246153844, 22224.122230769226], [12242.492246153844, 22254.882261538456], [12242.492246153844, 22285.642292307686], [12242.492246153844, 22316.402323076916], [12242.492246153844, 22347.162353846146], [12242.492246153844, 22377.92238461538], [12242.492246153844, 22408.68241538461], [12257.87226153846, 22424.062430769223], [12273.252276923075, 22408.68241538461], [12273.252276923075, 22377.92238461538], [12273.252276923075, 22347.162353846146], [12273.252276923075, 22316.402323076916], [12273.252276923075, 22285.642292307686], [12273.252276923075, 22254.882261538456], [12273.252276923075, 22224.122230769226], [12288.63229230769, 22208.74221538461], [12304.012307692306, 22193.362199999992], [12304.012307692306, 22162.602169230762], [12319.392323076921, 22147.22215384615], [12334.772338461536, 22131.842138461532], [12350.152353846152, 22116.46212307692], [12365.532369230767, 22101.082107692302], [12380.912384615382, 22085.702092307685], [12396.292399999998, 22070.322076923072], [12396.292399999998, 22039.562046153842], [12396.292399999998, 22008.80201538461], [12396.292399999998, 21978.041984615378], [12396.292399999998, 21947.281953846148], [12411.672415384613, 21931.90193846153], [12427.052430769229, 21947.281953846148], [12427.052430769229, 21978.041984615378], [12427.052430769229, 22008.80201538461], [12427.052430769229, 22039.562046153842], [12427.052430769229, 22070.322076923072], [12427.052430769229, 22101.082107692302], [12411.672415384613, 22116.46212307692], [12396.292399999998, 22131.842138461532], [12396.292399999998, 22162.602169230762], [12380.912384615382, 22177.98218461538], [12365.532369230767, 22193.362199999992], [12365.532369230767, 22224.122230769226], [12350.152353846152, 22239.50224615384], [12334.772338461536, 22254.882261538456], [12334.772338461536, 22285.642292307686], [12334.772338461536, 22316.402323076916], [12334.772338461536, 22347.162353846146], [12350.152353846152, 22362.542369230763], [12365.532369230767, 22377.92238461538], [12365.532369230767, 22408.68241538461], [12365.532369230767, 22439.44244615384], [12365.532369230767, 22470.20247692307], [12350.152353846152, 22485.582492307687], [12334.772338461536, 22500.9625076923], [12334.772338461536, 22531.722538461534], [12319.392323076921, 22547.102553846147], [12304.012307692306, 22562.482569230764], [12319.392323076921, 22577.862584615377], [12334.772338461536, 22593.242599999994], [12319.392323076921, 22608.62261538461], [12304.012307692306, 22624.002630769224], [12288.63229230769, 22639.38264615384], [12273.252276923075, 22654.762661538454], [12257.87226153846, 22670.14267692307]]]}, "properties": {"objectType": "annotation", "name": "P2_3_L|rim_18", "classification": {"name": "rim", "color": [201, 133, 0]}, "lesion_id": 18, "section": "P2_3_L", "area_um2": 26750.00000000001}}, {"type": "Feature", "geometry": {"type": "Polygon", "coordinates": [[[8382.108384615383, 22854.702861538455], [8351.348353846153, 22854.702861538455], [8320.588323076921, 22854.702861538455], [8289.828292307691, 22854.702861538455], [8259.06826153846, 22854.702861538455], [8243.688246153844, 22839.32284615384], [8228.30823076923, 22823.942830769225], [8212.928215384614, 22808.56281538461], [8197.5482, 22793.182799999995], [8182.168184615382, 22777.80278461538], [8166.788169230768, 22762.422769230765], [8151.408153846152, 22747.042753846148], [8136.028138461537, 22731.66273846153], [8120.648123076921, 22716.282723076918], [8105.268107692306, 22700.9027076923], [8089.888092307691, 22685.522692307688], [8074.508076923075, 22670.14267692307], [8043.748046153845, 22670.14267692307], [8012.988015384614, 22670.14267692307], [7997.607999999998, 22654.762661538454], [7982.227984615383, 22639.38264615384], [7951.467953846152, 22639.38264615384], [7936.087938461537, 22624.002630769224], [7920.707923076922, 22608.62261538461], [7889.947892307691, 22608.62261538461], [7874.567876923075, 22593.242599999994], [7859.18786153846, 22577.862584615377], [7843.807846153845, 22562.482569230764], [7828.427830769229, 22547.102553846147], [7813.047815384614, 22531.722538461534], [7797.667799999998, 22516.342523076917], [7782.287784615383, 22500.9625076923], [7797.667799999998, 22485.582492307687], [7813.047815384614, 22470.20247692307], [7813.047815384614, 22439.44244615384], [7813.047815384614, 22408.68241538461], [7828.427830769229, 22393.302399999993], [7843.807846153845, 22377.92238461538], [7828.427830769229, 22362.542369230763], [7813.047815384614, 22347.162353846146], [7813.047815384614, 22316.402323076916], [7828.427830769229, 22301.022307692303], [7843.807846153845, 22285.642292307686], [7859.18786153846, 22270.26227692307], [7874.567876923075, 22254.882261538456], [7889.947892307691, 22239.50224615384], [7920.707923076922, 22239.50224615384], [7951.467953846152, 22239.50224615384], [7966.847969230768, 22254.882261538456], [7982.227984615383, 22270.26227692307], [7997.607999999998, 22285.642292307686], [8012.988015384614, 22301.022307692303], [8028.368030769229, 22285.642292307686], [8043.748046153845, 22270.26227692307], [8059.12806153846, 22285.642292307686], [8074.508076923075, 22301.022307692303], [8089.888092307691, 22316.402323076916], [8105.268107692306, 22331.782338461533], [8136.028138461537, 22331.782338461533], [8151.408153846152, 22347.162353846146], [8166.788169230768, 22362.542369230763], [8182.168184615382, 22377.92238461538], [8197.5482, 22393.302399999993], [8212.928215384614, 22408.68241538461], [8228.30823076923, 22424.062430769223], [8243.688246153844, 22439.44244615384], [8243.688246153844, 22470.20247692307], [8243.688246153844, 22500.9625076923], [8228.30823076923, 22516.342523076917], [8212.928215384614, 22531.722538461534], [8228.30823076923, 22547.102553846147], [8243.688246153844, 22562.482569230764], [8259.06826153846, 22577.862584615377], [8274.448276923076, 22593.242599999994], [8289.828292307691, 22608.62261538461], [8320.588323076921, 22608.62261538461], [8335.968338461536, 22593.242599999994], [8351.348353846153, 22577.862584615377], [8382.108384615383, 22577.862584615377], [8397.488399999998, 22593.242599999994], [8412.868415384613, 22608.62261538461], [8443.628446153845, 22608.62261538461], [8459.00846153846, 22624.002630769224], [8474.388476923075, 22639.38264615384], [8505.148507692305, 22639.38264615384], [8535.908538461537, 22639.38264615384], [8551.288553846152, 22654.762661538454], [8566.668569230767, 22670.14267692307], [8582.048584615382, 22685.522692307688], [8597.4286, 22700.9027076923], [8612.808615384614, 22716.282723076918], [8612.808615384614, 22747.042753846148], [8597.4286, 22762.422769230765], [8582.048584615382, 22777.80278461538], [8566.668569230767, 22793.182799999995], [8551.288553846152, 22808.56281538461], [8535.908538461537, 22823.942830769225], [8505.148507692305, 22823.942830769225], [8474.388476923075, 22823.942830769225], [8443.628446153845, 22823.942830769225], [8412.868415384613, 22823.942830769225], [8397.488399999998, 22839.32284615384], [8382.108384615383, 22854.702861538455]]]}, "properties": {"objectType": "annotation", "name": "P2_3_L|lesion_19", "classification": {"name": "lesion", "color": [255, 0, 0]}, "lesion_id": 19, "section": "P2_3_L", "area_um2": 24750.00000000002}}, {"type": "Feature", "geometry": {"type": "Polygon", "coordinates": [[[8074.508076923075, 22547.102553846147], [8059.12806153846, 22531.722538461534], [8043.748046153845, 22516.342523076917], [8012.988015384614, 22516.342523076917], [7997.607999999998, 22500.9625076923], [7982.227984615383, 22485.582492307687], [7951.467953846152, 22485.582492307687], [7936.087938461537, 22470.20247692307], [7951.467953846152, 22454.822461538457], [7966.847969230768, 22439.44244615384], [7982.227984615383, 22424.062430769223], [8012.988015384614, 22424.062430769223], [8028.368030769229, 22439.44244615384], [8043.748046153845, 22454.822461538457], [8074.508076923075, 22454.822461538457], [8089.888092307691, 22470.20247692307], [8089.888092307691, 22500.9625076923], [8089.888092307691, 22531.722538461534], [8074.508076923075, 22547.102553846147]]]}, "properties": {"objectType": "annotation", "name": "P2_3_L|core_19", "classification": {"name": "core", "color": [230, 103, 103]}, "lesion_id": 19, "section": "P2_3_L", "area_um2": 1050.0000000000052}}, {"type": "Feature", "geometry": {"type": "Polygon", "coordinates": [[[8382.108384615383, 22854.702861538455], [8351.348353846153, 22854.702861538455], [8320.588323076921, 22854.702861538455], [8289.828292307691, 22854.702861538455], [8259.06826153846, 22854.702861538455], [8243.688246153844, 22839.32284615384], [8228.30823076923, 22823.942830769225], [8212.928215384614, 22808.56281538461], [8197.5482, 22793.182799999995], [8182.168184615382, 22777.80278461538], [8166.788169230768, 22762.422769230765], [8151.408153846152, 22747.042753846148], [8136.028138461537, 22731.66273846153], [8120.648123076921, 22716.282723076918], [8105.268107692306, 22700.9027076923], [8089.888092307691, 22685.522692307688], [8074.508076923075, 22670.14267692307], [8043.748046153845, 22670.14267692307], [8012.988015384614, 22670.14267692307], [7997.607999999998, 22654.762661538454], [7982.227984615383, 22639.38264615384], [7951.467953846152, 22639.38264615384], [7936.087938461537, 22624.002630769224], [7920.707923076922, 22608.62261538461], [7889.947892307691, 22608.62261538461], [7874.567876923075, 22593.242599999994], [7859.18786153846, 22577.862584615377], [7843.807846153845, 22562.482569230764], [7828.427830769229, 22547.102553846147], [7813.047815384614, 22531.722538461534], [7797.667799999998, 22516.342523076917], [7782.287784615383, 22500.9625076923], [7797.667799999998, 22485.582492307687], [7813.047815384614, 22470.20247692307], [7813.047815384614, 22439.44244615384], [7813.047815384614, 22408.68241538461], [7828.427830769229, 22393.302399999993], [7843.807846153845, 22377.92238461538], [7828.427830769229, 22362.542369230763], [7813.047815384614, 22347.162353846146], [7813.047815384614, 22316.402323076916], [7828.427830769229, 22301.022307692303], [7843.807846153845, 22285.642292307686], [7859.18786153846, 22270.26227692307], [7874.567876923075, 22254.882261538456], [7889.947892307691, 22239.50224615384], [7920.707923076922, 22239.50224615384], [7951.467953846152, 22239.50224615384], [7966.847969230768, 22254.882261538456], [7982.227984615383, 22270.26227692307], [7997.607999999998, 22285.642292307686], [8012.988015384614, 22301.022307692303], [8028.368030769229, 22285.642292307686], [8043.748046153845, 22270.26227692307], [8059.12806153846, 22285.642292307686], [8074.508076923075, 22301.022307692303], [8089.888092307691, 22316.402323076916], [8105.268107692306, 22331.782338461533], [8136.028138461537, 22331.782338461533], [8151.408153846152, 22347.162353846146], [8166.788169230768, 22362.542369230763], [8182.168184615382, 22377.92238461538], [8197.5482, 22393.302399999993], [8212.928215384614, 22408.68241538461], [8228.30823076923, 22424.062430769223], [8243.688246153844, 22439.44244615384], [8243.688246153844, 22470.20247692307], [8243.688246153844, 22500.9625076923], [8228.30823076923, 22516.342523076917], [8212.928215384614, 22531.722538461534], [8228.30823076923, 22547.102553846147], [8243.688246153844, 22562.482569230764], [8259.06826153846, 22577.862584615377], [8274.448276923076, 22593.242599999994], [8289.828292307691, 22608.62261538461], [8320.588323076921, 22608.62261538461], [8335.968338461536, 22593.242599999994], [8351.348353846153, 22577.862584615377], [8382.108384615383, 22577.862584615377], [8397.488399999998, 22593.242599999994], [8412.868415384613, 22608.62261538461], [8443.628446153845, 22608.62261538461], [8459.00846153846, 22624.002630769224], [8474.388476923075, 22639.38264615384], [8505.148507692305, 22639.38264615384], [8535.908538461537, 22639.38264615384], [8551.288553846152, 22654.762661538454], [8566.668569230767, 22670.14267692307], [8582.048584615382, 22685.522692307688], [8597.4286, 22700.9027076923], [8612.808615384614, 22716.282723076918], [8612.808615384614, 22747.042753846148], [8597.4286, 22762.422769230765], [8582.048584615382, 22777.80278461538], [8566.668569230767, 22793.182799999995], [8551.288553846152, 22808.56281538461], [8535.908538461537, 22823.942830769225], [8505.148507692305, 22823.942830769225], [8474.388476923075, 22823.942830769225], [8443.628446153845, 22823.942830769225], [8412.868415384613, 22823.942830769225], [8397.488399999998, 22839.32284615384], [8382.108384615383, 22854.702861538455]], [[8089.888092307691, 22531.722538461534], [8089.888092307691, 22500.9625076923], [8089.888092307691, 22470.20247692307], [8074.508076923075, 22454.822461538457], [8043.748046153845, 22454.822461538457], [8028.368030769229, 22439.44244615384], [8012.988015384614, 22424.062430769223], [7982.227984615383, 22424.062430769223], [7966.847969230768, 22439.44244615384], [7951.467953846152, 22454.822461538457], [7936.087938461537, 22470.20247692307], [7951.467953846152, 22485.582492307687], [7982.227984615383, 22485.582492307687], [7997.607999999998, 22500.9625076923], [8012.988015384614, 22516.342523076917], [8043.748046153845, 22516.342523076917], [8059.12806153846, 22531.722538461534], [8074.508076923075, 22547.102553846147], [8089.888092307691, 22531.722538461534]]]}, "properties": {"objectType": "annotation", "name": "P2_3_L|rim_19", "classification": {"name": "rim", "color": [201, 133, 0]}, "lesion_id": 19, "section": "P2_3_L", "area_um2": 23700.000000000015}}, {"type": "Feature", "geometry": {"type": "Polygon", "coordinates": [[[2476.182476923076, 23285.343292307687], [2445.4224461538456, 23285.343292307687], [2430.04243076923, 23269.96327692307], [2430.04243076923, 23239.20324615384], [2414.6624153846146, 23223.823230769223], [2399.2823999999996, 23208.44321538461], [2383.902384615384, 23193.063199999993], [2368.5223692307686, 23177.68318461538], [2353.142353846153, 23162.303169230763], [2337.762338461538, 23146.923153846146], [2337.762338461538, 23116.163123076916], [2337.762338461538, 23085.403092307686], [2337.762338461538, 23054.643061538456], [2337.762338461538, 23023.883030769226], [2353.142353846153, 23008.50301538461], [2368.5223692307686, 22993.122999999992], [2383.902384615384, 22977.74298461538], [2414.6624153846146, 22977.74298461538], [2430.04243076923, 22993.122999999992], [2445.4224461538456, 23008.50301538461], [2460.802461538461, 23023.883030769226], [2476.182476923076, 23039.26304615384], [2491.5624923076916, 23054.643061538456], [2491.5624923076916, 23085.403092307686], [2506.942507692307, 23100.783107692303], [2522.3225230769226, 23116.163123076916], [2506.942507692307, 23131.543138461533], [2491.5624923076916, 23146.923153846146], [2491.5624923076916, 23177.68318461538], [2506.942507692307, 23193.063199999993], [2522.3225230769226, 23208.44321538461], [2522.3225230769226, 23239.20324615384], [2506.942507692307, 23254.583261538457], [2491.5624923076916, 23269.96327692307], [2476.182476923076, 23285.343292307687]]]}, "properties": {"objectType": "annotation", "name": "R1_3_T|lesion_20", "classification": {"name": "lesion", "color": [255, 0, 0]}, "lesion_id": 20, "section": "R1_3_T", "area_um2": 3950.000000000002}}, {"type": "Feature", "geometry": {"type": "Polygon", "coordinates": [[[2476.182476923076, 23285.343292307687], [2445.4224461538456, 23285.343292307687], [2430.04243076923, 23269.96327692307], [2430.04243076923, 23239.20324615384], [2414.6624153846146, 23223.823230769223], [2399.2823999999996, 23208.44321538461], [2383.902384615384, 23193.063199999993], [2368.5223692307686, 23177.68318461538], [2353.142353846153, 23162.303169230763], [2337.762338461538, 23146.923153846146], [2337.762338461538, 23116.163123076916], [2337.762338461538, 23085.403092307686], [2337.762338461538, 23054.643061538456], [2337.762338461538, 23023.883030769226], [2353.142353846153, 23008.50301538461], [2368.5223692307686, 22993.122999999992], [2383.902384615384, 22977.74298461538], [2414.6624153846146, 22977.74298461538], [2430.04243076923, 22993.122999999992], [2445.4224461538456, 23008.50301538461], [2460.802461538461, 23023.883030769226], [2476.182476923076, 23039.26304615384], [2491.5624923076916, 23054.643061538456], [2491.5624923076916, 23085.403092307686], [2506.942507692307, 23100.783107692303], [2522.3225230769226, 23116.163123076916], [2506.942507692307, 23131.543138461533], [2491.5624923076916, 23146.923153846146], [2491.5624923076916, 23177.68318461538], [2506.942507692307, 23193.063199999993], [2522.3225230769226, 23208.44321538461], [2522.3225230769226, 23239.20324615384], [2506.942507692307, 23254.583261538457], [2491.5624923076916, 23269.96327692307], [2476.182476923076, 23285.343292307687]]]}, "properties": {"objectType": "annotation", "name": "R1_3_T|rim_20", "classification": {"name": "rim", "color": [201, 133, 0]}, "lesion_id": 20, "section": "R1_3_T", "area_um2": 3950.000000000002}}, {"type": "Feature", "geometry": {"type": "Polygon", "coordinates": [[[8997.309, 25715.385723076917], [8966.548969230767, 25715.385723076917], [8951.168953846152, 25700.0057076923], [8935.788938461537, 25684.625692307687], [8905.028907692305, 25684.625692307687], [8874.268876923075, 25684.625692307687], [8843.508846153845, 25684.625692307687], [8828.128830769228, 25669.24567692307], [8812.748815384613, 25653.865661538453], [8781.988784615383, 25653.865661538453], [8766.608769230768, 25638.48564615384], [8751.228753846153, 25623.105630769223], [8720.468723076921, 25623.105630769223], [8705.088707692306, 25607.72561538461], [8689.708692307691, 25592.345599999993], [8674.328676923076, 25576.965584615376], [8658.94866153846, 25561.585569230763], [8643.568646153844, 25546.205553846146], [8628.18863076923, 25530.825538461533], [8612.808615384614, 25515.445523076916], [8597.4286, 25500.0655076923], [8566.668569230767, 25500.0655076923], [8551.288553846152, 25484.685492307686], [8535.908538461537, 25469.30547692307], [8520.528523076922, 25453.925461538456], [8505.148507692305, 25438.54544615384], [8489.76849230769, 25423.165430769222], [8474.388476923075, 25407.78541538461], [8443.628446153845, 25407.78541538461], [8428.24843076923, 25392.405399999992], [8412.868415384613, 25377.02538461538], [8382.108384615383, 25377.02538461538], [8351.348353846153, 25377.02538461538], [8320.588323076921, 25377.02538461538], [8305.208307692306, 25361.645369230762], [8305.208307692306, 25330.885338461532], [8305.208307692306, 25300.125307692302], [8305.208307692306, 25269.365276923072], [8289.828292307691, 25253.985261538455], [8259.06826153846, 25253.985261538455], [8243.688246153844, 25238.60524615384], [8228.30823076923, 25223.225230769225], [8197.5482, 25223.225230769225], [8182.168184615382, 25207.84521538461], [8166.788169230768, 25192.465199999995], [8151.408153846152, 25177.08518461538], [8136.028138461537, 25161.70516923076], [8120.648123076921, 25146.325153846148], [8105.268107692306, 25130.94513846153], [8074.508076923075, 25130.94513846153], [8059.12806153846, 25115.565123076918], [8059.12806153846, 25084.805092307684], [8043.748046153845, 25069.42507692307], [8028.368030769229, 25054.045061538454], [8012.988015384614, 25038.66504615384], [7982.227984615383, 25038.66504615384], [7951.467953846152, 25038.66504615384], [7920.707923076922, 25038.66504615384], [7905.327907692306, 25023.285030769224], [7889.947892307691, 25007.905015384607], [7874.567876923075, 24992.524999999994], [7859.18786153846, 24977.144984615377], [7843.807846153845, 24992.524999999994], [7843.807846153845, 25023.285030769224], [7843.807846153845, 25054.045061538454], [7828.427830769229, 25069.42507692307], [7813.047815384614, 25084.805092307684], [7813.047815384614, 25115.565123076918], [7813.047815384614, 25146.325153846148], [7797.667799999998, 25161.70516923076], [7766.907769230768, 25161.70516923076], [7751.527753846152, 25146.325153846148], [7736.147738461537, 25130.94513846153], [7720.767723076922, 25115.565123076918], [7720.767723076922, 25084.805092307684], [7705.387707692306, 25069.42507692307], [7690.007692307691, 25054.045061538454], [7690.007692307691, 25023.285030769224], [7690.007692307691, 24992.524999999994], [7690.007692307691, 24961.764969230764], [7690.007692307691, 24931.00493846153], [7674.627676923075, 24915.624923076917], [7659.24766153846, 24900.2449076923], [7659.24766153846, 24869.48487692307], [7643.867646153845, 24854.104861538453], [7628.487630769229, 24838.72484615384], [7628.487630769229, 24807.96481538461], [7613.107615384614, 24792.584799999993], [7597.727599999999, 24777.204784615376], [7597.727599999999, 24746.444753846146], [7582.347584615383, 24731.064738461533], [7566.967569230768, 24715.684723076916], [7566.967569230768, 24684.924692307686], [7551.587553846152, 24669.54467692307], [7536.207538461537, 24654.164661538456], [7536.207538461537, 24623.404630769226], [7520.827523076922, 24608.02461538461], [7505.447507692306, 24592.644599999992], [7505.447507692306, 24561.884569230762], [7505.447507692306, 24531.124538461532], [7520.827523076922, 24515.744523076915], [7536.207538461537, 24500.364507692302], [7536.207538461537, 24469.604476923072], [7536.207538461537, 24438.84444615384], [7551.587553846152, 24423.464430769225], [7566.967569230768, 24408.08441538461], [7551.587553846152, 24392.704399999995], [7536.207538461537, 24377.32438461538], [7536.207538461537, 24346.564353846148], [7536.207538461537, 24315.804323076918], [7536.207538461537, 24285.044292307684], [7551.587553846152, 24269.66427692307], [7566.967569230768, 24254.284261538454], [7582.347584615383, 24238.90424615384], [7597.727599999999, 24223.524230769224], [7597.727599999999, 24192.764199999994], [7613.107615384614, 24177.384184615377], [7628.487630769229, 24162.004169230764], [7628.487630769229, 24131.24413846153], [7643.867646153845, 24115.864123076917], [7659.24766153846, 24100.4841076923], [7674.627676923075, 24085.104092307687], [7690.007692307691, 24069.72407692307], [7705.387707692306, 24054.344061538457], [7736.147738461537, 24054.344061538457], [7751.527753846152, 24038.96404615384], [7766.907769230768, 24023.584030769223], [7797.667799999998, 24023.584030769223], [7813.047815384614, 24008.20401538461], [7828.427830769229, 23992.823999999993], [7843.807846153845, 23977.44398461538], [7859.18786153846, 23962.063969230763], [7874.567876923075, 23946.683953846146], [7889.947892307691, 23931.303938461533], [7905.327907692306, 23946.683953846146], [7920.707923076922, 23962.063969230763], [7936.087938461537, 23977.44398461538], [7951.467953846152, 23992.823999999993], [7966.847969230768, 24008.20401538461], [7982.227984615383, 24023.584030769223], [7997.607999999998, 24038.96404615384], [8012.988015384614, 24054.344061538457], [8043.748046153845, 24054.344061538457], [8059.12806153846, 24038.96404615384], [8074.508076923075, 24023.584030769223], [8105.268107692306, 24023.584030769223], [8120.648123076921, 24008.20401538461], [8136.028138461537, 23992.823999999993], [8151.408153846152, 23977.44398461538], [8166.788169230768, 23962.063969230763], [8197.5482, 23962.063969230763], [8212.928215384614, 23977.44398461538], [8228.30823076923, 23992.823999999993], [8243.688246153844, 24008.20401538461], [8259.06826153846, 24023.584030769223], [8274.448276923076, 24038.96404615384], [8274.448276923076, 24069.72407692307], [8289.828292307691, 24085.104092307687], [8305.208307692306, 24100.4841076923], [8305.208307692306, 24131.24413846153], [8320.588323076921, 24146.624153846147], [8335.968338461536, 24162.004169230764], [8351.348353846153, 24177.384184615377], [8366.728369230768, 24192.764199999994], [8382.108384615383, 24208.144215384607], [8412.868415384613, 24208.144215384607], [8428.24843076923, 24223.524230769224], [8443.628446153845, 24238.90424615384], [8474.388476923075, 24238.90424615384], [8489.76849230769, 24254.284261538454], [8505.148507692305, 24269.66427692307], [8535.908538461537, 24269.66427692307], [8566.668569230767, 24269.66427692307], [8582.048584615382, 24285.044292307684], [8597.4286, 24300.4243076923], [8628.18863076923, 24300.4243076923], [8658.94866153846, 24300.4243076923], [8689.708692307691, 24300.4243076923], [8705.088707692306, 24315.804323076918], [8720.468723076921, 24331.18433846153], [8751.228753846153, 24331.18433846153], [8766.608769230768, 24315.804323076918], [8781.988784615383, 24300.4243076923], [8797.368799999998, 24315.804323076918], [8812.748815384613, 24331.18433846153], [8843.508846153845, 24331.18433846153], [8858.88886153846, 24315.804323076918], [8874.268876923075, 24300.4243076923], [8905.028907692305, 24300.4243076923], [8935.788938461537, 24300.4243076923], [8966.548969230767, 24300.4243076923], [8981.928984615382, 24315.804323076918], [8997.309, 24331.18433846153], [9012.689015384614, 24346.564353846148], [9028.06903076923, 24361.94436923076], [9043.449046153844, 24377.32438461538], [9058.82906153846, 24392.704399999995], [9074.209076923076, 24408.08441538461], [9089.589092307691, 24423.464430769225], [9104.969107692306, 24438.84444615384], [9120.349123076921, 24454.224461538455], [9135.729138461536, 24469.604476923072], [9151.109153846151, 24484.984492307685], [9166.489169230768, 24500.364507692302], [9181.869184615383, 24515.744523076915], [9197.249199999998, 24531.124538461532], [9197.249199999998, 24561.884569230762], [9181.869184615383, 24577.26458461538], [9166.489169230768, 24592.644599999992], [9181.869184615383, 24608.02461538461], [9197.249199999998, 24623.404630769226], [9212.629215384613, 24638.78464615384], [9228.009230769228, 24654.164661538456], [9228.009230769228, 24684.924692307686], [9228.009230769228, 24715.684723076916], [9243.389246153845, 24731.064738461533], [9258.76926153846, 24746.444753846146], [9258.76926153846, 24777.204784615376], [9258.76926153846, 24807.96481538461], [9258.76926153846, 24838.72484615384], [9274.149276923075, 24854.104861538453], [9289.52929230769, 24869.48487692307], [9289.52929230769, 24900.2449076923], [9289.52929230769, 24931.00493846153], [9274.149276923075, 24946.384953846147], [9258.76926153846, 24961.764969230764], [9258.76926153846, 24992.524999999994], [9258.76926153846, 25023.285030769224], [9258.76926153846, 25054.045061538454], [9258.76926153846, 25084.805092307684], [9258.76926153846, 25115.565123076918], [9274.149276923075, 25130.94513846153], [9289.52929230769, 25146.325153846148], [9289.52929230769, 25177.08518461538], [9289.52929230769, 25207.84521538461], [9289.52929230769, 25238.60524615384], [9289.52929230769, 25269.365276923072], [9289.52929230769, 25300.125307692302], [9274.149276923075, 25315.505323076915], [9258.76926153846, 25330.885338461532], [9258.76926153846, 25361.645369230762], [9258.76926153846, 25392.405399999992], [9243.389246153845, 25407.78541538461], [9228.009230769228, 25423.165430769222], [9212.629215384613, 25438.54544615384], [9197.249199999998, 25453.925461538456], [9181.869184615383, 25469.30547692307], [9166.489169230768, 25484.685492307686], [9166.489169230768, 25515.445523076916], [9151.109153846151, 25530.825538461533], [9135.729138461536, 25546.205553846146], [9135.729138461536, 25576.965584615376], [9120.349123076921, 25592.345599999993], [9104.969107692306, 25607.72561538461], [9120.349123076921, 25623.105630769223], [9135.729138461536, 25638.48564615384], [9135.729138461536, 25669.24567692307], [9120.349123076921, 25684.625692307687], [9089.589092307691, 25684.625692307687], [9058.82906153846, 25684.625692307687], [9028.06903076923, 25684.625692307687], [9012.689015384614, 25700.0057076923], [8997.309, 25715.385723076917]]]}, "properties": {"objectType": "annotation", "name": "P2_3_L|lesion_21", "classification": {"name": "lesion", "color": [255, 0, 0]}, "lesion_id": 21, "section": "P2_3_L", "area_um2": 205950.0}}, {"type": "Feature", "geometry": {"type": "Polygon", "coordinates": [[[8966.548969230767, 25561.585569230763], [8935.788938461537, 25561.585569230763], [8905.028907692305, 25561.585569230763], [8874.268876923075, 25561.585569230763], [8843.508846153845, 25561.585569230763], [8812.748815384613, 25561.585569230763], [8781.988784615383, 25561.585569230763], [8751.228753846153, 25561.585569230763], [8735.848738461536, 25546.205553846146], [8720.468723076921, 25530.825538461533], [8705.088707692306, 25515.445523076916], [8689.708692307691, 25500.0655076923], [8658.94866153846, 25500.0655076923], [8628.18863076923, 25500.0655076923], [8612.808615384614, 25484.685492307686], [8597.4286, 25469.30547692307], [8582.048584615382, 25453.925461538456], [8566.668569230767, 25438.54544615384], [8535.908538461537, 25438.54544615384], [8520.528523076922, 25423.165430769222], [8505.148507692305, 25407.78541538461], [8474.388476923075, 25407.78541538461], [8443.628446153845, 25407.78541538461], [8428.24843076923, 25392.405399999992], [8412.868415384613, 25377.02538461538], [8382.108384615383, 25377.02538461538], [8351.348353846153, 25377.02538461538], [8320.588323076921, 25377.02538461538], [8305.208307692306, 25361.645369230762], [8305.208307692306, 25330.885338461532], [8305.208307692306, 25300.125307692302], [8305.208307692306, 25269.365276923072], [8289.828292307691, 25253.985261538455], [8259.06826153846, 25253.985261538455], [8243.688246153844, 25238.60524615384], [8228.30823076923, 25223.225230769225], [8197.5482, 25223.225230769225], [8182.168184615382, 25207.84521538461], [8166.788169230768, 25192.465199999995], [8151.408153846152, 25177.08518461538], [8136.028138461537, 25161.70516923076], [8120.648123076921, 25146.325153846148], [8105.268107692306, 25130.94513846153], [8074.508076923075, 25130.94513846153], [8059.12806153846, 25115.565123076918], [8059.12806153846, 25084.805092307684], [8043.748046153845, 25069.42507692307], [8028.368030769229, 25054.045061538454], [8012.988015384614, 25038.66504615384], [7982.227984615383, 25038.66504615384], [7951.467953846152, 25038.66504615384], [7920.707923076922, 25038.66504615384], [7905.327907692306, 25023.285030769224], [7889.947892307691, 25007.905015384607], [7874.567876923075, 24992.524999999994], [7859.18786153846, 24977.144984615377], [7843.807846153845, 24992.524999999994], [7828.427830769229, 25007.905015384607], [7813.047815384614, 24992.524999999994], [7813.047815384614, 24961.764969230764], [7813.047815384614, 24931.00493846153], [7813.047815384614, 24900.2449076923], [7813.047815384614, 24869.48487692307], [7797.667799999998, 24854.104861538453], [7782.287784615383, 24838.72484615384], [7782.287784615383, 24807.96481538461], [7766.907769230768, 24792.584799999993], [7751.527753846152, 24777.204784615376], [7751.527753846152, 24746.444753846146], [7736.147738461537, 24731.064738461533], [7720.767723076922, 24715.684723076916], [7720.767723076922, 24684.924692307686], [7705.387707692306, 24669.54467692307], [7690.007692307691, 24654.164661538456], [7690.007692307691, 24623.404630769226], [7674.627676923075, 24608.02461538461], [7659.24766153846, 24592.644599999992], [7659.24766153846, 24561.884569230762], [7659.24766153846, 24531.124538461532], [7659.24766153846, 24500.364507692302], [7674.627676923075, 24484.984492307685], [7690.007692307691, 24469.604476923072], [7690.007692307691, 24438.84444615384], [7690.007692307691, 24408.08441538461], [7690.007692307691, 24377.32438461538], [7690.007692307691, 24346.564353846148], [7690.007692307691, 24315.804323076918], [7705.387707692306, 24300.4243076923], [7720.767723076922, 24285.044292307684], [7720.767723076922, 24254.284261538454], [7736.147738461537, 24238.90424615384], [7751.527753846152, 24223.524230769224], [7751.527753846152, 24192.764199999994], [7766.907769230768, 24177.384184615377], [7797.667799999998, 24177.384184615377], [7813.047815384614, 24162.004169230764], [7828.427830769229, 24146.624153846147], [7859.18786153846, 24146.624153846147], [7874.567876923075, 24131.24413846153], [7889.947892307691, 24115.864123076917], [7905.327907692306, 24131.24413846153], [7920.707923076922, 24146.624153846147], [7936.087938461537, 24162.004169230764], [7951.467953846152, 24177.384184615377], [7982.227984615383, 24177.384184615377], [8012.988015384614, 24177.384184615377], [8043.748046153845, 24177.384184615377], [8074.508076923075, 24177.384184615377], [8105.268107692306, 24177.384184615377], [8120.648123076921, 24162.004169230764], [8136.028138461537, 24146.624153846147], [8166.788169230768, 24146.624153846147], [8182.168184615382, 24162.004169230764], [8182.168184615382, 24192.764199999994], [8197.5482, 24208.144215384607], [8212.928215384614, 24223.524230769224], [8228.30823076923, 24238.90424615384], [8243.688246153844, 24254.284261538454], [8259.06826153846, 24269.66427692307], [8274.448276923076, 24285.044292307684], [8289.828292307691, 24300.4243076923], [8305.208307692306, 24315.804323076918], [8320.588323076921, 24331.18433846153], [8351.348353846153, 24331.18433846153], [8366.728369230768, 24346.564353846148], [8382.108384615383, 24361.94436923076], [8412.868415384613, 24361.94436923076], [8428.24843076923, 24377.32438461538], [8443.628446153845, 24392.704399999995], [8474.388476923075, 24392.704399999995], [8505.148507692305, 24392.704399999995], [8520.528523076922, 24408.08441538461], [8535.908538461537, 24423.464430769225], [8566.668569230767, 24423.464430769225], [8597.4286, 24423.464430769225], [8628.18863076923, 24423.464430769225], [8643.568646153844, 24438.84444615384], [8658.94866153846, 24454.224461538455], [8689.708692307691, 24454.224461538455], [8720.468723076921, 24454.224461538455], [8751.228753846153, 24454.224461538455], [8781.988784615383, 24454.224461538455], [8812.748815384613, 24454.224461538455], [8843.508846153845, 24454.224461538455], [8874.268876923075, 24454.224461538455], [8905.028907692305, 24454.224461538455], [8935.788938461537, 24454.224461538455], [8951.168953846152, 24469.604476923072], [8966.548969230767, 24484.984492307685], [8981.928984615382, 24500.364507692302], [8997.309, 24515.744523076915], [9012.689015384614, 24531.124538461532], [9028.06903076923, 24546.50455384615], [9043.449046153844, 24561.884569230762], [9043.449046153844, 24592.644599999992], [9043.449046153844, 24623.404630769226], [9043.449046153844, 24654.164661538456], [9058.82906153846, 24669.54467692307], [9074.209076923076, 24684.924692307686], [9089.589092307691, 24700.304707692303], [9104.969107692306, 24715.684723076916], [9104.969107692306, 24746.444753846146], [9104.969107692306, 24777.204784615376], [9120.349123076921, 24792.584799999993], [9135.729138461536, 24807.96481538461], [9135.729138461536, 24838.72484615384], [9135.729138461536, 24869.48487692307], [9135.729138461536, 24900.2449076923], [9135.729138461536, 24931.00493846153], [9135.729138461536, 24961.764969230764], [9135.729138461536, 24992.524999999994], [9135.729138461536, 25023.285030769224], [9135.729138461536, 25054.045061538454], [9135.729138461536, 25084.805092307684], [9135.729138461536, 25115.565123076918], [9135.729138461536, 25146.325153846148], [9135.729138461536, 25177.08518461538], [9151.109153846151, 25192.465199999995], [9166.489169230768, 25207.84521538461], [9166.489169230768, 25238.60524615384], [9151.109153846151, 25253.985261538455], [9135.729138461536, 25269.365276923072], [9135.729138461536, 25300.125307692302], [9135.729138461536, 25330.885338461532], [9120.349123076921, 25346.26535384615], [9104.969107692306, 25361.645369230762], [9089.589092307691, 25377.02538461538], [9074.209076923076, 25392.405399999992], [9058.82906153846, 25407.78541538461], [9043.449046153844, 25423.165430769222], [9043.449046153844, 25453.925461538456], [9028.06903076923, 25469.30547692307], [9012.689015384614, 25484.685492307686], [9012.689015384614, 25515.445523076916], [8997.309, 25530.825538461533], [8981.928984615382, 25546.205553846146], [8966.548969230767, 25561.585569230763]]]}, "properties": {"objectType": "annotation", "name": "P2_3_L|core_21", "classification": {"name": "core", "color": [230, 103, 103]}, "lesion_id": 21, "section": "P2_3_L", "area_um2": 144350.00000000003}}, {"type": "Feature", "geometry": {"type": "MultiPolygon", "coordinates": [[[[9012.689015384614, 25700.0057076923], [9028.06903076923, 25684.625692307687], [9058.82906153846, 25684.625692307687], [9089.589092307691, 25684.625692307687], [9120.349123076921, 25684.625692307687], [9135.729138461536, 25669.24567692307], [9135.729138461536, 25638.48564615384], [9120.349123076921, 25623.105630769223], [9104.969107692306, 25607.72561538461], [9120.349123076921, 25592.345599999993], [9135.729138461536, 25576.965584615376], [9135.729138461536, 25546.205553846146], [9151.109153846151, 25530.825538461533], [9166.489169230768, 25515.445523076916], [9166.489169230768, 25484.685492307686], [9181.869184615383, 25469.30547692307], [9197.249199999998, 25453.925461538456], [9212.629215384613, 25438.54544615384], [9228.009230769228, 25423.165430769222], [9243.389246153845, 25407.78541538461], [9258.76926153846, 25392.405399999992], [9258.76926153846, 25361.645369230762], [9258.76926153846, 25330.885338461532], [9274.149276923075, 25315.505323076915], [9289.52929230769, 25300.125307692302], [9289.52929230769, 25269.365276923072], [9289.52929230769, 25238.60524615384], [9289.52929230769, 25207.84521538461], [9289.52929230769, 25177.08518461538], [9289.52929230769, 25146.325153846148], [9274.149276923075, 25130.94513846153], [9258.76926153846, 25115.565123076918], [9258.76926153846, 25084.805092307684], [9258.76926153846, 25054.045061538454], [9258.76926153846, 25023.285030769224], [9258.76926153846, 24992.524999999994], [9258.76926153846, 24961.764969230764], [9274.149276923075, 24946.384953846147], [9289.52929230769, 24931.00493846153], [9289.52929230769, 24900.2449076923], [9289.52929230769, 24869.48487692307], [9274.149276923075, 24854.104861538453], [9258.76926153846, 24838.72484615384], [9258.76926153846, 24807.96481538461], [9258.76926153846, 24777.204784615376], [9258.76926153846, 24746.444753846146], [9243.389246153845, 24731.064738461533], [9228.009230769228, 24715.684723076916], [9228.009230769228, 24684.924692307686], [9228.009230769228, 24654.164661538456], [9212.629215384613, 24638.78464615384], [9197.249199999998, 24623.404630769226], [9181.869184615383, 24608.02461538461], [9166.489169230768, 24592.644599999992], [9181.869184615383, 24577.26458461538], [9197.249199999998, 24561.884569230762], [9197.249199999998, 24531.124538461532], [9181.869184615383, 24515.744523076915], [9166.489169230768, 24500.364507692302], [9151.109153846151, 24484.984492307685], [9135.729138461536, 24469.604476923072], [9120.349123076921, 24454.224461538455], [9104.969107692306, 24438.84444615384], [9089.589092307691, 24423.464430769225], [9074.209076923076, 24408.08441538461], [9058.82906153846, 24392.704399999995], [9043.449046153844, 24377.32438461538], [9028.06903076923, 24361.94436923076], [9012.689015384614, 24346.564353846148], [8997.309, 24331.18433846153], [8981.928984615382, 24315.804323076918], [8966.548969230767, 24300.4243076923], [8935.788938461537, 24300.4243076923], [8905.028907692305, 24300.4243076923], [8874.268876923075, 24300.4243076923], [8858.88886153846, 24315.804323076918], [8843.508846153845, 24331.18433846153], [8812.748815384613, 24331.18433846153], [8797.368799999998, 24315.804323076918], [8781.988784615383, 24300.4243076923], [8766.608769230768, 24315.804323076918], [8751.228753846153, 24331.18433846153], [8720.468723076921, 24331.18433846153], [8705.088707692306, 24315.804323076918], [8689.708692307691, 24300.4243076923], [8658.94866153846, 24300.4243076923], [8628.18863076923, 24300.4243076923], [8597.4286, 24300.4243076923], [8582.048584615382, 24285.044292307684], [8566.668569230767, 24269.66427692307], [8535.908538461537, 24269.66427692307], [8505.148507692305, 24269.66427692307], [8489.76849230769, 24254.284261538454], [8474.388476923075, 24238.90424615384], [8443.628446153845, 24238.90424615384], [8428.24843076923, 24223.524230769224], [8412.868415384613, 24208.144215384607], [8382.108384615383, 24208.144215384607], [8366.728369230768, 24192.764199999994], [8351.348353846153, 24177.384184615377], [8335.968338461536, 24162.004169230764], [8320.588323076921, 24146.624153846147], [8305.208307692306, 24131.24413846153], [8305.208307692306, 24100.4841076923], [8289.828292307691, 24085.104092307687], [8274.448276923076, 24069.72407692307], [8274.448276923076, 24038.96404615384], [8259.06826153846, 24023.584030769223], [8243.688246153844, 24008.20401538461], [8228.30823076923, 23992.823999999993], [8212.928215384614, 23977.44398461538], [8197.5482, 23962.063969230763], [8166.788169230768, 23962.063969230763], [8151.408153846152, 23977.44398461538], [8136.028138461537, 23992.823999999993], [8120.648123076921, 24008.20401538461], [8105.268107692306, 24023.584030769223], [8074.508076923075, 24023.584030769223], [8059.12806153846, 24038.96404615384], [8043.748046153845, 24054.344061538457], [8012.988015384614, 24054.344061538457], [7997.607999999998, 24038.96404615384], [7982.227984615383, 24023.584030769223], [7966.847969230768, 24008.20401538461], [7951.467953846152, 23992.823999999993], [7936.087938461537, 23977.44398461538], [7920.707923076922, 23962.063969230763], [7905.327907692306, 23946.683953846146], [7889.947892307691, 23931.303938461533], [7874.567876923075, 23946.683953846146], [7859.18786153846, 23962.063969230763], [7843.807846153845, 23977.44398461538], [7828.427830769229, 23992.823999999993], [7813.047815384614, 24008.20401538461], [7797.667799999998, 24023.584030769223], [7766.907769230768, 24023.584030769223], [7751.527753846152, 24038.96404615384], [7736.147738461537, 24054.344061538457], [7705.387707692306, 24054.344061538457], [7690.007692307691, 24069.72407692307], [7674.627676923075, 24085.104092307687], [7659.24766153846, 24100.4841076923], [7643.867646153845, 24115.864123076917], [7628.487630769229, 24131.24413846153], [7628.487630769229, 24162.004169230764], [7613.107615384614, 24177.384184615377], [7597.727599999999, 24192.764199999994], [7597.727599999999, 24223.524230769224], [7582.347584615383, 24238.90424615384], [7566.967569230768, 24254.284261538454], [7551.587553846152, 24269.66427692307], [7536.207538461537, 24285.044292307684], [7536.207538461537, 24315.804323076918], [7536.207538461537, 24346.564353846148], [7536.207538461537, 24377.32438461538], [7551.587553846152, 24392.704399999995], [7566.967569230768, 24408.08441538461], [7551.587553846152, 24423.464430769225], [7536.207538461537, 24438.84444615384], [7536.207538461537, 24469.604476923072], [7536.207538461537, 24500.364507692302], [7520.827523076922, 24515.744523076915], [7505.447507692306, 24531.124538461532], [7505.447507692306, 24561.884569230762], [7505.447507692306, 24592.644599999992], [7520.827523076922, 24608.02461538461], [7536.207538461537, 24623.404630769226], [7536.207538461537, 24654.164661538456], [7551.587553846152, 24669.54467692307], [7566.967569230768, 24684.924692307686], [7566.967569230768, 24715.684723076916], [7582.347584615383, 24731.064738461533], [7597.727599999999, 24746.444753846146], [7597.727599999999, 24777.204784615376], [7613.107615384614, 24792.584799999993], [7628.487630769229, 24807.96481538461], [7628.487630769229, 24838.72484615384], [7643.867646153845, 24854.104861538453], [7659.24766153846, 24869.48487692307], [7659.24766153846, 24900.2449076923], [7674.627676923075, 24915.624923076917], [7690.007692307691, 24931.00493846153], [7690.007692307691, 24961.764969230764], [7690.007692307691, 24992.524999999994], [7690.007692307691, 25023.285030769224], [7690.007692307691, 25054.045061538454], [7705.387707692306, 25069.42507692307], [7720.767723076922, 25084.805092307684], [7720.767723076922, 25115.565123076918], [7736.147738461537, 25130.94513846153], [7751.527753846152, 25146.325153846148], [7766.907769230768, 25161.70516923076], [7797.667799999998, 25161.70516923076], [7813.047815384614, 25146.325153846148], [7813.047815384614, 25115.565123076918], [7813.047815384614, 25084.805092307684], [7828.427830769229, 25069.42507692307], [7843.807846153845, 25054.045061538454], [7843.807846153845, 25023.285030769224], [7828.427830769229, 25007.905015384607], [7813.047815384614, 24992.524999999994], [7813.047815384614, 24961.764969230764], [7813.047815384614, 24931.00493846153], [7813.047815384614, 24900.2449076923], [7813.047815384614, 24869.48487692307], [7797.667799999998, 24854.104861538453], [7782.287784615383, 24838.72484615384], [7782.287784615383, 24807.96481538461], [7766.907769230768, 24792.584799999993], [7751.527753846152, 24777.204784615376], [7751.527753846152, 24746.444753846146], [7736.147738461537, 24731.064738461533], [7720.767723076922, 24715.684723076916], [7720.767723076922, 24684.924692307686], [7705.387707692306, 24669.54467692307], [7690.007692307691, 24654.164661538456], [7690.007692307691, 24623.404630769226], [7674.627676923075, 24608.02461538461], [7659.24766153846, 24592.644599999992], [7659.24766153846, 24561.884569230762], [7659.24766153846, 24531.124538461532], [7659.24766153846, 24500.364507692302], [7674.627676923075, 24484.984492307685], [7690.007692307691, 24469.604476923072], [7690.007692307691, 24438.84444615384], [7690.007692307691, 24408.08441538461], [7690.007692307691, 24377.32438461538], [7690.007692307691, 24346.564353846148], [7690.007692307691, 24315.804323076918], [7705.387707692306, 24300.4243076923], [7720.767723076922, 24285.044292307684], [7720.767723076922, 24254.284261538454], [7736.147738461537, 24238.90424615384], [7751.527753846152, 24223.524230769224], [7751.527753846152, 24192.764199999994], [7766.907769230768, 24177.384184615377], [7797.667799999998, 24177.384184615377], [7813.047815384614, 24162.004169230764], [7828.427830769229, 24146.624153846147], [7859.18786153846, 24146.624153846147], [7874.567876923075, 24131.24413846153], [7889.947892307691, 24115.864123076917], [7905.327907692306, 24131.24413846153], [7920.707923076922, 24146.624153846147], [7936.087938461537, 24162.004169230764], [7951.467953846152, 24177.384184615377], [7982.227984615383, 24177.384184615377], [8012.988015384614, 24177.384184615377], [8043.748046153845, 24177.384184615377], [8074.508076923075, 24177.384184615377], [8105.268107692306, 24177.384184615377], [8120.648123076921, 24162.004169230764], [8136.028138461537, 24146.624153846147], [8166.788169230768, 24146.624153846147], [8182.168184615382, 24162.004169230764], [8182.168184615382, 24192.764199999994], [8197.5482, 24208.144215384607], [8212.928215384614, 24223.524230769224], [8228.30823076923, 24238.90424615384], [8243.688246153844, 24254.284261538454], [8259.06826153846, 24269.66427692307], [8274.448276923076, 24285.044292307684], [8289.828292307691, 24300.4243076923], [8305.208307692306, 24315.804323076918], [8320.588323076921, 24331.18433846153], [8351.348353846153, 24331.18433846153], [8366.728369230768, 24346.564353846148], [8382.108384615383, 24361.94436923076], [8412.868415384613, 24361.94436923076], [8428.24843076923, 24377.32438461538], [8443.628446153845, 24392.704399999995], [8474.388476923075, 24392.704399999995], [8505.148507692305, 24392.704399999995], [8520.528523076922, 24408.08441538461], [8535.908538461537, 24423.464430769225], [8566.668569230767, 24423.464430769225], [8597.4286, 24423.464430769225], [8628.18863076923, 24423.464430769225], [8643.568646153844, 24438.84444615384], [8658.94866153846, 24454.224461538455], [8689.708692307691, 24454.224461538455], [8720.468723076921, 24454.224461538455], [8751.228753846153, 24454.224461538455], [8781.988784615383, 24454.224461538455], [8812.748815384613, 24454.224461538455], [8843.508846153845, 24454.224461538455], [8874.268876923075, 24454.224461538455], [8905.028907692305, 24454.224461538455], [8935.788938461537, 24454.224461538455], [8951.168953846152, 24469.604476923072], [8966.548969230767, 24484.984492307685], [8981.928984615382, 24500.364507692302], [8997.309, 24515.744523076915], [9012.689015384614, 24531.124538461532], [9028.06903076923, 24546.50455384615], [9043.449046153844, 24561.884569230762], [9043.449046153844, 24592.644599999992], [9043.449046153844, 24623.404630769226], [9043.449046153844, 24654.164661538456], [9058.82906153846, 24669.54467692307], [9074.209076923076, 24684.924692307686], [9089.589092307691, 24700.304707692303], [9104.969107692306, 24715.684723076916], [9104.969107692306, 24746.444753846146], [9104.969107692306, 24777.204784615376], [9120.349123076921, 24792.584799999993], [9135.729138461536, 24807.96481538461], [9135.729138461536, 24838.72484615384], [9135.729138461536, 24869.48487692307], [9135.729138461536, 24900.2449076923], [9135.729138461536, 24931.00493846153], [9135.729138461536, 24961.764969230764], [9135.729138461536, 24992.524999999994], [9135.729138461536, 25023.285030769224], [9135.729138461536, 25054.045061538454], [9135.729138461536, 25084.805092307684], [9135.729138461536, 25115.565123076918], [9135.729138461536, 25146.325153846148], [9135.729138461536, 25177.08518461538], [9151.109153846151, 25192.465199999995], [9166.489169230768, 25207.84521538461], [9166.489169230768, 25238.60524615384], [9151.109153846151, 25253.985261538455], [9135.729138461536, 25269.365276923072], [9135.729138461536, 25300.125307692302], [9135.729138461536, 25330.885338461532], [9120.349123076921, 25346.26535384615], [9104.969107692306, 25361.645369230762], [9089.589092307691, 25377.02538461538], [9074.209076923076, 25392.405399999992], [9058.82906153846, 25407.78541538461], [9043.449046153844, 25423.165430769222], [9043.449046153844, 25453.925461538456], [9028.06903076923, 25469.30547692307], [9012.689015384614, 25484.685492307686], [9012.689015384614, 25515.445523076916], [8997.309, 25530.825538461533], [8981.928984615382, 25546.205553846146], [8966.548969230767, 25561.585569230763], [8935.788938461537, 25561.585569230763], [8905.028907692305, 25561.585569230763], [8874.268876923075, 25561.585569230763], [8843.508846153845, 25561.585569230763], [8812.748815384613, 25561.585569230763], [8781.988784615383, 25561.585569230763], [8751.228753846153, 25561.585569230763], [8735.848738461536, 25546.205553846146], [8720.468723076921, 25530.825538461533], [8705.088707692306, 25515.445523076916], [8689.708692307691, 25500.0655076923], [8658.94866153846, 25500.0655076923], [8628.18863076923, 25500.0655076923], [8612.808615384614, 25515.445523076916], [8628.18863076923, 25530.825538461533], [8643.568646153844, 25546.205553846146], [8658.94866153846, 25561.585569230763], [8674.328676923076, 25576.965584615376], [8689.708692307691, 25592.345599999993], [8705.088707692306, 25607.72561538461], [8720.468723076921, 25623.105630769223], [8751.228753846153, 25623.105630769223], [8766.608769230768, 25638.48564615384], [8781.988784615383, 25653.865661538453], [8812.748815384613, 25653.865661538453], [8828.128830769228, 25669.24567692307], [8843.508846153845, 25684.625692307687], [8874.268876923075, 25684.625692307687], [8905.028907692305, 25684.625692307687], [8935.788938461537, 25684.625692307687], [8951.168953846152, 25700.0057076923], [8966.548969230767, 25715.385723076917], [8997.309, 25715.385723076917], [9012.689015384614, 25700.0057076923]]], [[[8612.808615384614, 25484.685492307686], [8597.4286, 25469.30547692307], [8582.048584615382, 25453.925461538456], [8566.668569230767, 25438.54544615384], [8535.908538461537, 25438.54544615384], [8520.528523076922, 25453.925461538456], [8535.908538461537, 25469.30547692307], [8551.288553846152, 25484.685492307686], [8566.668569230767, 25500.0655076923], [8597.4286, 25500.0655076923], [8612.808615384614, 25484.685492307686]]]]}, "properties": {"objectType": "annotation", "name": "P2_3_L|rim_21", "classification": {"name": "rim", "color": [201, 133, 0]}, "lesion_id": 21, "section": "P2_3_L", "area_um2": 61400.00000000004}}, {"type": "Feature", "geometry": {"type": "Polygon", "coordinates": [[[3675.823676923076, 24638.78464615384], [3645.063646153845, 24638.78464615384], [3614.3036153846147, 24638.78464615384], [3583.5435846153837, 24638.78464615384], [3552.783553846153, 24638.78464615384], [3522.023523076922, 24638.78464615384], [3506.6435076923067, 24623.404630769226], [3491.2634923076916, 24608.02461538461], [3475.883476923076, 24592.644599999992], [3460.5034615384607, 24577.26458461538], [3429.74343076923, 24577.26458461538], [3414.3634153846147, 24561.884569230762], [3414.3634153846147, 24531.124538461532], [3429.74343076923, 24515.744523076915], [3445.123446153845, 24500.364507692302], [3460.5034615384607, 24484.984492307685], [3491.2634923076916, 24484.984492307685], [3522.023523076922, 24484.984492307685], [3537.4035384615377, 24500.364507692302], [3552.783553846153, 24515.744523076915], [3568.163569230768, 24500.364507692302], [3583.5435846153837, 24484.984492307685], [3614.3036153846147, 24484.984492307685], [3645.063646153845, 24484.984492307685], [3675.823676923076, 24484.984492307685], [3691.2036923076917, 24500.364507692302], [3706.5837076923067, 24515.744523076915], [3721.963723076922, 24531.124538461532], [3737.3437384615377, 24546.50455384615], [3752.723753846153, 24561.884569230762], [3737.3437384615377, 24577.26458461538], [3721.963723076922, 24592.644599999992], [3706.5837076923067, 24608.02461538461], [3691.2036923076917, 24623.404630769226], [3675.823676923076, 24638.78464615384]]]}, "properties": {"objectType": "annotation", "name": "R1_3_T|lesion_22", "classification": {"name": "lesion", "color": [255, 0, 0]}, "lesion_id": 22, "section": "R1_3_T", "area_um2": 4150.000000000012}}, {"type": "Feature", "geometry": {"type": "Polygon", "coordinates": [[[3675.823676923076, 24638.78464615384], [3645.063646153845, 24638.78464615384], [3614.3036153846147, 24638.78464615384], [3583.5435846153837, 24638.78464615384], [3552.783553846153, 24638.78464615384], [3522.023523076922, 24638.78464615384], [3506.6435076923067, 24623.404630769226], [3491.2634923076916, 24608.02461538461], [3475.883476923076, 24592.644599999992], [3460.5034615384607, 24577.26458461538], [3429.74343076923, 24577.26458461538], [3414.3634153846147, 24561.884569230762], [3414.3634153846147, 24531.124538461532], [3429.74343076923, 24515.744523076915], [3445.123446153845, 24500.364507692302], [3460.5034615384607, 24484.984492307685], [3491.2634923076916, 24484.984492307685], [3522.023523076922, 24484.984492307685], [3537.4035384615377, 24500.364507692302], [3552.783553846153, 24515.744523076915], [3568.163569230768, 24500.364507692302], [3583.5435846153837, 24484.984492307685], [3614.3036153846147, 24484.984492307685], [3645.063646153845, 24484.984492307685], [3675.823676923076, 24484.984492307685], [3691.2036923076917, 24500.364507692302], [3706.5837076923067, 24515.744523076915], [3721.963723076922, 24531.124538461532], [3737.3437384615377, 24546.50455384615], [3752.723753846153, 24561.884569230762], [3737.3437384615377, 24577.26458461538], [3721.963723076922, 24592.644599999992], [3706.5837076923067, 24608.02461538461], [3691.2036923076917, 24623.404630769226], [3675.823676923076, 24638.78464615384]]]}, "properties": {"objectType": "annotation", "name": "R1_3_T|rim_22", "classification": {"name": "rim", "color": [201, 133, 0]}, "lesion_id": 22, "section": "R1_3_T", "area_um2": 4150.000000000012}}, {"type": "Feature", "geometry": {"type": "Polygon", "coordinates": [[[19363.439369230764, 11904.131907692306], [19332.679338461534, 11904.131907692306], [19301.919307692304, 11904.131907692306], [19271.15927692307, 11904.131907692306], [19240.39924615384, 11904.131907692306], [19225.019230769227, 11888.75189230769], [19209.63921538461, 11873.371876923075], [19178.87918461538, 11873.371876923075], [19148.11915384615, 11873.371876923075], [19117.359123076916, 11873.371876923075], [19086.599092307686, 11873.371876923075], [19055.839061538456, 11873.371876923075], [19025.079030769226, 11873.371876923075], [18994.318999999996, 11873.371876923075], [18963.558969230762, 11873.371876923075], [18932.798938461532, 11873.371876923075], [18902.038907692302, 11873.371876923075], [18871.278876923072, 11873.371876923075], [18840.518846153842, 11873.371876923075], [18809.75881538461, 11873.371876923075], [18778.998784615378, 11873.371876923075], [18748.238753846148, 11873.371876923075], [18732.858738461535, 11857.99186153846], [18717.478723076918, 11842.611846153844], [18686.718692307688, 11842.611846153844], [18655.958661538458, 11842.611846153844], [18640.57864615384, 11827.23183076923], [18625.198630769224, 11811.851815384613], [18609.81861538461, 11796.471799999998], [18594.438599999994, 11781.091784615382], [18563.678569230764, 11781.091784615382], [18548.298553846147, 11765.711769230767], [18532.918538461534, 11750.331753846152], [18517.538523076917, 11734.951738461536], [18502.158507692304, 11719.57172307692], [18486.778492307687, 11704.191707692305], [18471.39847692307, 11688.81169230769], [18456.018461538457, 11673.431676923075], [18456.018461538457, 11642.671646153844], [18440.63844615384, 11627.291630769229], [18425.258430769227, 11611.911615384613], [18425.258430769227, 11581.151584615383], [18409.87841538461, 11565.771569230767], [18394.498399999993, 11550.391553846152], [18394.498399999993, 11519.631523076921], [18394.498399999993, 11488.87149230769], [18379.11838461538, 11473.491476923075], [18363.738369230763, 11458.11146153846], [18363.738369230763, 11427.35143076923], [18363.738369230763, 11396.591399999998], [18363.738369230763, 11365.831369230767], [18363.738369230763, 11335.071338461537], [18363.738369230763, 11304.311307692305], [18363.738369230763, 11273.551276923075], [18363.738369230763, 11242.791246153844], [18348.35835384615, 11227.411230769228], [18332.978338461533, 11212.031215384613], [18332.978338461533, 11181.271184615383], [18332.978338461533, 11150.511153846152], [18317.598323076916, 11135.131138461536], [18302.218307692303, 11119.751123076921], [18302.218307692303, 11088.99109230769], [18286.838292307686, 11073.611076923075], [18271.458276923073, 11058.23106153846], [18271.458276923073, 11027.47103076923], [18271.458276923073, 10996.710999999998], [18256.078261538456, 10981.330984615382], [18240.698246153843, 10965.950969230767], [18240.698246153843, 10935.190938461537], [18240.698246153843, 10904.430907692305], [18240.698246153843, 10873.670876923075], [18225.318230769226, 10858.29086153846], [18209.93821538461, 10842.910846153844], [18209.93821538461, 10812.150815384613], [18209.93821538461, 10781.390784615383], [18209.93821538461, 10750.630753846151], [18209.93821538461, 10719.870723076921], [18194.558199999996, 10704.490707692306], [18179.17818461538, 10689.110692307691], [18179.17818461538, 10658.35066153846], [18179.17818461538, 10627.59063076923], [18163.798169230766, 10612.210615384614], [18148.41815384615, 10596.830599999998], [18148.41815384615, 10566.070569230767], [18148.41815384615, 10535.310538461537], [18133.038138461532, 10519.93052307692], [18117.65812307692, 10504.550507692305], [18117.65812307692, 10473.790476923075], [18117.65812307692, 10443.030446153844], [18102.278107692302, 10427.650430769228], [18086.89809230769, 10412.270415384613], [18086.89809230769, 10381.510384615383], [18086.89809230769, 10350.750353846151], [18071.518076923072, 10335.370338461536], [18056.138061538455, 10319.990323076921], [18056.138061538455, 10289.230292307691], [18056.138061538455, 10258.47026153846], [18056.138061538455, 10227.71023076923], [18056.138061538455, 10196.950199999997], [18040.758046153842, 10181.570184615382], [18025.378030769225, 10166.190169230767], [18025.378030769225, 10135.430138461537], [18025.378030769225, 10104.670107692305], [18009.99801538461, 10089.29009230769], [17994.617999999995, 10073.910076923075], [17994.617999999995, 10043.150046153845], [17994.617999999995, 10012.390015384613], [17979.237984615378, 9997.009999999998], [17963.857969230765, 9981.629984615383], [17963.857969230765, 9950.869953846151], [17963.857969230765, 9920.109923076921], [17963.857969230765, 9889.349892307691], [17963.857969230765, 9858.58986153846], [17963.857969230765, 9827.82983076923], [17963.857969230765, 9797.069799999997], [17963.857969230765, 9766.309769230767], [17948.477953846148, 9750.929753846152], [17933.097938461535, 9735.549738461537], [17948.477953846148, 9720.169723076922], [17963.857969230765, 9704.789707692305], [17963.857969230765, 9674.029676923075], [17979.237984615378, 9658.64966153846], [17994.617999999995, 9643.269646153845], [17994.617999999995, 9612.509615384613], [18009.99801538461, 9597.129599999998], [18025.378030769225, 9581.749584615383], [18009.99801538461, 9566.369569230768], [17994.617999999995, 9550.989553846151], [17994.617999999995, 9520.229523076921], [17994.617999999995, 9489.469492307691], [17994.617999999995, 9458.70946153846], [17994.617999999995, 9427.94943076923], [17979.237984615378, 9412.569415384614], [17963.857969230765, 9397.1894], [17948.477953846148, 9381.809384615382], [17917.717923076918, 9381.809384615382], [17902.3379076923, 9366.429369230767], [17886.957892307688, 9351.049353846152], [17871.57787692307, 9335.669338461537], [17871.57787692307, 9304.909307692305], [17871.57787692307, 9274.149276923075], [17871.57787692307, 9243.389246153845], [17871.57787692307, 9212.629215384613], [17871.57787692307, 9181.869184615383], [17871.57787692307, 9151.109153846151], [17856.197861538458, 9135.729138461536], [17840.81784615384, 9120.349123076921], [17840.81784615384, 9089.589092307691], [17840.81784615384, 9058.82906153846], [17840.81784615384, 9028.06903076923], [17840.81784615384, 8997.309], [17840.81784615384, 8966.548969230767], [17840.81784615384, 8935.788938461537], [17840.81784615384, 8905.028907692305], [17825.437830769224, 8889.64889230769], [17810.05781538461, 8874.268876923075], [17810.05781538461, 8843.508846153845], [17810.05781538461, 8812.748815384613], [17810.05781538461, 8781.988784615383], [17810.05781538461, 8751.228753846153], [17810.05781538461, 8720.468723076921], [17810.05781538461, 8689.708692307691], [17810.05781538461, 8658.94866153846], [17825.437830769224, 8643.568646153844], [17840.81784615384, 8628.18863076923], [17856.197861538458, 8612.808615384614], [17871.57787692307, 8597.4286], [17856.197861538458, 8582.048584615382], [17840.81784615384, 8566.668569230767], [17840.81784615384, 8535.908538461537], [17840.81784615384, 8505.148507692305], [17840.81784615384, 8474.388476923075], [17840.81784615384, 8443.628446153845], [17825.437830769224, 8428.24843076923], [17810.05781538461, 8412.868415384613], [17825.437830769224, 8397.488399999998], [17840.81784615384, 8382.108384615383], [17840.81784615384, 8351.348353846153], [17840.81784615384, 8320.588323076921], [17840.81784615384, 8289.828292307691], [17840.81784615384, 8259.06826153846], [17840.81784615384, 8228.30823076923], [17840.81784615384, 8197.5482], [17825.437830769224, 8182.168184615382], [17810.05781538461, 8166.788169230768], [17810.05781538461, 8136.028138461537], [17825.437830769224, 8120.648123076921], [17840.81784615384, 8105.268107692306], [17840.81784615384, 8074.508076923075], [17825.437830769224, 8059.12806153846], [17810.05781538461, 8043.748046153845], [17810.05781538461, 8012.988015384614], [17810.05781538461, 7982.227984615383], [17810.05781538461, 7951.467953846152], [17810.05781538461, 7920.707923076922], [17794.677799999994, 7905.327907692306], [17779.29778461538, 7889.947892307691], [17779.29778461538, 7859.18786153846], [17779.29778461538, 7828.427830769229], [17779.29778461538, 7797.667799999998], [17779.29778461538, 7766.907769230768], [17763.917769230764, 7751.527753846152], [17748.537753846147, 7736.147738461537], [17748.537753846147, 7705.387707692306], [17748.537753846147, 7674.627676923075], [17748.537753846147, 7643.867646153845], [17748.537753846147, 7613.107615384614], [17748.537753846147, 7582.347584615383], [17748.537753846147, 7551.587553846152], [17748.537753846147, 7520.827523076922], [17748.537753846147, 7490.067492307691], [17733.157738461534, 7474.687476923075], [17717.777723076917, 7459.30746153846], [17717.777723076917, 7428.547430769229], [17717.777723076917, 7397.787399999999], [17717.777723076917, 7367.027369230768], [17717.777723076917, 7336.267338461537], [17717.777723076917, 7305.507307692306], [17717.777723076917, 7274.747276923076], [17733.157738461534, 7259.36726153846], [17748.537753846147, 7243.987246153845], [17748.537753846147, 7213.227215384614], [17748.537753846147, 7182.467184615383], [17748.537753846147, 7151.707153846152], [17748.537753846147, 7120.947123076922], [17748.537753846147, 7090.187092307691], [17748.537753846147, 7059.42706153846], [17748.537753846147, 7028.667030769229], [17763.917769230764, 7013.287015384614], [17779.29778461538, 6997.906999999999], [17779.29778461538, 6967.146969230768], [17794.677799999994, 6951.766953846153], [17810.05781538461, 6936.386938461537], [17825.437830769224, 6921.006923076922], [17840.81784615384, 6905.626907692306], [17840.81784615384, 6874.866876923076], [17856.197861538458, 6859.48686153846], [17871.57787692307, 6844.106846153845], [17871.57787692307, 6813.346815384614], [17871.57787692307, 6782.586784615383], [17886.957892307688, 6767.206769230768], [17902.3379076923, 6751.826753846153], [17902.3379076923, 6721.066723076922], [17917.717923076918, 6705.686707692306], [17933.097938461535, 6690.306692307691], [17933.097938461535, 6659.54666153846], [17948.477953846148, 6644.166646153845], [17963.857969230765, 6628.78663076923], [17963.857969230765, 6598.026599999999], [17979.237984615378, 6582.646584615383], [17994.617999999995, 6567.266569230768], [18009.99801538461, 6551.886553846153], [18025.378030769225, 6536.506538461537], [18040.758046153842, 6521.126523076922], [18056.138061538455, 6505.746507692306], [18071.518076923072, 6490.366492307691], [18086.89809230769, 6474.986476923076], [18102.278107692302, 6459.60646153846], [18117.65812307692, 6444.226446153845], [18133.038138461532, 6428.84643076923], [18148.41815384615, 6413.466415384614], [18163.798169230766, 6398.086399999999], [18179.17818461538, 6382.706384615383], [18179.17818461538, 6351.946353846153], [18194.558199999996, 6336.566338461537], [18209.93821538461, 6321.186323076922], [18225.318230769226, 6305.806307692307], [18240.698246153843, 6290.426292307691], [18256.078261538456, 6275.046276923076], [18286.838292307686, 6275.046276923076], [18317.598323076916, 6275.046276923076], [18332.978338461533, 6259.66626153846], [18348.35835384615, 6244.286246153845], [18363.738369230763, 6259.66626153846], [18379.11838461538, 6275.046276923076], [18409.87841538461, 6275.046276923076], [18440.63844615384, 6275.046276923076], [18471.39847692307, 6275.046276923076], [18502.158507692304, 6275.046276923076], [18517.538523076917, 6290.426292307691], [18532.918538461534, 6305.806307692307], [18563.678569230764, 6305.806307692307], [18594.438599999994, 6305.806307692307], [18609.81861538461, 6321.186323076922], [18594.438599999994, 6336.566338461537], [18579.05858461538, 6351.946353846153], [18563.678569230764, 6367.326369230768], [18532.918538461534, 6367.326369230768], [18517.538523076917, 6382.706384615383], [18502.158507692304, 6398.086399999999], [18486.778492307687, 6413.466415384614], [18471.39847692307, 6428.84643076923], [18456.018461538457, 6444.226446153845], [18440.63844615384, 6459.60646153846], [18425.258430769227, 6474.986476923076], [18409.87841538461, 6490.366492307691], [18394.498399999993, 6505.746507692306], [18379.11838461538, 6521.126523076922], [18348.35835384615, 6521.126523076922], [18332.978338461533, 6536.506538461537], [18332.978338461533, 6567.266569230768], [18317.598323076916, 6582.646584615383], [18302.218307692303, 6598.026599999999], [18286.838292307686, 6613.406615384614], [18271.458276923073, 6628.78663076923], [18256.078261538456, 6644.166646153845], [18240.698246153843, 6659.54666153846], [18225.318230769226, 6674.926676923076], [18209.93821538461, 6690.306692307691], [18194.558199999996, 6705.686707692306], [18179.17818461538, 6721.066723076922], [18179.17818461538, 6751.826753846153], [18163.798169230766, 6767.206769230768], [18148.41815384615, 6782.586784615383], [18148.41815384615, 6813.346815384614], [18148.41815384615, 6844.106846153845], [18133.038138461532, 6859.48686153846], [18117.65812307692, 6874.866876923076], [18117.65812307692, 6905.626907692306], [18117.65812307692, 6936.386938461537], [18102.278107692302, 6951.766953846153], [18086.89809230769, 6967.146969230768], [18071.518076923072, 6982.526984615383], [18056.138061538455, 6997.906999999999], [18040.758046153842, 7013.287015384614], [18009.99801538461, 7013.287015384614], [17979.237984615378, 7013.287015384614], [17963.857969230765, 7028.667030769229], [17979.237984615378, 7044.047046153845], [17994.617999999995, 7059.42706153846], [17994.617999999995, 7090.187092307691], [17994.617999999995, 7120.947123076922], [17994.617999999995, 7151.707153846152], [17979.237984615378, 7167.087169230768], [17963.857969230765, 7182.467184615383], [17963.857969230765, 7213.227215384614], [17963.857969230765, 7243.987246153845], [17963.857969230765, 7274.747276923076], [17963.857969230765, 7305.507307692306], [17963.857969230765, 7336.267338461537], [17963.857969230765, 7367.027369230768], [17948.477953846148, 7382.407384615383], [17933.097938461535, 7397.787399999999], [17933.097938461535, 7428.547430769229], [17948.477953846148, 7443.927446153845], [17963.857969230765, 7459.30746153846], [17963.857969230765, 7490.067492307691], [17948.477953846148, 7505.447507692306], [17933.097938461535, 7520.827523076922], [17948.477953846148, 7536.207538461537], [17963.857969230765, 7551.587553846152], [17979.237984615378, 7566.967569230768], [17994.617999999995, 7582.347584615383], [17994.617999999995, 7613.107615384614], [17994.617999999995, 7643.867646153845], [18009.99801538461, 7659.24766153846], [18025.378030769225, 7674.627676923075], [18009.99801538461, 7690.007692307691], [17994.617999999995, 7705.387707692306], [17994.617999999995, 7736.147738461537], [18009.99801538461, 7751.527753846152], [18025.378030769225, 7766.907769230768], [18025.378030769225, 7797.667799999998], [18009.99801538461, 7813.047815384614], [17994.617999999995, 7828.427830769229], [17994.617999999995, 7859.18786153846], [17994.617999999995, 7889.947892307691], [18009.99801538461, 7905.327907692306], [18025.378030769225, 7920.707923076922], [18009.99801538461, 7936.087938461537], [17994.617999999995, 7951.467953846152], [18009.99801538461, 7966.847969230768], [18025.378030769225, 7982.227984615383], [18025.378030769225, 8012.988015384614], [18025.378030769225, 8043.748046153845], [18040.758046153842, 8059.12806153846], [18056.138061538455, 8074.508076923075], [18040.758046153842, 8089.888092307691], [18025.378030769225, 8105.268107692306], [18025.378030769225, 8136.028138461537], [18040.758046153842, 8151.408153846152], [18056.138061538455, 8166.788169230768], [18040.758046153842, 8182.168184615382], [18025.378030769225, 8197.5482], [18040.758046153842, 8212.928215384614], [18056.138061538455, 8228.30823076923], [18056.138061538455, 8259.06826153846], [18056.138061538455, 8289.828292307691], [18071.518076923072, 8305.208307692306], [18086.89809230769, 8320.588323076921], [18071.518076923072, 8335.968338461536], [18056.138061538455, 8351.348353846153], [18056.138061538455, 8382.108384615383], [18056.138061538455, 8412.868415384613], [18056.138061538455, 8443.628446153845], [18071.518076923072, 8459.00846153846], [18086.89809230769, 8474.388476923075], [18086.89809230769, 8505.148507692305], [18086.89809230769, 8535.908538461537], [18086.89809230769, 8566.668569230767], [18086.89809230769, 8597.4286], [18086.89809230769, 8628.18863076923], [18071.518076923072, 8643.568646153844], [18056.138061538455, 8658.94866153846], [18071.518076923072, 8674.328676923076], [18086.89809230769, 8689.708692307691], [18086.89809230769, 8720.468723076921], [18086.89809230769, 8751.228753846153], [18086.89809230769, 8781.988784615383], [18102.278107692302, 8797.368799999998], [18117.65812307692, 8812.748815384613], [18102.278107692302, 8828.128830769228], [18086.89809230769, 8843.508846153845], [18102.278107692302, 8858.88886153846], [18117.65812307692, 8874.268876923075], [18117.65812307692, 8905.028907692305], [18102.278107692302, 8920.408923076922], [18086.89809230769, 8935.788938461537], [18102.278107692302, 8951.168953846152], [18117.65812307692, 8966.548969230767], [18117.65812307692, 8997.309], [18117.65812307692, 9028.06903076923], [18117.65812307692, 9058.82906153846], [18117.65812307692, 9089.589092307691], [18133.038138461532, 9104.969107692306], [18148.41815384615, 9120.349123076921], [18133.038138461532, 9135.729138461536], [18117.65812307692, 9151.109153846151], [18133.038138461532, 9166.489169230768], [18148.41815384615, 9181.869184615383], [18148.41815384615, 9212.629215384613], [18148.41815384615, 9243.389246153845], [18133.038138461532, 9258.76926153846], [18117.65812307692, 9274.149276923075], [18133.038138461532, 9289.52929230769], [18148.41815384615, 9304.909307692305], [18148.41815384615, 9335.669338461537], [18133.038138461532, 9351.049353846152], [18117.65812307692, 9366.429369230767], [18133.038138461532, 9381.809384615382], [18148.41815384615, 9397.1894], [18133.038138461532, 9412.569415384614], [18117.65812307692, 9427.94943076923], [18133.038138461532, 9443.329446153844], [18148.41815384615, 9458.70946153846], [18148.41815384615, 9489.469492307691], [18148.41815384615, 9520.229523076921], [18148.41815384615, 9550.989553846151], [18148.41815384615, 9581.749584615383], [18148.41815384615, 9612.509615384613], [18133.038138461532, 9627.889630769228], [18117.65812307692, 9643.269646153845], [18133.038138461532, 9658.64966153846], [18148.41815384615, 9674.029676923075], [18163.798169230766, 9689.40969230769], [18179.17818461538, 9704.789707692305], [18194.558199999996, 9720.169723076922], [18209.93821538461, 9735.549738461537], [18225.318230769226, 9750.929753846152], [18240.698246153843, 9766.309769230767], [18256.078261538456, 9781.689784615382], [18271.458276923073, 9797.069799999997], [18271.458276923073, 9827.82983076923], [18256.078261538456, 9843.209846153844], [18240.698246153843, 9858.58986153846], [18225.318230769226, 9873.969876923074], [18209.93821538461, 9889.349892307691], [18194.558199999996, 9904.729907692306], [18179.17818461538, 9920.109923076921], [18194.558199999996, 9935.489938461536], [18209.93821538461, 9950.869953846151], [18209.93821538461, 9981.629984615383], [18225.318230769226, 9997.009999999998], [18240.698246153843, 10012.390015384613], [18256.078261538456, 10027.770030769228], [18271.458276923073, 10043.150046153845], [18271.458276923073, 10073.910076923075], [18286.838292307686, 10089.29009230769], [18302.218307692303, 10104.670107692305], [18302.218307692303, 10135.430138461537], [18302.218307692303, 10166.190169230767], [18302.218307692303, 10196.950199999997], [18317.598323076916, 10212.330215384614], [18332.978338461533, 10227.71023076923], [18332.978338461533, 10258.47026153846], [18348.35835384615, 10273.850276923074], [18363.738369230763, 10289.230292307691], [18363.738369230763, 10319.990323076921], [18363.738369230763, 10350.750353846151], [18379.11838461538, 10366.130369230768], [18394.498399999993, 10381.510384615383], [18394.498399999993, 10412.270415384613], [18394.498399999993, 10443.030446153844], [18394.498399999993, 10473.790476923075], [18409.87841538461, 10489.17049230769], [18425.258430769227, 10504.550507692305], [18425.258430769227, 10535.310538461537], [18440.63844615384, 10550.690553846152], [18456.018461538457, 10566.070569230767], [18456.018461538457, 10596.830599999998], [18471.39847692307, 10612.210615384614], [18486.778492307687, 10627.59063076923], [18486.778492307687, 10658.35066153846], [18486.778492307687, 10689.110692307691], [18502.158507692304, 10704.490707692306], [18517.538523076917, 10719.870723076921], [18502.158507692304, 10735.250738461536], [18486.778492307687, 10750.630753846151], [18486.778492307687, 10781.390784615383], [18502.158507692304, 10796.770799999998], [18517.538523076917, 10812.150815384613], [18517.538523076917, 10842.910846153844], [18517.538523076917, 10873.670876923075], [18532.918538461534, 10889.05089230769], [18548.298553846147, 10904.430907692305], [18548.298553846147, 10935.190938461537], [18532.918538461534, 10950.570953846152], [18517.538523076917, 10965.950969230767], [18532.918538461534, 10981.330984615382], [18548.298553846147, 10996.710999999998], [18548.298553846147, 11027.47103076923], [18563.678569230764, 11042.851046153844], [18579.05858461538, 11058.23106153846], [18594.438599999994, 11073.611076923075], [18609.81861538461, 11088.99109230769], [18609.81861538461, 11119.751123076921], [18609.81861538461, 11150.511153846152], [18625.198630769224, 11165.891169230767], [18640.57864615384, 11181.271184615383], [18640.57864615384, 11212.031215384613], [18625.198630769224, 11227.411230769228], [18609.81861538461, 11242.791246153844], [18625.198630769224, 11258.17126153846], [18640.57864615384, 11273.551276923075], [18640.57864615384, 11304.311307692305], [18640.57864615384, 11335.071338461537], [18640.57864615384, 11365.831369230767], [18640.57864615384, 11396.591399999998], [18640.57864615384, 11427.35143076923], [18655.958661538458, 11442.731446153844], [18671.33867692307, 11458.11146153846], [18671.33867692307, 11488.87149230769], [18671.33867692307, 11519.631523076921], [18671.33867692307, 11550.391553846152], [18686.718692307688, 11565.771569230767], [18702.0987076923, 11581.151584615383], [18717.478723076918, 11596.531599999998], [18748.238753846148, 11596.531599999998], [18778.998784615378, 11596.531599999998], [18794.378799999995, 11611.911615384613], [18809.75881538461, 11627.291630769229], [18825.138830769225, 11642.671646153844], [18840.518846153842, 11658.05166153846], [18855.898861538455, 11642.671646153844], [18871.278876923072, 11627.291630769229], [18902.038907692302, 11627.291630769229], [18932.798938461532, 11627.291630769229], [18948.17895384615, 11611.911615384613], [18963.558969230762, 11596.531599999998], [18994.318999999996, 11596.531599999998], [19009.69901538461, 11611.911615384613], [19025.079030769226, 11627.291630769229], [19040.45904615384, 11611.911615384613], [19055.839061538456, 11596.531599999998], [19086.599092307686, 11596.531599999998], [19101.979107692303, 11611.911615384613], [19117.359123076916, 11627.291630769229], [19148.11915384615, 11627.291630769229], [19178.87918461538, 11627.291630769229], [19194.259199999993, 11642.671646153844], [19209.63921538461, 11658.05166153846], [19240.39924615384, 11658.05166153846], [19255.779261538457, 11642.671646153844], [19271.15927692307, 11627.291630769229], [19286.539292307687, 11642.671646153844], [19301.919307692304, 11658.05166153846], [19317.299323076917, 11642.671646153844], [19332.679338461534, 11627.291630769229], [19348.059353846147, 11642.671646153844], [19363.439369230764, 11658.05166153846], [19378.81938461538, 11642.671646153844], [19394.199399999994, 11627.291630769229], [19424.959430769224, 11627.291630769229], [19440.33944615384, 11611.911615384613], [19455.719461538458, 11596.531599999998], [19486.479492307688, 11596.531599999998], [19517.239523076918, 11596.531599999998], [19532.619538461535, 11581.151584615383], [19547.999553846148, 11565.771569230767], [19563.379569230765, 11581.151584615383], [19578.759584615378, 11596.531599999998], [19594.139599999995, 11581.151584615383], [19609.51961538461, 11565.771569230767], [19640.279646153842, 11565.771569230767], [19671.039676923072, 11565.771569230767], [19686.419692307685, 11581.151584615383], [19701.799707692302, 11596.531599999998], [19717.17972307692, 11581.151584615383], [19732.559738461532, 11565.771569230767], [19747.93975384615, 11550.391553846152], [19763.319769230762, 11535.011538461536], [19794.079799999996, 11535.011538461536], [19824.839830769226, 11535.011538461536], [19840.21984615384, 11519.631523076921], [19855.599861538456, 11504.251507692306], [19886.359892307686, 11504.251507692306], [19901.739907692303, 11519.631523076921], [19917.119923076916, 11535.011538461536], [19932.499938461533, 11519.631523076921], [19947.87995384615, 11504.251507692306], [19963.259969230763, 11488.87149230769], [19978.63998461538, 11473.491476923075], [19994.019999999993, 11458.11146153846], [20009.40001538461, 11442.731446153844], [20024.780030769227, 11427.35143076923], [20040.16004615384, 11411.971415384613], [20070.92007692307, 11411.971415384613], [20101.680107692304, 11411.971415384613], [20117.060123076917, 11396.591399999998], [20132.440138461534, 11381.211384615382], [20147.820153846147, 11396.591399999998], [20163.200169230764, 11411.971415384613], [20178.58018461538, 11396.591399999998], [20193.960199999994, 11381.211384615382], [20209.34021538461, 11365.831369230767], [20224.720230769224, 11350.451353846152], [20255.480261538454, 11350.451353846152], [20286.240292307688, 11350.451353846152], [20317.000323076918, 11350.451353846152], [20332.38033846153, 11365.831369230767], [20347.760353846148, 11381.211384615382], [20378.520384615378, 11381.211384615382], [20393.900399999995, 11396.591399999998], [20409.28041538461, 11411.971415384613], [20440.040446153842, 11411.971415384613], [20455.420461538455, 11396.591399999998], [20470.800476923072, 11381.211384615382], [20486.180492307685, 11365.831369230767], [20501.560507692302, 11350.451353846152], [20516.94052307692, 11335.071338461537], [20532.320538461532, 11319.69132307692], [20563.080569230762, 11319.69132307692], [20578.46058461538, 11304.311307692305], [20593.840599999996, 11288.93129230769], [20609.22061538461, 11273.551276923075], [20609.22061538461, 11242.791246153844], [20624.600630769226, 11227.411230769228], [20639.98064615384, 11212.031215384613], [20655.360661538456, 11196.651199999998], [20670.740676923073, 11181.271184615383], [20686.120692307686, 11165.891169230767], [20701.500707692303, 11150.511153846152], [20716.880723076916, 11135.131138461536], [20747.64075384615, 11135.131138461536], [20763.020769230763, 11119.751123076921], [20778.40078461538, 11104.371107692306], [20793.780799999993, 11088.99109230769], [20809.16081538461, 11073.611076923075], [20824.540830769227, 11058.23106153846], [20824.540830769227, 11027.47103076923], [20824.540830769227, 10996.710999999998], [20839.92084615384, 10981.330984615382], [20855.300861538457, 10965.950969230767], [20870.68087692307, 10950.570953846152], [20886.060892307687, 10935.190938461537], [20901.4409076923, 10919.81092307692], [20916.820923076917, 10904.430907692305], [20932.200938461534, 10889.05089230769], [20947.580953846147, 10873.670876923075], [20962.960969230764, 10858.29086153846], [20993.720999999994, 10858.29086153846], [21009.10101538461, 10842.910846153844], [21009.10101538461, 10812.150815384613], [21024.481030769224, 10796.770799999998], [21039.86104615384, 10781.390784615383], [21055.241061538454, 10766.010769230767], [21070.62107692307, 10750.630753846151], [21070.62107692307, 10719.870723076921], [21086.001092307688, 10704.490707692306], [21101.3811076923, 10689.110692307691], [21116.761123076918, 10673.730676923074], [21132.14113846153, 10658.35066153846], [21132.14113846153, 10627.59063076923], [21147.521153846148, 10612.210615384614], [21162.901169230765, 10596.830599999998], [21162.901169230765, 10566.070569230767], [21162.901169230765, 10535.310538461537], [21178.281184615378, 10519.93052307692], [21193.661199999995, 10504.550507692305], [21209.04121538461, 10489.17049230769], [21224.421230769225, 10473.790476923075], [21239.801246153842, 10458.41046153846], [21255.181261538455, 10443.030446153844], [21255.181261538455, 10412.270415384613], [21270.561276923072, 10396.890399999998], [21285.941292307685, 10381.510384615383], [21301.321307692302, 10366.130369230768], [21316.70132307692, 10350.750353846151], [21332.081338461532, 10335.370338461536], [21347.46135384615, 10319.990323076921], [21362.841369230762, 10304.610307692306], [21378.22138461538, 10289.230292307691], [21378.22138461538, 10258.47026153846], [21378.22138461538, 10227.71023076923], [21378.22138461538, 10196.950199999997], [21393.601399999996, 10181.570184615382], [21408.98141538461, 10166.190169230767], [21408.98141538461, 10135.430138461537], [21408.98141538461, 10104.670107692305], [21408.98141538461, 10073.910076923075], [21424.361430769226, 10058.53006153846], [21439.74144615384, 10043.150046153845], [21439.74144615384, 10012.390015384613], [21439.74144615384, 9981.629984615383], [21455.121461538456, 9966.249969230768], [21470.501476923073, 9950.869953846151], [21470.501476923073, 9920.109923076921], [21470.501476923073, 9889.349892307691], [21485.881492307686, 9873.969876923074], [21501.261507692303, 9858.58986153846], [21501.261507692303, 9827.82983076923], [21516.641523076916, 9812.449815384614], [21532.021538461533, 9797.069799999997], [21532.021538461533, 9766.309769230767], [21532.021538461533, 9735.549738461537], [21547.401553846146, 9720.169723076922], [21562.781569230763, 9704.789707692305], [21578.16158461538, 9689.40969230769], [21593.541599999993, 9674.029676923075], [21578.16158461538, 9658.64966153846], [21562.781569230763, 9643.269646153845], [21562.781569230763, 9612.509615384613], [21578.16158461538, 9597.129599999998], [21593.541599999993, 9581.749584615383], [21593.541599999993, 9550.989553846151], [21593.541599999993, 9520.229523076921], [21608.92161538461, 9504.849507692306], [21624.301630769223, 9489.469492307691], [21639.68164615384, 9474.089476923074], [21655.061661538457, 9458.70946153846], [21639.68164615384, 9443.329446153844], [21624.301630769223, 9427.94943076923], [21624.301630769223, 9397.1894], [21624.301630769223, 9366.429369230767], [21624.301630769223, 9335.669338461537], [21639.68164615384, 9320.289323076922], [21655.061661538457, 9304.909307692305], [21639.68164615384, 9289.52929230769], [21624.301630769223, 9274.149276923075], [21639.68164615384, 9258.76926153846], [21655.061661538457, 9243.389246153845], [21655.061661538457, 9212.629215384613], [21639.68164615384, 9197.249199999998], [21624.301630769223, 9181.869184615383], [21639.68164615384, 9166.489169230768], [21655.061661538457, 9151.109153846151], [21639.68164615384, 9135.729138461536], [21624.301630769223, 9120.349123076921], [21624.301630769223, 9089.589092307691], [21639.68164615384, 9074.209076923076], [21655.061661538457, 9058.82906153846], [21639.68164615384, 9043.449046153844], [21624.301630769223, 9028.06903076923], [21639.68164615384, 9012.689015384614], [21655.061661538457, 8997.309], [21655.061661538457, 8966.548969230767], [21655.061661538457, 8935.788938461537], [21639.68164615384, 8920.408923076922], [21624.301630769223, 8905.028907692305], [21639.68164615384, 8889.64889230769], [21655.061661538457, 8874.268876923075], [21655.061661538457, 8843.508846153845], [21655.061661538457, 8812.748815384613], [21670.44167692307, 8797.368799999998], [21685.821692307687, 8781.988784615383], [21685.821692307687, 8751.228753846153], [21670.44167692307, 8735.848738461536], [21655.061661538457, 8720.468723076921], [21670.44167692307, 8705.088707692306], [21701.2017076923, 8705.088707692306], [21716.581723076917, 8720.468723076921], [21731.961738461534, 8735.848738461536], [21762.721769230764, 8735.848738461536], [21778.101784615377, 8751.228753846153], [21793.481799999994, 8766.608769230768], [21824.241830769224, 8766.608769230768], [21839.62184615384, 8781.988784615383], [21855.001861538454, 8797.368799999998], [21870.38187692307, 8812.748815384613], [21885.761892307688, 8828.128830769228], [21901.1419076923, 8843.508846153845], [21916.521923076918, 8858.88886153846], [21931.90193846153, 8874.268876923075], [21931.90193846153, 8905.028907692305], [21931.90193846153, 8935.788938461537], [21931.90193846153, 8966.548969230767], [21931.90193846153, 8997.309], [21931.90193846153, 9028.06903076923], [21916.521923076918, 9043.449046153844], [21901.1419076923, 9058.82906153846], [21901.1419076923, 9089.589092307691], [21901.1419076923, 9120.349123076921], [21901.1419076923, 9151.109153846151], [21901.1419076923, 9181.869184615383], [21901.1419076923, 9212.629215384613], [21901.1419076923, 9243.389246153845], [21901.1419076923, 9274.149276923075], [21901.1419076923, 9304.909307692305], [21901.1419076923, 9335.669338461537], [21901.1419076923, 9366.429369230767], [21901.1419076923, 9397.1894], [21901.1419076923, 9427.94943076923], [21901.1419076923, 9458.70946153846], [21885.761892307688, 9474.089476923074], [21870.38187692307, 9489.469492307691], [21870.38187692307, 9520.229523076921], [21870.38187692307, 9550.989553846151], [21870.38187692307, 9581.749584615383], [21870.38187692307, 9612.509615384613], [21870.38187692307, 9643.269646153845], [21855.001861538454, 9658.64966153846], [21839.62184615384, 9674.029676923075], [21839.62184615384, 9704.789707692305], [21839.62184615384, 9735.549738461537], [21839.62184615384, 9766.309769230767], [21839.62184615384, 9797.069799999997], [21824.241830769224, 9812.449815384614], [21808.86181538461, 9827.82983076923], [21808.86181538461, 9858.58986153846], [21793.481799999994, 9873.969876923074], [21778.101784615377, 9889.349892307691], [21778.101784615377, 9920.109923076921], [21778.101784615377, 9950.869953846151], [21762.721769230764, 9966.249969230768], [21747.341753846147, 9981.629984615383], [21747.341753846147, 10012.390015384613], [21731.961738461534, 10027.770030769228], [21716.581723076917, 10043.150046153845], [21716.581723076917, 10073.910076923075], [21716.581723076917, 10104.670107692305], [21701.2017076923, 10120.05012307692], [21685.821692307687, 10135.430138461537], [21685.821692307687, 10166.190169230767], [21670.44167692307, 10181.570184615382], [21655.061661538457, 10196.950199999997], [21655.061661538457, 10227.71023076923], [21655.061661538457, 10258.47026153846], [21639.68164615384, 10273.850276923074], [21624.301630769223, 10289.230292307691], [21624.301630769223, 10319.990323076921], [21608.92161538461, 10335.370338461536], [21593.541599999993, 10350.750353846151], [21593.541599999993, 10381.510384615383], [21593.541599999993, 10412.270415384613], [21578.16158461538, 10427.650430769228], [21562.781569230763, 10443.030446153844], [21547.401553846146, 10458.41046153846], [21532.021538461533, 10473.790476923075], [21532.021538461533, 10504.550507692305], [21516.641523076916, 10519.93052307692], [21501.261507692303, 10535.310538461537], [21485.881492307686, 10550.690553846152], [21470.501476923073, 10566.070569230767], [21470.501476923073, 10596.830599999998], [21455.121461538456, 10612.210615384614], [21439.74144615384, 10627.59063076923], [21439.74144615384, 10658.35066153846], [21424.361430769226, 10673.730676923074], [21408.98141538461, 10689.110692307691], [21393.601399999996, 10704.490707692306], [21378.22138461538, 10719.870723076921], [21378.22138461538, 10750.630753846151], [21362.841369230762, 10766.010769230767], [21347.46135384615, 10781.390784615383], [21332.081338461532, 10796.770799999998], [21316.70132307692, 10812.150815384613], [21316.70132307692, 10842.910846153844], [21301.321307692302, 10858.29086153846], [21285.941292307685, 10873.670876923075], [21270.561276923072, 10889.05089230769], [21255.181261538455, 10904.430907692305], [21239.801246153842, 10919.81092307692], [21224.421230769225, 10935.190938461537], [21224.421230769225, 10965.950969230767], [21209.04121538461, 10981.330984615382], [21193.661199999995, 10996.710999999998], [21178.281184615378, 11012.091015384614], [21162.901169230765, 11027.47103076923], [21147.521153846148, 11042.851046153844], [21132.14113846153, 11058.23106153846], [21116.761123076918, 11073.611076923075], [21086.001092307688, 11073.611076923075], [21070.62107692307, 11088.99109230769], [21055.241061538454, 11104.371107692306], [21039.86104615384, 11119.751123076921], [21039.86104615384, 11150.511153846152], [21024.481030769224, 11165.891169230767], [21009.10101538461, 11181.271184615383], [20993.720999999994, 11196.651199999998], [20978.340984615377, 11212.031215384613], [20962.960969230764, 11227.411230769228], [20947.580953846147, 11242.791246153844], [20932.200938461534, 11258.17126153846], [20916.820923076917, 11273.551276923075], [20901.4409076923, 11288.93129230769], [20886.060892307687, 11304.311307692305], [20886.060892307687, 11335.071338461537], [20870.68087692307, 11350.451353846152], [20855.300861538457, 11365.831369230767], [20839.92084615384, 11381.211384615382], [20824.540830769227, 11396.591399999998], [20809.16081538461, 11411.971415384613], [20793.780799999993, 11427.35143076923], [20778.40078461538, 11442.731446153844], [20763.020769230763, 11458.11146153846], [20747.64075384615, 11473.491476923075], [20716.880723076916, 11473.491476923075], [20701.500707692303, 11488.87149230769], [20686.120692307686, 11504.251507692306], [20670.740676923073, 11519.631523076921], [20655.360661538456, 11535.011538461536], [20639.98064615384, 11550.391553846152], [20624.600630769226, 11565.771569230767], [20593.840599999996, 11565.771569230767], [20578.46058461538, 11581.151584615383], [20563.080569230762, 11596.531599999998], [20532.320538461532, 11596.531599999998], [20501.560507692302, 11596.531599999998], [20486.180492307685, 11611.911615384613], [20470.800476923072, 11627.291630769229], [20440.040446153842, 11627.291630769229], [20409.28041538461, 11627.291630769229], [20378.520384615378, 11627.291630769229], [20347.760353846148, 11627.291630769229], [20317.000323076918, 11627.291630769229], [20286.240292307688, 11627.291630769229], [20255.480261538454, 11627.291630769229], [20224.720230769224, 11627.291630769229], [20193.960199999994, 11627.291630769229], [20178.58018461538, 11642.671646153844], [20163.200169230764, 11658.05166153846], [20132.440138461534, 11658.05166153846], [20117.060123076917, 11673.431676923075], [20101.680107692304, 11688.81169230769], [20086.300092307687, 11704.191707692305], [20070.92007692307, 11719.57172307692], [20040.16004615384, 11719.57172307692], [20024.780030769227, 11734.951738461536], [20009.40001538461, 11750.331753846152], [19978.63998461538, 11750.331753846152], [19963.259969230763, 11765.711769230767], [19947.87995384615, 11781.091784615382], [19917.119923076916, 11781.091784615382], [19886.359892307686, 11781.091784615382], [19870.979876923073, 11796.471799999998], [19855.599861538456, 11811.851815384613], [19824.839830769226, 11811.851815384613], [19794.079799999996, 11811.851815384613], [19763.319769230762, 11811.851815384613], [19732.559738461532, 11811.851815384613], [19717.17972307692, 11827.23183076923], [19701.799707692302, 11842.611846153844], [19671.039676923072, 11842.611846153844], [19640.279646153842, 11842.611846153844], [19609.51961538461, 11842.611846153844], [19578.759584615378, 11842.611846153844], [19547.999553846148, 11842.611846153844], [19532.619538461535, 11857.99186153846], [19517.239523076918, 11873.371876923075], [19486.479492307688, 11873.371876923075], [19455.719461538458, 11873.371876923075], [19424.959430769224, 11873.371876923075], [19394.199399999994, 11873.371876923075], [19378.81938461538, 11888.75189230769], [19363.439369230764, 11904.131907692306]]]}, "properties": {"objectType": "annotation", "name": "P2_3_T|peri", "classification": {"name": "peri", "color": [25, 158, 112]}, "lesion_id": 0, "section": "P2_3_T", "area_um2": 288350.00000000064, "lesion_ids": [1, 2, 3, 4, 5, 6, 7]}}, {"type": "Feature", "geometry": {"type": "Polygon", "coordinates": [[[19363.439369230764, 10642.970646153844], [19348.059353846147, 10627.59063076923], [19332.679338461534, 10612.210615384614], [19317.299323076917, 10596.830599999998], [19301.919307692304, 10581.450584615382], [19286.539292307687, 10566.070569230767], [19286.539292307687, 10535.310538461537], [19286.539292307687, 10504.550507692305], [19271.15927692307, 10489.17049230769], [19255.779261538457, 10473.790476923075], [19255.779261538457, 10443.030446153844], [19255.779261538457, 10412.270415384613], [19255.779261538457, 10381.510384615383], [19240.39924615384, 10366.130369230768], [19225.019230769227, 10350.750353846151], [19225.019230769227, 10319.990323076921], [19240.39924615384, 10304.610307692306], [19255.779261538457, 10289.230292307691], [19255.779261538457, 10258.47026153846], [19271.15927692307, 10243.090246153844], [19286.539292307687, 10227.71023076923], [19286.539292307687, 10196.950199999997], [19286.539292307687, 10166.190169230767], [19301.919307692304, 10150.810153846152], [19317.299323076917, 10135.430138461537], [19332.679338461534, 10120.05012307692], [19348.059353846147, 10104.670107692305], [19348.059353846147, 10073.910076923075], [19363.439369230764, 10058.53006153846], [19378.81938461538, 10043.150046153845], [19394.199399999994, 10027.770030769228], [19409.57941538461, 10012.390015384613], [19424.959430769224, 9997.009999999998], [19440.33944615384, 9981.629984615383], [19455.719461538458, 9966.249969230768], [19471.09947692307, 9950.869953846151], [19486.479492307688, 9935.489938461536], [19501.8595076923, 9920.109923076921], [19501.8595076923, 9889.349892307691], [19501.8595076923, 9858.58986153846], [19501.8595076923, 9827.82983076923], [19486.479492307688, 9812.449815384614], [19471.09947692307, 9797.069799999997], [19455.719461538458, 9781.689784615382], [19440.33944615384, 9766.309769230767], [19424.959430769224, 9750.929753846152], [19409.57941538461, 9735.549738461537], [19394.199399999994, 9720.169723076922], [19363.439369230764, 9720.169723076922], [19348.059353846147, 9735.549738461537], [19332.679338461534, 9750.929753846152], [19317.299323076917, 9766.309769230767], [19301.919307692304, 9781.689784615382], [19286.539292307687, 9797.069799999997], [19271.15927692307, 9812.449815384614], [19240.39924615384, 9812.449815384614], [19209.63921538461, 9812.449815384614], [19178.87918461538, 9812.449815384614], [19148.11915384615, 9812.449815384614], [19117.359123076916, 9812.449815384614], [19101.979107692303, 9797.069799999997], [19086.599092307686, 9781.689784615382], [19055.839061538456, 9781.689784615382], [19040.45904615384, 9766.309769230767], [19025.079030769226, 9750.929753846152], [19009.69901538461, 9735.549738461537], [18994.318999999996, 9720.169723076922], [18963.558969230762, 9720.169723076922], [18948.17895384615, 9704.789707692305], [18932.798938461532, 9689.40969230769], [18902.038907692302, 9689.40969230769], [18871.278876923072, 9689.40969230769], [18840.518846153842, 9689.40969230769], [18809.75881538461, 9689.40969230769], [18794.378799999995, 9704.789707692305], [18778.998784615378, 9720.169723076922], [18748.238753846148, 9720.169723076922], [18732.858738461535, 9735.549738461537], [18717.478723076918, 9750.929753846152], [18686.718692307688, 9750.929753846152], [18671.33867692307, 9766.309769230767], [18655.958661538458, 9781.689784615382], [18625.198630769224, 9781.689784615382], [18609.81861538461, 9797.069799999997], [18594.438599999994, 9812.449815384614], [18563.678569230764, 9812.449815384614], [18548.298553846147, 9797.069799999997], [18532.918538461534, 9781.689784615382], [18502.158507692304, 9781.689784615382], [18471.39847692307, 9781.689784615382], [18456.018461538457, 9797.069799999997], [18440.63844615384, 9812.449815384614], [18425.258430769227, 9827.82983076923], [18409.87841538461, 9843.209846153844], [18394.498399999993, 9858.58986153846], [18379.11838461538, 9873.969876923074], [18363.738369230763, 9889.349892307691], [18363.738369230763, 9920.109923076921], [18363.738369230763, 9950.869953846151], [18363.738369230763, 9981.629984615383], [18363.738369230763, 10012.390015384613], [18348.35835384615, 10027.770030769228], [18332.978338461533, 10012.390015384613], [18317.598323076916, 9997.009999999998], [18302.218307692303, 9981.629984615383], [18302.218307692303, 9950.869953846151], [18302.218307692303, 9920.109923076921], [18317.598323076916, 9904.729907692306], [18332.978338461533, 9889.349892307691], [18332.978338461533, 9858.58986153846], [18332.978338461533, 9827.82983076923], [18332.978338461533, 9797.069799999997], [18332.978338461533, 9766.309769230767], [18332.978338461533, 9735.549738461537], [18317.598323076916, 9720.169723076922], [18302.218307692303, 9704.789707692305], [18286.838292307686, 9689.40969230769], [18271.458276923073, 9674.029676923075], [18256.078261538456, 9658.64966153846], [18240.698246153843, 9643.269646153845], [18225.318230769226, 9627.889630769228], [18209.93821538461, 9612.509615384613], [18209.93821538461, 9581.749584615383], [18225.318230769226, 9566.369569230768], [18240.698246153843, 9550.989553846151], [18240.698246153843, 9520.229523076921], [18240.698246153843, 9489.469492307691], [18256.078261538456, 9474.089476923074], [18271.458276923073, 9489.469492307691], [18271.458276923073, 9520.229523076921], [18271.458276923073, 9550.989553846151], [18286.838292307686, 9566.369569230768], [18302.218307692303, 9581.749584615383], [18317.598323076916, 9597.129599999998], [18332.978338461533, 9612.509615384613], [18348.35835384615, 9627.889630769228], [18379.11838461538, 9627.889630769228], [18394.498399999993, 9612.509615384613], [18409.87841538461, 9597.129599999998], [18425.258430769227, 9581.749584615383], [18425.258430769227, 9550.989553846151], [18440.63844615384, 9535.609538461536], [18456.018461538457, 9520.229523076921], [18456.018461538457, 9489.469492307691], [18440.63844615384, 9474.089476923074], [18425.258430769227, 9458.70946153846], [18425.258430769227, 9427.94943076923], [18440.63844615384, 9412.569415384614], [18456.018461538457, 9427.94943076923], [18471.39847692307, 9443.329446153844], [18502.158507692304, 9443.329446153844], [18517.538523076917, 9427.94943076923], [18532.918538461534, 9412.569415384614], [18548.298553846147, 9397.1894], [18563.678569230764, 9381.809384615382], [18579.05858461538, 9366.429369230767], [18579.05858461538, 9335.669338461537], [18579.05858461538, 9304.909307692305], [18579.05858461538, 9274.149276923075], [18594.438599999994, 9258.76926153846], [18609.81861538461, 9243.389246153845], [18625.198630769224, 9228.009230769228], [18640.57864615384, 9212.629215384613], [18655.958661538458, 9197.249199999998], [18686.718692307688, 9197.249199999998], [18717.478723076918, 9197.249199999998], [18732.858738461535, 9181.869184615383], [18748.238753846148, 9166.489169230768], [18763.618769230765, 9151.109153846151], [18778.998784615378, 9135.729138461536], [18794.378799999995, 9120.349123076921], [18809.75881538461, 9104.969107692306], [18825.138830769225, 9089.589092307691], [18825.138830769225, 9058.82906153846], [18825.138830769225, 9028.06903076923], [18825.138830769225, 8997.309], [18825.138830769225, 8966.548969230767], [18825.138830769225, 8935.788938461537], [18825.138830769225, 8905.028907692305], [18809.75881538461, 8889.64889230769], [18794.378799999995, 8874.268876923075], [18794.378799999995, 8843.508846153845], [18778.998784615378, 8828.128830769228], [18763.618769230765, 8812.748815384613], [18763.618769230765, 8781.988784615383], [18748.238753846148, 8766.608769230768], [18732.858738461535, 8751.228753846153], [18732.858738461535, 8720.468723076921], [18748.238753846148, 8705.088707692306], [18763.618769230765, 8689.708692307691], [18763.618769230765, 8658.94866153846], [18763.618769230765, 8628.18863076923], [18778.998784615378, 8612.808615384614], [18794.378799999995, 8597.4286], [18794.378799999995, 8566.668569230767], [18794.378799999995, 8535.908538461537], [18794.378799999995, 8505.148507692305], [18809.75881538461, 8489.76849230769], [18825.138830769225, 8474.388476923075], [18825.138830769225, 8443.628446153845], [18825.138830769225, 8412.868415384613], [18825.138830769225, 8382.108384615383], [18825.138830769225, 8351.348353846153], [18825.138830769225, 8320.588323076921], [18825.138830769225, 8289.828292307691], [18809.75881538461, 8274.448276923076], [18794.378799999995, 8259.06826153846], [18778.998784615378, 8243.688246153844], [18763.618769230765, 8228.30823076923], [18748.238753846148, 8212.928215384614], [18732.858738461535, 8197.5482], [18732.858738461535, 8166.788169230768], [18717.478723076918, 8151.408153846152], [18702.0987076923, 8136.028138461537], [18686.718692307688, 8120.648123076921], [18671.33867692307, 8105.268107692306], [18671.33867692307, 8074.508076923075], [18671.33867692307, 8043.748046153845], [18655.958661538458, 8028.368030769229], [18640.57864615384, 8012.988015384614], [18625.198630769224, 7997.607999999998], [18609.81861538461, 7982.227984615383], [18594.438599999994, 7966.847969230768], [18579.05858461538, 7951.467953846152], [18563.678569230764, 7936.087938461537], [18548.298553846147, 7920.707923076922], [18548.298553846147, 7889.947892307691], [18548.298553846147, 7859.18786153846], [18532.918538461534, 7843.807846153845], [18517.538523076917, 7828.427830769229], [18517.538523076917, 7797.667799999998], [18502.158507692304, 7782.287784615383], [18486.778492307687, 7766.907769230768], [18486.778492307687, 7736.147738461537], [18471.39847692307, 7720.767723076922], [18456.018461538457, 7705.387707692306], [18471.39847692307, 7690.007692307691], [18486.778492307687, 7674.627676923075], [18502.158507692304, 7659.24766153846], [18517.538523076917, 7643.867646153845], [18517.538523076917, 7613.107615384614], [18517.538523076917, 7582.347584615383], [18517.538523076917, 7551.587553846152], [18532.918538461534, 7536.207538461537], [18548.298553846147, 7520.827523076922], [18548.298553846147, 7490.067492307691], [18563.678569230764, 7474.687476923075], [18579.05858461538, 7459.30746153846], [18594.438599999994, 7443.927446153845], [18609.81861538461, 7428.547430769229], [18625.198630769224, 7413.167415384614], [18640.57864615384, 7397.787399999999], [18640.57864615384, 7367.027369230768], [18655.958661538458, 7351.647353846152], [18671.33867692307, 7336.267338461537], [18671.33867692307, 7305.507307692306], [18686.718692307688, 7290.127292307691], [18702.0987076923, 7274.747276923076], [18702.0987076923, 7243.987246153845], [18717.478723076918, 7228.607230769229], [18732.858738461535, 7213.227215384614], [18748.238753846148, 7197.847199999999], [18763.618769230765, 7182.467184615383], [18778.998784615378, 7167.087169230768], [18794.378799999995, 7151.707153846152], [18778.998784615378, 7136.327138461537], [18763.618769230765, 7120.947123076922], [18748.238753846148, 7105.567107692306], [18732.858738461535, 7090.187092307691], [18717.478723076918, 7074.807076923076], [18686.718692307688, 7074.807076923076], [18671.33867692307, 7059.42706153846], [18655.958661538458, 7044.047046153845], [18640.57864615384, 7028.667030769229], [18625.198630769224, 7013.287015384614], [18609.81861538461, 6997.906999999999], [18609.81861538461, 6967.146969230768], [18609.81861538461, 6936.386938461537], [18609.81861538461, 6905.626907692306], [18594.438599999994, 6890.246892307691], [18579.05858461538, 6874.866876923076], [18579.05858461538, 6844.106846153845], [18563.678569230764, 6828.726830769229], [18548.298553846147, 6813.346815384614], [18532.918538461534, 6797.966799999999], [18517.538523076917, 6782.586784615383], [18502.158507692304, 6767.206769230768], [18486.778492307687, 6751.826753846153], [18471.39847692307, 6736.446738461537], [18440.63844615384, 6736.446738461537], [18409.87841538461, 6736.446738461537], [18379.11838461538, 6736.446738461537], [18363.738369230763, 6721.066723076922], [18348.35835384615, 6705.686707692306], [18332.978338461533, 6721.066723076922], [18317.598323076916, 6736.446738461537], [18302.218307692303, 6751.826753846153], [18286.838292307686, 6767.206769230768], [18271.458276923073, 6782.586784615383], [18256.078261538456, 6797.966799999999], [18240.698246153843, 6782.586784615383], [18240.698246153843, 6751.826753846153], [18256.078261538456, 6736.446738461537], [18271.458276923073, 6721.066723076922], [18286.838292307686, 6705.686707692306], [18302.218307692303, 6690.306692307691], [18317.598323076916, 6674.926676923076], [18332.978338461533, 6659.54666153846], [18348.35835384615, 6644.166646153845], [18363.738369230763, 6628.78663076923], [18379.11838461538, 6613.406615384614], [18394.498399999993, 6598.026599999999], [18409.87841538461, 6582.646584615383], [18425.258430769227, 6567.266569230768], [18440.63844615384, 6551.886553846153], [18456.018461538457, 6536.506538461537], [18471.39847692307, 6521.126523076922], [18486.778492307687, 6505.746507692306], [18502.158507692304, 6490.366492307691], [18517.538523076917, 6474.986476923076], [18532.918538461534, 6459.60646153846], [18548.298553846147, 6444.226446153845], [18563.678569230764, 6428.84643076923], [18594.438599999994, 6428.84643076923], [18609.81861538461, 6444.226446153845], [18625.198630769224, 6459.60646153846], [18655.958661538458, 6459.60646153846], [18671.33867692307, 6474.986476923076], [18686.718692307688, 6490.366492307691], [18702.0987076923, 6505.746507692306], [18717.478723076918, 6521.126523076922], [18732.858738461535, 6536.506538461537], [18748.238753846148, 6551.886553846153], [18763.618769230765, 6567.266569230768], [18778.998784615378, 6582.646584615383], [18794.378799999995, 6598.026599999999], [18809.75881538461, 6613.406615384614], [18825.138830769225, 6628.78663076923], [18840.518846153842, 6644.166646153845], [18855.898861538455, 6659.54666153846], [18855.898861538455, 6690.306692307691], [18871.278876923072, 6705.686707692306], [18886.65889230769, 6721.066723076922], [18886.65889230769, 6751.826753846153], [18902.038907692302, 6767.206769230768], [18917.41892307692, 6782.586784615383], [18917.41892307692, 6813.346815384614], [18932.798938461532, 6828.726830769229], [18948.17895384615, 6844.106846153845], [18963.558969230762, 6859.48686153846], [18978.93898461538, 6874.866876923076], [18994.318999999996, 6890.246892307691], [19009.69901538461, 6905.626907692306], [19025.079030769226, 6921.006923076922], [19040.45904615384, 6936.386938461537], [19055.839061538456, 6951.766953846153], [19071.219076923073, 6967.146969230768], [19071.219076923073, 6997.906999999999], [19086.599092307686, 7013.287015384614], [19101.979107692303, 7028.667030769229], [19101.979107692303, 7059.42706153846], [19101.979107692303, 7090.187092307691], [19101.979107692303, 7120.947123076922], [19101.979107692303, 7151.707153846152], [19101.979107692303, 7182.467184615383], [19101.979107692303, 7213.227215384614], [19101.979107692303, 7243.987246153845], [19101.979107692303, 7274.747276923076], [19086.599092307686, 7290.127292307691], [19071.219076923073, 7305.507307692306], [19071.219076923073, 7336.267338461537], [19055.839061538456, 7351.647353846152], [19040.45904615384, 7367.027369230768], [19025.079030769226, 7382.407384615383], [19009.69901538461, 7397.787399999999], [18994.318999999996, 7413.167415384614], [18978.93898461538, 7428.547430769229], [18978.93898461538, 7459.30746153846], [18963.558969230762, 7474.687476923075], [18948.17895384615, 7490.067492307691], [18948.17895384615, 7520.827523076922], [18932.798938461532, 7536.207538461537], [18917.41892307692, 7551.587553846152], [18917.41892307692, 7582.347584615383], [18902.038907692302, 7597.727599999999], [18886.65889230769, 7613.107615384614], [18871.278876923072, 7628.487630769229], [18855.898861538455, 7643.867646153845], [18840.518846153842, 7659.24766153846], [18825.138830769225, 7674.627676923075], [18825.138830769225, 7705.387707692306], [18840.518846153842, 7720.767723076922], [18855.898861538455, 7736.147738461537], [18855.898861538455, 7766.907769230768], [18871.278876923072, 7782.287784615383], [18886.65889230769, 7797.667799999998], [18902.038907692302, 7813.047815384614], [18917.41892307692, 7828.427830769229], [18932.798938461532, 7843.807846153845], [18948.17895384615, 7859.18786153846], [18948.17895384615, 7889.947892307691], [18963.558969230762, 7905.327907692306], [18978.93898461538, 7920.707923076922], [18978.93898461538, 7951.467953846152], [18994.318999999996, 7966.847969230768], [19009.69901538461, 7982.227984615383], [19009.69901538461, 8012.988015384614], [19025.079030769226, 8028.368030769229], [19040.45904615384, 8043.748046153845], [19055.839061538456, 8059.12806153846], [19071.219076923073, 8074.508076923075], [19086.599092307686, 8089.888092307691], [19101.979107692303, 8105.268107692306], [19101.979107692303, 8136.028138461537], [19117.359123076916, 8151.408153846152], [19132.739138461533, 8166.788169230768], [19132.739138461533, 8197.5482], [19132.739138461533, 8228.30823076923], [19132.739138461533, 8259.06826153846], [19132.739138461533, 8289.828292307691], [19132.739138461533, 8320.588323076921], [19132.739138461533, 8351.348353846153], [19132.739138461533, 8382.108384615383], [19132.739138461533, 8412.868415384613], [19132.739138461533, 8443.628446153845], [19132.739138461533, 8474.388476923075], [19132.739138461533, 8505.148507692305], [19132.739138461533, 8535.908538461537], [19132.739138461533, 8566.668569230767], [19132.739138461533, 8597.4286], [19117.359123076916, 8612.808615384614], [19101.979107692303, 8628.18863076923], [19101.979107692303, 8658.94866153846], [19101.979107692303, 8689.708692307691], [19101.979107692303, 8720.468723076921], [19101.979107692303, 8751.228753846153], [19117.359123076916, 8766.608769230768], [19132.739138461533, 8781.988784615383], [19132.739138461533, 8812.748815384613], [19132.739138461533, 8843.508846153845], [19132.739138461533, 8874.268876923075], [19132.739138461533, 8905.028907692305], [19132.739138461533, 8935.788938461537], [19132.739138461533, 8966.548969230767], [19132.739138461533, 8997.309], [19132.739138461533, 9028.06903076923], [19132.739138461533, 9058.82906153846], [19132.739138461533, 9089.589092307691], [19132.739138461533, 9120.349123076921], [19132.739138461533, 9151.109153846151], [19132.739138461533, 9181.869184615383], [19132.739138461533, 9212.629215384613], [19117.359123076916, 9228.009230769228], [19101.979107692303, 9243.389246153845], [19101.979107692303, 9274.149276923075], [19086.599092307686, 9289.52929230769], [19071.219076923073, 9304.909307692305], [19055.839061538456, 9320.289323076922], [19040.45904615384, 9335.669338461537], [19025.079030769226, 9351.049353846152], [19009.69901538461, 9366.429369230767], [19025.079030769226, 9381.809384615382], [19055.839061538456, 9381.809384615382], [19071.219076923073, 9397.1894], [19086.599092307686, 9412.569415384614], [19117.359123076916, 9412.569415384614], [19132.739138461533, 9427.94943076923], [19148.11915384615, 9443.329446153844], [19178.87918461538, 9443.329446153844], [19209.63921538461, 9443.329446153844], [19225.019230769227, 9427.94943076923], [19240.39924615384, 9412.569415384614], [19271.15927692307, 9412.569415384614], [19301.919307692304, 9412.569415384614], [19332.679338461534, 9412.569415384614], [19363.439369230764, 9412.569415384614], [19394.199399999994, 9412.569415384614], [19424.959430769224, 9412.569415384614], [19455.719461538458, 9412.569415384614], [19486.479492307688, 9412.569415384614], [19517.239523076918, 9412.569415384614], [19532.619538461535, 9427.94943076923], [19547.999553846148, 9443.329446153844], [19578.759584615378, 9443.329446153844], [19594.139599999995, 9458.70946153846], [19609.51961538461, 9474.089476923074], [19624.899630769225, 9489.469492307691], [19640.279646153842, 9504.849507692306], [19655.659661538455, 9520.229523076921], [19671.039676923072, 9535.609538461536], [19686.419692307685, 9550.989553846151], [19701.799707692302, 9566.369569230768], [19717.17972307692, 9581.749584615383], [19732.559738461532, 9597.129599999998], [19747.93975384615, 9612.509615384613], [19763.319769230762, 9627.889630769228], [19778.69978461538, 9643.269646153845], [19778.69978461538, 9674.029676923075], [19794.079799999996, 9689.40969230769], [19809.45981538461, 9704.789707692305], [19809.45981538461, 9735.549738461537], [19809.45981538461, 9766.309769230767], [19809.45981538461, 9797.069799999997], [19809.45981538461, 9827.82983076923], [19809.45981538461, 9858.58986153846], [19809.45981538461, 9889.349892307691], [19809.45981538461, 9920.109923076921], [19809.45981538461, 9950.869953846151], [19809.45981538461, 9981.629984615383], [19824.839830769226, 9997.009999999998], [19855.599861538456, 9997.009999999998], [19886.359892307686, 9997.009999999998], [19917.119923076916, 9997.009999999998], [19947.87995384615, 9997.009999999998], [19978.63998461538, 9997.009999999998], [20009.40001538461, 9997.009999999998], [20040.16004615384, 9997.009999999998], [20070.92007692307, 9997.009999999998], [20101.680107692304, 9997.009999999998], [20132.440138461534, 9997.009999999998], [20147.820153846147, 10012.390015384613], [20163.200169230764, 10027.770030769228], [20193.960199999994, 10027.770030769228], [20209.34021538461, 10043.150046153845], [20224.720230769224, 10058.53006153846], [20240.10024615384, 10073.910076923075], [20255.480261538454, 10089.29009230769], [20270.86027692307, 10104.670107692305], [20286.240292307688, 10120.05012307692], [20301.6203076923, 10135.430138461537], [20317.000323076918, 10150.810153846152], [20332.38033846153, 10166.190169230767], [20347.760353846148, 10181.570184615382], [20378.520384615378, 10181.570184615382], [20409.28041538461, 10181.570184615382], [20440.040446153842, 10181.570184615382], [20455.420461538455, 10166.190169230767], [20470.800476923072, 10150.810153846152], [20501.560507692302, 10150.810153846152], [20532.320538461532, 10150.810153846152], [20563.080569230762, 10150.810153846152], [20593.840599999996, 10150.810153846152], [20609.22061538461, 10135.430138461537], [20624.600630769226, 10120.05012307692], [20655.360661538456, 10120.05012307692], [20686.120692307686, 10120.05012307692], [20716.880723076916, 10120.05012307692], [20732.260738461533, 10104.670107692305], [20747.64075384615, 10089.29009230769], [20763.020769230763, 10073.910076923075], [20778.40078461538, 10058.53006153846], [20809.16081538461, 10058.53006153846], [20824.540830769227, 10043.150046153845], [20839.92084615384, 10027.770030769228], [20870.68087692307, 10027.770030769228], [20886.060892307687, 10012.390015384613], [20886.060892307687, 9981.629984615383], [20901.4409076923, 9966.249969230768], [20916.820923076917, 9950.869953846151], [20932.200938461534, 9935.489938461536], [20947.580953846147, 9920.109923076921], [20962.960969230764, 9904.729907692306], [20978.340984615377, 9889.349892307691], [20978.340984615377, 9858.58986153846], [20978.340984615377, 9827.82983076923], [20978.340984615377, 9797.069799999997], [20978.340984615377, 9766.309769230767], [20978.340984615377, 9735.549738461537], [20978.340984615377, 9704.789707692305], [20993.720999999994, 9689.40969230769], [21009.10101538461, 9674.029676923075], [21009.10101538461, 9643.269646153845], [21024.481030769224, 9627.889630769228], [21039.86104615384, 9612.509615384613], [21055.241061538454, 9597.129599999998], [21070.62107692307, 9581.749584615383], [21086.001092307688, 9566.369569230768], [21101.3811076923, 9550.989553846151], [21101.3811076923, 9520.229523076921], [21101.3811076923, 9489.469492307691], [21116.761123076918, 9474.089476923074], [21132.14113846153, 9458.70946153846], [21132.14113846153, 9427.94943076923], [21132.14113846153, 9397.1894], [21132.14113846153, 9366.429369230767], [21132.14113846153, 9335.669338461537], [21132.14113846153, 9304.909307692305], [21132.14113846153, 9274.149276923075], [21147.521153846148, 9258.76926153846], [21162.901169230765, 9243.389246153845], [21162.901169230765, 9212.629215384613], [21162.901169230765, 9181.869184615383], [21162.901169230765, 9151.109153846151], [21162.901169230765, 9120.349123076921], [21162.901169230765, 9089.589092307691], [21178.281184615378, 9074.209076923076], [21193.661199999995, 9058.82906153846], [21193.661199999995, 9028.06903076923], [21209.04121538461, 9012.689015384614], [21224.421230769225, 8997.309], [21239.801246153842, 8981.928984615382], [21255.181261538455, 8966.548969230767], [21270.561276923072, 8951.168953846152], [21285.941292307685, 8935.788938461537], [21301.321307692302, 8920.408923076922], [21316.70132307692, 8905.028907692305], [21332.081338461532, 8889.64889230769], [21347.46135384615, 8874.268876923075], [21362.841369230762, 8858.88886153846], [21393.601399999996, 8858.88886153846], [21408.98141538461, 8843.508846153845], [21424.361430769226, 8828.128830769228], [21455.121461538456, 8828.128830769228], [21485.881492307686, 8828.128830769228], [21516.641523076916, 8828.128830769228], [21547.401553846146, 8828.128830769228], [21578.16158461538, 8828.128830769228], [21593.541599999993, 8843.508846153845], [21578.16158461538, 8858.88886153846], [21562.781569230763, 8874.268876923075], [21562.781569230763, 8905.028907692305], [21562.781569230763, 8935.788938461537], [21578.16158461538, 8951.168953846152], [21593.541599999993, 8966.548969230767], [21578.16158461538, 8981.928984615382], [21562.781569230763, 8997.309], [21562.781569230763, 9028.06903076923], [21562.781569230763, 9058.82906153846], [21562.781569230763, 9089.589092307691], [21562.781569230763, 9120.349123076921], [21547.401553846146, 9135.729138461536], [21532.021538461533, 9151.109153846151], [21516.641523076916, 9166.489169230768], [21501.261507692303, 9181.869184615383], [21485.881492307686, 9197.249199999998], [21470.501476923073, 9212.629215384613], [21470.501476923073, 9243.389246153845], [21470.501476923073, 9274.149276923075], [21470.501476923073, 9304.909307692305], [21470.501476923073, 9335.669338461537], [21470.501476923073, 9366.429369230767], [21455.121461538456, 9381.809384615382], [21439.74144615384, 9397.1894], [21455.121461538456, 9412.569415384614], [21470.501476923073, 9427.94943076923], [21455.121461538456, 9443.329446153844], [21439.74144615384, 9458.70946153846], [21455.121461538456, 9474.089476923074], [21470.501476923073, 9489.469492307691], [21470.501476923073, 9520.229523076921], [21455.121461538456, 9535.609538461536], [21439.74144615384, 9550.989553846151], [21439.74144615384, 9581.749584615383], [21424.361430769226, 9597.129599999998], [21408.98141538461, 9612.509615384613], [21424.361430769226, 9627.889630769228], [21439.74144615384, 9643.269646153845], [21424.361430769226, 9658.64966153846], [21408.98141538461, 9674.029676923075], [21393.601399999996, 9689.40969230769], [21378.22138461538, 9704.789707692305], [21378.22138461538, 9735.549738461537], [21362.841369230762, 9750.929753846152], [21347.46135384615, 9766.309769230767], [21332.081338461532, 9781.689784615382], [21316.70132307692, 9797.069799999997], [21301.321307692302, 9812.449815384614], [21285.941292307685, 9827.82983076923], [21301.321307692302, 9843.209846153844], [21316.70132307692, 9858.58986153846], [21316.70132307692, 9889.349892307691], [21316.70132307692, 9920.109923076921], [21332.081338461532, 9935.489938461536], [21347.46135384615, 9950.869953846151], [21347.46135384615, 9981.629984615383], [21347.46135384615, 10012.390015384613], [21347.46135384615, 10043.150046153845], [21347.46135384615, 10073.910076923075], [21347.46135384615, 10104.670107692305], [21347.46135384615, 10135.430138461537], [21332.081338461532, 10150.810153846152], [21301.321307692302, 10150.810153846152], [21285.941292307685, 10135.430138461537], [21270.561276923072, 10120.05012307692], [21255.181261538455, 10104.670107692305], [21239.801246153842, 10089.29009230769], [21224.421230769225, 10104.670107692305], [21209.04121538461, 10120.05012307692], [21193.661199999995, 10135.430138461537], [21178.281184615378, 10150.810153846152], [21162.901169230765, 10166.190169230767], [21162.901169230765, 10196.950199999997], [21147.521153846148, 10212.330215384614], [21132.14113846153, 10227.71023076923], [21116.761123076918, 10243.090246153844], [21101.3811076923, 10258.47026153846], [21086.001092307688, 10273.850276923074], [21070.62107692307, 10289.230292307691], [21055.241061538454, 10304.610307692306], [21039.86104615384, 10319.990323076921], [21024.481030769224, 10335.370338461536], [20993.720999999994, 10335.370338461536], [20962.960969230764, 10335.370338461536], [20947.580953846147, 10350.750353846151], [20932.200938461534, 10366.130369230768], [20916.820923076917, 10381.510384615383], [20901.4409076923, 10396.890399999998], [20886.060892307687, 10412.270415384613], [20870.68087692307, 10427.650430769228], [20839.92084615384, 10427.650430769228], [20824.540830769227, 10443.030446153844], [20809.16081538461, 10458.41046153846], [20778.40078461538, 10458.41046153846], [20763.020769230763, 10443.030446153844], [20747.64075384615, 10427.650430769228], [20732.260738461533, 10443.030446153844], [20716.880723076916, 10458.41046153846], [20686.120692307686, 10458.41046153846], [20655.360661538456, 10458.41046153846], [20624.600630769226, 10458.41046153846], [20593.840599999996, 10458.41046153846], [20578.46058461538, 10473.790476923075], [20563.080569230762, 10489.17049230769], [20532.320538461532, 10489.17049230769], [20501.560507692302, 10489.17049230769], [20486.180492307685, 10504.550507692305], [20470.800476923072, 10519.93052307692], [20440.040446153842, 10519.93052307692], [20409.28041538461, 10519.93052307692], [20393.900399999995, 10535.310538461537], [20378.520384615378, 10550.690553846152], [20363.140369230765, 10566.070569230767], [20347.760353846148, 10581.450584615382], [20317.000323076918, 10581.450584615382], [20286.240292307688, 10581.450584615382], [20270.86027692307, 10566.070569230767], [20255.480261538454, 10550.690553846152], [20240.10024615384, 10535.310538461537], [20224.720230769224, 10519.93052307692], [20209.34021538461, 10504.550507692305], [20193.960199999994, 10489.17049230769], [20178.58018461538, 10473.790476923075], [20163.200169230764, 10458.41046153846], [20147.820153846147, 10443.030446153844], [20132.440138461534, 10427.650430769228], [20117.060123076917, 10412.270415384613], [20101.680107692304, 10396.890399999998], [20086.300092307687, 10381.510384615383], [20070.92007692307, 10366.130369230768], [20055.540061538457, 10350.750353846151], [20040.16004615384, 10335.370338461536], [20024.780030769227, 10319.990323076921], [20009.40001538461, 10304.610307692306], [19978.63998461538, 10304.610307692306], [19963.259969230763, 10319.990323076921], [19947.87995384615, 10335.370338461536], [19932.499938461533, 10319.990323076921], [19917.119923076916, 10304.610307692306], [19886.359892307686, 10304.610307692306], [19870.979876923073, 10319.990323076921], [19855.599861538456, 10335.370338461536], [19824.839830769226, 10335.370338461536], [19809.45981538461, 10350.750353846151], [19794.079799999996, 10366.130369230768], [19763.319769230762, 10366.130369230768], [19732.559738461532, 10366.130369230768], [19701.799707692302, 10366.130369230768], [19686.419692307685, 10381.510384615383], [19671.039676923072, 10396.890399999998], [19655.659661538455, 10412.270415384613], [19640.279646153842, 10427.650430769228], [19624.899630769225, 10443.030446153844], [19624.899630769225, 10473.790476923075], [19609.51961538461, 10489.17049230769], [19594.139599999995, 10504.550507692305], [19578.759584615378, 10519.93052307692], [19563.379569230765, 10535.310538461537], [19547.999553846148, 10550.690553846152], [19532.619538461535, 10566.070569230767], [19517.239523076918, 10581.450584615382], [19486.479492307688, 10581.450584615382], [19471.09947692307, 10596.830599999998], [19455.719461538458, 10612.210615384614], [19424.959430769224, 10612.210615384614], [19394.199399999994, 10612.210615384614], [19378.81938461538, 10627.59063076923], [19363.439369230764, 10642.970646153844]]]}, "properties": {"objectType": "annotation", "name": "P2_3_T|peri", "classification": {"name": "peri", "color": [25, 158, 112]}, "lesion_id": 0, "section": "P2_3_T", "area_um2": 302750.0000000004, "lesion_ids": [1, 2, 3, 4, 5, 6, 7]}}, {"type": "Feature", "geometry": {"type": "Polygon", "coordinates": [[[6259.66626153846, 11627.291630769229], [6228.90623076923, 11627.291630769229], [6198.146199999999, 11627.291630769229], [6167.386169230768, 11627.291630769229], [6136.626138461537, 11627.291630769229], [6105.866107692307, 11627.291630769229], [6075.106076923076, 11627.291630769229], [6044.346046153845, 11627.291630769229], [6013.586015384614, 11627.291630769229], [5998.205999999999, 11611.911615384613], [5982.825984615384, 11596.531599999998], [5952.065953846153, 11596.531599999998], [5921.305923076922, 11596.531599999998], [5890.545892307691, 11596.531599999998], [5859.78586153846, 11596.531599999998], [5829.02583076923, 11596.531599999998], [5798.265799999999, 11596.531599999998], [5767.505769230768, 11596.531599999998], [5752.125753846153, 11581.151584615383], [5736.745738461537, 11565.771569230767], [5705.985707692307, 11565.771569230767], [5675.225676923076, 11565.771569230767], [5659.845661538461, 11550.391553846152], [5644.465646153845, 11535.011538461536], [5613.705615384614, 11535.011538461536], [5598.325599999999, 11519.631523076921], [5582.945584615384, 11504.251507692306], [5567.565569230768, 11488.87149230769], [5552.185553846153, 11473.491476923075], [5521.425523076922, 11473.491476923075], [5506.045507692307, 11458.11146153846], [5490.665492307691, 11442.731446153844], [5475.285476923076, 11427.35143076923], [5459.905461538461, 11411.971415384613], [5444.525446153845, 11396.591399999998], [5429.14543076923, 11381.211384615382], [5413.765415384614, 11365.831369230767], [5398.385399999999, 11350.451353846152], [5383.005384615384, 11335.071338461537], [5367.625369230768, 11319.69132307692], [5352.245353846153, 11304.311307692305], [5336.865338461538, 11288.93129230769], [5321.485323076922, 11273.551276923075], [5321.485323076922, 11242.791246153844], [5306.105307692307, 11227.411230769228], [5290.725292307691, 11212.031215384613], [5275.345276923076, 11196.651199999998], [5259.965261538461, 11181.271184615383], [5259.965261538461, 11150.511153846152], [5259.965261538461, 11119.751123076921], [5244.585246153845, 11104.371107692306], [5229.20523076923, 11088.99109230769], [5229.20523076923, 11058.23106153846], [5229.20523076923, 11027.47103076923], [5229.20523076923, 10996.710999999998], [5229.20523076923, 10965.950969230767], [5229.20523076923, 10935.190938461537], [5229.20523076923, 10904.430907692305], [5244.585246153845, 10889.05089230769], [5259.965261538461, 10873.670876923075], [5259.965261538461, 10842.910846153844], [5259.965261538461, 10812.150815384613], [5275.345276923076, 10796.770799999998], [5290.725292307691, 10781.390784615383], [5306.105307692307, 10766.010769230767], [5321.485323076922, 10750.630753846151], [5321.485323076922, 10719.870723076921], [5336.865338461538, 10704.490707692306], [5352.245353846153, 10689.110692307691], [5367.625369230768, 10673.730676923074], [5383.005384615384, 10658.35066153846], [5398.385399999999, 10642.970646153844], [5413.765415384614, 10627.59063076923], [5429.14543076923, 10612.210615384614], [5459.905461538461, 10612.210615384614], [5475.285476923076, 10596.830599999998], [5490.665492307691, 10581.450584615382], [5506.045507692307, 10566.070569230767], [5521.425523076922, 10550.690553846152], [5552.185553846153, 10550.690553846152], [5582.945584615384, 10550.690553846152], [5598.325599999999, 10535.310538461537], [5613.705615384614, 10519.93052307692], [5644.465646153845, 10519.93052307692], [5675.225676923076, 10519.93052307692], [5705.985707692307, 10519.93052307692], [5736.745738461537, 10519.93052307692], [5767.505769230768, 10519.93052307692], [5798.265799999999, 10519.93052307692], [5813.645815384614, 10535.310538461537], [5829.02583076923, 10550.690553846152], [5859.78586153846, 10550.690553846152], [5890.545892307691, 10550.690553846152], [5905.925907692307, 10566.070569230767], [5921.305923076922, 10581.450584615382], [5952.065953846153, 10581.450584615382], [5982.825984615384, 10581.450584615382], [5998.205999999999, 10596.830599999998], [6013.586015384614, 10612.210615384614], [6044.346046153845, 10612.210615384614], [6075.106076923076, 10612.210615384614], [6105.866107692307, 10612.210615384614], [6136.626138461537, 10612.210615384614], [6167.386169230768, 10612.210615384614], [6182.766184615383, 10627.59063076923], [6198.146199999999, 10642.970646153844], [6228.90623076923, 10642.970646153844], [6259.66626153846, 10642.970646153844], [6275.046276923076, 10658.35066153846], [6290.426292307691, 10673.730676923074], [6321.186323076922, 10673.730676923074], [6336.566338461537, 10689.110692307691], [6351.946353846153, 10704.490707692306], [6367.326369230768, 10719.870723076921], [6382.706384615383, 10735.250738461536], [6413.466415384614, 10735.250738461536], [6428.84643076923, 10750.630753846151], [6444.226446153845, 10766.010769230767], [6459.60646153846, 10781.390784615383], [6474.986476923076, 10796.770799999998], [6490.366492307691, 10812.150815384613], [6505.746507692306, 10827.530830769228], [6521.126523076922, 10842.910846153844], [6536.506538461537, 10858.29086153846], [6551.886553846153, 10873.670876923075], [6551.886553846153, 10904.430907692305], [6567.266569230768, 10919.81092307692], [6582.646584615383, 10935.190938461537], [6598.026599999999, 10950.570953846152], [6613.406615384614, 10965.950969230767], [6613.406615384614, 10996.710999999998], [6613.406615384614, 11027.47103076923], [6628.78663076923, 11042.851046153844], [6644.166646153845, 11058.23106153846], [6644.166646153845, 11088.99109230769], [6644.166646153845, 11119.751123076921], [6644.166646153845, 11150.511153846152], [6644.166646153845, 11181.271184615383], [6644.166646153845, 11212.031215384613], [6644.166646153845, 11242.791246153844], [6628.78663076923, 11258.17126153846], [6613.406615384614, 11273.551276923075], [6613.406615384614, 11304.311307692305], [6613.406615384614, 11335.071338461537], [6598.026599999999, 11350.451353846152], [6582.646584615383, 11365.831369230767], [6567.266569230768, 11381.211384615382], [6551.886553846153, 11396.591399999998], [6551.886553846153, 11427.35143076923], [6536.506538461537, 11442.731446153844], [6521.126523076922, 11458.11146153846], [6505.746507692306, 11473.491476923075], [6490.366492307691, 11488.87149230769], [6474.986476923076, 11504.251507692306], [6459.60646153846, 11519.631523076921], [6444.226446153845, 11535.011538461536], [6413.466415384614, 11535.011538461536], [6398.086399999999, 11550.391553846152], [6382.706384615383, 11565.771569230767], [6367.326369230768, 11581.151584615383], [6351.946353846153, 11596.531599999998], [6321.186323076922, 11596.531599999998], [6290.426292307691, 11596.531599999998], [6275.046276923076, 11611.911615384613], [6259.66626153846, 11627.291630769229]], [[6182.766184615383, 11212.031215384613], [6198.146199999999, 11196.651199999998], [6213.526215384614, 11181.271184615383], [6228.90623076923, 11165.891169230767], [6244.286246153845, 11150.511153846152], [6228.90623076923, 11135.131138461536], [6213.526215384614, 11119.751123076921], [6198.146199999999, 11104.371107692306], [6182.766184615383, 11088.99109230769], [6167.386169230768, 11073.611076923075], [6152.006153846153, 11058.23106153846], [6136.626138461537, 11042.851046153844], [6105.866107692307, 11042.851046153844], [6090.486092307691, 11027.47103076923], [6075.106076923076, 11012.091015384614], [6044.346046153845, 11012.091015384614], [6013.586015384614, 11012.091015384614], [5982.825984615384, 11012.091015384614], [5952.065953846153, 11012.091015384614], [5921.305923076922, 11012.091015384614], [5890.545892307691, 11012.091015384614], [5875.165876923076, 10996.710999999998], [5859.78586153846, 10981.330984615382], [5829.02583076923, 10981.330984615382], [5813.645815384614, 10965.950969230767], [5798.265799999999, 10950.570953846152], [5767.505769230768, 10950.570953846152], [5736.745738461537, 10950.570953846152], [5721.365723076922, 10935.190938461537], [5705.985707692307, 10919.81092307692], [5690.605692307691, 10935.190938461537], [5675.225676923076, 10950.570953846152], [5659.845661538461, 10965.950969230767], [5644.465646153845, 10981.330984615382], [5629.08563076923, 10996.710999999998], [5644.465646153845, 11012.091015384614], [5659.845661538461, 11027.47103076923], [5675.225676923076, 11042.851046153844], [5690.605692307691, 11058.23106153846], [5705.985707692307, 11073.611076923075], [5721.365723076922, 11088.99109230769], [5736.745738461537, 11104.371107692306], [5752.125753846153, 11119.751123076921], [5767.505769230768, 11135.131138461536], [5782.885784615384, 11150.511153846152], [5798.265799999999, 11165.891169230767], [5829.02583076923, 11165.891169230767], [5844.405846153845, 11181.271184615383], [5859.78586153846, 11196.651199999998], [5890.545892307691, 11196.651199999998], [5921.305923076922, 11196.651199999998], [5952.065953846153, 11196.651199999998], [5982.825984615384, 11196.651199999998], [6013.586015384614, 11196.651199999998], [6044.346046153845, 11196.651199999998], [6075.106076923076, 11196.651199999998], [6090.486092307691, 11212.031215384613], [6105.866107692307, 11227.411230769228], [6136.626138461537, 11227.411230769228], [6167.386169230768, 11227.411230769228], [6182.766184615383, 11212.031215384613]]]}, "properties": {"objectType": "annotation", "name": "R1_3_L|peri_8", "classification": {"name": "peri", "color": [25, 158, 112]}, "lesion_id": 8, "section": "R1_3_L", "area_um2": 116299.99999999999, "lesion_ids": [8]}}, {"type": "Feature", "geometry": {"type": "Polygon", "coordinates": [[[20440.040446153842, 11288.93129230769], [20409.28041538461, 11288.93129230769], [20378.520384615378, 11288.93129230769], [20347.760353846148, 11288.93129230769], [20332.38033846153, 11273.551276923075], [20317.000323076918, 11258.17126153846], [20301.6203076923, 11242.791246153844], [20317.000323076918, 11227.411230769228], [20332.38033846153, 11212.031215384613], [20347.760353846148, 11196.651199999998], [20363.140369230765, 11181.271184615383], [20378.520384615378, 11165.891169230767], [20393.900399999995, 11150.511153846152], [20409.28041538461, 11135.131138461536], [20424.660430769225, 11119.751123076921], [20440.040446153842, 11104.371107692306], [20470.800476923072, 11104.371107692306], [20486.180492307685, 11088.99109230769], [20501.560507692302, 11073.611076923075], [20516.94052307692, 11058.23106153846], [20532.320538461532, 11042.851046153844], [20563.080569230762, 11042.851046153844], [20593.840599999996, 11042.851046153844], [20624.600630769226, 11042.851046153844], [20655.360661538456, 11042.851046153844], [20686.120692307686, 11042.851046153844], [20701.500707692303, 11027.47103076923], [20716.880723076916, 11012.091015384614], [20747.64075384615, 11012.091015384614], [20763.020769230763, 11027.47103076923], [20747.64075384615, 11042.851046153844], [20732.260738461533, 11058.23106153846], [20716.880723076916, 11073.611076923075], [20686.120692307686, 11073.611076923075], [20670.740676923073, 11088.99109230769], [20655.360661538456, 11104.371107692306], [20639.98064615384, 11119.751123076921], [20624.600630769226, 11135.131138461536], [20609.22061538461, 11150.511153846152], [20593.840599999996, 11165.891169230767], [20578.46058461538, 11181.271184615383], [20563.080569230762, 11196.651199999998], [20547.70055384615, 11212.031215384613], [20532.320538461532, 11227.411230769228], [20516.94052307692, 11242.791246153844], [20501.560507692302, 11258.17126153846], [20470.800476923072, 11258.17126153846], [20455.420461538455, 11273.551276923075], [20440.040446153842, 11288.93129230769]]]}, "properties": {"objectType": "annotation", "name": "P2_3_T|peri_6", "classification": {"name": "peri", "color": [25, 158, 112]}, "lesion_id": 6, "section": "P2_3_T", "area_um2": 5350.000000000008, "lesion_ids": [6]}}, {"type": "Feature", "geometry": {"type": "Polygon", "coordinates": [[[19055.839061538456, 11535.011538461536], [19025.079030769226, 11535.011538461536], [18994.318999999996, 11535.011538461536], [18963.558969230762, 11535.011538461536], [18932.798938461532, 11535.011538461536], [18917.41892307692, 11519.631523076921], [18902.038907692302, 11504.251507692306], [18871.278876923072, 11504.251507692306], [18855.898861538455, 11488.87149230769], [18840.518846153842, 11473.491476923075], [18825.138830769225, 11458.11146153846], [18840.518846153842, 11442.731446153844], [18871.278876923072, 11442.731446153844], [18902.038907692302, 11442.731446153844], [18932.798938461532, 11442.731446153844], [18948.17895384615, 11427.35143076923], [18963.558969230762, 11411.971415384613], [18978.93898461538, 11427.35143076923], [18994.318999999996, 11442.731446153844], [19009.69901538461, 11458.11146153846], [19025.079030769226, 11473.491476923075], [19040.45904615384, 11488.87149230769], [19055.839061538456, 11504.251507692306], [19071.219076923073, 11519.631523076921], [19055.839061538456, 11535.011538461536]]]}, "properties": {"objectType": "annotation", "name": "P2_3_T|peri_6", "classification": {"name": "peri", "color": [25, 158, 112]}, "lesion_id": 6, "section": "P2_3_T", "area_um2": 1749.999999999998, "lesion_ids": [6]}}, {"type": "Feature", "geometry": {"type": "Polygon", "coordinates": [[[19271.15927692307, 11565.771569230767], [19240.39924615384, 11565.771569230767], [19209.63921538461, 11565.771569230767], [19178.87918461538, 11565.771569230767], [19148.11915384615, 11565.771569230767], [19132.739138461533, 11550.391553846152], [19132.739138461533, 11519.631523076921], [19148.11915384615, 11504.251507692306], [19178.87918461538, 11504.251507692306], [19209.63921538461, 11504.251507692306], [19240.39924615384, 11504.251507692306], [19255.779261538457, 11519.631523076921], [19271.15927692307, 11535.011538461536], [19286.539292307687, 11550.391553846152], [19271.15927692307, 11565.771569230767]]]}, "properties": {"objectType": "annotation", "name": "P2_3_T|peri_6", "classification": {"name": "peri", "color": [25, 158, 112]}, "lesion_id": 6, "section": "P2_3_T", "area_um2": 849.9999999999767, "lesion_ids": [6]}}, {"type": "Feature", "geometry": {"type": "Polygon", "coordinates": [[[4690.904692307692, 12488.57249230769], [4660.144661538461, 12488.57249230769], [4629.38463076923, 12488.57249230769], [4598.624599999999, 12488.57249230769], [4567.864569230768, 12488.57249230769], [4537.104538461538, 12488.57249230769], [4506.344507692307, 12488.57249230769], [4475.584476923076, 12488.57249230769], [4460.204461538461, 12473.192476923075], [4444.824446153845, 12457.812461538459], [4429.44443076923, 12442.432446153844], [4444.824446153845, 12427.052430769229], [4460.204461538461, 12411.672415384613], [4475.584476923076, 12396.292399999998], [4490.964492307692, 12380.912384615382], [4475.584476923076, 12365.532369230767], [4460.204461538461, 12350.152353846152], [4444.824446153845, 12334.772338461536], [4429.44443076923, 12319.392323076921], [4414.064415384615, 12304.012307692306], [4383.304384615384, 12304.012307692306], [4352.544353846153, 12304.012307692306], [4337.164338461538, 12288.63229230769], [4321.784323076922, 12273.252276923075], [4291.024292307692, 12273.252276923075], [4260.264261538461, 12273.252276923075], [4244.884246153845, 12257.87226153846], [4229.50423076923, 12242.492246153844], [4198.744199999999, 12242.492246153844], [4183.364184615384, 12227.11223076923], [4167.984169230769, 12211.732215384613], [4137.224138461538, 12211.732215384613], [4121.844123076922, 12196.352199999998], [4106.464107692307, 12180.972184615383], [4075.704076923076, 12180.972184615383], [4060.3240615384607, 12165.592169230767], [4044.944046153845, 12150.212153846152], [4014.1840153846147, 12150.212153846152], [3983.4239846153837, 12150.212153846152], [3952.663953846153, 12150.212153846152], [3921.903923076922, 12150.212153846152], [3906.5239076923067, 12165.592169230767], [3891.143892307691, 12180.972184615383], [3875.763876923076, 12196.352199999998], [3860.3838615384607, 12211.732215384613], [3845.003846153845, 12196.352199999998], [3829.6238307692297, 12180.972184615383], [3814.2438153846147, 12165.592169230767], [3798.863799999999, 12150.212153846152], [3783.4837846153837, 12134.832138461536], [3768.103769230768, 12119.45212307692], [3737.3437384615377, 12119.45212307692], [3706.5837076923067, 12119.45212307692], [3691.2036923076917, 12104.072107692306], [3675.823676923076, 12088.69209230769], [3645.063646153845, 12088.69209230769], [3629.68363076923, 12073.312076923075], [3614.3036153846147, 12057.932061538459], [3583.5435846153837, 12057.932061538459], [3568.163569230768, 12042.552046153844], [3552.783553846153, 12027.172030769229], [3537.4035384615377, 12011.792015384613], [3537.4035384615377, 11981.031984615383], [3537.4035384615377, 11950.271953846152], [3552.783553846153, 11934.891938461536], [3568.163569230768, 11919.511923076921], [3583.5435846153837, 11904.131907692306], [3598.923599999999, 11888.75189230769], [3614.3036153846147, 11873.371876923075], [3629.68363076923, 11857.99186153846], [3645.063646153845, 11842.611846153844], [3675.823676923076, 11842.611846153844], [3691.2036923076917, 11827.23183076923], [3706.5837076923067, 11811.851815384613], [3721.963723076922, 11796.471799999998], [3737.3437384615377, 11781.091784615382], [3768.103769230768, 11781.091784615382], [3798.863799999999, 11781.091784615382], [3814.2438153846147, 11765.711769230767], [3829.6238307692297, 11750.331753846152], [3860.3838615384607, 11750.331753846152], [3891.143892307691, 11750.331753846152], [3921.903923076922, 11750.331753846152], [3952.663953846153, 11750.331753846152], [3983.4239846153837, 11750.331753846152], [4014.1840153846147, 11750.331753846152], [4044.944046153845, 11750.331753846152], [4075.704076923076, 11750.331753846152], [4106.464107692307, 11750.331753846152], [4137.224138461538, 11750.331753846152], [4152.604153846153, 11765.711769230767], [4167.984169230769, 11781.091784615382], [4198.744199999999, 11781.091784615382], [4229.50423076923, 11781.091784615382], [4244.884246153845, 11796.471799999998], [4260.264261538461, 11811.851815384613], [4291.024292307692, 11811.851815384613], [4306.404307692307, 11827.23183076923], [4321.784323076922, 11842.611846153844], [4352.544353846153, 11842.611846153844], [4367.924369230769, 11857.99186153846], [4383.304384615384, 11873.371876923075], [4414.064415384615, 11873.371876923075], [4429.44443076923, 11888.75189230769], [4444.824446153845, 11904.131907692306], [4475.584476923076, 11904.131907692306], [4506.344507692307, 11904.131907692306], [4521.724523076922, 11919.511923076921], [4537.104538461538, 11934.891938461536], [4567.864569230768, 11934.891938461536], [4598.624599999999, 11934.891938461536], [4614.004615384615, 11950.271953846152], [4629.38463076923, 11965.651969230767], [4644.764646153845, 11981.031984615383], [4660.144661538461, 11996.411999999998], [4690.904692307692, 11996.411999999998], [4706.284707692307, 12011.792015384613], [4721.664723076922, 12027.172030769229], [4737.044738461538, 12042.552046153844], [4752.424753846153, 12057.932061538459], [4767.804769230768, 12073.312076923075], [4783.184784615384, 12088.69209230769], [4798.564799999999, 12104.072107692306], [4798.564799999999, 12134.832138461536], [4813.944815384615, 12150.212153846152], [4829.32483076923, 12165.592169230767], [4844.704846153845, 12180.972184615383], [4860.084861538461, 12196.352199999998], [4860.084861538461, 12227.11223076923], [4860.084861538461, 12257.87226153846], [4875.464876923076, 12273.252276923075], [4890.844892307691, 12288.63229230769], [4890.844892307691, 12319.392323076921], [4890.844892307691, 12350.152353846152], [4890.844892307691, 12380.912384615382], [4875.464876923076, 12396.292399999998], [4844.704846153845, 12396.292399999998], [4813.944815384615, 12396.292399999998], [4783.184784615384, 12396.292399999998], [4767.804769230768, 12411.672415384613], [4752.424753846153, 12427.052430769229], [4737.044738461538, 12442.432446153844], [4721.664723076922, 12457.812461538459], [4706.284707692307, 12473.192476923075], [4690.904692307692, 12488.57249230769]]]}, "properties": {"objectType": "annotation", "name": "R1_3_L|peri", "classification": {"name": "peri", "color": [25, 158, 112]}, "lesion_id": 0, "section": "R1_3_L", "area_um2": 56550.000000000044, "lesion_ids": [9, 10]}}, {"type": "Feature", "geometry": {"type": "Polygon", "coordinates": [[[3706.5837076923067, 12673.132676923075], [3691.2036923076917, 12657.75266153846], [3675.823676923076, 12642.372646153844], [3645.063646153845, 12642.372646153844], [3629.68363076923, 12626.99263076923], [3614.3036153846147, 12611.612615384613], [3583.5435846153837, 12611.612615384613], [3568.163569230768, 12596.232599999998], [3552.783553846153, 12580.852584615383], [3537.4035384615377, 12565.472569230767], [3522.023523076922, 12550.092553846152], [3506.6435076923067, 12534.712538461536], [3491.2634923076916, 12519.33252307692], [3475.883476923076, 12503.952507692306], [3475.883476923076, 12473.192476923075], [3491.2634923076916, 12457.812461538459], [3506.6435076923067, 12442.432446153844], [3506.6435076923067, 12411.672415384613], [3522.023523076922, 12396.292399999998], [3537.4035384615377, 12380.912384615382], [3522.023523076922, 12365.532369230767], [3506.6435076923067, 12350.152353846152], [3491.2634923076916, 12334.772338461536], [3460.5034615384607, 12334.772338461536], [3445.123446153845, 12319.392323076921], [3429.74343076923, 12304.012307692306], [3414.3634153846147, 12288.63229230769], [3414.3634153846147, 12257.87226153846], [3398.983399999999, 12242.492246153844], [3383.6033846153837, 12227.11223076923], [3398.983399999999, 12211.732215384613], [3414.3634153846147, 12196.352199999998], [3414.3634153846147, 12165.592169230767], [3414.3634153846147, 12134.832138461536], [3414.3634153846147, 12104.072107692306], [3414.3634153846147, 12073.312076923075], [3429.74343076923, 12057.932061538459], [3445.123446153845, 12073.312076923075], [3460.5034615384607, 12088.69209230769], [3491.2634923076916, 12088.69209230769], [3506.6435076923067, 12104.072107692306], [3506.6435076923067, 12134.832138461536], [3506.6435076923067, 12165.592169230767], [3522.023523076922, 12180.972184615383], [3537.4035384615377, 12165.592169230767], [3552.783553846153, 12150.212153846152], [3583.5435846153837, 12150.212153846152], [3614.3036153846147, 12150.212153846152], [3645.063646153845, 12150.212153846152], [3660.4436615384607, 12165.592169230767], [3675.823676923076, 12180.972184615383], [3706.5837076923067, 12180.972184615383], [3737.3437384615377, 12180.972184615383], [3752.723753846153, 12196.352199999998], [3768.103769230768, 12211.732215384613], [3783.4837846153837, 12227.11223076923], [3798.863799999999, 12242.492246153844], [3814.2438153846147, 12257.87226153846], [3814.2438153846147, 12288.63229230769], [3829.6238307692297, 12304.012307692306], [3860.3838615384607, 12304.012307692306], [3875.763876923076, 12319.392323076921], [3891.143892307691, 12334.772338461536], [3906.5239076923067, 12350.152353846152], [3921.903923076922, 12365.532369230767], [3952.663953846153, 12365.532369230767], [3983.4239846153837, 12365.532369230767], [4014.1840153846147, 12365.532369230767], [4044.944046153845, 12365.532369230767], [4060.3240615384607, 12380.912384615382], [4075.704076923076, 12396.292399999998], [4106.464107692307, 12396.292399999998], [4137.224138461538, 12396.292399999998], [4152.604153846153, 12411.672415384613], [4167.984169230769, 12427.052430769229], [4198.744199999999, 12427.052430769229], [4229.50423076923, 12427.052430769229], [4244.884246153845, 12442.432446153844], [4244.884246153845, 12473.192476923075], [4260.264261538461, 12488.57249230769], [4291.024292307692, 12488.57249230769], [4306.404307692307, 12503.952507692306], [4321.784323076922, 12519.33252307692], [4352.544353846153, 12519.33252307692], [4383.304384615384, 12519.33252307692], [4414.064415384615, 12519.33252307692], [4429.44443076923, 12534.712538461536], [4444.824446153845, 12550.092553846152], [4475.584476923076, 12550.092553846152], [4506.344507692307, 12550.092553846152], [4537.104538461538, 12550.092553846152], [4567.864569230768, 12550.092553846152], [4598.624599999999, 12550.092553846152], [4629.38463076923, 12550.092553846152], [4660.144661538461, 12550.092553846152], [4690.904692307692, 12550.092553846152], [4721.664723076922, 12550.092553846152], [4752.424753846153, 12550.092553846152], [4783.184784615384, 12550.092553846152], [4798.564799999999, 12534.712538461536], [4798.564799999999, 12503.952507692306], [4798.564799999999, 12473.192476923075], [4813.944815384615, 12457.812461538459], [4844.704846153845, 12457.812461538459], [4875.464876923076, 12457.812461538459], [4890.844892307691, 12473.192476923075], [4875.464876923076, 12488.57249230769], [4860.084861538461, 12503.952507692306], [4875.464876923076, 12519.33252307692], [4906.224907692307, 12519.33252307692], [4921.604923076922, 12534.712538461536], [4906.224907692307, 12550.092553846152], [4890.844892307691, 12565.472569230767], [4906.224907692307, 12580.852584615383], [4936.984938461538, 12580.852584615383], [4952.364953846153, 12596.232599999998], [4936.984938461538, 12611.612615384613], [4906.224907692307, 12611.612615384613], [4875.464876923076, 12611.612615384613], [4860.084861538461, 12596.232599999998], [4844.704846153845, 12580.852584615383], [4813.944815384615, 12580.852584615383], [4783.184784615384, 12580.852584615383], [4752.424753846153, 12580.852584615383], [4721.664723076922, 12580.852584615383], [4690.904692307692, 12580.852584615383], [4675.524676923076, 12596.232599999998], [4660.144661538461, 12611.612615384613], [4629.38463076923, 12611.612615384613], [4598.624599999999, 12611.612615384613], [4567.864569230768, 12611.612615384613], [4552.484553846153, 12626.99263076923], [4537.104538461538, 12642.372646153844], [4506.344507692307, 12642.372646153844], [4475.584476923076, 12642.372646153844], [4444.824446153845, 12642.372646153844], [4429.44443076923, 12626.99263076923], [4414.064415384615, 12611.612615384613], [4383.304384615384, 12611.612615384613], [4367.924369230769, 12596.232599999998], [4352.544353846153, 12580.852584615383], [4337.164338461538, 12565.472569230767], [4321.784323076922, 12550.092553846152], [4291.024292307692, 12550.092553846152], [4275.644276923076, 12534.712538461536], [4260.264261538461, 12519.33252307692], [4229.50423076923, 12519.33252307692], [4214.124215384615, 12534.712538461536], [4198.744199999999, 12550.092553846152], [4167.984169230769, 12550.092553846152], [4137.224138461538, 12550.092553846152], [4106.464107692307, 12550.092553846152], [4075.704076923076, 12550.092553846152], [4044.944046153845, 12550.092553846152], [4014.1840153846147, 12550.092553846152], [3983.4239846153837, 12550.092553846152], [3952.663953846153, 12550.092553846152], [3921.903923076922, 12550.092553846152], [3906.5239076923067, 12534.712538461536], [3891.143892307691, 12519.33252307692], [3860.3838615384607, 12519.33252307692], [3845.003846153845, 12503.952507692306], [3829.6238307692297, 12488.57249230769], [3798.863799999999, 12488.57249230769], [3768.103769230768, 12488.57249230769], [3752.723753846153, 12503.952507692306], [3737.3437384615377, 12519.33252307692], [3721.963723076922, 12534.712538461536], [3737.3437384615377, 12550.092553846152], [3752.723753846153, 12565.472569230767], [3752.723753846153, 12596.232599999998], [3737.3437384615377, 12611.612615384613], [3721.963723076922, 12626.99263076923], [3721.963723076922, 12657.75266153846], [3706.5837076923067, 12673.132676923075]]]}, "properties": {"objectType": "annotation", "name": "R1_3_L|peri", "classification": {"name": "peri", "color": [25, 158, 112]}, "lesion_id": 0, "section": "R1_3_L", "area_um2": 28449.99999999997, "lesion_ids": [9, 10]}}, {"type": "Feature", "geometry": {"type": "Polygon", "coordinates": [[[8474.388476923075, 16025.976030769229], [8459.00846153846, 16010.596015384612], [8443.628446153845, 15995.215999999997], [8428.24843076923, 15979.835984615382], [8443.628446153845, 15964.455969230767], [8459.00846153846, 15949.075953846152], [8459.00846153846, 15918.31592307692], [8443.628446153845, 15902.935907692305], [8428.24843076923, 15887.55589230769], [8428.24843076923, 15856.79586153846], [8428.24843076923, 15826.035830769228], [8428.24843076923, 15795.275799999998], [8412.868415384613, 15779.895784615383], [8397.488399999998, 15764.515769230766], [8412.868415384613, 15749.13575384615], [8428.24843076923, 15733.755738461536], [8412.868415384613, 15718.37572307692], [8397.488399999998, 15702.995707692306], [8397.488399999998, 15672.235676923074], [8382.108384615383, 15656.855661538459], [8366.728369230768, 15641.475646153844], [8366.728369230768, 15610.715615384612], [8351.348353846153, 15595.335599999997], [8335.968338461536, 15579.955584615382], [8335.968338461536, 15549.195553846152], [8320.588323076921, 15533.815538461537], [8305.208307692306, 15518.43552307692], [8289.828292307691, 15503.055507692305], [8274.448276923076, 15487.67549230769], [8274.448276923076, 15456.91546153846], [8274.448276923076, 15426.155430769228], [8259.06826153846, 15410.775415384613], [8243.688246153844, 15395.395399999998], [8243.688246153844, 15364.635369230766], [8243.688246153844, 15333.875338461536], [8228.30823076923, 15318.49532307692], [8212.928215384614, 15303.115307692306], [8212.928215384614, 15272.355276923074], [8212.928215384614, 15241.595246153844], [8212.928215384614, 15210.835215384614], [8212.928215384614, 15180.075184615382], [8197.5482, 15164.695169230767], [8182.168184615382, 15149.315153846152], [8166.788169230768, 15133.935138461537], [8151.408153846152, 15118.55512307692], [8136.028138461537, 15103.175107692305], [8105.268107692306, 15103.175107692305], [8089.888092307691, 15087.79509230769], [8074.508076923075, 15072.415076923075], [8059.12806153846, 15057.03506153846], [8043.748046153845, 15041.655046153843], [8028.368030769229, 15026.275030769228], [8028.368030769229, 14995.514999999998], [8028.368030769229, 14964.754969230766], [8012.988015384614, 14949.37495384615], [7997.607999999998, 14933.994938461536], [7997.607999999998, 14903.234907692306], [7997.607999999998, 14872.474876923074], [7982.227984615383, 14857.094861538459], [7966.847969230768, 14841.714846153844], [7966.847969230768, 14810.954815384614], [7966.847969230768, 14780.194784615382], [7951.467953846152, 14764.814769230767], [7920.707923076922, 14764.814769230767], [7889.947892307691, 14764.814769230767], [7874.567876923075, 14749.434753846152], [7859.18786153846, 14734.054738461537], [7843.807846153845, 14718.67472307692], [7828.427830769229, 14703.294707692305], [7813.047815384614, 14687.91469230769], [7797.667799999998, 14672.534676923075], [7766.907769230768, 14672.534676923075], [7751.527753846152, 14657.15466153846], [7736.147738461537, 14641.774646153843], [7720.767723076922, 14626.394630769228], [7705.387707692306, 14611.014615384613], [7690.007692307691, 14595.634599999998], [7674.627676923075, 14580.254584615383], [7659.24766153846, 14564.874569230768], [7643.867646153845, 14549.49455384615], [7628.487630769229, 14534.114538461536], [7613.107615384614, 14518.73452307692], [7582.347584615383, 14518.73452307692], [7566.967569230768, 14503.354507692306], [7551.587553846152, 14487.97449230769], [7520.827523076922, 14487.97449230769], [7505.447507692306, 14472.594476923074], [7490.067492307691, 14457.214461538459], [7474.687476923075, 14441.834446153844], [7459.30746153846, 14426.454430769229], [7443.927446153845, 14411.074415384614], [7428.547430769229, 14395.694399999997], [7397.787399999999, 14395.694399999997], [7382.407384615383, 14380.314384615382], [7367.027369230768, 14364.934369230767], [7351.647353846152, 14349.554353846152], [7336.267338461537, 14334.174338461537], [7305.507307692306, 14334.174338461537], [7290.127292307691, 14318.79432307692], [7274.747276923076, 14303.414307692305], [7259.36726153846, 14288.03429230769], [7243.987246153845, 14272.654276923075], [7228.607230769229, 14257.27426153846], [7228.607230769229, 14226.514230769228], [7213.227215384614, 14211.134215384613], [7197.847199999999, 14195.754199999998], [7197.847199999999, 14164.994169230768], [7182.467184615383, 14149.61415384615], [7151.707153846152, 14149.61415384615], [7136.327138461537, 14134.234138461536], [7120.947123076922, 14118.85412307692], [7105.567107692306, 14103.474107692306], [7090.187092307691, 14088.09409230769], [7074.807076923076, 14072.714076923074], [7074.807076923076, 14041.954046153844], [7059.42706153846, 14026.574030769229], [7044.047046153845, 14011.194015384614], [7028.667030769229, 13995.813999999997], [7013.287015384614, 13980.433984615382], [6997.906999999999, 13965.053969230767], [6982.526984615383, 13949.673953846152], [6967.146969230768, 13934.293938461537], [6951.766953846153, 13918.913923076921], [6936.386938461537, 13903.533907692305], [6921.006923076922, 13888.15389230769], [6905.626907692306, 13872.773876923075], [6890.246892307691, 13857.39386153846], [6874.866876923076, 13842.013846153844], [6859.48686153846, 13826.633830769228], [6859.48686153846, 13795.873799999998], [6844.106846153845, 13780.493784615383], [6828.726830769229, 13765.113769230768], [6813.346815384614, 13749.73375384615], [6797.966799999999, 13734.353738461536], [6797.966799999999, 13703.593707692306], [6782.586784615383, 13688.21369230769], [6767.206769230768, 13672.833676923074], [6751.826753846153, 13657.453661538459], [6736.446738461537, 13642.073646153844], [6736.446738461537, 13611.313615384614], [6721.066723076922, 13595.933599999998], [6705.686707692306, 13580.553584615382], [6690.306692307691, 13565.173569230767], [6674.926676923076, 13549.793553846152], [6659.54666153846, 13534.413538461537], [6644.166646153845, 13519.033523076921], [6628.78663076923, 13503.653507692305], [6613.406615384614, 13488.27349230769], [6613.406615384614, 13457.51346153846], [6613.406615384614, 13426.753430769228], [6598.026599999999, 13411.373415384613], [6582.646584615383, 13395.993399999998], [6582.646584615383, 13365.233369230767], [6567.266569230768, 13349.85335384615], [6551.886553846153, 13334.473338461536], [6551.886553846153, 13303.713307692306], [6551.886553846153, 13272.953276923075], [6536.506538461537, 13257.573261538459], [6521.126523076922, 13242.193246153844], [6521.126523076922, 13211.433215384614], [6521.126523076922, 13180.673184615382], [6505.746507692306, 13165.293169230767], [6490.366492307691, 13149.913153846152], [6505.746507692306, 13134.533138461537], [6521.126523076922, 13119.153123076921], [6521.126523076922, 13088.39309230769], [6505.746507692306, 13073.013076923075], [6490.366492307691, 13057.63306153846], [6474.986476923076, 13042.253046153844], [6459.60646153846, 13026.873030769228], [6459.60646153846, 12996.112999999998], [6459.60646153846, 12965.352969230767], [6444.226446153845, 12949.972953846152], [6428.84643076923, 12934.592938461536], [6413.466415384614, 12919.21292307692], [6398.086399999999, 12903.832907692306], [6382.706384615383, 12888.45289230769], [6367.326369230768, 12873.072876923075], [6351.946353846153, 12857.692861538459], [6321.186323076922, 12857.692861538459], [6305.806307692307, 12842.312846153844], [6290.426292307691, 12826.932830769229], [6275.046276923076, 12811.552815384613], [6259.66626153846, 12796.172799999998], [6244.286246153845, 12780.792784615382], [6228.90623076923, 12765.412769230767], [6213.526215384614, 12750.032753846152], [6213.526215384614, 12719.272723076921], [6198.146199999999, 12703.892707692305], [6182.766184615383, 12688.51269230769], [6182.766184615383, 12657.75266153846], [6198.146199999999, 12642.372646153844], [6213.526215384614, 12626.99263076923], [6198.146199999999, 12611.612615384613], [6182.766184615383, 12626.99263076923], [6167.386169230768, 12642.372646153844], [6152.006153846153, 12626.99263076923], [6136.626138461537, 12611.612615384613], [6121.246123076922, 12626.99263076923], [6105.866107692307, 12642.372646153844], [6090.486092307691, 12657.75266153846], [6075.106076923076, 12673.132676923075], [6059.72606153846, 12688.51269230769], [6044.346046153845, 12703.892707692305], [6013.586015384614, 12703.892707692305], [5982.825984615384, 12703.892707692305], [5952.065953846153, 12703.892707692305], [5936.685938461537, 12688.51269230769], [5921.305923076922, 12673.132676923075], [5890.545892307691, 12673.132676923075], [5859.78586153846, 12673.132676923075], [5844.405846153845, 12657.75266153846], [5829.02583076923, 12642.372646153844], [5813.645815384614, 12626.99263076923], [5798.265799999999, 12611.612615384613], [5767.505769230768, 12611.612615384613], [5736.745738461537, 12611.612615384613], [5705.985707692307, 12611.612615384613], [5675.225676923076, 12611.612615384613], [5659.845661538461, 12596.232599999998], [5644.465646153845, 12580.852584615383], [5629.08563076923, 12565.472569230767], [5613.705615384614, 12550.092553846152], [5582.945584615384, 12550.092553846152], [5552.185553846153, 12550.092553846152], [5521.425523076922, 12550.092553846152], [5506.045507692307, 12534.712538461536], [5521.425523076922, 12519.33252307692], [5552.185553846153, 12519.33252307692], [5582.945584615384, 12519.33252307692], [5613.705615384614, 12519.33252307692], [5629.08563076923, 12503.952507692306], [5644.465646153845, 12488.57249230769], [5659.845661538461, 12473.192476923075], [5675.225676923076, 12457.812461538459], [5690.605692307691, 12442.432446153844], [5705.985707692307, 12427.052430769229], [5721.365723076922, 12411.672415384613], [5736.745738461537, 12396.292399999998], [5767.505769230768, 12396.292399999998], [5782.885784615384, 12380.912384615382], [5798.265799999999, 12365.532369230767], [5829.02583076923, 12365.532369230767], [5844.405846153845, 12350.152353846152], [5859.78586153846, 12334.772338461536], [5890.545892307691, 12334.772338461536], [5921.305923076922, 12334.772338461536], [5952.065953846153, 12334.772338461536], [5967.445969230768, 12350.152353846152], [5952.065953846153, 12365.532369230767], [5936.685938461537, 12380.912384615382], [5936.685938461537, 12411.672415384613], [5952.065953846153, 12427.052430769229], [5982.825984615384, 12427.052430769229], [6013.586015384614, 12427.052430769229], [6044.346046153845, 12427.052430769229], [6075.106076923076, 12427.052430769229], [6105.866107692307, 12427.052430769229], [6136.626138461537, 12427.052430769229], [6167.386169230768, 12427.052430769229], [6198.146199999999, 12427.052430769229], [6228.90623076923, 12427.052430769229], [6259.66626153846, 12427.052430769229], [6275.046276923076, 12442.432446153844], [6290.426292307691, 12457.812461538459], [6305.806307692307, 12473.192476923075], [6321.186323076922, 12488.57249230769], [6336.566338461537, 12503.952507692306], [6351.946353846153, 12519.33252307692], [6367.326369230768, 12534.712538461536], [6382.706384615383, 12550.092553846152], [6398.086399999999, 12565.472569230767], [6413.466415384614, 12580.852584615383], [6428.84643076923, 12596.232599999998], [6444.226446153845, 12611.612615384613], [6459.60646153846, 12626.99263076923], [6474.986476923076, 12642.372646153844], [6490.366492307691, 12657.75266153846], [6505.746507692306, 12673.132676923075], [6521.126523076922, 12688.51269230769], [6536.506538461537, 12703.892707692305], [6551.886553846153, 12719.272723076921], [6567.266569230768, 12734.652738461537], [6582.646584615383, 12750.032753846152], [6598.026599999999, 12765.412769230767], [6613.406615384614, 12780.792784615382], [6613.406615384614, 12811.552815384613], [6628.78663076923, 12826.932830769229], [6644.166646153845, 12842.312846153844], [6659.54666153846, 12857.692861538459], [6674.926676923076, 12873.072876923075], [6674.926676923076, 12903.832907692306], [6690.306692307691, 12919.21292307692], [6705.686707692306, 12934.592938461536], [6705.686707692306, 12965.352969230767], [6721.066723076922, 12980.732984615383], [6736.446738461537, 12996.112999999998], [6736.446738461537, 13026.873030769228], [6751.826753846153, 13042.253046153844], [6767.206769230768, 13057.63306153846], [6767.206769230768, 13088.39309230769], [6782.586784615383, 13103.773107692305], [6797.966799999999, 13119.153123076921], [6797.966799999999, 13149.913153846152], [6797.966799999999, 13180.673184615382], [6813.346815384614, 13196.053199999998], [6828.726830769229, 13211.433215384614], [6828.726830769229, 13242.193246153844], [6828.726830769229, 13272.953276923075], [6844.106846153845, 13288.33329230769], [6859.48686153846, 13303.713307692306], [6859.48686153846, 13334.473338461536], [6859.48686153846, 13365.233369230767], [6874.866876923076, 13380.613384615383], [6890.246892307691, 13395.993399999998], [6890.246892307691, 13426.753430769228], [6905.626907692306, 13442.133446153844], [6921.006923076922, 13457.51346153846], [6936.386938461537, 13472.893476923075], [6951.766953846153, 13488.27349230769], [6951.766953846153, 13519.033523076921], [6967.146969230768, 13534.413538461537], [6982.526984615383, 13549.793553846152], [6997.906999999999, 13565.173569230767], [7013.287015384614, 13580.553584615382], [7028.667030769229, 13595.933599999998], [7044.047046153845, 13611.313615384614], [7044.047046153845, 13642.073646153844], [7059.42706153846, 13657.453661538459], [7074.807076923076, 13672.833676923074], [7090.187092307691, 13688.21369230769], [7105.567107692306, 13703.593707692306], [7120.947123076922, 13718.97372307692], [7136.327138461537, 13734.353738461536], [7151.707153846152, 13749.73375384615], [7167.087169230768, 13765.113769230768], [7182.467184615383, 13780.493784615383], [7197.847199999999, 13795.873799999998], [7213.227215384614, 13811.253815384613], [7228.607230769229, 13826.633830769228], [7243.987246153845, 13842.013846153844], [7259.36726153846, 13857.39386153846], [7274.747276923076, 13872.773876923075], [7290.127292307691, 13888.15389230769], [7305.507307692306, 13903.533907692305], [7320.887323076922, 13918.913923076921], [7320.887323076922, 13949.673953846152], [7336.267338461537, 13965.053969230767], [7351.647353846152, 13980.433984615382], [7367.027369230768, 13995.813999999997], [7382.407384615383, 14011.194015384614], [7397.787399999999, 14026.574030769229], [7413.167415384614, 14041.954046153844], [7413.167415384614, 14072.714076923074], [7428.547430769229, 14088.09409230769], [7443.927446153845, 14103.474107692306], [7459.30746153846, 14118.85412307692], [7490.067492307691, 14118.85412307692], [7505.447507692306, 14134.234138461536], [7520.827523076922, 14149.61415384615], [7536.207538461537, 14164.994169230768], [7551.587553846152, 14180.374184615383], [7582.347584615383, 14180.374184615383], [7597.727599999999, 14195.754199999998], [7613.107615384614, 14211.134215384613], [7628.487630769229, 14226.514230769228], [7643.867646153845, 14241.894246153845], [7659.24766153846, 14257.27426153846], [7674.627676923075, 14272.654276923075], [7705.387707692306, 14272.654276923075], [7720.767723076922, 14288.03429230769], [7736.147738461537, 14303.414307692305], [7751.527753846152, 14318.79432307692], [7766.907769230768, 14334.174338461537], [7782.287784615383, 14349.554353846152], [7797.667799999998, 14364.934369230767], [7813.047815384614, 14380.314384615382], [7828.427830769229, 14395.694399999997], [7843.807846153845, 14411.074415384614], [7859.18786153846, 14426.454430769229], [7889.947892307691, 14426.454430769229], [7905.327907692306, 14441.834446153844], [7920.707923076922, 14457.214461538459], [7936.087938461537, 14472.594476923074], [7951.467953846152, 14487.97449230769], [7982.227984615383, 14487.97449230769], [7997.607999999998, 14503.354507692306], [8012.988015384614, 14518.73452307692], [8028.368030769229, 14534.114538461536], [8043.748046153845, 14549.49455384615], [8059.12806153846, 14564.874569230768], [8074.508076923075, 14580.254584615383], [8089.888092307691, 14595.634599999998], [8105.268107692306, 14611.014615384613], [8120.648123076921, 14626.394630769228], [8136.028138461537, 14641.774646153843], [8151.408153846152, 14657.15466153846], [8166.788169230768, 14672.534676923075], [8182.168184615382, 14687.91469230769], [8197.5482, 14703.294707692305], [8212.928215384614, 14718.67472307692], [8212.928215384614, 14749.434753846152], [8228.30823076923, 14764.814769230767], [8243.688246153844, 14780.194784615382], [8243.688246153844, 14810.954815384614], [8243.688246153844, 14841.714846153844], [8259.06826153846, 14857.094861538459], [8274.448276923076, 14872.474876923074], [8274.448276923076, 14903.234907692306], [8289.828292307691, 14918.61492307692], [8305.208307692306, 14933.994938461536], [8320.588323076921, 14949.37495384615], [8335.968338461536, 14964.754969230766], [8351.348353846153, 14980.134984615383], [8366.728369230768, 14995.514999999998], [8382.108384615383, 15010.895015384613], [8397.488399999998, 15026.275030769228], [8397.488399999998, 15057.03506153846], [8412.868415384613, 15072.415076923075], [8428.24843076923, 15087.79509230769], [8443.628446153845, 15103.175107692305], [8459.00846153846, 15118.55512307692], [8459.00846153846, 15149.315153846152], [8459.00846153846, 15180.075184615382], [8474.388476923075, 15195.455199999997], [8489.76849230769, 15210.835215384614], [8489.76849230769, 15241.595246153844], [8489.76849230769, 15272.355276923074], [8505.148507692305, 15287.735292307689], [8520.528523076922, 15303.115307692306], [8520.528523076922, 15333.875338461536], [8520.528523076922, 15364.635369230766], [8535.908538461537, 15380.015384615383], [8551.288553846152, 15395.395399999998], [8551.288553846152, 15426.155430769228], [8566.668569230767, 15441.535446153843], [8582.048584615382, 15456.91546153846], [8582.048584615382, 15487.67549230769], [8597.4286, 15503.055507692305], [8612.808615384614, 15518.43552307692], [8612.808615384614, 15549.195553846152], [8628.18863076923, 15564.575569230767], [8643.568646153844, 15579.955584615382], [8643.568646153844, 15610.715615384612], [8643.568646153844, 15641.475646153844], [8658.94866153846, 15656.855661538459], [8674.328676923076, 15672.235676923074], [8674.328676923076, 15702.995707692306], [8674.328676923076, 15733.755738461536], [8674.328676923076, 15764.515769230766], [8658.94866153846, 15779.895784615383], [8643.568646153844, 15795.275799999998], [8643.568646153844, 15826.035830769228], [8628.18863076923, 15841.415846153843], [8612.808615384614, 15856.79586153846], [8612.808615384614, 15887.55589230769], [8597.4286, 15902.935907692305], [8582.048584615382, 15918.31592307692], [8566.668569230767, 15933.695938461535], [8551.288553846152, 15949.075953846152], [8535.908538461537, 15964.455969230767], [8520.528523076922, 15979.835984615382], [8505.148507692305, 15995.215999999997], [8489.76849230769, 16010.596015384612], [8474.388476923075, 16025.976030769229]]]}, "properties": {"objectType": "annotation", "name": "P2_3_C|peri_11", "classification": {"name": "peri", "color": [25, 158, 112]}, "lesion_id": 11, "section": "P2_3_C", "area_um2": 130550.00000000004, "lesion_ids": [11]}}, {"type": "Feature", "geometry": {"type": "Polygon", "coordinates": [[[4537.104538461538, 12949.972953846152], [4506.344507692307, 12949.972953846152], [4475.584476923076, 12949.972953846152], [4444.824446153845, 12949.972953846152], [4414.064415384615, 12949.972953846152], [4383.304384615384, 12949.972953846152], [4352.544353846153, 12949.972953846152], [4321.784323076922, 12949.972953846152], [4291.024292307692, 12949.972953846152], [4260.264261538461, 12949.972953846152], [4229.50423076923, 12949.972953846152], [4214.124215384615, 12934.592938461536], [4198.744199999999, 12919.21292307692], [4167.984169230769, 12919.21292307692], [4137.224138461538, 12919.21292307692], [4106.464107692307, 12919.21292307692], [4075.704076923076, 12919.21292307692], [4044.944046153845, 12919.21292307692], [4029.5640307692297, 12903.832907692306], [4014.1840153846147, 12888.45289230769], [3983.4239846153837, 12888.45289230769], [3952.663953846153, 12888.45289230769], [3937.2839384615377, 12873.072876923075], [3921.903923076922, 12857.692861538459], [3906.5239076923067, 12842.312846153844], [3891.143892307691, 12826.932830769229], [3860.3838615384607, 12826.932830769229], [3845.003846153845, 12811.552815384613], [3829.6238307692297, 12796.172799999998], [3814.2438153846147, 12780.792784615382], [3798.863799999999, 12765.412769230767], [3783.4837846153837, 12750.032753846152], [3783.4837846153837, 12719.272723076921], [3798.863799999999, 12703.892707692305], [3814.2438153846147, 12688.51269230769], [3829.6238307692297, 12673.132676923075], [3860.3838615384607, 12673.132676923075], [3875.763876923076, 12657.75266153846], [3891.143892307691, 12642.372646153844], [3921.903923076922, 12642.372646153844], [3952.663953846153, 12642.372646153844], [3983.4239846153837, 12642.372646153844], [4014.1840153846147, 12642.372646153844], [4044.944046153845, 12642.372646153844], [4075.704076923076, 12642.372646153844], [4106.464107692307, 12642.372646153844], [4137.224138461538, 12642.372646153844], [4167.984169230769, 12642.372646153844], [4198.744199999999, 12642.372646153844], [4229.50423076923, 12642.372646153844], [4244.884246153845, 12626.99263076923], [4260.264261538461, 12611.612615384613], [4291.024292307692, 12611.612615384613], [4306.404307692307, 12626.99263076923], [4321.784323076922, 12642.372646153844], [4337.164338461538, 12657.75266153846], [4352.544353846153, 12673.132676923075], [4383.304384615384, 12673.132676923075], [4398.684399999999, 12688.51269230769], [4414.064415384615, 12703.892707692305], [4444.824446153845, 12703.892707692305], [4475.584476923076, 12703.892707692305], [4506.344507692307, 12703.892707692305], [4537.104538461538, 12703.892707692305], [4567.864569230768, 12703.892707692305], [4583.244584615384, 12688.51269230769], [4598.624599999999, 12673.132676923075], [4629.38463076923, 12673.132676923075], [4660.144661538461, 12673.132676923075], [4690.904692307692, 12673.132676923075], [4706.284707692307, 12657.75266153846], [4721.664723076922, 12642.372646153844], [4752.424753846153, 12642.372646153844], [4783.184784615384, 12642.372646153844], [4813.944815384615, 12642.372646153844], [4829.32483076923, 12657.75266153846], [4844.704846153845, 12673.132676923075], [4875.464876923076, 12673.132676923075], [4890.844892307691, 12688.51269230769], [4875.464876923076, 12703.892707692305], [4860.084861538461, 12719.272723076921], [4844.704846153845, 12734.652738461537], [4829.32483076923, 12750.032753846152], [4813.944815384615, 12765.412769230767], [4798.564799999999, 12780.792784615382], [4783.184784615384, 12796.172799999998], [4767.804769230768, 12811.552815384613], [4752.424753846153, 12826.932830769229], [4737.044738461538, 12842.312846153844], [4721.664723076922, 12857.692861538459], [4690.904692307692, 12857.692861538459], [4675.524676923076, 12873.072876923075], [4660.144661538461, 12888.45289230769], [4644.764646153845, 12903.832907692306], [4629.38463076923, 12919.21292307692], [4598.624599999999, 12919.21292307692], [4567.864569230768, 12919.21292307692], [4552.484553846153, 12934.592938461536], [4537.104538461538, 12949.972953846152]]]}, "properties": {"objectType": "annotation", "name": "P2_3_C|peri", "classification": {"name": "peri", "color": [25, 158, 112]}, "lesion_id": 0, "section": "P2_3_C", "area_um2": 26250.000000000022, "lesion_ids": [9, 10]}}, {"type": "Feature", "geometry": {"type": "Polygon", "coordinates": [[[8289.828292307691, 16179.776184615383], [8259.06826153846, 16179.776184615383], [8228.30823076923, 16179.776184615383], [8197.5482, 16179.776184615383], [8166.788169230768, 16179.776184615383], [8136.028138461537, 16179.776184615383], [8105.268107692306, 16179.776184615383], [8074.508076923075, 16179.776184615383], [8043.748046153845, 16179.776184615383], [8012.988015384614, 16179.776184615383], [7982.227984615383, 16179.776184615383], [7951.467953846152, 16179.776184615383], [7920.707923076922, 16179.776184615383], [7889.947892307691, 16179.776184615383], [7859.18786153846, 16179.776184615383], [7828.427830769229, 16179.776184615383], [7813.047815384614, 16164.396169230766], [7797.667799999998, 16149.01615384615], [7766.907769230768, 16149.01615384615], [7736.147738461537, 16149.01615384615], [7720.767723076922, 16133.636138461536], [7705.387707692306, 16118.25612307692], [7690.007692307691, 16102.876107692306], [7674.627676923075, 16087.496092307689], [7643.867646153845, 16087.496092307689], [7628.487630769229, 16072.116076923074], [7613.107615384614, 16056.736061538459], [7597.727599999999, 16041.356046153844], [7582.347584615383, 16025.976030769229], [7566.967569230768, 16010.596015384612], [7551.587553846152, 15995.215999999997], [7536.207538461537, 15979.835984615382], [7520.827523076922, 15964.455969230767], [7490.067492307691, 15964.455969230767], [7459.30746153846, 15964.455969230767], [7428.547430769229, 15964.455969230767], [7397.787399999999, 15964.455969230767], [7367.027369230768, 15964.455969230767], [7336.267338461537, 15964.455969230767], [7305.507307692306, 15964.455969230767], [7274.747276923076, 15964.455969230767], [7243.987246153845, 15964.455969230767], [7213.227215384614, 15964.455969230767], [7182.467184615383, 15964.455969230767], [7151.707153846152, 15964.455969230767], [7136.327138461537, 15949.075953846152], [7120.947123076922, 15933.695938461535], [7090.187092307691, 15933.695938461535], [7059.42706153846, 15933.695938461535], [7044.047046153845, 15918.31592307692], [7028.667030769229, 15902.935907692305], [7013.287015384614, 15887.55589230769], [6997.906999999999, 15872.175876923075], [6967.146969230768, 15872.175876923075], [6951.766953846153, 15856.79586153846], [6936.386938461537, 15841.415846153843], [6921.006923076922, 15856.79586153846], [6905.626907692306, 15872.175876923075], [6874.866876923076, 15872.175876923075], [6859.48686153846, 15887.55589230769], [6844.106846153845, 15902.935907692305], [6813.346815384614, 15902.935907692305], [6782.586784615383, 15902.935907692305], [6767.206769230768, 15918.31592307692], [6751.826753846153, 15933.695938461535], [6721.066723076922, 15933.695938461535], [6690.306692307691, 15933.695938461535], [6659.54666153846, 15933.695938461535], [6628.78663076923, 15933.695938461535], [6598.026599999999, 15933.695938461535], [6567.266569230768, 15933.695938461535], [6536.506538461537, 15933.695938461535], [6505.746507692306, 15933.695938461535], [6474.986476923076, 15933.695938461535], [6444.226446153845, 15933.695938461535], [6413.466415384614, 15933.695938461535], [6382.706384615383, 15933.695938461535], [6351.946353846153, 15933.695938461535], [6336.566338461537, 15918.31592307692], [6321.186323076922, 15902.935907692305], [6290.426292307691, 15902.935907692305], [6259.66626153846, 15902.935907692305], [6244.286246153845, 15887.55589230769], [6228.90623076923, 15872.175876923075], [6213.526215384614, 15856.79586153846], [6198.146199999999, 15841.415846153843], [6167.386169230768, 15841.415846153843], [6152.006153846153, 15826.035830769228], [6136.626138461537, 15810.655815384613], [6121.246123076922, 15795.275799999998], [6105.866107692307, 15779.895784615383], [6090.486092307691, 15764.515769230766], [6075.106076923076, 15749.13575384615], [6059.72606153846, 15733.755738461536], [6044.346046153845, 15718.37572307692], [6028.96603076923, 15702.995707692306], [6013.586015384614, 15687.615692307689], [5998.205999999999, 15672.235676923074], [5998.205999999999, 15641.475646153844], [5982.825984615384, 15626.095630769229], [5967.445969230768, 15610.715615384612], [5952.065953846153, 15595.335599999997], [5936.685938461537, 15579.955584615382], [5936.685938461537, 15549.195553846152], [5936.685938461537, 15518.43552307692], [5921.305923076922, 15503.055507692305], [5905.925907692307, 15487.67549230769], [5905.925907692307, 15456.91546153846], [5905.925907692307, 15426.155430769228], [5905.925907692307, 15395.395399999998], [5905.925907692307, 15364.635369230766], [5905.925907692307, 15333.875338461536], [5905.925907692307, 15303.115307692306], [5905.925907692307, 15272.355276923074], [5905.925907692307, 15241.595246153844], [5905.925907692307, 15210.835215384614], [5905.925907692307, 15180.075184615382], [5921.305923076922, 15164.695169230767], [5936.685938461537, 15149.315153846152], [5936.685938461537, 15118.55512307692], [5936.685938461537, 15087.79509230769], [5952.065953846153, 15072.415076923075], [5967.445969230768, 15057.03506153846], [5967.445969230768, 15026.275030769228], [5952.065953846153, 15010.895015384613], [5921.305923076922, 15010.895015384613], [5905.925907692307, 14995.514999999998], [5890.545892307691, 14980.134984615383], [5859.78586153846, 14980.134984615383], [5844.405846153845, 14964.754969230766], [5829.02583076923, 14949.37495384615], [5813.645815384614, 14933.994938461536], [5798.265799999999, 14918.61492307692], [5767.505769230768, 14918.61492307692], [5752.125753846153, 14903.234907692306], [5736.745738461537, 14887.85489230769], [5721.365723076922, 14872.474876923074], [5705.985707692307, 14857.094861538459], [5690.605692307691, 14841.714846153844], [5675.225676923076, 14826.334830769229], [5659.845661538461, 14810.954815384614], [5644.465646153845, 14795.574799999997], [5629.08563076923, 14780.194784615382], [5613.705615384614, 14764.814769230767], [5598.325599999999, 14749.434753846152], [5598.325599999999, 14718.67472307692], [5582.945584615384, 14703.294707692305], [5567.565569230768, 14687.91469230769], [5552.185553846153, 14672.534676923075], [5536.805538461537, 14657.15466153846], [5536.805538461537, 14626.394630769228], [5536.805538461537, 14595.634599999998], [5521.425523076922, 14580.254584615383], [5506.045507692307, 14564.874569230768], [5506.045507692307, 14534.114538461536], [5506.045507692307, 14503.354507692306], [5506.045507692307, 14472.594476923074], [5506.045507692307, 14441.834446153844], [5506.045507692307, 14411.074415384614], [5506.045507692307, 14380.314384615382], [5506.045507692307, 14349.554353846152], [5506.045507692307, 14318.79432307692], [5506.045507692307, 14288.03429230769], [5506.045507692307, 14257.27426153846], [5506.045507692307, 14226.514230769228], [5521.425523076922, 14211.134215384613], [5536.805538461537, 14195.754199999998], [5536.805538461537, 14164.994169230768], [5536.805538461537, 14134.234138461536], [5552.185553846153, 14118.85412307692], [5567.565569230768, 14103.474107692306], [5582.945584615384, 14088.09409230769], [5598.325599999999, 14072.714076923074], [5598.325599999999, 14041.954046153844], [5613.705615384614, 14026.574030769229], [5629.08563076923, 14011.194015384614], [5644.465646153845, 13995.813999999997], [5659.845661538461, 13980.433984615382], [5675.225676923076, 13965.053969230767], [5690.605692307691, 13949.673953846152], [5705.985707692307, 13934.293938461537], [5721.365723076922, 13918.913923076921], [5736.745738461537, 13903.533907692305], [5752.125753846153, 13888.15389230769], [5767.505769230768, 13872.773876923075], [5782.885784615384, 13857.39386153846], [5782.885784615384, 13826.633830769228], [5782.885784615384, 13795.873799999998], [5767.505769230768, 13780.493784615383], [5736.745738461537, 13780.493784615383], [5721.365723076922, 13765.113769230768], [5705.985707692307, 13749.73375384615], [5675.225676923076, 13749.73375384615], [5644.465646153845, 13749.73375384615], [5629.08563076923, 13734.353738461536], [5613.705615384614, 13718.97372307692], [5598.325599999999, 13703.593707692306], [5582.945584615384, 13688.21369230769], [5552.185553846153, 13688.21369230769], [5536.805538461537, 13672.833676923074], [5521.425523076922, 13657.453661538459], [5506.045507692307, 13642.073646153844], [5490.665492307691, 13626.693630769229], [5475.285476923076, 13611.313615384614], [5459.905461538461, 13595.933599999998], [5444.525446153845, 13580.553584615382], [5429.14543076923, 13565.173569230767], [5413.765415384614, 13549.793553846152], [5398.385399999999, 13534.413538461537], [5383.005384615384, 13519.033523076921], [5367.625369230768, 13503.653507692305], [5352.245353846153, 13488.27349230769], [5336.865338461538, 13472.893476923075], [5321.485323076922, 13457.51346153846], [5306.105307692307, 13442.133446153844], [5290.725292307691, 13426.753430769228], [5290.725292307691, 13395.993399999998], [5275.345276923076, 13380.613384615383], [5259.965261538461, 13365.233369230767], [5244.585246153845, 13349.85335384615], [5229.20523076923, 13334.473338461536], [5229.20523076923, 13303.713307692306], [5229.20523076923, 13272.953276923075], [5213.825215384614, 13257.573261538459], [5198.445199999999, 13242.193246153844], [5198.445199999999, 13211.433215384614], [5198.445199999999, 13180.673184615382], [5198.445199999999, 13149.913153846152], [5198.445199999999, 13119.153123076921], [5198.445199999999, 13088.39309230769], [5198.445199999999, 13057.63306153846], [5198.445199999999, 13026.873030769228], [5198.445199999999, 12996.112999999998], [5198.445199999999, 12965.352969230767], [5198.445199999999, 12934.592938461536], [5198.445199999999, 12903.832907692306], [5213.825215384614, 12888.45289230769], [5229.20523076923, 12873.072876923075], [5229.20523076923, 12842.312846153844], [5229.20523076923, 12811.552815384613], [5244.585246153845, 12796.172799999998], [5259.965261538461, 12780.792784615382], [5275.345276923076, 12765.412769230767], [5290.725292307691, 12750.032753846152], [5290.725292307691, 12719.272723076921], [5306.105307692307, 12703.892707692305], [5321.485323076922, 12688.51269230769], [5336.865338461538, 12673.132676923075], [5367.625369230768, 12673.132676923075], [5398.385399999999, 12673.132676923075], [5413.765415384614, 12657.75266153846], [5429.14543076923, 12642.372646153844], [5459.905461538461, 12642.372646153844], [5490.665492307691, 12642.372646153844], [5521.425523076922, 12642.372646153844], [5552.185553846153, 12642.372646153844], [5582.945584615384, 12642.372646153844], [5598.325599999999, 12657.75266153846], [5613.705615384614, 12673.132676923075], [5644.465646153845, 12673.132676923075], [5675.225676923076, 12673.132676923075], [5705.985707692307, 12673.132676923075], [5736.745738461537, 12673.132676923075], [5767.505769230768, 12673.132676923075], [5782.885784615384, 12688.51269230769], [5798.265799999999, 12703.892707692305], [5813.645815384614, 12719.272723076921], [5829.02583076923, 12734.652738461537], [5859.78586153846, 12734.652738461537], [5875.165876923076, 12750.032753846152], [5890.545892307691, 12765.412769230767], [5921.305923076922, 12765.412769230767], [5952.065953846153, 12765.412769230767], [5982.825984615384, 12765.412769230767], [5998.205999999999, 12780.792784615382], [5982.825984615384, 12796.172799999998], [5967.445969230768, 12811.552815384613], [5952.065953846153, 12826.932830769229], [5936.685938461537, 12842.312846153844], [5936.685938461537, 12873.072876923075], [5921.305923076922, 12888.45289230769], [5905.925907692307, 12903.832907692306], [5890.545892307691, 12919.21292307692], [5875.165876923076, 12934.592938461536], [5859.78586153846, 12949.972953846152], [5829.02583076923, 12949.972953846152], [5798.265799999999, 12949.972953846152], [5767.505769230768, 12949.972953846152], [5752.125753846153, 12965.352969230767], [5736.745738461537, 12980.732984615383], [5721.365723076922, 12996.112999999998], [5705.985707692307, 13011.493015384613], [5690.605692307691, 13026.873030769228], [5690.605692307691, 13057.63306153846], [5690.605692307691, 13088.39309230769], [5690.605692307691, 13119.153123076921], [5705.985707692307, 13134.533138461537], [5721.365723076922, 13149.913153846152], [5736.745738461537, 13165.293169230767], [5752.125753846153, 13180.673184615382], [5767.505769230768, 13196.053199999998], [5782.885784615384, 13211.433215384614], [5798.265799999999, 13226.813230769229], [5813.645815384614, 13242.193246153844], [5829.02583076923, 13257.573261538459], [5844.405846153845, 13272.953276923075], [5859.78586153846, 13288.33329230769], [5890.545892307691, 13288.33329230769], [5921.305923076922, 13288.33329230769], [5936.685938461537, 13272.953276923075], [5952.065953846153, 13257.573261538459], [5967.445969230768, 13242.193246153844], [5982.825984615384, 13226.813230769229], [5998.205999999999, 13211.433215384614], [6013.586015384614, 13196.053199999998], [6028.96603076923, 13180.673184615382], [6044.346046153845, 13165.293169230767], [6059.72606153846, 13180.673184615382], [6075.106076923076, 13196.053199999998], [6105.866107692307, 13196.053199999998], [6121.246123076922, 13211.433215384614], [6136.626138461537, 13226.813230769229], [6167.386169230768, 13226.813230769229], [6182.766184615383, 13242.193246153844], [6198.146199999999, 13257.573261538459], [6213.526215384614, 13272.953276923075], [6228.90623076923, 13288.33329230769], [6244.286246153845, 13303.713307692306], [6259.66626153846, 13319.09332307692], [6275.046276923076, 13334.473338461536], [6290.426292307691, 13349.85335384615], [6305.806307692307, 13365.233369230767], [6290.426292307691, 13380.613384615383], [6275.046276923076, 13395.993399999998], [6259.66626153846, 13411.373415384613], [6244.286246153845, 13426.753430769228], [6228.90623076923, 13442.133446153844], [6213.526215384614, 13457.51346153846], [6213.526215384614, 13488.27349230769], [6213.526215384614, 13519.033523076921], [6213.526215384614, 13549.793553846152], [6228.90623076923, 13565.173569230767], [6244.286246153845, 13580.553584615382], [6244.286246153845, 13611.313615384614], [6244.286246153845, 13642.073646153844], [6259.66626153846, 13657.453661538459], [6275.046276923076, 13672.833676923074], [6290.426292307691, 13688.21369230769], [6305.806307692307, 13703.593707692306], [6321.186323076922, 13718.97372307692], [6336.566338461537, 13703.593707692306], [6351.946353846153, 13688.21369230769], [6367.326369230768, 13672.833676923074], [6382.706384615383, 13657.453661538459], [6398.086399999999, 13672.833676923074], [6413.466415384614, 13688.21369230769], [6428.84643076923, 13703.593707692306], [6444.226446153845, 13718.97372307692], [6459.60646153846, 13734.353738461536], [6459.60646153846, 13765.113769230768], [6444.226446153845, 13780.493784615383], [6428.84643076923, 13795.873799999998], [6413.466415384614, 13811.253815384613], [6398.086399999999, 13826.633830769228], [6382.706384615383, 13842.013846153844], [6367.326369230768, 13857.39386153846], [6351.946353846153, 13872.773876923075], [6336.566338461537, 13888.15389230769], [6321.186323076922, 13903.533907692305], [6305.806307692307, 13918.913923076921], [6305.806307692307, 13949.673953846152], [6290.426292307691, 13965.053969230767], [6275.046276923076, 13980.433984615382], [6275.046276923076, 14011.194015384614], [6259.66626153846, 14026.574030769229], [6244.286246153845, 14041.954046153844], [6244.286246153845, 14072.714076923074], [6244.286246153845, 14103.474107692306], [6244.286246153845, 14134.234138461536], [6228.90623076923, 14149.61415384615], [6213.526215384614, 14164.994169230768], [6198.146199999999, 14180.374184615383], [6182.766184615383, 14195.754199999998], [6167.386169230768, 14211.134215384613], [6152.006153846153, 14226.514230769228], [6136.626138461537, 14241.894246153845], [6121.246123076922, 14257.27426153846], [6105.866107692307, 14272.654276923075], [6075.106076923076, 14272.654276923075], [6059.72606153846, 14288.03429230769], [6044.346046153845, 14303.414307692305], [6028.96603076923, 14318.79432307692], [6013.586015384614, 14334.174338461537], [5998.205999999999, 14349.554353846152], [5998.205999999999, 14380.314384615382], [5998.205999999999, 14411.074415384614], [5998.205999999999, 14441.834446153844], [6013.586015384614, 14457.214461538459], [6028.96603076923, 14472.594476923074], [6044.346046153845, 14487.97449230769], [6059.72606153846, 14503.354507692306], [6075.106076923076, 14518.73452307692], [6105.866107692307, 14518.73452307692], [6121.246123076922, 14534.114538461536], [6136.626138461537, 14549.49455384615], [6167.386169230768, 14549.49455384615], [6182.766184615383, 14564.874569230768], [6198.146199999999, 14580.254584615383], [6213.526215384614, 14595.634599999998], [6228.90623076923, 14611.014615384613], [6259.66626153846, 14611.014615384613], [6290.426292307691, 14611.014615384613], [6305.806307692307, 14626.394630769228], [6321.186323076922, 14641.774646153843], [6351.946353846153, 14641.774646153843], [6382.706384615383, 14641.774646153843], [6398.086399999999, 14657.15466153846], [6413.466415384614, 14672.534676923075], [6428.84643076923, 14687.91469230769], [6444.226446153845, 14703.294707692305], [6459.60646153846, 14718.67472307692], [6459.60646153846, 14749.434753846152], [6474.986476923076, 14764.814769230767], [6490.366492307691, 14780.194784615382], [6505.746507692306, 14795.574799999997], [6521.126523076922, 14810.954815384614], [6536.506538461537, 14826.334830769229], [6567.266569230768, 14826.334830769229], [6582.646584615383, 14810.954815384614], [6598.026599999999, 14795.574799999997], [6613.406615384614, 14780.194784615382], [6628.78663076923, 14764.814769230767], [6644.166646153845, 14749.434753846152], [6644.166646153845, 14718.67472307692], [6628.78663076923, 14703.294707692305], [6613.406615384614, 14687.91469230769], [6598.026599999999, 14672.534676923075], [6582.646584615383, 14657.15466153846], [6582.646584615383, 14626.394630769228], [6598.026599999999, 14611.014615384613], [6613.406615384614, 14595.634599999998], [6628.78663076923, 14580.254584615383], [6644.166646153845, 14564.874569230768], [6659.54666153846, 14549.49455384615], [6674.926676923076, 14564.874569230768], [6690.306692307691, 14580.254584615383], [6705.686707692306, 14595.634599999998], [6721.066723076922, 14611.014615384613], [6736.446738461537, 14626.394630769228], [6751.826753846153, 14641.774646153843], [6767.206769230768, 14657.15466153846], [6767.206769230768, 14687.91469230769], [6767.206769230768, 14718.67472307692], [6782.586784615383, 14734.054738461537], [6797.966799999999, 14749.434753846152], [6813.346815384614, 14764.814769230767], [6828.726830769229, 14780.194784615382], [6828.726830769229, 14810.954815384614], [6828.726830769229, 14841.714846153844], [6828.726830769229, 14872.474876923074], [6828.726830769229, 14903.234907692306], [6813.346815384614, 14918.61492307692], [6797.966799999999, 14933.994938461536], [6782.586784615383, 14949.37495384615], [6767.206769230768, 14964.754969230766], [6767.206769230768, 14995.514999999998], [6751.826753846153, 15010.895015384613], [6736.446738461537, 15026.275030769228], [6721.066723076922, 15041.655046153843], [6705.686707692306, 15057.03506153846], [6690.306692307691, 15072.415076923075], [6674.926676923076, 15087.79509230769], [6659.54666153846, 15103.175107692305], [6644.166646153845, 15118.55512307692], [6628.78663076923, 15133.935138461537], [6613.406615384614, 15149.315153846152], [6598.026599999999, 15164.695169230767], [6567.266569230768, 15164.695169230767], [6551.886553846153, 15180.075184615382], [6536.506538461537, 15195.455199999997], [6521.126523076922, 15210.835215384614], [6505.746507692306, 15226.215230769229], [6474.986476923076, 15226.215230769229], [6459.60646153846, 15241.595246153844], [6444.226446153845, 15256.975261538459], [6428.84643076923, 15272.355276923074], [6413.466415384614, 15287.735292307689], [6398.086399999999, 15303.115307692306], [6398.086399999999, 15333.875338461536], [6398.086399999999, 15364.635369230766], [6413.466415384614, 15380.015384615383], [6428.84643076923, 15395.395399999998], [6444.226446153845, 15410.775415384613], [6459.60646153846, 15426.155430769228], [6474.986476923076, 15441.535446153843], [6505.746507692306, 15441.535446153843], [6536.506538461537, 15441.535446153843], [6567.266569230768, 15441.535446153843], [6598.026599999999, 15441.535446153843], [6628.78663076923, 15441.535446153843], [6644.166646153845, 15426.155430769228], [6659.54666153846, 15410.775415384613], [6690.306692307691, 15410.775415384613], [6705.686707692306, 15395.395399999998], [6721.066723076922, 15380.015384615383], [6736.446738461537, 15364.635369230766], [6751.826753846153, 15349.25535384615], [6767.206769230768, 15333.875338461536], [6782.586784615383, 15318.49532307692], [6813.346815384614, 15318.49532307692], [6828.726830769229, 15303.115307692306], [6844.106846153845, 15287.735292307689], [6874.866876923076, 15287.735292307689], [6890.246892307691, 15272.355276923074], [6905.626907692306, 15256.975261538459], [6936.386938461537, 15256.975261538459], [6967.146969230768, 15256.975261538459], [6982.526984615383, 15241.595246153844], [6997.906999999999, 15226.215230769229], [7028.667030769229, 15226.215230769229], [7059.42706153846, 15226.215230769229], [7074.807076923076, 15241.595246153844], [7090.187092307691, 15256.975261538459], [7105.567107692306, 15272.355276923074], [7120.947123076922, 15287.735292307689], [7136.327138461537, 15303.115307692306], [7151.707153846152, 15318.49532307692], [7167.087169230768, 15333.875338461536], [7182.467184615383, 15349.25535384615], [7197.847199999999, 15364.635369230766], [7197.847199999999, 15395.395399999998], [7213.227215384614, 15410.775415384613], [7228.607230769229, 15426.155430769228], [7243.987246153845, 15441.535446153843], [7259.36726153846, 15456.91546153846], [7274.747276923076, 15472.295476923075], [7305.507307692306, 15472.295476923075], [7336.267338461537, 15472.295476923075], [7367.027369230768, 15472.295476923075], [7382.407384615383, 15456.91546153846], [7397.787399999999, 15441.535446153843], [7428.547430769229, 15441.535446153843], [7459.30746153846, 15441.535446153843], [7490.067492307691, 15441.535446153843], [7520.827523076922, 15441.535446153843], [7551.587553846152, 15441.535446153843], [7582.347584615383, 15441.535446153843], [7613.107615384614, 15441.535446153843], [7643.867646153845, 15441.535446153843], [7659.24766153846, 15456.91546153846], [7674.627676923075, 15472.295476923075], [7705.387707692306, 15472.295476923075], [7720.767723076922, 15487.67549230769], [7736.147738461537, 15503.055507692305], [7766.907769230768, 15503.055507692305], [7797.667799999998, 15503.055507692305], [7813.047815384614, 15518.43552307692], [7828.427830769229, 15533.815538461537], [7843.807846153845, 15549.195553846152], [7859.18786153846, 15564.575569230767], [7874.567876923075, 15579.955584615382], [7874.567876923075, 15610.715615384612], [7889.947892307691, 15626.095630769229], [7905.327907692306, 15641.475646153844], [7920.707923076922, 15656.855661538459], [7936.087938461537, 15672.235676923074], [7951.467953846152, 15687.615692307689], [7982.227984615383, 15687.615692307689], [8012.988015384614, 15687.615692307689], [8028.368030769229, 15672.235676923074], [8043.748046153845, 15656.855661538459], [8074.508076923075, 15656.855661538459], [8105.268107692306, 15656.855661538459], [8120.648123076921, 15672.235676923074], [8136.028138461537, 15687.615692307689], [8166.788169230768, 15687.615692307689], [8182.168184615382, 15672.235676923074], [8197.5482, 15656.855661538459], [8212.928215384614, 15641.475646153844], [8228.30823076923, 15626.095630769229], [8243.688246153844, 15610.715615384612], [8243.688246153844, 15579.955584615382], [8259.06826153846, 15564.575569230767], [8274.448276923076, 15579.955584615382], [8274.448276923076, 15610.715615384612], [8289.828292307691, 15626.095630769229], [8305.208307692306, 15641.475646153844], [8305.208307692306, 15672.235676923074], [8320.588323076921, 15687.615692307689], [8335.968338461536, 15702.995707692306], [8335.968338461536, 15733.755738461536], [8335.968338461536, 15764.515769230766], [8335.968338461536, 15795.275799999998], [8351.348353846153, 15810.655815384613], [8366.728369230768, 15826.035830769228], [8366.728369230768, 15856.79586153846], [8366.728369230768, 15887.55589230769], [8366.728369230768, 15918.31592307692], [8366.728369230768, 15949.075953846152], [8366.728369230768, 15979.835984615382], [8366.728369230768, 16010.596015384612], [8366.728369230768, 16041.356046153844], [8366.728369230768, 16072.116076923074], [8351.348353846153, 16087.496092307689], [8335.968338461536, 16102.876107692306], [8335.968338461536, 16133.636138461536], [8320.588323076921, 16149.01615384615], [8305.208307692306, 16164.396169230766], [8289.828292307691, 16179.776184615383]]]}, "properties": {"objectType": "annotation", "name": "P2_3_C|peri_11", "classification": {"name": "peri", "color": [25, 158, 112]}, "lesion_id": 11, "section": "P2_3_C", "area_um2": 343549.99999999965, "lesion_ids": [11]}}, {"type": "Feature", "geometry": {"type": "Polygon", "coordinates": [[[7643.867646153845, 14672.534676923075], [7613.107615384614, 14672.534676923075], [7597.727599999999, 14657.15466153846], [7582.347584615383, 14641.774646153843], [7566.967569230768, 14626.394630769228], [7551.587553846152, 14611.014615384613], [7536.207538461537, 14595.634599999998], [7551.587553846152, 14580.254584615383], [7582.347584615383, 14580.254584615383], [7597.727599999999, 14595.634599999998], [7613.107615384614, 14611.014615384613], [7628.487630769229, 14626.394630769228], [7643.867646153845, 14641.774646153843], [7659.24766153846, 14657.15466153846], [7643.867646153845, 14672.534676923075]]]}, "properties": {"objectType": "annotation", "name": "P2_3_C|peri_11", "classification": {"name": "peri", "color": [25, 158, 112]}, "lesion_id": 11, "section": "P2_3_C", "area_um2": 550.0000000000003, "lesion_ids": [11]}}, {"type": "Feature", "geometry": {"type": "Polygon", "coordinates": [[[8136.028138461537, 15349.25535384615], [8120.648123076921, 15333.875338461536], [8120.648123076921, 15303.115307692306], [8120.648123076921, 15272.355276923074], [8105.268107692306, 15256.975261538459], [8089.888092307691, 15241.595246153844], [8089.888092307691, 15210.835215384614], [8074.508076923075, 15195.455199999997], [8059.12806153846, 15180.075184615382], [8074.508076923075, 15164.695169230767], [8105.268107692306, 15164.695169230767], [8120.648123076921, 15180.075184615382], [8136.028138461537, 15195.455199999997], [8151.408153846152, 15210.835215384614], [8151.408153846152, 15241.595246153844], [8151.408153846152, 15272.355276923074], [8151.408153846152, 15303.115307692306], [8151.408153846152, 15333.875338461536], [8136.028138461537, 15349.25535384615]]]}, "properties": {"objectType": "annotation", "name": "P2_3_C|peri_11", "classification": {"name": "peri", "color": [25, 158, 112]}, "lesion_id": 11, "section": "P2_3_C", "area_um2": 849.999999999998, "lesion_ids": [11]}}, {"type": "Feature", "geometry": {"type": "Polygon", "coordinates": [[[2291.6222923076916, 19040.45904615384], [2260.862261538461, 19040.45904615384], [2245.4822461538456, 19025.079030769226], [2245.4822461538456, 18994.318999999996], [2230.10223076923, 18978.93898461538], [2214.7222153846146, 18963.558969230762], [2214.7222153846146, 18932.798938461532], [2199.3421999999996, 18917.41892307692], [2183.962184615384, 18902.038907692302], [2183.962184615384, 18871.278876923072], [2183.962184615384, 18840.518846153842], [2183.962184615384, 18809.75881538461], [2168.5821692307686, 18794.378799999995], [2153.202153846153, 18778.998784615378], [2153.202153846153, 18748.238753846148], [2153.202153846153, 18717.478723076918], [2153.202153846153, 18686.718692307688], [2153.202153846153, 18655.958661538458], [2153.202153846153, 18625.198630769224], [2137.822138461538, 18609.81861538461], [2122.4421230769226, 18594.438599999994], [2122.4421230769226, 18563.678569230764], [2137.822138461538, 18548.298553846147], [2168.5821692307686, 18548.298553846147], [2183.962184615384, 18532.918538461534], [2199.3421999999996, 18517.538523076917], [2214.7222153846146, 18502.158507692304], [2230.10223076923, 18486.778492307687], [2245.4822461538456, 18471.39847692307], [2260.862261538461, 18456.018461538457], [2291.6222923076916, 18456.018461538457], [2322.3823230769226, 18456.018461538457], [2353.142353846153, 18456.018461538457], [2383.902384615384, 18456.018461538457], [2399.2823999999996, 18440.63844615384], [2414.6624153846146, 18425.258430769227], [2430.04243076923, 18409.87841538461], [2445.4224461538456, 18394.498399999993], [2460.802461538461, 18379.11838461538], [2460.802461538461, 18348.35835384615], [2476.182476923076, 18332.978338461533], [2491.5624923076916, 18317.598323076916], [2491.5624923076916, 18286.838292307686], [2506.942507692307, 18271.458276923073], [2522.3225230769226, 18256.078261538456], [2522.3225230769226, 18225.318230769226], [2522.3225230769226, 18194.558199999996], [2537.7025384615376, 18179.17818461538], [2553.082553846153, 18163.798169230766], [2553.082553846153, 18133.038138461532], [2553.082553846153, 18102.278107692302], [2553.082553846153, 18071.518076923072], [2553.082553846153, 18040.758046153842], [2568.4625692307686, 18025.378030769225], [2583.842584615384, 18009.99801538461], [2583.842584615384, 17979.237984615378], [2583.842584615384, 17948.477953846148], [2599.222599999999, 17933.097938461535], [2614.6026153846146, 17917.717923076918], [2614.6026153846146, 17886.957892307688], [2614.6026153846146, 17856.197861538458], [2629.98263076923, 17840.81784615384], [2645.3626461538456, 17825.437830769224], [2660.742661538461, 17810.05781538461], [2676.122676923076, 17794.677799999994], [2691.5026923076916, 17779.29778461538], [2722.2627230769226, 17779.29778461538], [2737.6427384615376, 17794.677799999994], [2753.022753846153, 17810.05781538461], [2768.4027692307686, 17825.437830769224], [2783.782784615384, 17840.81784615384], [2814.5428153846146, 17840.81784615384], [2845.3028461538456, 17840.81784615384], [2860.6828615384607, 17825.437830769224], [2876.062876923076, 17810.05781538461], [2891.4428923076916, 17794.677799999994], [2906.822907692307, 17779.29778461538], [2922.202923076922, 17763.917769230764], [2937.5829384615377, 17748.537753846147], [2952.962953846153, 17733.157738461534], [2952.962953846153, 17702.397707692304], [2952.962953846153, 17671.63767692307], [2952.962953846153, 17640.87764615384], [2952.962953846153, 17610.11761538461], [2952.962953846153, 17579.35758461538], [2937.5829384615377, 17563.977569230763], [2922.202923076922, 17548.59755384615], [2906.822907692307, 17533.217538461533], [2891.4428923076916, 17517.83752307692], [2876.062876923076, 17502.457507692303], [2860.6828615384607, 17487.077492307686], [2845.3028461538456, 17471.697476923073], [2829.92283076923, 17456.317461538456], [2814.5428153846146, 17440.937446153843], [2783.782784615384, 17440.937446153843], [2753.022753846153, 17440.937446153843], [2722.2627230769226, 17440.937446153843], [2706.882707692307, 17456.317461538456], [2691.5026923076916, 17471.697476923073], [2676.122676923076, 17456.317461538456], [2660.742661538461, 17440.937446153843], [2629.98263076923, 17440.937446153843], [2614.6026153846146, 17425.557430769226], [2599.222599999999, 17410.17741538461], [2583.842584615384, 17394.797399999996], [2568.4625692307686, 17379.41738461538], [2553.082553846153, 17364.037369230766], [2537.7025384615376, 17348.65735384615], [2522.3225230769226, 17333.277338461532], [2506.942507692307, 17317.89732307692], [2476.182476923076, 17317.89732307692], [2460.802461538461, 17302.517307692302], [2445.4224461538456, 17287.13729230769], [2414.6624153846146, 17287.13729230769], [2383.902384615384, 17287.13729230769], [2368.5223692307686, 17271.757276923072], [2353.142353846153, 17256.377261538455], [2322.3823230769226, 17256.377261538455], [2291.6222923076916, 17256.377261538455], [2260.862261538461, 17256.377261538455], [2245.4822461538456, 17271.757276923072], [2230.10223076923, 17287.13729230769], [2199.3421999999996, 17287.13729230769], [2183.962184615384, 17302.517307692302], [2168.5821692307686, 17317.89732307692], [2153.202153846153, 17333.277338461532], [2137.822138461538, 17348.65735384615], [2107.062107692307, 17348.65735384615], [2076.3020769230766, 17348.65735384615], [2045.5420461538456, 17348.65735384615], [2014.7820153846149, 17348.65735384615], [1999.4019999999996, 17333.277338461532], [1999.4019999999996, 17302.517307692302], [1999.4019999999996, 17271.757276923072], [1984.021984615384, 17256.377261538455], [1968.6419692307688, 17240.997246153842], [1968.6419692307688, 17210.23721538461], [1968.6419692307688, 17179.477184615378], [1953.2619538461533, 17164.097169230765], [1937.8819384615379, 17148.717153846148], [1937.8819384615379, 17117.957123076918], [1922.5019230769226, 17102.5771076923], [1907.121907692307, 17087.197092307688], [1907.121907692307, 17056.437061538458], [1891.7418923076918, 17041.05704615384], [1876.3618769230764, 17025.677030769224], [1860.981861538461, 17010.29701538461], [1845.6018461538456, 16994.916999999994], [1845.6018461538456, 16964.156969230764], [1845.6018461538456, 16933.396938461534], [1830.2218307692303, 16918.016923076917], [1814.8418153846148, 16902.636907692304], [1830.2218307692303, 16887.256892307687], [1860.981861538461, 16887.256892307687], [1876.3618769230764, 16871.876876923074], [1891.7418923076918, 16856.496861538457], [1922.5019230769226, 16856.496861538457], [1953.2619538461533, 16856.496861538457], [1968.6419692307688, 16841.11684615384], [1984.021984615384, 16825.736830769227], [2014.7820153846149, 16825.736830769227], [2030.1620307692303, 16810.35681538461], [2045.5420461538456, 16794.976799999997], [2076.3020769230766, 16794.976799999997], [2107.062107692307, 16794.976799999997], [2122.4421230769226, 16779.59678461538], [2137.822138461538, 16764.216769230763], [2168.5821692307686, 16764.216769230763], [2199.3421999999996, 16764.216769230763], [2230.10223076923, 16764.216769230763], [2260.862261538461, 16764.216769230763], [2291.6222923076916, 16764.216769230763], [2322.3823230769226, 16764.216769230763], [2353.142353846153, 16764.216769230763], [2383.902384615384, 16764.216769230763], [2414.6624153846146, 16764.216769230763], [2445.4224461538456, 16764.216769230763], [2476.182476923076, 16764.216769230763], [2491.5624923076916, 16779.59678461538], [2506.942507692307, 16794.976799999997], [2537.7025384615376, 16794.976799999997], [2568.4625692307686, 16794.976799999997], [2583.842584615384, 16810.35681538461], [2599.222599999999, 16825.736830769227], [2629.98263076923, 16825.736830769227], [2660.742661538461, 16825.736830769227], [2676.122676923076, 16841.11684615384], [2691.5026923076916, 16856.496861538457], [2722.2627230769226, 16856.496861538457], [2737.6427384615376, 16871.876876923074], [2753.022753846153, 16887.256892307687], [2768.4027692307686, 16902.636907692304], [2783.782784615384, 16918.016923076917], [2814.5428153846146, 16918.016923076917], [2829.92283076923, 16933.396938461534], [2845.3028461538456, 16948.77695384615], [2876.062876923076, 16948.77695384615], [2906.822907692307, 16948.77695384615], [2937.5829384615377, 16948.77695384615], [2952.962953846153, 16964.156969230764], [2968.3429692307686, 16979.53698461538], [2999.102999999999, 16979.53698461538], [3029.86303076923, 16979.53698461538], [3045.2430461538456, 16994.916999999994], [3060.6230615384607, 17010.29701538461], [3076.003076923076, 17025.677030769224], [3091.3830923076916, 17041.05704615384], [3122.143123076922, 17041.05704615384], [3137.5231384615377, 17056.437061538458], [3152.903153846153, 17071.81707692307], [3168.2831692307686, 17087.197092307688], [3183.6631846153837, 17102.5771076923], [3199.043199999999, 17117.957123076918], [3214.4232153846147, 17133.337138461535], [3229.80323076923, 17148.717153846148], [3245.183246153845, 17164.097169230765], [3260.5632615384607, 17179.477184615378], [3275.943276923076, 17194.857199999995], [3291.3232923076916, 17210.23721538461], [3306.703307692307, 17225.617230769225], [3322.083323076922, 17240.997246153842], [3337.4633384615377, 17256.377261538455], [3352.843353846153, 17271.757276923072], [3352.843353846153, 17302.517307692302], [3368.2233692307686, 17317.89732307692], [3383.6033846153837, 17333.277338461532], [3398.983399999999, 17348.65735384615], [3414.3634153846147, 17364.037369230766], [3414.3634153846147, 17394.797399999996], [3414.3634153846147, 17425.557430769226], [3429.74343076923, 17440.937446153843], [3445.123446153845, 17456.317461538456], [3445.123446153845, 17487.077492307686], [3445.123446153845, 17517.83752307692], [3445.123446153845, 17548.59755384615], [3445.123446153845, 17579.35758461538], [3445.123446153845, 17610.11761538461], [3445.123446153845, 17640.87764615384], [3445.123446153845, 17671.63767692307], [3445.123446153845, 17702.397707692304], [3445.123446153845, 17733.157738461534], [3445.123446153845, 17763.917769230764], [3445.123446153845, 17794.677799999994], [3445.123446153845, 17825.437830769224], [3445.123446153845, 17856.197861538458], [3429.74343076923, 17871.57787692307], [3414.3634153846147, 17886.957892307688], [3414.3634153846147, 17917.717923076918], [3414.3634153846147, 17948.477953846148], [3398.983399999999, 17963.857969230765], [3383.6033846153837, 17979.237984615378], [3368.2233692307686, 17994.617999999995], [3352.843353846153, 18009.99801538461], [3352.843353846153, 18040.758046153842], [3337.4633384615377, 18056.138061538455], [3322.083323076922, 18071.518076923072], [3306.703307692307, 18086.89809230769], [3291.3232923076916, 18102.278107692302], [3275.943276923076, 18117.65812307692], [3260.5632615384607, 18133.038138461532], [3245.183246153845, 18148.41815384615], [3229.80323076923, 18163.798169230766], [3214.4232153846147, 18179.17818461538], [3199.043199999999, 18194.558199999996], [3183.6631846153837, 18209.93821538461], [3168.2831692307686, 18225.318230769226], [3152.903153846153, 18240.698246153843], [3122.143123076922, 18240.698246153843], [3106.763107692307, 18256.078261538456], [3091.3830923076916, 18271.458276923073], [3076.003076923076, 18286.838292307686], [3060.6230615384607, 18302.218307692303], [3029.86303076923, 18302.218307692303], [3014.4830153846146, 18317.598323076916], [3014.4830153846146, 18348.35835384615], [3014.4830153846146, 18379.11838461538], [2999.102999999999, 18394.498399999993], [2983.722984615384, 18409.87841538461], [2983.722984615384, 18440.63844615384], [2983.722984615384, 18471.39847692307], [2968.3429692307686, 18486.778492307687], [2952.962953846153, 18502.158507692304], [2952.962953846153, 18532.918538461534], [2937.5829384615377, 18548.298553846147], [2922.202923076922, 18563.678569230764], [2922.202923076922, 18594.438599999994], [2906.822907692307, 18609.81861538461], [2891.4428923076916, 18625.198630769224], [2876.062876923076, 18640.57864615384], [2860.6828615384607, 18655.958661538458], [2860.6828615384607, 18686.718692307688], [2845.3028461538456, 18702.0987076923], [2829.92283076923, 18717.478723076918], [2814.5428153846146, 18732.858738461535], [2799.162799999999, 18748.238753846148], [2783.782784615384, 18763.618769230765], [2768.4027692307686, 18778.998784615378], [2753.022753846153, 18794.378799999995], [2737.6427384615376, 18809.75881538461], [2722.2627230769226, 18825.138830769225], [2706.882707692307, 18840.518846153842], [2691.5026923076916, 18855.898861538455], [2660.742661538461, 18855.898861538455], [2645.3626461538456, 18871.278876923072], [2629.98263076923, 18886.65889230769], [2614.6026153846146, 18902.038907692302], [2599.222599999999, 18917.41892307692], [2568.4625692307686, 18917.41892307692], [2537.7025384615376, 18917.41892307692], [2522.3225230769226, 18932.798938461532], [2506.942507692307, 18948.17895384615], [2476.182476923076, 18948.17895384615], [2445.4224461538456, 18948.17895384615], [2430.04243076923, 18963.558969230762], [2414.6624153846146, 18978.93898461538], [2399.2823999999996, 18994.318999999996], [2383.902384615384, 19009.69901538461], [2353.142353846153, 19009.69901538461], [2322.3823230769226, 19009.69901538461], [2307.002307692307, 19025.079030769226], [2291.6222923076916, 19040.45904615384]]]}, "properties": {"objectType": "annotation", "name": "P2_3_C|peri", "classification": {"name": "peri", "color": [25, 158, 112]}, "lesion_id": 0, "section": "P2_3_C", "area_um2": 176450.00000000003, "lesion_ids": [12, 13]}}, {"type": "Feature", "geometry": {"type": "Polygon", "coordinates": [[[2137.822138461538, 19009.69901538461], [2122.4421230769226, 18994.318999999996], [2107.062107692307, 18978.93898461538], [2076.3020769230766, 18978.93898461538], [2045.5420461538456, 18978.93898461538], [2014.7820153846149, 18978.93898461538], [1984.021984615384, 18978.93898461538], [1968.6419692307688, 18963.558969230762], [1953.2619538461533, 18948.17895384615], [1922.5019230769226, 18948.17895384615], [1907.121907692307, 18932.798938461532], [1891.7418923076918, 18917.41892307692], [1876.3618769230764, 18902.038907692302], [1860.981861538461, 18886.65889230769], [1845.6018461538456, 18871.278876923072], [1845.6018461538456, 18840.518846153842], [1845.6018461538456, 18809.75881538461], [1830.2218307692303, 18794.378799999995], [1814.8418153846148, 18778.998784615378], [1814.8418153846148, 18748.238753846148], [1814.8418153846148, 18717.478723076918], [1799.4617999999996, 18702.0987076923], [1784.081784615384, 18686.718692307688], [1784.081784615384, 18655.958661538458], [1784.081784615384, 18625.198630769224], [1784.081784615384, 18594.438599999994], [1768.7017692307688, 18579.05858461538], [1753.3217538461533, 18563.678569230764], [1753.3217538461533, 18532.918538461534], [1753.3217538461533, 18502.158507692304], [1737.941738461538, 18486.778492307687], [1722.5617230769226, 18471.39847692307], [1722.5617230769226, 18440.63844615384], [1722.5617230769226, 18409.87841538461], [1707.1817076923073, 18394.498399999993], [1691.8016923076918, 18379.11838461538], [1691.8016923076918, 18348.35835384615], [1691.8016923076918, 18317.598323076916], [1691.8016923076918, 18286.838292307686], [1676.4216769230766, 18271.458276923073], [1661.041661538461, 18256.078261538456], [1661.041661538461, 18225.318230769226], [1661.041661538461, 18194.558199999996], [1661.041661538461, 18163.798169230766], [1661.041661538461, 18133.038138461532], [1661.041661538461, 18102.278107692302], [1661.041661538461, 18071.518076923072], [1661.041661538461, 18040.758046153842], [1661.041661538461, 18009.99801538461], [1661.041661538461, 17979.237984615378], [1676.4216769230766, 17963.857969230765], [1691.8016923076918, 17948.477953846148], [1691.8016923076918, 17917.717923076918], [1691.8016923076918, 17886.957892307688], [1691.8016923076918, 17856.197861538458], [1676.4216769230766, 17840.81784615384], [1661.041661538461, 17825.437830769224], [1661.041661538461, 17794.677799999994], [1661.041661538461, 17763.917769230764], [1645.6616461538458, 17748.537753846147], [1630.2816307692303, 17733.157738461534], [1630.2816307692303, 17702.397707692304], [1630.2816307692303, 17671.63767692307], [1630.2816307692303, 17640.87764615384], [1614.9016153846148, 17625.497630769227], [1599.5215999999996, 17610.11761538461], [1599.5215999999996, 17579.35758461538], [1599.5215999999996, 17548.59755384615], [1599.5215999999996, 17517.83752307692], [1599.5215999999996, 17487.077492307686], [1614.9016153846148, 17471.697476923073], [1630.2816307692303, 17456.317461538456], [1630.2816307692303, 17425.557430769226], [1630.2816307692303, 17394.797399999996], [1630.2816307692303, 17364.037369230766], [1630.2816307692303, 17333.277338461532], [1630.2816307692303, 17302.517307692302], [1630.2816307692303, 17271.757276923072], [1614.9016153846148, 17256.377261538455], [1599.5215999999996, 17240.997246153842], [1599.5215999999996, 17210.23721538461], [1599.5215999999996, 17179.477184615378], [1599.5215999999996, 17148.717153846148], [1614.9016153846148, 17133.337138461535], [1630.2816307692303, 17117.957123076918], [1630.2816307692303, 17087.197092307688], [1645.6616461538458, 17071.81707692307], [1661.041661538461, 17056.437061538458], [1676.4216769230766, 17041.05704615384], [1691.8016923076918, 17025.677030769224], [1707.1817076923073, 17010.29701538461], [1722.5617230769226, 16994.916999999994], [1737.941738461538, 16979.53698461538], [1768.7017692307688, 16979.53698461538], [1784.081784615384, 16994.916999999994], [1784.081784615384, 17025.677030769224], [1799.4617999999996, 17041.05704615384], [1814.8418153846148, 17056.437061538458], [1830.2218307692303, 17071.81707692307], [1845.6018461538456, 17087.197092307688], [1845.6018461538456, 17117.957123076918], [1860.981861538461, 17133.337138461535], [1876.3618769230764, 17148.717153846148], [1876.3618769230764, 17179.477184615378], [1891.7418923076918, 17194.857199999995], [1907.121907692307, 17210.23721538461], [1907.121907692307, 17240.997246153842], [1907.121907692307, 17271.757276923072], [1922.5019230769226, 17287.13729230769], [1937.8819384615379, 17302.517307692302], [1937.8819384615379, 17333.277338461532], [1937.8819384615379, 17364.037369230766], [1922.5019230769226, 17379.41738461538], [1907.121907692307, 17394.797399999996], [1907.121907692307, 17425.557430769226], [1907.121907692307, 17456.317461538456], [1907.121907692307, 17487.077492307686], [1907.121907692307, 17517.83752307692], [1907.121907692307, 17548.59755384615], [1907.121907692307, 17579.35758461538], [1907.121907692307, 17610.11761538461], [1922.5019230769226, 17625.497630769227], [1937.8819384615379, 17640.87764615384], [1922.5019230769226, 17656.257661538457], [1907.121907692307, 17671.63767692307], [1922.5019230769226, 17687.017692307687], [1937.8819384615379, 17702.397707692304], [1937.8819384615379, 17733.157738461534], [1953.2619538461533, 17748.537753846147], [1968.6419692307688, 17763.917769230764], [1968.6419692307688, 17794.677799999994], [1968.6419692307688, 17825.437830769224], [1984.021984615384, 17840.81784615384], [1999.4019999999996, 17856.197861538458], [1999.4019999999996, 17886.957892307688], [1999.4019999999996, 17917.717923076918], [1999.4019999999996, 17948.477953846148], [1984.021984615384, 17963.857969230765], [1968.6419692307688, 17979.237984615378], [1968.6419692307688, 18009.99801538461], [1968.6419692307688, 18040.758046153842], [1953.2619538461533, 18056.138061538455], [1937.8819384615379, 18071.518076923072], [1953.2619538461533, 18086.89809230769], [1968.6419692307688, 18102.278107692302], [1968.6419692307688, 18133.038138461532], [1968.6419692307688, 18163.798169230766], [1968.6419692307688, 18194.558199999996], [1968.6419692307688, 18225.318230769226], [1984.021984615384, 18240.698246153843], [1999.4019999999996, 18256.078261538456], [1999.4019999999996, 18286.838292307686], [1999.4019999999996, 18317.598323076916], [1999.4019999999996, 18348.35835384615], [1999.4019999999996, 18379.11838461538], [2014.7820153846149, 18394.498399999993], [2030.1620307692303, 18409.87841538461], [2030.1620307692303, 18440.63844615384], [2030.1620307692303, 18471.39847692307], [2030.1620307692303, 18502.158507692304], [2045.5420461538456, 18517.538523076917], [2060.922061538461, 18532.918538461534], [2060.922061538461, 18563.678569230764], [2060.922061538461, 18594.438599999994], [2060.922061538461, 18625.198630769224], [2076.3020769230766, 18640.57864615384], [2091.6820923076916, 18655.958661538458], [2076.3020769230766, 18671.33867692307], [2060.922061538461, 18686.718692307688], [2076.3020769230766, 18702.0987076923], [2091.6820923076916, 18717.478723076918], [2091.6820923076916, 18748.238753846148], [2091.6820923076916, 18778.998784615378], [2091.6820923076916, 18809.75881538461], [2107.062107692307, 18825.138830769225], [2122.4421230769226, 18840.518846153842], [2122.4421230769226, 18871.278876923072], [2122.4421230769226, 18902.038907692302], [2122.4421230769226, 18932.798938461532], [2137.822138461538, 18948.17895384615], [2153.202153846153, 18963.558969230762], [2153.202153846153, 18994.318999999996], [2137.822138461538, 19009.69901538461]]]}, "properties": {"objectType": "annotation", "name": "peri", "classification": {"name": "peri", "color": [25, 158, 112]}, "lesion_id": 0, "section": null, "area_um2": 59750.00000000007, "lesion_ids": [12, 13]}}, {"type": "Feature", "geometry": {"type": "Polygon", "coordinates": [[[3398.983399999999, 19563.379569230765], [3368.2233692307686, 19563.379569230765], [3337.4633384615377, 19563.379569230765], [3322.083323076922, 19547.999553846148], [3322.083323076922, 19517.239523076918], [3322.083323076922, 19486.479492307688], [3322.083323076922, 19455.719461538458], [3306.703307692307, 19440.33944615384], [3291.3232923076916, 19424.959430769224], [3291.3232923076916, 19394.199399999994], [3291.3232923076916, 19363.439369230764], [3291.3232923076916, 19332.679338461534], [3291.3232923076916, 19301.919307692304], [3291.3232923076916, 19271.15927692307], [3291.3232923076916, 19240.39924615384], [3291.3232923076916, 19209.63921538461], [3291.3232923076916, 19178.87918461538], [3306.703307692307, 19163.499169230763], [3322.083323076922, 19148.11915384615], [3322.083323076922, 19117.359123076916], [3322.083323076922, 19086.599092307686], [3337.4633384615377, 19071.219076923073], [3352.843353846153, 19055.839061538456], [3368.2233692307686, 19040.45904615384], [3383.6033846153837, 19025.079030769226], [3383.6033846153837, 18994.318999999996], [3398.983399999999, 18978.93898461538], [3414.3634153846147, 18963.558969230762], [3429.74343076923, 18948.17895384615], [3445.123446153845, 18932.798938461532], [3460.5034615384607, 18917.41892307692], [3475.883476923076, 18902.038907692302], [3491.2634923076916, 18886.65889230769], [3506.6435076923067, 18871.278876923072], [3522.023523076922, 18855.898861538455], [3537.4035384615377, 18840.518846153842], [3552.783553846153, 18825.138830769225], [3583.5435846153837, 18825.138830769225], [3598.923599999999, 18809.75881538461], [3614.3036153846147, 18794.378799999995], [3629.68363076923, 18778.998784615378], [3645.063646153845, 18763.618769230765], [3675.823676923076, 18763.618769230765], [3706.5837076923067, 18763.618769230765], [3721.963723076922, 18748.238753846148], [3737.3437384615377, 18732.858738461535], [3768.103769230768, 18732.858738461535], [3798.863799999999, 18732.858738461535], [3814.2438153846147, 18717.478723076918], [3829.6238307692297, 18702.0987076923], [3860.3838615384607, 18702.0987076923], [3891.143892307691, 18702.0987076923], [3921.903923076922, 18702.0987076923], [3952.663953846153, 18702.0987076923], [3983.4239846153837, 18702.0987076923], [4014.1840153846147, 18702.0987076923], [4044.944046153845, 18702.0987076923], [4060.3240615384607, 18686.718692307688], [4075.704076923076, 18671.33867692307], [4106.464107692307, 18671.33867692307], [4137.224138461538, 18671.33867692307], [4167.984169230769, 18671.33867692307], [4198.744199999999, 18671.33867692307], [4229.50423076923, 18671.33867692307], [4260.264261538461, 18671.33867692307], [4291.024292307692, 18671.33867692307], [4321.784323076922, 18671.33867692307], [4337.164338461538, 18686.718692307688], [4352.544353846153, 18702.0987076923], [4383.304384615384, 18702.0987076923], [4414.064415384615, 18702.0987076923], [4429.44443076923, 18717.478723076918], [4444.824446153845, 18732.858738461535], [4460.204461538461, 18748.238753846148], [4475.584476923076, 18763.618769230765], [4506.344507692307, 18763.618769230765], [4521.724523076922, 18778.998784615378], [4537.104538461538, 18794.378799999995], [4552.484553846153, 18809.75881538461], [4567.864569230768, 18825.138830769225], [4583.244584615384, 18840.518846153842], [4598.624599999999, 18855.898861538455], [4614.004615384615, 18871.278876923072], [4629.38463076923, 18886.65889230769], [4644.764646153845, 18902.038907692302], [4660.144661538461, 18917.41892307692], [4675.524676923076, 18932.798938461532], [4690.904692307692, 18948.17895384615], [4706.284707692307, 18963.558969230762], [4721.664723076922, 18978.93898461538], [4737.044738461538, 18994.318999999996], [4737.044738461538, 19025.079030769226], [4752.424753846153, 19040.45904615384], [4767.804769230768, 19055.839061538456], [4783.184784615384, 19071.219076923073], [4798.564799999999, 19086.599092307686], [4783.184784615384, 19101.979107692303], [4752.424753846153, 19101.979107692303], [4721.664723076922, 19101.979107692303], [4690.904692307692, 19101.979107692303], [4675.524676923076, 19086.599092307686], [4660.144661538461, 19071.219076923073], [4629.38463076923, 19071.219076923073], [4598.624599999999, 19071.219076923073], [4567.864569230768, 19071.219076923073], [4537.104538461538, 19071.219076923073], [4506.344507692307, 19071.219076923073], [4490.964492307692, 19086.599092307686], [4475.584476923076, 19101.979107692303], [4460.204461538461, 19117.359123076916], [4444.824446153845, 19132.739138461533], [4429.44443076923, 19148.11915384615], [4414.064415384615, 19163.499169230763], [4398.684399999999, 19178.87918461538], [4398.684399999999, 19209.63921538461], [4398.684399999999, 19240.39924615384], [4398.684399999999, 19271.15927692307], [4398.684399999999, 19301.919307692304], [4383.304384615384, 19317.299323076917], [4367.924369230769, 19332.679338461534], [4367.924369230769, 19363.439369230764], [4352.544353846153, 19378.81938461538], [4337.164338461538, 19394.199399999994], [4321.784323076922, 19409.57941538461], [4306.404307692307, 19424.959430769224], [4291.024292307692, 19440.33944615384], [4275.644276923076, 19455.719461538458], [4260.264261538461, 19471.09947692307], [4229.50423076923, 19471.09947692307], [4214.124215384615, 19455.719461538458], [4229.50423076923, 19440.33944615384], [4244.884246153845, 19424.959430769224], [4260.264261538461, 19409.57941538461], [4275.644276923076, 19394.199399999994], [4291.024292307692, 19378.81938461538], [4306.404307692307, 19363.439369230764], [4306.404307692307, 19332.679338461534], [4321.784323076922, 19317.299323076917], [4337.164338461538, 19301.919307692304], [4321.784323076922, 19286.539292307687], [4306.404307692307, 19271.15927692307], [4291.024292307692, 19255.779261538457], [4275.644276923076, 19240.39924615384], [4260.264261538461, 19225.019230769227], [4244.884246153845, 19209.63921538461], [4229.50423076923, 19194.259199999993], [4214.124215384615, 19178.87918461538], [4198.744199999999, 19163.499169230763], [4183.364184615384, 19178.87918461538], [4167.984169230769, 19194.259199999993], [4137.224138461538, 19194.259199999993], [4106.464107692307, 19194.259199999993], [4075.704076923076, 19194.259199999993], [4044.944046153845, 19194.259199999993], [4014.1840153846147, 19194.259199999993], [3983.4239846153837, 19194.259199999993], [3952.663953846153, 19194.259199999993], [3937.2839384615377, 19209.63921538461], [3921.903923076922, 19225.019230769227], [3891.143892307691, 19225.019230769227], [3860.3838615384607, 19225.019230769227], [3845.003846153845, 19240.39924615384], [3829.6238307692297, 19255.779261538457], [3814.2438153846147, 19271.15927692307], [3798.863799999999, 19286.539292307687], [3783.4837846153837, 19301.919307692304], [3798.863799999999, 19317.299323076917], [3814.2438153846147, 19332.679338461534], [3814.2438153846147, 19363.439369230764], [3814.2438153846147, 19394.199399999994], [3814.2438153846147, 19424.959430769224], [3829.6238307692297, 19440.33944615384], [3845.003846153845, 19455.719461538458], [3829.6238307692297, 19471.09947692307], [3814.2438153846147, 19486.479492307688], [3814.2438153846147, 19517.239523076918], [3798.863799999999, 19532.619538461535], [3768.103769230768, 19532.619538461535], [3752.723753846153, 19517.239523076918], [3737.3437384615377, 19501.8595076923], [3721.963723076922, 19486.479492307688], [3706.5837076923067, 19471.09947692307], [3675.823676923076, 19471.09947692307], [3660.4436615384607, 19455.719461538458], [3645.063646153845, 19440.33944615384], [3614.3036153846147, 19440.33944615384], [3583.5435846153837, 19440.33944615384], [3568.163569230768, 19455.719461538458], [3552.783553846153, 19471.09947692307], [3522.023523076922, 19471.09947692307], [3506.6435076923067, 19486.479492307688], [3491.2634923076916, 19501.8595076923], [3460.5034615384607, 19501.8595076923], [3445.123446153845, 19517.239523076918], [3429.74343076923, 19532.619538461535], [3414.3634153846147, 19547.999553846148], [3398.983399999999, 19563.379569230765]]]}, "properties": {"objectType": "annotation", "name": "P2_3_C|peri_14", "classification": {"name": "peri", "color": [25, 158, 112]}, "lesion_id": 14, "section": "P2_3_C", "area_um2": 78250.00000000004, "lesion_ids": [14]}}, {"type": "Feature", "geometry": {"type": "Polygon", "coordinates": [[[3921.903923076922, 20024.780030769227], [3891.143892307691, 20024.780030769227], [3860.3838615384607, 20024.780030769227], [3845.003846153845, 20009.40001538461], [3829.6238307692297, 19994.019999999993], [3798.863799999999, 19994.019999999993], [3768.103769230768, 19994.019999999993], [3752.723753846153, 19978.63998461538], [3768.103769230768, 19963.259969230763], [3798.863799999999, 19963.259969230763], [3814.2438153846147, 19947.87995384615], [3829.6238307692297, 19932.499938461533], [3860.3838615384607, 19932.499938461533], [3891.143892307691, 19932.499938461533], [3906.5239076923067, 19917.119923076916], [3891.143892307691, 19901.739907692303], [3860.3838615384607, 19901.739907692303], [3829.6238307692297, 19901.739907692303], [3798.863799999999, 19901.739907692303], [3768.103769230768, 19901.739907692303], [3737.3437384615377, 19901.739907692303], [3721.963723076922, 19886.359892307686], [3706.5837076923067, 19870.979876923073], [3675.823676923076, 19870.979876923073], [3645.063646153845, 19870.979876923073], [3629.68363076923, 19855.599861538456], [3614.3036153846147, 19840.21984615384], [3583.5435846153837, 19840.21984615384], [3552.783553846153, 19840.21984615384], [3537.4035384615377, 19855.599861538456], [3522.023523076922, 19870.979876923073], [3506.6435076923067, 19855.599861538456], [3491.2634923076916, 19840.21984615384], [3475.883476923076, 19824.839830769226], [3460.5034615384607, 19809.45981538461], [3445.123446153845, 19794.079799999996], [3445.123446153845, 19763.319769230762], [3429.74343076923, 19747.93975384615], [3414.3634153846147, 19732.559738461532], [3414.3634153846147, 19701.799707692302], [3398.983399999999, 19686.419692307685], [3383.6033846153837, 19671.039676923072], [3383.6033846153837, 19640.279646153842], [3398.983399999999, 19624.899630769225], [3429.74343076923, 19624.899630769225], [3445.123446153845, 19609.51961538461], [3460.5034615384607, 19594.139599999995], [3475.883476923076, 19578.759584615378], [3491.2634923076916, 19563.379569230765], [3522.023523076922, 19563.379569230765], [3552.783553846153, 19563.379569230765], [3568.163569230768, 19547.999553846148], [3583.5435846153837, 19532.619538461535], [3614.3036153846147, 19532.619538461535], [3645.063646153845, 19532.619538461535], [3675.823676923076, 19532.619538461535], [3691.2036923076917, 19547.999553846148], [3706.5837076923067, 19563.379569230765], [3721.963723076922, 19578.759584615378], [3737.3437384615377, 19594.139599999995], [3752.723753846153, 19609.51961538461], [3768.103769230768, 19624.899630769225], [3798.863799999999, 19624.899630769225], [3829.6238307692297, 19624.899630769225], [3860.3838615384607, 19624.899630769225], [3891.143892307691, 19624.899630769225], [3921.903923076922, 19624.899630769225], [3952.663953846153, 19624.899630769225], [3968.043969230768, 19609.51961538461], [3983.4239846153837, 19594.139599999995], [3998.803999999999, 19609.51961538461], [4014.1840153846147, 19624.899630769225], [4029.5640307692297, 19609.51961538461], [4044.944046153845, 19594.139599999995], [4060.3240615384607, 19609.51961538461], [4075.704076923076, 19624.899630769225], [4091.0840923076917, 19609.51961538461], [4106.464107692307, 19594.139599999995], [4137.224138461538, 19594.139599999995], [4167.984169230769, 19594.139599999995], [4183.364184615384, 19578.759584615378], [4198.744199999999, 19563.379569230765], [4229.50423076923, 19563.379569230765], [4244.884246153845, 19547.999553846148], [4260.264261538461, 19532.619538461535], [4291.024292307692, 19532.619538461535], [4306.404307692307, 19517.239523076918], [4321.784323076922, 19501.8595076923], [4337.164338461538, 19486.479492307688], [4352.544353846153, 19471.09947692307], [4367.924369230769, 19455.719461538458], [4383.304384615384, 19440.33944615384], [4414.064415384615, 19440.33944615384], [4429.44443076923, 19424.959430769224], [4444.824446153845, 19409.57941538461], [4460.204461538461, 19394.199399999994], [4460.204461538461, 19363.439369230764], [4475.584476923076, 19348.059353846147], [4490.964492307692, 19332.679338461534], [4490.964492307692, 19301.919307692304], [4475.584476923076, 19286.539292307687], [4460.204461538461, 19271.15927692307], [4460.204461538461, 19240.39924615384], [4475.584476923076, 19225.019230769227], [4490.964492307692, 19209.63921538461], [4506.344507692307, 19194.259199999993], [4521.724523076922, 19178.87918461538], [4537.104538461538, 19163.499169230763], [4552.484553846153, 19148.11915384615], [4567.864569230768, 19132.739138461533], [4598.624599999999, 19132.739138461533], [4614.004615384615, 19148.11915384615], [4629.38463076923, 19163.499169230763], [4660.144661538461, 19163.499169230763], [4690.904692307692, 19163.499169230763], [4721.664723076922, 19163.499169230763], [4752.424753846153, 19163.499169230763], [4767.804769230768, 19178.87918461538], [4767.804769230768, 19209.63921538461], [4767.804769230768, 19240.39924615384], [4767.804769230768, 19271.15927692307], [4783.184784615384, 19286.539292307687], [4798.564799999999, 19301.919307692304], [4783.184784615384, 19317.299323076917], [4767.804769230768, 19332.679338461534], [4767.804769230768, 19363.439369230764], [4767.804769230768, 19394.199399999994], [4752.424753846153, 19409.57941538461], [4721.664723076922, 19409.57941538461], [4706.284707692307, 19424.959430769224], [4706.284707692307, 19455.719461538458], [4690.904692307692, 19471.09947692307], [4675.524676923076, 19486.479492307688], [4675.524676923076, 19517.239523076918], [4660.144661538461, 19532.619538461535], [4644.764646153845, 19547.999553846148], [4660.144661538461, 19563.379569230765], [4690.904692307692, 19563.379569230765], [4706.284707692307, 19578.759584615378], [4690.904692307692, 19594.139599999995], [4675.524676923076, 19609.51961538461], [4675.524676923076, 19640.279646153842], [4660.144661538461, 19655.659661538455], [4644.764646153845, 19671.039676923072], [4629.38463076923, 19686.419692307685], [4614.004615384615, 19701.799707692302], [4598.624599999999, 19717.17972307692], [4583.244584615384, 19732.559738461532], [4567.864569230768, 19747.93975384615], [4552.484553846153, 19763.319769230762], [4537.104538461538, 19778.69978461538], [4521.724523076922, 19794.079799999996], [4506.344507692307, 19809.45981538461], [4490.964492307692, 19824.839830769226], [4475.584476923076, 19840.21984615384], [4444.824446153845, 19840.21984615384], [4429.44443076923, 19855.599861538456], [4414.064415384615, 19870.979876923073], [4398.684399999999, 19886.359892307686], [4383.304384615384, 19901.739907692303], [4352.544353846153, 19901.739907692303], [4337.164338461538, 19917.119923076916], [4321.784323076922, 19932.499938461533], [4291.024292307692, 19932.499938461533], [4275.644276923076, 19947.87995384615], [4260.264261538461, 19963.259969230763], [4229.50423076923, 19963.259969230763], [4198.744199999999, 19963.259969230763], [4167.984169230769, 19963.259969230763], [4137.224138461538, 19963.259969230763], [4121.844123076922, 19978.63998461538], [4106.464107692307, 19994.019999999993], [4075.704076923076, 19994.019999999993], [4044.944046153845, 19994.019999999993], [4014.1840153846147, 19994.019999999993], [3983.4239846153837, 19994.019999999993], [3952.663953846153, 19994.019999999993], [3937.2839384615377, 20009.40001538461], [3921.903923076922, 20024.780030769227]]]}, "properties": {"objectType": "annotation", "name": "P2_3_C|peri_14", "classification": {"name": "peri", "color": [25, 158, 112]}, "lesion_id": 14, "section": "P2_3_C", "area_um2": 55049.99999999998, "lesion_ids": [14]}}, {"type": "Feature", "geometry": {"type": "Polygon", "coordinates": [[[8136.028138461537, 21408.98141538461], [8105.268107692306, 21408.98141538461], [8074.508076923075, 21408.98141538461], [8043.748046153845, 21408.98141538461], [8012.988015384614, 21408.98141538461], [7982.227984615383, 21408.98141538461], [7951.467953846152, 21408.98141538461], [7920.707923076922, 21408.98141538461], [7905.327907692306, 21393.601399999996], [7889.947892307691, 21378.22138461538], [7859.18786153846, 21378.22138461538], [7828.427830769229, 21378.22138461538], [7813.047815384614, 21362.841369230762], [7797.667799999998, 21347.46135384615], [7766.907769230768, 21347.46135384615], [7736.147738461537, 21347.46135384615], [7720.767723076922, 21332.081338461532], [7705.387707692306, 21316.70132307692], [7690.007692307691, 21301.321307692302], [7705.387707692306, 21285.941292307685], [7720.767723076922, 21270.561276923072], [7720.767723076922, 21239.801246153842], [7720.767723076922, 21209.04121538461], [7720.767723076922, 21178.281184615378], [7720.767723076922, 21147.521153846148], [7720.767723076922, 21116.761123076918], [7705.387707692306, 21101.3811076923], [7690.007692307691, 21086.001092307688], [7705.387707692306, 21070.62107692307], [7720.767723076922, 21055.241061538454], [7736.147738461537, 21039.86104615384], [7751.527753846152, 21024.481030769224], [7751.527753846152, 20993.720999999994], [7751.527753846152, 20962.960969230764], [7766.907769230768, 20947.580953846147], [7782.287784615383, 20932.200938461534], [7782.287784615383, 20901.4409076923], [7782.287784615383, 20870.68087692307], [7782.287784615383, 20839.92084615384], [7782.287784615383, 20809.16081538461], [7766.907769230768, 20793.780799999993], [7736.147738461537, 20793.780799999993], [7720.767723076922, 20809.16081538461], [7720.767723076922, 20839.92084615384], [7705.387707692306, 20855.300861538457], [7690.007692307691, 20839.92084615384], [7674.627676923075, 20824.540830769227], [7659.24766153846, 20839.92084615384], [7674.627676923075, 20855.300861538457], [7690.007692307691, 20870.68087692307], [7690.007692307691, 20901.4409076923], [7690.007692307691, 20932.200938461534], [7690.007692307691, 20962.960969230764], [7690.007692307691, 20993.720999999994], [7674.627676923075, 21009.10101538461], [7659.24766153846, 20993.720999999994], [7643.867646153845, 20978.340984615377], [7613.107615384614, 20978.340984615377], [7597.727599999999, 20962.960969230764], [7597.727599999999, 20932.200938461534], [7597.727599999999, 20901.4409076923], [7613.107615384614, 20886.060892307687], [7628.487630769229, 20870.68087692307], [7628.487630769229, 20839.92084615384], [7628.487630769229, 20809.16081538461], [7643.867646153845, 20793.780799999993], [7659.24766153846, 20778.40078461538], [7674.627676923075, 20763.020769230763], [7690.007692307691, 20747.64075384615], [7690.007692307691, 20716.880723076916], [7690.007692307691, 20686.120692307686], [7690.007692307691, 20655.360661538456], [7690.007692307691, 20624.600630769226], [7690.007692307691, 20593.840599999996], [7690.007692307691, 20563.080569230762], [7690.007692307691, 20532.320538461532], [7690.007692307691, 20501.560507692302], [7690.007692307691, 20470.800476923072], [7690.007692307691, 20440.040446153842], [7690.007692307691, 20409.28041538461], [7674.627676923075, 20393.900399999995], [7659.24766153846, 20378.520384615378], [7659.24766153846, 20347.760353846148], [7643.867646153845, 20332.38033846153], [7613.107615384614, 20332.38033846153], [7597.727599999999, 20317.000323076918], [7613.107615384614, 20301.6203076923], [7628.487630769229, 20286.240292307688], [7643.867646153845, 20270.86027692307], [7659.24766153846, 20255.480261538454], [7674.627676923075, 20240.10024615384], [7705.387707692306, 20240.10024615384], [7720.767723076922, 20224.720230769224], [7736.147738461537, 20209.34021538461], [7766.907769230768, 20209.34021538461], [7782.287784615383, 20193.960199999994], [7797.667799999998, 20178.58018461538], [7828.427830769229, 20178.58018461538], [7843.807846153845, 20163.200169230764], [7843.807846153845, 20132.440138461534], [7843.807846153845, 20101.680107692304], [7843.807846153845, 20070.92007692307], [7859.18786153846, 20055.540061538457], [7874.567876923075, 20040.16004615384], [7859.18786153846, 20024.780030769227], [7843.807846153845, 20009.40001538461], [7859.18786153846, 19994.019999999993], [7874.567876923075, 19978.63998461538], [7874.567876923075, 19947.87995384615], [7874.567876923075, 19917.119923076916], [7874.567876923075, 19886.359892307686], [7889.947892307691, 19870.979876923073], [7905.327907692306, 19855.599861538456], [7920.707923076922, 19840.21984615384], [7951.467953846152, 19840.21984615384], [7966.847969230768, 19824.839830769226], [7966.847969230768, 19794.079799999996], [7982.227984615383, 19778.69978461538], [7997.607999999998, 19763.319769230762], [7997.607999999998, 19732.559738461532], [8012.988015384614, 19717.17972307692], [8028.368030769229, 19701.799707692302], [8028.368030769229, 19671.039676923072], [8043.748046153845, 19655.659661538455], [8059.12806153846, 19640.279646153842], [8074.508076923075, 19624.899630769225], [8089.888092307691, 19609.51961538461], [8105.268107692306, 19594.139599999995], [8120.648123076921, 19578.759584615378], [8136.028138461537, 19563.379569230765], [8151.408153846152, 19547.999553846148], [8166.788169230768, 19532.619538461535], [8182.168184615382, 19517.239523076918], [8197.5482, 19501.8595076923], [8228.30823076923, 19501.8595076923], [8243.688246153844, 19486.479492307688], [8259.06826153846, 19471.09947692307], [8289.828292307691, 19471.09947692307], [8305.208307692306, 19455.719461538458], [8320.588323076921, 19440.33944615384], [8351.348353846153, 19440.33944615384], [8366.728369230768, 19424.959430769224], [8382.108384615383, 19409.57941538461], [8412.868415384613, 19409.57941538461], [8428.24843076923, 19394.199399999994], [8443.628446153845, 19378.81938461538], [8474.388476923075, 19378.81938461538], [8489.76849230769, 19363.439369230764], [8505.148507692305, 19348.059353846147], [8535.908538461537, 19348.059353846147], [8551.288553846152, 19332.679338461534], [8566.668569230767, 19317.299323076917], [8597.4286, 19317.299323076917], [8612.808615384614, 19301.919307692304], [8628.18863076923, 19286.539292307687], [8658.94866153846, 19286.539292307687], [8689.708692307691, 19286.539292307687], [8720.468723076921, 19286.539292307687], [8735.848738461536, 19271.15927692307], [8751.228753846153, 19255.779261538457], [8766.608769230768, 19271.15927692307], [8781.988784615383, 19286.539292307687], [8812.748815384613, 19286.539292307687], [8828.128830769228, 19301.919307692304], [8843.508846153845, 19317.299323076917], [8874.268876923075, 19317.299323076917], [8889.64889230769, 19332.679338461534], [8905.028907692305, 19348.059353846147], [8920.408923076922, 19363.439369230764], [8935.788938461537, 19378.81938461538], [8951.168953846152, 19394.199399999994], [8966.548969230767, 19409.57941538461], [8981.928984615382, 19424.959430769224], [8981.928984615382, 19455.719461538458], [8966.548969230767, 19471.09947692307], [8935.788938461537, 19471.09947692307], [8905.028907692305, 19471.09947692307], [8889.64889230769, 19486.479492307688], [8874.268876923075, 19501.8595076923], [8858.88886153846, 19486.479492307688], [8843.508846153845, 19471.09947692307], [8828.128830769228, 19486.479492307688], [8812.748815384613, 19501.8595076923], [8781.988784615383, 19501.8595076923], [8766.608769230768, 19517.239523076918], [8751.228753846153, 19532.619538461535], [8720.468723076921, 19532.619538461535], [8689.708692307691, 19532.619538461535], [8674.328676923076, 19547.999553846148], [8658.94866153846, 19563.379569230765], [8643.568646153844, 19578.759584615378], [8628.18863076923, 19594.139599999995], [8612.808615384614, 19609.51961538461], [8597.4286, 19624.899630769225], [8566.668569230767, 19624.899630769225], [8535.908538461537, 19624.899630769225], [8520.528523076922, 19640.279646153842], [8505.148507692305, 19655.659661538455], [8474.388476923075, 19655.659661538455], [8443.628446153845, 19655.659661538455], [8428.24843076923, 19671.039676923072], [8412.868415384613, 19686.419692307685], [8397.488399999998, 19701.799707692302], [8382.108384615383, 19717.17972307692], [8351.348353846153, 19717.17972307692], [8335.968338461536, 19732.559738461532], [8320.588323076921, 19747.93975384615], [8289.828292307691, 19747.93975384615], [8274.448276923076, 19763.319769230762], [8274.448276923076, 19794.079799999996], [8274.448276923076, 19824.839830769226], [8274.448276923076, 19855.599861538456], [8259.06826153846, 19870.979876923073], [8243.688246153844, 19886.359892307686], [8243.688246153844, 19917.119923076916], [8259.06826153846, 19932.499938461533], [8274.448276923076, 19917.119923076916], [8274.448276923076, 19886.359892307686], [8289.828292307691, 19870.979876923073], [8305.208307692306, 19855.599861538456], [8320.588323076921, 19840.21984615384], [8335.968338461536, 19824.839830769226], [8351.348353846153, 19809.45981538461], [8366.728369230768, 19794.079799999996], [8382.108384615383, 19778.69978461538], [8412.868415384613, 19778.69978461538], [8428.24843076923, 19794.079799999996], [8412.868415384613, 19809.45981538461], [8397.488399999998, 19824.839830769226], [8382.108384615383, 19840.21984615384], [8366.728369230768, 19855.599861538456], [8366.728369230768, 19886.359892307686], [8351.348353846153, 19901.739907692303], [8335.968338461536, 19917.119923076916], [8335.968338461536, 19947.87995384615], [8335.968338461536, 19978.63998461538], [8320.588323076921, 19994.019999999993], [8305.208307692306, 20009.40001538461], [8320.588323076921, 20024.780030769227], [8335.968338461536, 20040.16004615384], [8320.588323076921, 20055.540061538457], [8305.208307692306, 20070.92007692307], [8305.208307692306, 20101.680107692304], [8305.208307692306, 20132.440138461534], [8320.588323076921, 20147.820153846147], [8335.968338461536, 20163.200169230764], [8335.968338461536, 20193.960199999994], [8335.968338461536, 20224.720230769224], [8351.348353846153, 20240.10024615384], [8366.728369230768, 20255.480261538454], [8382.108384615383, 20270.86027692307], [8397.488399999998, 20286.240292307688], [8412.868415384613, 20301.6203076923], [8428.24843076923, 20317.000323076918], [8443.628446153845, 20332.38033846153], [8459.00846153846, 20347.760353846148], [8474.388476923075, 20363.140369230765], [8505.148507692305, 20363.140369230765], [8535.908538461537, 20363.140369230765], [8551.288553846152, 20347.760353846148], [8566.668569230767, 20332.38033846153], [8582.048584615382, 20317.000323076918], [8597.4286, 20301.6203076923], [8612.808615384614, 20286.240292307688], [8628.18863076923, 20270.86027692307], [8643.568646153844, 20255.480261538454], [8643.568646153844, 20224.720230769224], [8658.94866153846, 20209.34021538461], [8674.328676923076, 20193.960199999994], [8674.328676923076, 20163.200169230764], [8674.328676923076, 20132.440138461534], [8674.328676923076, 20101.680107692304], [8674.328676923076, 20070.92007692307], [8674.328676923076, 20040.16004615384], [8658.94866153846, 20024.780030769227], [8643.568646153844, 20009.40001538461], [8643.568646153844, 19978.63998461538], [8643.568646153844, 19947.87995384615], [8643.568646153844, 19917.119923076916], [8643.568646153844, 19886.359892307686], [8643.568646153844, 19855.599861538456], [8643.568646153844, 19824.839830769226], [8643.568646153844, 19794.079799999996], [8658.94866153846, 19778.69978461538], [8674.328676923076, 19763.319769230762], [8658.94866153846, 19747.93975384615], [8643.568646153844, 19732.559738461532], [8628.18863076923, 19717.17972307692], [8612.808615384614, 19701.799707692302], [8628.18863076923, 19686.419692307685], [8658.94866153846, 19686.419692307685], [8674.328676923076, 19671.039676923072], [8674.328676923076, 19640.279646153842], [8689.708692307691, 19624.899630769225], [8705.088707692306, 19609.51961538461], [8720.468723076921, 19594.139599999995], [8751.228753846153, 19594.139599999995], [8781.988784615383, 19594.139599999995], [8797.368799999998, 19578.759584615378], [8812.748815384613, 19563.379569230765], [8843.508846153845, 19563.379569230765], [8874.268876923075, 19563.379569230765], [8905.028907692305, 19563.379569230765], [8920.408923076922, 19547.999553846148], [8935.788938461537, 19532.619538461535], [8966.548969230767, 19532.619538461535], [8997.309, 19532.619538461535], [9028.06903076923, 19532.619538461535], [9043.449046153844, 19547.999553846148], [9043.449046153844, 19578.759584615378], [9058.82906153846, 19594.139599999995], [9074.209076923076, 19609.51961538461], [9074.209076923076, 19640.279646153842], [9074.209076923076, 19671.039676923072], [9089.589092307691, 19686.419692307685], [9104.969107692306, 19701.799707692302], [9104.969107692306, 19732.559738461532], [9104.969107692306, 19763.319769230762], [9104.969107692306, 19794.079799999996], [9104.969107692306, 19824.839830769226], [9089.589092307691, 19840.21984615384], [9074.209076923076, 19855.599861538456], [9074.209076923076, 19886.359892307686], [9074.209076923076, 19917.119923076916], [9074.209076923076, 19947.87995384615], [9089.589092307691, 19963.259969230763], [9104.969107692306, 19978.63998461538], [9104.969107692306, 20009.40001538461], [9104.969107692306, 20040.16004615384], [9104.969107692306, 20070.92007692307], [9104.969107692306, 20101.680107692304], [9104.969107692306, 20132.440138461534], [9104.969107692306, 20163.200169230764], [9104.969107692306, 20193.960199999994], [9104.969107692306, 20224.720230769224], [9104.969107692306, 20255.480261538454], [9089.589092307691, 20270.86027692307], [9074.209076923076, 20286.240292307688], [9074.209076923076, 20317.000323076918], [9074.209076923076, 20347.760353846148], [9058.82906153846, 20363.140369230765], [9043.449046153844, 20378.520384615378], [9043.449046153844, 20409.28041538461], [9028.06903076923, 20424.660430769225], [9012.689015384614, 20440.040446153842], [9012.689015384614, 20470.800476923072], [8997.309, 20486.180492307685], [8981.928984615382, 20501.560507692302], [8966.548969230767, 20516.94052307692], [8951.168953846152, 20532.320538461532], [8951.168953846152, 20563.080569230762], [8935.788938461537, 20578.46058461538], [8920.408923076922, 20593.840599999996], [8905.028907692305, 20609.22061538461], [8889.64889230769, 20624.600630769226], [8874.268876923075, 20639.98064615384], [8858.88886153846, 20655.360661538456], [8843.508846153845, 20670.740676923073], [8812.748815384613, 20670.740676923073], [8797.368799999998, 20686.120692307686], [8781.988784615383, 20701.500707692303], [8766.608769230768, 20716.880723076916], [8751.228753846153, 20732.260738461533], [8720.468723076921, 20732.260738461533], [8705.088707692306, 20747.64075384615], [8689.708692307691, 20763.020769230763], [8674.328676923076, 20778.40078461538], [8674.328676923076, 20809.16081538461], [8674.328676923076, 20839.92084615384], [8658.94866153846, 20855.300861538457], [8643.568646153844, 20870.68087692307], [8643.568646153844, 20901.4409076923], [8628.18863076923, 20916.820923076917], [8612.808615384614, 20932.200938461534], [8612.808615384614, 20962.960969230764], [8597.4286, 20978.340984615377], [8582.048584615382, 20993.720999999994], [8582.048584615382, 21024.481030769224], [8566.668569230767, 21039.86104615384], [8551.288553846152, 21055.241061538454], [8551.288553846152, 21086.001092307688], [8535.908538461537, 21101.3811076923], [8520.528523076922, 21116.761123076918], [8505.148507692305, 21132.14113846153], [8489.76849230769, 21147.521153846148], [8489.76849230769, 21178.281184615378], [8474.388476923075, 21193.661199999995], [8459.00846153846, 21209.04121538461], [8443.628446153845, 21224.421230769225], [8428.24843076923, 21239.801246153842], [8412.868415384613, 21255.181261538455], [8397.488399999998, 21270.561276923072], [8382.108384615383, 21285.941292307685], [8351.348353846153, 21285.941292307685], [8335.968338461536, 21301.321307692302], [8320.588323076921, 21316.70132307692], [8305.208307692306, 21332.081338461532], [8289.828292307691, 21347.46135384615], [8259.06826153846, 21347.46135384615], [8243.688246153844, 21362.841369230762], [8228.30823076923, 21378.22138461538], [8197.5482, 21378.22138461538], [8166.788169230768, 21378.22138461538], [8151.408153846152, 21393.601399999996], [8136.028138461537, 21408.98141538461]], [[8089.888092307691, 20962.960969230764], [8105.268107692306, 20947.580953846147], [8120.648123076921, 20932.200938461534], [8136.028138461537, 20916.820923076917], [8151.408153846152, 20901.4409076923], [8166.788169230768, 20886.060892307687], [8182.168184615382, 20870.68087692307], [8182.168184615382, 20839.92084615384], [8182.168184615382, 20809.16081538461], [8197.5482, 20793.780799999993], [8212.928215384614, 20778.40078461538], [8228.30823076923, 20763.020769230763], [8243.688246153844, 20747.64075384615], [8243.688246153844, 20716.880723076916], [8259.06826153846, 20701.500707692303], [8274.448276923076, 20686.120692307686], [8274.448276923076, 20655.360661538456], [8259.06826153846, 20639.98064615384], [8243.688246153844, 20624.600630769226], [8228.30823076923, 20609.22061538461], [8212.928215384614, 20593.840599999996], [8197.5482, 20578.46058461538], [8166.788169230768, 20578.46058461538], [8136.028138461537, 20578.46058461538], [8120.648123076921, 20563.080569230762], [8105.268107692306, 20547.70055384615], [8074.508076923075, 20547.70055384615], [8059.12806153846, 20563.080569230762], [8043.748046153845, 20578.46058461538], [8012.988015384614, 20578.46058461538], [7997.607999999998, 20593.840599999996], [7982.227984615383, 20609.22061538461], [7951.467953846152, 20609.22061538461], [7936.087938461537, 20624.600630769226], [7920.707923076922, 20639.98064615384], [7905.327907692306, 20655.360661538456], [7889.947892307691, 20670.740676923073], [7874.567876923075, 20655.360661538456], [7874.567876923075, 20624.600630769226], [7874.567876923075, 20593.840599999996], [7889.947892307691, 20578.46058461538], [7905.327907692306, 20563.080569230762], [7920.707923076922, 20547.70055384615], [7936.087938461537, 20532.320538461532], [7951.467953846152, 20516.94052307692], [7966.847969230768, 20501.560507692302], [7982.227984615383, 20486.180492307685], [7997.607999999998, 20470.800476923072], [7997.607999999998, 20440.040446153842], [7997.607999999998, 20409.28041538461], [7997.607999999998, 20378.520384615378], [7997.607999999998, 20347.760353846148], [7997.607999999998, 20317.000323076918], [8012.988015384614, 20301.6203076923], [8028.368030769229, 20286.240292307688], [8043.748046153845, 20270.86027692307], [8059.12806153846, 20255.480261538454], [8074.508076923075, 20240.10024615384], [8089.888092307691, 20224.720230769224], [8105.268107692306, 20209.34021538461], [8136.028138461537, 20209.34021538461], [8151.408153846152, 20193.960199999994], [8166.788169230768, 20178.58018461538], [8182.168184615382, 20163.200169230764], [8182.168184615382, 20132.440138461534], [8182.168184615382, 20101.680107692304], [8197.5482, 20086.300092307687], [8212.928215384614, 20070.92007692307], [8212.928215384614, 20040.16004615384], [8228.30823076923, 20024.780030769227], [8243.688246153844, 20009.40001538461], [8243.688246153844, 19978.63998461538], [8228.30823076923, 19963.259969230763], [8212.928215384614, 19978.63998461538], [8197.5482, 19994.019999999993], [8182.168184615382, 20009.40001538461], [8166.788169230768, 20024.780030769227], [8151.408153846152, 20040.16004615384], [8136.028138461537, 20055.540061538457], [8120.648123076921, 20070.92007692307], [8105.268107692306, 20086.300092307687], [8074.508076923075, 20086.300092307687], [8043.748046153845, 20086.300092307687], [8028.368030769229, 20101.680107692304], [8012.988015384614, 20117.060123076917], [7997.607999999998, 20132.440138461534], [7982.227984615383, 20147.820153846147], [7966.847969230768, 20163.200169230764], [7951.467953846152, 20178.58018461538], [7920.707923076922, 20178.58018461538], [7905.327907692306, 20193.960199999994], [7905.327907692306, 20224.720230769224], [7905.327907692306, 20255.480261538454], [7889.947892307691, 20270.86027692307], [7874.567876923075, 20286.240292307688], [7874.567876923075, 20317.000323076918], [7874.567876923075, 20347.760353846148], [7874.567876923075, 20378.520384615378], [7874.567876923075, 20409.28041538461], [7874.567876923075, 20440.040446153842], [7874.567876923075, 20470.800476923072], [7859.18786153846, 20486.180492307685], [7843.807846153845, 20501.560507692302], [7843.807846153845, 20532.320538461532], [7843.807846153845, 20563.080569230762], [7828.427830769229, 20578.46058461538], [7813.047815384614, 20593.840599999996], [7813.047815384614, 20624.600630769226], [7813.047815384614, 20655.360661538456], [7813.047815384614, 20686.120692307686], [7828.427830769229, 20701.500707692303], [7843.807846153845, 20716.880723076916], [7843.807846153845, 20747.64075384615], [7828.427830769229, 20763.020769230763], [7813.047815384614, 20747.64075384615], [7797.667799999998, 20732.260738461533], [7782.287784615383, 20747.64075384615], [7797.667799999998, 20763.020769230763], [7813.047815384614, 20778.40078461538], [7813.047815384614, 20809.16081538461], [7813.047815384614, 20839.92084615384], [7813.047815384614, 20870.68087692307], [7828.427830769229, 20886.060892307687], [7843.807846153845, 20901.4409076923], [7859.18786153846, 20916.820923076917], [7874.567876923075, 20932.200938461534], [7889.947892307691, 20947.580953846147], [7920.707923076922, 20947.580953846147], [7951.467953846152, 20947.580953846147], [7966.847969230768, 20962.960969230764], [7982.227984615383, 20978.340984615377], [8012.988015384614, 20978.340984615377], [8043.748046153845, 20978.340984615377], [8074.508076923075, 20978.340984615377], [8089.888092307691, 20962.960969230764]]]}, "properties": {"objectType": "annotation", "name": "P2_3_L|peri", "classification": {"name": "peri", "color": [25, 158, 112]}, "lesion_id": 0, "section": "P2_3_L", "area_um2": 176400.0, "lesion_ids": [15, 16]}}, {"type": "Feature", "geometry": {"type": "Polygon", "coordinates": [[[12319.392323076921, 23100.783107692303], [12288.63229230769, 23100.783107692303], [12257.87226153846, 23100.783107692303], [12227.11223076923, 23100.783107692303], [12196.352199999998, 23100.783107692303], [12165.592169230767, 23100.783107692303], [12150.212153846152, 23085.403092307686], [12134.832138461536, 23070.02307692307], [12104.072107692306, 23070.02307692307], [12073.312076923075, 23070.02307692307], [12057.932061538459, 23054.643061538456], [12042.552046153844, 23039.26304615384], [12011.792015384613, 23039.26304615384], [11996.411999999998, 23023.883030769226], [11981.031984615383, 23008.50301538461], [11965.651969230767, 22993.122999999992], [11950.271953846152, 22977.74298461538], [11919.511923076921, 22977.74298461538], [11904.131907692306, 22962.362969230762], [11888.75189230769, 22946.98295384615], [11873.371876923075, 22931.602938461532], [11857.99186153846, 22916.222923076915], [11842.611846153844, 22900.842907692302], [11842.611846153844, 22870.082876923072], [11827.23183076923, 22854.702861538455], [11811.851815384613, 22839.32284615384], [11796.471799999998, 22823.942830769225], [11781.091784615382, 22808.56281538461], [11781.091784615382, 22777.80278461538], [11765.711769230767, 22762.422769230765], [11750.331753846152, 22747.042753846148], [11750.331753846152, 22716.282723076918], [11734.951738461536, 22700.9027076923], [11719.57172307692, 22685.522692307688], [11719.57172307692, 22654.762661538454], [11719.57172307692, 22624.002630769224], [11704.191707692305, 22608.62261538461], [11688.81169230769, 22593.242599999994], [11688.81169230769, 22562.482569230764], [11688.81169230769, 22531.722538461534], [11688.81169230769, 22500.9625076923], [11673.431676923075, 22485.582492307687], [11658.05166153846, 22470.20247692307], [11658.05166153846, 22439.44244615384], [11658.05166153846, 22408.68241538461], [11658.05166153846, 22377.92238461538], [11658.05166153846, 22347.162353846146], [11658.05166153846, 22316.402323076916], [11658.05166153846, 22285.642292307686], [11658.05166153846, 22254.882261538456], [11658.05166153846, 22224.122230769226], [11658.05166153846, 22193.362199999992], [11642.671646153844, 22177.98218461538], [11627.291630769229, 22162.602169230762], [11627.291630769229, 22131.842138461532], [11627.291630769229, 22101.082107692302], [11627.291630769229, 22070.322076923072], [11627.291630769229, 22039.562046153842], [11627.291630769229, 22008.80201538461], [11627.291630769229, 21978.041984615378], [11627.291630769229, 21947.281953846148], [11627.291630769229, 21916.521923076918], [11627.291630769229, 21885.761892307688], [11642.671646153844, 21870.38187692307], [11658.05166153846, 21855.001861538454], [11658.05166153846, 21824.241830769224], [11658.05166153846, 21793.481799999994], [11658.05166153846, 21762.721769230764], [11673.431676923075, 21747.341753846147], [11688.81169230769, 21731.961738461534], [11688.81169230769, 21701.2017076923], [11688.81169230769, 21670.44167692307], [11688.81169230769, 21639.68164615384], [11704.191707692305, 21624.301630769223], [11719.57172307692, 21608.92161538461], [11719.57172307692, 21578.16158461538], [11719.57172307692, 21547.401553846146], [11734.951738461536, 21532.021538461533], [11750.331753846152, 21516.641523076916], [11750.331753846152, 21485.881492307686], [11765.711769230767, 21470.501476923073], [11781.091784615382, 21455.121461538456], [11781.091784615382, 21424.361430769226], [11796.471799999998, 21408.98141538461], [11811.851815384613, 21393.601399999996], [11811.851815384613, 21362.841369230762], [11827.23183076923, 21347.46135384615], [11842.611846153844, 21332.081338461532], [11857.99186153846, 21316.70132307692], [11873.371876923075, 21301.321307692302], [11873.371876923075, 21270.561276923072], [11857.99186153846, 21255.181261538455], [11842.611846153844, 21239.801246153842], [11827.23183076923, 21224.421230769225], [11811.851815384613, 21209.04121538461], [11796.471799999998, 21193.661199999995], [11781.091784615382, 21178.281184615378], [11781.091784615382, 21147.521153846148], [11765.711769230767, 21132.14113846153], [11750.331753846152, 21116.761123076918], [11734.951738461536, 21101.3811076923], [11719.57172307692, 21086.001092307688], [11719.57172307692, 21055.241061538454], [11704.191707692305, 21039.86104615384], [11688.81169230769, 21024.481030769224], [11688.81169230769, 20993.720999999994], [11688.81169230769, 20962.960969230764], [11673.431676923075, 20947.580953846147], [11658.05166153846, 20932.200938461534], [11658.05166153846, 20901.4409076923], [11658.05166153846, 20870.68087692307], [11658.05166153846, 20839.92084615384], [11658.05166153846, 20809.16081538461], [11658.05166153846, 20778.40078461538], [11658.05166153846, 20747.64075384615], [11658.05166153846, 20716.880723076916], [11658.05166153846, 20686.120692307686], [11658.05166153846, 20655.360661538456], [11658.05166153846, 20624.600630769226], [11673.431676923075, 20609.22061538461], [11688.81169230769, 20593.840599999996], [11688.81169230769, 20563.080569230762], [11688.81169230769, 20532.320538461532], [11704.191707692305, 20516.94052307692], [11719.57172307692, 20501.560507692302], [11719.57172307692, 20470.800476923072], [11734.951738461536, 20455.420461538455], [11750.331753846152, 20440.040446153842], [11765.711769230767, 20424.660430769225], [11781.091784615382, 20409.28041538461], [11781.091784615382, 20378.520384615378], [11796.471799999998, 20363.140369230765], [11811.851815384613, 20347.760353846148], [11827.23183076923, 20332.38033846153], [11842.611846153844, 20317.000323076918], [11857.99186153846, 20301.6203076923], [11888.75189230769, 20301.6203076923], [11904.131907692306, 20286.240292307688], [11919.511923076921, 20270.86027692307], [11934.891938461536, 20255.480261538454], [11950.271953846152, 20240.10024615384], [11981.031984615383, 20240.10024615384], [11996.411999999998, 20224.720230769224], [12011.792015384613, 20209.34021538461], [12042.552046153844, 20209.34021538461], [12073.312076923075, 20209.34021538461], [12088.69209230769, 20193.960199999994], [12104.072107692306, 20178.58018461538], [12134.832138461536, 20178.58018461538], [12165.592169230767, 20178.58018461538], [12180.972184615383, 20193.960199999994], [12180.972184615383, 20224.720230769224], [12180.972184615383, 20255.480261538454], [12196.352199999998, 20270.86027692307], [12211.732215384613, 20286.240292307688], [12227.11223076923, 20301.6203076923], [12242.492246153844, 20317.000323076918], [12257.87226153846, 20332.38033846153], [12273.252276923075, 20347.760353846148], [12273.252276923075, 20378.520384615378], [12288.63229230769, 20393.900399999995], [12304.012307692306, 20409.28041538461], [12304.012307692306, 20440.040446153842], [12304.012307692306, 20470.800476923072], [12304.012307692306, 20501.560507692302], [12304.012307692306, 20532.320538461532], [12304.012307692306, 20563.080569230762], [12319.392323076921, 20578.46058461538], [12334.772338461536, 20593.840599999996], [12350.152353846152, 20609.22061538461], [12365.532369230767, 20593.840599999996], [12380.912384615382, 20578.46058461538], [12396.292399999998, 20563.080569230762], [12380.912384615382, 20547.70055384615], [12365.532369230767, 20532.320538461532], [12365.532369230767, 20501.560507692302], [12365.532369230767, 20470.800476923072], [12380.912384615382, 20455.420461538455], [12396.292399999998, 20440.040446153842], [12380.912384615382, 20424.660430769225], [12365.532369230767, 20409.28041538461], [12365.532369230767, 20378.520384615378], [12350.152353846152, 20363.140369230765], [12334.772338461536, 20347.760353846148], [12334.772338461536, 20317.000323076918], [12334.772338461536, 20286.240292307688], [12319.392323076921, 20270.86027692307], [12304.012307692306, 20255.480261538454], [12288.63229230769, 20240.10024615384], [12273.252276923075, 20224.720230769224], [12257.87226153846, 20209.34021538461], [12242.492246153844, 20193.960199999994], [12242.492246153844, 20163.200169230764], [12257.87226153846, 20147.820153846147], [12288.63229230769, 20147.820153846147], [12304.012307692306, 20163.200169230764], [12319.392323076921, 20178.58018461538], [12350.152353846152, 20178.58018461538], [12380.912384615382, 20178.58018461538], [12411.672415384613, 20178.58018461538], [12442.432446153844, 20178.58018461538], [12457.812461538459, 20193.960199999994], [12473.192476923075, 20209.34021538461], [12503.952507692306, 20209.34021538461], [12519.33252307692, 20224.720230769224], [12534.712538461536, 20240.10024615384], [12550.092553846152, 20255.480261538454], [12565.472569230767, 20270.86027692307], [12580.852584615383, 20286.240292307688], [12580.852584615383, 20317.000323076918], [12596.232599999998, 20332.38033846153], [12611.612615384613, 20347.760353846148], [12611.612615384613, 20378.520384615378], [12611.612615384613, 20409.28041538461], [12626.99263076923, 20424.660430769225], [12642.372646153844, 20440.040446153842], [12642.372646153844, 20470.800476923072], [12642.372646153844, 20501.560507692302], [12642.372646153844, 20532.320538461532], [12657.75266153846, 20547.70055384615], [12673.132676923075, 20563.080569230762], [12673.132676923075, 20593.840599999996], [12673.132676923075, 20624.600630769226], [12688.51269230769, 20639.98064615384], [12703.892707692305, 20655.360661538456], [12703.892707692305, 20686.120692307686], [12703.892707692305, 20716.880723076916], [12719.272723076921, 20732.260738461533], [12734.652738461537, 20747.64075384615], [12734.652738461537, 20778.40078461538], [12734.652738461537, 20809.16081538461], [12734.652738461537, 20839.92084615384], [12734.652738461537, 20870.68087692307], [12750.032753846152, 20886.060892307687], [12765.412769230767, 20901.4409076923], [12765.412769230767, 20932.200938461534], [12765.412769230767, 20962.960969230764], [12765.412769230767, 20993.720999999994], [12765.412769230767, 21024.481030769224], [12765.412769230767, 21055.241061538454], [12765.412769230767, 21086.001092307688], [12780.792784615382, 21101.3811076923], [12796.172799999998, 21116.761123076918], [12796.172799999998, 21147.521153846148], [12796.172799999998, 21178.281184615378], [12796.172799999998, 21209.04121538461], [12796.172799999998, 21239.801246153842], [12796.172799999998, 21270.561276923072], [12796.172799999998, 21301.321307692302], [12796.172799999998, 21332.081338461532], [12796.172799999998, 21362.841369230762], [12796.172799999998, 21393.601399999996], [12796.172799999998, 21424.361430769226], [12811.552815384613, 21439.74144615384], [12826.932830769229, 21455.121461538456], [12826.932830769229, 21485.881492307686], [12826.932830769229, 21516.641523076916], [12826.932830769229, 21547.401553846146], [12826.932830769229, 21578.16158461538], [12826.932830769229, 21608.92161538461], [12826.932830769229, 21639.68164615384], [12826.932830769229, 21670.44167692307], [12811.552815384613, 21685.821692307687], [12796.172799999998, 21701.2017076923], [12796.172799999998, 21731.961738461534], [12796.172799999998, 21762.721769230764], [12796.172799999998, 21793.481799999994], [12796.172799999998, 21824.241830769224], [12796.172799999998, 21855.001861538454], [12796.172799999998, 21885.761892307688], [12796.172799999998, 21916.521923076918], [12796.172799999998, 21947.281953846148], [12796.172799999998, 21978.041984615378], [12780.792784615382, 21993.421999999995], [12765.412769230767, 22008.80201538461], [12765.412769230767, 22039.562046153842], [12765.412769230767, 22070.322076923072], [12765.412769230767, 22101.082107692302], [12765.412769230767, 22131.842138461532], [12765.412769230767, 22162.602169230762], [12750.032753846152, 22177.98218461538], [12734.652738461537, 22193.362199999992], [12734.652738461537, 22224.122230769226], [12719.272723076921, 22239.50224615384], [12703.892707692305, 22254.882261538456], [12703.892707692305, 22285.642292307686], [12688.51269230769, 22301.022307692303], [12673.132676923075, 22316.402323076916], [12673.132676923075, 22347.162353846146], [12673.132676923075, 22377.92238461538], [12673.132676923075, 22408.68241538461], [12673.132676923075, 22439.44244615384], [12673.132676923075, 22470.20247692307], [12673.132676923075, 22500.9625076923], [12673.132676923075, 22531.722538461534], [12673.132676923075, 22562.482569230764], [12673.132676923075, 22593.242599999994], [12673.132676923075, 22624.002630769224], [12673.132676923075, 22654.762661538454], [12673.132676923075, 22685.522692307688], [12673.132676923075, 22716.282723076918], [12673.132676923075, 22747.042753846148], [12673.132676923075, 22777.80278461538], [12673.132676923075, 22808.56281538461], [12673.132676923075, 22839.32284615384], [12673.132676923075, 22870.082876923072], [12673.132676923075, 22900.842907692302], [12657.75266153846, 22916.222923076915], [12642.372646153844, 22931.602938461532], [12626.99263076923, 22946.98295384615], [12611.612615384613, 22962.362969230762], [12596.232599999998, 22977.74298461538], [12580.852584615383, 22993.122999999992], [12565.472569230767, 23008.50301538461], [12550.092553846152, 23023.883030769226], [12534.712538461536, 23039.26304615384], [12503.952507692306, 23039.26304615384], [12488.57249230769, 23054.643061538456], [12473.192476923075, 23070.02307692307], [12442.432446153844, 23070.02307692307], [12427.052430769229, 23054.643061538456], [12427.052430769229, 23023.883030769226], [12411.672415384613, 23008.50301538461], [12396.292399999998, 22993.122999999992], [12411.672415384613, 22977.74298461538], [12427.052430769229, 22962.362969230762], [12411.672415384613, 22946.98295384615], [12396.292399999998, 22931.602938461532], [12396.292399999998, 22900.842907692302], [12411.672415384613, 22885.462892307685], [12427.052430769229, 22870.082876923072], [12411.672415384613, 22854.702861538455], [12396.292399999998, 22839.32284615384], [12396.292399999998, 22808.56281538461], [12396.292399999998, 22777.80278461538], [12396.292399999998, 22747.042753846148], [12396.292399999998, 22716.282723076918], [12396.292399999998, 22685.522692307688], [12411.672415384613, 22670.14267692307], [12427.052430769229, 22654.762661538454], [12427.052430769229, 22624.002630769224], [12411.672415384613, 22608.62261538461], [12396.292399999998, 22593.242599999994], [12396.292399999998, 22562.482569230764], [12396.292399999998, 22531.722538461534], [12380.912384615382, 22516.342523076917], [12365.532369230767, 22500.9625076923], [12380.912384615382, 22485.582492307687], [12396.292399999998, 22470.20247692307], [12396.292399999998, 22439.44244615384], [12396.292399999998, 22408.68241538461], [12396.292399999998, 22377.92238461538], [12411.672415384613, 22362.542369230763], [12427.052430769229, 22347.162353846146], [12411.672415384613, 22331.782338461533], [12396.292399999998, 22316.402323076916], [12396.292399999998, 22285.642292307686], [12411.672415384613, 22270.26227692307], [12427.052430769229, 22254.882261538456], [12427.052430769229, 22224.122230769226], [12427.052430769229, 22193.362199999992], [12442.432446153844, 22177.98218461538], [12457.812461538459, 22162.602169230762], [12457.812461538459, 22131.842138461532], [12473.192476923075, 22116.46212307692], [12488.57249230769, 22101.082107692302], [12488.57249230769, 22070.322076923072], [12488.57249230769, 22039.562046153842], [12488.57249230769, 22008.80201538461], [12488.57249230769, 21978.041984615378], [12488.57249230769, 21947.281953846148], [12503.952507692306, 21931.90193846153], [12519.33252307692, 21916.521923076918], [12503.952507692306, 21901.1419076923], [12488.57249230769, 21885.761892307688], [12503.952507692306, 21870.38187692307], [12519.33252307692, 21855.001861538454], [12503.952507692306, 21839.62184615384], [12488.57249230769, 21824.241830769224], [12503.952507692306, 21808.86181538461], [12519.33252307692, 21793.481799999994], [12519.33252307692, 21762.721769230764], [12519.33252307692, 21731.961738461534], [12534.712538461536, 21716.581723076917], [12550.092553846152, 21701.2017076923], [12534.712538461536, 21685.821692307687], [12519.33252307692, 21670.44167692307], [12519.33252307692, 21639.68164615384], [12519.33252307692, 21608.92161538461], [12519.33252307692, 21578.16158461538], [12519.33252307692, 21547.401553846146], [12534.712538461536, 21532.021538461533], [12550.092553846152, 21516.641523076916], [12550.092553846152, 21485.881492307686], [12534.712538461536, 21470.501476923073], [12519.33252307692, 21455.121461538456], [12534.712538461536, 21439.74144615384], [12550.092553846152, 21424.361430769226], [12534.712538461536, 21408.98141538461], [12519.33252307692, 21393.601399999996], [12534.712538461536, 21378.22138461538], [12550.092553846152, 21362.841369230762], [12550.092553846152, 21332.081338461532], [12550.092553846152, 21301.321307692302], [12565.472569230767, 21285.941292307685], [12580.852584615383, 21270.561276923072], [12565.472569230767, 21255.181261538455], [12550.092553846152, 21239.801246153842], [12550.092553846152, 21209.04121538461], [12550.092553846152, 21178.281184615378], [12534.712538461536, 21162.901169230765], [12519.33252307692, 21147.521153846148], [12519.33252307692, 21116.761123076918], [12519.33252307692, 21086.001092307688], [12503.952507692306, 21070.62107692307], [12488.57249230769, 21055.241061538454], [12488.57249230769, 21024.481030769224], [12473.192476923075, 21009.10101538461], [12442.432446153844, 21009.10101538461], [12427.052430769229, 21024.481030769224], [12427.052430769229, 21055.241061538454], [12427.052430769229, 21086.001092307688], [12442.432446153844, 21101.3811076923], [12457.812461538459, 21116.761123076918], [12457.812461538459, 21147.521153846148], [12457.812461538459, 21178.281184615378], [12473.192476923075, 21193.661199999995], [12488.57249230769, 21209.04121538461], [12488.57249230769, 21239.801246153842], [12488.57249230769, 21270.561276923072], [12488.57249230769, 21301.321307692302], [12488.57249230769, 21332.081338461532], [12473.192476923075, 21347.46135384615], [12457.812461538459, 21362.841369230762], [12457.812461538459, 21393.601399999996], [12442.432446153844, 21408.98141538461], [12411.672415384613, 21408.98141538461], [12380.912384615382, 21408.98141538461], [12350.152353846152, 21408.98141538461], [12334.772338461536, 21424.361430769226], [12319.392323076921, 21439.74144615384], [12304.012307692306, 21455.121461538456], [12288.63229230769, 21470.501476923073], [12273.252276923075, 21485.881492307686], [12257.87226153846, 21501.261507692303], [12242.492246153844, 21516.641523076916], [12227.11223076923, 21532.021538461533], [12211.732215384613, 21547.401553846146], [12196.352199999998, 21562.781569230763], [12180.972184615383, 21578.16158461538], [12196.352199999998, 21593.541599999993], [12211.732215384613, 21608.92161538461], [12196.352199999998, 21624.301630769223], [12180.972184615383, 21639.68164615384], [12165.592169230767, 21655.061661538457], [12150.212153846152, 21670.44167692307], [12134.832138461536, 21685.821692307687], [12119.45212307692, 21701.2017076923], [12119.45212307692, 21731.961738461534], [12119.45212307692, 21762.721769230764], [12119.45212307692, 21793.481799999994], [12104.072107692306, 21808.86181538461], [12088.69209230769, 21824.241830769224], [12088.69209230769, 21855.001861538454], [12088.69209230769, 21885.761892307688], [12088.69209230769, 21916.521923076918], [12073.312076923075, 21931.90193846153], [12057.932061538459, 21947.281953846148], [12057.932061538459, 21978.041984615378], [12057.932061538459, 22008.80201538461], [12057.932061538459, 22039.562046153842], [12057.932061538459, 22070.322076923072], [12057.932061538459, 22101.082107692302], [12073.312076923075, 22116.46212307692], [12088.69209230769, 22131.842138461532], [12088.69209230769, 22162.602169230762], [12088.69209230769, 22193.362199999992], [12088.69209230769, 22224.122230769226], [12088.69209230769, 22254.882261538456], [12104.072107692306, 22270.26227692307], [12119.45212307692, 22285.642292307686], [12119.45212307692, 22316.402323076916], [12104.072107692306, 22331.782338461533], [12088.69209230769, 22347.162353846146], [12088.69209230769, 22377.92238461538], [12088.69209230769, 22408.68241538461], [12104.072107692306, 22424.062430769223], [12119.45212307692, 22439.44244615384], [12119.45212307692, 22470.20247692307], [12119.45212307692, 22500.9625076923], [12119.45212307692, 22531.722538461534], [12134.832138461536, 22547.102553846147], [12150.212153846152, 22562.482569230764], [12150.212153846152, 22593.242599999994], [12165.592169230767, 22608.62261538461], [12180.972184615383, 22624.002630769224], [12196.352199999998, 22639.38264615384], [12211.732215384613, 22654.762661538454], [12227.11223076923, 22670.14267692307], [12257.87226153846, 22670.14267692307], [12273.252276923075, 22654.762661538454], [12288.63229230769, 22639.38264615384], [12304.012307692306, 22624.002630769224], [12319.392323076921, 22608.62261538461], [12334.772338461536, 22593.242599999994], [12319.392323076921, 22577.862584615377], [12304.012307692306, 22562.482569230764], [12319.392323076921, 22547.102553846147], [12350.152353846152, 22547.102553846147], [12365.532369230767, 22562.482569230764], [12365.532369230767, 22593.242599999994], [12365.532369230767, 22624.002630769224], [12365.532369230767, 22654.762661538454], [12365.532369230767, 22685.522692307688], [12365.532369230767, 22716.282723076918], [12365.532369230767, 22747.042753846148], [12350.152353846152, 22762.422769230765], [12319.392323076921, 22762.422769230765], [12304.012307692306, 22777.80278461538], [12304.012307692306, 22808.56281538461], [12304.012307692306, 22839.32284615384], [12319.392323076921, 22854.702861538455], [12334.772338461536, 22870.082876923072], [12334.772338461536, 22900.842907692302], [12334.772338461536, 22931.602938461532], [12334.772338461536, 22962.362969230762], [12334.772338461536, 22993.122999999992], [12334.772338461536, 23023.883030769226], [12334.772338461536, 23054.643061538456], [12334.772338461536, 23085.403092307686], [12319.392323076921, 23100.783107692303]], [[12334.772338461536, 20993.720999999994], [12350.152353846152, 20978.340984615377], [12365.532369230767, 20962.960969230764], [12380.912384615382, 20947.580953846147], [12396.292399999998, 20932.200938461534], [12396.292399999998, 20901.4409076923], [12411.672415384613, 20886.060892307687], [12427.052430769229, 20870.68087692307], [12427.052430769229, 20839.92084615384], [12427.052430769229, 20809.16081538461], [12442.432446153844, 20793.780799999993], [12457.812461538459, 20809.16081538461], [12457.812461538459, 20839.92084615384], [12457.812461538459, 20870.68087692307], [12473.192476923075, 20886.060892307687], [12488.57249230769, 20901.4409076923], [12503.952507692306, 20916.820923076917], [12519.33252307692, 20901.4409076923], [12503.952507692306, 20886.060892307687], [12488.57249230769, 20870.68087692307], [12488.57249230769, 20839.92084615384], [12488.57249230769, 20809.16081538461], [12473.192476923075, 20793.780799999993], [12457.812461538459, 20778.40078461538], [12457.812461538459, 20747.64075384615], [12457.812461538459, 20716.880723076916], [12442.432446153844, 20701.500707692303], [12427.052430769229, 20686.120692307686], [12411.672415384613, 20670.740676923073], [12396.292399999998, 20686.120692307686], [12380.912384615382, 20701.500707692303], [12365.532369230767, 20686.120692307686], [12350.152353846152, 20670.740676923073], [12334.772338461536, 20655.360661538456], [12319.392323076921, 20639.98064615384], [12304.012307692306, 20624.600630769226], [12288.63229230769, 20609.22061538461], [12257.87226153846, 20609.22061538461], [12227.11223076923, 20609.22061538461], [12196.352199999998, 20609.22061538461], [12165.592169230767, 20609.22061538461], [12150.212153846152, 20624.600630769226], [12134.832138461536, 20639.98064615384], [12119.45212307692, 20655.360661538456], [12104.072107692306, 20670.740676923073], [12088.69209230769, 20686.120692307686], [12088.69209230769, 20716.880723076916], [12088.69209230769, 20747.64075384615], [12088.69209230769, 20778.40078461538], [12088.69209230769, 20809.16081538461], [12088.69209230769, 20839.92084615384], [12088.69209230769, 20870.68087692307], [12104.072107692306, 20886.060892307687], [12119.45212307692, 20901.4409076923], [12134.832138461536, 20916.820923076917], [12150.212153846152, 20932.200938461534], [12165.592169230767, 20947.580953846147], [12196.352199999998, 20947.580953846147], [12211.732215384613, 20962.960969230764], [12227.11223076923, 20978.340984615377], [12242.492246153844, 20993.720999999994], [12257.87226153846, 21009.10101538461], [12288.63229230769, 21009.10101538461], [12319.392323076921, 21009.10101538461], [12334.772338461536, 20993.720999999994]]]}, "properties": {"objectType": "annotation", "name": "P2_3_L|peri", "classification": {"name": "peri", "color": [25, 158, 112]}, "lesion_id": 0, "section": "P2_3_L", "area_um2": 235199.99999999988, "lesion_ids": [17, 18]}}, {"type": "Feature", "geometry": {"type": "Polygon", "coordinates": [[[7551.587553846152, 21162.901169230765], [7536.207538461537, 21147.521153846148], [7520.827523076922, 21132.14113846153], [7505.447507692306, 21116.761123076918], [7505.447507692306, 21086.001092307688], [7490.067492307691, 21070.62107692307], [7474.687476923075, 21055.241061538454], [7474.687476923075, 21024.481030769224], [7459.30746153846, 21009.10101538461], [7443.927446153845, 20993.720999999994], [7443.927446153845, 20962.960969230764], [7443.927446153845, 20932.200938461534], [7443.927446153845, 20901.4409076923], [7443.927446153845, 20870.68087692307], [7443.927446153845, 20839.92084615384], [7443.927446153845, 20809.16081538461], [7443.927446153845, 20778.40078461538], [7443.927446153845, 20747.64075384615], [7443.927446153845, 20716.880723076916], [7443.927446153845, 20686.120692307686], [7443.927446153845, 20655.360661538456], [7459.30746153846, 20639.98064615384], [7474.687476923075, 20624.600630769226], [7474.687476923075, 20593.840599999996], [7490.067492307691, 20578.46058461538], [7505.447507692306, 20563.080569230762], [7505.447507692306, 20532.320538461532], [7520.827523076922, 20516.94052307692], [7536.207538461537, 20501.560507692302], [7536.207538461537, 20470.800476923072], [7551.587553846152, 20455.420461538455], [7566.967569230768, 20470.800476923072], [7582.347584615383, 20486.180492307685], [7597.727599999999, 20501.560507692302], [7597.727599999999, 20532.320538461532], [7597.727599999999, 20563.080569230762], [7613.107615384614, 20578.46058461538], [7628.487630769229, 20593.840599999996], [7628.487630769229, 20624.600630769226], [7613.107615384614, 20639.98064615384], [7597.727599999999, 20655.360661538456], [7597.727599999999, 20686.120692307686], [7597.727599999999, 20716.880723076916], [7582.347584615383, 20732.260738461533], [7566.967569230768, 20747.64075384615], [7566.967569230768, 20778.40078461538], [7566.967569230768, 20809.16081538461], [7551.587553846152, 20824.540830769227], [7536.207538461537, 20839.92084615384], [7536.207538461537, 20870.68087692307], [7536.207538461537, 20901.4409076923], [7536.207538461537, 20932.200938461534], [7536.207538461537, 20962.960969230764], [7536.207538461537, 20993.720999999994], [7536.207538461537, 21024.481030769224], [7551.587553846152, 21039.86104615384], [7566.967569230768, 21055.241061538454], [7582.347584615383, 21070.62107692307], [7597.727599999999, 21086.001092307688], [7582.347584615383, 21101.3811076923], [7566.967569230768, 21116.761123076918], [7566.967569230768, 21147.521153846148], [7551.587553846152, 21162.901169230765]]]}, "properties": {"objectType": "annotation", "name": "R1_3_T|peri_16", "classification": {"name": "peri", "color": [25, 158, 112]}, "lesion_id": 16, "section": "R1_3_T", "area_um2": 7450.000000000014, "lesion_ids": [16]}}, {"type": "Feature", "geometry": {"type": "Polygon", "coordinates": [[[7643.867646153845, 21255.181261538455], [7628.487630769229, 21239.801246153842], [7628.487630769229, 21209.04121538461], [7628.487630769229, 21178.281184615378], [7628.487630769229, 21147.521153846148], [7643.867646153845, 21132.14113846153], [7659.24766153846, 21147.521153846148], [7659.24766153846, 21178.281184615378], [7659.24766153846, 21209.04121538461], [7659.24766153846, 21239.801246153842], [7643.867646153845, 21255.181261538455]]]}, "properties": {"objectType": "annotation", "name": "peri_16", "classification": {"name": "peri", "color": [25, 158, 112]}, "lesion_id": 16, "section": null, "area_um2": 350.0000000000064, "lesion_ids": [16]}}, {"type": "Feature", "geometry": {"type": "Polygon", "coordinates": [[[8443.628446153845, 23285.343292307687], [8412.868415384613, 23285.343292307687], [8382.108384615383, 23285.343292307687], [8351.348353846153, 23285.343292307687], [8320.588323076921, 23285.343292307687], [8289.828292307691, 23285.343292307687], [8259.06826153846, 23285.343292307687], [8228.30823076923, 23285.343292307687], [8197.5482, 23285.343292307687], [8182.168184615382, 23269.96327692307], [8166.788169230768, 23254.583261538457], [8136.028138461537, 23254.583261538457], [8105.268107692306, 23254.583261538457], [8089.888092307691, 23239.20324615384], [8074.508076923075, 23223.823230769223], [8043.748046153845, 23223.823230769223], [8028.368030769229, 23208.44321538461], [8012.988015384614, 23193.063199999993], [7997.607999999998, 23177.68318461538], [7982.227984615383, 23162.303169230763], [7951.467953846152, 23162.303169230763], [7936.087938461537, 23146.923153846146], [7920.707923076922, 23131.543138461533], [7905.327907692306, 23116.163123076916], [7889.947892307691, 23100.783107692303], [7874.567876923075, 23085.403092307686], [7859.18786153846, 23070.02307692307], [7843.807846153845, 23054.643061538456], [7828.427830769229, 23039.26304615384], [7797.667799999998, 23039.26304615384], [7782.287784615383, 23023.883030769226], [7766.907769230768, 23008.50301538461], [7736.147738461537, 23008.50301538461], [7720.767723076922, 22993.122999999992], [7705.387707692306, 22977.74298461538], [7674.627676923075, 22977.74298461538], [7659.24766153846, 22962.362969230762], [7643.867646153845, 22946.98295384615], [7628.487630769229, 22931.602938461532], [7613.107615384614, 22916.222923076915], [7582.347584615383, 22916.222923076915], [7566.967569230768, 22900.842907692302], [7566.967569230768, 22870.082876923072], [7566.967569230768, 22839.32284615384], [7566.967569230768, 22808.56281538461], [7566.967569230768, 22777.80278461538], [7566.967569230768, 22747.042753846148], [7566.967569230768, 22716.282723076918], [7582.347584615383, 22700.9027076923], [7597.727599999999, 22685.522692307688], [7613.107615384614, 22670.14267692307], [7628.487630769229, 22654.762661538454], [7643.867646153845, 22639.38264615384], [7659.24766153846, 22624.002630769224], [7643.867646153845, 22608.62261538461], [7628.487630769229, 22593.242599999994], [7628.487630769229, 22562.482569230764], [7628.487630769229, 22531.722538461534], [7628.487630769229, 22500.9625076923], [7643.867646153845, 22485.582492307687], [7659.24766153846, 22470.20247692307], [7659.24766153846, 22439.44244615384], [7659.24766153846, 22408.68241538461], [7659.24766153846, 22377.92238461538], [7643.867646153845, 22362.542369230763], [7628.487630769229, 22347.162353846146], [7628.487630769229, 22316.402323076916], [7628.487630769229, 22285.642292307686], [7628.487630769229, 22254.882261538456], [7643.867646153845, 22239.50224615384], [7659.24766153846, 22224.122230769226], [7659.24766153846, 22193.362199999992], [7659.24766153846, 22162.602169230762], [7659.24766153846, 22131.842138461532], [7659.24766153846, 22101.082107692302], [7659.24766153846, 22070.322076923072], [7659.24766153846, 22039.562046153842], [7659.24766153846, 22008.80201538461], [7659.24766153846, 21978.041984615378], [7659.24766153846, 21947.281953846148], [7659.24766153846, 21916.521923076918], [7659.24766153846, 21885.761892307688], [7674.627676923075, 21870.38187692307], [7705.387707692306, 21870.38187692307], [7720.767723076922, 21855.001861538454], [7736.147738461537, 21839.62184615384], [7766.907769230768, 21839.62184615384], [7797.667799999998, 21839.62184615384], [7813.047815384614, 21824.241830769224], [7828.427830769229, 21808.86181538461], [7859.18786153846, 21808.86181538461], [7889.947892307691, 21808.86181538461], [7920.707923076922, 21808.86181538461], [7951.467953846152, 21808.86181538461], [7982.227984615383, 21808.86181538461], [8012.988015384614, 21808.86181538461], [8028.368030769229, 21824.241830769224], [8043.748046153845, 21839.62184615384], [8074.508076923075, 21839.62184615384], [8105.268107692306, 21839.62184615384], [8120.648123076921, 21855.001861538454], [8136.028138461537, 21870.38187692307], [8166.788169230768, 21870.38187692307], [8197.5482, 21870.38187692307], [8212.928215384614, 21885.761892307688], [8228.30823076923, 21901.1419076923], [8259.06826153846, 21901.1419076923], [8274.448276923076, 21916.521923076918], [8289.828292307691, 21931.90193846153], [8305.208307692306, 21947.281953846148], [8320.588323076921, 21962.661969230765], [8351.348353846153, 21962.661969230765], [8366.728369230768, 21978.041984615378], [8382.108384615383, 21993.421999999995], [8397.488399999998, 22008.80201538461], [8412.868415384613, 22024.182030769225], [8443.628446153845, 22024.182030769225], [8459.00846153846, 22039.562046153842], [8474.388476923075, 22054.942061538455], [8489.76849230769, 22070.322076923072], [8505.148507692305, 22085.702092307685], [8520.528523076922, 22101.082107692302], [8535.908538461537, 22116.46212307692], [8551.288553846152, 22131.842138461532], [8551.288553846152, 22162.602169230762], [8566.668569230767, 22177.98218461538], [8582.048584615382, 22193.362199999992], [8597.4286, 22208.74221538461], [8612.808615384614, 22224.122230769226], [8628.18863076923, 22239.50224615384], [8658.94866153846, 22239.50224615384], [8689.708692307691, 22239.50224615384], [8705.088707692306, 22254.882261538456], [8720.468723076921, 22270.26227692307], [8751.228753846153, 22270.26227692307], [8766.608769230768, 22285.642292307686], [8781.988784615383, 22301.022307692303], [8797.368799999998, 22316.402323076916], [8812.748815384613, 22331.782338461533], [8843.508846153845, 22331.782338461533], [8858.88886153846, 22347.162353846146], [8874.268876923075, 22362.542369230763], [8889.64889230769, 22377.92238461538], [8905.028907692305, 22393.302399999993], [8920.408923076922, 22408.68241538461], [8920.408923076922, 22439.44244615384], [8935.788938461537, 22454.822461538457], [8951.168953846152, 22470.20247692307], [8966.548969230767, 22485.582492307687], [8981.928984615382, 22500.9625076923], [8981.928984615382, 22531.722538461534], [8997.309, 22547.102553846147], [9012.689015384614, 22562.482569230764], [9012.689015384614, 22593.242599999994], [9012.689015384614, 22624.002630769224], [9028.06903076923, 22639.38264615384], [9043.449046153844, 22654.762661538454], [9043.449046153844, 22685.522692307688], [9043.449046153844, 22716.282723076918], [9043.449046153844, 22747.042753846148], [9043.449046153844, 22777.80278461538], [9043.449046153844, 22808.56281538461], [9028.06903076923, 22823.942830769225], [9012.689015384614, 22839.32284615384], [9012.689015384614, 22870.082876923072], [9012.689015384614, 22900.842907692302], [8997.309, 22916.222923076915], [8981.928984615382, 22931.602938461532], [8981.928984615382, 22962.362969230762], [8966.548969230767, 22977.74298461538], [8951.168953846152, 22993.122999999992], [8935.788938461537, 23008.50301538461], [8920.408923076922, 23023.883030769226], [8920.408923076922, 23054.643061538456], [8905.028907692305, 23070.02307692307], [8889.64889230769, 23085.403092307686], [8874.268876923075, 23100.783107692303], [8858.88886153846, 23116.163123076916], [8843.508846153845, 23131.543138461533], [8812.748815384613, 23131.543138461533], [8797.368799999998, 23146.923153846146], [8781.988784615383, 23162.303169230763], [8766.608769230768, 23177.68318461538], [8751.228753846153, 23193.063199999993], [8720.468723076921, 23193.063199999993], [8705.088707692306, 23208.44321538461], [8689.708692307691, 23223.823230769223], [8658.94866153846, 23223.823230769223], [8628.18863076923, 23223.823230769223], [8612.808615384614, 23239.20324615384], [8597.4286, 23254.583261538457], [8566.668569230767, 23254.583261538457], [8535.908538461537, 23254.583261538457], [8505.148507692305, 23254.583261538457], [8474.388476923075, 23254.583261538457], [8459.00846153846, 23269.96327692307], [8443.628446153845, 23285.343292307687]], [[8397.488399999998, 22839.32284615384], [8412.868415384613, 22823.942830769225], [8443.628446153845, 22823.942830769225], [8474.388476923075, 22823.942830769225], [8505.148507692305, 22823.942830769225], [8535.908538461537, 22823.942830769225], [8551.288553846152, 22808.56281538461], [8566.668569230767, 22793.182799999995], [8582.048584615382, 22777.80278461538], [8597.4286, 22762.422769230765], [8612.808615384614, 22747.042753846148], [8612.808615384614, 22716.282723076918], [8597.4286, 22700.9027076923], [8582.048584615382, 22685.522692307688], [8566.668569230767, 22670.14267692307], [8551.288553846152, 22654.762661538454], [8535.908538461537, 22639.38264615384], [8505.148507692305, 22639.38264615384], [8474.388476923075, 22639.38264615384], [8459.00846153846, 22624.002630769224], [8443.628446153845, 22608.62261538461], [8412.868415384613, 22608.62261538461], [8397.488399999998, 22593.242599999994], [8382.108384615383, 22577.862584615377], [8351.348353846153, 22577.862584615377], [8335.968338461536, 22593.242599999994], [8320.588323076921, 22608.62261538461], [8289.828292307691, 22608.62261538461], [8274.448276923076, 22593.242599999994], [8259.06826153846, 22577.862584615377], [8243.688246153844, 22562.482569230764], [8228.30823076923, 22547.102553846147], [8212.928215384614, 22531.722538461534], [8228.30823076923, 22516.342523076917], [8243.688246153844, 22500.9625076923], [8243.688246153844, 22470.20247692307], [8243.688246153844, 22439.44244615384], [8228.30823076923, 22424.062430769223], [8212.928215384614, 22408.68241538461], [8197.5482, 22393.302399999993], [8182.168184615382, 22377.92238461538], [8166.788169230768, 22362.542369230763], [8151.408153846152, 22347.162353846146], [8136.028138461537, 22331.782338461533], [8105.268107692306, 22331.782338461533], [8089.888092307691, 22316.402323076916], [8074.508076923075, 22301.022307692303], [8059.12806153846, 22285.642292307686], [8043.748046153845, 22270.26227692307], [8028.368030769229, 22285.642292307686], [8012.988015384614, 22301.022307692303], [7997.607999999998, 22285.642292307686], [7982.227984615383, 22270.26227692307], [7966.847969230768, 22254.882261538456], [7951.467953846152, 22239.50224615384], [7920.707923076922, 22239.50224615384], [7889.947892307691, 22239.50224615384], [7874.567876923075, 22254.882261538456], [7859.18786153846, 22270.26227692307], [7843.807846153845, 22285.642292307686], [7828.427830769229, 22301.022307692303], [7813.047815384614, 22316.402323076916], [7813.047815384614, 22347.162353846146], [7828.427830769229, 22362.542369230763], [7843.807846153845, 22377.92238461538], [7828.427830769229, 22393.302399999993], [7813.047815384614, 22408.68241538461], [7813.047815384614, 22439.44244615384], [7813.047815384614, 22470.20247692307], [7797.667799999998, 22485.582492307687], [7782.287784615383, 22500.9625076923], [7797.667799999998, 22516.342523076917], [7813.047815384614, 22531.722538461534], [7828.427830769229, 22547.102553846147], [7843.807846153845, 22562.482569230764], [7859.18786153846, 22577.862584615377], [7874.567876923075, 22593.242599999994], [7889.947892307691, 22608.62261538461], [7920.707923076922, 22608.62261538461], [7936.087938461537, 22624.002630769224], [7951.467953846152, 22639.38264615384], [7982.227984615383, 22639.38264615384], [7997.607999999998, 22654.762661538454], [8012.988015384614, 22670.14267692307], [8043.748046153845, 22670.14267692307], [8074.508076923075, 22670.14267692307], [8089.888092307691, 22685.522692307688], [8105.268107692306, 22700.9027076923], [8120.648123076921, 22716.282723076918], [8136.028138461537, 22731.66273846153], [8151.408153846152, 22747.042753846148], [8166.788169230768, 22762.422769230765], [8182.168184615382, 22777.80278461538], [8197.5482, 22793.182799999995], [8212.928215384614, 22808.56281538461], [8228.30823076923, 22823.942830769225], [8243.688246153844, 22839.32284615384], [8259.06826153846, 22854.702861538455], [8289.828292307691, 22854.702861538455], [8320.588323076921, 22854.702861538455], [8351.348353846153, 22854.702861538455], [8382.108384615383, 22854.702861538455], [8397.488399999998, 22839.32284615384]]]}, "properties": {"objectType": "annotation", "name": "P2_3_L|peri_19", "classification": {"name": "peri", "color": [25, 158, 112]}, "lesion_id": 19, "section": "P2_3_L", "area_um2": 140400.0, "lesion_ids": [19]}}, {"type": "Feature", "geometry": {"type": "Polygon", "coordinates": [[[7490.067492307691, 22854.702861538455], [7474.687476923075, 22839.32284615384], [7459.30746153846, 22823.942830769225], [7443.927446153845, 22808.56281538461], [7428.547430769229, 22793.182799999995], [7413.167415384614, 22777.80278461538], [7413.167415384614, 22747.042753846148], [7397.787399999999, 22731.66273846153], [7382.407384615383, 22716.282723076918], [7382.407384615383, 22685.522692307688], [7367.027369230768, 22670.14267692307], [7351.647353846152, 22654.762661538454], [7351.647353846152, 22624.002630769224], [7351.647353846152, 22593.242599999994], [7351.647353846152, 22562.482569230764], [7351.647353846152, 22531.722538461534], [7336.267338461537, 22516.342523076917], [7320.887323076922, 22500.9625076923], [7336.267338461537, 22485.582492307687], [7351.647353846152, 22470.20247692307], [7351.647353846152, 22439.44244615384], [7351.647353846152, 22408.68241538461], [7351.647353846152, 22377.92238461538], [7351.647353846152, 22347.162353846146], [7351.647353846152, 22316.402323076916], [7367.027369230768, 22301.022307692303], [7382.407384615383, 22285.642292307686], [7382.407384615383, 22254.882261538456], [7382.407384615383, 22224.122230769226], [7382.407384615383, 22193.362199999992], [7382.407384615383, 22162.602169230762], [7397.787399999999, 22147.22215384615], [7413.167415384614, 22131.842138461532], [7413.167415384614, 22101.082107692302], [7428.547430769229, 22085.702092307685], [7443.927446153845, 22070.322076923072], [7443.927446153845, 22039.562046153842], [7459.30746153846, 22024.182030769225], [7474.687476923075, 22008.80201538461], [7490.067492307691, 21993.421999999995], [7505.447507692306, 21978.041984615378], [7520.827523076922, 21962.661969230765], [7551.587553846152, 21962.661969230765], [7582.347584615383, 21962.661969230765], [7597.727599999999, 21978.041984615378], [7597.727599999999, 22008.80201538461], [7597.727599999999, 22039.562046153842], [7597.727599999999, 22070.322076923072], [7597.727599999999, 22101.082107692302], [7597.727599999999, 22131.842138461532], [7597.727599999999, 22162.602169230762], [7582.347584615383, 22177.98218461538], [7566.967569230768, 22193.362199999992], [7566.967569230768, 22224.122230769226], [7551.587553846152, 22239.50224615384], [7520.827523076922, 22239.50224615384], [7505.447507692306, 22254.882261538456], [7505.447507692306, 22285.642292307686], [7520.827523076922, 22301.022307692303], [7536.207538461537, 22316.402323076916], [7536.207538461537, 22347.162353846146], [7536.207538461537, 22377.92238461538], [7551.587553846152, 22393.302399999993], [7566.967569230768, 22408.68241538461], [7566.967569230768, 22439.44244615384], [7566.967569230768, 22470.20247692307], [7566.967569230768, 22500.9625076923], [7566.967569230768, 22531.722538461534], [7566.967569230768, 22562.482569230764], [7551.587553846152, 22577.862584615377], [7536.207538461537, 22593.242599999994], [7536.207538461537, 22624.002630769224], [7536.207538461537, 22654.762661538454], [7520.827523076922, 22670.14267692307], [7505.447507692306, 22685.522692307688], [7520.827523076922, 22700.9027076923], [7536.207538461537, 22716.282723076918], [7520.827523076922, 22731.66273846153], [7505.447507692306, 22747.042753846148], [7505.447507692306, 22777.80278461538], [7505.447507692306, 22808.56281538461], [7505.447507692306, 22839.32284615384], [7490.067492307691, 22854.702861538455]]]}, "properties": {"objectType": "annotation", "name": "P2_3_L|peri_19", "classification": {"name": "peri", "color": [25, 158, 112]}, "lesion_id": 19, "section": "P2_3_L", "area_um2": 15249.999999999998, "lesion_ids": [19]}}, {"type": "Feature", "geometry": {"type": "Polygon", "coordinates": [[[2476.182476923076, 23746.74375384615], [2445.4224461538456, 23746.74375384615], [2430.04243076923, 23731.363738461532], [2414.6624153846146, 23715.983723076915], [2399.2823999999996, 23700.603707692302], [2383.902384615384, 23685.223692307685], [2368.5223692307686, 23669.843676923072], [2353.142353846153, 23654.463661538455], [2337.762338461538, 23639.08364615384], [2322.3823230769226, 23623.703630769225], [2307.002307692307, 23608.32361538461], [2307.002307692307, 23577.56358461538], [2291.6222923076916, 23562.18356923076], [2276.242276923076, 23546.803553846148], [2260.862261538461, 23531.42353846153], [2245.4822461538456, 23516.043523076918], [2230.10223076923, 23500.6635076923], [2214.7222153846146, 23485.283492307684], [2199.3421999999996, 23469.90347692307], [2183.962184615384, 23454.523461538454], [2168.5821692307686, 23439.14344615384], [2153.202153846153, 23423.763430769224], [2137.822138461538, 23408.38341538461], [2122.4421230769226, 23393.003399999994], [2122.4421230769226, 23362.243369230764], [2107.062107692307, 23346.863353846147], [2091.6820923076916, 23331.483338461534], [2076.3020769230766, 23316.103323076917], [2060.922061538461, 23300.7233076923], [2060.922061538461, 23269.96327692307], [2060.922061538461, 23239.20324615384], [2045.5420461538456, 23223.823230769223], [2030.1620307692303, 23208.44321538461], [2030.1620307692303, 23177.68318461538], [2030.1620307692303, 23146.923153846146], [2030.1620307692303, 23116.163123076916], [2030.1620307692303, 23085.403092307686], [2030.1620307692303, 23054.643061538456], [2030.1620307692303, 23023.883030769226], [2030.1620307692303, 22993.122999999992], [2030.1620307692303, 22962.362969230762], [2030.1620307692303, 22931.602938461532], [2030.1620307692303, 22900.842907692302], [2030.1620307692303, 22870.082876923072], [2030.1620307692303, 22839.32284615384], [2030.1620307692303, 22808.56281538461], [2030.1620307692303, 22777.80278461538], [2030.1620307692303, 22747.042753846148], [2030.1620307692303, 22716.282723076918], [2030.1620307692303, 22685.522692307688], [2045.5420461538456, 22670.14267692307], [2060.922061538461, 22654.762661538454], [2076.3020769230766, 22639.38264615384], [2091.6820923076916, 22624.002630769224], [2107.062107692307, 22608.62261538461], [2137.822138461538, 22608.62261538461], [2153.202153846153, 22593.242599999994], [2168.5821692307686, 22577.862584615377], [2199.3421999999996, 22577.862584615377], [2214.7222153846146, 22593.242599999994], [2230.10223076923, 22608.62261538461], [2245.4822461538456, 22624.002630769224], [2245.4822461538456, 22654.762661538454], [2245.4822461538456, 22685.522692307688], [2260.862261538461, 22700.9027076923], [2276.242276923076, 22716.282723076918], [2276.242276923076, 22747.042753846148], [2276.242276923076, 22777.80278461538], [2291.6222923076916, 22793.182799999995], [2307.002307692307, 22808.56281538461], [2307.002307692307, 22839.32284615384], [2291.6222923076916, 22854.702861538455], [2276.242276923076, 22870.082876923072], [2291.6222923076916, 22885.462892307685], [2307.002307692307, 22900.842907692302], [2291.6222923076916, 22916.222923076915], [2276.242276923076, 22931.602938461532], [2276.242276923076, 22962.362969230762], [2291.6222923076916, 22977.74298461538], [2307.002307692307, 22993.122999999992], [2307.002307692307, 23023.883030769226], [2307.002307692307, 23054.643061538456], [2291.6222923076916, 23070.02307692307], [2276.242276923076, 23085.403092307686], [2276.242276923076, 23116.163123076916], [2291.6222923076916, 23131.543138461533], [2307.002307692307, 23146.923153846146], [2307.002307692307, 23177.68318461538], [2307.002307692307, 23208.44321538461], [2307.002307692307, 23239.20324615384], [2322.3823230769226, 23254.583261538457], [2353.142353846153, 23254.583261538457], [2368.5223692307686, 23269.96327692307], [2383.902384615384, 23285.343292307687], [2399.2823999999996, 23300.7233076923], [2414.6624153846146, 23316.103323076917], [2430.04243076923, 23331.483338461534], [2445.4224461538456, 23346.863353846147], [2460.802461538461, 23362.243369230764], [2476.182476923076, 23377.623384615377], [2491.5624923076916, 23393.003399999994], [2506.942507692307, 23408.38341538461], [2522.3225230769226, 23423.763430769224], [2522.3225230769226, 23454.523461538454], [2522.3225230769226, 23485.283492307684], [2537.7025384615376, 23500.6635076923], [2553.082553846153, 23516.043523076918], [2568.4625692307686, 23531.42353846153], [2583.842584615384, 23546.803553846148], [2599.222599999999, 23562.18356923076], [2614.6026153846146, 23577.56358461538], [2629.98263076923, 23592.943599999995], [2645.3626461538456, 23608.32361538461], [2660.742661538461, 23623.703630769225], [2691.5026923076916, 23623.703630769225], [2706.882707692307, 23639.08364615384], [2706.882707692307, 23669.843676923072], [2691.5026923076916, 23685.223692307685], [2660.742661538461, 23685.223692307685], [2645.3626461538456, 23700.603707692302], [2629.98263076923, 23715.983723076915], [2599.222599999999, 23715.983723076915], [2568.4625692307686, 23715.983723076915], [2537.7025384615376, 23715.983723076915], [2506.942507692307, 23715.983723076915], [2491.5624923076916, 23731.363738461532], [2476.182476923076, 23746.74375384615]]]}, "properties": {"objectType": "annotation", "name": "peri_20", "classification": {"name": "peri", "color": [25, 158, 112]}, "lesion_id": 20, "section": null, "area_um2": 33449.99999999997, "lesion_ids": [20]}}, {"type": "Feature", "geometry": {"type": "Polygon", "coordinates": [[[2753.022753846153, 23562.18356923076], [2722.2627230769226, 23562.18356923076], [2691.5026923076916, 23562.18356923076], [2676.122676923076, 23546.803553846148], [2660.742661538461, 23531.42353846153], [2645.3626461538456, 23516.043523076918], [2629.98263076923, 23500.6635076923], [2614.6026153846146, 23485.283492307684], [2599.222599999999, 23469.90347692307], [2583.842584615384, 23454.523461538454], [2583.842584615384, 23423.763430769224], [2583.842584615384, 23393.003399999994], [2568.4625692307686, 23377.623384615377], [2553.082553846153, 23362.243369230764], [2537.7025384615376, 23346.863353846147], [2522.3225230769226, 23331.483338461534], [2506.942507692307, 23316.103323076917], [2476.182476923076, 23316.103323076917], [2460.802461538461, 23300.7233076923], [2476.182476923076, 23285.343292307687], [2491.5624923076916, 23269.96327692307], [2506.942507692307, 23254.583261538457], [2522.3225230769226, 23239.20324615384], [2522.3225230769226, 23208.44321538461], [2506.942507692307, 23193.063199999993], [2491.5624923076916, 23177.68318461538], [2491.5624923076916, 23146.923153846146], [2506.942507692307, 23131.543138461533], [2522.3225230769226, 23116.163123076916], [2506.942507692307, 23100.783107692303], [2491.5624923076916, 23085.403092307686], [2491.5624923076916, 23054.643061538456], [2476.182476923076, 23039.26304615384], [2460.802461538461, 23023.883030769226], [2445.4224461538456, 23008.50301538461], [2430.04243076923, 22993.122999999992], [2414.6624153846146, 22977.74298461538], [2383.902384615384, 22977.74298461538], [2368.5223692307686, 22993.122999999992], [2353.142353846153, 23008.50301538461], [2337.762338461538, 22993.122999999992], [2337.762338461538, 22962.362969230762], [2353.142353846153, 22946.98295384615], [2368.5223692307686, 22931.602938461532], [2368.5223692307686, 22900.842907692302], [2368.5223692307686, 22870.082876923072], [2368.5223692307686, 22839.32284615384], [2368.5223692307686, 22808.56281538461], [2368.5223692307686, 22777.80278461538], [2353.142353846153, 22762.422769230765], [2337.762338461538, 22747.042753846148], [2337.762338461538, 22716.282723076918], [2337.762338461538, 22685.522692307688], [2322.3823230769226, 22670.14267692307], [2307.002307692307, 22654.762661538454], [2307.002307692307, 22624.002630769224], [2322.3823230769226, 22608.62261538461], [2353.142353846153, 22608.62261538461], [2383.902384615384, 22608.62261538461], [2414.6624153846146, 22608.62261538461], [2445.4224461538456, 22608.62261538461], [2476.182476923076, 22608.62261538461], [2506.942507692307, 22608.62261538461], [2537.7025384615376, 22608.62261538461], [2553.082553846153, 22624.002630769224], [2568.4625692307686, 22639.38264615384], [2599.222599999999, 22639.38264615384], [2614.6026153846146, 22654.762661538454], [2629.98263076923, 22670.14267692307], [2660.742661538461, 22670.14267692307], [2676.122676923076, 22685.522692307688], [2691.5026923076916, 22700.9027076923], [2706.882707692307, 22716.282723076918], [2722.2627230769226, 22731.66273846153], [2737.6427384615376, 22747.042753846148], [2753.022753846153, 22762.422769230765], [2768.4027692307686, 22777.80278461538], [2783.782784615384, 22793.182799999995], [2799.162799999999, 22808.56281538461], [2799.162799999999, 22839.32284615384], [2814.5428153846146, 22854.702861538455], [2829.92283076923, 22870.082876923072], [2829.92283076923, 22900.842907692302], [2845.3028461538456, 22916.222923076915], [2860.6828615384607, 22931.602938461532], [2860.6828615384607, 22962.362969230762], [2876.062876923076, 22977.74298461538], [2891.4428923076916, 22993.122999999992], [2891.4428923076916, 23023.883030769226], [2891.4428923076916, 23054.643061538456], [2891.4428923076916, 23085.403092307686], [2891.4428923076916, 23116.163123076916], [2891.4428923076916, 23146.923153846146], [2891.4428923076916, 23177.68318461538], [2891.4428923076916, 23208.44321538461], [2891.4428923076916, 23239.20324615384], [2891.4428923076916, 23269.96327692307], [2891.4428923076916, 23300.7233076923], [2891.4428923076916, 23331.483338461534], [2891.4428923076916, 23362.243369230764], [2876.062876923076, 23377.623384615377], [2860.6828615384607, 23393.003399999994], [2860.6828615384607, 23423.763430769224], [2845.3028461538456, 23439.14344615384], [2829.92283076923, 23454.523461538454], [2829.92283076923, 23485.283492307684], [2814.5428153846146, 23500.6635076923], [2799.162799999999, 23516.043523076918], [2783.782784615384, 23531.42353846153], [2768.4027692307686, 23546.803553846148], [2753.022753846153, 23562.18356923076]]]}, "properties": {"objectType": "annotation", "name": "R1_3_T|peri_20", "classification": {"name": "peri", "color": [25, 158, 112]}, "lesion_id": 20, "section": "R1_3_T", "area_um2": 36649.99999999992, "lesion_ids": [20]}}, {"type": "Feature", "geometry": {"type": "Polygon", "coordinates": [[[9520.229523076921, 25715.385723076917], [9489.469492307691, 25715.385723076917], [9458.70946153846, 25715.385723076917], [9427.94943076923, 25715.385723076917], [9397.1894, 25715.385723076917], [9366.429369230767, 25715.385723076917], [9351.049353846152, 25700.0057076923], [9335.669338461537, 25684.625692307687], [9304.909307692305, 25684.625692307687], [9274.149276923075, 25684.625692307687], [9243.389246153845, 25684.625692307687], [9212.629215384613, 25684.625692307687], [9181.869184615383, 25684.625692307687], [9151.109153846151, 25684.625692307687], [9135.729138461536, 25669.24567692307], [9135.729138461536, 25638.48564615384], [9120.349123076921, 25623.105630769223], [9104.969107692306, 25607.72561538461], [9120.349123076921, 25592.345599999993], [9135.729138461536, 25576.965584615376], [9135.729138461536, 25546.205553846146], [9151.109153846151, 25530.825538461533], [9166.489169230768, 25515.445523076916], [9166.489169230768, 25484.685492307686], [9181.869184615383, 25469.30547692307], [9197.249199999998, 25453.925461538456], [9212.629215384613, 25438.54544615384], [9228.009230769228, 25423.165430769222], [9243.389246153845, 25407.78541538461], [9258.76926153846, 25392.405399999992], [9258.76926153846, 25361.645369230762], [9258.76926153846, 25330.885338461532], [9274.149276923075, 25315.505323076915], [9289.52929230769, 25300.125307692302], [9289.52929230769, 25269.365276923072], [9289.52929230769, 25238.60524615384], [9289.52929230769, 25207.84521538461], [9289.52929230769, 25177.08518461538], [9289.52929230769, 25146.325153846148], [9274.149276923075, 25130.94513846153], [9258.76926153846, 25115.565123076918], [9258.76926153846, 25084.805092307684], [9258.76926153846, 25054.045061538454], [9258.76926153846, 25023.285030769224], [9258.76926153846, 24992.524999999994], [9258.76926153846, 24961.764969230764], [9274.149276923075, 24946.384953846147], [9289.52929230769, 24931.00493846153], [9289.52929230769, 24900.2449076923], [9289.52929230769, 24869.48487692307], [9274.149276923075, 24854.104861538453], [9258.76926153846, 24838.72484615384], [9258.76926153846, 24807.96481538461], [9258.76926153846, 24777.204784615376], [9258.76926153846, 24746.444753846146], [9243.389246153845, 24731.064738461533], [9228.009230769228, 24715.684723076916], [9228.009230769228, 24684.924692307686], [9228.009230769228, 24654.164661538456], [9212.629215384613, 24638.78464615384], [9197.249199999998, 24623.404630769226], [9181.869184615383, 24608.02461538461], [9166.489169230768, 24592.644599999992], [9181.869184615383, 24577.26458461538], [9197.249199999998, 24561.884569230762], [9197.249199999998, 24531.124538461532], [9181.869184615383, 24515.744523076915], [9166.489169230768, 24500.364507692302], [9151.109153846151, 24484.984492307685], [9135.729138461536, 24469.604476923072], [9120.349123076921, 24454.224461538455], [9104.969107692306, 24438.84444615384], [9089.589092307691, 24423.464430769225], [9074.209076923076, 24408.08441538461], [9058.82906153846, 24392.704399999995], [9043.449046153844, 24377.32438461538], [9028.06903076923, 24361.94436923076], [9012.689015384614, 24346.564353846148], [8997.309, 24331.18433846153], [8981.928984615382, 24315.804323076918], [8966.548969230767, 24300.4243076923], [8935.788938461537, 24300.4243076923], [8905.028907692305, 24300.4243076923], [8874.268876923075, 24300.4243076923], [8858.88886153846, 24315.804323076918], [8843.508846153845, 24331.18433846153], [8812.748815384613, 24331.18433846153], [8797.368799999998, 24315.804323076918], [8781.988784615383, 24300.4243076923], [8766.608769230768, 24315.804323076918], [8751.228753846153, 24331.18433846153], [8720.468723076921, 24331.18433846153], [8705.088707692306, 24315.804323076918], [8689.708692307691, 24300.4243076923], [8658.94866153846, 24300.4243076923], [8628.18863076923, 24300.4243076923], [8597.4286, 24300.4243076923], [8582.048584615382, 24285.044292307684], [8566.668569230767, 24269.66427692307], [8535.908538461537, 24269.66427692307], [8505.148507692305, 24269.66427692307], [8489.76849230769, 24254.284261538454], [8474.388476923075, 24238.90424615384], [8443.628446153845, 24238.90424615384], [8428.24843076923, 24223.524230769224], [8412.868415384613, 24208.144215384607], [8382.108384615383, 24208.144215384607], [8366.728369230768, 24192.764199999994], [8351.348353846153, 24177.384184615377], [8335.968338461536, 24162.004169230764], [8320.588323076921, 24146.624153846147], [8305.208307692306, 24131.24413846153], [8305.208307692306, 24100.4841076923], [8289.828292307691, 24085.104092307687], [8274.448276923076, 24069.72407692307], [8274.448276923076, 24038.96404615384], [8259.06826153846, 24023.584030769223], [8243.688246153844, 24008.20401538461], [8228.30823076923, 23992.823999999993], [8212.928215384614, 23977.44398461538], [8197.5482, 23962.063969230763], [8166.788169230768, 23962.063969230763], [8151.408153846152, 23977.44398461538], [8136.028138461537, 23992.823999999993], [8120.648123076921, 24008.20401538461], [8105.268107692306, 24023.584030769223], [8074.508076923075, 24023.584030769223], [8059.12806153846, 24038.96404615384], [8043.748046153845, 24054.344061538457], [8012.988015384614, 24054.344061538457], [7997.607999999998, 24038.96404615384], [7982.227984615383, 24023.584030769223], [7966.847969230768, 24008.20401538461], [7951.467953846152, 23992.823999999993], [7936.087938461537, 23977.44398461538], [7920.707923076922, 23962.063969230763], [7905.327907692306, 23946.683953846146], [7889.947892307691, 23931.303938461533], [7874.567876923075, 23946.683953846146], [7859.18786153846, 23962.063969230763], [7843.807846153845, 23977.44398461538], [7828.427830769229, 23992.823999999993], [7813.047815384614, 24008.20401538461], [7797.667799999998, 24023.584030769223], [7766.907769230768, 24023.584030769223], [7751.527753846152, 24038.96404615384], [7736.147738461537, 24054.344061538457], [7705.387707692306, 24054.344061538457], [7690.007692307691, 24069.72407692307], [7674.627676923075, 24085.104092307687], [7659.24766153846, 24100.4841076923], [7643.867646153845, 24115.864123076917], [7628.487630769229, 24131.24413846153], [7628.487630769229, 24162.004169230764], [7613.107615384614, 24177.384184615377], [7597.727599999999, 24192.764199999994], [7597.727599999999, 24223.524230769224], [7582.347584615383, 24238.90424615384], [7566.967569230768, 24254.284261538454], [7551.587553846152, 24269.66427692307], [7536.207538461537, 24285.044292307684], [7536.207538461537, 24315.804323076918], [7536.207538461537, 24346.564353846148], [7536.207538461537, 24377.32438461538], [7551.587553846152, 24392.704399999995], [7566.967569230768, 24408.08441538461], [7551.587553846152, 24423.464430769225], [7536.207538461537, 24438.84444615384], [7536.207538461537, 24469.604476923072], [7536.207538461537, 24500.364507692302], [7520.827523076922, 24515.744523076915], [7505.447507692306, 24531.124538461532], [7505.447507692306, 24561.884569230762], [7505.447507692306, 24592.644599999992], [7520.827523076922, 24608.02461538461], [7536.207538461537, 24623.404630769226], [7536.207538461537, 24654.164661538456], [7551.587553846152, 24669.54467692307], [7566.967569230768, 24684.924692307686], [7566.967569230768, 24715.684723076916], [7582.347584615383, 24731.064738461533], [7597.727599999999, 24746.444753846146], [7597.727599999999, 24777.204784615376], [7613.107615384614, 24792.584799999993], [7628.487630769229, 24807.96481538461], [7628.487630769229, 24838.72484615384], [7643.867646153845, 24854.104861538453], [7659.24766153846, 24869.48487692307], [7659.24766153846, 24900.2449076923], [7674.627676923075, 24915.624923076917], [7690.007692307691, 24931.00493846153], [7690.007692307691, 24961.764969230764], [7690.007692307691, 24992.524999999994], [7690.007692307691, 25023.285030769224], [7690.007692307691, 25054.045061538454], [7705.387707692306, 25069.42507692307], [7720.767723076922, 25084.805092307684], [7705.387707692306, 25100.1851076923], [7674.627676923075, 25100.1851076923], [7643.867646153845, 25100.1851076923], [7628.487630769229, 25084.805092307684], [7613.107615384614, 25069.42507692307], [7582.347584615383, 25069.42507692307], [7566.967569230768, 25054.045061538454], [7551.587553846152, 25038.66504615384], [7520.827523076922, 25038.66504615384], [7505.447507692306, 25023.285030769224], [7505.447507692306, 24992.524999999994], [7505.447507692306, 24961.764969230764], [7490.067492307691, 24946.384953846147], [7474.687476923075, 24931.00493846153], [7459.30746153846, 24915.624923076917], [7443.927446153845, 24900.2449076923], [7443.927446153845, 24869.48487692307], [7443.927446153845, 24838.72484615384], [7443.927446153845, 24807.96481538461], [7443.927446153845, 24777.204784615376], [7443.927446153845, 24746.444753846146], [7428.547430769229, 24731.064738461533], [7413.167415384614, 24715.684723076916], [7413.167415384614, 24684.924692307686], [7397.787399999999, 24669.54467692307], [7382.407384615383, 24654.164661538456], [7382.407384615383, 24623.404630769226], [7382.407384615383, 24592.644599999992], [7382.407384615383, 24561.884569230762], [7382.407384615383, 24531.124538461532], [7397.787399999999, 24515.744523076915], [7413.167415384614, 24500.364507692302], [7413.167415384614, 24469.604476923072], [7413.167415384614, 24438.84444615384], [7413.167415384614, 24408.08441538461], [7413.167415384614, 24377.32438461538], [7413.167415384614, 24346.564353846148], [7413.167415384614, 24315.804323076918], [7397.787399999999, 24300.4243076923], [7382.407384615383, 24285.044292307684], [7382.407384615383, 24254.284261538454], [7367.027369230768, 24238.90424615384], [7351.647353846152, 24223.524230769224], [7351.647353846152, 24192.764199999994], [7351.647353846152, 24162.004169230764], [7351.647353846152, 24131.24413846153], [7351.647353846152, 24100.4841076923], [7367.027369230768, 24085.104092307687], [7382.407384615383, 24069.72407692307], [7382.407384615383, 24038.96404615384], [7397.787399999999, 24023.584030769223], [7413.167415384614, 24008.20401538461], [7428.547430769229, 23992.823999999993], [7443.927446153845, 23977.44398461538], [7443.927446153845, 23946.683953846146], [7459.30746153846, 23931.303938461533], [7474.687476923075, 23915.923923076916], [7474.687476923075, 23885.163892307686], [7474.687476923075, 23854.403861538456], [7459.30746153846, 23839.02384615384], [7443.927446153845, 23823.643830769226], [7443.927446153845, 23792.883799999992], [7428.547430769229, 23777.50378461538], [7413.167415384614, 23762.123769230762], [7428.547430769229, 23746.74375384615], [7443.927446153845, 23731.363738461532], [7459.30746153846, 23715.983723076915], [7474.687476923075, 23700.603707692302], [7490.067492307691, 23685.223692307685], [7520.827523076922, 23685.223692307685], [7536.207538461537, 23669.843676923072], [7551.587553846152, 23654.463661538455], [7566.967569230768, 23639.08364615384], [7582.347584615383, 23623.703630769225], [7613.107615384614, 23623.703630769225], [7628.487630769229, 23608.32361538461], [7643.867646153845, 23592.943599999995], [7659.24766153846, 23577.56358461538], [7674.627676923075, 23562.18356923076], [7705.387707692306, 23562.18356923076], [7720.767723076922, 23546.803553846148], [7736.147738461537, 23531.42353846153], [7766.907769230768, 23531.42353846153], [7797.667799999998, 23531.42353846153], [7813.047815384614, 23516.043523076918], [7828.427830769229, 23500.6635076923], [7859.18786153846, 23500.6635076923], [7889.947892307691, 23500.6635076923], [7920.707923076922, 23500.6635076923], [7951.467953846152, 23500.6635076923], [7966.847969230768, 23516.043523076918], [7982.227984615383, 23531.42353846153], [8012.988015384614, 23531.42353846153], [8043.748046153845, 23531.42353846153], [8059.12806153846, 23546.803553846148], [8074.508076923075, 23562.18356923076], [8089.888092307691, 23546.803553846148], [8105.268107692306, 23531.42353846153], [8136.028138461537, 23531.42353846153], [8166.788169230768, 23531.42353846153], [8197.5482, 23531.42353846153], [8228.30823076923, 23531.42353846153], [8259.06826153846, 23531.42353846153], [8274.448276923076, 23546.803553846148], [8289.828292307691, 23562.18356923076], [8320.588323076921, 23562.18356923076], [8351.348353846153, 23562.18356923076], [8366.728369230768, 23577.56358461538], [8382.108384615383, 23592.943599999995], [8412.868415384613, 23592.943599999995], [8428.24843076923, 23608.32361538461], [8443.628446153845, 23623.703630769225], [8459.00846153846, 23639.08364615384], [8474.388476923075, 23654.463661538455], [8505.148507692305, 23654.463661538455], [8520.528523076922, 23669.843676923072], [8535.908538461537, 23685.223692307685], [8551.288553846152, 23700.603707692302], [8566.668569230767, 23715.983723076915], [8582.048584615382, 23731.363738461532], [8582.048584615382, 23762.123769230762], [8597.4286, 23777.50378461538], [8612.808615384614, 23792.883799999992], [8628.18863076923, 23808.26381538461], [8643.568646153844, 23823.643830769226], [8643.568646153844, 23854.403861538456], [8658.94866153846, 23869.78387692307], [8689.708692307691, 23869.78387692307], [8720.468723076921, 23869.78387692307], [8751.228753846153, 23869.78387692307], [8781.988784615383, 23869.78387692307], [8812.748815384613, 23869.78387692307], [8843.508846153845, 23869.78387692307], [8874.268876923075, 23869.78387692307], [8905.028907692305, 23869.78387692307], [8935.788938461537, 23869.78387692307], [8966.548969230767, 23869.78387692307], [8997.309, 23869.78387692307], [9028.06903076923, 23869.78387692307], [9043.449046153844, 23885.163892307686], [9058.82906153846, 23900.543907692303], [9089.589092307691, 23900.543907692303], [9120.349123076921, 23900.543907692303], [9135.729138461536, 23915.923923076916], [9151.109153846151, 23931.303938461533], [9181.869184615383, 23931.303938461533], [9197.249199999998, 23946.683953846146], [9212.629215384613, 23962.063969230763], [9228.009230769228, 23977.44398461538], [9243.389246153845, 23992.823999999993], [9274.149276923075, 23992.823999999993], [9289.52929230769, 24008.20401538461], [9304.909307692305, 24023.584030769223], [9320.289323076922, 24038.96404615384], [9335.669338461537, 24054.344061538457], [9351.049353846152, 24069.72407692307], [9366.429369230767, 24085.104092307687], [9381.809384615382, 24100.4841076923], [9397.1894, 24115.864123076917], [9412.569415384614, 24131.24413846153], [9427.94943076923, 24146.624153846147], [9443.329446153844, 24162.004169230764], [9458.70946153846, 24177.384184615377], [9474.089476923074, 24192.764199999994], [9489.469492307691, 24208.144215384607], [9504.849507692306, 24223.524230769224], [9504.849507692306, 24254.284261538454], [9520.229523076921, 24269.66427692307], [9535.609538461536, 24285.044292307684], [9550.989553846151, 24300.4243076923], [9566.369569230768, 24315.804323076918], [9566.369569230768, 24346.564353846148], [9581.749584615383, 24361.94436923076], [9597.129599999998, 24377.32438461538], [9597.129599999998, 24408.08441538461], [9597.129599999998, 24438.84444615384], [9612.509615384613, 24454.224461538455], [9627.889630769228, 24469.604476923072], [9627.889630769228, 24500.364507692302], [9627.889630769228, 24531.124538461532], [9627.889630769228, 24561.884569230762], [9643.269646153845, 24577.26458461538], [9658.64966153846, 24592.644599999992], [9658.64966153846, 24623.404630769226], [9658.64966153846, 24654.164661538456], [9674.029676923075, 24669.54467692307], [9689.40969230769, 24684.924692307686], [9689.40969230769, 24715.684723076916], [9689.40969230769, 24746.444753846146], [9689.40969230769, 24777.204784615376], [9704.789707692305, 24792.584799999993], [9720.169723076922, 24807.96481538461], [9720.169723076922, 24838.72484615384], [9720.169723076922, 24869.48487692307], [9720.169723076922, 24900.2449076923], [9720.169723076922, 24931.00493846153], [9720.169723076922, 24961.764969230764], [9720.169723076922, 24992.524999999994], [9704.789707692305, 25007.905015384607], [9689.40969230769, 25023.285030769224], [9689.40969230769, 25054.045061538454], [9704.789707692305, 25069.42507692307], [9720.169723076922, 25084.805092307684], [9720.169723076922, 25115.565123076918], [9720.169723076922, 25146.325153846148], [9720.169723076922, 25177.08518461538], [9720.169723076922, 25207.84521538461], [9720.169723076922, 25238.60524615384], [9720.169723076922, 25269.365276923072], [9720.169723076922, 25300.125307692302], [9720.169723076922, 25330.885338461532], [9720.169723076922, 25361.645369230762], [9704.789707692305, 25377.02538461538], [9689.40969230769, 25392.405399999992], [9689.40969230769, 25423.165430769222], [9689.40969230769, 25453.925461538456], [9674.029676923075, 25469.30547692307], [9658.64966153846, 25484.685492307686], [9658.64966153846, 25515.445523076916], [9658.64966153846, 25546.205553846146], [9643.269646153845, 25561.585569230763], [9627.889630769228, 25576.965584615376], [9627.889630769228, 25607.72561538461], [9612.509615384613, 25623.105630769223], [9597.129599999998, 25638.48564615384], [9581.749584615383, 25653.865661538453], [9566.369569230768, 25669.24567692307], [9550.989553846151, 25684.625692307687], [9535.609538461536, 25700.0057076923], [9520.229523076921, 25715.385723076917]]]}, "properties": {"objectType": "annotation", "name": "P2_3_L|peri_21", "classification": {"name": "peri", "color": [25, 158, 112]}, "lesion_id": 21, "section": "P2_3_L", "area_um2": 183150.0000000002, "lesion_ids": [21]}}, {"type": "Feature", "geometry": {"type": "Polygon", "coordinates": [[[9427.94943076923, 26022.986030769225], [9397.1894, 26022.986030769225], [9366.429369230767, 26022.986030769225], [9335.669338461537, 26022.986030769225], [9304.909307692305, 26022.986030769225], [9274.149276923075, 26022.986030769225], [9243.389246153845, 26022.986030769225], [9212.629215384613, 26022.986030769225], [9181.869184615383, 26022.986030769225], [9151.109153846151, 26022.986030769225], [9120.349123076921, 26022.986030769225], [9089.589092307691, 26022.986030769225], [9058.82906153846, 26022.986030769225], [9028.06903076923, 26022.986030769225], [8997.309, 26022.986030769225], [8966.548969230767, 26022.986030769225], [8935.788938461537, 26022.986030769225], [8905.028907692305, 26022.986030769225], [8889.64889230769, 26007.60601538461], [8874.268876923075, 25992.225999999995], [8843.508846153845, 25992.225999999995], [8812.748815384613, 25992.225999999995], [8781.988784615383, 25992.225999999995], [8766.608769230768, 25976.84598461538], [8751.228753846153, 25961.46596923076], [8720.468723076921, 25961.46596923076], [8689.708692307691, 25961.46596923076], [8674.328676923076, 25946.08595384615], [8658.94866153846, 25930.70593846153], [8628.18863076923, 25930.70593846153], [8612.808615384614, 25915.325923076918], [8597.4286, 25899.9459076923], [8566.668569230767, 25899.9459076923], [8551.288553846152, 25884.565892307684], [8535.908538461537, 25869.18587692307], [8520.528523076922, 25853.805861538454], [8505.148507692305, 25838.42584615384], [8474.388476923075, 25838.42584615384], [8459.00846153846, 25823.045830769224], [8443.628446153845, 25807.665815384607], [8428.24843076923, 25792.285799999994], [8412.868415384613, 25776.905784615377], [8382.108384615383, 25776.905784615377], [8351.348353846153, 25776.905784615377], [8320.588323076921, 25776.905784615377], [8289.828292307691, 25776.905784615377], [8259.06826153846, 25776.905784615377], [8243.688246153844, 25792.285799999994], [8228.30823076923, 25807.665815384607], [8197.5482, 25807.665815384607], [8166.788169230768, 25807.665815384607], [8151.408153846152, 25792.285799999994], [8136.028138461537, 25776.905784615377], [8105.268107692306, 25776.905784615377], [8089.888092307691, 25761.525769230764], [8074.508076923075, 25746.145753846147], [8043.748046153845, 25746.145753846147], [8028.368030769229, 25730.76573846153], [8012.988015384614, 25715.385723076917], [7997.607999999998, 25700.0057076923], [7982.227984615383, 25684.625692307687], [7966.847969230768, 25669.24567692307], [7951.467953846152, 25653.865661538453], [7936.087938461537, 25638.48564615384], [7936.087938461537, 25607.72561538461], [7920.707923076922, 25592.345599999993], [7889.947892307691, 25592.345599999993], [7859.18786153846, 25592.345599999993], [7828.427830769229, 25592.345599999993], [7813.047815384614, 25607.72561538461], [7797.667799999998, 25623.105630769223], [7782.287784615383, 25607.72561538461], [7766.907769230768, 25592.345599999993], [7751.527753846152, 25576.965584615376], [7736.147738461537, 25561.585569230763], [7720.767723076922, 25546.205553846146], [7705.387707692306, 25530.825538461533], [7690.007692307691, 25515.445523076916], [7674.627676923075, 25500.0655076923], [7659.24766153846, 25484.685492307686], [7643.867646153845, 25469.30547692307], [7628.487630769229, 25453.925461538456], [7613.107615384614, 25438.54544615384], [7582.347584615383, 25438.54544615384], [7566.967569230768, 25423.165430769222], [7551.587553846152, 25407.78541538461], [7520.827523076922, 25407.78541538461], [7505.447507692306, 25392.405399999992], [7490.067492307691, 25377.02538461538], [7459.30746153846, 25377.02538461538], [7443.927446153845, 25361.645369230762], [7428.547430769229, 25346.26535384615], [7397.787399999999, 25346.26535384615], [7382.407384615383, 25330.885338461532], [7367.027369230768, 25315.505323076915], [7351.647353846152, 25300.125307692302], [7336.267338461537, 25284.745292307685], [7320.887323076922, 25269.365276923072], [7305.507307692306, 25253.985261538455], [7290.127292307691, 25238.60524615384], [7274.747276923076, 25223.225230769225], [7259.36726153846, 25207.84521538461], [7259.36726153846, 25177.08518461538], [7259.36726153846, 25146.325153846148], [7259.36726153846, 25115.565123076918], [7259.36726153846, 25084.805092307684], [7243.987246153845, 25069.42507692307], [7228.607230769229, 25054.045061538454], [7228.607230769229, 25023.285030769224], [7213.227215384614, 25007.905015384607], [7197.847199999999, 24992.524999999994], [7197.847199999999, 24961.764969230764], [7182.467184615383, 24946.384953846147], [7167.087169230768, 24931.00493846153], [7167.087169230768, 24900.2449076923], [7151.707153846152, 24884.864892307687], [7136.327138461537, 24869.48487692307], [7136.327138461537, 24838.72484615384], [7120.947123076922, 24823.344830769223], [7105.567107692306, 24807.96481538461], [7105.567107692306, 24777.204784615376], [7105.567107692306, 24746.444753846146], [7090.187092307691, 24731.064738461533], [7074.807076923076, 24715.684723076916], [7074.807076923076, 24684.924692307686], [7074.807076923076, 24654.164661538456], [7074.807076923076, 24623.404630769226], [7074.807076923076, 24592.644599999992], [7074.807076923076, 24561.884569230762], [7074.807076923076, 24531.124538461532], [7074.807076923076, 24500.364507692302], [7074.807076923076, 24469.604476923072], [7090.187092307691, 24454.224461538455], [7105.567107692306, 24438.84444615384], [7105.567107692306, 24408.08441538461], [7105.567107692306, 24377.32438461538], [7090.187092307691, 24361.94436923076], [7074.807076923076, 24346.564353846148], [7074.807076923076, 24315.804323076918], [7074.807076923076, 24285.044292307684], [7090.187092307691, 24269.66427692307], [7105.567107692306, 24254.284261538454], [7105.567107692306, 24223.524230769224], [7105.567107692306, 24192.764199999994], [7105.567107692306, 24162.004169230764], [7105.567107692306, 24131.24413846153], [7120.947123076922, 24115.864123076917], [7136.327138461537, 24100.4841076923], [7136.327138461537, 24069.72407692307], [7151.707153846152, 24054.344061538457], [7167.087169230768, 24038.96404615384], [7167.087169230768, 24008.20401538461], [7182.467184615383, 23992.823999999993], [7197.847199999999, 23977.44398461538], [7213.227215384614, 23962.063969230763], [7228.607230769229, 23946.683953846146], [7228.607230769229, 23915.923923076916], [7243.987246153845, 23900.543907692303], [7259.36726153846, 23885.163892307686], [7259.36726153846, 23854.403861538456], [7274.747276923076, 23839.02384615384], [7290.127292307691, 23823.643830769226], [7305.507307692306, 23808.26381538461], [7320.887323076922, 23792.883799999992], [7336.267338461537, 23777.50378461538], [7351.647353846152, 23792.883799999992], [7367.027369230768, 23808.26381538461], [7382.407384615383, 23823.643830769226], [7382.407384615383, 23854.403861538456], [7382.407384615383, 23885.163892307686], [7382.407384615383, 23915.923923076916], [7367.027369230768, 23931.303938461533], [7351.647353846152, 23946.683953846146], [7336.267338461537, 23962.063969230763], [7320.887323076922, 23977.44398461538], [7320.887323076922, 24008.20401538461], [7320.887323076922, 24038.96404615384], [7305.507307692306, 24054.344061538457], [7290.127292307691, 24069.72407692307], [7290.127292307691, 24100.4841076923], [7290.127292307691, 24131.24413846153], [7274.747276923076, 24146.624153846147], [7259.36726153846, 24162.004169230764], [7274.747276923076, 24177.384184615377], [7290.127292307691, 24192.764199999994], [7290.127292307691, 24223.524230769224], [7290.127292307691, 24254.284261538454], [7305.507307692306, 24269.66427692307], [7320.887323076922, 24285.044292307684], [7320.887323076922, 24315.804323076918], [7320.887323076922, 24346.564353846148], [7336.267338461537, 24361.94436923076], [7351.647353846152, 24377.32438461538], [7351.647353846152, 24408.08441538461], [7351.647353846152, 24438.84444615384], [7336.267338461537, 24454.224461538455], [7320.887323076922, 24469.604476923072], [7320.887323076922, 24500.364507692302], [7320.887323076922, 24531.124538461532], [7305.507307692306, 24546.50455384615], [7290.127292307691, 24561.884569230762], [7290.127292307691, 24592.644599999992], [7305.507307692306, 24608.02461538461], [7320.887323076922, 24623.404630769226], [7320.887323076922, 24654.164661538456], [7320.887323076922, 24684.924692307686], [7336.267338461537, 24700.304707692303], [7351.647353846152, 24715.684723076916], [7351.647353846152, 24746.444753846146], [7351.647353846152, 24777.204784615376], [7351.647353846152, 24807.96481538461], [7367.027369230768, 24823.344830769223], [7382.407384615383, 24838.72484615384], [7382.407384615383, 24869.48487692307], [7382.407384615383, 24900.2449076923], [7367.027369230768, 24915.624923076917], [7351.647353846152, 24931.00493846153], [7367.027369230768, 24946.384953846147], [7382.407384615383, 24961.764969230764], [7397.787399999999, 24977.144984615377], [7413.167415384614, 24992.524999999994], [7428.547430769229, 25007.905015384607], [7443.927446153845, 25023.285030769224], [7443.927446153845, 25054.045061538454], [7443.927446153845, 25084.805092307684], [7459.30746153846, 25100.1851076923], [7474.687476923075, 25115.565123076918], [7490.067492307691, 25130.94513846153], [7520.827523076922, 25130.94513846153], [7551.587553846152, 25130.94513846153], [7582.347584615383, 25130.94513846153], [7597.727599999999, 25146.325153846148], [7613.107615384614, 25161.70516923076], [7643.867646153845, 25161.70516923076], [7674.627676923075, 25161.70516923076], [7690.007692307691, 25177.08518461538], [7705.387707692306, 25192.465199999995], [7720.767723076922, 25207.84521538461], [7736.147738461537, 25223.225230769225], [7766.907769230768, 25223.225230769225], [7782.287784615383, 25238.60524615384], [7797.667799999998, 25253.985261538455], [7813.047815384614, 25269.365276923072], [7828.427830769229, 25284.745292307685], [7859.18786153846, 25284.745292307685], [7874.567876923075, 25300.125307692302], [7889.947892307691, 25315.505323076915], [7905.327907692306, 25330.885338461532], [7920.707923076922, 25346.26535384615], [7936.087938461537, 25361.645369230762], [7951.467953846152, 25377.02538461538], [7966.847969230768, 25392.405399999992], [7982.227984615383, 25407.78541538461], [7997.607999999998, 25423.165430769222], [8012.988015384614, 25438.54544615384], [8028.368030769229, 25453.925461538456], [8043.748046153845, 25469.30547692307], [8059.12806153846, 25484.685492307686], [8074.508076923075, 25500.0655076923], [8105.268107692306, 25500.0655076923], [8136.028138461537, 25500.0655076923], [8166.788169230768, 25500.0655076923], [8182.168184615382, 25515.445523076916], [8197.5482, 25530.825538461533], [8212.928215384614, 25515.445523076916], [8228.30823076923, 25500.0655076923], [8259.06826153846, 25500.0655076923], [8289.828292307691, 25500.0655076923], [8305.208307692306, 25484.685492307686], [8320.588323076921, 25469.30547692307], [8351.348353846153, 25469.30547692307], [8382.108384615383, 25469.30547692307], [8412.868415384613, 25469.30547692307], [8428.24843076923, 25484.685492307686], [8443.628446153845, 25500.0655076923], [8474.388476923075, 25500.0655076923], [8505.148507692305, 25500.0655076923], [8520.528523076922, 25515.445523076916], [8535.908538461537, 25530.825538461533], [8551.288553846152, 25546.205553846146], [8566.668569230767, 25561.585569230763], [8582.048584615382, 25576.965584615376], [8597.4286, 25592.345599999993], [8628.18863076923, 25592.345599999993], [8643.568646153844, 25607.72561538461], [8658.94866153846, 25623.105630769223], [8674.328676923076, 25638.48564615384], [8689.708692307691, 25653.865661538453], [8705.088707692306, 25669.24567692307], [8720.468723076921, 25684.625692307687], [8751.228753846153, 25684.625692307687], [8781.988784615383, 25684.625692307687], [8797.368799999998, 25700.0057076923], [8812.748815384613, 25715.385723076917], [8843.508846153845, 25715.385723076917], [8858.88886153846, 25730.76573846153], [8874.268876923075, 25746.145753846147], [8889.64889230769, 25730.76573846153], [8905.028907692305, 25715.385723076917], [8920.408923076922, 25730.76573846153], [8935.788938461537, 25746.145753846147], [8951.168953846152, 25730.76573846153], [8966.548969230767, 25715.385723076917], [8981.928984615382, 25730.76573846153], [8997.309, 25746.145753846147], [9028.06903076923, 25746.145753846147], [9058.82906153846, 25746.145753846147], [9089.589092307691, 25746.145753846147], [9120.349123076921, 25746.145753846147], [9135.729138461536, 25761.525769230764], [9151.109153846151, 25776.905784615377], [9166.489169230768, 25761.525769230764], [9181.869184615383, 25746.145753846147], [9197.249199999998, 25761.525769230764], [9212.629215384613, 25776.905784615377], [9228.009230769228, 25761.525769230764], [9243.389246153845, 25746.145753846147], [9274.149276923075, 25746.145753846147], [9304.909307692305, 25746.145753846147], [9320.289323076922, 25761.525769230764], [9335.669338461537, 25776.905784615377], [9366.429369230767, 25776.905784615377], [9397.1894, 25776.905784615377], [9427.94943076923, 25776.905784615377], [9443.329446153844, 25792.285799999994], [9458.70946153846, 25807.665815384607], [9474.089476923074, 25792.285799999994], [9489.469492307691, 25776.905784615377], [9520.229523076921, 25776.905784615377], [9550.989553846151, 25776.905784615377], [9566.369569230768, 25792.285799999994], [9566.369569230768, 25823.045830769224], [9550.989553846151, 25838.42584615384], [9535.609538461536, 25853.805861538454], [9535.609538461536, 25884.565892307684], [9520.229523076921, 25899.9459076923], [9504.849507692306, 25915.325923076918], [9504.849507692306, 25946.08595384615], [9489.469492307691, 25961.46596923076], [9474.089476923074, 25976.84598461538], [9458.70946153846, 25992.225999999995], [9443.329446153844, 26007.60601538461], [9427.94943076923, 26022.986030769225]]]}, "properties": {"objectType": "annotation", "name": "P2_3_L|peri_21", "classification": {"name": "peri", "color": [25, 158, 112]}, "lesion_id": 21, "section": "P2_3_L", "area_um2": 94850.0000000006, "lesion_ids": [21]}}, {"type": "Feature", "geometry": {"type": "Polygon", "coordinates": [[[3860.3838615384607, 24700.304707692303], [3829.6238307692297, 24700.304707692303], [3798.863799999999, 24700.304707692303], [3768.103769230768, 24700.304707692303], [3737.3437384615377, 24700.304707692303], [3706.5837076923067, 24700.304707692303], [3675.823676923076, 24700.304707692303], [3660.4436615384607, 24684.924692307686], [3660.4436615384607, 24654.164661538456], [3675.823676923076, 24638.78464615384], [3691.2036923076917, 24623.404630769226], [3706.5837076923067, 24608.02461538461], [3721.963723076922, 24592.644599999992], [3737.3437384615377, 24577.26458461538], [3752.723753846153, 24561.884569230762], [3737.3437384615377, 24546.50455384615], [3721.963723076922, 24531.124538461532], [3706.5837076923067, 24515.744523076915], [3691.2036923076917, 24500.364507692302], [3675.823676923076, 24484.984492307685], [3645.063646153845, 24484.984492307685], [3614.3036153846147, 24484.984492307685], [3583.5435846153837, 24484.984492307685], [3568.163569230768, 24500.364507692302], [3552.783553846153, 24515.744523076915], [3537.4035384615377, 24500.364507692302], [3522.023523076922, 24484.984492307685], [3491.2634923076916, 24484.984492307685], [3460.5034615384607, 24484.984492307685], [3445.123446153845, 24500.364507692302], [3429.74343076923, 24515.744523076915], [3414.3634153846147, 24531.124538461532], [3398.983399999999, 24546.50455384615], [3383.6033846153837, 24531.124538461532], [3383.6033846153837, 24500.364507692302], [3368.2233692307686, 24484.984492307685], [3352.843353846153, 24469.604476923072], [3337.4633384615377, 24454.224461538455], [3322.083323076922, 24438.84444615384], [3306.703307692307, 24423.464430769225], [3291.3232923076916, 24408.08441538461], [3275.943276923076, 24392.704399999995], [3260.5632615384607, 24377.32438461538], [3245.183246153845, 24361.94436923076], [3229.80323076923, 24346.564353846148], [3214.4232153846147, 24331.18433846153], [3199.043199999999, 24315.804323076918], [3183.6631846153837, 24300.4243076923], [3168.2831692307686, 24285.044292307684], [3168.2831692307686, 24254.284261538454], [3168.2831692307686, 24223.524230769224], [3183.6631846153837, 24208.144215384607], [3199.043199999999, 24192.764199999994], [3214.4232153846147, 24177.384184615377], [3245.183246153845, 24177.384184615377], [3260.5632615384607, 24162.004169230764], [3275.943276923076, 24146.624153846147], [3306.703307692307, 24146.624153846147], [3322.083323076922, 24131.24413846153], [3337.4633384615377, 24115.864123076917], [3368.2233692307686, 24115.864123076917], [3398.983399999999, 24115.864123076917], [3429.74343076923, 24115.864123076917], [3460.5034615384607, 24115.864123076917], [3491.2634923076916, 24115.864123076917], [3522.023523076922, 24115.864123076917], [3552.783553846153, 24115.864123076917], [3583.5435846153837, 24115.864123076917], [3614.3036153846147, 24115.864123076917], [3645.063646153845, 24115.864123076917], [3675.823676923076, 24115.864123076917], [3706.5837076923067, 24115.864123076917], [3737.3437384615377, 24115.864123076917], [3768.103769230768, 24115.864123076917], [3798.863799999999, 24115.864123076917], [3814.2438153846147, 24131.24413846153], [3829.6238307692297, 24146.624153846147], [3860.3838615384607, 24146.624153846147], [3875.763876923076, 24162.004169230764], [3891.143892307691, 24177.384184615377], [3921.903923076922, 24177.384184615377], [3937.2839384615377, 24192.764199999994], [3952.663953846153, 24208.144215384607], [3968.043969230768, 24223.524230769224], [3983.4239846153837, 24238.90424615384], [3998.803999999999, 24254.284261538454], [4014.1840153846147, 24269.66427692307], [4029.5640307692297, 24285.044292307684], [4044.944046153845, 24300.4243076923], [4060.3240615384607, 24315.804323076918], [4060.3240615384607, 24346.564353846148], [4075.704076923076, 24361.94436923076], [4091.0840923076917, 24377.32438461538], [4091.0840923076917, 24408.08441538461], [4106.464107692307, 24423.464430769225], [4121.844123076922, 24438.84444615384], [4121.844123076922, 24469.604476923072], [4121.844123076922, 24500.364507692302], [4121.844123076922, 24531.124538461532], [4121.844123076922, 24561.884569230762], [4121.844123076922, 24592.644599999992], [4106.464107692307, 24608.02461538461], [4075.704076923076, 24608.02461538461], [4044.944046153845, 24608.02461538461], [4014.1840153846147, 24608.02461538461], [3983.4239846153837, 24608.02461538461], [3968.043969230768, 24623.404630769226], [3952.663953846153, 24638.78464615384], [3921.903923076922, 24638.78464615384], [3906.5239076923067, 24654.164661538456], [3891.143892307691, 24669.54467692307], [3875.763876923076, 24684.924692307686], [3860.3838615384607, 24700.304707692303]]]}, "properties": {"objectType": "annotation", "name": "R1_3_T|peri_22", "classification": {"name": "peri", "color": [25, 158, 112]}, "lesion_id": 22, "section": "R1_3_T", "area_um2": 37950.000000000044, "lesion_ids": [22]}}, {"type": "Feature", "geometry": {"type": "Polygon", "coordinates": [[[3829.6238307692297, 25069.42507692307], [3798.863799999999, 25069.42507692307], [3768.103769230768, 25069.42507692307], [3737.3437384615377, 25069.42507692307], [3706.5837076923067, 25069.42507692307], [3675.823676923076, 25069.42507692307], [3645.063646153845, 25069.42507692307], [3629.68363076923, 25054.045061538454], [3614.3036153846147, 25038.66504615384], [3583.5435846153837, 25038.66504615384], [3552.783553846153, 25038.66504615384], [3537.4035384615377, 25023.285030769224], [3522.023523076922, 25007.905015384607], [3491.2634923076916, 25007.905015384607], [3475.883476923076, 24992.524999999994], [3460.5034615384607, 24977.144984615377], [3429.74343076923, 24977.144984615377], [3414.3634153846147, 24961.764969230764], [3398.983399999999, 24946.384953846147], [3368.2233692307686, 24946.384953846147], [3352.843353846153, 24931.00493846153], [3337.4633384615377, 24915.624923076917], [3306.703307692307, 24915.624923076917], [3291.3232923076916, 24900.2449076923], [3275.943276923076, 24884.864892307687], [3260.5632615384607, 24869.48487692307], [3245.183246153845, 24854.104861538453], [3214.4232153846147, 24854.104861538453], [3199.043199999999, 24838.72484615384], [3183.6631846153837, 24823.344830769223], [3168.2831692307686, 24807.96481538461], [3152.903153846153, 24792.584799999993], [3137.5231384615377, 24777.204784615376], [3122.143123076922, 24761.824769230763], [3106.763107692307, 24746.444753846146], [3106.763107692307, 24715.684723076916], [3091.3830923076916, 24700.304707692303], [3076.003076923076, 24684.924692307686], [3060.6230615384607, 24669.54467692307], [3045.2430461538456, 24654.164661538456], [3045.2430461538456, 24623.404630769226], [3029.86303076923, 24608.02461538461], [3014.4830153846146, 24592.644599999992], [2999.102999999999, 24577.26458461538], [2983.722984615384, 24561.884569230762], [2968.3429692307686, 24546.50455384615], [2952.962953846153, 24531.124538461532], [2968.3429692307686, 24515.744523076915], [2983.722984615384, 24500.364507692302], [2983.722984615384, 24469.604476923072], [2983.722984615384, 24438.84444615384], [2983.722984615384, 24408.08441538461], [2983.722984615384, 24377.32438461538], [2999.102999999999, 24361.94436923076], [3014.4830153846146, 24346.564353846148], [3014.4830153846146, 24315.804323076918], [3029.86303076923, 24300.4243076923], [3045.2430461538456, 24285.044292307684], [3045.2430461538456, 24254.284261538454], [3060.6230615384607, 24238.90424615384], [3076.003076923076, 24254.284261538454], [3091.3830923076916, 24269.66427692307], [3106.763107692307, 24285.044292307684], [3106.763107692307, 24315.804323076918], [3122.143123076922, 24331.18433846153], [3137.5231384615377, 24346.564353846148], [3152.903153846153, 24361.94436923076], [3168.2831692307686, 24377.32438461538], [3183.6631846153837, 24392.704399999995], [3199.043199999999, 24408.08441538461], [3214.4232153846147, 24423.464430769225], [3229.80323076923, 24438.84444615384], [3245.183246153845, 24454.224461538455], [3260.5632615384607, 24469.604476923072], [3275.943276923076, 24484.984492307685], [3291.3232923076916, 24500.364507692302], [3306.703307692307, 24515.744523076915], [3322.083323076922, 24531.124538461532], [3322.083323076922, 24561.884569230762], [3322.083323076922, 24592.644599999992], [3337.4633384615377, 24608.02461538461], [3352.843353846153, 24623.404630769226], [3368.2233692307686, 24638.78464615384], [3398.983399999999, 24638.78464615384], [3429.74343076923, 24638.78464615384], [3445.123446153845, 24654.164661538456], [3460.5034615384607, 24669.54467692307], [3491.2634923076916, 24669.54467692307], [3522.023523076922, 24669.54467692307], [3537.4035384615377, 24684.924692307686], [3552.783553846153, 24700.304707692303], [3568.163569230768, 24715.684723076916], [3583.5435846153837, 24731.064738461533], [3598.923599999999, 24746.444753846146], [3614.3036153846147, 24761.824769230763], [3629.68363076923, 24777.204784615376], [3629.68363076923, 24807.96481538461], [3645.063646153845, 24823.344830769223], [3675.823676923076, 24823.344830769223], [3691.2036923076917, 24807.96481538461], [3706.5837076923067, 24792.584799999993], [3737.3437384615377, 24792.584799999993], [3752.723753846153, 24807.96481538461], [3768.103769230768, 24823.344830769223], [3783.4837846153837, 24807.96481538461], [3798.863799999999, 24792.584799999993], [3814.2438153846147, 24807.96481538461], [3829.6238307692297, 24823.344830769223], [3845.003846153845, 24807.96481538461], [3860.3838615384607, 24792.584799999993], [3875.763876923076, 24777.204784615376], [3891.143892307691, 24761.824769230763], [3906.5239076923067, 24746.444753846146], [3921.903923076922, 24731.064738461533], [3937.2839384615377, 24715.684723076916], [3952.663953846153, 24700.304707692303], [3983.4239846153837, 24700.304707692303], [4014.1840153846147, 24700.304707692303], [4029.5640307692297, 24684.924692307686], [4044.944046153845, 24669.54467692307], [4075.704076923076, 24669.54467692307], [4106.464107692307, 24669.54467692307], [4137.224138461538, 24669.54467692307], [4167.984169230769, 24669.54467692307], [4183.364184615384, 24684.924692307686], [4183.364184615384, 24715.684723076916], [4167.984169230769, 24731.064738461533], [4152.604153846153, 24746.444753846146], [4152.604153846153, 24777.204784615376], [4137.224138461538, 24792.584799999993], [4121.844123076922, 24807.96481538461], [4121.844123076922, 24838.72484615384], [4106.464107692307, 24854.104861538453], [4091.0840923076917, 24869.48487692307], [4075.704076923076, 24884.864892307687], [4060.3240615384607, 24900.2449076923], [4044.944046153845, 24915.624923076917], [4029.5640307692297, 24931.00493846153], [4014.1840153846147, 24946.384953846147], [3998.803999999999, 24961.764969230764], [3983.4239846153837, 24977.144984615377], [3968.043969230768, 24992.524999999994], [3952.663953846153, 25007.905015384607], [3921.903923076922, 25007.905015384607], [3906.5239076923067, 25023.285030769224], [3891.143892307691, 25038.66504615384], [3860.3838615384607, 25038.66504615384], [3845.003846153845, 25054.045061538454], [3829.6238307692297, 25069.42507692307]]]}, "properties": {"objectType": "annotation", "name": "peri_22", "classification": {"name": "peri", "color": [25, 158, 112]}, "lesion_id": 22, "section": null, "area_um2": 38250.000000000015, "lesion_ids": [22]}}, {"type": "Feature", "geometry": {"type": "Polygon", "coordinates": [[[18625.198630769224, 6305.806307692307], [18594.438599999994, 6305.806307692307], [18563.678569230764, 6305.806307692307], [18532.918538461534, 6305.806307692307], [18517.538523076917, 6290.426292307691], [18502.158507692304, 6275.046276923076], [18471.39847692307, 6275.046276923076], [18440.63844615384, 6275.046276923076], [18409.87841538461, 6275.046276923076], [18379.11838461538, 6275.046276923076], [18363.738369230763, 6259.66626153846], [18348.35835384615, 6244.286246153845], [18332.978338461533, 6259.66626153846], [18317.598323076916, 6275.046276923076], [18286.838292307686, 6275.046276923076], [18271.458276923073, 6259.66626153846], [18286.838292307686, 6244.286246153845], [18302.218307692303, 6228.90623076923], [18317.598323076916, 6213.526215384614], [18332.978338461533, 6198.146199999999], [18348.35835384615, 6182.766184615383], [18363.738369230763, 6167.386169230768], [18379.11838461538, 6152.006153846153], [18394.498399999993, 6136.626138461537], [18409.87841538461, 6121.246123076922], [18425.258430769227, 6105.866107692307], [18440.63844615384, 6090.486092307691], [18471.39847692307, 6090.486092307691], [18486.778492307687, 6075.106076923076], [18502.158507692304, 6059.72606153846], [18517.538523076917, 6044.346046153845], [18532.918538461534, 6028.96603076923], [18548.298553846147, 6013.586015384614], [18563.678569230764, 5998.205999999999], [18594.438599999994, 5998.205999999999], [18609.81861538461, 5982.825984615384], [18625.198630769224, 5967.445969230768], [18640.57864615384, 5952.065953846153], [18655.958661538458, 5936.685938461537], [18686.718692307688, 5936.685938461537], [18702.0987076923, 5921.305923076922], [18717.478723076918, 5905.925907692307], [18748.238753846148, 5905.925907692307], [18778.998784615378, 5905.925907692307], [18809.75881538461, 5905.925907692307], [18840.518846153842, 5905.925907692307], [18871.278876923072, 5905.925907692307], [18886.65889230769, 5921.305923076922], [18902.038907692302, 5936.685938461537], [18917.41892307692, 5952.065953846153], [18932.798938461532, 5967.445969230768], [18963.558969230762, 5967.445969230768], [18978.93898461538, 5982.825984615384], [18994.318999999996, 5998.205999999999], [19025.079030769226, 5998.205999999999], [19040.45904615384, 6013.586015384614], [19055.839061538456, 6028.96603076923], [19071.219076923073, 6044.346046153845], [19086.599092307686, 6059.72606153846], [19101.979107692303, 6075.106076923076], [19117.359123076916, 6090.486092307691], [19132.739138461533, 6105.866107692307], [19148.11915384615, 6121.246123076922], [19163.499169230763, 6136.626138461537], [19178.87918461538, 6152.006153846153], [19194.259199999993, 6167.386169230768], [19178.87918461538, 6182.766184615383], [19148.11915384615, 6182.766184615383], [19117.359123076916, 6182.766184615383], [19086.599092307686, 6182.766184615383], [19071.219076923073, 6167.386169230768], [19055.839061538456, 6152.006153846153], [19040.45904615384, 6167.386169230768], [19025.079030769226, 6182.766184615383], [18994.318999999996, 6182.766184615383], [18963.558969230762, 6182.766184615383], [18948.17895384615, 6167.386169230768], [18932.798938461532, 6152.006153846153], [18917.41892307692, 6167.386169230768], [18902.038907692302, 6182.766184615383], [18871.278876923072, 6182.766184615383], [18855.898861538455, 6167.386169230768], [18840.518846153842, 6152.006153846153], [18809.75881538461, 6152.006153846153], [18794.378799999995, 6167.386169230768], [18778.998784615378, 6182.766184615383], [18763.618769230765, 6198.146199999999], [18748.238753846148, 6213.526215384614], [18717.478723076918, 6213.526215384614], [18702.0987076923, 6228.90623076923], [18686.718692307688, 6244.286246153845], [18655.958661538458, 6244.286246153845], [18640.57864615384, 6259.66626153846], [18640.57864615384, 6290.426292307691], [18625.198630769224, 6305.806307692307]]]}, "properties": {"objectType": "annotation", "name": "deep_1", "classification": {"name": "deep", "color": [144, 133, 233]}, "lesion_id": 1, "section": null, "area_um2": 19349.99999999999, "lesion_ids": [1]}}, {"type": "Feature", "geometry": {"type": "Polygon", "coordinates": [[[20440.040446153842, 10181.570184615382], [20409.28041538461, 10181.570184615382], [20378.520384615378, 10181.570184615382], [20347.760353846148, 10181.570184615382], [20332.38033846153, 10166.190169230767], [20317.000323076918, 10150.810153846152], [20301.6203076923, 10135.430138461537], [20286.240292307688, 10120.05012307692], [20270.86027692307, 10104.670107692305], [20255.480261538454, 10089.29009230769], [20240.10024615384, 10073.910076923075], [20224.720230769224, 10058.53006153846], [20209.34021538461, 10043.150046153845], [20193.960199999994, 10027.770030769228], [20163.200169230764, 10027.770030769228], [20147.820153846147, 10012.390015384613], [20132.440138461534, 9997.009999999998], [20101.680107692304, 9997.009999999998], [20070.92007692307, 9997.009999999998], [20040.16004615384, 9997.009999999998], [20009.40001538461, 9997.009999999998], [19978.63998461538, 9997.009999999998], [19947.87995384615, 9997.009999999998], [19917.119923076916, 9997.009999999998], [19886.359892307686, 9997.009999999998], [19855.599861538456, 9997.009999999998], [19824.839830769226, 9997.009999999998], [19809.45981538461, 9981.629984615383], [19809.45981538461, 9950.869953846151], [19809.45981538461, 9920.109923076921], [19809.45981538461, 9889.349892307691], [19809.45981538461, 9858.58986153846], [19809.45981538461, 9827.82983076923], [19809.45981538461, 9797.069799999997], [19809.45981538461, 9766.309769230767], [19809.45981538461, 9735.549738461537], [19809.45981538461, 9704.789707692305], [19794.079799999996, 9689.40969230769], [19778.69978461538, 9674.029676923075], [19778.69978461538, 9643.269646153845], [19763.319769230762, 9627.889630769228], [19747.93975384615, 9612.509615384613], [19732.559738461532, 9597.129599999998], [19717.17972307692, 9581.749584615383], [19701.799707692302, 9566.369569230768], [19686.419692307685, 9550.989553846151], [19671.039676923072, 9535.609538461536], [19655.659661538455, 9520.229523076921], [19640.279646153842, 9504.849507692306], [19624.899630769225, 9489.469492307691], [19609.51961538461, 9474.089476923074], [19594.139599999995, 9458.70946153846], [19578.759584615378, 9443.329446153844], [19547.999553846148, 9443.329446153844], [19532.619538461535, 9427.94943076923], [19517.239523076918, 9412.569415384614], [19486.479492307688, 9412.569415384614], [19455.719461538458, 9412.569415384614], [19424.959430769224, 9412.569415384614], [19394.199399999994, 9412.569415384614], [19363.439369230764, 9412.569415384614], [19332.679338461534, 9412.569415384614], [19301.919307692304, 9412.569415384614], [19271.15927692307, 9412.569415384614], [19240.39924615384, 9412.569415384614], [19225.019230769227, 9427.94943076923], [19209.63921538461, 9443.329446153844], [19178.87918461538, 9443.329446153844], [19148.11915384615, 9443.329446153844], [19132.739138461533, 9427.94943076923], [19117.359123076916, 9412.569415384614], [19086.599092307686, 9412.569415384614], [19071.219076923073, 9397.1894], [19055.839061538456, 9381.809384615382], [19025.079030769226, 9381.809384615382], [19009.69901538461, 9366.429369230767], [19025.079030769226, 9351.049353846152], [19040.45904615384, 9335.669338461537], [19055.839061538456, 9320.289323076922], [19071.219076923073, 9304.909307692305], [19086.599092307686, 9289.52929230769], [19101.979107692303, 9274.149276923075], [19101.979107692303, 9243.389246153845], [19117.359123076916, 9228.009230769228], [19132.739138461533, 9212.629215384613], [19132.739138461533, 9181.869184615383], [19132.739138461533, 9151.109153846151], [19132.739138461533, 9120.349123076921], [19132.739138461533, 9089.589092307691], [19132.739138461533, 9058.82906153846], [19132.739138461533, 9028.06903076923], [19132.739138461533, 8997.309], [19132.739138461533, 8966.548969230767], [19132.739138461533, 8935.788938461537], [19132.739138461533, 8905.028907692305], [19132.739138461533, 8874.268876923075], [19132.739138461533, 8843.508846153845], [19132.739138461533, 8812.748815384613], [19132.739138461533, 8781.988784615383], [19117.359123076916, 8766.608769230768], [19101.979107692303, 8751.228753846153], [19101.979107692303, 8720.468723076921], [19101.979107692303, 8689.708692307691], [19101.979107692303, 8658.94866153846], [19101.979107692303, 8628.18863076923], [19117.359123076916, 8612.808615384614], [19132.739138461533, 8597.4286], [19132.739138461533, 8566.668569230767], [19132.739138461533, 8535.908538461537], [19132.739138461533, 8505.148507692305], [19132.739138461533, 8474.388476923075], [19132.739138461533, 8443.628446153845], [19132.739138461533, 8412.868415384613], [19132.739138461533, 8382.108384615383], [19132.739138461533, 8351.348353846153], [19132.739138461533, 8320.588323076921], [19132.739138461533, 8289.828292307691], [19132.739138461533, 8259.06826153846], [19132.739138461533, 8228.30823076923], [19132.739138461533, 8197.5482], [19132.739138461533, 8166.788169230768], [19117.359123076916, 8151.408153846152], [19101.979107692303, 8136.028138461537], [19101.979107692303, 8105.268107692306], [19086.599092307686, 8089.888092307691], [19071.219076923073, 8074.508076923075], [19055.839061538456, 8059.12806153846], [19040.45904615384, 8043.748046153845], [19025.079030769226, 8028.368030769229], [19009.69901538461, 8012.988015384614], [19009.69901538461, 7982.227984615383], [18994.318999999996, 7966.847969230768], [18978.93898461538, 7951.467953846152], [18978.93898461538, 7920.707923076922], [18963.558969230762, 7905.327907692306], [18948.17895384615, 7889.947892307691], [18948.17895384615, 7859.18786153846], [18932.798938461532, 7843.807846153845], [18917.41892307692, 7828.427830769229], [18902.038907692302, 7813.047815384614], [18886.65889230769, 7797.667799999998], [18871.278876923072, 7782.287784615383], [18855.898861538455, 7766.907769230768], [18855.898861538455, 7736.147738461537], [18840.518846153842, 7720.767723076922], [18825.138830769225, 7705.387707692306], [18825.138830769225, 7674.627676923075], [18840.518846153842, 7659.24766153846], [18855.898861538455, 7643.867646153845], [18871.278876923072, 7628.487630769229], [18886.65889230769, 7613.107615384614], [18902.038907692302, 7597.727599999999], [18917.41892307692, 7582.347584615383], [18917.41892307692, 7551.587553846152], [18932.798938461532, 7536.207538461537], [18948.17895384615, 7520.827523076922], [18948.17895384615, 7490.067492307691], [18963.558969230762, 7474.687476923075], [18978.93898461538, 7459.30746153846], [18978.93898461538, 7428.547430769229], [18994.318999999996, 7413.167415384614], [19009.69901538461, 7397.787399999999], [19025.079030769226, 7382.407384615383], [19040.45904615384, 7367.027369230768], [19055.839061538456, 7351.647353846152], [19071.219076923073, 7336.267338461537], [19071.219076923073, 7305.507307692306], [19086.599092307686, 7290.127292307691], [19101.979107692303, 7274.747276923076], [19101.979107692303, 7243.987246153845], [19101.979107692303, 7213.227215384614], [19101.979107692303, 7182.467184615383], [19101.979107692303, 7151.707153846152], [19101.979107692303, 7120.947123076922], [19101.979107692303, 7090.187092307691], [19101.979107692303, 7059.42706153846], [19101.979107692303, 7028.667030769229], [19086.599092307686, 7013.287015384614], [19071.219076923073, 6997.906999999999], [19071.219076923073, 6967.146969230768], [19055.839061538456, 6951.766953846153], [19040.45904615384, 6936.386938461537], [19025.079030769226, 6921.006923076922], [19009.69901538461, 6905.626907692306], [18994.318999999996, 6890.246892307691], [18978.93898461538, 6874.866876923076], [18963.558969230762, 6859.48686153846], [18948.17895384615, 6844.106846153845], [18932.798938461532, 6828.726830769229], [18917.41892307692, 6813.346815384614], [18917.41892307692, 6782.586784615383], [18902.038907692302, 6767.206769230768], [18886.65889230769, 6751.826753846153], [18886.65889230769, 6721.066723076922], [18871.278876923072, 6705.686707692306], [18855.898861538455, 6690.306692307691], [18855.898861538455, 6659.54666153846], [18840.518846153842, 6644.166646153845], [18825.138830769225, 6628.78663076923], [18809.75881538461, 6613.406615384614], [18794.378799999995, 6598.026599999999], [18778.998784615378, 6582.646584615383], [18763.618769230765, 6567.266569230768], [18748.238753846148, 6551.886553846153], [18732.858738461535, 6536.506538461537], [18717.478723076918, 6521.126523076922], [18702.0987076923, 6505.746507692306], [18686.718692307688, 6490.366492307691], [18671.33867692307, 6474.986476923076], [18655.958661538458, 6459.60646153846], [18625.198630769224, 6459.60646153846], [18609.81861538461, 6444.226446153845], [18609.81861538461, 6413.466415384614], [18625.198630769224, 6398.086399999999], [18640.57864615384, 6382.706384615383], [18655.958661538458, 6367.326369230768], [18671.33867692307, 6351.946353846153], [18686.718692307688, 6336.566338461537], [18702.0987076923, 6321.186323076922], [18717.478723076918, 6305.806307692307], [18732.858738461535, 6290.426292307691], [18748.238753846148, 6275.046276923076], [18778.998784615378, 6275.046276923076], [18794.378799999995, 6259.66626153846], [18809.75881538461, 6244.286246153845], [18840.518846153842, 6244.286246153845], [18871.278876923072, 6244.286246153845], [18902.038907692302, 6244.286246153845], [18917.41892307692, 6259.66626153846], [18932.798938461532, 6275.046276923076], [18948.17895384615, 6290.426292307691], [18963.558969230762, 6305.806307692307], [18978.93898461538, 6321.186323076922], [18994.318999999996, 6336.566338461537], [19009.69901538461, 6351.946353846153], [19025.079030769226, 6367.326369230768], [19040.45904615384, 6382.706384615383], [19055.839061538456, 6398.086399999999], [19071.219076923073, 6413.466415384614], [19086.599092307686, 6428.84643076923], [19101.979107692303, 6444.226446153845], [19117.359123076916, 6459.60646153846], [19132.739138461533, 6474.986476923076], [19132.739138461533, 6505.746507692306], [19148.11915384615, 6521.126523076922], [19163.499169230763, 6536.506538461537], [19163.499169230763, 6567.266569230768], [19178.87918461538, 6582.646584615383], [19194.259199999993, 6598.026599999999], [19194.259199999993, 6628.78663076923], [19209.63921538461, 6644.166646153845], [19225.019230769227, 6659.54666153846], [19240.39924615384, 6674.926676923076], [19255.779261538457, 6690.306692307691], [19271.15927692307, 6705.686707692306], [19286.539292307687, 6721.066723076922], [19301.919307692304, 6736.446738461537], [19317.299323076917, 6751.826753846153], [19332.679338461534, 6767.206769230768], [19348.059353846147, 6782.586784615383], [19348.059353846147, 6813.346815384614], [19363.439369230764, 6828.726830769229], [19378.81938461538, 6844.106846153845], [19378.81938461538, 6874.866876923076], [19394.199399999994, 6890.246892307691], [19409.57941538461, 6905.626907692306], [19409.57941538461, 6936.386938461537], [19409.57941538461, 6967.146969230768], [19424.959430769224, 6982.526984615383], [19440.33944615384, 6997.906999999999], [19440.33944615384, 7028.667030769229], [19440.33944615384, 7059.42706153846], [19440.33944615384, 7090.187092307691], [19440.33944615384, 7120.947123076922], [19440.33944615384, 7151.707153846152], [19440.33944615384, 7182.467184615383], [19440.33944615384, 7213.227215384614], [19440.33944615384, 7243.987246153845], [19440.33944615384, 7274.747276923076], [19440.33944615384, 7305.507307692306], [19424.959430769224, 7320.887323076922], [19409.57941538461, 7336.267338461537], [19409.57941538461, 7367.027369230768], [19409.57941538461, 7397.787399999999], [19394.199399999994, 7413.167415384614], [19378.81938461538, 7428.547430769229], [19378.81938461538, 7459.30746153846], [19363.439369230764, 7474.687476923075], [19348.059353846147, 7490.067492307691], [19348.059353846147, 7520.827523076922], [19332.679338461534, 7536.207538461537], [19317.299323076917, 7551.587553846152], [19301.919307692304, 7566.967569230768], [19286.539292307687, 7582.347584615383], [19271.15927692307, 7597.727599999999], [19255.779261538457, 7613.107615384614], [19255.779261538457, 7643.867646153845], [19240.39924615384, 7659.24766153846], [19225.019230769227, 7674.627676923075], [19225.019230769227, 7705.387707692306], [19240.39924615384, 7720.767723076922], [19255.779261538457, 7736.147738461537], [19255.779261538457, 7766.907769230768], [19271.15927692307, 7782.287784615383], [19286.539292307687, 7797.667799999998], [19286.539292307687, 7828.427830769229], [19301.919307692304, 7843.807846153845], [19317.299323076917, 7859.18786153846], [19332.679338461534, 7874.567876923075], [19348.059353846147, 7889.947892307691], [19363.439369230764, 7905.327907692306], [19378.81938461538, 7920.707923076922], [19378.81938461538, 7951.467953846152], [19394.199399999994, 7966.847969230768], [19409.57941538461, 7982.227984615383], [19409.57941538461, 8012.988015384614], [19424.959430769224, 8028.368030769229], [19440.33944615384, 8043.748046153845], [19440.33944615384, 8074.508076923075], [19440.33944615384, 8105.268107692306], [19455.719461538458, 8120.648123076921], [19471.09947692307, 8136.028138461537], [19471.09947692307, 8166.788169230768], [19471.09947692307, 8197.5482], [19471.09947692307, 8228.30823076923], [19471.09947692307, 8259.06826153846], [19471.09947692307, 8289.828292307691], [19471.09947692307, 8320.588323076921], [19471.09947692307, 8351.348353846153], [19471.09947692307, 8382.108384615383], [19471.09947692307, 8412.868415384613], [19471.09947692307, 8443.628446153845], [19471.09947692307, 8474.388476923075], [19471.09947692307, 8505.148507692305], [19471.09947692307, 8535.908538461537], [19471.09947692307, 8566.668569230767], [19471.09947692307, 8597.4286], [19471.09947692307, 8628.18863076923], [19455.719461538458, 8643.568646153844], [19440.33944615384, 8658.94866153846], [19440.33944615384, 8689.708692307691], [19440.33944615384, 8720.468723076921], [19455.719461538458, 8735.848738461536], [19471.09947692307, 8751.228753846153], [19471.09947692307, 8781.988784615383], [19471.09947692307, 8812.748815384613], [19471.09947692307, 8843.508846153845], [19471.09947692307, 8874.268876923075], [19471.09947692307, 8905.028907692305], [19471.09947692307, 8935.788938461537], [19471.09947692307, 8966.548969230767], [19471.09947692307, 8997.309], [19471.09947692307, 9028.06903076923], [19471.09947692307, 9058.82906153846], [19486.479492307688, 9074.209076923076], [19517.239523076918, 9074.209076923076], [19547.999553846148, 9074.209076923076], [19563.379569230765, 9089.589092307691], [19578.759584615378, 9104.969107692306], [19609.51961538461, 9104.969107692306], [19640.279646153842, 9104.969107692306], [19655.659661538455, 9120.349123076921], [19671.039676923072, 9135.729138461536], [19701.799707692302, 9135.729138461536], [19717.17972307692, 9151.109153846151], [19732.559738461532, 9166.489169230768], [19763.319769230762, 9166.489169230768], [19778.69978461538, 9181.869184615383], [19794.079799999996, 9197.249199999998], [19809.45981538461, 9212.629215384613], [19824.839830769226, 9228.009230769228], [19840.21984615384, 9243.389246153845], [19855.599861538456, 9258.76926153846], [19870.979876923073, 9274.149276923075], [19886.359892307686, 9289.52929230769], [19901.739907692303, 9304.909307692305], [19917.119923076916, 9320.289323076922], [19932.499938461533, 9335.669338461537], [19947.87995384615, 9351.049353846152], [19963.259969230763, 9366.429369230767], [19978.63998461538, 9381.809384615382], [19994.019999999993, 9397.1894], [20009.40001538461, 9412.569415384614], [20024.780030769227, 9427.94943076923], [20040.16004615384, 9443.329446153844], [20055.540061538457, 9458.70946153846], [20055.540061538457, 9489.469492307691], [20070.92007692307, 9504.849507692306], [20086.300092307687, 9520.229523076921], [20086.300092307687, 9550.989553846151], [20101.680107692304, 9566.369569230768], [20117.060123076917, 9581.749584615383], [20117.060123076917, 9612.509615384613], [20117.060123076917, 9643.269646153845], [20132.440138461534, 9658.64966153846], [20163.200169230764, 9658.64966153846], [20178.58018461538, 9674.029676923075], [20193.960199999994, 9689.40969230769], [20224.720230769224, 9689.40969230769], [20255.480261538454, 9689.40969230769], [20270.86027692307, 9704.789707692305], [20286.240292307688, 9720.169723076922], [20317.000323076918, 9720.169723076922], [20332.38033846153, 9735.549738461537], [20347.760353846148, 9750.929753846152], [20378.520384615378, 9750.929753846152], [20393.900399999995, 9766.309769230767], [20409.28041538461, 9781.689784615382], [20424.660430769225, 9797.069799999997], [20440.040446153842, 9812.449815384614], [20470.800476923072, 9812.449815384614], [20501.560507692302, 9812.449815384614], [20532.320538461532, 9812.449815384614], [20563.080569230762, 9812.449815384614], [20578.46058461538, 9797.069799999997], [20593.840599999996, 9781.689784615382], [20624.600630769226, 9781.689784615382], [20639.98064615384, 9766.309769230767], [20639.98064615384, 9735.549738461537], [20639.98064615384, 9704.789707692305], [20639.98064615384, 9674.029676923075], [20655.360661538456, 9658.64966153846], [20670.740676923073, 9643.269646153845], [20670.740676923073, 9612.509615384613], [20670.740676923073, 9581.749584615383], [20686.120692307686, 9566.369569230768], [20701.500707692303, 9550.989553846151], [20701.500707692303, 9520.229523076921], [20716.880723076916, 9504.849507692306], [20732.260738461533, 9489.469492307691], [20732.260738461533, 9458.70946153846], [20747.64075384615, 9443.329446153844], [20763.020769230763, 9427.94943076923], [20778.40078461538, 9412.569415384614], [20793.780799999993, 9397.1894], [20793.780799999993, 9366.429369230767], [20793.780799999993, 9335.669338461537], [20793.780799999993, 9304.909307692305], [20793.780799999993, 9274.149276923075], [20793.780799999993, 9243.389246153845], [20809.16081538461, 9228.009230769228], [20824.540830769227, 9212.629215384613], [20824.540830769227, 9181.869184615383], [20824.540830769227, 9151.109153846151], [20824.540830769227, 9120.349123076921], [20824.540830769227, 9089.589092307691], [20824.540830769227, 9058.82906153846], [20839.92084615384, 9043.449046153844], [20855.300861538457, 9028.06903076923], [20855.300861538457, 8997.309], [20855.300861538457, 8966.548969230767], [20870.68087692307, 8951.168953846152], [20886.060892307687, 8935.788938461537], [20886.060892307687, 8905.028907692305], [20901.4409076923, 8889.64889230769], [20916.820923076917, 8874.268876923075], [20916.820923076917, 8843.508846153845], [20932.200938461534, 8828.128830769228], [20947.580953846147, 8812.748815384613], [20962.960969230764, 8797.368799999998], [20978.340984615377, 8781.988784615383], [20993.720999999994, 8766.608769230768], [21009.10101538461, 8751.228753846153], [21024.481030769224, 8735.848738461536], [21039.86104615384, 8720.468723076921], [21055.241061538454, 8705.088707692306], [21070.62107692307, 8689.708692307691], [21086.001092307688, 8674.328676923076], [21101.3811076923, 8658.94866153846], [21116.761123076918, 8643.568646153844], [21132.14113846153, 8628.18863076923], [21147.521153846148, 8612.808615384614], [21162.901169230765, 8597.4286], [21178.281184615378, 8582.048584615382], [21209.04121538461, 8582.048584615382], [21224.421230769225, 8566.668569230767], [21239.801246153842, 8551.288553846152], [21270.561276923072, 8551.288553846152], [21285.941292307685, 8535.908538461537], [21301.321307692302, 8520.528523076922], [21332.081338461532, 8520.528523076922], [21362.841369230762, 8520.528523076922], [21378.22138461538, 8505.148507692305], [21393.601399999996, 8489.76849230769], [21424.361430769226, 8489.76849230769], [21455.121461538456, 8489.76849230769], [21485.881492307686, 8489.76849230769], [21516.641523076916, 8489.76849230769], [21547.401553846146, 8489.76849230769], [21578.16158461538, 8489.76849230769], [21593.541599999993, 8505.148507692305], [21593.541599999993, 8535.908538461537], [21593.541599999993, 8566.668569230767], [21593.541599999993, 8597.4286], [21593.541599999993, 8628.18863076923], [21593.541599999993, 8658.94866153846], [21593.541599999993, 8689.708692307691], [21593.541599999993, 8720.468723076921], [21593.541599999993, 8751.228753846153], [21593.541599999993, 8781.988784615383], [21593.541599999993, 8812.748815384613], [21578.16158461538, 8828.128830769228], [21547.401553846146, 8828.128830769228], [21516.641523076916, 8828.128830769228], [21485.881492307686, 8828.128830769228], [21455.121461538456, 8828.128830769228], [21424.361430769226, 8828.128830769228], [21408.98141538461, 8843.508846153845], [21393.601399999996, 8858.88886153846], [21362.841369230762, 8858.88886153846], [21347.46135384615, 8874.268876923075], [21332.081338461532, 8889.64889230769], [21316.70132307692, 8905.028907692305], [21301.321307692302, 8920.408923076922], [21285.941292307685, 8935.788938461537], [21270.561276923072, 8951.168953846152], [21255.181261538455, 8966.548969230767], [21239.801246153842, 8981.928984615382], [21224.421230769225, 8997.309], [21209.04121538461, 9012.689015384614], [21193.661199999995, 9028.06903076923], [21193.661199999995, 9058.82906153846], [21178.281184615378, 9074.209076923076], [21162.901169230765, 9089.589092307691], [21162.901169230765, 9120.349123076921], [21162.901169230765, 9151.109153846151], [21162.901169230765, 9181.869184615383], [21162.901169230765, 9212.629215384613], [21162.901169230765, 9243.389246153845], [21147.521153846148, 9258.76926153846], [21132.14113846153, 9274.149276923075], [21132.14113846153, 9304.909307692305], [21132.14113846153, 9335.669338461537], [21132.14113846153, 9366.429369230767], [21132.14113846153, 9397.1894], [21132.14113846153, 9427.94943076923], [21132.14113846153, 9458.70946153846], [21116.761123076918, 9474.089476923074], [21101.3811076923, 9489.469492307691], [21101.3811076923, 9520.229523076921], [21101.3811076923, 9550.989553846151], [21086.001092307688, 9566.369569230768], [21070.62107692307, 9581.749584615383], [21055.241061538454, 9597.129599999998], [21039.86104615384, 9612.509615384613], [21024.481030769224, 9627.889630769228], [21009.10101538461, 9643.269646153845], [21009.10101538461, 9674.029676923075], [20993.720999999994, 9689.40969230769], [20978.340984615377, 9704.789707692305], [20978.340984615377, 9735.549738461537], [20978.340984615377, 9766.309769230767], [20978.340984615377, 9797.069799999997], [20978.340984615377, 9827.82983076923], [20978.340984615377, 9858.58986153846], [20978.340984615377, 9889.349892307691], [20962.960969230764, 9904.729907692306], [20947.580953846147, 9920.109923076921], [20932.200938461534, 9935.489938461536], [20916.820923076917, 9950.869953846151], [20901.4409076923, 9966.249969230768], [20886.060892307687, 9981.629984615383], [20886.060892307687, 10012.390015384613], [20870.68087692307, 10027.770030769228], [20839.92084615384, 10027.770030769228], [20824.540830769227, 10043.150046153845], [20809.16081538461, 10058.53006153846], [20778.40078461538, 10058.53006153846], [20763.020769230763, 10073.910076923075], [20747.64075384615, 10089.29009230769], [20732.260738461533, 10104.670107692305], [20716.880723076916, 10120.05012307692], [20686.120692307686, 10120.05012307692], [20655.360661538456, 10120.05012307692], [20624.600630769226, 10120.05012307692], [20609.22061538461, 10135.430138461537], [20593.840599999996, 10150.810153846152], [20563.080569230762, 10150.810153846152], [20532.320538461532, 10150.810153846152], [20501.560507692302, 10150.810153846152], [20470.800476923072, 10150.810153846152], [20455.420461538455, 10166.190169230767], [20440.040446153842, 10181.570184615382]]]}, "properties": {"objectType": "annotation", "name": "P2_3_T|deep", "classification": {"name": "deep", "color": [144, 133, 233]}, "lesion_id": 0, "section": "P2_3_T", "area_um2": 241249.99999999962, "lesion_ids": [1, 3, 4, 5, 6]}}, {"type": "Feature", "geometry": {"type": "Polygon", "coordinates": [[[17825.437830769224, 8643.568646153844], [17810.05781538461, 8628.18863076923], [17810.05781538461, 8597.4286], [17810.05781538461, 8566.668569230767], [17810.05781538461, 8535.908538461537], [17810.05781538461, 8505.148507692305], [17810.05781538461, 8474.388476923075], [17794.677799999994, 8459.00846153846], [17779.29778461538, 8443.628446153845], [17779.29778461538, 8412.868415384613], [17779.29778461538, 8382.108384615383], [17779.29778461538, 8351.348353846153], [17779.29778461538, 8320.588323076921], [17779.29778461538, 8289.828292307691], [17779.29778461538, 8259.06826153846], [17779.29778461538, 8228.30823076923], [17779.29778461538, 8197.5482], [17779.29778461538, 8166.788169230768], [17779.29778461538, 8136.028138461537], [17779.29778461538, 8105.268107692306], [17779.29778461538, 8074.508076923075], [17763.917769230764, 8059.12806153846], [17748.537753846147, 8043.748046153845], [17748.537753846147, 8012.988015384614], [17748.537753846147, 7982.227984615383], [17748.537753846147, 7951.467953846152], [17748.537753846147, 7920.707923076922], [17748.537753846147, 7889.947892307691], [17748.537753846147, 7859.18786153846], [17733.157738461534, 7843.807846153845], [17717.777723076917, 7828.427830769229], [17717.777723076917, 7797.667799999998], [17717.777723076917, 7766.907769230768], [17717.777723076917, 7736.147738461537], [17717.777723076917, 7705.387707692306], [17717.777723076917, 7674.627676923075], [17717.777723076917, 7643.867646153845], [17717.777723076917, 7613.107615384614], [17702.397707692304, 7597.727599999999], [17687.017692307687, 7582.347584615383], [17687.017692307687, 7551.587553846152], [17687.017692307687, 7520.827523076922], [17687.017692307687, 7490.067492307691], [17687.017692307687, 7459.30746153846], [17687.017692307687, 7428.547430769229], [17687.017692307687, 7397.787399999999], [17687.017692307687, 7367.027369230768], [17687.017692307687, 7336.267338461537], [17687.017692307687, 7305.507307692306], [17687.017692307687, 7274.747276923076], [17687.017692307687, 7243.987246153845], [17687.017692307687, 7213.227215384614], [17702.397707692304, 7197.847199999999], [17717.777723076917, 7182.467184615383], [17717.777723076917, 7151.707153846152], [17717.777723076917, 7120.947123076922], [17717.777723076917, 7090.187092307691], [17733.157738461534, 7074.807076923076], [17748.537753846147, 7090.187092307691], [17748.537753846147, 7120.947123076922], [17748.537753846147, 7151.707153846152], [17748.537753846147, 7182.467184615383], [17748.537753846147, 7213.227215384614], [17748.537753846147, 7243.987246153845], [17733.157738461534, 7259.36726153846], [17717.777723076917, 7274.747276923076], [17717.777723076917, 7305.507307692306], [17717.777723076917, 7336.267338461537], [17717.777723076917, 7367.027369230768], [17717.777723076917, 7397.787399999999], [17717.777723076917, 7428.547430769229], [17717.777723076917, 7459.30746153846], [17733.157738461534, 7474.687476923075], [17748.537753846147, 7490.067492307691], [17748.537753846147, 7520.827523076922], [17748.537753846147, 7551.587553846152], [17748.537753846147, 7582.347584615383], [17748.537753846147, 7613.107615384614], [17748.537753846147, 7643.867646153845], [17748.537753846147, 7674.627676923075], [17748.537753846147, 7705.387707692306], [17748.537753846147, 7736.147738461537], [17763.917769230764, 7751.527753846152], [17779.29778461538, 7766.907769230768], [17779.29778461538, 7797.667799999998], [17779.29778461538, 7828.427830769229], [17779.29778461538, 7859.18786153846], [17779.29778461538, 7889.947892307691], [17794.677799999994, 7905.327907692306], [17810.05781538461, 7920.707923076922], [17810.05781538461, 7951.467953846152], [17810.05781538461, 7982.227984615383], [17810.05781538461, 8012.988015384614], [17810.05781538461, 8043.748046153845], [17825.437830769224, 8059.12806153846], [17840.81784615384, 8074.508076923075], [17840.81784615384, 8105.268107692306], [17825.437830769224, 8120.648123076921], [17810.05781538461, 8136.028138461537], [17810.05781538461, 8166.788169230768], [17825.437830769224, 8182.168184615382], [17840.81784615384, 8197.5482], [17840.81784615384, 8228.30823076923], [17840.81784615384, 8259.06826153846], [17840.81784615384, 8289.828292307691], [17840.81784615384, 8320.588323076921], [17840.81784615384, 8351.348353846153], [17840.81784615384, 8382.108384615383], [17825.437830769224, 8397.488399999998], [17810.05781538461, 8412.868415384613], [17825.437830769224, 8428.24843076923], [17840.81784615384, 8443.628446153845], [17840.81784615384, 8474.388476923075], [17840.81784615384, 8505.148507692305], [17840.81784615384, 8535.908538461537], [17840.81784615384, 8566.668569230767], [17856.197861538458, 8582.048584615382], [17871.57787692307, 8597.4286], [17856.197861538458, 8612.808615384614], [17840.81784615384, 8628.18863076923], [17825.437830769224, 8643.568646153844]]]}, "properties": {"objectType": "annotation", "name": "deep_1", "classification": {"name": "deep", "color": [144, 133, 233]}, "lesion_id": 1, "section": null, "area_um2": 7549.999999999934, "lesion_ids": [1]}}, {"type": "Feature", "geometry": {"type": "Polygon", "coordinates": [[[21916.521923076918, 8858.88886153846], [21901.1419076923, 8843.508846153845], [21885.761892307688, 8828.128830769228], [21870.38187692307, 8812.748815384613], [21855.001861538454, 8797.368799999998], [21839.62184615384, 8781.988784615383], [21824.241830769224, 8766.608769230768], [21793.481799999994, 8766.608769230768], [21778.101784615377, 8751.228753846153], [21762.721769230764, 8735.848738461536], [21731.961738461534, 8735.848738461536], [21716.581723076917, 8720.468723076921], [21701.2017076923, 8705.088707692306], [21670.44167692307, 8705.088707692306], [21655.061661538457, 8689.708692307691], [21655.061661538457, 8658.94866153846], [21670.44167692307, 8643.568646153844], [21685.821692307687, 8628.18863076923], [21670.44167692307, 8612.808615384614], [21655.061661538457, 8597.4286], [21655.061661538457, 8566.668569230767], [21655.061661538457, 8535.908538461537], [21670.44167692307, 8520.528523076922], [21685.821692307687, 8505.148507692305], [21670.44167692307, 8489.76849230769], [21655.061661538457, 8474.388476923075], [21639.68164615384, 8459.00846153846], [21624.301630769223, 8443.628446153845], [21624.301630769223, 8412.868415384613], [21624.301630769223, 8382.108384615383], [21608.92161538461, 8366.728369230768], [21593.541599999993, 8351.348353846153], [21608.92161538461, 8335.968338461536], [21624.301630769223, 8320.588323076921], [21624.301630769223, 8289.828292307691], [21608.92161538461, 8274.448276923076], [21593.541599999993, 8259.06826153846], [21608.92161538461, 8243.688246153844], [21639.68164615384, 8243.688246153844], [21670.44167692307, 8243.688246153844], [21701.2017076923, 8243.688246153844], [21731.961738461534, 8243.688246153844], [21762.721769230764, 8243.688246153844], [21778.101784615377, 8259.06826153846], [21793.481799999994, 8274.448276923076], [21824.241830769224, 8274.448276923076], [21855.001861538454, 8274.448276923076], [21870.38187692307, 8289.828292307691], [21885.761892307688, 8305.208307692306], [21901.1419076923, 8320.588323076921], [21901.1419076923, 8351.348353846153], [21901.1419076923, 8382.108384615383], [21901.1419076923, 8412.868415384613], [21901.1419076923, 8443.628446153845], [21901.1419076923, 8474.388476923075], [21916.521923076918, 8489.76849230769], [21931.90193846153, 8505.148507692305], [21931.90193846153, 8535.908538461537], [21931.90193846153, 8566.668569230767], [21931.90193846153, 8597.4286], [21931.90193846153, 8628.18863076923], [21931.90193846153, 8658.94866153846], [21931.90193846153, 8689.708692307691], [21931.90193846153, 8720.468723076921], [21931.90193846153, 8751.228753846153], [21931.90193846153, 8781.988784615383], [21931.90193846153, 8812.748815384613], [21931.90193846153, 8843.508846153845], [21916.521923076918, 8858.88886153846]]]}, "properties": {"objectType": "annotation", "name": "deep_3", "classification": {"name": "deep", "color": [144, 133, 233]}, "lesion_id": 3, "section": null, "area_um2": 14649.999999999965, "lesion_ids": [3]}}, {"type": "Feature", "geometry": {"type": "Polygon", "coordinates": [[[17948.477953846148, 9720.169723076922], [17933.097938461535, 9704.789707692305], [17933.097938461535, 9674.029676923075], [17917.717923076918, 9658.64966153846], [17902.3379076923, 9643.269646153845], [17902.3379076923, 9612.509615384613], [17902.3379076923, 9581.749584615383], [17902.3379076923, 9550.989553846151], [17902.3379076923, 9520.229523076921], [17886.957892307688, 9504.849507692306], [17871.57787692307, 9489.469492307691], [17871.57787692307, 9458.70946153846], [17871.57787692307, 9427.94943076923], [17871.57787692307, 9397.1894], [17871.57787692307, 9366.429369230767], [17886.957892307688, 9351.049353846152], [17902.3379076923, 9366.429369230767], [17917.717923076918, 9381.809384615382], [17948.477953846148, 9381.809384615382], [17963.857969230765, 9397.1894], [17979.237984615378, 9412.569415384614], [17994.617999999995, 9427.94943076923], [17994.617999999995, 9458.70946153846], [17994.617999999995, 9489.469492307691], [17994.617999999995, 9520.229523076921], [17994.617999999995, 9550.989553846151], [18009.99801538461, 9566.369569230768], [18025.378030769225, 9581.749584615383], [18009.99801538461, 9597.129599999998], [17994.617999999995, 9612.509615384613], [17994.617999999995, 9643.269646153845], [17979.237984615378, 9658.64966153846], [17963.857969230765, 9674.029676923075], [17963.857969230765, 9704.789707692305], [17948.477953846148, 9720.169723076922]]]}, "properties": {"objectType": "annotation", "name": "deep", "classification": {"name": "deep", "color": [144, 133, 233]}, "lesion_id": 0, "section": null, "area_um2": 3350.0000000000327, "lesion_ids": [1, 6]}}, {"type": "Feature", "geometry": {"type": "Polygon", "coordinates": [[[5367.625369230768, 12365.532369230767], [5336.865338461538, 12365.532369230767], [5306.105307692307, 12365.532369230767], [5275.345276923076, 12365.532369230767], [5244.585246153845, 12365.532369230767], [5213.825215384614, 12365.532369230767], [5183.065184615384, 12365.532369230767], [5152.305153846153, 12365.532369230767], [5121.545123076922, 12365.532369230767], [5090.785092307691, 12365.532369230767], [5060.025061538461, 12365.532369230767], [5029.26503076923, 12365.532369230767], [4998.504999999999, 12365.532369230767], [4967.744969230768, 12365.532369230767], [4936.984938461538, 12365.532369230767], [4906.224907692307, 12365.532369230767], [4890.844892307691, 12350.152353846152], [4890.844892307691, 12319.392323076921], [4890.844892307691, 12288.63229230769], [4875.464876923076, 12273.252276923075], [4860.084861538461, 12257.87226153846], [4860.084861538461, 12227.11223076923], [4860.084861538461, 12196.352199999998], [4844.704846153845, 12180.972184615383], [4829.32483076923, 12165.592169230767], [4813.944815384615, 12150.212153846152], [4798.564799999999, 12134.832138461536], [4798.564799999999, 12104.072107692306], [4783.184784615384, 12088.69209230769], [4767.804769230768, 12073.312076923075], [4752.424753846153, 12057.932061538459], [4737.044738461538, 12042.552046153844], [4721.664723076922, 12027.172030769229], [4706.284707692307, 12011.792015384613], [4690.904692307692, 11996.411999999998], [4660.144661538461, 11996.411999999998], [4644.764646153845, 11981.031984615383], [4629.38463076923, 11965.651969230767], [4614.004615384615, 11950.271953846152], [4598.624599999999, 11934.891938461536], [4567.864569230768, 11934.891938461536], [4537.104538461538, 11934.891938461536], [4521.724523076922, 11919.511923076921], [4506.344507692307, 11904.131907692306], [4475.584476923076, 11904.131907692306], [4444.824446153845, 11904.131907692306], [4429.44443076923, 11888.75189230769], [4414.064415384615, 11873.371876923075], [4383.304384615384, 11873.371876923075], [4367.924369230769, 11857.99186153846], [4352.544353846153, 11842.611846153844], [4321.784323076922, 11842.611846153844], [4306.404307692307, 11827.23183076923], [4291.024292307692, 11811.851815384613], [4260.264261538461, 11811.851815384613], [4244.884246153845, 11796.471799999998], [4229.50423076923, 11781.091784615382], [4198.744199999999, 11781.091784615382], [4167.984169230769, 11781.091784615382], [4152.604153846153, 11765.711769230767], [4137.224138461538, 11750.331753846152], [4106.464107692307, 11750.331753846152], [4075.704076923076, 11750.331753846152], [4044.944046153845, 11750.331753846152], [4014.1840153846147, 11750.331753846152], [3983.4239846153837, 11750.331753846152], [3952.663953846153, 11750.331753846152], [3921.903923076922, 11750.331753846152], [3891.143892307691, 11750.331753846152], [3860.3838615384607, 11750.331753846152], [3829.6238307692297, 11750.331753846152], [3814.2438153846147, 11765.711769230767], [3798.863799999999, 11781.091784615382], [3768.103769230768, 11781.091784615382], [3737.3437384615377, 11781.091784615382], [3721.963723076922, 11796.471799999998], [3706.5837076923067, 11811.851815384613], [3691.2036923076917, 11827.23183076923], [3675.823676923076, 11842.611846153844], [3645.063646153845, 11842.611846153844], [3629.68363076923, 11857.99186153846], [3614.3036153846147, 11873.371876923075], [3598.923599999999, 11888.75189230769], [3583.5435846153837, 11904.131907692306], [3568.163569230768, 11919.511923076921], [3552.783553846153, 11934.891938461536], [3537.4035384615377, 11950.271953846152], [3537.4035384615377, 11981.031984615383], [3522.023523076922, 11996.411999999998], [3506.6435076923067, 11981.031984615383], [3491.2634923076916, 11965.651969230767], [3460.5034615384607, 11965.651969230767], [3429.74343076923, 11965.651969230767], [3398.983399999999, 11965.651969230767], [3368.2233692307686, 11965.651969230767], [3352.843353846153, 11950.271953846152], [3337.4633384615377, 11934.891938461536], [3306.703307692307, 11934.891938461536], [3275.943276923076, 11934.891938461536], [3260.5632615384607, 11919.511923076921], [3245.183246153845, 11904.131907692306], [3229.80323076923, 11888.75189230769], [3214.4232153846147, 11873.371876923075], [3183.6631846153837, 11873.371876923075], [3168.2831692307686, 11857.99186153846], [3152.903153846153, 11842.611846153844], [3137.5231384615377, 11827.23183076923], [3137.5231384615377, 11796.471799999998], [3152.903153846153, 11781.091784615382], [3168.2831692307686, 11765.711769230767], [3183.6631846153837, 11750.331753846152], [3199.043199999999, 11734.951738461536], [3199.043199999999, 11704.191707692305], [3214.4232153846147, 11688.81169230769], [3229.80323076923, 11673.431676923075], [3245.183246153845, 11658.05166153846], [3260.5632615384607, 11642.671646153844], [3275.943276923076, 11627.291630769229], [3291.3232923076916, 11611.911615384613], [3306.703307692307, 11596.531599999998], [3322.083323076922, 11581.151584615383], [3337.4633384615377, 11565.771569230767], [3352.843353846153, 11550.391553846152], [3368.2233692307686, 11535.011538461536], [3383.6033846153837, 11519.631523076921], [3398.983399999999, 11504.251507692306], [3429.74343076923, 11504.251507692306], [3445.123446153845, 11488.87149230769], [3460.5034615384607, 11473.491476923075], [3475.883476923076, 11458.11146153846], [3491.2634923076916, 11442.731446153844], [3522.023523076922, 11442.731446153844], [3537.4035384615377, 11427.35143076923], [3552.783553846153, 11411.971415384613], [3583.5435846153837, 11411.971415384613], [3598.923599999999, 11396.591399999998], [3614.3036153846147, 11381.211384615382], [3645.063646153845, 11381.211384615382], [3675.823676923076, 11381.211384615382], [3691.2036923076917, 11365.831369230767], [3706.5837076923067, 11350.451353846152], [3737.3437384615377, 11350.451353846152], [3768.103769230768, 11350.451353846152], [3798.863799999999, 11350.451353846152], [3829.6238307692297, 11350.451353846152], [3860.3838615384607, 11350.451353846152], [3875.763876923076, 11335.071338461537], [3891.143892307691, 11319.69132307692], [3921.903923076922, 11319.69132307692], [3952.663953846153, 11319.69132307692], [3983.4239846153837, 11319.69132307692], [4014.1840153846147, 11319.69132307692], [4044.944046153845, 11319.69132307692], [4075.704076923076, 11319.69132307692], [4091.0840923076917, 11335.071338461537], [4106.464107692307, 11350.451353846152], [4137.224138461538, 11350.451353846152], [4167.984169230769, 11350.451353846152], [4198.744199999999, 11350.451353846152], [4229.50423076923, 11350.451353846152], [4260.264261538461, 11350.451353846152], [4275.644276923076, 11365.831369230767], [4291.024292307692, 11381.211384615382], [4321.784323076922, 11381.211384615382], [4352.544353846153, 11381.211384615382], [4367.924369230769, 11396.591399999998], [4383.304384615384, 11411.971415384613], [4414.064415384615, 11411.971415384613], [4429.44443076923, 11427.35143076923], [4444.824446153845, 11442.731446153844], [4475.584476923076, 11442.731446153844], [4490.964492307692, 11458.11146153846], [4506.344507692307, 11473.491476923075], [4537.104538461538, 11473.491476923075], [4552.484553846153, 11488.87149230769], [4567.864569230768, 11504.251507692306], [4598.624599999999, 11504.251507692306], [4629.38463076923, 11504.251507692306], [4644.764646153845, 11519.631523076921], [4660.144661538461, 11535.011538461536], [4690.904692307692, 11535.011538461536], [4721.664723076922, 11535.011538461536], [4737.044738461538, 11550.391553846152], [4752.424753846153, 11565.771569230767], [4783.184784615384, 11565.771569230767], [4798.564799999999, 11581.151584615383], [4813.944815384615, 11596.531599999998], [4844.704846153845, 11596.531599999998], [4860.084861538461, 11611.911615384613], [4875.464876923076, 11627.291630769229], [4890.844892307691, 11642.671646153844], [4906.224907692307, 11658.05166153846], [4936.984938461538, 11658.05166153846], [4952.364953846153, 11673.431676923075], [4967.744969230768, 11688.81169230769], [4983.124984615384, 11704.191707692305], [4998.504999999999, 11719.57172307692], [5013.885015384615, 11734.951738461536], [5029.26503076923, 11750.331753846152], [5044.645046153845, 11765.711769230767], [5060.025061538461, 11781.091784615382], [5075.405076923076, 11796.471799999998], [5090.785092307691, 11811.851815384613], [5106.165107692307, 11827.23183076923], [5121.545123076922, 11842.611846153844], [5136.925138461538, 11857.99186153846], [5136.925138461538, 11888.75189230769], [5152.305153846153, 11904.131907692306], [5167.685169230768, 11919.511923076921], [5183.065184615384, 11934.891938461536], [5198.445199999999, 11950.271953846152], [5198.445199999999, 11981.031984615383], [5213.825215384614, 11996.411999999998], [5229.20523076923, 12011.792015384613], [5229.20523076923, 12042.552046153844], [5244.585246153845, 12057.932061538459], [5259.965261538461, 12073.312076923075], [5259.965261538461, 12104.072107692306], [5259.965261538461, 12134.832138461536], [5275.345276923076, 12150.212153846152], [5290.725292307691, 12165.592169230767], [5290.725292307691, 12196.352199999998], [5290.725292307691, 12227.11223076923], [5290.725292307691, 12257.87226153846], [5306.105307692307, 12273.252276923075], [5321.485323076922, 12257.87226153846], [5336.865338461538, 12242.492246153844], [5367.625369230768, 12242.492246153844], [5383.005384615384, 12227.11223076923], [5398.385399999999, 12211.732215384613], [5413.765415384614, 12196.352199999998], [5429.14543076923, 12180.972184615383], [5444.525446153845, 12165.592169230767], [5459.905461538461, 12150.212153846152], [5475.285476923076, 12134.832138461536], [5490.665492307691, 12119.45212307692], [5521.425523076922, 12119.45212307692], [5536.805538461537, 12104.072107692306], [5552.185553846153, 12088.69209230769], [5567.565569230768, 12073.312076923075], [5582.945584615384, 12057.932061538459], [5613.705615384614, 12057.932061538459], [5629.08563076923, 12042.552046153844], [5644.465646153845, 12027.172030769229], [5675.225676923076, 12027.172030769229], [5690.605692307691, 12011.792015384613], [5675.225676923076, 11996.411999999998], [5644.465646153845, 11996.411999999998], [5629.08563076923, 11981.031984615383], [5613.705615384614, 11965.651969230767], [5582.945584615384, 11965.651969230767], [5552.185553846153, 11965.651969230767], [5536.805538461537, 11950.271953846152], [5521.425523076922, 11934.891938461536], [5490.665492307691, 11934.891938461536], [5475.285476923076, 11919.511923076921], [5459.905461538461, 11904.131907692306], [5429.14543076923, 11904.131907692306], [5413.765415384614, 11888.75189230769], [5398.385399999999, 11873.371876923075], [5367.625369230768, 11873.371876923075], [5352.245353846153, 11857.99186153846], [5336.865338461538, 11842.611846153844], [5321.485323076922, 11827.23183076923], [5306.105307692307, 11811.851815384613], [5275.345276923076, 11811.851815384613], [5259.965261538461, 11796.471799999998], [5244.585246153845, 11781.091784615382], [5229.20523076923, 11765.711769230767], [5213.825215384614, 11750.331753846152], [5198.445199999999, 11734.951738461536], [5183.065184615384, 11719.57172307692], [5167.685169230768, 11704.191707692305], [5152.305153846153, 11688.81169230769], [5136.925138461538, 11673.431676923075], [5121.545123076922, 11658.05166153846], [5106.165107692307, 11642.671646153844], [5090.785092307691, 11627.291630769229], [5075.405076923076, 11611.911615384613], [5060.025061538461, 11596.531599999998], [5044.645046153845, 11581.151584615383], [5029.26503076923, 11565.771569230767], [5013.885015384615, 11550.391553846152], [4998.504999999999, 11535.011538461536], [4983.124984615384, 11519.631523076921], [4983.124984615384, 11488.87149230769], [4967.744969230768, 11473.491476923075], [4952.364953846153, 11458.11146153846], [4936.984938461538, 11442.731446153844], [4921.604923076922, 11427.35143076923], [4921.604923076922, 11396.591399999998], [4906.224907692307, 11381.211384615382], [4890.844892307691, 11365.831369230767], [4890.844892307691, 11335.071338461537], [4875.464876923076, 11319.69132307692], [4860.084861538461, 11304.311307692305], [4860.084861538461, 11273.551276923075], [4860.084861538461, 11242.791246153844], [4844.704846153845, 11227.411230769228], [4829.32483076923, 11212.031215384613], [4829.32483076923, 11181.271184615383], [4829.32483076923, 11150.511153846152], [4829.32483076923, 11119.751123076921], [4829.32483076923, 11088.99109230769], [4829.32483076923, 11058.23106153846], [4813.944815384615, 11042.851046153844], [4798.564799999999, 11027.47103076923], [4798.564799999999, 10996.710999999998], [4798.564799999999, 10965.950969230767], [4813.944815384615, 10950.570953846152], [4829.32483076923, 10935.190938461537], [4829.32483076923, 10904.430907692305], [4829.32483076923, 10873.670876923075], [4829.32483076923, 10842.910846153844], [4829.32483076923, 10812.150815384613], [4829.32483076923, 10781.390784615383], [4844.704846153845, 10766.010769230767], [4860.084861538461, 10750.630753846151], [4860.084861538461, 10719.870723076921], [4860.084861538461, 10689.110692307691], [4875.464876923076, 10673.730676923074], [4890.844892307691, 10658.35066153846], [4890.844892307691, 10627.59063076923], [4906.224907692307, 10612.210615384614], [4921.604923076922, 10596.830599999998], [4921.604923076922, 10566.070569230767], [4936.984938461538, 10550.690553846152], [4952.364953846153, 10535.310538461537], [4967.744969230768, 10519.93052307692], [4983.124984615384, 10504.550507692305], [4983.124984615384, 10473.790476923075], [4998.504999999999, 10458.41046153846], [5013.885015384615, 10443.030446153844], [5029.26503076923, 10427.650430769228], [5044.645046153845, 10412.270415384613], [5060.025061538461, 10396.890399999998], [5075.405076923076, 10381.510384615383], [5090.785092307691, 10366.130369230768], [5106.165107692307, 10350.750353846151], [5121.545123076922, 10335.370338461536], [5136.925138461538, 10319.990323076921], [5152.305153846153, 10304.610307692306], [5167.685169230768, 10289.230292307691], [5183.065184615384, 10273.850276923074], [5213.825215384614, 10273.850276923074], [5229.20523076923, 10258.47026153846], [5244.585246153845, 10243.090246153844], [5259.965261538461, 10227.71023076923], [5275.345276923076, 10212.330215384614], [5306.105307692307, 10212.330215384614], [5321.485323076922, 10196.950199999997], [5336.865338461538, 10181.570184615382], [5367.625369230768, 10181.570184615382], [5383.005384615384, 10166.190169230767], [5398.385399999999, 10150.810153846152], [5429.14543076923, 10150.810153846152], [5459.905461538461, 10150.810153846152], [5475.285476923076, 10135.430138461537], [5490.665492307691, 10120.05012307692], [5521.425523076922, 10120.05012307692], [5552.185553846153, 10120.05012307692], [5582.945584615384, 10120.05012307692], [5613.705615384614, 10120.05012307692], [5644.465646153845, 10120.05012307692], [5659.845661538461, 10104.670107692305], [5675.225676923076, 10089.29009230769], [5705.985707692307, 10089.29009230769], [5736.745738461537, 10089.29009230769], [5752.125753846153, 10104.670107692305], [5767.505769230768, 10120.05012307692], [5798.265799999999, 10120.05012307692], [5829.02583076923, 10120.05012307692], [5859.78586153846, 10120.05012307692], [5890.545892307691, 10120.05012307692], [5921.305923076922, 10120.05012307692], [5936.685938461537, 10135.430138461537], [5952.065953846153, 10150.810153846152], [5982.825984615384, 10150.810153846152], [6013.586015384614, 10150.810153846152], [6028.96603076923, 10166.190169230767], [6044.346046153845, 10181.570184615382], [6075.106076923076, 10181.570184615382], [6105.866107692307, 10181.570184615382], [6121.246123076922, 10196.950199999997], [6136.626138461537, 10212.330215384614], [6167.386169230768, 10212.330215384614], [6198.146199999999, 10212.330215384614], [6228.90623076923, 10212.330215384614], [6259.66626153846, 10212.330215384614], [6290.426292307691, 10212.330215384614], [6305.806307692307, 10227.71023076923], [6321.186323076922, 10243.090246153844], [6351.946353846153, 10243.090246153844], [6382.706384615383, 10243.090246153844], [6398.086399999999, 10258.47026153846], [6413.466415384614, 10273.850276923074], [6444.226446153845, 10273.850276923074], [6459.60646153846, 10289.230292307691], [6474.986476923076, 10304.610307692306], [6505.746507692306, 10304.610307692306], [6521.126523076922, 10319.990323076921], [6536.506538461537, 10335.370338461536], [6567.266569230768, 10335.370338461536], [6582.646584615383, 10350.750353846151], [6598.026599999999, 10366.130369230768], [6613.406615384614, 10381.510384615383], [6628.78663076923, 10396.890399999998], [6659.54666153846, 10396.890399999998], [6674.926676923076, 10412.270415384613], [6690.306692307691, 10427.650430769228], [6705.686707692306, 10443.030446153844], [6721.066723076922, 10458.41046153846], [6736.446738461537, 10473.790476923075], [6751.826753846153, 10489.17049230769], [6767.206769230768, 10504.550507692305], [6782.586784615383, 10519.93052307692], [6797.966799999999, 10535.310538461537], [6813.346815384614, 10550.690553846152], [6828.726830769229, 10566.070569230767], [6844.106846153845, 10581.450584615382], [6859.48686153846, 10596.830599999998], [6874.866876923076, 10612.210615384614], [6890.246892307691, 10627.59063076923], [6890.246892307691, 10658.35066153846], [6905.626907692306, 10673.730676923074], [6921.006923076922, 10689.110692307691], [6936.386938461537, 10704.490707692306], [6951.766953846153, 10719.870723076921], [6951.766953846153, 10750.630753846151], [6967.146969230768, 10766.010769230767], [6982.526984615383, 10781.390784615383], [6982.526984615383, 10812.150815384613], [6997.906999999999, 10827.530830769228], [7013.287015384614, 10842.910846153844], [7013.287015384614, 10873.670876923075], [7013.287015384614, 10904.430907692305], [7028.667030769229, 10919.81092307692], [7044.047046153845, 10935.190938461537], [7044.047046153845, 10965.950969230767], [7044.047046153845, 10996.710999999998], [7044.047046153845, 11027.47103076923], [7044.047046153845, 11058.23106153846], [7044.047046153845, 11088.99109230769], [7059.42706153846, 11104.371107692306], [7074.807076923076, 11119.751123076921], [7074.807076923076, 11150.511153846152], [7074.807076923076, 11181.271184615383], [7059.42706153846, 11196.651199999998], [7044.047046153845, 11212.031215384613], [7044.047046153845, 11242.791246153844], [7044.047046153845, 11273.551276923075], [7044.047046153845, 11304.311307692305], [7044.047046153845, 11335.071338461537], [7044.047046153845, 11365.831369230767], [7028.667030769229, 11381.211384615382], [7013.287015384614, 11396.591399999998], [7013.287015384614, 11427.35143076923], [7013.287015384614, 11458.11146153846], [6997.906999999999, 11473.491476923075], [6982.526984615383, 11488.87149230769], [6982.526984615383, 11519.631523076921], [6967.146969230768, 11535.011538461536], [6951.766953846153, 11550.391553846152], [6951.766953846153, 11581.151584615383], [6936.386938461537, 11596.531599999998], [6921.006923076922, 11611.911615384613], [6905.626907692306, 11627.291630769229], [6890.246892307691, 11642.671646153844], [6890.246892307691, 11673.431676923075], [6874.866876923076, 11688.81169230769], [6859.48686153846, 11704.191707692305], [6844.106846153845, 11719.57172307692], [6828.726830769229, 11734.951738461536], [6813.346815384614, 11750.331753846152], [6797.966799999999, 11765.711769230767], [6782.586784615383, 11781.091784615382], [6767.206769230768, 11796.471799999998], [6751.826753846153, 11811.851815384613], [6721.066723076922, 11811.851815384613], [6690.306692307691, 11811.851815384613], [6659.54666153846, 11811.851815384613], [6644.166646153845, 11827.23183076923], [6628.78663076923, 11842.611846153844], [6598.026599999999, 11842.611846153844], [6582.646584615383, 11857.99186153846], [6567.266569230768, 11873.371876923075], [6551.886553846153, 11888.75189230769], [6536.506538461537, 11904.131907692306], [6505.746507692306, 11904.131907692306], [6490.366492307691, 11919.511923076921], [6474.986476923076, 11934.891938461536], [6444.226446153845, 11934.891938461536], [6413.466415384614, 11934.891938461536], [6382.706384615383, 11934.891938461536], [6351.946353846153, 11934.891938461536], [6321.186323076922, 11934.891938461536], [6305.806307692307, 11919.511923076921], [6290.426292307691, 11904.131907692306], [6275.046276923076, 11888.75189230769], [6259.66626153846, 11873.371876923075], [6228.90623076923, 11873.371876923075], [6198.146199999999, 11873.371876923075], [6167.386169230768, 11873.371876923075], [6136.626138461537, 11873.371876923075], [6105.866107692307, 11873.371876923075], [6075.106076923076, 11873.371876923075], [6044.346046153845, 11873.371876923075], [6013.586015384614, 11873.371876923075], [5998.205999999999, 11888.75189230769], [5982.825984615384, 11904.131907692306], [5967.445969230768, 11919.511923076921], [5952.065953846153, 11934.891938461536], [5936.685938461537, 11950.271953846152], [5921.305923076922, 11965.651969230767], [5890.545892307691, 11965.651969230767], [5859.78586153846, 11965.651969230767], [5844.405846153845, 11981.031984615383], [5829.02583076923, 11996.411999999998], [5813.645815384614, 12011.792015384613], [5798.265799999999, 12027.172030769229], [5782.885784615384, 12042.552046153844], [5782.885784615384, 12073.312076923075], [5782.885784615384, 12104.072107692306], [5767.505769230768, 12119.45212307692], [5752.125753846153, 12134.832138461536], [5736.745738461537, 12150.212153846152], [5721.365723076922, 12165.592169230767], [5705.985707692307, 12180.972184615383], [5675.225676923076, 12180.972184615383], [5659.845661538461, 12196.352199999998], [5644.465646153845, 12211.732215384613], [5629.08563076923, 12227.11223076923], [5613.705615384614, 12242.492246153844], [5582.945584615384, 12242.492246153844], [5552.185553846153, 12242.492246153844], [5536.805538461537, 12257.87226153846], [5521.425523076922, 12273.252276923075], [5506.045507692307, 12288.63229230769], [5506.045507692307, 12319.392323076921], [5490.665492307691, 12334.772338461536], [5459.905461538461, 12334.772338461536], [5429.14543076923, 12334.772338461536], [5398.385399999999, 12334.772338461536], [5383.005384615384, 12350.152353846152], [5367.625369230768, 12365.532369230767]], [[6275.046276923076, 11611.911615384613], [6290.426292307691, 11596.531599999998], [6321.186323076922, 11596.531599999998], [6351.946353846153, 11596.531599999998], [6367.326369230768, 11581.151584615383], [6382.706384615383, 11565.771569230767], [6398.086399999999, 11550.391553846152], [6413.466415384614, 11535.011538461536], [6444.226446153845, 11535.011538461536], [6459.60646153846, 11519.631523076921], [6474.986476923076, 11504.251507692306], [6490.366492307691, 11488.87149230769], [6505.746507692306, 11473.491476923075], [6521.126523076922, 11458.11146153846], [6536.506538461537, 11442.731446153844], [6551.886553846153, 11427.35143076923], [6551.886553846153, 11396.591399999998], [6567.266569230768, 11381.211384615382], [6582.646584615383, 11365.831369230767], [6598.026599999999, 11350.451353846152], [6613.406615384614, 11335.071338461537], [6613.406615384614, 11304.311307692305], [6613.406615384614, 11273.551276923075], [6628.78663076923, 11258.17126153846], [6644.166646153845, 11242.791246153844], [6644.166646153845, 11212.031215384613], [6644.166646153845, 11181.271184615383], [6644.166646153845, 11150.511153846152], [6644.166646153845, 11119.751123076921], [6644.166646153845, 11088.99109230769], [6644.166646153845, 11058.23106153846], [6628.78663076923, 11042.851046153844], [6613.406615384614, 11027.47103076923], [6613.406615384614, 10996.710999999998], [6613.406615384614, 10965.950969230767], [6598.026599999999, 10950.570953846152], [6582.646584615383, 10935.190938461537], [6567.266569230768, 10919.81092307692], [6551.886553846153, 10904.430907692305], [6551.886553846153, 10873.670876923075], [6536.506538461537, 10858.29086153846], [6521.126523076922, 10842.910846153844], [6505.746507692306, 10827.530830769228], [6490.366492307691, 10812.150815384613], [6474.986476923076, 10796.770799999998], [6459.60646153846, 10781.390784615383], [6444.226446153845, 10766.010769230767], [6428.84643076923, 10750.630753846151], [6413.466415384614, 10735.250738461536], [6382.706384615383, 10735.250738461536], [6367.326369230768, 10719.870723076921], [6351.946353846153, 10704.490707692306], [6336.566338461537, 10689.110692307691], [6321.186323076922, 10673.730676923074], [6290.426292307691, 10673.730676923074], [6275.046276923076, 10658.35066153846], [6259.66626153846, 10642.970646153844], [6228.90623076923, 10642.970646153844], [6198.146199999999, 10642.970646153844], [6182.766184615383, 10627.59063076923], [6167.386169230768, 10612.210615384614], [6136.626138461537, 10612.210615384614], [6105.866107692307, 10612.210615384614], [6075.106076923076, 10612.210615384614], [6044.346046153845, 10612.210615384614], [6013.586015384614, 10612.210615384614], [5998.205999999999, 10596.830599999998], [5982.825984615384, 10581.450584615382], [5952.065953846153, 10581.450584615382], [5921.305923076922, 10581.450584615382], [5905.925907692307, 10566.070569230767], [5890.545892307691, 10550.690553846152], [5859.78586153846, 10550.690553846152], [5829.02583076923, 10550.690553846152], [5813.645815384614, 10535.310538461537], [5798.265799999999, 10519.93052307692], [5767.505769230768, 10519.93052307692], [5736.745738461537, 10519.93052307692], [5705.985707692307, 10519.93052307692], [5675.225676923076, 10519.93052307692], [5644.465646153845, 10519.93052307692], [5613.705615384614, 10519.93052307692], [5598.325599999999, 10535.310538461537], [5582.945584615384, 10550.690553846152], [5552.185553846153, 10550.690553846152], [5521.425523076922, 10550.690553846152], [5506.045507692307, 10566.070569230767], [5490.665492307691, 10581.450584615382], [5475.285476923076, 10596.830599999998], [5459.905461538461, 10612.210615384614], [5429.14543076923, 10612.210615384614], [5413.765415384614, 10627.59063076923], [5398.385399999999, 10642.970646153844], [5383.005384615384, 10658.35066153846], [5367.625369230768, 10673.730676923074], [5352.245353846153, 10689.110692307691], [5336.865338461538, 10704.490707692306], [5321.485323076922, 10719.870723076921], [5321.485323076922, 10750.630753846151], [5306.105307692307, 10766.010769230767], [5290.725292307691, 10781.390784615383], [5275.345276923076, 10796.770799999998], [5259.965261538461, 10812.150815384613], [5259.965261538461, 10842.910846153844], [5259.965261538461, 10873.670876923075], [5244.585246153845, 10889.05089230769], [5229.20523076923, 10904.430907692305], [5229.20523076923, 10935.190938461537], [5229.20523076923, 10965.950969230767], [5229.20523076923, 10996.710999999998], [5229.20523076923, 11027.47103076923], [5229.20523076923, 11058.23106153846], [5229.20523076923, 11088.99109230769], [5244.585246153845, 11104.371107692306], [5259.965261538461, 11119.751123076921], [5259.965261538461, 11150.511153846152], [5259.965261538461, 11181.271184615383], [5275.345276923076, 11196.651199999998], [5290.725292307691, 11212.031215384613], [5306.105307692307, 11227.411230769228], [5321.485323076922, 11242.791246153844], [5321.485323076922, 11273.551276923075], [5336.865338461538, 11288.93129230769], [5352.245353846153, 11304.311307692305], [5367.625369230768, 11319.69132307692], [5383.005384615384, 11335.071338461537], [5398.385399999999, 11350.451353846152], [5413.765415384614, 11365.831369230767], [5429.14543076923, 11381.211384615382], [5444.525446153845, 11396.591399999998], [5459.905461538461, 11411.971415384613], [5475.285476923076, 11427.35143076923], [5490.665492307691, 11442.731446153844], [5506.045507692307, 11458.11146153846], [5521.425523076922, 11473.491476923075], [5552.185553846153, 11473.491476923075], [5567.565569230768, 11488.87149230769], [5582.945584615384, 11504.251507692306], [5598.325599999999, 11519.631523076921], [5613.705615384614, 11535.011538461536], [5644.465646153845, 11535.011538461536], [5659.845661538461, 11550.391553846152], [5675.225676923076, 11565.771569230767], [5705.985707692307, 11565.771569230767], [5736.745738461537, 11565.771569230767], [5752.125753846153, 11581.151584615383], [5767.505769230768, 11596.531599999998], [5798.265799999999, 11596.531599999998], [5829.02583076923, 11596.531599999998], [5859.78586153846, 11596.531599999998], [5890.545892307691, 11596.531599999998], [5921.305923076922, 11596.531599999998], [5952.065953846153, 11596.531599999998], [5982.825984615384, 11596.531599999998], [5998.205999999999, 11611.911615384613], [6013.586015384614, 11627.291630769229], [6044.346046153845, 11627.291630769229], [6075.106076923076, 11627.291630769229], [6105.866107692307, 11627.291630769229], [6136.626138461537, 11627.291630769229], [6167.386169230768, 11627.291630769229], [6198.146199999999, 11627.291630769229], [6228.90623076923, 11627.291630769229], [6259.66626153846, 11627.291630769229], [6275.046276923076, 11611.911615384613]]]}, "properties": {"objectType": "annotation", "name": "R1_3_L|deep", "classification": {"name": "deep", "color": [144, 133, 233]}, "lesion_id": 0, "section": "R1_3_L", "area_um2": 332999.9999999996, "lesion_ids": [8, 9]}}, {"type": "Feature", "geometry": {"type": "Polygon", "coordinates": [[[3398.983399999999, 12304.012307692306], [3383.6033846153837, 12288.63229230769], [3368.2233692307686, 12273.252276923075], [3337.4633384615377, 12273.252276923075], [3306.703307692307, 12273.252276923075], [3291.3232923076916, 12257.87226153846], [3275.943276923076, 12242.492246153844], [3245.183246153845, 12242.492246153844], [3214.4232153846147, 12242.492246153844], [3199.043199999999, 12227.11223076923], [3183.6631846153837, 12211.732215384613], [3152.903153846153, 12211.732215384613], [3137.5231384615377, 12196.352199999998], [3122.143123076922, 12180.972184615383], [3091.3830923076916, 12180.972184615383], [3076.003076923076, 12165.592169230767], [3060.6230615384607, 12150.212153846152], [3045.2430461538456, 12134.832138461536], [3029.86303076923, 12119.45212307692], [2999.102999999999, 12119.45212307692], [2983.722984615384, 12104.072107692306], [2968.3429692307686, 12088.69209230769], [2952.962953846153, 12073.312076923075], [2952.962953846153, 12042.552046153844], [2952.962953846153, 12011.792015384613], [2968.3429692307686, 11996.411999999998], [2983.722984615384, 11981.031984615383], [2983.722984615384, 11950.271953846152], [2983.722984615384, 11919.511923076921], [2999.102999999999, 11904.131907692306], [3014.4830153846146, 11888.75189230769], [3014.4830153846146, 11857.99186153846], [3014.4830153846146, 11827.23183076923], [3029.86303076923, 11811.851815384613], [3045.2430461538456, 11827.23183076923], [3060.6230615384607, 11842.611846153844], [3091.3830923076916, 11842.611846153844], [3106.763107692307, 11857.99186153846], [3122.143123076922, 11873.371876923075], [3137.5231384615377, 11888.75189230769], [3152.903153846153, 11904.131907692306], [3168.2831692307686, 11919.511923076921], [3183.6631846153837, 11934.891938461536], [3199.043199999999, 11950.271953846152], [3199.043199999999, 11981.031984615383], [3214.4232153846147, 11996.411999999998], [3245.183246153845, 11996.411999999998], [3275.943276923076, 11996.411999999998], [3291.3232923076916, 12011.792015384613], [3306.703307692307, 12027.172030769229], [3337.4633384615377, 12027.172030769229], [3352.843353846153, 12042.552046153844], [3368.2233692307686, 12057.932061538459], [3398.983399999999, 12057.932061538459], [3414.3634153846147, 12073.312076923075], [3414.3634153846147, 12104.072107692306], [3414.3634153846147, 12134.832138461536], [3414.3634153846147, 12165.592169230767], [3414.3634153846147, 12196.352199999998], [3398.983399999999, 12211.732215384613], [3383.6033846153837, 12227.11223076923], [3398.983399999999, 12242.492246153844], [3414.3634153846147, 12257.87226153846], [3414.3634153846147, 12288.63229230769], [3398.983399999999, 12304.012307692306]]]}, "properties": {"objectType": "annotation", "name": "deep_9", "classification": {"name": "deep", "color": [144, 133, 233]}, "lesion_id": 9, "section": null, "area_um2": 12349.999999999995, "lesion_ids": [9]}}, {"type": "Feature", "geometry": {"type": "Polygon", "coordinates": [[[19394.199399999994, 12488.57249230769], [19378.81938461538, 12473.192476923075], [19363.439369230764, 12457.812461538459], [19348.059353846147, 12473.192476923075], [19332.679338461534, 12488.57249230769], [19301.919307692304, 12488.57249230769], [19286.539292307687, 12473.192476923075], [19271.15927692307, 12457.812461538459], [19240.39924615384, 12457.812461538459], [19209.63921538461, 12457.812461538459], [19178.87918461538, 12457.812461538459], [19148.11915384615, 12457.812461538459], [19117.359123076916, 12457.812461538459], [19086.599092307686, 12457.812461538459], [19071.219076923073, 12442.432446153844], [19055.839061538456, 12427.052430769229], [19040.45904615384, 12411.672415384613], [19025.079030769226, 12396.292399999998], [19009.69901538461, 12380.912384615382], [18994.318999999996, 12365.532369230767], [18963.558969230762, 12365.532369230767], [18932.798938461532, 12365.532369230767], [18917.41892307692, 12350.152353846152], [18902.038907692302, 12334.772338461536], [18886.65889230769, 12319.392323076921], [18871.278876923072, 12304.012307692306], [18840.518846153842, 12304.012307692306], [18809.75881538461, 12304.012307692306], [18778.998784615378, 12304.012307692306], [18763.618769230765, 12288.63229230769], [18748.238753846148, 12273.252276923075], [18717.478723076918, 12273.252276923075], [18686.718692307688, 12273.252276923075], [18671.33867692307, 12257.87226153846], [18655.958661538458, 12242.492246153844], [18640.57864615384, 12227.11223076923], [18625.198630769224, 12211.732215384613], [18609.81861538461, 12196.352199999998], [18594.438599999994, 12180.972184615383], [18563.678569230764, 12180.972184615383], [18532.918538461534, 12180.972184615383], [18517.538523076917, 12165.592169230767], [18502.158507692304, 12150.212153846152], [18471.39847692307, 12150.212153846152], [18440.63844615384, 12150.212153846152], [18409.87841538461, 12150.212153846152], [18394.498399999993, 12134.832138461536], [18379.11838461538, 12119.45212307692], [18363.738369230763, 12134.832138461536], [18348.35835384615, 12150.212153846152], [18317.598323076916, 12150.212153846152], [18286.838292307686, 12150.212153846152], [18271.458276923073, 12134.832138461536], [18256.078261538456, 12119.45212307692], [18225.318230769226, 12119.45212307692], [18209.93821538461, 12104.072107692306], [18194.558199999996, 12088.69209230769], [18179.17818461538, 12073.312076923075], [18163.798169230766, 12057.932061538459], [18148.41815384615, 12042.552046153844], [18133.038138461532, 12027.172030769229], [18117.65812307692, 12011.792015384613], [18102.278107692302, 11996.411999999998], [18086.89809230769, 11981.031984615383], [18071.518076923072, 11965.651969230767], [18056.138061538455, 11950.271953846152], [18040.758046153842, 11934.891938461536], [18025.378030769225, 11919.511923076921], [18009.99801538461, 11904.131907692306], [17994.617999999995, 11888.75189230769], [18009.99801538461, 11873.371876923075], [18040.758046153842, 11873.371876923075], [18071.518076923072, 11873.371876923075], [18102.278107692302, 11873.371876923075], [18133.038138461532, 11873.371876923075], [18163.798169230766, 11873.371876923075], [18179.17818461538, 11857.99186153846], [18194.558199999996, 11842.611846153844], [18225.318230769226, 11842.611846153844], [18256.078261538456, 11842.611846153844], [18271.458276923073, 11857.99186153846], [18286.838292307686, 11873.371876923075], [18317.598323076916, 11873.371876923075], [18348.35835384615, 11873.371876923075], [18379.11838461538, 11873.371876923075], [18409.87841538461, 11873.371876923075], [18440.63844615384, 11873.371876923075], [18471.39847692307, 11873.371876923075], [18502.158507692304, 11873.371876923075], [18532.918538461534, 11873.371876923075], [18563.678569230764, 11873.371876923075], [18579.05858461538, 11888.75189230769], [18594.438599999994, 11904.131907692306], [18625.198630769224, 11904.131907692306], [18640.57864615384, 11919.511923076921], [18655.958661538458, 11934.891938461536], [18686.718692307688, 11934.891938461536], [18702.0987076923, 11950.271953846152], [18717.478723076918, 11965.651969230767], [18748.238753846148, 11965.651969230767], [18763.618769230765, 11981.031984615383], [18778.998784615378, 11996.411999999998], [18809.75881538461, 11996.411999999998], [18840.518846153842, 11996.411999999998], [18855.898861538455, 12011.792015384613], [18871.278876923072, 12027.172030769229], [18902.038907692302, 12027.172030769229], [18917.41892307692, 12042.552046153844], [18932.798938461532, 12057.932061538459], [18963.558969230762, 12057.932061538459], [18978.93898461538, 12073.312076923075], [18994.318999999996, 12088.69209230769], [19025.079030769226, 12088.69209230769], [19040.45904615384, 12104.072107692306], [19055.839061538456, 12119.45212307692], [19086.599092307686, 12119.45212307692], [19101.979107692303, 12134.832138461536], [19117.359123076916, 12150.212153846152], [19148.11915384615, 12150.212153846152], [19163.499169230763, 12165.592169230767], [19178.87918461538, 12180.972184615383], [19209.63921538461, 12180.972184615383], [19225.019230769227, 12196.352199999998], [19240.39924615384, 12211.732215384613], [19271.15927692307, 12211.732215384613], [19286.539292307687, 12227.11223076923], [19301.919307692304, 12242.492246153844], [19332.679338461534, 12242.492246153844], [19363.439369230764, 12242.492246153844], [19394.199399999994, 12242.492246153844], [19424.959430769224, 12242.492246153844], [19455.719461538458, 12242.492246153844], [19471.09947692307, 12257.87226153846], [19486.479492307688, 12273.252276923075], [19517.239523076918, 12273.252276923075], [19532.619538461535, 12288.63229230769], [19547.999553846148, 12304.012307692306], [19578.759584615378, 12304.012307692306], [19594.139599999995, 12319.392323076921], [19609.51961538461, 12334.772338461536], [19624.899630769225, 12350.152353846152], [19640.279646153842, 12365.532369230767], [19655.659661538455, 12380.912384615382], [19671.039676923072, 12396.292399999998], [19686.419692307685, 12411.672415384613], [19671.039676923072, 12427.052430769229], [19640.279646153842, 12427.052430769229], [19624.899630769225, 12442.432446153844], [19609.51961538461, 12457.812461538459], [19578.759584615378, 12457.812461538459], [19547.999553846148, 12457.812461538459], [19517.239523076918, 12457.812461538459], [19486.479492307688, 12457.812461538459], [19455.719461538458, 12457.812461538459], [19424.959430769224, 12457.812461538459], [19409.57941538461, 12473.192476923075], [19394.199399999994, 12488.57249230769]]]}, "properties": {"objectType": "annotation", "name": "deep_6", "classification": {"name": "deep", "color": [144, 133, 233]}, "lesion_id": 6, "section": null, "area_um2": 43449.999999999985, "lesion_ids": [6]}}, {"type": "Feature", "geometry": {"type": "Polygon", "coordinates": [[[5336.865338461538, 12611.612615384613], [5306.105307692307, 12611.612615384613], [5275.345276923076, 12611.612615384613], [5244.585246153845, 12611.612615384613], [5213.825215384614, 12611.612615384613], [5198.445199999999, 12596.232599999998], [5183.065184615384, 12580.852584615383], [5152.305153846153, 12580.852584615383], [5121.545123076922, 12580.852584615383], [5090.785092307691, 12580.852584615383], [5060.025061538461, 12580.852584615383], [5044.645046153845, 12596.232599999998], [5029.26503076923, 12611.612615384613], [4998.504999999999, 12611.612615384613], [4967.744969230768, 12611.612615384613], [4952.364953846153, 12596.232599999998], [4936.984938461538, 12580.852584615383], [4906.224907692307, 12580.852584615383], [4890.844892307691, 12565.472569230767], [4906.224907692307, 12550.092553846152], [4921.604923076922, 12534.712538461536], [4906.224907692307, 12519.33252307692], [4875.464876923076, 12519.33252307692], [4860.084861538461, 12503.952507692306], [4875.464876923076, 12488.57249230769], [4890.844892307691, 12473.192476923075], [4906.224907692307, 12457.812461538459], [4936.984938461538, 12457.812461538459], [4967.744969230768, 12457.812461538459], [4998.504999999999, 12457.812461538459], [5029.26503076923, 12457.812461538459], [5060.025061538461, 12457.812461538459], [5090.785092307691, 12457.812461538459], [5121.545123076922, 12457.812461538459], [5152.305153846153, 12457.812461538459], [5183.065184615384, 12457.812461538459], [5213.825215384614, 12457.812461538459], [5244.585246153845, 12457.812461538459], [5275.345276923076, 12457.812461538459], [5306.105307692307, 12457.812461538459], [5336.865338461538, 12457.812461538459], [5367.625369230768, 12457.812461538459], [5398.385399999999, 12457.812461538459], [5413.765415384614, 12442.432446153844], [5429.14543076923, 12427.052430769229], [5444.525446153845, 12411.672415384613], [5459.905461538461, 12396.292399999998], [5490.665492307691, 12396.292399999998], [5521.425523076922, 12396.292399999998], [5552.185553846153, 12396.292399999998], [5567.565569230768, 12380.912384615382], [5582.945584615384, 12365.532369230767], [5598.325599999999, 12350.152353846152], [5613.705615384614, 12334.772338461536], [5629.08563076923, 12319.392323076921], [5644.465646153845, 12304.012307692306], [5659.845661538461, 12288.63229230769], [5675.225676923076, 12273.252276923075], [5690.605692307691, 12257.87226153846], [5705.985707692307, 12242.492246153844], [5736.745738461537, 12242.492246153844], [5752.125753846153, 12227.11223076923], [5767.505769230768, 12211.732215384613], [5798.265799999999, 12211.732215384613], [5829.02583076923, 12211.732215384613], [5844.405846153845, 12196.352199999998], [5844.405846153845, 12165.592169230767], [5844.405846153845, 12134.832138461536], [5844.405846153845, 12104.072107692306], [5844.405846153845, 12073.312076923075], [5859.78586153846, 12057.932061538459], [5890.545892307691, 12057.932061538459], [5905.925907692307, 12042.552046153844], [5921.305923076922, 12027.172030769229], [5952.065953846153, 12027.172030769229], [5982.825984615384, 12027.172030769229], [6013.586015384614, 12027.172030769229], [6028.96603076923, 12011.792015384613], [6044.346046153845, 11996.411999999998], [6075.106076923076, 11996.411999999998], [6090.486092307691, 12011.792015384613], [6105.866107692307, 12027.172030769229], [6121.246123076922, 12011.792015384613], [6121.246123076922, 11981.031984615383], [6136.626138461537, 11965.651969230767], [6167.386169230768, 11965.651969230767], [6198.146199999999, 11965.651969230767], [6228.90623076923, 11965.651969230767], [6259.66626153846, 11965.651969230767], [6275.046276923076, 11981.031984615383], [6275.046276923076, 12011.792015384613], [6290.426292307691, 12027.172030769229], [6305.806307692307, 12042.552046153844], [6321.186323076922, 12057.932061538459], [6336.566338461537, 12073.312076923075], [6351.946353846153, 12088.69209230769], [6367.326369230768, 12073.312076923075], [6382.706384615383, 12057.932061538459], [6398.086399999999, 12073.312076923075], [6413.466415384614, 12088.69209230769], [6428.84643076923, 12073.312076923075], [6444.226446153845, 12057.932061538459], [6459.60646153846, 12073.312076923075], [6474.986476923076, 12088.69209230769], [6490.366492307691, 12073.312076923075], [6490.366492307691, 12042.552046153844], [6505.746507692306, 12027.172030769229], [6521.126523076922, 12011.792015384613], [6536.506538461537, 11996.411999999998], [6551.886553846153, 11981.031984615383], [6567.266569230768, 11965.651969230767], [6582.646584615383, 11950.271953846152], [6598.026599999999, 11934.891938461536], [6628.78663076923, 11934.891938461536], [6659.54666153846, 11934.891938461536], [6674.926676923076, 11919.511923076921], [6690.306692307691, 11904.131907692306], [6705.686707692306, 11919.511923076921], [6721.066723076922, 11934.891938461536], [6736.446738461537, 11950.271953846152], [6721.066723076922, 11965.651969230767], [6690.306692307691, 11965.651969230767], [6674.926676923076, 11981.031984615383], [6659.54666153846, 11996.411999999998], [6628.78663076923, 11996.411999999998], [6613.406615384614, 12011.792015384613], [6628.78663076923, 12027.172030769229], [6659.54666153846, 12027.172030769229], [6674.926676923076, 12042.552046153844], [6690.306692307691, 12057.932061538459], [6705.686707692306, 12073.312076923075], [6721.066723076922, 12088.69209230769], [6751.826753846153, 12088.69209230769], [6767.206769230768, 12104.072107692306], [6782.586784615383, 12119.45212307692], [6797.966799999999, 12134.832138461536], [6782.586784615383, 12150.212153846152], [6751.826753846153, 12150.212153846152], [6721.066723076922, 12150.212153846152], [6705.686707692306, 12165.592169230767], [6690.306692307691, 12180.972184615383], [6659.54666153846, 12180.972184615383], [6644.166646153845, 12196.352199999998], [6628.78663076923, 12211.732215384613], [6613.406615384614, 12227.11223076923], [6598.026599999999, 12242.492246153844], [6582.646584615383, 12257.87226153846], [6567.266569230768, 12273.252276923075], [6536.506538461537, 12273.252276923075], [6521.126523076922, 12288.63229230769], [6505.746507692306, 12304.012307692306], [6474.986476923076, 12304.012307692306], [6444.226446153845, 12304.012307692306], [6413.466415384614, 12304.012307692306], [6382.706384615383, 12304.012307692306], [6351.946353846153, 12304.012307692306], [6321.186323076922, 12304.012307692306], [6290.426292307691, 12304.012307692306], [6275.046276923076, 12288.63229230769], [6259.66626153846, 12273.252276923075], [6244.286246153845, 12257.87226153846], [6228.90623076923, 12242.492246153844], [6198.146199999999, 12242.492246153844], [6182.766184615383, 12227.11223076923], [6167.386169230768, 12211.732215384613], [6136.626138461537, 12211.732215384613], [6105.866107692307, 12211.732215384613], [6090.486092307691, 12227.11223076923], [6075.106076923076, 12242.492246153844], [6059.72606153846, 12257.87226153846], [6044.346046153845, 12273.252276923075], [6028.96603076923, 12288.63229230769], [6013.586015384614, 12304.012307692306], [5998.205999999999, 12319.392323076921], [5982.825984615384, 12334.772338461536], [5952.065953846153, 12334.772338461536], [5921.305923076922, 12334.772338461536], [5890.545892307691, 12334.772338461536], [5859.78586153846, 12334.772338461536], [5844.405846153845, 12350.152353846152], [5829.02583076923, 12365.532369230767], [5798.265799999999, 12365.532369230767], [5782.885784615384, 12380.912384615382], [5767.505769230768, 12396.292399999998], [5736.745738461537, 12396.292399999998], [5721.365723076922, 12411.672415384613], [5705.985707692307, 12427.052430769229], [5690.605692307691, 12442.432446153844], [5675.225676923076, 12457.812461538459], [5659.845661538461, 12473.192476923075], [5644.465646153845, 12488.57249230769], [5629.08563076923, 12503.952507692306], [5613.705615384614, 12519.33252307692], [5582.945584615384, 12519.33252307692], [5552.185553846153, 12519.33252307692], [5521.425523076922, 12519.33252307692], [5506.045507692307, 12534.712538461536], [5490.665492307691, 12550.092553846152], [5459.905461538461, 12550.092553846152], [5429.14543076923, 12550.092553846152], [5398.385399999999, 12550.092553846152], [5383.005384615384, 12565.472569230767], [5367.625369230768, 12580.852584615383], [5352.245353846153, 12596.232599999998], [5336.865338461538, 12611.612615384613]]]}, "properties": {"objectType": "annotation", "name": "R1_3_L|deep", "classification": {"name": "deep", "color": [144, 133, 233]}, "lesion_id": 0, "section": "R1_3_L", "area_um2": 38950.00000000007, "lesion_ids": [9, 11]}}, {"type": "Feature", "geometry": {"type": "Polygon", "coordinates": [[[3245.183246153845, 13011.493015384613], [3214.4232153846147, 13011.493015384613], [3199.043199999999, 12996.112999999998], [3183.6631846153837, 12980.732984615383], [3168.2831692307686, 12965.352969230767], [3183.6631846153837, 12949.972953846152], [3199.043199999999, 12934.592938461536], [3214.4232153846147, 12919.21292307692], [3229.80323076923, 12934.592938461536], [3245.183246153845, 12949.972953846152], [3260.5632615384607, 12934.592938461536], [3245.183246153845, 12919.21292307692], [3229.80323076923, 12903.832907692306], [3214.4232153846147, 12888.45289230769], [3199.043199999999, 12873.072876923075], [3183.6631846153837, 12857.692861538459], [3168.2831692307686, 12842.312846153844], [3152.903153846153, 12826.932830769229], [3137.5231384615377, 12811.552815384613], [3122.143123076922, 12796.172799999998], [3106.763107692307, 12780.792784615382], [3106.763107692307, 12750.032753846152], [3091.3830923076916, 12734.652738461537], [3076.003076923076, 12719.272723076921], [3091.3830923076916, 12703.892707692305], [3122.143123076922, 12703.892707692305], [3152.903153846153, 12703.892707692305], [3183.6631846153837, 12703.892707692305], [3199.043199999999, 12688.51269230769], [3214.4232153846147, 12673.132676923075], [3229.80323076923, 12657.75266153846], [3245.183246153845, 12642.372646153844], [3275.943276923076, 12642.372646153844], [3291.3232923076916, 12626.99263076923], [3306.703307692307, 12611.612615384613], [3322.083323076922, 12596.232599999998], [3337.4633384615377, 12580.852584615383], [3368.2233692307686, 12580.852584615383], [3383.6033846153837, 12565.472569230767], [3398.983399999999, 12550.092553846152], [3429.74343076923, 12550.092553846152], [3460.5034615384607, 12550.092553846152], [3475.883476923076, 12534.712538461536], [3491.2634923076916, 12519.33252307692], [3506.6435076923067, 12534.712538461536], [3522.023523076922, 12550.092553846152], [3537.4035384615377, 12565.472569230767], [3552.783553846153, 12580.852584615383], [3568.163569230768, 12596.232599999998], [3583.5435846153837, 12611.612615384613], [3614.3036153846147, 12611.612615384613], [3629.68363076923, 12626.99263076923], [3645.063646153845, 12642.372646153844], [3675.823676923076, 12642.372646153844], [3691.2036923076917, 12657.75266153846], [3706.5837076923067, 12673.132676923075], [3721.963723076922, 12688.51269230769], [3706.5837076923067, 12703.892707692305], [3691.2036923076917, 12719.272723076921], [3691.2036923076917, 12750.032753846152], [3675.823676923076, 12765.412769230767], [3645.063646153845, 12765.412769230767], [3629.68363076923, 12780.792784615382], [3614.3036153846147, 12796.172799999998], [3583.5435846153837, 12796.172799999998], [3552.783553846153, 12796.172799999998], [3522.023523076922, 12796.172799999998], [3506.6435076923067, 12811.552815384613], [3491.2634923076916, 12826.932830769229], [3475.883476923076, 12811.552815384613], [3460.5034615384607, 12796.172799999998], [3429.74343076923, 12796.172799999998], [3414.3634153846147, 12811.552815384613], [3414.3634153846147, 12842.312846153844], [3398.983399999999, 12857.692861538459], [3383.6033846153837, 12873.072876923075], [3368.2233692307686, 12888.45289230769], [3352.843353846153, 12903.832907692306], [3337.4633384615377, 12919.21292307692], [3322.083323076922, 12934.592938461536], [3306.703307692307, 12949.972953846152], [3291.3232923076916, 12965.352969230767], [3275.943276923076, 12980.732984615383], [3260.5632615384607, 12996.112999999998], [3245.183246153845, 13011.493015384613]]]}, "properties": {"objectType": "annotation", "name": "P2_3_C|deep_9", "classification": {"name": "deep", "color": [144, 133, 233]}, "lesion_id": 9, "section": "P2_3_C", "area_um2": 14950.000000000011, "lesion_ids": [9]}}, {"type": "Feature", "geometry": {"type": "Polygon", "coordinates": [[[8228.30823076923, 16702.696707692303], [8197.5482, 16702.696707692303], [8166.788169230768, 16702.696707692303], [8136.028138461537, 16702.696707692303], [8105.268107692306, 16702.696707692303], [8074.508076923075, 16702.696707692303], [8043.748046153845, 16702.696707692303], [8012.988015384614, 16702.696707692303], [7982.227984615383, 16702.696707692303], [7951.467953846152, 16702.696707692303], [7920.707923076922, 16702.696707692303], [7889.947892307691, 16702.696707692303], [7859.18786153846, 16702.696707692303], [7843.807846153845, 16687.316692307686], [7828.427830769229, 16671.936676923073], [7797.667799999998, 16671.936676923073], [7766.907769230768, 16671.936676923073], [7736.147738461537, 16671.936676923073], [7705.387707692306, 16671.936676923073], [7690.007692307691, 16656.556661538456], [7674.627676923075, 16641.176646153843], [7643.867646153845, 16641.176646153843], [7613.107615384614, 16641.176646153843], [7597.727599999999, 16625.796630769226], [7582.347584615383, 16610.41661538461], [7551.587553846152, 16610.41661538461], [7520.827523076922, 16610.41661538461], [7505.447507692306, 16595.036599999996], [7490.067492307691, 16579.65658461538], [7459.30746153846, 16579.65658461538], [7443.927446153845, 16564.276569230766], [7428.547430769229, 16548.89655384615], [7413.167415384614, 16533.516538461532], [7397.787399999999, 16518.13652307692], [7367.027369230768, 16518.13652307692], [7351.647353846152, 16502.756507692302], [7336.267338461537, 16487.37649230769], [7305.507307692306, 16487.37649230769], [7274.747276923076, 16487.37649230769], [7243.987246153845, 16487.37649230769], [7213.227215384614, 16487.37649230769], [7182.467184615383, 16487.37649230769], [7167.087169230768, 16471.996476923072], [7151.707153846152, 16456.616461538455], [7120.947123076922, 16456.616461538455], [7090.187092307691, 16456.616461538455], [7059.42706153846, 16456.616461538455], [7028.667030769229, 16456.616461538455], [7013.287015384614, 16441.236446153842], [6997.906999999999, 16425.856430769225], [6967.146969230768, 16425.856430769225], [6936.386938461537, 16425.856430769225], [6921.006923076922, 16410.47641538461], [6905.626907692306, 16395.096399999995], [6890.246892307691, 16410.47641538461], [6874.866876923076, 16425.856430769225], [6844.106846153845, 16425.856430769225], [6813.346815384614, 16425.856430769225], [6782.586784615383, 16425.856430769225], [6751.826753846153, 16425.856430769225], [6736.446738461537, 16441.236446153842], [6721.066723076922, 16456.616461538455], [6690.306692307691, 16456.616461538455], [6659.54666153846, 16456.616461538455], [6628.78663076923, 16456.616461538455], [6598.026599999999, 16456.616461538455], [6567.266569230768, 16456.616461538455], [6536.506538461537, 16456.616461538455], [6505.746507692306, 16456.616461538455], [6474.986476923076, 16456.616461538455], [6444.226446153845, 16456.616461538455], [6413.466415384614, 16456.616461538455], [6382.706384615383, 16456.616461538455], [6367.326369230768, 16441.236446153842], [6351.946353846153, 16425.856430769225], [6321.186323076922, 16425.856430769225], [6290.426292307691, 16425.856430769225], [6259.66626153846, 16425.856430769225], [6228.90623076923, 16425.856430769225], [6213.526215384614, 16410.47641538461], [6198.146199999999, 16395.096399999995], [6167.386169230768, 16395.096399999995], [6136.626138461537, 16395.096399999995], [6121.246123076922, 16379.71638461538], [6105.866107692307, 16364.336369230767], [6075.106076923076, 16364.336369230767], [6044.346046153845, 16364.336369230767], [6028.96603076923, 16348.956353846152], [6013.586015384614, 16333.576338461535], [5982.825984615384, 16333.576338461535], [5967.445969230768, 16318.19632307692], [5952.065953846153, 16302.816307692305], [5936.685938461537, 16287.43629230769], [5921.305923076922, 16272.056276923075], [5890.545892307691, 16272.056276923075], [5875.165876923076, 16256.676261538458], [5859.78586153846, 16241.296246153843], [5844.405846153845, 16225.916230769228], [5829.02583076923, 16210.536215384613], [5813.645815384614, 16195.156199999998], [5798.265799999999, 16179.776184615383], [5782.885784615384, 16164.396169230766], [5767.505769230768, 16149.01615384615], [5752.125753846153, 16133.636138461536], [5736.745738461537, 16118.25612307692], [5721.365723076922, 16102.876107692306], [5705.985707692307, 16087.496092307689], [5690.605692307691, 16072.116076923074], [5675.225676923076, 16056.736061538459], [5659.845661538461, 16041.356046153844], [5644.465646153845, 16025.976030769229], [5629.08563076923, 16010.596015384612], [5613.705615384614, 15995.215999999997], [5598.325599999999, 15979.835984615382], [5582.945584615384, 15964.455969230767], [5567.565569230768, 15949.075953846152], [5567.565569230768, 15918.31592307692], [5552.185553846153, 15902.935907692305], [5536.805538461537, 15887.55589230769], [5521.425523076922, 15872.175876923075], [5506.045507692307, 15856.79586153846], [5506.045507692307, 15826.035830769228], [5490.665492307691, 15810.655815384613], [5475.285476923076, 15795.275799999998], [5475.285476923076, 15764.515769230766], [5475.285476923076, 15733.755738461536], [5459.905461538461, 15718.37572307692], [5444.525446153845, 15702.995707692306], [5444.525446153845, 15672.235676923074], [5444.525446153845, 15641.475646153844], [5429.14543076923, 15626.095630769229], [5413.765415384614, 15610.715615384612], [5413.765415384614, 15579.955584615382], [5413.765415384614, 15549.195553846152], [5413.765415384614, 15518.43552307692], [5413.765415384614, 15487.67549230769], [5398.385399999999, 15472.295476923075], [5383.005384615384, 15456.91546153846], [5383.005384615384, 15426.155430769228], [5383.005384615384, 15395.395399999998], [5383.005384615384, 15364.635369230766], [5383.005384615384, 15333.875338461536], [5383.005384615384, 15303.115307692306], [5383.005384615384, 15272.355276923074], [5383.005384615384, 15241.595246153844], [5367.625369230768, 15226.215230769229], [5352.245353846153, 15210.835215384614], [5336.865338461538, 15195.455199999997], [5321.485323076922, 15180.075184615382], [5306.105307692307, 15164.695169230767], [5290.725292307691, 15149.315153846152], [5275.345276923076, 15133.935138461537], [5259.965261538461, 15118.55512307692], [5244.585246153845, 15103.175107692305], [5229.20523076923, 15087.79509230769], [5213.825215384614, 15072.415076923075], [5198.445199999999, 15057.03506153846], [5183.065184615384, 15041.655046153843], [5167.685169230768, 15026.275030769228], [5167.685169230768, 14995.514999999998], [5152.305153846153, 14980.134984615383], [5136.925138461538, 14964.754969230766], [5121.545123076922, 14949.37495384615], [5106.165107692307, 14933.994938461536], [5106.165107692307, 14903.234907692306], [5090.785092307691, 14887.85489230769], [5075.405076923076, 14872.474876923074], [5075.405076923076, 14841.714846153844], [5075.405076923076, 14810.954815384614], [5060.025061538461, 14795.574799999997], [5044.645046153845, 14780.194784615382], [5044.645046153845, 14749.434753846152], [5044.645046153845, 14718.67472307692], [5029.26503076923, 14703.294707692305], [5013.885015384615, 14687.91469230769], [5013.885015384615, 14657.15466153846], [5013.885015384615, 14626.394630769228], [5013.885015384615, 14595.634599999998], [5013.885015384615, 14564.874569230768], [4998.504999999999, 14549.49455384615], [4983.124984615384, 14534.114538461536], [4983.124984615384, 14503.354507692306], [4983.124984615384, 14472.594476923074], [4983.124984615384, 14441.834446153844], [4983.124984615384, 14411.074415384614], [4983.124984615384, 14380.314384615382], [4983.124984615384, 14349.554353846152], [4983.124984615384, 14318.79432307692], [4983.124984615384, 14288.03429230769], [4983.124984615384, 14257.27426153846], [4998.504999999999, 14241.894246153845], [5013.885015384615, 14226.514230769228], [5013.885015384615, 14195.754199999998], [5013.885015384615, 14164.994169230768], [5013.885015384615, 14134.234138461536], [5013.885015384615, 14103.474107692306], [5029.26503076923, 14088.09409230769], [5044.645046153845, 14072.714076923074], [5044.645046153845, 14041.954046153844], [5044.645046153845, 14011.194015384614], [5060.025061538461, 13995.813999999997], [5075.405076923076, 13980.433984615382], [5075.405076923076, 13949.673953846152], [5075.405076923076, 13918.913923076921], [5060.025061538461, 13903.533907692305], [5044.645046153845, 13888.15389230769], [5029.26503076923, 13872.773876923075], [5013.885015384615, 13857.39386153846], [4998.504999999999, 13842.013846153844], [4983.124984615384, 13826.633830769228], [4967.744969230768, 13811.253815384613], [4952.364953846153, 13795.873799999998], [4936.984938461538, 13780.493784615383], [4921.604923076922, 13765.113769230768], [4906.224907692307, 13749.73375384615], [4890.844892307691, 13734.353738461536], [4875.464876923076, 13718.97372307692], [4860.084861538461, 13703.593707692306], [4860.084861538461, 13672.833676923074], [4844.704846153845, 13657.453661538459], [4829.32483076923, 13642.073646153844], [4813.944815384615, 13626.693630769229], [4798.564799999999, 13611.313615384614], [4798.564799999999, 13580.553584615382], [4783.184784615384, 13565.173569230767], [4767.804769230768, 13549.793553846152], [4767.804769230768, 13519.033523076921], [4767.804769230768, 13488.27349230769], [4752.424753846153, 13472.893476923075], [4737.044738461538, 13457.51346153846], [4737.044738461538, 13426.753430769228], [4721.664723076922, 13411.373415384613], [4690.904692307692, 13411.373415384613], [4675.524676923076, 13426.753430769228], [4660.144661538461, 13442.133446153844], [4629.38463076923, 13442.133446153844], [4598.624599999999, 13442.133446153844], [4567.864569230768, 13442.133446153844], [4537.104538461538, 13442.133446153844], [4521.724523076922, 13457.51346153846], [4506.344507692307, 13472.893476923075], [4475.584476923076, 13472.893476923075], [4444.824446153845, 13472.893476923075], [4414.064415384615, 13472.893476923075], [4383.304384615384, 13472.893476923075], [4352.544353846153, 13472.893476923075], [4321.784323076922, 13472.893476923075], [4291.024292307692, 13472.893476923075], [4260.264261538461, 13472.893476923075], [4244.884246153845, 13457.51346153846], [4229.50423076923, 13442.133446153844], [4198.744199999999, 13442.133446153844], [4167.984169230769, 13442.133446153844], [4137.224138461538, 13442.133446153844], [4106.464107692307, 13442.133446153844], [4075.704076923076, 13442.133446153844], [4060.3240615384607, 13426.753430769228], [4044.944046153845, 13411.373415384613], [4014.1840153846147, 13411.373415384613], [3983.4239846153837, 13411.373415384613], [3952.663953846153, 13411.373415384613], [3921.903923076922, 13411.373415384613], [3906.5239076923067, 13395.993399999998], [3891.143892307691, 13380.613384615383], [3860.3838615384607, 13380.613384615383], [3829.6238307692297, 13380.613384615383], [3814.2438153846147, 13365.233369230767], [3798.863799999999, 13349.85335384615], [3768.103769230768, 13349.85335384615], [3737.3437384615377, 13349.85335384615], [3721.963723076922, 13334.473338461536], [3706.5837076923067, 13319.09332307692], [3675.823676923076, 13319.09332307692], [3660.4436615384607, 13303.713307692306], [3645.063646153845, 13288.33329230769], [3629.68363076923, 13272.953276923075], [3614.3036153846147, 13257.573261538459], [3583.5435846153837, 13257.573261538459], [3568.163569230768, 13242.193246153844], [3552.783553846153, 13226.813230769229], [3537.4035384615377, 13211.433215384614], [3522.023523076922, 13196.053199999998], [3491.2634923076916, 13196.053199999998], [3475.883476923076, 13180.673184615382], [3460.5034615384607, 13165.293169230767], [3429.74343076923, 13165.293169230767], [3414.3634153846147, 13149.913153846152], [3398.983399999999, 13134.533138461537], [3368.2233692307686, 13134.533138461537], [3352.843353846153, 13119.153123076921], [3337.4633384615377, 13103.773107692305], [3322.083323076922, 13088.39309230769], [3322.083323076922, 13057.63306153846], [3337.4633384615377, 13042.253046153844], [3368.2233692307686, 13042.253046153844], [3383.6033846153837, 13026.873030769228], [3398.983399999999, 13011.493015384613], [3414.3634153846147, 12996.112999999998], [3414.3634153846147, 12965.352969230767], [3414.3634153846147, 12934.592938461536], [3429.74343076923, 12919.21292307692], [3460.5034615384607, 12919.21292307692], [3475.883476923076, 12903.832907692306], [3491.2634923076916, 12888.45289230769], [3522.023523076922, 12888.45289230769], [3537.4035384615377, 12873.072876923075], [3552.783553846153, 12857.692861538459], [3583.5435846153837, 12857.692861538459], [3614.3036153846147, 12857.692861538459], [3645.063646153845, 12857.692861538459], [3675.823676923076, 12857.692861538459], [3691.2036923076917, 12842.312846153844], [3706.5837076923067, 12826.932830769229], [3721.963723076922, 12811.552815384613], [3737.3437384615377, 12796.172799999998], [3752.723753846153, 12780.792784615382], [3768.103769230768, 12765.412769230767], [3798.863799999999, 12765.412769230767], [3814.2438153846147, 12780.792784615382], [3829.6238307692297, 12796.172799999998], [3845.003846153845, 12811.552815384613], [3860.3838615384607, 12826.932830769229], [3891.143892307691, 12826.932830769229], [3906.5239076923067, 12842.312846153844], [3921.903923076922, 12857.692861538459], [3937.2839384615377, 12873.072876923075], [3952.663953846153, 12888.45289230769], [3983.4239846153837, 12888.45289230769], [4014.1840153846147, 12888.45289230769], [4029.5640307692297, 12903.832907692306], [4044.944046153845, 12919.21292307692], [4075.704076923076, 12919.21292307692], [4106.464107692307, 12919.21292307692], [4137.224138461538, 12919.21292307692], [4167.984169230769, 12919.21292307692], [4198.744199999999, 12919.21292307692], [4214.124215384615, 12934.592938461536], [4229.50423076923, 12949.972953846152], [4260.264261538461, 12949.972953846152], [4291.024292307692, 12949.972953846152], [4321.784323076922, 12949.972953846152], [4352.544353846153, 12949.972953846152], [4383.304384615384, 12949.972953846152], [4414.064415384615, 12949.972953846152], [4444.824446153845, 12949.972953846152], [4475.584476923076, 12949.972953846152], [4506.344507692307, 12949.972953846152], [4537.104538461538, 12949.972953846152], [4552.484553846153, 12934.592938461536], [4567.864569230768, 12919.21292307692], [4598.624599999999, 12919.21292307692], [4629.38463076923, 12919.21292307692], [4644.764646153845, 12903.832907692306], [4660.144661538461, 12888.45289230769], [4675.524676923076, 12873.072876923075], [4690.904692307692, 12857.692861538459], [4721.664723076922, 12857.692861538459], [4737.044738461538, 12842.312846153844], [4752.424753846153, 12826.932830769229], [4767.804769230768, 12811.552815384613], [4783.184784615384, 12796.172799999998], [4798.564799999999, 12780.792784615382], [4813.944815384615, 12765.412769230767], [4829.32483076923, 12750.032753846152], [4844.704846153845, 12734.652738461537], [4860.084861538461, 12719.272723076921], [4875.464876923076, 12703.892707692305], [4906.224907692307, 12703.892707692305], [4936.984938461538, 12703.892707692305], [4967.744969230768, 12703.892707692305], [4998.504999999999, 12703.892707692305], [5029.26503076923, 12703.892707692305], [5044.645046153845, 12688.51269230769], [5060.025061538461, 12673.132676923075], [5090.785092307691, 12673.132676923075], [5121.545123076922, 12673.132676923075], [5152.305153846153, 12673.132676923075], [5183.065184615384, 12673.132676923075], [5213.825215384614, 12673.132676923075], [5229.20523076923, 12688.51269230769], [5244.585246153845, 12703.892707692305], [5275.345276923076, 12703.892707692305], [5290.725292307691, 12719.272723076921], [5290.725292307691, 12750.032753846152], [5275.345276923076, 12765.412769230767], [5259.965261538461, 12780.792784615382], [5244.585246153845, 12796.172799999998], [5229.20523076923, 12811.552815384613], [5229.20523076923, 12842.312846153844], [5229.20523076923, 12873.072876923075], [5213.825215384614, 12888.45289230769], [5198.445199999999, 12903.832907692306], [5198.445199999999, 12934.592938461536], [5198.445199999999, 12965.352969230767], [5198.445199999999, 12996.112999999998], [5198.445199999999, 13026.873030769228], [5198.445199999999, 13057.63306153846], [5198.445199999999, 13088.39309230769], [5198.445199999999, 13119.153123076921], [5198.445199999999, 13149.913153846152], [5198.445199999999, 13180.673184615382], [5198.445199999999, 13211.433215384614], [5198.445199999999, 13242.193246153844], [5213.825215384614, 13257.573261538459], [5229.20523076923, 13272.953276923075], [5229.20523076923, 13303.713307692306], [5229.20523076923, 13334.473338461536], [5244.585246153845, 13349.85335384615], [5259.965261538461, 13365.233369230767], [5275.345276923076, 13380.613384615383], [5290.725292307691, 13395.993399999998], [5290.725292307691, 13426.753430769228], [5306.105307692307, 13442.133446153844], [5321.485323076922, 13457.51346153846], [5336.865338461538, 13472.893476923075], [5352.245353846153, 13488.27349230769], [5367.625369230768, 13503.653507692305], [5383.005384615384, 13519.033523076921], [5398.385399999999, 13534.413538461537], [5413.765415384614, 13549.793553846152], [5429.14543076923, 13565.173569230767], [5444.525446153845, 13580.553584615382], [5459.905461538461, 13595.933599999998], [5475.285476923076, 13611.313615384614], [5490.665492307691, 13626.693630769229], [5506.045507692307, 13642.073646153844], [5521.425523076922, 13657.453661538459], [5536.805538461537, 13672.833676923074], [5552.185553846153, 13688.21369230769], [5582.945584615384, 13688.21369230769], [5598.325599999999, 13703.593707692306], [5613.705615384614, 13718.97372307692], [5629.08563076923, 13734.353738461536], [5644.465646153845, 13749.73375384615], [5675.225676923076, 13749.73375384615], [5705.985707692307, 13749.73375384615], [5721.365723076922, 13765.113769230768], [5736.745738461537, 13780.493784615383], [5767.505769230768, 13780.493784615383], [5782.885784615384, 13795.873799999998], [5782.885784615384, 13826.633830769228], [5782.885784615384, 13857.39386153846], [5767.505769230768, 13872.773876923075], [5752.125753846153, 13888.15389230769], [5736.745738461537, 13903.533907692305], [5721.365723076922, 13918.913923076921], [5705.985707692307, 13934.293938461537], [5690.605692307691, 13949.673953846152], [5675.225676923076, 13965.053969230767], [5659.845661538461, 13980.433984615382], [5644.465646153845, 13995.813999999997], [5629.08563076923, 14011.194015384614], [5613.705615384614, 14026.574030769229], [5598.325599999999, 14041.954046153844], [5598.325599999999, 14072.714076923074], [5582.945584615384, 14088.09409230769], [5567.565569230768, 14103.474107692306], [5552.185553846153, 14118.85412307692], [5536.805538461537, 14134.234138461536], [5536.805538461537, 14164.994169230768], [5536.805538461537, 14195.754199999998], [5521.425523076922, 14211.134215384613], [5506.045507692307, 14226.514230769228], [5506.045507692307, 14257.27426153846], [5506.045507692307, 14288.03429230769], [5506.045507692307, 14318.79432307692], [5506.045507692307, 14349.554353846152], [5506.045507692307, 14380.314384615382], [5506.045507692307, 14411.074415384614], [5506.045507692307, 14441.834446153844], [5506.045507692307, 14472.594476923074], [5506.045507692307, 14503.354507692306], [5506.045507692307, 14534.114538461536], [5506.045507692307, 14564.874569230768], [5521.425523076922, 14580.254584615383], [5536.805538461537, 14595.634599999998], [5536.805538461537, 14626.394630769228], [5536.805538461537, 14657.15466153846], [5552.185553846153, 14672.534676923075], [5567.565569230768, 14687.91469230769], [5582.945584615384, 14703.294707692305], [5598.325599999999, 14718.67472307692], [5598.325599999999, 14749.434753846152], [5613.705615384614, 14764.814769230767], [5629.08563076923, 14780.194784615382], [5644.465646153845, 14795.574799999997], [5659.845661538461, 14810.954815384614], [5675.225676923076, 14826.334830769229], [5690.605692307691, 14841.714846153844], [5705.985707692307, 14857.094861538459], [5721.365723076922, 14872.474876923074], [5736.745738461537, 14887.85489230769], [5752.125753846153, 14903.234907692306], [5767.505769230768, 14918.61492307692], [5798.265799999999, 14918.61492307692], [5813.645815384614, 14933.994938461536], [5829.02583076923, 14949.37495384615], [5844.405846153845, 14964.754969230766], [5859.78586153846, 14980.134984615383], [5890.545892307691, 14980.134984615383], [5905.925907692307, 14995.514999999998], [5921.305923076922, 15010.895015384613], [5952.065953846153, 15010.895015384613], [5967.445969230768, 15026.275030769228], [5967.445969230768, 15057.03506153846], [5952.065953846153, 15072.415076923075], [5936.685938461537, 15087.79509230769], [5936.685938461537, 15118.55512307692], [5936.685938461537, 15149.315153846152], [5921.305923076922, 15164.695169230767], [5905.925907692307, 15180.075184615382], [5905.925907692307, 15210.835215384614], [5905.925907692307, 15241.595246153844], [5905.925907692307, 15272.355276923074], [5905.925907692307, 15303.115307692306], [5905.925907692307, 15333.875338461536], [5905.925907692307, 15364.635369230766], [5905.925907692307, 15395.395399999998], [5905.925907692307, 15426.155430769228], [5905.925907692307, 15456.91546153846], [5905.925907692307, 15487.67549230769], [5921.305923076922, 15503.055507692305], [5936.685938461537, 15518.43552307692], [5936.685938461537, 15549.195553846152], [5936.685938461537, 15579.955584615382], [5952.065953846153, 15595.335599999997], [5967.445969230768, 15610.715615384612], [5982.825984615384, 15626.095630769229], [5998.205999999999, 15641.475646153844], [5998.205999999999, 15672.235676923074], [6013.586015384614, 15687.615692307689], [6028.96603076923, 15702.995707692306], [6044.346046153845, 15718.37572307692], [6059.72606153846, 15733.755738461536], [6075.106076923076, 15749.13575384615], [6090.486092307691, 15764.515769230766], [6105.866107692307, 15779.895784615383], [6121.246123076922, 15795.275799999998], [6136.626138461537, 15810.655815384613], [6152.006153846153, 15826.035830769228], [6167.386169230768, 15841.415846153843], [6198.146199999999, 15841.415846153843], [6213.526215384614, 15856.79586153846], [6228.90623076923, 15872.175876923075], [6244.286246153845, 15887.55589230769], [6259.66626153846, 15902.935907692305], [6290.426292307691, 15902.935907692305], [6321.186323076922, 15902.935907692305], [6336.566338461537, 15918.31592307692], [6351.946353846153, 15933.695938461535], [6382.706384615383, 15933.695938461535], [6413.466415384614, 15933.695938461535], [6444.226446153845, 15933.695938461535], [6474.986476923076, 15933.695938461535], [6505.746507692306, 15933.695938461535], [6536.506538461537, 15933.695938461535], [6567.266569230768, 15933.695938461535], [6598.026599999999, 15933.695938461535], [6628.78663076923, 15933.695938461535], [6659.54666153846, 15933.695938461535], [6690.306692307691, 15933.695938461535], [6721.066723076922, 15933.695938461535], [6751.826753846153, 15933.695938461535], [6767.206769230768, 15918.31592307692], [6782.586784615383, 15902.935907692305], [6813.346815384614, 15902.935907692305], [6844.106846153845, 15902.935907692305], [6859.48686153846, 15887.55589230769], [6874.866876923076, 15872.175876923075], [6905.626907692306, 15872.175876923075], [6921.006923076922, 15856.79586153846], [6936.386938461537, 15841.415846153843], [6951.766953846153, 15856.79586153846], [6967.146969230768, 15872.175876923075], [6997.906999999999, 15872.175876923075], [7013.287015384614, 15887.55589230769], [7028.667030769229, 15902.935907692305], [7044.047046153845, 15918.31592307692], [7059.42706153846, 15933.695938461535], [7090.187092307691, 15933.695938461535], [7120.947123076922, 15933.695938461535], [7136.327138461537, 15949.075953846152], [7151.707153846152, 15964.455969230767], [7182.467184615383, 15964.455969230767], [7213.227215384614, 15964.455969230767], [7243.987246153845, 15964.455969230767], [7274.747276923076, 15964.455969230767], [7305.507307692306, 15964.455969230767], [7336.267338461537, 15964.455969230767], [7367.027369230768, 15964.455969230767], [7397.787399999999, 15964.455969230767], [7428.547430769229, 15964.455969230767], [7459.30746153846, 15964.455969230767], [7490.067492307691, 15964.455969230767], [7520.827523076922, 15964.455969230767], [7536.207538461537, 15979.835984615382], [7551.587553846152, 15995.215999999997], [7566.967569230768, 16010.596015384612], [7582.347584615383, 16025.976030769229], [7597.727599999999, 16041.356046153844], [7613.107615384614, 16056.736061538459], [7628.487630769229, 16072.116076923074], [7643.867646153845, 16087.496092307689], [7674.627676923075, 16087.496092307689], [7690.007692307691, 16102.876107692306], [7705.387707692306, 16118.25612307692], [7720.767723076922, 16133.636138461536], [7736.147738461537, 16149.01615384615], [7766.907769230768, 16149.01615384615], [7797.667799999998, 16149.01615384615], [7813.047815384614, 16164.396169230766], [7828.427830769229, 16179.776184615383], [7859.18786153846, 16179.776184615383], [7889.947892307691, 16179.776184615383], [7920.707923076922, 16179.776184615383], [7951.467953846152, 16179.776184615383], [7982.227984615383, 16179.776184615383], [8012.988015384614, 16179.776184615383], [8043.748046153845, 16179.776184615383], [8074.508076923075, 16179.776184615383], [8105.268107692306, 16179.776184615383], [8136.028138461537, 16179.776184615383], [8166.788169230768, 16179.776184615383], [8197.5482, 16179.776184615383], [8228.30823076923, 16179.776184615383], [8259.06826153846, 16179.776184615383], [8289.828292307691, 16179.776184615383], [8305.208307692306, 16164.396169230766], [8320.588323076921, 16149.01615384615], [8335.968338461536, 16164.396169230766], [8351.348353846153, 16179.776184615383], [8366.728369230768, 16195.156199999998], [8366.728369230768, 16225.916230769228], [8366.728369230768, 16256.676261538458], [8366.728369230768, 16287.43629230769], [8366.728369230768, 16318.19632307692], [8366.728369230768, 16348.956353846152], [8366.728369230768, 16379.71638461538], [8366.728369230768, 16410.47641538461], [8351.348353846153, 16425.856430769225], [8335.968338461536, 16441.236446153842], [8335.968338461536, 16471.996476923072], [8335.968338461536, 16502.756507692302], [8335.968338461536, 16533.516538461532], [8335.968338461536, 16564.276569230766], [8335.968338461536, 16595.036599999996], [8320.588323076921, 16610.41661538461], [8305.208307692306, 16625.796630769226], [8289.828292307691, 16641.176646153843], [8274.448276923076, 16656.556661538456], [8259.06826153846, 16671.936676923073], [8243.688246153844, 16687.316692307686], [8228.30823076923, 16702.696707692303]]]}, "properties": {"objectType": "annotation", "name": "P2_3_C|deep", "classification": {"name": "deep", "color": [144, 133, 233]}, "lesion_id": 0, "section": "P2_3_C", "area_um2": 406050.00000000006, "lesion_ids": [9, 10, 11]}}, {"type": "Feature", "geometry": {"type": "Polygon", "coordinates": [[[8474.388476923075, 16548.89655384615], [8443.628446153845, 16548.89655384615], [8428.24843076923, 16533.516538461532], [8412.868415384613, 16518.13652307692], [8397.488399999998, 16502.756507692302], [8412.868415384613, 16487.37649230769], [8428.24843076923, 16471.996476923072], [8428.24843076923, 16441.236446153842], [8428.24843076923, 16410.47641538461], [8443.628446153845, 16395.096399999995], [8459.00846153846, 16379.71638461538], [8443.628446153845, 16364.336369230767], [8428.24843076923, 16348.956353846152], [8428.24843076923, 16318.19632307692], [8443.628446153845, 16302.816307692305], [8459.00846153846, 16287.43629230769], [8443.628446153845, 16272.056276923075], [8428.24843076923, 16256.676261538458], [8428.24843076923, 16225.916230769228], [8428.24843076923, 16195.156199999998], [8428.24843076923, 16164.396169230766], [8412.868415384613, 16149.01615384615], [8397.488399999998, 16133.636138461536], [8412.868415384613, 16118.25612307692], [8428.24843076923, 16102.876107692306], [8428.24843076923, 16072.116076923074], [8443.628446153845, 16056.736061538459], [8459.00846153846, 16041.356046153844], [8474.388476923075, 16025.976030769229], [8489.76849230769, 16010.596015384612], [8505.148507692305, 15995.215999999997], [8520.528523076922, 15979.835984615382], [8535.908538461537, 15964.455969230767], [8551.288553846152, 15949.075953846152], [8566.668569230767, 15933.695938461535], [8582.048584615382, 15918.31592307692], [8597.4286, 15902.935907692305], [8612.808615384614, 15887.55589230769], [8612.808615384614, 15856.79586153846], [8628.18863076923, 15841.415846153843], [8643.568646153844, 15826.035830769228], [8643.568646153844, 15795.275799999998], [8658.94866153846, 15779.895784615383], [8674.328676923076, 15795.275799999998], [8689.708692307691, 15810.655815384613], [8705.088707692306, 15826.035830769228], [8705.088707692306, 15856.79586153846], [8705.088707692306, 15887.55589230769], [8705.088707692306, 15918.31592307692], [8705.088707692306, 15949.075953846152], [8705.088707692306, 15979.835984615382], [8705.088707692306, 16010.596015384612], [8705.088707692306, 16041.356046153844], [8689.708692307691, 16056.736061538459], [8674.328676923076, 16072.116076923074], [8674.328676923076, 16102.876107692306], [8674.328676923076, 16133.636138461536], [8658.94866153846, 16149.01615384615], [8643.568646153844, 16164.396169230766], [8643.568646153844, 16195.156199999998], [8643.568646153844, 16225.916230769228], [8643.568646153844, 16256.676261538458], [8643.568646153844, 16287.43629230769], [8643.568646153844, 16318.19632307692], [8643.568646153844, 16348.956353846152], [8643.568646153844, 16379.71638461538], [8643.568646153844, 16410.47641538461], [8643.568646153844, 16441.236446153842], [8628.18863076923, 16456.616461538455], [8612.808615384614, 16471.996476923072], [8597.4286, 16487.37649230769], [8582.048584615382, 16502.756507692302], [8566.668569230767, 16518.13652307692], [8535.908538461537, 16518.13652307692], [8505.148507692305, 16518.13652307692], [8489.76849230769, 16533.516538461532], [8474.388476923075, 16548.89655384615]]]}, "properties": {"objectType": "annotation", "name": "deep_11", "classification": {"name": "deep", "color": [144, 133, 233]}, "lesion_id": 11, "section": null, "area_um2": 14549.999999999933, "lesion_ids": [11]}}, {"type": "Feature", "geometry": {"type": "Polygon", "coordinates": [[[3122.143123076922, 19624.899630769225], [3091.3830923076916, 19624.899630769225], [3076.003076923076, 19609.51961538461], [3060.6230615384607, 19594.139599999995], [3029.86303076923, 19594.139599999995], [2999.102999999999, 19594.139599999995], [2968.3429692307686, 19594.139599999995], [2937.5829384615377, 19594.139599999995], [2906.822907692307, 19594.139599999995], [2876.062876923076, 19594.139599999995], [2845.3028461538456, 19594.139599999995], [2814.5428153846146, 19594.139599999995], [2799.162799999999, 19578.759584615378], [2799.162799999999, 19547.999553846148], [2799.162799999999, 19517.239523076918], [2799.162799999999, 19486.479492307688], [2799.162799999999, 19455.719461538458], [2799.162799999999, 19424.959430769224], [2783.782784615384, 19409.57941538461], [2768.4027692307686, 19394.199399999994], [2753.022753846153, 19378.81938461538], [2737.6427384615376, 19394.199399999994], [2722.2627230769226, 19409.57941538461], [2691.5026923076916, 19409.57941538461], [2676.122676923076, 19424.959430769224], [2660.742661538461, 19440.33944615384], [2629.98263076923, 19440.33944615384], [2614.6026153846146, 19455.719461538458], [2599.222599999999, 19471.09947692307], [2568.4625692307686, 19471.09947692307], [2537.7025384615376, 19471.09947692307], [2522.3225230769226, 19455.719461538458], [2522.3225230769226, 19424.959430769224], [2506.942507692307, 19409.57941538461], [2491.5624923076916, 19394.199399999994], [2476.182476923076, 19378.81938461538], [2460.802461538461, 19363.439369230764], [2460.802461538461, 19332.679338461534], [2445.4224461538456, 19317.299323076917], [2430.04243076923, 19301.919307692304], [2414.6624153846146, 19286.539292307687], [2399.2823999999996, 19271.15927692307], [2383.902384615384, 19255.779261538457], [2368.5223692307686, 19240.39924615384], [2353.142353846153, 19225.019230769227], [2337.762338461538, 19209.63921538461], [2322.3823230769226, 19194.259199999993], [2307.002307692307, 19178.87918461538], [2307.002307692307, 19148.11915384615], [2307.002307692307, 19117.359123076916], [2291.6222923076916, 19101.979107692303], [2276.242276923076, 19086.599092307686], [2260.862261538461, 19071.219076923073], [2245.4822461538456, 19055.839061538456], [2260.862261538461, 19040.45904615384], [2291.6222923076916, 19040.45904615384], [2307.002307692307, 19025.079030769226], [2322.3823230769226, 19009.69901538461], [2353.142353846153, 19009.69901538461], [2383.902384615384, 19009.69901538461], [2399.2823999999996, 18994.318999999996], [2414.6624153846146, 18978.93898461538], [2430.04243076923, 18963.558969230762], [2445.4224461538456, 18948.17895384615], [2476.182476923076, 18948.17895384615], [2506.942507692307, 18948.17895384615], [2522.3225230769226, 18932.798938461532], [2537.7025384615376, 18917.41892307692], [2568.4625692307686, 18917.41892307692], [2599.222599999999, 18917.41892307692], [2614.6026153846146, 18902.038907692302], [2629.98263076923, 18886.65889230769], [2645.3626461538456, 18871.278876923072], [2660.742661538461, 18855.898861538455], [2691.5026923076916, 18855.898861538455], [2706.882707692307, 18840.518846153842], [2722.2627230769226, 18825.138830769225], [2737.6427384615376, 18809.75881538461], [2753.022753846153, 18794.378799999995], [2768.4027692307686, 18778.998784615378], [2783.782784615384, 18763.618769230765], [2799.162799999999, 18748.238753846148], [2814.5428153846146, 18732.858738461535], [2829.92283076923, 18717.478723076918], [2845.3028461538456, 18702.0987076923], [2860.6828615384607, 18686.718692307688], [2860.6828615384607, 18655.958661538458], [2876.062876923076, 18640.57864615384], [2891.4428923076916, 18625.198630769224], [2906.822907692307, 18609.81861538461], [2922.202923076922, 18594.438599999994], [2922.202923076922, 18563.678569230764], [2937.5829384615377, 18548.298553846147], [2952.962953846153, 18532.918538461534], [2952.962953846153, 18502.158507692304], [2968.3429692307686, 18486.778492307687], [2983.722984615384, 18471.39847692307], [2983.722984615384, 18440.63844615384], [2983.722984615384, 18409.87841538461], [2999.102999999999, 18394.498399999993], [3014.4830153846146, 18379.11838461538], [3014.4830153846146, 18348.35835384615], [3014.4830153846146, 18317.598323076916], [3029.86303076923, 18302.218307692303], [3060.6230615384607, 18302.218307692303], [3076.003076923076, 18286.838292307686], [3091.3830923076916, 18271.458276923073], [3106.763107692307, 18256.078261538456], [3122.143123076922, 18240.698246153843], [3152.903153846153, 18240.698246153843], [3168.2831692307686, 18225.318230769226], [3183.6631846153837, 18209.93821538461], [3199.043199999999, 18194.558199999996], [3214.4232153846147, 18179.17818461538], [3229.80323076923, 18163.798169230766], [3245.183246153845, 18148.41815384615], [3260.5632615384607, 18133.038138461532], [3275.943276923076, 18117.65812307692], [3291.3232923076916, 18102.278107692302], [3306.703307692307, 18086.89809230769], [3322.083323076922, 18071.518076923072], [3337.4633384615377, 18056.138061538455], [3352.843353846153, 18040.758046153842], [3352.843353846153, 18009.99801538461], [3368.2233692307686, 17994.617999999995], [3383.6033846153837, 17979.237984615378], [3398.983399999999, 17963.857969230765], [3414.3634153846147, 17948.477953846148], [3414.3634153846147, 17917.717923076918], [3414.3634153846147, 17886.957892307688], [3429.74343076923, 17871.57787692307], [3445.123446153845, 17856.197861538458], [3445.123446153845, 17825.437830769224], [3445.123446153845, 17794.677799999994], [3445.123446153845, 17763.917769230764], [3445.123446153845, 17733.157738461534], [3445.123446153845, 17702.397707692304], [3445.123446153845, 17671.63767692307], [3445.123446153845, 17640.87764615384], [3445.123446153845, 17610.11761538461], [3445.123446153845, 17579.35758461538], [3445.123446153845, 17548.59755384615], [3445.123446153845, 17517.83752307692], [3445.123446153845, 17487.077492307686], [3445.123446153845, 17456.317461538456], [3429.74343076923, 17440.937446153843], [3414.3634153846147, 17425.557430769226], [3414.3634153846147, 17394.797399999996], [3414.3634153846147, 17364.037369230766], [3398.983399999999, 17348.65735384615], [3383.6033846153837, 17333.277338461532], [3368.2233692307686, 17317.89732307692], [3352.843353846153, 17302.517307692302], [3352.843353846153, 17271.757276923072], [3337.4633384615377, 17256.377261538455], [3322.083323076922, 17240.997246153842], [3306.703307692307, 17225.617230769225], [3291.3232923076916, 17210.23721538461], [3275.943276923076, 17194.857199999995], [3260.5632615384607, 17179.477184615378], [3245.183246153845, 17164.097169230765], [3229.80323076923, 17148.717153846148], [3214.4232153846147, 17133.337138461535], [3199.043199999999, 17117.957123076918], [3183.6631846153837, 17102.5771076923], [3168.2831692307686, 17087.197092307688], [3152.903153846153, 17071.81707692307], [3137.5231384615377, 17056.437061538458], [3122.143123076922, 17041.05704615384], [3091.3830923076916, 17041.05704615384], [3076.003076923076, 17025.677030769224], [3060.6230615384607, 17010.29701538461], [3045.2430461538456, 16994.916999999994], [3029.86303076923, 16979.53698461538], [2999.102999999999, 16979.53698461538], [2968.3429692307686, 16979.53698461538], [2952.962953846153, 16964.156969230764], [2937.5829384615377, 16948.77695384615], [2906.822907692307, 16948.77695384615], [2876.062876923076, 16948.77695384615], [2845.3028461538456, 16948.77695384615], [2829.92283076923, 16933.396938461534], [2814.5428153846146, 16918.016923076917], [2783.782784615384, 16918.016923076917], [2768.4027692307686, 16902.636907692304], [2753.022753846153, 16887.256892307687], [2737.6427384615376, 16871.876876923074], [2722.2627230769226, 16856.496861538457], [2691.5026923076916, 16856.496861538457], [2676.122676923076, 16841.11684615384], [2660.742661538461, 16825.736830769227], [2629.98263076923, 16825.736830769227], [2599.222599999999, 16825.736830769227], [2583.842584615384, 16810.35681538461], [2568.4625692307686, 16794.976799999997], [2537.7025384615376, 16794.976799999997], [2506.942507692307, 16794.976799999997], [2491.5624923076916, 16779.59678461538], [2476.182476923076, 16764.216769230763], [2445.4224461538456, 16764.216769230763], [2414.6624153846146, 16764.216769230763], [2383.902384615384, 16764.216769230763], [2353.142353846153, 16764.216769230763], [2322.3823230769226, 16764.216769230763], [2291.6222923076916, 16764.216769230763], [2260.862261538461, 16764.216769230763], [2230.10223076923, 16764.216769230763], [2199.3421999999996, 16764.216769230763], [2168.5821692307686, 16764.216769230763], [2137.822138461538, 16764.216769230763], [2122.4421230769226, 16779.59678461538], [2107.062107692307, 16794.976799999997], [2076.3020769230766, 16794.976799999997], [2045.5420461538456, 16794.976799999997], [2030.1620307692303, 16810.35681538461], [2014.7820153846149, 16825.736830769227], [1984.021984615384, 16825.736830769227], [1968.6419692307688, 16841.11684615384], [1953.2619538461533, 16856.496861538457], [1922.5019230769226, 16856.496861538457], [1891.7418923076918, 16856.496861538457], [1876.3618769230764, 16871.876876923074], [1860.981861538461, 16887.256892307687], [1830.2218307692303, 16887.256892307687], [1799.4617999999996, 16887.256892307687], [1784.081784615384, 16871.876876923074], [1784.081784615384, 16841.11684615384], [1768.7017692307688, 16825.736830769227], [1753.3217538461533, 16810.35681538461], [1753.3217538461533, 16779.59678461538], [1753.3217538461533, 16748.83675384615], [1737.941738461538, 16733.456738461533], [1722.5617230769226, 16718.07672307692], [1722.5617230769226, 16687.316692307686], [1737.941738461538, 16671.936676923073], [1753.3217538461533, 16656.556661538456], [1753.3217538461533, 16625.796630769226], [1753.3217538461533, 16595.036599999996], [1737.941738461538, 16579.65658461538], [1722.5617230769226, 16564.276569230766], [1722.5617230769226, 16533.516538461532], [1707.1817076923073, 16518.13652307692], [1691.8016923076918, 16502.756507692302], [1676.4216769230766, 16487.37649230769], [1645.6616461538458, 16487.37649230769], [1630.2816307692303, 16471.996476923072], [1614.9016153846148, 16456.616461538455], [1599.5215999999996, 16441.236446153842], [1614.9016153846148, 16425.856430769225], [1645.6616461538458, 16425.856430769225], [1661.041661538461, 16410.47641538461], [1676.4216769230766, 16395.096399999995], [1707.1817076923073, 16395.096399999995], [1737.941738461538, 16395.096399999995], [1753.3217538461533, 16379.71638461538], [1768.7017692307688, 16364.336369230767], [1799.4617999999996, 16364.336369230767], [1814.8418153846148, 16348.956353846152], [1830.2218307692303, 16333.576338461535], [1860.981861538461, 16333.576338461535], [1891.7418923076918, 16333.576338461535], [1907.121907692307, 16318.19632307692], [1922.5019230769226, 16302.816307692305], [1953.2619538461533, 16302.816307692305], [1984.021984615384, 16302.816307692305], [1999.4019999999996, 16287.43629230769], [2014.7820153846149, 16272.056276923075], [2045.5420461538456, 16272.056276923075], [2076.3020769230766, 16272.056276923075], [2107.062107692307, 16272.056276923075], [2137.822138461538, 16272.056276923075], [2153.202153846153, 16256.676261538458], [2168.5821692307686, 16241.296246153843], [2199.3421999999996, 16241.296246153843], [2230.10223076923, 16241.296246153843], [2260.862261538461, 16241.296246153843], [2291.6222923076916, 16241.296246153843], [2322.3823230769226, 16241.296246153843], [2353.142353846153, 16241.296246153843], [2383.902384615384, 16241.296246153843], [2414.6624153846146, 16241.296246153843], [2445.4224461538456, 16241.296246153843], [2460.802461538461, 16256.676261538458], [2476.182476923076, 16272.056276923075], [2506.942507692307, 16272.056276923075], [2537.7025384615376, 16272.056276923075], [2568.4625692307686, 16272.056276923075], [2599.222599999999, 16272.056276923075], [2614.6026153846146, 16287.43629230769], [2629.98263076923, 16302.816307692305], [2660.742661538461, 16302.816307692305], [2691.5026923076916, 16302.816307692305], [2706.882707692307, 16318.19632307692], [2722.2627230769226, 16333.576338461535], [2753.022753846153, 16333.576338461535], [2783.782784615384, 16333.576338461535], [2799.162799999999, 16348.956353846152], [2814.5428153846146, 16364.336369230767], [2845.3028461538456, 16364.336369230767], [2876.062876923076, 16364.336369230767], [2891.4428923076916, 16379.71638461538], [2906.822907692307, 16395.096399999995], [2937.5829384615377, 16395.096399999995], [2952.962953846153, 16410.47641538461], [2968.3429692307686, 16425.856430769225], [2999.102999999999, 16425.856430769225], [3014.4830153846146, 16441.236446153842], [3029.86303076923, 16456.616461538455], [3060.6230615384607, 16456.616461538455], [3076.003076923076, 16471.996476923072], [3091.3830923076916, 16487.37649230769], [3122.143123076922, 16487.37649230769], [3152.903153846153, 16487.37649230769], [3168.2831692307686, 16502.756507692302], [3183.6631846153837, 16518.13652307692], [3214.4232153846147, 16518.13652307692], [3245.183246153845, 16518.13652307692], [3260.5632615384607, 16533.516538461532], [3275.943276923076, 16548.89655384615], [3306.703307692307, 16548.89655384615], [3322.083323076922, 16564.276569230766], [3337.4633384615377, 16579.65658461538], [3352.843353846153, 16595.036599999996], [3368.2233692307686, 16610.41661538461], [3398.983399999999, 16610.41661538461], [3414.3634153846147, 16625.796630769226], [3429.74343076923, 16641.176646153843], [3445.123446153845, 16656.556661538456], [3460.5034615384607, 16671.936676923073], [3475.883476923076, 16687.316692307686], [3491.2634923076916, 16702.696707692303], [3506.6435076923067, 16718.07672307692], [3522.023523076922, 16733.456738461533], [3537.4035384615377, 16748.83675384615], [3552.783553846153, 16764.216769230763], [3568.163569230768, 16779.59678461538], [3583.5435846153837, 16794.976799999997], [3598.923599999999, 16810.35681538461], [3614.3036153846147, 16825.736830769227], [3629.68363076923, 16841.11684615384], [3645.063646153845, 16856.496861538457], [3660.4436615384607, 16871.876876923074], [3675.823676923076, 16887.256892307687], [3691.2036923076917, 16902.636907692304], [3706.5837076923067, 16918.016923076917], [3721.963723076922, 16933.396938461534], [3737.3437384615377, 16948.77695384615], [3752.723753846153, 16964.156969230764], [3768.103769230768, 16979.53698461538], [3783.4837846153837, 16994.916999999994], [3783.4837846153837, 17025.677030769224], [3798.863799999999, 17041.05704615384], [3814.2438153846147, 17056.437061538458], [3829.6238307692297, 17071.81707692307], [3845.003846153845, 17087.197092307688], [3845.003846153845, 17117.957123076918], [3860.3838615384607, 17133.337138461535], [3875.763876923076, 17148.717153846148], [3875.763876923076, 17179.477184615378], [3875.763876923076, 17210.23721538461], [3891.143892307691, 17225.617230769225], [3906.5239076923067, 17240.997246153842], [3906.5239076923067, 17271.757276923072], [3906.5239076923067, 17302.517307692302], [3921.903923076922, 17317.89732307692], [3937.2839384615377, 17333.277338461532], [3937.2839384615377, 17364.037369230766], [3937.2839384615377, 17394.797399999996], [3937.2839384615377, 17425.557430769226], [3937.2839384615377, 17456.317461538456], [3952.663953846153, 17471.697476923073], [3968.043969230768, 17487.077492307686], [3968.043969230768, 17517.83752307692], [3968.043969230768, 17548.59755384615], [3968.043969230768, 17579.35758461538], [3968.043969230768, 17610.11761538461], [3968.043969230768, 17640.87764615384], [3968.043969230768, 17671.63767692307], [3968.043969230768, 17702.397707692304], [3968.043969230768, 17733.157738461534], [3968.043969230768, 17763.917769230764], [3968.043969230768, 17794.677799999994], [3968.043969230768, 17825.437830769224], [3952.663953846153, 17840.81784615384], [3937.2839384615377, 17856.197861538458], [3937.2839384615377, 17886.957892307688], [3937.2839384615377, 17917.717923076918], [3937.2839384615377, 17948.477953846148], [3937.2839384615377, 17979.237984615378], [3921.903923076922, 17994.617999999995], [3906.5239076923067, 18009.99801538461], [3906.5239076923067, 18040.758046153842], [3906.5239076923067, 18071.518076923072], [3891.143892307691, 18086.89809230769], [3875.763876923076, 18102.278107692302], [3875.763876923076, 18133.038138461532], [3875.763876923076, 18163.798169230766], [3891.143892307691, 18179.17818461538], [3921.903923076922, 18179.17818461538], [3952.663953846153, 18179.17818461538], [3983.4239846153837, 18179.17818461538], [4014.1840153846147, 18179.17818461538], [4044.944046153845, 18179.17818461538], [4075.704076923076, 18179.17818461538], [4091.0840923076917, 18163.798169230766], [4106.464107692307, 18148.41815384615], [4137.224138461538, 18148.41815384615], [4167.984169230769, 18148.41815384615], [4198.744199999999, 18148.41815384615], [4229.50423076923, 18148.41815384615], [4260.264261538461, 18148.41815384615], [4291.024292307692, 18148.41815384615], [4306.404307692307, 18163.798169230766], [4321.784323076922, 18179.17818461538], [4352.544353846153, 18179.17818461538], [4383.304384615384, 18179.17818461538], [4414.064415384615, 18179.17818461538], [4444.824446153845, 18179.17818461538], [4460.204461538461, 18194.558199999996], [4475.584476923076, 18209.93821538461], [4506.344507692307, 18209.93821538461], [4537.104538461538, 18209.93821538461], [4552.484553846153, 18225.318230769226], [4567.864569230768, 18240.698246153843], [4598.624599999999, 18240.698246153843], [4629.38463076923, 18240.698246153843], [4644.764646153845, 18256.078261538456], [4660.144661538461, 18271.458276923073], [4690.904692307692, 18271.458276923073], [4706.284707692307, 18286.838292307686], [4721.664723076922, 18302.218307692303], [4737.044738461538, 18317.598323076916], [4752.424753846153, 18332.978338461533], [4783.184784615384, 18332.978338461533], [4798.564799999999, 18348.35835384615], [4813.944815384615, 18363.738369230763], [4829.32483076923, 18379.11838461538], [4844.704846153845, 18394.498399999993], [4860.084861538461, 18409.87841538461], [4875.464876923076, 18425.258430769227], [4890.844892307691, 18440.63844615384], [4906.224907692307, 18456.018461538457], [4921.604923076922, 18471.39847692307], [4936.984938461538, 18486.778492307687], [4952.364953846153, 18502.158507692304], [4967.744969230768, 18517.538523076917], [4983.124984615384, 18532.918538461534], [4998.504999999999, 18548.298553846147], [5013.885015384615, 18563.678569230764], [5029.26503076923, 18579.05858461538], [5044.645046153845, 18594.438599999994], [5060.025061538461, 18609.81861538461], [5075.405076923076, 18625.198630769224], [5090.785092307691, 18640.57864615384], [5106.165107692307, 18655.958661538458], [5121.545123076922, 18671.33867692307], [5136.925138461538, 18686.718692307688], [5152.305153846153, 18702.0987076923], [5167.685169230768, 18717.478723076918], [5167.685169230768, 18748.238753846148], [5183.065184615384, 18763.618769230765], [5198.445199999999, 18778.998784615378], [5213.825215384614, 18794.378799999995], [5229.20523076923, 18809.75881538461], [5229.20523076923, 18840.518846153842], [5244.585246153845, 18855.898861538455], [5259.965261538461, 18871.278876923072], [5259.965261538461, 18902.038907692302], [5259.965261538461, 18932.798938461532], [5275.345276923076, 18948.17895384615], [5290.725292307691, 18963.558969230762], [5290.725292307691, 18994.318999999996], [5290.725292307691, 19025.079030769226], [5306.105307692307, 19040.45904615384], [5321.485323076922, 19055.839061538456], [5306.105307692307, 19071.219076923073], [5275.345276923076, 19071.219076923073], [5259.965261538461, 19086.599092307686], [5244.585246153845, 19101.979107692303], [5213.825215384614, 19101.979107692303], [5183.065184615384, 19101.979107692303], [5152.305153846153, 19101.979107692303], [5121.545123076922, 19101.979107692303], [5090.785092307691, 19101.979107692303], [5060.025061538461, 19101.979107692303], [5029.26503076923, 19101.979107692303], [4998.504999999999, 19101.979107692303], [4967.744969230768, 19101.979107692303], [4936.984938461538, 19101.979107692303], [4921.604923076922, 19117.359123076916], [4906.224907692307, 19132.739138461533], [4875.464876923076, 19132.739138461533], [4844.704846153845, 19132.739138461533], [4829.32483076923, 19117.359123076916], [4813.944815384615, 19101.979107692303], [4798.564799999999, 19086.599092307686], [4783.184784615384, 19071.219076923073], [4767.804769230768, 19055.839061538456], [4752.424753846153, 19040.45904615384], [4737.044738461538, 19025.079030769226], [4737.044738461538, 18994.318999999996], [4721.664723076922, 18978.93898461538], [4706.284707692307, 18963.558969230762], [4690.904692307692, 18948.17895384615], [4675.524676923076, 18932.798938461532], [4660.144661538461, 18917.41892307692], [4644.764646153845, 18902.038907692302], [4629.38463076923, 18886.65889230769], [4614.004615384615, 18871.278876923072], [4598.624599999999, 18855.898861538455], [4583.244584615384, 18840.518846153842], [4567.864569230768, 18825.138830769225], [4552.484553846153, 18809.75881538461], [4537.104538461538, 18794.378799999995], [4521.724523076922, 18778.998784615378], [4506.344507692307, 18763.618769230765], [4475.584476923076, 18763.618769230765], [4460.204461538461, 18748.238753846148], [4444.824446153845, 18732.858738461535], [4429.44443076923, 18717.478723076918], [4414.064415384615, 18702.0987076923], [4383.304384615384, 18702.0987076923], [4352.544353846153, 18702.0987076923], [4337.164338461538, 18686.718692307688], [4321.784323076922, 18671.33867692307], [4291.024292307692, 18671.33867692307], [4260.264261538461, 18671.33867692307], [4229.50423076923, 18671.33867692307], [4198.744199999999, 18671.33867692307], [4167.984169230769, 18671.33867692307], [4137.224138461538, 18671.33867692307], [4106.464107692307, 18671.33867692307], [4075.704076923076, 18671.33867692307], [4060.3240615384607, 18686.718692307688], [4044.944046153845, 18702.0987076923], [4014.1840153846147, 18702.0987076923], [3983.4239846153837, 18702.0987076923], [3952.663953846153, 18702.0987076923], [3921.903923076922, 18702.0987076923], [3891.143892307691, 18702.0987076923], [3860.3838615384607, 18702.0987076923], [3829.6238307692297, 18702.0987076923], [3814.2438153846147, 18717.478723076918], [3798.863799999999, 18732.858738461535], [3768.103769230768, 18732.858738461535], [3737.3437384615377, 18732.858738461535], [3721.963723076922, 18748.238753846148], [3706.5837076923067, 18763.618769230765], [3675.823676923076, 18763.618769230765], [3645.063646153845, 18763.618769230765], [3629.68363076923, 18778.998784615378], [3614.3036153846147, 18794.378799999995], [3598.923599999999, 18809.75881538461], [3583.5435846153837, 18825.138830769225], [3552.783553846153, 18825.138830769225], [3537.4035384615377, 18840.518846153842], [3522.023523076922, 18855.898861538455], [3506.6435076923067, 18871.278876923072], [3491.2634923076916, 18886.65889230769], [3475.883476923076, 18902.038907692302], [3460.5034615384607, 18917.41892307692], [3445.123446153845, 18932.798938461532], [3429.74343076923, 18948.17895384615], [3414.3634153846147, 18963.558969230762], [3398.983399999999, 18978.93898461538], [3383.6033846153837, 18994.318999999996], [3383.6033846153837, 19025.079030769226], [3368.2233692307686, 19040.45904615384], [3352.843353846153, 19055.839061538456], [3337.4633384615377, 19071.219076923073], [3322.083323076922, 19086.599092307686], [3322.083323076922, 19117.359123076916], [3322.083323076922, 19148.11915384615], [3306.703307692307, 19163.499169230763], [3291.3232923076916, 19178.87918461538], [3291.3232923076916, 19209.63921538461], [3291.3232923076916, 19240.39924615384], [3291.3232923076916, 19271.15927692307], [3291.3232923076916, 19301.919307692304], [3291.3232923076916, 19332.679338461534], [3291.3232923076916, 19363.439369230764], [3291.3232923076916, 19394.199399999994], [3291.3232923076916, 19424.959430769224], [3306.703307692307, 19440.33944615384], [3322.083323076922, 19455.719461538458], [3322.083323076922, 19486.479492307688], [3322.083323076922, 19517.239523076918], [3322.083323076922, 19547.999553846148], [3306.703307692307, 19563.379569230765], [3291.3232923076916, 19578.759584615378], [3275.943276923076, 19594.139599999995], [3245.183246153845, 19594.139599999995], [3214.4232153846147, 19594.139599999995], [3183.6631846153837, 19594.139599999995], [3152.903153846153, 19594.139599999995], [3137.5231384615377, 19609.51961538461], [3122.143123076922, 19624.899630769225]]]}, "properties": {"objectType": "annotation", "name": "P2_3_C|deep", "classification": {"name": "deep", "color": [144, 133, 233]}, "lesion_id": 0, "section": "P2_3_C", "area_um2": 380349.9999999998, "lesion_ids": [12, 14]}}, {"type": "Feature", "geometry": {"type": "Polygon", "coordinates": [[[1584.141584615384, 17194.857199999995], [1568.7615692307688, 17179.477184615378], [1568.7615692307688, 17148.717153846148], [1553.3815538461533, 17133.337138461535], [1538.001538461538, 17117.957123076918], [1538.001538461538, 17087.197092307688], [1538.001538461538, 17056.437061538458], [1522.6215230769226, 17041.05704615384], [1507.2415076923073, 17025.677030769224], [1507.2415076923073, 16994.916999999994], [1491.8614923076918, 16979.53698461538], [1476.4814769230766, 16964.156969230764], [1476.4814769230766, 16933.396938461534], [1461.101461538461, 16918.016923076917], [1445.7214461538458, 16902.636907692304], [1445.7214461538458, 16871.876876923074], [1445.7214461538458, 16841.11684615384], [1430.3414307692303, 16825.736830769227], [1414.961415384615, 16810.35681538461], [1414.961415384615, 16779.59678461538], [1414.961415384615, 16748.83675384615], [1399.5813999999996, 16733.456738461533], [1384.2013846153843, 16718.07672307692], [1384.2013846153843, 16687.316692307686], [1399.5813999999996, 16671.936676923073], [1414.961415384615, 16656.556661538456], [1430.3414307692303, 16641.176646153843], [1445.7214461538458, 16625.796630769226], [1461.101461538461, 16610.41661538461], [1491.8614923076918, 16610.41661538461], [1507.2415076923073, 16595.036599999996], [1522.6215230769226, 16579.65658461538], [1553.3815538461533, 16579.65658461538], [1568.7615692307688, 16564.276569230766], [1584.141584615384, 16548.89655384615], [1614.9016153846148, 16548.89655384615], [1630.2816307692303, 16564.276569230766], [1630.2816307692303, 16595.036599999996], [1630.2816307692303, 16625.796630769226], [1645.6616461538458, 16641.176646153843], [1661.041661538461, 16656.556661538456], [1645.6616461538458, 16671.936676923073], [1630.2816307692303, 16687.316692307686], [1645.6616461538458, 16702.696707692303], [1661.041661538461, 16718.07672307692], [1661.041661538461, 16748.83675384615], [1676.4216769230766, 16764.216769230763], [1691.8016923076918, 16779.59678461538], [1691.8016923076918, 16810.35681538461], [1691.8016923076918, 16841.11684615384], [1707.1817076923073, 16856.496861538457], [1722.5617230769226, 16871.876876923074], [1722.5617230769226, 16902.636907692304], [1737.941738461538, 16918.016923076917], [1753.3217538461533, 16933.396938461534], [1768.7017692307688, 16948.77695384615], [1784.081784615384, 16964.156969230764], [1768.7017692307688, 16979.53698461538], [1737.941738461538, 16979.53698461538], [1722.5617230769226, 16994.916999999994], [1707.1817076923073, 17010.29701538461], [1691.8016923076918, 17025.677030769224], [1676.4216769230766, 17041.05704615384], [1661.041661538461, 17056.437061538458], [1645.6616461538458, 17071.81707692307], [1630.2816307692303, 17087.197092307688], [1630.2816307692303, 17117.957123076918], [1614.9016153846148, 17133.337138461535], [1599.5215999999996, 17148.717153846148], [1599.5215999999996, 17179.477184615378], [1584.141584615384, 17194.857199999995]]]}, "properties": {"objectType": "annotation", "name": "deep_12", "classification": {"name": "deep", "color": [144, 133, 233]}, "lesion_id": 12, "section": null, "area_um2": 13250.000000000004, "lesion_ids": [12]}}, {"type": "Feature", "geometry": {"type": "Polygon", "coordinates": [[[2168.5821692307686, 19471.09947692307], [2137.822138461538, 19471.09947692307], [2122.4421230769226, 19455.719461538458], [2122.4421230769226, 19424.959430769224], [2107.062107692307, 19409.57941538461], [2091.6820923076916, 19394.199399999994], [2076.3020769230766, 19378.81938461538], [2060.922061538461, 19363.439369230764], [2045.5420461538456, 19348.059353846147], [2030.1620307692303, 19332.679338461534], [2030.1620307692303, 19301.919307692304], [2014.7820153846149, 19286.539292307687], [1999.4019999999996, 19271.15927692307], [1999.4019999999996, 19240.39924615384], [1984.021984615384, 19225.019230769227], [1968.6419692307688, 19209.63921538461], [1968.6419692307688, 19178.87918461538], [1968.6419692307688, 19148.11915384615], [1953.2619538461533, 19132.739138461533], [1937.8819384615379, 19117.359123076916], [1937.8819384615379, 19086.599092307686], [1937.8819384615379, 19055.839061538456], [1922.5019230769226, 19040.45904615384], [1907.121907692307, 19025.079030769226], [1907.121907692307, 18994.318999999996], [1891.7418923076918, 18978.93898461538], [1876.3618769230764, 18963.558969230762], [1876.3618769230764, 18932.798938461532], [1891.7418923076918, 18917.41892307692], [1907.121907692307, 18932.798938461532], [1922.5019230769226, 18948.17895384615], [1953.2619538461533, 18948.17895384615], [1968.6419692307688, 18963.558969230762], [1984.021984615384, 18978.93898461538], [2014.7820153846149, 18978.93898461538], [2045.5420461538456, 18978.93898461538], [2076.3020769230766, 18978.93898461538], [2107.062107692307, 18978.93898461538], [2122.4421230769226, 18994.318999999996], [2137.822138461538, 19009.69901538461], [2168.5821692307686, 19009.69901538461], [2183.962184615384, 19025.079030769226], [2183.962184615384, 19055.839061538456], [2183.962184615384, 19086.599092307686], [2199.3421999999996, 19101.979107692303], [2214.7222153846146, 19117.359123076916], [2230.10223076923, 19132.739138461533], [2245.4822461538456, 19148.11915384615], [2245.4822461538456, 19178.87918461538], [2245.4822461538456, 19209.63921538461], [2260.862261538461, 19225.019230769227], [2276.242276923076, 19240.39924615384], [2291.6222923076916, 19255.779261538457], [2307.002307692307, 19271.15927692307], [2322.3823230769226, 19286.539292307687], [2337.762338461538, 19301.919307692304], [2353.142353846153, 19317.299323076917], [2368.5223692307686, 19332.679338461534], [2383.902384615384, 19348.059353846147], [2399.2823999999996, 19363.439369230764], [2399.2823999999996, 19394.199399999994], [2399.2823999999996, 19424.959430769224], [2383.902384615384, 19440.33944615384], [2353.142353846153, 19440.33944615384], [2322.3823230769226, 19440.33944615384], [2291.6222923076916, 19440.33944615384], [2260.862261538461, 19440.33944615384], [2230.10223076923, 19440.33944615384], [2199.3421999999996, 19440.33944615384], [2183.962184615384, 19455.719461538458], [2168.5821692307686, 19471.09947692307]]]}, "properties": {"objectType": "annotation", "name": "deep_12", "classification": {"name": "deep", "color": [144, 133, 233]}, "lesion_id": 12, "section": null, "area_um2": 14350.000000000016, "lesion_ids": [12]}}, {"type": "Feature", "geometry": {"type": "Polygon", "coordinates": [[[9028.06903076923, 19471.09947692307], [9012.689015384614, 19455.719461538458], [8997.309, 19440.33944615384], [8981.928984615382, 19424.959430769224], [8966.548969230767, 19409.57941538461], [8951.168953846152, 19394.199399999994], [8935.788938461537, 19378.81938461538], [8920.408923076922, 19363.439369230764], [8905.028907692305, 19348.059353846147], [8889.64889230769, 19332.679338461534], [8874.268876923075, 19317.299323076917], [8843.508846153845, 19317.299323076917], [8828.128830769228, 19301.919307692304], [8812.748815384613, 19286.539292307687], [8781.988784615383, 19286.539292307687], [8766.608769230768, 19271.15927692307], [8781.988784615383, 19255.779261538457], [8812.748815384613, 19255.779261538457], [8843.508846153845, 19255.779261538457], [8874.268876923075, 19255.779261538457], [8905.028907692305, 19255.779261538457], [8920.408923076922, 19240.39924615384], [8935.788938461537, 19225.019230769227], [8966.548969230767, 19225.019230769227], [8997.309, 19225.019230769227], [9028.06903076923, 19225.019230769227], [9058.82906153846, 19225.019230769227], [9089.589092307691, 19225.019230769227], [9104.969107692306, 19209.63921538461], [9120.349123076921, 19194.259199999993], [9151.109153846151, 19194.259199999993], [9181.869184615383, 19194.259199999993], [9197.249199999998, 19178.87918461538], [9212.629215384613, 19163.499169230763], [9243.389246153845, 19163.499169230763], [9258.76926153846, 19148.11915384615], [9274.149276923075, 19132.739138461533], [9304.909307692305, 19132.739138461533], [9335.669338461537, 19132.739138461533], [9351.049353846152, 19148.11915384615], [9366.429369230767, 19163.499169230763], [9381.809384615382, 19178.87918461538], [9397.1894, 19194.259199999993], [9412.569415384614, 19209.63921538461], [9412.569415384614, 19240.39924615384], [9427.94943076923, 19255.779261538457], [9443.329446153844, 19271.15927692307], [9443.329446153844, 19301.919307692304], [9458.70946153846, 19317.299323076917], [9474.089476923074, 19332.679338461534], [9458.70946153846, 19348.059353846147], [9443.329446153844, 19363.439369230764], [9427.94943076923, 19378.81938461538], [9412.569415384614, 19363.439369230764], [9397.1894, 19348.059353846147], [9381.809384615382, 19363.439369230764], [9366.429369230767, 19378.81938461538], [9351.049353846152, 19363.439369230764], [9335.669338461537, 19348.059353846147], [9320.289323076922, 19363.439369230764], [9304.909307692305, 19378.81938461538], [9289.52929230769, 19394.199399999994], [9274.149276923075, 19409.57941538461], [9258.76926153846, 19424.959430769224], [9243.389246153845, 19440.33944615384], [9212.629215384613, 19440.33944615384], [9181.869184615383, 19440.33944615384], [9166.489169230768, 19424.959430769224], [9151.109153846151, 19409.57941538461], [9135.729138461536, 19424.959430769224], [9120.349123076921, 19440.33944615384], [9089.589092307691, 19440.33944615384], [9058.82906153846, 19440.33944615384], [9043.449046153844, 19455.719461538458], [9028.06903076923, 19471.09947692307]]]}, "properties": {"objectType": "annotation", "name": "P2_3_L|deep_15", "classification": {"name": "deep", "color": [144, 133, 233]}, "lesion_id": 15, "section": "P2_3_L", "area_um2": 13049.999999999976, "lesion_ids": [15]}}, {"type": "Feature", "geometry": {"type": "Polygon", "coordinates": [[[4352.544353846153, 19994.019999999993], [4321.784323076922, 19994.019999999993], [4291.024292307692, 19994.019999999993], [4260.264261538461, 19994.019999999993], [4244.884246153845, 19978.63998461538], [4260.264261538461, 19963.259969230763], [4275.644276923076, 19947.87995384615], [4291.024292307692, 19932.499938461533], [4321.784323076922, 19932.499938461533], [4337.164338461538, 19917.119923076916], [4352.544353846153, 19901.739907692303], [4383.304384615384, 19901.739907692303], [4398.684399999999, 19886.359892307686], [4414.064415384615, 19870.979876923073], [4429.44443076923, 19855.599861538456], [4444.824446153845, 19840.21984615384], [4475.584476923076, 19840.21984615384], [4490.964492307692, 19824.839830769226], [4506.344507692307, 19809.45981538461], [4521.724523076922, 19794.079799999996], [4537.104538461538, 19778.69978461538], [4552.484553846153, 19763.319769230762], [4567.864569230768, 19747.93975384615], [4583.244584615384, 19732.559738461532], [4598.624599999999, 19717.17972307692], [4614.004615384615, 19701.799707692302], [4629.38463076923, 19686.419692307685], [4644.764646153845, 19671.039676923072], [4660.144661538461, 19655.659661538455], [4675.524676923076, 19640.279646153842], [4675.524676923076, 19609.51961538461], [4690.904692307692, 19594.139599999995], [4706.284707692307, 19578.759584615378], [4706.284707692307, 19547.999553846148], [4721.664723076922, 19532.619538461535], [4752.424753846153, 19532.619538461535], [4783.184784615384, 19532.619538461535], [4798.564799999999, 19517.239523076918], [4813.944815384615, 19501.8595076923], [4844.704846153845, 19501.8595076923], [4875.464876923076, 19501.8595076923], [4906.224907692307, 19501.8595076923], [4921.604923076922, 19486.479492307688], [4936.984938461538, 19471.09947692307], [4967.744969230768, 19471.09947692307], [4998.504999999999, 19471.09947692307], [5029.26503076923, 19471.09947692307], [5044.645046153845, 19455.719461538458], [5029.26503076923, 19440.33944615384], [4998.504999999999, 19440.33944615384], [4967.744969230768, 19440.33944615384], [4936.984938461538, 19440.33944615384], [4906.224907692307, 19440.33944615384], [4875.464876923076, 19440.33944615384], [4844.704846153845, 19440.33944615384], [4829.32483076923, 19424.959430769224], [4813.944815384615, 19409.57941538461], [4783.184784615384, 19409.57941538461], [4767.804769230768, 19394.199399999994], [4767.804769230768, 19363.439369230764], [4767.804769230768, 19332.679338461534], [4783.184784615384, 19317.299323076917], [4798.564799999999, 19301.919307692304], [4783.184784615384, 19286.539292307687], [4767.804769230768, 19271.15927692307], [4767.804769230768, 19240.39924615384], [4767.804769230768, 19209.63921538461], [4783.184784615384, 19194.259199999993], [4813.944815384615, 19194.259199999993], [4829.32483076923, 19209.63921538461], [4844.704846153845, 19225.019230769227], [4860.084861538461, 19209.63921538461], [4875.464876923076, 19194.259199999993], [4906.224907692307, 19194.259199999993], [4936.984938461538, 19194.259199999993], [4952.364953846153, 19178.87918461538], [4967.744969230768, 19163.499169230763], [4998.504999999999, 19163.499169230763], [5029.26503076923, 19163.499169230763], [5044.645046153845, 19178.87918461538], [5060.025061538461, 19194.259199999993], [5090.785092307691, 19194.259199999993], [5106.165107692307, 19178.87918461538], [5121.545123076922, 19163.499169230763], [5152.305153846153, 19163.499169230763], [5167.685169230768, 19178.87918461538], [5183.065184615384, 19194.259199999993], [5198.445199999999, 19178.87918461538], [5213.825215384614, 19163.499169230763], [5229.20523076923, 19178.87918461538], [5229.20523076923, 19209.63921538461], [5229.20523076923, 19240.39924615384], [5229.20523076923, 19271.15927692307], [5244.585246153845, 19286.539292307687], [5259.965261538461, 19301.919307692304], [5244.585246153845, 19317.299323076917], [5229.20523076923, 19332.679338461534], [5229.20523076923, 19363.439369230764], [5229.20523076923, 19394.199399999994], [5213.825215384614, 19409.57941538461], [5183.065184615384, 19409.57941538461], [5167.685169230768, 19424.959430769224], [5183.065184615384, 19440.33944615384], [5213.825215384614, 19440.33944615384], [5229.20523076923, 19455.719461538458], [5229.20523076923, 19486.479492307688], [5229.20523076923, 19517.239523076918], [5213.825215384614, 19532.619538461535], [5198.445199999999, 19547.999553846148], [5198.445199999999, 19578.759584615378], [5198.445199999999, 19609.51961538461], [5183.065184615384, 19624.899630769225], [5167.685169230768, 19640.279646153842], [5167.685169230768, 19671.039676923072], [5167.685169230768, 19701.799707692302], [5152.305153846153, 19717.17972307692], [5121.545123076922, 19717.17972307692], [5106.165107692307, 19732.559738461532], [5090.785092307691, 19747.93975384615], [5060.025061538461, 19747.93975384615], [5029.26503076923, 19747.93975384615], [4998.504999999999, 19747.93975384615], [4983.124984615384, 19763.319769230762], [4967.744969230768, 19778.69978461538], [4936.984938461538, 19778.69978461538], [4906.224907692307, 19778.69978461538], [4875.464876923076, 19778.69978461538], [4860.084861538461, 19794.079799999996], [4844.704846153845, 19809.45981538461], [4813.944815384615, 19809.45981538461], [4783.184784615384, 19809.45981538461], [4767.804769230768, 19824.839830769226], [4752.424753846153, 19840.21984615384], [4737.044738461538, 19824.839830769226], [4721.664723076922, 19809.45981538461], [4706.284707692307, 19824.839830769226], [4690.904692307692, 19840.21984615384], [4660.144661538461, 19840.21984615384], [4644.764646153845, 19855.599861538456], [4629.38463076923, 19870.979876923073], [4598.624599999999, 19870.979876923073], [4567.864569230768, 19870.979876923073], [4552.484553846153, 19886.359892307686], [4537.104538461538, 19901.739907692303], [4521.724523076922, 19917.119923076916], [4506.344507692307, 19932.499938461533], [4475.584476923076, 19932.499938461533], [4444.824446153845, 19932.499938461533], [4429.44443076923, 19947.87995384615], [4414.064415384615, 19963.259969230763], [4383.304384615384, 19963.259969230763], [4367.924369230769, 19978.63998461538], [4352.544353846153, 19994.019999999993]]]}, "properties": {"objectType": "annotation", "name": "R1_3_T|deep_14", "classification": {"name": "deep", "color": [144, 133, 233]}, "lesion_id": 14, "section": "R1_3_T", "area_um2": 32750.000000000073, "lesion_ids": [14]}}, {"type": "Feature", "geometry": {"type": "Polygon", "coordinates": [[[9766.309769230767, 25684.625692307687], [9735.549738461537, 25684.625692307687], [9704.789707692305, 25684.625692307687], [9674.029676923075, 25684.625692307687], [9643.269646153845, 25684.625692307687], [9612.509615384613, 25684.625692307687], [9581.749584615383, 25684.625692307687], [9566.369569230768, 25669.24567692307], [9581.749584615383, 25653.865661538453], [9597.129599999998, 25638.48564615384], [9612.509615384613, 25623.105630769223], [9627.889630769228, 25607.72561538461], [9627.889630769228, 25576.965584615376], [9643.269646153845, 25561.585569230763], [9658.64966153846, 25546.205553846146], [9658.64966153846, 25515.445523076916], [9658.64966153846, 25484.685492307686], [9674.029676923075, 25469.30547692307], [9689.40969230769, 25453.925461538456], [9689.40969230769, 25423.165430769222], [9689.40969230769, 25392.405399999992], [9704.789707692305, 25377.02538461538], [9720.169723076922, 25361.645369230762], [9720.169723076922, 25330.885338461532], [9720.169723076922, 25300.125307692302], [9720.169723076922, 25269.365276923072], [9720.169723076922, 25238.60524615384], [9720.169723076922, 25207.84521538461], [9720.169723076922, 25177.08518461538], [9720.169723076922, 25146.325153846148], [9720.169723076922, 25115.565123076918], [9720.169723076922, 25084.805092307684], [9704.789707692305, 25069.42507692307], [9689.40969230769, 25054.045061538454], [9689.40969230769, 25023.285030769224], [9704.789707692305, 25007.905015384607], [9720.169723076922, 24992.524999999994], [9720.169723076922, 24961.764969230764], [9720.169723076922, 24931.00493846153], [9720.169723076922, 24900.2449076923], [9720.169723076922, 24869.48487692307], [9720.169723076922, 24838.72484615384], [9720.169723076922, 24807.96481538461], [9704.789707692305, 24792.584799999993], [9689.40969230769, 24777.204784615376], [9689.40969230769, 24746.444753846146], [9689.40969230769, 24715.684723076916], [9689.40969230769, 24684.924692307686], [9674.029676923075, 24669.54467692307], [9658.64966153846, 24654.164661538456], [9658.64966153846, 24623.404630769226], [9658.64966153846, 24592.644599999992], [9643.269646153845, 24577.26458461538], [9627.889630769228, 24561.884569230762], [9627.889630769228, 24531.124538461532], [9627.889630769228, 24500.364507692302], [9627.889630769228, 24469.604476923072], [9612.509615384613, 24454.224461538455], [9597.129599999998, 24438.84444615384], [9597.129599999998, 24408.08441538461], [9597.129599999998, 24377.32438461538], [9581.749584615383, 24361.94436923076], [9566.369569230768, 24346.564353846148], [9566.369569230768, 24315.804323076918], [9550.989553846151, 24300.4243076923], [9535.609538461536, 24285.044292307684], [9520.229523076921, 24269.66427692307], [9504.849507692306, 24254.284261538454], [9504.849507692306, 24223.524230769224], [9489.469492307691, 24208.144215384607], [9474.089476923074, 24192.764199999994], [9458.70946153846, 24177.384184615377], [9443.329446153844, 24162.004169230764], [9427.94943076923, 24146.624153846147], [9412.569415384614, 24131.24413846153], [9397.1894, 24115.864123076917], [9381.809384615382, 24100.4841076923], [9366.429369230767, 24085.104092307687], [9351.049353846152, 24069.72407692307], [9335.669338461537, 24054.344061538457], [9320.289323076922, 24038.96404615384], [9304.909307692305, 24023.584030769223], [9289.52929230769, 24008.20401538461], [9274.149276923075, 23992.823999999993], [9243.389246153845, 23992.823999999993], [9228.009230769228, 23977.44398461538], [9212.629215384613, 23962.063969230763], [9197.249199999998, 23946.683953846146], [9181.869184615383, 23931.303938461533], [9151.109153846151, 23931.303938461533], [9135.729138461536, 23915.923923076916], [9120.349123076921, 23900.543907692303], [9089.589092307691, 23900.543907692303], [9058.82906153846, 23900.543907692303], [9043.449046153844, 23885.163892307686], [9028.06903076923, 23869.78387692307], [8997.309, 23869.78387692307], [8966.548969230767, 23869.78387692307], [8935.788938461537, 23869.78387692307], [8905.028907692305, 23869.78387692307], [8874.268876923075, 23869.78387692307], [8843.508846153845, 23869.78387692307], [8812.748815384613, 23869.78387692307], [8781.988784615383, 23869.78387692307], [8751.228753846153, 23869.78387692307], [8720.468723076921, 23869.78387692307], [8689.708692307691, 23869.78387692307], [8658.94866153846, 23869.78387692307], [8643.568646153844, 23854.403861538456], [8643.568646153844, 23823.643830769226], [8628.18863076923, 23808.26381538461], [8612.808615384614, 23792.883799999992], [8597.4286, 23777.50378461538], [8582.048584615382, 23762.123769230762], [8582.048584615382, 23731.363738461532], [8566.668569230767, 23715.983723076915], [8551.288553846152, 23700.603707692302], [8535.908538461537, 23685.223692307685], [8520.528523076922, 23669.843676923072], [8505.148507692305, 23654.463661538455], [8474.388476923075, 23654.463661538455], [8459.00846153846, 23639.08364615384], [8443.628446153845, 23623.703630769225], [8428.24843076923, 23608.32361538461], [8412.868415384613, 23592.943599999995], [8382.108384615383, 23592.943599999995], [8366.728369230768, 23577.56358461538], [8351.348353846153, 23562.18356923076], [8320.588323076921, 23562.18356923076], [8289.828292307691, 23562.18356923076], [8274.448276923076, 23546.803553846148], [8259.06826153846, 23531.42353846153], [8228.30823076923, 23531.42353846153], [8197.5482, 23531.42353846153], [8166.788169230768, 23531.42353846153], [8136.028138461537, 23531.42353846153], [8105.268107692306, 23531.42353846153], [8089.888092307691, 23546.803553846148], [8074.508076923075, 23562.18356923076], [8059.12806153846, 23546.803553846148], [8043.748046153845, 23531.42353846153], [8012.988015384614, 23531.42353846153], [7982.227984615383, 23531.42353846153], [7966.847969230768, 23516.043523076918], [7951.467953846152, 23500.6635076923], [7920.707923076922, 23500.6635076923], [7889.947892307691, 23500.6635076923], [7859.18786153846, 23500.6635076923], [7828.427830769229, 23500.6635076923], [7813.047815384614, 23516.043523076918], [7797.667799999998, 23531.42353846153], [7766.907769230768, 23531.42353846153], [7736.147738461537, 23531.42353846153], [7720.767723076922, 23546.803553846148], [7705.387707692306, 23562.18356923076], [7674.627676923075, 23562.18356923076], [7659.24766153846, 23577.56358461538], [7643.867646153845, 23592.943599999995], [7628.487630769229, 23608.32361538461], [7613.107615384614, 23623.703630769225], [7582.347584615383, 23623.703630769225], [7566.967569230768, 23639.08364615384], [7551.587553846152, 23654.463661538455], [7536.207538461537, 23669.843676923072], [7520.827523076922, 23685.223692307685], [7490.067492307691, 23685.223692307685], [7474.687476923075, 23700.603707692302], [7459.30746153846, 23715.983723076915], [7443.927446153845, 23700.603707692302], [7443.927446153845, 23669.843676923072], [7443.927446153845, 23639.08364615384], [7443.927446153845, 23608.32361538461], [7443.927446153845, 23577.56358461538], [7443.927446153845, 23546.803553846148], [7443.927446153845, 23516.043523076918], [7459.30746153846, 23500.6635076923], [7474.687476923075, 23485.283492307684], [7474.687476923075, 23454.523461538454], [7474.687476923075, 23423.763430769224], [7474.687476923075, 23393.003399999994], [7474.687476923075, 23362.243369230764], [7474.687476923075, 23331.483338461534], [7474.687476923075, 23300.7233076923], [7490.067492307691, 23285.343292307687], [7505.447507692306, 23269.96327692307], [7505.447507692306, 23239.20324615384], [7505.447507692306, 23208.44321538461], [7520.827523076922, 23193.063199999993], [7536.207538461537, 23177.68318461538], [7536.207538461537, 23146.923153846146], [7536.207538461537, 23116.163123076916], [7536.207538461537, 23085.403092307686], [7536.207538461537, 23054.643061538456], [7551.587553846152, 23039.26304615384], [7566.967569230768, 23023.883030769226], [7566.967569230768, 22993.122999999992], [7566.967569230768, 22962.362969230762], [7566.967569230768, 22931.602938461532], [7582.347584615383, 22916.222923076915], [7613.107615384614, 22916.222923076915], [7628.487630769229, 22931.602938461532], [7643.867646153845, 22946.98295384615], [7659.24766153846, 22962.362969230762], [7674.627676923075, 22977.74298461538], [7705.387707692306, 22977.74298461538], [7720.767723076922, 22993.122999999992], [7736.147738461537, 23008.50301538461], [7766.907769230768, 23008.50301538461], [7782.287784615383, 23023.883030769226], [7797.667799999998, 23039.26304615384], [7828.427830769229, 23039.26304615384], [7843.807846153845, 23054.643061538456], [7859.18786153846, 23070.02307692307], [7874.567876923075, 23085.403092307686], [7889.947892307691, 23100.783107692303], [7905.327907692306, 23116.163123076916], [7920.707923076922, 23131.543138461533], [7936.087938461537, 23146.923153846146], [7951.467953846152, 23162.303169230763], [7982.227984615383, 23162.303169230763], [7997.607999999998, 23177.68318461538], [8012.988015384614, 23193.063199999993], [8028.368030769229, 23208.44321538461], [8043.748046153845, 23223.823230769223], [8074.508076923075, 23223.823230769223], [8089.888092307691, 23239.20324615384], [8105.268107692306, 23254.583261538457], [8136.028138461537, 23254.583261538457], [8166.788169230768, 23254.583261538457], [8182.168184615382, 23269.96327692307], [8197.5482, 23285.343292307687], [8228.30823076923, 23285.343292307687], [8259.06826153846, 23285.343292307687], [8289.828292307691, 23285.343292307687], [8320.588323076921, 23285.343292307687], [8351.348353846153, 23285.343292307687], [8382.108384615383, 23285.343292307687], [8412.868415384613, 23285.343292307687], [8443.628446153845, 23285.343292307687], [8459.00846153846, 23269.96327692307], [8474.388476923075, 23254.583261538457], [8505.148507692305, 23254.583261538457], [8535.908538461537, 23254.583261538457], [8566.668569230767, 23254.583261538457], [8597.4286, 23254.583261538457], [8612.808615384614, 23239.20324615384], [8628.18863076923, 23223.823230769223], [8658.94866153846, 23223.823230769223], [8689.708692307691, 23223.823230769223], [8705.088707692306, 23208.44321538461], [8720.468723076921, 23193.063199999993], [8751.228753846153, 23193.063199999993], [8766.608769230768, 23177.68318461538], [8781.988784615383, 23162.303169230763], [8797.368799999998, 23146.923153846146], [8812.748815384613, 23131.543138461533], [8843.508846153845, 23131.543138461533], [8858.88886153846, 23116.163123076916], [8874.268876923075, 23100.783107692303], [8889.64889230769, 23085.403092307686], [8905.028907692305, 23070.02307692307], [8920.408923076922, 23054.643061538456], [8920.408923076922, 23023.883030769226], [8935.788938461537, 23008.50301538461], [8951.168953846152, 22993.122999999992], [8966.548969230767, 22977.74298461538], [8981.928984615382, 22962.362969230762], [8981.928984615382, 22931.602938461532], [8997.309, 22916.222923076915], [9012.689015384614, 22900.842907692302], [9012.689015384614, 22870.082876923072], [9012.689015384614, 22839.32284615384], [9028.06903076923, 22823.942830769225], [9043.449046153844, 22808.56281538461], [9043.449046153844, 22777.80278461538], [9043.449046153844, 22747.042753846148], [9043.449046153844, 22716.282723076918], [9043.449046153844, 22685.522692307688], [9043.449046153844, 22654.762661538454], [9028.06903076923, 22639.38264615384], [9012.689015384614, 22624.002630769224], [9012.689015384614, 22593.242599999994], [9012.689015384614, 22562.482569230764], [8997.309, 22547.102553846147], [8981.928984615382, 22531.722538461534], [8981.928984615382, 22500.9625076923], [8966.548969230767, 22485.582492307687], [8951.168953846152, 22470.20247692307], [8935.788938461537, 22454.822461538457], [8920.408923076922, 22439.44244615384], [8920.408923076922, 22408.68241538461], [8905.028907692305, 22393.302399999993], [8889.64889230769, 22377.92238461538], [8874.268876923075, 22362.542369230763], [8858.88886153846, 22347.162353846146], [8843.508846153845, 22331.782338461533], [8812.748815384613, 22331.782338461533], [8797.368799999998, 22316.402323076916], [8781.988784615383, 22301.022307692303], [8766.608769230768, 22285.642292307686], [8751.228753846153, 22270.26227692307], [8720.468723076921, 22270.26227692307], [8705.088707692306, 22254.882261538456], [8689.708692307691, 22239.50224615384], [8658.94866153846, 22239.50224615384], [8628.18863076923, 22239.50224615384], [8612.808615384614, 22224.122230769226], [8597.4286, 22208.74221538461], [8582.048584615382, 22193.362199999992], [8566.668569230767, 22177.98218461538], [8551.288553846152, 22162.602169230762], [8551.288553846152, 22131.842138461532], [8535.908538461537, 22116.46212307692], [8520.528523076922, 22101.082107692302], [8505.148507692305, 22085.702092307685], [8489.76849230769, 22070.322076923072], [8474.388476923075, 22054.942061538455], [8459.00846153846, 22039.562046153842], [8443.628446153845, 22024.182030769225], [8412.868415384613, 22024.182030769225], [8397.488399999998, 22008.80201538461], [8382.108384615383, 21993.421999999995], [8366.728369230768, 21978.041984615378], [8351.348353846153, 21962.661969230765], [8320.588323076921, 21962.661969230765], [8305.208307692306, 21947.281953846148], [8289.828292307691, 21931.90193846153], [8274.448276923076, 21916.521923076918], [8259.06826153846, 21901.1419076923], [8228.30823076923, 21901.1419076923], [8212.928215384614, 21885.761892307688], [8197.5482, 21870.38187692307], [8166.788169230768, 21870.38187692307], [8136.028138461537, 21870.38187692307], [8120.648123076921, 21855.001861538454], [8105.268107692306, 21839.62184615384], [8074.508076923075, 21839.62184615384], [8043.748046153845, 21839.62184615384], [8028.368030769229, 21824.241830769224], [8012.988015384614, 21808.86181538461], [7982.227984615383, 21808.86181538461], [7951.467953846152, 21808.86181538461], [7920.707923076922, 21808.86181538461], [7889.947892307691, 21808.86181538461], [7859.18786153846, 21808.86181538461], [7828.427830769229, 21808.86181538461], [7813.047815384614, 21824.241830769224], [7797.667799999998, 21839.62184615384], [7766.907769230768, 21839.62184615384], [7736.147738461537, 21839.62184615384], [7720.767723076922, 21855.001861538454], [7705.387707692306, 21870.38187692307], [7674.627676923075, 21870.38187692307], [7659.24766153846, 21855.001861538454], [7659.24766153846, 21824.241830769224], [7659.24766153846, 21793.481799999994], [7659.24766153846, 21762.721769230764], [7659.24766153846, 21731.961738461534], [7659.24766153846, 21701.2017076923], [7643.867646153845, 21685.821692307687], [7628.487630769229, 21670.44167692307], [7613.107615384614, 21655.061661538457], [7597.727599999999, 21639.68164615384], [7597.727599999999, 21608.92161538461], [7597.727599999999, 21578.16158461538], [7597.727599999999, 21547.401553846146], [7613.107615384614, 21532.021538461533], [7628.487630769229, 21516.641523076916], [7628.487630769229, 21485.881492307686], [7643.867646153845, 21470.501476923073], [7659.24766153846, 21455.121461538456], [7659.24766153846, 21424.361430769226], [7674.627676923075, 21408.98141538461], [7690.007692307691, 21393.601399999996], [7690.007692307691, 21362.841369230762], [7690.007692307691, 21332.081338461532], [7705.387707692306, 21316.70132307692], [7720.767723076922, 21332.081338461532], [7736.147738461537, 21347.46135384615], [7766.907769230768, 21347.46135384615], [7797.667799999998, 21347.46135384615], [7813.047815384614, 21362.841369230762], [7828.427830769229, 21378.22138461538], [7859.18786153846, 21378.22138461538], [7889.947892307691, 21378.22138461538], [7905.327907692306, 21393.601399999996], [7920.707923076922, 21408.98141538461], [7951.467953846152, 21408.98141538461], [7982.227984615383, 21408.98141538461], [8012.988015384614, 21408.98141538461], [8043.748046153845, 21408.98141538461], [8074.508076923075, 21408.98141538461], [8105.268107692306, 21408.98141538461], [8136.028138461537, 21408.98141538461], [8151.408153846152, 21393.601399999996], [8166.788169230768, 21378.22138461538], [8197.5482, 21378.22138461538], [8228.30823076923, 21378.22138461538], [8243.688246153844, 21362.841369230762], [8259.06826153846, 21347.46135384615], [8289.828292307691, 21347.46135384615], [8305.208307692306, 21332.081338461532], [8320.588323076921, 21316.70132307692], [8335.968338461536, 21301.321307692302], [8351.348353846153, 21285.941292307685], [8382.108384615383, 21285.941292307685], [8397.488399999998, 21270.561276923072], [8412.868415384613, 21255.181261538455], [8428.24843076923, 21239.801246153842], [8443.628446153845, 21224.421230769225], [8459.00846153846, 21209.04121538461], [8474.388476923075, 21193.661199999995], [8489.76849230769, 21178.281184615378], [8489.76849230769, 21147.521153846148], [8505.148507692305, 21132.14113846153], [8520.528523076922, 21116.761123076918], [8535.908538461537, 21101.3811076923], [8551.288553846152, 21086.001092307688], [8551.288553846152, 21055.241061538454], [8566.668569230767, 21039.86104615384], [8582.048584615382, 21024.481030769224], [8582.048584615382, 20993.720999999994], [8597.4286, 20978.340984615377], [8612.808615384614, 20962.960969230764], [8612.808615384614, 20932.200938461534], [8628.18863076923, 20916.820923076917], [8643.568646153844, 20901.4409076923], [8643.568646153844, 20870.68087692307], [8658.94866153846, 20855.300861538457], [8674.328676923076, 20839.92084615384], [8674.328676923076, 20809.16081538461], [8674.328676923076, 20778.40078461538], [8689.708692307691, 20763.020769230763], [8705.088707692306, 20747.64075384615], [8720.468723076921, 20732.260738461533], [8751.228753846153, 20732.260738461533], [8766.608769230768, 20716.880723076916], [8781.988784615383, 20701.500707692303], [8797.368799999998, 20686.120692307686], [8812.748815384613, 20670.740676923073], [8843.508846153845, 20670.740676923073], [8858.88886153846, 20655.360661538456], [8874.268876923075, 20639.98064615384], [8889.64889230769, 20624.600630769226], [8905.028907692305, 20609.22061538461], [8920.408923076922, 20593.840599999996], [8935.788938461537, 20578.46058461538], [8951.168953846152, 20563.080569230762], [8951.168953846152, 20532.320538461532], [8966.548969230767, 20516.94052307692], [8981.928984615382, 20501.560507692302], [8997.309, 20486.180492307685], [9012.689015384614, 20470.800476923072], [9012.689015384614, 20440.040446153842], [9028.06903076923, 20424.660430769225], [9043.449046153844, 20409.28041538461], [9043.449046153844, 20378.520384615378], [9058.82906153846, 20363.140369230765], [9074.209076923076, 20347.760353846148], [9074.209076923076, 20317.000323076918], [9074.209076923076, 20286.240292307688], [9089.589092307691, 20270.86027692307], [9104.969107692306, 20255.480261538454], [9104.969107692306, 20224.720230769224], [9104.969107692306, 20193.960199999994], [9104.969107692306, 20163.200169230764], [9104.969107692306, 20132.440138461534], [9104.969107692306, 20101.680107692304], [9104.969107692306, 20070.92007692307], [9104.969107692306, 20040.16004615384], [9104.969107692306, 20009.40001538461], [9104.969107692306, 19978.63998461538], [9089.589092307691, 19963.259969230763], [9074.209076923076, 19947.87995384615], [9074.209076923076, 19917.119923076916], [9074.209076923076, 19886.359892307686], [9074.209076923076, 19855.599861538456], [9089.589092307691, 19840.21984615384], [9104.969107692306, 19824.839830769226], [9104.969107692306, 19794.079799999996], [9104.969107692306, 19763.319769230762], [9104.969107692306, 19732.559738461532], [9104.969107692306, 19701.799707692302], [9089.589092307691, 19686.419692307685], [9074.209076923076, 19671.039676923072], [9074.209076923076, 19640.279646153842], [9074.209076923076, 19609.51961538461], [9058.82906153846, 19594.139599999995], [9043.449046153844, 19578.759584615378], [9043.449046153844, 19547.999553846148], [9058.82906153846, 19532.619538461535], [9074.209076923076, 19517.239523076918], [9089.589092307691, 19501.8595076923], [9120.349123076921, 19501.8595076923], [9151.109153846151, 19501.8595076923], [9181.869184615383, 19501.8595076923], [9212.629215384613, 19501.8595076923], [9243.389246153845, 19501.8595076923], [9274.149276923075, 19501.8595076923], [9304.909307692305, 19501.8595076923], [9320.289323076922, 19486.479492307688], [9335.669338461537, 19471.09947692307], [9351.049353846152, 19455.719461538458], [9366.429369230767, 19440.33944615384], [9397.1894, 19440.33944615384], [9427.94943076923, 19440.33944615384], [9458.70946153846, 19440.33944615384], [9474.089476923074, 19455.719461538458], [9474.089476923074, 19486.479492307688], [9489.469492307691, 19501.8595076923], [9504.849507692306, 19517.239523076918], [9504.849507692306, 19547.999553846148], [9504.849507692306, 19578.759584615378], [9504.849507692306, 19609.51961538461], [9520.229523076921, 19624.899630769225], [9535.609538461536, 19640.279646153842], [9535.609538461536, 19671.039676923072], [9535.609538461536, 19701.799707692302], [9535.609538461536, 19732.559738461532], [9535.609538461536, 19763.319769230762], [9535.609538461536, 19794.079799999996], [9535.609538461536, 19824.839830769226], [9535.609538461536, 19855.599861538456], [9535.609538461536, 19886.359892307686], [9535.609538461536, 19917.119923076916], [9535.609538461536, 19947.87995384615], [9535.609538461536, 19978.63998461538], [9535.609538461536, 20009.40001538461], [9535.609538461536, 20040.16004615384], [9535.609538461536, 20070.92007692307], [9535.609538461536, 20101.680107692304], [9535.609538461536, 20132.440138461534], [9535.609538461536, 20163.200169230764], [9535.609538461536, 20193.960199999994], [9535.609538461536, 20224.720230769224], [9535.609538461536, 20255.480261538454], [9535.609538461536, 20286.240292307688], [9535.609538461536, 20317.000323076918], [9520.229523076921, 20332.38033846153], [9504.849507692306, 20347.760353846148], [9504.849507692306, 20378.520384615378], [9504.849507692306, 20409.28041538461], [9504.849507692306, 20440.040446153842], [9489.469492307691, 20455.420461538455], [9474.089476923074, 20470.800476923072], [9474.089476923074, 20501.560507692302], [9474.089476923074, 20532.320538461532], [9458.70946153846, 20547.70055384615], [9443.329446153844, 20563.080569230762], [9443.329446153844, 20593.840599999996], [9427.94943076923, 20609.22061538461], [9412.569415384614, 20624.600630769226], [9412.569415384614, 20655.360661538456], [9397.1894, 20670.740676923073], [9381.809384615382, 20686.120692307686], [9366.429369230767, 20701.500707692303], [9351.049353846152, 20716.880723076916], [9351.049353846152, 20747.64075384615], [9335.669338461537, 20763.020769230763], [9320.289323076922, 20778.40078461538], [9304.909307692305, 20793.780799999993], [9289.52929230769, 20809.16081538461], [9274.149276923075, 20824.540830769227], [9258.76926153846, 20839.92084615384], [9258.76926153846, 20870.68087692307], [9243.389246153845, 20886.060892307687], [9228.009230769228, 20901.4409076923], [9212.629215384613, 20916.820923076917], [9197.249199999998, 20932.200938461534], [9181.869184615383, 20947.580953846147], [9166.489169230768, 20962.960969230764], [9151.109153846151, 20978.340984615377], [9120.349123076921, 20978.340984615377], [9104.969107692306, 20993.720999999994], [9089.589092307691, 21009.10101538461], [9074.209076923076, 21024.481030769224], [9058.82906153846, 21039.86104615384], [9043.449046153844, 21055.241061538454], [9043.449046153844, 21086.001092307688], [9028.06903076923, 21101.3811076923], [9012.689015384614, 21116.761123076918], [9012.689015384614, 21147.521153846148], [8997.309, 21162.901169230765], [8981.928984615382, 21178.281184615378], [8981.928984615382, 21209.04121538461], [8966.548969230767, 21224.421230769225], [8951.168953846152, 21239.801246153842], [8951.168953846152, 21270.561276923072], [8935.788938461537, 21285.941292307685], [8920.408923076922, 21301.321307692302], [8905.028907692305, 21316.70132307692], [8889.64889230769, 21332.081338461532], [8889.64889230769, 21362.841369230762], [8874.268876923075, 21378.22138461538], [8858.88886153846, 21393.601399999996], [8843.508846153845, 21408.98141538461], [8828.128830769228, 21424.361430769226], [8812.748815384613, 21439.74144615384], [8797.368799999998, 21455.121461538456], [8797.368799999998, 21485.881492307686], [8781.988784615383, 21501.261507692303], [8766.608769230768, 21516.641523076916], [8751.228753846153, 21532.021538461533], [8735.848738461536, 21547.401553846146], [8720.468723076921, 21562.781569230763], [8705.088707692306, 21578.16158461538], [8689.708692307691, 21593.541599999993], [8658.94866153846, 21593.541599999993], [8643.568646153844, 21608.92161538461], [8643.568646153844, 21639.68164615384], [8658.94866153846, 21655.061661538457], [8674.328676923076, 21670.44167692307], [8689.708692307691, 21685.821692307687], [8705.088707692306, 21701.2017076923], [8720.468723076921, 21716.581723076917], [8751.228753846153, 21716.581723076917], [8766.608769230768, 21731.961738461534], [8781.988784615383, 21747.341753846147], [8797.368799999998, 21762.721769230764], [8812.748815384613, 21778.101784615377], [8828.128830769228, 21793.481799999994], [8843.508846153845, 21808.86181538461], [8858.88886153846, 21824.241830769224], [8874.268876923075, 21839.62184615384], [8889.64889230769, 21855.001861538454], [8905.028907692305, 21870.38187692307], [8935.788938461537, 21870.38187692307], [8951.168953846152, 21885.761892307688], [8966.548969230767, 21901.1419076923], [8981.928984615382, 21916.521923076918], [8997.309, 21931.90193846153], [9028.06903076923, 21931.90193846153], [9043.449046153844, 21947.281953846148], [9058.82906153846, 21962.661969230765], [9074.209076923076, 21978.041984615378], [9089.589092307691, 21993.421999999995], [9104.969107692306, 22008.80201538461], [9120.349123076921, 22024.182030769225], [9151.109153846151, 22024.182030769225], [9166.489169230768, 22039.562046153842], [9181.869184615383, 22054.942061538455], [9197.249199999998, 22070.322076923072], [9212.629215384613, 22085.702092307685], [9228.009230769228, 22101.082107692302], [9228.009230769228, 22131.842138461532], [9243.389246153845, 22147.22215384615], [9258.76926153846, 22162.602169230762], [9274.149276923075, 22177.98218461538], [9289.52929230769, 22193.362199999992], [9304.909307692305, 22208.74221538461], [9320.289323076922, 22224.122230769226], [9320.289323076922, 22254.882261538456], [9335.669338461537, 22270.26227692307], [9351.049353846152, 22285.642292307686], [9366.429369230767, 22301.022307692303], [9381.809384615382, 22316.402323076916], [9381.809384615382, 22347.162353846146], [9397.1894, 22362.542369230763], [9412.569415384614, 22377.92238461538], [9412.569415384614, 22408.68241538461], [9412.569415384614, 22439.44244615384], [9427.94943076923, 22454.822461538457], [9443.329446153844, 22470.20247692307], [9443.329446153844, 22500.9625076923], [9443.329446153844, 22531.722538461534], [9443.329446153844, 22562.482569230764], [9458.70946153846, 22577.862584615377], [9474.089476923074, 22593.242599999994], [9474.089476923074, 22624.002630769224], [9474.089476923074, 22654.762661538454], [9474.089476923074, 22685.522692307688], [9474.089476923074, 22716.282723076918], [9474.089476923074, 22747.042753846148], [9474.089476923074, 22777.80278461538], [9474.089476923074, 22808.56281538461], [9474.089476923074, 22839.32284615384], [9474.089476923074, 22870.082876923072], [9458.70946153846, 22885.462892307685], [9443.329446153844, 22900.842907692302], [9443.329446153844, 22931.602938461532], [9443.329446153844, 22962.362969230762], [9443.329446153844, 22993.122999999992], [9427.94943076923, 23008.50301538461], [9412.569415384614, 23023.883030769226], [9412.569415384614, 23054.643061538456], [9412.569415384614, 23085.403092307686], [9397.1894, 23100.783107692303], [9381.809384615382, 23116.163123076916], [9381.809384615382, 23146.923153846146], [9366.429369230767, 23162.303169230763], [9351.049353846152, 23177.68318461538], [9335.669338461537, 23193.063199999993], [9320.289323076922, 23208.44321538461], [9320.289323076922, 23239.20324615384], [9304.909307692305, 23254.583261538457], [9289.52929230769, 23269.96327692307], [9274.149276923075, 23285.343292307687], [9258.76926153846, 23300.7233076923], [9243.389246153845, 23316.103323076917], [9228.009230769228, 23331.483338461534], [9228.009230769228, 23362.243369230764], [9212.629215384613, 23377.623384615377], [9197.249199999998, 23393.003399999994], [9181.869184615383, 23408.38341538461], [9166.489169230768, 23423.763430769224], [9151.109153846151, 23439.14344615384], [9120.349123076921, 23439.14344615384], [9104.969107692306, 23454.523461538454], [9120.349123076921, 23469.90347692307], [9151.109153846151, 23469.90347692307], [9181.869184615383, 23469.90347692307], [9212.629215384613, 23469.90347692307], [9228.009230769228, 23485.283492307684], [9243.389246153845, 23500.6635076923], [9274.149276923075, 23500.6635076923], [9304.909307692305, 23500.6635076923], [9320.289323076922, 23516.043523076918], [9335.669338461537, 23531.42353846153], [9366.429369230767, 23531.42353846153], [9381.809384615382, 23546.803553846148], [9397.1894, 23562.18356923076], [9412.569415384614, 23577.56358461538], [9427.94943076923, 23592.943599999995], [9458.70946153846, 23592.943599999995], [9474.089476923074, 23608.32361538461], [9489.469492307691, 23623.703630769225], [9504.849507692306, 23639.08364615384], [9520.229523076921, 23654.463661538455], [9535.609538461536, 23669.843676923072], [9550.989553846151, 23685.223692307685], [9581.749584615383, 23685.223692307685], [9597.129599999998, 23700.603707692302], [9612.509615384613, 23715.983723076915], [9627.889630769228, 23731.363738461532], [9643.269646153845, 23746.74375384615], [9658.64966153846, 23762.123769230762], [9674.029676923075, 23777.50378461538], [9689.40969230769, 23792.883799999992], [9704.789707692305, 23808.26381538461], [9720.169723076922, 23823.643830769226], [9735.549738461537, 23839.02384615384], [9750.929753846152, 23854.403861538456], [9766.309769230767, 23869.78387692307], [9781.689784615382, 23885.163892307686], [9797.069799999997, 23900.543907692303], [9812.449815384614, 23915.923923076916], [9812.449815384614, 23946.683953846146], [9827.82983076923, 23962.063969230763], [9843.209846153844, 23977.44398461538], [9858.58986153846, 23992.823999999993], [9873.969876923074, 24008.20401538461], [9889.349892307691, 24023.584030769223], [9904.729907692306, 24038.96404615384], [9904.729907692306, 24069.72407692307], [9920.109923076921, 24085.104092307687], [9935.489938461536, 24100.4841076923], [9950.869953846151, 24115.864123076917], [9966.249969230768, 24131.24413846153], [9966.249969230768, 24162.004169230764], [9981.629984615383, 24177.384184615377], [9997.009999999998, 24192.764199999994], [9997.009999999998, 24223.524230769224], [9997.009999999998, 24254.284261538454], [10012.390015384613, 24269.66427692307], [10027.770030769228, 24285.044292307684], [10027.770030769228, 24315.804323076918], [10027.770030769228, 24346.564353846148], [10027.770030769228, 24377.32438461538], [10043.150046153845, 24392.704399999995], [10058.53006153846, 24408.08441538461], [10058.53006153846, 24438.84444615384], [10058.53006153846, 24469.604476923072], [10073.910076923075, 24484.984492307685], [10089.29009230769, 24500.364507692302], [10089.29009230769, 24531.124538461532], [10089.29009230769, 24561.884569230762], [10089.29009230769, 24592.644599999992], [10104.670107692305, 24608.02461538461], [10120.05012307692, 24623.404630769226], [10120.05012307692, 24654.164661538456], [10120.05012307692, 24684.924692307686], [10120.05012307692, 24715.684723076916], [10135.430138461537, 24731.064738461533], [10150.810153846152, 24746.444753846146], [10150.810153846152, 24777.204784615376], [10150.810153846152, 24807.96481538461], [10150.810153846152, 24838.72484615384], [10150.810153846152, 24869.48487692307], [10150.810153846152, 24900.2449076923], [10150.810153846152, 24931.00493846153], [10150.810153846152, 24961.764969230764], [10150.810153846152, 24992.524999999994], [10150.810153846152, 25023.285030769224], [10150.810153846152, 25054.045061538454], [10150.810153846152, 25084.805092307684], [10150.810153846152, 25115.565123076918], [10150.810153846152, 25146.325153846148], [10150.810153846152, 25177.08518461538], [10150.810153846152, 25207.84521538461], [10150.810153846152, 25238.60524615384], [10150.810153846152, 25269.365276923072], [10150.810153846152, 25300.125307692302], [10150.810153846152, 25330.885338461532], [10150.810153846152, 25361.645369230762], [10150.810153846152, 25392.405399999992], [10150.810153846152, 25423.165430769222], [10135.430138461537, 25438.54544615384], [10120.05012307692, 25453.925461538456], [10120.05012307692, 25484.685492307686], [10120.05012307692, 25515.445523076916], [10120.05012307692, 25546.205553846146], [10104.670107692305, 25561.585569230763], [10089.29009230769, 25576.965584615376], [10089.29009230769, 25607.72561538461], [10073.910076923075, 25623.105630769223], [10043.150046153845, 25623.105630769223], [10012.390015384613, 25623.105630769223], [9997.009999999998, 25638.48564615384], [9981.629984615383, 25653.865661538453], [9950.869953846151, 25653.865661538453], [9920.109923076921, 25653.865661538453], [9889.349892307691, 25653.865661538453], [9858.58986153846, 25653.865661538453], [9827.82983076923, 25653.865661538453], [9797.069799999997, 25653.865661538453], [9781.689784615382, 25669.24567692307], [9766.309769230767, 25684.625692307687]]]}, "properties": {"objectType": "annotation", "name": "P2_3_L|deep", "classification": {"name": "deep", "color": [144, 133, 233]}, "lesion_id": 0, "section": "P2_3_L", "area_um2": 429350.00000000035, "lesion_ids": [15, 16, 19, 21]}}, {"type": "Feature", "geometry": {"type": "Polygon", "coordinates": [[[7613.107615384614, 20301.6203076923], [7582.347584615383, 20301.6203076923], [7566.967569230768, 20286.240292307688], [7551.587553846152, 20270.86027692307], [7536.207538461537, 20255.480261538454], [7536.207538461537, 20224.720230769224], [7536.207538461537, 20193.960199999994], [7520.827523076922, 20178.58018461538], [7505.447507692306, 20163.200169230764], [7505.447507692306, 20132.440138461534], [7505.447507692306, 20101.680107692304], [7490.067492307691, 20086.300092307687], [7474.687476923075, 20070.92007692307], [7474.687476923075, 20040.16004615384], [7474.687476923075, 20009.40001538461], [7459.30746153846, 19994.019999999993], [7443.927446153845, 19978.63998461538], [7459.30746153846, 19963.259969230763], [7474.687476923075, 19947.87995384615], [7474.687476923075, 19917.119923076916], [7459.30746153846, 19901.739907692303], [7443.927446153845, 19886.359892307686], [7443.927446153845, 19855.599861538456], [7443.927446153845, 19824.839830769226], [7428.547430769229, 19809.45981538461], [7413.167415384614, 19794.079799999996], [7428.547430769229, 19778.69978461538], [7443.927446153845, 19763.319769230762], [7443.927446153845, 19732.559738461532], [7443.927446153845, 19701.799707692302], [7459.30746153846, 19686.419692307685], [7474.687476923075, 19671.039676923072], [7474.687476923075, 19640.279646153842], [7474.687476923075, 19609.51961538461], [7490.067492307691, 19594.139599999995], [7505.447507692306, 19609.51961538461], [7520.827523076922, 19624.899630769225], [7536.207538461537, 19640.279646153842], [7551.587553846152, 19655.659661538455], [7566.967569230768, 19671.039676923072], [7582.347584615383, 19686.419692307685], [7597.727599999999, 19701.799707692302], [7613.107615384614, 19717.17972307692], [7628.487630769229, 19732.559738461532], [7643.867646153845, 19747.93975384615], [7659.24766153846, 19763.319769230762], [7674.627676923075, 19778.69978461538], [7690.007692307691, 19794.079799999996], [7690.007692307691, 19824.839830769226], [7690.007692307691, 19855.599861538456], [7705.387707692306, 19870.979876923073], [7720.767723076922, 19886.359892307686], [7720.767723076922, 19917.119923076916], [7720.767723076922, 19947.87995384615], [7736.147738461537, 19963.259969230763], [7766.907769230768, 19963.259969230763], [7782.287784615383, 19947.87995384615], [7797.667799999998, 19932.499938461533], [7813.047815384614, 19917.119923076916], [7828.427830769229, 19901.739907692303], [7859.18786153846, 19901.739907692303], [7874.567876923075, 19917.119923076916], [7874.567876923075, 19947.87995384615], [7874.567876923075, 19978.63998461538], [7859.18786153846, 19994.019999999993], [7843.807846153845, 20009.40001538461], [7859.18786153846, 20024.780030769227], [7874.567876923075, 20040.16004615384], [7859.18786153846, 20055.540061538457], [7843.807846153845, 20070.92007692307], [7843.807846153845, 20101.680107692304], [7843.807846153845, 20132.440138461534], [7843.807846153845, 20163.200169230764], [7828.427830769229, 20178.58018461538], [7797.667799999998, 20178.58018461538], [7782.287784615383, 20193.960199999994], [7766.907769230768, 20209.34021538461], [7736.147738461537, 20209.34021538461], [7720.767723076922, 20224.720230769224], [7705.387707692306, 20240.10024615384], [7674.627676923075, 20240.10024615384], [7659.24766153846, 20255.480261538454], [7643.867646153845, 20270.86027692307], [7628.487630769229, 20286.240292307688], [7613.107615384614, 20301.6203076923]]]}, "properties": {"objectType": "annotation", "name": "deep", "classification": {"name": "deep", "color": [144, 133, 233]}, "lesion_id": 0, "section": null, "area_um2": 18250.00000000003, "lesion_ids": [15, 16]}}, {"type": "Feature", "geometry": {"type": "Polygon", "coordinates": [[[3306.703307692307, 19932.499938461533], [3275.943276923076, 19932.499938461533], [3245.183246153845, 19932.499938461533], [3214.4232153846147, 19932.499938461533], [3183.6631846153837, 19932.499938461533], [3152.903153846153, 19932.499938461533], [3122.143123076922, 19932.499938461533], [3091.3830923076916, 19932.499938461533], [3060.6230615384607, 19932.499938461533], [3029.86303076923, 19932.499938461533], [2999.102999999999, 19932.499938461533], [2983.722984615384, 19917.119923076916], [2983.722984615384, 19886.359892307686], [2983.722984615384, 19855.599861538456], [2968.3429692307686, 19840.21984615384], [2952.962953846153, 19824.839830769226], [2952.962953846153, 19794.079799999996], [2952.962953846153, 19763.319769230762], [2937.5829384615377, 19747.93975384615], [2922.202923076922, 19732.559738461532], [2922.202923076922, 19701.799707692302], [2922.202923076922, 19671.039676923072], [2937.5829384615377, 19655.659661538455], [2968.3429692307686, 19655.659661538455], [2999.102999999999, 19655.659661538455], [3029.86303076923, 19655.659661538455], [3045.2430461538456, 19671.039676923072], [3060.6230615384607, 19686.419692307685], [3091.3830923076916, 19686.419692307685], [3122.143123076922, 19686.419692307685], [3152.903153846153, 19686.419692307685], [3168.2831692307686, 19671.039676923072], [3183.6631846153837, 19655.659661538455], [3199.043199999999, 19671.039676923072], [3214.4232153846147, 19686.419692307685], [3229.80323076923, 19671.039676923072], [3245.183246153845, 19655.659661538455], [3275.943276923076, 19655.659661538455], [3306.703307692307, 19655.659661538455], [3322.083323076922, 19640.279646153842], [3337.4633384615377, 19624.899630769225], [3368.2233692307686, 19624.899630769225], [3383.6033846153837, 19640.279646153842], [3383.6033846153837, 19671.039676923072], [3398.983399999999, 19686.419692307685], [3414.3634153846147, 19701.799707692302], [3414.3634153846147, 19732.559738461532], [3429.74343076923, 19747.93975384615], [3445.123446153845, 19763.319769230762], [3445.123446153845, 19794.079799999996], [3460.5034615384607, 19809.45981538461], [3475.883476923076, 19824.839830769226], [3491.2634923076916, 19840.21984615384], [3506.6435076923067, 19855.599861538456], [3491.2634923076916, 19870.979876923073], [3460.5034615384607, 19870.979876923073], [3445.123446153845, 19886.359892307686], [3429.74343076923, 19901.739907692303], [3398.983399999999, 19901.739907692303], [3368.2233692307686, 19901.739907692303], [3337.4633384615377, 19901.739907692303], [3322.083323076922, 19917.119923076916], [3306.703307692307, 19932.499938461533]]]}, "properties": {"objectType": "annotation", "name": "deep_14", "classification": {"name": "deep", "color": [144, 133, 233]}, "lesion_id": 14, "section": null, "area_um2": 13550.000000000051, "lesion_ids": [14]}}, {"type": "Feature", "geometry": {"type": "Polygon", "coordinates": [[[12503.952507692306, 20209.34021538461], [12473.192476923075, 20209.34021538461], [12457.812461538459, 20193.960199999994], [12442.432446153844, 20178.58018461538], [12411.672415384613, 20178.58018461538], [12380.912384615382, 20178.58018461538], [12350.152353846152, 20178.58018461538], [12319.392323076921, 20178.58018461538], [12304.012307692306, 20163.200169230764], [12288.63229230769, 20147.820153846147], [12257.87226153846, 20147.820153846147], [12227.11223076923, 20147.820153846147], [12211.732215384613, 20132.440138461534], [12211.732215384613, 20101.680107692304], [12211.732215384613, 20070.92007692307], [12196.352199999998, 20055.540061538457], [12165.592169230767, 20055.540061538457], [12150.212153846152, 20070.92007692307], [12134.832138461536, 20086.300092307687], [12119.45212307692, 20070.92007692307], [12104.072107692306, 20055.540061538457], [12073.312076923075, 20055.540061538457], [12042.552046153844, 20055.540061538457], [12027.172030769229, 20040.16004615384], [12011.792015384613, 20024.780030769227], [11981.031984615383, 20024.780030769227], [11965.651969230767, 20009.40001538461], [11950.271953846152, 19994.019999999993], [11919.511923076921, 19994.019999999993], [11888.75189230769, 19994.019999999993], [11873.371876923075, 19978.63998461538], [11857.99186153846, 19963.259969230763], [11827.23183076923, 19963.259969230763], [11796.471799999998, 19963.259969230763], [11781.091784615382, 19947.87995384615], [11765.711769230767, 19932.499938461533], [11734.951738461536, 19932.499938461533], [11704.191707692305, 19932.499938461533], [11688.81169230769, 19947.87995384615], [11673.431676923075, 19963.259969230763], [11642.671646153844, 19963.259969230763], [11611.911615384613, 19963.259969230763], [11596.531599999998, 19947.87995384615], [11581.151584615383, 19932.499938461533], [11565.771569230767, 19917.119923076916], [11581.151584615383, 19901.739907692303], [11596.531599999998, 19886.359892307686], [11611.911615384613, 19870.979876923073], [11642.671646153844, 19870.979876923073], [11658.05166153846, 19855.599861538456], [11673.431676923075, 19840.21984615384], [11704.191707692305, 19840.21984615384], [11719.57172307692, 19824.839830769226], [11734.951738461536, 19809.45981538461], [11750.331753846152, 19794.079799999996], [11765.711769230767, 19778.69978461538], [11796.471799999998, 19778.69978461538], [11827.23183076923, 19778.69978461538], [11842.611846153844, 19763.319769230762], [11857.99186153846, 19747.93975384615], [11888.75189230769, 19747.93975384615], [11919.511923076921, 19747.93975384615], [11934.891938461536, 19732.559738461532], [11950.271953846152, 19717.17972307692], [11981.031984615383, 19717.17972307692], [12011.792015384613, 19717.17972307692], [12027.172030769229, 19732.559738461532], [12042.552046153844, 19747.93975384615], [12073.312076923075, 19747.93975384615], [12104.072107692306, 19747.93975384615], [12119.45212307692, 19763.319769230762], [12134.832138461536, 19778.69978461538], [12150.212153846152, 19794.079799999996], [12165.592169230767, 19809.45981538461], [12196.352199999998, 19809.45981538461], [12211.732215384613, 19824.839830769226], [12227.11223076923, 19840.21984615384], [12257.87226153846, 19840.21984615384], [12273.252276923075, 19855.599861538456], [12288.63229230769, 19870.979876923073], [12304.012307692306, 19886.359892307686], [12319.392323076921, 19901.739907692303], [12334.772338461536, 19917.119923076916], [12350.152353846152, 19932.499938461533], [12365.532369230767, 19947.87995384615], [12380.912384615382, 19963.259969230763], [12396.292399999998, 19978.63998461538], [12396.292399999998, 20009.40001538461], [12411.672415384613, 20024.780030769227], [12427.052430769229, 20040.16004615384], [12427.052430769229, 20070.92007692307], [12442.432446153844, 20086.300092307687], [12457.812461538459, 20101.680107692304], [12473.192476923075, 20117.060123076917], [12488.57249230769, 20132.440138461534], [12488.57249230769, 20163.200169230764], [12503.952507692306, 20178.58018461538], [12519.33252307692, 20193.960199999994], [12503.952507692306, 20209.34021538461]]]}, "properties": {"objectType": "annotation", "name": "deep_17", "classification": {"name": "deep", "color": [144, 133, 233]}, "lesion_id": 17, "section": null, "area_um2": 20750.000000000025, "lesion_ids": [17]}}, {"type": "Feature", "geometry": {"type": "Polygon", "coordinates": [[[4106.464107692307, 20332.38033846153], [4075.704076923076, 20332.38033846153], [4044.944046153845, 20332.38033846153], [4014.1840153846147, 20332.38033846153], [3983.4239846153837, 20332.38033846153], [3952.663953846153, 20332.38033846153], [3921.903923076922, 20332.38033846153], [3891.143892307691, 20332.38033846153], [3860.3838615384607, 20332.38033846153], [3829.6238307692297, 20332.38033846153], [3798.863799999999, 20332.38033846153], [3768.103769230768, 20332.38033846153], [3737.3437384615377, 20332.38033846153], [3721.963723076922, 20317.000323076918], [3737.3437384615377, 20301.6203076923], [3768.103769230768, 20301.6203076923], [3798.863799999999, 20301.6203076923], [3829.6238307692297, 20301.6203076923], [3860.3838615384607, 20301.6203076923], [3875.763876923076, 20286.240292307688], [3891.143892307691, 20270.86027692307], [3921.903923076922, 20270.86027692307], [3937.2839384615377, 20255.480261538454], [3952.663953846153, 20240.10024615384], [3983.4239846153837, 20240.10024615384], [3998.803999999999, 20224.720230769224], [4014.1840153846147, 20209.34021538461], [4044.944046153845, 20209.34021538461], [4075.704076923076, 20209.34021538461], [4091.0840923076917, 20193.960199999994], [4106.464107692307, 20178.58018461538], [4137.224138461538, 20178.58018461538], [4167.984169230769, 20178.58018461538], [4183.364184615384, 20163.200169230764], [4198.744199999999, 20147.820153846147], [4214.124215384615, 20132.440138461534], [4229.50423076923, 20117.060123076917], [4244.884246153845, 20101.680107692304], [4260.264261538461, 20086.300092307687], [4275.644276923076, 20070.92007692307], [4291.024292307692, 20055.540061538457], [4321.784323076922, 20055.540061538457], [4352.544353846153, 20055.540061538457], [4383.304384615384, 20055.540061538457], [4398.684399999999, 20040.16004615384], [4414.064415384615, 20024.780030769227], [4444.824446153845, 20024.780030769227], [4460.204461538461, 20009.40001538461], [4475.584476923076, 19994.019999999993], [4506.344507692307, 19994.019999999993], [4537.104538461538, 19994.019999999993], [4552.484553846153, 19978.63998461538], [4567.864569230768, 19963.259969230763], [4583.244584615384, 19947.87995384615], [4598.624599999999, 19932.499938461533], [4629.38463076923, 19932.499938461533], [4660.144661538461, 19932.499938461533], [4675.524676923076, 19917.119923076916], [4690.904692307692, 19901.739907692303], [4721.664723076922, 19901.739907692303], [4752.424753846153, 19901.739907692303], [4783.184784615384, 19901.739907692303], [4798.564799999999, 19886.359892307686], [4813.944815384615, 19870.979876923073], [4844.704846153845, 19870.979876923073], [4875.464876923076, 19870.979876923073], [4890.844892307691, 19886.359892307686], [4875.464876923076, 19901.739907692303], [4860.084861538461, 19917.119923076916], [4844.704846153845, 19932.499938461533], [4829.32483076923, 19947.87995384615], [4813.944815384615, 19963.259969230763], [4798.564799999999, 19978.63998461538], [4783.184784615384, 19994.019999999993], [4767.804769230768, 20009.40001538461], [4752.424753846153, 20024.780030769227], [4737.044738461538, 20040.16004615384], [4721.664723076922, 20055.540061538457], [4706.284707692307, 20070.92007692307], [4690.904692307692, 20086.300092307687], [4660.144661538461, 20086.300092307687], [4644.764646153845, 20101.680107692304], [4629.38463076923, 20117.060123076917], [4614.004615384615, 20132.440138461534], [4598.624599999999, 20147.820153846147], [4567.864569230768, 20147.820153846147], [4552.484553846153, 20163.200169230764], [4537.104538461538, 20178.58018461538], [4521.724523076922, 20193.960199999994], [4506.344507692307, 20209.34021538461], [4475.584476923076, 20209.34021538461], [4460.204461538461, 20224.720230769224], [4444.824446153845, 20240.10024615384], [4414.064415384615, 20240.10024615384], [4398.684399999999, 20255.480261538454], [4383.304384615384, 20270.86027692307], [4352.544353846153, 20270.86027692307], [4321.784323076922, 20270.86027692307], [4306.404307692307, 20286.240292307688], [4291.024292307692, 20301.6203076923], [4260.264261538461, 20301.6203076923], [4229.50423076923, 20301.6203076923], [4198.744199999999, 20301.6203076923], [4167.984169230769, 20301.6203076923], [4137.224138461538, 20301.6203076923], [4121.844123076922, 20317.000323076918], [4106.464107692307, 20332.38033846153]]]}, "properties": {"objectType": "annotation", "name": "R1_3_T|deep", "classification": {"name": "deep", "color": [144, 133, 233]}, "lesion_id": 0, "section": "R1_3_T", "area_um2": 16849.999999999894, "lesion_ids": []}}, {"type": "Feature", "geometry": {"type": "Polygon", "coordinates": [[[3675.823676923076, 20270.86027692307], [3660.4436615384607, 20255.480261538454], [3645.063646153845, 20240.10024615384], [3614.3036153846147, 20240.10024615384], [3598.923599999999, 20255.480261538454], [3583.5435846153837, 20270.86027692307], [3568.163569230768, 20255.480261538454], [3552.783553846153, 20240.10024615384], [3537.4035384615377, 20255.480261538454], [3522.023523076922, 20270.86027692307], [3491.2634923076916, 20270.86027692307], [3460.5034615384607, 20270.86027692307], [3429.74343076923, 20270.86027692307], [3398.983399999999, 20270.86027692307], [3368.2233692307686, 20270.86027692307], [3352.843353846153, 20255.480261538454], [3337.4633384615377, 20240.10024615384], [3322.083323076922, 20255.480261538454], [3306.703307692307, 20270.86027692307], [3275.943276923076, 20270.86027692307], [3260.5632615384607, 20255.480261538454], [3245.183246153845, 20240.10024615384], [3229.80323076923, 20224.720230769224], [3214.4232153846147, 20209.34021538461], [3199.043199999999, 20193.960199999994], [3183.6631846153837, 20178.58018461538], [3168.2831692307686, 20163.200169230764], [3152.903153846153, 20147.820153846147], [3137.5231384615377, 20132.440138461534], [3137.5231384615377, 20101.680107692304], [3152.903153846153, 20086.300092307687], [3183.6631846153837, 20086.300092307687], [3214.4232153846147, 20086.300092307687], [3229.80323076923, 20070.92007692307], [3245.183246153845, 20055.540061538457], [3275.943276923076, 20055.540061538457], [3291.3232923076916, 20040.16004615384], [3306.703307692307, 20024.780030769227], [3337.4633384615377, 20024.780030769227], [3368.2233692307686, 20024.780030769227], [3398.983399999999, 20024.780030769227], [3429.74343076923, 20024.780030769227], [3460.5034615384607, 20024.780030769227], [3491.2634923076916, 20024.780030769227], [3522.023523076922, 20024.780030769227], [3537.4035384615377, 20009.40001538461], [3552.783553846153, 19994.019999999993], [3583.5435846153837, 19994.019999999993], [3614.3036153846147, 19994.019999999993], [3645.063646153845, 19994.019999999993], [3675.823676923076, 19994.019999999993], [3706.5837076923067, 19994.019999999993], [3737.3437384615377, 19994.019999999993], [3768.103769230768, 19994.019999999993], [3798.863799999999, 19994.019999999993], [3829.6238307692297, 19994.019999999993], [3845.003846153845, 20009.40001538461], [3860.3838615384607, 20024.780030769227], [3891.143892307691, 20024.780030769227], [3921.903923076922, 20024.780030769227], [3937.2839384615377, 20009.40001538461], [3952.663953846153, 19994.019999999993], [3983.4239846153837, 19994.019999999993], [4014.1840153846147, 19994.019999999993], [4044.944046153845, 19994.019999999993], [4075.704076923076, 19994.019999999993], [4106.464107692307, 19994.019999999993], [4121.844123076922, 19978.63998461538], [4137.224138461538, 19963.259969230763], [4167.984169230769, 19963.259969230763], [4198.744199999999, 19963.259969230763], [4214.124215384615, 19978.63998461538], [4214.124215384615, 20009.40001538461], [4214.124215384615, 20040.16004615384], [4198.744199999999, 20055.540061538457], [4183.364184615384, 20070.92007692307], [4167.984169230769, 20086.300092307687], [4152.604153846153, 20101.680107692304], [4137.224138461538, 20117.060123076917], [4106.464107692307, 20117.060123076917], [4075.704076923076, 20117.060123076917], [4060.3240615384607, 20132.440138461534], [4044.944046153845, 20147.820153846147], [4014.1840153846147, 20147.820153846147], [3983.4239846153837, 20147.820153846147], [3968.043969230768, 20163.200169230764], [3952.663953846153, 20178.58018461538], [3921.903923076922, 20178.58018461538], [3906.5239076923067, 20193.960199999994], [3891.143892307691, 20209.34021538461], [3860.3838615384607, 20209.34021538461], [3829.6238307692297, 20209.34021538461], [3814.2438153846147, 20224.720230769224], [3798.863799999999, 20240.10024615384], [3768.103769230768, 20240.10024615384], [3737.3437384615377, 20240.10024615384], [3706.5837076923067, 20240.10024615384], [3691.2036923076917, 20255.480261538454], [3675.823676923076, 20270.86027692307]]]}, "properties": {"objectType": "annotation", "name": "deep_14", "classification": {"name": "deep", "color": [144, 133, 233]}, "lesion_id": 14, "section": null, "area_um2": 22350.00000000001, "lesion_ids": [14]}}, {"type": "Feature", "geometry": {"type": "Polygon", "coordinates": [[[12011.792015384613, 23500.6635076923], [11981.031984615383, 23500.6635076923], [11965.651969230767, 23485.283492307684], [11950.271953846152, 23469.90347692307], [11919.511923076921, 23469.90347692307], [11888.75189230769, 23469.90347692307], [11873.371876923075, 23454.523461538454], [11857.99186153846, 23439.14344615384], [11827.23183076923, 23439.14344615384], [11811.851815384613, 23423.763430769224], [11796.471799999998, 23408.38341538461], [11781.091784615382, 23393.003399999994], [11765.711769230767, 23377.623384615377], [11734.951738461536, 23377.623384615377], [11719.57172307692, 23362.243369230764], [11704.191707692305, 23346.863353846147], [11688.81169230769, 23331.483338461534], [11673.431676923075, 23316.103323076917], [11658.05166153846, 23300.7233076923], [11642.671646153844, 23285.343292307687], [11611.911615384613, 23285.343292307687], [11596.531599999998, 23269.96327692307], [11581.151584615383, 23254.583261538457], [11565.771569230767, 23239.20324615384], [11550.391553846152, 23223.823230769223], [11535.011538461536, 23208.44321538461], [11535.011538461536, 23177.68318461538], [11519.631523076921, 23162.303169230763], [11504.251507692306, 23146.923153846146], [11488.87149230769, 23131.543138461533], [11473.491476923075, 23116.163123076916], [11458.11146153846, 23100.783107692303], [11442.731446153844, 23085.403092307686], [11442.731446153844, 23054.643061538456], [11427.35143076923, 23039.26304615384], [11411.971415384613, 23023.883030769226], [11396.591399999998, 23008.50301538461], [11381.211384615382, 22993.122999999992], [11381.211384615382, 22962.362969230762], [11365.831369230767, 22946.98295384615], [11350.451353846152, 22931.602938461532], [11350.451353846152, 22900.842907692302], [11335.071338461537, 22885.462892307685], [11319.69132307692, 22870.082876923072], [11319.69132307692, 22839.32284615384], [11319.69132307692, 22808.56281538461], [11304.311307692305, 22793.182799999995], [11288.93129230769, 22777.80278461538], [11288.93129230769, 22747.042753846148], [11288.93129230769, 22716.282723076918], [11288.93129230769, 22685.522692307688], [11273.551276923075, 22670.14267692307], [11258.17126153846, 22654.762661538454], [11258.17126153846, 22624.002630769224], [11258.17126153846, 22593.242599999994], [11258.17126153846, 22562.482569230764], [11242.791246153844, 22547.102553846147], [11227.411230769228, 22531.722538461534], [11227.411230769228, 22500.9625076923], [11227.411230769228, 22470.20247692307], [11227.411230769228, 22439.44244615384], [11227.411230769228, 22408.68241538461], [11227.411230769228, 22377.92238461538], [11227.411230769228, 22347.162353846146], [11227.411230769228, 22316.402323076916], [11227.411230769228, 22285.642292307686], [11227.411230769228, 22254.882261538456], [11212.031215384613, 22239.50224615384], [11196.651199999998, 22224.122230769226], [11196.651199999998, 22193.362199999992], [11196.651199999998, 22162.602169230762], [11196.651199999998, 22131.842138461532], [11196.651199999998, 22101.082107692302], [11196.651199999998, 22070.322076923072], [11196.651199999998, 22039.562046153842], [11196.651199999998, 22008.80201538461], [11196.651199999998, 21978.041984615378], [11196.651199999998, 21947.281953846148], [11196.651199999998, 21916.521923076918], [11196.651199999998, 21885.761892307688], [11196.651199999998, 21855.001861538454], [11196.651199999998, 21824.241830769224], [11212.031215384613, 21808.86181538461], [11227.411230769228, 21793.481799999994], [11227.411230769228, 21762.721769230764], [11227.411230769228, 21731.961738461534], [11227.411230769228, 21701.2017076923], [11242.791246153844, 21685.821692307687], [11258.17126153846, 21670.44167692307], [11258.17126153846, 21639.68164615384], [11258.17126153846, 21608.92161538461], [11258.17126153846, 21578.16158461538], [11273.551276923075, 21562.781569230763], [11288.93129230769, 21547.401553846146], [11288.93129230769, 21516.641523076916], [11288.93129230769, 21485.881492307686], [11288.93129230769, 21455.121461538456], [11304.311307692305, 21439.74144615384], [11319.69132307692, 21424.361430769226], [11319.69132307692, 21393.601399999996], [11319.69132307692, 21362.841369230762], [11335.071338461537, 21347.46135384615], [11350.451353846152, 21332.081338461532], [11350.451353846152, 21301.321307692302], [11335.071338461537, 21285.941292307685], [11319.69132307692, 21270.561276923072], [11319.69132307692, 21239.801246153842], [11304.311307692305, 21224.421230769225], [11288.93129230769, 21209.04121538461], [11288.93129230769, 21178.281184615378], [11288.93129230769, 21147.521153846148], [11273.551276923075, 21132.14113846153], [11258.17126153846, 21116.761123076918], [11258.17126153846, 21086.001092307688], [11258.17126153846, 21055.241061538454], [11258.17126153846, 21024.481030769224], [11242.791246153844, 21009.10101538461], [11227.411230769228, 20993.720999999994], [11227.411230769228, 20962.960969230764], [11227.411230769228, 20932.200938461534], [11227.411230769228, 20901.4409076923], [11227.411230769228, 20870.68087692307], [11227.411230769228, 20839.92084615384], [11227.411230769228, 20809.16081538461], [11227.411230769228, 20778.40078461538], [11227.411230769228, 20747.64075384615], [11227.411230769228, 20716.880723076916], [11227.411230769228, 20686.120692307686], [11227.411230769228, 20655.360661538456], [11227.411230769228, 20624.600630769226], [11227.411230769228, 20593.840599999996], [11227.411230769228, 20563.080569230762], [11242.791246153844, 20547.70055384615], [11258.17126153846, 20532.320538461532], [11258.17126153846, 20501.560507692302], [11258.17126153846, 20470.800476923072], [11258.17126153846, 20440.040446153842], [11273.551276923075, 20424.660430769225], [11288.93129230769, 20409.28041538461], [11288.93129230769, 20378.520384615378], [11288.93129230769, 20347.760353846148], [11304.311307692305, 20332.38033846153], [11319.69132307692, 20317.000323076918], [11319.69132307692, 20286.240292307688], [11335.071338461537, 20270.86027692307], [11350.451353846152, 20255.480261538454], [11365.831369230767, 20240.10024615384], [11381.211384615382, 20224.720230769224], [11381.211384615382, 20193.960199999994], [11396.591399999998, 20178.58018461538], [11411.971415384613, 20163.200169230764], [11427.35143076923, 20147.820153846147], [11442.731446153844, 20132.440138461534], [11458.11146153846, 20117.060123076917], [11473.491476923075, 20101.680107692304], [11473.491476923075, 20070.92007692307], [11488.87149230769, 20055.540061538457], [11504.251507692306, 20040.16004615384], [11519.631523076921, 20024.780030769227], [11535.011538461536, 20009.40001538461], [11550.391553846152, 19994.019999999993], [11565.771569230767, 20009.40001538461], [11581.151584615383, 20024.780030769227], [11611.911615384613, 20024.780030769227], [11642.671646153844, 20024.780030769227], [11673.431676923075, 20024.780030769227], [11704.191707692305, 20024.780030769227], [11719.57172307692, 20009.40001538461], [11734.951738461536, 19994.019999999993], [11750.331753846152, 20009.40001538461], [11765.711769230767, 20024.780030769227], [11781.091784615382, 20040.16004615384], [11781.091784615382, 20070.92007692307], [11796.471799999998, 20086.300092307687], [11811.851815384613, 20101.680107692304], [11827.23183076923, 20117.060123076917], [11842.611846153844, 20132.440138461534], [11857.99186153846, 20147.820153846147], [11873.371876923075, 20163.200169230764], [11888.75189230769, 20178.58018461538], [11919.511923076921, 20178.58018461538], [11950.271953846152, 20178.58018461538], [11981.031984615383, 20178.58018461538], [12011.792015384613, 20178.58018461538], [12027.172030769229, 20163.200169230764], [12027.172030769229, 20132.440138461534], [12042.552046153844, 20117.060123076917], [12073.312076923075, 20117.060123076917], [12088.69209230769, 20132.440138461534], [12104.072107692306, 20147.820153846147], [12134.832138461536, 20147.820153846147], [12150.212153846152, 20163.200169230764], [12134.832138461536, 20178.58018461538], [12104.072107692306, 20178.58018461538], [12088.69209230769, 20193.960199999994], [12073.312076923075, 20209.34021538461], [12042.552046153844, 20209.34021538461], [12011.792015384613, 20209.34021538461], [11996.411999999998, 20224.720230769224], [11981.031984615383, 20240.10024615384], [11950.271953846152, 20240.10024615384], [11934.891938461536, 20255.480261538454], [11919.511923076921, 20270.86027692307], [11904.131907692306, 20286.240292307688], [11888.75189230769, 20301.6203076923], [11857.99186153846, 20301.6203076923], [11842.611846153844, 20317.000323076918], [11827.23183076923, 20332.38033846153], [11811.851815384613, 20347.760353846148], [11796.471799999998, 20363.140369230765], [11781.091784615382, 20378.520384615378], [11781.091784615382, 20409.28041538461], [11765.711769230767, 20424.660430769225], [11750.331753846152, 20440.040446153842], [11734.951738461536, 20455.420461538455], [11719.57172307692, 20470.800476923072], [11719.57172307692, 20501.560507692302], [11704.191707692305, 20516.94052307692], [11688.81169230769, 20532.320538461532], [11688.81169230769, 20563.080569230762], [11688.81169230769, 20593.840599999996], [11673.431676923075, 20609.22061538461], [11658.05166153846, 20624.600630769226], [11658.05166153846, 20655.360661538456], [11658.05166153846, 20686.120692307686], [11658.05166153846, 20716.880723076916], [11658.05166153846, 20747.64075384615], [11658.05166153846, 20778.40078461538], [11658.05166153846, 20809.16081538461], [11658.05166153846, 20839.92084615384], [11658.05166153846, 20870.68087692307], [11658.05166153846, 20901.4409076923], [11658.05166153846, 20932.200938461534], [11673.431676923075, 20947.580953846147], [11688.81169230769, 20962.960969230764], [11688.81169230769, 20993.720999999994], [11688.81169230769, 21024.481030769224], [11704.191707692305, 21039.86104615384], [11719.57172307692, 21055.241061538454], [11719.57172307692, 21086.001092307688], [11734.951738461536, 21101.3811076923], [11750.331753846152, 21116.761123076918], [11765.711769230767, 21132.14113846153], [11781.091784615382, 21147.521153846148], [11781.091784615382, 21178.281184615378], [11796.471799999998, 21193.661199999995], [11811.851815384613, 21209.04121538461], [11827.23183076923, 21224.421230769225], [11842.611846153844, 21239.801246153842], [11857.99186153846, 21255.181261538455], [11873.371876923075, 21270.561276923072], [11873.371876923075, 21301.321307692302], [11857.99186153846, 21316.70132307692], [11842.611846153844, 21332.081338461532], [11827.23183076923, 21347.46135384615], [11811.851815384613, 21362.841369230762], [11811.851815384613, 21393.601399999996], [11796.471799999998, 21408.98141538461], [11781.091784615382, 21424.361430769226], [11781.091784615382, 21455.121461538456], [11765.711769230767, 21470.501476923073], [11750.331753846152, 21485.881492307686], [11750.331753846152, 21516.641523076916], [11734.951738461536, 21532.021538461533], [11719.57172307692, 21547.401553846146], [11719.57172307692, 21578.16158461538], [11719.57172307692, 21608.92161538461], [11704.191707692305, 21624.301630769223], [11688.81169230769, 21639.68164615384], [11688.81169230769, 21670.44167692307], [11688.81169230769, 21701.2017076923], [11688.81169230769, 21731.961738461534], [11673.431676923075, 21747.341753846147], [11658.05166153846, 21762.721769230764], [11658.05166153846, 21793.481799999994], [11658.05166153846, 21824.241830769224], [11658.05166153846, 21855.001861538454], [11642.671646153844, 21870.38187692307], [11627.291630769229, 21885.761892307688], [11627.291630769229, 21916.521923076918], [11627.291630769229, 21947.281953846148], [11627.291630769229, 21978.041984615378], [11627.291630769229, 22008.80201538461], [11627.291630769229, 22039.562046153842], [11627.291630769229, 22070.322076923072], [11627.291630769229, 22101.082107692302], [11627.291630769229, 22131.842138461532], [11627.291630769229, 22162.602169230762], [11642.671646153844, 22177.98218461538], [11658.05166153846, 22193.362199999992], [11658.05166153846, 22224.122230769226], [11658.05166153846, 22254.882261538456], [11658.05166153846, 22285.642292307686], [11658.05166153846, 22316.402323076916], [11658.05166153846, 22347.162353846146], [11658.05166153846, 22377.92238461538], [11658.05166153846, 22408.68241538461], [11658.05166153846, 22439.44244615384], [11658.05166153846, 22470.20247692307], [11673.431676923075, 22485.582492307687], [11688.81169230769, 22500.9625076923], [11688.81169230769, 22531.722538461534], [11688.81169230769, 22562.482569230764], [11688.81169230769, 22593.242599999994], [11704.191707692305, 22608.62261538461], [11719.57172307692, 22624.002630769224], [11719.57172307692, 22654.762661538454], [11719.57172307692, 22685.522692307688], [11734.951738461536, 22700.9027076923], [11750.331753846152, 22716.282723076918], [11750.331753846152, 22747.042753846148], [11765.711769230767, 22762.422769230765], [11781.091784615382, 22777.80278461538], [11781.091784615382, 22808.56281538461], [11796.471799999998, 22823.942830769225], [11811.851815384613, 22839.32284615384], [11827.23183076923, 22854.702861538455], [11842.611846153844, 22870.082876923072], [11842.611846153844, 22900.842907692302], [11857.99186153846, 22916.222923076915], [11873.371876923075, 22931.602938461532], [11888.75189230769, 22946.98295384615], [11904.131907692306, 22962.362969230762], [11919.511923076921, 22977.74298461538], [11950.271953846152, 22977.74298461538], [11965.651969230767, 22993.122999999992], [11981.031984615383, 23008.50301538461], [11996.411999999998, 23023.883030769226], [12011.792015384613, 23039.26304615384], [12042.552046153844, 23039.26304615384], [12057.932061538459, 23054.643061538456], [12073.312076923075, 23070.02307692307], [12104.072107692306, 23070.02307692307], [12134.832138461536, 23070.02307692307], [12150.212153846152, 23085.403092307686], [12165.592169230767, 23100.783107692303], [12196.352199999998, 23100.783107692303], [12227.11223076923, 23100.783107692303], [12257.87226153846, 23100.783107692303], [12288.63229230769, 23100.783107692303], [12319.392323076921, 23100.783107692303], [12334.772338461536, 23116.163123076916], [12334.772338461536, 23146.923153846146], [12334.772338461536, 23177.68318461538], [12334.772338461536, 23208.44321538461], [12319.392323076921, 23223.823230769223], [12304.012307692306, 23239.20324615384], [12304.012307692306, 23269.96327692307], [12304.012307692306, 23300.7233076923], [12288.63229230769, 23316.103323076917], [12273.252276923075, 23331.483338461534], [12273.252276923075, 23362.243369230764], [12257.87226153846, 23377.623384615377], [12227.11223076923, 23377.623384615377], [12211.732215384613, 23393.003399999994], [12196.352199999998, 23408.38341538461], [12165.592169230767, 23408.38341538461], [12150.212153846152, 23423.763430769224], [12134.832138461536, 23439.14344615384], [12104.072107692306, 23439.14344615384], [12088.69209230769, 23454.523461538454], [12073.312076923075, 23469.90347692307], [12042.552046153844, 23469.90347692307], [12027.172030769229, 23485.283492307684], [12011.792015384613, 23500.6635076923]]]}, "properties": {"objectType": "annotation", "name": "P2_3_L|deep", "classification": {"name": "deep", "color": [144, 133, 233]}, "lesion_id": 0, "section": "P2_3_L", "area_um2": 177150.0000000003, "lesion_ids": [17, 18]}}, {"type": "Feature", "geometry": {"type": "Polygon", "coordinates": [[[7428.547430769229, 21562.781569230763], [7397.787399999999, 21562.781569230763], [7382.407384615383, 21547.401553846146], [7367.027369230768, 21532.021538461533], [7351.647353846152, 21516.641523076916], [7336.267338461537, 21501.261507692303], [7320.887323076922, 21485.881492307686], [7305.507307692306, 21470.501476923073], [7290.127292307691, 21455.121461538456], [7274.747276923076, 21439.74144615384], [7259.36726153846, 21424.361430769226], [7243.987246153845, 21408.98141538461], [7228.607230769229, 21393.601399999996], [7213.227215384614, 21378.22138461538], [7197.847199999999, 21362.841369230762], [7197.847199999999, 21332.081338461532], [7182.467184615383, 21316.70132307692], [7167.087169230768, 21301.321307692302], [7151.707153846152, 21285.941292307685], [7136.327138461537, 21270.561276923072], [7136.327138461537, 21239.801246153842], [7120.947123076922, 21224.421230769225], [7105.567107692306, 21209.04121538461], [7105.567107692306, 21178.281184615378], [7090.187092307691, 21162.901169230765], [7074.807076923076, 21147.521153846148], [7074.807076923076, 21116.761123076918], [7074.807076923076, 21086.001092307688], [7059.42706153846, 21070.62107692307], [7044.047046153845, 21055.241061538454], [7044.047046153845, 21024.481030769224], [7044.047046153845, 20993.720999999994], [7044.047046153845, 20962.960969230764], [7044.047046153845, 20932.200938461534], [7044.047046153845, 20901.4409076923], [7044.047046153845, 20870.68087692307], [7044.047046153845, 20839.92084615384], [7044.047046153845, 20809.16081538461], [7044.047046153845, 20778.40078461538], [7044.047046153845, 20747.64075384615], [7044.047046153845, 20716.880723076916], [7044.047046153845, 20686.120692307686], [7044.047046153845, 20655.360661538456], [7044.047046153845, 20624.600630769226], [7044.047046153845, 20593.840599999996], [7059.42706153846, 20578.46058461538], [7074.807076923076, 20563.080569230762], [7074.807076923076, 20532.320538461532], [7074.807076923076, 20501.560507692302], [7090.187092307691, 20486.180492307685], [7105.567107692306, 20470.800476923072], [7105.567107692306, 20440.040446153842], [7120.947123076922, 20424.660430769225], [7136.327138461537, 20409.28041538461], [7136.327138461537, 20378.520384615378], [7151.707153846152, 20363.140369230765], [7167.087169230768, 20347.760353846148], [7167.087169230768, 20317.000323076918], [7182.467184615383, 20301.6203076923], [7197.847199999999, 20286.240292307688], [7213.227215384614, 20270.86027692307], [7228.607230769229, 20255.480261538454], [7228.607230769229, 20224.720230769224], [7243.987246153845, 20209.34021538461], [7259.36726153846, 20193.960199999994], [7274.747276923076, 20178.58018461538], [7290.127292307691, 20163.200169230764], [7305.507307692306, 20147.820153846147], [7320.887323076922, 20132.440138461534], [7336.267338461537, 20117.060123076917], [7351.647353846152, 20101.680107692304], [7367.027369230768, 20086.300092307687], [7382.407384615383, 20070.92007692307], [7397.787399999999, 20055.540061538457], [7428.547430769229, 20055.540061538457], [7443.927446153845, 20070.92007692307], [7443.927446153845, 20101.680107692304], [7443.927446153845, 20132.440138461534], [7443.927446153845, 20163.200169230764], [7443.927446153845, 20193.960199999994], [7459.30746153846, 20209.34021538461], [7474.687476923075, 20224.720230769224], [7474.687476923075, 20255.480261538454], [7474.687476923075, 20286.240292307688], [7490.067492307691, 20301.6203076923], [7505.447507692306, 20317.000323076918], [7505.447507692306, 20347.760353846148], [7505.447507692306, 20378.520384615378], [7505.447507692306, 20409.28041538461], [7520.827523076922, 20424.660430769225], [7536.207538461537, 20440.040446153842], [7536.207538461537, 20470.800476923072], [7536.207538461537, 20501.560507692302], [7520.827523076922, 20516.94052307692], [7505.447507692306, 20532.320538461532], [7505.447507692306, 20563.080569230762], [7490.067492307691, 20578.46058461538], [7474.687476923075, 20593.840599999996], [7474.687476923075, 20624.600630769226], [7459.30746153846, 20639.98064615384], [7443.927446153845, 20655.360661538456], [7443.927446153845, 20686.120692307686], [7443.927446153845, 20716.880723076916], [7443.927446153845, 20747.64075384615], [7443.927446153845, 20778.40078461538], [7443.927446153845, 20809.16081538461], [7443.927446153845, 20839.92084615384], [7443.927446153845, 20870.68087692307], [7443.927446153845, 20901.4409076923], [7443.927446153845, 20932.200938461534], [7443.927446153845, 20962.960969230764], [7443.927446153845, 20993.720999999994], [7459.30746153846, 21009.10101538461], [7474.687476923075, 21024.481030769224], [7474.687476923075, 21055.241061538454], [7490.067492307691, 21070.62107692307], [7505.447507692306, 21086.001092307688], [7505.447507692306, 21116.761123076918], [7520.827523076922, 21132.14113846153], [7536.207538461537, 21147.521153846148], [7551.587553846152, 21162.901169230765], [7566.967569230768, 21178.281184615378], [7566.967569230768, 21209.04121538461], [7551.587553846152, 21224.421230769225], [7536.207538461537, 21239.801246153842], [7536.207538461537, 21270.561276923072], [7536.207538461537, 21301.321307692302], [7520.827523076922, 21316.70132307692], [7505.447507692306, 21332.081338461532], [7505.447507692306, 21362.841369230762], [7505.447507692306, 21393.601399999996], [7490.067492307691, 21408.98141538461], [7474.687476923075, 21424.361430769226], [7474.687476923075, 21455.121461538456], [7474.687476923075, 21485.881492307686], [7459.30746153846, 21501.261507692303], [7443.927446153845, 21516.641523076916], [7443.927446153845, 21547.401553846146], [7428.547430769229, 21562.781569230763]]]}, "properties": {"objectType": "annotation", "name": "R1_3_T|deep_16", "classification": {"name": "deep", "color": [144, 133, 233]}, "lesion_id": 16, "section": "R1_3_T", "area_um2": 53650.00000000001, "lesion_ids": [16]}}, {"type": "Feature", "geometry": {"type": "Polygon", "coordinates": [[[7582.347584615383, 21439.74144615384], [7566.967569230768, 21424.361430769226], [7566.967569230768, 21393.601399999996], [7566.967569230768, 21362.841369230762], [7582.347584615383, 21347.46135384615], [7597.727599999999, 21332.081338461532], [7613.107615384614, 21316.70132307692], [7628.487630769229, 21332.081338461532], [7628.487630769229, 21362.841369230762], [7613.107615384614, 21378.22138461538], [7597.727599999999, 21393.601399999996], [7597.727599999999, 21424.361430769226], [7582.347584615383, 21439.74144615384]]]}, "properties": {"objectType": "annotation", "name": "deep", "classification": {"name": "deep", "color": [144, 133, 233]}, "lesion_id": 0, "section": null, "area_um2": 449.99999999999744, "lesion_ids": []}}, {"type": "Feature", "geometry": {"type": "Polygon", "coordinates": [[[7090.187092307691, 24269.66427692307], [7074.807076923076, 24254.284261538454], [7059.42706153846, 24238.90424615384], [7044.047046153845, 24223.524230769224], [7044.047046153845, 24192.764199999994], [7044.047046153845, 24162.004169230764], [7044.047046153845, 24131.24413846153], [7044.047046153845, 24100.4841076923], [7044.047046153845, 24069.72407692307], [7044.047046153845, 24038.96404615384], [7059.42706153846, 24023.584030769223], [7074.807076923076, 24008.20401538461], [7074.807076923076, 23977.44398461538], [7074.807076923076, 23946.683953846146], [7090.187092307691, 23931.303938461533], [7105.567107692306, 23915.923923076916], [7105.567107692306, 23885.163892307686], [7105.567107692306, 23854.403861538456], [7105.567107692306, 23823.643830769226], [7105.567107692306, 23792.883799999992], [7105.567107692306, 23762.123769230762], [7105.567107692306, 23731.363738461532], [7105.567107692306, 23700.603707692302], [7105.567107692306, 23669.843676923072], [7120.947123076922, 23654.463661538455], [7136.327138461537, 23639.08364615384], [7136.327138461537, 23608.32361538461], [7136.327138461537, 23577.56358461538], [7136.327138461537, 23546.803553846148], [7136.327138461537, 23516.043523076918], [7136.327138461537, 23485.283492307684], [7136.327138461537, 23454.523461538454], [7136.327138461537, 23423.763430769224], [7136.327138461537, 23393.003399999994], [7136.327138461537, 23362.243369230764], [7136.327138461537, 23331.483338461534], [7151.707153846152, 23316.103323076917], [7182.467184615383, 23316.103323076917], [7197.847199999999, 23300.7233076923], [7213.227215384614, 23285.343292307687], [7243.987246153845, 23285.343292307687], [7259.36726153846, 23269.96327692307], [7243.987246153845, 23254.583261538457], [7228.607230769229, 23239.20324615384], [7213.227215384614, 23223.823230769223], [7197.847199999999, 23208.44321538461], [7197.847199999999, 23177.68318461538], [7197.847199999999, 23146.923153846146], [7197.847199999999, 23116.163123076916], [7197.847199999999, 23085.403092307686], [7197.847199999999, 23054.643061538456], [7197.847199999999, 23023.883030769226], [7197.847199999999, 22993.122999999992], [7197.847199999999, 22962.362969230762], [7197.847199999999, 22931.602938461532], [7197.847199999999, 22900.842907692302], [7197.847199999999, 22870.082876923072], [7197.847199999999, 22839.32284615384], [7182.467184615383, 22823.942830769225], [7167.087169230768, 22839.32284615384], [7167.087169230768, 22870.082876923072], [7151.707153846152, 22885.462892307685], [7136.327138461537, 22900.842907692302], [7120.947123076922, 22916.222923076915], [7105.567107692306, 22931.602938461532], [7105.567107692306, 22962.362969230762], [7090.187092307691, 22977.74298461538], [7074.807076923076, 22993.122999999992], [7074.807076923076, 23023.883030769226], [7059.42706153846, 23039.26304615384], [7044.047046153845, 23023.883030769226], [7028.667030769229, 23008.50301538461], [7013.287015384614, 22993.122999999992], [7013.287015384614, 22962.362969230762], [6997.906999999999, 22946.98295384615], [6982.526984615383, 22931.602938461532], [6967.146969230768, 22916.222923076915], [6951.766953846153, 22900.842907692302], [6951.766953846153, 22870.082876923072], [6951.766953846153, 22839.32284615384], [6951.766953846153, 22808.56281538461], [6951.766953846153, 22777.80278461538], [6951.766953846153, 22747.042753846148], [6967.146969230768, 22731.66273846153], [6982.526984615383, 22716.282723076918], [6997.906999999999, 22700.9027076923], [7013.287015384614, 22685.522692307688], [7013.287015384614, 22654.762661538454], [7013.287015384614, 22624.002630769224], [7013.287015384614, 22593.242599999994], [7028.667030769229, 22577.862584615377], [7044.047046153845, 22562.482569230764], [7044.047046153845, 22531.722538461534], [7059.42706153846, 22516.342523076917], [7074.807076923076, 22500.9625076923], [7074.807076923076, 22470.20247692307], [7074.807076923076, 22439.44244615384], [7090.187092307691, 22424.062430769223], [7105.567107692306, 22408.68241538461], [7105.567107692306, 22377.92238461538], [7120.947123076922, 22362.542369230763], [7136.327138461537, 22347.162353846146], [7136.327138461537, 22316.402323076916], [7151.707153846152, 22301.022307692303], [7182.467184615383, 22301.022307692303], [7197.847199999999, 22285.642292307686], [7197.847199999999, 22254.882261538456], [7197.847199999999, 22224.122230769226], [7213.227215384614, 22208.74221538461], [7228.607230769229, 22193.362199999992], [7228.607230769229, 22162.602169230762], [7243.987246153845, 22147.22215384615], [7259.36726153846, 22131.842138461532], [7274.747276923076, 22116.46212307692], [7290.127292307691, 22101.082107692302], [7290.127292307691, 22070.322076923072], [7305.507307692306, 22054.942061538455], [7320.887323076922, 22039.562046153842], [7336.267338461537, 22024.182030769225], [7351.647353846152, 22008.80201538461], [7367.027369230768, 21993.421999999995], [7382.407384615383, 21978.041984615378], [7382.407384615383, 21947.281953846148], [7382.407384615383, 21916.521923076918], [7397.787399999999, 21901.1419076923], [7413.167415384614, 21885.761892307688], [7413.167415384614, 21855.001861538454], [7413.167415384614, 21824.241830769224], [7413.167415384614, 21793.481799999994], [7413.167415384614, 21762.721769230764], [7428.547430769229, 21747.341753846147], [7443.927446153845, 21731.961738461534], [7459.30746153846, 21716.581723076917], [7474.687476923075, 21701.2017076923], [7490.067492307691, 21685.821692307687], [7505.447507692306, 21670.44167692307], [7505.447507692306, 21639.68164615384], [7505.447507692306, 21608.92161538461], [7505.447507692306, 21578.16158461538], [7505.447507692306, 21547.401553846146], [7520.827523076922, 21532.021538461533], [7536.207538461537, 21547.401553846146], [7536.207538461537, 21578.16158461538], [7536.207538461537, 21608.92161538461], [7536.207538461537, 21639.68164615384], [7536.207538461537, 21670.44167692307], [7551.587553846152, 21685.821692307687], [7566.967569230768, 21701.2017076923], [7566.967569230768, 21731.961738461534], [7582.347584615383, 21747.341753846147], [7597.727599999999, 21762.721769230764], [7582.347584615383, 21778.101784615377], [7566.967569230768, 21793.481799999994], [7566.967569230768, 21824.241830769224], [7566.967569230768, 21855.001861538454], [7566.967569230768, 21885.761892307688], [7566.967569230768, 21916.521923076918], [7566.967569230768, 21947.281953846148], [7551.587553846152, 21962.661969230765], [7520.827523076922, 21962.661969230765], [7505.447507692306, 21978.041984615378], [7490.067492307691, 21993.421999999995], [7474.687476923075, 22008.80201538461], [7459.30746153846, 22024.182030769225], [7443.927446153845, 22039.562046153842], [7443.927446153845, 22070.322076923072], [7428.547430769229, 22085.702092307685], [7413.167415384614, 22101.082107692302], [7413.167415384614, 22131.842138461532], [7397.787399999999, 22147.22215384615], [7382.407384615383, 22162.602169230762], [7382.407384615383, 22193.362199999992], [7382.407384615383, 22224.122230769226], [7382.407384615383, 22254.882261538456], [7382.407384615383, 22285.642292307686], [7367.027369230768, 22301.022307692303], [7351.647353846152, 22316.402323076916], [7351.647353846152, 22347.162353846146], [7351.647353846152, 22377.92238461538], [7351.647353846152, 22408.68241538461], [7351.647353846152, 22439.44244615384], [7351.647353846152, 22470.20247692307], [7336.267338461537, 22485.582492307687], [7320.887323076922, 22500.9625076923], [7336.267338461537, 22516.342523076917], [7351.647353846152, 22531.722538461534], [7351.647353846152, 22562.482569230764], [7351.647353846152, 22593.242599999994], [7351.647353846152, 22624.002630769224], [7351.647353846152, 22654.762661538454], [7367.027369230768, 22670.14267692307], [7382.407384615383, 22685.522692307688], [7382.407384615383, 22716.282723076918], [7397.787399999999, 22731.66273846153], [7413.167415384614, 22747.042753846148], [7413.167415384614, 22777.80278461538], [7428.547430769229, 22793.182799999995], [7443.927446153845, 22808.56281538461], [7459.30746153846, 22823.942830769225], [7474.687476923075, 22839.32284615384], [7474.687476923075, 22870.082876923072], [7474.687476923075, 22900.842907692302], [7474.687476923075, 22931.602938461532], [7490.067492307691, 22946.98295384615], [7505.447507692306, 22962.362969230762], [7505.447507692306, 22993.122999999992], [7490.067492307691, 23008.50301538461], [7474.687476923075, 23023.883030769226], [7474.687476923075, 23054.643061538456], [7474.687476923075, 23085.403092307686], [7474.687476923075, 23116.163123076916], [7474.687476923075, 23146.923153846146], [7459.30746153846, 23162.303169230763], [7443.927446153845, 23177.68318461538], [7443.927446153845, 23208.44321538461], [7443.927446153845, 23239.20324615384], [7428.547430769229, 23254.583261538457], [7413.167415384614, 23269.96327692307], [7413.167415384614, 23300.7233076923], [7413.167415384614, 23331.483338461534], [7397.787399999999, 23346.863353846147], [7382.407384615383, 23362.243369230764], [7382.407384615383, 23393.003399999994], [7397.787399999999, 23408.38341538461], [7413.167415384614, 23423.763430769224], [7413.167415384614, 23454.523461538454], [7397.787399999999, 23469.90347692307], [7382.407384615383, 23485.283492307684], [7382.407384615383, 23516.043523076918], [7382.407384615383, 23546.803553846148], [7367.027369230768, 23562.18356923076], [7351.647353846152, 23577.56358461538], [7367.027369230768, 23592.943599999995], [7382.407384615383, 23608.32361538461], [7382.407384615383, 23639.08364615384], [7367.027369230768, 23654.463661538455], [7351.647353846152, 23669.843676923072], [7351.647353846152, 23700.603707692302], [7336.267338461537, 23715.983723076915], [7320.887323076922, 23731.363738461532], [7336.267338461537, 23746.74375384615], [7351.647353846152, 23762.123769230762], [7336.267338461537, 23777.50378461538], [7320.887323076922, 23792.883799999992], [7305.507307692306, 23808.26381538461], [7290.127292307691, 23823.643830769226], [7274.747276923076, 23839.02384615384], [7259.36726153846, 23854.403861538456], [7259.36726153846, 23885.163892307686], [7243.987246153845, 23900.543907692303], [7228.607230769229, 23915.923923076916], [7228.607230769229, 23946.683953846146], [7213.227215384614, 23962.063969230763], [7197.847199999999, 23977.44398461538], [7182.467184615383, 23992.823999999993], [7167.087169230768, 24008.20401538461], [7167.087169230768, 24038.96404615384], [7151.707153846152, 24054.344061538457], [7136.327138461537, 24069.72407692307], [7136.327138461537, 24100.4841076923], [7120.947123076922, 24115.864123076917], [7105.567107692306, 24131.24413846153], [7105.567107692306, 24162.004169230764], [7105.567107692306, 24192.764199999994], [7105.567107692306, 24223.524230769224], [7105.567107692306, 24254.284261538454], [7090.187092307691, 24269.66427692307]]]}, "properties": {"objectType": "annotation", "name": "R1_3_T|deep", "classification": {"name": "deep", "color": [144, 133, 233]}, "lesion_id": 0, "section": "R1_3_T", "area_um2": 62849.999999999956, "lesion_ids": [19, 21]}}, {"type": "Feature", "geometry": {"type": "Polygon", "coordinates": [[[7028.667030769229, 22362.542369230763], [7013.287015384614, 22347.162353846146], [7013.287015384614, 22316.402323076916], [7028.667030769229, 22301.022307692303], [7044.047046153845, 22285.642292307686], [7044.047046153845, 22254.882261538456], [7044.047046153845, 22224.122230769226], [7044.047046153845, 22193.362199999992], [7044.047046153845, 22162.602169230762], [7044.047046153845, 22131.842138461532], [7059.42706153846, 22116.46212307692], [7074.807076923076, 22101.082107692302], [7074.807076923076, 22070.322076923072], [7074.807076923076, 22039.562046153842], [7090.187092307691, 22024.182030769225], [7105.567107692306, 22008.80201538461], [7105.567107692306, 21978.041984615378], [7120.947123076922, 21962.661969230765], [7136.327138461537, 21947.281953846148], [7136.327138461537, 21916.521923076918], [7151.707153846152, 21901.1419076923], [7167.087169230768, 21885.761892307688], [7182.467184615383, 21870.38187692307], [7197.847199999999, 21855.001861538454], [7197.847199999999, 21824.241830769224], [7213.227215384614, 21808.86181538461], [7228.607230769229, 21793.481799999994], [7243.987246153845, 21778.101784615377], [7259.36726153846, 21762.721769230764], [7274.747276923076, 21747.341753846147], [7290.127292307691, 21731.961738461534], [7305.507307692306, 21716.581723076917], [7320.887323076922, 21701.2017076923], [7336.267338461537, 21685.821692307687], [7351.647353846152, 21701.2017076923], [7351.647353846152, 21731.961738461534], [7351.647353846152, 21762.721769230764], [7351.647353846152, 21793.481799999994], [7351.647353846152, 21824.241830769224], [7336.267338461537, 21839.62184615384], [7320.887323076922, 21855.001861538454], [7320.887323076922, 21885.761892307688], [7305.507307692306, 21901.1419076923], [7290.127292307691, 21916.521923076918], [7290.127292307691, 21947.281953846148], [7274.747276923076, 21962.661969230765], [7259.36726153846, 21978.041984615378], [7243.987246153845, 21993.421999999995], [7228.607230769229, 22008.80201538461], [7213.227215384614, 22024.182030769225], [7197.847199999999, 22039.562046153842], [7197.847199999999, 22070.322076923072], [7182.467184615383, 22085.702092307685], [7167.087169230768, 22101.082107692302], [7167.087169230768, 22131.842138461532], [7151.707153846152, 22147.22215384615], [7136.327138461537, 22162.602169230762], [7136.327138461537, 22193.362199999992], [7120.947123076922, 22208.74221538461], [7105.567107692306, 22224.122230769226], [7105.567107692306, 22254.882261538456], [7090.187092307691, 22270.26227692307], [7074.807076923076, 22285.642292307686], [7074.807076923076, 22316.402323076916], [7059.42706153846, 22331.782338461533], [7044.047046153845, 22347.162353846146], [7028.667030769229, 22362.542369230763]]]}, "properties": {"objectType": "annotation", "name": "R1_3_T|deep", "classification": {"name": "deep", "color": [144, 133, 233]}, "lesion_id": 0, "section": "R1_3_T", "area_um2": 7149.999999999981, "lesion_ids": []}}, {"type": "Feature", "geometry": {"type": "Polygon", "coordinates": [[[2045.5420461538456, 22670.14267692307], [2014.7820153846149, 22670.14267692307], [1999.4019999999996, 22654.762661538454], [1999.4019999999996, 22624.002630769224], [1999.4019999999996, 22593.242599999994], [1999.4019999999996, 22562.482569230764], [1999.4019999999996, 22531.722538461534], [1984.021984615384, 22516.342523076917], [1968.6419692307688, 22500.9625076923], [1968.6419692307688, 22470.20247692307], [1968.6419692307688, 22439.44244615384], [1968.6419692307688, 22408.68241538461], [1953.2619538461533, 22393.302399999993], [1937.8819384615379, 22377.92238461538], [1937.8819384615379, 22347.162353846146], [1937.8819384615379, 22316.402323076916], [1937.8819384615379, 22285.642292307686], [1937.8819384615379, 22254.882261538456], [1937.8819384615379, 22224.122230769226], [1937.8819384615379, 22193.362199999992], [1953.2619538461533, 22177.98218461538], [1968.6419692307688, 22162.602169230762], [1984.021984615384, 22147.22215384615], [2014.7820153846149, 22147.22215384615], [2045.5420461538456, 22147.22215384615], [2060.922061538461, 22131.842138461532], [2076.3020769230766, 22116.46212307692], [2107.062107692307, 22116.46212307692], [2137.822138461538, 22116.46212307692], [2153.202153846153, 22101.082107692302], [2168.5821692307686, 22085.702092307685], [2183.962184615384, 22101.082107692302], [2183.962184615384, 22131.842138461532], [2183.962184615384, 22162.602169230762], [2168.5821692307686, 22177.98218461538], [2153.202153846153, 22193.362199999992], [2168.5821692307686, 22208.74221538461], [2183.962184615384, 22224.122230769226], [2183.962184615384, 22254.882261538456], [2183.962184615384, 22285.642292307686], [2168.5821692307686, 22301.022307692303], [2153.202153846153, 22316.402323076916], [2168.5821692307686, 22331.782338461533], [2183.962184615384, 22347.162353846146], [2199.3421999999996, 22362.542369230763], [2214.7222153846146, 22377.92238461538], [2214.7222153846146, 22408.68241538461], [2214.7222153846146, 22439.44244615384], [2230.10223076923, 22454.822461538457], [2245.4822461538456, 22470.20247692307], [2230.10223076923, 22485.582492307687], [2214.7222153846146, 22500.9625076923], [2230.10223076923, 22516.342523076917], [2245.4822461538456, 22531.722538461534], [2230.10223076923, 22547.102553846147], [2214.7222153846146, 22562.482569230764], [2199.3421999999996, 22577.862584615377], [2168.5821692307686, 22577.862584615377], [2153.202153846153, 22593.242599999994], [2137.822138461538, 22608.62261538461], [2107.062107692307, 22608.62261538461], [2091.6820923076916, 22624.002630769224], [2076.3020769230766, 22639.38264615384], [2060.922061538461, 22654.762661538454], [2045.5420461538456, 22670.14267692307]]]}, "properties": {"objectType": "annotation", "name": "deep_20", "classification": {"name": "deep", "color": [144, 133, 233]}, "lesion_id": 20, "section": null, "area_um2": 12449.999999999984, "lesion_ids": [20]}}, {"type": "Feature", "geometry": {"type": "Polygon", "coordinates": [[[4475.584476923076, 24638.78464615384], [4444.824446153845, 24638.78464615384], [4414.064415384615, 24638.78464615384], [4383.304384615384, 24638.78464615384], [4352.544353846153, 24638.78464615384], [4321.784323076922, 24638.78464615384], [4306.404307692307, 24623.404630769226], [4291.024292307692, 24608.02461538461], [4260.264261538461, 24608.02461538461], [4229.50423076923, 24608.02461538461], [4198.744199999999, 24608.02461538461], [4167.984169230769, 24608.02461538461], [4137.224138461538, 24608.02461538461], [4121.844123076922, 24592.644599999992], [4121.844123076922, 24561.884569230762], [4121.844123076922, 24531.124538461532], [4121.844123076922, 24500.364507692302], [4121.844123076922, 24469.604476923072], [4121.844123076922, 24438.84444615384], [4106.464107692307, 24423.464430769225], [4091.0840923076917, 24408.08441538461], [4091.0840923076917, 24377.32438461538], [4075.704076923076, 24361.94436923076], [4060.3240615384607, 24346.564353846148], [4060.3240615384607, 24315.804323076918], [4044.944046153845, 24300.4243076923], [4029.5640307692297, 24285.044292307684], [4014.1840153846147, 24269.66427692307], [3998.803999999999, 24254.284261538454], [3983.4239846153837, 24238.90424615384], [3968.043969230768, 24223.524230769224], [3952.663953846153, 24208.144215384607], [3937.2839384615377, 24192.764199999994], [3921.903923076922, 24177.384184615377], [3891.143892307691, 24177.384184615377], [3875.763876923076, 24162.004169230764], [3860.3838615384607, 24146.624153846147], [3829.6238307692297, 24146.624153846147], [3814.2438153846147, 24131.24413846153], [3798.863799999999, 24115.864123076917], [3768.103769230768, 24115.864123076917], [3737.3437384615377, 24115.864123076917], [3706.5837076923067, 24115.864123076917], [3675.823676923076, 24115.864123076917], [3645.063646153845, 24115.864123076917], [3614.3036153846147, 24115.864123076917], [3583.5435846153837, 24115.864123076917], [3552.783553846153, 24115.864123076917], [3522.023523076922, 24115.864123076917], [3491.2634923076916, 24115.864123076917], [3460.5034615384607, 24115.864123076917], [3429.74343076923, 24115.864123076917], [3398.983399999999, 24115.864123076917], [3368.2233692307686, 24115.864123076917], [3337.4633384615377, 24115.864123076917], [3322.083323076922, 24131.24413846153], [3306.703307692307, 24146.624153846147], [3275.943276923076, 24146.624153846147], [3260.5632615384607, 24162.004169230764], [3245.183246153845, 24177.384184615377], [3214.4232153846147, 24177.384184615377], [3199.043199999999, 24192.764199999994], [3183.6631846153837, 24208.144215384607], [3168.2831692307686, 24223.524230769224], [3152.903153846153, 24238.90424615384], [3137.5231384615377, 24223.524230769224], [3122.143123076922, 24208.144215384607], [3106.763107692307, 24192.764199999994], [3106.763107692307, 24162.004169230764], [3091.3830923076916, 24146.624153846147], [3076.003076923076, 24131.24413846153], [3076.003076923076, 24100.4841076923], [3076.003076923076, 24069.72407692307], [3060.6230615384607, 24054.344061538457], [3045.2430461538456, 24038.96404615384], [3029.86303076923, 24023.584030769223], [3014.4830153846146, 24008.20401538461], [3014.4830153846146, 23977.44398461538], [3014.4830153846146, 23946.683953846146], [2999.102999999999, 23931.303938461533], [2983.722984615384, 23915.923923076916], [2968.3429692307686, 23900.543907692303], [2952.962953846153, 23885.163892307686], [2937.5829384615377, 23869.78387692307], [2906.822907692307, 23869.78387692307], [2891.4428923076916, 23854.403861538456], [2876.062876923076, 23839.02384615384], [2860.6828615384607, 23823.643830769226], [2860.6828615384607, 23792.883799999992], [2860.6828615384607, 23762.123769230762], [2845.3028461538456, 23746.74375384615], [2829.92283076923, 23731.363738461532], [2829.92283076923, 23700.603707692302], [2829.92283076923, 23669.843676923072], [2814.5428153846146, 23654.463661538455], [2799.162799999999, 23639.08364615384], [2783.782784615384, 23623.703630769225], [2768.4027692307686, 23608.32361538461], [2753.022753846153, 23592.943599999995], [2737.6427384615376, 23577.56358461538], [2753.022753846153, 23562.18356923076], [2768.4027692307686, 23546.803553846148], [2783.782784615384, 23531.42353846153], [2799.162799999999, 23516.043523076918], [2814.5428153846146, 23500.6635076923], [2829.92283076923, 23485.283492307684], [2829.92283076923, 23454.523461538454], [2845.3028461538456, 23439.14344615384], [2860.6828615384607, 23423.763430769224], [2860.6828615384607, 23393.003399999994], [2876.062876923076, 23377.623384615377], [2891.4428923076916, 23362.243369230764], [2891.4428923076916, 23331.483338461534], [2891.4428923076916, 23300.7233076923], [2891.4428923076916, 23269.96327692307], [2891.4428923076916, 23239.20324615384], [2891.4428923076916, 23208.44321538461], [2891.4428923076916, 23177.68318461538], [2891.4428923076916, 23146.923153846146], [2891.4428923076916, 23116.163123076916], [2891.4428923076916, 23085.403092307686], [2891.4428923076916, 23054.643061538456], [2891.4428923076916, 23023.883030769226], [2891.4428923076916, 22993.122999999992], [2876.062876923076, 22977.74298461538], [2860.6828615384607, 22962.362969230762], [2860.6828615384607, 22931.602938461532], [2845.3028461538456, 22916.222923076915], [2829.92283076923, 22900.842907692302], [2829.92283076923, 22870.082876923072], [2814.5428153846146, 22854.702861538455], [2799.162799999999, 22839.32284615384], [2799.162799999999, 22808.56281538461], [2783.782784615384, 22793.182799999995], [2768.4027692307686, 22777.80278461538], [2753.022753846153, 22762.422769230765], [2737.6427384615376, 22747.042753846148], [2722.2627230769226, 22731.66273846153], [2706.882707692307, 22716.282723076918], [2691.5026923076916, 22700.9027076923], [2676.122676923076, 22685.522692307688], [2660.742661538461, 22670.14267692307], [2629.98263076923, 22670.14267692307], [2614.6026153846146, 22654.762661538454], [2599.222599999999, 22639.38264615384], [2568.4625692307686, 22639.38264615384], [2553.082553846153, 22624.002630769224], [2537.7025384615376, 22608.62261538461], [2506.942507692307, 22608.62261538461], [2476.182476923076, 22608.62261538461], [2445.4224461538456, 22608.62261538461], [2414.6624153846146, 22608.62261538461], [2383.902384615384, 22608.62261538461], [2353.142353846153, 22608.62261538461], [2322.3823230769226, 22608.62261538461], [2307.002307692307, 22593.242599999994], [2307.002307692307, 22562.482569230764], [2307.002307692307, 22531.722538461534], [2307.002307692307, 22500.9625076923], [2307.002307692307, 22470.20247692307], [2307.002307692307, 22439.44244615384], [2291.6222923076916, 22424.062430769223], [2276.242276923076, 22408.68241538461], [2276.242276923076, 22377.92238461538], [2276.242276923076, 22347.162353846146], [2260.862261538461, 22331.782338461533], [2245.4822461538456, 22316.402323076916], [2245.4822461538456, 22285.642292307686], [2245.4822461538456, 22254.882261538456], [2245.4822461538456, 22224.122230769226], [2260.862261538461, 22208.74221538461], [2291.6222923076916, 22208.74221538461], [2322.3823230769226, 22208.74221538461], [2353.142353846153, 22208.74221538461], [2383.902384615384, 22208.74221538461], [2414.6624153846146, 22208.74221538461], [2445.4224461538456, 22208.74221538461], [2476.182476923076, 22208.74221538461], [2506.942507692307, 22208.74221538461], [2537.7025384615376, 22208.74221538461], [2568.4625692307686, 22208.74221538461], [2599.222599999999, 22208.74221538461], [2614.6026153846146, 22224.122230769226], [2629.98263076923, 22239.50224615384], [2660.742661538461, 22239.50224615384], [2691.5026923076916, 22239.50224615384], [2706.882707692307, 22254.882261538456], [2722.2627230769226, 22270.26227692307], [2753.022753846153, 22270.26227692307], [2768.4027692307686, 22285.642292307686], [2783.782784615384, 22301.022307692303], [2814.5428153846146, 22301.022307692303], [2829.92283076923, 22316.402323076916], [2845.3028461538456, 22331.782338461533], [2860.6828615384607, 22347.162353846146], [2876.062876923076, 22362.542369230763], [2906.822907692307, 22362.542369230763], [2922.202923076922, 22377.92238461538], [2937.5829384615377, 22393.302399999993], [2952.962953846153, 22408.68241538461], [2968.3429692307686, 22424.062430769223], [2983.722984615384, 22439.44244615384], [2999.102999999999, 22454.822461538457], [3014.4830153846146, 22470.20247692307], [3029.86303076923, 22485.582492307687], [3045.2430461538456, 22500.9625076923], [3060.6230615384607, 22516.342523076917], [3076.003076923076, 22531.722538461534], [3091.3830923076916, 22547.102553846147], [3106.763107692307, 22562.482569230764], [3106.763107692307, 22593.242599999994], [3122.143123076922, 22608.62261538461], [3137.5231384615377, 22624.002630769224], [3152.903153846153, 22639.38264615384], [3168.2831692307686, 22654.762661538454], [3168.2831692307686, 22685.522692307688], [3183.6631846153837, 22700.9027076923], [3199.043199999999, 22716.282723076918], [3199.043199999999, 22747.042753846148], [3214.4232153846147, 22762.422769230765], [3229.80323076923, 22777.80278461538], [3229.80323076923, 22808.56281538461], [3245.183246153845, 22823.942830769225], [3260.5632615384607, 22839.32284615384], [3260.5632615384607, 22870.082876923072], [3260.5632615384607, 22900.842907692302], [3275.943276923076, 22916.222923076915], [3291.3232923076916, 22931.602938461532], [3291.3232923076916, 22962.362969230762], [3291.3232923076916, 22993.122999999992], [3291.3232923076916, 23023.883030769226], [3291.3232923076916, 23054.643061538456], [3291.3232923076916, 23085.403092307686], [3291.3232923076916, 23116.163123076916], [3291.3232923076916, 23146.923153846146], [3291.3232923076916, 23177.68318461538], [3291.3232923076916, 23208.44321538461], [3291.3232923076916, 23239.20324615384], [3291.3232923076916, 23269.96327692307], [3291.3232923076916, 23300.7233076923], [3291.3232923076916, 23331.483338461534], [3291.3232923076916, 23362.243369230764], [3291.3232923076916, 23393.003399999994], [3291.3232923076916, 23423.763430769224], [3275.943276923076, 23439.14344615384], [3260.5632615384607, 23454.523461538454], [3260.5632615384607, 23485.283492307684], [3260.5632615384607, 23516.043523076918], [3245.183246153845, 23531.42353846153], [3229.80323076923, 23546.803553846148], [3229.80323076923, 23577.56358461538], [3214.4232153846147, 23592.943599999995], [3199.043199999999, 23608.32361538461], [3199.043199999999, 23639.08364615384], [3183.6631846153837, 23654.463661538455], [3168.2831692307686, 23669.843676923072], [3152.903153846153, 23685.223692307685], [3137.5231384615377, 23700.603707692302], [3137.5231384615377, 23731.363738461532], [3122.143123076922, 23746.74375384615], [3106.763107692307, 23762.123769230762], [3091.3830923076916, 23777.50378461538], [3076.003076923076, 23792.883799999992], [3091.3830923076916, 23808.26381538461], [3106.763107692307, 23792.883799999992], [3122.143123076922, 23777.50378461538], [3152.903153846153, 23777.50378461538], [3168.2831692307686, 23762.123769230762], [3183.6631846153837, 23746.74375384615], [3214.4232153846147, 23746.74375384615], [3245.183246153845, 23746.74375384615], [3260.5632615384607, 23731.363738461532], [3275.943276923076, 23715.983723076915], [3306.703307692307, 23715.983723076915], [3337.4633384615377, 23715.983723076915], [3368.2233692307686, 23715.983723076915], [3398.983399999999, 23715.983723076915], [3429.74343076923, 23715.983723076915], [3460.5034615384607, 23715.983723076915], [3491.2634923076916, 23715.983723076915], [3522.023523076922, 23715.983723076915], [3552.783553846153, 23715.983723076915], [3583.5435846153837, 23715.983723076915], [3614.3036153846147, 23715.983723076915], [3645.063646153845, 23715.983723076915], [3675.823676923076, 23715.983723076915], [3706.5837076923067, 23715.983723076915], [3737.3437384615377, 23715.983723076915], [3768.103769230768, 23715.983723076915], [3798.863799999999, 23715.983723076915], [3829.6238307692297, 23715.983723076915], [3860.3838615384607, 23715.983723076915], [3875.763876923076, 23731.363738461532], [3891.143892307691, 23746.74375384615], [3921.903923076922, 23746.74375384615], [3952.663953846153, 23746.74375384615], [3968.043969230768, 23762.123769230762], [3983.4239846153837, 23777.50378461538], [4014.1840153846147, 23777.50378461538], [4029.5640307692297, 23792.883799999992], [4044.944046153845, 23808.26381538461], [4075.704076923076, 23808.26381538461], [4091.0840923076917, 23823.643830769226], [4106.464107692307, 23839.02384615384], [4121.844123076922, 23854.403861538456], [4137.224138461538, 23869.78387692307], [4167.984169230769, 23869.78387692307], [4183.364184615384, 23885.163892307686], [4198.744199999999, 23900.543907692303], [4214.124215384615, 23915.923923076916], [4229.50423076923, 23931.303938461533], [4244.884246153845, 23946.683953846146], [4260.264261538461, 23962.063969230763], [4275.644276923076, 23977.44398461538], [4291.024292307692, 23992.823999999993], [4306.404307692307, 24008.20401538461], [4321.784323076922, 24023.584030769223], [4337.164338461538, 24038.96404615384], [4352.544353846153, 24054.344061538457], [4367.924369230769, 24069.72407692307], [4367.924369230769, 24100.4841076923], [4383.304384615384, 24115.864123076917], [4398.684399999999, 24131.24413846153], [4414.064415384615, 24146.624153846147], [4429.44443076923, 24162.004169230764], [4429.44443076923, 24192.764199999994], [4444.824446153845, 24208.144215384607], [4460.204461538461, 24223.524230769224], [4460.204461538461, 24254.284261538454], [4475.584476923076, 24269.66427692307], [4490.964492307692, 24285.044292307684], [4490.964492307692, 24315.804323076918], [4490.964492307692, 24346.564353846148], [4506.344507692307, 24361.94436923076], [4521.724523076922, 24377.32438461538], [4521.724523076922, 24408.08441538461], [4521.724523076922, 24438.84444615384], [4521.724523076922, 24469.604476923072], [4521.724523076922, 24500.364507692302], [4521.724523076922, 24531.124538461532], [4521.724523076922, 24561.884569230762], [4521.724523076922, 24592.644599999992], [4506.344507692307, 24608.02461538461], [4490.964492307692, 24623.404630769226], [4475.584476923076, 24638.78464615384]]]}, "properties": {"objectType": "annotation", "name": "R1_3_T|deep", "classification": {"name": "deep", "color": [144, 133, 233]}, "lesion_id": 0, "section": "R1_3_T", "area_um2": 153950.00000000026, "lesion_ids": [20, 22]}}, {"type": "Feature", "geometry": {"type": "Polygon", "coordinates": [[[12257.87226153846, 23592.943599999995], [12227.11223076923, 23592.943599999995], [12211.732215384613, 23577.56358461538], [12196.352199999998, 23562.18356923076], [12165.592169230767, 23562.18356923076], [12134.832138461536, 23562.18356923076], [12104.072107692306, 23562.18356923076], [12073.312076923075, 23562.18356923076], [12057.932061538459, 23546.803553846148], [12073.312076923075, 23531.42353846153], [12104.072107692306, 23531.42353846153], [12119.45212307692, 23516.043523076918], [12134.832138461536, 23500.6635076923], [12165.592169230767, 23500.6635076923], [12180.972184615383, 23485.283492307684], [12196.352199999998, 23469.90347692307], [12227.11223076923, 23469.90347692307], [12257.87226153846, 23469.90347692307], [12273.252276923075, 23454.523461538454], [12288.63229230769, 23439.14344615384], [12319.392323076921, 23439.14344615384], [12350.152353846152, 23439.14344615384], [12365.532369230767, 23454.523461538454], [12380.912384615382, 23469.90347692307], [12396.292399999998, 23454.523461538454], [12380.912384615382, 23439.14344615384], [12365.532369230767, 23423.763430769224], [12365.532369230767, 23393.003399999994], [12365.532369230767, 23362.243369230764], [12365.532369230767, 23331.483338461534], [12380.912384615382, 23316.103323076917], [12396.292399999998, 23300.7233076923], [12380.912384615382, 23285.343292307687], [12365.532369230767, 23269.96327692307], [12380.912384615382, 23254.583261538457], [12396.292399999998, 23239.20324615384], [12396.292399999998, 23208.44321538461], [12396.292399999998, 23177.68318461538], [12411.672415384613, 23162.303169230763], [12427.052430769229, 23146.923153846146], [12411.672415384613, 23131.543138461533], [12396.292399999998, 23116.163123076916], [12411.672415384613, 23100.783107692303], [12427.052430769229, 23085.403092307686], [12442.432446153844, 23070.02307692307], [12473.192476923075, 23070.02307692307], [12488.57249230769, 23054.643061538456], [12503.952507692306, 23039.26304615384], [12534.712538461536, 23039.26304615384], [12550.092553846152, 23023.883030769226], [12565.472569230767, 23008.50301538461], [12580.852584615383, 22993.122999999992], [12596.232599999998, 22977.74298461538], [12611.612615384613, 22962.362969230762], [12626.99263076923, 22946.98295384615], [12642.372646153844, 22931.602938461532], [12657.75266153846, 22916.222923076915], [12673.132676923075, 22931.602938461532], [12673.132676923075, 22962.362969230762], [12673.132676923075, 22993.122999999992], [12673.132676923075, 23023.883030769226], [12673.132676923075, 23054.643061538456], [12673.132676923075, 23085.403092307686], [12673.132676923075, 23116.163123076916], [12657.75266153846, 23131.543138461533], [12642.372646153844, 23146.923153846146], [12642.372646153844, 23177.68318461538], [12642.372646153844, 23208.44321538461], [12642.372646153844, 23239.20324615384], [12642.372646153844, 23269.96327692307], [12642.372646153844, 23300.7233076923], [12642.372646153844, 23331.483338461534], [12642.372646153844, 23362.243369230764], [12642.372646153844, 23393.003399999994], [12626.99263076923, 23408.38341538461], [12611.612615384613, 23423.763430769224], [12611.612615384613, 23454.523461538454], [12611.612615384613, 23485.283492307684], [12596.232599999998, 23500.6635076923], [12580.852584615383, 23516.043523076918], [12565.472569230767, 23531.42353846153], [12534.712538461536, 23531.42353846153], [12503.952507692306, 23531.42353846153], [12488.57249230769, 23546.803553846148], [12473.192476923075, 23562.18356923076], [12442.432446153844, 23562.18356923076], [12411.672415384613, 23562.18356923076], [12380.912384615382, 23562.18356923076], [12350.152353846152, 23562.18356923076], [12319.392323076921, 23562.18356923076], [12288.63229230769, 23562.18356923076], [12273.252276923075, 23577.56358461538], [12257.87226153846, 23592.943599999995]]]}, "properties": {"objectType": "annotation", "name": "deep_18", "classification": {"name": "deep", "color": [144, 133, 233]}, "lesion_id": 18, "section": null, "area_um2": 17049.99999999996, "lesion_ids": [18]}}, {"type": "Feature", "geometry": {"type": "Polygon", "coordinates": [[[6628.78663076923, 24608.02461538461], [6598.026599999999, 24608.02461538461], [6582.646584615383, 24592.644599999992], [6582.646584615383, 24561.884569230762], [6582.646584615383, 24531.124538461532], [6598.026599999999, 24515.744523076915], [6613.406615384614, 24500.364507692302], [6613.406615384614, 24469.604476923072], [6613.406615384614, 24438.84444615384], [6613.406615384614, 24408.08441538461], [6613.406615384614, 24377.32438461538], [6613.406615384614, 24346.564353846148], [6613.406615384614, 24315.804323076918], [6613.406615384614, 24285.044292307684], [6628.78663076923, 24269.66427692307], [6644.166646153845, 24254.284261538454], [6644.166646153845, 24223.524230769224], [6644.166646153845, 24192.764199999994], [6644.166646153845, 24162.004169230764], [6644.166646153845, 24131.24413846153], [6644.166646153845, 24100.4841076923], [6644.166646153845, 24069.72407692307], [6659.54666153846, 24054.344061538457], [6674.926676923076, 24038.96404615384], [6674.926676923076, 24008.20401538461], [6674.926676923076, 23977.44398461538], [6690.306692307691, 23962.063969230763], [6705.686707692306, 23946.683953846146], [6705.686707692306, 23915.923923076916], [6705.686707692306, 23885.163892307686], [6721.066723076922, 23869.78387692307], [6736.446738461537, 23854.403861538456], [6751.826753846153, 23839.02384615384], [6767.206769230768, 23823.643830769226], [6767.206769230768, 23792.883799999992], [6782.586784615383, 23777.50378461538], [6797.966799999999, 23762.123769230762], [6797.966799999999, 23731.363738461532], [6813.346815384614, 23715.983723076915], [6828.726830769229, 23700.603707692302], [6844.106846153845, 23685.223692307685], [6859.48686153846, 23669.843676923072], [6859.48686153846, 23639.08364615384], [6874.866876923076, 23623.703630769225], [6890.246892307691, 23639.08364615384], [6890.246892307691, 23669.843676923072], [6890.246892307691, 23700.603707692302], [6890.246892307691, 23731.363738461532], [6874.866876923076, 23746.74375384615], [6859.48686153846, 23762.123769230762], [6859.48686153846, 23792.883799999992], [6844.106846153845, 23808.26381538461], [6828.726830769229, 23823.643830769226], [6828.726830769229, 23854.403861538456], [6813.346815384614, 23869.78387692307], [6797.966799999999, 23885.163892307686], [6797.966799999999, 23915.923923076916], [6797.966799999999, 23946.683953846146], [6782.586784615383, 23962.063969230763], [6767.206769230768, 23977.44398461538], [6767.206769230768, 24008.20401538461], [6767.206769230768, 24038.96404615384], [6751.826753846153, 24054.344061538457], [6736.446738461537, 24069.72407692307], [6736.446738461537, 24100.4841076923], [6736.446738461537, 24131.24413846153], [6736.446738461537, 24162.004169230764], [6721.066723076922, 24177.384184615377], [6705.686707692306, 24192.764199999994], [6705.686707692306, 24223.524230769224], [6690.306692307691, 24238.90424615384], [6674.926676923076, 24254.284261538454], [6674.926676923076, 24285.044292307684], [6674.926676923076, 24315.804323076918], [6674.926676923076, 24346.564353846148], [6674.926676923076, 24377.32438461538], [6690.306692307691, 24392.704399999995], [6705.686707692306, 24408.08441538461], [6705.686707692306, 24438.84444615384], [6705.686707692306, 24469.604476923072], [6705.686707692306, 24500.364507692302], [6690.306692307691, 24515.744523076915], [6674.926676923076, 24531.124538461532], [6674.926676923076, 24561.884569230762], [6659.54666153846, 24577.26458461538], [6644.166646153845, 24592.644599999992], [6628.78663076923, 24608.02461538461]]]}, "properties": {"objectType": "annotation", "name": "deep", "classification": {"name": "deep", "color": [144, 133, 233]}, "lesion_id": 0, "section": null, "area_um2": 7950.000000000006, "lesion_ids": []}}, {"type": "Feature", "geometry": {"type": "Polygon", "coordinates": [[[2968.3429692307686, 24515.744523076915], [2937.5829384615377, 24515.744523076915], [2922.202923076922, 24500.364507692302], [2922.202923076922, 24469.604476923072], [2906.822907692307, 24454.224461538455], [2891.4428923076916, 24438.84444615384], [2876.062876923076, 24423.464430769225], [2860.6828615384607, 24408.08441538461], [2845.3028461538456, 24392.704399999995], [2829.92283076923, 24377.32438461538], [2829.92283076923, 24346.564353846148], [2814.5428153846146, 24331.18433846153], [2799.162799999999, 24315.804323076918], [2799.162799999999, 24285.044292307684], [2783.782784615384, 24269.66427692307], [2768.4027692307686, 24254.284261538454], [2768.4027692307686, 24223.524230769224], [2768.4027692307686, 24192.764199999994], [2753.022753846153, 24177.384184615377], [2737.6427384615376, 24162.004169230764], [2737.6427384615376, 24131.24413846153], [2737.6427384615376, 24100.4841076923], [2722.2627230769226, 24085.104092307687], [2706.882707692307, 24069.72407692307], [2691.5026923076916, 24054.344061538457], [2676.122676923076, 24038.96404615384], [2676.122676923076, 24008.20401538461], [2660.742661538461, 23992.823999999993], [2645.3626461538456, 23977.44398461538], [2629.98263076923, 23962.063969230763], [2614.6026153846146, 23946.683953846146], [2599.222599999999, 23931.303938461533], [2583.842584615384, 23915.923923076916], [2583.842584615384, 23885.163892307686], [2568.4625692307686, 23869.78387692307], [2553.082553846153, 23854.403861538456], [2537.7025384615376, 23839.02384615384], [2522.3225230769226, 23823.643830769226], [2506.942507692307, 23808.26381538461], [2491.5624923076916, 23792.883799999992], [2476.182476923076, 23777.50378461538], [2460.802461538461, 23762.123769230762], [2476.182476923076, 23746.74375384615], [2491.5624923076916, 23731.363738461532], [2506.942507692307, 23715.983723076915], [2537.7025384615376, 23715.983723076915], [2568.4625692307686, 23715.983723076915], [2599.222599999999, 23715.983723076915], [2629.98263076923, 23715.983723076915], [2645.3626461538456, 23700.603707692302], [2660.742661538461, 23685.223692307685], [2691.5026923076916, 23685.223692307685], [2706.882707692307, 23669.843676923072], [2722.2627230769226, 23654.463661538455], [2737.6427384615376, 23669.843676923072], [2753.022753846153, 23685.223692307685], [2768.4027692307686, 23700.603707692302], [2768.4027692307686, 23731.363738461532], [2768.4027692307686, 23762.123769230762], [2783.782784615384, 23777.50378461538], [2799.162799999999, 23792.883799999992], [2783.782784615384, 23808.26381538461], [2768.4027692307686, 23823.643830769226], [2783.782784615384, 23839.02384615384], [2799.162799999999, 23854.403861538456], [2814.5428153846146, 23869.78387692307], [2829.92283076923, 23885.163892307686], [2829.92283076923, 23915.923923076916], [2845.3028461538456, 23931.303938461533], [2876.062876923076, 23931.303938461533], [2906.822907692307, 23931.303938461533], [2922.202923076922, 23946.683953846146], [2922.202923076922, 23977.44398461538], [2937.5829384615377, 23992.823999999993], [2952.962953846153, 24008.20401538461], [2952.962953846153, 24038.96404615384], [2968.3429692307686, 24054.344061538457], [2983.722984615384, 24069.72407692307], [2999.102999999999, 24085.104092307687], [3014.4830153846146, 24100.4841076923], [3014.4830153846146, 24131.24413846153], [3014.4830153846146, 24162.004169230764], [3029.86303076923, 24177.384184615377], [3045.2430461538456, 24192.764199999994], [3045.2430461538456, 24223.524230769224], [3045.2430461538456, 24254.284261538454], [3045.2430461538456, 24285.044292307684], [3029.86303076923, 24300.4243076923], [3014.4830153846146, 24315.804323076918], [3014.4830153846146, 24346.564353846148], [2999.102999999999, 24361.94436923076], [2983.722984615384, 24377.32438461538], [2983.722984615384, 24408.08441538461], [2983.722984615384, 24438.84444615384], [2983.722984615384, 24469.604476923072], [2983.722984615384, 24500.364507692302], [2968.3429692307686, 24515.744523076915]]]}, "properties": {"objectType": "annotation", "name": "R1_3_T|deep", "classification": {"name": "deep", "color": [144, 133, 233]}, "lesion_id": 0, "section": "R1_3_T", "area_um2": 20250.00000000001, "lesion_ids": [20, 22]}}, {"type": "Feature", "geometry": {"type": "Polygon", "coordinates": [[[4014.1840153846147, 25007.905015384607], [3983.4239846153837, 25007.905015384607], [3968.043969230768, 24992.524999999994], [3983.4239846153837, 24977.144984615377], [3998.803999999999, 24961.764969230764], [4014.1840153846147, 24946.384953846147], [4029.5640307692297, 24931.00493846153], [4044.944046153845, 24915.624923076917], [4060.3240615384607, 24900.2449076923], [4075.704076923076, 24884.864892307687], [4091.0840923076917, 24869.48487692307], [4106.464107692307, 24854.104861538453], [4121.844123076922, 24838.72484615384], [4121.844123076922, 24807.96481538461], [4137.224138461538, 24792.584799999993], [4152.604153846153, 24777.204784615376], [4152.604153846153, 24746.444753846146], [4167.984169230769, 24731.064738461533], [4183.364184615384, 24715.684723076916], [4198.744199999999, 24700.304707692303], [4214.124215384615, 24684.924692307686], [4229.50423076923, 24669.54467692307], [4260.264261538461, 24669.54467692307], [4275.644276923076, 24684.924692307686], [4291.024292307692, 24700.304707692303], [4321.784323076922, 24700.304707692303], [4352.544353846153, 24700.304707692303], [4367.924369230769, 24715.684723076916], [4383.304384615384, 24731.064738461533], [4398.684399999999, 24715.684723076916], [4414.064415384615, 24700.304707692303], [4444.824446153845, 24700.304707692303], [4475.584476923076, 24700.304707692303], [4506.344507692307, 24700.304707692303], [4521.724523076922, 24684.924692307686], [4537.104538461538, 24669.54467692307], [4552.484553846153, 24684.924692307686], [4567.864569230768, 24700.304707692303], [4598.624599999999, 24700.304707692303], [4629.38463076923, 24700.304707692303], [4644.764646153845, 24715.684723076916], [4644.764646153845, 24746.444753846146], [4644.764646153845, 24777.204784615376], [4629.38463076923, 24792.584799999993], [4614.004615384615, 24807.96481538461], [4614.004615384615, 24838.72484615384], [4614.004615384615, 24869.48487692307], [4598.624599999999, 24884.864892307687], [4583.244584615384, 24900.2449076923], [4567.864569230768, 24915.624923076917], [4552.484553846153, 24931.00493846153], [4537.104538461538, 24946.384953846147], [4506.344507692307, 24946.384953846147], [4475.584476923076, 24946.384953846147], [4444.824446153845, 24946.384953846147], [4414.064415384615, 24946.384953846147], [4383.304384615384, 24946.384953846147], [4352.544353846153, 24946.384953846147], [4321.784323076922, 24946.384953846147], [4291.024292307692, 24946.384953846147], [4260.264261538461, 24946.384953846147], [4229.50423076923, 24946.384953846147], [4214.124215384615, 24931.00493846153], [4198.744199999999, 24915.624923076917], [4167.984169230769, 24915.624923076917], [4152.604153846153, 24931.00493846153], [4137.224138461538, 24946.384953846147], [4106.464107692307, 24946.384953846147], [4075.704076923076, 24946.384953846147], [4060.3240615384607, 24961.764969230764], [4044.944046153845, 24977.144984615377], [4029.5640307692297, 24992.524999999994], [4014.1840153846147, 25007.905015384607]]]}, "properties": {"objectType": "annotation", "name": "deep_22", "classification": {"name": "deep", "color": [144, 133, 233]}, "lesion_id": 22, "section": null, "area_um2": 13349.999999999945, "lesion_ids": [22]}}, {"type": "Feature", "geometry": {"type": "Polygon", "coordinates": [[[7243.987246153845, 25192.465199999995], [7228.607230769229, 25177.08518461538], [7228.607230769229, 25146.325153846148], [7213.227215384614, 25130.94513846153], [7197.847199999999, 25115.565123076918], [7197.847199999999, 25084.805092307684], [7182.467184615383, 25069.42507692307], [7167.087169230768, 25054.045061538454], [7167.087169230768, 25023.285030769224], [7167.087169230768, 24992.524999999994], [7151.707153846152, 24977.144984615377], [7136.327138461537, 24961.764969230764], [7136.327138461537, 24931.00493846153], [7136.327138461537, 24900.2449076923], [7151.707153846152, 24884.864892307687], [7167.087169230768, 24900.2449076923], [7167.087169230768, 24931.00493846153], [7182.467184615383, 24946.384953846147], [7197.847199999999, 24961.764969230764], [7197.847199999999, 24992.524999999994], [7213.227215384614, 25007.905015384607], [7228.607230769229, 25023.285030769224], [7228.607230769229, 25054.045061538454], [7243.987246153845, 25069.42507692307], [7259.36726153846, 25084.805092307684], [7259.36726153846, 25115.565123076918], [7259.36726153846, 25146.325153846148], [7259.36726153846, 25177.08518461538], [7243.987246153845, 25192.465199999995]]]}, "properties": {"objectType": "annotation", "name": "deep_21", "classification": {"name": "deep", "color": [144, 133, 233]}, "lesion_id": 21, "section": null, "area_um2": 1450.0000000000055, "lesion_ids": [21]}}, {"type": "Feature", "geometry": {"type": "Polygon", "coordinates": [[[8012.988015384614, 25746.145753846147], [7982.227984615383, 25746.145753846147], [7966.847969230768, 25730.76573846153], [7951.467953846152, 25715.385723076917], [7920.707923076922, 25715.385723076917], [7905.327907692306, 25700.0057076923], [7889.947892307691, 25684.625692307687], [7874.567876923075, 25669.24567692307], [7859.18786153846, 25653.865661538453], [7843.807846153845, 25638.48564615384], [7828.427830769229, 25623.105630769223], [7813.047815384614, 25607.72561538461], [7828.427830769229, 25592.345599999993], [7859.18786153846, 25592.345599999993], [7889.947892307691, 25592.345599999993], [7920.707923076922, 25592.345599999993], [7936.087938461537, 25607.72561538461], [7936.087938461537, 25638.48564615384], [7951.467953846152, 25653.865661538453], [7966.847969230768, 25669.24567692307], [7982.227984615383, 25684.625692307687], [7997.607999999998, 25700.0057076923], [8012.988015384614, 25715.385723076917], [8028.368030769229, 25730.76573846153], [8012.988015384614, 25746.145753846147]]]}, "properties": {"objectType": "annotation", "name": "deep_21", "classification": {"name": "deep", "color": [144, 133, 233]}, "lesion_id": 21, "section": null, "area_um2": 1450.0000000000005, "lesion_ids": [21]}}, {"type": "Feature", "geometry": {"type": "Polygon", "coordinates": [[[9950.869953846151, 26022.986030769225], [9920.109923076921, 26022.986030769225], [9889.349892307691, 26022.986030769225], [9858.58986153846, 26022.986030769225], [9827.82983076923, 26022.986030769225], [9797.069799999997, 26022.986030769225], [9766.309769230767, 26022.986030769225], [9735.549738461537, 26022.986030769225], [9704.789707692305, 26022.986030769225], [9674.029676923075, 26022.986030769225], [9643.269646153845, 26022.986030769225], [9612.509615384613, 26022.986030769225], [9581.749584615383, 26022.986030769225], [9550.989553846151, 26022.986030769225], [9520.229523076921, 26022.986030769225], [9489.469492307691, 26022.986030769225], [9458.70946153846, 26022.986030769225], [9443.329446153844, 26007.60601538461], [9458.70946153846, 25992.225999999995], [9474.089476923074, 25976.84598461538], [9489.469492307691, 25961.46596923076], [9504.849507692306, 25946.08595384615], [9504.849507692306, 25915.325923076918], [9520.229523076921, 25899.9459076923], [9535.609538461536, 25884.565892307684], [9535.609538461536, 25853.805861538454], [9550.989553846151, 25838.42584615384], [9566.369569230768, 25823.045830769224], [9566.369569230768, 25792.285799999994], [9566.369569230768, 25761.525769230764], [9581.749584615383, 25746.145753846147], [9612.509615384613, 25746.145753846147], [9627.889630769228, 25761.525769230764], [9643.269646153845, 25776.905784615377], [9658.64966153846, 25761.525769230764], [9674.029676923075, 25746.145753846147], [9704.789707692305, 25746.145753846147], [9735.549738461537, 25746.145753846147], [9766.309769230767, 25746.145753846147], [9797.069799999997, 25746.145753846147], [9812.449815384614, 25730.76573846153], [9827.82983076923, 25715.385723076917], [9843.209846153844, 25730.76573846153], [9858.58986153846, 25746.145753846147], [9889.349892307691, 25746.145753846147], [9904.729907692306, 25730.76573846153], [9920.109923076921, 25715.385723076917], [9935.489938461536, 25730.76573846153], [9950.869953846151, 25746.145753846147], [9966.249969230768, 25730.76573846153], [9981.629984615383, 25715.385723076917], [10012.390015384613, 25715.385723076917], [10043.150046153845, 25715.385723076917], [10058.53006153846, 25700.0057076923], [10073.910076923075, 25684.625692307687], [10104.670107692305, 25684.625692307687], [10120.05012307692, 25700.0057076923], [10104.670107692305, 25715.385723076917], [10089.29009230769, 25730.76573846153], [10089.29009230769, 25761.525769230764], [10089.29009230769, 25792.285799999994], [10073.910076923075, 25807.665815384607], [10058.53006153846, 25823.045830769224], [10043.150046153845, 25838.42584615384], [10027.770030769228, 25853.805861538454], [10027.770030769228, 25884.565892307684], [10012.390015384613, 25899.9459076923], [9997.009999999998, 25915.325923076918], [9997.009999999998, 25946.08595384615], [9997.009999999998, 25976.84598461538], [9981.629984615383, 25992.225999999995], [9966.249969230768, 26007.60601538461], [9950.869953846151, 26022.986030769225]]]}, "properties": {"objectType": "annotation", "name": "deep_21", "classification": {"name": "deep", "color": [144, 133, 233]}, "lesion_id": 21, "section": null, "area_um2": 15450.00000000004, "lesion_ids": [21]}}]}