zone,lesion_id,section,lesion_ids,area_um2,n_parts,centroid_x_um,centroid_y_um,wkt_um
lesion,1,P2_3_T,,108250.0,1,6011.781755196304,2607.5400307929176,"POLYGON ((6015 3070, 6005 3070, 6000 3065, 5995 3060, 5990 3055, 5990 3045, 5990 3035, 5990 3025, 5990 3015, 5990 3005, 5985 3000, 5980 2995, 5985 2990, 5990 2985, 5990 2975, 5990 2965, 5990 2955, 5990 2945, 5990 2935, 5985 2930, 5980 2925, 5980 2915, 5975 2910, 5970 2905, 5970 2895, 5975 2890, 5980 2885, 5975 2880, 5970 2875, 5970 2865, 5970 2855, 5970 2845, 5965 2840, 5960 2835, 5965 2830, 5970 2825, 5970 2815, 5970 2805, 5965 2800, 5960 2795, 5960 2785, 5965 2780, 5970 2775, 5970 2765, 5970 2755, 5970 2745, 5965 2740, 5955 2740, 5945 2740, 5940 2735, 5945 2730, 5950 2725, 5950 2715, 5955 2710, 5960 2705, 5965 2700, 5970 2695, 5965 2690, 5960 2685, 5960 2675, 5955 2670, 5950 2665, 5945 2660, 5940 2655, 5940 2645, 5945 2640, 5950 2635, 5950 2625, 5950 2615, 5955 2610, 5960 2605, 5960 2595, 5955 2590, 5950 2585, 5945 2580, 5940 2575, 5935 2570, 5930 2565, 5930 2555, 5930 2545, 5930 2535, 5930 2525, 5925 2520, 5920 2515, 5920 2505, 5920 2495, 5920 2485, 5920 2475, 5920 2465, 5920 2455, 5920 2445, 5920 2435, 5915 2430, 5910 2425, 5910 2415, 5910 2405, 5910 2395, 5910 2385, 5910 2375, 5910 2365, 5915 2360, 5920 2355, 5920 2345, 5920 2335, 5920 2325, 5920 2315, 5920 2305, 5920 2295, 5915 2290, 5910 2285, 5910 2275, 5910 2265, 5910 2255, 5910 2245, 5915 2240, 5920 2235, 5920 2225, 5925 2220, 5930 2215, 5935 2210, 5940 2205, 5945 2200, 5950 2195, 5955 2190, 5960 2185, 5965 2180, 5970 2185, 5975 2190, 5985 2190, 5995 2190, 6005 2190, 6010 2195, 6015 2200, 6020 2205, 6025 2210, 6030 2215, 6035 2220, 6040 2225, 6040 2235, 6045 2240, 6050 2245, 6050 2255, 6050 2265, 6050 2275, 6055 2280, 6060 2285, 6065 2290, 6070 2295, 6075 2300, 6085 2300, 6090 2305, 6095 2310, 6100 2315, 6105 2320, 6110 2325, 6105 2330, 6100 2335, 6095 2340, 6090 2345, 6085 2350, 6080 2355, 6080 2365, 6075 2370, 6070 2375, 6070 2385, 6065 2390, 6060 2395, 6060 2405, 6055 2410, 6050 2415, 6045 2420, 6040 2425, 6035 2430, 6030 2435, 6030 2445, 6025 2450, 6020 2455, 6020 2465, 6020 2475, 6020 2485, 6015 2490, 6010 2495, 6005 2500, 6000 2505, 6005 2510, 6010 2515, 6010 2525, 6015 2530, 6020 2535, 6020 2545, 6025 2550, 6030 2555, 6030 2565, 6030 2575, 6035 2580, 6040 2585, 6045 2590, 6050 2595, 6055 2600, 6060 2605, 6065 2610, 6070 2615, 6070 2625, 6070 2635, 6075 2640, 6080 2645, 6085 2650, 6090 2655, 6090 2665, 6095 2670, 6100 2675, 6105 2680, 6110 2685, 6115 2690, 6120 2695, 6120 2705, 6120 2715, 6120 2725, 6120 2735, 6120 2745, 6120 2755, 6115 2760, 6110 2765, 6110 2775, 6110 2785, 6110 2795, 6105 2800, 6100 2805, 6100 2815, 6100 2825, 6095 2830, 6090 2835, 6090 2845, 6095 2850, 6100 2855, 6100 2865, 6105 2870, 6110 2875, 6110 2885, 6115 2890, 6120 2895, 6120 2905, 6120 2915, 6120 2925, 6120 2935, 6120 2945, 6120 2955, 6115 2960, 6110 2965, 6105 2970, 6100 2975, 6095 2980, 6090 2985, 6085 2990, 6075 2990, 6065 2990, 6060 2995, 6055 3000, 6050 3005, 6045 3010, 6040 3015, 6040 3025, 6040 3035, 6040 3045, 6035 3050, 6030 3055, 6025 3060, 6020 3065, 6015 3070))"
core,1,P2_3_T,,67250.0,1,5994.959727385378,2608.8048327137544,"POLYGON ((6015 2990, 6010 2985, 6010 2975, 6005 2970, 6000 2965, 5995 2960, 5990 2955, 5990 2945, 5990 2935, 5985 2930, 5980 2925, 5980 2915, 5975 2910, 5970 2905, 5970 2895, 5975 2890, 5980 2885, 5975 2880, 5970 2875, 5970 2865, 5970 2855, 5970 2845, 5965 2840, 5960 2835, 5965 2830, 5970 2825, 5970 2815, 5970 2805, 5965 2800, 5960 2795, 5960 2785, 5965 2780, 5970 2775, 5970 2765, 5970 2755, 5970 2745, 5965 2740, 5955 2740, 5945 2740, 5940 2735, 5945 2730, 5950 2725, 5950 2715, 5955 2710, 5960 2705, 5965 2700, 5970 2695, 5965 2690, 5960 2685, 5960 2675, 5955 2670, 5950 2665, 5945 2660, 5940 2655, 5940 2645, 5945 2640, 5950 2635, 5950 2625, 5950 2615, 5955 2610, 5960 2605, 5960 2595, 5955 2590, 5950 2585, 5945 2580, 5940 2575, 5935 2570, 5930 2565, 5930 2555, 5930 2545, 5930 2535, 5930 2525, 5925 2520, 5920 2515, 5920 2505, 5920 2495, 5920 2485, 5920 2475, 5920 2465, 5920 2455, 5920 2445, 5920 2435, 5915 2430, 5910 2425, 5910 2415, 5910 2405, 5910 2395, 5910 2385, 5910 2375, 5910 2365, 5915 2360, 5920 2355, 5920 2345, 5920 2335, 5920 2325, 5920 2315, 5920 2305, 5920 2295, 5925 2290, 5930 2285, 5930 2275, 5930 2265, 5935 2260, 5940 2255, 5945 2250, 5950 2245, 5955 2240, 5960 2235, 5965 2230, 5970 2225, 5975 2220, 5985 2220, 5990 2225, 5995 2230, 6000 2235, 6005 2240, 6010 2245, 6010 2255, 6015 2260, 6020 2265, 6020 2275, 6020 2285, 6020 2295, 6025 2300, 6030 2305, 6035 2310, 6040 2315, 6045 2320, 6050 2325, 6050 2335, 6050 2345, 6045 2350, 6040 2355, 6040 2365, 6035 2370, 6030 2375, 6030 2385, 6025 2390, 6020 2395, 6015 2400, 6010 2405, 6005 2410, 6000 2415, 6000 2425, 5995 2430, 5990 2435, 5990 2445, 5990 2455, 5990 2465, 5985 2470, 5980 2475, 5975 2480, 5970 2485, 5970 2495, 5970 2505, 5970 2515, 5970 2525, 5975 2530, 5980 2535, 5980 2545, 5985 2550, 5990 2555, 5990 2565, 5995 2570, 6000 2575, 6000 2585, 6000 2595, 6005 2600, 6010 2605, 6015 2610, 6020 2615, 6025 2620, 6030 2625, 6035 2630, 6040 2635, 6040 2645, 6040 2655, 6045 2660, 6050 2665, 6055 2670, 6060 2675, 6060 2685, 6065 2690, 6070 2695, 6075 2700, 6080 2705, 6085 2710, 6090 2715, 6090 2725, 6090 2735, 6085 2740, 6080 2745, 6080 2755, 6080 2765, 6080 2775, 6075 2780, 6070 2785, 6070 2795, 6070 2805, 6065 2810, 6060 2815, 6060 2825, 6060 2835, 6060 2845, 6060 2855, 6060 2865, 6065 2870, 6070 2875, 6070 2885, 6075 2890, 6080 2895, 6080 2905, 6085 2910, 6090 2915, 6090 2925, 6090 2935, 6085 2940, 6080 2945, 6075 2950, 6070 2955, 6065 2960, 6055 2960, 6045 2960, 6040 2965, 6035 2970, 6030 2975, 6025 2980, 6020 2985, 6015 2990))"
rim,1,P2_3_T,,40950.0,1,6039.475986975986,2605.440577940578,"POLYGON ((6015 3070, 6005 3070, 6000 3065, 5995 3060, 5990 3055, 5990 3045, 5990 3035, 5990 3025, 5990 3015, 5990 3005, 5985 3000, 5980 2995, 5985 2990, 5990 2985, 5990 2975, 5990 2965, 5995 2960, 6000 2965, 6005 2970, 6010 2975, 6010 2985, 6015 2990, 6020 2985, 6025 2980, 6030 2975, 6035 2970, 6040 2965, 6045 2960, 6055 2960, 6065 2960, 6070 2955, 6075 2950, 6080 2945, 6085 2940, 6090 2935, 6090 2925, 6090 2915, 6085 2910, 6080 2905, 6080 2895, 6075 2890, 6070 2885, 6070 2875, 6065 2870, 6060 2865, 6060 2855, 6060 2845, 6060 2835, 6060 2825, 6060 2815, 6065 2810, 6070 2805, 6070 2795, 6070 2785, 6075 2780, 6080 2775, 6080 2765, 6080 2755, 6080 2745, 6085 2740, 6090 2735, 6090 2725, 6090 2715, 6085 2710, 6080 2705, 6075 2700, 6070 2695, 6065 2690, 6060 2685, 6060 2675, 6055 2670, 6050 2665, 6045 2660, 6040 2655, 6040 2645, 6040 2635, 6035 2630, 6030 2625, 6025 2620, 6020 2615, 6015 2610, 6010 2605, 6005 2600, 6000 2595, 6000 2585, 6000 2575, 5995 2570, 5990 2565, 5990 2555, 5985 2550, 5980 2545, 5980 2535, 5975 2530, 5970 2525, 5970 2515, 5970 2505, 5970 2495, 5970 2485, 5975 2480, 5980 2475, 5985 2470, 5990 2465, 5990 2455, 5990 2445, 5990 2435, 5995 2430, 6000 2425, 6000 2415, 6005 2410, 6010 2405, 6015 2400, 6020 2395, 6025 2390, 6030 2385, 6030 2375, 6035 2370, 6040 2365, 6040 2355, 6045 2350, 6050 2345, 6050 2335, 6050 2325, 6045 2320, 6040 2315, 6035 2310, 6030 2305, 6025 2300, 6020 2295, 6020 2285, 6020 2275, 6020 2265, 6015 2260, 6010 2255, 6010 2245, 6005 2240, 6000 2235, 5995 2230, 5990 2225, 5985 2220, 5975 2220, 5970 2225, 5965 2230, 5960 2235, 5955 2240, 5950 2245, 5945 2250, 5940 2255, 5935 2260, 5930 2265, 5930 2275, 5930 2285, 5925 2290, 5915 2290, 5910 2285, 5910 2275, 5910 2265, 5910 2255, 5910 2245, 5915 2240, 5920 2235, 5920 2225, 5925 2220, 5930 2215, 5935 2210, 5940 2205, 5945 2200, 5950 2195, 5955 2190, 5960 2185, 5965 2180, 5970 2185, 5975 2190, 5985 2190, 5995 2190, 6005 2190, 6010 2195, 6015 2200, 6020 2205, 6025 2210, 6030 2215, 6035 2220, 6040 2225, 6040 2235, 6045 2240, 6050 2245, 6050 2255, 6050 2265, 6050 2275, 6055 2280, 6060 2285, 6065 2290, 6070 2295, 6075 2300, 6085 2300, 6090 2305, 6095 2310, 6100 2315, 6105 2320, 6110 2325, 6105 2330, 6100 2335, 6095 2340, 6090 2345, 6085 2350, 6080 2355, 6080 2365, 6075 2370, 6070 2375, 6070 2385, 6065 2390, 6060 2395, 6060 2405, 6055 2410, 6050 2415, 6045 2420, 6040 2425, 6035 2430, 6030 2435, 6030 2445, 6025 2450, 6020 2455, 6020 2465, 6020 2475, 6020 2485, 6015 2490, 6010 2495, 6005 2500, 6000 2505, 6005 2510, 6010 2515, 6010 2525, 6015 2530, 6020 2535, 6020 2545, 6025 2550, 6030 2555, 6030 2565, 6030 2575, 6035 2580, 6040 2585, 6045 2590, 6050 2595, 6055 2600, 6060 2605, 6065 2610, 6070 2615, 6070 2625, 6070 2635, 6075 2640, 6080 2645, 6085 2650, 6090 2655, 6090 2665, 6095 2670, 6100 2675, 6105 2680, 6110 2685, 6115 2690, 6120 2695, 6120 2705, 6120 2715, 6120 2725, 6120 2735, 6120 2745, 6120 2755, 6115 2760, 6110 2765, 6110 2775, 6110 2785, 6110 2795, 6105 2800, 6100 2805, 6100 2815, 6100 2825, 6095 2830, 6090 2835, 6090 2845, 6095 2850, 6100 2855, 6100 2865, 6105 2870, 6110 2875, 6110 2885, 6115 2890, 6120 2895, 6120 2905, 6120 2915, 6120 2925, 6120 2935, 6120 2945, 6120 2955, 6115 2960, 6110 2965, 6105 2970, 6100 2975, 6095 2980, 6090 2985, 6085 2990, 6075 2990, 6065 2990, 6060 2995, 6055 3000, 6050 3005, 6045 3010, 6040 3015, 6040 3025, 6040 3035, 6040 3045, 6035 3050, 6030 3055, 6025 3060, 6020 3065, 6015 3070))"
lesion,2,P2_3_T,,250.0,1,5915.0,2915.0,"POLYGON ((5915 2930, 5910 2925, 5910 2915, 5910 2905, 5915 2900, 5920 2905, 5920 2915, 5920 2925, 5915 2930))"
rim,2,P2_3_T,,250.0,1,5915.0,2915.0,"POLYGON ((5915 2930, 5910 2925, 5910 2915, 5910 2905, 5915 2900, 5920 2905, 5920 2915, 5920 2925, 5915 2930))"
lesion,3,P2_3_T,,3850.0,1,6992.8138528138525,3043.7012987012986,"POLYGON ((6975 3120, 6970 3115, 6970 3105, 6975 3100, 6980 3095, 6980 3085, 6975 3080, 6970 3075, 6975 3070, 6980 3065, 6975 3060, 6970 3055, 6975 3050, 6980 3045, 6980 3035, 6980 3025, 6980 3015, 6980 3005, 6980 2995, 6985 2990, 6990 2985, 6995 2980, 7000 2975, 7005 2970, 7010 2975, 7010 2985, 7010 2995, 7010 3005, 7010 3015, 7010 3025, 7010 3035, 7010 3045, 7010 3055, 7010 3065, 7010 3075, 7005 3080, 7000 3085, 7000 3095, 6995 3100, 6990 3105, 6985 3110, 6980 3115, 6975 3120))"
rim,3,P2_3_T,,3850.0,1,6992.8138528138525,3043.7012987012986,"POLYGON ((6975 3120, 6970 3115, 6970 3105, 6975 3100, 6980 3095, 6980 3085, 6975 3080, 6970 3075, 6975 3070, 6980 3065, 6975 3060, 6970 3055, 6975 3050, 6980 3045, 6980 3035, 6980 3025, 6980 3015, 6980 3005, 6980 2995, 6985 2990, 6990 2985, 6995 2980, 7000 2975, 7005 2970, 7010 2975, 7010 2985, 7010 2995, 7010 3005, 7010 3015, 7010 3025, 7010 3035, 7010 3045, 7010 3055, 7010 3065, 7010 3075, 7005 3080, 7000 3085, 7000 3095, 6995 3100, 6990 3105, 6985 3110, 6980 3115, 6975 3120))"
lesion,5,P2_3_T,,2150.0,1,6949.0503875969,3185.910852713178,"POLYGON ((6945 3230, 6935 3230, 6930 3225, 6930 3215, 6930 3205, 6925 3200, 6920 3195, 6925 3190, 6930 3185, 6935 3180, 6940 3175, 6945 3170, 6950 3165, 6950 3155, 6955 3150, 6960 3145, 6965 3140, 6970 3145, 6975 3150, 6980 3155, 6975 3160, 6970 3165, 6970 3175, 6965 3180, 6960 3185, 6960 3195, 6955 3200, 6950 3205, 6950 3215, 6950 3225, 6945 3230))"
rim,5,P2_3_T,,2150.0,1,6949.0503875969,3185.910852713178,"POLYGON ((6945 3230, 6935 3230, 6930 3225, 6930 3215, 6930 3205, 6925 3200, 6920 3195, 6925 3190, 6930 3185, 6935 3180, 6940 3175, 6945 3170, 6950 3165, 6950 3155, 6955 3150, 6960 3145, 6965 3140, 6970 3145, 6975 3150, 6980 3155, 6975 3160, 6970 3165, 6970 3175, 6965 3180, 6960 3185, 6960 3195, 6955 3200, 6950 3205, 6950 3215, 6950 3225, 6945 3230))"
lesion,6,P2_3_T,,279750.0,1,6357.322758415252,3481.679624664879,"POLYGON ((6305 3760, 6300 3755, 6295 3750, 6290 3755, 6285 3760, 6275 3760, 6270 3755, 6265 3750, 6260 3745, 6255 3740, 6245 3740, 6235 3740, 6225 3740, 6220 3745, 6215 3750, 6205 3750, 6200 3745, 6195 3740, 6190 3735, 6185 3730, 6180 3725, 6175 3720, 6170 3715, 6165 3710, 6160 3715, 6155 3720, 6145 3720, 6135 3720, 6125 3720, 6120 3715, 6115 3710, 6110 3705, 6105 3700, 6100 3695, 6095 3690, 6090 3685, 6085 3680, 6080 3675, 6080 3665, 6080 3655, 6080 3645, 6080 3635, 6080 3625, 6075 3620, 6070 3615, 6070 3605, 6070 3595, 6065 3590, 6060 3585, 6055 3580, 6050 3575, 6050 3565, 6050 3555, 6055 3550, 6060 3545, 6055 3540, 6050 3535, 6050 3525, 6050 3515, 6050 3505, 6050 3495, 6050 3485, 6050 3475, 6050 3465, 6050 3455, 6050 3445, 6055 3440, 6060 3435, 6060 3425, 6060 3415, 6060 3405, 6055 3400, 6050 3395, 6050 3385, 6045 3380, 6040 3375, 6040 3365, 6040 3355, 6040 3345, 6045 3340, 6050 3335, 6050 3325, 6050 3315, 6045 3310, 6040 3305, 6040 3295, 6040 3285, 6040 3275, 6040 3265, 6035 3260, 6030 3255, 6025 3250, 6015 3250, 6010 3245, 6005 3240, 5995 3240, 5985 3240, 5980 3245, 5980 3255, 5975 3260, 5970 3255, 5970 3245, 5970 3235, 5970 3225, 5970 3215, 5975 3210, 5980 3205, 5985 3200, 5990 3195, 5995 3190, 6000 3185, 6005 3180, 6015 3180, 6025 3180, 6030 3185, 6035 3190, 6045 3190, 6050 3185, 6055 3180, 6065 3180, 6070 3175, 6075 3170, 6085 3170, 6090 3165, 6095 3160, 6105 3160, 6110 3155, 6115 3150, 6125 3150, 6135 3150, 6145 3150, 6155 3150, 6160 3155, 6165 3160, 6175 3160, 6180 3165, 6185 3170, 6190 3175, 6195 3180, 6205 3180, 6210 3185, 6215 3190, 6225 3190, 6235 3190, 6245 3190, 6255 3190, 6265 3190, 6270 3185, 6275 3180, 6280 3175, 6285 3170, 6290 3165, 6295 3160, 6305 3160, 6310 3165, 6315 3170, 6320 3175, 6325 3180, 6330 3185, 6335 3190, 6340 3195, 6340 3205, 6340 3215, 6340 3225, 6335 3230, 6330 3235, 6325 3240, 6320 3245, 6315 3250, 6310 3255, 6305 3260, 6300 3265, 6295 3270, 6290 3275, 6290 3285, 6285 3290, 6280 3295, 6275 3300, 6270 3305, 6270 3315, 6270 3325, 6265 3330, 6260 3335, 6260 3345, 6255 3350, 6250 3355, 6250 3365, 6255 3370, 6260 3375, 6260 3385, 6260 3395, 6260 3405, 6265 3410, 6270 3415, 6270 3425, 6270 3435, 6275 3440, 6280 3445, 6285 3450, 6290 3455, 6295 3460, 6300 3455, 6305 3450, 6315 3450, 6325 3450, 6330 3445, 6335 3440, 6345 3440, 6350 3435, 6355 3430, 6360 3425, 6365 3420, 6370 3415, 6375 3410, 6380 3405, 6380 3395, 6385 3390, 6390 3385, 6395 3380, 6400 3375, 6405 3370, 6415 3370, 6425 3370, 6435 3370, 6440 3365, 6445 3360, 6455 3360, 6460 3355, 6465 3350, 6475 3350, 6480 3355, 6485 3360, 6490 3355, 6495 3350, 6505 3350, 6510 3355, 6515 3360, 6520 3365, 6525 3370, 6530 3375, 6535 3380, 6540 3385, 6545 3390, 6550 3395, 6555 3400, 6560 3405, 6565 3410, 6570 3415, 6575 3420, 6580 3425, 6585 3430, 6590 3435, 6595 3440, 6605 3440, 6615 3440, 6620 3435, 6625 3430, 6630 3425, 6635 3420, 6645 3420, 6655 3420, 6660 3415, 6665 3410, 6675 3410, 6685 3410, 6690 3405, 6695 3400, 6705 3400, 6715 3400, 6725 3400, 6735 3400, 6740 3395, 6745 3390, 6750 3395, 6755 3400, 6765 3400, 6770 3395, 6775 3390, 6785 3390, 6790 3385, 6795 3380, 6800 3375, 6805 3370, 6810 3365, 6815 3360, 6825 3360, 6835 3360, 6840 3355, 6845 3350, 6850 3345, 6855 3340, 6860 3335, 6865 3330, 6870 3325, 6875 3320, 6880 3315, 6880 3305, 6885 3300, 6890 3295, 6895 3290, 6900 3285, 6905 3280, 6910 3285, 6915 3290, 6920 3295, 6925 3300, 6930 3305, 6925 3310, 6920 3315, 6925 3320, 6930 3325, 6930 3335, 6925 3340, 6920 3345, 6915 3350, 6910 3345, 6905 3340, 6900 3335, 6895 3330, 6890 3335, 6885 3340, 6880 3345, 6875 3350, 6870 3355, 6870 3365, 6870 3375, 6870 3385, 6865 3390, 6860 3395, 6860 3405, 6855 3410, 6850 3415, 6855 3420, 6860 3425, 6860 3435, 6855 3440, 6850 3445, 6850 3455, 6845 3460, 6840 3465, 6835 3470, 6830 3475, 6830 3485, 6825 3490, 6820 3495, 6815 3500, 6810 3505, 6805 3510, 6795 3510, 6790 3515, 6785 3520, 6780 3525, 6775 3530, 6770 3535, 6770 3545, 6765 3550, 6760 3555, 6755 3560, 6750 3565, 6750 3575, 6745 3580, 6735 3580, 6730 3585, 6725 3590, 6715 3590, 6705 3590, 6695 3590, 6685 3590, 6675 3590, 6670 3595, 6665 3600, 6660 3605, 6655 3610, 6645 3610, 6640 3615, 6635 3620, 6630 3625, 6625 3630, 6620 3635, 6615 3640, 6610 3645, 6605 3650, 6600 3655, 6595 3660, 6585 3660, 6580 3665, 6575 3670, 6565 3670, 6560 3675, 6555 3680, 6545 3680, 6535 3680, 6525 3680, 6520 3685, 6515 3690, 6505 3690, 6500 3695, 6495 3700, 6485 3700, 6480 3705, 6475 3710, 6470 3715, 6465 3720, 6455 3720, 6445 3720, 6440 3725, 6435 3730, 6425 3730, 6415 3730, 6410 3735, 6405 3740, 6395 3740, 6385 3740, 6375 3740, 6365 3740, 6355 3740, 6345 3740, 6340 3745, 6335 3750, 6325 3750, 6315 3750, 6310 3755, 6305 3760))"
core,6,P2_3_T,,200450.0,1,6333.8108006984285,3496.572503533716,"POLYGON ((6345 3720, 6335 3720, 6325 3720, 6315 3720, 6305 3720, 6295 3720, 6285 3720, 6280 3715, 6275 3710, 6265 3710, 6255 3710, 6245 3710, 6235 3710, 6225 3710, 6215 3710, 6210 3705, 6205 3700, 6200 3695, 6195 3690, 6190 3685, 6185 3680, 6175 3680, 6165 3680, 6155 3680, 6145 3680, 6135 3680, 6130 3675, 6125 3670, 6120 3665, 6115 3660, 6110 3655, 6110 3645, 6105 3640, 6100 3635, 6095 3630, 6090 3625, 6090 3615, 6085 3610, 6080 3605, 6080 3595, 6075 3590, 6070 3585, 6065 3580, 6060 3575, 6060 3565, 6055 3560, 6050 3555, 6055 3550, 6060 3545, 6055 3540, 6050 3535, 6050 3525, 6050 3515, 6050 3505, 6050 3495, 6050 3485, 6050 3475, 6050 3465, 6050 3455, 6050 3445, 6055 3440, 6060 3435, 6060 3425, 6060 3415, 6060 3405, 6055 3400, 6050 3395, 6050 3385, 6045 3380, 6040 3375, 6040 3365, 6040 3355, 6040 3345, 6045 3340, 6050 3335, 6050 3325, 6050 3315, 6045 3310, 6040 3305, 6040 3295, 6040 3285, 6040 3275, 6040 3265, 6035 3260, 6030 3255, 6025 3250, 6015 3250, 6010 3245, 6005 3240, 6000 3235, 6005 3230, 6010 3225, 6015 3220, 6025 3220, 6035 3220, 6045 3220, 6055 3220, 6065 3220, 6070 3215, 6075 3210, 6085 3210, 6090 3205, 6095 3200, 6105 3200, 6110 3195, 6115 3190, 6125 3190, 6130 3185, 6135 3180, 6140 3185, 6145 3190, 6155 3190, 6160 3195, 6165 3200, 6170 3205, 6175 3210, 6185 3210, 6190 3215, 6195 3220, 6205 3220, 6215 3220, 6225 3220, 6235 3220, 6245 3220, 6255 3220, 6265 3220, 6275 3220, 6285 3220, 6290 3225, 6285 3230, 6280 3235, 6275 3240, 6270 3245, 6265 3250, 6260 3255, 6260 3265, 6255 3270, 6250 3275, 6245 3280, 6240 3285, 6240 3295, 6240 3305, 6235 3310, 6230 3315, 6230 3325, 6225 3330, 6220 3335, 6220 3345, 6220 3355, 6220 3365, 6220 3375, 6220 3385, 6225 3390, 6230 3395, 6230 3405, 6230 3415, 6230 3425, 6235 3430, 6240 3435, 6240 3445, 6240 3455, 6245 3460, 6250 3465, 6255 3470, 6260 3475, 6265 3480, 6270 3485, 6275 3490, 6285 3490, 6295 3490, 6305 3490, 6315 3490, 6320 3485, 6325 3480, 6335 3480, 6345 3480, 6350 3475, 6355 3470, 6365 3470, 6370 3465, 6375 3460, 6380 3455, 6385 3450, 6390 3445, 6395 3440, 6400 3435, 6405 3430, 6410 3425, 6410 3415, 6415 3410, 6420 3405, 6425 3400, 6435 3400, 6445 3400, 6455 3400, 6460 3395, 6465 3390, 6475 3390, 6485 3390, 6495 3390, 6500 3395, 6505 3400, 6510 3405, 6515 3410, 6520 3415, 6525 3420, 6530 3425, 6535 3430, 6540 3435, 6545 3440, 6550 3445, 6555 3450, 6560 3455, 6565 3460, 6570 3465, 6575 3470, 6585 3470, 6595 3470, 6605 3470, 6615 3470, 6625 3470, 6635 3470, 6640 3465, 6645 3460, 6650 3455, 6655 3450, 6665 3450, 6675 3450, 6680 3445, 6685 3440, 6695 3440, 6705 3440, 6710 3435, 6715 3430, 6725 3430, 6735 3430, 6745 3430, 6755 3430, 6765 3430, 6775 3430, 6785 3430, 6790 3425, 6795 3420, 6805 3420, 6810 3415, 6815 3410, 6820 3405, 6825 3400, 6830 3395, 6835 3390, 6845 3390, 6855 3390, 6860 3395, 6855 3400, 6850 3405, 6850 3415, 6850 3425, 6845 3430, 6840 3435, 6840 3445, 6835 3450, 6830 3455, 6825 3460, 6820 3465, 6820 3475, 6815 3480, 6810 3485, 6805 3490, 6800 3495, 6795 3500, 6790 3505, 6785 3510, 6775 3510, 6770 3515, 6765 3520, 6755 3520, 6750 3525, 6745 3530, 6740 3535, 6735 3540, 6730 3545, 6725 3550, 6715 3550, 6710 3555, 6705 3560, 6695 3560, 6685 3560, 6675 3560, 6665 3560, 6655 3560, 6650 3565, 6645 3570, 6640 3575, 6635 3580, 6625 3580, 6620 3585, 6615 3590, 6610 3595, 6605 3600, 6600 3605, 6595 3610, 6590 3615, 6585 3620, 6580 3625, 6575 3630, 6565 3630, 6560 3635, 6555 3640, 6550 3645, 6545 3650, 6540 3655, 6535 3660, 6525 3660, 6520 3665, 6515 3670, 6505 3670, 6500 3675, 6495 3680, 6485 3680, 6475 3680, 6470 3685, 6465 3690, 6460 3695, 6455 3700, 6445 3700, 6435 3700, 6425 3700, 6415 3700, 6410 3705, 6405 3710, 6395 3710, 6385 3710, 6375 3710, 6365 3710, 6355 3710, 6350 3715, 6345 3720))"
rim,6,P2_3_T,,78550.0,3,6416.879376193508,3443.949183110545,"MULTIPOLYGON (((6320 3485, 6325 3480, 6335 3480, 6345 3480, 6350 3475, 6355 3470, 6365 3470, 6370 3465, 6375 3460, 6380 3455, 6385 3450, 6390 3445, 6395 3440, 6400 3435, 6405 3430, 6410 3425, 6410 3415, 6415 3410, 6420 3405, 6425 3400, 6435 3400, 6445 3400, 6455 3400, 6460 3395, 6465 3390, 6475 3390, 6485 3390, 6495 3390, 6500 3395, 6505 3400, 6510 3405, 6515 3410, 6520 3415, 6525 3420, 6530 3425, 6535 3430, 6540 3435, 6545 3440, 6550 3445, 6555 3450, 6560 3455, 6565 3460, 6570 3465, 6575 3470, 6585 3470, 6595 3470, 6605 3470, 6615 3470, 6625 3470, 6635 3470, 6640 3465, 6645 3460, 6650 3455, 6655 3450, 6665 3450, 6675 3450, 6680 3445, 6685 3440, 6695 3440, 6705 3440, 6710 3435, 6715 3430, 6725 3430, 6735 3430, 6745 3430, 6755 3430, 6765 3430, 6775 3430, 6785 3430, 6790 3425, 6795 3420, 6805 3420, 6810 3415, 6815 3410, 6820 3405, 6825 3400, 6830 3395, 6835 3390, 6845 3390, 6855 3390, 6860 3385, 6865 3380, 6870 3375, 6870 3365, 6870 3355, 6875 3350, 6880 3345, 6885 3340, 6890 3335, 6895 3330, 6900 3335, 6905 3340, 6910 3345, 6915 3350, 6920 3345, 6925 3340, 6930 3335, 6930 3325, 6925 3320, 6920 3315, 6925 3310, 6930 3305, 6925 3300, 6920 3295, 6915 3290, 6910 3285, 6905 3280, 6900 3285, 6895 3290, 6890 3295, 6885 3300, 6880 3305, 6880 3315, 6875 3320, 6870 3325, 6865 3330, 6860 3335, 6855 3340, 6850 3345, 6845 3350, 6840 3355, 6835 3360, 6825 3360, 6815 3360, 6810 3365, 6805 3370, 6800 3375, 6795 3380, 6790 3385, 6785 3390, 6775 3390, 6770 3395, 6765 3400, 6755 3400, 6750 3395, 6745 3390, 6740 3395, 6735 3400, 6725 3400, 6715 3400, 6705 3400, 6695 3400, 6690 3405, 6685 3410, 6675 3410, 6665 3410, 6660 3415, 6655 3420, 6645 3420, 6635 3420, 6630 3425, 6625 3430, 6620 3435, 6615 3440, 6605 3440, 6595 3440, 6590 3435, 6585 3430, 6580 3425, 6575 3420, 6570 3415, 6565 3410, 6560 3405, 6555 3400, 6550 3395, 6545 3390, 6540 3385, 6535 3380, 6530 3375, 6525 3370, 6520 3365, 6515 3360, 6510 3355, 6505 3350, 6495 3350, 6490 3355, 6485 3360, 6480 3355, 6475 3350, 6465 3350, 6460 3355, 6455 3360, 6445 3360, 6440 3365, 6435 3370, 6425 3370, 6415 3370, 6405 3370, 6400 3375, 6395 3380, 6390 3385, 6385 3390, 6380 3395, 6380 3405, 6375 3410, 6370 3415, 6365 3420, 6360 3425, 6355 3430, 6350 3435, 6345 3440, 6335 3440, 6330 3445, 6325 3450, 6315 3450, 6305 3450, 6300 3455, 6295 3460, 6290 3455, 6285 3450, 6280 3445, 6275 3440, 6270 3435, 6270 3425, 6270 3415, 6265 3410, 6260 3405, 6260 3395, 6260 3385, 6260 3375, 6255 3370, 6250 3365, 6250 3355, 6255 3350, 6260 3345, 6260 3335, 6265 3330, 6270 3325, 6270 3315, 6270 3305, 6275 3300, 6280 3295, 6285 3290, 6290 3285, 6290 3275, 6295 3270, 6300 3265, 6305 3260, 6310 3255, 6315 3250, 6320 3245, 6325 3240, 6330 3235, 6335 3230, 6340 3225, 6340 3215, 6340 3205, 6340 3195, 6335 3190, 6330 3185, 6325 3180, 6320 3175, 6315 3170, 6310 3165, 6305 3160, 6295 3160, 6290 3165, 6285 3170, 6280 3175, 6275 3180, 6270 3185, 6265 3190, 6255 3190, 6245 3190, 6235 3190, 6225 3190, 6215 3190, 6210 3185, 6205 3180, 6195 3180, 6190 3175, 6185 3170, 6180 3165, 6175 3160, 6165 3160, 6160 3155, 6155 3150, 6145 3150, 6135 3150, 6125 3150, 6115 3150, 6110 3155, 6105 3160, 6095 3160, 6090 3165, 6085 3170, 6075 3170, 6070 3175, 6065 3180, 6055 3180, 6050 3185, 6045 3190, 6035 3190, 6030 3185, 6025 3180, 6015 3180, 6005 3180, 6000 3185, 5995 3190, 5990 3195, 5985 3200, 5980 3205, 5975 3210, 5970 3215, 5970 3225, 5970 3235, 5970 3245, 5970 3255, 5975 3260, 5980 3255, 5980 3245, 5985 3240, 5995 3240, 6000 3235, 6005 3230, 6010 3225, 6015 3220, 6025 3220, 6035 3220, 6045 3220, 6055 3220, 6065 3220, 6070 3215, 6075 3210, 6085 3210, 6090 3205, 6095 3200, 6105 3200, 6110 3195, 6115 3190, 6125 3190, 6130 3185, 6135 3180, 6140 3185, 6145 3190, 6155 3190, 6160 3195, 6165 3200, 6170 3205, 6175 3210, 6185 3210, 6190 3215, 6195 3220, 6205 3220, 6215 3220, 6225 3220, 6235 3220, 6245 3220, 6255 3220, 6265 3220, 6275 3220, 6285 3220, 6290 3215, 6295 3210, 6300 3215, 6295 3220, 6290 3225, 6285 3230, 6280 3235, 6275 3240, 6270 3245, 6265 3250, 6260 3255, 6260 3265, 6255 3270, 6250 3275, 6245 3280, 6240 3285, 6240 3295, 6240 3305, 6235 3310, 6230 3315, 6230 3325, 6225 3330, 6220 3335, 6220 3345, 6220 3355, 6220 3365, 6220 3375, 6220 3385, 6225 3390, 6230 3395, 6230 3405, 6230 3415, 6230 3425, 6235 3430, 6240 3435, 6240 3445, 6240 3455, 6245 3460, 6250 3465, 6255 3470, 6260 3475, 6265 3480, 6270 3485, 6275 3490, 6285 3490, 6295 3490, 6305 3490, 6315 3490, 6320 3485)), ((6815 3500, 6820 3495, 6825 3490, 6830 3485, 6830 3475, 6835 3470, 6840 3465, 6845 3460, 6850 3455, 6850 3445, 6855 3440, 6860 3435, 6860 3425, 6855 3420, 6850 3425, 6845 3430, 6840 3435, 6840 3445, 6835 3450, 6830 3455, 6825 3460, 6820 3465, 6820 3475, 6815 3480, 6810 3485, 6805 3490, 6800 3495, 6795 3500, 6790 3505, 6795 3510, 6805 3510, 6810 3505, 6815 3500)), ((6315 3750, 6325 3750, 6335 3750, 6340 3745, 6345 3740, 6355 3740, 6365 3740, 6375 3740, 6385 3740, 6395 3740, 6405 3740, 6410 3735, 6415 3730, 6425 3730, 6435 3730, 6440 3725, 6445 3720, 6455 3720, 6465 3720, 6470 3715, 6475 3710, 6480 3705, 6485 3700, 6495 3700, 6500 3695, 6505 3690, 6515 3690, 6520 3685, 6525 3680, 6535 3680, 6545 3680, 6555 3680, 6560 3675, 6565 3670, 6575 3670, 6580 3665, 6585 3660, 6595 3660, 6600 3655, 6605 3650, 6610 3645, 6615 3640, 6620 3635, 6625 3630, 6630 3625, 6635 3620, 6640 3615, 6645 3610, 6655 3610, 6660 3605, 6665 3600, 6670 3595, 6675 3590, 6685 3590, 6695 3590, 6705 3590, 6715 3590, 6725 3590, 6730 3585, 6735 3580, 6745 3580, 6750 3575, 6750 3565, 6755 3560, 6760 3555, 6765 3550, 6770 3545, 6770 3535, 6775 3530, 6780 3525, 6785 3520, 6790 3515, 6785 3510, 6775 3510, 6770 3515, 6765 3520, 6755 3520, 6750 3525, 6745 3530, 6740 3535, 6735 3540, 6730 3545, 6725 3550, 6715 3550, 6710 3555, 6705 3560, 6695 3560, 6685 3560, 6675 3560, 6665 3560, 6655 3560, 6650 3565, 6645 3570, 6640 3575, 6635 3580, 6625 3580, 6620 3585, 6615 3590, 6610 3595, 6605 3600, 6600 3605, 6595 3610, 6590 3615, 6585 3620, 6580 3625, 6575 3630, 6565 3630, 6560 3635, 6555 3640, 6550 3645, 6545 3650, 6540 3655, 6535 3660, 6525 3660, 6520 3665, 6515 3670, 6505 3670, 6500 3675, 6495 3680, 6485 3680, 6475 3680, 6470 3685, 6465 3690, 6460 3695, 6455 3700, 6445 3700, 6435 3700, 6425 3700, 6415 3700, 6410 3705, 6405 3710, 6395 3710, 6385 3710, 6375 3710, 6365 3710, 6355 3710, 6350 3715, 6345 3720, 6335 3720, 6325 3720, 6315 3720, 6305 3720, 6295 3720, 6285 3720, 6280 3715, 6275 3710, 6265 3710, 6255 3710, 6245 3710, 6235 3710, 6225 3710, 6215 3710, 6210 3705, 6205 3700, 6200 3695, 6195 3690, 6190 3685, 6185 3680, 6175 3680, 6165 3680, 6155 3680, 6145 3680, 6135 3680, 6130 3675, 6125 3670, 6120 3665, 6115 3660, 6110 3655, 6110 3645, 6105 3640, 6100 3635, 6095 3630, 6090 3625, 6090 3615, 6085 3610, 6080 3605, 6080 3595, 6075 3590, 6070 3595, 6070 3605, 6070 3615, 6075 3620, 6080 3625, 6080 3635, 6080 3645, 6080 3655, 6080 3665, 6080 3675, 6085 3680, 6090 3685, 6095 3690, 6100 3695, 6105 3700, 6110 3705, 6115 3710, 6120 3715, 6125 3720, 6135 3720, 6145 3720, 6155 3720, 6160 3715, 6165 3710, 6170 3715, 6175 3720, 6180 3725, 6185 3730, 6190 3735, 6195 3740, 6200 3745, 6205 3750, 6215 3750, 6220 3745, 6225 3740, 6235 3740, 6245 3740, 6255 3740, 6260 3745, 6265 3750, 6270 3755, 6275 3760, 6285 3760, 6290 3755, 6295 3750, 6300 3755, 6305 3760, 6310 3755, 6315 3750)))"
lesion,7,P2_3_T,,550.0,1,5978.257575757575,3293.560606060606,"POLYGON ((5985 3310, 5975 3310, 5970 3305, 5970 3295, 5970 3285, 5970 3275, 5975 3270, 5980 3275, 5980 3285, 5985 3290, 5990 3295, 5990 3305, 5985 3310))"
rim,7,P2_3_T,,550.0,1,5978.257575757575,3293.560606060606,"POLYGON ((5985 3310, 5975 3310, 5970 3305, 5970 3295, 5970 3285, 5970 3275, 5975 3270, 5980 3275, 5980 3285, 5985 3290, 5990 3295, 5990 3305, 5985 3310))"
lesion,8,R1_3_L,,10250.0,1,1929.9512195121952,3605.121951219512,"POLYGON ((2005 3650, 1995 3650, 1985 3650, 1980 3645, 1975 3640, 1965 3640, 1955 3640, 1945 3640, 1935 3640, 1925 3640, 1915 3640, 1905 3640, 1900 3635, 1895 3630, 1885 3630, 1880 3625, 1875 3620, 1870 3615, 1865 3610, 1860 3605, 1855 3600, 1850 3595, 1845 3590, 1840 3585, 1835 3580, 1830 3575, 1835 3570, 1840 3565, 1845 3560, 1850 3555, 1855 3550, 1860 3555, 1865 3560, 1875 3560, 1885 3560, 1890 3565, 1895 3570, 1905 3570, 1910 3575, 1915 3580, 1925 3580, 1935 3580, 1945 3580, 1955 3580, 1965 3580, 1975 3580, 1980 3585, 1985 3590, 1995 3590, 2000 3595, 2005 3600, 2010 3605, 2015 3610, 2020 3615, 2025 3620, 2030 3625, 2025 3630, 2020 3635, 2015 3640, 2010 3645, 2005 3650))"
rim,8,R1_3_L,,10250.0,1,1929.9512195121952,3605.121951219512,"POLYGON ((2005 3650, 1995 3650, 1985 3650, 1980 3645, 1975 3640, 1965 3640, 1955 3640, 1945 3640, 1935 3640, 1925 3640, 1915 3640, 1905 3640, 1900 3635, 1895 3630, 1885 3630, 1880 3625, 1875 3620, 1870 3615, 1865 3610, 1860 3605, 1855 3600, 1850 3595, 1845 3590, 1840 3585, 1835 3580, 1830 3575, 1835 3570, 1840 3565, 1845 3560, 1850 3555, 1855 3550, 1860 3555, 1865 3560, 1875 3560, 1885 3560, 1890 3565, 1895 3570, 1905 3570, 1910 3575, 1915 3580, 1925 3580, 1935 3580, 1945 3580, 1955 3580, 1965 3580, 1975 3580, 1980 3585, 1985 3590, 1995 3590, 2000 3595, 2005 3600, 2010 3605, 2015 3610, 2020 3615, 2025 3620, 2030 3625, 2025 3630, 2020 3635, 2015 3640, 2010 3645, 2005 3650))"
lesion,9,R1_3_L,,7850.0,1,1356.783439490446,3995.3503184713377,"POLYGON ((1435 4050, 1425 4050, 1415 4050, 1410 4045, 1405 4040, 1400 4035, 1395 4030, 1390 4025, 1385 4020, 1380 4015, 1375 4010, 1365 4010, 1355 4010, 1345 4010, 1340 4005, 1335 4000, 1325 4000, 1315 4000, 1305 4000, 1295 4000, 1290 3995, 1285 3990, 1275 3990, 1270 3985, 1265 3980, 1255 3980, 1250 3975, 1255 3970, 1260 3965, 1265 3960, 1270 3955, 1275 3950, 1285 3950, 1295 3950, 1305 3950, 1315 3950, 1320 3955, 1325 3960, 1335 3960, 1340 3965, 1345 3970, 1355 3970, 1360 3975, 1365 3980, 1375 3980, 1380 3985, 1385 3990, 1395 3990, 1405 3990, 1410 3995, 1415 4000, 1425 4000, 1435 4000, 1440 4005, 1445 4010, 1450 4015, 1455 4020, 1460 4025, 1455 4030, 1450 4035, 1445 4040, 1440 4045, 1435 4050))"
rim,9,R1_3_L,,7850.0,1,1356.783439490446,3995.3503184713377,"POLYGON ((1435 4050, 1425 4050, 1415 4050, 1410 4045, 1405 4040, 1400 4035, 1395 4030, 1390 4025, 1385 4020, 1380 4015, 1375 4010, 1365 4010, 1355 4010, 1345 4010, 1340 4005, 1335 4000, 1325 4000, 1315 4000, 1305 4000, 1295 4000, 1290 3995, 1285 3990, 1275 3990, 1270 3985, 1265 3980, 1255 3980, 1250 3975, 1255 3970, 1260 3965, 1265 3960, 1270 3955, 1275 3950, 1285 3950, 1295 3950, 1305 3950, 1315 3950, 1320 3955, 1325 3960, 1335 3960, 1340 3965, 1345 3970, 1355 3970, 1360 3975, 1365 3980, 1375 3980, 1380 3985, 1385 3990, 1395 3990, 1405 3990, 1410 3995, 1415 4000, 1425 4000, 1435 4000, 1440 4005, 1445 4010, 1450 4015, 1455 4020, 1460 4025, 1455 4030, 1450 4035, 1445 4040, 1440 4045, 1435 4050))"
lesion,11,P2_3_C,,242150.0,1,2252.7586206896553,4713.660265675545,"POLYGON ((2655 5100, 2645 5100, 2640 5095, 2635 5090, 2625 5090, 2615 5090, 2610 5095, 2605 5100, 2595 5100, 2585 5100, 2580 5095, 2575 5090, 2570 5085, 2565 5080, 2560 5075, 2560 5065, 2555 5060, 2550 5055, 2545 5050, 2540 5045, 2535 5040, 2525 5040, 2515 5040, 2510 5035, 2505 5030, 2495 5030, 2490 5025, 2485 5020, 2475 5020, 2465 5020, 2455 5020, 2445 5020, 2435 5020, 2425 5020, 2415 5020, 2405 5020, 2400 5025, 2395 5030, 2385 5030, 2375 5030, 2365 5030, 2360 5025, 2355 5020, 2350 5015, 2345 5010, 2340 5005, 2340 4995, 2335 4990, 2330 4985, 2325 4980, 2320 4975, 2315 4970, 2310 4965, 2305 4960, 2300 4955, 2295 4950, 2285 4950, 2275 4950, 2270 4955, 2265 4960, 2255 4960, 2245 4960, 2240 4965, 2235 4970, 2225 4970, 2220 4975, 2215 4980, 2205 4980, 2200 4985, 2195 4990, 2190 4995, 2185 5000, 2180 5005, 2175 5010, 2165 5010, 2160 5015, 2155 5020, 2145 5020, 2135 5020, 2125 5020, 2115 5020, 2105 5020, 2100 5015, 2095 5010, 2090 5005, 2085 5000, 2080 4995, 2080 4985, 2080 4975, 2085 4970, 2090 4965, 2095 4960, 2100 4955, 2105 4950, 2115 4950, 2120 4945, 2125 4940, 2130 4935, 2135 4930, 2145 4930, 2150 4925, 2155 4920, 2160 4915, 2165 4910, 2170 4905, 2175 4900, 2180 4895, 2185 4890, 2190 4885, 2195 4880, 2200 4875, 2200 4865, 2205 4860, 2210 4855, 2215 4850, 2220 4845, 2220 4835, 2220 4825, 2220 4815, 2220 4805, 2215 4800, 2210 4795, 2205 4790, 2200 4785, 2200 4775, 2200 4765, 2195 4760, 2190 4755, 2185 4750, 2180 4745, 2175 4740, 2170 4735, 2165 4730, 2160 4735, 2155 4740, 2150 4745, 2145 4750, 2140 4755, 2140 4765, 2145 4770, 2150 4775, 2155 4780, 2160 4785, 2160 4795, 2155 4800, 2150 4805, 2145 4810, 2140 4815, 2135 4820, 2125 4820, 2120 4815, 2115 4810, 2110 4805, 2105 4800, 2100 4795, 2100 4785, 2095 4780, 2090 4775, 2085 4770, 2080 4765, 2075 4760, 2065 4760, 2055 4760, 2050 4755, 2045 4750, 2035 4750, 2025 4750, 2020 4745, 2015 4740, 2010 4735, 2005 4730, 1995 4730, 1990 4725, 1985 4720, 1975 4720, 1970 4715, 1965 4710, 1960 4705, 1955 4700, 1950 4695, 1950 4685, 1950 4675, 1950 4665, 1955 4660, 1960 4655, 1965 4650, 1970 4645, 1975 4640, 1985 4640, 1990 4635, 1995 4630, 2000 4625, 2005 4620, 2010 4615, 2015 4610, 2020 4605, 2025 4600, 2030 4595, 2030 4585, 2030 4575, 2030 4565, 2035 4560, 2040 4555, 2040 4545, 2045 4540, 2050 4535, 2050 4525, 2055 4520, 2060 4515, 2065 4510, 2070 4505, 2075 4500, 2080 4495, 2085 4490, 2090 4485, 2095 4480, 2100 4475, 2100 4465, 2095 4460, 2090 4455, 2085 4450, 2080 4445, 2075 4440, 2070 4445, 2065 4450, 2060 4455, 2055 4460, 2050 4455, 2045 4450, 2040 4445, 2035 4440, 2030 4435, 2030 4425, 2030 4415, 2025 4410, 2020 4405, 2020 4395, 2020 4385, 2020 4375, 2025 4370, 2030 4365, 2035 4360, 2040 4355, 2045 4350, 2050 4345, 2045 4340, 2040 4335, 2035 4330, 2030 4325, 2025 4320, 2020 4315, 2015 4310, 2010 4305, 2005 4300, 1995 4300, 1990 4295, 1985 4290, 1975 4290, 1970 4285, 1965 4280, 1960 4285, 1955 4290, 1950 4295, 1945 4300, 1940 4305, 1935 4310, 1930 4315, 1925 4320, 1915 4320, 1905 4320, 1900 4315, 1895 4310, 1890 4305, 1885 4300, 1880 4295, 1875 4290, 1870 4285, 1865 4280, 1860 4275, 1855 4270, 1850 4265, 1850 4255, 1850 4245, 1850 4235, 1855 4230, 1860 4225, 1865 4220, 1870 4215, 1875 4210, 1885 4210, 1895 4210, 1905 4210, 1910 4205, 1915 4200, 1920 4195, 1925 4190, 1930 4185, 1930 4175, 1935 4170, 1940 4165, 1945 4160, 1950 4155, 1955 4150, 1965 4150, 1975 4150, 1985 4150, 1990 4155, 1995 4160, 2000 4165, 2005 4170, 2015 4170, 2020 4175, 2025 4180, 2030 4185, 2035 4190, 2040 4195, 2045 4200, 2050 4205, 2055 4210, 2060 4215, 2065 4220, 2070 4225, 2075 4230, 2080 4235, 2080 4245, 2085 4250, 2090 4255, 2085 4260, 2080 4265, 2075 4270, 2070 4275, 2075 4280, 2080 4285, 2080 4295, 2085 4300, 2090 4305, 2095 4310, 2100 4315, 2100 4325, 2105 4330, 2110 4335, 2110 4345, 2110 4355, 2115 4360, 2120 4365, 2125 4370, 2130 4375, 2125 4380, 2120 4385, 2120 4395, 2120 4405, 2120 4415, 2125 4420, 2130 4425, 2135 4430, 2145 4430, 2155 4430, 2165 4430, 2170 4435, 2170 4445, 2175 4450, 2180 4455, 2185 4460, 2190 4465, 2190 4475, 2195 4480, 2200 4485, 2205 4490, 2210 4495, 2210 4505, 2215 4510, 2220 4515, 2225 4520, 2230 4525, 2235 4530, 2240 4535, 2245 4540, 2250 4545, 2255 4550, 2260 4555, 2260 4565, 2260 4575, 2265 4580, 2275 4580, 2280 4585, 2285 4590, 2290 4595, 2295 4600, 2300 4605, 2305 4610, 2310 4615, 2315 4620, 2320 4625, 2325 4630, 2330 4635, 2330 4645, 2335 4650, 2340 4655, 2345 4660, 2350 4665, 2355 4670, 2360 4675, 2365 4680, 2370 4685, 2375 4690, 2380 4695, 2385 4700, 2390 4705, 2395 4710, 2405 4710, 2410 4715, 2415 4720, 2420 4725, 2425 4730, 2430 4735, 2435 4740, 2445 4740, 2450 4745, 2455 4750, 2460 4755, 2465 4760, 2470 4765, 2475 4770, 2485 4770, 2495 4770, 2500 4775, 2505 4780, 2510 4785, 2515 4790, 2525 4790, 2530 4795, 2535 4800, 2540 4805, 2545 4810, 2550 4815, 2555 4820, 2565 4820, 2570 4825, 2570 4835, 2575 4840, 2580 4845, 2580 4855, 2580 4865, 2585 4870, 2590 4875, 2590 4885, 2590 4895, 2595 4900, 2600 4905, 2605 4910, 2610 4915, 2615 4920, 2620 4925, 2620 4935, 2625 4940, 2630 4945, 2630 4955, 2635 4960, 2640 4965, 2640 4975, 2640 4985, 2645 4990, 2650 4995, 2655 5000, 2660 5005, 2660 5015, 2665 5020, 2670 5025, 2670 5035, 2670 5045, 2675 5050, 2680 5055, 2680 5065, 2680 5075, 2675 5080, 2670 5085, 2665 5090, 2660 5095, 2655 5100))"
core,11,P2_3_C,,91500.0,2,2303.21766848816,4757.785063752277,"MULTIPOLYGON (((2040 4255, 2040 4245, 2035 4240, 2030 4235, 2030 4225, 2025 4220, 2015 4220, 2005 4220, 1995 4220, 1985 4220, 1980 4215, 1975 4210, 1970 4215, 1965 4220, 1960 4225, 1965 4230, 1975 4230, 1985 4230, 1990 4235, 1995 4240, 2005 4240, 2010 4245, 2015 4250, 2025 4250, 2030 4255, 2035 4260, 2040 4255)), ((2620 5035, 2615 5030, 2610 5025, 2605 5020, 2600 5015, 2595 5010, 2590 5005, 2590 4995, 2590 4985, 2585 4980, 2580 4975, 2580 4965, 2575 4960, 2570 4955, 2570 4945, 2565 4940, 2560 4935, 2560 4925, 2555 4920, 2550 4915, 2545 4910, 2540 4905, 2540 4895, 2540 4885, 2540 4875, 2540 4865, 2540 4855, 2540 4845, 2535 4840, 2530 4835, 2525 4830, 2515 4830, 2510 4825, 2505 4820, 2495 4820, 2485 4820, 2475 4820, 2465 4820, 2455 4820, 2450 4815, 2445 4810, 2440 4805, 2435 4800, 2430 4795, 2425 4790, 2415 4790, 2410 4785, 2405 4780, 2400 4775, 2395 4770, 2390 4765, 2385 4760, 2375 4760, 2370 4755, 2365 4750, 2360 4745, 2355 4740, 2350 4735, 2345 4730, 2340 4725, 2335 4720, 2330 4715, 2325 4710, 2320 4705, 2315 4700, 2310 4695, 2310 4685, 2305 4680, 2300 4675, 2300 4665, 2300 4655, 2295 4650, 2290 4645, 2290 4635, 2285 4630, 2280 4625, 2275 4620, 2270 4615, 2270 4605, 2265 4600, 2260 4595, 2255 4590, 2250 4585, 2245 4580, 2240 4575, 2235 4570, 2230 4565, 2225 4560, 2220 4555, 2215 4550, 2210 4545, 2205 4540, 2200 4535, 2195 4530, 2190 4525, 2185 4520, 2180 4515, 2180 4505, 2175 4500, 2170 4495, 2165 4490, 2160 4485, 2155 4480, 2150 4485, 2150 4495, 2145 4500, 2140 4505, 2135 4510, 2130 4515, 2125 4520, 2120 4525, 2115 4530, 2110 4535, 2105 4540, 2100 4545, 2100 4555, 2095 4560, 2090 4565, 2090 4575, 2085 4580, 2080 4585, 2080 4595, 2080 4605, 2080 4615, 2075 4620, 2070 4625, 2065 4630, 2060 4635, 2055 4640, 2050 4645, 2045 4650, 2040 4655, 2035 4660, 2030 4665, 2025 4670, 2020 4675, 2025 4680, 2030 4685, 2035 4690, 2040 4695, 2045 4700, 2055 4700, 2065 4700, 2070 4705, 2075 4710, 2085 4710, 2095 4710, 2100 4715, 2105 4720, 2110 4715, 2115 4710, 2120 4705, 2125 4700, 2130 4695, 2135 4690, 2140 4685, 2145 4680, 2155 4680, 2165 4680, 2175 4680, 2185 4680, 2190 4685, 2195 4690, 2200 4695, 2205 4700, 2210 4705, 2215 4710, 2220 4715, 2225 4720, 2230 4725, 2235 4730, 2240 4735, 2245 4740, 2250 4745, 2250 4755, 2250 4765, 2255 4770, 2260 4775, 2265 4780, 2270 4785, 2270 4795, 2270 4805, 2270 4815, 2270 4825, 2270 4835, 2270 4845, 2270 4855, 2270 4865, 2265 4870, 2260 4875, 2255 4880, 2250 4885, 2250 4895, 2255 4900, 2265 4900, 2275 4900, 2285 4900, 2295 4900, 2305 4900, 2315 4900, 2320 4905, 2325 4910, 2330 4915, 2335 4920, 2340 4925, 2345 4930, 2350 4935, 2355 4940, 2360 4945, 2365 4950, 2370 4955, 2375 4960, 2380 4965, 2385 4970, 2395 4970, 2405 4970, 2415 4970, 2425 4970, 2435 4970, 2445 4970, 2455 4970, 2465 4970, 2475 4970, 2485 4970, 2495 4970, 2505 4970, 2510 4975, 2515 4980, 2525 4980, 2530 4985, 2535 4990, 2545 4990, 2555 4990, 2560 4995, 2565 5000, 2570 5005, 2575 5010, 2580 5015, 2585 5020, 2590 5025, 2595 5030, 2600 5035, 2605 5040, 2615 5040, 2620 5035)))"
rim,11,P2_3_C,,150550.0,1,2222.0945422340305,4686.71703752906,"POLYGON ((2655 5100, 2645 5100, 2640 5095, 2635 5090, 2625 5090, 2615 5090, 2610 5095, 2605 5100, 2595 5100, 2585 5100, 2580 5095, 2575 5090, 2570 5085, 2565 5080, 2560 5075, 2560 5065, 2555 5060, 2550 5055, 2545 5050, 2540 5045, 2535 5040, 2525 5040, 2515 5040, 2510 5035, 2505 5030, 2495 5030, 2490 5025, 2485 5020, 2475 5020, 2465 5020, 2455 5020, 2445 5020, 2435 5020, 2425 5020, 2415 5020, 2405 5020, 2400 5025, 2395 5030, 2385 5030, 2375 5030, 2365 5030, 2360 5025, 2355 5020, 2350 5015, 2345 5010, 2340 5005, 2340 4995, 2335 4990, 2330 4985, 2325 4980, 2320 4975, 2315 4970, 2310 4965, 2305 4960, 2300 4955, 2295 4950, 2285 4950, 2275 4950, 2270 4955, 2265 4960, 2255 4960, 2245 4960, 2240 4965, 2235 4970, 2225 4970, 2220 4975, 2215 4980, 2205 4980, 2200 4985, 2195 4990, 2190 4995, 2185 5000, 2180 5005, 2175 5010, 2165 5010, 2160 5015, 2155 5020, 2145 5020, 2135 5020, 2125 5020, 2115 5020, 2105 5020, 2100 5015, 2095 5010, 2090 5005, 2085 5000, 2080 4995, 2080 4985, 2080 4975, 2085 4970, 2090 4965, 2095 4960, 2100 4955, 2105 4950, 2115 4950, 2120 4945, 2125 4940, 2130 4935, 2135 4930, 2145 4930, 2150 4925, 2155 4920, 2160 4915, 2165 4910, 2170 4905, 2175 4900, 2180 4895, 2185 4890, 2190 4885, 2195 4880, 2200 4875, 2200 4865, 2205 4860, 2210 4855, 2215 4850, 2220 4845, 2220 4835, 2220 4825, 2220 4815, 2220 4805, 2215 4800, 2210 4795, 2205 4790, 2200 4785, 2200 4775, 2200 4765, 2195 4760, 2190 4755, 2185 4750, 2180 4745, 2175 4740, 2170 4735, 2165 4730, 2160 4735, 2155 4740, 2150 4745, 2145 4750, 2140 4755, 2140 4765, 2145 4770, 2150 4775, 2155 4780, 2160 4785, 2160 4795, 2155 4800, 2150 4805, 2145 4810, 2140 4815, 2135 4820, 2125 4820, 2120 4815, 2115 4810, 2110 4805, 2105 4800, 2100 4795, 2100 4785, 2095 4780, 2090 4775, 2085 4770, 2080 4765, 2075 4760, 2065 4760, 2055 4760, 2050 4755, 2045 4750, 2035 4750, 2025 4750, 2020 4745, 2015 4740, 2010 4735, 2005 4730, 1995 4730, 1990 4725, 1985 4720, 1975 4720, 1970 4715, 1965 4710, 1960 4705, 1955 4700, 1950 4695, 1950 4685, 1950 4675, 1950 4665, 1955 4660, 1960 4655, 1965 4650, 1970 4645, 1975 4640, 1985 4640, 1990 4635, 1995 4630, 2000 4625, 2005 4620, 2010 4615, 2015 4610, 2020 4605, 2025 4600, 2030 4595, 2030 4585, 2030 4575, 2030 4565, 2035 4560, 2040 4555, 2040 4545, 2045 4540, 2050 4535, 2050 4525, 2055 4520, 2060 4515, 2065 4510, 2070 4505, 2075 4500, 2080 4495, 2085 4490, 2090 4485, 2095 4480, 2100 4475, 2100 4465, 2095 4460, 2090 4455, 2085 4450, 2080 4445, 2075 4440, 2070 4445, 2065 4450, 2060 4455, 2055 4460, 2050 4455, 2045 4450, 2040 4445, 2035 4440, 2030 4435, 2030 4425, 2030 4415, 2025 4410, 2020 4405, 2020 4395, 2020 4385, 2020 4375, 2025 4370, 2030 4365, 2035 4360, 2040 4355, 2045 4350, 2050 4345, 2045 4340, 2040 4335, 2035 4330, 2030 4325, 2025 4320, 2020 4315, 2015 4310, 2010 4305, 2005 4300, 1995 4300, 1990 4295, 1985 4290, 1975 4290, 1970 4285, 1965 4280, 1960 4285, 1955 4290, 1950 4295, 1945 4300, 1940 4305, 1935 4310, 1930 4315, 1925 4320, 1915 4320, 1905 4320, 1900 4315, 1895 4310, 1890 4305, 1885 4300, 1880 4295, 1875 4290, 1870 4285, 1865 4280, 1860 4275, 1855 4270, 1850 4265, 1850 4255, 1850 4245, 1850 4235, 1855 4230, 1860 4225, 1865 4220, 1870 4215, 1875 4210, 1885 4210, 1895 4210, 1905 4210, 1910 4205, 1915 4200, 1920 4195, 1925 4190, 1930 4185, 1930 4175, 1935 4170, 1940 4165, 1945 4160, 1950 4155, 1955 4150, 1965 4150, 1975 4150, 1985 4150, 1990 4155, 1995 4160, 2000 4165, 2005 4170, 2015 4170, 2020 4175, 2025 4180, 2030 4185, 2035 4190, 2040 4195, 2045 4200, 2050 4205, 2055 4210, 2060 4215, 2065 4220, 2070 4225, 2075 4230, 2080 4235, 2080 4245, 2085 4250, 2090 4255, 2085 4260, 2080 4265, 2075 4270, 2070 4275, 2075 4280, 2080 4285, 2080 4295, 2085 4300, 2090 4305, 2095 4310, 2100 4315, 2100 4325, 2105 4330, 2110 4335, 2110 4345, 2110 4355, 2115 4360, 2120 4365, 2125 4370, 2130 4375, 2125 4380, 2120 4385, 2120 4395, 2120 4405, 2120 4415, 2125 4420, 2130 4425, 2135 4430, 2145 4430, 2155 4430, 2165 4430, 2170 4435, 2170 4445, 2175 4450, 2180 4455, 2185 4460, 2190 4465, 2190 4475, 2195 4480, 2200 4485, 2205 4490, 2210 4495, 2210 4505, 2215 4510, 2220 4515, 2225 4520, 2230 4525, 2235 4530, 2240 4535, 2245 4540, 2250 4545, 2255 4550, 2260 4555, 2260 4565, 2260 4575, 2265 4580, 2275 4580, 2280 4585, 2285 4590, 2290 4595, 2295 4600, 2300 4605, 2305 4610, 2310 4615, 2315 4620, 2320 4625, 2325 4630, 2330 4635, 2330 4645, 2335 4650, 2340 4655, 2345 4660, 2350 4665, 2355 4670, 2360 4675, 2365 4680, 2370 4685, 2375 4690, 2380 4695, 2385 4700, 2390 4705, 2395 4710, 2405 4710, 2410 4715, 2415 4720, 2420 4725, 2425 4730, 2430 4735, 2435 4740, 2445 4740, 2450 4745, 2455 4750, 2460 4755, 2465 4760, 2470 4765, 2475 4770, 2485 4770, 2495 4770, 2500 4775, 2505 4780, 2510 4785, 2515 4790, 2525 4790, 2530 4795, 2535 4800, 2540 4805, 2545 4810, 2550 4815, 2555 4820, 2565 4820, 2570 4825, 2570 4835, 2575 4840, 2580 4845, 2580 4855, 2580 4865, 2585 4870, 2590 4875, 2590 4885, 2590 4895, 2595 4900, 2600 4905, 2605 4910, 2610 4915, 2615 4920, 2620 4925, 2620 4935, 2625 4940, 2630 4945, 2630 4955, 2635 4960, 2640 4965, 2640 4975, 2640 4985, 2645 4990, 2650 4995, 2655 5000, 2660 5005, 2660 5015, 2665 5020, 2670 5025, 2670 5035, 2670 5045, 2675 5050, 2680 5055, 2680 5065, 2680 5075, 2675 5080, 2670 5085, 2665 5090, 2660 5095, 2655 5100), (2620 5035, 2615 5030, 2610 5025, 2605 5020, 2600 5015, 2595 5010, 2590 5005, 2590 4995, 2590 4985, 2585 4980, 2580 4975, 2580 4965, 2575 4960, 2570 4955, 2570 4945, 2565 4940, 2560 4935, 2560 4925, 2555 4920, 2550 4915, 2545 4910, 2540 4905, 2540 4895, 2540 4885, 2540 4875, 2540 4865, 2540 4855, 2540 4845, 2535 4840, 2530 4835, 2525 4830, 2515 4830, 2510 4825, 2505 4820, 2495 4820, 2485 4820, 2475 4820, 2465 4820, 2455 4820, 2450 4815, 2445 4810, 2440 4805, 2435 4800, 2430 4795, 2425 4790, 2415 4790, 2410 4785, 2405 4780, 2400 4775, 2395 4770, 2390 4765, 2385 4760, 2375 4760, 2370 4755, 2365 4750, 2360 4745, 2355 4740, 2350 4735, 2345 4730, 2340 4725, 2335 4720, 2330 4715, 2325 4710, 2320 4705, 2315 4700, 2310 4695, 2310 4685, 2305 4680, 2300 4675, 2300 4665, 2300 4655, 2295 4650, 2290 4645, 2290 4635, 2285 4630, 2280 4625, 2275 4620, 2270 4615, 2270 4605, 2265 4600, 2260 4595, 2255 4590, 2250 4585, 2245 4580, 2240 4575, 2235 4570, 2230 4565, 2225 4560, 2220 4555, 2215 4550, 2210 4545, 2205 4540, 2200 4535, 2195 4530, 2190 4525, 2185 4520, 2180 4515, 2180 4505, 2175 4500, 2170 4495, 2165 4490, 2160 4485, 2155 4480, 2150 4485, 2150 4495, 2145 4500, 2140 4505, 2135 4510, 2130 4515, 2125 4520, 2120 4525, 2115 4530, 2110 4535, 2105 4540, 2100 4545, 2100 4555, 2095 4560, 2090 4565, 2090 4575, 2085 4580, 2080 4585, 2080 4595, 2080 4605, 2080 4615, 2075 4620, 2070 4625, 2065 4630, 2060 4635, 2055 4640, 2050 4645, 2045 4650, 2040 4655, 2035 4660, 2030 4665, 2025 4670, 2020 4675, 2025 4680, 2030 4685, 2035 4690, 2040 4695, 2045 4700, 2055 4700, 2065 4700, 2070 4705, 2075 4710, 2085 4710, 2095 4710, 2100 4715, 2105 4720, 2110 4715, 2115 4710, 2120 4705, 2125 4700, 2130 4695, 2135 4690, 2140 4685, 2145 4680, 2155 4680, 2165 4680, 2175 4680, 2185 4680, 2190 4685, 2195 4690, 2200 4695, 2205 4700, 2210 4705, 2215 4710, 2220 4715, 2225 4720, 2230 4725, 2235 4730, 2240 4735, 2245 4740, 2250 4745, 2250 4755, 2250 4765, 2255 4770, 2260 4775, 2265 4780, 2270 4785, 2270 4795, 2270 4805, 2270 4815, 2270 4825, 2270 4835, 2270 4845, 2270 4855, 2270 4865, 2265 4870, 2260 4875, 2255 4880, 2250 4885, 2250 4895, 2245 4900, 2240 4905, 2245 4910, 2250 4905, 2255 4900, 2265 4900, 2275 4900, 2285 4900, 2295 4900, 2305 4900, 2315 4900, 2320 4905, 2325 4910, 2330 4915, 2335 4920, 2340 4925, 2345 4930, 2350 4935, 2355 4940, 2360 4945, 2365 4950, 2370 4955, 2375 4960, 2380 4965, 2385 4970, 2395 4970, 2405 4970, 2415 4970, 2425 4970, 2435 4970, 2445 4970, 2455 4970, 2465 4970, 2475 4970, 2485 4970, 2495 4970, 2505 4970, 2510 4975, 2515 4980, 2525 4980, 2530 4985, 2535 4990, 2545 4990, 2555 4990, 2560 4995, 2565 5000, 2570 5005, 2575 5010, 2580 5015, 2585 5020, 2590 5025, 2595 5030, 2600 5035, 2605 5040, 2615 5040, 2620 5035), (2040 4255, 2040 4245, 2035 4240, 2030 4235, 2030 4225, 2025 4220, 2015 4220, 2005 4220, 1995 4220, 1985 4220, 1980 4215, 1975 4210, 1970 4215, 1965 4220, 1960 4225, 1965 4230, 1975 4230, 1985 4230, 1990 4235, 1995 4240, 2005 4240, 2010 4245, 2015 4250, 2025 4250, 2030 4255, 2035 4260, 2040 4255))"
lesion,12,P2_3_C,,70250.0,1,782.0990510083037,5785.345788849348,"POLYGON ((705 6030, 695 6030, 690 6025, 690 6015, 695 6010, 700 6005, 700 5995, 700 5985, 700 5975, 700 5965, 700 5955, 695 5950, 690 5945, 690 5935, 690 5925, 690 5915, 690 5905, 685 5900, 680 5895, 680 5885, 680 5875, 680 5865, 680 5855, 685 5850, 690 5845, 690 5835, 690 5825, 695 5820, 700 5815, 700 5805, 700 5795, 700 5785, 695 5780, 690 5775, 690 5765, 685 5760, 680 5755, 675 5750, 670 5745, 670 5735, 670 5725, 670 5715, 665 5710, 660 5705, 660 5695, 660 5685, 655 5680, 650 5675, 650 5665, 650 5655, 650 5645, 655 5640, 665 5640, 675 5640, 685 5640, 695 5640, 700 5635, 705 5630, 710 5625, 715 5620, 725 5620, 730 5615, 735 5610, 745 5610, 755 5610, 765 5610, 770 5615, 775 5620, 785 5620, 795 5620, 800 5625, 805 5630, 815 5630, 820 5635, 825 5640, 830 5645, 835 5650, 840 5655, 845 5660, 850 5665, 855 5670, 865 5670, 870 5675, 875 5680, 880 5675, 885 5670, 895 5670, 905 5670, 915 5670, 920 5675, 925 5680, 930 5685, 935 5690, 940 5695, 945 5700, 950 5705, 955 5710, 960 5715, 960 5725, 960 5735, 960 5745, 960 5755, 960 5765, 955 5770, 950 5775, 945 5780, 940 5785, 935 5790, 930 5795, 925 5800, 915 5800, 905 5800, 900 5795, 895 5790, 890 5785, 885 5780, 875 5780, 870 5785, 865 5790, 860 5795, 855 5800, 850 5805, 850 5815, 850 5825, 845 5830, 840 5835, 840 5845, 840 5855, 835 5860, 830 5865, 830 5875, 830 5885, 830 5895, 830 5905, 825 5910, 820 5915, 820 5925, 820 5935, 815 5940, 810 5945, 810 5955, 805 5960, 800 5965, 800 5975, 795 5980, 790 5985, 785 5990, 780 5995, 775 6000, 765 6000, 755 6000, 745 6000, 735 6000, 730 6005, 725 6010, 720 6015, 715 6020, 710 6025, 705 6030))"
core,12,P2_3_C,,30550.0,1,743.7629569012547,5794.9768139661755,"POLYGON ((705 5960, 700 5955, 695 5950, 690 5945, 690 5935, 690 5925, 690 5915, 690 5905, 685 5900, 680 5895, 680 5885, 680 5875, 680 5865, 680 5855, 685 5850, 690 5845, 690 5835, 690 5825, 695 5820, 700 5815, 700 5805, 700 5795, 700 5785, 695 5780, 690 5775, 690 5765, 685 5760, 680 5755, 675 5750, 670 5745, 670 5735, 670 5725, 670 5715, 665 5710, 660 5705, 665 5700, 670 5695, 675 5690, 685 5690, 695 5690, 705 5690, 715 5690, 720 5685, 725 5680, 730 5675, 735 5670, 745 5670, 755 5670, 765 5670, 775 5670, 780 5675, 785 5680, 795 5680, 800 5685, 805 5690, 810 5695, 815 5700, 820 5705, 825 5710, 830 5715, 835 5720, 845 5720, 850 5725, 850 5735, 845 5740, 840 5745, 835 5750, 830 5755, 825 5760, 820 5765, 815 5770, 810 5775, 805 5780, 800 5785, 800 5795, 800 5805, 795 5810, 790 5815, 790 5825, 790 5835, 785 5840, 780 5845, 780 5855, 780 5865, 780 5875, 780 5885, 775 5890, 770 5895, 770 5905, 770 5915, 765 5920, 760 5925, 760 5935, 755 5940, 750 5945, 745 5950, 735 5950, 725 5950, 715 5950, 710 5955, 705 5960))"
rim,12,P2_3_C,,39650.0,1,811.7633459436738,5777.868852459016,"POLYGON ((705 6030, 695 6030, 690 6025, 690 6015, 695 6010, 700 6005, 700 5995, 700 5985, 700 5975, 700 5965, 705 5960, 710 5955, 715 5950, 725 5950, 735 5950, 745 5950, 750 5945, 755 5940, 760 5935, 760 5925, 765 5920, 770 5915, 770 5905, 770 5895, 775 5890, 780 5885, 780 5875, 780 5865, 780 5855, 780 5845, 785 5840, 790 5835, 790 5825, 790 5815, 795 5810, 800 5805, 800 5795, 800 5785, 805 5780, 810 5775, 815 5770, 820 5765, 825 5760, 830 5755, 835 5750, 840 5745, 845 5740, 850 5735, 850 5725, 845 5720, 835 5720, 830 5715, 825 5710, 820 5705, 815 5700, 810 5695, 805 5690, 800 5685, 795 5680, 785 5680, 780 5675, 775 5670, 765 5670, 755 5670, 745 5670, 735 5670, 730 5675, 725 5680, 720 5685, 715 5690, 705 5690, 695 5690, 685 5690, 675 5690, 670 5695, 665 5700, 660 5695, 660 5685, 655 5680, 650 5675, 650 5665, 650 5655, 650 5645, 655 5640, 665 5640, 675 5640, 685 5640, 695 5640, 700 5635, 705 5630, 710 5625, 715 5620, 725 5620, 730 5615, 735 5610, 745 5610, 755 5610, 765 5610, 770 5615, 775 5620, 785 5620, 795 5620, 800 5625, 805 5630, 815 5630, 820 5635, 825 5640, 830 5645, 835 5650, 840 5655, 845 5660, 850 5665, 855 5670, 865 5670, 870 5675, 875 5680, 880 5675, 885 5670, 895 5670, 905 5670, 915 5670, 920 5675, 925 5680, 930 5685, 935 5690, 940 5695, 945 5700, 950 5705, 955 5710, 960 5715, 960 5725, 960 5735, 960 5745, 960 5755, 960 5765, 955 5770, 950 5775, 945 5780, 940 5785, 935 5790, 930 5795, 925 5800, 915 5800, 905 5800, 900 5795, 895 5790, 890 5785, 885 5780, 875 5780, 870 5785, 865 5790, 860 5795, 855 5800, 850 5805, 850 5815, 850 5825, 845 5830, 840 5835, 840 5845, 840 5855, 835 5860, 830 5865, 830 5875, 830 5885, 830 5895, 830 5905, 825 5910, 820 5915, 820 5925, 820 5935, 815 5940, 810 5945, 810 5955, 805 5960, 800 5965, 800 5975, 795 5980, 790 5985, 785 5990, 780 5995, 775 6000, 765 6000, 755 6000, 745 6000, 735 6000, 730 6005, 725 6010, 720 6015, 715 6020, 710 6025, 705 6030))"
lesion,14,P2_3_C,,15550.0,1,1314.0434083601285,6293.6521972132905,"POLYGON ((1275 6360, 1265 6360, 1255 6360, 1250 6355, 1245 6350, 1240 6345, 1240 6335, 1245 6330, 1250 6325, 1245 6320, 1240 6315, 1240 6305, 1240 6295, 1240 6285, 1235 6280, 1230 6275, 1235 6270, 1240 6265, 1245 6260, 1250 6255, 1255 6250, 1265 6250, 1275 6250, 1280 6245, 1285 6240, 1295 6240, 1305 6240, 1315 6240, 1325 6240, 1335 6240, 1345 6240, 1355 6240, 1360 6235, 1365 6230, 1370 6235, 1375 6240, 1380 6245, 1385 6250, 1390 6255, 1395 6260, 1400 6265, 1405 6270, 1410 6275, 1405 6280, 1400 6285, 1400 6295, 1395 6300, 1390 6305, 1385 6310, 1380 6315, 1375 6320, 1370 6325, 1365 6330, 1355 6330, 1350 6335, 1345 6340, 1340 6345, 1335 6350, 1325 6350, 1315 6350, 1305 6350, 1295 6350, 1285 6350, 1280 6355, 1275 6360))"
rim,14,P2_3_C,,15550.0,1,1314.0434083601285,6293.6521972132905,"POLYGON ((1275 6360, 1265 6360, 1255 6360, 1250 6355, 1245 6350, 1240 6345, 1240 6335, 1245 6330, 1250 6325, 1245 6320, 1240 6315, 1240 6305, 1240 6295, 1240 6285, 1235 6280, 1230 6275, 1235 6270, 1240 6265, 1245 6260, 1250 6255, 1255 6250, 1265 6250, 1275 6250, 1280 6245, 1285 6240, 1295 6240, 1305 6240, 1315 6240, 1325 6240, 1335 6240, 1345 6240, 1355 6240, 1360 6235, 1365 6230, 1370 6235, 1375 6240, 1380 6245, 1385 6250, 1390 6255, 1395 6260, 1400 6265, 1405 6270, 1410 6275, 1405 6280, 1400 6285, 1400 6295, 1395 6300, 1390 6305, 1385 6310, 1380 6315, 1375 6320, 1370 6325, 1365 6330, 1355 6330, 1350 6335, 1345 6340, 1340 6345, 1335 6350, 1325 6350, 1315 6350, 1305 6350, 1295 6350, 1285 6350, 1280 6355, 1275 6360))"
lesion,15,P2_3_L,,18950.0,1,2764.419525065963,6514.4327176781,"POLYGON ((2775 6620, 2765 6620, 2755 6620, 2750 6615, 2745 6610, 2740 6605, 2735 6600, 2730 6595, 2725 6590, 2720 6585, 2715 6580, 2710 6575, 2710 6565, 2710 6555, 2705 6550, 2700 6545, 2700 6535, 2700 6525, 2705 6520, 2710 6515, 2705 6510, 2700 6505, 2705 6500, 2710 6495, 2710 6485, 2710 6475, 2715 6470, 2720 6465, 2720 6455, 2725 6450, 2730 6445, 2735 6440, 2740 6435, 2745 6430, 2750 6425, 2755 6420, 2760 6415, 2765 6410, 2775 6410, 2785 6410, 2790 6405, 2795 6400, 2800 6405, 2805 6410, 2810 6415, 2815 6420, 2820 6425, 2815 6430, 2810 6435, 2810 6445, 2810 6455, 2810 6465, 2810 6475, 2810 6485, 2810 6495, 2810 6505, 2815 6510, 2820 6515, 2820 6525, 2820 6535, 2820 6545, 2820 6555, 2820 6565, 2815 6570, 2810 6575, 2810 6585, 2805 6590, 2800 6595, 2795 6600, 2790 6605, 2785 6610, 2780 6615, 2775 6620))"
core,15,P2_3_L,,1850.0,1,2762.2972972972975,6524.054054054054,"POLYGON ((2765 6570, 2760 6565, 2755 6560, 2750 6555, 2750 6545, 2750 6535, 2750 6525, 2750 6515, 2750 6505, 2750 6495, 2755 6490, 2760 6485, 2760 6475, 2765 6470, 2770 6475, 2770 6485, 2770 6495, 2770 6505, 2770 6515, 2770 6525, 2775 6530, 2780 6535, 2780 6545, 2775 6550, 2770 6555, 2770 6565, 2765 6570))"
rim,15,P2_3_L,,17100.0,1,2764.6491228070176,6513.391812865497,"POLYGON ((2775 6620, 2765 6620, 2755 6620, 2750 6615, 2745 6610, 2740 6605, 2735 6600, 2730 6595, 2725 6590, 2720 6585, 2715 6580, 2710 6575, 2710 6565, 2710 6555, 2705 6550, 2700 6545, 2700 6535, 2700 6525, 2705 6520, 2710 6515, 2705 6510, 2700 6505, 2705 6500, 2710 6495, 2710 6485, 2710 6475, 2715 6470, 2720 6465, 2720 6455, 2725 6450, 2730 6445, 2735 6440, 2740 6435, 2745 6430, 2750 6425, 2755 6420, 2760 6415, 2765 6410, 2775 6410, 2785 6410, 2790 6405, 2795 6400, 2800 6405, 2805 6410, 2810 6415, 2815 6420, 2820 6425, 2815 6430, 2810 6435, 2810 6445, 2810 6455, 2810 6465, 2810 6475, 2810 6485, 2810 6495, 2810 6505, 2815 6510, 2820 6515, 2820 6525, 2820 6535, 2820 6545, 2820 6555, 2820 6565, 2815 6570, 2810 6575, 2810 6585, 2805 6590, 2800 6595, 2795 6600, 2790 6605, 2785 6610, 2780 6615, 2775 6620), (2770 6565, 2770 6555, 2775 6550, 2780 6545, 2780 6535, 2775 6530, 2770 6525, 2770 6515, 2770 6505, 2770 6495, 2770 6485, 2770 6475, 2765 6470, 2760 6475, 2760 6485, 2755 6490, 2750 6495, 2750 6505, 2750 6515, 2750 6525, 2750 6535, 2750 6545, 2750 6555, 2755 6560, 2760 6565, 2765 6570, 2770 6565))"
lesion,16,P2_3_L,,14050.0,1,2612.6512455516013,6751.032028469751,"POLYGON ((2625 6820, 2615 6820, 2605 6820, 2595 6820, 2590 6815, 2585 6810, 2575 6810, 2565 6810, 2560 6805, 2555 6800, 2550 6795, 2545 6790, 2540 6785, 2540 6775, 2540 6765, 2540 6755, 2545 6750, 2550 6745, 2550 6735, 2555 6730, 2560 6725, 2565 6720, 2570 6715, 2575 6710, 2580 6705, 2585 6700, 2595 6700, 2600 6695, 2605 6690, 2615 6690, 2620 6685, 2625 6680, 2635 6680, 2640 6685, 2645 6690, 2655 6690, 2665 6690, 2670 6695, 2675 6700, 2680 6705, 2685 6710, 2690 6715, 2690 6725, 2685 6730, 2680 6735, 2680 6745, 2675 6750, 2670 6755, 2665 6760, 2660 6765, 2660 6775, 2660 6785, 2655 6790, 2650 6795, 2645 6800, 2640 6805, 2635 6810, 2630 6815, 2625 6820))"
core,16,P2_3_L,,750.0,1,2606.277777777778,6756.277777777777,"POLYGON ((2615 6770, 2605 6770, 2595 6770, 2590 6765, 2590 6755, 2595 6750, 2600 6745, 2605 6740, 2615 6740, 2620 6745, 2620 6755, 2620 6765, 2615 6770))"
rim,16,P2_3_L,,13200.0,1,2612.9387626262624,6750.83648989899,"POLYGON ((2625 6820, 2615 6820, 2605 6820, 2595 6820, 2590 6815, 2585 6810, 2575 6810, 2565 6810, 2560 6805, 2555 6800, 2550 6795, 2545 6790, 2540 6785, 2540 6775, 2540 6765, 2540 6755, 2545 6750, 2550 6745, 2550 6735, 2555 6730, 2560 6725, 2565 6720, 2570 6715, 2575 6710, 2580 6705, 2585 6700, 2595 6700, 2600 6695, 2605 6690, 2615 6690, 2620 6685, 2625 6680, 2635 6680, 2640 6685, 2645 6690, 2655 6690, 2665 6690, 2670 6695, 2675 6700, 2680 6705, 2685 6710, 2690 6715, 2690 6725, 2685 6730, 2680 6735, 2680 6745, 2675 6750, 2670 6755, 2665 6760, 2660 6765, 2660 6775, 2660 6785, 2655 6790, 2650 6795, 2645 6800, 2640 6805, 2635 6810, 2630 6815, 2625 6820), (2620 6765, 2620 6755, 2620 6745, 2625 6740, 2630 6735, 2625 6730, 2620 6735, 2615 6740, 2605 6740, 2600 6745, 2595 6750, 2590 6755, 2590 6765, 2595 6770, 2605 6770, 2615 6770, 2620 6765))"
lesion,17,P2_3_L,,10850.0,1,3982.791858678955,6762.607526881721,"POLYGON ((4005 6830, 3995 6830, 3985 6830, 3980 6825, 3975 6820, 3970 6815, 3965 6810, 3955 6810, 3950 6805, 3945 6800, 3940 6795, 3935 6790, 3930 6785, 3930 6775, 3930 6765, 3930 6755, 3930 6745, 3930 6735, 3930 6725, 3935 6720, 3940 6715, 3945 6710, 3950 6705, 3955 6700, 3965 6700, 3975 6700, 3985 6700, 3995 6700, 4000 6705, 4005 6710, 4010 6715, 4015 6720, 4020 6725, 4025 6730, 4030 6735, 4030 6745, 4030 6755, 4035 6760, 4040 6765, 4040 6775, 4040 6785, 4035 6790, 4030 6795, 4030 6805, 4025 6810, 4020 6815, 4015 6820, 4010 6825, 4005 6830))"
core,17,P2_3_L,,450.0,1,3978.9814814814818,6757.12962962963,"POLYGON ((3985 6770, 3975 6770, 3970 6765, 3970 6755, 3970 6745, 3975 6740, 3980 6745, 3985 6750, 3990 6755, 3990 6765, 3985 6770))"
rim,17,P2_3_L,,10400.0,1,3982.956730769231,6762.844551282051,"POLYGON ((4005 6830, 3995 6830, 3985 6830, 3980 6825, 3975 6820, 3970 6815, 3965 6810, 3955 6810, 3950 6805, 3945 6800, 3940 6795, 3935 6790, 3930 6785, 3930 6775, 3930 6765, 3930 6755, 3930 6745, 3930 6735, 3930 6725, 3935 6720, 3940 6715, 3945 6710, 3950 6705, 3955 6700, 3965 6700, 3975 6700, 3985 6700, 3995 6700, 4000 6705, 4005 6710, 4010 6715, 4015 6720, 4020 6725, 4025 6730, 4030 6735, 4030 6745, 4030 6755, 4035 6760, 4040 6765, 4040 6775, 4040 6785, 4035 6790, 4030 6795, 4030 6805, 4025 6810, 4020 6815, 4015 6820, 4010 6825, 4005 6830), (3990 6765, 3990 6755, 3985 6750, 3980 6745, 3975 6740, 3970 6745, 3970 6755, 3970 6765, 3975 6770, 3985 6770, 3990 6765))"
lesion,18,P2_3_L,,37350.0,1,3989.706604194556,7150.590138331102,"POLYGON ((3985 7370, 3975 7370, 3970 7365, 3965 7360, 3960 7355, 3955 7350, 3950 7345, 3950 7335, 3945 7330, 3940 7325, 3940 7315, 3940 7305, 3940 7295, 3935 7290, 3930 7285, 3930 7275, 3930 7265, 3935 7260, 3940 7255, 3940 7245, 3935 7240, 3930 7235, 3930 7225, 3930 7215, 3930 7205, 3930 7195, 3925 7190, 3920 7185, 3920 7175, 3920 7165, 3920 7155, 3920 7145, 3920 7135, 3925 7130, 3930 7125, 3930 7115, 3930 7105, 3930 7095, 3935 7090, 3940 7085, 3940 7075, 3940 7065, 3940 7055, 3945 7050, 3950 7045, 3955 7040, 3960 7035, 3965 7030, 3970 7025, 3965 7020, 3960 7015, 3965 7010, 3970 7005, 3975 7000, 3980 6995, 3985 6990, 3990 6985, 3995 6980, 4000 6975, 4005 6970, 4010 6965, 4015 6960, 4025 6960, 4035 6960, 4045 6960, 4050 6965, 4050 6975, 4050 6985, 4055 6990, 4060 6985, 4065 6980, 4070 6985, 4070 6995, 4070 7005, 4070 7015, 4065 7020, 4060 7025, 4060 7035, 4060 7045, 4060 7055, 4060 7065, 4060 7075, 4060 7085, 4060 7095, 4060 7105, 4055 7110, 4050 7115, 4045 7120, 4040 7115, 4040 7105, 4035 7100, 4025 7100, 4020 7105, 4025 7110, 4030 7115, 4030 7125, 4035 7130, 4040 7135, 4040 7145, 4040 7155, 4040 7165, 4040 7175, 4040 7185, 4035 7190, 4030 7195, 4030 7205, 4025 7210, 4020 7215, 4020 7225, 4015 7230, 4010 7235, 4010 7245, 4010 7255, 4010 7265, 4015 7270, 4020 7275, 4020 7285, 4020 7295, 4020 7305, 4015 7310, 4010 7315, 4010 7325, 4005 7330, 4000 7335, 4005 7340, 4010 7345, 4005 7350, 4000 7355, 3995 7360, 3990 7365, 3985 7370))"
core,18,P2_3_L,,10550.0,1,4002.2314375987357,7132.365718799368,"POLYGON ((3985 7290, 3980 7285, 3980 7275, 3980 7265, 3980 7255, 3980 7245, 3980 7235, 3980 7225, 3975 7220, 3970 7215, 3970 7205, 3970 7195, 3970 7185, 3970 7175, 3965 7170, 3960 7165, 3960 7155, 3965 7150, 3970 7145, 3970 7135, 3970 7125, 3970 7115, 3975 7110, 3980 7105, 3980 7095, 3980 7085, 3980 7075, 3985 7070, 3990 7065, 3995 7060, 4000 7055, 4005 7050, 4010 7045, 4010 7035, 4010 7025, 4015 7020, 4020 7015, 4025 7010, 4030 7015, 4030 7025, 4030 7035, 4030 7045, 4035 7050, 4040 7055, 4040 7065, 4045 7070, 4050 7075, 4050 7085, 4045 7090, 4040 7095, 4035 7100, 4025 7100, 4020 7105, 4025 7110, 4030 7115, 4030 7125, 4030 7135, 4030 7145, 4030 7155, 4030 7165, 4030 7175, 4025 7180, 4020 7185, 4015 7190, 4010 7195, 4005 7200, 4000 7205, 4000 7215, 3995 7220, 3990 7225, 3990 7235, 3990 7245, 3990 7255, 3990 7265, 3990 7275, 3990 7285, 3985 7290))"
rim,18,P2_3_L,,26750.0,1,3984.6822429906542,7157.844236760125,"POLYGON ((3985 7370, 3975 7370, 3970 7365, 3965 7360, 3960 7355, 3955 7350, 3950 7345, 3950 7335, 3945 7330, 3940 7325, 3940 7315, 3940 7305, 3940 7295, 3935 7290, 3930 7285, 3930 7275, 3930 7265, 3935 7260, 3940 7255, 3940 7245, 3935 7240, 3930 7235, 3930 7225, 3930 7215, 3930 7205, 3930 7195, 3925 7190, 3920 7185, 3920 7175, 3920 7165, 3920 7155, 3920 7145, 3920 7135, 3925 7130, 3930 7125, 3930 7115, 3930 7105, 3930 7095, 3935 7090, 3940 7085, 3940 7075, 3940 7065, 3940 7055, 3945 7050, 3950 7045, 3955 7040, 3960 7035, 3965 7030, 3970 7025, 3965 7020, 3960 7015, 3965 7010, 3970 7005, 3975 7000, 3980 6995, 3985 6990, 3990 6985, 3995 6980, 4000 6975, 4005 6970, 4010 6965, 4015 6960, 4025 6960, 4035 6960, 4045 6960, 4050 6965, 4050 6975, 4050 6985, 4055 6990, 4060 6985, 4065 6980, 4070 6985, 4070 6995, 4070 7005, 4070 7015, 4065 7020, 4060 7025, 4060 7035, 4060 7045, 4060 7055, 4060 7065, 4060 7075, 4060 7085, 4060 7095, 4060 7105, 4055 7110, 4050 7115, 4045 7120, 4040 7115, 4040 7105, 4040 7095, 4045 7090, 4050 7085, 4050 7075, 4045 7070, 4040 7065, 4040 7055, 4035 7050, 4030 7045, 4030 7035, 4030 7025, 4030 7015, 4025 7010, 4020 7015, 4015 7020, 4010 7025, 4010 7035, 4010 7045, 4005 7050, 4000 7055, 3995 7060, 3990 7065, 3985 7070, 3980 7075, 3980 7085, 3980 7095, 3980 7105, 3975 7110, 3970 7115, 3970 7125, 3970 7135, 3970 7145, 3965 7150, 3960 7155, 3960 7165, 3965 7170, 3970 7175, 3970 7185, 3970 7195, 3970 7205, 3970 7215, 3975 7220, 3980 7225, 3980 7235, 3980 7245, 3980 7255, 3980 7265, 3980 7275, 3980 7285, 3985 7290, 3990 7285, 3990 7275, 3990 7265, 3990 7255, 3990 7245, 3990 7235, 3990 7225, 3995 7220, 4000 7215, 4000 7205, 4005 7200, 4010 7195, 4015 7190, 4020 7185, 4025 7180, 4030 7175, 4030 7165, 4030 7155, 4030 7145, 4030 7135, 4035 7130, 4040 7135, 4040 7145, 4040 7155, 4040 7165, 4040 7175, 4040 7185, 4035 7190, 4030 7195, 4030 7205, 4025 7210, 4020 7215, 4020 7225, 4015 7230, 4010 7235, 4010 7245, 4010 7255, 4010 7265, 4015 7270, 4020 7275, 4020 7285, 4020 7295, 4020 7305, 4015 7310, 4010 7315, 4010 7325, 4005 7330, 4000 7335, 4005 7340, 4010 7345, 4005 7350, 4000 7355, 3995 7360, 3990 7365, 3985 7370))"
lesion,19,P2_3_L,,24750.0,1,2651.3030303030305,7337.286195286196,"POLYGON ((2725 7430, 2715 7430, 2705 7430, 2695 7430, 2685 7430, 2680 7425, 2675 7420, 2670 7415, 2665 7410, 2660 7405, 2655 7400, 2650 7395, 2645 7390, 2640 7385, 2635 7380, 2630 7375, 2625 7370, 2615 7370, 2605 7370, 2600 7365, 2595 7360, 2585 7360, 2580 7355, 2575 7350, 2565 7350, 2560 7345, 2555 7340, 2550 7335, 2545 7330, 2540 7325, 2535 7320, 2530 7315, 2535 7310, 2540 7305, 2540 7295, 2540 7285, 2545 7280, 2550 7275, 2545 7270, 2540 7265, 2540 7255, 2545 7250, 2550 7245, 2555 7240, 2560 7235, 2565 7230, 2575 7230, 2585 7230, 2590 7235, 2595 7240, 2600 7245, 2605 7250, 2610 7245, 2615 7240, 2620 7245, 2625 7250, 2630 7255, 2635 7260, 2645 7260, 2650 7265, 2655 7270, 2660 7275, 2665 7280, 2670 7285, 2675 7290, 2680 7295, 2680 7305, 2680 7315, 2675 7320, 2670 7325, 2675 7330, 2680 7335, 2685 7340, 2690 7345, 2695 7350, 2705 7350, 2710 7345, 2715 7340, 2725 7340, 2730 7345, 2735 7350, 2745 7350, 2750 7355, 2755 7360, 2765 7360, 2775 7360, 2780 7365, 2785 7370, 2790 7375, 2795 7380, 2800 7385, 2800 7395, 2795 7400, 2790 7405, 2785 7410, 2780 7415, 2775 7420, 2765 7420, 2755 7420, 2745 7420, 2735 7420, 2730 7425, 2725 7430))"
core,19,P2_3_L,,1050.0,1,2608.7301587301586,7307.619047619048,"POLYGON ((2625 7330, 2620 7325, 2615 7320, 2605 7320, 2600 7315, 2595 7310, 2585 7310, 2580 7305, 2585 7300, 2590 7295, 2595 7290, 2605 7290, 2610 7295, 2615 7300, 2625 7300, 2630 7305, 2630 7315, 2630 7325, 2625 7330))"
rim,19,P2_3_L,,23700.0,1,2653.1891701828413,7338.600562587905,"POLYGON ((2725 7430, 2715 7430, 2705 7430, 2695 7430, 2685 7430, 2680 7425, 2675 7420, 2670 7415, 2665 7410, 2660 7405, 2655 7400, 2650 7395, 2645 7390, 2640 7385, 2635 7380, 2630 7375, 2625 7370, 2615 7370, 2605 7370, 2600 7365, 2595 7360, 2585 7360, 2580 7355, 2575 7350, 2565 7350, 2560 7345, 2555 7340, 2550 7335, 2545 7330, 2540 7325, 2535 7320, 2530 7315, 2535 7310, 2540 7305, 2540 7295, 2540 7285, 2545 7280, 2550 7275, 2545 7270, 2540 7265, 2540 7255, 2545 7250, 2550 7245, 2555 7240, 2560 7235, 2565 7230, 2575 7230, 2585 7230, 2590 7235, 2595 7240, 2600 7245, 2605 7250, 2610 7245, 2615 7240, 2620 7245, 2625 7250, 2630 7255, 2635 7260, 2645 7260, 2650 7265, 2655 7270, 2660 7275, 2665 7280, 2670 7285, 2675 7290, 2680 7295, 2680 7305, 2680 7315, 2675 7320, 2670 7325, 2675 7330, 2680 7335, 2685 7340, 2690 7345, 2695 7350, 2705 7350, 2710 7345, 2715 7340, 2725 7340, 2730 7345, 2735 7350, 2745 7350, 2750 7355, 2755 7360, 2765 7360, 2775 7360, 2780 7365, 2785 7370, 2790 7375, 2795 7380, 2800 7385, 2800 7395, 2795 7400, 2790 7405, 2785 7410, 2780 7415, 2775 7420, 2765 7420, 2755 7420, 2745 7420, 2735 7420, 2730 7425, 2725 7430), (2630 7325, 2630 7315, 2630 7305, 2625 7300, 2615 7300, 2610 7295, 2605 7290, 2595 7290, 2590 7295, 2585 7300, 2580 7305, 2585 7310, 2595 7310, 2600 7315, 2605 7320, 2615 7320, 2620 7325, 2625 7330, 2630 7325))"
lesion,20,R1_3_T,,3950.0,1,789.1983122362869,7517.974683544304,"POLYGON ((805 7570, 795 7570, 790 7565, 790 7555, 785 7550, 780 7545, 775 7540, 770 7535, 765 7530, 760 7525, 760 7515, 760 7505, 760 7495, 760 7485, 765 7480, 770 7475, 775 7470, 785 7470, 790 7475, 795 7480, 800 7485, 805 7490, 810 7495, 810 7505, 815 7510, 820 7515, 815 7520, 810 7525, 810 7535, 815 7540, 820 7545, 820 7555, 815 7560, 810 7565, 805 7570))"
rim,20,R1_3_T,,3950.0,1,789.1983122362869,7517.974683544304,"POLYGON ((805 7570, 795 7570, 790 7565, 790 7555, 785 7550, 780 7545, 775 7540, 770 7535, 765 7530, 760 7525, 760 7515, 760 7505, 760 7495, 760 7485, 765 7480, 770 7475, 775 7470, 785 7470, 790 7475, 795 7480, 800 7485, 805 7490, 810 7495, 810 7505, 815 7510, 820 7515, 815 7520, 810 7525, 810 7535, 815 7540, 820 7545, 820 7555, 815 7560, 810 7565, 805 7570))"
lesion,21,P2_3_L,,205950.0,1,2746.9470745326535,8059.408027838472,"POLYGON ((2925 8360, 2915 8360, 2910 8355, 2905 8350, 2895 8350, 2885 8350, 2875 8350, 2870 8345, 2865 8340, 2855 8340, 2850 8335, 2845 8330, 2835 8330, 2830 8325, 2825 8320, 2820 8315, 2815 8310, 2810 8305, 2805 8300, 2800 8295, 2795 8290, 2785 8290, 2780 8285, 2775 8280, 2770 8275, 2765 8270, 2760 8265, 2755 8260, 2745 8260, 2740 8255, 2735 8250, 2725 8250, 2715 8250, 2705 8250, 2700 8245, 2700 8235, 2700 8225, 2700 8215, 2695 8210, 2685 8210, 2680 8205, 2675 8200, 2665 8200, 2660 8195, 2655 8190, 2650 8185, 2645 8180, 2640 8175, 2635 8170, 2625 8170, 2620 8165, 2620 8155, 2615 8150, 2610 8145, 2605 8140, 2595 8140, 2585 8140, 2575 8140, 2570 8135, 2565 8130, 2560 8125, 2555 8120, 2550 8125, 2550 8135, 2550 8145, 2545 8150, 2540 8155, 2540 8165, 2540 8175, 2535 8180, 2525 8180, 2520 8175, 2515 8170, 2510 8165, 2510 8155, 2505 8150, 2500 8145, 2500 8135, 2500 8125, 2500 8115, 2500 8105, 2495 8100, 2490 8095, 2490 8085, 2485 8080, 2480 8075, 2480 8065, 2475 8060, 2470 8055, 2470 8045, 2465 8040, 2460 8035, 2460 8025, 2455 8020, 2450 8015, 2450 8005, 2445 8000, 2440 7995, 2440 7985, 2440 7975, 2445 7970, 2450 7965, 2450 7955, 2450 7945, 2455 7940, 2460 7935, 2455 7930, 2450 7925, 2450 7915, 2450 7905, 2450 7895, 2455 7890, 2460 7885, 2465 7880, 2470 7875, 2470 7865, 2475 7860, 2480 7855, 2480 7845, 2485 7840, 2490 7835, 2495 7830, 2500 7825, 2505 7820, 2515 7820, 2520 7815, 2525 7810, 2535 7810, 2540 7805, 2545 7800, 2550 7795, 2555 7790, 2560 7785, 2565 7780, 2570 7785, 2575 7790, 2580 7795, 2585 7800, 2590 7805, 2595 7810, 2600 7815, 2605 7820, 2615 7820, 2620 7815, 2625 7810, 2635 7810, 2640 7805, 2645 7800, 2650 7795, 2655 7790, 2665 7790, 2670 7795, 2675 7800, 2680 7805, 2685 7810, 2690 7815, 2690 7825, 2695 7830, 2700 7835, 2700 7845, 2705 7850, 2710 7855, 2715 7860, 2720 7865, 2725 7870, 2735 7870, 2740 7875, 2745 7880, 2755 7880, 2760 7885, 2765 7890, 2775 7890, 2785 7890, 2790 7895, 2795 7900, 2805 7900, 2815 7900, 2825 7900, 2830 7905, 2835 7910, 2845 7910, 2850 7905, 2855 7900, 2860 7905, 2865 7910, 2875 7910, 2880 7905, 2885 7900, 2895 7900, 2905 7900, 2915 7900, 2920 7905, 2925 7910, 2930 7915, 2935 7920, 2940 7925, 2945 7930, 2950 7935, 2955 7940, 2960 7945, 2965 7950, 2970 7955, 2975 7960, 2980 7965, 2985 7970, 2990 7975, 2990 7985, 2985 7990, 2980 7995, 2985 8000, 2990 8005, 2995 8010, 3000 8015, 3000 8025, 3000 8035, 3005 8040, 3010 8045, 3010 8055, 3010 8065, 3010 8075, 3015 8080, 3020 8085, 3020 8095, 3020 8105, 3015 8110, 3010 8115, 3010 8125, 3010 8135, 3010 8145, 3010 8155, 3010 8165, 3015 8170, 3020 8175, 3020 8185, 3020 8195, 3020 8205, 3020 8215, 3020 8225, 3015 8230, 3010 8235, 3010 8245, 3010 8255, 3005 8260, 3000 8265, 2995 8270, 2990 8275, 2985 8280, 2980 8285, 2980 8295, 2975 8300, 2970 8305, 2970 8315, 2965 8320, 2960 8325, 2965 8330, 2970 8335, 2970 8345, 2965 8350, 2955 8350, 2945 8350, 2935 8350, 2930 8355, 2925 8360))"
core,21,P2_3_L,,144350.0,1,2745.349555478582,8074.190335988916,"POLYGON ((2915 8310, 2905 8310, 2895 8310, 2885 8310, 2875 8310, 2865 8310, 2855 8310, 2845 8310, 2840 8305, 2835 8300, 2830 8295, 2825 8290, 2815 8290, 2805 8290, 2800 8285, 2795 8280, 2790 8275, 2785 8270, 2775 8270, 2770 8265, 2765 8260, 2755 8260, 2745 8260, 2740 8255, 2735 8250, 2725 8250, 2715 8250, 2705 8250, 2700 8245, 2700 8235, 2700 8225, 2700 8215, 2695 8210, 2685 8210, 2680 8205, 2675 8200, 2665 8200, 2660 8195, 2655 8190, 2650 8185, 2645 8180, 2640 8175, 2635 8170, 2625 8170, 2620 8165, 2620 8155, 2615 8150, 2610 8145, 2605 8140, 2595 8140, 2585 8140, 2575 8140, 2570 8135, 2565 8130, 2560 8125, 2555 8120, 2550 8125, 2545 8130, 2540 8125, 2540 8115, 2540 8105, 2540 8095, 2540 8085, 2535 8080, 2530 8075, 2530 8065, 2525 8060, 2520 8055, 2520 8045, 2515 8040, 2510 8035, 2510 8025, 2505 8020, 2500 8015, 2500 8005, 2495 8000, 2490 7995, 2490 7985, 2490 7975, 2490 7965, 2495 7960, 2500 7955, 2500 7945, 2500 7935, 2500 7925, 2500 7915, 2500 7905, 2505 7900, 2510 7895, 2510 7885, 2515 7880, 2520 7875, 2520 7865, 2525 7860, 2535 7860, 2540 7855, 2545 7850, 2555 7850, 2560 7845, 2565 7840, 2570 7845, 2575 7850, 2580 7855, 2585 7860, 2595 7860, 2605 7860, 2615 7860, 2625 7860, 2635 7860, 2640 7855, 2645 7850, 2655 7850, 2660 7855, 2660 7865, 2665 7870, 2670 7875, 2675 7880, 2680 7885, 2685 7890, 2690 7895, 2695 7900, 2700 7905, 2705 7910, 2715 7910, 2720 7915, 2725 7920, 2735 7920, 2740 7925, 2745 7930, 2755 7930, 2765 7930, 2770 7935, 2775 7940, 2785 7940, 2795 7940, 2805 7940, 2810 7945, 2815 7950, 2825 7950, 2835 7950, 2845 7950, 2855 7950, 2865 7950, 2875 7950, 2885 7950, 2895 7950, 2905 7950, 2910 7955, 2915 7960, 2920 7965, 2925 7970, 2930 7975, 2935 7980, 2940 7985, 2940 7995, 2940 8005, 2940 8015, 2945 8020, 2950 8025, 2955 8030, 2960 8035, 2960 8045, 2960 8055, 2965 8060, 2970 8065, 2970 8075, 2970 8085, 2970 8095, 2970 8105, 2970 8115, 2970 8125, 2970 8135, 2970 8145, 2970 8155, 2970 8165, 2970 8175, 2970 8185, 2975 8190, 2980 8195, 2980 8205, 2975 8210, 2970 8215, 2970 8225, 2970 8235, 2965 8240, 2960 8245, 2955 8250, 2950 8255, 2945 8260, 2940 8265, 2940 8275, 2935 8280, 2930 8285, 2930 8295, 2925 8300, 2920 8305, 2915 8310))"
rim,21,P2_3_L,,61400.0,2,2750.701682953312,8024.017372421282,"MULTIPOLYGON (((2930 8355, 2935 8350, 2945 8350, 2955 8350, 2965 8350, 2970 8345, 2970 8335, 2965 8330, 2960 8325, 2965 8320, 2970 8315, 2970 8305, 2975 8300, 2980 8295, 2980 8285, 2985 8280, 2990 8275, 2995 8270, 3000 8265, 3005 8260, 3010 8255, 3010 8245, 3010 8235, 3015 8230, 3020 8225, 3020 8215, 3020 8205, 3020 8195, 3020 8185, 3020 8175, 3015 8170, 3010 8165, 3010 8155, 3010 8145, 3010 8135, 3010 8125, 3010 8115, 3015 8110, 3020 8105, 3020 8095, 3020 8085, 3015 8080, 3010 8075, 3010 8065, 3010 8055, 3010 8045, 3005 8040, 3000 8035, 3000 8025, 3000 8015, 2995 8010, 2990 8005, 2985 8000, 2980 7995, 2985 7990, 2990 7985, 2990 7975, 2985 7970, 2980 7965, 2975 7960, 2970 7955, 2965 7950, 2960 7945, 2955 7940, 2950 7935, 2945 7930, 2940 7925, 2935 7920, 2930 7915, 2925 7910, 2920 7905, 2915 7900, 2905 7900, 2895 7900, 2885 7900, 2880 7905, 2875 7910, 2865 7910, 2860 7905, 2855 7900, 2850 7905, 2845 7910, 2835 7910, 2830 7905, 2825 7900, 2815 7900, 2805 7900, 2795 7900, 2790 7895, 2785 7890, 2775 7890, 2765 7890, 2760 7885, 2755 7880, 2745 7880, 2740 7875, 2735 7870, 2725 7870, 2720 7865, 2715 7860, 2710 7855, 2705 7850, 2700 7845, 2700 7835, 2695 7830, 2690 7825, 2690 7815, 2685 7810, 2680 7805, 2675 7800, 2670 7795, 2665 7790, 2655 7790, 2650 7795, 2645 7800, 2640 7805, 2635 7810, 2625 7810, 2620 7815, 2615 7820, 2605 7820, 2600 7815, 2595 7810, 2590 7805, 2585 7800, 2580 7795, 2575 7790, 2570 7785, 2565 7780, 2560 7785, 2555 7790, 2550 7795, 2545 7800, 2540 7805, 2535 7810, 2525 7810, 2520 7815, 2515 7820, 2505 7820, 2500 7825, 2495 7830, 2490 7835, 2485 7840, 2480 7845, 2480 7855, 2475 7860, 2470 7865, 2470 7875, 2465 7880, 2460 7885, 2455 7890, 2450 7895, 2450 7905, 2450 7915, 2450 7925, 2455 7930, 2460 7935, 2455 7940, 2450 7945, 2450 7955, 2450 7965, 2445 7970, 2440 7975, 2440 7985, 2440 7995, 2445 8000, 2450 8005, 2450 8015, 2455 8020, 2460 8025, 2460 8035, 2465 8040, 2470 8045, 2470 8055, 2475 8060, 2480 8065, 2480 8075, 2485 8080, 2490 8085, 2490 8095, 2495 8100, 2500 8105, 2500 8115, 2500 8125, 2500 8135, 2500 8145, 2505 8150, 2510 8155, 2510 8165, 2515 8170, 2520 8175, 2525 8180, 2535 8180, 2540 8175, 2540 8165, 2540 8155, 2545 8150, 2550 8145, 2550 8135, 2545 8130, 2540 8125, 2540 8115, 2540 8105, 2540 8095, 2540 8085, 2535 8080, 2530 8075, 2530 8065, 2525 8060, 2520 8055, 2520 8045, 2515 8040, 2510 8035, 2510 8025, 2505 8020, 2500 8015, 2500 8005, 2495 8000, 2490 7995, 2490 7985, 2490 7975, 2490 7965, 2495 7960, 2500 7955, 2500 7945, 2500 7935, 2500 7925, 2500 7915, 2500 7905, 2505 7900, 2510 7895, 2510 7885, 2515 7880, 2520 7875, 2520 7865, 2525 7860, 2535 7860, 2540 7855, 2545 7850, 2555 7850, 2560 7845, 2565 7840, 2570 7845, 2575 7850, 2580 7855, 2585 7860, 2595 7860, 2605 7860, 2615 7860, 2625 7860, 2635 7860, 2640 7855, 2645 7850, 2655 7850, 2660 7855, 2660 7865, 2665 7870, 2670 7875, 2675 7880, 2680 7885, 2685 7890, 2690 7895, 2695 7900, 2700 7905, 2705 7910, 2715 7910, 2720 7915, 2725 7920, 2735 7920, 2740 7925, 2745 7930, 2755 7930, 2765 7930, 2770 7935, 2775 7940, 2785 7940, 2795 7940, 2805 7940, 2810 7945, 2815 7950, 2825 7950, 2835 7950, 2845 7950, 2855 7950, 2865 7950, 2875 7950, 2885 7950, 2895 7950, 2905 7950, 2910 7955, 2915 7960, 2920 7965, 2925 7970, 2930 7975, 2935 7980, 2940 7985, 2940 7995, 2940 8005, 2940 8015, 2945 8020, 2950 8025, 2955 8030, 2960 8035, 2960 8045, 2960 8055, 2965 8060, 2970 8065, 2970 8075, 2970 8085, 2970 8095, 2970 8105, 2970 8115, 2970 8125, 2970 8135, 2970 8145, 2970 8155, 2970 8165, 2970 8175, 2970 8185, 2975 8190, 2980 8195, 2980 8205, 2975 8210, 2970 8215, 2970 8225, 2970 8235, 2965 8240, 2960 8245, 2955 8250, 2950 8255, 2945 8260, 2940 8265, 2940 8275, 2935 8280, 2930 8285, 2930 8295, 2925 8300, 2920 8305, 2915 8310, 2905 8310, 2895 8310, 2885 8310, 2875 8310, 2865 8310, 2855 8310, 2845 8310, 2840 8305, 2835 8300, 2830 8295, 2825 8290, 2815 8290, 2805 8290, 2800 8295, 2805 8300, 2810 8305, 2815 8310, 2820 8315, 2825 8320, 2830 8325, 2835 8330, 2845 8330, 2850 8335, 2855 8340, 2865 8340, 2870 8345, 2875 8350, 2885 8350, 2895 8350, 2905 8350, 2910 8355, 2915 8360, 2925 8360, 2930 8355)), ((2800 8285, 2795 8280, 2790 8275, 2785 8270, 2775 8270, 2770 8275, 2775 8280, 2780 8285, 2785 8290, 2795 8290, 2800 8285)))"
lesion,22,R1_3_T,,4150.0,1,1164.769076305221,7984.0863453815255,"POLYGON ((1195 8010, 1185 8010, 1175 8010, 1165 8010, 1155 8010, 1145 8010, 1140 8005, 1135 8000, 1130 7995, 1125 7990, 1115 7990, 1110 7985, 1110 7975, 1115 7970, 1120 7965, 1125 7960, 1135 7960, 1145 7960, 1150 7965, 1155 7970, 1160 7965, 1165 7960, 1175 7960, 1185 7960, 1195 7960, 1200 7965, 1205 7970, 1210 7975, 1215 7980, 1220 7985, 1215 7990, 1210 7995, 1205 8000, 1200 8005, 1195 8010))"
rim,22,R1_3_T,,4150.0,1,1164.769076305221,7984.0863453815255,"POLYGON ((1195 8010, 1185 8010, 1175 8010, 1165 8010, 1155 8010, 1145 8010, 1140 8005, 1135 8000, 1130 7995, 1125 7990, 1115 7990, 1110 7985, 1110 7975, 1115 7970, 1120 7965, 1125 7960, 1135 7960, 1145 7960, 1150 7965, 1155 7970, 1160 7965, 1165 7960, 1175 7960, 1185 7960, 1195 7960, 1200 7965, 1205 7970, 1210 7975, 1215 7980, 1220 7985, 1215 7990, 1210 7995, 1205 8000, 1200 8005, 1195 8010))"
peri,0,P2_3_T,1;2;3;4;5;6;7,288350.0,1,6296.301514363332,3200.2059129530085,"POLYGON ((6295 3870, 6285 3870, 6275 3870, 6265 3870, 6255 3870, 6250 3865, 6245 3860, 6235 3860, 6225 3860, 6215 3860, 6205 3860, 6195 3860, 6185 3860, 6175 3860, 6165 3860, 6155 3860, 6145 3860, 6135 3860, 6125 3860, 6115 3860, 6105 3860, 6095 3860, 6090 3855, 6085 3850, 6075 3850, 6065 3850, 6060 3845, 6055 3840, 6050 3835, 6045 3830, 6035 3830, 6030 3825, 6025 3820, 6020 3815, 6015 3810, 6010 3805, 6005 3800, 6000 3795, 6000 3785, 5995 3780, 5990 3775, 5990 3765, 5985 3760, 5980 3755, 5980 3745, 5980 3735, 5975 3730, 5970 3725, 5970 3715, 5970 3705, 5970 3695, 5970 3685, 5970 3675, 5970 3665, 5970 3655, 5965 3650, 5960 3645, 5960 3635, 5960 3625, 5955 3620, 5950 3615, 5950 3605, 5945 3600, 5940 3595, 5940 3585, 5940 3575, 5935 3570, 5930 3565, 5930 3555, 5930 3545, 5930 3535, 5925 3530, 5920 3525, 5920 3515, 5920 3505, 5920 3495, 5920 3485, 5915 3480, 5910 3475, 5910 3465, 5910 3455, 5905 3450, 5900 3445, 5900 3435, 5900 3425, 5895 3420, 5890 3415, 5890 3405, 5890 3395, 5885 3390, 5880 3385, 5880 3375, 5880 3365, 5875 3360, 5870 3355, 5870 3345, 5870 3335, 5870 3325, 5870 3315, 5865 3310, 5860 3305, 5860 3295, 5860 3285, 5855 3280, 5850 3275, 5850 3265, 5850 3255, 5845 3250, 5840 3245, 5840 3235, 5840 3225, 5840 3215, 5840 3205, 5840 3195, 5840 3185, 5840 3175, 5835 3170, 5830 3165, 5835 3160, 5840 3155, 5840 3145, 5845 3140, 5850 3135, 5850 3125, 5855 3120, 5860 3115, 5855 3110, 5850 3105, 5850 3095, 5850 3085, 5850 3075, 5850 3065, 5845 3060, 5840 3055, 5835 3050, 5825 3050, 5820 3045, 5815 3040, 5810 3035, 5810 3025, 5810 3015, 5810 3005, 5810 2995, 5810 2985, 5810 2975, 5805 2970, 5800 2965, 5800 2955, 5800 2945, 5800 2935, 5800 2925, 5800 2915, 5800 2905, 5800 2895, 5795 2890, 5790 2885, 5790 2875, 5790 2865, 5790 2855, 5790 2845, 5790 2835, 5790 2825, 5790 2815, 5795 2810, 5800 2805, 5805 2800, 5810 2795, 5805 2790, 5800 2785, 5800 2775, 5800 2765, 5800 2755, 5800 2745, 5795 2740, 5790 2735, 5795 2730, 5800 2725, 5800 2715, 5800 2705, 5800 2695, 5800 2685, 5800 2675, 5800 2665, 5795 2660, 5790 2655, 5790 2645, 5795 2640, 5800 2635, 5800 2625, 5795 2620, 5790 2615, 5790 2605, 5790 2595, 5790 2585, 5790 2575, 5785 2570, 5780 2565, 5780 2555, 5780 2545, 5780 2535, 5780 2525, 5775 2520, 5770 2515, 5770 2505, 5770 2495, 5770 2485, 5770 2475, 5770 2465, 5770 2455, 5770 2445, 5770 2435, 5765 2430, 5760 2425, 5760 2415, 5760 2405, 5760 2395, 5760 2385, 5760 2375, 5760 2365, 5765 2360, 5770 2355, 5770 2345, 5770 2335, 5770 2325, 5770 2315, 5770 2305, 5770 2295, 5770 2285, 5775 2280, 5780 2275, 5780 2265, 5785 2260, 5790 2255, 5795 2250, 5800 2245, 5800 2235, 5805 2230, 5810 2225, 5810 2215, 5810 2205, 5815 2200, 5820 2195, 5820 2185, 5825 2180, 5830 2175, 5830 2165, 5835 2160, 5840 2155, 5840 2145, 5845 2140, 5850 2135, 5855 2130, 5860 2125, 5865 2120, 5870 2115, 5875 2110, 5880 2105, 5885 2100, 5890 2095, 5895 2090, 5900 2085, 5905 2080, 5910 2075, 5910 2065, 5915 2060, 5920 2055, 5925 2050, 5930 2045, 5935 2040, 5945 2040, 5955 2040, 5960 2035, 5965 2030, 5970 2035, 5975 2040, 5985 2040, 5995 2040, 6005 2040, 6015 2040, 6020 2045, 6025 2050, 6035 2050, 6045 2050, 6050 2055, 6045 2060, 6040 2065, 6035 2070, 6025 2070, 6020 2075, 6015 2080, 6010 2085, 6005 2090, 6000 2095, 5995 2100, 5990 2105, 5985 2110, 5980 2115, 5975 2120, 5965 2120, 5960 2125, 5960 2135, 5955 2140, 5950 2145, 5945 2150, 5940 2155, 5935 2160, 5930 2165, 5925 2170, 5920 2175, 5915 2180, 5910 2185, 5910 2195, 5905 2200, 5900 2205, 5900 2215, 5900 2225, 5895 2230, 5890 2235, 5890 2245, 5890 2255, 5885 2260, 5880 2265, 5875 2270, 5870 2275, 5865 2280, 5855 2280, 5845 2280, 5840 2285, 5845 2290, 5850 2295, 5850 2305, 5850 2315, 5850 2325, 5845 2330, 5840 2335, 5840 2345, 5840 2355, 5840 2365, 5840 2375, 5840 2385, 5840 2395, 5835 2400, 5830 2405, 5830 2415, 5835 2420, 5840 2425, 5840 2435, 5835 2440, 5830 2445, 5835 2450, 5840 2455, 5845 2460, 5850 2465, 5850 2475, 5850 2485, 5855 2490, 5860 2495, 5855 2500, 5850 2505, 5850 2515, 5855 2520, 5860 2525, 5860 2535, 5855 2540, 5850 2545, 5850 2555, 5850 2565, 5855 2570, 5860 2575, 5855 2580, 5850 2585, 5855 2590, 5860 2595, 5860 2605, 5860 2615, 5865 2620, 5870 2625, 5865 2630, 5860 2635, 5860 2645, 5865 2650, 5870 2655, 5865 2660, 5860 2665, 5865 2670, 5870 2675, 5870 2685, 5870 2695, 5875 2700, 5880 2705, 5875 2710, 5870 2715, 5870 2725, 5870 2735, 5870 2745, 5875 2750, 5880 2755, 5880 2765, 5880 2775, 5880 2785, 5880 2795, 5880 2805, 5875 2810, 5870 2815, 5875 2820, 5880 2825, 5880 2835, 5880 2845, 5880 2855, 5885 2860, 5890 2865, 5885 2870, 5880 2875, 5885 2880, 5890 2885, 5890 2895, 5885 2900, 5880 2905, 5885 2910, 5890 2915, 5890 2925, 5890 2935, 5890 2945, 5890 2955, 5895 2960, 5900 2965, 5895 2970, 5890 2975, 5895 2980, 5900 2985, 5900 2995, 5900 3005, 5895 3010, 5890 3015, 5895 3020, 5900 3025, 5900 3035, 5895 3040, 5890 3045, 5895 3050, 5900 3055, 5895 3060, 5890 3065, 5895 3070, 5900 3075, 5900 3085, 5900 3095, 5900 3105, 5900 3115, 5900 3125, 5895 3130, 5890 3135, 5895 3140, 5900 3145, 5905 3150, 5910 3155, 5915 3160, 5920 3165, 5925 3170, 5930 3175, 5935 3180, 5940 3185, 5940 3195, 5935 3200, 5930 3205, 5925 3210, 5920 3215, 5915 3220, 5910 3225, 5915 3230, 5920 3235, 5920 3245, 5925 3250, 5930 3255, 5935 3260, 5940 3265, 5940 3275, 5945 3280, 5950 3285, 5950 3295, 5950 3305, 5950 3315, 5955 3320, 5960 3325, 5960 3335, 5965 3340, 5970 3345, 5970 3355, 5970 3365, 5975 3370, 5980 3375, 5980 3385, 5980 3395, 5980 3405, 5985 3410, 5990 3415, 5990 3425, 5995 3430, 6000 3435, 6000 3445, 6005 3450, 6010 3455, 6010 3465, 6010 3475, 6015 3480, 6020 3485, 6015 3490, 6010 3495, 6010 3505, 6015 3510, 6020 3515, 6020 3525, 6020 3535, 6025 3540, 6030 3545, 6030 3555, 6025 3560, 6020 3565, 6025 3570, 6030 3575, 6030 3585, 6035 3590, 6040 3595, 6045 3600, 6050 3605, 6050 3615, 6050 3625, 6055 3630, 6060 3635, 6060 3645, 6055 3650, 6050 3655, 6055 3660, 6060 3665, 6060 3675, 6060 3685, 6060 3695, 6060 3705, 6060 3715, 6065 3720, 6070 3725, 6070 3735, 6070 3745, 6070 3755, 6075 3760, 6080 3765, 6085 3770, 6095 3770, 6105 3770, 6110 3775, 6115 3780, 6120 3785, 6125 3790, 6130 3785, 6135 3780, 6145 3780, 6155 3780, 6160 3775, 6165 3770, 6175 3770, 6180 3775, 6185 3780, 6190 3775, 6195 3770, 6205 3770, 6210 3775, 6215 3780, 6225 3780, 6235 3780, 6240 3785, 6245 3790, 6255 3790, 6260 3785, 6265 3780, 6270 3785, 6275 3790, 6280 3785, 6285 3780, 6290 3785, 6295 3790, 6300 3785, 6305 3780, 6315 3780, 6320 3775, 6325 3770, 6335 3770, 6345 3770, 6350 3765, 6355 3760, 6360 3765, 6365 3770, 6370 3765, 6375 3760, 6385 3760, 6395 3760, 6400 3765, 6405 3770, 6410 3765, 6415 3760, 6420 3755, 6425 3750, 6435 3750, 6445 3750, 6450 3745, 6455 3740, 6465 3740, 6470 3745, 6475 3750, 6480 3745, 6485 3740, 6490 3735, 6495 3730, 6500 3725, 6505 3720, 6510 3715, 6515 3710, 6525 3710, 6535 3710, 6540 3705, 6545 3700, 6550 3705, 6555 3710, 6560 3705, 6565 3700, 6570 3695, 6575 3690, 6585 3690, 6595 3690, 6605 3690, 6610 3695, 6615 3700, 6625 3700, 6630 3705, 6635 3710, 6645 3710, 6650 3705, 6655 3700, 6660 3695, 6665 3690, 6670 3685, 6675 3680, 6685 3680, 6690 3675, 6695 3670, 6700 3665, 6700 3655, 6705 3650, 6710 3645, 6715 3640, 6720 3635, 6725 3630, 6730 3625, 6735 3620, 6745 3620, 6750 3615, 6755 3610, 6760 3605, 6765 3600, 6770 3595, 6770 3585, 6770 3575, 6775 3570, 6780 3565, 6785 3560, 6790 3555, 6795 3550, 6800 3545, 6805 3540, 6810 3535, 6815 3530, 6825 3530, 6830 3525, 6830 3515, 6835 3510, 6840 3505, 6845 3500, 6850 3495, 6850 3485, 6855 3480, 6860 3475, 6865 3470, 6870 3465, 6870 3455, 6875 3450, 6880 3445, 6880 3435, 6880 3425, 6885 3420, 6890 3415, 6895 3410, 6900 3405, 6905 3400, 6910 3395, 6910 3385, 6915 3380, 6920 3375, 6925 3370, 6930 3365, 6935 3360, 6940 3355, 6945 3350, 6950 3345, 6950 3335, 6950 3325, 6950 3315, 6955 3310, 6960 3305, 6960 3295, 6960 3285, 6960 3275, 6965 3270, 6970 3265, 6970 3255, 6970 3245, 6975 3240, 6980 3235, 6980 3225, 6980 3215, 6985 3210, 6990 3205, 6990 3195, 6995 3190, 7000 3185, 7000 3175, 7000 3165, 7005 3160, 7010 3155, 7015 3150, 7020 3145, 7015 3140, 7010 3135, 7010 3125, 7015 3120, 7020 3115, 7020 3105, 7020 3095, 7025 3090, 7030 3085, 7035 3080, 7040 3075, 7035 3070, 7030 3065, 7030 3055, 7030 3045, 7030 3035, 7035 3030, 7040 3025, 7035 3020, 7030 3015, 7035 3010, 7040 3005, 7040 2995, 7035 2990, 7030 2985, 7035 2980, 7040 2975, 7035 2970, 7030 2965, 7030 2955, 7035 2950, 7040 2945, 7035 2940, 7030 2935, 7035 2930, 7040 2925, 7040 2915, 7040 2905, 7035 2900, 7030 2895, 7035 2890, 7040 2885, 7040 2875, 7040 2865, 7045 2860, 7050 2855, 7050 2845, 7045 2840, 7040 2835, 7045 2830, 7055 2830, 7060 2835, 7065 2840, 7075 2840, 7080 2845, 7085 2850, 7095 2850, 7100 2855, 7105 2860, 7110 2865, 7115 2870, 7120 2875, 7125 2880, 7130 2885, 7130 2895, 7130 2905, 7130 2915, 7130 2925, 7130 2935, 7125 2940, 7120 2945, 7120 2955, 7120 2965, 7120 2975, 7120 2985, 7120 2995, 7120 3005, 7120 3015, 7120 3025, 7120 3035, 7120 3045, 7120 3055, 7120 3065, 7120 3075, 7115 3080, 7110 3085, 7110 3095, 7110 3105, 7110 3115, 7110 3125, 7110 3135, 7105 3140, 7100 3145, 7100 3155, 7100 3165, 7100 3175, 7100 3185, 7095 3190, 7090 3195, 7090 3205, 7085 3210, 7080 3215, 7080 3225, 7080 3235, 7075 3240, 7070 3245, 7070 3255, 7065 3260, 7060 3265, 7060 3275, 7060 3285, 7055 3290, 7050 3295, 7050 3305, 7045 3310, 7040 3315, 7040 3325, 7040 3335, 7035 3340, 7030 3345, 7030 3355, 7025 3360, 7020 3365, 7020 3375, 7020 3385, 7015 3390, 7010 3395, 7005 3400, 7000 3405, 7000 3415, 6995 3420, 6990 3425, 6985 3430, 6980 3435, 6980 3445, 6975 3450, 6970 3455, 6970 3465, 6965 3470, 6960 3475, 6955 3480, 6950 3485, 6950 3495, 6945 3500, 6940 3505, 6935 3510, 6930 3515, 6930 3525, 6925 3530, 6920 3535, 6915 3540, 6910 3545, 6905 3550, 6900 3555, 6900 3565, 6895 3570, 6890 3575, 6885 3580, 6880 3585, 6875 3590, 6870 3595, 6865 3600, 6855 3600, 6850 3605, 6845 3610, 6840 3615, 6840 3625, 6835 3630, 6830 3635, 6825 3640, 6820 3645, 6815 3650, 6810 3655, 6805 3660, 6800 3665, 6795 3670, 6790 3675, 6790 3685, 6785 3690, 6780 3695, 6775 3700, 6770 3705, 6765 3710, 6760 3715, 6755 3720, 6750 3725, 6745 3730, 6735 3730, 6730 3735, 6725 3740, 6720 3745, 6715 3750, 6710 3755, 6705 3760, 6695 3760, 6690 3765, 6685 3770, 6675 3770, 6665 3770, 6660 3775, 6655 3780, 6645 3780, 6635 3780, 6625 3780, 6615 3780, 6605 3780, 6595 3780, 6585 3780, 6575 3780, 6565 3780, 6560 3785, 6555 3790, 6545 3790, 6540 3795, 6535 3800, 6530 3805, 6525 3810, 6515 3810, 6510 3815, 6505 3820, 6495 3820, 6490 3825, 6485 3830, 6475 3830, 6465 3830, 6460 3835, 6455 3840, 6445 3840, 6435 3840, 6425 3840, 6415 3840, 6410 3845, 6405 3850, 6395 3850, 6385 3850, 6375 3850, 6365 3850, 6355 3850, 6350 3855, 6345 3860, 6335 3860, 6325 3860, 6315 3860, 6305 3860, 6300 3865, 6295 3870))"
peri,0,P2_3_T,1;2;3;4;5;6;7,302750.0,1,6368.443572804845,2960.0672997522706,"POLYGON ((6295 3460, 6290 3455, 6285 3450, 6280 3445, 6275 3440, 6270 3435, 6270 3425, 6270 3415, 6265 3410, 6260 3405, 6260 3395, 6260 3385, 6260 3375, 6255 3370, 6250 3365, 6250 3355, 6255 3350, 6260 3345, 6260 3335, 6265 3330, 6270 3325, 6270 3315, 6270 3305, 6275 3300, 6280 3295, 6285 3290, 6290 3285, 6290 3275, 6295 3270, 6300 3265, 6305 3260, 6310 3255, 6315 3250, 6320 3245, 6325 3240, 6330 3235, 6335 3230, 6340 3225, 6340 3215, 6340 3205, 6340 3195, 6335 3190, 6330 3185, 6325 3180, 6320 3175, 6315 3170, 6310 3165, 6305 3160, 6295 3160, 6290 3165, 6285 3170, 6280 3175, 6275 3180, 6270 3185, 6265 3190, 6255 3190, 6245 3190, 6235 3190, 6225 3190, 6215 3190, 6210 3185, 6205 3180, 6195 3180, 6190 3175, 6185 3170, 6180 3165, 6175 3160, 6165 3160, 6160 3155, 6155 3150, 6145 3150, 6135 3150, 6125 3150, 6115 3150, 6110 3155, 6105 3160, 6095 3160, 6090 3165, 6085 3170, 6075 3170, 6070 3175, 6065 3180, 6055 3180, 6050 3185, 6045 3190, 6035 3190, 6030 3185, 6025 3180, 6015 3180, 6005 3180, 6000 3185, 5995 3190, 5990 3195, 5985 3200, 5980 3205, 5975 3210, 5970 3215, 5970 3225, 5970 3235, 5970 3245, 5970 3255, 5965 3260, 5960 3255, 5955 3250, 5950 3245, 5950 3235, 5950 3225, 5955 3220, 5960 3215, 5960 3205, 5960 3195, 5960 3185, 5960 3175, 5960 3165, 5955 3160, 5950 3155, 5945 3150, 5940 3145, 5935 3140, 5930 3135, 5925 3130, 5920 3125, 5920 3115, 5925 3110, 5930 3105, 5930 3095, 5930 3085, 5935 3080, 5940 3085, 5940 3095, 5940 3105, 5945 3110, 5950 3115, 5955 3120, 5960 3125, 5965 3130, 5975 3130, 5980 3125, 5985 3120, 5990 3115, 5990 3105, 5995 3100, 6000 3095, 6000 3085, 5995 3080, 5990 3075, 5990 3065, 5995 3060, 6000 3065, 6005 3070, 6015 3070, 6020 3065, 6025 3060, 6030 3055, 6035 3050, 6040 3045, 6040 3035, 6040 3025, 6040 3015, 6045 3010, 6050 3005, 6055 3000, 6060 2995, 6065 2990, 6075 2990, 6085 2990, 6090 2985, 6095 2980, 6100 2975, 6105 2970, 6110 2965, 6115 2960, 6120 2955, 6120 2945, 6120 2935, 6120 2925, 6120 2915, 6120 2905, 6120 2895, 6115 2890, 6110 2885, 6110 2875, 6105 2870, 6100 2865, 6100 2855, 6095 2850, 6090 2845, 6090 2835, 6095 2830, 6100 2825, 6100 2815, 6100 2805, 6105 2800, 6110 2795, 6110 2785, 6110 2775, 6110 2765, 6115 2760, 6120 2755, 6120 2745, 6120 2735, 6120 2725, 6120 2715, 6120 2705, 6120 2695, 6115 2690, 6110 2685, 6105 2680, 6100 2675, 6095 2670, 6090 2665, 6090 2655, 6085 2650, 6080 2645, 6075 2640, 6070 2635, 6070 2625, 6070 2615, 6065 2610, 6060 2605, 6055 2600, 6050 2595, 6045 2590, 6040 2585, 6035 2580, 6030 2575, 6030 2565, 6030 2555, 6025 2550, 6020 2545, 6020 2535, 6015 2530, 6010 2525, 6010 2515, 6005 2510, 6000 2505, 6005 2500, 6010 2495, 6015 2490, 6020 2485, 6020 2475, 6020 2465, 6020 2455, 6025 2450, 6030 2445, 6030 2435, 6035 2430, 6040 2425, 6045 2420, 6050 2415, 6055 2410, 6060 2405, 6060 2395, 6065 2390, 6070 2385, 6070 2375, 6075 2370, 6080 2365, 6080 2355, 6085 2350, 6090 2345, 6095 2340, 6100 2335, 6105 2330, 6110 2325, 6105 2320, 6100 2315, 6095 2310, 6090 2305, 6085 2300, 6075 2300, 6070 2295, 6065 2290, 6060 2285, 6055 2280, 6050 2275, 6050 2265, 6050 2255, 6050 2245, 6045 2240, 6040 2235, 6040 2225, 6035 2220, 6030 2215, 6025 2210, 6020 2205, 6015 2200, 6010 2195, 6005 2190, 5995 2190, 5985 2190, 5975 2190, 5970 2185, 5965 2180, 5960 2185, 5955 2190, 5950 2195, 5945 2200, 5940 2205, 5935 2210, 5930 2205, 5930 2195, 5935 2190, 5940 2185, 5945 2180, 5950 2175, 5955 2170, 5960 2165, 5965 2160, 5970 2155, 5975 2150, 5980 2145, 5985 2140, 5990 2135, 5995 2130, 6000 2125, 6005 2120, 6010 2115, 6015 2110, 6020 2105, 6025 2100, 6030 2095, 6035 2090, 6045 2090, 6050 2095, 6055 2100, 6065 2100, 6070 2105, 6075 2110, 6080 2115, 6085 2120, 6090 2125, 6095 2130, 6100 2135, 6105 2140, 6110 2145, 6115 2150, 6120 2155, 6125 2160, 6130 2165, 6130 2175, 6135 2180, 6140 2185, 6140 2195, 6145 2200, 6150 2205, 6150 2215, 6155 2220, 6160 2225, 6165 2230, 6170 2235, 6175 2240, 6180 2245, 6185 2250, 6190 2255, 6195 2260, 6200 2265, 6200 2275, 6205 2280, 6210 2285, 6210 2295, 6210 2305, 6210 2315, 6210 2325, 6210 2335, 6210 2345, 6210 2355, 6210 2365, 6205 2370, 6200 2375, 6200 2385, 6195 2390, 6190 2395, 6185 2400, 6180 2405, 6175 2410, 6170 2415, 6170 2425, 6165 2430, 6160 2435, 6160 2445, 6155 2450, 6150 2455, 6150 2465, 6145 2470, 6140 2475, 6135 2480, 6130 2485, 6125 2490, 6120 2495, 6120 2505, 6125 2510, 6130 2515, 6130 2525, 6135 2530, 6140 2535, 6145 2540, 6150 2545, 6155 2550, 6160 2555, 6160 2565, 6165 2570, 6170 2575, 6170 2585, 6175 2590, 6180 2595, 6180 2605, 6185 2610, 6190 2615, 6195 2620, 6200 2625, 6205 2630, 6210 2635, 6210 2645, 6215 2650, 6220 2655, 6220 2665, 6220 2675, 6220 2685, 6220 2695, 6220 2705, 6220 2715, 6220 2725, 6220 2735, 6220 2745, 6220 2755, 6220 2765, 6220 2775, 6220 2785, 6220 2795, 6215 2800, 6210 2805, 6210 2815, 6210 2825, 6210 2835, 6210 2845, 6215 2850, 6220 2855, 6220 2865, 6220 2875, 6220 2885, 6220 2895, 6220 2905, 6220 2915, 6220 2925, 6220 2935, 6220 2945, 6220 2955, 6220 2965, 6220 2975, 6220 2985, 6220 2995, 6215 3000, 6210 3005, 6210 3015, 6205 3020, 6200 3025, 6195 3030, 6190 3035, 6185 3040, 6180 3045, 6185 3050, 6195 3050, 6200 3055, 6205 3060, 6215 3060, 6220 3065, 6225 3070, 6235 3070, 6245 3070, 6250 3065, 6255 3060, 6265 3060, 6275 3060, 6285 3060, 6295 3060, 6305 3060, 6315 3060, 6325 3060, 6335 3060, 6345 3060, 6350 3065, 6355 3070, 6365 3070, 6370 3075, 6375 3080, 6380 3085, 6385 3090, 6390 3095, 6395 3100, 6400 3105, 6405 3110, 6410 3115, 6415 3120, 6420 3125, 6425 3130, 6430 3135, 6430 3145, 6435 3150, 6440 3155, 6440 3165, 6440 3175, 6440 3185, 6440 3195, 6440 3205, 6440 3215, 6440 3225, 6440 3235, 6440 3245, 6445 3250, 6455 3250, 6465 3250, 6475 3250, 6485 3250, 6495 3250, 6505 3250, 6515 3250, 6525 3250, 6535 3250, 6545 3250, 6550 3255, 6555 3260, 6565 3260, 6570 3265, 6575 3270, 6580 3275, 6585 3280, 6590 3285, 6595 3290, 6600 3295, 6605 3300, 6610 3305, 6615 3310, 6625 3310, 6635 3310, 6645 3310, 6650 3305, 6655 3300, 6665 3300, 6675 3300, 6685 3300, 6695 3300, 6700 3295, 6705 3290, 6715 3290, 6725 3290, 6735 3290, 6740 3285, 6745 3280, 6750 3275, 6755 3270, 6765 3270, 6770 3265, 6775 3260, 6785 3260, 6790 3255, 6790 3245, 6795 3240, 6800 3235, 6805 3230, 6810 3225, 6815 3220, 6820 3215, 6820 3205, 6820 3195, 6820 3185, 6820 3175, 6820 3165, 6820 3155, 6825 3150, 6830 3145, 6830 3135, 6835 3130, 6840 3125, 6845 3120, 6850 3115, 6855 3110, 6860 3105, 6860 3095, 6860 3085, 6865 3080, 6870 3075, 6870 3065, 6870 3055, 6870 3045, 6870 3035, 6870 3025, 6870 3015, 6875 3010, 6880 3005, 6880 2995, 6880 2985, 6880 2975, 6880 2965, 6880 2955, 6885 2950, 6890 2945, 6890 2935, 6895 2930, 6900 2925, 6905 2920, 6910 2915, 6915 2910, 6920 2905, 6925 2900, 6930 2895, 6935 2890, 6940 2885, 6945 2880, 6955 2880, 6960 2875, 6965 2870, 6975 2870, 6985 2870, 6995 2870, 7005 2870, 7015 2870, 7020 2875, 7015 2880, 7010 2885, 7010 2895, 7010 2905, 7015 2910, 7020 2915, 7015 2920, 7010 2925, 7010 2935, 7010 2945, 7010 2955, 7010 2965, 7005 2970, 7000 2975, 6995 2980, 6990 2985, 6985 2990, 6980 2995, 6980 3005, 6980 3015, 6980 3025, 6980 3035, 6980 3045, 6975 3050, 6970 3055, 6975 3060, 6980 3065, 6975 3070, 6970 3075, 6975 3080, 6980 3085, 6980 3095, 6975 3100, 6970 3105, 6970 3115, 6965 3120, 6960 3125, 6965 3130, 6970 3135, 6965 3140, 6960 3145, 6955 3150, 6950 3155, 6950 3165, 6945 3170, 6940 3175, 6935 3180, 6930 3185, 6925 3190, 6920 3195, 6925 3200, 6930 3205, 6930 3215, 6930 3225, 6935 3230, 6940 3235, 6940 3245, 6940 3255, 6940 3265, 6940 3275, 6940 3285, 6940 3295, 6935 3300, 6925 3300, 6920 3295, 6915 3290, 6910 3285, 6905 3280, 6900 3285, 6895 3290, 6890 3295, 6885 3300, 6880 3305, 6880 3315, 6875 3320, 6870 3325, 6865 3330, 6860 3335, 6855 3340, 6850 3345, 6845 3350, 6840 3355, 6835 3360, 6825 3360, 6815 3360, 6810 3365, 6805 3370, 6800 3375, 6795 3380, 6790 3385, 6785 3390, 6775 3390, 6770 3395, 6765 3400, 6755 3400, 6750 3395, 6745 3390, 6740 3395, 6735 3400, 6725 3400, 6715 3400, 6705 3400, 6695 3400, 6690 3405, 6685 3410, 6675 3410, 6665 3410, 6660 3415, 6655 3420, 6645 3420, 6635 3420, 6630 3425, 6625 3430, 6620 3435, 6615 3440, 6605 3440, 6595 3440, 6590 3435, 6585 3430, 6580 3425, 6575 3420, 6570 3415, 6565 3410, 6560 3405, 6555 3400, 6550 3395, 6545 3390, 6540 3385, 6535 3380, 6530 3375, 6525 3370, 6520 3365, 6515 3360, 6510 3355, 6505 3350, 6495 3350, 6490 3355, 6485 3360, 6480 3355, 6475 3350, 6465 3350, 6460 3355, 6455 3360, 6445 3360, 6440 3365, 6435 3370, 6425 3370, 6415 3370, 6405 3370, 6400 3375, 6395 3380, 6390 3385, 6385 3390, 6380 3395, 6380 3405, 6375 3410, 6370 3415, 6365 3420, 6360 3425, 6355 3430, 6350 3435, 6345 3440, 6335 3440, 6330 3445, 6325 3450, 6315 3450, 6305 3450, 6300 3455, 6295 3460))"
peri,8,R1_3_L,8,116300.0,1,1928.9896818572656,3602.4720550300945,"POLYGON ((2035 3780, 2025 3780, 2015 3780, 2005 3780, 1995 3780, 1985 3780, 1975 3780, 1965 3780, 1955 3780, 1950 3775, 1945 3770, 1935 3770, 1925 3770, 1915 3770, 1905 3770, 1895 3770, 1885 3770, 1875 3770, 1870 3765, 1865 3760, 1855 3760, 1845 3760, 1840 3755, 1835 3750, 1825 3750, 1820 3745, 1815 3740, 1810 3735, 1805 3730, 1795 3730, 1790 3725, 1785 3720, 1780 3715, 1775 3710, 1770 3705, 1765 3700, 1760 3695, 1755 3690, 1750 3685, 1745 3680, 1740 3675, 1735 3670, 1730 3665, 1730 3655, 1725 3650, 1720 3645, 1715 3640, 1710 3635, 1710 3625, 1710 3615, 1705 3610, 1700 3605, 1700 3595, 1700 3585, 1700 3575, 1700 3565, 1700 3555, 1700 3545, 1705 3540, 1710 3535, 1710 3525, 1710 3515, 1715 3510, 1720 3505, 1725 3500, 1730 3495, 1730 3485, 1735 3480, 1740 3475, 1745 3470, 1750 3465, 1755 3460, 1760 3455, 1765 3450, 1775 3450, 1780 3445, 1785 3440, 1790 3435, 1795 3430, 1805 3430, 1815 3430, 1820 3425, 1825 3420, 1835 3420, 1845 3420, 1855 3420, 1865 3420, 1875 3420, 1885 3420, 1890 3425, 1895 3430, 1905 3430, 1915 3430, 1920 3435, 1925 3440, 1935 3440, 1945 3440, 1950 3445, 1955 3450, 1965 3450, 1975 3450, 1985 3450, 1995 3450, 2005 3450, 2010 3455, 2015 3460, 2025 3460, 2035 3460, 2040 3465, 2045 3470, 2055 3470, 2060 3475, 2065 3480, 2070 3485, 2075 3490, 2085 3490, 2090 3495, 2095 3500, 2100 3505, 2105 3510, 2110 3515, 2115 3520, 2120 3525, 2125 3530, 2130 3535, 2130 3545, 2135 3550, 2140 3555, 2145 3560, 2150 3565, 2150 3575, 2150 3585, 2155 3590, 2160 3595, 2160 3605, 2160 3615, 2160 3625, 2160 3635, 2160 3645, 2160 3655, 2155 3660, 2150 3665, 2150 3675, 2150 3685, 2145 3690, 2140 3695, 2135 3700, 2130 3705, 2130 3715, 2125 3720, 2120 3725, 2115 3730, 2110 3735, 2105 3740, 2100 3745, 2095 3750, 2085 3750, 2080 3755, 2075 3760, 2070 3765, 2065 3770, 2055 3770, 2045 3770, 2040 3775, 2035 3780), (2010 3645, 2015 3640, 2020 3635, 2025 3630, 2030 3625, 2025 3620, 2020 3615, 2015 3610, 2010 3605, 2005 3600, 2000 3595, 1995 3590, 1985 3590, 1980 3585, 1975 3580, 1965 3580, 1955 3580, 1945 3580, 1935 3580, 1925 3580, 1915 3580, 1910 3575, 1905 3570, 1895 3570, 1890 3565, 1885 3560, 1875 3560, 1865 3560, 1860 3555, 1855 3550, 1850 3555, 1845 3560, 1840 3565, 1835 3570, 1830 3575, 1835 3580, 1840 3585, 1845 3590, 1850 3595, 1855 3600, 1860 3605, 1865 3610, 1870 3615, 1875 3620, 1880 3625, 1885 3630, 1895 3630, 1900 3635, 1905 3640, 1915 3640, 1925 3640, 1935 3640, 1945 3640, 1955 3640, 1965 3640, 1975 3640, 1980 3645, 1985 3650, 1995 3650, 2005 3650, 2010 3645))"
peri,6,P2_3_T,6,5350.0,1,6666.588785046729,3626.884735202492,"POLYGON ((6645 3670, 6635 3670, 6625 3670, 6615 3670, 6610 3665, 6605 3660, 6600 3655, 6605 3650, 6610 3645, 6615 3640, 6620 3635, 6625 3630, 6630 3625, 6635 3620, 6640 3615, 6645 3610, 6655 3610, 6660 3605, 6665 3600, 6670 3595, 6675 3590, 6685 3590, 6695 3590, 6705 3590, 6715 3590, 6725 3590, 6730 3585, 6735 3580, 6745 3580, 6750 3585, 6745 3590, 6740 3595, 6735 3600, 6725 3600, 6720 3605, 6715 3610, 6710 3615, 6705 3620, 6700 3625, 6695 3630, 6690 3635, 6685 3640, 6680 3645, 6675 3650, 6670 3655, 6665 3660, 6655 3660, 6650 3665, 6645 3670))"
peri,6,P2_3_T,6,1750.0,1,6161.142857142857,3733.3809523809527,"POLYGON ((6195 3750, 6185 3750, 6175 3750, 6165 3750, 6155 3750, 6150 3745, 6145 3740, 6135 3740, 6130 3735, 6125 3730, 6120 3725, 6125 3720, 6135 3720, 6145 3720, 6155 3720, 6160 3715, 6165 3710, 6170 3715, 6175 3720, 6180 3725, 6185 3730, 6190 3735, 6195 3740, 6200 3745, 6195 3750))"
peri,6,P2_3_T,6,850.0,1,6242.696078431373,3750.5392156862745,"POLYGON ((6265 3760, 6255 3760, 6245 3760, 6235 3760, 6225 3760, 6220 3755, 6220 3745, 6225 3740, 6235 3740, 6245 3740, 6255 3740, 6260 3745, 6265 3750, 6270 3755, 6265 3760))"
peri,0,R1_3_L,9;10,56550.0,1,1383.2861774241085,3926.4264662540522,"POLYGON ((1525 4060, 1515 4060, 1505 4060, 1495 4060, 1485 4060, 1475 4060, 1465 4060, 1455 4060, 1450 4055, 1445 4050, 1440 4045, 1445 4040, 1450 4035, 1455 4030, 1460 4025, 1455 4020, 1450 4015, 1445 4010, 1440 4005, 1435 4000, 1425 4000, 1415 4000, 1410 3995, 1405 3990, 1395 3990, 1385 3990, 1380 3985, 1375 3980, 1365 3980, 1360 3975, 1355 3970, 1345 3970, 1340 3965, 1335 3960, 1325 3960, 1320 3955, 1315 3950, 1305 3950, 1295 3950, 1285 3950, 1275 3950, 1270 3955, 1265 3960, 1260 3965, 1255 3970, 1250 3965, 1245 3960, 1240 3955, 1235 3950, 1230 3945, 1225 3940, 1215 3940, 1205 3940, 1200 3935, 1195 3930, 1185 3930, 1180 3925, 1175 3920, 1165 3920, 1160 3915, 1155 3910, 1150 3905, 1150 3895, 1150 3885, 1155 3880, 1160 3875, 1165 3870, 1170 3865, 1175 3860, 1180 3855, 1185 3850, 1195 3850, 1200 3845, 1205 3840, 1210 3835, 1215 3830, 1225 3830, 1235 3830, 1240 3825, 1245 3820, 1255 3820, 1265 3820, 1275 3820, 1285 3820, 1295 3820, 1305 3820, 1315 3820, 1325 3820, 1335 3820, 1345 3820, 1350 3825, 1355 3830, 1365 3830, 1375 3830, 1380 3835, 1385 3840, 1395 3840, 1400 3845, 1405 3850, 1415 3850, 1420 3855, 1425 3860, 1435 3860, 1440 3865, 1445 3870, 1455 3870, 1465 3870, 1470 3875, 1475 3880, 1485 3880, 1495 3880, 1500 3885, 1505 3890, 1510 3895, 1515 3900, 1525 3900, 1530 3905, 1535 3910, 1540 3915, 1545 3920, 1550 3925, 1555 3930, 1560 3935, 1560 3945, 1565 3950, 1570 3955, 1575 3960, 1580 3965, 1580 3975, 1580 3985, 1585 3990, 1590 3995, 1590 4005, 1590 4015, 1590 4025, 1585 4030, 1575 4030, 1565 4030, 1555 4030, 1550 4035, 1545 4040, 1540 4045, 1535 4050, 1530 4055, 1525 4060))"
peri,0,R1_3_L,9;10,28450.0,1,1267.1924428822495,4037.7108963093146,"POLYGON ((1205 4120, 1200 4115, 1195 4110, 1185 4110, 1180 4105, 1175 4100, 1165 4100, 1160 4095, 1155 4090, 1150 4085, 1145 4080, 1140 4075, 1135 4070, 1130 4065, 1130 4055, 1135 4050, 1140 4045, 1140 4035, 1145 4030, 1150 4025, 1145 4020, 1140 4015, 1135 4010, 1125 4010, 1120 4005, 1115 4000, 1110 3995, 1110 3985, 1105 3980, 1100 3975, 1105 3970, 1110 3965, 1110 3955, 1110 3945, 1110 3935, 1110 3925, 1115 3920, 1120 3925, 1125 3930, 1135 3930, 1140 3935, 1140 3945, 1140 3955, 1145 3960, 1150 3955, 1155 3950, 1165 3950, 1175 3950, 1185 3950, 1190 3955, 1195 3960, 1205 3960, 1215 3960, 1220 3965, 1225 3970, 1230 3975, 1235 3980, 1240 3985, 1240 3995, 1245 4000, 1255 4000, 1260 4005, 1265 4010, 1270 4015, 1275 4020, 1285 4020, 1295 4020, 1305 4020, 1315 4020, 1320 4025, 1325 4030, 1335 4030, 1345 4030, 1350 4035, 1355 4040, 1365 4040, 1375 4040, 1380 4045, 1380 4055, 1385 4060, 1395 4060, 1400 4065, 1405 4070, 1415 4070, 1425 4070, 1435 4070, 1440 4075, 1445 4080, 1455 4080, 1465 4080, 1475 4080, 1485 4080, 1495 4080, 1505 4080, 1515 4080, 1525 4080, 1535 4080, 1545 4080, 1555 4080, 1560 4075, 1560 4065, 1560 4055, 1565 4050, 1575 4050, 1585 4050, 1590 4055, 1585 4060, 1580 4065, 1585 4070, 1595 4070, 1600 4075, 1595 4080, 1590 4085, 1595 4090, 1605 4090, 1610 4095, 1605 4100, 1595 4100, 1585 4100, 1580 4095, 1575 4090, 1565 4090, 1555 4090, 1545 4090, 1535 4090, 1525 4090, 1520 4095, 1515 4100, 1505 4100, 1495 4100, 1485 4100, 1480 4105, 1475 4110, 1465 4110, 1455 4110, 1445 4110, 1440 4105, 1435 4100, 1425 4100, 1420 4095, 1415 4090, 1410 4085, 1405 4080, 1395 4080, 1390 4075, 1385 4070, 1375 4070, 1370 4075, 1365 4080, 1355 4080, 1345 4080, 1335 4080, 1325 4080, 1315 4080, 1305 4080, 1295 4080, 1285 4080, 1275 4080, 1270 4075, 1265 4070, 1255 4070, 1250 4065, 1245 4060, 1235 4060, 1225 4060, 1220 4065, 1215 4070, 1210 4075, 1215 4080, 1220 4085, 1220 4095, 1215 4100, 1210 4105, 1210 4115, 1205 4120))"
peri,11,P2_3_C,11,130550.0,1,2368.108323758458,4554.734137622877,"POLYGON ((2755 5210, 2750 5205, 2745 5200, 2740 5195, 2745 5190, 2750 5185, 2750 5175, 2745 5170, 2740 5165, 2740 5155, 2740 5145, 2740 5135, 2735 5130, 2730 5125, 2735 5120, 2740 5115, 2735 5110, 2730 5105, 2730 5095, 2725 5090, 2720 5085, 2720 5075, 2715 5070, 2710 5065, 2710 5055, 2705 5050, 2700 5045, 2695 5040, 2690 5035, 2690 5025, 2690 5015, 2685 5010, 2680 5005, 2680 4995, 2680 4985, 2675 4980, 2670 4975, 2670 4965, 2670 4955, 2670 4945, 2670 4935, 2665 4930, 2660 4925, 2655 4920, 2650 4915, 2645 4910, 2635 4910, 2630 4905, 2625 4900, 2620 4895, 2615 4890, 2610 4885, 2610 4875, 2610 4865, 2605 4860, 2600 4855, 2600 4845, 2600 4835, 2595 4830, 2590 4825, 2590 4815, 2590 4805, 2585 4800, 2575 4800, 2565 4800, 2560 4795, 2555 4790, 2550 4785, 2545 4780, 2540 4775, 2535 4770, 2525 4770, 2520 4765, 2515 4760, 2510 4755, 2505 4750, 2500 4745, 2495 4740, 2490 4735, 2485 4730, 2480 4725, 2475 4720, 2465 4720, 2460 4715, 2455 4710, 2445 4710, 2440 4705, 2435 4700, 2430 4695, 2425 4690, 2420 4685, 2415 4680, 2405 4680, 2400 4675, 2395 4670, 2390 4665, 2385 4660, 2375 4660, 2370 4655, 2365 4650, 2360 4645, 2355 4640, 2350 4635, 2350 4625, 2345 4620, 2340 4615, 2340 4605, 2335 4600, 2325 4600, 2320 4595, 2315 4590, 2310 4585, 2305 4580, 2300 4575, 2300 4565, 2295 4560, 2290 4555, 2285 4550, 2280 4545, 2275 4540, 2270 4535, 2265 4530, 2260 4525, 2255 4520, 2250 4515, 2245 4510, 2240 4505, 2235 4500, 2230 4495, 2230 4485, 2225 4480, 2220 4475, 2215 4470, 2210 4465, 2210 4455, 2205 4450, 2200 4445, 2195 4440, 2190 4435, 2190 4425, 2185 4420, 2180 4415, 2175 4410, 2170 4405, 2165 4400, 2160 4395, 2155 4390, 2150 4385, 2150 4375, 2150 4365, 2145 4360, 2140 4355, 2140 4345, 2135 4340, 2130 4335, 2130 4325, 2130 4315, 2125 4310, 2120 4305, 2120 4295, 2120 4285, 2115 4280, 2110 4275, 2115 4270, 2120 4265, 2120 4255, 2115 4250, 2110 4245, 2105 4240, 2100 4235, 2100 4225, 2100 4215, 2095 4210, 2090 4205, 2085 4200, 2080 4195, 2075 4190, 2070 4185, 2065 4180, 2055 4180, 2050 4175, 2045 4170, 2040 4165, 2035 4160, 2030 4155, 2025 4150, 2020 4145, 2020 4135, 2015 4130, 2010 4125, 2010 4115, 2015 4110, 2020 4105, 2015 4100, 2010 4105, 2005 4110, 2000 4105, 1995 4100, 1990 4105, 1985 4110, 1980 4115, 1975 4120, 1970 4125, 1965 4130, 1955 4130, 1945 4130, 1935 4130, 1930 4125, 1925 4120, 1915 4120, 1905 4120, 1900 4115, 1895 4110, 1890 4105, 1885 4100, 1875 4100, 1865 4100, 1855 4100, 1845 4100, 1840 4095, 1835 4090, 1830 4085, 1825 4080, 1815 4080, 1805 4080, 1795 4080, 1790 4075, 1795 4070, 1805 4070, 1815 4070, 1825 4070, 1830 4065, 1835 4060, 1840 4055, 1845 4050, 1850 4045, 1855 4040, 1860 4035, 1865 4030, 1875 4030, 1880 4025, 1885 4020, 1895 4020, 1900 4015, 1905 4010, 1915 4010, 1925 4010, 1935 4010, 1940 4015, 1935 4020, 1930 4025, 1930 4035, 1935 4040, 1945 4040, 1955 4040, 1965 4040, 1975 4040, 1985 4040, 1995 4040, 2005 4040, 2015 4040, 2025 4040, 2035 4040, 2040 4045, 2045 4050, 2050 4055, 2055 4060, 2060 4065, 2065 4070, 2070 4075, 2075 4080, 2080 4085, 2085 4090, 2090 4095, 2095 4100, 2100 4105, 2105 4110, 2110 4115, 2115 4120, 2120 4125, 2125 4130, 2130 4135, 2135 4140, 2140 4145, 2145 4150, 2150 4155, 2150 4165, 2155 4170, 2160 4175, 2165 4180, 2170 4185, 2170 4195, 2175 4200, 2180 4205, 2180 4215, 2185 4220, 2190 4225, 2190 4235, 2195 4240, 2200 4245, 2200 4255, 2205 4260, 2210 4265, 2210 4275, 2210 4285, 2215 4290, 2220 4295, 2220 4305, 2220 4315, 2225 4320, 2230 4325, 2230 4335, 2230 4345, 2235 4350, 2240 4355, 2240 4365, 2245 4370, 2250 4375, 2255 4380, 2260 4385, 2260 4395, 2265 4400, 2270 4405, 2275 4410, 2280 4415, 2285 4420, 2290 4425, 2290 4435, 2295 4440, 2300 4445, 2305 4450, 2310 4455, 2315 4460, 2320 4465, 2325 4470, 2330 4475, 2335 4480, 2340 4485, 2345 4490, 2350 4495, 2355 4500, 2360 4505, 2365 4510, 2370 4515, 2375 4520, 2380 4525, 2380 4535, 2385 4540, 2390 4545, 2395 4550, 2400 4555, 2405 4560, 2410 4565, 2410 4575, 2415 4580, 2420 4585, 2425 4590, 2435 4590, 2440 4595, 2445 4600, 2450 4605, 2455 4610, 2465 4610, 2470 4615, 2475 4620, 2480 4625, 2485 4630, 2490 4635, 2495 4640, 2505 4640, 2510 4645, 2515 4650, 2520 4655, 2525 4660, 2530 4665, 2535 4670, 2540 4675, 2545 4680, 2550 4685, 2555 4690, 2565 4690, 2570 4695, 2575 4700, 2580 4705, 2585 4710, 2595 4710, 2600 4715, 2605 4720, 2610 4725, 2615 4730, 2620 4735, 2625 4740, 2630 4745, 2635 4750, 2640 4755, 2645 4760, 2650 4765, 2655 4770, 2660 4775, 2665 4780, 2670 4785, 2670 4795, 2675 4800, 2680 4805, 2680 4815, 2680 4825, 2685 4830, 2690 4835, 2690 4845, 2695 4850, 2700 4855, 2705 4860, 2710 4865, 2715 4870, 2720 4875, 2725 4880, 2730 4885, 2730 4895, 2735 4900, 2740 4905, 2745 4910, 2750 4915, 2750 4925, 2750 4935, 2755 4940, 2760 4945, 2760 4955, 2760 4965, 2765 4970, 2770 4975, 2770 4985, 2770 4995, 2775 5000, 2780 5005, 2780 5015, 2785 5020, 2790 5025, 2790 5035, 2795 5040, 2800 5045, 2800 5055, 2805 5060, 2810 5065, 2810 5075, 2810 5085, 2815 5090, 2820 5095, 2820 5105, 2820 5115, 2820 5125, 2815 5130, 2810 5135, 2810 5145, 2805 5150, 2800 5155, 2800 5165, 2795 5170, 2790 5175, 2785 5180, 2780 5185, 2775 5190, 2770 5195, 2765 5200, 2760 5205, 2755 5210))"
peri,0,P2_3_C,9;10,26250.0,1,1402.0968253968254,4155.5603174603175,"POLYGON ((1475 4210, 1465 4210, 1455 4210, 1445 4210, 1435 4210, 1425 4210, 1415 4210, 1405 4210, 1395 4210, 1385 4210, 1375 4210, 1370 4205, 1365 4200, 1355 4200, 1345 4200, 1335 4200, 1325 4200, 1315 4200, 1310 4195, 1305 4190, 1295 4190, 1285 4190, 1280 4185, 1275 4180, 1270 4175, 1265 4170, 1255 4170, 1250 4165, 1245 4160, 1240 4155, 1235 4150, 1230 4145, 1230 4135, 1235 4130, 1240 4125, 1245 4120, 1255 4120, 1260 4115, 1265 4110, 1275 4110, 1285 4110, 1295 4110, 1305 4110, 1315 4110, 1325 4110, 1335 4110, 1345 4110, 1355 4110, 1365 4110, 1375 4110, 1380 4105, 1385 4100, 1395 4100, 1400 4105, 1405 4110, 1410 4115, 1415 4120, 1425 4120, 1430 4125, 1435 4130, 1445 4130, 1455 4130, 1465 4130, 1475 4130, 1485 4130, 1490 4125, 1495 4120, 1505 4120, 1515 4120, 1525 4120, 1530 4115, 1535 4110, 1545 4110, 1555 4110, 1565 4110, 1570 4115, 1575 4120, 1585 4120, 1590 4125, 1585 4130, 1580 4135, 1575 4140, 1570 4145, 1565 4150, 1560 4155, 1555 4160, 1550 4165, 1545 4170, 1540 4175, 1535 4180, 1525 4180, 1520 4185, 1515 4190, 1510 4195, 1505 4200, 1495 4200, 1485 4200, 1480 4205, 1475 4210))"
peri,11,P2_3_C,11,343550.0,1,2089.6054674234706,4783.573594333673,"POLYGON ((2695 5260, 2685 5260, 2675 5260, 2665 5260, 2655 5260, 2645 5260, 2635 5260, 2625 5260, 2615 5260, 2605 5260, 2595 5260, 2585 5260, 2575 5260, 2565 5260, 2555 5260, 2545 5260, 2540 5255, 2535 5250, 2525 5250, 2515 5250, 2510 5245, 2505 5240, 2500 5235, 2495 5230, 2485 5230, 2480 5225, 2475 5220, 2470 5215, 2465 5210, 2460 5205, 2455 5200, 2450 5195, 2445 5190, 2435 5190, 2425 5190, 2415 5190, 2405 5190, 2395 5190, 2385 5190, 2375 5190, 2365 5190, 2355 5190, 2345 5190, 2335 5190, 2325 5190, 2320 5185, 2315 5180, 2305 5180, 2295 5180, 2290 5175, 2285 5170, 2280 5165, 2275 5160, 2265 5160, 2260 5155, 2255 5150, 2250 5155, 2245 5160, 2235 5160, 2230 5165, 2225 5170, 2215 5170, 2205 5170, 2200 5175, 2195 5180, 2185 5180, 2175 5180, 2165 5180, 2155 5180, 2145 5180, 2135 5180, 2125 5180, 2115 5180, 2105 5180, 2095 5180, 2085 5180, 2075 5180, 2065 5180, 2060 5175, 2055 5170, 2045 5170, 2035 5170, 2030 5165, 2025 5160, 2020 5155, 2015 5150, 2005 5150, 2000 5145, 1995 5140, 1990 5135, 1985 5130, 1980 5125, 1975 5120, 1970 5115, 1965 5110, 1960 5105, 1955 5100, 1950 5095, 1950 5085, 1945 5080, 1940 5075, 1935 5070, 1930 5065, 1930 5055, 1930 5045, 1925 5040, 1920 5035, 1920 5025, 1920 5015, 1920 5005, 1920 4995, 1920 4985, 1920 4975, 1920 4965, 1920 4955, 1920 4945, 1920 4935, 1925 4930, 1930 4925, 1930 4915, 1930 4905, 1935 4900, 1940 4895, 1940 4885, 1935 4880, 1925 4880, 1920 4875, 1915 4870, 1905 4870, 1900 4865, 1895 4860, 1890 4855, 1885 4850, 1875 4850, 1870 4845, 1865 4840, 1860 4835, 1855 4830, 1850 4825, 1845 4820, 1840 4815, 1835 4810, 1830 4805, 1825 4800, 1820 4795, 1820 4785, 1815 4780, 1810 4775, 1805 4770, 1800 4765, 1800 4755, 1800 4745, 1795 4740, 1790 4735, 1790 4725, 1790 4715, 1790 4705, 1790 4695, 1790 4685, 1790 4675, 1790 4665, 1790 4655, 1790 4645, 1790 4635, 1790 4625, 1795 4620, 1800 4615, 1800 4605, 1800 4595, 1805 4590, 1810 4585, 1815 4580, 1820 4575, 1820 4565, 1825 4560, 1830 4555, 1835 4550, 1840 4545, 1845 4540, 1850 4535, 1855 4530, 1860 4525, 1865 4520, 1870 4515, 1875 4510, 1880 4505, 1880 4495, 1880 4485, 1875 4480, 1865 4480, 1860 4475, 1855 4470, 1845 4470, 1835 4470, 1830 4465, 1825 4460, 1820 4455, 1815 4450, 1805 4450, 1800 4445, 1795 4440, 1790 4435, 1785 4430, 1780 4425, 1775 4420, 1770 4415, 1765 4410, 1760 4405, 1755 4400, 1750 4395, 1745 4390, 1740 4385, 1735 4380, 1730 4375, 1725 4370, 1720 4365, 1720 4355, 1715 4350, 1710 4345, 1705 4340, 1700 4335, 1700 4325, 1700 4315, 1695 4310, 1690 4305, 1690 4295, 1690 4285, 1690 4275, 1690 4265, 1690 4255, 1690 4245, 1690 4235, 1690 4225, 1690 4215, 1690 4205, 1690 4195, 1695 4190, 1700 4185, 1700 4175, 1700 4165, 1705 4160, 1710 4155, 1715 4150, 1720 4145, 1720 4135, 1725 4130, 1730 4125, 1735 4120, 1745 4120, 1755 4120, 1760 4115, 1765 4110, 1775 4110, 1785 4110, 1795 4110, 1805 4110, 1815 4110, 1820 4115, 1825 4120, 1835 4120, 1845 4120, 1855 4120, 1865 4120, 1875 4120, 1880 4125, 1885 4130, 1890 4135, 1895 4140, 1905 4140, 1910 4145, 1915 4150, 1925 4150, 1935 4150, 1945 4150, 1950 4155, 1945 4160, 1940 4165, 1935 4170, 1930 4175, 1930 4185, 1925 4190, 1920 4195, 1915 4200, 1910 4205, 1905 4210, 1895 4210, 1885 4210, 1875 4210, 1870 4215, 1865 4220, 1860 4225, 1855 4230, 1850 4235, 1850 4245, 1850 4255, 1850 4265, 1855 4270, 1860 4275, 1865 4280, 1870 4285, 1875 4290, 1880 4295, 1885 4300, 1890 4305, 1895 4310, 1900 4315, 1905 4320, 1915 4320, 1925 4320, 1930 4315, 1935 4310, 1940 4305, 1945 4300, 1950 4295, 1955 4290, 1960 4285, 1965 4280, 1970 4285, 1975 4290, 1985 4290, 1990 4295, 1995 4300, 2005 4300, 2010 4305, 2015 4310, 2020 4315, 2025 4320, 2030 4325, 2035 4330, 2040 4335, 2045 4340, 2050 4345, 2045 4350, 2040 4355, 2035 4360, 2030 4365, 2025 4370, 2020 4375, 2020 4385, 2020 4395, 2020 4405, 2025 4410, 2030 4415, 2030 4425, 2030 4435, 2035 4440, 2040 4445, 2045 4450, 2050 4455, 2055 4460, 2060 4455, 2065 4450, 2070 4445, 2075 4440, 2080 4445, 2085 4450, 2090 4455, 2095 4460, 2100 4465, 2100 4475, 2095 4480, 2090 4485, 2085 4490, 2080 4495, 2075 4500, 2070 4505, 2065 4510, 2060 4515, 2055 4520, 2050 4525, 2050 4535, 2045 4540, 2040 4545, 2040 4555, 2035 4560, 2030 4565, 2030 4575, 2030 4585, 2030 4595, 2025 4600, 2020 4605, 2015 4610, 2010 4615, 2005 4620, 2000 4625, 1995 4630, 1990 4635, 1985 4640, 1975 4640, 1970 4645, 1965 4650, 1960 4655, 1955 4660, 1950 4665, 1950 4675, 1950 4685, 1950 4695, 1955 4700, 1960 4705, 1965 4710, 1970 4715, 1975 4720, 1985 4720, 1990 4725, 1995 4730, 2005 4730, 2010 4735, 2015 4740, 2020 4745, 2025 4750, 2035 4750, 2045 4750, 2050 4755, 2055 4760, 2065 4760, 2075 4760, 2080 4765, 2085 4770, 2090 4775, 2095 4780, 2100 4785, 2100 4795, 2105 4800, 2110 4805, 2115 4810, 2120 4815, 2125 4820, 2135 4820, 2140 4815, 2145 4810, 2150 4805, 2155 4800, 2160 4795, 2160 4785, 2155 4780, 2150 4775, 2145 4770, 2140 4765, 2140 4755, 2145 4750, 2150 4745, 2155 4740, 2160 4735, 2165 4730, 2170 4735, 2175 4740, 2180 4745, 2185 4750, 2190 4755, 2195 4760, 2200 4765, 2200 4775, 2200 4785, 2205 4790, 2210 4795, 2215 4800, 2220 4805, 2220 4815, 2220 4825, 2220 4835, 2220 4845, 2215 4850, 2210 4855, 2205 4860, 2200 4865, 2200 4875, 2195 4880, 2190 4885, 2185 4890, 2180 4895, 2175 4900, 2170 4905, 2165 4910, 2160 4915, 2155 4920, 2150 4925, 2145 4930, 2135 4930, 2130 4935, 2125 4940, 2120 4945, 2115 4950, 2105 4950, 2100 4955, 2095 4960, 2090 4965, 2085 4970, 2080 4975, 2080 4985, 2080 4995, 2085 5000, 2090 5005, 2095 5010, 2100 5015, 2105 5020, 2115 5020, 2125 5020, 2135 5020, 2145 5020, 2155 5020, 2160 5015, 2165 5010, 2175 5010, 2180 5005, 2185 5000, 2190 4995, 2195 4990, 2200 4985, 2205 4980, 2215 4980, 2220 4975, 2225 4970, 2235 4970, 2240 4965, 2245 4960, 2255 4960, 2265 4960, 2270 4955, 2275 4950, 2285 4950, 2295 4950, 2300 4955, 2305 4960, 2310 4965, 2315 4970, 2320 4975, 2325 4980, 2330 4985, 2335 4990, 2340 4995, 2340 5005, 2345 5010, 2350 5015, 2355 5020, 2360 5025, 2365 5030, 2375 5030, 2385 5030, 2395 5030, 2400 5025, 2405 5020, 2415 5020, 2425 5020, 2435 5020, 2445 5020, 2455 5020, 2465 5020, 2475 5020, 2485 5020, 2490 5025, 2495 5030, 2505 5030, 2510 5035, 2515 5040, 2525 5040, 2535 5040, 2540 5045, 2545 5050, 2550 5055, 2555 5060, 2560 5065, 2560 5075, 2565 5080, 2570 5085, 2575 5090, 2580 5095, 2585 5100, 2595 5100, 2605 5100, 2610 5095, 2615 5090, 2625 5090, 2635 5090, 2640 5095, 2645 5100, 2655 5100, 2660 5095, 2665 5090, 2670 5085, 2675 5080, 2680 5075, 2680 5065, 2685 5060, 2690 5065, 2690 5075, 2695 5080, 2700 5085, 2700 5095, 2705 5100, 2710 5105, 2710 5115, 2710 5125, 2710 5135, 2715 5140, 2720 5145, 2720 5155, 2720 5165, 2720 5175, 2720 5185, 2720 5195, 2720 5205, 2720 5215, 2720 5225, 2715 5230, 2710 5235, 2710 5245, 2705 5250, 2700 5255, 2695 5260))"
peri,11,P2_3_C,11,550.0,1,2470.0,4755.0,"POLYGON ((2485 4770, 2475 4770, 2470 4765, 2465 4760, 2460 4755, 2455 4750, 2450 4745, 2455 4740, 2465 4740, 2470 4745, 2475 4750, 2480 4755, 2485 4760, 2490 4765, 2485 4770))"
peri,11,P2_3_C,11,850.0,1,2639.6568627450984,4954.754901960785,"POLYGON ((2645 4990, 2640 4985, 2640 4975, 2640 4965, 2635 4960, 2630 4955, 2630 4945, 2625 4940, 2620 4935, 2625 4930, 2635 4930, 2640 4935, 2645 4940, 2650 4945, 2650 4955, 2650 4965, 2650 4975, 2650 4985, 2645 4990))"
peri,0,P2_3_C,12;13,176450.0,1,884.516388023047,5770.544063474072,"POLYGON ((745 6190, 735 6190, 730 6185, 730 6175, 725 6170, 720 6165, 720 6155, 715 6150, 710 6145, 710 6135, 710 6125, 710 6115, 705 6110, 700 6105, 700 6095, 700 6085, 700 6075, 700 6065, 700 6055, 695 6050, 690 6045, 690 6035, 695 6030, 705 6030, 710 6025, 715 6020, 720 6015, 725 6010, 730 6005, 735 6000, 745 6000, 755 6000, 765 6000, 775 6000, 780 5995, 785 5990, 790 5985, 795 5980, 800 5975, 800 5965, 805 5960, 810 5955, 810 5945, 815 5940, 820 5935, 820 5925, 820 5915, 825 5910, 830 5905, 830 5895, 830 5885, 830 5875, 830 5865, 835 5860, 840 5855, 840 5845, 840 5835, 845 5830, 850 5825, 850 5815, 850 5805, 855 5800, 860 5795, 865 5790, 870 5785, 875 5780, 885 5780, 890 5785, 895 5790, 900 5795, 905 5800, 915 5800, 925 5800, 930 5795, 935 5790, 940 5785, 945 5780, 950 5775, 955 5770, 960 5765, 960 5755, 960 5745, 960 5735, 960 5725, 960 5715, 955 5710, 950 5705, 945 5700, 940 5695, 935 5690, 930 5685, 925 5680, 920 5675, 915 5670, 905 5670, 895 5670, 885 5670, 880 5675, 875 5680, 870 5675, 865 5670, 855 5670, 850 5665, 845 5660, 840 5655, 835 5650, 830 5645, 825 5640, 820 5635, 815 5630, 805 5630, 800 5625, 795 5620, 785 5620, 775 5620, 770 5615, 765 5610, 755 5610, 745 5610, 735 5610, 730 5615, 725 5620, 715 5620, 710 5625, 705 5630, 700 5635, 695 5640, 685 5640, 675 5640, 665 5640, 655 5640, 650 5635, 650 5625, 650 5615, 645 5610, 640 5605, 640 5595, 640 5585, 635 5580, 630 5575, 630 5565, 625 5560, 620 5555, 620 5545, 615 5540, 610 5535, 605 5530, 600 5525, 600 5515, 600 5505, 595 5500, 590 5495, 595 5490, 605 5490, 610 5485, 615 5480, 625 5480, 635 5480, 640 5475, 645 5470, 655 5470, 660 5465, 665 5460, 675 5460, 685 5460, 690 5455, 695 5450, 705 5450, 715 5450, 725 5450, 735 5450, 745 5450, 755 5450, 765 5450, 775 5450, 785 5450, 795 5450, 805 5450, 810 5455, 815 5460, 825 5460, 835 5460, 840 5465, 845 5470, 855 5470, 865 5470, 870 5475, 875 5480, 885 5480, 890 5485, 895 5490, 900 5495, 905 5500, 915 5500, 920 5505, 925 5510, 935 5510, 945 5510, 955 5510, 960 5515, 965 5520, 975 5520, 985 5520, 990 5525, 995 5530, 1000 5535, 1005 5540, 1015 5540, 1020 5545, 1025 5550, 1030 5555, 1035 5560, 1040 5565, 1045 5570, 1050 5575, 1055 5580, 1060 5585, 1065 5590, 1070 5595, 1075 5600, 1080 5605, 1085 5610, 1090 5615, 1090 5625, 1095 5630, 1100 5635, 1105 5640, 1110 5645, 1110 5655, 1110 5665, 1115 5670, 1120 5675, 1120 5685, 1120 5695, 1120 5705, 1120 5715, 1120 5725, 1120 5735, 1120 5745, 1120 5755, 1120 5765, 1120 5775, 1120 5785, 1120 5795, 1120 5805, 1115 5810, 1110 5815, 1110 5825, 1110 5835, 1105 5840, 1100 5845, 1095 5850, 1090 5855, 1090 5865, 1085 5870, 1080 5875, 1075 5880, 1070 5885, 1065 5890, 1060 5895, 1055 5900, 1050 5905, 1045 5910, 1040 5915, 1035 5920, 1030 5925, 1025 5930, 1015 5930, 1010 5935, 1005 5940, 1000 5945, 995 5950, 985 5950, 980 5955, 980 5965, 980 5975, 975 5980, 970 5985, 970 5995, 970 6005, 965 6010, 960 6015, 960 6025, 955 6030, 950 6035, 950 6045, 945 6050, 940 6055, 935 6060, 930 6065, 930 6075, 925 6080, 920 6085, 915 6090, 910 6095, 905 6100, 900 6105, 895 6110, 890 6115, 885 6120, 880 6125, 875 6130, 865 6130, 860 6135, 855 6140, 850 6145, 845 6150, 835 6150, 825 6150, 820 6155, 815 6160, 805 6160, 795 6160, 790 6165, 785 6170, 780 6175, 775 6180, 765 6180, 755 6180, 750 6185, 745 6190))"
peri,0,,12;13,59750.0,1,596.649930264993,5852.1059972105995,"POLYGON ((695 6180, 690 6175, 685 6170, 675 6170, 665 6170, 655 6170, 645 6170, 640 6165, 635 6160, 625 6160, 620 6155, 615 6150, 610 6145, 605 6140, 600 6135, 600 6125, 600 6115, 595 6110, 590 6105, 590 6095, 590 6085, 585 6080, 580 6075, 580 6065, 580 6055, 580 6045, 575 6040, 570 6035, 570 6025, 570 6015, 565 6010, 560 6005, 560 5995, 560 5985, 555 5980, 550 5975, 550 5965, 550 5955, 550 5945, 545 5940, 540 5935, 540 5925, 540 5915, 540 5905, 540 5895, 540 5885, 540 5875, 540 5865, 540 5855, 540 5845, 545 5840, 550 5835, 550 5825, 550 5815, 550 5805, 545 5800, 540 5795, 540 5785, 540 5775, 535 5770, 530 5765, 530 5755, 530 5745, 530 5735, 525 5730, 520 5725, 520 5715, 520 5705, 520 5695, 520 5685, 525 5680, 530 5675, 530 5665, 530 5655, 530 5645, 530 5635, 530 5625, 530 5615, 525 5610, 520 5605, 520 5595, 520 5585, 520 5575, 525 5570, 530 5565, 530 5555, 535 5550, 540 5545, 545 5540, 550 5535, 555 5530, 560 5525, 565 5520, 575 5520, 580 5525, 580 5535, 585 5540, 590 5545, 595 5550, 600 5555, 600 5565, 605 5570, 610 5575, 610 5585, 615 5590, 620 5595, 620 5605, 620 5615, 625 5620, 630 5625, 630 5635, 630 5645, 625 5650, 620 5655, 620 5665, 620 5675, 620 5685, 620 5695, 620 5705, 620 5715, 620 5725, 625 5730, 630 5735, 625 5740, 620 5745, 625 5750, 630 5755, 630 5765, 635 5770, 640 5775, 640 5785, 640 5795, 645 5800, 650 5805, 650 5815, 650 5825, 650 5835, 645 5840, 640 5845, 640 5855, 640 5865, 635 5870, 630 5875, 635 5880, 640 5885, 640 5895, 640 5905, 640 5915, 640 5925, 645 5930, 650 5935, 650 5945, 650 5955, 650 5965, 650 5975, 655 5980, 660 5985, 660 5995, 660 6005, 660 6015, 665 6020, 670 6025, 670 6035, 670 6045, 670 6055, 675 6060, 680 6065, 675 6070, 670 6075, 675 6080, 680 6085, 680 6095, 680 6105, 680 6115, 685 6120, 690 6125, 690 6135, 690 6145, 690 6155, 695 6160, 700 6165, 700 6175, 695 6180))"
peri,14,P2_3_C,14,78250.0,1,1278.433972310969,6195.464856230032,"POLYGON ((1105 6360, 1095 6360, 1085 6360, 1080 6355, 1080 6345, 1080 6335, 1080 6325, 1075 6320, 1070 6315, 1070 6305, 1070 6295, 1070 6285, 1070 6275, 1070 6265, 1070 6255, 1070 6245, 1070 6235, 1075 6230, 1080 6225, 1080 6215, 1080 6205, 1085 6200, 1090 6195, 1095 6190, 1100 6185, 1100 6175, 1105 6170, 1110 6165, 1115 6160, 1120 6155, 1125 6150, 1130 6145, 1135 6140, 1140 6135, 1145 6130, 1150 6125, 1155 6120, 1165 6120, 1170 6115, 1175 6110, 1180 6105, 1185 6100, 1195 6100, 1205 6100, 1210 6095, 1215 6090, 1225 6090, 1235 6090, 1240 6085, 1245 6080, 1255 6080, 1265 6080, 1275 6080, 1285 6080, 1295 6080, 1305 6080, 1315 6080, 1320 6075, 1325 6070, 1335 6070, 1345 6070, 1355 6070, 1365 6070, 1375 6070, 1385 6070, 1395 6070, 1405 6070, 1410 6075, 1415 6080, 1425 6080, 1435 6080, 1440 6085, 1445 6090, 1450 6095, 1455 6100, 1465 6100, 1470 6105, 1475 6110, 1480 6115, 1485 6120, 1490 6125, 1495 6130, 1500 6135, 1505 6140, 1510 6145, 1515 6150, 1520 6155, 1525 6160, 1530 6165, 1535 6170, 1540 6175, 1540 6185, 1545 6190, 1550 6195, 1555 6200, 1560 6205, 1555 6210, 1545 6210, 1535 6210, 1525 6210, 1520 6205, 1515 6200, 1505 6200, 1495 6200, 1485 6200, 1475 6200, 1465 6200, 1460 6205, 1455 6210, 1450 6215, 1445 6220, 1440 6225, 1435 6230, 1430 6235, 1430 6245, 1430 6255, 1430 6265, 1430 6275, 1425 6280, 1420 6285, 1420 6295, 1415 6300, 1410 6305, 1405 6310, 1400 6315, 1395 6320, 1390 6325, 1385 6330, 1375 6330, 1370 6325, 1375 6320, 1380 6315, 1385 6310, 1390 6305, 1395 6300, 1400 6295, 1400 6285, 1405 6280, 1410 6275, 1405 6270, 1400 6265, 1395 6260, 1390 6255, 1385 6250, 1380 6245, 1375 6240, 1370 6235, 1365 6230, 1360 6235, 1355 6240, 1345 6240, 1335 6240, 1325 6240, 1315 6240, 1305 6240, 1295 6240, 1285 6240, 1280 6245, 1275 6250, 1265 6250, 1255 6250, 1250 6255, 1245 6260, 1240 6265, 1235 6270, 1230 6275, 1235 6280, 1240 6285, 1240 6295, 1240 6305, 1240 6315, 1245 6320, 1250 6325, 1245 6330, 1240 6335, 1240 6345, 1235 6350, 1225 6350, 1220 6345, 1215 6340, 1210 6335, 1205 6330, 1195 6330, 1190 6325, 1185 6320, 1175 6320, 1165 6320, 1160 6325, 1155 6330, 1145 6330, 1140 6335, 1135 6340, 1125 6340, 1120 6345, 1115 6350, 1110 6355, 1105 6360))"
peri,14,P2_3_C,14,55050.0,1,1351.8604299122012,6390.431425976385,"POLYGON ((1275 6510, 1265 6510, 1255 6510, 1250 6505, 1245 6500, 1235 6500, 1225 6500, 1220 6495, 1225 6490, 1235 6490, 1240 6485, 1245 6480, 1255 6480, 1265 6480, 1270 6475, 1265 6470, 1255 6470, 1245 6470, 1235 6470, 1225 6470, 1215 6470, 1210 6465, 1205 6460, 1195 6460, 1185 6460, 1180 6455, 1175 6450, 1165 6450, 1155 6450, 1150 6455, 1145 6460, 1140 6455, 1135 6450, 1130 6445, 1125 6440, 1120 6435, 1120 6425, 1115 6420, 1110 6415, 1110 6405, 1105 6400, 1100 6395, 1100 6385, 1105 6380, 1115 6380, 1120 6375, 1125 6370, 1130 6365, 1135 6360, 1145 6360, 1155 6360, 1160 6355, 1165 6350, 1175 6350, 1185 6350, 1195 6350, 1200 6355, 1205 6360, 1210 6365, 1215 6370, 1220 6375, 1225 6380, 1235 6380, 1245 6380, 1255 6380, 1265 6380, 1275 6380, 1285 6380, 1290 6375, 1295 6370, 1300 6375, 1305 6380, 1310 6375, 1315 6370, 1320 6375, 1325 6380, 1330 6375, 1335 6370, 1345 6370, 1355 6370, 1360 6365, 1365 6360, 1375 6360, 1380 6355, 1385 6350, 1395 6350, 1400 6345, 1405 6340, 1410 6335, 1415 6330, 1420 6325, 1425 6320, 1435 6320, 1440 6315, 1445 6310, 1450 6305, 1450 6295, 1455 6290, 1460 6285, 1460 6275, 1455 6270, 1450 6265, 1450 6255, 1455 6250, 1460 6245, 1465 6240, 1470 6235, 1475 6230, 1480 6225, 1485 6220, 1495 6220, 1500 6225, 1505 6230, 1515 6230, 1525 6230, 1535 6230, 1545 6230, 1550 6235, 1550 6245, 1550 6255, 1550 6265, 1555 6270, 1560 6275, 1555 6280, 1550 6285, 1550 6295, 1550 6305, 1545 6310, 1535 6310, 1530 6315, 1530 6325, 1525 6330, 1520 6335, 1520 6345, 1515 6350, 1510 6355, 1515 6360, 1525 6360, 1530 6365, 1525 6370, 1520 6375, 1520 6385, 1515 6390, 1510 6395, 1505 6400, 1500 6405, 1495 6410, 1490 6415, 1485 6420, 1480 6425, 1475 6430, 1470 6435, 1465 6440, 1460 6445, 1455 6450, 1445 6450, 1440 6455, 1435 6460, 1430 6465, 1425 6470, 1415 6470, 1410 6475, 1405 6480, 1395 6480, 1390 6485, 1385 6490, 1375 6490, 1365 6490, 1355 6490, 1345 6490, 1340 6495, 1335 6500, 1325 6500, 1315 6500, 1305 6500, 1295 6500, 1285 6500, 1280 6505, 1275 6510))"
peri,0,P2_3_L,15;16,176400.0,1,2727.1232520786093,6616.567696523054,"POLYGON ((2645 6960, 2635 6960, 2625 6960, 2615 6960, 2605 6960, 2595 6960, 2585 6960, 2575 6960, 2570 6955, 2565 6950, 2555 6950, 2545 6950, 2540 6945, 2535 6940, 2525 6940, 2515 6940, 2510 6935, 2505 6930, 2500 6925, 2505 6920, 2510 6915, 2510 6905, 2510 6895, 2510 6885, 2510 6875, 2510 6865, 2505 6860, 2500 6855, 2505 6850, 2510 6845, 2515 6840, 2520 6835, 2520 6825, 2520 6815, 2525 6810, 2530 6805, 2530 6795, 2530 6785, 2530 6775, 2530 6765, 2525 6760, 2515 6760, 2510 6765, 2510 6775, 2505 6780, 2500 6775, 2495 6770, 2490 6775, 2495 6780, 2500 6785, 2500 6795, 2500 6805, 2500 6815, 2500 6825, 2495 6830, 2490 6825, 2485 6820, 2475 6820, 2470 6815, 2470 6805, 2470 6795, 2475 6790, 2480 6785, 2480 6775, 2480 6765, 2485 6760, 2490 6755, 2495 6750, 2500 6745, 2500 6735, 2500 6725, 2500 6715, 2500 6705, 2500 6695, 2500 6685, 2500 6675, 2500 6665, 2500 6655, 2500 6645, 2500 6635, 2495 6630, 2490 6625, 2490 6615, 2485 6610, 2475 6610, 2470 6605, 2475 6600, 2480 6595, 2485 6590, 2490 6585, 2495 6580, 2505 6580, 2510 6575, 2515 6570, 2525 6570, 2530 6565, 2535 6560, 2545 6560, 2550 6555, 2550 6545, 2550 6535, 2550 6525, 2555 6520, 2560 6515, 2555 6510, 2550 6505, 2555 6500, 2560 6495, 2560 6485, 2560 6475, 2560 6465, 2565 6460, 2570 6455, 2575 6450, 2585 6450, 2590 6445, 2590 6435, 2595 6430, 2600 6425, 2600 6415, 2605 6410, 2610 6405, 2610 6395, 2615 6390, 2620 6385, 2625 6380, 2630 6375, 2635 6370, 2640 6365, 2645 6360, 2650 6355, 2655 6350, 2660 6345, 2665 6340, 2675 6340, 2680 6335, 2685 6330, 2695 6330, 2700 6325, 2705 6320, 2715 6320, 2720 6315, 2725 6310, 2735 6310, 2740 6305, 2745 6300, 2755 6300, 2760 6295, 2765 6290, 2775 6290, 2780 6285, 2785 6280, 2795 6280, 2800 6275, 2805 6270, 2815 6270, 2825 6270, 2835 6270, 2840 6265, 2845 6260, 2850 6265, 2855 6270, 2865 6270, 2870 6275, 2875 6280, 2885 6280, 2890 6285, 2895 6290, 2900 6295, 2905 6300, 2910 6305, 2915 6310, 2920 6315, 2920 6325, 2915 6330, 2905 6330, 2895 6330, 2890 6335, 2885 6340, 2880 6335, 2875 6330, 2870 6335, 2865 6340, 2855 6340, 2850 6345, 2845 6350, 2835 6350, 2825 6350, 2820 6355, 2815 6360, 2810 6365, 2805 6370, 2800 6375, 2795 6380, 2785 6380, 2775 6380, 2770 6385, 2765 6390, 2755 6390, 2745 6390, 2740 6395, 2735 6400, 2730 6405, 2725 6410, 2715 6410, 2710 6415, 2705 6420, 2695 6420, 2690 6425, 2690 6435, 2690 6445, 2690 6455, 2685 6460, 2680 6465, 2680 6475, 2685 6480, 2690 6475, 2690 6465, 2695 6460, 2700 6455, 2705 6450, 2710 6445, 2715 6440, 2720 6435, 2725 6430, 2735 6430, 2740 6435, 2735 6440, 2730 6445, 2725 6450, 2720 6455, 2720 6465, 2715 6470, 2710 6475, 2710 6485, 2710 6495, 2705 6500, 2700 6505, 2705 6510, 2710 6515, 2705 6520, 2700 6525, 2700 6535, 2700 6545, 2705 6550, 2710 6555, 2710 6565, 2710 6575, 2715 6580, 2720 6585, 2725 6590, 2730 6595, 2735 6600, 2740 6605, 2745 6610, 2750 6615, 2755 6620, 2765 6620, 2775 6620, 2780 6615, 2785 6610, 2790 6605, 2795 6600, 2800 6595, 2805 6590, 2810 6585, 2810 6575, 2815 6570, 2820 6565, 2820 6555, 2820 6545, 2820 6535, 2820 6525, 2820 6515, 2815 6510, 2810 6505, 2810 6495, 2810 6485, 2810 6475, 2810 6465, 2810 6455, 2810 6445, 2810 6435, 2815 6430, 2820 6425, 2815 6420, 2810 6415, 2805 6410, 2800 6405, 2805 6400, 2815 6400, 2820 6395, 2820 6385, 2825 6380, 2830 6375, 2835 6370, 2845 6370, 2855 6370, 2860 6365, 2865 6360, 2875 6360, 2885 6360, 2895 6360, 2900 6355, 2905 6350, 2915 6350, 2925 6350, 2935 6350, 2940 6355, 2940 6365, 2945 6370, 2950 6375, 2950 6385, 2950 6395, 2955 6400, 2960 6405, 2960 6415, 2960 6425, 2960 6435, 2960 6445, 2955 6450, 2950 6455, 2950 6465, 2950 6475, 2950 6485, 2955 6490, 2960 6495, 2960 6505, 2960 6515, 2960 6525, 2960 6535, 2960 6545, 2960 6555, 2960 6565, 2960 6575, 2960 6585, 2955 6590, 2950 6595, 2950 6605, 2950 6615, 2945 6620, 2940 6625, 2940 6635, 2935 6640, 2930 6645, 2930 6655, 2925 6660, 2920 6665, 2915 6670, 2910 6675, 2910 6685, 2905 6690, 2900 6695, 2895 6700, 2890 6705, 2885 6710, 2880 6715, 2875 6720, 2865 6720, 2860 6725, 2855 6730, 2850 6735, 2845 6740, 2835 6740, 2830 6745, 2825 6750, 2820 6755, 2820 6765, 2820 6775, 2815 6780, 2810 6785, 2810 6795, 2805 6800, 2800 6805, 2800 6815, 2795 6820, 2790 6825, 2790 6835, 2785 6840, 2780 6845, 2780 6855, 2775 6860, 2770 6865, 2765 6870, 2760 6875, 2760 6885, 2755 6890, 2750 6895, 2745 6900, 2740 6905, 2735 6910, 2730 6915, 2725 6920, 2715 6920, 2710 6925, 2705 6930, 2700 6935, 2695 6940, 2685 6940, 2680 6945, 2675 6950, 2665 6950, 2655 6950, 2650 6955, 2645 6960), (2630 6815, 2635 6810, 2640 6805, 2645 6800, 2650 6795, 2655 6790, 2660 6785, 2660 6775, 2660 6765, 2665 6760, 2670 6755, 2675 6750, 2680 6745, 2680 6735, 2685 6730, 2690 6725, 2690 6715, 2685 6710, 2680 6705, 2675 6700, 2670 6695, 2665 6690, 2655 6690, 2645 6690, 2640 6685, 2635 6680, 2625 6680, 2620 6685, 2615 6690, 2605 6690, 2600 6695, 2595 6700, 2585 6700, 2580 6705, 2575 6710, 2570 6715, 2565 6720, 2560 6715, 2560 6705, 2560 6695, 2565 6690, 2570 6685, 2575 6680, 2580 6675, 2585 6670, 2590 6665, 2595 6660, 2600 6655, 2600 6645, 2600 6635, 2600 6625, 2600 6615, 2600 6605, 2605 6600, 2610 6595, 2615 6590, 2620 6585, 2625 6580, 2630 6575, 2635 6570, 2645 6570, 2650 6565, 2655 6560, 2660 6555, 2660 6545, 2660 6535, 2665 6530, 2670 6525, 2670 6515, 2675 6510, 2680 6505, 2680 6495, 2675 6490, 2670 6495, 2665 6500, 2660 6505, 2655 6510, 2650 6515, 2645 6520, 2640 6525, 2635 6530, 2625 6530, 2615 6530, 2610 6535, 2605 6540, 2600 6545, 2595 6550, 2590 6555, 2585 6560, 2575 6560, 2570 6565, 2570 6575, 2570 6585, 2565 6590, 2560 6595, 2560 6605, 2560 6615, 2560 6625, 2560 6635, 2560 6645, 2560 6655, 2555 6660, 2550 6665, 2550 6675, 2550 6685, 2545 6690, 2540 6695, 2540 6705, 2540 6715, 2540 6725, 2545 6730, 2550 6735, 2550 6745, 2545 6750, 2540 6745, 2535 6740, 2530 6745, 2535 6750, 2540 6755, 2540 6765, 2540 6775, 2540 6785, 2545 6790, 2550 6795, 2555 6800, 2560 6805, 2565 6810, 2575 6810, 2585 6810, 2590 6815, 2595 6820, 2605 6820, 2615 6820, 2625 6820, 2630 6815))"
peri,0,P2_3_L,17;18,235200.0,1,3966.704046201814,7024.698660714285,"POLYGON ((4005 7510, 3995 7510, 3985 7510, 3975 7510, 3965 7510, 3955 7510, 3950 7505, 3945 7500, 3935 7500, 3925 7500, 3920 7495, 3915 7490, 3905 7490, 3900 7485, 3895 7480, 3890 7475, 3885 7470, 3875 7470, 3870 7465, 3865 7460, 3860 7455, 3855 7450, 3850 7445, 3850 7435, 3845 7430, 3840 7425, 3835 7420, 3830 7415, 3830 7405, 3825 7400, 3820 7395, 3820 7385, 3815 7380, 3810 7375, 3810 7365, 3810 7355, 3805 7350, 3800 7345, 3800 7335, 3800 7325, 3800 7315, 3795 7310, 3790 7305, 3790 7295, 3790 7285, 3790 7275, 3790 7265, 3790 7255, 3790 7245, 3790 7235, 3790 7225, 3790 7215, 3785 7210, 3780 7205, 3780 7195, 3780 7185, 3780 7175, 3780 7165, 3780 7155, 3780 7145, 3780 7135, 3780 7125, 3780 7115, 3785 7110, 3790 7105, 3790 7095, 3790 7085, 3790 7075, 3795 7070, 3800 7065, 3800 7055, 3800 7045, 3800 7035, 3805 7030, 3810 7025, 3810 7015, 3810 7005, 3815 7000, 3820 6995, 3820 6985, 3825 6980, 3830 6975, 3830 6965, 3835 6960, 3840 6955, 3840 6945, 3845 6940, 3850 6935, 3855 6930, 3860 6925, 3860 6915, 3855 6910, 3850 6905, 3845 6900, 3840 6895, 3835 6890, 3830 6885, 3830 6875, 3825 6870, 3820 6865, 3815 6860, 3810 6855, 3810 6845, 3805 6840, 3800 6835, 3800 6825, 3800 6815, 3795 6810, 3790 6805, 3790 6795, 3790 6785, 3790 6775, 3790 6765, 3790 6755, 3790 6745, 3790 6735, 3790 6725, 3790 6715, 3790 6705, 3795 6700, 3800 6695, 3800 6685, 3800 6675, 3805 6670, 3810 6665, 3810 6655, 3815 6650, 3820 6645, 3825 6640, 3830 6635, 3830 6625, 3835 6620, 3840 6615, 3845 6610, 3850 6605, 3855 6600, 3865 6600, 3870 6595, 3875 6590, 3880 6585, 3885 6580, 3895 6580, 3900 6575, 3905 6570, 3915 6570, 3925 6570, 3930 6565, 3935 6560, 3945 6560, 3955 6560, 3960 6565, 3960 6575, 3960 6585, 3965 6590, 3970 6595, 3975 6600, 3980 6605, 3985 6610, 3990 6615, 3990 6625, 3995 6630, 4000 6635, 4000 6645, 4000 6655, 4000 6665, 4000 6675, 4000 6685, 4005 6690, 4010 6695, 4015 6700, 4020 6695, 4025 6690, 4030 6685, 4025 6680, 4020 6675, 4020 6665, 4020 6655, 4025 6650, 4030 6645, 4025 6640, 4020 6635, 4020 6625, 4015 6620, 4010 6615, 4010 6605, 4010 6595, 4005 6590, 4000 6585, 3995 6580, 3990 6575, 3985 6570, 3980 6565, 3980 6555, 3985 6550, 3995 6550, 4000 6555, 4005 6560, 4015 6560, 4025 6560, 4035 6560, 4045 6560, 4050 6565, 4055 6570, 4065 6570, 4070 6575, 4075 6580, 4080 6585, 4085 6590, 4090 6595, 4090 6605, 4095 6610, 4100 6615, 4100 6625, 4100 6635, 4105 6640, 4110 6645, 4110 6655, 4110 6665, 4110 6675, 4115 6680, 4120 6685, 4120 6695, 4120 6705, 4125 6710, 4130 6715, 4130 6725, 4130 6735, 4135 6740, 4140 6745, 4140 6755, 4140 6765, 4140 6775, 4140 6785, 4145 6790, 4150 6795, 4150 6805, 4150 6815, 4150 6825, 4150 6835, 4150 6845, 4150 6855, 4155 6860, 4160 6865, 4160 6875, 4160 6885, 4160 6895, 4160 6905, 4160 6915, 4160 6925, 4160 6935, 4160 6945, 4160 6955, 4160 6965, 4165 6970, 4170 6975, 4170 6985, 4170 6995, 4170 7005, 4170 7015, 4170 7025, 4170 7035, 4170 7045, 4165 7050, 4160 7055, 4160 7065, 4160 7075, 4160 7085, 4160 7095, 4160 7105, 4160 7115, 4160 7125, 4160 7135, 4160 7145, 4155 7150, 4150 7155, 4150 7165, 4150 7175, 4150 7185, 4150 7195, 4150 7205, 4145 7210, 4140 7215, 4140 7225, 4135 7230, 4130 7235, 4130 7245, 4125 7250, 4120 7255, 4120 7265, 4120 7275, 4120 7285, 4120 7295, 4120 7305, 4120 7315, 4120 7325, 4120 7335, 4120 7345, 4120 7355, 4120 7365, 4120 7375, 4120 7385, 4120 7395, 4120 7405, 4120 7415, 4120 7425, 4120 7435, 4120 7445, 4115 7450, 4110 7455, 4105 7460, 4100 7465, 4095 7470, 4090 7475, 4085 7480, 4080 7485, 4075 7490, 4065 7490, 4060 7495, 4055 7500, 4045 7500, 4040 7495, 4040 7485, 4035 7480, 4030 7475, 4035 7470, 4040 7465, 4035 7460, 4030 7455, 4030 7445, 4035 7440, 4040 7435, 4035 7430, 4030 7425, 4030 7415, 4030 7405, 4030 7395, 4030 7385, 4030 7375, 4035 7370, 4040 7365, 4040 7355, 4035 7350, 4030 7345, 4030 7335, 4030 7325, 4025 7320, 4020 7315, 4025 7310, 4030 7305, 4030 7295, 4030 7285, 4030 7275, 4035 7270, 4040 7265, 4035 7260, 4030 7255, 4030 7245, 4035 7240, 4040 7235, 4040 7225, 4040 7215, 4045 7210, 4050 7205, 4050 7195, 4055 7190, 4060 7185, 4060 7175, 4060 7165, 4060 7155, 4060 7145, 4060 7135, 4065 7130, 4070 7125, 4065 7120, 4060 7115, 4065 7110, 4070 7105, 4065 7100, 4060 7095, 4065 7090, 4070 7085, 4070 7075, 4070 7065, 4075 7060, 4080 7055, 4075 7050, 4070 7045, 4070 7035, 4070 7025, 4070 7015, 4070 7005, 4075 7000, 4080 6995, 4080 6985, 4075 6980, 4070 6975, 4075 6970, 4080 6965, 4075 6960, 4070 6955, 4075 6950, 4080 6945, 4080 6935, 4080 6925, 4085 6920, 4090 6915, 4085 6910, 4080 6905, 4080 6895, 4080 6885, 4075 6880, 4070 6875, 4070 6865, 4070 6855, 4065 6850, 4060 6845, 4060 6835, 4055 6830, 4045 6830, 4040 6835, 4040 6845, 4040 6855, 4045 6860, 4050 6865, 4050 6875, 4050 6885, 4055 6890, 4060 6895, 4060 6905, 4060 6915, 4060 6925, 4060 6935, 4055 6940, 4050 6945, 4050 6955, 4045 6960, 4035 6960, 4025 6960, 4015 6960, 4010 6965, 4005 6970, 4000 6975, 3995 6980, 3990 6985, 3985 6990, 3980 6995, 3975 7000, 3970 7005, 3965 7010, 3960 7015, 3965 7020, 3970 7025, 3965 7030, 3960 7035, 3955 7040, 3950 7045, 3945 7050, 3940 7055, 3940 7065, 3940 7075, 3940 7085, 3935 7090, 3930 7095, 3930 7105, 3930 7115, 3930 7125, 3925 7130, 3920 7135, 3920 7145, 3920 7155, 3920 7165, 3920 7175, 3920 7185, 3925 7190, 3930 7195, 3930 7205, 3930 7215, 3930 7225, 3930 7235, 3935 7240, 3940 7245, 3940 7255, 3935 7260, 3930 7265, 3930 7275, 3930 7285, 3935 7290, 3940 7295, 3940 7305, 3940 7315, 3940 7325, 3945 7330, 3950 7335, 3950 7345, 3955 7350, 3960 7355, 3965 7360, 3970 7365, 3975 7370, 3985 7370, 3990 7365, 3995 7360, 4000 7355, 4005 7350, 4010 7345, 4005 7340, 4000 7335, 4005 7330, 4015 7330, 4020 7335, 4020 7345, 4020 7355, 4020 7365, 4020 7375, 4020 7385, 4020 7395, 4015 7400, 4005 7400, 4000 7405, 4000 7415, 4000 7425, 4005 7430, 4010 7435, 4010 7445, 4010 7455, 4010 7465, 4010 7475, 4010 7485, 4010 7495, 4010 7505, 4005 7510), (4010 6825, 4015 6820, 4020 6815, 4025 6810, 4030 6805, 4030 6795, 4035 6790, 4040 6785, 4040 6775, 4040 6765, 4045 6760, 4050 6765, 4050 6775, 4050 6785, 4055 6790, 4060 6795, 4065 6800, 4070 6795, 4065 6790, 4060 6785, 4060 6775, 4060 6765, 4055 6760, 4050 6755, 4050 6745, 4050 6735, 4045 6730, 4040 6725, 4035 6720, 4030 6725, 4025 6730, 4020 6725, 4015 6720, 4010 6715, 4005 6710, 4000 6705, 3995 6700, 3985 6700, 3975 6700, 3965 6700, 3955 6700, 3950 6705, 3945 6710, 3940 6715, 3935 6720, 3930 6725, 3930 6735, 3930 6745, 3930 6755, 3930 6765, 3930 6775, 3930 6785, 3935 6790, 3940 6795, 3945 6800, 3950 6805, 3955 6810, 3965 6810, 3970 6815, 3975 6820, 3980 6825, 3985 6830, 3995 6830, 4005 6830, 4010 6825))"
peri,16,R1_3_T,16,7450.0,1,2444.910514541387,6756.946308724832,"POLYGON ((2455 6880, 2450 6875, 2445 6870, 2440 6865, 2440 6855, 2435 6850, 2430 6845, 2430 6835, 2425 6830, 2420 6825, 2420 6815, 2420 6805, 2420 6795, 2420 6785, 2420 6775, 2420 6765, 2420 6755, 2420 6745, 2420 6735, 2420 6725, 2420 6715, 2425 6710, 2430 6705, 2430 6695, 2435 6690, 2440 6685, 2440 6675, 2445 6670, 2450 6665, 2450 6655, 2455 6650, 2460 6655, 2465 6660, 2470 6665, 2470 6675, 2470 6685, 2475 6690, 2480 6695, 2480 6705, 2475 6710, 2470 6715, 2470 6725, 2470 6735, 2465 6740, 2460 6745, 2460 6755, 2460 6765, 2455 6770, 2450 6775, 2450 6785, 2450 6795, 2450 6805, 2450 6815, 2450 6825, 2450 6835, 2455 6840, 2460 6845, 2465 6850, 2470 6855, 2465 6860, 2460 6865, 2460 6875, 2455 6880))"
peri,16,,16,350.0,1,2485.0,6890.0,"POLYGON ((2485 6910, 2480 6905, 2480 6895, 2480 6885, 2480 6875, 2485 6870, 2490 6875, 2490 6885, 2490 6895, 2490 6905, 2485 6910))"
peri,19,P2_3_L,19,140400.0,1,2690.1299857549857,7345.9152421652425,"POLYGON ((2745 7570, 2735 7570, 2725 7570, 2715 7570, 2705 7570, 2695 7570, 2685 7570, 2675 7570, 2665 7570, 2660 7565, 2655 7560, 2645 7560, 2635 7560, 2630 7555, 2625 7550, 2615 7550, 2610 7545, 2605 7540, 2600 7535, 2595 7530, 2585 7530, 2580 7525, 2575 7520, 2570 7515, 2565 7510, 2560 7505, 2555 7500, 2550 7495, 2545 7490, 2535 7490, 2530 7485, 2525 7480, 2515 7480, 2510 7475, 2505 7470, 2495 7470, 2490 7465, 2485 7460, 2480 7455, 2475 7450, 2465 7450, 2460 7445, 2460 7435, 2460 7425, 2460 7415, 2460 7405, 2460 7395, 2460 7385, 2465 7380, 2470 7375, 2475 7370, 2480 7365, 2485 7360, 2490 7355, 2485 7350, 2480 7345, 2480 7335, 2480 7325, 2480 7315, 2485 7310, 2490 7305, 2490 7295, 2490 7285, 2490 7275, 2485 7270, 2480 7265, 2480 7255, 2480 7245, 2480 7235, 2485 7230, 2490 7225, 2490 7215, 2490 7205, 2490 7195, 2490 7185, 2490 7175, 2490 7165, 2490 7155, 2490 7145, 2490 7135, 2490 7125, 2490 7115, 2495 7110, 2505 7110, 2510 7105, 2515 7100, 2525 7100, 2535 7100, 2540 7095, 2545 7090, 2555 7090, 2565 7090, 2575 7090, 2585 7090, 2595 7090, 2605 7090, 2610 7095, 2615 7100, 2625 7100, 2635 7100, 2640 7105, 2645 7110, 2655 7110, 2665 7110, 2670 7115, 2675 7120, 2685 7120, 2690 7125, 2695 7130, 2700 7135, 2705 7140, 2715 7140, 2720 7145, 2725 7150, 2730 7155, 2735 7160, 2745 7160, 2750 7165, 2755 7170, 2760 7175, 2765 7180, 2770 7185, 2775 7190, 2780 7195, 2780 7205, 2785 7210, 2790 7215, 2795 7220, 2800 7225, 2805 7230, 2815 7230, 2825 7230, 2830 7235, 2835 7240, 2845 7240, 2850 7245, 2855 7250, 2860 7255, 2865 7260, 2875 7260, 2880 7265, 2885 7270, 2890 7275, 2895 7280, 2900 7285, 2900 7295, 2905 7300, 2910 7305, 2915 7310, 2920 7315, 2920 7325, 2925 7330, 2930 7335, 2930 7345, 2930 7355, 2935 7360, 2940 7365, 2940 7375, 2940 7385, 2940 7395, 2940 7405, 2940 7415, 2935 7420, 2930 7425, 2930 7435, 2930 7445, 2925 7450, 2920 7455, 2920 7465, 2915 7470, 2910 7475, 2905 7480, 2900 7485, 2900 7495, 2895 7500, 2890 7505, 2885 7510, 2880 7515, 2875 7520, 2865 7520, 2860 7525, 2855 7530, 2850 7535, 2845 7540, 2835 7540, 2830 7545, 2825 7550, 2815 7550, 2805 7550, 2800 7555, 2795 7560, 2785 7560, 2775 7560, 2765 7560, 2755 7560, 2750 7565, 2745 7570), (2730 7425, 2735 7420, 2745 7420, 2755 7420, 2765 7420, 2775 7420, 2780 7415, 2785 7410, 2790 7405, 2795 7400, 2800 7395, 2800 7385, 2795 7380, 2790 7375, 2785 7370, 2780 7365, 2775 7360, 2765 7360, 2755 7360, 2750 7355, 2745 7350, 2735 7350, 2730 7345, 2725 7340, 2715 7340, 2710 7345, 2705 7350, 2695 7350, 2690 7345, 2685 7340, 2680 7335, 2675 7330, 2670 7325, 2675 7320, 2680 7315, 2680 7305, 2680 7295, 2675 7290, 2670 7285, 2665 7280, 2660 7275, 2655 7270, 2650 7265, 2645 7260, 2635 7260, 2630 7255, 2625 7250, 2620 7245, 2615 7240, 2610 7245, 2605 7250, 2600 7245, 2595 7240, 2590 7235, 2585 7230, 2575 7230, 2565 7230, 2560 7235, 2555 7240, 2550 7245, 2545 7250, 2540 7255, 2540 7265, 2545 7270, 2550 7275, 2545 7280, 2540 7285, 2540 7295, 2540 7305, 2535 7310, 2530 7315, 2535 7320, 2540 7325, 2545 7330, 2550 7335, 2555 7340, 2560 7345, 2565 7350, 2575 7350, 2580 7355, 2585 7360, 2595 7360, 2600 7365, 2605 7370, 2615 7370, 2625 7370, 2630 7375, 2635 7380, 2640 7385, 2645 7390, 2650 7395, 2655 7400, 2660 7405, 2665 7410, 2670 7415, 2675 7420, 2680 7425, 2685 7430, 2695 7430, 2705 7430, 2715 7430, 2725 7430, 2730 7425))"
peri,19,P2_3_L,19,15250.0,1,2427.8278688524592,7278.4453551912575,"POLYGON ((2435 7430, 2430 7425, 2425 7420, 2420 7415, 2415 7410, 2410 7405, 2410 7395, 2405 7390, 2400 7385, 2400 7375, 2395 7370, 2390 7365, 2390 7355, 2390 7345, 2390 7335, 2390 7325, 2385 7320, 2380 7315, 2385 7310, 2390 7305, 2390 7295, 2390 7285, 2390 7275, 2390 7265, 2390 7255, 2395 7250, 2400 7245, 2400 7235, 2400 7225, 2400 7215, 2400 7205, 2405 7200, 2410 7195, 2410 7185, 2415 7180, 2420 7175, 2420 7165, 2425 7160, 2430 7155, 2435 7150, 2440 7145, 2445 7140, 2455 7140, 2465 7140, 2470 7145, 2470 7155, 2470 7165, 2470 7175, 2470 7185, 2470 7195, 2470 7205, 2465 7210, 2460 7215, 2460 7225, 2455 7230, 2445 7230, 2440 7235, 2440 7245, 2445 7250, 2450 7255, 2450 7265, 2450 7275, 2455 7280, 2460 7285, 2460 7295, 2460 7305, 2460 7315, 2460 7325, 2460 7335, 2455 7340, 2450 7345, 2450 7355, 2450 7365, 2445 7370, 2440 7375, 2445 7380, 2450 7385, 2445 7390, 2440 7395, 2440 7405, 2440 7415, 2440 7425, 2435 7430))"
peri,20,,20,33450.0,1,736.9955156950673,7543.704534130543,"POLYGON ((805 7720, 795 7720, 790 7715, 785 7710, 780 7705, 775 7700, 770 7695, 765 7690, 760 7685, 755 7680, 750 7675, 750 7665, 745 7660, 740 7655, 735 7650, 730 7645, 725 7640, 720 7635, 715 7630, 710 7625, 705 7620, 700 7615, 695 7610, 690 7605, 690 7595, 685 7590, 680 7585, 675 7580, 670 7575, 670 7565, 670 7555, 665 7550, 660 7545, 660 7535, 660 7525, 660 7515, 660 7505, 660 7495, 660 7485, 660 7475, 660 7465, 660 7455, 660 7445, 660 7435, 660 7425, 660 7415, 660 7405, 660 7395, 660 7385, 660 7375, 665 7370, 670 7365, 675 7360, 680 7355, 685 7350, 695 7350, 700 7345, 705 7340, 715 7340, 720 7345, 725 7350, 730 7355, 730 7365, 730 7375, 735 7380, 740 7385, 740 7395, 740 7405, 745 7410, 750 7415, 750 7425, 745 7430, 740 7435, 745 7440, 750 7445, 745 7450, 740 7455, 740 7465, 745 7470, 750 7475, 750 7485, 750 7495, 745 7500, 740 7505, 740 7515, 745 7520, 750 7525, 750 7535, 750 7545, 750 7555, 755 7560, 765 7560, 770 7565, 775 7570, 780 7575, 785 7580, 790 7585, 795 7590, 800 7595, 805 7600, 810 7605, 815 7610, 820 7615, 820 7625, 820 7635, 825 7640, 830 7645, 835 7650, 840 7655, 845 7660, 850 7665, 855 7670, 860 7675, 865 7680, 875 7680, 880 7685, 880 7695, 875 7700, 865 7700, 860 7705, 855 7710, 845 7710, 835 7710, 825 7710, 815 7710, 810 7715, 805 7720))"
peri,20,R1_3_T,20,36650.0,1,857.6296043656207,7492.9115507048655,"POLYGON ((895 7660, 885 7660, 875 7660, 870 7655, 865 7650, 860 7645, 855 7640, 850 7635, 845 7630, 840 7625, 840 7615, 840 7605, 835 7600, 830 7595, 825 7590, 820 7585, 815 7580, 805 7580, 800 7575, 805 7570, 810 7565, 815 7560, 820 7555, 820 7545, 815 7540, 810 7535, 810 7525, 815 7520, 820 7515, 815 7510, 810 7505, 810 7495, 805 7490, 800 7485, 795 7480, 790 7475, 785 7470, 775 7470, 770 7475, 765 7480, 760 7475, 760 7465, 765 7460, 770 7455, 770 7445, 770 7435, 770 7425, 770 7415, 770 7405, 765 7400, 760 7395, 760 7385, 760 7375, 755 7370, 750 7365, 750 7355, 755 7350, 765 7350, 775 7350, 785 7350, 795 7350, 805 7350, 815 7350, 825 7350, 830 7355, 835 7360, 845 7360, 850 7365, 855 7370, 865 7370, 870 7375, 875 7380, 880 7385, 885 7390, 890 7395, 895 7400, 900 7405, 905 7410, 910 7415, 910 7425, 915 7430, 920 7435, 920 7445, 925 7450, 930 7455, 930 7465, 935 7470, 940 7475, 940 7485, 940 7495, 940 7505, 940 7515, 940 7525, 940 7535, 940 7545, 940 7555, 940 7565, 940 7575, 940 7585, 940 7595, 935 7600, 930 7605, 930 7615, 925 7620, 920 7625, 920 7635, 915 7640, 910 7645, 905 7650, 900 7655, 895 7660))"
peri,21,P2_3_L,21,183150.0,1,2825.3439803439805,7930.17017017017,"POLYGON ((3095 8360, 3085 8360, 3075 8360, 3065 8360, 3055 8360, 3045 8360, 3040 8355, 3035 8350, 3025 8350, 3015 8350, 3005 8350, 2995 8350, 2985 8350, 2975 8350, 2970 8345, 2970 8335, 2965 8330, 2960 8325, 2965 8320, 2970 8315, 2970 8305, 2975 8300, 2980 8295, 2980 8285, 2985 8280, 2990 8275, 2995 8270, 3000 8265, 3005 8260, 3010 8255, 3010 8245, 3010 8235, 3015 8230, 3020 8225, 3020 8215, 3020 8205, 3020 8195, 3020 8185, 3020 8175, 3015 8170, 3010 8165, 3010 8155, 3010 8145, 3010 8135, 3010 8125, 3010 8115, 3015 8110, 3020 8105, 3020 8095, 3020 8085, 3015 8080, 3010 8075, 3010 8065, 3010 8055, 3010 8045, 3005 8040, 3000 8035, 3000 8025, 3000 8015, 2995 8010, 2990 8005, 2985 8000, 2980 7995, 2985 7990, 2990 7985, 2990 7975, 2985 7970, 2980 7965, 2975 7960, 2970 7955, 2965 7950, 2960 7945, 2955 7940, 2950 7935, 2945 7930, 2940 7925, 2935 7920, 2930 7915, 2925 7910, 2920 7905, 2915 7900, 2905 7900, 2895 7900, 2885 7900, 2880 7905, 2875 7910, 2865 7910, 2860 7905, 2855 7900, 2850 7905, 2845 7910, 2835 7910, 2830 7905, 2825 7900, 2815 7900, 2805 7900, 2795 7900, 2790 7895, 2785 7890, 2775 7890, 2765 7890, 2760 7885, 2755 7880, 2745 7880, 2740 7875, 2735 7870, 2725 7870, 2720 7865, 2715 7860, 2710 7855, 2705 7850, 2700 7845, 2700 7835, 2695 7830, 2690 7825, 2690 7815, 2685 7810, 2680 7805, 2675 7800, 2670 7795, 2665 7790, 2655 7790, 2650 7795, 2645 7800, 2640 7805, 2635 7810, 2625 7810, 2620 7815, 2615 7820, 2605 7820, 2600 7815, 2595 7810, 2590 7805, 2585 7800, 2580 7795, 2575 7790, 2570 7785, 2565 7780, 2560 7785, 2555 7790, 2550 7795, 2545 7800, 2540 7805, 2535 7810, 2525 7810, 2520 7815, 2515 7820, 2505 7820, 2500 7825, 2495 7830, 2490 7835, 2485 7840, 2480 7845, 2480 7855, 2475 7860, 2470 7865, 2470 7875, 2465 7880, 2460 7885, 2455 7890, 2450 7895, 2450 7905, 2450 7915, 2450 7925, 2455 7930, 2460 7935, 2455 7940, 2450 7945, 2450 7955, 2450 7965, 2445 7970, 2440 7975, 2440 7985, 2440 7995, 2445 8000, 2450 8005, 2450 8015, 2455 8020, 2460 8025, 2460 8035, 2465 8040, 2470 8045, 2470 8055, 2475 8060, 2480 8065, 2480 8075, 2485 8080, 2490 8085, 2490 8095, 2495 8100, 2500 8105, 2500 8115, 2500 8125, 2500 8135, 2500 8145, 2505 8150, 2510 8155, 2505 8160, 2495 8160, 2485 8160, 2480 8155, 2475 8150, 2465 8150, 2460 8145, 2455 8140, 2445 8140, 2440 8135, 2440 8125, 2440 8115, 2435 8110, 2430 8105, 2425 8100, 2420 8095, 2420 8085, 2420 8075, 2420 8065, 2420 8055, 2420 8045, 2415 8040, 2410 8035, 2410 8025, 2405 8020, 2400 8015, 2400 8005, 2400 7995, 2400 7985, 2400 7975, 2405 7970, 2410 7965, 2410 7955, 2410 7945, 2410 7935, 2410 7925, 2410 7915, 2410 7905, 2405 7900, 2400 7895, 2400 7885, 2395 7880, 2390 7875, 2390 7865, 2390 7855, 2390 7845, 2390 7835, 2395 7830, 2400 7825, 2400 7815, 2405 7810, 2410 7805, 2415 7800, 2420 7795, 2420 7785, 2425 7780, 2430 7775, 2430 7765, 2430 7755, 2425 7750, 2420 7745, 2420 7735, 2415 7730, 2410 7725, 2415 7720, 2420 7715, 2425 7710, 2430 7705, 2435 7700, 2445 7700, 2450 7695, 2455 7690, 2460 7685, 2465 7680, 2475 7680, 2480 7675, 2485 7670, 2490 7665, 2495 7660, 2505 7660, 2510 7655, 2515 7650, 2525 7650, 2535 7650, 2540 7645, 2545 7640, 2555 7640, 2565 7640, 2575 7640, 2585 7640, 2590 7645, 2595 7650, 2605 7650, 2615 7650, 2620 7655, 2625 7660, 2630 7655, 2635 7650, 2645 7650, 2655 7650, 2665 7650, 2675 7650, 2685 7650, 2690 7655, 2695 7660, 2705 7660, 2715 7660, 2720 7665, 2725 7670, 2735 7670, 2740 7675, 2745 7680, 2750 7685, 2755 7690, 2765 7690, 2770 7695, 2775 7700, 2780 7705, 2785 7710, 2790 7715, 2790 7725, 2795 7730, 2800 7735, 2805 7740, 2810 7745, 2810 7755, 2815 7760, 2825 7760, 2835 7760, 2845 7760, 2855 7760, 2865 7760, 2875 7760, 2885 7760, 2895 7760, 2905 7760, 2915 7760, 2925 7760, 2935 7760, 2940 7765, 2945 7770, 2955 7770, 2965 7770, 2970 7775, 2975 7780, 2985 7780, 2990 7785, 2995 7790, 3000 7795, 3005 7800, 3015 7800, 3020 7805, 3025 7810, 3030 7815, 3035 7820, 3040 7825, 3045 7830, 3050 7835, 3055 7840, 3060 7845, 3065 7850, 3070 7855, 3075 7860, 3080 7865, 3085 7870, 3090 7875, 3090 7885, 3095 7890, 3100 7895, 3105 7900, 3110 7905, 3110 7915, 3115 7920, 3120 7925, 3120 7935, 3120 7945, 3125 7950, 3130 7955, 3130 7965, 3130 7975, 3130 7985, 3135 7990, 3140 7995, 3140 8005, 3140 8015, 3145 8020, 3150 8025, 3150 8035, 3150 8045, 3150 8055, 3155 8060, 3160 8065, 3160 8075, 3160 8085, 3160 8095, 3160 8105, 3160 8115, 3160 8125, 3155 8130, 3150 8135, 3150 8145, 3155 8150, 3160 8155, 3160 8165, 3160 8175, 3160 8185, 3160 8195, 3160 8205, 3160 8215, 3160 8225, 3160 8235, 3160 8245, 3155 8250, 3150 8255, 3150 8265, 3150 8275, 3145 8280, 3140 8285, 3140 8295, 3140 8305, 3135 8310, 3130 8315, 3130 8325, 3125 8330, 3120 8335, 3115 8340, 3110 8345, 3105 8350, 3100 8355, 3095 8360))"
peri,21,P2_3_L,21,94850.0,1,2617.5105429625723,8226.55376910912,"POLYGON ((3065 8460, 3055 8460, 3045 8460, 3035 8460, 3025 8460, 3015 8460, 3005 8460, 2995 8460, 2985 8460, 2975 8460, 2965 8460, 2955 8460, 2945 8460, 2935 8460, 2925 8460, 2915 8460, 2905 8460, 2895 8460, 2890 8455, 2885 8450, 2875 8450, 2865 8450, 2855 8450, 2850 8445, 2845 8440, 2835 8440, 2825 8440, 2820 8435, 2815 8430, 2805 8430, 2800 8425, 2795 8420, 2785 8420, 2780 8415, 2775 8410, 2770 8405, 2765 8400, 2755 8400, 2750 8395, 2745 8390, 2740 8385, 2735 8380, 2725 8380, 2715 8380, 2705 8380, 2695 8380, 2685 8380, 2680 8385, 2675 8390, 2665 8390, 2655 8390, 2650 8385, 2645 8380, 2635 8380, 2630 8375, 2625 8370, 2615 8370, 2610 8365, 2605 8360, 2600 8355, 2595 8350, 2590 8345, 2585 8340, 2580 8335, 2580 8325, 2575 8320, 2565 8320, 2555 8320, 2545 8320, 2540 8325, 2535 8330, 2530 8325, 2525 8320, 2520 8315, 2515 8310, 2510 8305, 2505 8300, 2500 8295, 2495 8290, 2490 8285, 2485 8280, 2480 8275, 2475 8270, 2465 8270, 2460 8265, 2455 8260, 2445 8260, 2440 8255, 2435 8250, 2425 8250, 2420 8245, 2415 8240, 2405 8240, 2400 8235, 2395 8230, 2390 8225, 2385 8220, 2380 8215, 2375 8210, 2370 8205, 2365 8200, 2360 8195, 2360 8185, 2360 8175, 2360 8165, 2360 8155, 2355 8150, 2350 8145, 2350 8135, 2345 8130, 2340 8125, 2340 8115, 2335 8110, 2330 8105, 2330 8095, 2325 8090, 2320 8085, 2320 8075, 2315 8070, 2310 8065, 2310 8055, 2310 8045, 2305 8040, 2300 8035, 2300 8025, 2300 8015, 2300 8005, 2300 7995, 2300 7985, 2300 7975, 2300 7965, 2300 7955, 2305 7950, 2310 7945, 2310 7935, 2310 7925, 2305 7920, 2300 7915, 2300 7905, 2300 7895, 2305 7890, 2310 7885, 2310 7875, 2310 7865, 2310 7855, 2310 7845, 2315 7840, 2320 7835, 2320 7825, 2325 7820, 2330 7815, 2330 7805, 2335 7800, 2340 7795, 2345 7790, 2350 7785, 2350 7775, 2355 7770, 2360 7765, 2360 7755, 2365 7750, 2370 7745, 2375 7740, 2380 7735, 2385 7730, 2390 7735, 2395 7740, 2400 7745, 2400 7755, 2400 7765, 2400 7775, 2395 7780, 2390 7785, 2385 7790, 2380 7795, 2380 7805, 2380 7815, 2375 7820, 2370 7825, 2370 7835, 2370 7845, 2365 7850, 2360 7855, 2365 7860, 2370 7865, 2370 7875, 2370 7885, 2375 7890, 2380 7895, 2380 7905, 2380 7915, 2385 7920, 2390 7925, 2390 7935, 2390 7945, 2385 7950, 2380 7955, 2380 7965, 2380 7975, 2375 7980, 2370 7985, 2370 7995, 2375 8000, 2380 8005, 2380 8015, 2380 8025, 2385 8030, 2390 8035, 2390 8045, 2390 8055, 2390 8065, 2395 8070, 2400 8075, 2400 8085, 2400 8095, 2395 8100, 2390 8105, 2395 8110, 2400 8115, 2405 8120, 2410 8125, 2415 8130, 2420 8135, 2420 8145, 2420 8155, 2425 8160, 2430 8165, 2435 8170, 2445 8170, 2455 8170, 2465 8170, 2470 8175, 2475 8180, 2485 8180, 2495 8180, 2500 8185, 2505 8190, 2510 8195, 2515 8200, 2525 8200, 2530 8205, 2535 8210, 2540 8215, 2545 8220, 2555 8220, 2560 8225, 2565 8230, 2570 8235, 2575 8240, 2580 8245, 2585 8250, 2590 8255, 2595 8260, 2600 8265, 2605 8270, 2610 8275, 2615 8280, 2620 8285, 2625 8290, 2635 8290, 2645 8290, 2655 8290, 2660 8295, 2665 8300, 2670 8295, 2675 8290, 2685 8290, 2695 8290, 2700 8285, 2705 8280, 2715 8280, 2725 8280, 2735 8280, 2740 8285, 2745 8290, 2755 8290, 2765 8290, 2770 8295, 2775 8300, 2780 8305, 2785 8310, 2790 8315, 2795 8320, 2805 8320, 2810 8325, 2815 8330, 2820 8335, 2825 8340, 2830 8345, 2835 8350, 2845 8350, 2855 8350, 2860 8355, 2865 8360, 2875 8360, 2880 8365, 2885 8370, 2890 8365, 2895 8360, 2900 8365, 2905 8370, 2910 8365, 2915 8360, 2920 8365, 2925 8370, 2935 8370, 2945 8370, 2955 8370, 2965 8370, 2970 8375, 2975 8380, 2980 8375, 2985 8370, 2990 8375, 2995 8380, 3000 8375, 3005 8370, 3015 8370, 3025 8370, 3030 8375, 3035 8380, 3045 8380, 3055 8380, 3065 8380, 3070 8385, 3075 8390, 3080 8385, 3085 8380, 3095 8380, 3105 8380, 3110 8385, 3110 8395, 3105 8400, 3100 8405, 3100 8415, 3095 8420, 3090 8425, 3090 8435, 3085 8440, 3080 8445, 3075 8450, 3070 8455, 3065 8460))"
peri,22,R1_3_T,22,37950.0,1,1196.610671936759,7921.044137022398,"POLYGON ((1255 8030, 1245 8030, 1235 8030, 1225 8030, 1215 8030, 1205 8030, 1195 8030, 1190 8025, 1190 8015, 1195 8010, 1200 8005, 1205 8000, 1210 7995, 1215 7990, 1220 7985, 1215 7980, 1210 7975, 1205 7970, 1200 7965, 1195 7960, 1185 7960, 1175 7960, 1165 7960, 1160 7965, 1155 7970, 1150 7965, 1145 7960, 1135 7960, 1125 7960, 1120 7965, 1115 7970, 1110 7975, 1105 7980, 1100 7975, 1100 7965, 1095 7960, 1090 7955, 1085 7950, 1080 7945, 1075 7940, 1070 7935, 1065 7930, 1060 7925, 1055 7920, 1050 7915, 1045 7910, 1040 7905, 1035 7900, 1030 7895, 1030 7885, 1030 7875, 1035 7870, 1040 7865, 1045 7860, 1055 7860, 1060 7855, 1065 7850, 1075 7850, 1080 7845, 1085 7840, 1095 7840, 1105 7840, 1115 7840, 1125 7840, 1135 7840, 1145 7840, 1155 7840, 1165 7840, 1175 7840, 1185 7840, 1195 7840, 1205 7840, 1215 7840, 1225 7840, 1235 7840, 1240 7845, 1245 7850, 1255 7850, 1260 7855, 1265 7860, 1275 7860, 1280 7865, 1285 7870, 1290 7875, 1295 7880, 1300 7885, 1305 7890, 1310 7895, 1315 7900, 1320 7905, 1320 7915, 1325 7920, 1330 7925, 1330 7935, 1335 7940, 1340 7945, 1340 7955, 1340 7965, 1340 7975, 1340 7985, 1340 7995, 1335 8000, 1325 8000, 1315 8000, 1305 8000, 1295 8000, 1290 8005, 1285 8010, 1275 8010, 1270 8015, 1265 8020, 1260 8025, 1255 8030))"
peri,22,,22,38250.0,1,1140.0925925925926,8047.722222222223,"POLYGON ((1245 8150, 1235 8150, 1225 8150, 1215 8150, 1205 8150, 1195 8150, 1185 8150, 1180 8145, 1175 8140, 1165 8140, 1155 8140, 1150 8135, 1145 8130, 1135 8130, 1130 8125, 1125 8120, 1115 8120, 1110 8115, 1105 8110, 1095 8110, 1090 8105, 1085 8100, 1075 8100, 1070 8095, 1065 8090, 1060 8085, 1055 8080, 1045 8080, 1040 8075, 1035 8070, 1030 8065, 1025 8060, 1020 8055, 1015 8050, 1010 8045, 1010 8035, 1005 8030, 1000 8025, 995 8020, 990 8015, 990 8005, 985 8000, 980 7995, 975 7990, 970 7985, 965 7980, 960 7975, 965 7970, 970 7965, 970 7955, 970 7945, 970 7935, 970 7925, 975 7920, 980 7915, 980 7905, 985 7900, 990 7895, 990 7885, 995 7880, 1000 7885, 1005 7890, 1010 7895, 1010 7905, 1015 7910, 1020 7915, 1025 7920, 1030 7925, 1035 7930, 1040 7935, 1045 7940, 1050 7945, 1055 7950, 1060 7955, 1065 7960, 1070 7965, 1075 7970, 1080 7975, 1080 7985, 1080 7995, 1085 8000, 1090 8005, 1095 8010, 1105 8010, 1115 8010, 1120 8015, 1125 8020, 1135 8020, 1145 8020, 1150 8025, 1155 8030, 1160 8035, 1165 8040, 1170 8045, 1175 8050, 1180 8055, 1180 8065, 1185 8070, 1195 8070, 1200 8065, 1205 8060, 1215 8060, 1220 8065, 1225 8070, 1230 8065, 1235 8060, 1240 8065, 1245 8070, 1250 8065, 1255 8060, 1260 8055, 1265 8050, 1270 8045, 1275 8040, 1280 8035, 1285 8030, 1295 8030, 1305 8030, 1310 8025, 1315 8020, 1325 8020, 1335 8020, 1345 8020, 1355 8020, 1360 8025, 1360 8035, 1355 8040, 1350 8045, 1350 8055, 1345 8060, 1340 8065, 1340 8075, 1335 8080, 1330 8085, 1325 8090, 1320 8095, 1315 8100, 1310 8105, 1305 8110, 1300 8115, 1295 8120, 1290 8125, 1285 8130, 1275 8130, 1270 8135, 1265 8140, 1255 8140, 1250 8145, 1245 8150))"
deep,1,,1,19350.0,1,6087.413867355727,1985.5017226528855,"POLYGON ((6055 2050, 6045 2050, 6035 2050, 6025 2050, 6020 2045, 6015 2040, 6005 2040, 5995 2040, 5985 2040, 5975 2040, 5970 2035, 5965 2030, 5960 2035, 5955 2040, 5945 2040, 5940 2035, 5945 2030, 5950 2025, 5955 2020, 5960 2015, 5965 2010, 5970 2005, 5975 2000, 5980 1995, 5985 1990, 5990 1985, 5995 1980, 6005 1980, 6010 1975, 6015 1970, 6020 1965, 6025 1960, 6030 1955, 6035 1950, 6045 1950, 6050 1945, 6055 1940, 6060 1935, 6065 1930, 6075 1930, 6080 1925, 6085 1920, 6095 1920, 6105 1920, 6115 1920, 6125 1920, 6135 1920, 6140 1925, 6145 1930, 6150 1935, 6155 1940, 6165 1940, 6170 1945, 6175 1950, 6185 1950, 6190 1955, 6195 1960, 6200 1965, 6205 1970, 6210 1975, 6215 1980, 6220 1985, 6225 1990, 6230 1995, 6235 2000, 6240 2005, 6235 2010, 6225 2010, 6215 2010, 6205 2010, 6200 2005, 6195 2000, 6190 2005, 6185 2010, 6175 2010, 6165 2010, 6160 2005, 6155 2000, 6150 2005, 6145 2010, 6135 2010, 6130 2005, 6125 2000, 6115 2000, 6110 2005, 6105 2010, 6100 2015, 6095 2020, 6085 2020, 6080 2025, 6075 2030, 6065 2030, 6060 2035, 6060 2045, 6055 2050))"
deep,0,P2_3_T,1;3;4;5;6,241250.0,1,6457.425906735752,2798.988255613126,"POLYGON ((6645 3310, 6635 3310, 6625 3310, 6615 3310, 6610 3305, 6605 3300, 6600 3295, 6595 3290, 6590 3285, 6585 3280, 6580 3275, 6575 3270, 6570 3265, 6565 3260, 6555 3260, 6550 3255, 6545 3250, 6535 3250, 6525 3250, 6515 3250, 6505 3250, 6495 3250, 6485 3250, 6475 3250, 6465 3250, 6455 3250, 6445 3250, 6440 3245, 6440 3235, 6440 3225, 6440 3215, 6440 3205, 6440 3195, 6440 3185, 6440 3175, 6440 3165, 6440 3155, 6435 3150, 6430 3145, 6430 3135, 6425 3130, 6420 3125, 6415 3120, 6410 3115, 6405 3110, 6400 3105, 6395 3100, 6390 3095, 6385 3090, 6380 3085, 6375 3080, 6370 3075, 6365 3070, 6355 3070, 6350 3065, 6345 3060, 6335 3060, 6325 3060, 6315 3060, 6305 3060, 6295 3060, 6285 3060, 6275 3060, 6265 3060, 6255 3060, 6250 3065, 6245 3070, 6235 3070, 6225 3070, 6220 3065, 6215 3060, 6205 3060, 6200 3055, 6195 3050, 6185 3050, 6180 3045, 6185 3040, 6190 3035, 6195 3030, 6200 3025, 6205 3020, 6210 3015, 6210 3005, 6215 3000, 6220 2995, 6220 2985, 6220 2975, 6220 2965, 6220 2955, 6220 2945, 6220 2935, 6220 2925, 6220 2915, 6220 2905, 6220 2895, 6220 2885, 6220 2875, 6220 2865, 6220 2855, 6215 2850, 6210 2845, 6210 2835, 6210 2825, 6210 2815, 6210 2805, 6215 2800, 6220 2795, 6220 2785, 6220 2775, 6220 2765, 6220 2755, 6220 2745, 6220 2735, 6220 2725, 6220 2715, 6220 2705, 6220 2695, 6220 2685, 6220 2675, 6220 2665, 6220 2655, 6215 2650, 6210 2645, 6210 2635, 6205 2630, 6200 2625, 6195 2620, 6190 2615, 6185 2610, 6180 2605, 6180 2595, 6175 2590, 6170 2585, 6170 2575, 6165 2570, 6160 2565, 6160 2555, 6155 2550, 6150 2545, 6145 2540, 6140 2535, 6135 2530, 6130 2525, 6130 2515, 6125 2510, 6120 2505, 6120 2495, 6125 2490, 6130 2485, 6135 2480, 6140 2475, 6145 2470, 6150 2465, 6150 2455, 6155 2450, 6160 2445, 6160 2435, 6165 2430, 6170 2425, 6170 2415, 6175 2410, 6180 2405, 6185 2400, 6190 2395, 6195 2390, 6200 2385, 6200 2375, 6205 2370, 6210 2365, 6210 2355, 6210 2345, 6210 2335, 6210 2325, 6210 2315, 6210 2305, 6210 2295, 6210 2285, 6205 2280, 6200 2275, 6200 2265, 6195 2260, 6190 2255, 6185 2250, 6180 2245, 6175 2240, 6170 2235, 6165 2230, 6160 2225, 6155 2220, 6150 2215, 6150 2205, 6145 2200, 6140 2195, 6140 2185, 6135 2180, 6130 2175, 6130 2165, 6125 2160, 6120 2155, 6115 2150, 6110 2145, 6105 2140, 6100 2135, 6095 2130, 6090 2125, 6085 2120, 6080 2115, 6075 2110, 6070 2105, 6065 2100, 6055 2100, 6050 2095, 6050 2085, 6055 2080, 6060 2075, 6065 2070, 6070 2065, 6075 2060, 6080 2055, 6085 2050, 6090 2045, 6095 2040, 6105 2040, 6110 2035, 6115 2030, 6125 2030, 6135 2030, 6145 2030, 6150 2035, 6155 2040, 6160 2045, 6165 2050, 6170 2055, 6175 2060, 6180 2065, 6185 2070, 6190 2075, 6195 2080, 6200 2085, 6205 2090, 6210 2095, 6215 2100, 6220 2105, 6220 2115, 6225 2120, 6230 2125, 6230 2135, 6235 2140, 6240 2145, 6240 2155, 6245 2160, 6250 2165, 6255 2170, 6260 2175, 6265 2180, 6270 2185, 6275 2190, 6280 2195, 6285 2200, 6290 2205, 6290 2215, 6295 2220, 6300 2225, 6300 2235, 6305 2240, 6310 2245, 6310 2255, 6310 2265, 6315 2270, 6320 2275, 6320 2285, 6320 2295, 6320 2305, 6320 2315, 6320 2325, 6320 2335, 6320 2345, 6320 2355, 6320 2365, 6320 2375, 6315 2380, 6310 2385, 6310 2395, 6310 2405, 6305 2410, 6300 2415, 6300 2425, 6295 2430, 6290 2435, 6290 2445, 6285 2450, 6280 2455, 6275 2460, 6270 2465, 6265 2470, 6260 2475, 6260 2485, 6255 2490, 6250 2495, 6250 2505, 6255 2510, 6260 2515, 6260 2525, 6265 2530, 6270 2535, 6270 2545, 6275 2550, 6280 2555, 6285 2560, 6290 2565, 6295 2570, 6300 2575, 6300 2585, 6305 2590, 6310 2595, 6310 2605, 6315 2610, 6320 2615, 6320 2625, 6320 2635, 6325 2640, 6330 2645, 6330 2655, 6330 2665, 6330 2675, 6330 2685, 6330 2695, 6330 2705, 6330 2715, 6330 2725, 6330 2735, 6330 2745, 6330 2755, 6330 2765, 6330 2775, 6330 2785, 6330 2795, 6330 2805, 6325 2810, 6320 2815, 6320 2825, 6320 2835, 6325 2840, 6330 2845, 6330 2855, 6330 2865, 6330 2875, 6330 2885, 6330 2895, 6330 2905, 6330 2915, 6330 2925, 6330 2935, 6330 2945, 6335 2950, 6345 2950, 6355 2950, 6360 2955, 6365 2960, 6375 2960, 6385 2960, 6390 2965, 6395 2970, 6405 2970, 6410 2975, 6415 2980, 6425 2980, 6430 2985, 6435 2990, 6440 2995, 6445 3000, 6450 3005, 6455 3010, 6460 3015, 6465 3020, 6470 3025, 6475 3030, 6480 3035, 6485 3040, 6490 3045, 6495 3050, 6500 3055, 6505 3060, 6510 3065, 6515 3070, 6520 3075, 6520 3085, 6525 3090, 6530 3095, 6530 3105, 6535 3110, 6540 3115, 6540 3125, 6540 3135, 6545 3140, 6555 3140, 6560 3145, 6565 3150, 6575 3150, 6585 3150, 6590 3155, 6595 3160, 6605 3160, 6610 3165, 6615 3170, 6625 3170, 6630 3175, 6635 3180, 6640 3185, 6645 3190, 6655 3190, 6665 3190, 6675 3190, 6685 3190, 6690 3185, 6695 3180, 6705 3180, 6710 3175, 6710 3165, 6710 3155, 6710 3145, 6715 3140, 6720 3135, 6720 3125, 6720 3115, 6725 3110, 6730 3105, 6730 3095, 6735 3090, 6740 3085, 6740 3075, 6745 3070, 6750 3065, 6755 3060, 6760 3055, 6760 3045, 6760 3035, 6760 3025, 6760 3015, 6760 3005, 6765 3000, 6770 2995, 6770 2985, 6770 2975, 6770 2965, 6770 2955, 6770 2945, 6775 2940, 6780 2935, 6780 2925, 6780 2915, 6785 2910, 6790 2905, 6790 2895, 6795 2890, 6800 2885, 6800 2875, 6805 2870, 6810 2865, 6815 2860, 6820 2855, 6825 2850, 6830 2845, 6835 2840, 6840 2835, 6845 2830, 6850 2825, 6855 2820, 6860 2815, 6865 2810, 6870 2805, 6875 2800, 6880 2795, 6885 2790, 6895 2790, 6900 2785, 6905 2780, 6915 2780, 6920 2775, 6925 2770, 6935 2770, 6945 2770, 6950 2765, 6955 2760, 6965 2760, 6975 2760, 6985 2760, 6995 2760, 7005 2760, 7015 2760, 7020 2765, 7020 2775, 7020 2785, 7020 2795, 7020 2805, 7020 2815, 7020 2825, 7020 2835, 7020 2845, 7020 2855, 7020 2865, 7015 2870, 7005 2870, 6995 2870, 6985 2870, 6975 2870, 6965 2870, 6960 2875, 6955 2880, 6945 2880, 6940 2885, 6935 2890, 6930 2895, 6925 2900, 6920 2905, 6915 2910, 6910 2915, 6905 2920, 6900 2925, 6895 2930, 6890 2935, 6890 2945, 6885 2950, 6880 2955, 6880 2965, 6880 2975, 6880 2985, 6880 2995, 6880 3005, 6875 3010, 6870 3015, 6870 3025, 6870 3035, 6870 3045, 6870 3055, 6870 3065, 6870 3075, 6865 3080, 6860 3085, 6860 3095, 6860 3105, 6855 3110, 6850 3115, 6845 3120, 6840 3125, 6835 3130, 6830 3135, 6830 3145, 6825 3150, 6820 3155, 6820 3165, 6820 3175, 6820 3185, 6820 3195, 6820 3205, 6820 3215, 6815 3220, 6810 3225, 6805 3230, 6800 3235, 6795 3240, 6790 3245, 6790 3255, 6785 3260, 6775 3260, 6770 3265, 6765 3270, 6755 3270, 6750 3275, 6745 3280, 6740 3285, 6735 3290, 6725 3290, 6715 3290, 6705 3290, 6700 3295, 6695 3300, 6685 3300, 6675 3300, 6665 3300, 6655 3300, 6650 3305, 6645 3310))"
deep,1,,1,7550.0,1,5776.092715231788,2566.523178807947,"POLYGON ((5795 2810, 5790 2805, 5790 2795, 5790 2785, 5790 2775, 5790 2765, 5790 2755, 5785 2750, 5780 2745, 5780 2735, 5780 2725, 5780 2715, 5780 2705, 5780 2695, 5780 2685, 5780 2675, 5780 2665, 5780 2655, 5780 2645, 5780 2635, 5780 2625, 5775 2620, 5770 2615, 5770 2605, 5770 2595, 5770 2585, 5770 2575, 5770 2565, 5770 2555, 5765 2550, 5760 2545, 5760 2535, 5760 2525, 5760 2515, 5760 2505, 5760 2495, 5760 2485, 5760 2475, 5755 2470, 5750 2465, 5750 2455, 5750 2445, 5750 2435, 5750 2425, 5750 2415, 5750 2405, 5750 2395, 5750 2385, 5750 2375, 5750 2365, 5750 2355, 5750 2345, 5755 2340, 5760 2335, 5760 2325, 5760 2315, 5760 2305, 5765 2300, 5770 2305, 5770 2315, 5770 2325, 5770 2335, 5770 2345, 5770 2355, 5765 2360, 5760 2365, 5760 2375, 5760 2385, 5760 2395, 5760 2405, 5760 2415, 5760 2425, 5765 2430, 5770 2435, 5770 2445, 5770 2455, 5770 2465, 5770 2475, 5770 2485, 5770 2495, 5770 2505, 5770 2515, 5775 2520, 5780 2525, 5780 2535, 5780 2545, 5780 2555, 5780 2565, 5785 2570, 5790 2575, 5790 2585, 5790 2595, 5790 2605, 5790 2615, 5795 2620, 5800 2625, 5800 2635, 5795 2640, 5790 2645, 5790 2655, 5795 2660, 5800 2665, 5800 2675, 5800 2685, 5800 2695, 5800 2705, 5800 2715, 5800 2725, 5795 2730, 5790 2735, 5795 2740, 5800 2745, 5800 2755, 5800 2765, 5800 2775, 5800 2785, 5805 2790, 5810 2795, 5805 2800, 5800 2805, 5795 2810))"
deep,3,,3,14650.0,1,7082.12172923777,2767.349260523322,"POLYGON ((7125 2880, 7120 2875, 7115 2870, 7110 2865, 7105 2860, 7100 2855, 7095 2850, 7085 2850, 7080 2845, 7075 2840, 7065 2840, 7060 2835, 7055 2830, 7045 2830, 7040 2825, 7040 2815, 7045 2810, 7050 2805, 7045 2800, 7040 2795, 7040 2785, 7040 2775, 7045 2770, 7050 2765, 7045 2760, 7040 2755, 7035 2750, 7030 2745, 7030 2735, 7030 2725, 7025 2720, 7020 2715, 7025 2710, 7030 2705, 7030 2695, 7025 2690, 7020 2685, 7025 2680, 7035 2680, 7045 2680, 7055 2680, 7065 2680, 7075 2680, 7080 2685, 7085 2690, 7095 2690, 7105 2690, 7110 2695, 7115 2700, 7120 2705, 7120 2715, 7120 2725, 7120 2735, 7120 2745, 7120 2755, 7125 2760, 7130 2765, 7130 2775, 7130 2785, 7130 2795, 7130 2805, 7130 2815, 7130 2825, 7130 2835, 7130 2845, 7130 2855, 7130 2865, 7130 2875, 7125 2880))"
deep,0,,1;6,3350.0,1,5832.350746268657,3095.5348258706467,"POLYGON ((5835 3160, 5830 3155, 5830 3145, 5825 3140, 5820 3135, 5820 3125, 5820 3115, 5820 3105, 5820 3095, 5815 3090, 5810 3085, 5810 3075, 5810 3065, 5810 3055, 5810 3045, 5815 3040, 5820 3045, 5825 3050, 5835 3050, 5840 3055, 5845 3060, 5850 3065, 5850 3075, 5850 3085, 5850 3095, 5850 3105, 5855 3110, 5860 3115, 5855 3120, 5850 3125, 5850 3135, 5845 3140, 5840 3145, 5840 3155, 5835 3160))"
deep,0,R1_3_L,8;9,333000.0,1,1758.6983233233232,3670.4996246246246,"POLYGON ((1745 4020, 1735 4020, 1725 4020, 1715 4020, 1705 4020, 1695 4020, 1685 4020, 1675 4020, 1665 4020, 1655 4020, 1645 4020, 1635 4020, 1625 4020, 1615 4020, 1605 4020, 1595 4020, 1590 4015, 1590 4005, 1590 3995, 1585 3990, 1580 3985, 1580 3975, 1580 3965, 1575 3960, 1570 3955, 1565 3950, 1560 3945, 1560 3935, 1555 3930, 1550 3925, 1545 3920, 1540 3915, 1535 3910, 1530 3905, 1525 3900, 1515 3900, 1510 3895, 1505 3890, 1500 3885, 1495 3880, 1485 3880, 1475 3880, 1470 3875, 1465 3870, 1455 3870, 1445 3870, 1440 3865, 1435 3860, 1425 3860, 1420 3855, 1415 3850, 1405 3850, 1400 3845, 1395 3840, 1385 3840, 1380 3835, 1375 3830, 1365 3830, 1355 3830, 1350 3825, 1345 3820, 1335 3820, 1325 3820, 1315 3820, 1305 3820, 1295 3820, 1285 3820, 1275 3820, 1265 3820, 1255 3820, 1245 3820, 1240 3825, 1235 3830, 1225 3830, 1215 3830, 1210 3835, 1205 3840, 1200 3845, 1195 3850, 1185 3850, 1180 3855, 1175 3860, 1170 3865, 1165 3870, 1160 3875, 1155 3880, 1150 3885, 1150 3895, 1145 3900, 1140 3895, 1135 3890, 1125 3890, 1115 3890, 1105 3890, 1095 3890, 1090 3885, 1085 3880, 1075 3880, 1065 3880, 1060 3875, 1055 3870, 1050 3865, 1045 3860, 1035 3860, 1030 3855, 1025 3850, 1020 3845, 1020 3835, 1025 3830, 1030 3825, 1035 3820, 1040 3815, 1040 3805, 1045 3800, 1050 3795, 1055 3790, 1060 3785, 1065 3780, 1070 3775, 1075 3770, 1080 3765, 1085 3760, 1090 3755, 1095 3750, 1100 3745, 1105 3740, 1115 3740, 1120 3735, 1125 3730, 1130 3725, 1135 3720, 1145 3720, 1150 3715, 1155 3710, 1165 3710, 1170 3705, 1175 3700, 1185 3700, 1195 3700, 1200 3695, 1205 3690, 1215 3690, 1225 3690, 1235 3690, 1245 3690, 1255 3690, 1260 3685, 1265 3680, 1275 3680, 1285 3680, 1295 3680, 1305 3680, 1315 3680, 1325 3680, 1330 3685, 1335 3690, 1345 3690, 1355 3690, 1365 3690, 1375 3690, 1385 3690, 1390 3695, 1395 3700, 1405 3700, 1415 3700, 1420 3705, 1425 3710, 1435 3710, 1440 3715, 1445 3720, 1455 3720, 1460 3725, 1465 3730, 1475 3730, 1480 3735, 1485 3740, 1495 3740, 1505 3740, 1510 3745, 1515 3750, 1525 3750, 1535 3750, 1540 3755, 1545 3760, 1555 3760, 1560 3765, 1565 3770, 1575 3770, 1580 3775, 1585 3780, 1590 3785, 1595 3790, 1605 3790, 1610 3795, 1615 3800, 1620 3805, 1625 3810, 1630 3815, 1635 3820, 1640 3825, 1645 3830, 1650 3835, 1655 3840, 1660 3845, 1665 3850, 1670 3855, 1670 3865, 1675 3870, 1680 3875, 1685 3880, 1690 3885, 1690 3895, 1695 3900, 1700 3905, 1700 3915, 1705 3920, 1710 3925, 1710 3935, 1710 3945, 1715 3950, 1720 3955, 1720 3965, 1720 3975, 1720 3985, 1725 3990, 1730 3985, 1735 3980, 1745 3980, 1750 3975, 1755 3970, 1760 3965, 1765 3960, 1770 3955, 1775 3950, 1780 3945, 1785 3940, 1795 3940, 1800 3935, 1805 3930, 1810 3925, 1815 3920, 1825 3920, 1830 3915, 1835 3910, 1845 3910, 1850 3905, 1845 3900, 1835 3900, 1830 3895, 1825 3890, 1815 3890, 1805 3890, 1800 3885, 1795 3880, 1785 3880, 1780 3875, 1775 3870, 1765 3870, 1760 3865, 1755 3860, 1745 3860, 1740 3855, 1735 3850, 1730 3845, 1725 3840, 1715 3840, 1710 3835, 1705 3830, 1700 3825, 1695 3820, 1690 3815, 1685 3810, 1680 3805, 1675 3800, 1670 3795, 1665 3790, 1660 3785, 1655 3780, 1650 3775, 1645 3770, 1640 3765, 1635 3760, 1630 3755, 1625 3750, 1620 3745, 1620 3735, 1615 3730, 1610 3725, 1605 3720, 1600 3715, 1600 3705, 1595 3700, 1590 3695, 1590 3685, 1585 3680, 1580 3675, 1580 3665, 1580 3655, 1575 3650, 1570 3645, 1570 3635, 1570 3625, 1570 3615, 1570 3605, 1570 3595, 1565 3590, 1560 3585, 1560 3575, 1560 3565, 1565 3560, 1570 3555, 1570 3545, 1570 3535, 1570 3525, 1570 3515, 1570 3505, 1575 3500, 1580 3495, 1580 3485, 1580 3475, 1585 3470, 1590 3465, 1590 3455, 1595 3450, 1600 3445, 1600 3435, 1605 3430, 1610 3425, 1615 3420, 1620 3415, 1620 3405, 1625 3400, 1630 3395, 1635 3390, 1640 3385, 1645 3380, 1650 3375, 1655 3370, 1660 3365, 1665 3360, 1670 3355, 1675 3350, 1680 3345, 1685 3340, 1695 3340, 1700 3335, 1705 3330, 1710 3325, 1715 3320, 1725 3320, 1730 3315, 1735 3310, 1745 3310, 1750 3305, 1755 3300, 1765 3300, 1775 3300, 1780 3295, 1785 3290, 1795 3290, 1805 3290, 1815 3290, 1825 3290, 1835 3290, 1840 3285, 1845 3280, 1855 3280, 1865 3280, 1870 3285, 1875 3290, 1885 3290, 1895 3290, 1905 3290, 1915 3290, 1925 3290, 1930 3295, 1935 3300, 1945 3300, 1955 3300, 1960 3305, 1965 3310, 1975 3310, 1985 3310, 1990 3315, 1995 3320, 2005 3320, 2015 3320, 2025 3320, 2035 3320, 2045 3320, 2050 3325, 2055 3330, 2065 3330, 2075 3330, 2080 3335, 2085 3340, 2095 3340, 2100 3345, 2105 3350, 2115 3350, 2120 3355, 2125 3360, 2135 3360, 2140 3365, 2145 3370, 2150 3375, 2155 3380, 2165 3380, 2170 3385, 2175 3390, 2180 3395, 2185 3400, 2190 3405, 2195 3410, 2200 3415, 2205 3420, 2210 3425, 2215 3430, 2220 3435, 2225 3440, 2230 3445, 2235 3450, 2240 3455, 2240 3465, 2245 3470, 2250 3475, 2255 3480, 2260 3485, 2260 3495, 2265 3500, 2270 3505, 2270 3515, 2275 3520, 2280 3525, 2280 3535, 2280 3545, 2285 3550, 2290 3555, 2290 3565, 2290 3575, 2290 3585, 2290 3595, 2290 3605, 2295 3610, 2300 3615, 2300 3625, 2300 3635, 2295 3640, 2290 3645, 2290 3655, 2290 3665, 2290 3675, 2290 3685, 2290 3695, 2285 3700, 2280 3705, 2280 3715, 2280 3725, 2275 3730, 2270 3735, 2270 3745, 2265 3750, 2260 3755, 2260 3765, 2255 3770, 2250 3775, 2245 3780, 2240 3785, 2240 3795, 2235 3800, 2230 3805, 2225 3810, 2220 3815, 2215 3820, 2210 3825, 2205 3830, 2200 3835, 2195 3840, 2185 3840, 2175 3840, 2165 3840, 2160 3845, 2155 3850, 2145 3850, 2140 3855, 2135 3860, 2130 3865, 2125 3870, 2115 3870, 2110 3875, 2105 3880, 2095 3880, 2085 3880, 2075 3880, 2065 3880, 2055 3880, 2050 3875, 2045 3870, 2040 3865, 2035 3860, 2025 3860, 2015 3860, 2005 3860, 1995 3860, 1985 3860, 1975 3860, 1965 3860, 1955 3860, 1950 3865, 1945 3870, 1940 3875, 1935 3880, 1930 3885, 1925 3890, 1915 3890, 1905 3890, 1900 3895, 1895 3900, 1890 3905, 1885 3910, 1880 3915, 1880 3925, 1880 3935, 1875 3940, 1870 3945, 1865 3950, 1860 3955, 1855 3960, 1845 3960, 1840 3965, 1835 3970, 1830 3975, 1825 3980, 1815 3980, 1805 3980, 1800 3985, 1795 3990, 1790 3995, 1790 4005, 1785 4010, 1775 4010, 1765 4010, 1755 4010, 1750 4015, 1745 4020), (2040 3775, 2045 3770, 2055 3770, 2065 3770, 2070 3765, 2075 3760, 2080 3755, 2085 3750, 2095 3750, 2100 3745, 2105 3740, 2110 3735, 2115 3730, 2120 3725, 2125 3720, 2130 3715, 2130 3705, 2135 3700, 2140 3695, 2145 3690, 2150 3685, 2150 3675, 2150 3665, 2155 3660, 2160 3655, 2160 3645, 2160 3635, 2160 3625, 2160 3615, 2160 3605, 2160 3595, 2155 3590, 2150 3585, 2150 3575, 2150 3565, 2145 3560, 2140 3555, 2135 3550, 2130 3545, 2130 3535, 2125 3530, 2120 3525, 2115 3520, 2110 3515, 2105 3510, 2100 3505, 2095 3500, 2090 3495, 2085 3490, 2075 3490, 2070 3485, 2065 3480, 2060 3475, 2055 3470, 2045 3470, 2040 3465, 2035 3460, 2025 3460, 2015 3460, 2010 3455, 2005 3450, 1995 3450, 1985 3450, 1975 3450, 1965 3450, 1955 3450, 1950 3445, 1945 3440, 1935 3440, 1925 3440, 1920 3435, 1915 3430, 1905 3430, 1895 3430, 1890 3425, 1885 3420, 1875 3420, 1865 3420, 1855 3420, 1845 3420, 1835 3420, 1825 3420, 1820 3425, 1815 3430, 1805 3430, 1795 3430, 1790 3435, 1785 3440, 1780 3445, 1775 3450, 1765 3450, 1760 3455, 1755 3460, 1750 3465, 1745 3470, 1740 3475, 1735 3480, 1730 3485, 1730 3495, 1725 3500, 1720 3505, 1715 3510, 1710 3515, 1710 3525, 1710 3535, 1705 3540, 1700 3545, 1700 3555, 1700 3565, 1700 3575, 1700 3585, 1700 3595, 1700 3605, 1705 3610, 1710 3615, 1710 3625, 1710 3635, 1715 3640, 1720 3645, 1725 3650, 1730 3655, 1730 3665, 1735 3670, 1740 3675, 1745 3680, 1750 3685, 1755 3690, 1760 3695, 1765 3700, 1770 3705, 1775 3710, 1780 3715, 1785 3720, 1790 3725, 1795 3730, 1805 3730, 1810 3735, 1815 3740, 1820 3745, 1825 3750, 1835 3750, 1840 3755, 1845 3760, 1855 3760, 1865 3760, 1870 3765, 1875 3770, 1885 3770, 1895 3770, 1905 3770, 1915 3770, 1925 3770, 1935 3770, 1945 3770, 1950 3775, 1955 3780, 1965 3780, 1975 3780, 1985 3780, 1995 3780, 2005 3780, 2015 3780, 2025 3780, 2035 3780, 2040 3775))"
deep,9,,9,12350.0,1,1034.5748987854251,3925.094466936572,"POLYGON ((1105 4000, 1100 3995, 1095 3990, 1085 3990, 1075 3990, 1070 3985, 1065 3980, 1055 3980, 1045 3980, 1040 3975, 1035 3970, 1025 3970, 1020 3965, 1015 3960, 1005 3960, 1000 3955, 995 3950, 990 3945, 985 3940, 975 3940, 970 3935, 965 3930, 960 3925, 960 3915, 960 3905, 965 3900, 970 3895, 970 3885, 970 3875, 975 3870, 980 3865, 980 3855, 980 3845, 985 3840, 990 3845, 995 3850, 1005 3850, 1010 3855, 1015 3860, 1020 3865, 1025 3870, 1030 3875, 1035 3880, 1040 3885, 1040 3895, 1045 3900, 1055 3900, 1065 3900, 1070 3905, 1075 3910, 1085 3910, 1090 3915, 1095 3920, 1105 3920, 1110 3925, 1110 3935, 1110 3945, 1110 3955, 1110 3965, 1105 3970, 1100 3975, 1105 3980, 1110 3985, 1110 3995, 1105 4000))"
deep,6,,6,43450.0,1,6121.294591484465,3954.5799769850405,"POLYGON ((6305 4060, 6300 4055, 6295 4050, 6290 4055, 6285 4060, 6275 4060, 6270 4055, 6265 4050, 6255 4050, 6245 4050, 6235 4050, 6225 4050, 6215 4050, 6205 4050, 6200 4045, 6195 4040, 6190 4035, 6185 4030, 6180 4025, 6175 4020, 6165 4020, 6155 4020, 6150 4015, 6145 4010, 6140 4005, 6135 4000, 6125 4000, 6115 4000, 6105 4000, 6100 3995, 6095 3990, 6085 3990, 6075 3990, 6070 3985, 6065 3980, 6060 3975, 6055 3970, 6050 3965, 6045 3960, 6035 3960, 6025 3960, 6020 3955, 6015 3950, 6005 3950, 5995 3950, 5985 3950, 5980 3945, 5975 3940, 5970 3945, 5965 3950, 5955 3950, 5945 3950, 5940 3945, 5935 3940, 5925 3940, 5920 3935, 5915 3930, 5910 3925, 5905 3920, 5900 3915, 5895 3910, 5890 3905, 5885 3900, 5880 3895, 5875 3890, 5870 3885, 5865 3880, 5860 3875, 5855 3870, 5850 3865, 5855 3860, 5865 3860, 5875 3860, 5885 3860, 5895 3860, 5905 3860, 5910 3855, 5915 3850, 5925 3850, 5935 3850, 5940 3855, 5945 3860, 5955 3860, 5965 3860, 5975 3860, 5985 3860, 5995 3860, 6005 3860, 6015 3860, 6025 3860, 6035 3860, 6040 3865, 6045 3870, 6055 3870, 6060 3875, 6065 3880, 6075 3880, 6080 3885, 6085 3890, 6095 3890, 6100 3895, 6105 3900, 6115 3900, 6125 3900, 6130 3905, 6135 3910, 6145 3910, 6150 3915, 6155 3920, 6165 3920, 6170 3925, 6175 3930, 6185 3930, 6190 3935, 6195 3940, 6205 3940, 6210 3945, 6215 3950, 6225 3950, 6230 3955, 6235 3960, 6245 3960, 6250 3965, 6255 3970, 6265 3970, 6270 3975, 6275 3980, 6285 3980, 6295 3980, 6305 3980, 6315 3980, 6325 3980, 6330 3985, 6335 3990, 6345 3990, 6350 3995, 6355 4000, 6365 4000, 6370 4005, 6375 4010, 6380 4015, 6385 4020, 6390 4025, 6395 4030, 6400 4035, 6395 4040, 6385 4040, 6380 4045, 6375 4050, 6365 4050, 6355 4050, 6345 4050, 6335 4050, 6325 4050, 6315 4050, 6310 4055, 6305 4060))"
deep,0,R1_3_L,9;11,38950.0,1,1931.3917415489943,3986.271929824561,"POLYGON ((1735 4100, 1725 4100, 1715 4100, 1705 4100, 1695 4100, 1690 4095, 1685 4090, 1675 4090, 1665 4090, 1655 4090, 1645 4090, 1640 4095, 1635 4100, 1625 4100, 1615 4100, 1610 4095, 1605 4090, 1595 4090, 1590 4085, 1595 4080, 1600 4075, 1595 4070, 1585 4070, 1580 4065, 1585 4060, 1590 4055, 1595 4050, 1605 4050, 1615 4050, 1625 4050, 1635 4050, 1645 4050, 1655 4050, 1665 4050, 1675 4050, 1685 4050, 1695 4050, 1705 4050, 1715 4050, 1725 4050, 1735 4050, 1745 4050, 1755 4050, 1760 4045, 1765 4040, 1770 4035, 1775 4030, 1785 4030, 1795 4030, 1805 4030, 1810 4025, 1815 4020, 1820 4015, 1825 4010, 1830 4005, 1835 4000, 1840 3995, 1845 3990, 1850 3985, 1855 3980, 1865 3980, 1870 3975, 1875 3970, 1885 3970, 1895 3970, 1900 3965, 1900 3955, 1900 3945, 1900 3935, 1900 3925, 1905 3920, 1915 3920, 1920 3915, 1925 3910, 1935 3910, 1945 3910, 1955 3910, 1960 3905, 1965 3900, 1975 3900, 1980 3905, 1985 3910, 1990 3905, 1990 3895, 1995 3890, 2005 3890, 2015 3890, 2025 3890, 2035 3890, 2040 3895, 2040 3905, 2045 3910, 2050 3915, 2055 3920, 2060 3925, 2065 3930, 2070 3925, 2075 3920, 2080 3925, 2085 3930, 2090 3925, 2095 3920, 2100 3925, 2105 3930, 2110 3925, 2110 3915, 2115 3910, 2120 3905, 2125 3900, 2130 3895, 2135 3890, 2140 3885, 2145 3880, 2155 3880, 2165 3880, 2170 3875, 2175 3870, 2180 3875, 2185 3880, 2190 3885, 2185 3890, 2175 3890, 2170 3895, 2165 3900, 2155 3900, 2150 3905, 2155 3910, 2165 3910, 2170 3915, 2175 3920, 2180 3925, 2185 3930, 2195 3930, 2200 3935, 2205 3940, 2210 3945, 2205 3950, 2195 3950, 2185 3950, 2180 3955, 2175 3960, 2165 3960, 2160 3965, 2155 3970, 2150 3975, 2145 3980, 2140 3985, 2135 3990, 2125 3990, 2120 3995, 2115 4000, 2105 4000, 2095 4000, 2085 4000, 2075 4000, 2065 4000, 2055 4000, 2045 4000, 2040 3995, 2035 3990, 2030 3985, 2025 3980, 2015 3980, 2010 3975, 2005 3970, 1995 3970, 1985 3970, 1980 3975, 1975 3980, 1970 3985, 1965 3990, 1960 3995, 1955 4000, 1950 4005, 1945 4010, 1935 4010, 1925 4010, 1915 4010, 1905 4010, 1900 4015, 1895 4020, 1885 4020, 1880 4025, 1875 4030, 1865 4030, 1860 4035, 1855 4040, 1850 4045, 1845 4050, 1840 4055, 1835 4060, 1830 4065, 1825 4070, 1815 4070, 1805 4070, 1795 4070, 1790 4075, 1785 4080, 1775 4080, 1765 4080, 1755 4080, 1750 4085, 1745 4090, 1740 4095, 1735 4100))"
deep,9,P2_3_C,9,14950.0,1,1101.1677814938685,4141.446488294315,"POLYGON ((1055 4230, 1045 4230, 1040 4225, 1035 4220, 1030 4215, 1035 4210, 1040 4205, 1045 4200, 1050 4205, 1055 4210, 1060 4205, 1055 4200, 1050 4195, 1045 4190, 1040 4185, 1035 4180, 1030 4175, 1025 4170, 1020 4165, 1015 4160, 1010 4155, 1010 4145, 1005 4140, 1000 4135, 1005 4130, 1015 4130, 1025 4130, 1035 4130, 1040 4125, 1045 4120, 1050 4115, 1055 4110, 1065 4110, 1070 4105, 1075 4100, 1080 4095, 1085 4090, 1095 4090, 1100 4085, 1105 4080, 1115 4080, 1125 4080, 1130 4075, 1135 4070, 1140 4075, 1145 4080, 1150 4085, 1155 4090, 1160 4095, 1165 4100, 1175 4100, 1180 4105, 1185 4110, 1195 4110, 1200 4115, 1205 4120, 1210 4125, 1205 4130, 1200 4135, 1200 4145, 1195 4150, 1185 4150, 1180 4155, 1175 4160, 1165 4160, 1155 4160, 1145 4160, 1140 4165, 1135 4170, 1130 4165, 1125 4160, 1115 4160, 1110 4165, 1110 4175, 1105 4180, 1100 4185, 1095 4190, 1090 4195, 1085 4200, 1080 4205, 1075 4210, 1070 4215, 1065 4220, 1060 4225, 1055 4230))"
deep,0,P2_3_C,9;10;11,406050.0,1,1865.9013668267455,4813.165045355662,"POLYGON ((2675 5430, 2665 5430, 2655 5430, 2645 5430, 2635 5430, 2625 5430, 2615 5430, 2605 5430, 2595 5430, 2585 5430, 2575 5430, 2565 5430, 2555 5430, 2550 5425, 2545 5420, 2535 5420, 2525 5420, 2515 5420, 2505 5420, 2500 5415, 2495 5410, 2485 5410, 2475 5410, 2470 5405, 2465 5400, 2455 5400, 2445 5400, 2440 5395, 2435 5390, 2425 5390, 2420 5385, 2415 5380, 2410 5375, 2405 5370, 2395 5370, 2390 5365, 2385 5360, 2375 5360, 2365 5360, 2355 5360, 2345 5360, 2335 5360, 2330 5355, 2325 5350, 2315 5350, 2305 5350, 2295 5350, 2285 5350, 2280 5345, 2275 5340, 2265 5340, 2255 5340, 2250 5335, 2245 5330, 2240 5335, 2235 5340, 2225 5340, 2215 5340, 2205 5340, 2195 5340, 2190 5345, 2185 5350, 2175 5350, 2165 5350, 2155 5350, 2145 5350, 2135 5350, 2125 5350, 2115 5350, 2105 5350, 2095 5350, 2085 5350, 2075 5350, 2070 5345, 2065 5340, 2055 5340, 2045 5340, 2035 5340, 2025 5340, 2020 5335, 2015 5330, 2005 5330, 1995 5330, 1990 5325, 1985 5320, 1975 5320, 1965 5320, 1960 5315, 1955 5310, 1945 5310, 1940 5305, 1935 5300, 1930 5295, 1925 5290, 1915 5290, 1910 5285, 1905 5280, 1900 5275, 1895 5270, 1890 5265, 1885 5260, 1880 5255, 1875 5250, 1870 5245, 1865 5240, 1860 5235, 1855 5230, 1850 5225, 1845 5220, 1840 5215, 1835 5210, 1830 5205, 1825 5200, 1820 5195, 1815 5190, 1810 5185, 1810 5175, 1805 5170, 1800 5165, 1795 5160, 1790 5155, 1790 5145, 1785 5140, 1780 5135, 1780 5125, 1780 5115, 1775 5110, 1770 5105, 1770 5095, 1770 5085, 1765 5080, 1760 5075, 1760 5065, 1760 5055, 1760 5045, 1760 5035, 1755 5030, 1750 5025, 1750 5015, 1750 5005, 1750 4995, 1750 4985, 1750 4975, 1750 4965, 1750 4955, 1745 4950, 1740 4945, 1735 4940, 1730 4935, 1725 4930, 1720 4925, 1715 4920, 1710 4915, 1705 4910, 1700 4905, 1695 4900, 1690 4895, 1685 4890, 1680 4885, 1680 4875, 1675 4870, 1670 4865, 1665 4860, 1660 4855, 1660 4845, 1655 4840, 1650 4835, 1650 4825, 1650 4815, 1645 4810, 1640 4805, 1640 4795, 1640 4785, 1635 4780, 1630 4775, 1630 4765, 1630 4755, 1630 4745, 1630 4735, 1625 4730, 1620 4725, 1620 4715, 1620 4705, 1620 4695, 1620 4685, 1620 4675, 1620 4665, 1620 4655, 1620 4645, 1620 4635, 1625 4630, 1630 4625, 1630 4615, 1630 4605, 1630 4595, 1630 4585, 1635 4580, 1640 4575, 1640 4565, 1640 4555, 1645 4550, 1650 4545, 1650 4535, 1650 4525, 1645 4520, 1640 4515, 1635 4510, 1630 4505, 1625 4500, 1620 4495, 1615 4490, 1610 4485, 1605 4480, 1600 4475, 1595 4470, 1590 4465, 1585 4460, 1580 4455, 1580 4445, 1575 4440, 1570 4435, 1565 4430, 1560 4425, 1560 4415, 1555 4410, 1550 4405, 1550 4395, 1550 4385, 1545 4380, 1540 4375, 1540 4365, 1535 4360, 1525 4360, 1520 4365, 1515 4370, 1505 4370, 1495 4370, 1485 4370, 1475 4370, 1470 4375, 1465 4380, 1455 4380, 1445 4380, 1435 4380, 1425 4380, 1415 4380, 1405 4380, 1395 4380, 1385 4380, 1380 4375, 1375 4370, 1365 4370, 1355 4370, 1345 4370, 1335 4370, 1325 4370, 1320 4365, 1315 4360, 1305 4360, 1295 4360, 1285 4360, 1275 4360, 1270 4355, 1265 4350, 1255 4350, 1245 4350, 1240 4345, 1235 4340, 1225 4340, 1215 4340, 1210 4335, 1205 4330, 1195 4330, 1190 4325, 1185 4320, 1180 4315, 1175 4310, 1165 4310, 1160 4305, 1155 4300, 1150 4295, 1145 4290, 1135 4290, 1130 4285, 1125 4280, 1115 4280, 1110 4275, 1105 4270, 1095 4270, 1090 4265, 1085 4260, 1080 4255, 1080 4245, 1085 4240, 1095 4240, 1100 4235, 1105 4230, 1110 4225, 1110 4215, 1110 4205, 1115 4200, 1125 4200, 1130 4195, 1135 4190, 1145 4190, 1150 4185, 1155 4180, 1165 4180, 1175 4180, 1185 4180, 1195 4180, 1200 4175, 1205 4170, 1210 4165, 1215 4160, 1220 4155, 1225 4150, 1235 4150, 1240 4155, 1245 4160, 1250 4165, 1255 4170, 1265 4170, 1270 4175, 1275 4180, 1280 4185, 1285 4190, 1295 4190, 1305 4190, 1310 4195, 1315 4200, 1325 4200, 1335 4200, 1345 4200, 1355 4200, 1365 4200, 1370 4205, 1375 4210, 1385 4210, 1395 4210, 1405 4210, 1415 4210, 1425 4210, 1435 4210, 1445 4210, 1455 4210, 1465 4210, 1475 4210, 1480 4205, 1485 4200, 1495 4200, 1505 4200, 1510 4195, 1515 4190, 1520 4185, 1525 4180, 1535 4180, 1540 4175, 1545 4170, 1550 4165, 1555 4160, 1560 4155, 1565 4150, 1570 4145, 1575 4140, 1580 4135, 1585 4130, 1595 4130, 1605 4130, 1615 4130, 1625 4130, 1635 4130, 1640 4125, 1645 4120, 1655 4120, 1665 4120, 1675 4120, 1685 4120, 1695 4120, 1700 4125, 1705 4130, 1715 4130, 1720 4135, 1720 4145, 1715 4150, 1710 4155, 1705 4160, 1700 4165, 1700 4175, 1700 4185, 1695 4190, 1690 4195, 1690 4205, 1690 4215, 1690 4225, 1690 4235, 1690 4245, 1690 4255, 1690 4265, 1690 4275, 1690 4285, 1690 4295, 1690 4305, 1695 4310, 1700 4315, 1700 4325, 1700 4335, 1705 4340, 1710 4345, 1715 4350, 1720 4355, 1720 4365, 1725 4370, 1730 4375, 1735 4380, 1740 4385, 1745 4390, 1750 4395, 1755 4400, 1760 4405, 1765 4410, 1770 4415, 1775 4420, 1780 4425, 1785 4430, 1790 4435, 1795 4440, 1800 4445, 1805 4450, 1815 4450, 1820 4455, 1825 4460, 1830 4465, 1835 4470, 1845 4470, 1855 4470, 1860 4475, 1865 4480, 1875 4480, 1880 4485, 1880 4495, 1880 4505, 1875 4510, 1870 4515, 1865 4520, 1860 4525, 1855 4530, 1850 4535, 1845 4540, 1840 4545, 1835 4550, 1830 4555, 1825 4560, 1820 4565, 1820 4575, 1815 4580, 1810 4585, 1805 4590, 1800 4595, 1800 4605, 1800 4615, 1795 4620, 1790 4625, 1790 4635, 1790 4645, 1790 4655, 1790 4665, 1790 4675, 1790 4685, 1790 4695, 1790 4705, 1790 4715, 1790 4725, 1790 4735, 1795 4740, 1800 4745, 1800 4755, 1800 4765, 1805 4770, 1810 4775, 1815 4780, 1820 4785, 1820 4795, 1825 4800, 1830 4805, 1835 4810, 1840 4815, 1845 4820, 1850 4825, 1855 4830, 1860 4835, 1865 4840, 1870 4845, 1875 4850, 1885 4850, 1890 4855, 1895 4860, 1900 4865, 1905 4870, 1915 4870, 1920 4875, 1925 4880, 1935 4880, 1940 4885, 1940 4895, 1935 4900, 1930 4905, 1930 4915, 1930 4925, 1925 4930, 1920 4935, 1920 4945, 1920 4955, 1920 4965, 1920 4975, 1920 4985, 1920 4995, 1920 5005, 1920 5015, 1920 5025, 1920 5035, 1925 5040, 1930 5045, 1930 5055, 1930 5065, 1935 5070, 1940 5075, 1945 5080, 1950 5085, 1950 5095, 1955 5100, 1960 5105, 1965 5110, 1970 5115, 1975 5120, 1980 5125, 1985 5130, 1990 5135, 1995 5140, 2000 5145, 2005 5150, 2015 5150, 2020 5155, 2025 5160, 2030 5165, 2035 5170, 2045 5170, 2055 5170, 2060 5175, 2065 5180, 2075 5180, 2085 5180, 2095 5180, 2105 5180, 2115 5180, 2125 5180, 2135 5180, 2145 5180, 2155 5180, 2165 5180, 2175 5180, 2185 5180, 2195 5180, 2200 5175, 2205 5170, 2215 5170, 2225 5170, 2230 5165, 2235 5160, 2245 5160, 2250 5155, 2255 5150, 2260 5155, 2265 5160, 2275 5160, 2280 5165, 2285 5170, 2290 5175, 2295 5180, 2305 5180, 2315 5180, 2320 5185, 2325 5190, 2335 5190, 2345 5190, 2355 5190, 2365 5190, 2375 5190, 2385 5190, 2395 5190, 2405 5190, 2415 5190, 2425 5190, 2435 5190, 2445 5190, 2450 5195, 2455 5200, 2460 5205, 2465 5210, 2470 5215, 2475 5220, 2480 5225, 2485 5230, 2495 5230, 2500 5235, 2505 5240, 2510 5245, 2515 5250, 2525 5250, 2535 5250, 2540 5255, 2545 5260, 2555 5260, 2565 5260, 2575 5260, 2585 5260, 2595 5260, 2605 5260, 2615 5260, 2625 5260, 2635 5260, 2645 5260, 2655 5260, 2665 5260, 2675 5260, 2685 5260, 2695 5260, 2700 5255, 2705 5250, 2710 5255, 2715 5260, 2720 5265, 2720 5275, 2720 5285, 2720 5295, 2720 5305, 2720 5315, 2720 5325, 2720 5335, 2715 5340, 2710 5345, 2710 5355, 2710 5365, 2710 5375, 2710 5385, 2710 5395, 2705 5400, 2700 5405, 2695 5410, 2690 5415, 2685 5420, 2680 5425, 2675 5430))"
deep,11,,11,14550.0,1,2782.1563573883163,5264.888316151203,"POLYGON ((2755 5380, 2745 5380, 2740 5375, 2735 5370, 2730 5365, 2735 5360, 2740 5355, 2740 5345, 2740 5335, 2745 5330, 2750 5325, 2745 5320, 2740 5315, 2740 5305, 2745 5300, 2750 5295, 2745 5290, 2740 5285, 2740 5275, 2740 5265, 2740 5255, 2735 5250, 2730 5245, 2735 5240, 2740 5235, 2740 5225, 2745 5220, 2750 5215, 2755 5210, 2760 5205, 2765 5200, 2770 5195, 2775 5190, 2780 5185, 2785 5180, 2790 5175, 2795 5170, 2800 5165, 2800 5155, 2805 5150, 2810 5145, 2810 5135, 2815 5130, 2820 5135, 2825 5140, 2830 5145, 2830 5155, 2830 5165, 2830 5175, 2830 5185, 2830 5195, 2830 5205, 2830 5215, 2825 5220, 2820 5225, 2820 5235, 2820 5245, 2815 5250, 2810 5255, 2810 5265, 2810 5275, 2810 5285, 2810 5295, 2810 5305, 2810 5315, 2810 5325, 2810 5335, 2810 5345, 2805 5350, 2800 5355, 2795 5360, 2790 5365, 2785 5370, 2775 5370, 2765 5370, 2760 5375, 2755 5380))"
deep,0,P2_3_C,12;14,380350.0,1,1103.897725778888,5845.920205074273,"POLYGON ((1015 6380, 1005 6380, 1000 6375, 995 6370, 985 6370, 975 6370, 965 6370, 955 6370, 945 6370, 935 6370, 925 6370, 915 6370, 910 6365, 910 6355, 910 6345, 910 6335, 910 6325, 910 6315, 905 6310, 900 6305, 895 6300, 890 6305, 885 6310, 875 6310, 870 6315, 865 6320, 855 6320, 850 6325, 845 6330, 835 6330, 825 6330, 820 6325, 820 6315, 815 6310, 810 6305, 805 6300, 800 6295, 800 6285, 795 6280, 790 6275, 785 6270, 780 6265, 775 6260, 770 6255, 765 6250, 760 6245, 755 6240, 750 6235, 750 6225, 750 6215, 745 6210, 740 6205, 735 6200, 730 6195, 735 6190, 745 6190, 750 6185, 755 6180, 765 6180, 775 6180, 780 6175, 785 6170, 790 6165, 795 6160, 805 6160, 815 6160, 820 6155, 825 6150, 835 6150, 845 6150, 850 6145, 855 6140, 860 6135, 865 6130, 875 6130, 880 6125, 885 6120, 890 6115, 895 6110, 900 6105, 905 6100, 910 6095, 915 6090, 920 6085, 925 6080, 930 6075, 930 6065, 935 6060, 940 6055, 945 6050, 950 6045, 950 6035, 955 6030, 960 6025, 960 6015, 965 6010, 970 6005, 970 5995, 970 5985, 975 5980, 980 5975, 980 5965, 980 5955, 985 5950, 995 5950, 1000 5945, 1005 5940, 1010 5935, 1015 5930, 1025 5930, 1030 5925, 1035 5920, 1040 5915, 1045 5910, 1050 5905, 1055 5900, 1060 5895, 1065 5890, 1070 5885, 1075 5880, 1080 5875, 1085 5870, 1090 5865, 1090 5855, 1095 5850, 1100 5845, 1105 5840, 1110 5835, 1110 5825, 1110 5815, 1115 5810, 1120 5805, 1120 5795, 1120 5785, 1120 5775, 1120 5765, 1120 5755, 1120 5745, 1120 5735, 1120 5725, 1120 5715, 1120 5705, 1120 5695, 1120 5685, 1120 5675, 1115 5670, 1110 5665, 1110 5655, 1110 5645, 1105 5640, 1100 5635, 1095 5630, 1090 5625, 1090 5615, 1085 5610, 1080 5605, 1075 5600, 1070 5595, 1065 5590, 1060 5585, 1055 5580, 1050 5575, 1045 5570, 1040 5565, 1035 5560, 1030 5555, 1025 5550, 1020 5545, 1015 5540, 1005 5540, 1000 5535, 995 5530, 990 5525, 985 5520, 975 5520, 965 5520, 960 5515, 955 5510, 945 5510, 935 5510, 925 5510, 920 5505, 915 5500, 905 5500, 900 5495, 895 5490, 890 5485, 885 5480, 875 5480, 870 5475, 865 5470, 855 5470, 845 5470, 840 5465, 835 5460, 825 5460, 815 5460, 810 5455, 805 5450, 795 5450, 785 5450, 775 5450, 765 5450, 755 5450, 745 5450, 735 5450, 725 5450, 715 5450, 705 5450, 695 5450, 690 5455, 685 5460, 675 5460, 665 5460, 660 5465, 655 5470, 645 5470, 640 5475, 635 5480, 625 5480, 615 5480, 610 5485, 605 5490, 595 5490, 585 5490, 580 5485, 580 5475, 575 5470, 570 5465, 570 5455, 570 5445, 565 5440, 560 5435, 560 5425, 565 5420, 570 5415, 570 5405, 570 5395, 565 5390, 560 5385, 560 5375, 555 5370, 550 5365, 545 5360, 535 5360, 530 5355, 525 5350, 520 5345, 525 5340, 535 5340, 540 5335, 545 5330, 555 5330, 565 5330, 570 5325, 575 5320, 585 5320, 590 5315, 595 5310, 605 5310, 615 5310, 620 5305, 625 5300, 635 5300, 645 5300, 650 5295, 655 5290, 665 5290, 675 5290, 685 5290, 695 5290, 700 5285, 705 5280, 715 5280, 725 5280, 735 5280, 745 5280, 755 5280, 765 5280, 775 5280, 785 5280, 795 5280, 800 5285, 805 5290, 815 5290, 825 5290, 835 5290, 845 5290, 850 5295, 855 5300, 865 5300, 875 5300, 880 5305, 885 5310, 895 5310, 905 5310, 910 5315, 915 5320, 925 5320, 935 5320, 940 5325, 945 5330, 955 5330, 960 5335, 965 5340, 975 5340, 980 5345, 985 5350, 995 5350, 1000 5355, 1005 5360, 1015 5360, 1025 5360, 1030 5365, 1035 5370, 1045 5370, 1055 5370, 1060 5375, 1065 5380, 1075 5380, 1080 5385, 1085 5390, 1090 5395, 1095 5400, 1105 5400, 1110 5405, 1115 5410, 1120 5415, 1125 5420, 1130 5425, 1135 5430, 1140 5435, 1145 5440, 1150 5445, 1155 5450, 1160 5455, 1165 5460, 1170 5465, 1175 5470, 1180 5475, 1185 5480, 1190 5485, 1195 5490, 1200 5495, 1205 5500, 1210 5505, 1215 5510, 1220 5515, 1225 5520, 1230 5525, 1230 5535, 1235 5540, 1240 5545, 1245 5550, 1250 5555, 1250 5565, 1255 5570, 1260 5575, 1260 5585, 1260 5595, 1265 5600, 1270 5605, 1270 5615, 1270 5625, 1275 5630, 1280 5635, 1280 5645, 1280 5655, 1280 5665, 1280 5675, 1285 5680, 1290 5685, 1290 5695, 1290 5705, 1290 5715, 1290 5725, 1290 5735, 1290 5745, 1290 5755, 1290 5765, 1290 5775, 1290 5785, 1290 5795, 1285 5800, 1280 5805, 1280 5815, 1280 5825, 1280 5835, 1280 5845, 1275 5850, 1270 5855, 1270 5865, 1270 5875, 1265 5880, 1260 5885, 1260 5895, 1260 5905, 1265 5910, 1275 5910, 1285 5910, 1295 5910, 1305 5910, 1315 5910, 1325 5910, 1330 5905, 1335 5900, 1345 5900, 1355 5900, 1365 5900, 1375 5900, 1385 5900, 1395 5900, 1400 5905, 1405 5910, 1415 5910, 1425 5910, 1435 5910, 1445 5910, 1450 5915, 1455 5920, 1465 5920, 1475 5920, 1480 5925, 1485 5930, 1495 5930, 1505 5930, 1510 5935, 1515 5940, 1525 5940, 1530 5945, 1535 5950, 1540 5955, 1545 5960, 1555 5960, 1560 5965, 1565 5970, 1570 5975, 1575 5980, 1580 5985, 1585 5990, 1590 5995, 1595 6000, 1600 6005, 1605 6010, 1610 6015, 1615 6020, 1620 6025, 1625 6030, 1630 6035, 1635 6040, 1640 6045, 1645 6050, 1650 6055, 1655 6060, 1660 6065, 1665 6070, 1670 6075, 1675 6080, 1680 6085, 1680 6095, 1685 6100, 1690 6105, 1695 6110, 1700 6115, 1700 6125, 1705 6130, 1710 6135, 1710 6145, 1710 6155, 1715 6160, 1720 6165, 1720 6175, 1720 6185, 1725 6190, 1730 6195, 1725 6200, 1715 6200, 1710 6205, 1705 6210, 1695 6210, 1685 6210, 1675 6210, 1665 6210, 1655 6210, 1645 6210, 1635 6210, 1625 6210, 1615 6210, 1605 6210, 1600 6215, 1595 6220, 1585 6220, 1575 6220, 1570 6215, 1565 6210, 1560 6205, 1555 6200, 1550 6195, 1545 6190, 1540 6185, 1540 6175, 1535 6170, 1530 6165, 1525 6160, 1520 6155, 1515 6150, 1510 6145, 1505 6140, 1500 6135, 1495 6130, 1490 6125, 1485 6120, 1480 6115, 1475 6110, 1470 6105, 1465 6100, 1455 6100, 1450 6095, 1445 6090, 1440 6085, 1435 6080, 1425 6080, 1415 6080, 1410 6075, 1405 6070, 1395 6070, 1385 6070, 1375 6070, 1365 6070, 1355 6070, 1345 6070, 1335 6070, 1325 6070, 1320 6075, 1315 6080, 1305 6080, 1295 6080, 1285 6080, 1275 6080, 1265 6080, 1255 6080, 1245 6080, 1240 6085, 1235 6090, 1225 6090, 1215 6090, 1210 6095, 1205 6100, 1195 6100, 1185 6100, 1180 6105, 1175 6110, 1170 6115, 1165 6120, 1155 6120, 1150 6125, 1145 6130, 1140 6135, 1135 6140, 1130 6145, 1125 6150, 1120 6155, 1115 6160, 1110 6165, 1105 6170, 1100 6175, 1100 6185, 1095 6190, 1090 6195, 1085 6200, 1080 6205, 1080 6215, 1080 6225, 1075 6230, 1070 6235, 1070 6245, 1070 6255, 1070 6265, 1070 6275, 1070 6285, 1070 6295, 1070 6305, 1070 6315, 1075 6320, 1080 6325, 1080 6335, 1080 6345, 1080 6355, 1075 6360, 1070 6365, 1065 6370, 1055 6370, 1045 6370, 1035 6370, 1025 6370, 1020 6375, 1015 6380))"
deep,12,,12,13250.0,1,510.61006289308176,5474.8176100628925,"POLYGON ((515 5590, 510 5585, 510 5575, 505 5570, 500 5565, 500 5555, 500 5545, 495 5540, 490 5535, 490 5525, 485 5520, 480 5515, 480 5505, 475 5500, 470 5495, 470 5485, 470 5475, 465 5470, 460 5465, 460 5455, 460 5445, 455 5440, 450 5435, 450 5425, 455 5420, 460 5415, 465 5410, 470 5405, 475 5400, 485 5400, 490 5395, 495 5390, 505 5390, 510 5385, 515 5380, 525 5380, 530 5385, 530 5395, 530 5405, 535 5410, 540 5415, 535 5420, 530 5425, 535 5430, 540 5435, 540 5445, 545 5450, 550 5455, 550 5465, 550 5475, 555 5480, 560 5485, 560 5495, 565 5500, 570 5505, 575 5510, 580 5515, 575 5520, 565 5520, 560 5525, 555 5530, 550 5535, 545 5540, 540 5545, 535 5550, 530 5555, 530 5565, 525 5570, 520 5575, 520 5585, 515 5590))"
deep,12,,12,14350.0,1,693.4756097560976,6247.453542392566,"POLYGON ((705 6330, 695 6330, 690 6325, 690 6315, 685 6310, 680 6305, 675 6300, 670 6295, 665 6290, 660 6285, 660 6275, 655 6270, 650 6265, 650 6255, 645 6250, 640 6245, 640 6235, 640 6225, 635 6220, 630 6215, 630 6205, 630 6195, 625 6190, 620 6185, 620 6175, 615 6170, 610 6165, 610 6155, 615 6150, 620 6155, 625 6160, 635 6160, 640 6165, 645 6170, 655 6170, 665 6170, 675 6170, 685 6170, 690 6175, 695 6180, 705 6180, 710 6185, 710 6195, 710 6205, 715 6210, 720 6215, 725 6220, 730 6225, 730 6235, 730 6245, 735 6250, 740 6255, 745 6260, 750 6265, 755 6270, 760 6275, 765 6280, 770 6285, 775 6290, 780 6295, 780 6305, 780 6315, 775 6320, 765 6320, 755 6320, 745 6320, 735 6320, 725 6320, 715 6320, 710 6325, 705 6330))"
deep,15,P2_3_L,15,13050.0,1,2978.097062579821,6274.661558109834,"POLYGON ((2935 6330, 2930 6325, 2925 6320, 2920 6315, 2915 6310, 2910 6305, 2905 6300, 2900 6295, 2895 6290, 2890 6285, 2885 6280, 2875 6280, 2870 6275, 2865 6270, 2855 6270, 2850 6265, 2855 6260, 2865 6260, 2875 6260, 2885 6260, 2895 6260, 2900 6255, 2905 6250, 2915 6250, 2925 6250, 2935 6250, 2945 6250, 2955 6250, 2960 6245, 2965 6240, 2975 6240, 2985 6240, 2990 6235, 2995 6230, 3005 6230, 3010 6225, 3015 6220, 3025 6220, 3035 6220, 3040 6225, 3045 6230, 3050 6235, 3055 6240, 3060 6245, 3060 6255, 3065 6260, 3070 6265, 3070 6275, 3075 6280, 3080 6285, 3075 6290, 3070 6295, 3065 6300, 3060 6295, 3055 6290, 3050 6295, 3045 6300, 3040 6295, 3035 6290, 3030 6295, 3025 6300, 3020 6305, 3015 6310, 3010 6315, 3005 6320, 2995 6320, 2985 6320, 2980 6315, 2975 6310, 2970 6315, 2965 6320, 2955 6320, 2945 6320, 2940 6325, 2935 6330))"
deep,14,R1_3_T,14,32750.0,1,1593.5432569974555,6353.067430025446,"POLYGON ((1415 6500, 1405 6500, 1395 6500, 1385 6500, 1380 6495, 1385 6490, 1390 6485, 1395 6480, 1405 6480, 1410 6475, 1415 6470, 1425 6470, 1430 6465, 1435 6460, 1440 6455, 1445 6450, 1455 6450, 1460 6445, 1465 6440, 1470 6435, 1475 6430, 1480 6425, 1485 6420, 1490 6415, 1495 6410, 1500 6405, 1505 6400, 1510 6395, 1515 6390, 1520 6385, 1520 6375, 1525 6370, 1530 6365, 1530 6355, 1535 6350, 1545 6350, 1555 6350, 1560 6345, 1565 6340, 1575 6340, 1585 6340, 1595 6340, 1600 6335, 1605 6330, 1615 6330, 1625 6330, 1635 6330, 1640 6325, 1635 6320, 1625 6320, 1615 6320, 1605 6320, 1595 6320, 1585 6320, 1575 6320, 1570 6315, 1565 6310, 1555 6310, 1550 6305, 1550 6295, 1550 6285, 1555 6280, 1560 6275, 1555 6270, 1550 6265, 1550 6255, 1550 6245, 1555 6240, 1565 6240, 1570 6245, 1575 6250, 1580 6245, 1585 6240, 1595 6240, 1605 6240, 1610 6235, 1615 6230, 1625 6230, 1635 6230, 1640 6235, 1645 6240, 1655 6240, 1660 6235, 1665 6230, 1675 6230, 1680 6235, 1685 6240, 1690 6235, 1695 6230, 1700 6235, 1700 6245, 1700 6255, 1700 6265, 1705 6270, 1710 6275, 1705 6280, 1700 6285, 1700 6295, 1700 6305, 1695 6310, 1685 6310, 1680 6315, 1685 6320, 1695 6320, 1700 6325, 1700 6335, 1700 6345, 1695 6350, 1690 6355, 1690 6365, 1690 6375, 1685 6380, 1680 6385, 1680 6395, 1680 6405, 1675 6410, 1665 6410, 1660 6415, 1655 6420, 1645 6420, 1635 6420, 1625 6420, 1620 6425, 1615 6430, 1605 6430, 1595 6430, 1585 6430, 1580 6435, 1575 6440, 1565 6440, 1555 6440, 1550 6445, 1545 6450, 1540 6445, 1535 6440, 1530 6445, 1525 6450, 1515 6450, 1510 6455, 1505 6460, 1495 6460, 1485 6460, 1480 6465, 1475 6470, 1470 6475, 1465 6480, 1455 6480, 1445 6480, 1440 6485, 1435 6490, 1425 6490, 1420 6495, 1415 6500))"
deep,0,P2_3_L,15;16;19;21,429350.0,1,2920.223399712744,7354.156476844843,"POLYGON ((3175 8350, 3165 8350, 3155 8350, 3145 8350, 3135 8350, 3125 8350, 3115 8350, 3110 8345, 3115 8340, 3120 8335, 3125 8330, 3130 8325, 3130 8315, 3135 8310, 3140 8305, 3140 8295, 3140 8285, 3145 8280, 3150 8275, 3150 8265, 3150 8255, 3155 8250, 3160 8245, 3160 8235, 3160 8225, 3160 8215, 3160 8205, 3160 8195, 3160 8185, 3160 8175, 3160 8165, 3160 8155, 3155 8150, 3150 8145, 3150 8135, 3155 8130, 3160 8125, 3160 8115, 3160 8105, 3160 8095, 3160 8085, 3160 8075, 3160 8065, 3155 8060, 3150 8055, 3150 8045, 3150 8035, 3150 8025, 3145 8020, 3140 8015, 3140 8005, 3140 7995, 3135 7990, 3130 7985, 3130 7975, 3130 7965, 3130 7955, 3125 7950, 3120 7945, 3120 7935, 3120 7925, 3115 7920, 3110 7915, 3110 7905, 3105 7900, 3100 7895, 3095 7890, 3090 7885, 3090 7875, 3085 7870, 3080 7865, 3075 7860, 3070 7855, 3065 7850, 3060 7845, 3055 7840, 3050 7835, 3045 7830, 3040 7825, 3035 7820, 3030 7815, 3025 7810, 3020 7805, 3015 7800, 3005 7800, 3000 7795, 2995 7790, 2990 7785, 2985 7780, 2975 7780, 2970 7775, 2965 7770, 2955 7770, 2945 7770, 2940 7765, 2935 7760, 2925 7760, 2915 7760, 2905 7760, 2895 7760, 2885 7760, 2875 7760, 2865 7760, 2855 7760, 2845 7760, 2835 7760, 2825 7760, 2815 7760, 2810 7755, 2810 7745, 2805 7740, 2800 7735, 2795 7730, 2790 7725, 2790 7715, 2785 7710, 2780 7705, 2775 7700, 2770 7695, 2765 7690, 2755 7690, 2750 7685, 2745 7680, 2740 7675, 2735 7670, 2725 7670, 2720 7665, 2715 7660, 2705 7660, 2695 7660, 2690 7655, 2685 7650, 2675 7650, 2665 7650, 2655 7650, 2645 7650, 2635 7650, 2630 7655, 2625 7660, 2620 7655, 2615 7650, 2605 7650, 2595 7650, 2590 7645, 2585 7640, 2575 7640, 2565 7640, 2555 7640, 2545 7640, 2540 7645, 2535 7650, 2525 7650, 2515 7650, 2510 7655, 2505 7660, 2495 7660, 2490 7665, 2485 7670, 2480 7675, 2475 7680, 2465 7680, 2460 7685, 2455 7690, 2450 7695, 2445 7700, 2435 7700, 2430 7705, 2425 7710, 2420 7705, 2420 7695, 2420 7685, 2420 7675, 2420 7665, 2420 7655, 2420 7645, 2425 7640, 2430 7635, 2430 7625, 2430 7615, 2430 7605, 2430 7595, 2430 7585, 2430 7575, 2435 7570, 2440 7565, 2440 7555, 2440 7545, 2445 7540, 2450 7535, 2450 7525, 2450 7515, 2450 7505, 2450 7495, 2455 7490, 2460 7485, 2460 7475, 2460 7465, 2460 7455, 2465 7450, 2475 7450, 2480 7455, 2485 7460, 2490 7465, 2495 7470, 2505 7470, 2510 7475, 2515 7480, 2525 7480, 2530 7485, 2535 7490, 2545 7490, 2550 7495, 2555 7500, 2560 7505, 2565 7510, 2570 7515, 2575 7520, 2580 7525, 2585 7530, 2595 7530, 2600 7535, 2605 7540, 2610 7545, 2615 7550, 2625 7550, 2630 7555, 2635 7560, 2645 7560, 2655 7560, 2660 7565, 2665 7570, 2675 7570, 2685 7570, 2695 7570, 2705 7570, 2715 7570, 2725 7570, 2735 7570, 2745 7570, 2750 7565, 2755 7560, 2765 7560, 2775 7560, 2785 7560, 2795 7560, 2800 7555, 2805 7550, 2815 7550, 2825 7550, 2830 7545, 2835 7540, 2845 7540, 2850 7535, 2855 7530, 2860 7525, 2865 7520, 2875 7520, 2880 7515, 2885 7510, 2890 7505, 2895 7500, 2900 7495, 2900 7485, 2905 7480, 2910 7475, 2915 7470, 2920 7465, 2920 7455, 2925 7450, 2930 7445, 2930 7435, 2930 7425, 2935 7420, 2940 7415, 2940 7405, 2940 7395, 2940 7385, 2940 7375, 2940 7365, 2935 7360, 2930 7355, 2930 7345, 2930 7335, 2925 7330, 2920 7325, 2920 7315, 2915 7310, 2910 7305, 2905 7300, 2900 7295, 2900 7285, 2895 7280, 2890 7275, 2885 7270, 2880 7265, 2875 7260, 2865 7260, 2860 7255, 2855 7250, 2850 7245, 2845 7240, 2835 7240, 2830 7235, 2825 7230, 2815 7230, 2805 7230, 2800 7225, 2795 7220, 2790 7215, 2785 7210, 2780 7205, 2780 7195, 2775 7190, 2770 7185, 2765 7180, 2760 7175, 2755 7170, 2750 7165, 2745 7160, 2735 7160, 2730 7155, 2725 7150, 2720 7145, 2715 7140, 2705 7140, 2700 7135, 2695 7130, 2690 7125, 2685 7120, 2675 7120, 2670 7115, 2665 7110, 2655 7110, 2645 7110, 2640 7105, 2635 7100, 2625 7100, 2615 7100, 2610 7095, 2605 7090, 2595 7090, 2585 7090, 2575 7090, 2565 7090, 2555 7090, 2545 7090, 2540 7095, 2535 7100, 2525 7100, 2515 7100, 2510 7105, 2505 7110, 2495 7110, 2490 7105, 2490 7095, 2490 7085, 2490 7075, 2490 7065, 2490 7055, 2485 7050, 2480 7045, 2475 7040, 2470 7035, 2470 7025, 2470 7015, 2470 7005, 2475 7000, 2480 6995, 2480 6985, 2485 6980, 2490 6975, 2490 6965, 2495 6960, 2500 6955, 2500 6945, 2500 6935, 2505 6930, 2510 6935, 2515 6940, 2525 6940, 2535 6940, 2540 6945, 2545 6950, 2555 6950, 2565 6950, 2570 6955, 2575 6960, 2585 6960, 2595 6960, 2605 6960, 2615 6960, 2625 6960, 2635 6960, 2645 6960, 2650 6955, 2655 6950, 2665 6950, 2675 6950, 2680 6945, 2685 6940, 2695 6940, 2700 6935, 2705 6930, 2710 6925, 2715 6920, 2725 6920, 2730 6915, 2735 6910, 2740 6905, 2745 6900, 2750 6895, 2755 6890, 2760 6885, 2760 6875, 2765 6870, 2770 6865, 2775 6860, 2780 6855, 2780 6845, 2785 6840, 2790 6835, 2790 6825, 2795 6820, 2800 6815, 2800 6805, 2805 6800, 2810 6795, 2810 6785, 2815 6780, 2820 6775, 2820 6765, 2820 6755, 2825 6750, 2830 6745, 2835 6740, 2845 6740, 2850 6735, 2855 6730, 2860 6725, 2865 6720, 2875 6720, 2880 6715, 2885 6710, 2890 6705, 2895 6700, 2900 6695, 2905 6690, 2910 6685, 2910 6675, 2915 6670, 2920 6665, 2925 6660, 2930 6655, 2930 6645, 2935 6640, 2940 6635, 2940 6625, 2945 6620, 2950 6615, 2950 6605, 2950 6595, 2955 6590, 2960 6585, 2960 6575, 2960 6565, 2960 6555, 2960 6545, 2960 6535, 2960 6525, 2960 6515, 2960 6505, 2960 6495, 2955 6490, 2950 6485, 2950 6475, 2950 6465, 2950 6455, 2955 6450, 2960 6445, 2960 6435, 2960 6425, 2960 6415, 2960 6405, 2955 6400, 2950 6395, 2950 6385, 2950 6375, 2945 6370, 2940 6365, 2940 6355, 2945 6350, 2950 6345, 2955 6340, 2965 6340, 2975 6340, 2985 6340, 2995 6340, 3005 6340, 3015 6340, 3025 6340, 3030 6335, 3035 6330, 3040 6325, 3045 6320, 3055 6320, 3065 6320, 3075 6320, 3080 6325, 3080 6335, 3085 6340, 3090 6345, 3090 6355, 3090 6365, 3090 6375, 3095 6380, 3100 6385, 3100 6395, 3100 6405, 3100 6415, 3100 6425, 3100 6435, 3100 6445, 3100 6455, 3100 6465, 3100 6475, 3100 6485, 3100 6495, 3100 6505, 3100 6515, 3100 6525, 3100 6535, 3100 6545, 3100 6555, 3100 6565, 3100 6575, 3100 6585, 3100 6595, 3100 6605, 3095 6610, 3090 6615, 3090 6625, 3090 6635, 3090 6645, 3085 6650, 3080 6655, 3080 6665, 3080 6675, 3075 6680, 3070 6685, 3070 6695, 3065 6700, 3060 6705, 3060 6715, 3055 6720, 3050 6725, 3045 6730, 3040 6735, 3040 6745, 3035 6750, 3030 6755, 3025 6760, 3020 6765, 3015 6770, 3010 6775, 3010 6785, 3005 6790, 3000 6795, 2995 6800, 2990 6805, 2985 6810, 2980 6815, 2975 6820, 2965 6820, 2960 6825, 2955 6830, 2950 6835, 2945 6840, 2940 6845, 2940 6855, 2935 6860, 2930 6865, 2930 6875, 2925 6880, 2920 6885, 2920 6895, 2915 6900, 2910 6905, 2910 6915, 2905 6920, 2900 6925, 2895 6930, 2890 6935, 2890 6945, 2885 6950, 2880 6955, 2875 6960, 2870 6965, 2865 6970, 2860 6975, 2860 6985, 2855 6990, 2850 6995, 2845 7000, 2840 7005, 2835 7010, 2830 7015, 2825 7020, 2815 7020, 2810 7025, 2810 7035, 2815 7040, 2820 7045, 2825 7050, 2830 7055, 2835 7060, 2845 7060, 2850 7065, 2855 7070, 2860 7075, 2865 7080, 2870 7085, 2875 7090, 2880 7095, 2885 7100, 2890 7105, 2895 7110, 2905 7110, 2910 7115, 2915 7120, 2920 7125, 2925 7130, 2935 7130, 2940 7135, 2945 7140, 2950 7145, 2955 7150, 2960 7155, 2965 7160, 2975 7160, 2980 7165, 2985 7170, 2990 7175, 2995 7180, 3000 7185, 3000 7195, 3005 7200, 3010 7205, 3015 7210, 3020 7215, 3025 7220, 3030 7225, 3030 7235, 3035 7240, 3040 7245, 3045 7250, 3050 7255, 3050 7265, 3055 7270, 3060 7275, 3060 7285, 3060 7295, 3065 7300, 3070 7305, 3070 7315, 3070 7325, 3070 7335, 3075 7340, 3080 7345, 3080 7355, 3080 7365, 3080 7375, 3080 7385, 3080 7395, 3080 7405, 3080 7415, 3080 7425, 3080 7435, 3075 7440, 3070 7445, 3070 7455, 3070 7465, 3070 7475, 3065 7480, 3060 7485, 3060 7495, 3060 7505, 3055 7510, 3050 7515, 3050 7525, 3045 7530, 3040 7535, 3035 7540, 3030 7545, 3030 7555, 3025 7560, 3020 7565, 3015 7570, 3010 7575, 3005 7580, 3000 7585, 3000 7595, 2995 7600, 2990 7605, 2985 7610, 2980 7615, 2975 7620, 2965 7620, 2960 7625, 2965 7630, 2975 7630, 2985 7630, 2995 7630, 3000 7635, 3005 7640, 3015 7640, 3025 7640, 3030 7645, 3035 7650, 3045 7650, 3050 7655, 3055 7660, 3060 7665, 3065 7670, 3075 7670, 3080 7675, 3085 7680, 3090 7685, 3095 7690, 3100 7695, 3105 7700, 3115 7700, 3120 7705, 3125 7710, 3130 7715, 3135 7720, 3140 7725, 3145 7730, 3150 7735, 3155 7740, 3160 7745, 3165 7750, 3170 7755, 3175 7760, 3180 7765, 3185 7770, 3190 7775, 3190 7785, 3195 7790, 3200 7795, 3205 7800, 3210 7805, 3215 7810, 3220 7815, 3220 7825, 3225 7830, 3230 7835, 3235 7840, 3240 7845, 3240 7855, 3245 7860, 3250 7865, 3250 7875, 3250 7885, 3255 7890, 3260 7895, 3260 7905, 3260 7915, 3260 7925, 3265 7930, 3270 7935, 3270 7945, 3270 7955, 3275 7960, 3280 7965, 3280 7975, 3280 7985, 3280 7995, 3285 8000, 3290 8005, 3290 8015, 3290 8025, 3290 8035, 3295 8040, 3300 8045, 3300 8055, 3300 8065, 3300 8075, 3300 8085, 3300 8095, 3300 8105, 3300 8115, 3300 8125, 3300 8135, 3300 8145, 3300 8155, 3300 8165, 3300 8175, 3300 8185, 3300 8195, 3300 8205, 3300 8215, 3300 8225, 3300 8235, 3300 8245, 3300 8255, 3300 8265, 3295 8270, 3290 8275, 3290 8285, 3290 8295, 3290 8305, 3285 8310, 3280 8315, 3280 8325, 3275 8330, 3265 8330, 3255 8330, 3250 8335, 3245 8340, 3235 8340, 3225 8340, 3215 8340, 3205 8340, 3195 8340, 3185 8340, 3180 8345, 3175 8350))"
deep,0,,15;16,18250.0,1,2479.036529680365,6495.543378995434,"POLYGON ((2475 6600, 2465 6600, 2460 6595, 2455 6590, 2450 6585, 2450 6575, 2450 6565, 2445 6560, 2440 6555, 2440 6545, 2440 6535, 2435 6530, 2430 6525, 2430 6515, 2430 6505, 2425 6500, 2420 6495, 2425 6490, 2430 6485, 2430 6475, 2425 6470, 2420 6465, 2420 6455, 2420 6445, 2415 6440, 2410 6435, 2415 6430, 2420 6425, 2420 6415, 2420 6405, 2425 6400, 2430 6395, 2430 6385, 2430 6375, 2435 6370, 2440 6375, 2445 6380, 2450 6385, 2455 6390, 2460 6395, 2465 6400, 2470 6405, 2475 6410, 2480 6415, 2485 6420, 2490 6425, 2495 6430, 2500 6435, 2500 6445, 2500 6455, 2505 6460, 2510 6465, 2510 6475, 2510 6485, 2515 6490, 2525 6490, 2530 6485, 2535 6480, 2540 6475, 2545 6470, 2555 6470, 2560 6475, 2560 6485, 2560 6495, 2555 6500, 2550 6505, 2555 6510, 2560 6515, 2555 6520, 2550 6525, 2550 6535, 2550 6545, 2550 6555, 2545 6560, 2535 6560, 2530 6565, 2525 6570, 2515 6570, 2510 6575, 2505 6580, 2495 6580, 2490 6585, 2485 6590, 2480 6595, 2475 6600))"
deep,14,,14,13550.0,1,1039.40036900369,6434.5971709717105,"POLYGON ((1075 6480, 1065 6480, 1055 6480, 1045 6480, 1035 6480, 1025 6480, 1015 6480, 1005 6480, 995 6480, 985 6480, 975 6480, 970 6475, 970 6465, 970 6455, 965 6450, 960 6445, 960 6435, 960 6425, 955 6420, 950 6415, 950 6405, 950 6395, 955 6390, 965 6390, 975 6390, 985 6390, 990 6395, 995 6400, 1005 6400, 1015 6400, 1025 6400, 1030 6395, 1035 6390, 1040 6395, 1045 6400, 1050 6395, 1055 6390, 1065 6390, 1075 6390, 1080 6385, 1085 6380, 1095 6380, 1100 6385, 1100 6395, 1105 6400, 1110 6405, 1110 6415, 1115 6420, 1120 6425, 1120 6435, 1125 6440, 1130 6445, 1135 6450, 1140 6455, 1135 6460, 1125 6460, 1120 6465, 1115 6470, 1105 6470, 1095 6470, 1085 6470, 1080 6475, 1075 6480))"
deep,17,,17,20750.0,1,3924.8775100401604,6481.720883534137,"POLYGON ((4065 6570, 4055 6570, 4050 6565, 4045 6560, 4035 6560, 4025 6560, 4015 6560, 4005 6560, 4000 6555, 3995 6550, 3985 6550, 3975 6550, 3970 6545, 3970 6535, 3970 6525, 3965 6520, 3955 6520, 3950 6525, 3945 6530, 3940 6525, 3935 6520, 3925 6520, 3915 6520, 3910 6515, 3905 6510, 3895 6510, 3890 6505, 3885 6500, 3875 6500, 3865 6500, 3860 6495, 3855 6490, 3845 6490, 3835 6490, 3830 6485, 3825 6480, 3815 6480, 3805 6480, 3800 6485, 3795 6490, 3785 6490, 3775 6490, 3770 6485, 3765 6480, 3760 6475, 3765 6470, 3770 6465, 3775 6460, 3785 6460, 3790 6455, 3795 6450, 3805 6450, 3810 6445, 3815 6440, 3820 6435, 3825 6430, 3835 6430, 3845 6430, 3850 6425, 3855 6420, 3865 6420, 3875 6420, 3880 6415, 3885 6410, 3895 6410, 3905 6410, 3910 6415, 3915 6420, 3925 6420, 3935 6420, 3940 6425, 3945 6430, 3950 6435, 3955 6440, 3965 6440, 3970 6445, 3975 6450, 3985 6450, 3990 6455, 3995 6460, 4000 6465, 4005 6470, 4010 6475, 4015 6480, 4020 6485, 4025 6490, 4030 6495, 4030 6505, 4035 6510, 4040 6515, 4040 6525, 4045 6530, 4050 6535, 4055 6540, 4060 6545, 4060 6555, 4065 6560, 4070 6565, 4065 6570))"
deep,0,R1_3_T,,16850.0,1,1422.700296735905,6546.513353115727,"POLYGON ((1335 6610, 1325 6610, 1315 6610, 1305 6610, 1295 6610, 1285 6610, 1275 6610, 1265 6610, 1255 6610, 1245 6610, 1235 6610, 1225 6610, 1215 6610, 1210 6605, 1215 6600, 1225 6600, 1235 6600, 1245 6600, 1255 6600, 1260 6595, 1265 6590, 1275 6590, 1280 6585, 1285 6580, 1295 6580, 1300 6575, 1305 6570, 1315 6570, 1325 6570, 1330 6565, 1335 6560, 1345 6560, 1355 6560, 1360 6555, 1365 6550, 1370 6545, 1375 6540, 1380 6535, 1385 6530, 1390 6525, 1395 6520, 1405 6520, 1415 6520, 1425 6520, 1430 6515, 1435 6510, 1445 6510, 1450 6505, 1455 6500, 1465 6500, 1475 6500, 1480 6495, 1485 6490, 1490 6485, 1495 6480, 1505 6480, 1515 6480, 1520 6475, 1525 6470, 1535 6470, 1545 6470, 1555 6470, 1560 6465, 1565 6460, 1575 6460, 1585 6460, 1590 6465, 1585 6470, 1580 6475, 1575 6480, 1570 6485, 1565 6490, 1560 6495, 1555 6500, 1550 6505, 1545 6510, 1540 6515, 1535 6520, 1530 6525, 1525 6530, 1515 6530, 1510 6535, 1505 6540, 1500 6545, 1495 6550, 1485 6550, 1480 6555, 1475 6560, 1470 6565, 1465 6570, 1455 6570, 1450 6575, 1445 6580, 1435 6580, 1430 6585, 1425 6590, 1415 6590, 1405 6590, 1400 6595, 1395 6600, 1385 6600, 1375 6600, 1365 6600, 1355 6600, 1345 6600, 1340 6605, 1335 6610))"
deep,14,,14,22350.0,1,1186.8102162565249,6540.221849366145,"POLYGON ((1195 6590, 1190 6585, 1185 6580, 1175 6580, 1170 6585, 1165 6590, 1160 6585, 1155 6580, 1150 6585, 1145 6590, 1135 6590, 1125 6590, 1115 6590, 1105 6590, 1095 6590, 1090 6585, 1085 6580, 1080 6585, 1075 6590, 1065 6590, 1060 6585, 1055 6580, 1050 6575, 1045 6570, 1040 6565, 1035 6560, 1030 6555, 1025 6550, 1020 6545, 1020 6535, 1025 6530, 1035 6530, 1045 6530, 1050 6525, 1055 6520, 1065 6520, 1070 6515, 1075 6510, 1085 6510, 1095 6510, 1105 6510, 1115 6510, 1125 6510, 1135 6510, 1145 6510, 1150 6505, 1155 6500, 1165 6500, 1175 6500, 1185 6500, 1195 6500, 1205 6500, 1215 6500, 1225 6500, 1235 6500, 1245 6500, 1250 6505, 1255 6510, 1265 6510, 1275 6510, 1280 6505, 1285 6500, 1295 6500, 1305 6500, 1315 6500, 1325 6500, 1335 6500, 1340 6495, 1345 6490, 1355 6490, 1365 6490, 1370 6495, 1370 6505, 1370 6515, 1365 6520, 1360 6525, 1355 6530, 1350 6535, 1345 6540, 1335 6540, 1325 6540, 1320 6545, 1315 6550, 1305 6550, 1295 6550, 1290 6555, 1285 6560, 1275 6560, 1270 6565, 1265 6570, 1255 6570, 1245 6570, 1240 6575, 1235 6580, 1225 6580, 1215 6580, 1205 6580, 1200 6585, 1195 6590))"
deep,0,P2_3_L,17;18,177150.0,1,3764.257691222128,7088.441527895381,"POLYGON ((3905 7640, 3895 7640, 3890 7635, 3885 7630, 3875 7630, 3865 7630, 3860 7625, 3855 7620, 3845 7620, 3840 7615, 3835 7610, 3830 7605, 3825 7600, 3815 7600, 3810 7595, 3805 7590, 3800 7585, 3795 7580, 3790 7575, 3785 7570, 3775 7570, 3770 7565, 3765 7560, 3760 7555, 3755 7550, 3750 7545, 3750 7535, 3745 7530, 3740 7525, 3735 7520, 3730 7515, 3725 7510, 3720 7505, 3720 7495, 3715 7490, 3710 7485, 3705 7480, 3700 7475, 3700 7465, 3695 7460, 3690 7455, 3690 7445, 3685 7440, 3680 7435, 3680 7425, 3680 7415, 3675 7410, 3670 7405, 3670 7395, 3670 7385, 3670 7375, 3665 7370, 3660 7365, 3660 7355, 3660 7345, 3660 7335, 3655 7330, 3650 7325, 3650 7315, 3650 7305, 3650 7295, 3650 7285, 3650 7275, 3650 7265, 3650 7255, 3650 7245, 3650 7235, 3645 7230, 3640 7225, 3640 7215, 3640 7205, 3640 7195, 3640 7185, 3640 7175, 3640 7165, 3640 7155, 3640 7145, 3640 7135, 3640 7125, 3640 7115, 3640 7105, 3640 7095, 3645 7090, 3650 7085, 3650 7075, 3650 7065, 3650 7055, 3655 7050, 3660 7045, 3660 7035, 3660 7025, 3660 7015, 3665 7010, 3670 7005, 3670 6995, 3670 6985, 3670 6975, 3675 6970, 3680 6965, 3680 6955, 3680 6945, 3685 6940, 3690 6935, 3690 6925, 3685 6920, 3680 6915, 3680 6905, 3675 6900, 3670 6895, 3670 6885, 3670 6875, 3665 6870, 3660 6865, 3660 6855, 3660 6845, 3660 6835, 3655 6830, 3650 6825, 3650 6815, 3650 6805, 3650 6795, 3650 6785, 3650 6775, 3650 6765, 3650 6755, 3650 6745, 3650 6735, 3650 6725, 3650 6715, 3650 6705, 3650 6695, 3650 6685, 3655 6680, 3660 6675, 3660 6665, 3660 6655, 3660 6645, 3665 6640, 3670 6635, 3670 6625, 3670 6615, 3675 6610, 3680 6605, 3680 6595, 3685 6590, 3690 6585, 3695 6580, 3700 6575, 3700 6565, 3705 6560, 3710 6555, 3715 6550, 3720 6545, 3725 6540, 3730 6535, 3730 6525, 3735 6520, 3740 6515, 3745 6510, 3750 6505, 3755 6500, 3760 6505, 3765 6510, 3775 6510, 3785 6510, 3795 6510, 3805 6510, 3810 6505, 3815 6500, 3820 6505, 3825 6510, 3830 6515, 3830 6525, 3835 6530, 3840 6535, 3845 6540, 3850 6545, 3855 6550, 3860 6555, 3865 6560, 3875 6560, 3885 6560, 3895 6560, 3905 6560, 3910 6555, 3910 6545, 3915 6540, 3925 6540, 3930 6545, 3935 6550, 3945 6550, 3950 6555, 3945 6560, 3935 6560, 3930 6565, 3925 6570, 3915 6570, 3905 6570, 3900 6575, 3895 6580, 3885 6580, 3880 6585, 3875 6590, 3870 6595, 3865 6600, 3855 6600, 3850 6605, 3845 6610, 3840 6615, 3835 6620, 3830 6625, 3830 6635, 3825 6640, 3820 6645, 3815 6650, 3810 6655, 3810 6665, 3805 6670, 3800 6675, 3800 6685, 3800 6695, 3795 6700, 3790 6705, 3790 6715, 3790 6725, 3790 6735, 3790 6745, 3790 6755, 3790 6765, 3790 6775, 3790 6785, 3790 6795, 3790 6805, 3795 6810, 3800 6815, 3800 6825, 3800 6835, 3805 6840, 3810 6845, 3810 6855, 3815 6860, 3820 6865, 3825 6870, 3830 6875, 3830 6885, 3835 6890, 3840 6895, 3845 6900, 3850 6905, 3855 6910, 3860 6915, 3860 6925, 3855 6930, 3850 6935, 3845 6940, 3840 6945, 3840 6955, 3835 6960, 3830 6965, 3830 6975, 3825 6980, 3820 6985, 3820 6995, 3815 7000, 3810 7005, 3810 7015, 3810 7025, 3805 7030, 3800 7035, 3800 7045, 3800 7055, 3800 7065, 3795 7070, 3790 7075, 3790 7085, 3790 7095, 3790 7105, 3785 7110, 3780 7115, 3780 7125, 3780 7135, 3780 7145, 3780 7155, 3780 7165, 3780 7175, 3780 7185, 3780 7195, 3780 7205, 3785 7210, 3790 7215, 3790 7225, 3790 7235, 3790 7245, 3790 7255, 3790 7265, 3790 7275, 3790 7285, 3790 7295, 3790 7305, 3795 7310, 3800 7315, 3800 7325, 3800 7335, 3800 7345, 3805 7350, 3810 7355, 3810 7365, 3810 7375, 3815 7380, 3820 7385, 3820 7395, 3825 7400, 3830 7405, 3830 7415, 3835 7420, 3840 7425, 3845 7430, 3850 7435, 3850 7445, 3855 7450, 3860 7455, 3865 7460, 3870 7465, 3875 7470, 3885 7470, 3890 7475, 3895 7480, 3900 7485, 3905 7490, 3915 7490, 3920 7495, 3925 7500, 3935 7500, 3945 7500, 3950 7505, 3955 7510, 3965 7510, 3975 7510, 3985 7510, 3995 7510, 4005 7510, 4010 7515, 4010 7525, 4010 7535, 4010 7545, 4005 7550, 4000 7555, 4000 7565, 4000 7575, 3995 7580, 3990 7585, 3990 7595, 3985 7600, 3975 7600, 3970 7605, 3965 7610, 3955 7610, 3950 7615, 3945 7620, 3935 7620, 3930 7625, 3925 7630, 3915 7630, 3910 7635, 3905 7640))"
deep,16,R1_3_T,16,53650.0,1,2372.8176452314383,6769.492078285181,"POLYGON ((2415 7010, 2405 7010, 2400 7005, 2395 7000, 2390 6995, 2385 6990, 2380 6985, 2375 6980, 2370 6975, 2365 6970, 2360 6965, 2355 6960, 2350 6955, 2345 6950, 2340 6945, 2340 6935, 2335 6930, 2330 6925, 2325 6920, 2320 6915, 2320 6905, 2315 6900, 2310 6895, 2310 6885, 2305 6880, 2300 6875, 2300 6865, 2300 6855, 2295 6850, 2290 6845, 2290 6835, 2290 6825, 2290 6815, 2290 6805, 2290 6795, 2290 6785, 2290 6775, 2290 6765, 2290 6755, 2290 6745, 2290 6735, 2290 6725, 2290 6715, 2290 6705, 2290 6695, 2295 6690, 2300 6685, 2300 6675, 2300 6665, 2305 6660, 2310 6655, 2310 6645, 2315 6640, 2320 6635, 2320 6625, 2325 6620, 2330 6615, 2330 6605, 2335 6600, 2340 6595, 2345 6590, 2350 6585, 2350 6575, 2355 6570, 2360 6565, 2365 6560, 2370 6555, 2375 6550, 2380 6545, 2385 6540, 2390 6535, 2395 6530, 2400 6525, 2405 6520, 2415 6520, 2420 6525, 2420 6535, 2420 6545, 2420 6555, 2420 6565, 2425 6570, 2430 6575, 2430 6585, 2430 6595, 2435 6600, 2440 6605, 2440 6615, 2440 6625, 2440 6635, 2445 6640, 2450 6645, 2450 6655, 2450 6665, 2445 6670, 2440 6675, 2440 6685, 2435 6690, 2430 6695, 2430 6705, 2425 6710, 2420 6715, 2420 6725, 2420 6735, 2420 6745, 2420 6755, 2420 6765, 2420 6775, 2420 6785, 2420 6795, 2420 6805, 2420 6815, 2420 6825, 2425 6830, 2430 6835, 2430 6845, 2435 6850, 2440 6855, 2440 6865, 2445 6870, 2450 6875, 2455 6880, 2460 6885, 2460 6895, 2455 6900, 2450 6905, 2450 6915, 2450 6925, 2445 6930, 2440 6935, 2440 6945, 2440 6955, 2435 6960, 2430 6965, 2430 6975, 2430 6985, 2425 6990, 2420 6995, 2420 7005, 2415 7010))"
deep,0,,,450.0,1,2468.8888888888887,6948.888888888889,"POLYGON ((2465 6970, 2460 6965, 2460 6955, 2460 6945, 2465 6940, 2470 6935, 2475 6930, 2480 6935, 2480 6945, 2475 6950, 2470 6955, 2470 6965, 2465 6970))"
deep,0,R1_3_T,19;21,62850.0,1,2360.9732166534072,7450.542296473083,"POLYGON ((2305 7890, 2300 7885, 2295 7880, 2290 7875, 2290 7865, 2290 7855, 2290 7845, 2290 7835, 2290 7825, 2290 7815, 2295 7810, 2300 7805, 2300 7795, 2300 7785, 2305 7780, 2310 7775, 2310 7765, 2310 7755, 2310 7745, 2310 7735, 2310 7725, 2310 7715, 2310 7705, 2310 7695, 2315 7690, 2320 7685, 2320 7675, 2320 7665, 2320 7655, 2320 7645, 2320 7635, 2320 7625, 2320 7615, 2320 7605, 2320 7595, 2320 7585, 2325 7580, 2335 7580, 2340 7575, 2345 7570, 2355 7570, 2360 7565, 2355 7560, 2350 7555, 2345 7550, 2340 7545, 2340 7535, 2340 7525, 2340 7515, 2340 7505, 2340 7495, 2340 7485, 2340 7475, 2340 7465, 2340 7455, 2340 7445, 2340 7435, 2340 7425, 2335 7420, 2330 7425, 2330 7435, 2325 7440, 2320 7445, 2315 7450, 2310 7455, 2310 7465, 2305 7470, 2300 7475, 2300 7485, 2295 7490, 2290 7485, 2285 7480, 2280 7475, 2280 7465, 2275 7460, 2270 7455, 2265 7450, 2260 7445, 2260 7435, 2260 7425, 2260 7415, 2260 7405, 2260 7395, 2265 7390, 2270 7385, 2275 7380, 2280 7375, 2280 7365, 2280 7355, 2280 7345, 2285 7340, 2290 7335, 2290 7325, 2295 7320, 2300 7315, 2300 7305, 2300 7295, 2305 7290, 2310 7285, 2310 7275, 2315 7270, 2320 7265, 2320 7255, 2325 7250, 2335 7250, 2340 7245, 2340 7235, 2340 7225, 2345 7220, 2350 7215, 2350 7205, 2355 7200, 2360 7195, 2365 7190, 2370 7185, 2370 7175, 2375 7170, 2380 7165, 2385 7160, 2390 7155, 2395 7150, 2400 7145, 2400 7135, 2400 7125, 2405 7120, 2410 7115, 2410 7105, 2410 7095, 2410 7085, 2410 7075, 2415 7070, 2420 7065, 2425 7060, 2430 7055, 2435 7050, 2440 7045, 2440 7035, 2440 7025, 2440 7015, 2440 7005, 2445 7000, 2450 7005, 2450 7015, 2450 7025, 2450 7035, 2450 7045, 2455 7050, 2460 7055, 2460 7065, 2465 7070, 2470 7075, 2465 7080, 2460 7085, 2460 7095, 2460 7105, 2460 7115, 2460 7125, 2460 7135, 2455 7140, 2445 7140, 2440 7145, 2435 7150, 2430 7155, 2425 7160, 2420 7165, 2420 7175, 2415 7180, 2410 7185, 2410 7195, 2405 7200, 2400 7205, 2400 7215, 2400 7225, 2400 7235, 2400 7245, 2395 7250, 2390 7255, 2390 7265, 2390 7275, 2390 7285, 2390 7295, 2390 7305, 2385 7310, 2380 7315, 2385 7320, 2390 7325, 2390 7335, 2390 7345, 2390 7355, 2390 7365, 2395 7370, 2400 7375, 2400 7385, 2405 7390, 2410 7395, 2410 7405, 2415 7410, 2420 7415, 2425 7420, 2430 7425, 2430 7435, 2430 7445, 2430 7455, 2435 7460, 2440 7465, 2440 7475, 2435 7480, 2430 7485, 2430 7495, 2430 7505, 2430 7515, 2430 7525, 2425 7530, 2420 7535, 2420 7545, 2420 7555, 2415 7560, 2410 7565, 2410 7575, 2410 7585, 2405 7590, 2400 7595, 2400 7605, 2405 7610, 2410 7615, 2410 7625, 2405 7630, 2400 7635, 2400 7645, 2400 7655, 2395 7660, 2390 7665, 2395 7670, 2400 7675, 2400 7685, 2395 7690, 2390 7695, 2390 7705, 2385 7710, 2380 7715, 2385 7720, 2390 7725, 2385 7730, 2380 7735, 2375 7740, 2370 7745, 2365 7750, 2360 7755, 2360 7765, 2355 7770, 2350 7775, 2350 7785, 2345 7790, 2340 7795, 2335 7800, 2330 7805, 2330 7815, 2325 7820, 2320 7825, 2320 7835, 2315 7840, 2310 7845, 2310 7855, 2310 7865, 2310 7875, 2310 7885, 2305 7890))"
deep,0,R1_3_T,,7150.0,1,2335.6993006993007,7149.370629370629,"POLYGON ((2285 7270, 2280 7265, 2280 7255, 2285 7250, 2290 7245, 2290 7235, 2290 7225, 2290 7215, 2290 7205, 2290 7195, 2295 7190, 2300 7185, 2300 7175, 2300 7165, 2305 7160, 2310 7155, 2310 7145, 2315 7140, 2320 7135, 2320 7125, 2325 7120, 2330 7115, 2335 7110, 2340 7105, 2340 7095, 2345 7090, 2350 7085, 2355 7080, 2360 7075, 2365 7070, 2370 7065, 2375 7060, 2380 7055, 2385 7050, 2390 7055, 2390 7065, 2390 7075, 2390 7085, 2390 7095, 2385 7100, 2380 7105, 2380 7115, 2375 7120, 2370 7125, 2370 7135, 2365 7140, 2360 7145, 2355 7150, 2350 7155, 2345 7160, 2340 7165, 2340 7175, 2335 7180, 2330 7185, 2330 7195, 2325 7200, 2320 7205, 2320 7215, 2315 7220, 2310 7225, 2310 7235, 2305 7240, 2300 7245, 2300 7255, 2295 7260, 2290 7265, 2285 7270))"
deep,20,,20,12450.0,1,675.987282463186,7274.36077643909,"POLYGON ((665 7370, 655 7370, 650 7365, 650 7355, 650 7345, 650 7335, 650 7325, 645 7320, 640 7315, 640 7305, 640 7295, 640 7285, 635 7280, 630 7275, 630 7265, 630 7255, 630 7245, 630 7235, 630 7225, 630 7215, 635 7210, 640 7205, 645 7200, 655 7200, 665 7200, 670 7195, 675 7190, 685 7190, 695 7190, 700 7185, 705 7180, 710 7185, 710 7195, 710 7205, 705 7210, 700 7215, 705 7220, 710 7225, 710 7235, 710 7245, 705 7250, 700 7255, 705 7260, 710 7265, 715 7270, 720 7275, 720 7285, 720 7295, 725 7300, 730 7305, 725 7310, 720 7315, 725 7320, 730 7325, 725 7330, 720 7335, 715 7340, 705 7340, 700 7345, 695 7350, 685 7350, 680 7355, 675 7360, 670 7365, 665 7370))"
deep,0,R1_3_T,20;22,153950.0,1,1083.8042654541516,7631.641225506117,"POLYGON ((1455 8010, 1445 8010, 1435 8010, 1425 8010, 1415 8010, 1405 8010, 1400 8005, 1395 8000, 1385 8000, 1375 8000, 1365 8000, 1355 8000, 1345 8000, 1340 7995, 1340 7985, 1340 7975, 1340 7965, 1340 7955, 1340 7945, 1335 7940, 1330 7935, 1330 7925, 1325 7920, 1320 7915, 1320 7905, 1315 7900, 1310 7895, 1305 7890, 1300 7885, 1295 7880, 1290 7875, 1285 7870, 1280 7865, 1275 7860, 1265 7860, 1260 7855, 1255 7850, 1245 7850, 1240 7845, 1235 7840, 1225 7840, 1215 7840, 1205 7840, 1195 7840, 1185 7840, 1175 7840, 1165 7840, 1155 7840, 1145 7840, 1135 7840, 1125 7840, 1115 7840, 1105 7840, 1095 7840, 1085 7840, 1080 7845, 1075 7850, 1065 7850, 1060 7855, 1055 7860, 1045 7860, 1040 7865, 1035 7870, 1030 7875, 1025 7880, 1020 7875, 1015 7870, 1010 7865, 1010 7855, 1005 7850, 1000 7845, 1000 7835, 1000 7825, 995 7820, 990 7815, 985 7810, 980 7805, 980 7795, 980 7785, 975 7780, 970 7775, 965 7770, 960 7765, 955 7760, 945 7760, 940 7755, 935 7750, 930 7745, 930 7735, 930 7725, 925 7720, 920 7715, 920 7705, 920 7695, 915 7690, 910 7685, 905 7680, 900 7675, 895 7670, 890 7665, 895 7660, 900 7655, 905 7650, 910 7645, 915 7640, 920 7635, 920 7625, 925 7620, 930 7615, 930 7605, 935 7600, 940 7595, 940 7585, 940 7575, 940 7565, 940 7555, 940 7545, 940 7535, 940 7525, 940 7515, 940 7505, 940 7495, 940 7485, 940 7475, 935 7470, 930 7465, 930 7455, 925 7450, 920 7445, 920 7435, 915 7430, 910 7425, 910 7415, 905 7410, 900 7405, 895 7400, 890 7395, 885 7390, 880 7385, 875 7380, 870 7375, 865 7370, 855 7370, 850 7365, 845 7360, 835 7360, 830 7355, 825 7350, 815 7350, 805 7350, 795 7350, 785 7350, 775 7350, 765 7350, 755 7350, 750 7345, 750 7335, 750 7325, 750 7315, 750 7305, 750 7295, 745 7290, 740 7285, 740 7275, 740 7265, 735 7260, 730 7255, 730 7245, 730 7235, 730 7225, 735 7220, 745 7220, 755 7220, 765 7220, 775 7220, 785 7220, 795 7220, 805 7220, 815 7220, 825 7220, 835 7220, 845 7220, 850 7225, 855 7230, 865 7230, 875 7230, 880 7235, 885 7240, 895 7240, 900 7245, 905 7250, 915 7250, 920 7255, 925 7260, 930 7265, 935 7270, 945 7270, 950 7275, 955 7280, 960 7285, 965 7290, 970 7295, 975 7300, 980 7305, 985 7310, 990 7315, 995 7320, 1000 7325, 1005 7330, 1010 7335, 1010 7345, 1015 7350, 1020 7355, 1025 7360, 1030 7365, 1030 7375, 1035 7380, 1040 7385, 1040 7395, 1045 7400, 1050 7405, 1050 7415, 1055 7420, 1060 7425, 1060 7435, 1060 7445, 1065 7450, 1070 7455, 1070 7465, 1070 7475, 1070 7485, 1070 7495, 1070 7505, 1070 7515, 1070 7525, 1070 7535, 1070 7545, 1070 7555, 1070 7565, 1070 7575, 1070 7585, 1070 7595, 1070 7605, 1070 7615, 1065 7620, 1060 7625, 1060 7635, 1060 7645, 1055 7650, 1050 7655, 1050 7665, 1045 7670, 1040 7675, 1040 7685, 1035 7690, 1030 7695, 1025 7700, 1020 7705, 1020 7715, 1015 7720, 1010 7725, 1005 7730, 1000 7735, 1005 7740, 1010 7735, 1015 7730, 1025 7730, 1030 7725, 1035 7720, 1045 7720, 1055 7720, 1060 7715, 1065 7710, 1075 7710, 1085 7710, 1095 7710, 1105 7710, 1115 7710, 1125 7710, 1135 7710, 1145 7710, 1155 7710, 1165 7710, 1175 7710, 1185 7710, 1195 7710, 1205 7710, 1215 7710, 1225 7710, 1235 7710, 1245 7710, 1255 7710, 1260 7715, 1265 7720, 1275 7720, 1285 7720, 1290 7725, 1295 7730, 1305 7730, 1310 7735, 1315 7740, 1325 7740, 1330 7745, 1335 7750, 1340 7755, 1345 7760, 1355 7760, 1360 7765, 1365 7770, 1370 7775, 1375 7780, 1380 7785, 1385 7790, 1390 7795, 1395 7800, 1400 7805, 1405 7810, 1410 7815, 1415 7820, 1420 7825, 1420 7835, 1425 7840, 1430 7845, 1435 7850, 1440 7855, 1440 7865, 1445 7870, 1450 7875, 1450 7885, 1455 7890, 1460 7895, 1460 7905, 1460 7915, 1465 7920, 1470 7925, 1470 7935, 1470 7945, 1470 7955, 1470 7965, 1470 7975, 1470 7985, 1470 7995, 1465 8000, 1460 8005, 1455 8010))"
deep,18,,18,17050.0,1,4055.2370478983385,7579.797165200392,"POLYGON ((3985 7670, 3975 7670, 3970 7665, 3965 7660, 3955 7660, 3945 7660, 3935 7660, 3925 7660, 3920 7655, 3925 7650, 3935 7650, 3940 7645, 3945 7640, 3955 7640, 3960 7635, 3965 7630, 3975 7630, 3985 7630, 3990 7625, 3995 7620, 4005 7620, 4015 7620, 4020 7625, 4025 7630, 4030 7625, 4025 7620, 4020 7615, 4020 7605, 4020 7595, 4020 7585, 4025 7580, 4030 7575, 4025 7570, 4020 7565, 4025 7560, 4030 7555, 4030 7545, 4030 7535, 4035 7530, 4040 7525, 4035 7520, 4030 7515, 4035 7510, 4040 7505, 4045 7500, 4055 7500, 4060 7495, 4065 7490, 4075 7490, 4080 7485, 4085 7480, 4090 7475, 4095 7470, 4100 7465, 4105 7460, 4110 7455, 4115 7450, 4120 7455, 4120 7465, 4120 7475, 4120 7485, 4120 7495, 4120 7505, 4120 7515, 4115 7520, 4110 7525, 4110 7535, 4110 7545, 4110 7555, 4110 7565, 4110 7575, 4110 7585, 4110 7595, 4110 7605, 4105 7610, 4100 7615, 4100 7625, 4100 7635, 4095 7640, 4090 7645, 4085 7650, 4075 7650, 4065 7650, 4060 7655, 4055 7660, 4045 7660, 4035 7660, 4025 7660, 4015 7660, 4005 7660, 3995 7660, 3990 7665, 3985 7670))"
deep,0,,,7950.0,1,2182.1750524109016,7844.523060796646,"POLYGON ((2155 8000, 2145 8000, 2140 7995, 2140 7985, 2140 7975, 2145 7970, 2150 7965, 2150 7955, 2150 7945, 2150 7935, 2150 7925, 2150 7915, 2150 7905, 2150 7895, 2155 7890, 2160 7885, 2160 7875, 2160 7865, 2160 7855, 2160 7845, 2160 7835, 2160 7825, 2165 7820, 2170 7815, 2170 7805, 2170 7795, 2175 7790, 2180 7785, 2180 7775, 2180 7765, 2185 7760, 2190 7755, 2195 7750, 2200 7745, 2200 7735, 2205 7730, 2210 7725, 2210 7715, 2215 7710, 2220 7705, 2225 7700, 2230 7695, 2230 7685, 2235 7680, 2240 7685, 2240 7695, 2240 7705, 2240 7715, 2235 7720, 2230 7725, 2230 7735, 2225 7740, 2220 7745, 2220 7755, 2215 7760, 2210 7765, 2210 7775, 2210 7785, 2205 7790, 2200 7795, 2200 7805, 2200 7815, 2195 7820, 2190 7825, 2190 7835, 2190 7845, 2190 7855, 2185 7860, 2180 7865, 2180 7875, 2175 7880, 2170 7885, 2170 7895, 2170 7905, 2170 7915, 2170 7925, 2175 7930, 2180 7935, 2180 7945, 2180 7955, 2180 7965, 2175 7970, 2170 7975, 2170 7985, 2165 7990, 2160 7995, 2155 8000))"
deep,0,R1_3_T,20;22,20250.0,1,911.1728395061729,7819.419753086419,"POLYGON ((965 7970, 955 7970, 950 7965, 950 7955, 945 7950, 940 7945, 935 7940, 930 7935, 925 7930, 920 7925, 920 7915, 915 7910, 910 7905, 910 7895, 905 7890, 900 7885, 900 7875, 900 7865, 895 7860, 890 7855, 890 7845, 890 7835, 885 7830, 880 7825, 875 7820, 870 7815, 870 7805, 865 7800, 860 7795, 855 7790, 850 7785, 845 7780, 840 7775, 840 7765, 835 7760, 830 7755, 825 7750, 820 7745, 815 7740, 810 7735, 805 7730, 800 7725, 805 7720, 810 7715, 815 7710, 825 7710, 835 7710, 845 7710, 855 7710, 860 7705, 865 7700, 875 7700, 880 7695, 885 7690, 890 7695, 895 7700, 900 7705, 900 7715, 900 7725, 905 7730, 910 7735, 905 7740, 900 7745, 905 7750, 910 7755, 915 7760, 920 7765, 920 7775, 925 7780, 935 7780, 945 7780, 950 7785, 950 7795, 955 7800, 960 7805, 960 7815, 965 7820, 970 7825, 975 7830, 980 7835, 980 7845, 980 7855, 985 7860, 990 7865, 990 7875, 990 7885, 990 7895, 985 7900, 980 7905, 980 7915, 975 7920, 970 7925, 970 7935, 970 7945, 970 7955, 970 7965, 965 7970))"
deep,22,,22,13350.0,1,1415.649188514357,8071.029962546817,"POLYGON ((1305 8130, 1295 8130, 1290 8125, 1295 8120, 1300 8115, 1305 8110, 1310 8105, 1315 8100, 1320 8095, 1325 8090, 1330 8085, 1335 8080, 1340 8075, 1340 8065, 1345 8060, 1350 8055, 1350 8045, 1355 8040, 1360 8035, 1365 8030, 1370 8025, 1375 8020, 1385 8020, 1390 8025, 1395 8030, 1405 8030, 1415 8030, 1420 8035, 1425 8040, 1430 8035, 1435 8030, 1445 8030, 1455 8030, 1465 8030, 1470 8025, 1475 8020, 1480 8025, 1485 8030, 1495 8030, 1505 8030, 1510 8035, 1510 8045, 1510 8055, 1505 8060, 1500 8065, 1500 8075, 1500 8085, 1495 8090, 1490 8095, 1485 8100, 1480 8105, 1475 8110, 1465 8110, 1455 8110, 1445 8110, 1435 8110, 1425 8110, 1415 8110, 1405 8110, 1395 8110, 1385 8110, 1375 8110, 1370 8105, 1365 8100, 1355 8100, 1350 8105, 1345 8110, 1335 8110, 1325 8110, 1320 8115, 1315 8120, 1310 8125, 1305 8130))"
deep,21,,21,1450.0,1,2341.0344827586205,8141.0344827586205,"POLYGON ((2355 8190, 2350 8185, 2350 8175, 2345 8170, 2340 8165, 2340 8155, 2335 8150, 2330 8145, 2330 8135, 2330 8125, 2325 8120, 2320 8115, 2320 8105, 2320 8095, 2325 8090, 2330 8095, 2330 8105, 2335 8110, 2340 8115, 2340 8125, 2345 8130, 2350 8135, 2350 8145, 2355 8150, 2360 8155, 2360 8165, 2360 8175, 2360 8185, 2355 8190))"
deep,21,,21,1450.0,1,2574.2816091954023,8342.270114942528,"POLYGON ((2605 8370, 2595 8370, 2590 8365, 2585 8360, 2575 8360, 2570 8355, 2565 8350, 2560 8345, 2555 8340, 2550 8335, 2545 8330, 2540 8325, 2545 8320, 2555 8320, 2565 8320, 2575 8320, 2580 8325, 2580 8335, 2585 8340, 2590 8345, 2595 8350, 2600 8355, 2605 8360, 2610 8365, 2605 8370))"
deep,21,,21,15450.0,1,3181.90668824164,8412.602481121898,"POLYGON ((3235 8460, 3225 8460, 3215 8460, 3205 8460, 3195 8460, 3185 8460, 3175 8460, 3165 8460, 3155 8460, 3145 8460, 3135 8460, 3125 8460, 3115 8460, 3105 8460, 3095 8460, 3085 8460, 3075 8460, 3070 8455, 3075 8450, 3080 8445, 3085 8440, 3090 8435, 3090 8425, 3095 8420, 3100 8415, 3100 8405, 3105 8400, 3110 8395, 3110 8385, 3110 8375, 3115 8370, 3125 8370, 3130 8375, 3135 8380, 3140 8375, 3145 8370, 3155 8370, 3165 8370, 3175 8370, 3185 8370, 3190 8365, 3195 8360, 3200 8365, 3205 8370, 3215 8370, 3220 8365, 3225 8360, 3230 8365, 3235 8370, 3240 8365, 3245 8360, 3255 8360, 3265 8360, 3270 8355, 3275 8350, 3285 8350, 3290 8355, 3285 8360, 3280 8365, 3280 8375, 3280 8385, 3275 8390, 3270 8395, 3265 8400, 3260 8405, 3260 8415, 3255 8420, 3250 8425, 3250 8435, 3250 8445, 3245 8450, 3240 8455, 3235 8460))"
