{"type": "FeatureCollection", "features": [{"type": "Feature", "geometry": {"type": "Polygon", "coordinates": [[[27176.487184615376, 4244.884246153845], [27145.727153846146, 4244.884246153845], [27114.967123076916, 4244.884246153845], [27099.5871076923, 4229.50423076923], [27084.207092307686, 4214.124215384615], [27068.82707692307, 4198.744199999999], [27053.447061538456, 4183.364184615384], [27038.06704615384, 4167.984169230769], [27022.687030769222, 4152.604153846153], [27007.30701538461, 4137.224138461538], [26991.926999999992, 4121.844123076922], [26976.54698461538, 4106.464107692307], [26961.166969230762, 4091.0840923076917], [26945.786953846145, 4075.704076923076], [26930.406938461532, 4060.3240615384607], [26915.026923076915, 4044.944046153845], [26899.646907692302, 4029.5640307692297], [26884.266892307685, 4014.1840153846147], [26868.88687692307, 3998.803999999999], [26838.12684615384, 3998.803999999999], [26822.746830769225, 3983.4239846153837], [26807.36681538461, 3968.043969230768], [26791.98679999999, 3952.663953846153], [26776.60678461538, 3937.2839384615377], [26761.22676923076, 3921.903923076922], [26745.84675384615, 3906.5239076923067], [26730.46673846153, 3891.143892307691], [26730.46673846153, 3860.3838615384607], [26730.46673846153, 3829.6238307692297], [26715.086723076914, 3814.2438153846147], [26699.7067076923, 3798.863799999999], [26699.7067076923, 3768.103769230768], [26715.086723076914, 3752.723753846153], [26730.46673846153, 3737.3437384615377], [26730.46673846153, 3706.5837076923067], [26730.46673846153, 3675.823676923076], [26745.84675384615, 3660.4436615384607], [26761.22676923076, 3645.063646153845], [26761.22676923076, 3614.3036153846147], [26776.60678461538, 3598.923599999999], [26791.98679999999, 3583.5435846153837], [26807.36681538461, 3568.163569230768], [26822.746830769225, 3552.783553846153], [26838.12684615384, 3537.4035384615377], [26868.88687692307, 3537.4035384615377], [26884.266892307685, 3522.023523076922], [26899.646907692302, 3506.6435076923067], [26930.406938461532, 3506.6435076923067], [26945.786953846145, 3491.2634923076916], [26961.166969230762, 3475.883476923076], [26991.926999999992, 3475.883476923076], [27007.30701538461, 3460.5034615384607], [27022.687030769222, 3445.123446153845], [27053.447061538456, 3445.123446153845], [27068.82707692307, 3429.74343076923], [27084.207092307686, 3414.3634153846147], [27099.5871076923, 3429.74343076923], [27114.967123076916, 3445.123446153845], [27130.347138461533, 3429.74343076923], [27145.727153846146, 3414.3634153846147], [27161.107169230763, 3429.74343076923], [27176.487184615376, 3445.123446153845], [27207.24721538461, 3445.123446153845], [27238.00724615384, 3445.123446153845], [27268.76727692307, 3445.123446153845], [27299.5273076923, 3445.123446153845], [27330.28733846153, 3445.123446153845], [27361.04736923076, 3445.123446153845], [27391.807399999994, 3445.123446153845], [27422.567430769224, 3445.123446153845], [27453.327461538454, 3445.123446153845], [27484.087492307684, 3445.123446153845], [27499.4675076923, 3460.5034615384607], [27514.847523076915, 3475.883476923076], [27545.60755384615, 3475.883476923076], [27560.98756923076, 3491.2634923076916], [27576.36758461538, 3506.6435076923067], [27591.74759999999, 3522.023523076922], [27607.12761538461, 3537.4035384615377], [27637.88764615384, 3537.4035384615377], [27653.267661538455, 3552.783553846153], [27668.64767692307, 3568.163569230768], [27684.027692307685, 3583.5435846153837], [27699.407707692302, 3598.923599999999], [27714.787723076915, 3614.3036153846147], [27730.167738461532, 3629.68363076923], [27745.547753846145, 3645.063646153845], [27760.927769230762, 3660.4436615384607], [27791.687799999992, 3660.4436615384607], [27807.06781538461, 3645.063646153845], [27822.447830769222, 3629.68363076923], [27837.82784615384, 3614.3036153846147], [27853.207861538456, 3598.923599999999], [27868.58787692307, 3583.5435846153837], [27883.967892307686, 3568.163569230768], [27899.3479076923, 3583.5435846153837], [27914.727923076916, 3598.923599999999], [27930.107938461533, 3614.3036153846147], [27945.487953846146, 3629.68363076923], [27960.867969230763, 3645.063646153845], [27976.247984615376, 3660.4436615384607], [27991.627999999993, 3675.823676923076], [28007.008015384607, 3691.2036923076917], [28022.388030769223, 3706.5837076923067], [28022.388030769223, 3737.3437384615377], [28022.388030769223, 3768.103769230768], [28007.008015384607, 3783.4837846153837], [27991.627999999993, 3798.863799999999], [28007.008015384607, 3814.2438153846147], [28022.388030769223, 3829.6238307692297], [28007.008015384607, 3845.003846153845], [27991.627999999993, 3860.3838615384607], [27976.247984615376, 3875.763876923076], [27960.867969230763, 3891.143892307691], [27945.487953846146, 3906.5239076923067], [27930.107938461533, 3921.903923076922], [27914.727923076916, 3937.2839384615377], [27899.3479076923, 3952.663953846153], [27883.967892307686, 3968.043969230768], [27853.207861538456, 3968.043969230768], [27822.447830769222, 3968.043969230768], [27791.687799999992, 3968.043969230768], [27776.30778461538, 3952.663953846153], [27760.927769230762, 3937.2839384615377], [27730.167738461532, 3937.2839384615377], [27714.787723076915, 3921.903923076922], [27699.407707692302, 3906.5239076923067], [27684.027692307685, 3891.143892307691], [27668.64767692307, 3875.763876923076], [27653.267661538455, 3860.3838615384607], [27637.88764615384, 3845.003846153845], [27622.507630769225, 3829.6238307692297], [27622.507630769225, 3798.863799999999], [27607.12761538461, 3783.4837846153837], [27591.74759999999, 3768.103769230768], [27576.36758461538, 3752.723753846153], [27560.98756923076, 3737.3437384615377], [27545.60755384615, 3721.963723076922], [27514.847523076915, 3721.963723076922], [27499.4675076923, 3706.5837076923067], [27484.087492307684, 3691.2036923076917], [27453.327461538454, 3691.2036923076917], [27437.947446153838, 3706.5837076923067], [27422.567430769224, 3721.963723076922], [27407.187415384607, 3737.3437384615377], [27391.807399999994, 3752.723753846153], [27376.427384615377, 3768.103769230768], [27376.427384615377, 3798.863799999999], [27361.04736923076, 3814.2438153846147], [27345.667353846147, 3829.6238307692297], [27330.28733846153, 3845.003846153845], [27314.907323076917, 3860.3838615384607], [27314.907323076917, 3891.143892307691], [27299.5273076923, 3906.5239076923067], [27284.147292307687, 3921.903923076922], [27284.147292307687, 3952.663953846153], [27284.147292307687, 3983.4239846153837], [27284.147292307687, 4014.1840153846147], [27284.147292307687, 4044.944046153845], [27284.147292307687, 4075.704076923076], [27284.147292307687, 4106.464107692307], [27268.76727692307, 4121.844123076922], [27253.387261538453, 4137.224138461538], [27253.387261538453, 4167.984169230769], [27238.00724615384, 4183.364184615384], [27222.627230769223, 4198.744199999999], [27207.24721538461, 4214.124215384615], [27191.867199999993, 4229.50423076923], [27176.487184615376, 4244.884246153845]]]}, "properties": {"objectType": "annotation", "name": "R1_2_T|lesion_1", "classification": {"name": "lesion", "color": [255, 0, 0]}, "lesion_id": 1, "section": "R1_2_T", "area_um2": 59550.00000000004}}, {"type": "Feature", "geometry": {"type": "Polygon", "coordinates": [[[27084.207092307686, 3937.2839384615377], [27068.82707692307, 3921.903923076922], [27053.447061538456, 3906.5239076923067], [27038.06704615384, 3891.143892307691], [27022.687030769222, 3875.763876923076], [27007.30701538461, 3860.3838615384607], [26991.926999999992, 3845.003846153845], [26961.166969230762, 3845.003846153845], [26945.786953846145, 3829.6238307692297], [26930.406938461532, 3814.2438153846147], [26915.026923076915, 3798.863799999999], [26915.026923076915, 3768.103769230768], [26915.026923076915, 3737.3437384615377], [26930.406938461532, 3721.963723076922], [26945.786953846145, 3706.5837076923067], [26961.166969230762, 3691.2036923076917], [26991.926999999992, 3691.2036923076917], [27007.30701538461, 3675.823676923076], [27022.687030769222, 3660.4436615384607], [27053.447061538456, 3660.4436615384607], [27068.82707692307, 3645.063646153845], [27084.207092307686, 3629.68363076923], [27114.967123076916, 3629.68363076923], [27145.727153846146, 3629.68363076923], [27176.487184615376, 3629.68363076923], [27207.24721538461, 3629.68363076923], [27222.627230769223, 3645.063646153845], [27222.627230769223, 3675.823676923076], [27207.24721538461, 3691.2036923076917], [27191.867199999993, 3706.5837076923067], [27176.487184615376, 3721.963723076922], [27161.107169230763, 3737.3437384615377], [27161.107169230763, 3768.103769230768], [27145.727153846146, 3783.4837846153837], [27130.347138461533, 3798.863799999999], [27130.347138461533, 3829.6238307692297], [27114.967123076916, 3845.003846153845], [27099.5871076923, 3860.3838615384607], [27099.5871076923, 3891.143892307691], [27099.5871076923, 3921.903923076922], [27084.207092307686, 3937.2839384615377]]]}, "properties": {"objectType": "annotation", "name": "R1_2_T|core_1", "classification": {"name": "core", "color": [230, 103, 103]}, "lesion_id": 1, "section": "R1_2_T", "area_um2": 5450.000000000007}}, {"type": "Feature", "geometry": {"type": "Polygon", "coordinates": [[[27176.487184615376, 4244.884246153845], [27145.727153846146, 4244.884246153845], [27114.967123076916, 4244.884246153845], [27099.5871076923, 4229.50423076923], [27084.207092307686, 4214.124215384615], [27068.82707692307, 4198.744199999999], [27053.447061538456, 4183.364184615384], [27038.06704615384, 4167.984169230769], [27022.687030769222, 4152.604153846153], [27007.30701538461, 4137.224138461538], [26991.926999999992, 4121.844123076922], [26976.54698461538, 4106.464107692307], [26961.166969230762, 4091.0840923076917], [26945.786953846145, 4075.704076923076], [26930.406938461532, 4060.3240615384607], [26915.026923076915, 4044.944046153845], [26899.646907692302, 4029.5640307692297], [26884.266892307685, 4014.1840153846147], [26868.88687692307, 3998.803999999999], [26838.12684615384, 3998.803999999999], [26822.746830769225, 3983.4239846153837], [26807.36681538461, 3968.043969230768], [26791.98679999999, 3952.663953846153], [26776.60678461538, 3937.2839384615377], [26761.22676923076, 3921.903923076922], [26745.84675384615, 3906.5239076923067], [26730.46673846153, 3891.143892307691], [26730.46673846153, 3860.3838615384607], [26730.46673846153, 3829.6238307692297], [26715.086723076914, 3814.2438153846147], [26699.7067076923, 3798.863799999999], [26699.7067076923, 3768.103769230768], [26715.086723076914, 3752.723753846153], [26730.46673846153, 3737.3437384615377], [26730.46673846153, 3706.5837076923067], [26730.46673846153, 3675.823676923076], [26745.84675384615, 3660.4436615384607], [26761.22676923076, 3645.063646153845], [26761.22676923076, 3614.3036153846147], [26776.60678461538, 3598.923599999999], [26791.98679999999, 3583.5435846153837], [26807.36681538461, 3568.163569230768], [26822.746830769225, 3552.783553846153], [26838.12684615384, 3537.4035384615377], [26868.88687692307, 3537.4035384615377], [26884.266892307685, 3522.023523076922], [26899.646907692302, 3506.6435076923067], [26930.406938461532, 3506.6435076923067], [26945.786953846145, 3491.2634923076916], [26961.166969230762, 3475.883476923076], [26991.926999999992, 3475.883476923076], [27007.30701538461, 3460.5034615384607], [27022.687030769222, 3445.123446153845], [27053.447061538456, 3445.123446153845], [27068.82707692307, 3429.74343076923], [27084.207092307686, 3414.3634153846147], [27099.5871076923, 3429.74343076923], [27114.967123076916, 3445.123446153845], [27130.347138461533, 3429.74343076923], [27145.727153846146, 3414.3634153846147], [27161.107169230763, 3429.74343076923], [27176.487184615376, 3445.123446153845], [27207.24721538461, 3445.123446153845], [27238.00724615384, 3445.123446153845], [27268.76727692307, 3445.123446153845], [27299.5273076923, 3445.123446153845], [27330.28733846153, 3445.123446153845], [27361.04736923076, 3445.123446153845], [27391.807399999994, 3445.123446153845], [27422.567430769224, 3445.123446153845], [27453.327461538454, 3445.123446153845], [27484.087492307684, 3445.123446153845], [27499.4675076923, 3460.5034615384607], [27514.847523076915, 3475.883476923076], [27545.60755384615, 3475.883476923076], [27560.98756923076, 3491.2634923076916], [27576.36758461538, 3506.6435076923067], [27591.74759999999, 3522.023523076922], [27607.12761538461, 3537.4035384615377], [27637.88764615384, 3537.4035384615377], [27653.267661538455, 3552.783553846153], [27668.64767692307, 3568.163569230768], [27684.027692307685, 3583.5435846153837], [27699.407707692302, 3598.923599999999], [27714.787723076915, 3614.3036153846147], [27730.167738461532, 3629.68363076923], [27745.547753846145, 3645.063646153845], [27760.927769230762, 3660.4436615384607], [27791.687799999992, 3660.4436615384607], [27807.06781538461, 3645.063646153845], [27822.447830769222, 3629.68363076923], [27837.82784615384, 3614.3036153846147], [27853.207861538456, 3598.923599999999], [27868.58787692307, 3583.5435846153837], [27883.967892307686, 3568.163569230768], [27899.3479076923, 3583.5435846153837], [27914.727923076916, 3598.923599999999], [27930.107938461533, 3614.3036153846147], [27945.487953846146, 3629.68363076923], [27960.867969230763, 3645.063646153845], [27976.247984615376, 3660.4436615384607], [27991.627999999993, 3675.823676923076], [28007.008015384607, 3691.2036923076917], [28022.388030769223, 3706.5837076923067], [28022.388030769223, 3737.3437384615377], [28022.388030769223, 3768.103769230768], [28007.008015384607, 3783.4837846153837], [27991.627999999993, 3798.863799999999], [28007.008015384607, 3814.2438153846147], [28022.388030769223, 3829.6238307692297], [28007.008015384607, 3845.003846153845], [27991.627999999993, 3860.3838615384607], [27976.247984615376, 3875.763876923076], [27960.867969230763, 3891.143892307691], [27945.487953846146, 3906.5239076923067], [27930.107938461533, 3921.903923076922], [27914.727923076916, 3937.2839384615377], [27899.3479076923, 3952.663953846153], [27883.967892307686, 3968.043969230768], [27853.207861538456, 3968.043969230768], [27822.447830769222, 3968.043969230768], [27791.687799999992, 3968.043969230768], [27776.30778461538, 3952.663953846153], [27760.927769230762, 3937.2839384615377], [27730.167738461532, 3937.2839384615377], [27714.787723076915, 3921.903923076922], [27699.407707692302, 3906.5239076923067], [27684.027692307685, 3891.143892307691], [27668.64767692307, 3875.763876923076], [27653.267661538455, 3860.3838615384607], [27637.88764615384, 3845.003846153845], [27622.507630769225, 3829.6238307692297], [27622.507630769225, 3798.863799999999], [27607.12761538461, 3783.4837846153837], [27591.74759999999, 3768.103769230768], [27576.36758461538, 3752.723753846153], [27560.98756923076, 3737.3437384615377], [27545.60755384615, 3721.963723076922], [27514.847523076915, 3721.963723076922], [27499.4675076923, 3706.5837076923067], [27484.087492307684, 3691.2036923076917], [27453.327461538454, 3691.2036923076917], [27437.947446153838, 3706.5837076923067], [27422.567430769224, 3721.963723076922], [27407.187415384607, 3737.3437384615377], [27391.807399999994, 3752.723753846153], [27376.427384615377, 3768.103769230768], [27376.427384615377, 3798.863799999999], [27361.04736923076, 3814.2438153846147], [27345.667353846147, 3829.6238307692297], [27330.28733846153, 3845.003846153845], [27314.907323076917, 3860.3838615384607], [27314.907323076917, 3891.143892307691], [27299.5273076923, 3906.5239076923067], [27284.147292307687, 3921.903923076922], [27284.147292307687, 3952.663953846153], [27284.147292307687, 3983.4239846153837], [27284.147292307687, 4014.1840153846147], [27284.147292307687, 4044.944046153845], [27284.147292307687, 4075.704076923076], [27284.147292307687, 4106.464107692307], [27268.76727692307, 4121.844123076922], [27253.387261538453, 4137.224138461538], [27253.387261538453, 4167.984169230769], [27238.00724615384, 4183.364184615384], [27222.627230769223, 4198.744199999999], [27207.24721538461, 4214.124215384615], [27191.867199999993, 4229.50423076923], [27176.487184615376, 4244.884246153845]], [[27099.5871076923, 3921.903923076922], [27099.5871076923, 3891.143892307691], [27099.5871076923, 3860.3838615384607], [27114.967123076916, 3845.003846153845], [27130.347138461533, 3829.6238307692297], [27130.347138461533, 3798.863799999999], [27145.727153846146, 3783.4837846153837], [27161.107169230763, 3768.103769230768], [27161.107169230763, 3737.3437384615377], [27176.487184615376, 3721.963723076922], [27191.867199999993, 3706.5837076923067], [27207.24721538461, 3691.2036923076917], [27222.627230769223, 3675.823676923076], [27222.627230769223, 3645.063646153845], [27207.24721538461, 3629.68363076923], [27176.487184615376, 3629.68363076923], [27145.727153846146, 3629.68363076923], [27114.967123076916, 3629.68363076923], [27084.207092307686, 3629.68363076923], [27068.82707692307, 3645.063646153845], [27053.447061538456, 3660.4436615384607], [27022.687030769222, 3660.4436615384607], [27007.30701538461, 3675.823676923076], [26991.926999999992, 3691.2036923076917], [26961.166969230762, 3691.2036923076917], [26945.786953846145, 3706.5837076923067], [26930.406938461532, 3721.963723076922], [26915.026923076915, 3737.3437384615377], [26915.026923076915, 3768.103769230768], [26915.026923076915, 3798.863799999999], [26930.406938461532, 3814.2438153846147], [26945.786953846145, 3829.6238307692297], [26961.166969230762, 3845.003846153845], [26991.926999999992, 3845.003846153845], [27007.30701538461, 3860.3838615384607], [27022.687030769222, 3875.763876923076], [27038.06704615384, 3891.143892307691], [27053.447061538456, 3906.5239076923067], [27068.82707692307, 3921.903923076922], [27084.207092307686, 3937.2839384615377], [27099.5871076923, 3921.903923076922]]]}, "properties": {"objectType": "annotation", "name": "R1_2_T|rim_1", "classification": {"name": "rim", "color": [201, 133, 0]}, "lesion_id": 1, "section": "R1_2_T", "area_um2": 54100.00000000004}}, {"type": "Feature", "geometry": {"type": "Polygon", "coordinates": [[[23423.763430769224, 6674.926676923076], [23393.003399999994, 6674.926676923076], [23362.243369230764, 6674.926676923076], [23346.863353846147, 6659.54666153846], [23331.483338461534, 6644.166646153845], [23316.103323076917, 6628.78663076923], [23300.7233076923, 6613.406615384614], [23285.343292307687, 6598.026599999999], [23269.96327692307, 6582.646584615383], [23254.583261538457, 6567.266569230768], [23254.583261538457, 6536.506538461537], [23254.583261538457, 6505.746507692306], [23239.20324615384, 6490.366492307691], [23223.823230769223, 6474.986476923076], [23223.823230769223, 6444.226446153845], [23223.823230769223, 6413.466415384614], [23223.823230769223, 6382.706384615383], [23223.823230769223, 6351.946353846153], [23208.44321538461, 6336.566338461537], [23193.063199999993, 6321.186323076922], [23193.063199999993, 6290.426292307691], [23177.68318461538, 6275.046276923076], [23162.303169230763, 6259.66626153846], [23146.923153846146, 6244.286246153845], [23131.543138461533, 6228.90623076923], [23131.543138461533, 6198.146199999999], [23131.543138461533, 6167.386169230768], [23116.163123076916, 6152.006153846153], [23100.783107692303, 6136.626138461537], [23085.403092307686, 6121.246123076922], [23070.02307692307, 6105.866107692307], [23054.643061538456, 6090.486092307691], [23023.883030769226, 6090.486092307691], [22993.122999999992, 6090.486092307691], [22962.362969230762, 6090.486092307691], [22946.98295384615, 6075.106076923076], [22931.602938461532, 6059.72606153846], [22900.842907692302, 6059.72606153846], [22870.082876923072, 6059.72606153846], [22839.32284615384, 6059.72606153846], [22823.942830769225, 6075.106076923076], [22808.56281538461, 6090.486092307691], [22777.80278461538, 6090.486092307691], [22762.422769230765, 6075.106076923076], [22747.042753846148, 6059.72606153846], [22716.282723076918, 6059.72606153846], [22685.522692307688, 6059.72606153846], [22670.14267692307, 6044.346046153845], [22654.762661538454, 6028.96603076923], [22639.38264615384, 6013.586015384614], [22624.002630769224, 5998.205999999999], [22608.62261538461, 5982.825984615384], [22593.242599999994, 5967.445969230768], [22577.862584615377, 5952.065953846153], [22562.482569230764, 5936.685938461537], [22547.102553846147, 5921.305923076922], [22531.722538461534, 5905.925907692307], [22516.342523076917, 5890.545892307691], [22516.342523076917, 5859.78586153846], [22516.342523076917, 5829.02583076923], [22516.342523076917, 5798.265799999999], [22516.342523076917, 5767.505769230768], [22516.342523076917, 5736.745738461537], [22516.342523076917, 5705.985707692307], [22531.722538461534, 5690.605692307691], [22547.102553846147, 5675.225676923076], [22562.482569230764, 5659.845661538461], [22577.862584615377, 5644.465646153845], [22593.242599999994, 5629.08563076923], [22608.62261538461, 5644.465646153845], [22624.002630769224, 5659.845661538461], [22639.38264615384, 5644.465646153845], [22654.762661538454, 5629.08563076923], [22670.14267692307, 5613.705615384614], [22685.522692307688, 5598.325599999999], [22700.9027076923, 5582.945584615384], [22716.282723076918, 5567.565569230768], [22731.66273846153, 5552.185553846153], [22731.66273846153, 5521.425523076922], [22716.282723076918, 5506.045507692307], [22700.9027076923, 5490.665492307691], [22700.9027076923, 5459.905461538461], [22685.522692307688, 5444.525446153845], [22670.14267692307, 5429.14543076923], [22670.14267692307, 5398.385399999999], [22654.762661538454, 5383.005384615384], [22639.38264615384, 5367.625369230768], [22624.002630769224, 5352.245353846153], [22608.62261538461, 5336.865338461538], [22593.242599999994, 5321.485323076922], [22577.862584615377, 5306.105307692307], [22562.482569230764, 5290.725292307691], [22547.102553846147, 5275.345276923076], [22547.102553846147, 5244.585246153845], [22531.722538461534, 5229.20523076923], [22516.342523076917, 5213.825215384614], [22500.9625076923, 5198.445199999999], [22485.582492307687, 5183.065184615384], [22470.20247692307, 5167.685169230768], [22454.822461538457, 5152.305153846153], [22439.44244615384, 5136.925138461538], [22424.062430769223, 5121.545123076922], [22408.68241538461, 5106.165107692307], [22393.302399999993, 5090.785092307691], [22377.92238461538, 5075.405076923076], [22362.542369230763, 5060.025061538461], [22347.162353846146, 5044.645046153845], [22331.782338461533, 5029.26503076923], [22347.162353846146, 5013.885015384615], [22362.542369230763, 4998.504999999999], [22362.542369230763, 4967.744969230768], [22347.162353846146, 4952.364953846153], [22331.782338461533, 4936.984938461538], [22316.402323076916, 4921.604923076922], [22301.022307692303, 4906.224907692307], [22285.642292307686, 4890.844892307691], [22270.26227692307, 4875.464876923076], [22254.882261538456, 4860.084861538461], [22239.50224615384, 4844.704846153845], [22224.122230769226, 4829.32483076923], [22208.74221538461, 4813.944815384615], [22193.362199999992, 4798.564799999999], [22177.98218461538, 4783.184784615384], [22162.602169230762, 4767.804769230768], [22131.842138461532, 4767.804769230768], [22116.46212307692, 4752.424753846153], [22101.082107692302, 4737.044738461538], [22070.322076923072, 4737.044738461538], [22039.562046153842, 4737.044738461538], [22008.80201538461, 4737.044738461538], [21993.421999999995, 4721.664723076922], [21978.041984615378, 4706.284707692307], [21962.661969230765, 4721.664723076922], [21947.281953846148, 4737.044738461538], [21916.521923076918, 4737.044738461538], [21885.761892307688, 4737.044738461538], [21855.001861538454, 4737.044738461538], [21839.62184615384, 4721.664723076922], [21824.241830769224, 4706.284707692307], [21793.481799999994, 4706.284707692307], [21778.101784615377, 4690.904692307692], [21762.721769230764, 4675.524676923076], [21747.341753846147, 4660.144661538461], [21731.961738461534, 4644.764646153845], [21716.581723076917, 4629.38463076923], [21701.2017076923, 4614.004615384615], [21685.821692307687, 4598.624599999999], [21670.44167692307, 4583.244584615384], [21655.061661538457, 4567.864569230768], [21639.68164615384, 4552.484553846153], [21624.301630769223, 4537.104538461538], [21624.301630769223, 4506.344507692307], [21624.301630769223, 4475.584476923076], [21639.68164615384, 4460.204461538461], [21655.061661538457, 4444.824446153845], [21670.44167692307, 4429.44443076923], [21685.821692307687, 4414.064415384615], [21701.2017076923, 4398.684399999999], [21716.581723076917, 4383.304384615384], [21731.961738461534, 4367.924369230769], [21747.341753846147, 4352.544353846153], [21731.961738461534, 4337.164338461538], [21716.581723076917, 4321.784323076922], [21716.581723076917, 4291.024292307692], [21701.2017076923, 4275.644276923076], [21685.821692307687, 4260.264261538461], [21670.44167692307, 4244.884246153845], [21655.061661538457, 4229.50423076923], [21639.68164615384, 4214.124215384615], [21624.301630769223, 4229.50423076923], [21608.92161538461, 4244.884246153845], [21593.541599999993, 4229.50423076923], [21578.16158461538, 4214.124215384615], [21547.401553846146, 4214.124215384615], [21516.641523076916, 4214.124215384615], [21485.881492307686, 4214.124215384615], [21470.501476923073, 4229.50423076923], [21455.121461538456, 4244.884246153845], [21439.74144615384, 4260.264261538461], [21424.361430769226, 4275.644276923076], [21408.98141538461, 4291.024292307692], [21393.601399999996, 4306.404307692307], [21362.841369230762, 4306.404307692307], [21347.46135384615, 4321.784323076922], [21332.081338461532, 4337.164338461538], [21301.321307692302, 4337.164338461538], [21285.941292307685, 4352.544353846153], [21270.561276923072, 4367.924369230769], [21239.801246153842, 4367.924369230769], [21209.04121538461, 4367.924369230769], [21178.281184615378, 4367.924369230769], [21162.901169230765, 4383.304384615384], [21147.521153846148, 4398.684399999999], [21132.14113846153, 4383.304384615384], [21116.761123076918, 4367.924369230769], [21086.001092307688, 4367.924369230769], [21070.62107692307, 4352.544353846153], [21055.241061538454, 4337.164338461538], [21039.86104615384, 4321.784323076922], [21024.481030769224, 4306.404307692307], [21009.10101538461, 4291.024292307692], [20993.720999999994, 4275.644276923076], [20978.340984615377, 4260.264261538461], [20978.340984615377, 4229.50423076923], [20978.340984615377, 4198.744199999999], [20978.340984615377, 4167.984169230769], [20978.340984615377, 4137.224138461538], [20978.340984615377, 4106.464107692307], [20962.960969230764, 4091.0840923076917], [20947.580953846147, 4075.704076923076], [20947.580953846147, 4044.944046153845], [20947.580953846147, 4014.1840153846147], [20932.200938461534, 3998.803999999999], [20916.820923076917, 3983.4239846153837], [20916.820923076917, 3952.663953846153], [20901.4409076923, 3937.2839384615377], [20886.060892307687, 3921.903923076922], [20886.060892307687, 3891.143892307691], [20901.4409076923, 3875.763876923076], [20916.820923076917, 3860.3838615384607], [20901.4409076923, 3845.003846153845], [20886.060892307687, 3829.6238307692297], [20901.4409076923, 3814.2438153846147], [20916.820923076917, 3798.863799999999], [20916.820923076917, 3768.103769230768], [20916.820923076917, 3737.3437384615377], [20916.820923076917, 3706.5837076923067], [20932.200938461534, 3691.2036923076917], [20947.580953846147, 3675.823676923076], [20962.960969230764, 3660.4436615384607], [20978.340984615377, 3645.063646153845], [20993.720999999994, 3629.68363076923], [21009.10101538461, 3614.3036153846147], [21024.481030769224, 3598.923599999999], [21039.86104615384, 3583.5435846153837], [21055.241061538454, 3568.163569230768], [21086.001092307688, 3568.163569230768], [21101.3811076923, 3552.783553846153], [21116.761123076918, 3537.4035384615377], [21147.521153846148, 3537.4035384615377], [21178.281184615378, 3537.4035384615377], [21209.04121538461, 3537.4035384615377], [21224.421230769225, 3522.023523076922], [21239.801246153842, 3506.6435076923067], [21255.181261538455, 3522.023523076922], [21270.561276923072, 3537.4035384615377], [21285.941292307685, 3522.023523076922], [21301.321307692302, 3506.6435076923067], [21316.70132307692, 3522.023523076922], [21332.081338461532, 3537.4035384615377], [21362.841369230762, 3537.4035384615377], [21393.601399999996, 3537.4035384615377], [21424.361430769226, 3537.4035384615377], [21455.121461538456, 3537.4035384615377], [21470.501476923073, 3552.783553846153], [21485.881492307686, 3568.163569230768], [21516.641523076916, 3568.163569230768], [21547.401553846146, 3568.163569230768], [21578.16158461538, 3568.163569230768], [21608.92161538461, 3568.163569230768], [21624.301630769223, 3583.5435846153837], [21639.68164615384, 3598.923599999999], [21670.44167692307, 3598.923599999999], [21701.2017076923, 3598.923599999999], [21716.581723076917, 3614.3036153846147], [21731.961738461534, 3629.68363076923], [21747.341753846147, 3645.063646153845], [21762.721769230764, 3660.4436615384607], [21778.101784615377, 3675.823676923076], [21793.481799999994, 3691.2036923076917], [21808.86181538461, 3706.5837076923067], [21824.241830769224, 3721.963723076922], [21839.62184615384, 3737.3437384615377], [21855.001861538454, 3752.723753846153], [21885.761892307688, 3752.723753846153], [21901.1419076923, 3768.103769230768], [21916.521923076918, 3783.4837846153837], [21931.90193846153, 3798.863799999999], [21947.281953846148, 3814.2438153846147], [21962.661969230765, 3829.6238307692297], [21978.041984615378, 3845.003846153845], [21993.421999999995, 3860.3838615384607], [22008.80201538461, 3875.763876923076], [22024.182030769225, 3891.143892307691], [22039.562046153842, 3906.5239076923067], [22054.942061538455, 3921.903923076922], [22070.322076923072, 3937.2839384615377], [22085.702092307685, 3952.663953846153], [22101.082107692302, 3968.043969230768], [22116.46212307692, 3983.4239846153837], [22131.842138461532, 3998.803999999999], [22162.602169230762, 3998.803999999999], [22177.98218461538, 4014.1840153846147], [22193.362199999992, 4029.5640307692297], [22224.122230769226, 4029.5640307692297], [22239.50224615384, 4044.944046153845], [22254.882261538456, 4060.3240615384607], [22270.26227692307, 4075.704076923076], [22285.642292307686, 4091.0840923076917], [22301.022307692303, 4106.464107692307], [22316.402323076916, 4121.844123076922], [22331.782338461533, 4137.224138461538], [22347.162353846146, 4152.604153846153], [22362.542369230763, 4167.984169230769], [22377.92238461538, 4183.364184615384], [22393.302399999993, 4198.744199999999], [22408.68241538461, 4214.124215384615], [22424.062430769223, 4229.50423076923], [22439.44244615384, 4244.884246153845], [22454.822461538457, 4260.264261538461], [22470.20247692307, 4275.644276923076], [22485.582492307687, 4291.024292307692], [22500.9625076923, 4306.404307692307], [22516.342523076917, 4321.784323076922], [22516.342523076917, 4352.544353846153], [22531.722538461534, 4367.924369230769], [22547.102553846147, 4383.304384615384], [22562.482569230764, 4398.684399999999], [22577.862584615377, 4414.064415384615], [22593.242599999994, 4429.44443076923], [22608.62261538461, 4444.824446153845], [22624.002630769224, 4460.204461538461], [22639.38264615384, 4475.584476923076], [22654.762661538454, 4490.964492307692], [22670.14267692307, 4506.344507692307], [22685.522692307688, 4521.724523076922], [22700.9027076923, 4537.104538461538], [22700.9027076923, 4567.864569230768], [22716.282723076918, 4583.244584615384], [22731.66273846153, 4598.624599999999], [22747.042753846148, 4614.004615384615], [22762.422769230765, 4629.38463076923], [22777.80278461538, 4644.764646153845], [22793.182799999995, 4660.144661538461], [22808.56281538461, 4675.524676923076], [22839.32284615384, 4675.524676923076], [22854.702861538455, 4690.904692307692], [22870.082876923072, 4706.284707692307], [22885.462892307685, 4721.664723076922], [22900.842907692302, 4737.044738461538], [22916.222923076915, 4752.424753846153], [22931.602938461532, 4767.804769230768], [22946.98295384615, 4783.184784615384], [22946.98295384615, 4813.944815384615], [22962.362969230762, 4829.32483076923], [22977.74298461538, 4844.704846153845], [22993.122999999992, 4860.084861538461], [23008.50301538461, 4875.464876923076], [23008.50301538461, 4906.224907692307], [23023.883030769226, 4921.604923076922], [23039.26304615384, 4936.984938461538], [23039.26304615384, 4967.744969230768], [23054.643061538456, 4983.124984615384], [23070.02307692307, 4998.504999999999], [23070.02307692307, 5029.26503076923], [23085.403092307686, 5044.645046153845], [23100.783107692303, 5060.025061538461], [23100.783107692303, 5090.785092307691], [23100.783107692303, 5121.545123076922], [23100.783107692303, 5152.305153846153], [23100.783107692303, 5183.065184615384], [23100.783107692303, 5213.825215384614], [23100.783107692303, 5244.585246153845], [23100.783107692303, 5275.345276923076], [23100.783107692303, 5306.105307692307], [23100.783107692303, 5336.865338461538], [23100.783107692303, 5367.625369230768], [23116.163123076916, 5383.005384615384], [23131.543138461533, 5398.385399999999], [23131.543138461533, 5429.14543076923], [23131.543138461533, 5459.905461538461], [23131.543138461533, 5490.665492307691], [23131.543138461533, 5521.425523076922], [23146.923153846146, 5536.805538461537], [23162.303169230763, 5552.185553846153], [23162.303169230763, 5582.945584615384], [23162.303169230763, 5613.705615384614], [23177.68318461538, 5629.08563076923], [23193.063199999993, 5644.465646153845], [23193.063199999993, 5675.225676923076], [23193.063199999993, 5705.985707692307], [23193.063199999993, 5736.745738461537], [23193.063199999993, 5767.505769230768], [23208.44321538461, 5782.885784615384], [23223.823230769223, 5798.265799999999], [23223.823230769223, 5829.02583076923], [23239.20324615384, 5844.405846153845], [23254.583261538457, 5859.78586153846], [23254.583261538457, 5890.545892307691], [23269.96327692307, 5905.925907692307], [23285.343292307687, 5921.305923076922], [23285.343292307687, 5952.065953846153], [23300.7233076923, 5967.445969230768], [23316.103323076917, 5982.825984615384], [23316.103323076917, 6013.586015384614], [23331.483338461534, 6028.96603076923], [23346.863353846147, 6044.346046153845], [23346.863353846147, 6075.106076923076], [23362.243369230764, 6090.486092307691], [23377.623384615377, 6105.866107692307], [23377.623384615377, 6136.626138461537], [23393.003399999994, 6152.006153846153], [23408.38341538461, 6167.386169230768], [23423.763430769224, 6182.766184615383], [23439.14344615384, 6198.146199999999], [23439.14344615384, 6228.90623076923], [23454.523461538454, 6244.286246153845], [23469.90347692307, 6259.66626153846], [23469.90347692307, 6290.426292307691], [23485.283492307684, 6305.806307692307], [23500.6635076923, 6321.186323076922], [23500.6635076923, 6351.946353846153], [23500.6635076923, 6382.706384615383], [23500.6635076923, 6413.466415384614], [23516.043523076918, 6428.84643076923], [23531.42353846153, 6444.226446153845], [23531.42353846153, 6474.986476923076], [23531.42353846153, 6505.746507692306], [23531.42353846153, 6536.506538461537], [23531.42353846153, 6567.266569230768], [23516.043523076918, 6582.646584615383], [23500.6635076923, 6598.026599999999], [23485.283492307684, 6613.406615384614], [23469.90347692307, 6628.78663076923], [23454.523461538454, 6644.166646153845], [23439.14344615384, 6659.54666153846], [23423.763430769224, 6674.926676923076]]]}, "properties": {"objectType": "annotation", "name": "P3_1_C|lesion_2", "classification": {"name": "lesion", "color": [255, 0, 0]}, "lesion_id": 2, "section": "P3_1_C", "area_um2": 240050.00000000032}}, {"type": "Feature", "geometry": {"type": "Polygon", "coordinates": [[[23054.643061538456, 5905.925907692307], [23023.883030769226, 5905.925907692307], [22993.122999999992, 5905.925907692307], [22977.74298461538, 5890.545892307691], [22962.362969230762, 5875.165876923076], [22931.602938461532, 5875.165876923076], [22900.842907692302, 5875.165876923076], [22870.082876923072, 5875.165876923076], [22839.32284615384, 5875.165876923076], [22808.56281538461, 5875.165876923076], [22777.80278461538, 5875.165876923076], [22747.042753846148, 5875.165876923076], [22731.66273846153, 5859.78586153846], [22716.282723076918, 5844.405846153845], [22700.9027076923, 5829.02583076923], [22716.282723076918, 5813.645815384614], [22731.66273846153, 5798.265799999999], [22747.042753846148, 5782.885784615384], [22762.422769230765, 5767.505769230768], [22777.80278461538, 5752.125753846153], [22793.182799999995, 5736.745738461537], [22808.56281538461, 5721.365723076922], [22823.942830769225, 5705.985707692307], [22839.32284615384, 5690.605692307691], [22854.702861538455, 5675.225676923076], [22870.082876923072, 5659.845661538461], [22885.462892307685, 5644.465646153845], [22885.462892307685, 5613.705615384614], [22900.842907692302, 5598.325599999999], [22916.222923076915, 5582.945584615384], [22916.222923076915, 5552.185553846153], [22916.222923076915, 5521.425523076922], [22916.222923076915, 5490.665492307691], [22900.842907692302, 5475.285476923076], [22885.462892307685, 5459.905461538461], [22885.462892307685, 5429.14543076923], [22870.082876923072, 5413.765415384614], [22854.702861538455, 5398.385399999999], [22854.702861538455, 5367.625369230768], [22839.32284615384, 5352.245353846153], [22823.942830769225, 5336.865338461538], [22823.942830769225, 5306.105307692307], [22808.56281538461, 5290.725292307691], [22793.182799999995, 5275.345276923076], [22777.80278461538, 5259.965261538461], [22762.422769230765, 5244.585246153845], [22747.042753846148, 5229.20523076923], [22731.66273846153, 5213.825215384614], [22716.282723076918, 5198.445199999999], [22700.9027076923, 5183.065184615384], [22700.9027076923, 5152.305153846153], [22685.522692307688, 5136.925138461538], [22670.14267692307, 5121.545123076922], [22654.762661538454, 5106.165107692307], [22639.38264615384, 5090.785092307691], [22624.002630769224, 5075.405076923076], [22608.62261538461, 5060.025061538461], [22593.242599999994, 5044.645046153845], [22577.862584615377, 5029.26503076923], [22562.482569230764, 5013.885015384615], [22547.102553846147, 4998.504999999999], [22547.102553846147, 4967.744969230768], [22547.102553846147, 4936.984938461538], [22531.722538461534, 4921.604923076922], [22516.342523076917, 4906.224907692307], [22516.342523076917, 4875.464876923076], [22500.9625076923, 4860.084861538461], [22485.582492307687, 4844.704846153845], [22470.20247692307, 4829.32483076923], [22454.822461538457, 4813.944815384615], [22439.44244615384, 4798.564799999999], [22424.062430769223, 4783.184784615384], [22408.68241538461, 4767.804769230768], [22393.302399999993, 4752.424753846153], [22377.92238461538, 4737.044738461538], [22362.542369230763, 4721.664723076922], [22347.162353846146, 4706.284707692307], [22331.782338461533, 4690.904692307692], [22316.402323076916, 4675.524676923076], [22301.022307692303, 4660.144661538461], [22285.642292307686, 4644.764646153845], [22270.26227692307, 4629.38463076923], [22254.882261538456, 4614.004615384615], [22224.122230769226, 4614.004615384615], [22208.74221538461, 4598.624599999999], [22193.362199999992, 4583.244584615384], [22162.602169230762, 4583.244584615384], [22147.22215384615, 4567.864569230768], [22131.842138461532, 4552.484553846153], [22101.082107692302, 4552.484553846153], [22070.322076923072, 4552.484553846153], [22039.562046153842, 4552.484553846153], [22024.182030769225, 4537.104538461538], [22008.80201538461, 4521.724523076922], [21978.041984615378, 4521.724523076922], [21947.281953846148, 4521.724523076922], [21931.90193846153, 4537.104538461538], [21916.521923076918, 4552.484553846153], [21885.761892307688, 4552.484553846153], [21870.38187692307, 4537.104538461538], [21855.001861538454, 4521.724523076922], [21839.62184615384, 4506.344507692307], [21855.001861538454, 4490.964492307692], [21870.38187692307, 4475.584476923076], [21885.761892307688, 4460.204461538461], [21901.1419076923, 4444.824446153845], [21901.1419076923, 4414.064415384615], [21916.521923076918, 4398.684399999999], [21931.90193846153, 4383.304384615384], [21931.90193846153, 4352.544353846153], [21931.90193846153, 4321.784323076922], [21916.521923076918, 4306.404307692307], [21901.1419076923, 4291.024292307692], [21901.1419076923, 4260.264261538461], [21885.761892307688, 4244.884246153845], [21870.38187692307, 4229.50423076923], [21870.38187692307, 4198.744199999999], [21855.001861538454, 4183.364184615384], [21839.62184615384, 4167.984169230769], [21824.241830769224, 4152.604153846153], [21808.86181538461, 4137.224138461538], [21793.481799999994, 4121.844123076922], [21778.101784615377, 4106.464107692307], [21762.721769230764, 4091.0840923076917], [21747.341753846147, 4075.704076923076], [21731.961738461534, 4060.3240615384607], [21701.2017076923, 4060.3240615384607], [21685.821692307687, 4044.944046153845], [21670.44167692307, 4029.5640307692297], [21639.68164615384, 4029.5640307692297], [21608.92161538461, 4029.5640307692297], [21578.16158461538, 4029.5640307692297], [21547.401553846146, 4029.5640307692297], [21516.641523076916, 4029.5640307692297], [21485.881492307686, 4029.5640307692297], [21455.121461538456, 4029.5640307692297], [21439.74144615384, 4044.944046153845], [21424.361430769226, 4060.3240615384607], [21393.601399999996, 4060.3240615384607], [21378.22138461538, 4075.704076923076], [21362.841369230762, 4091.0840923076917], [21347.46135384615, 4106.464107692307], [21332.081338461532, 4121.844123076922], [21316.70132307692, 4137.224138461538], [21301.321307692302, 4152.604153846153], [21270.561276923072, 4152.604153846153], [21255.181261538455, 4167.984169230769], [21239.801246153842, 4183.364184615384], [21209.04121538461, 4183.364184615384], [21178.281184615378, 4183.364184615384], [21162.901169230765, 4167.984169230769], [21162.901169230765, 4137.224138461538], [21162.901169230765, 4106.464107692307], [21162.901169230765, 4075.704076923076], [21147.521153846148, 4060.3240615384607], [21132.14113846153, 4044.944046153845], [21132.14113846153, 4014.1840153846147], [21132.14113846153, 3983.4239846153837], [21116.761123076918, 3968.043969230768], [21101.3811076923, 3952.663953846153], [21101.3811076923, 3921.903923076922], [21101.3811076923, 3891.143892307691], [21101.3811076923, 3860.3838615384607], [21101.3811076923, 3829.6238307692297], [21101.3811076923, 3798.863799999999], [21101.3811076923, 3768.103769230768], [21116.761123076918, 3752.723753846153], [21132.14113846153, 3737.3437384615377], [21147.521153846148, 3721.963723076922], [21178.281184615378, 3721.963723076922], [21209.04121538461, 3721.963723076922], [21239.801246153842, 3721.963723076922], [21270.561276923072, 3721.963723076922], [21301.321307692302, 3721.963723076922], [21332.081338461532, 3721.963723076922], [21362.841369230762, 3721.963723076922], [21393.601399999996, 3721.963723076922], [21424.361430769226, 3721.963723076922], [21439.74144615384, 3737.3437384615377], [21455.121461538456, 3752.723753846153], [21485.881492307686, 3752.723753846153], [21516.641523076916, 3752.723753846153], [21547.401553846146, 3752.723753846153], [21578.16158461538, 3752.723753846153], [21593.541599999993, 3768.103769230768], [21608.92161538461, 3783.4837846153837], [21639.68164615384, 3783.4837846153837], [21655.061661538457, 3798.863799999999], [21670.44167692307, 3814.2438153846147], [21685.821692307687, 3829.6238307692297], [21701.2017076923, 3845.003846153845], [21716.581723076917, 3860.3838615384607], [21731.961738461534, 3875.763876923076], [21747.341753846147, 3891.143892307691], [21762.721769230764, 3906.5239076923067], [21793.481799999994, 3906.5239076923067], [21808.86181538461, 3921.903923076922], [21824.241830769224, 3937.2839384615377], [21839.62184615384, 3952.663953846153], [21855.001861538454, 3968.043969230768], [21870.38187692307, 3983.4239846153837], [21885.761892307688, 3998.803999999999], [21901.1419076923, 4014.1840153846147], [21916.521923076918, 4029.5640307692297], [21931.90193846153, 4044.944046153845], [21947.281953846148, 4060.3240615384607], [21962.661969230765, 4075.704076923076], [21978.041984615378, 4091.0840923076917], [21993.421999999995, 4106.464107692307], [22008.80201538461, 4121.844123076922], [22024.182030769225, 4137.224138461538], [22039.562046153842, 4152.604153846153], [22070.322076923072, 4152.604153846153], [22085.702092307685, 4167.984169230769], [22101.082107692302, 4183.364184615384], [22131.842138461532, 4183.364184615384], [22147.22215384615, 4198.744199999999], [22162.602169230762, 4214.124215384615], [22177.98218461538, 4229.50423076923], [22193.362199999992, 4244.884246153845], [22208.74221538461, 4260.264261538461], [22224.122230769226, 4275.644276923076], [22239.50224615384, 4291.024292307692], [22254.882261538456, 4306.404307692307], [22270.26227692307, 4321.784323076922], [22285.642292307686, 4337.164338461538], [22301.022307692303, 4352.544353846153], [22316.402323076916, 4367.924369230769], [22331.782338461533, 4383.304384615384], [22347.162353846146, 4398.684399999999], [22362.542369230763, 4414.064415384615], [22362.542369230763, 4444.824446153845], [22377.92238461538, 4460.204461538461], [22393.302399999993, 4475.584476923076], [22408.68241538461, 4490.964492307692], [22424.062430769223, 4506.344507692307], [22439.44244615384, 4521.724523076922], [22454.822461538457, 4537.104538461538], [22470.20247692307, 4552.484553846153], [22485.582492307687, 4567.864569230768], [22500.9625076923, 4583.244584615384], [22516.342523076917, 4598.624599999999], [22531.722538461534, 4614.004615384615], [22547.102553846147, 4629.38463076923], [22547.102553846147, 4660.144661538461], [22562.482569230764, 4675.524676923076], [22577.862584615377, 4690.904692307692], [22593.242599999994, 4706.284707692307], [22608.62261538461, 4721.664723076922], [22624.002630769224, 4737.044738461538], [22639.38264615384, 4752.424753846153], [22654.762661538454, 4767.804769230768], [22670.14267692307, 4783.184784615384], [22685.522692307688, 4798.564799999999], [22700.9027076923, 4813.944815384615], [22716.282723076918, 4829.32483076923], [22747.042753846148, 4829.32483076923], [22762.422769230765, 4844.704846153845], [22777.80278461538, 4860.084861538461], [22793.182799999995, 4875.464876923076], [22793.182799999995, 4906.224907692307], [22808.56281538461, 4921.604923076922], [22823.942830769225, 4936.984938461538], [22839.32284615384, 4952.364953846153], [22854.702861538455, 4967.744969230768], [22854.702861538455, 4998.504999999999], [22870.082876923072, 5013.885015384615], [22885.462892307685, 5029.26503076923], [22885.462892307685, 5060.025061538461], [22900.842907692302, 5075.405076923076], [22916.222923076915, 5090.785092307691], [22916.222923076915, 5121.545123076922], [22916.222923076915, 5152.305153846153], [22916.222923076915, 5183.065184615384], [22916.222923076915, 5213.825215384614], [22916.222923076915, 5244.585246153845], [22916.222923076915, 5275.345276923076], [22916.222923076915, 5306.105307692307], [22916.222923076915, 5336.865338461538], [22916.222923076915, 5367.625369230768], [22916.222923076915, 5398.385399999999], [22931.602938461532, 5413.765415384614], [22946.98295384615, 5429.14543076923], [22946.98295384615, 5459.905461538461], [22946.98295384615, 5490.665492307691], [22946.98295384615, 5521.425523076922], [22946.98295384615, 5552.185553846153], [22962.362969230762, 5567.565569230768], [22977.74298461538, 5582.945584615384], [22977.74298461538, 5613.705615384614], [22977.74298461538, 5644.465646153845], [22993.122999999992, 5659.845661538461], [23008.50301538461, 5675.225676923076], [23008.50301538461, 5705.985707692307], [23008.50301538461, 5736.745738461537], [23008.50301538461, 5767.505769230768], [23008.50301538461, 5798.265799999999], [23023.883030769226, 5813.645815384614], [23039.26304615384, 5829.02583076923], [23039.26304615384, 5859.78586153846], [23054.643061538456, 5875.165876923076], [23070.02307692307, 5890.545892307691], [23054.643061538456, 5905.925907692307]]]}, "properties": {"objectType": "annotation", "name": "P3_1_C|core_2", "classification": {"name": "core", "color": [230, 103, 103]}, "lesion_id": 2, "section": "P3_1_C", "area_um2": 70850.0000000001}}, {"type": "Feature", "geometry": {"type": "Polygon", "coordinates": [[[23423.763430769224, 6674.926676923076], [23393.003399999994, 6674.926676923076], [23362.243369230764, 6674.926676923076], [23346.863353846147, 6659.54666153846], [23331.483338461534, 6644.166646153845], [23316.103323076917, 6628.78663076923], [23300.7233076923, 6613.406615384614], [23285.343292307687, 6598.026599999999], [23269.96327692307, 6582.646584615383], [23254.583261538457, 6567.266569230768], [23254.583261538457, 6536.506538461537], [23254.583261538457, 6505.746507692306], [23239.20324615384, 6490.366492307691], [23223.823230769223, 6474.986476923076], [23223.823230769223, 6444.226446153845], [23223.823230769223, 6413.466415384614], [23223.823230769223, 6382.706384615383], [23223.823230769223, 6351.946353846153], [23208.44321538461, 6336.566338461537], [23193.063199999993, 6321.186323076922], [23193.063199999993, 6290.426292307691], [23177.68318461538, 6275.046276923076], [23162.303169230763, 6259.66626153846], [23146.923153846146, 6244.286246153845], [23131.543138461533, 6228.90623076923], [23131.543138461533, 6198.146199999999], [23131.543138461533, 6167.386169230768], [23116.163123076916, 6152.006153846153], [23100.783107692303, 6136.626138461537], [23085.403092307686, 6121.246123076922], [23070.02307692307, 6105.866107692307], [23054.643061538456, 6090.486092307691], [23023.883030769226, 6090.486092307691], [22993.122999999992, 6090.486092307691], [22962.362969230762, 6090.486092307691], [22946.98295384615, 6075.106076923076], [22931.602938461532, 6059.72606153846], [22900.842907692302, 6059.72606153846], [22870.082876923072, 6059.72606153846], [22839.32284615384, 6059.72606153846], [22823.942830769225, 6075.106076923076], [22808.56281538461, 6090.486092307691], [22777.80278461538, 6090.486092307691], [22762.422769230765, 6075.106076923076], [22747.042753846148, 6059.72606153846], [22716.282723076918, 6059.72606153846], [22685.522692307688, 6059.72606153846], [22670.14267692307, 6044.346046153845], [22654.762661538454, 6028.96603076923], [22639.38264615384, 6013.586015384614], [22624.002630769224, 5998.205999999999], [22608.62261538461, 5982.825984615384], [22593.242599999994, 5967.445969230768], [22577.862584615377, 5952.065953846153], [22562.482569230764, 5936.685938461537], [22547.102553846147, 5921.305923076922], [22531.722538461534, 5905.925907692307], [22516.342523076917, 5890.545892307691], [22516.342523076917, 5859.78586153846], [22516.342523076917, 5829.02583076923], [22516.342523076917, 5798.265799999999], [22516.342523076917, 5767.505769230768], [22516.342523076917, 5736.745738461537], [22516.342523076917, 5705.985707692307], [22531.722538461534, 5690.605692307691], [22547.102553846147, 5675.225676923076], [22562.482569230764, 5659.845661538461], [22577.862584615377, 5644.465646153845], [22593.242599999994, 5629.08563076923], [22608.62261538461, 5644.465646153845], [22624.002630769224, 5659.845661538461], [22639.38264615384, 5644.465646153845], [22654.762661538454, 5629.08563076923], [22670.14267692307, 5613.705615384614], [22685.522692307688, 5598.325599999999], [22700.9027076923, 5582.945584615384], [22716.282723076918, 5567.565569230768], [22731.66273846153, 5552.185553846153], [22731.66273846153, 5521.425523076922], [22716.282723076918, 5506.045507692307], [22700.9027076923, 5490.665492307691], [22700.9027076923, 5459.905461538461], [22685.522692307688, 5444.525446153845], [22670.14267692307, 5429.14543076923], [22670.14267692307, 5398.385399999999], [22654.762661538454, 5383.005384615384], [22639.38264615384, 5367.625369230768], [22624.002630769224, 5352.245353846153], [22608.62261538461, 5336.865338461538], [22593.242599999994, 5321.485323076922], [22577.862584615377, 5306.105307692307], [22562.482569230764, 5290.725292307691], [22547.102553846147, 5275.345276923076], [22547.102553846147, 5244.585246153845], [22531.722538461534, 5229.20523076923], [22516.342523076917, 5213.825215384614], [22500.9625076923, 5198.445199999999], [22485.582492307687, 5183.065184615384], [22470.20247692307, 5167.685169230768], [22454.822461538457, 5152.305153846153], [22439.44244615384, 5136.925138461538], [22424.062430769223, 5121.545123076922], [22408.68241538461, 5106.165107692307], [22393.302399999993, 5090.785092307691], [22377.92238461538, 5075.405076923076], [22362.542369230763, 5060.025061538461], [22347.162353846146, 5044.645046153845], [22331.782338461533, 5029.26503076923], [22347.162353846146, 5013.885015384615], [22362.542369230763, 4998.504999999999], [22362.542369230763, 4967.744969230768], [22347.162353846146, 4952.364953846153], [22331.782338461533, 4936.984938461538], [22316.402323076916, 4921.604923076922], [22301.022307692303, 4906.224907692307], [22285.642292307686, 4890.844892307691], [22270.26227692307, 4875.464876923076], [22254.882261538456, 4860.084861538461], [22239.50224615384, 4844.704846153845], [22224.122230769226, 4829.32483076923], [22208.74221538461, 4813.944815384615], [22193.362199999992, 4798.564799999999], [22177.98218461538, 4783.184784615384], [22162.602169230762, 4767.804769230768], [22131.842138461532, 4767.804769230768], [22116.46212307692, 4752.424753846153], [22101.082107692302, 4737.044738461538], [22070.322076923072, 4737.044738461538], [22039.562046153842, 4737.044738461538], [22008.80201538461, 4737.044738461538], [21993.421999999995, 4721.664723076922], [21978.041984615378, 4706.284707692307], [21962.661969230765, 4721.664723076922], [21947.281953846148, 4737.044738461538], [21916.521923076918, 4737.044738461538], [21885.761892307688, 4737.044738461538], [21855.001861538454, 4737.044738461538], [21839.62184615384, 4721.664723076922], [21824.241830769224, 4706.284707692307], [21793.481799999994, 4706.284707692307], [21778.101784615377, 4690.904692307692], [21762.721769230764, 4675.524676923076], [21747.341753846147, 4660.144661538461], [21731.961738461534, 4644.764646153845], [21716.581723076917, 4629.38463076923], [21701.2017076923, 4614.004615384615], [21685.821692307687, 4598.624599999999], [21670.44167692307, 4583.244584615384], [21655.061661538457, 4567.864569230768], [21639.68164615384, 4552.484553846153], [21624.301630769223, 4537.104538461538], [21624.301630769223, 4506.344507692307], [21624.301630769223, 4475.584476923076], [21639.68164615384, 4460.204461538461], [21655.061661538457, 4444.824446153845], [21670.44167692307, 4429.44443076923], [21685.821692307687, 4414.064415384615], [21701.2017076923, 4398.684399999999], [21716.581723076917, 4383.304384615384], [21731.961738461534, 4367.924369230769], [21747.341753846147, 4352.544353846153], [21731.961738461534, 4337.164338461538], [21716.581723076917, 4321.784323076922], [21716.581723076917, 4291.024292307692], [21701.2017076923, 4275.644276923076], [21685.821692307687, 4260.264261538461], [21670.44167692307, 4244.884246153845], [21655.061661538457, 4229.50423076923], [21639.68164615384, 4214.124215384615], [21624.301630769223, 4229.50423076923], [21608.92161538461, 4244.884246153845], [21593.541599999993, 4229.50423076923], [21578.16158461538, 4214.124215384615], [21547.401553846146, 4214.124215384615], [21516.641523076916, 4214.124215384615], [21485.881492307686, 4214.124215384615], [21470.501476923073, 4229.50423076923], [21455.121461538456, 4244.884246153845], [21439.74144615384, 4260.264261538461], [21424.361430769226, 4275.644276923076], [21408.98141538461, 4291.024292307692], [21393.601399999996, 4306.404307692307], [21362.841369230762, 4306.404307692307], [21347.46135384615, 4321.784323076922], [21332.081338461532, 4337.164338461538], [21301.321307692302, 4337.164338461538], [21285.941292307685, 4352.544353846153], [21270.561276923072, 4367.924369230769], [21239.801246153842, 4367.924369230769], [21209.04121538461, 4367.924369230769], [21178.281184615378, 4367.924369230769], [21162.901169230765, 4383.304384615384], [21147.521153846148, 4398.684399999999], [21132.14113846153, 4383.304384615384], [21116.761123076918, 4367.924369230769], [21086.001092307688, 4367.924369230769], [21070.62107692307, 4352.544353846153], [21055.241061538454, 4337.164338461538], [21039.86104615384, 4321.784323076922], [21024.481030769224, 4306.404307692307], [21009.10101538461, 4291.024292307692], [20993.720999999994, 4275.644276923076], [20978.340984615377, 4260.264261538461], [20978.340984615377, 4229.50423076923], [20978.340984615377, 4198.744199999999], [20978.340984615377, 4167.984169230769], [20978.340984615377, 4137.224138461538], [20978.340984615377, 4106.464107692307], [20962.960969230764, 4091.0840923076917], [20947.580953846147, 4075.704076923076], [20947.580953846147, 4044.944046153845], [20947.580953846147, 4014.1840153846147], [20932.200938461534, 3998.803999999999], [20916.820923076917, 3983.4239846153837], [20916.820923076917, 3952.663953846153], [20901.4409076923, 3937.2839384615377], [20886.060892307687, 3921.903923076922], [20886.060892307687, 3891.143892307691], [20901.4409076923, 3875.763876923076], [20916.820923076917, 3860.3838615384607], [20901.4409076923, 3845.003846153845], [20886.060892307687, 3829.6238307692297], [20901.4409076923, 3814.2438153846147], [20916.820923076917, 3798.863799999999], [20916.820923076917, 3768.103769230768], [20916.820923076917, 3737.3437384615377], [20916.820923076917, 3706.5837076923067], [20932.200938461534, 3691.2036923076917], [20947.580953846147, 3675.823676923076], [20962.960969230764, 3660.4436615384607], [20978.340984615377, 3645.063646153845], [20993.720999999994, 3629.68363076923], [21009.10101538461, 3614.3036153846147], [21024.481030769224, 3598.923599999999], [21039.86104615384, 3583.5435846153837], [21055.241061538454, 3568.163569230768], [21086.001092307688, 3568.163569230768], [21101.3811076923, 3552.783553846153], [21116.761123076918, 3537.4035384615377], [21147.521153846148, 3537.4035384615377], [21178.281184615378, 3537.4035384615377], [21209.04121538461, 3537.4035384615377], [21224.421230769225, 3522.023523076922], [21239.801246153842, 3506.6435076923067], [21255.181261538455, 3522.023523076922], [21270.561276923072, 3537.4035384615377], [21285.941292307685, 3522.023523076922], [21301.321307692302, 3506.6435076923067], [21316.70132307692, 3522.023523076922], [21332.081338461532, 3537.4035384615377], [21362.841369230762, 3537.4035384615377], [21393.601399999996, 3537.4035384615377], [21424.361430769226, 3537.4035384615377], [21455.121461538456, 3537.4035384615377], [21470.501476923073, 3552.783553846153], [21485.881492307686, 3568.163569230768], [21516.641523076916, 3568.163569230768], [21547.401553846146, 3568.163569230768], [21578.16158461538, 3568.163569230768], [21608.92161538461, 3568.163569230768], [21624.301630769223, 3583.5435846153837], [21639.68164615384, 3598.923599999999], [21670.44167692307, 3598.923599999999], [21701.2017076923, 3598.923599999999], [21716.581723076917, 3614.3036153846147], [21731.961738461534, 3629.68363076923], [21747.341753846147, 3645.063646153845], [21762.721769230764, 3660.4436615384607], [21778.101784615377, 3675.823676923076], [21793.481799999994, 3691.2036923076917], [21808.86181538461, 3706.5837076923067], [21824.241830769224, 3721.963723076922], [21839.62184615384, 3737.3437384615377], [21855.001861538454, 3752.723753846153], [21885.761892307688, 3752.723753846153], [21901.1419076923, 3768.103769230768], [21916.521923076918, 3783.4837846153837], [21931.90193846153, 3798.863799999999], [21947.281953846148, 3814.2438153846147], [21962.661969230765, 3829.6238307692297], [21978.041984615378, 3845.003846153845], [21993.421999999995, 3860.3838615384607], [22008.80201538461, 3875.763876923076], [22024.182030769225, 3891.143892307691], [22039.562046153842, 3906.5239076923067], [22054.942061538455, 3921.903923076922], [22070.322076923072, 3937.2839384615377], [22085.702092307685, 3952.663953846153], [22101.082107692302, 3968.043969230768], [22116.46212307692, 3983.4239846153837], [22131.842138461532, 3998.803999999999], [22162.602169230762, 3998.803999999999], [22177.98218461538, 4014.1840153846147], [22193.362199999992, 4029.5640307692297], [22224.122230769226, 4029.5640307692297], [22239.50224615384, 4044.944046153845], [22254.882261538456, 4060.3240615384607], [22270.26227692307, 4075.704076923076], [22285.642292307686, 4091.0840923076917], [22301.022307692303, 4106.464107692307], [22316.402323076916, 4121.844123076922], [22331.782338461533, 4137.224138461538], [22347.162353846146, 4152.604153846153], [22362.542369230763, 4167.984169230769], [22377.92238461538, 4183.364184615384], [22393.302399999993, 4198.744199999999], [22408.68241538461, 4214.124215384615], [22424.062430769223, 4229.50423076923], [22439.44244615384, 4244.884246153845], [22454.822461538457, 4260.264261538461], [22470.20247692307, 4275.644276923076], [22485.582492307687, 4291.024292307692], [22500.9625076923, 4306.404307692307], [22516.342523076917, 4321.784323076922], [22516.342523076917, 4352.544353846153], [22531.722538461534, 4367.924369230769], [22547.102553846147, 4383.304384615384], [22562.482569230764, 4398.684399999999], [22577.862584615377, 4414.064415384615], [22593.242599999994, 4429.44443076923], [22608.62261538461, 4444.824446153845], [22624.002630769224, 4460.204461538461], [22639.38264615384, 4475.584476923076], [22654.762661538454, 4490.964492307692], [22670.14267692307, 4506.344507692307], [22685.522692307688, 4521.724523076922], [22700.9027076923, 4537.104538461538], [22700.9027076923, 4567.864569230768], [22716.282723076918, 4583.244584615384], [22731.66273846153, 4598.624599999999], [22747.042753846148, 4614.004615384615], [22762.422769230765, 4629.38463076923], [22777.80278461538, 4644.764646153845], [22793.182799999995, 4660.144661538461], [22808.56281538461, 4675.524676923076], [22839.32284615384, 4675.524676923076], [22854.702861538455, 4690.904692307692], [22870.082876923072, 4706.284707692307], [22885.462892307685, 4721.664723076922], [22900.842907692302, 4737.044738461538], [22916.222923076915, 4752.424753846153], [22931.602938461532, 4767.804769230768], [22946.98295384615, 4783.184784615384], [22946.98295384615, 4813.944815384615], [22962.362969230762, 4829.32483076923], [22977.74298461538, 4844.704846153845], [22993.122999999992, 4860.084861538461], [23008.50301538461, 4875.464876923076], [23008.50301538461, 4906.224907692307], [23023.883030769226, 4921.604923076922], [23039.26304615384, 4936.984938461538], [23039.26304615384, 4967.744969230768], [23054.643061538456, 4983.124984615384], [23070.02307692307, 4998.504999999999], [23070.02307692307, 5029.26503076923], [23085.403092307686, 5044.645046153845], [23100.783107692303, 5060.025061538461], [23100.783107692303, 5090.785092307691], [23100.783107692303, 5121.545123076922], [23100.783107692303, 5152.305153846153], [23100.783107692303, 5183.065184615384], [23100.783107692303, 5213.825215384614], [23100.783107692303, 5244.585246153845], [23100.783107692303, 5275.345276923076], [23100.783107692303, 5306.105307692307], [23100.783107692303, 5336.865338461538], [23100.783107692303, 5367.625369230768], [23116.163123076916, 5383.005384615384], [23131.543138461533, 5398.385399999999], [23131.543138461533, 5429.14543076923], [23131.543138461533, 5459.905461538461], [23131.543138461533, 5490.665492307691], [23131.543138461533, 5521.425523076922], [23146.923153846146, 5536.805538461537], [23162.303169230763, 5552.185553846153], [23162.303169230763, 5582.945584615384], [23162.303169230763, 5613.705615384614], [23177.68318461538, 5629.08563076923], [23193.063199999993, 5644.465646153845], [23193.063199999993, 5675.225676923076], [23193.063199999993, 5705.985707692307], [23193.063199999993, 5736.745738461537], [23193.063199999993, 5767.505769230768], [23208.44321538461, 5782.885784615384], [23223.823230769223, 5798.265799999999], [23223.823230769223, 5829.02583076923], [23239.20324615384, 5844.405846153845], [23254.583261538457, 5859.78586153846], [23254.583261538457, 5890.545892307691], [23269.96327692307, 5905.925907692307], [23285.343292307687, 5921.305923076922], [23285.343292307687, 5952.065953846153], [23300.7233076923, 5967.445969230768], [23316.103323076917, 5982.825984615384], [23316.103323076917, 6013.586015384614], [23331.483338461534, 6028.96603076923], [23346.863353846147, 6044.346046153845], [23346.863353846147, 6075.106076923076], [23362.243369230764, 6090.486092307691], [23377.623384615377, 6105.866107692307], [23377.623384615377, 6136.626138461537], [23393.003399999994, 6152.006153846153], [23408.38341538461, 6167.386169230768], [23423.763430769224, 6182.766184615383], [23439.14344615384, 6198.146199999999], [23439.14344615384, 6228.90623076923], [23454.523461538454, 6244.286246153845], [23469.90347692307, 6259.66626153846], [23469.90347692307, 6290.426292307691], [23485.283492307684, 6305.806307692307], [23500.6635076923, 6321.186323076922], [23500.6635076923, 6351.946353846153], [23500.6635076923, 6382.706384615383], [23500.6635076923, 6413.466415384614], [23516.043523076918, 6428.84643076923], [23531.42353846153, 6444.226446153845], [23531.42353846153, 6474.986476923076], [23531.42353846153, 6505.746507692306], [23531.42353846153, 6536.506538461537], [23531.42353846153, 6567.266569230768], [23516.043523076918, 6582.646584615383], [23500.6635076923, 6598.026599999999], [23485.283492307684, 6613.406615384614], [23469.90347692307, 6628.78663076923], [23454.523461538454, 6644.166646153845], [23439.14344615384, 6659.54666153846], [23423.763430769224, 6674.926676923076]], [[23070.02307692307, 5890.545892307691], [23054.643061538456, 5875.165876923076], [23039.26304615384, 5859.78586153846], [23039.26304615384, 5829.02583076923], [23023.883030769226, 5813.645815384614], [23008.50301538461, 5798.265799999999], [23008.50301538461, 5767.505769230768], [23008.50301538461, 5736.745738461537], [23008.50301538461, 5705.985707692307], [23008.50301538461, 5675.225676923076], [22993.122999999992, 5659.845661538461], [22977.74298461538, 5644.465646153845], [22977.74298461538, 5613.705615384614], [22977.74298461538, 5582.945584615384], [22962.362969230762, 5567.565569230768], [22946.98295384615, 5552.185553846153], [22946.98295384615, 5521.425523076922], [22946.98295384615, 5490.665492307691], [22946.98295384615, 5459.905461538461], [22946.98295384615, 5429.14543076923], [22931.602938461532, 5413.765415384614], [22916.222923076915, 5398.385399999999], [22916.222923076915, 5367.625369230768], [22916.222923076915, 5336.865338461538], [22916.222923076915, 5306.105307692307], [22916.222923076915, 5275.345276923076], [22916.222923076915, 5244.585246153845], [22916.222923076915, 5213.825215384614], [22916.222923076915, 5183.065184615384], [22916.222923076915, 5152.305153846153], [22916.222923076915, 5121.545123076922], [22916.222923076915, 5090.785092307691], [22900.842907692302, 5075.405076923076], [22885.462892307685, 5060.025061538461], [22885.462892307685, 5029.26503076923], [22870.082876923072, 5013.885015384615], [22854.702861538455, 4998.504999999999], [22854.702861538455, 4967.744969230768], [22839.32284615384, 4952.364953846153], [22823.942830769225, 4936.984938461538], [22808.56281538461, 4921.604923076922], [22793.182799999995, 4906.224907692307], [22793.182799999995, 4875.464876923076], [22777.80278461538, 4860.084861538461], [22762.422769230765, 4844.704846153845], [22747.042753846148, 4829.32483076923], [22716.282723076918, 4829.32483076923], [22700.9027076923, 4813.944815384615], [22685.522692307688, 4798.564799999999], [22670.14267692307, 4783.184784615384], [22654.762661538454, 4767.804769230768], [22639.38264615384, 4752.424753846153], [22624.002630769224, 4737.044738461538], [22608.62261538461, 4721.664723076922], [22593.242599999994, 4706.284707692307], [22577.862584615377, 4690.904692307692], [22562.482569230764, 4675.524676923076], [22547.102553846147, 4660.144661538461], [22547.102553846147, 4629.38463076923], [22531.722538461534, 4614.004615384615], [22516.342523076917, 4598.624599999999], [22500.9625076923, 4583.244584615384], [22485.582492307687, 4567.864569230768], [22470.20247692307, 4552.484553846153], [22454.822461538457, 4537.104538461538], [22439.44244615384, 4521.724523076922], [22424.062430769223, 4506.344507692307], [22408.68241538461, 4490.964492307692], [22393.302399999993, 4475.584476923076], [22377.92238461538, 4460.204461538461], [22362.542369230763, 4444.824446153845], [22362.542369230763, 4414.064415384615], [22347.162353846146, 4398.684399999999], [22331.782338461533, 4383.304384615384], [22316.402323076916, 4367.924369230769], [22301.022307692303, 4352.544353846153], [22285.642292307686, 4337.164338461538], [22270.26227692307, 4321.784323076922], [22254.882261538456, 4306.404307692307], [22239.50224615384, 4291.024292307692], [22224.122230769226, 4275.644276923076], [22208.74221538461, 4260.264261538461], [22193.362199999992, 4244.884246153845], [22177.98218461538, 4229.50423076923], [22162.602169230762, 4214.124215384615], [22147.22215384615, 4198.744199999999], [22131.842138461532, 4183.364184615384], [22101.082107692302, 4183.364184615384], [22085.702092307685, 4167.984169230769], [22070.322076923072, 4152.604153846153], [22039.562046153842, 4152.604153846153], [22024.182030769225, 4137.224138461538], [22008.80201538461, 4121.844123076922], [21993.421999999995, 4106.464107692307], [21978.041984615378, 4091.0840923076917], [21962.661969230765, 4075.704076923076], [21947.281953846148, 4060.3240615384607], [21931.90193846153, 4044.944046153845], [21916.521923076918, 4029.5640307692297], [21901.1419076923, 4014.1840153846147], [21885.761892307688, 3998.803999999999], [21870.38187692307, 3983.4239846153837], [21855.001861538454, 3968.043969230768], [21839.62184615384, 3952.663953846153], [21824.241830769224, 3937.2839384615377], [21808.86181538461, 3921.903923076922], [21793.481799999994, 3906.5239076923067], [21762.721769230764, 3906.5239076923067], [21747.341753846147, 3891.143892307691], [21731.961738461534, 3875.763876923076], [21716.581723076917, 3860.3838615384607], [21701.2017076923, 3845.003846153845], [21685.821692307687, 3829.6238307692297], [21670.44167692307, 3814.2438153846147], [21655.061661538457, 3798.863799999999], [21639.68164615384, 3783.4837846153837], [21608.92161538461, 3783.4837846153837], [21593.541599999993, 3768.103769230768], [21578.16158461538, 3752.723753846153], [21547.401553846146, 3752.723753846153], [21516.641523076916, 3752.723753846153], [21485.881492307686, 3752.723753846153], [21455.121461538456, 3752.723753846153], [21439.74144615384, 3737.3437384615377], [21424.361430769226, 3721.963723076922], [21393.601399999996, 3721.963723076922], [21362.841369230762, 3721.963723076922], [21332.081338461532, 3721.963723076922], [21301.321307692302, 3721.963723076922], [21270.561276923072, 3721.963723076922], [21239.801246153842, 3721.963723076922], [21209.04121538461, 3721.963723076922], [21178.281184615378, 3721.963723076922], [21147.521153846148, 3721.963723076922], [21132.14113846153, 3737.3437384615377], [21116.761123076918, 3752.723753846153], [21101.3811076923, 3768.103769230768], [21101.3811076923, 3798.863799999999], [21101.3811076923, 3829.6238307692297], [21101.3811076923, 3860.3838615384607], [21101.3811076923, 3891.143892307691], [21101.3811076923, 3921.903923076922], [21101.3811076923, 3952.663953846153], [21116.761123076918, 3968.043969230768], [21132.14113846153, 3983.4239846153837], [21132.14113846153, 4014.1840153846147], [21132.14113846153, 4044.944046153845], [21147.521153846148, 4060.3240615384607], [21162.901169230765, 4075.704076923076], [21162.901169230765, 4106.464107692307], [21162.901169230765, 4137.224138461538], [21162.901169230765, 4167.984169230769], [21178.281184615378, 4183.364184615384], [21209.04121538461, 4183.364184615384], [21239.801246153842, 4183.364184615384], [21255.181261538455, 4167.984169230769], [21270.561276923072, 4152.604153846153], [21301.321307692302, 4152.604153846153], [21316.70132307692, 4137.224138461538], [21332.081338461532, 4121.844123076922], [21347.46135384615, 4106.464107692307], [21362.841369230762, 4091.0840923076917], [21378.22138461538, 4075.704076923076], [21393.601399999996, 4060.3240615384607], [21424.361430769226, 4060.3240615384607], [21439.74144615384, 4044.944046153845], [21455.121461538456, 4029.5640307692297], [21485.881492307686, 4029.5640307692297], [21516.641523076916, 4029.5640307692297], [21547.401553846146, 4029.5640307692297], [21578.16158461538, 4029.5640307692297], [21608.92161538461, 4029.5640307692297], [21639.68164615384, 4029.5640307692297], [21670.44167692307, 4029.5640307692297], [21685.821692307687, 4044.944046153845], [21701.2017076923, 4060.3240615384607], [21731.961738461534, 4060.3240615384607], [21747.341753846147, 4075.704076923076], [21762.721769230764, 4091.0840923076917], [21778.101784615377, 4106.464107692307], [21793.481799999994, 4121.844123076922], [21808.86181538461, 4137.224138461538], [21824.241830769224, 4152.604153846153], [21839.62184615384, 4167.984169230769], [21855.001861538454, 4183.364184615384], [21870.38187692307, 4198.744199999999], [21870.38187692307, 4229.50423076923], [21885.761892307688, 4244.884246153845], [21901.1419076923, 4260.264261538461], [21901.1419076923, 4291.024292307692], [21916.521923076918, 4306.404307692307], [21931.90193846153, 4321.784323076922], [21931.90193846153, 4352.544353846153], [21931.90193846153, 4383.304384615384], [21916.521923076918, 4398.684399999999], [21901.1419076923, 4414.064415384615], [21901.1419076923, 4444.824446153845], [21885.761892307688, 4460.204461538461], [21870.38187692307, 4475.584476923076], [21855.001861538454, 4490.964492307692], [21839.62184615384, 4506.344507692307], [21855.001861538454, 4521.724523076922], [21870.38187692307, 4537.104538461538], [21885.761892307688, 4552.484553846153], [21916.521923076918, 4552.484553846153], [21931.90193846153, 4537.104538461538], [21947.281953846148, 4521.724523076922], [21978.041984615378, 4521.724523076922], [22008.80201538461, 4521.724523076922], [22024.182030769225, 4537.104538461538], [22039.562046153842, 4552.484553846153], [22070.322076923072, 4552.484553846153], [22101.082107692302, 4552.484553846153], [22131.842138461532, 4552.484553846153], [22147.22215384615, 4567.864569230768], [22162.602169230762, 4583.244584615384], [22193.362199999992, 4583.244584615384], [22208.74221538461, 4598.624599999999], [22224.122230769226, 4614.004615384615], [22254.882261538456, 4614.004615384615], [22270.26227692307, 4629.38463076923], [22285.642292307686, 4644.764646153845], [22301.022307692303, 4660.144661538461], [22316.402323076916, 4675.524676923076], [22331.782338461533, 4690.904692307692], [22347.162353846146, 4706.284707692307], [22362.542369230763, 4721.664723076922], [22377.92238461538, 4737.044738461538], [22393.302399999993, 4752.424753846153], [22408.68241538461, 4767.804769230768], [22424.062430769223, 4783.184784615384], [22439.44244615384, 4798.564799999999], [22454.822461538457, 4813.944815384615], [22470.20247692307, 4829.32483076923], [22485.582492307687, 4844.704846153845], [22500.9625076923, 4860.084861538461], [22516.342523076917, 4875.464876923076], [22516.342523076917, 4906.224907692307], [22531.722538461534, 4921.604923076922], [22547.102553846147, 4936.984938461538], [22547.102553846147, 4967.744969230768], [22547.102553846147, 4998.504999999999], [22562.482569230764, 5013.885015384615], [22577.862584615377, 5029.26503076923], [22593.242599999994, 5044.645046153845], [22608.62261538461, 5060.025061538461], [22624.002630769224, 5075.405076923076], [22639.38264615384, 5090.785092307691], [22654.762661538454, 5106.165107692307], [22670.14267692307, 5121.545123076922], [22685.522692307688, 5136.925138461538], [22700.9027076923, 5152.305153846153], [22700.9027076923, 5183.065184615384], [22716.282723076918, 5198.445199999999], [22731.66273846153, 5213.825215384614], [22747.042753846148, 5229.20523076923], [22762.422769230765, 5244.585246153845], [22777.80278461538, 5259.965261538461], [22793.182799999995, 5275.345276923076], [22808.56281538461, 5290.725292307691], [22823.942830769225, 5306.105307692307], [22823.942830769225, 5336.865338461538], [22839.32284615384, 5352.245353846153], [22854.702861538455, 5367.625369230768], [22854.702861538455, 5398.385399999999], [22870.082876923072, 5413.765415384614], [22885.462892307685, 5429.14543076923], [22885.462892307685, 5459.905461538461], [22900.842907692302, 5475.285476923076], [22916.222923076915, 5490.665492307691], [22916.222923076915, 5521.425523076922], [22916.222923076915, 5552.185553846153], [22916.222923076915, 5582.945584615384], [22900.842907692302, 5598.325599999999], [22885.462892307685, 5613.705615384614], [22885.462892307685, 5644.465646153845], [22870.082876923072, 5659.845661538461], [22854.702861538455, 5675.225676923076], [22839.32284615384, 5690.605692307691], [22823.942830769225, 5705.985707692307], [22808.56281538461, 5721.365723076922], [22793.182799999995, 5736.745738461537], [22777.80278461538, 5752.125753846153], [22762.422769230765, 5767.505769230768], [22747.042753846148, 5782.885784615384], [22731.66273846153, 5798.265799999999], [22716.282723076918, 5813.645815384614], [22700.9027076923, 5829.02583076923], [22716.282723076918, 5844.405846153845], [22731.66273846153, 5859.78586153846], [22747.042753846148, 5875.165876923076], [22777.80278461538, 5875.165876923076], [22808.56281538461, 5875.165876923076], [22839.32284615384, 5875.165876923076], [22870.082876923072, 5875.165876923076], [22900.842907692302, 5875.165876923076], [22931.602938461532, 5875.165876923076], [22962.362969230762, 5875.165876923076], [22977.74298461538, 5890.545892307691], [22993.122999999992, 5905.925907692307], [23023.883030769226, 5905.925907692307], [23054.643061538456, 5905.925907692307], [23070.02307692307, 5890.545892307691]]]}, "properties": {"objectType": "annotation", "name": "P3_1_C|rim_2", "classification": {"name": "rim", "color": [201, 133, 0]}, "lesion_id": 2, "section": "P3_1_C", "area_um2": 169200.00000000032}}, {"type": "Feature", "geometry": {"type": "Polygon", "coordinates": [[[20132.440138461534, 4183.364184615384], [20101.680107692304, 4183.364184615384], [20070.92007692307, 4183.364184615384], [20040.16004615384, 4183.364184615384], [20009.40001538461, 4183.364184615384], [19978.63998461538, 4183.364184615384], [19947.87995384615, 4183.364184615384], [19917.119923076916, 4183.364184615384], [19886.359892307686, 4183.364184615384], [19870.979876923073, 4167.984169230769], [19855.599861538456, 4152.604153846153], [19840.21984615384, 4137.224138461538], [19824.839830769226, 4121.844123076922], [19809.45981538461, 4106.464107692307], [19794.079799999996, 4091.0840923076917], [19778.69978461538, 4075.704076923076], [19763.319769230762, 4060.3240615384607], [19747.93975384615, 4044.944046153845], [19732.559738461532, 4029.5640307692297], [19717.17972307692, 4014.1840153846147], [19732.559738461532, 3998.803999999999], [19747.93975384615, 3983.4239846153837], [19747.93975384615, 3952.663953846153], [19747.93975384615, 3921.903923076922], [19763.319769230762, 3906.5239076923067], [19778.69978461538, 3891.143892307691], [19794.079799999996, 3875.763876923076], [19809.45981538461, 3860.3838615384607], [19824.839830769226, 3845.003846153845], [19840.21984615384, 3829.6238307692297], [19840.21984615384, 3798.863799999999], [19840.21984615384, 3768.103769230768], [19855.599861538456, 3752.723753846153], [19870.979876923073, 3737.3437384615377], [19886.359892307686, 3721.963723076922], [19901.739907692303, 3706.5837076923067], [19917.119923076916, 3691.2036923076917], [19947.87995384615, 3691.2036923076917], [19963.259969230763, 3675.823676923076], [19978.63998461538, 3660.4436615384607], [19994.019999999993, 3675.823676923076], [20009.40001538461, 3691.2036923076917], [20024.780030769227, 3675.823676923076], [20040.16004615384, 3660.4436615384607], [20070.92007692307, 3660.4436615384607], [20101.680107692304, 3660.4436615384607], [20117.060123076917, 3645.063646153845], [20132.440138461534, 3629.68363076923], [20163.200169230764, 3629.68363076923], [20193.960199999994, 3629.68363076923], [20209.34021538461, 3614.3036153846147], [20224.720230769224, 3598.923599999999], [20255.480261538454, 3598.923599999999], [20270.86027692307, 3583.5435846153837], [20286.240292307688, 3568.163569230768], [20317.000323076918, 3568.163569230768], [20332.38033846153, 3552.783553846153], [20347.760353846148, 3537.4035384615377], [20378.520384615378, 3537.4035384615377], [20409.28041538461, 3537.4035384615377], [20424.660430769225, 3552.783553846153], [20440.040446153842, 3568.163569230768], [20455.420461538455, 3583.5435846153837], [20470.800476923072, 3598.923599999999], [20486.180492307685, 3614.3036153846147], [20501.560507692302, 3629.68363076923], [20516.94052307692, 3645.063646153845], [20516.94052307692, 3675.823676923076], [20532.320538461532, 3691.2036923076917], [20547.70055384615, 3706.5837076923067], [20547.70055384615, 3737.3437384615377], [20563.080569230762, 3752.723753846153], [20578.46058461538, 3768.103769230768], [20578.46058461538, 3798.863799999999], [20563.080569230762, 3814.2438153846147], [20547.70055384615, 3829.6238307692297], [20563.080569230762, 3845.003846153845], [20578.46058461538, 3860.3838615384607], [20593.840599999996, 3875.763876923076], [20609.22061538461, 3891.143892307691], [20624.600630769226, 3906.5239076923067], [20639.98064615384, 3921.903923076922], [20624.600630769226, 3937.2839384615377], [20609.22061538461, 3952.663953846153], [20593.840599999996, 3968.043969230768], [20578.46058461538, 3983.4239846153837], [20563.080569230762, 3998.803999999999], [20547.70055384615, 4014.1840153846147], [20532.320538461532, 4029.5640307692297], [20516.94052307692, 4044.944046153845], [20501.560507692302, 4060.3240615384607], [20486.180492307685, 4075.704076923076], [20470.800476923072, 4091.0840923076917], [20440.040446153842, 4091.0840923076917], [20424.660430769225, 4106.464107692307], [20409.28041538461, 4121.844123076922], [20378.520384615378, 4121.844123076922], [20347.760353846148, 4121.844123076922], [20317.000323076918, 4121.844123076922], [20286.240292307688, 4121.844123076922], [20270.86027692307, 4137.224138461538], [20255.480261538454, 4152.604153846153], [20224.720230769224, 4152.604153846153], [20193.960199999994, 4152.604153846153], [20163.200169230764, 4152.604153846153], [20147.820153846147, 4167.984169230769], [20132.440138461534, 4183.364184615384]]]}, "properties": {"objectType": "annotation", "name": "P3_1_C|lesion_3", "classification": {"name": "lesion", "color": [255, 0, 0]}, "lesion_id": 3, "section": "P3_1_C", "area_um2": 41550.000000000015}}, {"type": "Feature", "geometry": {"type": "Polygon", "coordinates": [[[20101.680107692304, 3998.803999999999], [20070.92007692307, 3998.803999999999], [20040.16004615384, 3998.803999999999], [20009.40001538461, 3998.803999999999], [19978.63998461538, 3998.803999999999], [19947.87995384615, 3998.803999999999], [19932.499938461533, 3983.4239846153837], [19947.87995384615, 3968.043969230768], [19963.259969230763, 3952.663953846153], [19978.63998461538, 3937.2839384615377], [19994.019999999993, 3921.903923076922], [19994.019999999993, 3891.143892307691], [20009.40001538461, 3875.763876923076], [20040.16004615384, 3875.763876923076], [20055.540061538457, 3860.3838615384607], [20070.92007692307, 3845.003846153845], [20101.680107692304, 3845.003846153845], [20132.440138461534, 3845.003846153845], [20147.820153846147, 3829.6238307692297], [20163.200169230764, 3814.2438153846147], [20193.960199999994, 3814.2438153846147], [20224.720230769224, 3814.2438153846147], [20240.10024615384, 3798.863799999999], [20255.480261538454, 3783.4837846153837], [20286.240292307688, 3783.4837846153837], [20301.6203076923, 3768.103769230768], [20317.000323076918, 3752.723753846153], [20347.760353846148, 3752.723753846153], [20363.140369230765, 3768.103769230768], [20363.140369230765, 3798.863799999999], [20363.140369230765, 3829.6238307692297], [20363.140369230765, 3860.3838615384607], [20378.520384615378, 3875.763876923076], [20393.900399999995, 3891.143892307691], [20393.900399999995, 3921.903923076922], [20378.520384615378, 3937.2839384615377], [20347.760353846148, 3937.2839384615377], [20317.000323076918, 3937.2839384615377], [20286.240292307688, 3937.2839384615377], [20255.480261538454, 3937.2839384615377], [20240.10024615384, 3952.663953846153], [20224.720230769224, 3968.043969230768], [20193.960199999994, 3968.043969230768], [20163.200169230764, 3968.043969230768], [20132.440138461534, 3968.043969230768], [20117.060123076917, 3983.4239846153837], [20101.680107692304, 3998.803999999999]]]}, "properties": {"objectType": "annotation", "name": "P3_1_C|core_3", "classification": {"name": "core", "color": [230, 103, 103]}, "lesion_id": 3, "section": "P3_1_C", "area_um2": 6350.00000000002}}, {"type": "Feature", "geometry": {"type": "Polygon", "coordinates": [[[20132.440138461534, 4183.364184615384], [20101.680107692304, 4183.364184615384], [20070.92007692307, 4183.364184615384], [20040.16004615384, 4183.364184615384], [20009.40001538461, 4183.364184615384], [19978.63998461538, 4183.364184615384], [19947.87995384615, 4183.364184615384], [19917.119923076916, 4183.364184615384], [19886.359892307686, 4183.364184615384], [19870.979876923073, 4167.984169230769], [19855.599861538456, 4152.604153846153], [19840.21984615384, 4137.224138461538], [19824.839830769226, 4121.844123076922], [19809.45981538461, 4106.464107692307], [19794.079799999996, 4091.0840923076917], [19778.69978461538, 4075.704076923076], [19763.319769230762, 4060.3240615384607], [19747.93975384615, 4044.944046153845], [19732.559738461532, 4029.5640307692297], [19717.17972307692, 4014.1840153846147], [19732.559738461532, 3998.803999999999], [19747.93975384615, 3983.4239846153837], [19747.93975384615, 3952.663953846153], [19747.93975384615, 3921.903923076922], [19763.319769230762, 3906.5239076923067], [19778.69978461538, 3891.143892307691], [19794.079799999996, 3875.763876923076], [19809.45981538461, 3860.3838615384607], [19824.839830769226, 3845.003846153845], [19840.21984615384, 3829.6238307692297], [19840.21984615384, 3798.863799999999], [19840.21984615384, 3768.103769230768], [19855.599861538456, 3752.723753846153], [19870.979876923073, 3737.3437384615377], [19886.359892307686, 3721.963723076922], [19901.739907692303, 3706.5837076923067], [19917.119923076916, 3691.2036923076917], [19947.87995384615, 3691.2036923076917], [19963.259969230763, 3675.823676923076], [19978.63998461538, 3660.4436615384607], [19994.019999999993, 3675.823676923076], [20009.40001538461, 3691.2036923076917], [20024.780030769227, 3675.823676923076], [20040.16004615384, 3660.4436615384607], [20070.92007692307, 3660.4436615384607], [20101.680107692304, 3660.4436615384607], [20117.060123076917, 3645.063646153845], [20132.440138461534, 3629.68363076923], [20163.200169230764, 3629.68363076923], [20193.960199999994, 3629.68363076923], [20209.34021538461, 3614.3036153846147], [20224.720230769224, 3598.923599999999], [20255.480261538454, 3598.923599999999], [20270.86027692307, 3583.5435846153837], [20286.240292307688, 3568.163569230768], [20317.000323076918, 3568.163569230768], [20332.38033846153, 3552.783553846153], [20347.760353846148, 3537.4035384615377], [20378.520384615378, 3537.4035384615377], [20409.28041538461, 3537.4035384615377], [20424.660430769225, 3552.783553846153], [20440.040446153842, 3568.163569230768], [20455.420461538455, 3583.5435846153837], [20470.800476923072, 3598.923599999999], [20486.180492307685, 3614.3036153846147], [20501.560507692302, 3629.68363076923], [20516.94052307692, 3645.063646153845], [20516.94052307692, 3675.823676923076], [20532.320538461532, 3691.2036923076917], [20547.70055384615, 3706.5837076923067], [20547.70055384615, 3737.3437384615377], [20563.080569230762, 3752.723753846153], [20578.46058461538, 3768.103769230768], [20578.46058461538, 3798.863799999999], [20563.080569230762, 3814.2438153846147], [20547.70055384615, 3829.6238307692297], [20563.080569230762, 3845.003846153845], [20578.46058461538, 3860.3838615384607], [20593.840599999996, 3875.763876923076], [20609.22061538461, 3891.143892307691], [20624.600630769226, 3906.5239076923067], [20639.98064615384, 3921.903923076922], [20624.600630769226, 3937.2839384615377], [20609.22061538461, 3952.663953846153], [20593.840599999996, 3968.043969230768], [20578.46058461538, 3983.4239846153837], [20563.080569230762, 3998.803999999999], [20547.70055384615, 4014.1840153846147], [20532.320538461532, 4029.5640307692297], [20516.94052307692, 4044.944046153845], [20501.560507692302, 4060.3240615384607], [20486.180492307685, 4075.704076923076], [20470.800476923072, 4091.0840923076917], [20440.040446153842, 4091.0840923076917], [20424.660430769225, 4106.464107692307], [20409.28041538461, 4121.844123076922], [20378.520384615378, 4121.844123076922], [20347.760353846148, 4121.844123076922], [20317.000323076918, 4121.844123076922], [20286.240292307688, 4121.844123076922], [20270.86027692307, 4137.224138461538], [20255.480261538454, 4152.604153846153], [20224.720230769224, 4152.604153846153], [20193.960199999994, 4152.604153846153], [20163.200169230764, 4152.604153846153], [20147.820153846147, 4167.984169230769], [20132.440138461534, 4183.364184615384]], [[20117.060123076917, 3983.4239846153837], [20132.440138461534, 3968.043969230768], [20163.200169230764, 3968.043969230768], [20193.960199999994, 3968.043969230768], [20224.720230769224, 3968.043969230768], [20240.10024615384, 3952.663953846153], [20255.480261538454, 3937.2839384615377], [20286.240292307688, 3937.2839384615377], [20317.000323076918, 3937.2839384615377], [20347.760353846148, 3937.2839384615377], [20378.520384615378, 3937.2839384615377], [20393.900399999995, 3921.903923076922], [20393.900399999995, 3891.143892307691], [20378.520384615378, 3875.763876923076], [20363.140369230765, 3860.3838615384607], [20363.140369230765, 3829.6238307692297], [20363.140369230765, 3798.863799999999], [20363.140369230765, 3768.103769230768], [20347.760353846148, 3752.723753846153], [20317.000323076918, 3752.723753846153], [20301.6203076923, 3768.103769230768], [20286.240292307688, 3783.4837846153837], [20255.480261538454, 3783.4837846153837], [20240.10024615384, 3798.863799999999], [20224.720230769224, 3814.2438153846147], [20193.960199999994, 3814.2438153846147], [20163.200169230764, 3814.2438153846147], [20147.820153846147, 3829.6238307692297], [20132.440138461534, 3845.003846153845], [20101.680107692304, 3845.003846153845], [20070.92007692307, 3845.003846153845], [20055.540061538457, 3860.3838615384607], [20040.16004615384, 3875.763876923076], [20009.40001538461, 3875.763876923076], [19994.019999999993, 3891.143892307691], [19994.019999999993, 3921.903923076922], [19978.63998461538, 3937.2839384615377], [19963.259969230763, 3952.663953846153], [19947.87995384615, 3968.043969230768], [19932.499938461533, 3983.4239846153837], [19947.87995384615, 3998.803999999999], [19978.63998461538, 3998.803999999999], [20009.40001538461, 3998.803999999999], [20040.16004615384, 3998.803999999999], [20070.92007692307, 3998.803999999999], [20101.680107692304, 3998.803999999999], [20117.060123076917, 3983.4239846153837]]]}, "properties": {"objectType": "annotation", "name": "P3_1_C|rim_3", "classification": {"name": "rim", "color": [201, 133, 0]}, "lesion_id": 3, "section": "P3_1_C", "area_um2": 35199.99999999999}}, {"type": "Feature", "geometry": {"type": "Polygon", "coordinates": [[[29545.009553846146, 5044.645046153845], [29514.249523076916, 5044.645046153845], [29498.8695076923, 5029.26503076923], [29483.489492307686, 5013.885015384615], [29452.729461538453, 5013.885015384615], [29421.969430769223, 5013.885015384615], [29391.209399999992, 5013.885015384615], [29375.829384615376, 4998.504999999999], [29360.449369230762, 4983.124984615384], [29345.069353846146, 4998.504999999999], [29329.689338461532, 5013.885015384615], [29298.9293076923, 5013.885015384615], [29283.549292307685, 4998.504999999999], [29268.16927692307, 4983.124984615384], [29237.40924615384, 4983.124984615384], [29206.64921538461, 4983.124984615384], [29191.26919999999, 4998.504999999999], [29175.88918461538, 5013.885015384615], [29160.50916923076, 4998.504999999999], [29145.12915384615, 4983.124984615384], [29129.74913846153, 4967.744969230768], [29114.369123076915, 4952.364953846153], [29098.9891076923, 4936.984938461538], [29083.609092307684, 4921.604923076922], [29068.22907692307, 4906.224907692307], [29068.22907692307, 4875.464876923076], [29068.22907692307, 4844.704846153845], [29068.22907692307, 4813.944815384615], [29068.22907692307, 4783.184784615384], [29068.22907692307, 4752.424753846153], [29052.849061538454, 4737.044738461538], [29037.469046153838, 4721.664723076922], [29037.469046153838, 4690.904692307692], [29037.469046153838, 4660.144661538461], [29037.469046153838, 4629.38463076923], [29037.469046153838, 4598.624599999999], [29037.469046153838, 4567.864569230768], [29022.089030769224, 4552.484553846153], [29006.709015384607, 4537.104538461538], [29006.709015384607, 4506.344507692307], [28991.328999999994, 4490.964492307692], [28975.948984615377, 4475.584476923076], [28960.56896923076, 4460.204461538461], [28945.188953846147, 4444.824446153845], [28929.80893846153, 4429.44443076923], [28914.428923076917, 4414.064415384615], [28899.0489076923, 4398.684399999999], [28883.668892307684, 4383.304384615384], [28868.28887692307, 4367.924369230769], [28852.908861538453, 4352.544353846153], [28837.52884615384, 4337.164338461538], [28822.148830769223, 4321.784323076922], [28806.768815384607, 4306.404307692307], [28791.388799999993, 4291.024292307692], [28791.388799999993, 4260.264261538461], [28776.008784615376, 4244.884246153845], [28760.628769230763, 4229.50423076923], [28776.008784615376, 4214.124215384615], [28791.388799999993, 4198.744199999999], [28776.008784615376, 4183.364184615384], [28760.628769230763, 4167.984169230769], [28760.628769230763, 4137.224138461538], [28760.628769230763, 4106.464107692307], [28760.628769230763, 4075.704076923076], [28776.008784615376, 4060.3240615384607], [28791.388799999993, 4044.944046153845], [28791.388799999993, 4014.1840153846147], [28791.388799999993, 3983.4239846153837], [28791.388799999993, 3952.663953846153], [28791.388799999993, 3921.903923076922], [28806.768815384607, 3906.5239076923067], [28822.148830769223, 3891.143892307691], [28837.52884615384, 3875.763876923076], [28852.908861538453, 3860.3838615384607], [28868.28887692307, 3845.003846153845], [28899.0489076923, 3845.003846153845], [28929.80893846153, 3845.003846153845], [28960.56896923076, 3845.003846153845], [28991.328999999994, 3845.003846153845], [29022.089030769224, 3845.003846153845], [29052.849061538454, 3845.003846153845], [29068.22907692307, 3860.3838615384607], [29083.609092307684, 3875.763876923076], [29098.9891076923, 3891.143892307691], [29114.369123076915, 3906.5239076923067], [29145.12915384615, 3906.5239076923067], [29175.88918461538, 3906.5239076923067], [29191.26919999999, 3921.903923076922], [29206.64921538461, 3937.2839384615377], [29237.40924615384, 3937.2839384615377], [29268.16927692307, 3937.2839384615377], [29283.549292307685, 3952.663953846153], [29298.9293076923, 3968.043969230768], [29329.689338461532, 3968.043969230768], [29345.069353846146, 3983.4239846153837], [29360.449369230762, 3998.803999999999], [29375.829384615376, 4014.1840153846147], [29391.209399999992, 4029.5640307692297], [29406.58941538461, 4044.944046153845], [29421.969430769223, 4060.3240615384607], [29437.34944615384, 4075.704076923076], [29452.729461538453, 4091.0840923076917], [29468.10947692307, 4106.464107692307], [29483.489492307686, 4121.844123076922], [29498.8695076923, 4137.224138461538], [29514.249523076916, 4152.604153846153], [29529.62953846153, 4167.984169230769], [29529.62953846153, 4198.744199999999], [29545.009553846146, 4214.124215384615], [29560.389569230763, 4229.50423076923], [29575.769584615377, 4244.884246153845], [29591.149599999993, 4260.264261538461], [29606.529615384607, 4275.644276923076], [29621.909630769223, 4291.024292307692], [29637.28964615384, 4306.404307692307], [29652.669661538454, 4321.784323076922], [29668.04967692307, 4337.164338461538], [29683.429692307684, 4352.544353846153], [29698.8097076923, 4367.924369230769], [29714.189723076917, 4383.304384615384], [29729.56973846153, 4398.684399999999], [29744.949753846147, 4414.064415384615], [29760.32976923076, 4429.44443076923], [29775.709784615377, 4444.824446153845], [29791.089799999994, 4460.204461538461], [29821.849830769224, 4460.204461538461], [29837.229846153838, 4475.584476923076], [29852.609861538454, 4490.964492307692], [29867.98987692307, 4506.344507692307], [29883.369892307684, 4521.724523076922], [29914.129923076915, 4521.724523076922], [29929.50993846153, 4537.104538461538], [29944.889953846145, 4552.484553846153], [29960.26996923076, 4567.864569230768], [29975.64998461538, 4583.244584615384], [29991.02999999999, 4598.624599999999], [29991.02999999999, 4629.38463076923], [29991.02999999999, 4660.144661538461], [29991.02999999999, 4690.904692307692], [29975.64998461538, 4706.284707692307], [29960.26996923076, 4721.664723076922], [29944.889953846145, 4737.044738461538], [29929.50993846153, 4752.424753846153], [29914.129923076915, 4767.804769230768], [29898.7499076923, 4783.184784615384], [29883.369892307684, 4798.564799999999], [29867.98987692307, 4813.944815384615], [29852.609861538454, 4829.32483076923], [29837.229846153838, 4844.704846153845], [29837.229846153838, 4875.464876923076], [29821.849830769224, 4890.844892307691], [29806.469815384608, 4906.224907692307], [29791.089799999994, 4921.604923076922], [29775.709784615377, 4936.984938461538], [29760.32976923076, 4952.364953846153], [29744.949753846147, 4967.744969230768], [29729.56973846153, 4983.124984615384], [29698.8097076923, 4983.124984615384], [29668.04967692307, 4983.124984615384], [29652.669661538454, 4998.504999999999], [29637.28964615384, 5013.885015384615], [29606.529615384607, 5013.885015384615], [29575.769584615377, 5013.885015384615], [29560.389569230763, 5029.26503076923], [29545.009553846146, 5044.645046153845]]]}, "properties": {"objectType": "annotation", "name": "R1_2_T|lesion_4", "classification": {"name": "lesion", "color": [255, 0, 0]}, "lesion_id": 4, "section": "R1_2_T", "area_um2": 91449.99999999999}}, {"type": "Feature", "geometry": {"type": "Polygon", "coordinates": [[[29575.769584615377, 4829.32483076923], [29545.009553846146, 4829.32483076923], [29514.249523076916, 4829.32483076923], [29483.489492307686, 4829.32483076923], [29452.729461538453, 4829.32483076923], [29437.34944615384, 4813.944815384615], [29421.969430769223, 4798.564799999999], [29391.209399999992, 4798.564799999999], [29360.449369230762, 4798.564799999999], [29329.689338461532, 4798.564799999999], [29298.9293076923, 4798.564799999999], [29268.16927692307, 4798.564799999999], [29252.789261538455, 4783.184784615384], [29252.789261538455, 4752.424753846153], [29252.789261538455, 4721.664723076922], [29252.789261538455, 4690.904692307692], [29237.40924615384, 4675.524676923076], [29222.029230769225, 4660.144661538461], [29222.029230769225, 4629.38463076923], [29222.029230769225, 4598.624599999999], [29222.029230769225, 4567.864569230768], [29222.029230769225, 4537.104538461538], [29222.029230769225, 4506.344507692307], [29206.64921538461, 4490.964492307692], [29191.26919999999, 4475.584476923076], [29191.26919999999, 4444.824446153845], [29175.88918461538, 4429.44443076923], [29160.50916923076, 4414.064415384615], [29160.50916923076, 4383.304384615384], [29145.12915384615, 4367.924369230769], [29129.74913846153, 4352.544353846153], [29114.369123076915, 4337.164338461538], [29098.9891076923, 4321.784323076922], [29083.609092307684, 4306.404307692307], [29068.22907692307, 4291.024292307692], [29052.849061538454, 4275.644276923076], [29037.469046153838, 4260.264261538461], [29022.089030769224, 4244.884246153845], [29006.709015384607, 4229.50423076923], [28991.328999999994, 4214.124215384615], [28975.948984615377, 4198.744199999999], [28975.948984615377, 4167.984169230769], [28975.948984615377, 4137.224138461538], [28975.948984615377, 4106.464107692307], [28975.948984615377, 4075.704076923076], [28991.328999999994, 4060.3240615384607], [29022.089030769224, 4060.3240615384607], [29037.469046153838, 4075.704076923076], [29052.849061538454, 4091.0840923076917], [29083.609092307684, 4091.0840923076917], [29114.369123076915, 4091.0840923076917], [29129.74913846153, 4106.464107692307], [29145.12915384615, 4121.844123076922], [29175.88918461538, 4121.844123076922], [29206.64921538461, 4121.844123076922], [29222.029230769225, 4137.224138461538], [29237.40924615384, 4152.604153846153], [29252.789261538455, 4167.984169230769], [29268.16927692307, 4183.364184615384], [29283.549292307685, 4198.744199999999], [29298.9293076923, 4214.124215384615], [29314.309323076915, 4229.50423076923], [29329.689338461532, 4244.884246153845], [29345.069353846146, 4260.264261538461], [29360.449369230762, 4275.644276923076], [29375.829384615376, 4291.024292307692], [29375.829384615376, 4321.784323076922], [29391.209399999992, 4337.164338461538], [29406.58941538461, 4352.544353846153], [29421.969430769223, 4367.924369230769], [29437.34944615384, 4383.304384615384], [29452.729461538453, 4398.684399999999], [29468.10947692307, 4414.064415384615], [29483.489492307686, 4429.44443076923], [29498.8695076923, 4444.824446153845], [29514.249523076916, 4460.204461538461], [29529.62953846153, 4475.584476923076], [29545.009553846146, 4490.964492307692], [29560.389569230763, 4506.344507692307], [29575.769584615377, 4521.724523076922], [29591.149599999993, 4537.104538461538], [29606.529615384607, 4552.484553846153], [29621.909630769223, 4567.864569230768], [29637.28964615384, 4583.244584615384], [29652.669661538454, 4598.624599999999], [29668.04967692307, 4614.004615384615], [29698.8097076923, 4614.004615384615], [29714.189723076917, 4629.38463076923], [29729.56973846153, 4644.764646153845], [29744.949753846147, 4660.144661538461], [29729.56973846153, 4675.524676923076], [29714.189723076917, 4690.904692307692], [29698.8097076923, 4706.284707692307], [29683.429692307684, 4721.664723076922], [29683.429692307684, 4752.424753846153], [29668.04967692307, 4767.804769230768], [29652.669661538454, 4783.184784615384], [29637.28964615384, 4798.564799999999], [29606.529615384607, 4798.564799999999], [29591.149599999993, 4813.944815384615], [29575.769584615377, 4829.32483076923]]]}, "properties": {"objectType": "annotation", "name": "R1_2_T|core_4", "classification": {"name": "core", "color": [230, 103, 103]}, "lesion_id": 4, "section": "R1_2_T", "area_um2": 26549.999999999956}}, {"type": "Feature", "geometry": {"type": "Polygon", "coordinates": [[[29545.009553846146, 5044.645046153845], [29514.249523076916, 5044.645046153845], [29498.8695076923, 5029.26503076923], [29483.489492307686, 5013.885015384615], [29452.729461538453, 5013.885015384615], [29421.969430769223, 5013.885015384615], [29391.209399999992, 5013.885015384615], [29375.829384615376, 4998.504999999999], [29360.449369230762, 4983.124984615384], [29345.069353846146, 4998.504999999999], [29329.689338461532, 5013.885015384615], [29298.9293076923, 5013.885015384615], [29283.549292307685, 4998.504999999999], [29268.16927692307, 4983.124984615384], [29237.40924615384, 4983.124984615384], [29206.64921538461, 4983.124984615384], [29191.26919999999, 4998.504999999999], [29175.88918461538, 5013.885015384615], [29160.50916923076, 4998.504999999999], [29145.12915384615, 4983.124984615384], [29129.74913846153, 4967.744969230768], [29114.369123076915, 4952.364953846153], [29098.9891076923, 4936.984938461538], [29083.609092307684, 4921.604923076922], [29068.22907692307, 4906.224907692307], [29068.22907692307, 4875.464876923076], [29068.22907692307, 4844.704846153845], [29068.22907692307, 4813.944815384615], [29068.22907692307, 4783.184784615384], [29068.22907692307, 4752.424753846153], [29052.849061538454, 4737.044738461538], [29037.469046153838, 4721.664723076922], [29037.469046153838, 4690.904692307692], [29037.469046153838, 4660.144661538461], [29037.469046153838, 4629.38463076923], [29037.469046153838, 4598.624599999999], [29037.469046153838, 4567.864569230768], [29022.089030769224, 4552.484553846153], [29006.709015384607, 4537.104538461538], [29006.709015384607, 4506.344507692307], [28991.328999999994, 4490.964492307692], [28975.948984615377, 4475.584476923076], [28960.56896923076, 4460.204461538461], [28945.188953846147, 4444.824446153845], [28929.80893846153, 4429.44443076923], [28914.428923076917, 4414.064415384615], [28899.0489076923, 4398.684399999999], [28883.668892307684, 4383.304384615384], [28868.28887692307, 4367.924369230769], [28852.908861538453, 4352.544353846153], [28837.52884615384, 4337.164338461538], [28822.148830769223, 4321.784323076922], [28806.768815384607, 4306.404307692307], [28791.388799999993, 4291.024292307692], [28791.388799999993, 4260.264261538461], [28776.008784615376, 4244.884246153845], [28760.628769230763, 4229.50423076923], [28776.008784615376, 4214.124215384615], [28791.388799999993, 4198.744199999999], [28776.008784615376, 4183.364184615384], [28760.628769230763, 4167.984169230769], [28760.628769230763, 4137.224138461538], [28760.628769230763, 4106.464107692307], [28760.628769230763, 4075.704076923076], [28776.008784615376, 4060.3240615384607], [28791.388799999993, 4044.944046153845], [28791.388799999993, 4014.1840153846147], [28791.388799999993, 3983.4239846153837], [28791.388799999993, 3952.663953846153], [28791.388799999993, 3921.903923076922], [28806.768815384607, 3906.5239076923067], [28822.148830769223, 3891.143892307691], [28837.52884615384, 3875.763876923076], [28852.908861538453, 3860.3838615384607], [28868.28887692307, 3845.003846153845], [28899.0489076923, 3845.003846153845], [28929.80893846153, 3845.003846153845], [28960.56896923076, 3845.003846153845], [28991.328999999994, 3845.003846153845], [29022.089030769224, 3845.003846153845], [29052.849061538454, 3845.003846153845], [29068.22907692307, 3860.3838615384607], [29083.609092307684, 3875.763876923076], [29098.9891076923, 3891.143892307691], [29114.369123076915, 3906.5239076923067], [29145.12915384615, 3906.5239076923067], [29175.88918461538, 3906.5239076923067], [29191.26919999999, 3921.903923076922], [29206.64921538461, 3937.2839384615377], [29237.40924615384, 3937.2839384615377], [29268.16927692307, 3937.2839384615377], [29283.549292307685, 3952.663953846153], [29298.9293076923, 3968.043969230768], [29329.689338461532, 3968.043969230768], [29345.069353846146, 3983.4239846153837], [29360.449369230762, 3998.803999999999], [29375.829384615376, 4014.1840153846147], [29391.209399999992, 4029.5640307692297], [29406.58941538461, 4044.944046153845], [29421.969430769223, 4060.3240615384607], [29437.34944615384, 4075.704076923076], [29452.729461538453, 4091.0840923076917], [29468.10947692307, 4106.464107692307], [29483.489492307686, 4121.844123076922], [29498.8695076923, 4137.224138461538], [29514.249523076916, 4152.604153846153], [29529.62953846153, 4167.984169230769], [29529.62953846153, 4198.744199999999], [29545.009553846146, 4214.124215384615], [29560.389569230763, 4229.50423076923], [29575.769584615377, 4244.884246153845], [29591.149599999993, 4260.264261538461], [29606.529615384607, 4275.644276923076], [29621.909630769223, 4291.024292307692], [29637.28964615384, 4306.404307692307], [29652.669661538454, 4321.784323076922], [29668.04967692307, 4337.164338461538], [29683.429692307684, 4352.544353846153], [29698.8097076923, 4367.924369230769], [29714.189723076917, 4383.304384615384], [29729.56973846153, 4398.684399999999], [29744.949753846147, 4414.064415384615], [29760.32976923076, 4429.44443076923], [29775.709784615377, 4444.824446153845], [29791.089799999994, 4460.204461538461], [29821.849830769224, 4460.204461538461], [29837.229846153838, 4475.584476923076], [29852.609861538454, 4490.964492307692], [29867.98987692307, 4506.344507692307], [29883.369892307684, 4521.724523076922], [29914.129923076915, 4521.724523076922], [29929.50993846153, 4537.104538461538], [29944.889953846145, 4552.484553846153], [29960.26996923076, 4567.864569230768], [29975.64998461538, 4583.244584615384], [29991.02999999999, 4598.624599999999], [29991.02999999999, 4629.38463076923], [29991.02999999999, 4660.144661538461], [29991.02999999999, 4690.904692307692], [29975.64998461538, 4706.284707692307], [29960.26996923076, 4721.664723076922], [29944.889953846145, 4737.044738461538], [29929.50993846153, 4752.424753846153], [29914.129923076915, 4767.804769230768], [29898.7499076923, 4783.184784615384], [29883.369892307684, 4798.564799999999], [29867.98987692307, 4813.944815384615], [29852.609861538454, 4829.32483076923], [29837.229846153838, 4844.704846153845], [29837.229846153838, 4875.464876923076], [29821.849830769224, 4890.844892307691], [29806.469815384608, 4906.224907692307], [29791.089799999994, 4921.604923076922], [29775.709784615377, 4936.984938461538], [29760.32976923076, 4952.364953846153], [29744.949753846147, 4967.744969230768], [29729.56973846153, 4983.124984615384], [29698.8097076923, 4983.124984615384], [29668.04967692307, 4983.124984615384], [29652.669661538454, 4998.504999999999], [29637.28964615384, 5013.885015384615], [29606.529615384607, 5013.885015384615], [29575.769584615377, 5013.885015384615], [29560.389569230763, 5029.26503076923], [29545.009553846146, 5044.645046153845]], [[29591.149599999993, 4813.944815384615], [29606.529615384607, 4798.564799999999], [29637.28964615384, 4798.564799999999], [29652.669661538454, 4783.184784615384], [29668.04967692307, 4767.804769230768], [29683.429692307684, 4752.424753846153], [29683.429692307684, 4721.664723076922], [29698.8097076923, 4706.284707692307], [29714.189723076917, 4690.904692307692], [29729.56973846153, 4675.524676923076], [29744.949753846147, 4660.144661538461], [29729.56973846153, 4644.764646153845], [29714.189723076917, 4629.38463076923], [29698.8097076923, 4614.004615384615], [29668.04967692307, 4614.004615384615], [29652.669661538454, 4598.624599999999], [29637.28964615384, 4583.244584615384], [29621.909630769223, 4567.864569230768], [29606.529615384607, 4552.484553846153], [29591.149599999993, 4537.104538461538], [29575.769584615377, 4521.724523076922], [29560.389569230763, 4506.344507692307], [29545.009553846146, 4490.964492307692], [29529.62953846153, 4475.584476923076], [29514.249523076916, 4460.204461538461], [29498.8695076923, 4444.824446153845], [29483.489492307686, 4429.44443076923], [29468.10947692307, 4414.064415384615], [29452.729461538453, 4398.684399999999], [29437.34944615384, 4383.304384615384], [29421.969430769223, 4367.924369230769], [29406.58941538461, 4352.544353846153], [29391.209399999992, 4337.164338461538], [29375.829384615376, 4321.784323076922], [29375.829384615376, 4291.024292307692], [29360.449369230762, 4275.644276923076], [29345.069353846146, 4260.264261538461], [29329.689338461532, 4244.884246153845], [29314.309323076915, 4229.50423076923], [29298.9293076923, 4214.124215384615], [29283.549292307685, 4198.744199999999], [29268.16927692307, 4183.364184615384], [29252.789261538455, 4167.984169230769], [29237.40924615384, 4152.604153846153], [29222.029230769225, 4137.224138461538], [29206.64921538461, 4121.844123076922], [29175.88918461538, 4121.844123076922], [29145.12915384615, 4121.844123076922], [29129.74913846153, 4106.464107692307], [29114.369123076915, 4091.0840923076917], [29083.609092307684, 4091.0840923076917], [29052.849061538454, 4091.0840923076917], [29037.469046153838, 4075.704076923076], [29022.089030769224, 4060.3240615384607], [28991.328999999994, 4060.3240615384607], [28975.948984615377, 4075.704076923076], [28975.948984615377, 4106.464107692307], [28975.948984615377, 4137.224138461538], [28975.948984615377, 4167.984169230769], [28975.948984615377, 4198.744199999999], [28991.328999999994, 4214.124215384615], [29006.709015384607, 4229.50423076923], [29022.089030769224, 4244.884246153845], [29037.469046153838, 4260.264261538461], [29052.849061538454, 4275.644276923076], [29068.22907692307, 4291.024292307692], [29083.609092307684, 4306.404307692307], [29098.9891076923, 4321.784323076922], [29114.369123076915, 4337.164338461538], [29129.74913846153, 4352.544353846153], [29145.12915384615, 4367.924369230769], [29160.50916923076, 4383.304384615384], [29160.50916923076, 4414.064415384615], [29175.88918461538, 4429.44443076923], [29191.26919999999, 4444.824446153845], [29191.26919999999, 4475.584476923076], [29206.64921538461, 4490.964492307692], [29222.029230769225, 4506.344507692307], [29222.029230769225, 4537.104538461538], [29222.029230769225, 4567.864569230768], [29222.029230769225, 4598.624599999999], [29222.029230769225, 4629.38463076923], [29222.029230769225, 4660.144661538461], [29237.40924615384, 4675.524676923076], [29252.789261538455, 4690.904692307692], [29252.789261538455, 4721.664723076922], [29252.789261538455, 4752.424753846153], [29252.789261538455, 4783.184784615384], [29268.16927692307, 4798.564799999999], [29298.9293076923, 4798.564799999999], [29329.689338461532, 4798.564799999999], [29360.449369230762, 4798.564799999999], [29391.209399999992, 4798.564799999999], [29421.969430769223, 4798.564799999999], [29437.34944615384, 4813.944815384615], [29452.729461538453, 4829.32483076923], [29483.489492307686, 4829.32483076923], [29514.249523076916, 4829.32483076923], [29545.009553846146, 4829.32483076923], [29575.769584615377, 4829.32483076923], [29591.149599999993, 4813.944815384615]]]}, "properties": {"objectType": "annotation", "name": "R1_2_T|rim_4", "classification": {"name": "rim", "color": [201, 133, 0]}, "lesion_id": 4, "section": "R1_2_T", "area_um2": 64900.00000000003}}, {"type": "Feature", "geometry": {"type": "Polygon", "coordinates": [[[18532.918538461534, 5690.605692307691], [18517.538523076917, 5675.225676923076], [18502.158507692304, 5659.845661538461], [18486.778492307687, 5644.465646153845], [18471.39847692307, 5629.08563076923], [18456.018461538457, 5613.705615384614], [18456.018461538457, 5582.945584615384], [18456.018461538457, 5552.185553846153], [18456.018461538457, 5521.425523076922], [18440.63844615384, 5506.045507692307], [18425.258430769227, 5490.665492307691], [18409.87841538461, 5475.285476923076], [18394.498399999993, 5459.905461538461], [18379.11838461538, 5444.525446153845], [18363.738369230763, 5429.14543076923], [18348.35835384615, 5413.765415384614], [18332.978338461533, 5398.385399999999], [18348.35835384615, 5383.005384615384], [18363.738369230763, 5367.625369230768], [18363.738369230763, 5336.865338461538], [18363.738369230763, 5306.105307692307], [18348.35835384615, 5290.725292307691], [18332.978338461533, 5275.345276923076], [18317.598323076916, 5259.965261538461], [18302.218307692303, 5244.585246153845], [18302.218307692303, 5213.825215384614], [18286.838292307686, 5198.445199999999], [18271.458276923073, 5183.065184615384], [18271.458276923073, 5152.305153846153], [18286.838292307686, 5136.925138461538], [18302.218307692303, 5121.545123076922], [18302.218307692303, 5090.785092307691], [18302.218307692303, 5060.025061538461], [18302.218307692303, 5029.26503076923], [18302.218307692303, 4998.504999999999], [18317.598323076916, 4983.124984615384], [18332.978338461533, 4967.744969230768], [18332.978338461533, 4936.984938461538], [18348.35835384615, 4921.604923076922], [18363.738369230763, 4906.224907692307], [18363.738369230763, 4875.464876923076], [18379.11838461538, 4860.084861538461], [18394.498399999993, 4844.704846153845], [18409.87841538461, 4829.32483076923], [18425.258430769227, 4813.944815384615], [18440.63844615384, 4798.564799999999], [18456.018461538457, 4783.184784615384], [18456.018461538457, 4752.424753846153], [18471.39847692307, 4737.044738461538], [18486.778492307687, 4721.664723076922], [18502.158507692304, 4706.284707692307], [18517.538523076917, 4690.904692307692], [18517.538523076917, 4660.144661538461], [18532.918538461534, 4644.764646153845], [18548.298553846147, 4629.38463076923], [18563.678569230764, 4614.004615384615], [18579.05858461538, 4598.624599999999], [18594.438599999994, 4583.244584615384], [18609.81861538461, 4567.864569230768], [18625.198630769224, 4552.484553846153], [18640.57864615384, 4537.104538461538], [18655.958661538458, 4521.724523076922], [18671.33867692307, 4506.344507692307], [18686.718692307688, 4490.964492307692], [18702.0987076923, 4475.584476923076], [18717.478723076918, 4460.204461538461], [18732.858738461535, 4444.824446153845], [18748.238753846148, 4429.44443076923], [18763.618769230765, 4414.064415384615], [18778.998784615378, 4398.684399999999], [18794.378799999995, 4383.304384615384], [18809.75881538461, 4367.924369230769], [18825.138830769225, 4352.544353846153], [18840.518846153842, 4337.164338461538], [18871.278876923072, 4337.164338461538], [18886.65889230769, 4321.784323076922], [18902.038907692302, 4306.404307692307], [18917.41892307692, 4291.024292307692], [18932.798938461532, 4275.644276923076], [18963.558969230762, 4275.644276923076], [18994.318999999996, 4275.644276923076], [19009.69901538461, 4291.024292307692], [19025.079030769226, 4306.404307692307], [19040.45904615384, 4291.024292307692], [19055.839061538456, 4275.644276923076], [19071.219076923073, 4291.024292307692], [19086.599092307686, 4306.404307692307], [19101.979107692303, 4291.024292307692], [19117.359123076916, 4275.644276923076], [19148.11915384615, 4275.644276923076], [19178.87918461538, 4275.644276923076], [19194.259199999993, 4260.264261538461], [19209.63921538461, 4244.884246153845], [19225.019230769227, 4260.264261538461], [19240.39924615384, 4275.644276923076], [19271.15927692307, 4275.644276923076], [19301.919307692304, 4275.644276923076], [19332.679338461534, 4275.644276923076], [19348.059353846147, 4260.264261538461], [19363.439369230764, 4244.884246153845], [19378.81938461538, 4229.50423076923], [19394.199399999994, 4214.124215384615], [19409.57941538461, 4198.744199999999], [19424.959430769224, 4183.364184615384], [19440.33944615384, 4167.984169230769], [19455.719461538458, 4152.604153846153], [19486.479492307688, 4152.604153846153], [19517.239523076918, 4152.604153846153], [19532.619538461535, 4137.224138461538], [19547.999553846148, 4121.844123076922], [19563.379569230765, 4137.224138461538], [19578.759584615378, 4152.604153846153], [19594.139599999995, 4167.984169230769], [19609.51961538461, 4183.364184615384], [19624.899630769225, 4198.744199999999], [19609.51961538461, 4214.124215384615], [19594.139599999995, 4229.50423076923], [19594.139599999995, 4260.264261538461], [19578.759584615378, 4275.644276923076], [19563.379569230765, 4291.024292307692], [19547.999553846148, 4306.404307692307], [19532.619538461535, 4321.784323076922], [19532.619538461535, 4352.544353846153], [19517.239523076918, 4367.924369230769], [19501.8595076923, 4383.304384615384], [19501.8595076923, 4414.064415384615], [19486.479492307688, 4429.44443076923], [19471.09947692307, 4444.824446153845], [19455.719461538458, 4460.204461538461], [19440.33944615384, 4475.584476923076], [19440.33944615384, 4506.344507692307], [19424.959430769224, 4521.724523076922], [19409.57941538461, 4537.104538461538], [19409.57941538461, 4567.864569230768], [19409.57941538461, 4598.624599999999], [19394.199399999994, 4614.004615384615], [19378.81938461538, 4629.38463076923], [19378.81938461538, 4660.144661538461], [19378.81938461538, 4690.904692307692], [19378.81938461538, 4721.664723076922], [19378.81938461538, 4752.424753846153], [19378.81938461538, 4783.184784615384], [19378.81938461538, 4813.944815384615], [19363.439369230764, 4829.32483076923], [19348.059353846147, 4844.704846153845], [19348.059353846147, 4875.464876923076], [19348.059353846147, 4906.224907692307], [19332.679338461534, 4921.604923076922], [19317.299323076917, 4936.984938461538], [19301.919307692304, 4952.364953846153], [19286.539292307687, 4967.744969230768], [19271.15927692307, 4983.124984615384], [19240.39924615384, 4983.124984615384], [19225.019230769227, 4998.504999999999], [19209.63921538461, 5013.885015384615], [19194.259199999993, 5029.26503076923], [19178.87918461538, 5044.645046153845], [19148.11915384615, 5044.645046153845], [19117.359123076916, 5044.645046153845], [19086.599092307686, 5044.645046153845], [19055.839061538456, 5044.645046153845], [19025.079030769226, 5044.645046153845], [18994.318999999996, 5044.645046153845], [18978.93898461538, 5060.025061538461], [18963.558969230762, 5075.405076923076], [18948.17895384615, 5090.785092307691], [18932.798938461532, 5106.165107692307], [18917.41892307692, 5121.545123076922], [18902.038907692302, 5136.925138461538], [18886.65889230769, 5152.305153846153], [18871.278876923072, 5167.685169230768], [18855.898861538455, 5183.065184615384], [18840.518846153842, 5198.445199999999], [18825.138830769225, 5213.825215384614], [18809.75881538461, 5229.20523076923], [18794.378799999995, 5244.585246153845], [18778.998784615378, 5259.965261538461], [18763.618769230765, 5275.345276923076], [18748.238753846148, 5290.725292307691], [18732.858738461535, 5306.105307692307], [18717.478723076918, 5321.485323076922], [18702.0987076923, 5336.865338461538], [18686.718692307688, 5352.245353846153], [18671.33867692307, 5367.625369230768], [18655.958661538458, 5383.005384615384], [18640.57864615384, 5398.385399999999], [18625.198630769224, 5413.765415384614], [18609.81861538461, 5429.14543076923], [18625.198630769224, 5444.525446153845], [18640.57864615384, 5459.905461538461], [18640.57864615384, 5490.665492307691], [18625.198630769224, 5506.045507692307], [18609.81861538461, 5521.425523076922], [18609.81861538461, 5552.185553846153], [18609.81861538461, 5582.945584615384], [18609.81861538461, 5613.705615384614], [18594.438599999994, 5629.08563076923], [18579.05858461538, 5644.465646153845], [18563.678569230764, 5659.845661538461], [18548.298553846147, 5675.225676923076], [18532.918538461534, 5690.605692307691]]]}, "properties": {"objectType": "annotation", "name": "P3_1_C|lesion_5", "classification": {"name": "lesion", "color": [255, 0, 0]}, "lesion_id": 5, "section": "P3_1_C", "area_um2": 94850.00000000003}}, {"type": "Feature", "geometry": {"type": "Polygon", "coordinates": [[[18532.918538461534, 5259.965261538461], [18517.538523076917, 5244.585246153845], [18517.538523076917, 5213.825215384614], [18502.158507692304, 5198.445199999999], [18486.778492307687, 5183.065184615384], [18486.778492307687, 5152.305153846153], [18486.778492307687, 5121.545123076922], [18486.778492307687, 5090.785092307691], [18486.778492307687, 5060.025061538461], [18486.778492307687, 5029.26503076923], [18502.158507692304, 5013.885015384615], [18517.538523076917, 4998.504999999999], [18517.538523076917, 4967.744969230768], [18532.918538461534, 4952.364953846153], [18548.298553846147, 4936.984938461538], [18563.678569230764, 4921.604923076922], [18579.05858461538, 4906.224907692307], [18594.438599999994, 4890.844892307691], [18609.81861538461, 4875.464876923076], [18609.81861538461, 4844.704846153845], [18625.198630769224, 4829.32483076923], [18640.57864615384, 4813.944815384615], [18655.958661538458, 4798.564799999999], [18671.33867692307, 4783.184784615384], [18671.33867692307, 4752.424753846153], [18686.718692307688, 4737.044738461538], [18702.0987076923, 4721.664723076922], [18717.478723076918, 4706.284707692307], [18732.858738461535, 4690.904692307692], [18748.238753846148, 4675.524676923076], [18763.618769230765, 4660.144661538461], [18778.998784615378, 4644.764646153845], [18794.378799999995, 4629.38463076923], [18809.75881538461, 4614.004615384615], [18825.138830769225, 4598.624599999999], [18840.518846153842, 4583.244584615384], [18855.898861538455, 4567.864569230768], [18871.278876923072, 4552.484553846153], [18886.65889230769, 4537.104538461538], [18902.038907692302, 4521.724523076922], [18917.41892307692, 4506.344507692307], [18932.798938461532, 4490.964492307692], [18963.558969230762, 4490.964492307692], [18994.318999999996, 4490.964492307692], [19025.079030769226, 4490.964492307692], [19055.839061538456, 4490.964492307692], [19086.599092307686, 4490.964492307692], [19117.359123076916, 4490.964492307692], [19132.739138461533, 4475.584476923076], [19148.11915384615, 4460.204461538461], [19178.87918461538, 4460.204461538461], [19209.63921538461, 4460.204461538461], [19240.39924615384, 4460.204461538461], [19255.779261538457, 4475.584476923076], [19240.39924615384, 4490.964492307692], [19225.019230769227, 4506.344507692307], [19225.019230769227, 4537.104538461538], [19225.019230769227, 4567.864569230768], [19209.63921538461, 4583.244584615384], [19194.259199999993, 4598.624599999999], [19194.259199999993, 4629.38463076923], [19194.259199999993, 4660.144661538461], [19194.259199999993, 4690.904692307692], [19194.259199999993, 4721.664723076922], [19194.259199999993, 4752.424753846153], [19194.259199999993, 4783.184784615384], [19178.87918461538, 4798.564799999999], [19163.499169230763, 4813.944815384615], [19148.11915384615, 4829.32483076923], [19132.739138461533, 4844.704846153845], [19117.359123076916, 4860.084861538461], [19086.599092307686, 4860.084861538461], [19055.839061538456, 4860.084861538461], [19025.079030769226, 4860.084861538461], [18994.318999999996, 4860.084861538461], [18963.558969230762, 4860.084861538461], [18948.17895384615, 4875.464876923076], [18932.798938461532, 4890.844892307691], [18902.038907692302, 4890.844892307691], [18886.65889230769, 4906.224907692307], [18871.278876923072, 4921.604923076922], [18855.898861538455, 4936.984938461538], [18840.518846153842, 4952.364953846153], [18825.138830769225, 4967.744969230768], [18809.75881538461, 4983.124984615384], [18794.378799999995, 4998.504999999999], [18778.998784615378, 5013.885015384615], [18763.618769230765, 5029.26503076923], [18748.238753846148, 5044.645046153845], [18732.858738461535, 5060.025061538461], [18717.478723076918, 5075.405076923076], [18702.0987076923, 5090.785092307691], [18686.718692307688, 5106.165107692307], [18671.33867692307, 5121.545123076922], [18655.958661538458, 5136.925138461538], [18640.57864615384, 5152.305153846153], [18625.198630769224, 5167.685169230768], [18609.81861538461, 5183.065184615384], [18594.438599999994, 5198.445199999999], [18579.05858461538, 5213.825215384614], [18563.678569230764, 5229.20523076923], [18548.298553846147, 5244.585246153845], [18532.918538461534, 5259.965261538461]]]}, "properties": {"objectType": "annotation", "name": "P3_1_C|core_5", "classification": {"name": "core", "color": [230, 103, 103]}, "lesion_id": 5, "section": "P3_1_C", "area_um2": 26649.99999999998}}, {"type": "Feature", "geometry": {"type": "Polygon", "coordinates": [[[18532.918538461534, 5690.605692307691], [18517.538523076917, 5675.225676923076], [18502.158507692304, 5659.845661538461], [18486.778492307687, 5644.465646153845], [18471.39847692307, 5629.08563076923], [18456.018461538457, 5613.705615384614], [18456.018461538457, 5582.945584615384], [18456.018461538457, 5552.185553846153], [18456.018461538457, 5521.425523076922], [18440.63844615384, 5506.045507692307], [18425.258430769227, 5490.665492307691], [18409.87841538461, 5475.285476923076], [18394.498399999993, 5459.905461538461], [18379.11838461538, 5444.525446153845], [18363.738369230763, 5429.14543076923], [18348.35835384615, 5413.765415384614], [18332.978338461533, 5398.385399999999], [18348.35835384615, 5383.005384615384], [18363.738369230763, 5367.625369230768], [18363.738369230763, 5336.865338461538], [18363.738369230763, 5306.105307692307], [18348.35835384615, 5290.725292307691], [18332.978338461533, 5275.345276923076], [18317.598323076916, 5259.965261538461], [18302.218307692303, 5244.585246153845], [18302.218307692303, 5213.825215384614], [18286.838292307686, 5198.445199999999], [18271.458276923073, 5183.065184615384], [18271.458276923073, 5152.305153846153], [18286.838292307686, 5136.925138461538], [18302.218307692303, 5121.545123076922], [18302.218307692303, 5090.785092307691], [18302.218307692303, 5060.025061538461], [18302.218307692303, 5029.26503076923], [18302.218307692303, 4998.504999999999], [18317.598323076916, 4983.124984615384], [18332.978338461533, 4967.744969230768], [18332.978338461533, 4936.984938461538], [18348.35835384615, 4921.604923076922], [18363.738369230763, 4906.224907692307], [18363.738369230763, 4875.464876923076], [18379.11838461538, 4860.084861538461], [18394.498399999993, 4844.704846153845], [18409.87841538461, 4829.32483076923], [18425.258430769227, 4813.944815384615], [18440.63844615384, 4798.564799999999], [18456.018461538457, 4783.184784615384], [18456.018461538457, 4752.424753846153], [18471.39847692307, 4737.044738461538], [18486.778492307687, 4721.664723076922], [18502.158507692304, 4706.284707692307], [18517.538523076917, 4690.904692307692], [18517.538523076917, 4660.144661538461], [18532.918538461534, 4644.764646153845], [18548.298553846147, 4629.38463076923], [18563.678569230764, 4614.004615384615], [18579.05858461538, 4598.624599999999], [18594.438599999994, 4583.244584615384], [18609.81861538461, 4567.864569230768], [18625.198630769224, 4552.484553846153], [18640.57864615384, 4537.104538461538], [18655.958661538458, 4521.724523076922], [18671.33867692307, 4506.344507692307], [18686.718692307688, 4490.964492307692], [18702.0987076923, 4475.584476923076], [18717.478723076918, 4460.204461538461], [18732.858738461535, 4444.824446153845], [18748.238753846148, 4429.44443076923], [18763.618769230765, 4414.064415384615], [18778.998784615378, 4398.684399999999], [18794.378799999995, 4383.304384615384], [18809.75881538461, 4367.924369230769], [18825.138830769225, 4352.544353846153], [18840.518846153842, 4337.164338461538], [18871.278876923072, 4337.164338461538], [18886.65889230769, 4321.784323076922], [18902.038907692302, 4306.404307692307], [18917.41892307692, 4291.024292307692], [18932.798938461532, 4275.644276923076], [18963.558969230762, 4275.644276923076], [18994.318999999996, 4275.644276923076], [19009.69901538461, 4291.024292307692], [19025.079030769226, 4306.404307692307], [19040.45904615384, 4291.024292307692], [19055.839061538456, 4275.644276923076], [19071.219076923073, 4291.024292307692], [19086.599092307686, 4306.404307692307], [19101.979107692303, 4291.024292307692], [19117.359123076916, 4275.644276923076], [19148.11915384615, 4275.644276923076], [19178.87918461538, 4275.644276923076], [19194.259199999993, 4260.264261538461], [19209.63921538461, 4244.884246153845], [19225.019230769227, 4260.264261538461], [19240.39924615384, 4275.644276923076], [19271.15927692307, 4275.644276923076], [19301.919307692304, 4275.644276923076], [19332.679338461534, 4275.644276923076], [19348.059353846147, 4260.264261538461], [19363.439369230764, 4244.884246153845], [19378.81938461538, 4229.50423076923], [19394.199399999994, 4214.124215384615], [19409.57941538461, 4198.744199999999], [19424.959430769224, 4183.364184615384], [19440.33944615384, 4167.984169230769], [19455.719461538458, 4152.604153846153], [19486.479492307688, 4152.604153846153], [19517.239523076918, 4152.604153846153], [19532.619538461535, 4137.224138461538], [19547.999553846148, 4121.844123076922], [19563.379569230765, 4137.224138461538], [19578.759584615378, 4152.604153846153], [19594.139599999995, 4167.984169230769], [19609.51961538461, 4183.364184615384], [19624.899630769225, 4198.744199999999], [19609.51961538461, 4214.124215384615], [19594.139599999995, 4229.50423076923], [19594.139599999995, 4260.264261538461], [19578.759584615378, 4275.644276923076], [19563.379569230765, 4291.024292307692], [19547.999553846148, 4306.404307692307], [19532.619538461535, 4321.784323076922], [19532.619538461535, 4352.544353846153], [19517.239523076918, 4367.924369230769], [19501.8595076923, 4383.304384615384], [19501.8595076923, 4414.064415384615], [19486.479492307688, 4429.44443076923], [19471.09947692307, 4444.824446153845], [19455.719461538458, 4460.204461538461], [19440.33944615384, 4475.584476923076], [19440.33944615384, 4506.344507692307], [19424.959430769224, 4521.724523076922], [19409.57941538461, 4537.104538461538], [19409.57941538461, 4567.864569230768], [19409.57941538461, 4598.624599999999], [19394.199399999994, 4614.004615384615], [19378.81938461538, 4629.38463076923], [19378.81938461538, 4660.144661538461], [19378.81938461538, 4690.904692307692], [19378.81938461538, 4721.664723076922], [19378.81938461538, 4752.424753846153], [19378.81938461538, 4783.184784615384], [19378.81938461538, 4813.944815384615], [19363.439369230764, 4829.32483076923], [19348.059353846147, 4844.704846153845], [19348.059353846147, 4875.464876923076], [19348.059353846147, 4906.224907692307], [19332.679338461534, 4921.604923076922], [19317.299323076917, 4936.984938461538], [19301.919307692304, 4952.364953846153], [19286.539292307687, 4967.744969230768], [19271.15927692307, 4983.124984615384], [19240.39924615384, 4983.124984615384], [19225.019230769227, 4998.504999999999], [19209.63921538461, 5013.885015384615], [19194.259199999993, 5029.26503076923], [19178.87918461538, 5044.645046153845], [19148.11915384615, 5044.645046153845], [19117.359123076916, 5044.645046153845], [19086.599092307686, 5044.645046153845], [19055.839061538456, 5044.645046153845], [19025.079030769226, 5044.645046153845], [18994.318999999996, 5044.645046153845], [18978.93898461538, 5060.025061538461], [18963.558969230762, 5075.405076923076], [18948.17895384615, 5090.785092307691], [18932.798938461532, 5106.165107692307], [18917.41892307692, 5121.545123076922], [18902.038907692302, 5136.925138461538], [18886.65889230769, 5152.305153846153], [18871.278876923072, 5167.685169230768], [18855.898861538455, 5183.065184615384], [18840.518846153842, 5198.445199999999], [18825.138830769225, 5213.825215384614], [18809.75881538461, 5229.20523076923], [18794.378799999995, 5244.585246153845], [18778.998784615378, 5259.965261538461], [18763.618769230765, 5275.345276923076], [18748.238753846148, 5290.725292307691], [18732.858738461535, 5306.105307692307], [18717.478723076918, 5321.485323076922], [18702.0987076923, 5336.865338461538], [18686.718692307688, 5352.245353846153], [18671.33867692307, 5367.625369230768], [18655.958661538458, 5383.005384615384], [18640.57864615384, 5398.385399999999], [18625.198630769224, 5413.765415384614], [18609.81861538461, 5429.14543076923], [18625.198630769224, 5444.525446153845], [18640.57864615384, 5459.905461538461], [18640.57864615384, 5490.665492307691], [18625.198630769224, 5506.045507692307], [18609.81861538461, 5521.425523076922], [18609.81861538461, 5552.185553846153], [18609.81861538461, 5582.945584615384], [18609.81861538461, 5613.705615384614], [18594.438599999994, 5629.08563076923], [18579.05858461538, 5644.465646153845], [18563.678569230764, 5659.845661538461], [18548.298553846147, 5675.225676923076], [18532.918538461534, 5690.605692307691]], [[18548.298553846147, 5244.585246153845], [18563.678569230764, 5229.20523076923], [18579.05858461538, 5213.825215384614], [18594.438599999994, 5198.445199999999], [18609.81861538461, 5183.065184615384], [18625.198630769224, 5167.685169230768], [18640.57864615384, 5152.305153846153], [18655.958661538458, 5136.925138461538], [18671.33867692307, 5121.545123076922], [18686.718692307688, 5106.165107692307], [18702.0987076923, 5090.785092307691], [18717.478723076918, 5075.405076923076], [18732.858738461535, 5060.025061538461], [18748.238753846148, 5044.645046153845], [18763.618769230765, 5029.26503076923], [18778.998784615378, 5013.885015384615], [18794.378799999995, 4998.504999999999], [18809.75881538461, 4983.124984615384], [18825.138830769225, 4967.744969230768], [18840.518846153842, 4952.364953846153], [18855.898861538455, 4936.984938461538], [18871.278876923072, 4921.604923076922], [18886.65889230769, 4906.224907692307], [18902.038907692302, 4890.844892307691], [18932.798938461532, 4890.844892307691], [18948.17895384615, 4875.464876923076], [18963.558969230762, 4860.084861538461], [18994.318999999996, 4860.084861538461], [19025.079030769226, 4860.084861538461], [19055.839061538456, 4860.084861538461], [19086.599092307686, 4860.084861538461], [19117.359123076916, 4860.084861538461], [19132.739138461533, 4844.704846153845], [19148.11915384615, 4829.32483076923], [19163.499169230763, 4813.944815384615], [19178.87918461538, 4798.564799999999], [19194.259199999993, 4783.184784615384], [19194.259199999993, 4752.424753846153], [19194.259199999993, 4721.664723076922], [19194.259199999993, 4690.904692307692], [19194.259199999993, 4660.144661538461], [19194.259199999993, 4629.38463076923], [19194.259199999993, 4598.624599999999], [19209.63921538461, 4583.244584615384], [19225.019230769227, 4567.864569230768], [19225.019230769227, 4537.104538461538], [19225.019230769227, 4506.344507692307], [19240.39924615384, 4490.964492307692], [19255.779261538457, 4475.584476923076], [19240.39924615384, 4460.204461538461], [19209.63921538461, 4460.204461538461], [19178.87918461538, 4460.204461538461], [19148.11915384615, 4460.204461538461], [19132.739138461533, 4475.584476923076], [19117.359123076916, 4490.964492307692], [19086.599092307686, 4490.964492307692], [19055.839061538456, 4490.964492307692], [19025.079030769226, 4490.964492307692], [18994.318999999996, 4490.964492307692], [18963.558969230762, 4490.964492307692], [18932.798938461532, 4490.964492307692], [18917.41892307692, 4506.344507692307], [18902.038907692302, 4521.724523076922], [18886.65889230769, 4537.104538461538], [18871.278876923072, 4552.484553846153], [18855.898861538455, 4567.864569230768], [18840.518846153842, 4583.244584615384], [18825.138830769225, 4598.624599999999], [18809.75881538461, 4614.004615384615], [18794.378799999995, 4629.38463076923], [18778.998784615378, 4644.764646153845], [18763.618769230765, 4660.144661538461], [18748.238753846148, 4675.524676923076], [18732.858738461535, 4690.904692307692], [18717.478723076918, 4706.284707692307], [18702.0987076923, 4721.664723076922], [18686.718692307688, 4737.044738461538], [18671.33867692307, 4752.424753846153], [18671.33867692307, 4783.184784615384], [18655.958661538458, 4798.564799999999], [18640.57864615384, 4813.944815384615], [18625.198630769224, 4829.32483076923], [18609.81861538461, 4844.704846153845], [18609.81861538461, 4875.464876923076], [18594.438599999994, 4890.844892307691], [18579.05858461538, 4906.224907692307], [18563.678569230764, 4921.604923076922], [18548.298553846147, 4936.984938461538], [18532.918538461534, 4952.364953846153], [18517.538523076917, 4967.744969230768], [18517.538523076917, 4998.504999999999], [18502.158507692304, 5013.885015384615], [18486.778492307687, 5029.26503076923], [18486.778492307687, 5060.025061538461], [18486.778492307687, 5090.785092307691], [18486.778492307687, 5121.545123076922], [18486.778492307687, 5152.305153846153], [18486.778492307687, 5183.065184615384], [18502.158507692304, 5198.445199999999], [18517.538523076917, 5213.825215384614], [18517.538523076917, 5244.585246153845], [18532.918538461534, 5259.965261538461], [18548.298553846147, 5244.585246153845]]]}, "properties": {"objectType": "annotation", "name": "P3_1_C|rim_5", "classification": {"name": "rim", "color": [201, 133, 0]}, "lesion_id": 5, "section": "P3_1_C", "area_um2": 68200.00000000006}}, {"type": "Feature", "geometry": {"type": "Polygon", "coordinates": [[[25453.925461538456, 7290.127292307691], [25423.165430769222, 7290.127292307691], [25392.405399999992, 7290.127292307691], [25377.02538461538, 7274.747276923076], [25361.645369230762, 7259.36726153846], [25346.26535384615, 7243.987246153845], [25330.885338461532, 7228.607230769229], [25315.505323076915, 7213.227215384614], [25300.125307692302, 7197.847199999999], [25269.365276923072, 7197.847199999999], [25253.985261538455, 7182.467184615383], [25238.60524615384, 7167.087169230768], [25223.225230769225, 7151.707153846152], [25207.84521538461, 7136.327138461537], [25192.465199999995, 7120.947123076922], [25177.08518461538, 7105.567107692306], [25161.70516923076, 7090.187092307691], [25161.70516923076, 7059.42706153846], [25146.325153846148, 7044.047046153845], [25130.94513846153, 7028.667030769229], [25130.94513846153, 6997.906999999999], [25130.94513846153, 6967.146969230768], [25130.94513846153, 6936.386938461537], [25130.94513846153, 6905.626907692306], [25130.94513846153, 6874.866876923076], [25130.94513846153, 6844.106846153845], [25130.94513846153, 6813.346815384614], [25130.94513846153, 6782.586784615383], [25130.94513846153, 6751.826753846153], [25130.94513846153, 6721.066723076922], [25130.94513846153, 6690.306692307691], [25115.565123076918, 6674.926676923076], [25100.1851076923, 6659.54666153846], [25100.1851076923, 6628.78663076923], [25100.1851076923, 6598.026599999999], [25084.805092307684, 6582.646584615383], [25069.42507692307, 6567.266569230768], [25069.42507692307, 6536.506538461537], [25069.42507692307, 6505.746507692306], [25054.045061538454, 6490.366492307691], [25038.66504615384, 6474.986476923076], [25038.66504615384, 6444.226446153845], [25023.285030769224, 6428.84643076923], [25007.905015384607, 6413.466415384614], [25007.905015384607, 6382.706384615383], [25007.905015384607, 6351.946353846153], [24992.524999999994, 6336.566338461537], [24977.144984615377, 6321.186323076922], [24977.144984615377, 6290.426292307691], [24961.764969230764, 6275.046276923076], [24946.384953846147, 6259.66626153846], [24946.384953846147, 6228.90623076923], [24946.384953846147, 6198.146199999999], [24961.764969230764, 6182.766184615383], [24977.144984615377, 6167.386169230768], [24992.524999999994, 6152.006153846153], [25007.905015384607, 6136.626138461537], [25007.905015384607, 6105.866107692307], [25023.285030769224, 6090.486092307691], [25038.66504615384, 6075.106076923076], [25038.66504615384, 6044.346046153845], [25038.66504615384, 6013.586015384614], [25038.66504615384, 5982.825984615384], [25054.045061538454, 5967.445969230768], [25069.42507692307, 5952.065953846153], [25069.42507692307, 5921.305923076922], [25069.42507692307, 5890.545892307691], [25084.805092307684, 5875.165876923076], [25100.1851076923, 5859.78586153846], [25115.565123076918, 5844.405846153845], [25130.94513846153, 5829.02583076923], [25146.325153846148, 5813.645815384614], [25161.70516923076, 5798.265799999999], [25177.08518461538, 5782.885784615384], [25192.465199999995, 5767.505769230768], [25207.84521538461, 5752.125753846153], [25223.225230769225, 5736.745738461537], [25238.60524615384, 5721.365723076922], [25253.985261538455, 5705.985707692307], [25269.365276923072, 5690.605692307691], [25284.745292307685, 5705.985707692307], [25300.125307692302, 5721.365723076922], [25330.885338461532, 5721.365723076922], [25346.26535384615, 5736.745738461537], [25361.645369230762, 5752.125753846153], [25377.02538461538, 5736.745738461537], [25392.405399999992, 5721.365723076922], [25407.78541538461, 5736.745738461537], [25423.165430769222, 5752.125753846153], [25453.925461538456, 5752.125753846153], [25484.685492307686, 5752.125753846153], [25515.445523076916, 5752.125753846153], [25546.205553846146, 5752.125753846153], [25561.585569230763, 5736.745738461537], [25576.965584615376, 5721.365723076922], [25592.345599999993, 5705.985707692307], [25607.72561538461, 5690.605692307691], [25623.105630769223, 5675.225676923076], [25623.105630769223, 5644.465646153845], [25623.105630769223, 5613.705615384614], [25607.72561538461, 5598.325599999999], [25592.345599999993, 5582.945584615384], [25592.345599999993, 5552.185553846153], [25592.345599999993, 5521.425523076922], [25592.345599999993, 5490.665492307691], [25592.345599999993, 5459.905461538461], [25592.345599999993, 5429.14543076923], [25592.345599999993, 5398.385399999999], [25576.965584615376, 5383.005384615384], [25561.585569230763, 5367.625369230768], [25561.585569230763, 5336.865338461538], [25561.585569230763, 5306.105307692307], [25561.585569230763, 5275.345276923076], [25561.585569230763, 5244.585246153845], [25561.585569230763, 5213.825215384614], [25576.965584615376, 5198.445199999999], [25592.345599999993, 5183.065184615384], [25592.345599999993, 5152.305153846153], [25592.345599999993, 5121.545123076922], [25592.345599999993, 5090.785092307691], [25592.345599999993, 5060.025061538461], [25592.345599999993, 5029.26503076923], [25592.345599999993, 4998.504999999999], [25576.965584615376, 4983.124984615384], [25561.585569230763, 4967.744969230768], [25561.585569230763, 4936.984938461538], [25561.585569230763, 4906.224907692307], [25561.585569230763, 4875.464876923076], [25546.205553846146, 4860.084861538461], [25530.825538461533, 4844.704846153845], [25530.825538461533, 4813.944815384615], [25530.825538461533, 4783.184784615384], [25530.825538461533, 4752.424753846153], [25546.205553846146, 4737.044738461538], [25561.585569230763, 4721.664723076922], [25576.965584615376, 4706.284707692307], [25592.345599999993, 4690.904692307692], [25607.72561538461, 4675.524676923076], [25623.105630769223, 4660.144661538461], [25638.48564615384, 4644.764646153845], [25669.24567692307, 4644.764646153845], [25700.0057076923, 4644.764646153845], [25715.385723076917, 4629.38463076923], [25730.76573846153, 4614.004615384615], [25746.145753846147, 4598.624599999999], [25761.525769230764, 4583.244584615384], [25776.905784615377, 4567.864569230768], [25792.285799999994, 4552.484553846153], [25807.665815384607, 4537.104538461538], [25823.045830769224, 4521.724523076922], [25838.42584615384, 4506.344507692307], [25853.805861538454, 4490.964492307692], [25884.565892307684, 4490.964492307692], [25899.9459076923, 4475.584476923076], [25915.325923076918, 4460.204461538461], [25930.70593846153, 4444.824446153845], [25946.08595384615, 4429.44443076923], [25961.46596923076, 4414.064415384615], [25976.84598461538, 4398.684399999999], [25992.225999999995, 4383.304384615384], [25992.225999999995, 4352.544353846153], [25976.84598461538, 4337.164338461538], [25961.46596923076, 4321.784323076922], [25976.84598461538, 4306.404307692307], [25992.225999999995, 4291.024292307692], [26007.60601538461, 4275.644276923076], [26022.986030769225, 4260.264261538461], [26038.36604615384, 4244.884246153845], [26069.12607692307, 4244.884246153845], [26099.886107692302, 4244.884246153845], [26130.646138461532, 4244.884246153845], [26146.026153846145, 4229.50423076923], [26161.406169230762, 4214.124215384615], [26176.78618461538, 4229.50423076923], [26192.166199999992, 4244.884246153845], [26222.926230769222, 4244.884246153845], [26253.686261538456, 4244.884246153845], [26284.446292307686, 4244.884246153845], [26299.8263076923, 4260.264261538461], [26315.206323076916, 4275.644276923076], [26330.586338461533, 4291.024292307692], [26345.966353846146, 4306.404307692307], [26376.726384615376, 4306.404307692307], [26392.106399999993, 4321.784323076922], [26407.48641538461, 4337.164338461538], [26422.866430769223, 4352.544353846153], [26438.24644615384, 4367.924369230769], [26453.626461538453, 4383.304384615384], [26453.626461538453, 4414.064415384615], [26453.626461538453, 4444.824446153845], [26438.24644615384, 4460.204461538461], [26422.866430769223, 4475.584476923076], [26422.866430769223, 4506.344507692307], [26407.48641538461, 4521.724523076922], [26392.106399999993, 4537.104538461538], [26392.106399999993, 4567.864569230768], [26376.726384615376, 4583.244584615384], [26361.346369230763, 4598.624599999999], [26361.346369230763, 4629.38463076923], [26345.966353846146, 4644.764646153845], [26330.586338461533, 4660.144661538461], [26330.586338461533, 4690.904692307692], [26315.206323076916, 4706.284707692307], [26299.8263076923, 4721.664723076922], [26315.206323076916, 4737.044738461538], [26330.586338461533, 4752.424753846153], [26330.586338461533, 4783.184784615384], [26330.586338461533, 4813.944815384615], [26345.966353846146, 4829.32483076923], [26361.346369230763, 4844.704846153845], [26361.346369230763, 4875.464876923076], [26361.346369230763, 4906.224907692307], [26376.726384615376, 4921.604923076922], [26392.106399999993, 4936.984938461538], [26376.726384615376, 4952.364953846153], [26361.346369230763, 4967.744969230768], [26361.346369230763, 4998.504999999999], [26376.726384615376, 5013.885015384615], [26392.106399999993, 5029.26503076923], [26376.726384615376, 5044.645046153845], [26361.346369230763, 5060.025061538461], [26361.346369230763, 5090.785092307691], [26345.966353846146, 5106.165107692307], [26330.586338461533, 5121.545123076922], [26330.586338461533, 5152.305153846153], [26330.586338461533, 5183.065184615384], [26315.206323076916, 5198.445199999999], [26299.8263076923, 5213.825215384614], [26284.446292307686, 5229.20523076923], [26269.06627692307, 5244.585246153845], [26253.686261538456, 5259.965261538461], [26222.926230769222, 5259.965261538461], [26192.166199999992, 5259.965261538461], [26176.78618461538, 5275.345276923076], [26161.406169230762, 5290.725292307691], [26130.646138461532, 5290.725292307691], [26099.886107692302, 5290.725292307691], [26084.506092307685, 5275.345276923076], [26069.12607692307, 5259.965261538461], [26053.746061538455, 5275.345276923076], [26038.36604615384, 5290.725292307691], [26022.986030769225, 5306.105307692307], [26007.60601538461, 5321.485323076922], [25976.84598461538, 5321.485323076922], [25961.46596923076, 5336.865338461538], [25946.08595384615, 5352.245353846153], [25930.70593846153, 5367.625369230768], [25915.325923076918, 5383.005384615384], [25899.9459076923, 5398.385399999999], [25884.565892307684, 5413.765415384614], [25869.18587692307, 5429.14543076923], [25884.565892307684, 5444.525446153845], [25899.9459076923, 5459.905461538461], [25884.565892307684, 5475.285476923076], [25869.18587692307, 5490.665492307691], [25853.805861538454, 5506.045507692307], [25838.42584615384, 5521.425523076922], [25823.045830769224, 5536.805538461537], [25807.665815384607, 5552.185553846153], [25807.665815384607, 5582.945584615384], [25807.665815384607, 5613.705615384614], [25823.045830769224, 5629.08563076923], [25838.42584615384, 5644.465646153845], [25838.42584615384, 5675.225676923076], [25838.42584615384, 5705.985707692307], [25853.805861538454, 5721.365723076922], [25869.18587692307, 5736.745738461537], [25884.565892307684, 5752.125753846153], [25899.9459076923, 5767.505769230768], [25915.325923076918, 5782.885784615384], [25930.70593846153, 5798.265799999999], [25946.08595384615, 5813.645815384614], [25976.84598461538, 5813.645815384614], [25992.225999999995, 5829.02583076923], [26007.60601538461, 5844.405846153845], [26022.986030769225, 5859.78586153846], [26038.36604615384, 5875.165876923076], [26069.12607692307, 5875.165876923076], [26084.506092307685, 5890.545892307691], [26099.886107692302, 5905.925907692307], [26115.266123076915, 5921.305923076922], [26130.646138461532, 5936.685938461537], [26146.026153846145, 5952.065953846153], [26161.406169230762, 5967.445969230768], [26176.78618461538, 5982.825984615384], [26192.166199999992, 5998.205999999999], [26207.54621538461, 6013.586015384614], [26207.54621538461, 6044.346046153845], [26207.54621538461, 6075.106076923076], [26207.54621538461, 6105.866107692307], [26207.54621538461, 6136.626138461537], [26192.166199999992, 6152.006153846153], [26176.78618461538, 6167.386169230768], [26161.406169230762, 6182.766184615383], [26146.026153846145, 6198.146199999999], [26130.646138461532, 6213.526215384614], [26115.266123076915, 6228.90623076923], [26099.886107692302, 6244.286246153845], [26084.506092307685, 6259.66626153846], [26069.12607692307, 6275.046276923076], [26038.36604615384, 6275.046276923076], [26007.60601538461, 6275.046276923076], [25992.225999999995, 6290.426292307691], [25976.84598461538, 6305.806307692307], [25961.46596923076, 6321.186323076922], [25946.08595384615, 6336.566338461537], [25930.70593846153, 6351.946353846153], [25915.325923076918, 6367.326369230768], [25899.9459076923, 6382.706384615383], [25884.565892307684, 6398.086399999999], [25853.805861538454, 6398.086399999999], [25838.42584615384, 6413.466415384614], [25823.045830769224, 6428.84643076923], [25807.665815384607, 6444.226446153845], [25792.285799999994, 6459.60646153846], [25761.525769230764, 6459.60646153846], [25746.145753846147, 6474.986476923076], [25730.76573846153, 6490.366492307691], [25700.0057076923, 6490.366492307691], [25684.625692307687, 6505.746507692306], [25669.24567692307, 6521.126523076922], [25638.48564615384, 6521.126523076922], [25623.105630769223, 6536.506538461537], [25607.72561538461, 6551.886553846153], [25592.345599999993, 6567.266569230768], [25576.965584615376, 6582.646584615383], [25561.585569230763, 6598.026599999999], [25546.205553846146, 6613.406615384614], [25530.825538461533, 6628.78663076923], [25515.445523076916, 6644.166646153845], [25500.0655076923, 6659.54666153846], [25500.0655076923, 6690.306692307691], [25484.685492307686, 6705.686707692306], [25469.30547692307, 6721.066723076922], [25484.685492307686, 6736.446738461537], [25500.0655076923, 6751.826753846153], [25515.445523076916, 6767.206769230768], [25530.825538461533, 6782.586784615383], [25546.205553846146, 6797.966799999999], [25561.585569230763, 6813.346815384614], [25576.965584615376, 6828.726830769229], [25592.345599999993, 6844.106846153845], [25607.72561538461, 6859.48686153846], [25623.105630769223, 6874.866876923076], [25638.48564615384, 6890.246892307691], [25669.24567692307, 6890.246892307691], [25684.625692307687, 6905.626907692306], [25700.0057076923, 6921.006923076922], [25715.385723076917, 6936.386938461537], [25730.76573846153, 6951.766953846153], [25746.145753846147, 6967.146969230768], [25761.525769230764, 6982.526984615383], [25776.905784615377, 6997.906999999999], [25761.525769230764, 7013.287015384614], [25746.145753846147, 7028.667030769229], [25730.76573846153, 7044.047046153845], [25715.385723076917, 7059.42706153846], [25700.0057076923, 7074.807076923076], [25684.625692307687, 7090.187092307691], [25669.24567692307, 7105.567107692306], [25638.48564615384, 7105.567107692306], [25607.72561538461, 7105.567107692306], [25592.345599999993, 7120.947123076922], [25576.965584615376, 7136.327138461537], [25561.585569230763, 7151.707153846152], [25546.205553846146, 7167.087169230768], [25530.825538461533, 7182.467184615383], [25530.825538461533, 7213.227215384614], [25515.445523076916, 7228.607230769229], [25500.0655076923, 7243.987246153845], [25484.685492307686, 7259.36726153846], [25469.30547692307, 7274.747276923076], [25453.925461538456, 7290.127292307691]]]}, "properties": {"objectType": "annotation", "name": "R1_2_T|lesion_6", "classification": {"name": "lesion", "color": [255, 0, 0]}, "lesion_id": 6, "section": "R1_2_T", "area_um2": 203649.99999999997}}, {"type": "Feature", "geometry": {"type": "MultiPolygon", "coordinates": [[[[25807.665815384607, 5213.825215384614], [25823.045830769224, 5198.445199999999], [25838.42584615384, 5183.065184615384], [25853.805861538454, 5167.685169230768], [25884.565892307684, 5167.685169230768], [25899.9459076923, 5152.305153846153], [25915.325923076918, 5136.925138461538], [25930.70593846153, 5121.545123076922], [25946.08595384615, 5106.165107692307], [25976.84598461538, 5106.165107692307], [25992.225999999995, 5090.785092307691], [26007.60601538461, 5075.405076923076], [26038.36604615384, 5075.405076923076], [26069.12607692307, 5075.405076923076], [26099.886107692302, 5075.405076923076], [26130.646138461532, 5075.405076923076], [26146.026153846145, 5060.025061538461], [26161.406169230762, 5044.645046153845], [26176.78618461538, 5029.26503076923], [26176.78618461538, 4998.504999999999], [26176.78618461538, 4967.744969230768], [26176.78618461538, 4936.984938461538], [26176.78618461538, 4906.224907692307], [26161.406169230762, 4890.844892307691], [26146.026153846145, 4875.464876923076], [26146.026153846145, 4844.704846153845], [26146.026153846145, 4813.944815384615], [26130.646138461532, 4798.564799999999], [26115.266123076915, 4783.184784615384], [26115.266123076915, 4752.424753846153], [26115.266123076915, 4721.664723076922], [26115.266123076915, 4690.904692307692], [26115.266123076915, 4660.144661538461], [26130.646138461532, 4644.764646153845], [26146.026153846145, 4629.38463076923], [26146.026153846145, 4598.624599999999], [26161.406169230762, 4583.244584615384], [26176.78618461538, 4567.864569230768], [26176.78618461538, 4537.104538461538], [26192.166199999992, 4521.724523076922], [26207.54621538461, 4506.344507692307], [26207.54621538461, 4475.584476923076], [26207.54621538461, 4444.824446153845], [26192.166199999992, 4429.44443076923], [26176.78618461538, 4444.824446153845], [26161.406169230762, 4460.204461538461], [26146.026153846145, 4475.584476923076], [26146.026153846145, 4506.344507692307], [26130.646138461532, 4521.724523076922], [26115.266123076915, 4537.104538461538], [26099.886107692302, 4552.484553846153], [26084.506092307685, 4567.864569230768], [26069.12607692307, 4583.244584615384], [26053.746061538455, 4598.624599999999], [26038.36604615384, 4614.004615384615], [26022.986030769225, 4629.38463076923], [26007.60601538461, 4644.764646153845], [25976.84598461538, 4644.764646153845], [25961.46596923076, 4660.144661538461], [25946.08595384615, 4675.524676923076], [25930.70593846153, 4690.904692307692], [25915.325923076918, 4706.284707692307], [25899.9459076923, 4721.664723076922], [25884.565892307684, 4737.044738461538], [25869.18587692307, 4752.424753846153], [25853.805861538454, 4767.804769230768], [25838.42584615384, 4783.184784615384], [25823.045830769224, 4798.564799999999], [25792.285799999994, 4798.564799999999], [25776.905784615377, 4813.944815384615], [25761.525769230764, 4829.32483076923], [25746.145753846147, 4844.704846153845], [25746.145753846147, 4875.464876923076], [25746.145753846147, 4906.224907692307], [25761.525769230764, 4921.604923076922], [25776.905784615377, 4936.984938461538], [25776.905784615377, 4967.744969230768], [25776.905784615377, 4998.504999999999], [25776.905784615377, 5029.26503076923], [25776.905784615377, 5060.025061538461], [25776.905784615377, 5090.785092307691], [25776.905784615377, 5121.545123076922], [25776.905784615377, 5152.305153846153], [25776.905784615377, 5183.065184615384], [25776.905784615377, 5213.825215384614], [25792.285799999994, 5229.20523076923], [25807.665815384607, 5213.825215384614]]], [[[25330.885338461532, 6582.646584615383], [25346.26535384615, 6567.266569230768], [25346.26535384615, 6536.506538461537], [25361.645369230762, 6521.126523076922], [25377.02538461538, 6505.746507692306], [25392.405399999992, 6490.366492307691], [25407.78541538461, 6474.986476923076], [25423.165430769222, 6459.60646153846], [25438.54544615384, 6444.226446153845], [25453.925461538456, 6428.84643076923], [25469.30547692307, 6413.466415384614], [25484.685492307686, 6398.086399999999], [25500.0655076923, 6382.706384615383], [25515.445523076916, 6367.326369230768], [25546.205553846146, 6367.326369230768], [25561.585569230763, 6351.946353846153], [25576.965584615376, 6336.566338461537], [25607.72561538461, 6336.566338461537], [25623.105630769223, 6321.186323076922], [25638.48564615384, 6305.806307692307], [25669.24567692307, 6305.806307692307], [25684.625692307687, 6290.426292307691], [25700.0057076923, 6275.046276923076], [25715.385723076917, 6259.66626153846], [25730.76573846153, 6244.286246153845], [25761.525769230764, 6244.286246153845], [25776.905784615377, 6228.90623076923], [25792.285799999994, 6213.526215384614], [25807.665815384607, 6198.146199999999], [25823.045830769224, 6182.766184615383], [25838.42584615384, 6167.386169230768], [25853.805861538454, 6152.006153846153], [25869.18587692307, 6136.626138461537], [25884.565892307684, 6121.246123076922], [25915.325923076918, 6121.246123076922], [25930.70593846153, 6105.866107692307], [25946.08595384615, 6090.486092307691], [25976.84598461538, 6090.486092307691], [25992.225999999995, 6075.106076923076], [25976.84598461538, 6059.72606153846], [25961.46596923076, 6044.346046153845], [25946.08595384615, 6028.96603076923], [25915.325923076918, 6028.96603076923], [25899.9459076923, 6013.586015384614], [25884.565892307684, 5998.205999999999], [25869.18587692307, 5982.825984615384], [25853.805861538454, 5967.445969230768], [25823.045830769224, 5967.445969230768], [25807.665815384607, 5952.065953846153], [25792.285799999994, 5936.685938461537], [25776.905784615377, 5921.305923076922], [25761.525769230764, 5905.925907692307], [25746.145753846147, 5890.545892307691], [25730.76573846153, 5875.165876923076], [25700.0057076923, 5875.165876923076], [25684.625692307687, 5890.545892307691], [25669.24567692307, 5905.925907692307], [25638.48564615384, 5905.925907692307], [25623.105630769223, 5921.305923076922], [25607.72561538461, 5936.685938461537], [25576.965584615376, 5936.685938461537], [25546.205553846146, 5936.685938461537], [25515.445523076916, 5936.685938461537], [25484.685492307686, 5936.685938461537], [25453.925461538456, 5936.685938461537], [25423.165430769222, 5936.685938461537], [25392.405399999992, 5936.685938461537], [25361.645369230762, 5936.685938461537], [25330.885338461532, 5936.685938461537], [25300.125307692302, 5936.685938461537], [25284.745292307685, 5952.065953846153], [25269.365276923072, 5967.445969230768], [25253.985261538455, 5982.825984615384], [25253.985261538455, 6013.586015384614], [25238.60524615384, 6028.96603076923], [25223.225230769225, 6044.346046153845], [25223.225230769225, 6075.106076923076], [25223.225230769225, 6105.866107692307], [25223.225230769225, 6136.626138461537], [25207.84521538461, 6152.006153846153], [25192.465199999995, 6167.386169230768], [25192.465199999995, 6198.146199999999], [25177.08518461538, 6213.526215384614], [25161.70516923076, 6228.90623076923], [25161.70516923076, 6259.66626153846], [25177.08518461538, 6275.046276923076], [25192.465199999995, 6290.426292307691], [25192.465199999995, 6321.186323076922], [25192.465199999995, 6351.946353846153], [25207.84521538461, 6367.326369230768], [25223.225230769225, 6382.706384615383], [25223.225230769225, 6413.466415384614], [25238.60524615384, 6428.84643076923], [25253.985261538455, 6444.226446153845], [25253.985261538455, 6474.986476923076], [25253.985261538455, 6505.746507692306], [25269.365276923072, 6521.126523076922], [25284.745292307685, 6536.506538461537], [25284.745292307685, 6567.266569230768], [25284.745292307685, 6598.026599999999], [25300.125307692302, 6613.406615384614], [25315.505323076915, 6598.026599999999], [25330.885338461532, 6582.646584615383]]], [[[25423.165430769222, 7013.287015384614], [25438.54544615384, 6997.906999999999], [25438.54544615384, 6967.146969230768], [25423.165430769222, 6951.766953846153], [25407.78541538461, 6936.386938461537], [25392.405399999992, 6921.006923076922], [25377.02538461538, 6905.626907692306], [25361.645369230762, 6890.246892307691], [25346.26535384615, 6874.866876923076], [25330.885338461532, 6859.48686153846], [25315.505323076915, 6874.866876923076], [25315.505323076915, 6905.626907692306], [25315.505323076915, 6936.386938461537], [25315.505323076915, 6967.146969230768], [25330.885338461532, 6982.526984615383], [25346.26535384615, 6997.906999999999], [25361.645369230762, 7013.287015384614], [25377.02538461538, 7028.667030769229], [25392.405399999992, 7044.047046153845], [25407.78541538461, 7028.667030769229], [25423.165430769222, 7013.287015384614]]]]}, "properties": {"objectType": "annotation", "name": "R1_2_T|core_6", "classification": {"name": "core", "color": [230, 103, 103]}, "lesion_id": 6, "section": "R1_2_T", "area_um2": 51550.0}}, {"type": "Feature", "geometry": {"type": "Polygon", "coordinates": [[[25453.925461538456, 7290.127292307691], [25423.165430769222, 7290.127292307691], [25392.405399999992, 7290.127292307691], [25377.02538461538, 7274.747276923076], [25361.645369230762, 7259.36726153846], [25346.26535384615, 7243.987246153845], [25330.885338461532, 7228.607230769229], [25315.505323076915, 7213.227215384614], [25300.125307692302, 7197.847199999999], [25269.365276923072, 7197.847199999999], [25253.985261538455, 7182.467184615383], [25238.60524615384, 7167.087169230768], [25223.225230769225, 7151.707153846152], [25207.84521538461, 7136.327138461537], [25192.465199999995, 7120.947123076922], [25177.08518461538, 7105.567107692306], [25161.70516923076, 7090.187092307691], [25161.70516923076, 7059.42706153846], [25146.325153846148, 7044.047046153845], [25130.94513846153, 7028.667030769229], [25130.94513846153, 6997.906999999999], [25130.94513846153, 6967.146969230768], [25130.94513846153, 6936.386938461537], [25130.94513846153, 6905.626907692306], [25130.94513846153, 6874.866876923076], [25130.94513846153, 6844.106846153845], [25130.94513846153, 6813.346815384614], [25130.94513846153, 6782.586784615383], [25130.94513846153, 6751.826753846153], [25130.94513846153, 6721.066723076922], [25130.94513846153, 6690.306692307691], [25115.565123076918, 6674.926676923076], [25100.1851076923, 6659.54666153846], [25100.1851076923, 6628.78663076923], [25100.1851076923, 6598.026599999999], [25084.805092307684, 6582.646584615383], [25069.42507692307, 6567.266569230768], [25069.42507692307, 6536.506538461537], [25069.42507692307, 6505.746507692306], [25054.045061538454, 6490.366492307691], [25038.66504615384, 6474.986476923076], [25038.66504615384, 6444.226446153845], [25023.285030769224, 6428.84643076923], [25007.905015384607, 6413.466415384614], [25007.905015384607, 6382.706384615383], [25007.905015384607, 6351.946353846153], [24992.524999999994, 6336.566338461537], [24977.144984615377, 6321.186323076922], [24977.144984615377, 6290.426292307691], [24961.764969230764, 6275.046276923076], [24946.384953846147, 6259.66626153846], [24946.384953846147, 6228.90623076923], [24946.384953846147, 6198.146199999999], [24961.764969230764, 6182.766184615383], [24977.144984615377, 6167.386169230768], [24992.524999999994, 6152.006153846153], [25007.905015384607, 6136.626138461537], [25007.905015384607, 6105.866107692307], [25023.285030769224, 6090.486092307691], [25038.66504615384, 6075.106076923076], [25038.66504615384, 6044.346046153845], [25038.66504615384, 6013.586015384614], [25038.66504615384, 5982.825984615384], [25054.045061538454, 5967.445969230768], [25069.42507692307, 5952.065953846153], [25069.42507692307, 5921.305923076922], [25069.42507692307, 5890.545892307691], [25084.805092307684, 5875.165876923076], [25100.1851076923, 5859.78586153846], [25115.565123076918, 5844.405846153845], [25130.94513846153, 5829.02583076923], [25146.325153846148, 5813.645815384614], [25161.70516923076, 5798.265799999999], [25177.08518461538, 5782.885784615384], [25192.465199999995, 5767.505769230768], [25207.84521538461, 5752.125753846153], [25223.225230769225, 5736.745738461537], [25238.60524615384, 5721.365723076922], [25253.985261538455, 5705.985707692307], [25269.365276923072, 5690.605692307691], [25284.745292307685, 5705.985707692307], [25300.125307692302, 5721.365723076922], [25330.885338461532, 5721.365723076922], [25346.26535384615, 5736.745738461537], [25361.645369230762, 5752.125753846153], [25377.02538461538, 5736.745738461537], [25392.405399999992, 5721.365723076922], [25407.78541538461, 5736.745738461537], [25423.165430769222, 5752.125753846153], [25453.925461538456, 5752.125753846153], [25484.685492307686, 5752.125753846153], [25515.445523076916, 5752.125753846153], [25546.205553846146, 5752.125753846153], [25561.585569230763, 5736.745738461537], [25576.965584615376, 5721.365723076922], [25592.345599999993, 5705.985707692307], [25607.72561538461, 5690.605692307691], [25623.105630769223, 5675.225676923076], [25623.105630769223, 5644.465646153845], [25623.105630769223, 5613.705615384614], [25607.72561538461, 5598.325599999999], [25592.345599999993, 5582.945584615384], [25592.345599999993, 5552.185553846153], [25592.345599999993, 5521.425523076922], [25592.345599999993, 5490.665492307691], [25592.345599999993, 5459.905461538461], [25592.345599999993, 5429.14543076923], [25592.345599999993, 5398.385399999999], [25576.965584615376, 5383.005384615384], [25561.585569230763, 5367.625369230768], [25561.585569230763, 5336.865338461538], [25561.585569230763, 5306.105307692307], [25561.585569230763, 5275.345276923076], [25561.585569230763, 5244.585246153845], [25561.585569230763, 5213.825215384614], [25576.965584615376, 5198.445199999999], [25592.345599999993, 5183.065184615384], [25592.345599999993, 5152.305153846153], [25592.345599999993, 5121.545123076922], [25592.345599999993, 5090.785092307691], [25592.345599999993, 5060.025061538461], [25592.345599999993, 5029.26503076923], [25592.345599999993, 4998.504999999999], [25576.965584615376, 4983.124984615384], [25561.585569230763, 4967.744969230768], [25561.585569230763, 4936.984938461538], [25561.585569230763, 4906.224907692307], [25561.585569230763, 4875.464876923076], [25546.205553846146, 4860.084861538461], [25530.825538461533, 4844.704846153845], [25530.825538461533, 4813.944815384615], [25530.825538461533, 4783.184784615384], [25530.825538461533, 4752.424753846153], [25546.205553846146, 4737.044738461538], [25561.585569230763, 4721.664723076922], [25576.965584615376, 4706.284707692307], [25592.345599999993, 4690.904692307692], [25607.72561538461, 4675.524676923076], [25623.105630769223, 4660.144661538461], [25638.48564615384, 4644.764646153845], [25669.24567692307, 4644.764646153845], [25700.0057076923, 4644.764646153845], [25715.385723076917, 4629.38463076923], [25730.76573846153, 4614.004615384615], [25746.145753846147, 4598.624599999999], [25761.525769230764, 4583.244584615384], [25776.905784615377, 4567.864569230768], [25792.285799999994, 4552.484553846153], [25807.665815384607, 4537.104538461538], [25823.045830769224, 4521.724523076922], [25838.42584615384, 4506.344507692307], [25853.805861538454, 4490.964492307692], [25884.565892307684, 4490.964492307692], [25899.9459076923, 4475.584476923076], [25915.325923076918, 4460.204461538461], [25930.70593846153, 4444.824446153845], [25946.08595384615, 4429.44443076923], [25961.46596923076, 4414.064415384615], [25976.84598461538, 4398.684399999999], [25992.225999999995, 4383.304384615384], [25992.225999999995, 4352.544353846153], [25976.84598461538, 4337.164338461538], [25961.46596923076, 4321.784323076922], [25976.84598461538, 4306.404307692307], [25992.225999999995, 4291.024292307692], [26007.60601538461, 4275.644276923076], [26022.986030769225, 4260.264261538461], [26038.36604615384, 4244.884246153845], [26069.12607692307, 4244.884246153845], [26099.886107692302, 4244.884246153845], [26130.646138461532, 4244.884246153845], [26146.026153846145, 4229.50423076923], [26161.406169230762, 4214.124215384615], [26176.78618461538, 4229.50423076923], [26192.166199999992, 4244.884246153845], [26222.926230769222, 4244.884246153845], [26253.686261538456, 4244.884246153845], [26284.446292307686, 4244.884246153845], [26299.8263076923, 4260.264261538461], [26315.206323076916, 4275.644276923076], [26330.586338461533, 4291.024292307692], [26345.966353846146, 4306.404307692307], [26376.726384615376, 4306.404307692307], [26392.106399999993, 4321.784323076922], [26407.48641538461, 4337.164338461538], [26422.866430769223, 4352.544353846153], [26438.24644615384, 4367.924369230769], [26453.626461538453, 4383.304384615384], [26453.626461538453, 4414.064415384615], [26453.626461538453, 4444.824446153845], [26438.24644615384, 4460.204461538461], [26422.866430769223, 4475.584476923076], [26422.866430769223, 4506.344507692307], [26407.48641538461, 4521.724523076922], [26392.106399999993, 4537.104538461538], [26392.106399999993, 4567.864569230768], [26376.726384615376, 4583.244584615384], [26361.346369230763, 4598.624599999999], [26361.346369230763, 4629.38463076923], [26345.966353846146, 4644.764646153845], [26330.586338461533, 4660.144661538461], [26330.586338461533, 4690.904692307692], [26315.206323076916, 4706.284707692307], [26299.8263076923, 4721.664723076922], [26315.206323076916, 4737.044738461538], [26330.586338461533, 4752.424753846153], [26330.586338461533, 4783.184784615384], [26330.586338461533, 4813.944815384615], [26345.966353846146, 4829.32483076923], [26361.346369230763, 4844.704846153845], [26361.346369230763, 4875.464876923076], [26361.346369230763, 4906.224907692307], [26376.726384615376, 4921.604923076922], [26392.106399999993, 4936.984938461538], [26376.726384615376, 4952.364953846153], [26361.346369230763, 4967.744969230768], [26361.346369230763, 4998.504999999999], [26376.726384615376, 5013.885015384615], [26392.106399999993, 5029.26503076923], [26376.726384615376, 5044.645046153845], [26361.346369230763, 5060.025061538461], [26361.346369230763, 5090.785092307691], [26345.966353846146, 5106.165107692307], [26330.586338461533, 5121.545123076922], [26330.586338461533, 5152.305153846153], [26330.586338461533, 5183.065184615384], [26315.206323076916, 5198.445199999999], [26299.8263076923, 5213.825215384614], [26284.446292307686, 5229.20523076923], [26269.06627692307, 5244.585246153845], [26253.686261538456, 5259.965261538461], [26222.926230769222, 5259.965261538461], [26192.166199999992, 5259.965261538461], [26176.78618461538, 5275.345276923076], [26161.406169230762, 5290.725292307691], [26130.646138461532, 5290.725292307691], [26099.886107692302, 5290.725292307691], [26084.506092307685, 5275.345276923076], [26069.12607692307, 5259.965261538461], [26053.746061538455, 5275.345276923076], [26038.36604615384, 5290.725292307691], [26022.986030769225, 5306.105307692307], [26007.60601538461, 5321.485323076922], [25976.84598461538, 5321.485323076922], [25961.46596923076, 5336.865338461538], [25946.08595384615, 5352.245353846153], [25930.70593846153, 5367.625369230768], [25915.325923076918, 5383.005384615384], [25899.9459076923, 5398.385399999999], [25884.565892307684, 5413.765415384614], [25869.18587692307, 5429.14543076923], [25884.565892307684, 5444.525446153845], [25899.9459076923, 5459.905461538461], [25884.565892307684, 5475.285476923076], [25869.18587692307, 5490.665492307691], [25853.805861538454, 5506.045507692307], [25838.42584615384, 5521.425523076922], [25823.045830769224, 5536.805538461537], [25807.665815384607, 5552.185553846153], [25807.665815384607, 5582.945584615384], [25807.665815384607, 5613.705615384614], [25823.045830769224, 5629.08563076923], [25838.42584615384, 5644.465646153845], [25838.42584615384, 5675.225676923076], [25838.42584615384, 5705.985707692307], [25853.805861538454, 5721.365723076922], [25869.18587692307, 5736.745738461537], [25884.565892307684, 5752.125753846153], [25899.9459076923, 5767.505769230768], [25915.325923076918, 5782.885784615384], [25930.70593846153, 5798.265799999999], [25946.08595384615, 5813.645815384614], [25976.84598461538, 5813.645815384614], [25992.225999999995, 5829.02583076923], [26007.60601538461, 5844.405846153845], [26022.986030769225, 5859.78586153846], [26038.36604615384, 5875.165876923076], [26069.12607692307, 5875.165876923076], [26084.506092307685, 5890.545892307691], [26099.886107692302, 5905.925907692307], [26115.266123076915, 5921.305923076922], [26130.646138461532, 5936.685938461537], [26146.026153846145, 5952.065953846153], [26161.406169230762, 5967.445969230768], [26176.78618461538, 5982.825984615384], [26192.166199999992, 5998.205999999999], [26207.54621538461, 6013.586015384614], [26207.54621538461, 6044.346046153845], [26207.54621538461, 6075.106076923076], [26207.54621538461, 6105.866107692307], [26207.54621538461, 6136.626138461537], [26192.166199999992, 6152.006153846153], [26176.78618461538, 6167.386169230768], [26161.406169230762, 6182.766184615383], [26146.026153846145, 6198.146199999999], [26130.646138461532, 6213.526215384614], [26115.266123076915, 6228.90623076923], [26099.886107692302, 6244.286246153845], [26084.506092307685, 6259.66626153846], [26069.12607692307, 6275.046276923076], [26038.36604615384, 6275.046276923076], [26007.60601538461, 6275.046276923076], [25992.225999999995, 6290.426292307691], [25976.84598461538, 6305.806307692307], [25961.46596923076, 6321.186323076922], [25946.08595384615, 6336.566338461537], [25930.70593846153, 6351.946353846153], [25915.325923076918, 6367.326369230768], [25899.9459076923, 6382.706384615383], [25884.565892307684, 6398.086399999999], [25853.805861538454, 6398.086399999999], [25838.42584615384, 6413.466415384614], [25823.045830769224, 6428.84643076923], [25807.665815384607, 6444.226446153845], [25792.285799999994, 6459.60646153846], [25761.525769230764, 6459.60646153846], [25746.145753846147, 6474.986476923076], [25730.76573846153, 6490.366492307691], [25700.0057076923, 6490.366492307691], [25684.625692307687, 6505.746507692306], [25669.24567692307, 6521.126523076922], [25638.48564615384, 6521.126523076922], [25623.105630769223, 6536.506538461537], [25607.72561538461, 6551.886553846153], [25592.345599999993, 6567.266569230768], [25576.965584615376, 6582.646584615383], [25561.585569230763, 6598.026599999999], [25546.205553846146, 6613.406615384614], [25530.825538461533, 6628.78663076923], [25515.445523076916, 6644.166646153845], [25500.0655076923, 6659.54666153846], [25500.0655076923, 6690.306692307691], [25484.685492307686, 6705.686707692306], [25469.30547692307, 6721.066723076922], [25484.685492307686, 6736.446738461537], [25500.0655076923, 6751.826753846153], [25515.445523076916, 6767.206769230768], [25530.825538461533, 6782.586784615383], [25546.205553846146, 6797.966799999999], [25561.585569230763, 6813.346815384614], [25576.965584615376, 6828.726830769229], [25592.345599999993, 6844.106846153845], [25607.72561538461, 6859.48686153846], [25623.105630769223, 6874.866876923076], [25638.48564615384, 6890.246892307691], [25669.24567692307, 6890.246892307691], [25684.625692307687, 6905.626907692306], [25700.0057076923, 6921.006923076922], [25715.385723076917, 6936.386938461537], [25730.76573846153, 6951.766953846153], [25746.145753846147, 6967.146969230768], [25761.525769230764, 6982.526984615383], [25776.905784615377, 6997.906999999999], [25761.525769230764, 7013.287015384614], [25746.145753846147, 7028.667030769229], [25730.76573846153, 7044.047046153845], [25715.385723076917, 7059.42706153846], [25700.0057076923, 7074.807076923076], [25684.625692307687, 7090.187092307691], [25669.24567692307, 7105.567107692306], [25638.48564615384, 7105.567107692306], [25607.72561538461, 7105.567107692306], [25592.345599999993, 7120.947123076922], [25576.965584615376, 7136.327138461537], [25561.585569230763, 7151.707153846152], [25546.205553846146, 7167.087169230768], [25530.825538461533, 7182.467184615383], [25530.825538461533, 7213.227215384614], [25515.445523076916, 7228.607230769229], [25500.0655076923, 7243.987246153845], [25484.685492307686, 7259.36726153846], [25469.30547692307, 7274.747276923076], [25453.925461538456, 7290.127292307691]], [[25315.505323076915, 6598.026599999999], [25330.885338461532, 6582.646584615383], [25346.26535384615, 6567.266569230768], [25346.26535384615, 6536.506538461537], [25361.645369230762, 6521.126523076922], [25377.02538461538, 6505.746507692306], [25392.405399999992, 6490.366492307691], [25407.78541538461, 6474.986476923076], [25423.165430769222, 6459.60646153846], [25438.54544615384, 6444.226446153845], [25453.925461538456, 6428.84643076923], [25469.30547692307, 6413.466415384614], [25484.685492307686, 6398.086399999999], [25500.0655076923, 6382.706384615383], [25515.445523076916, 6367.326369230768], [25546.205553846146, 6367.326369230768], [25561.585569230763, 6351.946353846153], [25576.965584615376, 6336.566338461537], [25607.72561538461, 6336.566338461537], [25623.105630769223, 6321.186323076922], [25638.48564615384, 6305.806307692307], [25669.24567692307, 6305.806307692307], [25684.625692307687, 6290.426292307691], [25700.0057076923, 6275.046276923076], [25715.385723076917, 6259.66626153846], [25730.76573846153, 6244.286246153845], [25761.525769230764, 6244.286246153845], [25776.905784615377, 6228.90623076923], [25792.285799999994, 6213.526215384614], [25807.665815384607, 6198.146199999999], [25823.045830769224, 6182.766184615383], [25838.42584615384, 6167.386169230768], [25853.805861538454, 6152.006153846153], [25869.18587692307, 6136.626138461537], [25884.565892307684, 6121.246123076922], [25915.325923076918, 6121.246123076922], [25930.70593846153, 6105.866107692307], [25946.08595384615, 6090.486092307691], [25976.84598461538, 6090.486092307691], [25992.225999999995, 6075.106076923076], [25976.84598461538, 6059.72606153846], [25961.46596923076, 6044.346046153845], [25946.08595384615, 6028.96603076923], [25915.325923076918, 6028.96603076923], [25899.9459076923, 6013.586015384614], [25884.565892307684, 5998.205999999999], [25869.18587692307, 5982.825984615384], [25853.805861538454, 5967.445969230768], [25823.045830769224, 5967.445969230768], [25807.665815384607, 5952.065953846153], [25792.285799999994, 5936.685938461537], [25776.905784615377, 5921.305923076922], [25761.525769230764, 5905.925907692307], [25746.145753846147, 5890.545892307691], [25730.76573846153, 5875.165876923076], [25700.0057076923, 5875.165876923076], [25684.625692307687, 5890.545892307691], [25669.24567692307, 5905.925907692307], [25638.48564615384, 5905.925907692307], [25623.105630769223, 5921.305923076922], [25607.72561538461, 5936.685938461537], [25576.965584615376, 5936.685938461537], [25546.205553846146, 5936.685938461537], [25515.445523076916, 5936.685938461537], [25484.685492307686, 5936.685938461537], [25453.925461538456, 5936.685938461537], [25423.165430769222, 5936.685938461537], [25392.405399999992, 5936.685938461537], [25361.645369230762, 5936.685938461537], [25330.885338461532, 5936.685938461537], [25300.125307692302, 5936.685938461537], [25284.745292307685, 5952.065953846153], [25269.365276923072, 5967.445969230768], [25253.985261538455, 5982.825984615384], [25253.985261538455, 6013.586015384614], [25238.60524615384, 6028.96603076923], [25223.225230769225, 6044.346046153845], [25223.225230769225, 6075.106076923076], [25223.225230769225, 6105.866107692307], [25223.225230769225, 6136.626138461537], [25207.84521538461, 6152.006153846153], [25192.465199999995, 6167.386169230768], [25192.465199999995, 6198.146199999999], [25177.08518461538, 6213.526215384614], [25161.70516923076, 6228.90623076923], [25161.70516923076, 6259.66626153846], [25177.08518461538, 6275.046276923076], [25192.465199999995, 6290.426292307691], [25192.465199999995, 6321.186323076922], [25192.465199999995, 6351.946353846153], [25207.84521538461, 6367.326369230768], [25223.225230769225, 6382.706384615383], [25223.225230769225, 6413.466415384614], [25238.60524615384, 6428.84643076923], [25253.985261538455, 6444.226446153845], [25253.985261538455, 6474.986476923076], [25253.985261538455, 6505.746507692306], [25269.365276923072, 6521.126523076922], [25284.745292307685, 6536.506538461537], [25284.745292307685, 6567.266569230768], [25284.745292307685, 6598.026599999999], [25300.125307692302, 6613.406615384614], [25315.505323076915, 6598.026599999999]], [[25807.665815384607, 5213.825215384614], [25823.045830769224, 5198.445199999999], [25838.42584615384, 5183.065184615384], [25853.805861538454, 5167.685169230768], [25884.565892307684, 5167.685169230768], [25899.9459076923, 5152.305153846153], [25915.325923076918, 5136.925138461538], [25930.70593846153, 5121.545123076922], [25946.08595384615, 5106.165107692307], [25976.84598461538, 5106.165107692307], [25992.225999999995, 5090.785092307691], [26007.60601538461, 5075.405076923076], [26038.36604615384, 5075.405076923076], [26069.12607692307, 5075.405076923076], [26099.886107692302, 5075.405076923076], [26130.646138461532, 5075.405076923076], [26146.026153846145, 5060.025061538461], [26161.406169230762, 5044.645046153845], [26176.78618461538, 5029.26503076923], [26176.78618461538, 4998.504999999999], [26176.78618461538, 4967.744969230768], [26176.78618461538, 4936.984938461538], [26176.78618461538, 4906.224907692307], [26161.406169230762, 4890.844892307691], [26146.026153846145, 4875.464876923076], [26146.026153846145, 4844.704846153845], [26146.026153846145, 4813.944815384615], [26130.646138461532, 4798.564799999999], [26115.266123076915, 4783.184784615384], [26115.266123076915, 4752.424753846153], [26115.266123076915, 4721.664723076922], [26115.266123076915, 4690.904692307692], [26115.266123076915, 4660.144661538461], [26130.646138461532, 4644.764646153845], [26146.026153846145, 4629.38463076923], [26146.026153846145, 4598.624599999999], [26161.406169230762, 4583.244584615384], [26176.78618461538, 4567.864569230768], [26176.78618461538, 4537.104538461538], [26192.166199999992, 4521.724523076922], [26207.54621538461, 4506.344507692307], [26207.54621538461, 4475.584476923076], [26207.54621538461, 4444.824446153845], [26192.166199999992, 4429.44443076923], [26176.78618461538, 4444.824446153845], [26161.406169230762, 4460.204461538461], [26146.026153846145, 4475.584476923076], [26146.026153846145, 4506.344507692307], [26130.646138461532, 4521.724523076922], [26115.266123076915, 4537.104538461538], [26099.886107692302, 4552.484553846153], [26084.506092307685, 4567.864569230768], [26069.12607692307, 4583.244584615384], [26053.746061538455, 4598.624599999999], [26038.36604615384, 4614.004615384615], [26022.986030769225, 4629.38463076923], [26007.60601538461, 4644.764646153845], [25976.84598461538, 4644.764646153845], [25961.46596923076, 4660.144661538461], [25946.08595384615, 4675.524676923076], [25930.70593846153, 4690.904692307692], [25915.325923076918, 4706.284707692307], [25899.9459076923, 4721.664723076922], [25884.565892307684, 4737.044738461538], [25869.18587692307, 4752.424753846153], [25853.805861538454, 4767.804769230768], [25838.42584615384, 4783.184784615384], [25823.045830769224, 4798.564799999999], [25792.285799999994, 4798.564799999999], [25776.905784615377, 4813.944815384615], [25761.525769230764, 4829.32483076923], [25746.145753846147, 4844.704846153845], [25746.145753846147, 4875.464876923076], [25746.145753846147, 4906.224907692307], [25761.525769230764, 4921.604923076922], [25776.905784615377, 4936.984938461538], [25776.905784615377, 4967.744969230768], [25776.905784615377, 4998.504999999999], [25776.905784615377, 5029.26503076923], [25776.905784615377, 5060.025061538461], [25776.905784615377, 5090.785092307691], [25776.905784615377, 5121.545123076922], [25776.905784615377, 5152.305153846153], [25776.905784615377, 5183.065184615384], [25776.905784615377, 5213.825215384614], [25792.285799999994, 5229.20523076923], [25807.665815384607, 5213.825215384614]], [[25407.78541538461, 7028.667030769229], [25423.165430769222, 7013.287015384614], [25438.54544615384, 6997.906999999999], [25438.54544615384, 6967.146969230768], [25423.165430769222, 6951.766953846153], [25407.78541538461, 6936.386938461537], [25392.405399999992, 6921.006923076922], [25377.02538461538, 6905.626907692306], [25361.645369230762, 6890.246892307691], [25346.26535384615, 6874.866876923076], [25330.885338461532, 6859.48686153846], [25315.505323076915, 6874.866876923076], [25315.505323076915, 6905.626907692306], [25315.505323076915, 6936.386938461537], [25315.505323076915, 6967.146969230768], [25330.885338461532, 6982.526984615383], [25346.26535384615, 6997.906999999999], [25361.645369230762, 7013.287015384614], [25377.02538461538, 7028.667030769229], [25392.405399999992, 7044.047046153845], [25407.78541538461, 7028.667030769229]]]}, "properties": {"objectType": "annotation", "name": "R1_2_T|rim_6", "classification": {"name": "rim", "color": [201, 133, 0]}, "lesion_id": 6, "section": "R1_2_T", "area_um2": 152100.0}}, {"type": "Feature", "geometry": {"type": "Polygon", "coordinates": [[[30867.69087692307, 6275.046276923076], [30852.310861538455, 6259.66626153846], [30836.93084615384, 6244.286246153845], [30821.55083076922, 6228.90623076923], [30806.17081538461, 6213.526215384614], [30790.79079999999, 6198.146199999999], [30775.41078461538, 6182.766184615383], [30760.03076923076, 6167.386169230768], [30744.650753846145, 6152.006153846153], [30729.27073846153, 6136.626138461537], [30713.890723076915, 6121.246123076922], [30698.5107076923, 6136.626138461537], [30683.130692307685, 6152.006153846153], [30667.750676923068, 6136.626138461537], [30652.370661538454, 6121.246123076922], [30636.990646153838, 6105.866107692307], [30621.610630769224, 6090.486092307691], [30606.230615384608, 6075.106076923076], [30606.230615384608, 6044.346046153845], [30621.610630769224, 6028.96603076923], [30636.990646153838, 6013.586015384614], [30636.990646153838, 5982.825984615384], [30652.370661538454, 5967.445969230768], [30667.750676923068, 5952.065953846153], [30683.130692307685, 5936.685938461537], [30698.5107076923, 5921.305923076922], [30713.890723076915, 5905.925907692307], [30729.27073846153, 5921.305923076922], [30744.650753846145, 5936.685938461537], [30760.03076923076, 5952.065953846153], [30775.41078461538, 5967.445969230768], [30790.79079999999, 5952.065953846153], [30806.17081538461, 5936.685938461537], [30836.93084615384, 5936.685938461537], [30867.69087692307, 5936.685938461537], [30883.070892307685, 5921.305923076922], [30898.4509076923, 5905.925907692307], [30913.830923076915, 5921.305923076922], [30929.210938461532, 5936.685938461537], [30944.590953846146, 5921.305923076922], [30959.970969230762, 5905.925907692307], [30975.350984615376, 5921.305923076922], [30990.730999999992, 5936.685938461537], [31006.11101538461, 5952.065953846153], [31021.491030769223, 5967.445969230768], [31036.87104615384, 5982.825984615384], [31052.251061538453, 5998.205999999999], [31067.63107692307, 6013.586015384614], [31067.63107692307, 6044.346046153845], [31067.63107692307, 6075.106076923076], [31083.011092307686, 6090.486092307691], [31098.3911076923, 6105.866107692307], [31083.011092307686, 6121.246123076922], [31067.63107692307, 6136.626138461537], [31052.251061538453, 6152.006153846153], [31036.87104615384, 6167.386169230768], [31021.491030769223, 6182.766184615383], [31006.11101538461, 6198.146199999999], [30990.730999999992, 6213.526215384614], [30959.970969230762, 6213.526215384614], [30944.590953846146, 6228.90623076923], [30929.210938461532, 6244.286246153845], [30898.4509076923, 6244.286246153845], [30883.070892307685, 6259.66626153846], [30867.69087692307, 6275.046276923076]]]}, "properties": {"objectType": "annotation", "name": "R1_2_T|lesion_7", "classification": {"name": "lesion", "color": [255, 0, 0]}, "lesion_id": 7, "section": "R1_2_T", "area_um2": 11750.00000000002}}, {"type": "Feature", "geometry": {"type": "Polygon", "coordinates": [[[30867.69087692307, 6275.046276923076], [30852.310861538455, 6259.66626153846], [30836.93084615384, 6244.286246153845], [30821.55083076922, 6228.90623076923], [30806.17081538461, 6213.526215384614], [30790.79079999999, 6198.146199999999], [30775.41078461538, 6182.766184615383], [30760.03076923076, 6167.386169230768], [30744.650753846145, 6152.006153846153], [30729.27073846153, 6136.626138461537], [30713.890723076915, 6121.246123076922], [30698.5107076923, 6136.626138461537], [30683.130692307685, 6152.006153846153], [30667.750676923068, 6136.626138461537], [30652.370661538454, 6121.246123076922], [30636.990646153838, 6105.866107692307], [30621.610630769224, 6090.486092307691], [30606.230615384608, 6075.106076923076], [30606.230615384608, 6044.346046153845], [30621.610630769224, 6028.96603076923], [30636.990646153838, 6013.586015384614], [30636.990646153838, 5982.825984615384], [30652.370661538454, 5967.445969230768], [30667.750676923068, 5952.065953846153], [30683.130692307685, 5936.685938461537], [30698.5107076923, 5921.305923076922], [30713.890723076915, 5905.925907692307], [30729.27073846153, 5921.305923076922], [30744.650753846145, 5936.685938461537], [30760.03076923076, 5952.065953846153], [30775.41078461538, 5967.445969230768], [30790.79079999999, 5952.065953846153], [30806.17081538461, 5936.685938461537], [30836.93084615384, 5936.685938461537], [30867.69087692307, 5936.685938461537], [30883.070892307685, 5921.305923076922], [30898.4509076923, 5905.925907692307], [30913.830923076915, 5921.305923076922], [30929.210938461532, 5936.685938461537], [30944.590953846146, 5921.305923076922], [30959.970969230762, 5905.925907692307], [30975.350984615376, 5921.305923076922], [30990.730999999992, 5936.685938461537], [31006.11101538461, 5952.065953846153], [31021.491030769223, 5967.445969230768], [31036.87104615384, 5982.825984615384], [31052.251061538453, 5998.205999999999], [31067.63107692307, 6013.586015384614], [31067.63107692307, 6044.346046153845], [31067.63107692307, 6075.106076923076], [31083.011092307686, 6090.486092307691], [31098.3911076923, 6105.866107692307], [31083.011092307686, 6121.246123076922], [31067.63107692307, 6136.626138461537], [31052.251061538453, 6152.006153846153], [31036.87104615384, 6167.386169230768], [31021.491030769223, 6182.766184615383], [31006.11101538461, 6198.146199999999], [30990.730999999992, 6213.526215384614], [30959.970969230762, 6213.526215384614], [30944.590953846146, 6228.90623076923], [30929.210938461532, 6244.286246153845], [30898.4509076923, 6244.286246153845], [30883.070892307685, 6259.66626153846], [30867.69087692307, 6275.046276923076]]]}, "properties": {"objectType": "annotation", "name": "R1_2_T|rim_7", "classification": {"name": "rim", "color": [201, 133, 0]}, "lesion_id": 7, "section": "R1_2_T", "area_um2": 11750.00000000002}}, {"type": "Feature", "geometry": {"type": "Polygon", "coordinates": [[[16287.43629230769, 8397.488399999998], [16256.676261538458, 8397.488399999998], [16241.296246153843, 8382.108384615383], [16225.916230769228, 8366.728369230768], [16210.536215384613, 8351.348353846153], [16195.156199999998, 8335.968338461536], [16179.776184615383, 8320.588323076921], [16164.396169230766, 8305.208307692306], [16149.01615384615, 8289.828292307691], [16133.636138461536, 8274.448276923076], [16118.25612307692, 8259.06826153846], [16118.25612307692, 8228.30823076923], [16118.25612307692, 8197.5482], [16118.25612307692, 8166.788169230768], [16133.636138461536, 8151.408153846152], [16149.01615384615, 8136.028138461537], [16164.396169230766, 8120.648123076921], [16179.776184615383, 8105.268107692306], [16195.156199999998, 8089.888092307691], [16210.536215384613, 8074.508076923075], [16225.916230769228, 8059.12806153846], [16241.296246153843, 8043.748046153845], [16241.296246153843, 8012.988015384614], [16225.916230769228, 7997.607999999998], [16210.536215384613, 7982.227984615383], [16210.536215384613, 7951.467953846152], [16195.156199999998, 7936.087938461537], [16179.776184615383, 7920.707923076922], [16164.396169230766, 7905.327907692306], [16149.01615384615, 7889.947892307691], [16133.636138461536, 7874.567876923075], [16118.25612307692, 7859.18786153846], [16118.25612307692, 7828.427830769229], [16118.25612307692, 7797.667799999998], [16118.25612307692, 7766.907769230768], [16118.25612307692, 7736.147738461537], [16118.25612307692, 7705.387707692306], [16118.25612307692, 7674.627676923075], [16118.25612307692, 7643.867646153845], [16118.25612307692, 7613.107615384614], [16133.636138461536, 7597.727599999999], [16149.01615384615, 7582.347584615383], [16164.396169230766, 7566.967569230768], [16179.776184615383, 7551.587553846152], [16179.776184615383, 7520.827523076922], [16195.156199999998, 7505.447507692306], [16210.536215384613, 7490.067492307691], [16225.916230769228, 7474.687476923075], [16241.296246153843, 7459.30746153846], [16256.676261538458, 7443.927446153845], [16272.056276923075, 7428.547430769229], [16287.43629230769, 7413.167415384614], [16318.19632307692, 7413.167415384614], [16333.576338461535, 7397.787399999999], [16348.956353846152, 7382.407384615383], [16379.71638461538, 7382.407384615383], [16410.47641538461, 7382.407384615383], [16425.856430769225, 7367.027369230768], [16441.236446153842, 7351.647353846152], [16471.996476923072, 7351.647353846152], [16487.37649230769, 7336.267338461537], [16502.756507692302, 7320.887323076922], [16518.13652307692, 7305.507307692306], [16533.516538461532, 7290.127292307691], [16548.89655384615, 7274.747276923076], [16548.89655384615, 7243.987246153845], [16548.89655384615, 7213.227215384614], [16564.276569230766, 7197.847199999999], [16579.65658461538, 7182.467184615383], [16579.65658461538, 7151.707153846152], [16579.65658461538, 7120.947123076922], [16579.65658461538, 7090.187092307691], [16579.65658461538, 7059.42706153846], [16579.65658461538, 7028.667030769229], [16579.65658461538, 6997.906999999999], [16579.65658461538, 6967.146969230768], [16579.65658461538, 6936.386938461537], [16579.65658461538, 6905.626907692306], [16595.036599999996, 6890.246892307691], [16610.41661538461, 6874.866876923076], [16625.796630769226, 6859.48686153846], [16641.176646153843, 6844.106846153845], [16656.556661538456, 6828.726830769229], [16671.936676923073, 6813.346815384614], [16687.316692307686, 6797.966799999999], [16702.696707692303, 6782.586784615383], [16718.07672307692, 6767.206769230768], [16733.456738461533, 6751.826753846153], [16733.456738461533, 6721.066723076922], [16748.83675384615, 6705.686707692306], [16764.216769230763, 6690.306692307691], [16779.59678461538, 6674.926676923076], [16794.976799999997, 6659.54666153846], [16794.976799999997, 6628.78663076923], [16810.35681538461, 6613.406615384614], [16825.736830769227, 6598.026599999999], [16841.11684615384, 6582.646584615383], [16856.496861538457, 6567.266569230768], [16856.496861538457, 6536.506538461537], [16871.876876923074, 6521.126523076922], [16887.256892307687, 6505.746507692306], [16902.636907692304, 6490.366492307691], [16918.016923076917, 6474.986476923076], [16933.396938461534, 6459.60646153846], [16948.77695384615, 6444.226446153845], [16964.156969230764, 6428.84643076923], [16994.916999999994, 6428.84643076923], [17010.29701538461, 6413.466415384614], [17025.677030769224, 6398.086399999999], [17056.437061538458, 6398.086399999999], [17071.81707692307, 6382.706384615383], [17087.197092307688, 6367.326369230768], [17117.957123076918, 6367.326369230768], [17133.337138461535, 6351.946353846153], [17148.717153846148, 6336.566338461537], [17164.097169230765, 6351.946353846153], [17179.477184615378, 6367.326369230768], [17210.23721538461, 6367.326369230768], [17240.997246153842, 6367.326369230768], [17271.757276923072, 6367.326369230768], [17302.517307692302, 6367.326369230768], [17317.89732307692, 6382.706384615383], [17333.277338461532, 6398.086399999999], [17364.037369230766, 6398.086399999999], [17379.41738461538, 6413.466415384614], [17394.797399999996, 6428.84643076923], [17410.17741538461, 6444.226446153845], [17425.557430769226, 6459.60646153846], [17440.937446153843, 6474.986476923076], [17456.317461538456, 6490.366492307691], [17471.697476923073, 6505.746507692306], [17471.697476923073, 6536.506538461537], [17471.697476923073, 6567.266569230768], [17487.077492307686, 6582.646584615383], [17502.457507692303, 6598.026599999999], [17502.457507692303, 6628.78663076923], [17502.457507692303, 6659.54666153846], [17502.457507692303, 6690.306692307691], [17487.077492307686, 6705.686707692306], [17471.697476923073, 6721.066723076922], [17471.697476923073, 6751.826753846153], [17456.317461538456, 6767.206769230768], [17440.937446153843, 6782.586784615383], [17425.557430769226, 6797.966799999999], [17410.17741538461, 6813.346815384614], [17394.797399999996, 6828.726830769229], [17379.41738461538, 6844.106846153845], [17364.037369230766, 6859.48686153846], [17333.277338461532, 6859.48686153846], [17317.89732307692, 6874.866876923076], [17302.517307692302, 6890.246892307691], [17287.13729230769, 6905.626907692306], [17271.757276923072, 6921.006923076922], [17256.377261538455, 6936.386938461537], [17271.757276923072, 6951.766953846153], [17287.13729230769, 6967.146969230768], [17287.13729230769, 6997.906999999999], [17271.757276923072, 7013.287015384614], [17256.377261538455, 7028.667030769229], [17256.377261538455, 7059.42706153846], [17240.997246153842, 7074.807076923076], [17225.617230769225, 7090.187092307691], [17210.23721538461, 7105.567107692306], [17194.857199999995, 7120.947123076922], [17179.477184615378, 7136.327138461537], [17148.717153846148, 7136.327138461537], [17133.337138461535, 7151.707153846152], [17117.957123076918, 7167.087169230768], [17087.197092307688, 7167.087169230768], [17071.81707692307, 7182.467184615383], [17056.437061538458, 7197.847199999999], [17025.677030769224, 7197.847199999999], [17010.29701538461, 7213.227215384614], [16994.916999999994, 7228.607230769229], [16964.156969230764, 7228.607230769229], [16948.77695384615, 7213.227215384614], [16933.396938461534, 7197.847199999999], [16918.016923076917, 7213.227215384614], [16902.636907692304, 7228.607230769229], [16871.876876923074, 7228.607230769229], [16841.11684615384, 7228.607230769229], [16825.736830769227, 7213.227215384614], [16810.35681538461, 7197.847199999999], [16794.976799999997, 7213.227215384614], [16779.59678461538, 7228.607230769229], [16764.216769230763, 7243.987246153845], [16748.83675384615, 7259.36726153846], [16718.07672307692, 7259.36726153846], [16702.696707692303, 7274.747276923076], [16687.316692307686, 7290.127292307691], [16671.936676923073, 7305.507307692306], [16656.556661538456, 7320.887323076922], [16641.176646153843, 7336.267338461537], [16625.796630769226, 7351.647353846152], [16610.41661538461, 7367.027369230768], [16625.796630769226, 7382.407384615383], [16641.176646153843, 7397.787399999999], [16656.556661538456, 7413.167415384614], [16671.936676923073, 7428.547430769229], [16671.936676923073, 7459.30746153846], [16671.936676923073, 7490.067492307691], [16656.556661538456, 7505.447507692306], [16641.176646153843, 7520.827523076922], [16641.176646153843, 7551.587553846152], [16641.176646153843, 7582.347584615383], [16625.796630769226, 7597.727599999999], [16610.41661538461, 7613.107615384614], [16595.036599999996, 7628.487630769229], [16579.65658461538, 7643.867646153845], [16564.276569230766, 7659.24766153846], [16548.89655384615, 7643.867646153845], [16533.516538461532, 7628.487630769229], [16518.13652307692, 7643.867646153845], [16502.756507692302, 7659.24766153846], [16487.37649230769, 7674.627676923075], [16471.996476923072, 7690.007692307691], [16456.616461538455, 7705.387707692306], [16471.996476923072, 7720.767723076922], [16487.37649230769, 7736.147738461537], [16487.37649230769, 7766.907769230768], [16471.996476923072, 7782.287784615383], [16456.616461538455, 7797.667799999998], [16456.616461538455, 7828.427830769229], [16441.236446153842, 7843.807846153845], [16425.856430769225, 7859.18786153846], [16410.47641538461, 7874.567876923075], [16395.096399999995, 7889.947892307691], [16379.71638461538, 7905.327907692306], [16364.336369230767, 7920.707923076922], [16348.956353846152, 7936.087938461537], [16333.576338461535, 7951.467953846152], [16348.956353846152, 7966.847969230768], [16364.336369230767, 7982.227984615383], [16379.71638461538, 7997.607999999998], [16395.096399999995, 8012.988015384614], [16379.71638461538, 8028.368030769229], [16364.336369230767, 8043.748046153845], [16348.956353846152, 8059.12806153846], [16333.576338461535, 8074.508076923075], [16318.19632307692, 8089.888092307691], [16302.816307692305, 8105.268107692306], [16302.816307692305, 8136.028138461537], [16318.19632307692, 8151.408153846152], [16333.576338461535, 8166.788169230768], [16348.956353846152, 8182.168184615382], [16364.336369230767, 8197.5482], [16364.336369230767, 8228.30823076923], [16364.336369230767, 8259.06826153846], [16364.336369230767, 8289.828292307691], [16364.336369230767, 8320.588323076921], [16348.956353846152, 8335.968338461536], [16333.576338461535, 8351.348353846153], [16318.19632307692, 8366.728369230768], [16302.816307692305, 8382.108384615383], [16287.43629230769, 8397.488399999998]]]}, "properties": {"objectType": "annotation", "name": "P3_1_C|lesion_8", "classification": {"name": "lesion", "color": [255, 0, 0]}, "lesion_id": 8, "section": "P3_1_C", "area_um2": 89949.99999999988}}, {"type": "Feature", "geometry": {"type": "Polygon", "coordinates": [[[16871.876876923074, 7044.047046153845], [16856.496861538457, 7028.667030769229], [16841.11684615384, 7013.287015384614], [16810.35681538461, 7013.287015384614], [16779.59678461538, 7013.287015384614], [16764.216769230763, 6997.906999999999], [16764.216769230763, 6967.146969230768], [16779.59678461538, 6951.766953846153], [16794.976799999997, 6936.386938461537], [16810.35681538461, 6921.006923076922], [16825.736830769227, 6905.626907692306], [16841.11684615384, 6890.246892307691], [16856.496861538457, 6874.866876923076], [16871.876876923074, 6859.48686153846], [16887.256892307687, 6844.106846153845], [16887.256892307687, 6813.346815384614], [16902.636907692304, 6797.966799999999], [16918.016923076917, 6782.586784615383], [16933.396938461534, 6767.206769230768], [16948.77695384615, 6751.826753846153], [16948.77695384615, 6721.066723076922], [16964.156969230764, 6705.686707692306], [16979.53698461538, 6690.306692307691], [16994.916999999994, 6674.926676923076], [17010.29701538461, 6659.54666153846], [17010.29701538461, 6628.78663076923], [17025.677030769224, 6613.406615384614], [17041.05704615384, 6598.026599999999], [17056.437061538458, 6582.646584615383], [17087.197092307688, 6582.646584615383], [17102.5771076923, 6567.266569230768], [17117.957123076918, 6551.886553846153], [17148.717153846148, 6551.886553846153], [17179.477184615378, 6551.886553846153], [17210.23721538461, 6551.886553846153], [17240.997246153842, 6551.886553846153], [17271.757276923072, 6551.886553846153], [17287.13729230769, 6567.266569230768], [17287.13729230769, 6598.026599999999], [17302.517307692302, 6613.406615384614], [17317.89732307692, 6628.78663076923], [17317.89732307692, 6659.54666153846], [17302.517307692302, 6674.926676923076], [17287.13729230769, 6690.306692307691], [17271.757276923072, 6705.686707692306], [17240.997246153842, 6705.686707692306], [17225.617230769225, 6721.066723076922], [17210.23721538461, 6736.446738461537], [17194.857199999995, 6751.826753846153], [17179.477184615378, 6767.206769230768], [17164.097169230765, 6782.586784615383], [17148.717153846148, 6797.966799999999], [17133.337138461535, 6813.346815384614], [17117.957123076918, 6828.726830769229], [17102.5771076923, 6844.106846153845], [17102.5771076923, 6874.866876923076], [17087.197092307688, 6890.246892307691], [17071.81707692307, 6905.626907692306], [17071.81707692307, 6936.386938461537], [17071.81707692307, 6967.146969230768], [17056.437061538458, 6982.526984615383], [17041.05704615384, 6997.906999999999], [17025.677030769224, 7013.287015384614], [16994.916999999994, 7013.287015384614], [16964.156969230764, 7013.287015384614], [16933.396938461534, 7013.287015384614], [16902.636907692304, 7013.287015384614], [16887.256892307687, 7028.667030769229], [16871.876876923074, 7044.047046153845]]]}, "properties": {"objectType": "annotation", "name": "P3_1_C|core_8", "classification": {"name": "core", "color": [230, 103, 103]}, "lesion_id": 8, "section": "P3_1_C", "area_um2": 12849.999999999984}}, {"type": "Feature", "geometry": {"type": "Polygon", "coordinates": [[[16287.43629230769, 8397.488399999998], [16256.676261538458, 8397.488399999998], [16241.296246153843, 8382.108384615383], [16225.916230769228, 8366.728369230768], [16210.536215384613, 8351.348353846153], [16195.156199999998, 8335.968338461536], [16179.776184615383, 8320.588323076921], [16164.396169230766, 8305.208307692306], [16149.01615384615, 8289.828292307691], [16133.636138461536, 8274.448276923076], [16118.25612307692, 8259.06826153846], [16118.25612307692, 8228.30823076923], [16118.25612307692, 8197.5482], [16118.25612307692, 8166.788169230768], [16133.636138461536, 8151.408153846152], [16149.01615384615, 8136.028138461537], [16164.396169230766, 8120.648123076921], [16179.776184615383, 8105.268107692306], [16195.156199999998, 8089.888092307691], [16210.536215384613, 8074.508076923075], [16225.916230769228, 8059.12806153846], [16241.296246153843, 8043.748046153845], [16241.296246153843, 8012.988015384614], [16225.916230769228, 7997.607999999998], [16210.536215384613, 7982.227984615383], [16210.536215384613, 7951.467953846152], [16195.156199999998, 7936.087938461537], [16179.776184615383, 7920.707923076922], [16164.396169230766, 7905.327907692306], [16149.01615384615, 7889.947892307691], [16133.636138461536, 7874.567876923075], [16118.25612307692, 7859.18786153846], [16118.25612307692, 7828.427830769229], [16118.25612307692, 7797.667799999998], [16118.25612307692, 7766.907769230768], [16118.25612307692, 7736.147738461537], [16118.25612307692, 7705.387707692306], [16118.25612307692, 7674.627676923075], [16118.25612307692, 7643.867646153845], [16118.25612307692, 7613.107615384614], [16133.636138461536, 7597.727599999999], [16149.01615384615, 7582.347584615383], [16164.396169230766, 7566.967569230768], [16179.776184615383, 7551.587553846152], [16179.776184615383, 7520.827523076922], [16195.156199999998, 7505.447507692306], [16210.536215384613, 7490.067492307691], [16225.916230769228, 7474.687476923075], [16241.296246153843, 7459.30746153846], [16256.676261538458, 7443.927446153845], [16272.056276923075, 7428.547430769229], [16287.43629230769, 7413.167415384614], [16318.19632307692, 7413.167415384614], [16333.576338461535, 7397.787399999999], [16348.956353846152, 7382.407384615383], [16379.71638461538, 7382.407384615383], [16410.47641538461, 7382.407384615383], [16425.856430769225, 7367.027369230768], [16441.236446153842, 7351.647353846152], [16471.996476923072, 7351.647353846152], [16487.37649230769, 7336.267338461537], [16502.756507692302, 7320.887323076922], [16518.13652307692, 7305.507307692306], [16533.516538461532, 7290.127292307691], [16548.89655384615, 7274.747276923076], [16548.89655384615, 7243.987246153845], [16548.89655384615, 7213.227215384614], [16564.276569230766, 7197.847199999999], [16579.65658461538, 7182.467184615383], [16579.65658461538, 7151.707153846152], [16579.65658461538, 7120.947123076922], [16579.65658461538, 7090.187092307691], [16579.65658461538, 7059.42706153846], [16579.65658461538, 7028.667030769229], [16579.65658461538, 6997.906999999999], [16579.65658461538, 6967.146969230768], [16579.65658461538, 6936.386938461537], [16579.65658461538, 6905.626907692306], [16595.036599999996, 6890.246892307691], [16610.41661538461, 6874.866876923076], [16625.796630769226, 6859.48686153846], [16641.176646153843, 6844.106846153845], [16656.556661538456, 6828.726830769229], [16671.936676923073, 6813.346815384614], [16687.316692307686, 6797.966799999999], [16702.696707692303, 6782.586784615383], [16718.07672307692, 6767.206769230768], [16733.456738461533, 6751.826753846153], [16733.456738461533, 6721.066723076922], [16748.83675384615, 6705.686707692306], [16764.216769230763, 6690.306692307691], [16779.59678461538, 6674.926676923076], [16794.976799999997, 6659.54666153846], [16794.976799999997, 6628.78663076923], [16810.35681538461, 6613.406615384614], [16825.736830769227, 6598.026599999999], [16841.11684615384, 6582.646584615383], [16856.496861538457, 6567.266569230768], [16856.496861538457, 6536.506538461537], [16871.876876923074, 6521.126523076922], [16887.256892307687, 6505.746507692306], [16902.636907692304, 6490.366492307691], [16918.016923076917, 6474.986476923076], [16933.396938461534, 6459.60646153846], [16948.77695384615, 6444.226446153845], [16964.156969230764, 6428.84643076923], [16994.916999999994, 6428.84643076923], [17010.29701538461, 6413.466415384614], [17025.677030769224, 6398.086399999999], [17056.437061538458, 6398.086399999999], [17071.81707692307, 6382.706384615383], [17087.197092307688, 6367.326369230768], [17117.957123076918, 6367.326369230768], [17133.337138461535, 6351.946353846153], [17148.717153846148, 6336.566338461537], [17164.097169230765, 6351.946353846153], [17179.477184615378, 6367.326369230768], [17210.23721538461, 6367.326369230768], [17240.997246153842, 6367.326369230768], [17271.757276923072, 6367.326369230768], [17302.517307692302, 6367.326369230768], [17317.89732307692, 6382.706384615383], [17333.277338461532, 6398.086399999999], [17364.037369230766, 6398.086399999999], [17379.41738461538, 6413.466415384614], [17394.797399999996, 6428.84643076923], [17410.17741538461, 6444.226446153845], [17425.557430769226, 6459.60646153846], [17440.937446153843, 6474.986476923076], [17456.317461538456, 6490.366492307691], [17471.697476923073, 6505.746507692306], [17471.697476923073, 6536.506538461537], [17471.697476923073, 6567.266569230768], [17487.077492307686, 6582.646584615383], [17502.457507692303, 6598.026599999999], [17502.457507692303, 6628.78663076923], [17502.457507692303, 6659.54666153846], [17502.457507692303, 6690.306692307691], [17487.077492307686, 6705.686707692306], [17471.697476923073, 6721.066723076922], [17471.697476923073, 6751.826753846153], [17456.317461538456, 6767.206769230768], [17440.937446153843, 6782.586784615383], [17425.557430769226, 6797.966799999999], [17410.17741538461, 6813.346815384614], [17394.797399999996, 6828.726830769229], [17379.41738461538, 6844.106846153845], [17364.037369230766, 6859.48686153846], [17333.277338461532, 6859.48686153846], [17317.89732307692, 6874.866876923076], [17302.517307692302, 6890.246892307691], [17287.13729230769, 6905.626907692306], [17271.757276923072, 6921.006923076922], [17256.377261538455, 6936.386938461537], [17271.757276923072, 6951.766953846153], [17287.13729230769, 6967.146969230768], [17287.13729230769, 6997.906999999999], [17271.757276923072, 7013.287015384614], [17256.377261538455, 7028.667030769229], [17256.377261538455, 7059.42706153846], [17240.997246153842, 7074.807076923076], [17225.617230769225, 7090.187092307691], [17210.23721538461, 7105.567107692306], [17194.857199999995, 7120.947123076922], [17179.477184615378, 7136.327138461537], [17148.717153846148, 7136.327138461537], [17133.337138461535, 7151.707153846152], [17117.957123076918, 7167.087169230768], [17087.197092307688, 7167.087169230768], [17071.81707692307, 7182.467184615383], [17056.437061538458, 7197.847199999999], [17025.677030769224, 7197.847199999999], [17010.29701538461, 7213.227215384614], [16994.916999999994, 7228.607230769229], [16964.156969230764, 7228.607230769229], [16948.77695384615, 7213.227215384614], [16933.396938461534, 7197.847199999999], [16918.016923076917, 7213.227215384614], [16902.636907692304, 7228.607230769229], [16871.876876923074, 7228.607230769229], [16841.11684615384, 7228.607230769229], [16825.736830769227, 7213.227215384614], [16810.35681538461, 7197.847199999999], [16794.976799999997, 7213.227215384614], [16779.59678461538, 7228.607230769229], [16764.216769230763, 7243.987246153845], [16748.83675384615, 7259.36726153846], [16718.07672307692, 7259.36726153846], [16702.696707692303, 7274.747276923076], [16687.316692307686, 7290.127292307691], [16671.936676923073, 7305.507307692306], [16656.556661538456, 7320.887323076922], [16641.176646153843, 7336.267338461537], [16625.796630769226, 7351.647353846152], [16610.41661538461, 7367.027369230768], [16625.796630769226, 7382.407384615383], [16641.176646153843, 7397.787399999999], [16656.556661538456, 7413.167415384614], [16671.936676923073, 7428.547430769229], [16671.936676923073, 7459.30746153846], [16671.936676923073, 7490.067492307691], [16656.556661538456, 7505.447507692306], [16641.176646153843, 7520.827523076922], [16641.176646153843, 7551.587553846152], [16641.176646153843, 7582.347584615383], [16625.796630769226, 7597.727599999999], [16610.41661538461, 7613.107615384614], [16595.036599999996, 7628.487630769229], [16579.65658461538, 7643.867646153845], [16564.276569230766, 7659.24766153846], [16548.89655384615, 7643.867646153845], [16533.516538461532, 7628.487630769229], [16518.13652307692, 7643.867646153845], [16502.756507692302, 7659.24766153846], [16487.37649230769, 7674.627676923075], [16471.996476923072, 7690.007692307691], [16456.616461538455, 7705.387707692306], [16471.996476923072, 7720.767723076922], [16487.37649230769, 7736.147738461537], [16487.37649230769, 7766.907769230768], [16471.996476923072, 7782.287784615383], [16456.616461538455, 7797.667799999998], [16456.616461538455, 7828.427830769229], [16441.236446153842, 7843.807846153845], [16425.856430769225, 7859.18786153846], [16410.47641538461, 7874.567876923075], [16395.096399999995, 7889.947892307691], [16379.71638461538, 7905.327907692306], [16364.336369230767, 7920.707923076922], [16348.956353846152, 7936.087938461537], [16333.576338461535, 7951.467953846152], [16348.956353846152, 7966.847969230768], [16364.336369230767, 7982.227984615383], [16379.71638461538, 7997.607999999998], [16395.096399999995, 8012.988015384614], [16379.71638461538, 8028.368030769229], [16364.336369230767, 8043.748046153845], [16348.956353846152, 8059.12806153846], [16333.576338461535, 8074.508076923075], [16318.19632307692, 8089.888092307691], [16302.816307692305, 8105.268107692306], [16302.816307692305, 8136.028138461537], [16318.19632307692, 8151.408153846152], [16333.576338461535, 8166.788169230768], [16348.956353846152, 8182.168184615382], [16364.336369230767, 8197.5482], [16364.336369230767, 8228.30823076923], [16364.336369230767, 8259.06826153846], [16364.336369230767, 8289.828292307691], [16364.336369230767, 8320.588323076921], [16348.956353846152, 8335.968338461536], [16333.576338461535, 8351.348353846153], [16318.19632307692, 8366.728369230768], [16302.816307692305, 8382.108384615383], [16287.43629230769, 8397.488399999998]], [[16887.256892307687, 7028.667030769229], [16902.636907692304, 7013.287015384614], [16933.396938461534, 7013.287015384614], [16964.156969230764, 7013.287015384614], [16994.916999999994, 7013.287015384614], [17025.677030769224, 7013.287015384614], [17041.05704615384, 6997.906999999999], [17056.437061538458, 6982.526984615383], [17071.81707692307, 6967.146969230768], [17071.81707692307, 6936.386938461537], [17071.81707692307, 6905.626907692306], [17087.197092307688, 6890.246892307691], [17102.5771076923, 6874.866876923076], [17102.5771076923, 6844.106846153845], [17117.957123076918, 6828.726830769229], [17133.337138461535, 6813.346815384614], [17148.717153846148, 6797.966799999999], [17164.097169230765, 6782.586784615383], [17179.477184615378, 6767.206769230768], [17194.857199999995, 6751.826753846153], [17210.23721538461, 6736.446738461537], [17225.617230769225, 6721.066723076922], [17240.997246153842, 6705.686707692306], [17271.757276923072, 6705.686707692306], [17287.13729230769, 6690.306692307691], [17302.517307692302, 6674.926676923076], [17317.89732307692, 6659.54666153846], [17317.89732307692, 6628.78663076923], [17302.517307692302, 6613.406615384614], [17287.13729230769, 6598.026599999999], [17287.13729230769, 6567.266569230768], [17271.757276923072, 6551.886553846153], [17240.997246153842, 6551.886553846153], [17210.23721538461, 6551.886553846153], [17179.477184615378, 6551.886553846153], [17148.717153846148, 6551.886553846153], [17117.957123076918, 6551.886553846153], [17102.5771076923, 6567.266569230768], [17087.197092307688, 6582.646584615383], [17056.437061538458, 6582.646584615383], [17041.05704615384, 6598.026599999999], [17025.677030769224, 6613.406615384614], [17010.29701538461, 6628.78663076923], [17010.29701538461, 6659.54666153846], [16994.916999999994, 6674.926676923076], [16979.53698461538, 6690.306692307691], [16964.156969230764, 6705.686707692306], [16948.77695384615, 6721.066723076922], [16948.77695384615, 6751.826753846153], [16933.396938461534, 6767.206769230768], [16918.016923076917, 6782.586784615383], [16902.636907692304, 6797.966799999999], [16887.256892307687, 6813.346815384614], [16887.256892307687, 6844.106846153845], [16871.876876923074, 6859.48686153846], [16856.496861538457, 6874.866876923076], [16841.11684615384, 6890.246892307691], [16825.736830769227, 6905.626907692306], [16810.35681538461, 6921.006923076922], [16794.976799999997, 6936.386938461537], [16779.59678461538, 6951.766953846153], [16764.216769230763, 6967.146969230768], [16764.216769230763, 6997.906999999999], [16779.59678461538, 7013.287015384614], [16810.35681538461, 7013.287015384614], [16841.11684615384, 7013.287015384614], [16856.496861538457, 7028.667030769229], [16871.876876923074, 7044.047046153845], [16887.256892307687, 7028.667030769229]]]}, "properties": {"objectType": "annotation", "name": "P3_1_C|rim_8", "classification": {"name": "rim", "color": [201, 133, 0]}, "lesion_id": 8, "section": "P3_1_C", "area_um2": 77099.99999999988}}, {"type": "Feature", "geometry": {"type": "Polygon", "coordinates": [[[30836.93084615384, 6921.006923076922], [30821.55083076922, 6905.626907692306], [30806.17081538461, 6890.246892307691], [30775.41078461538, 6890.246892307691], [30744.650753846145, 6890.246892307691], [30713.890723076915, 6890.246892307691], [30683.130692307685, 6890.246892307691], [30667.750676923068, 6874.866876923076], [30652.370661538454, 6859.48686153846], [30636.990646153838, 6844.106846153845], [30621.610630769224, 6828.726830769229], [30606.230615384608, 6813.346815384614], [30606.230615384608, 6782.586784615383], [30621.610630769224, 6767.206769230768], [30636.990646153838, 6751.826753846153], [30636.990646153838, 6721.066723076922], [30621.610630769224, 6705.686707692306], [30606.230615384608, 6690.306692307691], [30590.85059999999, 6674.926676923076], [30575.470584615377, 6659.54666153846], [30575.470584615377, 6628.78663076923], [30590.85059999999, 6613.406615384614], [30606.230615384608, 6598.026599999999], [30621.610630769224, 6582.646584615383], [30636.990646153838, 6567.266569230768], [30652.370661538454, 6551.886553846153], [30683.130692307685, 6551.886553846153], [30713.890723076915, 6551.886553846153], [30744.650753846145, 6551.886553846153], [30760.03076923076, 6536.506538461537], [30775.41078461538, 6521.126523076922], [30790.79079999999, 6505.746507692306], [30806.17081538461, 6490.366492307691], [30821.55083076922, 6505.746507692306], [30836.93084615384, 6521.126523076922], [30852.310861538455, 6536.506538461537], [30867.69087692307, 6551.886553846153], [30883.070892307685, 6567.266569230768], [30883.070892307685, 6598.026599999999], [30898.4509076923, 6613.406615384614], [30913.830923076915, 6628.78663076923], [30929.210938461532, 6644.166646153845], [30944.590953846146, 6659.54666153846], [30959.970969230762, 6674.926676923076], [30975.350984615376, 6690.306692307691], [30990.730999999992, 6705.686707692306], [31006.11101538461, 6690.306692307691], [31021.491030769223, 6674.926676923076], [31036.87104615384, 6690.306692307691], [31052.251061538453, 6705.686707692306], [31067.63107692307, 6721.066723076922], [31083.011092307686, 6736.446738461537], [31098.3911076923, 6751.826753846153], [31083.011092307686, 6767.206769230768], [31067.63107692307, 6782.586784615383], [31052.251061538453, 6797.966799999999], [31036.87104615384, 6813.346815384614], [31021.491030769223, 6828.726830769229], [31006.11101538461, 6813.346815384614], [30990.730999999992, 6797.966799999999], [30959.970969230762, 6797.966799999999], [30944.590953846146, 6813.346815384614], [30929.210938461532, 6828.726830769229], [30913.830923076915, 6844.106846153845], [30898.4509076923, 6859.48686153846], [30883.070892307685, 6874.866876923076], [30867.69087692307, 6890.246892307691], [30852.310861538455, 6905.626907692306], [30836.93084615384, 6921.006923076922]]]}, "properties": {"objectType": "annotation", "name": "R1_2_T|lesion_9", "classification": {"name": "lesion", "color": [255, 0, 0]}, "lesion_id": 9, "section": "R1_2_T", "area_um2": 12950.000000000015}}, {"type": "Feature", "geometry": {"type": "Polygon", "coordinates": [[[30836.93084615384, 6921.006923076922], [30821.55083076922, 6905.626907692306], [30806.17081538461, 6890.246892307691], [30775.41078461538, 6890.246892307691], [30744.650753846145, 6890.246892307691], [30713.890723076915, 6890.246892307691], [30683.130692307685, 6890.246892307691], [30667.750676923068, 6874.866876923076], [30652.370661538454, 6859.48686153846], [30636.990646153838, 6844.106846153845], [30621.610630769224, 6828.726830769229], [30606.230615384608, 6813.346815384614], [30606.230615384608, 6782.586784615383], [30621.610630769224, 6767.206769230768], [30636.990646153838, 6751.826753846153], [30636.990646153838, 6721.066723076922], [30621.610630769224, 6705.686707692306], [30606.230615384608, 6690.306692307691], [30590.85059999999, 6674.926676923076], [30575.470584615377, 6659.54666153846], [30575.470584615377, 6628.78663076923], [30590.85059999999, 6613.406615384614], [30606.230615384608, 6598.026599999999], [30621.610630769224, 6582.646584615383], [30636.990646153838, 6567.266569230768], [30652.370661538454, 6551.886553846153], [30683.130692307685, 6551.886553846153], [30713.890723076915, 6551.886553846153], [30744.650753846145, 6551.886553846153], [30760.03076923076, 6536.506538461537], [30775.41078461538, 6521.126523076922], [30790.79079999999, 6505.746507692306], [30806.17081538461, 6490.366492307691], [30821.55083076922, 6505.746507692306], [30836.93084615384, 6521.126523076922], [30852.310861538455, 6536.506538461537], [30867.69087692307, 6551.886553846153], [30883.070892307685, 6567.266569230768], [30883.070892307685, 6598.026599999999], [30898.4509076923, 6613.406615384614], [30913.830923076915, 6628.78663076923], [30929.210938461532, 6644.166646153845], [30944.590953846146, 6659.54666153846], [30959.970969230762, 6674.926676923076], [30975.350984615376, 6690.306692307691], [30990.730999999992, 6705.686707692306], [31006.11101538461, 6690.306692307691], [31021.491030769223, 6674.926676923076], [31036.87104615384, 6690.306692307691], [31052.251061538453, 6705.686707692306], [31067.63107692307, 6721.066723076922], [31083.011092307686, 6736.446738461537], [31098.3911076923, 6751.826753846153], [31083.011092307686, 6767.206769230768], [31067.63107692307, 6782.586784615383], [31052.251061538453, 6797.966799999999], [31036.87104615384, 6813.346815384614], [31021.491030769223, 6828.726830769229], [31006.11101538461, 6813.346815384614], [30990.730999999992, 6797.966799999999], [30959.970969230762, 6797.966799999999], [30944.590953846146, 6813.346815384614], [30929.210938461532, 6828.726830769229], [30913.830923076915, 6844.106846153845], [30898.4509076923, 6859.48686153846], [30883.070892307685, 6874.866876923076], [30867.69087692307, 6890.246892307691], [30852.310861538455, 6905.626907692306], [30836.93084615384, 6921.006923076922]]]}, "properties": {"objectType": "annotation", "name": "R1_2_T|rim_9", "classification": {"name": "rim", "color": [201, 133, 0]}, "lesion_id": 9, "section": "R1_2_T", "area_um2": 12950.000000000015}}, {"type": "Feature", "geometry": {"type": "Polygon", "coordinates": [[[30775.41078461538, 9720.169723076922], [30744.650753846145, 9720.169723076922], [30729.27073846153, 9704.789707692305], [30713.890723076915, 9689.40969230769], [30698.5107076923, 9674.029676923075], [30683.130692307685, 9658.64966153846], [30667.750676923068, 9643.269646153845], [30652.370661538454, 9627.889630769228], [30636.990646153838, 9612.509615384613], [30636.990646153838, 9581.749584615383], [30621.610630769224, 9566.369569230768], [30606.230615384608, 9550.989553846151], [30590.85059999999, 9535.609538461536], [30575.470584615377, 9520.229523076921], [30560.09056923076, 9504.849507692306], [30544.710553846147, 9489.469492307691], [30529.33053846153, 9474.089476923074], [30513.950523076917, 9458.70946153846], [30529.33053846153, 9443.329446153844], [30544.710553846147, 9427.94943076923], [30544.710553846147, 9397.1894], [30529.33053846153, 9381.809384615382], [30513.950523076917, 9366.429369230767], [30529.33053846153, 9351.049353846152], [30544.710553846147, 9335.669338461537], [30544.710553846147, 9304.909307692305], [30560.09056923076, 9289.52929230769], [30575.470584615377, 9274.149276923075], [30575.470584615377, 9243.389246153845], [30575.470584615377, 9212.629215384613], [30560.09056923076, 9197.249199999998], [30544.710553846147, 9181.869184615383], [30544.710553846147, 9151.109153846151], [30529.33053846153, 9135.729138461536], [30513.950523076917, 9120.349123076921], [30513.950523076917, 9089.589092307691], [30513.950523076917, 9058.82906153846], [30498.5705076923, 9043.449046153844], [30483.190492307684, 9028.06903076923], [30467.81047692307, 9012.689015384614], [30452.430461538454, 8997.309], [30437.05044615384, 8981.928984615382], [30421.670430769223, 8966.548969230767], [30406.290415384607, 8951.168953846152], [30375.530384615377, 8951.168953846152], [30360.150369230763, 8935.788938461537], [30344.770353846146, 8920.408923076922], [30329.39033846153, 8905.028907692305], [30314.010323076916, 8889.64889230769], [30298.6303076923, 8874.268876923075], [30298.6303076923, 8843.508846153845], [30283.250292307686, 8828.128830769228], [30267.87027692307, 8812.748815384613], [30252.490261538453, 8797.368799999998], [30237.11024615384, 8781.988784615383], [30237.11024615384, 8751.228753846153], [30237.11024615384, 8720.468723076921], [30221.730230769223, 8705.088707692306], [30206.35021538461, 8689.708692307691], [30206.35021538461, 8658.94866153846], [30190.970199999992, 8643.568646153844], [30175.590184615376, 8628.18863076923], [30175.590184615376, 8597.4286], [30160.210169230762, 8582.048584615382], [30144.830153846146, 8566.668569230767], [30144.830153846146, 8535.908538461537], [30129.450138461532, 8520.528523076922], [30114.070123076915, 8505.148507692305], [30114.070123076915, 8474.388476923075], [30114.070123076915, 8443.628446153845], [30114.070123076915, 8412.868415384613], [30098.6901076923, 8397.488399999998], [30083.310092307685, 8382.108384615383], [30083.310092307685, 8351.348353846153], [30083.310092307685, 8320.588323076921], [30083.310092307685, 8289.828292307691], [30067.93007692307, 8274.448276923076], [30052.550061538455, 8259.06826153846], [30052.550061538455, 8228.30823076923], [30052.550061538455, 8197.5482], [30052.550061538455, 8166.788169230768], [30037.17004615384, 8151.408153846152], [30021.79003076922, 8136.028138461537], [30021.79003076922, 8105.268107692306], [30021.79003076922, 8074.508076923075], [30006.41001538461, 8059.12806153846], [29991.02999999999, 8043.748046153845], [29991.02999999999, 8012.988015384614], [29975.64998461538, 7997.607999999998], [29960.26996923076, 7982.227984615383], [29944.889953846145, 7966.847969230768], [29929.50993846153, 7951.467953846152], [29929.50993846153, 7920.707923076922], [29944.889953846145, 7905.327907692306], [29960.26996923076, 7889.947892307691], [29960.26996923076, 7859.18786153846], [29975.64998461538, 7843.807846153845], [29991.02999999999, 7828.427830769229], [29991.02999999999, 7797.667799999998], [30006.41001538461, 7782.287784615383], [30021.79003076922, 7766.907769230768], [30037.17004615384, 7751.527753846152], [30052.550061538455, 7736.147738461537], [30067.93007692307, 7720.767723076922], [30083.310092307685, 7705.387707692306], [30098.6901076923, 7690.007692307691], [30114.070123076915, 7674.627676923075], [30114.070123076915, 7643.867646153845], [30129.450138461532, 7628.487630769229], [30144.830153846146, 7613.107615384614], [30160.210169230762, 7597.727599999999], [30175.590184615376, 7582.347584615383], [30175.590184615376, 7551.587553846152], [30190.970199999992, 7536.207538461537], [30206.35021538461, 7520.827523076922], [30221.730230769223, 7505.447507692306], [30237.11024615384, 7490.067492307691], [30252.490261538453, 7474.687476923075], [30267.87027692307, 7459.30746153846], [30283.250292307686, 7443.927446153845], [30314.010323076916, 7443.927446153845], [30329.39033846153, 7428.547430769229], [30344.770353846146, 7413.167415384614], [30375.530384615377, 7413.167415384614], [30406.290415384607, 7413.167415384614], [30421.670430769223, 7397.787399999999], [30437.05044615384, 7382.407384615383], [30452.430461538454, 7367.027369230768], [30467.81047692307, 7351.647353846152], [30483.190492307684, 7336.267338461537], [30498.5705076923, 7320.887323076922], [30513.950523076917, 7305.507307692306], [30529.33053846153, 7290.127292307691], [30544.710553846147, 7274.747276923076], [30560.09056923076, 7259.36726153846], [30590.85059999999, 7259.36726153846], [30606.230615384608, 7274.747276923076], [30621.610630769224, 7290.127292307691], [30636.990646153838, 7274.747276923076], [30652.370661538454, 7259.36726153846], [30683.130692307685, 7259.36726153846], [30698.5107076923, 7243.987246153845], [30713.890723076915, 7228.607230769229], [30744.650753846145, 7228.607230769229], [30760.03076923076, 7213.227215384614], [30775.41078461538, 7197.847199999999], [30806.17081538461, 7197.847199999999], [30821.55083076922, 7182.467184615383], [30836.93084615384, 7167.087169230768], [30852.310861538455, 7151.707153846152], [30867.69087692307, 7136.327138461537], [30883.070892307685, 7120.947123076922], [30898.4509076923, 7105.567107692306], [30913.830923076915, 7090.187092307691], [30929.210938461532, 7074.807076923076], [30959.970969230762, 7074.807076923076], [30990.730999999992, 7074.807076923076], [31021.491030769223, 7074.807076923076], [31036.87104615384, 7059.42706153846], [31052.251061538453, 7044.047046153845], [31067.63107692307, 7028.667030769229], [31083.011092307686, 7013.287015384614], [31113.771123076916, 7013.287015384614], [31129.15113846153, 7028.667030769229], [31144.531153846146, 7044.047046153845], [31159.911169230763, 7059.42706153846], [31175.291184615377, 7074.807076923076], [31190.671199999993, 7090.187092307691], [31190.671199999993, 7120.947123076922], [31190.671199999993, 7151.707153846152], [31206.051215384607, 7167.087169230768], [31221.431230769223, 7182.467184615383], [31221.431230769223, 7213.227215384614], [31221.431230769223, 7243.987246153845], [31236.811246153837, 7259.36726153846], [31252.191261538454, 7274.747276923076], [31252.191261538454, 7305.507307692306], [31252.191261538454, 7336.267338461537], [31252.191261538454, 7367.027369230768], [31252.191261538454, 7397.787399999999], [31252.191261538454, 7428.547430769229], [31252.191261538454, 7459.30746153846], [31252.191261538454, 7490.067492307691], [31252.191261538454, 7520.827523076922], [31252.191261538454, 7551.587553846152], [31252.191261538454, 7582.347584615383], [31236.811246153837, 7597.727599999999], [31221.431230769223, 7613.107615384614], [31221.431230769223, 7643.867646153845], [31221.431230769223, 7674.627676923075], [31206.051215384607, 7690.007692307691], [31190.671199999993, 7705.387707692306], [31190.671199999993, 7736.147738461537], [31175.291184615377, 7751.527753846152], [31159.911169230763, 7766.907769230768], [31159.911169230763, 7797.667799999998], [31159.911169230763, 7828.427830769229], [31159.911169230763, 7859.18786153846], [31159.911169230763, 7889.947892307691], [31159.911169230763, 7920.707923076922], [31144.531153846146, 7936.087938461537], [31129.15113846153, 7951.467953846152], [31129.15113846153, 7982.227984615383], [31129.15113846153, 8012.988015384614], [31113.771123076916, 8028.368030769229], [31098.3911076923, 8043.748046153845], [31098.3911076923, 8074.508076923075], [31098.3911076923, 8105.268107692306], [31083.011092307686, 8120.648123076921], [31067.63107692307, 8136.028138461537], [31067.63107692307, 8166.788169230768], [31052.251061538453, 8182.168184615382], [31036.87104615384, 8197.5482], [31021.491030769223, 8212.928215384614], [31006.11101538461, 8228.30823076923], [30990.730999999992, 8243.688246153844], [30975.350984615376, 8259.06826153846], [30959.970969230762, 8274.448276923076], [30944.590953846146, 8289.828292307691], [30944.590953846146, 8320.588323076921], [30944.590953846146, 8351.348353846153], [30944.590953846146, 8382.108384615383], [30944.590953846146, 8412.868415384613], [30944.590953846146, 8443.628446153845], [30959.970969230762, 8459.00846153846], [30975.350984615376, 8474.388476923075], [30975.350984615376, 8505.148507692305], [30990.730999999992, 8520.528523076922], [31006.11101538461, 8535.908538461537], [31006.11101538461, 8566.668569230767], [31021.491030769223, 8582.048584615382], [31036.87104615384, 8597.4286], [31036.87104615384, 8628.18863076923], [31036.87104615384, 8658.94866153846], [31036.87104615384, 8689.708692307691], [31036.87104615384, 8720.468723076921], [31036.87104615384, 8751.228753846153], [31052.251061538453, 8766.608769230768], [31067.63107692307, 8781.988784615383], [31067.63107692307, 8812.748815384613], [31067.63107692307, 8843.508846153845], [31067.63107692307, 8874.268876923075], [31067.63107692307, 8905.028907692305], [31067.63107692307, 8935.788938461537], [31067.63107692307, 8966.548969230767], [31067.63107692307, 8997.309], [31067.63107692307, 9028.06903076923], [31052.251061538453, 9043.449046153844], [31036.87104615384, 9058.82906153846], [31036.87104615384, 9089.589092307691], [31036.87104615384, 9120.349123076921], [31036.87104615384, 9151.109153846151], [31036.87104615384, 9181.869184615383], [31036.87104615384, 9212.629215384613], [31021.491030769223, 9228.009230769228], [31006.11101538461, 9243.389246153845], [31006.11101538461, 9274.149276923075], [31006.11101538461, 9304.909307692305], [31006.11101538461, 9335.669338461537], [30990.730999999992, 9351.049353846152], [30975.350984615376, 9366.429369230767], [30975.350984615376, 9397.1894], [30959.970969230762, 9412.569415384614], [30944.590953846146, 9427.94943076923], [30929.210938461532, 9443.329446153844], [30913.830923076915, 9458.70946153846], [30913.830923076915, 9489.469492307691], [30898.4509076923, 9504.849507692306], [30883.070892307685, 9520.229523076921], [30883.070892307685, 9550.989553846151], [30867.69087692307, 9566.369569230768], [30852.310861538455, 9581.749584615383], [30836.93084615384, 9597.129599999998], [30821.55083076922, 9612.509615384613], [30836.93084615384, 9627.889630769228], [30852.310861538455, 9643.269646153845], [30836.93084615384, 9658.64966153846], [30821.55083076922, 9674.029676923075], [30806.17081538461, 9689.40969230769], [30790.79079999999, 9704.789707692305], [30775.41078461538, 9720.169723076922]]]}, "properties": {"objectType": "annotation", "name": "R1_2_T|lesion_10", "classification": {"name": "lesion", "color": [255, 0, 0]}, "lesion_id": 10, "section": "R1_2_T", "area_um2": 211150.00000000015}}, {"type": "Feature", "geometry": {"type": "Polygon", "coordinates": [[[30775.41078461538, 9320.289323076922], [30760.03076923076, 9304.909307692305], [30760.03076923076, 9274.149276923075], [30760.03076923076, 9243.389246153845], [30760.03076923076, 9212.629215384613], [30760.03076923076, 9181.869184615383], [30760.03076923076, 9151.109153846151], [30744.650753846145, 9135.729138461536], [30729.27073846153, 9120.349123076921], [30729.27073846153, 9089.589092307691], [30713.890723076915, 9074.209076923076], [30698.5107076923, 9058.82906153846], [30698.5107076923, 9028.06903076923], [30698.5107076923, 8997.309], [30683.130692307685, 8981.928984615382], [30667.750676923068, 8966.548969230767], [30667.750676923068, 8935.788938461537], [30652.370661538454, 8920.408923076922], [30636.990646153838, 8905.028907692305], [30621.610630769224, 8889.64889230769], [30606.230615384608, 8874.268876923075], [30590.85059999999, 8858.88886153846], [30575.470584615377, 8843.508846153845], [30560.09056923076, 8828.128830769228], [30544.710553846147, 8812.748815384613], [30529.33053846153, 8797.368799999998], [30498.5705076923, 8797.368799999998], [30483.190492307684, 8781.988784615383], [30467.81047692307, 8766.608769230768], [30452.430461538454, 8751.228753846153], [30452.430461538454, 8720.468723076921], [30437.05044615384, 8705.088707692306], [30421.670430769223, 8689.708692307691], [30421.670430769223, 8658.94866153846], [30406.290415384607, 8643.568646153844], [30390.910399999993, 8628.18863076923], [30390.910399999993, 8597.4286], [30375.530384615377, 8582.048584615382], [30360.150369230763, 8566.668569230767], [30360.150369230763, 8535.908538461537], [30344.770353846146, 8520.528523076922], [30329.39033846153, 8505.148507692305], [30329.39033846153, 8474.388476923075], [30314.010323076916, 8459.00846153846], [30298.6303076923, 8443.628446153845], [30298.6303076923, 8412.868415384613], [30298.6303076923, 8382.108384615383], [30298.6303076923, 8351.348353846153], [30283.250292307686, 8335.968338461536], [30267.87027692307, 8320.588323076921], [30267.87027692307, 8289.828292307691], [30267.87027692307, 8259.06826153846], [30267.87027692307, 8228.30823076923], [30252.490261538453, 8212.928215384614], [30237.11024615384, 8197.5482], [30237.11024615384, 8166.788169230768], [30237.11024615384, 8136.028138461537], [30237.11024615384, 8105.268107692306], [30221.730230769223, 8089.888092307691], [30206.35021538461, 8074.508076923075], [30206.35021538461, 8043.748046153845], [30206.35021538461, 8012.988015384614], [30190.970199999992, 7997.607999999998], [30175.590184615376, 7982.227984615383], [30175.590184615376, 7951.467953846152], [30160.210169230762, 7936.087938461537], [30144.830153846146, 7920.707923076922], [30160.210169230762, 7905.327907692306], [30175.590184615376, 7889.947892307691], [30190.970199999992, 7874.567876923075], [30206.35021538461, 7859.18786153846], [30221.730230769223, 7843.807846153845], [30237.11024615384, 7828.427830769229], [30252.490261538453, 7813.047815384614], [30267.87027692307, 7797.667799999998], [30267.87027692307, 7766.907769230768], [30283.250292307686, 7751.527753846152], [30298.6303076923, 7736.147738461537], [30314.010323076916, 7720.767723076922], [30329.39033846153, 7705.387707692306], [30329.39033846153, 7674.627676923075], [30344.770353846146, 7659.24766153846], [30360.150369230763, 7643.867646153845], [30375.530384615377, 7628.487630769229], [30390.910399999993, 7613.107615384614], [30406.290415384607, 7597.727599999999], [30437.05044615384, 7597.727599999999], [30467.81047692307, 7597.727599999999], [30483.190492307684, 7582.347584615383], [30498.5705076923, 7566.967569230768], [30529.33053846153, 7566.967569230768], [30544.710553846147, 7551.587553846152], [30560.09056923076, 7536.207538461537], [30575.470584615377, 7520.827523076922], [30590.85059999999, 7505.447507692306], [30606.230615384608, 7490.067492307691], [30621.610630769224, 7474.687476923075], [30652.370661538454, 7474.687476923075], [30683.130692307685, 7474.687476923075], [30698.5107076923, 7459.30746153846], [30713.890723076915, 7443.927446153845], [30744.650753846145, 7443.927446153845], [30760.03076923076, 7428.547430769229], [30775.41078461538, 7413.167415384614], [30806.17081538461, 7413.167415384614], [30821.55083076922, 7397.787399999999], [30836.93084615384, 7382.407384615383], [30867.69087692307, 7382.407384615383], [30883.070892307685, 7367.027369230768], [30898.4509076923, 7351.647353846152], [30929.210938461532, 7351.647353846152], [30944.590953846146, 7336.267338461537], [30959.970969230762, 7320.887323076922], [30975.350984615376, 7305.507307692306], [30990.730999999992, 7290.127292307691], [31006.11101538461, 7274.747276923076], [31021.491030769223, 7259.36726153846], [31036.87104615384, 7274.747276923076], [31036.87104615384, 7305.507307692306], [31052.251061538453, 7320.887323076922], [31067.63107692307, 7336.267338461537], [31067.63107692307, 7367.027369230768], [31067.63107692307, 7397.787399999999], [31067.63107692307, 7428.547430769229], [31067.63107692307, 7459.30746153846], [31067.63107692307, 7490.067492307691], [31067.63107692307, 7520.827523076922], [31052.251061538453, 7536.207538461537], [31036.87104615384, 7551.587553846152], [31036.87104615384, 7582.347584615383], [31036.87104615384, 7613.107615384614], [31021.491030769223, 7628.487630769229], [31006.11101538461, 7643.867646153845], [31006.11101538461, 7674.627676923075], [30990.730999999992, 7690.007692307691], [30975.350984615376, 7705.387707692306], [30975.350984615376, 7736.147738461537], [30975.350984615376, 7766.907769230768], [30975.350984615376, 7797.667799999998], [30975.350984615376, 7828.427830769229], [30975.350984615376, 7859.18786153846], [30959.970969230762, 7874.567876923075], [30944.590953846146, 7889.947892307691], [30944.590953846146, 7920.707923076922], [30944.590953846146, 7951.467953846152], [30929.210938461532, 7966.847969230768], [30913.830923076915, 7982.227984615383], [30913.830923076915, 8012.988015384614], [30913.830923076915, 8043.748046153845], [30898.4509076923, 8059.12806153846], [30883.070892307685, 8074.508076923075], [30867.69087692307, 8089.888092307691], [30852.310861538455, 8105.268107692306], [30836.93084615384, 8120.648123076921], [30821.55083076922, 8136.028138461537], [30806.17081538461, 8151.408153846152], [30790.79079999999, 8166.788169230768], [30790.79079999999, 8197.5482], [30775.41078461538, 8212.928215384614], [30760.03076923076, 8228.30823076923], [30760.03076923076, 8259.06826153846], [30760.03076923076, 8289.828292307691], [30760.03076923076, 8320.588323076921], [30760.03076923076, 8351.348353846153], [30760.03076923076, 8382.108384615383], [30760.03076923076, 8412.868415384613], [30760.03076923076, 8443.628446153845], [30760.03076923076, 8474.388476923075], [30760.03076923076, 8505.148507692305], [30775.41078461538, 8520.528523076922], [30790.79079999999, 8535.908538461537], [30790.79079999999, 8566.668569230767], [30806.17081538461, 8582.048584615382], [30821.55083076922, 8597.4286], [30821.55083076922, 8628.18863076923], [30836.93084615384, 8643.568646153844], [30852.310861538455, 8658.94866153846], [30852.310861538455, 8689.708692307691], [30852.310861538455, 8720.468723076921], [30852.310861538455, 8751.228753846153], [30852.310861538455, 8781.988784615383], [30852.310861538455, 8812.748815384613], [30867.69087692307, 8828.128830769228], [30883.070892307685, 8843.508846153845], [30883.070892307685, 8874.268876923075], [30883.070892307685, 8905.028907692305], [30883.070892307685, 8935.788938461537], [30883.070892307685, 8966.548969230767], [30867.69087692307, 8981.928984615382], [30852.310861538455, 8997.309], [30852.310861538455, 9028.06903076923], [30852.310861538455, 9058.82906153846], [30852.310861538455, 9089.589092307691], [30852.310861538455, 9120.349123076921], [30852.310861538455, 9151.109153846151], [30836.93084615384, 9166.489169230768], [30821.55083076922, 9181.869184615383], [30821.55083076922, 9212.629215384613], [30821.55083076922, 9243.389246153845], [30821.55083076922, 9274.149276923075], [30806.17081538461, 9289.52929230769], [30790.79079999999, 9304.909307692305], [30775.41078461538, 9320.289323076922]]]}, "properties": {"objectType": "annotation", "name": "R1_2_T|core_10", "classification": {"name": "core", "color": [230, 103, 103]}, "lesion_id": 10, "section": "R1_2_T", "area_um2": 91250.00000000003}}, {"type": "Feature", "geometry": {"type": "Polygon", "coordinates": [[[30775.41078461538, 9720.169723076922], [30744.650753846145, 9720.169723076922], [30729.27073846153, 9704.789707692305], [30713.890723076915, 9689.40969230769], [30698.5107076923, 9674.029676923075], [30683.130692307685, 9658.64966153846], [30667.750676923068, 9643.269646153845], [30652.370661538454, 9627.889630769228], [30636.990646153838, 9612.509615384613], [30636.990646153838, 9581.749584615383], [30621.610630769224, 9566.369569230768], [30606.230615384608, 9550.989553846151], [30590.85059999999, 9535.609538461536], [30575.470584615377, 9520.229523076921], [30560.09056923076, 9504.849507692306], [30544.710553846147, 9489.469492307691], [30529.33053846153, 9474.089476923074], [30513.950523076917, 9458.70946153846], [30529.33053846153, 9443.329446153844], [30544.710553846147, 9427.94943076923], [30544.710553846147, 9397.1894], [30529.33053846153, 9381.809384615382], [30513.950523076917, 9366.429369230767], [30529.33053846153, 9351.049353846152], [30544.710553846147, 9335.669338461537], [30544.710553846147, 9304.909307692305], [30560.09056923076, 9289.52929230769], [30575.470584615377, 9274.149276923075], [30575.470584615377, 9243.389246153845], [30575.470584615377, 9212.629215384613], [30560.09056923076, 9197.249199999998], [30544.710553846147, 9181.869184615383], [30544.710553846147, 9151.109153846151], [30529.33053846153, 9135.729138461536], [30513.950523076917, 9120.349123076921], [30513.950523076917, 9089.589092307691], [30513.950523076917, 9058.82906153846], [30498.5705076923, 9043.449046153844], [30483.190492307684, 9028.06903076923], [30467.81047692307, 9012.689015384614], [30452.430461538454, 8997.309], [30437.05044615384, 8981.928984615382], [30421.670430769223, 8966.548969230767], [30406.290415384607, 8951.168953846152], [30375.530384615377, 8951.168953846152], [30360.150369230763, 8935.788938461537], [30344.770353846146, 8920.408923076922], [30329.39033846153, 8905.028907692305], [30314.010323076916, 8889.64889230769], [30298.6303076923, 8874.268876923075], [30298.6303076923, 8843.508846153845], [30283.250292307686, 8828.128830769228], [30267.87027692307, 8812.748815384613], [30252.490261538453, 8797.368799999998], [30237.11024615384, 8781.988784615383], [30237.11024615384, 8751.228753846153], [30237.11024615384, 8720.468723076921], [30221.730230769223, 8705.088707692306], [30206.35021538461, 8689.708692307691], [30206.35021538461, 8658.94866153846], [30190.970199999992, 8643.568646153844], [30175.590184615376, 8628.18863076923], [30175.590184615376, 8597.4286], [30160.210169230762, 8582.048584615382], [30144.830153846146, 8566.668569230767], [30144.830153846146, 8535.908538461537], [30129.450138461532, 8520.528523076922], [30114.070123076915, 8505.148507692305], [30114.070123076915, 8474.388476923075], [30114.070123076915, 8443.628446153845], [30114.070123076915, 8412.868415384613], [30098.6901076923, 8397.488399999998], [30083.310092307685, 8382.108384615383], [30083.310092307685, 8351.348353846153], [30083.310092307685, 8320.588323076921], [30083.310092307685, 8289.828292307691], [30067.93007692307, 8274.448276923076], [30052.550061538455, 8259.06826153846], [30052.550061538455, 8228.30823076923], [30052.550061538455, 8197.5482], [30052.550061538455, 8166.788169230768], [30037.17004615384, 8151.408153846152], [30021.79003076922, 8136.028138461537], [30021.79003076922, 8105.268107692306], [30021.79003076922, 8074.508076923075], [30006.41001538461, 8059.12806153846], [29991.02999999999, 8043.748046153845], [29991.02999999999, 8012.988015384614], [29975.64998461538, 7997.607999999998], [29960.26996923076, 7982.227984615383], [29944.889953846145, 7966.847969230768], [29929.50993846153, 7951.467953846152], [29929.50993846153, 7920.707923076922], [29944.889953846145, 7905.327907692306], [29960.26996923076, 7889.947892307691], [29960.26996923076, 7859.18786153846], [29975.64998461538, 7843.807846153845], [29991.02999999999, 7828.427830769229], [29991.02999999999, 7797.667799999998], [30006.41001538461, 7782.287784615383], [30021.79003076922, 7766.907769230768], [30037.17004615384, 7751.527753846152], [30052.550061538455, 7736.147738461537], [30067.93007692307, 7720.767723076922], [30083.310092307685, 7705.387707692306], [30098.6901076923, 7690.007692307691], [30114.070123076915, 7674.627676923075], [30114.070123076915, 7643.867646153845], [30129.450138461532, 7628.487630769229], [30144.830153846146, 7613.107615384614], [30160.210169230762, 7597.727599999999], [30175.590184615376, 7582.347584615383], [30175.590184615376, 7551.587553846152], [30190.970199999992, 7536.207538461537], [30206.35021538461, 7520.827523076922], [30221.730230769223, 7505.447507692306], [30237.11024615384, 7490.067492307691], [30252.490261538453, 7474.687476923075], [30267.87027692307, 7459.30746153846], [30283.250292307686, 7443.927446153845], [30314.010323076916, 7443.927446153845], [30329.39033846153, 7428.547430769229], [30344.770353846146, 7413.167415384614], [30375.530384615377, 7413.167415384614], [30406.290415384607, 7413.167415384614], [30421.670430769223, 7397.787399999999], [30437.05044615384, 7382.407384615383], [30452.430461538454, 7367.027369230768], [30467.81047692307, 7351.647353846152], [30483.190492307684, 7336.267338461537], [30498.5705076923, 7320.887323076922], [30513.950523076917, 7305.507307692306], [30529.33053846153, 7290.127292307691], [30544.710553846147, 7274.747276923076], [30560.09056923076, 7259.36726153846], [30590.85059999999, 7259.36726153846], [30606.230615384608, 7274.747276923076], [30621.610630769224, 7290.127292307691], [30636.990646153838, 7274.747276923076], [30652.370661538454, 7259.36726153846], [30683.130692307685, 7259.36726153846], [30698.5107076923, 7243.987246153845], [30713.890723076915, 7228.607230769229], [30744.650753846145, 7228.607230769229], [30760.03076923076, 7213.227215384614], [30775.41078461538, 7197.847199999999], [30806.17081538461, 7197.847199999999], [30821.55083076922, 7182.467184615383], [30836.93084615384, 7167.087169230768], [30852.310861538455, 7151.707153846152], [30867.69087692307, 7136.327138461537], [30883.070892307685, 7120.947123076922], [30898.4509076923, 7105.567107692306], [30913.830923076915, 7090.187092307691], [30929.210938461532, 7074.807076923076], [30959.970969230762, 7074.807076923076], [30990.730999999992, 7074.807076923076], [31021.491030769223, 7074.807076923076], [31036.87104615384, 7059.42706153846], [31052.251061538453, 7044.047046153845], [31067.63107692307, 7028.667030769229], [31083.011092307686, 7013.287015384614], [31113.771123076916, 7013.287015384614], [31129.15113846153, 7028.667030769229], [31144.531153846146, 7044.047046153845], [31159.911169230763, 7059.42706153846], [31175.291184615377, 7074.807076923076], [31190.671199999993, 7090.187092307691], [31190.671199999993, 7120.947123076922], [31190.671199999993, 7151.707153846152], [31206.051215384607, 7167.087169230768], [31221.431230769223, 7182.467184615383], [31221.431230769223, 7213.227215384614], [31221.431230769223, 7243.987246153845], [31236.811246153837, 7259.36726153846], [31252.191261538454, 7274.747276923076], [31252.191261538454, 7305.507307692306], [31252.191261538454, 7336.267338461537], [31252.191261538454, 7367.027369230768], [31252.191261538454, 7397.787399999999], [31252.191261538454, 7428.547430769229], [31252.191261538454, 7459.30746153846], [31252.191261538454, 7490.067492307691], [31252.191261538454, 7520.827523076922], [31252.191261538454, 7551.587553846152], [31252.191261538454, 7582.347584615383], [31236.811246153837, 7597.727599999999], [31221.431230769223, 7613.107615384614], [31221.431230769223, 7643.867646153845], [31221.431230769223, 7674.627676923075], [31206.051215384607, 7690.007692307691], [31190.671199999993, 7705.387707692306], [31190.671199999993, 7736.147738461537], [31175.291184615377, 7751.527753846152], [31159.911169230763, 7766.907769230768], [31159.911169230763, 7797.667799999998], [31159.911169230763, 7828.427830769229], [31159.911169230763, 7859.18786153846], [31159.911169230763, 7889.947892307691], [31159.911169230763, 7920.707923076922], [31144.531153846146, 7936.087938461537], [31129.15113846153, 7951.467953846152], [31129.15113846153, 7982.227984615383], [31129.15113846153, 8012.988015384614], [31113.771123076916, 8028.368030769229], [31098.3911076923, 8043.748046153845], [31098.3911076923, 8074.508076923075], [31098.3911076923, 8105.268107692306], [31083.011092307686, 8120.648123076921], [31067.63107692307, 8136.028138461537], [31067.63107692307, 8166.788169230768], [31052.251061538453, 8182.168184615382], [31036.87104615384, 8197.5482], [31021.491030769223, 8212.928215384614], [31006.11101538461, 8228.30823076923], [30990.730999999992, 8243.688246153844], [30975.350984615376, 8259.06826153846], [30959.970969230762, 8274.448276923076], [30944.590953846146, 8289.828292307691], [30944.590953846146, 8320.588323076921], [30944.590953846146, 8351.348353846153], [30944.590953846146, 8382.108384615383], [30944.590953846146, 8412.868415384613], [30944.590953846146, 8443.628446153845], [30959.970969230762, 8459.00846153846], [30975.350984615376, 8474.388476923075], [30975.350984615376, 8505.148507692305], [30990.730999999992, 8520.528523076922], [31006.11101538461, 8535.908538461537], [31006.11101538461, 8566.668569230767], [31021.491030769223, 8582.048584615382], [31036.87104615384, 8597.4286], [31036.87104615384, 8628.18863076923], [31036.87104615384, 8658.94866153846], [31036.87104615384, 8689.708692307691], [31036.87104615384, 8720.468723076921], [31036.87104615384, 8751.228753846153], [31052.251061538453, 8766.608769230768], [31067.63107692307, 8781.988784615383], [31067.63107692307, 8812.748815384613], [31067.63107692307, 8843.508846153845], [31067.63107692307, 8874.268876923075], [31067.63107692307, 8905.028907692305], [31067.63107692307, 8935.788938461537], [31067.63107692307, 8966.548969230767], [31067.63107692307, 8997.309], [31067.63107692307, 9028.06903076923], [31052.251061538453, 9043.449046153844], [31036.87104615384, 9058.82906153846], [31036.87104615384, 9089.589092307691], [31036.87104615384, 9120.349123076921], [31036.87104615384, 9151.109153846151], [31036.87104615384, 9181.869184615383], [31036.87104615384, 9212.629215384613], [31021.491030769223, 9228.009230769228], [31006.11101538461, 9243.389246153845], [31006.11101538461, 9274.149276923075], [31006.11101538461, 9304.909307692305], [31006.11101538461, 9335.669338461537], [30990.730999999992, 9351.049353846152], [30975.350984615376, 9366.429369230767], [30975.350984615376, 9397.1894], [30959.970969230762, 9412.569415384614], [30944.590953846146, 9427.94943076923], [30929.210938461532, 9443.329446153844], [30913.830923076915, 9458.70946153846], [30913.830923076915, 9489.469492307691], [30898.4509076923, 9504.849507692306], [30883.070892307685, 9520.229523076921], [30883.070892307685, 9550.989553846151], [30867.69087692307, 9566.369569230768], [30852.310861538455, 9581.749584615383], [30836.93084615384, 9597.129599999998], [30821.55083076922, 9612.509615384613], [30836.93084615384, 9627.889630769228], [30852.310861538455, 9643.269646153845], [30836.93084615384, 9658.64966153846], [30821.55083076922, 9674.029676923075], [30806.17081538461, 9689.40969230769], [30790.79079999999, 9704.789707692305], [30775.41078461538, 9720.169723076922]], [[30790.79079999999, 9304.909307692305], [30806.17081538461, 9289.52929230769], [30821.55083076922, 9274.149276923075], [30821.55083076922, 9243.389246153845], [30821.55083076922, 9212.629215384613], [30821.55083076922, 9181.869184615383], [30836.93084615384, 9166.489169230768], [30852.310861538455, 9151.109153846151], [30852.310861538455, 9120.349123076921], [30852.310861538455, 9089.589092307691], [30852.310861538455, 9058.82906153846], [30852.310861538455, 9028.06903076923], [30852.310861538455, 8997.309], [30867.69087692307, 8981.928984615382], [30883.070892307685, 8966.548969230767], [30883.070892307685, 8935.788938461537], [30883.070892307685, 8905.028907692305], [30883.070892307685, 8874.268876923075], [30883.070892307685, 8843.508846153845], [30867.69087692307, 8828.128830769228], [30852.310861538455, 8812.748815384613], [30852.310861538455, 8781.988784615383], [30852.310861538455, 8751.228753846153], [30852.310861538455, 8720.468723076921], [30852.310861538455, 8689.708692307691], [30852.310861538455, 8658.94866153846], [30836.93084615384, 8643.568646153844], [30821.55083076922, 8628.18863076923], [30821.55083076922, 8597.4286], [30806.17081538461, 8582.048584615382], [30790.79079999999, 8566.668569230767], [30790.79079999999, 8535.908538461537], [30775.41078461538, 8520.528523076922], [30760.03076923076, 8505.148507692305], [30760.03076923076, 8474.388476923075], [30760.03076923076, 8443.628446153845], [30760.03076923076, 8412.868415384613], [30760.03076923076, 8382.108384615383], [30760.03076923076, 8351.348353846153], [30760.03076923076, 8320.588323076921], [30760.03076923076, 8289.828292307691], [30760.03076923076, 8259.06826153846], [30760.03076923076, 8228.30823076923], [30775.41078461538, 8212.928215384614], [30790.79079999999, 8197.5482], [30790.79079999999, 8166.788169230768], [30806.17081538461, 8151.408153846152], [30821.55083076922, 8136.028138461537], [30836.93084615384, 8120.648123076921], [30852.310861538455, 8105.268107692306], [30867.69087692307, 8089.888092307691], [30883.070892307685, 8074.508076923075], [30898.4509076923, 8059.12806153846], [30913.830923076915, 8043.748046153845], [30913.830923076915, 8012.988015384614], [30913.830923076915, 7982.227984615383], [30929.210938461532, 7966.847969230768], [30944.590953846146, 7951.467953846152], [30944.590953846146, 7920.707923076922], [30944.590953846146, 7889.947892307691], [30959.970969230762, 7874.567876923075], [30975.350984615376, 7859.18786153846], [30975.350984615376, 7828.427830769229], [30975.350984615376, 7797.667799999998], [30975.350984615376, 7766.907769230768], [30975.350984615376, 7736.147738461537], [30975.350984615376, 7705.387707692306], [30990.730999999992, 7690.007692307691], [31006.11101538461, 7674.627676923075], [31006.11101538461, 7643.867646153845], [31021.491030769223, 7628.487630769229], [31036.87104615384, 7613.107615384614], [31036.87104615384, 7582.347584615383], [31036.87104615384, 7551.587553846152], [31052.251061538453, 7536.207538461537], [31067.63107692307, 7520.827523076922], [31067.63107692307, 7490.067492307691], [31067.63107692307, 7459.30746153846], [31067.63107692307, 7428.547430769229], [31067.63107692307, 7397.787399999999], [31067.63107692307, 7367.027369230768], [31067.63107692307, 7336.267338461537], [31052.251061538453, 7320.887323076922], [31036.87104615384, 7305.507307692306], [31036.87104615384, 7274.747276923076], [31021.491030769223, 7259.36726153846], [31006.11101538461, 7274.747276923076], [30990.730999999992, 7290.127292307691], [30975.350984615376, 7305.507307692306], [30959.970969230762, 7320.887323076922], [30944.590953846146, 7336.267338461537], [30929.210938461532, 7351.647353846152], [30898.4509076923, 7351.647353846152], [30883.070892307685, 7367.027369230768], [30867.69087692307, 7382.407384615383], [30836.93084615384, 7382.407384615383], [30821.55083076922, 7397.787399999999], [30806.17081538461, 7413.167415384614], [30775.41078461538, 7413.167415384614], [30760.03076923076, 7428.547430769229], [30744.650753846145, 7443.927446153845], [30713.890723076915, 7443.927446153845], [30698.5107076923, 7459.30746153846], [30683.130692307685, 7474.687476923075], [30652.370661538454, 7474.687476923075], [30621.610630769224, 7474.687476923075], [30606.230615384608, 7490.067492307691], [30590.85059999999, 7505.447507692306], [30575.470584615377, 7520.827523076922], [30560.09056923076, 7536.207538461537], [30544.710553846147, 7551.587553846152], [30529.33053846153, 7566.967569230768], [30498.5705076923, 7566.967569230768], [30483.190492307684, 7582.347584615383], [30467.81047692307, 7597.727599999999], [30437.05044615384, 7597.727599999999], [30406.290415384607, 7597.727599999999], [30390.910399999993, 7613.107615384614], [30375.530384615377, 7628.487630769229], [30360.150369230763, 7643.867646153845], [30344.770353846146, 7659.24766153846], [30329.39033846153, 7674.627676923075], [30329.39033846153, 7705.387707692306], [30314.010323076916, 7720.767723076922], [30298.6303076923, 7736.147738461537], [30283.250292307686, 7751.527753846152], [30267.87027692307, 7766.907769230768], [30267.87027692307, 7797.667799999998], [30252.490261538453, 7813.047815384614], [30237.11024615384, 7828.427830769229], [30221.730230769223, 7843.807846153845], [30206.35021538461, 7859.18786153846], [30190.970199999992, 7874.567876923075], [30175.590184615376, 7889.947892307691], [30160.210169230762, 7905.327907692306], [30144.830153846146, 7920.707923076922], [30160.210169230762, 7936.087938461537], [30175.590184615376, 7951.467953846152], [30175.590184615376, 7982.227984615383], [30190.970199999992, 7997.607999999998], [30206.35021538461, 8012.988015384614], [30206.35021538461, 8043.748046153845], [30206.35021538461, 8074.508076923075], [30221.730230769223, 8089.888092307691], [30237.11024615384, 8105.268107692306], [30237.11024615384, 8136.028138461537], [30237.11024615384, 8166.788169230768], [30237.11024615384, 8197.5482], [30252.490261538453, 8212.928215384614], [30267.87027692307, 8228.30823076923], [30267.87027692307, 8259.06826153846], [30267.87027692307, 8289.828292307691], [30267.87027692307, 8320.588323076921], [30283.250292307686, 8335.968338461536], [30298.6303076923, 8351.348353846153], [30298.6303076923, 8382.108384615383], [30298.6303076923, 8412.868415384613], [30298.6303076923, 8443.628446153845], [30314.010323076916, 8459.00846153846], [30329.39033846153, 8474.388476923075], [30329.39033846153, 8505.148507692305], [30344.770353846146, 8520.528523076922], [30360.150369230763, 8535.908538461537], [30360.150369230763, 8566.668569230767], [30375.530384615377, 8582.048584615382], [30390.910399999993, 8597.4286], [30390.910399999993, 8628.18863076923], [30406.290415384607, 8643.568646153844], [30421.670430769223, 8658.94866153846], [30421.670430769223, 8689.708692307691], [30437.05044615384, 8705.088707692306], [30452.430461538454, 8720.468723076921], [30452.430461538454, 8751.228753846153], [30467.81047692307, 8766.608769230768], [30483.190492307684, 8781.988784615383], [30498.5705076923, 8797.368799999998], [30529.33053846153, 8797.368799999998], [30544.710553846147, 8812.748815384613], [30560.09056923076, 8828.128830769228], [30575.470584615377, 8843.508846153845], [30590.85059999999, 8858.88886153846], [30606.230615384608, 8874.268876923075], [30621.610630769224, 8889.64889230769], [30636.990646153838, 8905.028907692305], [30652.370661538454, 8920.408923076922], [30667.750676923068, 8935.788938461537], [30667.750676923068, 8966.548969230767], [30683.130692307685, 8981.928984615382], [30698.5107076923, 8997.309], [30698.5107076923, 9028.06903076923], [30698.5107076923, 9058.82906153846], [30713.890723076915, 9074.209076923076], [30729.27073846153, 9089.589092307691], [30729.27073846153, 9120.349123076921], [30744.650753846145, 9135.729138461536], [30760.03076923076, 9151.109153846151], [30760.03076923076, 9181.869184615383], [30760.03076923076, 9212.629215384613], [30760.03076923076, 9243.389246153845], [30760.03076923076, 9274.149276923075], [30760.03076923076, 9304.909307692305], [30775.41078461538, 9320.289323076922], [30790.79079999999, 9304.909307692305]]]}, "properties": {"objectType": "annotation", "name": "R1_2_T|rim_10", "classification": {"name": "rim", "color": [201, 133, 0]}, "lesion_id": 10, "section": "R1_2_T", "area_um2": 119900.00000000015}}, {"type": "Feature", "geometry": {"type": "Polygon", "coordinates": [[[26376.726384615376, 7782.287784615383], [26345.966353846146, 7782.287784615383], [26315.206323076916, 7782.287784615383], [26299.8263076923, 7766.907769230768], [26284.446292307686, 7751.527753846152], [26253.686261538456, 7751.527753846152], [26222.926230769222, 7751.527753846152], [26192.166199999992, 7751.527753846152], [26176.78618461538, 7736.147738461537], [26161.406169230762, 7720.767723076922], [26146.026153846145, 7705.387707692306], [26130.646138461532, 7690.007692307691], [26115.266123076915, 7674.627676923075], [26130.646138461532, 7659.24766153846], [26146.026153846145, 7643.867646153845], [26130.646138461532, 7628.487630769229], [26115.266123076915, 7613.107615384614], [26115.266123076915, 7582.347584615383], [26115.266123076915, 7551.587553846152], [26115.266123076915, 7520.827523076922], [26099.886107692302, 7505.447507692306], [26084.506092307685, 7490.067492307691], [26084.506092307685, 7459.30746153846], [26084.506092307685, 7428.547430769229], [26084.506092307685, 7397.787399999999], [26084.506092307685, 7367.027369230768], [26069.12607692307, 7351.647353846152], [26053.746061538455, 7336.267338461537], [26069.12607692307, 7320.887323076922], [26084.506092307685, 7305.507307692306], [26084.506092307685, 7274.747276923076], [26099.886107692302, 7259.36726153846], [26115.266123076915, 7243.987246153845], [26115.266123076915, 7213.227215384614], [26130.646138461532, 7197.847199999999], [26146.026153846145, 7182.467184615383], [26161.406169230762, 7167.087169230768], [26176.78618461538, 7151.707153846152], [26192.166199999992, 7136.327138461537], [26207.54621538461, 7120.947123076922], [26222.926230769222, 7105.567107692306], [26253.686261538456, 7105.567107692306], [26269.06627692307, 7090.187092307691], [26284.446292307686, 7074.807076923076], [26315.206323076916, 7074.807076923076], [26345.966353846146, 7074.807076923076], [26376.726384615376, 7074.807076923076], [26407.48641538461, 7074.807076923076], [26438.24644615384, 7074.807076923076], [26469.00647692307, 7074.807076923076], [26499.7665076923, 7074.807076923076], [26530.52653846153, 7074.807076923076], [26561.286569230764, 7074.807076923076], [26576.666584615377, 7090.187092307691], [26592.046599999994, 7105.567107692306], [26607.426615384607, 7120.947123076922], [26622.806630769224, 7136.327138461537], [26638.18664615384, 7151.707153846152], [26622.806630769224, 7167.087169230768], [26607.426615384607, 7182.467184615383], [26592.046599999994, 7197.847199999999], [26576.666584615377, 7213.227215384614], [26561.286569230764, 7228.607230769229], [26545.906553846147, 7243.987246153845], [26530.52653846153, 7259.36726153846], [26515.146523076917, 7274.747276923076], [26515.146523076917, 7305.507307692306], [26515.146523076917, 7336.267338461537], [26515.146523076917, 7367.027369230768], [26499.7665076923, 7382.407384615383], [26484.386492307687, 7397.787399999999], [26484.386492307687, 7428.547430769229], [26484.386492307687, 7459.30746153846], [26484.386492307687, 7490.067492307691], [26484.386492307687, 7520.827523076922], [26484.386492307687, 7551.587553846152], [26484.386492307687, 7582.347584615383], [26484.386492307687, 7613.107615384614], [26484.386492307687, 7643.867646153845], [26469.00647692307, 7659.24766153846], [26453.626461538453, 7674.627676923075], [26453.626461538453, 7705.387707692306], [26438.24644615384, 7720.767723076922], [26422.866430769223, 7736.147738461537], [26407.48641538461, 7751.527753846152], [26392.106399999993, 7766.907769230768], [26376.726384615376, 7782.287784615383]]]}, "properties": {"objectType": "annotation", "name": "R1_2_T|lesion_11", "classification": {"name": "lesion", "color": [255, 0, 0]}, "lesion_id": 11, "section": "R1_2_T", "area_um2": 28150.000000000076}}, {"type": "Feature", "geometry": {"type": "Polygon", "coordinates": [[[26284.446292307686, 7443.927446153845], [26269.06627692307, 7428.547430769229], [26269.06627692307, 7397.787399999999], [26269.06627692307, 7367.027369230768], [26269.06627692307, 7336.267338461537], [26284.446292307686, 7320.887323076922], [26299.8263076923, 7336.267338461537], [26299.8263076923, 7367.027369230768], [26299.8263076923, 7397.787399999999], [26299.8263076923, 7428.547430769229], [26284.446292307686, 7443.927446153845]]]}, "properties": {"objectType": "annotation", "name": "R1_2_T|core_11", "classification": {"name": "core", "color": [230, 103, 103]}, "lesion_id": 11, "section": "R1_2_T", "area_um2": 349.9999999999917}}, {"type": "Feature", "geometry": {"type": "Polygon", "coordinates": [[[26376.726384615376, 7782.287784615383], [26345.966353846146, 7782.287784615383], [26315.206323076916, 7782.287784615383], [26299.8263076923, 7766.907769230768], [26284.446292307686, 7751.527753846152], [26253.686261538456, 7751.527753846152], [26222.926230769222, 7751.527753846152], [26192.166199999992, 7751.527753846152], [26176.78618461538, 7736.147738461537], [26161.406169230762, 7720.767723076922], [26146.026153846145, 7705.387707692306], [26130.646138461532, 7690.007692307691], [26115.266123076915, 7674.627676923075], [26130.646138461532, 7659.24766153846], [26146.026153846145, 7643.867646153845], [26130.646138461532, 7628.487630769229], [26115.266123076915, 7613.107615384614], [26115.266123076915, 7582.347584615383], [26115.266123076915, 7551.587553846152], [26115.266123076915, 7520.827523076922], [26099.886107692302, 7505.447507692306], [26084.506092307685, 7490.067492307691], [26084.506092307685, 7459.30746153846], [26084.506092307685, 7428.547430769229], [26084.506092307685, 7397.787399999999], [26084.506092307685, 7367.027369230768], [26069.12607692307, 7351.647353846152], [26053.746061538455, 7336.267338461537], [26069.12607692307, 7320.887323076922], [26084.506092307685, 7305.507307692306], [26084.506092307685, 7274.747276923076], [26099.886107692302, 7259.36726153846], [26115.266123076915, 7243.987246153845], [26115.266123076915, 7213.227215384614], [26130.646138461532, 7197.847199999999], [26146.026153846145, 7182.467184615383], [26161.406169230762, 7167.087169230768], [26176.78618461538, 7151.707153846152], [26192.166199999992, 7136.327138461537], [26207.54621538461, 7120.947123076922], [26222.926230769222, 7105.567107692306], [26253.686261538456, 7105.567107692306], [26269.06627692307, 7090.187092307691], [26284.446292307686, 7074.807076923076], [26315.206323076916, 7074.807076923076], [26345.966353846146, 7074.807076923076], [26376.726384615376, 7074.807076923076], [26407.48641538461, 7074.807076923076], [26438.24644615384, 7074.807076923076], [26469.00647692307, 7074.807076923076], [26499.7665076923, 7074.807076923076], [26530.52653846153, 7074.807076923076], [26561.286569230764, 7074.807076923076], [26576.666584615377, 7090.187092307691], [26592.046599999994, 7105.567107692306], [26607.426615384607, 7120.947123076922], [26622.806630769224, 7136.327138461537], [26638.18664615384, 7151.707153846152], [26622.806630769224, 7167.087169230768], [26607.426615384607, 7182.467184615383], [26592.046599999994, 7197.847199999999], [26576.666584615377, 7213.227215384614], [26561.286569230764, 7228.607230769229], [26545.906553846147, 7243.987246153845], [26530.52653846153, 7259.36726153846], [26515.146523076917, 7274.747276923076], [26515.146523076917, 7305.507307692306], [26515.146523076917, 7336.267338461537], [26515.146523076917, 7367.027369230768], [26499.7665076923, 7382.407384615383], [26484.386492307687, 7397.787399999999], [26484.386492307687, 7428.547430769229], [26484.386492307687, 7459.30746153846], [26484.386492307687, 7490.067492307691], [26484.386492307687, 7520.827523076922], [26484.386492307687, 7551.587553846152], [26484.386492307687, 7582.347584615383], [26484.386492307687, 7613.107615384614], [26484.386492307687, 7643.867646153845], [26469.00647692307, 7659.24766153846], [26453.626461538453, 7674.627676923075], [26453.626461538453, 7705.387707692306], [26438.24644615384, 7720.767723076922], [26422.866430769223, 7736.147738461537], [26407.48641538461, 7751.527753846152], [26392.106399999993, 7766.907769230768], [26376.726384615376, 7782.287784615383]], [[26299.8263076923, 7428.547430769229], [26299.8263076923, 7397.787399999999], [26299.8263076923, 7367.027369230768], [26299.8263076923, 7336.267338461537], [26315.206323076916, 7320.887323076922], [26330.586338461533, 7305.507307692306], [26315.206323076916, 7290.127292307691], [26299.8263076923, 7305.507307692306], [26284.446292307686, 7320.887323076922], [26269.06627692307, 7336.267338461537], [26269.06627692307, 7367.027369230768], [26269.06627692307, 7397.787399999999], [26269.06627692307, 7428.547430769229], [26284.446292307686, 7443.927446153845], [26299.8263076923, 7428.547430769229]]]}, "properties": {"objectType": "annotation", "name": "R1_2_T|rim_11", "classification": {"name": "rim", "color": [201, 133, 0]}, "lesion_id": 11, "section": "R1_2_T", "area_um2": 27700.00000000008}}, {"type": "Feature", "geometry": {"type": "Polygon", "coordinates": [[[25269.365276923072, 8582.048584615382], [25238.60524615384, 8582.048584615382], [25223.225230769225, 8566.668569230767], [25207.84521538461, 8551.288553846152], [25192.465199999995, 8535.908538461537], [25177.08518461538, 8520.528523076922], [25146.325153846148, 8520.528523076922], [25115.565123076918, 8520.528523076922], [25100.1851076923, 8535.908538461537], [25084.805092307684, 8551.288553846152], [25054.045061538454, 8551.288553846152], [25038.66504615384, 8566.668569230767], [25023.285030769224, 8582.048584615382], [24992.524999999994, 8582.048584615382], [24977.144984615377, 8566.668569230767], [24961.764969230764, 8551.288553846152], [24946.384953846147, 8535.908538461537], [24931.00493846153, 8520.528523076922], [24915.624923076917, 8505.148507692305], [24931.00493846153, 8489.76849230769], [24946.384953846147, 8474.388476923075], [24946.384953846147, 8443.628446153845], [24946.384953846147, 8412.868415384613], [24946.384953846147, 8382.108384615383], [24946.384953846147, 8351.348353846153], [24931.00493846153, 8335.968338461536], [24915.624923076917, 8320.588323076921], [24915.624923076917, 8289.828292307691], [24931.00493846153, 8274.448276923076], [24946.384953846147, 8259.06826153846], [24946.384953846147, 8228.30823076923], [24946.384953846147, 8197.5482], [24946.384953846147, 8166.788169230768], [24961.764969230764, 8151.408153846152], [24977.144984615377, 8136.028138461537], [24977.144984615377, 8105.268107692306], [24992.524999999994, 8089.888092307691], [25007.905015384607, 8074.508076923075], [25007.905015384607, 8043.748046153845], [25023.285030769224, 8028.368030769229], [25038.66504615384, 8012.988015384614], [25054.045061538454, 7997.607999999998], [25069.42507692307, 7982.227984615383], [25069.42507692307, 7951.467953846152], [25069.42507692307, 7920.707923076922], [25084.805092307684, 7905.327907692306], [25100.1851076923, 7889.947892307691], [25100.1851076923, 7859.18786153846], [25115.565123076918, 7843.807846153845], [25130.94513846153, 7828.427830769229], [25146.325153846148, 7813.047815384614], [25161.70516923076, 7797.667799999998], [25161.70516923076, 7766.907769230768], [25161.70516923076, 7736.147738461537], [25161.70516923076, 7705.387707692306], [25161.70516923076, 7674.627676923075], [25161.70516923076, 7643.867646153845], [25161.70516923076, 7613.107615384614], [25161.70516923076, 7582.347584615383], [25161.70516923076, 7551.587553846152], [25161.70516923076, 7520.827523076922], [25177.08518461538, 7505.447507692306], [25192.465199999995, 7490.067492307691], [25177.08518461538, 7474.687476923075], [25161.70516923076, 7459.30746153846], [25177.08518461538, 7443.927446153845], [25192.465199999995, 7428.547430769229], [25207.84521538461, 7413.167415384614], [25223.225230769225, 7397.787399999999], [25238.60524615384, 7382.407384615383], [25269.365276923072, 7382.407384615383], [25300.125307692302, 7382.407384615383], [25315.505323076915, 7397.787399999999], [25330.885338461532, 7413.167415384614], [25346.26535384615, 7428.547430769229], [25361.645369230762, 7443.927446153845], [25377.02538461538, 7459.30746153846], [25392.405399999992, 7474.687476923075], [25407.78541538461, 7490.067492307691], [25423.165430769222, 7505.447507692306], [25453.925461538456, 7505.447507692306], [25484.685492307686, 7505.447507692306], [25500.0655076923, 7520.827523076922], [25515.445523076916, 7536.207538461537], [25530.825538461533, 7551.587553846152], [25546.205553846146, 7566.967569230768], [25561.585569230763, 7582.347584615383], [25576.965584615376, 7597.727599999999], [25592.345599999993, 7613.107615384614], [25607.72561538461, 7628.487630769229], [25623.105630769223, 7643.867646153845], [25638.48564615384, 7659.24766153846], [25653.865661538453, 7674.627676923075], [25669.24567692307, 7690.007692307691], [25700.0057076923, 7690.007692307691], [25730.76573846153, 7690.007692307691], [25761.525769230764, 7690.007692307691], [25776.905784615377, 7705.387707692306], [25792.285799999994, 7720.767723076922], [25807.665815384607, 7736.147738461537], [25823.045830769224, 7751.527753846152], [25838.42584615384, 7766.907769230768], [25838.42584615384, 7797.667799999998], [25838.42584615384, 7828.427830769229], [25823.045830769224, 7843.807846153845], [25807.665815384607, 7859.18786153846], [25792.285799999994, 7874.567876923075], [25776.905784615377, 7889.947892307691], [25776.905784615377, 7920.707923076922], [25792.285799999994, 7936.087938461537], [25807.665815384607, 7951.467953846152], [25807.665815384607, 7982.227984615383], [25807.665815384607, 8012.988015384614], [25807.665815384607, 8043.748046153845], [25807.665815384607, 8074.508076923075], [25807.665815384607, 8105.268107692306], [25823.045830769224, 8120.648123076921], [25838.42584615384, 8136.028138461537], [25838.42584615384, 8166.788169230768], [25838.42584615384, 8197.5482], [25823.045830769224, 8212.928215384614], [25807.665815384607, 8228.30823076923], [25792.285799999994, 8243.688246153844], [25776.905784615377, 8259.06826153846], [25761.525769230764, 8274.448276923076], [25746.145753846147, 8289.828292307691], [25730.76573846153, 8305.208307692306], [25715.385723076917, 8320.588323076921], [25700.0057076923, 8335.968338461536], [25669.24567692307, 8335.968338461536], [25638.48564615384, 8335.968338461536], [25607.72561538461, 8335.968338461536], [25576.965584615376, 8335.968338461536], [25561.585569230763, 8320.588323076921], [25546.205553846146, 8305.208307692306], [25530.825538461533, 8320.588323076921], [25515.445523076916, 8335.968338461536], [25500.0655076923, 8351.348353846153], [25484.685492307686, 8366.728369230768], [25469.30547692307, 8382.108384615383], [25469.30547692307, 8412.868415384613], [25453.925461538456, 8428.24843076923], [25438.54544615384, 8443.628446153845], [25423.165430769222, 8459.00846153846], [25407.78541538461, 8474.388476923075], [25392.405399999992, 8489.76849230769], [25377.02538461538, 8505.148507692305], [25361.645369230762, 8520.528523076922], [25330.885338461532, 8520.528523076922], [25315.505323076915, 8535.908538461537], [25300.125307692302, 8551.288553846152], [25284.745292307685, 8566.668569230767], [25269.365276923072, 8582.048584615382]]]}, "properties": {"objectType": "annotation", "name": "R1_2_T|lesion_12", "classification": {"name": "lesion", "color": [255, 0, 0]}, "lesion_id": 12, "section": "R1_2_T", "area_um2": 73450.0}}, {"type": "Feature", "geometry": {"type": "Polygon", "coordinates": [[[25269.365276923072, 8335.968338461536], [25238.60524615384, 8335.968338461536], [25207.84521538461, 8335.968338461536], [25177.08518461538, 8335.968338461536], [25146.325153846148, 8335.968338461536], [25130.94513846153, 8320.588323076921], [25130.94513846153, 8289.828292307691], [25130.94513846153, 8259.06826153846], [25130.94513846153, 8228.30823076923], [25146.325153846148, 8212.928215384614], [25161.70516923076, 8197.5482], [25161.70516923076, 8166.788169230768], [25177.08518461538, 8151.408153846152], [25192.465199999995, 8136.028138461537], [25207.84521538461, 8120.648123076921], [25223.225230769225, 8105.268107692306], [25223.225230769225, 8074.508076923075], [25238.60524615384, 8059.12806153846], [25253.985261538455, 8043.748046153845], [25253.985261538455, 8012.988015384614], [25253.985261538455, 7982.227984615383], [25269.365276923072, 7966.847969230768], [25284.745292307685, 7951.467953846152], [25300.125307692302, 7936.087938461537], [25315.505323076915, 7920.707923076922], [25315.505323076915, 7889.947892307691], [25330.885338461532, 7874.567876923075], [25346.26535384615, 7859.18786153846], [25346.26535384615, 7828.427830769229], [25346.26535384615, 7797.667799999998], [25346.26535384615, 7766.907769230768], [25346.26535384615, 7736.147738461537], [25346.26535384615, 7705.387707692306], [25361.645369230762, 7690.007692307691], [25392.405399999992, 7690.007692307691], [25407.78541538461, 7705.387707692306], [25423.165430769222, 7720.767723076922], [25438.54544615384, 7736.147738461537], [25453.925461538456, 7751.527753846152], [25469.30547692307, 7766.907769230768], [25484.685492307686, 7782.287784615383], [25500.0655076923, 7797.667799999998], [25515.445523076916, 7813.047815384614], [25530.825538461533, 7828.427830769229], [25546.205553846146, 7843.807846153845], [25576.965584615376, 7843.807846153845], [25592.345599999993, 7859.18786153846], [25592.345599999993, 7889.947892307691], [25592.345599999993, 7920.707923076922], [25592.345599999993, 7951.467953846152], [25592.345599999993, 7982.227984615383], [25607.72561538461, 7997.607999999998], [25623.105630769223, 8012.988015384614], [25623.105630769223, 8043.748046153845], [25623.105630769223, 8074.508076923075], [25623.105630769223, 8105.268107692306], [25607.72561538461, 8120.648123076921], [25576.965584615376, 8120.648123076921], [25546.205553846146, 8120.648123076921], [25515.445523076916, 8120.648123076921], [25484.685492307686, 8120.648123076921], [25469.30547692307, 8136.028138461537], [25453.925461538456, 8151.408153846152], [25423.165430769222, 8151.408153846152], [25407.78541538461, 8166.788169230768], [25392.405399999992, 8182.168184615382], [25377.02538461538, 8197.5482], [25361.645369230762, 8212.928215384614], [25346.26535384615, 8228.30823076923], [25330.885338461532, 8243.688246153844], [25315.505323076915, 8259.06826153846], [25315.505323076915, 8289.828292307691], [25300.125307692302, 8305.208307692306], [25284.745292307685, 8320.588323076921], [25269.365276923072, 8335.968338461536]]]}, "properties": {"objectType": "annotation", "name": "R1_2_T|core_12", "classification": {"name": "core", "color": [230, 103, 103]}, "lesion_id": 12, "section": "R1_2_T", "area_um2": 16449.999999999935}}, {"type": "Feature", "geometry": {"type": "Polygon", "coordinates": [[[25269.365276923072, 8582.048584615382], [25238.60524615384, 8582.048584615382], [25223.225230769225, 8566.668569230767], [25207.84521538461, 8551.288553846152], [25192.465199999995, 8535.908538461537], [25177.08518461538, 8520.528523076922], [25146.325153846148, 8520.528523076922], [25115.565123076918, 8520.528523076922], [25100.1851076923, 8535.908538461537], [25084.805092307684, 8551.288553846152], [25054.045061538454, 8551.288553846152], [25038.66504615384, 8566.668569230767], [25023.285030769224, 8582.048584615382], [24992.524999999994, 8582.048584615382], [24977.144984615377, 8566.668569230767], [24961.764969230764, 8551.288553846152], [24946.384953846147, 8535.908538461537], [24931.00493846153, 8520.528523076922], [24915.624923076917, 8505.148507692305], [24931.00493846153, 8489.76849230769], [24946.384953846147, 8474.388476923075], [24946.384953846147, 8443.628446153845], [24946.384953846147, 8412.868415384613], [24946.384953846147, 8382.108384615383], [24946.384953846147, 8351.348353846153], [24931.00493846153, 8335.968338461536], [24915.624923076917, 8320.588323076921], [24915.624923076917, 8289.828292307691], [24931.00493846153, 8274.448276923076], [24946.384953846147, 8259.06826153846], [24946.384953846147, 8228.30823076923], [24946.384953846147, 8197.5482], [24946.384953846147, 8166.788169230768], [24961.764969230764, 8151.408153846152], [24977.144984615377, 8136.028138461537], [24977.144984615377, 8105.268107692306], [24992.524999999994, 8089.888092307691], [25007.905015384607, 8074.508076923075], [25007.905015384607, 8043.748046153845], [25023.285030769224, 8028.368030769229], [25038.66504615384, 8012.988015384614], [25054.045061538454, 7997.607999999998], [25069.42507692307, 7982.227984615383], [25069.42507692307, 7951.467953846152], [25069.42507692307, 7920.707923076922], [25084.805092307684, 7905.327907692306], [25100.1851076923, 7889.947892307691], [25100.1851076923, 7859.18786153846], [25115.565123076918, 7843.807846153845], [25130.94513846153, 7828.427830769229], [25146.325153846148, 7813.047815384614], [25161.70516923076, 7797.667799999998], [25161.70516923076, 7766.907769230768], [25161.70516923076, 7736.147738461537], [25161.70516923076, 7705.387707692306], [25161.70516923076, 7674.627676923075], [25161.70516923076, 7643.867646153845], [25161.70516923076, 7613.107615384614], [25161.70516923076, 7582.347584615383], [25161.70516923076, 7551.587553846152], [25161.70516923076, 7520.827523076922], [25177.08518461538, 7505.447507692306], [25192.465199999995, 7490.067492307691], [25177.08518461538, 7474.687476923075], [25161.70516923076, 7459.30746153846], [25177.08518461538, 7443.927446153845], [25192.465199999995, 7428.547430769229], [25207.84521538461, 7413.167415384614], [25223.225230769225, 7397.787399999999], [25238.60524615384, 7382.407384615383], [25269.365276923072, 7382.407384615383], [25300.125307692302, 7382.407384615383], [25315.505323076915, 7397.787399999999], [25330.885338461532, 7413.167415384614], [25346.26535384615, 7428.547430769229], [25361.645369230762, 7443.927446153845], [25377.02538461538, 7459.30746153846], [25392.405399999992, 7474.687476923075], [25407.78541538461, 7490.067492307691], [25423.165430769222, 7505.447507692306], [25453.925461538456, 7505.447507692306], [25484.685492307686, 7505.447507692306], [25500.0655076923, 7520.827523076922], [25515.445523076916, 7536.207538461537], [25530.825538461533, 7551.587553846152], [25546.205553846146, 7566.967569230768], [25561.585569230763, 7582.347584615383], [25576.965584615376, 7597.727599999999], [25592.345599999993, 7613.107615384614], [25607.72561538461, 7628.487630769229], [25623.105630769223, 7643.867646153845], [25638.48564615384, 7659.24766153846], [25653.865661538453, 7674.627676923075], [25669.24567692307, 7690.007692307691], [25700.0057076923, 7690.007692307691], [25730.76573846153, 7690.007692307691], [25761.525769230764, 7690.007692307691], [25776.905784615377, 7705.387707692306], [25792.285799999994, 7720.767723076922], [25807.665815384607, 7736.147738461537], [25823.045830769224, 7751.527753846152], [25838.42584615384, 7766.907769230768], [25838.42584615384, 7797.667799999998], [25838.42584615384, 7828.427830769229], [25823.045830769224, 7843.807846153845], [25807.665815384607, 7859.18786153846], [25792.285799999994, 7874.567876923075], [25776.905784615377, 7889.947892307691], [25776.905784615377, 7920.707923076922], [25792.285799999994, 7936.087938461537], [25807.665815384607, 7951.467953846152], [25807.665815384607, 7982.227984615383], [25807.665815384607, 8012.988015384614], [25807.665815384607, 8043.748046153845], [25807.665815384607, 8074.508076923075], [25807.665815384607, 8105.268107692306], [25823.045830769224, 8120.648123076921], [25838.42584615384, 8136.028138461537], [25838.42584615384, 8166.788169230768], [25838.42584615384, 8197.5482], [25823.045830769224, 8212.928215384614], [25807.665815384607, 8228.30823076923], [25792.285799999994, 8243.688246153844], [25776.905784615377, 8259.06826153846], [25761.525769230764, 8274.448276923076], [25746.145753846147, 8289.828292307691], [25730.76573846153, 8305.208307692306], [25715.385723076917, 8320.588323076921], [25700.0057076923, 8335.968338461536], [25669.24567692307, 8335.968338461536], [25638.48564615384, 8335.968338461536], [25607.72561538461, 8335.968338461536], [25576.965584615376, 8335.968338461536], [25561.585569230763, 8320.588323076921], [25546.205553846146, 8305.208307692306], [25530.825538461533, 8320.588323076921], [25515.445523076916, 8335.968338461536], [25500.0655076923, 8351.348353846153], [25484.685492307686, 8366.728369230768], [25469.30547692307, 8382.108384615383], [25469.30547692307, 8412.868415384613], [25453.925461538456, 8428.24843076923], [25438.54544615384, 8443.628446153845], [25423.165430769222, 8459.00846153846], [25407.78541538461, 8474.388476923075], [25392.405399999992, 8489.76849230769], [25377.02538461538, 8505.148507692305], [25361.645369230762, 8520.528523076922], [25330.885338461532, 8520.528523076922], [25315.505323076915, 8535.908538461537], [25300.125307692302, 8551.288553846152], [25284.745292307685, 8566.668569230767], [25269.365276923072, 8582.048584615382]], [[25284.745292307685, 8320.588323076921], [25300.125307692302, 8305.208307692306], [25315.505323076915, 8289.828292307691], [25315.505323076915, 8259.06826153846], [25330.885338461532, 8243.688246153844], [25346.26535384615, 8228.30823076923], [25361.645369230762, 8212.928215384614], [25377.02538461538, 8197.5482], [25392.405399999992, 8182.168184615382], [25407.78541538461, 8166.788169230768], [25423.165430769222, 8151.408153846152], [25453.925461538456, 8151.408153846152], [25469.30547692307, 8136.028138461537], [25484.685492307686, 8120.648123076921], [25515.445523076916, 8120.648123076921], [25546.205553846146, 8120.648123076921], [25576.965584615376, 8120.648123076921], [25607.72561538461, 8120.648123076921], [25623.105630769223, 8105.268107692306], [25623.105630769223, 8074.508076923075], [25623.105630769223, 8043.748046153845], [25623.105630769223, 8012.988015384614], [25607.72561538461, 7997.607999999998], [25592.345599999993, 7982.227984615383], [25592.345599999993, 7951.467953846152], [25592.345599999993, 7920.707923076922], [25592.345599999993, 7889.947892307691], [25592.345599999993, 7859.18786153846], [25576.965584615376, 7843.807846153845], [25546.205553846146, 7843.807846153845], [25530.825538461533, 7828.427830769229], [25515.445523076916, 7813.047815384614], [25500.0655076923, 7797.667799999998], [25484.685492307686, 7782.287784615383], [25469.30547692307, 7766.907769230768], [25453.925461538456, 7751.527753846152], [25438.54544615384, 7736.147738461537], [25423.165430769222, 7720.767723076922], [25407.78541538461, 7705.387707692306], [25392.405399999992, 7690.007692307691], [25361.645369230762, 7690.007692307691], [25346.26535384615, 7705.387707692306], [25346.26535384615, 7736.147738461537], [25346.26535384615, 7766.907769230768], [25346.26535384615, 7797.667799999998], [25346.26535384615, 7828.427830769229], [25346.26535384615, 7859.18786153846], [25330.885338461532, 7874.567876923075], [25315.505323076915, 7889.947892307691], [25315.505323076915, 7920.707923076922], [25300.125307692302, 7936.087938461537], [25284.745292307685, 7951.467953846152], [25269.365276923072, 7966.847969230768], [25253.985261538455, 7982.227984615383], [25253.985261538455, 8012.988015384614], [25253.985261538455, 8043.748046153845], [25238.60524615384, 8059.12806153846], [25223.225230769225, 8074.508076923075], [25223.225230769225, 8105.268107692306], [25207.84521538461, 8120.648123076921], [25192.465199999995, 8136.028138461537], [25177.08518461538, 8151.408153846152], [25161.70516923076, 8166.788169230768], [25161.70516923076, 8197.5482], [25146.325153846148, 8212.928215384614], [25130.94513846153, 8228.30823076923], [25130.94513846153, 8259.06826153846], [25130.94513846153, 8289.828292307691], [25130.94513846153, 8320.588323076921], [25146.325153846148, 8335.968338461536], [25177.08518461538, 8335.968338461536], [25207.84521538461, 8335.968338461536], [25238.60524615384, 8335.968338461536], [25269.365276923072, 8335.968338461536], [25284.745292307685, 8320.588323076921]]]}, "properties": {"objectType": "annotation", "name": "R1_2_T|rim_12", "classification": {"name": "rim", "color": [201, 133, 0]}, "lesion_id": 12, "section": "R1_2_T", "area_um2": 57000.00000000006}}, {"type": "Feature", "geometry": {"type": "Polygon", "coordinates": [[[16748.83675384615, 9750.929753846152], [16718.07672307692, 9750.929753846152], [16702.696707692303, 9735.549738461537], [16687.316692307686, 9720.169723076922], [16656.556661538456, 9720.169723076922], [16625.796630769226, 9720.169723076922], [16595.036599999996, 9720.169723076922], [16579.65658461538, 9704.789707692305], [16564.276569230766, 9689.40969230769], [16533.516538461532, 9689.40969230769], [16518.13652307692, 9674.029676923075], [16502.756507692302, 9658.64966153846], [16471.996476923072, 9658.64966153846], [16441.236446153842, 9658.64966153846], [16425.856430769225, 9643.269646153845], [16410.47641538461, 9627.889630769228], [16379.71638461538, 9627.889630769228], [16364.336369230767, 9612.509615384613], [16348.956353846152, 9597.129599999998], [16333.576338461535, 9581.749584615383], [16318.19632307692, 9566.369569230768], [16302.816307692305, 9550.989553846151], [16287.43629230769, 9535.609538461536], [16272.056276923075, 9520.229523076921], [16256.676261538458, 9504.849507692306], [16241.296246153843, 9489.469492307691], [16225.916230769228, 9474.089476923074], [16210.536215384613, 9458.70946153846], [16210.536215384613, 9427.94943076923], [16210.536215384613, 9397.1894], [16195.156199999998, 9381.809384615382], [16179.776184615383, 9366.429369230767], [16179.776184615383, 9335.669338461537], [16164.396169230766, 9320.289323076922], [16149.01615384615, 9304.909307692305], [16149.01615384615, 9274.149276923075], [16149.01615384615, 9243.389246153845], [16149.01615384615, 9212.629215384613], [16133.636138461536, 9197.249199999998], [16118.25612307692, 9181.869184615383], [16102.876107692306, 9166.489169230768], [16087.496092307689, 9151.109153846151], [16072.116076923074, 9135.729138461536], [16056.736061538459, 9120.349123076921], [16056.736061538459, 9089.589092307691], [16056.736061538459, 9058.82906153846], [16072.116076923074, 9043.449046153844], [16087.496092307689, 9028.06903076923], [16102.876107692306, 9012.689015384614], [16118.25612307692, 8997.309], [16133.636138461536, 8981.928984615382], [16149.01615384615, 8966.548969230767], [16164.396169230766, 8951.168953846152], [16179.776184615383, 8966.548969230767], [16195.156199999998, 8981.928984615382], [16210.536215384613, 8997.309], [16225.916230769228, 9012.689015384614], [16241.296246153843, 9028.06903076923], [16256.676261538458, 9043.449046153844], [16287.43629230769, 9043.449046153844], [16302.816307692305, 9028.06903076923], [16318.19632307692, 9012.689015384614], [16333.576338461535, 8997.309], [16348.956353846152, 8981.928984615382], [16364.336369230767, 8966.548969230767], [16379.71638461538, 8951.168953846152], [16410.47641538461, 8951.168953846152], [16441.236446153842, 8951.168953846152], [16471.996476923072, 8951.168953846152], [16487.37649230769, 8966.548969230767], [16502.756507692302, 8981.928984615382], [16518.13652307692, 8997.309], [16533.516538461532, 9012.689015384614], [16564.276569230766, 9012.689015384614], [16579.65658461538, 9028.06903076923], [16595.036599999996, 9043.449046153844], [16610.41661538461, 9058.82906153846], [16625.796630769226, 9074.209076923076], [16641.176646153843, 9089.589092307691], [16656.556661538456, 9104.969107692306], [16671.936676923073, 9120.349123076921], [16687.316692307686, 9135.729138461536], [16702.696707692303, 9151.109153846151], [16718.07672307692, 9166.489169230768], [16733.456738461533, 9181.869184615383], [16748.83675384615, 9197.249199999998], [16764.216769230763, 9212.629215384613], [16779.59678461538, 9228.009230769228], [16794.976799999997, 9243.389246153845], [16810.35681538461, 9258.76926153846], [16825.736830769227, 9274.149276923075], [16841.11684615384, 9289.52929230769], [16856.496861538457, 9304.909307692305], [16856.496861538457, 9335.669338461537], [16871.876876923074, 9351.049353846152], [16887.256892307687, 9366.429369230767], [16887.256892307687, 9397.1894], [16902.636907692304, 9412.569415384614], [16918.016923076917, 9427.94943076923], [16918.016923076917, 9458.70946153846], [16918.016923076917, 9489.469492307691], [16933.396938461534, 9504.849507692306], [16948.77695384615, 9520.229523076921], [16964.156969230764, 9535.609538461536], [16979.53698461538, 9550.989553846151], [16994.916999999994, 9566.369569230768], [17010.29701538461, 9581.749584615383], [17025.677030769224, 9597.129599999998], [17041.05704615384, 9612.509615384613], [17041.05704615384, 9643.269646153845], [17025.677030769224, 9658.64966153846], [17010.29701538461, 9674.029676923075], [16994.916999999994, 9689.40969230769], [16979.53698461538, 9704.789707692305], [16964.156969230764, 9720.169723076922], [16948.77695384615, 9704.789707692305], [16933.396938461534, 9689.40969230769], [16902.636907692304, 9689.40969230769], [16887.256892307687, 9704.789707692305], [16871.876876923074, 9720.169723076922], [16841.11684615384, 9720.169723076922], [16810.35681538461, 9720.169723076922], [16779.59678461538, 9720.169723076922], [16764.216769230763, 9735.549738461537], [16748.83675384615, 9750.929753846152]]]}, "properties": {"objectType": "annotation", "name": "P3_1_C|lesion_13", "classification": {"name": "lesion", "color": [255, 0, 0]}, "lesion_id": 13, "section": "P3_1_C", "area_um2": 48249.9999999999}}, {"type": "Feature", "geometry": {"type": "Polygon", "coordinates": [[[16718.07672307692, 9535.609538461536], [16687.316692307686, 9535.609538461536], [16656.556661538456, 9535.609538461536], [16625.796630769226, 9535.609538461536], [16610.41661538461, 9520.229523076921], [16595.036599999996, 9504.849507692306], [16564.276569230766, 9504.849507692306], [16548.89655384615, 9489.469492307691], [16533.516538461532, 9474.089476923074], [16502.756507692302, 9474.089476923074], [16471.996476923072, 9474.089476923074], [16456.616461538455, 9458.70946153846], [16441.236446153842, 9443.329446153844], [16425.856430769225, 9427.94943076923], [16410.47641538461, 9412.569415384614], [16395.096399999995, 9397.1894], [16395.096399999995, 9366.429369230767], [16379.71638461538, 9351.049353846152], [16364.336369230767, 9335.669338461537], [16364.336369230767, 9304.909307692305], [16348.956353846152, 9289.52929230769], [16333.576338461535, 9274.149276923075], [16333.576338461535, 9243.389246153845], [16333.576338461535, 9212.629215384613], [16348.956353846152, 9197.249199999998], [16379.71638461538, 9197.249199999998], [16395.096399999995, 9181.869184615383], [16410.47641538461, 9166.489169230768], [16441.236446153842, 9166.489169230768], [16471.996476923072, 9166.489169230768], [16487.37649230769, 9181.869184615383], [16502.756507692302, 9197.249199999998], [16518.13652307692, 9212.629215384613], [16533.516538461532, 9228.009230769228], [16548.89655384615, 9243.389246153845], [16564.276569230766, 9258.76926153846], [16579.65658461538, 9274.149276923075], [16595.036599999996, 9289.52929230769], [16610.41661538461, 9304.909307692305], [16625.796630769226, 9320.289323076922], [16641.176646153843, 9335.669338461537], [16656.556661538456, 9351.049353846152], [16671.936676923073, 9366.429369230767], [16687.316692307686, 9381.809384615382], [16702.696707692303, 9397.1894], [16702.696707692303, 9427.94943076923], [16718.07672307692, 9443.329446153844], [16733.456738461533, 9458.70946153846], [16733.456738461533, 9489.469492307691], [16733.456738461533, 9520.229523076921], [16718.07672307692, 9535.609538461536]]]}, "properties": {"objectType": "annotation", "name": "P3_1_C|core_13", "classification": {"name": "core", "color": [230, 103, 103]}, "lesion_id": 13, "section": "P3_1_C", "area_um2": 8749.999999999965}}, {"type": "Feature", "geometry": {"type": "Polygon", "coordinates": [[[16748.83675384615, 9750.929753846152], [16718.07672307692, 9750.929753846152], [16702.696707692303, 9735.549738461537], [16687.316692307686, 9720.169723076922], [16656.556661538456, 9720.169723076922], [16625.796630769226, 9720.169723076922], [16595.036599999996, 9720.169723076922], [16579.65658461538, 9704.789707692305], [16564.276569230766, 9689.40969230769], [16533.516538461532, 9689.40969230769], [16518.13652307692, 9674.029676923075], [16502.756507692302, 9658.64966153846], [16471.996476923072, 9658.64966153846], [16441.236446153842, 9658.64966153846], [16425.856430769225, 9643.269646153845], [16410.47641538461, 9627.889630769228], [16379.71638461538, 9627.889630769228], [16364.336369230767, 9612.509615384613], [16348.956353846152, 9597.129599999998], [16333.576338461535, 9581.749584615383], [16318.19632307692, 9566.369569230768], [16302.816307692305, 9550.989553846151], [16287.43629230769, 9535.609538461536], [16272.056276923075, 9520.229523076921], [16256.676261538458, 9504.849507692306], [16241.296246153843, 9489.469492307691], [16225.916230769228, 9474.089476923074], [16210.536215384613, 9458.70946153846], [16210.536215384613, 9427.94943076923], [16210.536215384613, 9397.1894], [16195.156199999998, 9381.809384615382], [16179.776184615383, 9366.429369230767], [16179.776184615383, 9335.669338461537], [16164.396169230766, 9320.289323076922], [16149.01615384615, 9304.909307692305], [16149.01615384615, 9274.149276923075], [16149.01615384615, 9243.389246153845], [16149.01615384615, 9212.629215384613], [16133.636138461536, 9197.249199999998], [16118.25612307692, 9181.869184615383], [16102.876107692306, 9166.489169230768], [16087.496092307689, 9151.109153846151], [16072.116076923074, 9135.729138461536], [16056.736061538459, 9120.349123076921], [16056.736061538459, 9089.589092307691], [16056.736061538459, 9058.82906153846], [16072.116076923074, 9043.449046153844], [16087.496092307689, 9028.06903076923], [16102.876107692306, 9012.689015384614], [16118.25612307692, 8997.309], [16133.636138461536, 8981.928984615382], [16149.01615384615, 8966.548969230767], [16164.396169230766, 8951.168953846152], [16179.776184615383, 8966.548969230767], [16195.156199999998, 8981.928984615382], [16210.536215384613, 8997.309], [16225.916230769228, 9012.689015384614], [16241.296246153843, 9028.06903076923], [16256.676261538458, 9043.449046153844], [16287.43629230769, 9043.449046153844], [16302.816307692305, 9028.06903076923], [16318.19632307692, 9012.689015384614], [16333.576338461535, 8997.309], [16348.956353846152, 8981.928984615382], [16364.336369230767, 8966.548969230767], [16379.71638461538, 8951.168953846152], [16410.47641538461, 8951.168953846152], [16441.236446153842, 8951.168953846152], [16471.996476923072, 8951.168953846152], [16487.37649230769, 8966.548969230767], [16502.756507692302, 8981.928984615382], [16518.13652307692, 8997.309], [16533.516538461532, 9012.689015384614], [16564.276569230766, 9012.689015384614], [16579.65658461538, 9028.06903076923], [16595.036599999996, 9043.449046153844], [16610.41661538461, 9058.82906153846], [16625.796630769226, 9074.209076923076], [16641.176646153843, 9089.589092307691], [16656.556661538456, 9104.969107692306], [16671.936676923073, 9120.349123076921], [16687.316692307686, 9135.729138461536], [16702.696707692303, 9151.109153846151], [16718.07672307692, 9166.489169230768], [16733.456738461533, 9181.869184615383], [16748.83675384615, 9197.249199999998], [16764.216769230763, 9212.629215384613], [16779.59678461538, 9228.009230769228], [16794.976799999997, 9243.389246153845], [16810.35681538461, 9258.76926153846], [16825.736830769227, 9274.149276923075], [16841.11684615384, 9289.52929230769], [16856.496861538457, 9304.909307692305], [16856.496861538457, 9335.669338461537], [16871.876876923074, 9351.049353846152], [16887.256892307687, 9366.429369230767], [16887.256892307687, 9397.1894], [16902.636907692304, 9412.569415384614], [16918.016923076917, 9427.94943076923], [16918.016923076917, 9458.70946153846], [16918.016923076917, 9489.469492307691], [16933.396938461534, 9504.849507692306], [16948.77695384615, 9520.229523076921], [16964.156969230764, 9535.609538461536], [16979.53698461538, 9550.989553846151], [16994.916999999994, 9566.369569230768], [17010.29701538461, 9581.749584615383], [17025.677030769224, 9597.129599999998], [17041.05704615384, 9612.509615384613], [17041.05704615384, 9643.269646153845], [17025.677030769224, 9658.64966153846], [17010.29701538461, 9674.029676923075], [16994.916999999994, 9689.40969230769], [16979.53698461538, 9704.789707692305], [16964.156969230764, 9720.169723076922], [16948.77695384615, 9704.789707692305], [16933.396938461534, 9689.40969230769], [16902.636907692304, 9689.40969230769], [16887.256892307687, 9704.789707692305], [16871.876876923074, 9720.169723076922], [16841.11684615384, 9720.169723076922], [16810.35681538461, 9720.169723076922], [16779.59678461538, 9720.169723076922], [16764.216769230763, 9735.549738461537], [16748.83675384615, 9750.929753846152]], [[16733.456738461533, 9520.229523076921], [16733.456738461533, 9489.469492307691], [16733.456738461533, 9458.70946153846], [16718.07672307692, 9443.329446153844], [16702.696707692303, 9427.94943076923], [16702.696707692303, 9397.1894], [16687.316692307686, 9381.809384615382], [16671.936676923073, 9366.429369230767], [16656.556661538456, 9351.049353846152], [16641.176646153843, 9335.669338461537], [16625.796630769226, 9320.289323076922], [16610.41661538461, 9304.909307692305], [16595.036599999996, 9289.52929230769], [16579.65658461538, 9274.149276923075], [16564.276569230766, 9258.76926153846], [16548.89655384615, 9243.389246153845], [16533.516538461532, 9228.009230769228], [16518.13652307692, 9212.629215384613], [16502.756507692302, 9197.249199999998], [16487.37649230769, 9181.869184615383], [16471.996476923072, 9166.489169230768], [16441.236446153842, 9166.489169230768], [16410.47641538461, 9166.489169230768], [16395.096399999995, 9181.869184615383], [16379.71638461538, 9197.249199999998], [16348.956353846152, 9197.249199999998], [16333.576338461535, 9212.629215384613], [16333.576338461535, 9243.389246153845], [16333.576338461535, 9274.149276923075], [16348.956353846152, 9289.52929230769], [16364.336369230767, 9304.909307692305], [16364.336369230767, 9335.669338461537], [16379.71638461538, 9351.049353846152], [16395.096399999995, 9366.429369230767], [16395.096399999995, 9397.1894], [16410.47641538461, 9412.569415384614], [16425.856430769225, 9427.94943076923], [16441.236446153842, 9443.329446153844], [16456.616461538455, 9458.70946153846], [16471.996476923072, 9474.089476923074], [16502.756507692302, 9474.089476923074], [16533.516538461532, 9474.089476923074], [16548.89655384615, 9489.469492307691], [16564.276569230766, 9504.849507692306], [16595.036599999996, 9504.849507692306], [16610.41661538461, 9520.229523076921], [16625.796630769226, 9535.609538461536], [16656.556661538456, 9535.609538461536], [16687.316692307686, 9535.609538461536], [16718.07672307692, 9535.609538461536], [16733.456738461533, 9520.229523076921]]]}, "properties": {"objectType": "annotation", "name": "P3_1_C|rim_13", "classification": {"name": "rim", "color": [201, 133, 0]}, "lesion_id": 13, "section": "P3_1_C", "area_um2": 39499.999999999935}}, {"type": "Feature", "geometry": {"type": "Polygon", "coordinates": [[[24869.48487692307, 10489.17049230769], [24854.104861538453, 10473.790476923075], [24838.72484615384, 10458.41046153846], [24823.344830769223, 10443.030446153844], [24807.96481538461, 10427.650430769228], [24792.584799999993, 10412.270415384613], [24792.584799999993, 10381.510384615383], [24807.96481538461, 10366.130369230768], [24823.344830769223, 10350.750353846151], [24838.72484615384, 10335.370338461536], [24854.104861538453, 10319.990323076921], [24838.72484615384, 10304.610307692306], [24823.344830769223, 10289.230292307691], [24823.344830769223, 10258.47026153846], [24807.96481538461, 10243.090246153844], [24792.584799999993, 10227.71023076923], [24792.584799999993, 10196.950199999997], [24792.584799999993, 10166.190169230767], [24792.584799999993, 10135.430138461537], [24792.584799999993, 10104.670107692305], [24777.204784615376, 10089.29009230769], [24761.824769230763, 10073.910076923075], [24746.444753846146, 10058.53006153846], [24731.064738461533, 10043.150046153845], [24715.684723076916, 10027.770030769228], [24700.304707692303, 10012.390015384613], [24700.304707692303, 9981.629984615383], [24700.304707692303, 9950.869953846151], [24700.304707692303, 9920.109923076921], [24700.304707692303, 9889.349892307691], [24700.304707692303, 9858.58986153846], [24715.684723076916, 9843.209846153844], [24731.064738461533, 9827.82983076923], [24746.444753846146, 9812.449815384614], [24761.824769230763, 9797.069799999997], [24761.824769230763, 9766.309769230767], [24761.824769230763, 9735.549738461537], [24777.204784615376, 9720.169723076922], [24792.584799999993, 9704.789707692305], [24792.584799999993, 9674.029676923075], [24807.96481538461, 9658.64966153846], [24823.344830769223, 9643.269646153845], [24823.344830769223, 9612.509615384613], [24838.72484615384, 9597.129599999998], [24854.104861538453, 9581.749584615383], [24869.48487692307, 9566.369569230768], [24884.864892307687, 9550.989553846151], [24900.2449076923, 9535.609538461536], [24915.624923076917, 9550.989553846151], [24931.00493846153, 9566.369569230768], [24961.764969230764, 9566.369569230768], [24977.144984615377, 9581.749584615383], [24992.524999999994, 9597.129599999998], [25007.905015384607, 9612.509615384613], [25023.285030769224, 9627.889630769228], [25038.66504615384, 9643.269646153845], [25054.045061538454, 9658.64966153846], [25069.42507692307, 9674.029676923075], [25069.42507692307, 9704.789707692305], [25069.42507692307, 9735.549738461537], [25069.42507692307, 9766.309769230767], [25084.805092307684, 9781.689784615382], [25100.1851076923, 9797.069799999997], [25115.565123076918, 9812.449815384614], [25130.94513846153, 9827.82983076923], [25146.325153846148, 9843.209846153844], [25161.70516923076, 9858.58986153846], [25146.325153846148, 9873.969876923074], [25130.94513846153, 9889.349892307691], [25130.94513846153, 9920.109923076921], [25146.325153846148, 9935.489938461536], [25161.70516923076, 9950.869953846151], [25146.325153846148, 9966.249969230768], [25130.94513846153, 9981.629984615383], [25130.94513846153, 10012.390015384613], [25130.94513846153, 10043.150046153845], [25130.94513846153, 10073.910076923075], [25130.94513846153, 10104.670107692305], [25130.94513846153, 10135.430138461537], [25146.325153846148, 10150.810153846152], [25161.70516923076, 10166.190169230767], [25161.70516923076, 10196.950199999997], [25177.08518461538, 10212.330215384614], [25192.465199999995, 10227.71023076923], [25192.465199999995, 10258.47026153846], [25207.84521538461, 10273.850276923074], [25223.225230769225, 10289.230292307691], [25223.225230769225, 10319.990323076921], [25207.84521538461, 10335.370338461536], [25192.465199999995, 10350.750353846151], [25177.08518461538, 10366.130369230768], [25161.70516923076, 10381.510384615383], [25146.325153846148, 10396.890399999998], [25130.94513846153, 10381.510384615383], [25115.565123076918, 10366.130369230768], [25100.1851076923, 10350.750353846151], [25084.805092307684, 10335.370338461536], [25069.42507692307, 10319.990323076921], [25054.045061538454, 10304.610307692306], [25038.66504615384, 10319.990323076921], [25023.285030769224, 10335.370338461536], [25007.905015384607, 10350.750353846151], [24992.524999999994, 10366.130369230768], [24977.144984615377, 10381.510384615383], [24961.764969230764, 10396.890399999998], [24946.384953846147, 10412.270415384613], [24931.00493846153, 10427.650430769228], [24915.624923076917, 10443.030446153844], [24900.2449076923, 10458.41046153846], [24884.864892307687, 10473.790476923075], [24869.48487692307, 10489.17049230769]]]}, "properties": {"objectType": "annotation", "name": "R1_2_T|lesion_14", "classification": {"name": "lesion", "color": [255, 0, 0]}, "lesion_id": 14, "section": "R1_2_T", "area_um2": 31049.999999999985}}, {"type": "Feature", "geometry": {"type": "Polygon", "coordinates": [[[24869.48487692307, 10489.17049230769], [24854.104861538453, 10473.790476923075], [24838.72484615384, 10458.41046153846], [24823.344830769223, 10443.030446153844], [24807.96481538461, 10427.650430769228], [24792.584799999993, 10412.270415384613], [24792.584799999993, 10381.510384615383], [24807.96481538461, 10366.130369230768], [24823.344830769223, 10350.750353846151], [24838.72484615384, 10335.370338461536], [24854.104861538453, 10319.990323076921], [24838.72484615384, 10304.610307692306], [24823.344830769223, 10289.230292307691], [24823.344830769223, 10258.47026153846], [24807.96481538461, 10243.090246153844], [24792.584799999993, 10227.71023076923], [24792.584799999993, 10196.950199999997], [24792.584799999993, 10166.190169230767], [24792.584799999993, 10135.430138461537], [24792.584799999993, 10104.670107692305], [24777.204784615376, 10089.29009230769], [24761.824769230763, 10073.910076923075], [24746.444753846146, 10058.53006153846], [24731.064738461533, 10043.150046153845], [24715.684723076916, 10027.770030769228], [24700.304707692303, 10012.390015384613], [24700.304707692303, 9981.629984615383], [24700.304707692303, 9950.869953846151], [24700.304707692303, 9920.109923076921], [24700.304707692303, 9889.349892307691], [24700.304707692303, 9858.58986153846], [24715.684723076916, 9843.209846153844], [24731.064738461533, 9827.82983076923], [24746.444753846146, 9812.449815384614], [24761.824769230763, 9797.069799999997], [24761.824769230763, 9766.309769230767], [24761.824769230763, 9735.549738461537], [24777.204784615376, 9720.169723076922], [24792.584799999993, 9704.789707692305], [24792.584799999993, 9674.029676923075], [24807.96481538461, 9658.64966153846], [24823.344830769223, 9643.269646153845], [24823.344830769223, 9612.509615384613], [24838.72484615384, 9597.129599999998], [24854.104861538453, 9581.749584615383], [24869.48487692307, 9566.369569230768], [24884.864892307687, 9550.989553846151], [24900.2449076923, 9535.609538461536], [24915.624923076917, 9550.989553846151], [24931.00493846153, 9566.369569230768], [24961.764969230764, 9566.369569230768], [24977.144984615377, 9581.749584615383], [24992.524999999994, 9597.129599999998], [25007.905015384607, 9612.509615384613], [25023.285030769224, 9627.889630769228], [25038.66504615384, 9643.269646153845], [25054.045061538454, 9658.64966153846], [25069.42507692307, 9674.029676923075], [25069.42507692307, 9704.789707692305], [25069.42507692307, 9735.549738461537], [25069.42507692307, 9766.309769230767], [25084.805092307684, 9781.689784615382], [25100.1851076923, 9797.069799999997], [25115.565123076918, 9812.449815384614], [25130.94513846153, 9827.82983076923], [25146.325153846148, 9843.209846153844], [25161.70516923076, 9858.58986153846], [25146.325153846148, 9873.969876923074], [25130.94513846153, 9889.349892307691], [25130.94513846153, 9920.109923076921], [25146.325153846148, 9935.489938461536], [25161.70516923076, 9950.869953846151], [25146.325153846148, 9966.249969230768], [25130.94513846153, 9981.629984615383], [25130.94513846153, 10012.390015384613], [25130.94513846153, 10043.150046153845], [25130.94513846153, 10073.910076923075], [25130.94513846153, 10104.670107692305], [25130.94513846153, 10135.430138461537], [25146.325153846148, 10150.810153846152], [25161.70516923076, 10166.190169230767], [25161.70516923076, 10196.950199999997], [25177.08518461538, 10212.330215384614], [25192.465199999995, 10227.71023076923], [25192.465199999995, 10258.47026153846], [25207.84521538461, 10273.850276923074], [25223.225230769225, 10289.230292307691], [25223.225230769225, 10319.990323076921], [25207.84521538461, 10335.370338461536], [25192.465199999995, 10350.750353846151], [25177.08518461538, 10366.130369230768], [25161.70516923076, 10381.510384615383], [25146.325153846148, 10396.890399999998], [25130.94513846153, 10381.510384615383], [25115.565123076918, 10366.130369230768], [25100.1851076923, 10350.750353846151], [25084.805092307684, 10335.370338461536], [25069.42507692307, 10319.990323076921], [25054.045061538454, 10304.610307692306], [25038.66504615384, 10319.990323076921], [25023.285030769224, 10335.370338461536], [25007.905015384607, 10350.750353846151], [24992.524999999994, 10366.130369230768], [24977.144984615377, 10381.510384615383], [24961.764969230764, 10396.890399999998], [24946.384953846147, 10412.270415384613], [24931.00493846153, 10427.650430769228], [24915.624923076917, 10443.030446153844], [24900.2449076923, 10458.41046153846], [24884.864892307687, 10473.790476923075], [24869.48487692307, 10489.17049230769]]]}, "properties": {"objectType": "annotation", "name": "R1_2_T|rim_14", "classification": {"name": "rim", "color": [201, 133, 0]}, "lesion_id": 14, "section": "R1_2_T", "area_um2": 31049.999999999985}}, {"type": "Feature", "geometry": {"type": "Polygon", "coordinates": [[[19917.119923076916, 10704.490707692306], [19886.359892307686, 10704.490707692306], [19855.599861538456, 10704.490707692306], [19824.839830769226, 10704.490707692306], [19794.079799999996, 10704.490707692306], [19778.69978461538, 10689.110692307691], [19763.319769230762, 10673.730676923074], [19732.559738461532, 10673.730676923074], [19717.17972307692, 10658.35066153846], [19701.799707692302, 10642.970646153844], [19671.039676923072, 10642.970646153844], [19655.659661538455, 10627.59063076923], [19640.279646153842, 10612.210615384614], [19624.899630769225, 10596.830599999998], [19609.51961538461, 10581.450584615382], [19594.139599999995, 10566.070569230767], [19578.759584615378, 10550.690553846152], [19563.379569230765, 10535.310538461537], [19547.999553846148, 10519.93052307692], [19532.619538461535, 10504.550507692305], [19532.619538461535, 10473.790476923075], [19532.619538461535, 10443.030446153844], [19517.239523076918, 10427.650430769228], [19501.8595076923, 10412.270415384613], [19501.8595076923, 10381.510384615383], [19486.479492307688, 10366.130369230768], [19471.09947692307, 10350.750353846151], [19455.719461538458, 10335.370338461536], [19440.33944615384, 10319.990323076921], [19424.959430769224, 10304.610307692306], [19409.57941538461, 10289.230292307691], [19394.199399999994, 10273.850276923074], [19363.439369230764, 10273.850276923074], [19348.059353846147, 10258.47026153846], [19332.679338461534, 10243.090246153844], [19301.919307692304, 10243.090246153844], [19286.539292307687, 10227.71023076923], [19271.15927692307, 10212.330215384614], [19255.779261538457, 10196.950199999997], [19240.39924615384, 10181.570184615382], [19225.019230769227, 10166.190169230767], [19209.63921538461, 10150.810153846152], [19194.259199999993, 10135.430138461537], [19178.87918461538, 10120.05012307692], [19163.499169230763, 10104.670107692305], [19148.11915384615, 10089.29009230769], [19117.359123076916, 10089.29009230769], [19101.979107692303, 10104.670107692305], [19086.599092307686, 10120.05012307692], [19071.219076923073, 10135.430138461537], [19055.839061538456, 10150.810153846152], [19040.45904615384, 10166.190169230767], [19025.079030769226, 10181.570184615382], [18994.318999999996, 10181.570184615382], [18963.558969230762, 10181.570184615382], [18948.17895384615, 10196.950199999997], [18932.798938461532, 10212.330215384614], [18917.41892307692, 10227.71023076923], [18902.038907692302, 10243.090246153844], [18871.278876923072, 10243.090246153844], [18840.518846153842, 10243.090246153844], [18825.138830769225, 10258.47026153846], [18809.75881538461, 10273.850276923074], [18794.378799999995, 10289.230292307691], [18778.998784615378, 10304.610307692306], [18763.618769230765, 10319.990323076921], [18748.238753846148, 10335.370338461536], [18732.858738461535, 10350.750353846151], [18717.478723076918, 10366.130369230768], [18702.0987076923, 10381.510384615383], [18686.718692307688, 10396.890399999998], [18671.33867692307, 10412.270415384613], [18655.958661538458, 10427.650430769228], [18625.198630769224, 10427.650430769228], [18594.438599999994, 10427.650430769228], [18563.678569230764, 10427.650430769228], [18532.918538461534, 10427.650430769228], [18502.158507692304, 10427.650430769228], [18486.778492307687, 10412.270415384613], [18471.39847692307, 10396.890399999998], [18440.63844615384, 10396.890399999998], [18425.258430769227, 10412.270415384613], [18409.87841538461, 10427.650430769228], [18394.498399999993, 10412.270415384613], [18379.11838461538, 10396.890399999998], [18348.35835384615, 10396.890399999998], [18317.598323076916, 10396.890399999998], [18286.838292307686, 10396.890399999998], [18256.078261538456, 10396.890399999998], [18240.698246153843, 10381.510384615383], [18225.318230769226, 10366.130369230768], [18209.93821538461, 10350.750353846151], [18194.558199999996, 10335.370338461536], [18179.17818461538, 10319.990323076921], [18163.798169230766, 10304.610307692306], [18148.41815384615, 10319.990323076921], [18133.038138461532, 10335.370338461536], [18102.278107692302, 10335.370338461536], [18071.518076923072, 10335.370338461536], [18040.758046153842, 10335.370338461536], [18009.99801538461, 10335.370338461536], [17979.237984615378, 10335.370338461536], [17963.857969230765, 10319.990323076921], [17948.477953846148, 10304.610307692306], [17933.097938461535, 10289.230292307691], [17917.717923076918, 10273.850276923074], [17902.3379076923, 10258.47026153846], [17886.957892307688, 10243.090246153844], [17871.57787692307, 10227.71023076923], [17856.197861538458, 10212.330215384614], [17840.81784615384, 10196.950199999997], [17825.437830769224, 10181.570184615382], [17810.05781538461, 10166.190169230767], [17794.677799999994, 10150.810153846152], [17763.917769230764, 10150.810153846152], [17748.537753846147, 10135.430138461537], [17733.157738461534, 10120.05012307692], [17717.777723076917, 10104.670107692305], [17702.397707692304, 10089.29009230769], [17687.017692307687, 10073.910076923075], [17702.397707692304, 10058.53006153846], [17717.777723076917, 10043.150046153845], [17733.157738461534, 10027.770030769228], [17748.537753846147, 10012.390015384613], [17763.917769230764, 9997.009999999998], [17779.29778461538, 9981.629984615383], [17794.677799999994, 9966.249969230768], [17810.05781538461, 9950.869953846151], [17825.437830769224, 9935.489938461536], [17856.197861538458, 9935.489938461536], [17871.57787692307, 9920.109923076921], [17886.957892307688, 9904.729907692306], [17902.3379076923, 9889.349892307691], [17917.717923076918, 9873.969876923074], [17933.097938461535, 9858.58986153846], [17948.477953846148, 9843.209846153844], [17963.857969230765, 9827.82983076923], [17979.237984615378, 9812.449815384614], [18009.99801538461, 9812.449815384614], [18040.758046153842, 9812.449815384614], [18056.138061538455, 9797.069799999997], [18071.518076923072, 9781.689784615382], [18086.89809230769, 9766.309769230767], [18102.278107692302, 9750.929753846152], [18133.038138461532, 9750.929753846152], [18148.41815384615, 9735.549738461537], [18163.798169230766, 9720.169723076922], [18179.17818461538, 9704.789707692305], [18194.558199999996, 9689.40969230769], [18225.318230769226, 9689.40969230769], [18240.698246153843, 9674.029676923075], [18256.078261538456, 9658.64966153846], [18286.838292307686, 9658.64966153846], [18317.598323076916, 9658.64966153846], [18348.35835384615, 9658.64966153846], [18379.11838461538, 9658.64966153846], [18409.87841538461, 9658.64966153846], [18440.63844615384, 9658.64966153846], [18456.018461538457, 9674.029676923075], [18471.39847692307, 9689.40969230769], [18502.158507692304, 9689.40969230769], [18517.538523076917, 9704.789707692305], [18532.918538461534, 9720.169723076922], [18548.298553846147, 9735.549738461537], [18563.678569230764, 9750.929753846152], [18594.438599999994, 9750.929753846152], [18609.81861538461, 9766.309769230767], [18625.198630769224, 9781.689784615382], [18640.57864615384, 9797.069799999997], [18655.958661538458, 9812.449815384614], [18686.718692307688, 9812.449815384614], [18717.478723076918, 9812.449815384614], [18732.858738461535, 9827.82983076923], [18748.238753846148, 9843.209846153844], [18763.618769230765, 9827.82983076923], [18778.998784615378, 9812.449815384614], [18794.378799999995, 9797.069799999997], [18809.75881538461, 9781.689784615382], [18840.518846153842, 9781.689784615382], [18871.278876923072, 9781.689784615382], [18902.038907692302, 9781.689784615382], [18932.798938461532, 9781.689784615382], [18963.558969230762, 9781.689784615382], [18994.318999999996, 9781.689784615382], [19009.69901538461, 9797.069799999997], [19025.079030769226, 9812.449815384614], [19040.45904615384, 9827.82983076923], [19055.839061538456, 9843.209846153844], [19071.219076923073, 9858.58986153846], [19086.599092307686, 9873.969876923074], [19101.979107692303, 9889.349892307691], [19117.359123076916, 9904.729907692306], [19132.739138461533, 9920.109923076921], [19148.11915384615, 9935.489938461536], [19178.87918461538, 9935.489938461536], [19209.63921538461, 9935.489938461536], [19225.019230769227, 9950.869953846151], [19240.39924615384, 9966.249969230768], [19271.15927692307, 9966.249969230768], [19301.919307692304, 9966.249969230768], [19317.299323076917, 9950.869953846151], [19332.679338461534, 9935.489938461536], [19363.439369230764, 9935.489938461536], [19394.199399999994, 9935.489938461536], [19424.959430769224, 9935.489938461536], [19455.719461538458, 9935.489938461536], [19486.479492307688, 9935.489938461536], [19517.239523076918, 9935.489938461536], [19547.999553846148, 9935.489938461536], [19578.759584615378, 9935.489938461536], [19609.51961538461, 9935.489938461536], [19640.279646153842, 9935.489938461536], [19671.039676923072, 9935.489938461536], [19701.799707692302, 9935.489938461536], [19732.559738461532, 9935.489938461536], [19763.319769230762, 9935.489938461536], [19794.079799999996, 9935.489938461536], [19809.45981538461, 9950.869953846151], [19824.839830769226, 9966.249969230768], [19855.599861538456, 9966.249969230768], [19886.359892307686, 9966.249969230768], [19901.739907692303, 9981.629984615383], [19917.119923076916, 9997.009999999998], [19947.87995384615, 9997.009999999998], [19963.259969230763, 10012.390015384613], [19978.63998461538, 10027.770030769228], [19994.019999999993, 10043.150046153845], [20009.40001538461, 10058.53006153846], [20024.780030769227, 10073.910076923075], [20040.16004615384, 10089.29009230769], [20070.92007692307, 10089.29009230769], [20086.300092307687, 10104.670107692305], [20101.680107692304, 10120.05012307692], [20132.440138461534, 10120.05012307692], [20147.820153846147, 10135.430138461537], [20163.200169230764, 10150.810153846152], [20178.58018461538, 10166.190169230767], [20193.960199999994, 10181.570184615382], [20209.34021538461, 10196.950199999997], [20224.720230769224, 10212.330215384614], [20240.10024615384, 10227.71023076923], [20240.10024615384, 10258.47026153846], [20240.10024615384, 10289.230292307691], [20240.10024615384, 10319.990323076921], [20240.10024615384, 10350.750353846151], [20224.720230769224, 10366.130369230768], [20209.34021538461, 10381.510384615383], [20209.34021538461, 10412.270415384613], [20209.34021538461, 10443.030446153844], [20193.960199999994, 10458.41046153846], [20178.58018461538, 10473.790476923075], [20163.200169230764, 10489.17049230769], [20147.820153846147, 10504.550507692305], [20132.440138461534, 10519.93052307692], [20117.060123076917, 10535.310538461537], [20101.680107692304, 10550.690553846152], [20086.300092307687, 10566.070569230767], [20070.92007692307, 10581.450584615382], [20055.540061538457, 10596.830599999998], [20040.16004615384, 10612.210615384614], [20024.780030769227, 10627.59063076923], [20009.40001538461, 10642.970646153844], [19994.019999999993, 10658.35066153846], [19978.63998461538, 10673.730676923074], [19947.87995384615, 10673.730676923074], [19932.499938461533, 10689.110692307691], [19917.119923076916, 10704.490707692306]]]}, "properties": {"objectType": "annotation", "name": "P3_1_C|lesion_15", "classification": {"name": "lesion", "color": [255, 0, 0]}, "lesion_id": 15, "section": "P3_1_C", "area_um2": 134150.00000000003}}, {"type": "Feature", "geometry": {"type": "MultiPolygon", "coordinates": [[[[18609.81861538461, 10227.71023076923], [18625.198630769224, 10212.330215384614], [18640.57864615384, 10196.950199999997], [18655.958661538458, 10181.570184615382], [18671.33867692307, 10166.190169230767], [18686.718692307688, 10150.810153846152], [18702.0987076923, 10135.430138461537], [18717.478723076918, 10120.05012307692], [18732.858738461535, 10104.670107692305], [18748.238753846148, 10089.29009230769], [18778.998784615378, 10089.29009230769], [18794.378799999995, 10073.910076923075], [18809.75881538461, 10058.53006153846], [18840.518846153842, 10058.53006153846], [18855.898861538455, 10043.150046153845], [18871.278876923072, 10027.770030769228], [18902.038907692302, 10027.770030769228], [18917.41892307692, 10012.390015384613], [18932.798938461532, 9997.009999999998], [18948.17895384615, 9981.629984615383], [18932.798938461532, 9966.249969230768], [18902.038907692302, 9966.249969230768], [18871.278876923072, 9966.249969230768], [18855.898861538455, 9981.629984615383], [18840.518846153842, 9997.009999999998], [18809.75881538461, 9997.009999999998], [18794.378799999995, 10012.390015384613], [18778.998784615378, 10027.770030769228], [18748.238753846148, 10027.770030769228], [18717.478723076918, 10027.770030769228], [18702.0987076923, 10012.390015384613], [18686.718692307688, 9997.009999999998], [18655.958661538458, 9997.009999999998], [18625.198630769224, 9997.009999999998], [18609.81861538461, 9981.629984615383], [18594.438599999994, 9966.249969230768], [18563.678569230764, 9966.249969230768], [18548.298553846147, 9950.869953846151], [18532.918538461534, 9935.489938461536], [18517.538523076917, 9920.109923076921], [18502.158507692304, 9904.729907692306], [18471.39847692307, 9904.729907692306], [18456.018461538457, 9889.349892307691], [18440.63844615384, 9873.969876923074], [18425.258430769227, 9858.58986153846], [18409.87841538461, 9843.209846153844], [18379.11838461538, 9843.209846153844], [18348.35835384615, 9843.209846153844], [18317.598323076916, 9843.209846153844], [18286.838292307686, 9843.209846153844], [18271.458276923073, 9858.58986153846], [18256.078261538456, 9873.969876923074], [18240.698246153843, 9889.349892307691], [18225.318230769226, 9904.729907692306], [18194.558199999996, 9904.729907692306], [18179.17818461538, 9920.109923076921], [18163.798169230766, 9935.489938461536], [18148.41815384615, 9950.869953846151], [18133.038138461532, 9966.249969230768], [18102.278107692302, 9966.249969230768], [18086.89809230769, 9981.629984615383], [18071.518076923072, 9997.009999999998], [18040.758046153842, 9997.009999999998], [18025.378030769225, 10012.390015384613], [18009.99801538461, 10027.770030769228], [17994.617999999995, 10043.150046153845], [17979.237984615378, 10058.53006153846], [17963.857969230765, 10073.910076923075], [17979.237984615378, 10089.29009230769], [17994.617999999995, 10104.670107692305], [18009.99801538461, 10120.05012307692], [18025.378030769225, 10135.430138461537], [18040.758046153842, 10150.810153846152], [18071.518076923072, 10150.810153846152], [18102.278107692302, 10150.810153846152], [18117.65812307692, 10135.430138461537], [18133.038138461532, 10120.05012307692], [18163.798169230766, 10120.05012307692], [18194.558199999996, 10120.05012307692], [18209.93821538461, 10135.430138461537], [18225.318230769226, 10150.810153846152], [18256.078261538456, 10150.810153846152], [18271.458276923073, 10166.190169230767], [18286.838292307686, 10181.570184615382], [18302.218307692303, 10196.950199999997], [18317.598323076916, 10212.330215384614], [18348.35835384615, 10212.330215384614], [18379.11838461538, 10212.330215384614], [18409.87841538461, 10212.330215384614], [18440.63844615384, 10212.330215384614], [18471.39847692307, 10212.330215384614], [18502.158507692304, 10212.330215384614], [18517.538523076917, 10227.71023076923], [18532.918538461534, 10243.090246153844], [18563.678569230764, 10243.090246153844], [18594.438599999994, 10243.090246153844], [18609.81861538461, 10227.71023076923]]], [[[19901.739907692303, 10504.550507692305], [19917.119923076916, 10489.17049230769], [19932.499938461533, 10473.790476923075], [19947.87995384615, 10458.41046153846], [19963.259969230763, 10443.030446153844], [19978.63998461538, 10427.650430769228], [19994.019999999993, 10412.270415384613], [20009.40001538461, 10396.890399999998], [20024.780030769227, 10381.510384615383], [20024.780030769227, 10350.750353846151], [20040.16004615384, 10335.370338461536], [20055.540061538457, 10319.990323076921], [20055.540061538457, 10289.230292307691], [20040.16004615384, 10273.850276923074], [20009.40001538461, 10273.850276923074], [19994.019999999993, 10258.47026153846], [19978.63998461538, 10243.090246153844], [19947.87995384615, 10243.090246153844], [19932.499938461533, 10227.71023076923], [19917.119923076916, 10212.330215384614], [19901.739907692303, 10196.950199999997], [19886.359892307686, 10181.570184615382], [19870.979876923073, 10166.190169230767], [19855.599861538456, 10150.810153846152], [19824.839830769226, 10150.810153846152], [19794.079799999996, 10150.810153846152], [19778.69978461538, 10135.430138461537], [19763.319769230762, 10120.05012307692], [19732.559738461532, 10120.05012307692], [19701.799707692302, 10120.05012307692], [19671.039676923072, 10120.05012307692], [19640.279646153842, 10120.05012307692], [19609.51961538461, 10120.05012307692], [19578.759584615378, 10120.05012307692], [19547.999553846148, 10120.05012307692], [19517.239523076918, 10120.05012307692], [19501.8595076923, 10135.430138461537], [19517.239523076918, 10150.810153846152], [19532.619538461535, 10166.190169230767], [19547.999553846148, 10181.570184615382], [19563.379569230765, 10196.950199999997], [19578.759584615378, 10212.330215384614], [19594.139599999995, 10227.71023076923], [19609.51961538461, 10243.090246153844], [19624.899630769225, 10258.47026153846], [19640.279646153842, 10273.850276923074], [19655.659661538455, 10289.230292307691], [19655.659661538455, 10319.990323076921], [19671.039676923072, 10335.370338461536], [19686.419692307685, 10350.750353846151], [19686.419692307685, 10381.510384615383], [19701.799707692302, 10396.890399999998], [19717.17972307692, 10412.270415384613], [19717.17972307692, 10443.030446153844], [19732.559738461532, 10458.41046153846], [19747.93975384615, 10473.790476923075], [19763.319769230762, 10489.17049230769], [19794.079799999996, 10489.17049230769], [19809.45981538461, 10504.550507692305], [19824.839830769226, 10519.93052307692], [19855.599861538456, 10519.93052307692], [19886.359892307686, 10519.93052307692], [19901.739907692303, 10504.550507692305]]]]}, "properties": {"objectType": "annotation", "name": "P3_1_C|core_15", "classification": {"name": "core", "color": [230, 103, 103]}, "lesion_id": 15, "section": "P3_1_C", "area_um2": 33400.00000000002}}, {"type": "Feature", "geometry": {"type": "Polygon", "coordinates": [[[19917.119923076916, 10704.490707692306], [19886.359892307686, 10704.490707692306], [19855.599861538456, 10704.490707692306], [19824.839830769226, 10704.490707692306], [19794.079799999996, 10704.490707692306], [19778.69978461538, 10689.110692307691], [19763.319769230762, 10673.730676923074], [19732.559738461532, 10673.730676923074], [19717.17972307692, 10658.35066153846], [19701.799707692302, 10642.970646153844], [19671.039676923072, 10642.970646153844], [19655.659661538455, 10627.59063076923], [19640.279646153842, 10612.210615384614], [19624.899630769225, 10596.830599999998], [19609.51961538461, 10581.450584615382], [19594.139599999995, 10566.070569230767], [19578.759584615378, 10550.690553846152], [19563.379569230765, 10535.310538461537], [19547.999553846148, 10519.93052307692], [19532.619538461535, 10504.550507692305], [19532.619538461535, 10473.790476923075], [19532.619538461535, 10443.030446153844], [19517.239523076918, 10427.650430769228], [19501.8595076923, 10412.270415384613], [19501.8595076923, 10381.510384615383], [19486.479492307688, 10366.130369230768], [19471.09947692307, 10350.750353846151], [19455.719461538458, 10335.370338461536], [19440.33944615384, 10319.990323076921], [19424.959430769224, 10304.610307692306], [19409.57941538461, 10289.230292307691], [19394.199399999994, 10273.850276923074], [19363.439369230764, 10273.850276923074], [19348.059353846147, 10258.47026153846], [19332.679338461534, 10243.090246153844], [19301.919307692304, 10243.090246153844], [19286.539292307687, 10227.71023076923], [19271.15927692307, 10212.330215384614], [19255.779261538457, 10196.950199999997], [19240.39924615384, 10181.570184615382], [19225.019230769227, 10166.190169230767], [19209.63921538461, 10150.810153846152], [19194.259199999993, 10135.430138461537], [19178.87918461538, 10120.05012307692], [19163.499169230763, 10104.670107692305], [19148.11915384615, 10089.29009230769], [19117.359123076916, 10089.29009230769], [19101.979107692303, 10104.670107692305], [19086.599092307686, 10120.05012307692], [19071.219076923073, 10135.430138461537], [19055.839061538456, 10150.810153846152], [19040.45904615384, 10166.190169230767], [19025.079030769226, 10181.570184615382], [18994.318999999996, 10181.570184615382], [18963.558969230762, 10181.570184615382], [18948.17895384615, 10196.950199999997], [18932.798938461532, 10212.330215384614], [18917.41892307692, 10227.71023076923], [18902.038907692302, 10243.090246153844], [18871.278876923072, 10243.090246153844], [18840.518846153842, 10243.090246153844], [18825.138830769225, 10258.47026153846], [18809.75881538461, 10273.850276923074], [18794.378799999995, 10289.230292307691], [18778.998784615378, 10304.610307692306], [18763.618769230765, 10319.990323076921], [18748.238753846148, 10335.370338461536], [18732.858738461535, 10350.750353846151], [18717.478723076918, 10366.130369230768], [18702.0987076923, 10381.510384615383], [18686.718692307688, 10396.890399999998], [18671.33867692307, 10412.270415384613], [18655.958661538458, 10427.650430769228], [18625.198630769224, 10427.650430769228], [18594.438599999994, 10427.650430769228], [18563.678569230764, 10427.650430769228], [18532.918538461534, 10427.650430769228], [18502.158507692304, 10427.650430769228], [18486.778492307687, 10412.270415384613], [18471.39847692307, 10396.890399999998], [18440.63844615384, 10396.890399999998], [18425.258430769227, 10412.270415384613], [18409.87841538461, 10427.650430769228], [18394.498399999993, 10412.270415384613], [18379.11838461538, 10396.890399999998], [18348.35835384615, 10396.890399999998], [18317.598323076916, 10396.890399999998], [18286.838292307686, 10396.890399999998], [18256.078261538456, 10396.890399999998], [18240.698246153843, 10381.510384615383], [18225.318230769226, 10366.130369230768], [18209.93821538461, 10350.750353846151], [18194.558199999996, 10335.370338461536], [18179.17818461538, 10319.990323076921], [18163.798169230766, 10304.610307692306], [18148.41815384615, 10319.990323076921], [18133.038138461532, 10335.370338461536], [18102.278107692302, 10335.370338461536], [18071.518076923072, 10335.370338461536], [18040.758046153842, 10335.370338461536], [18009.99801538461, 10335.370338461536], [17979.237984615378, 10335.370338461536], [17963.857969230765, 10319.990323076921], [17948.477953846148, 10304.610307692306], [17933.097938461535, 10289.230292307691], [17917.717923076918, 10273.850276923074], [17902.3379076923, 10258.47026153846], [17886.957892307688, 10243.090246153844], [17871.57787692307, 10227.71023076923], [17856.197861538458, 10212.330215384614], [17840.81784615384, 10196.950199999997], [17825.437830769224, 10181.570184615382], [17810.05781538461, 10166.190169230767], [17794.677799999994, 10150.810153846152], [17763.917769230764, 10150.810153846152], [17748.537753846147, 10135.430138461537], [17733.157738461534, 10120.05012307692], [17717.777723076917, 10104.670107692305], [17702.397707692304, 10089.29009230769], [17687.017692307687, 10073.910076923075], [17702.397707692304, 10058.53006153846], [17717.777723076917, 10043.150046153845], [17733.157738461534, 10027.770030769228], [17748.537753846147, 10012.390015384613], [17763.917769230764, 9997.009999999998], [17779.29778461538, 9981.629984615383], [17794.677799999994, 9966.249969230768], [17810.05781538461, 9950.869953846151], [17825.437830769224, 9935.489938461536], [17856.197861538458, 9935.489938461536], [17871.57787692307, 9920.109923076921], [17886.957892307688, 9904.729907692306], [17902.3379076923, 9889.349892307691], [17917.717923076918, 9873.969876923074], [17933.097938461535, 9858.58986153846], [17948.477953846148, 9843.209846153844], [17963.857969230765, 9827.82983076923], [17979.237984615378, 9812.449815384614], [18009.99801538461, 9812.449815384614], [18040.758046153842, 9812.449815384614], [18056.138061538455, 9797.069799999997], [18071.518076923072, 9781.689784615382], [18086.89809230769, 9766.309769230767], [18102.278107692302, 9750.929753846152], [18133.038138461532, 9750.929753846152], [18148.41815384615, 9735.549738461537], [18163.798169230766, 9720.169723076922], [18179.17818461538, 9704.789707692305], [18194.558199999996, 9689.40969230769], [18225.318230769226, 9689.40969230769], [18240.698246153843, 9674.029676923075], [18256.078261538456, 9658.64966153846], [18286.838292307686, 9658.64966153846], [18317.598323076916, 9658.64966153846], [18348.35835384615, 9658.64966153846], [18379.11838461538, 9658.64966153846], [18409.87841538461, 9658.64966153846], [18440.63844615384, 9658.64966153846], [18456.018461538457, 9674.029676923075], [18471.39847692307, 9689.40969230769], [18502.158507692304, 9689.40969230769], [18517.538523076917, 9704.789707692305], [18532.918538461534, 9720.169723076922], [18548.298553846147, 9735.549738461537], [18563.678569230764, 9750.929753846152], [18594.438599999994, 9750.929753846152], [18609.81861538461, 9766.309769230767], [18625.198630769224, 9781.689784615382], [18640.57864615384, 9797.069799999997], [18655.958661538458, 9812.449815384614], [18686.718692307688, 9812.449815384614], [18717.478723076918, 9812.449815384614], [18732.858738461535, 9827.82983076923], [18748.238753846148, 9843.209846153844], [18763.618769230765, 9827.82983076923], [18778.998784615378, 9812.449815384614], [18794.378799999995, 9797.069799999997], [18809.75881538461, 9781.689784615382], [18840.518846153842, 9781.689784615382], [18871.278876923072, 9781.689784615382], [18902.038907692302, 9781.689784615382], [18932.798938461532, 9781.689784615382], [18963.558969230762, 9781.689784615382], [18994.318999999996, 9781.689784615382], [19009.69901538461, 9797.069799999997], [19025.079030769226, 9812.449815384614], [19040.45904615384, 9827.82983076923], [19055.839061538456, 9843.209846153844], [19071.219076923073, 9858.58986153846], [19086.599092307686, 9873.969876923074], [19101.979107692303, 9889.349892307691], [19117.359123076916, 9904.729907692306], [19132.739138461533, 9920.109923076921], [19148.11915384615, 9935.489938461536], [19178.87918461538, 9935.489938461536], [19209.63921538461, 9935.489938461536], [19225.019230769227, 9950.869953846151], [19240.39924615384, 9966.249969230768], [19271.15927692307, 9966.249969230768], [19301.919307692304, 9966.249969230768], [19317.299323076917, 9950.869953846151], [19332.679338461534, 9935.489938461536], [19363.439369230764, 9935.489938461536], [19394.199399999994, 9935.489938461536], [19424.959430769224, 9935.489938461536], [19455.719461538458, 9935.489938461536], [19486.479492307688, 9935.489938461536], [19517.239523076918, 9935.489938461536], [19547.999553846148, 9935.489938461536], [19578.759584615378, 9935.489938461536], [19609.51961538461, 9935.489938461536], [19640.279646153842, 9935.489938461536], [19671.039676923072, 9935.489938461536], [19701.799707692302, 9935.489938461536], [19732.559738461532, 9935.489938461536], [19763.319769230762, 9935.489938461536], [19794.079799999996, 9935.489938461536], [19809.45981538461, 9950.869953846151], [19824.839830769226, 9966.249969230768], [19855.599861538456, 9966.249969230768], [19886.359892307686, 9966.249969230768], [19901.739907692303, 9981.629984615383], [19917.119923076916, 9997.009999999998], [19947.87995384615, 9997.009999999998], [19963.259969230763, 10012.390015384613], [19978.63998461538, 10027.770030769228], [19994.019999999993, 10043.150046153845], [20009.40001538461, 10058.53006153846], [20024.780030769227, 10073.910076923075], [20040.16004615384, 10089.29009230769], [20070.92007692307, 10089.29009230769], [20086.300092307687, 10104.670107692305], [20101.680107692304, 10120.05012307692], [20132.440138461534, 10120.05012307692], [20147.820153846147, 10135.430138461537], [20163.200169230764, 10150.810153846152], [20178.58018461538, 10166.190169230767], [20193.960199999994, 10181.570184615382], [20209.34021538461, 10196.950199999997], [20224.720230769224, 10212.330215384614], [20240.10024615384, 10227.71023076923], [20240.10024615384, 10258.47026153846], [20240.10024615384, 10289.230292307691], [20240.10024615384, 10319.990323076921], [20240.10024615384, 10350.750353846151], [20224.720230769224, 10366.130369230768], [20209.34021538461, 10381.510384615383], [20209.34021538461, 10412.270415384613], [20209.34021538461, 10443.030446153844], [20193.960199999994, 10458.41046153846], [20178.58018461538, 10473.790476923075], [20163.200169230764, 10489.17049230769], [20147.820153846147, 10504.550507692305], [20132.440138461534, 10519.93052307692], [20117.060123076917, 10535.310538461537], [20101.680107692304, 10550.690553846152], [20086.300092307687, 10566.070569230767], [20070.92007692307, 10581.450584615382], [20055.540061538457, 10596.830599999998], [20040.16004615384, 10612.210615384614], [20024.780030769227, 10627.59063076923], [20009.40001538461, 10642.970646153844], [19994.019999999993, 10658.35066153846], [19978.63998461538, 10673.730676923074], [19947.87995384615, 10673.730676923074], [19932.499938461533, 10689.110692307691], [19917.119923076916, 10704.490707692306]], [[18609.81861538461, 10227.71023076923], [18625.198630769224, 10212.330215384614], [18640.57864615384, 10196.950199999997], [18655.958661538458, 10181.570184615382], [18671.33867692307, 10166.190169230767], [18686.718692307688, 10150.810153846152], [18702.0987076923, 10135.430138461537], [18717.478723076918, 10120.05012307692], [18732.858738461535, 10104.670107692305], [18748.238753846148, 10089.29009230769], [18778.998784615378, 10089.29009230769], [18794.378799999995, 10073.910076923075], [18809.75881538461, 10058.53006153846], [18840.518846153842, 10058.53006153846], [18855.898861538455, 10043.150046153845], [18871.278876923072, 10027.770030769228], [18902.038907692302, 10027.770030769228], [18917.41892307692, 10012.390015384613], [18932.798938461532, 9997.009999999998], [18948.17895384615, 9981.629984615383], [18932.798938461532, 9966.249969230768], [18902.038907692302, 9966.249969230768], [18871.278876923072, 9966.249969230768], [18855.898861538455, 9981.629984615383], [18840.518846153842, 9997.009999999998], [18809.75881538461, 9997.009999999998], [18794.378799999995, 10012.390015384613], [18778.998784615378, 10027.770030769228], [18748.238753846148, 10027.770030769228], [18717.478723076918, 10027.770030769228], [18702.0987076923, 10012.390015384613], [18686.718692307688, 9997.009999999998], [18655.958661538458, 9997.009999999998], [18625.198630769224, 9997.009999999998], [18609.81861538461, 9981.629984615383], [18594.438599999994, 9966.249969230768], [18563.678569230764, 9966.249969230768], [18548.298553846147, 9950.869953846151], [18532.918538461534, 9935.489938461536], [18517.538523076917, 9920.109923076921], [18502.158507692304, 9904.729907692306], [18471.39847692307, 9904.729907692306], [18456.018461538457, 9889.349892307691], [18440.63844615384, 9873.969876923074], [18425.258430769227, 9858.58986153846], [18409.87841538461, 9843.209846153844], [18379.11838461538, 9843.209846153844], [18348.35835384615, 9843.209846153844], [18317.598323076916, 9843.209846153844], [18286.838292307686, 9843.209846153844], [18271.458276923073, 9858.58986153846], [18256.078261538456, 9873.969876923074], [18240.698246153843, 9889.349892307691], [18225.318230769226, 9904.729907692306], [18194.558199999996, 9904.729907692306], [18179.17818461538, 9920.109923076921], [18163.798169230766, 9935.489938461536], [18148.41815384615, 9950.869953846151], [18133.038138461532, 9966.249969230768], [18102.278107692302, 9966.249969230768], [18086.89809230769, 9981.629984615383], [18071.518076923072, 9997.009999999998], [18040.758046153842, 9997.009999999998], [18025.378030769225, 10012.390015384613], [18009.99801538461, 10027.770030769228], [17994.617999999995, 10043.150046153845], [17979.237984615378, 10058.53006153846], [17963.857969230765, 10073.910076923075], [17979.237984615378, 10089.29009230769], [17994.617999999995, 10104.670107692305], [18009.99801538461, 10120.05012307692], [18025.378030769225, 10135.430138461537], [18040.758046153842, 10150.810153846152], [18071.518076923072, 10150.810153846152], [18102.278107692302, 10150.810153846152], [18117.65812307692, 10135.430138461537], [18133.038138461532, 10120.05012307692], [18163.798169230766, 10120.05012307692], [18194.558199999996, 10120.05012307692], [18209.93821538461, 10135.430138461537], [18225.318230769226, 10150.810153846152], [18256.078261538456, 10150.810153846152], [18271.458276923073, 10166.190169230767], [18286.838292307686, 10181.570184615382], [18302.218307692303, 10196.950199999997], [18317.598323076916, 10212.330215384614], [18348.35835384615, 10212.330215384614], [18379.11838461538, 10212.330215384614], [18409.87841538461, 10212.330215384614], [18440.63844615384, 10212.330215384614], [18471.39847692307, 10212.330215384614], [18502.158507692304, 10212.330215384614], [18517.538523076917, 10227.71023076923], [18532.918538461534, 10243.090246153844], [18563.678569230764, 10243.090246153844], [18594.438599999994, 10243.090246153844], [18609.81861538461, 10227.71023076923]], [[19901.739907692303, 10504.550507692305], [19917.119923076916, 10489.17049230769], [19932.499938461533, 10473.790476923075], [19947.87995384615, 10458.41046153846], [19963.259969230763, 10443.030446153844], [19978.63998461538, 10427.650430769228], [19994.019999999993, 10412.270415384613], [20009.40001538461, 10396.890399999998], [20024.780030769227, 10381.510384615383], [20024.780030769227, 10350.750353846151], [20040.16004615384, 10335.370338461536], [20055.540061538457, 10319.990323076921], [20055.540061538457, 10289.230292307691], [20040.16004615384, 10273.850276923074], [20009.40001538461, 10273.850276923074], [19994.019999999993, 10258.47026153846], [19978.63998461538, 10243.090246153844], [19947.87995384615, 10243.090246153844], [19932.499938461533, 10227.71023076923], [19917.119923076916, 10212.330215384614], [19901.739907692303, 10196.950199999997], [19886.359892307686, 10181.570184615382], [19870.979876923073, 10166.190169230767], [19855.599861538456, 10150.810153846152], [19824.839830769226, 10150.810153846152], [19794.079799999996, 10150.810153846152], [19778.69978461538, 10135.430138461537], [19763.319769230762, 10120.05012307692], [19732.559738461532, 10120.05012307692], [19701.799707692302, 10120.05012307692], [19671.039676923072, 10120.05012307692], [19640.279646153842, 10120.05012307692], [19609.51961538461, 10120.05012307692], [19578.759584615378, 10120.05012307692], [19547.999553846148, 10120.05012307692], [19517.239523076918, 10120.05012307692], [19501.8595076923, 10135.430138461537], [19517.239523076918, 10150.810153846152], [19532.619538461535, 10166.190169230767], [19547.999553846148, 10181.570184615382], [19563.379569230765, 10196.950199999997], [19578.759584615378, 10212.330215384614], [19594.139599999995, 10227.71023076923], [19609.51961538461, 10243.090246153844], [19624.899630769225, 10258.47026153846], [19640.279646153842, 10273.850276923074], [19655.659661538455, 10289.230292307691], [19655.659661538455, 10319.990323076921], [19671.039676923072, 10335.370338461536], [19686.419692307685, 10350.750353846151], [19686.419692307685, 10381.510384615383], [19701.799707692302, 10396.890399999998], [19717.17972307692, 10412.270415384613], [19717.17972307692, 10443.030446153844], [19732.559738461532, 10458.41046153846], [19747.93975384615, 10473.790476923075], [19763.319769230762, 10489.17049230769], [19794.079799999996, 10489.17049230769], [19809.45981538461, 10504.550507692305], [19824.839830769226, 10519.93052307692], [19855.599861538456, 10519.93052307692], [19886.359892307686, 10519.93052307692], [19901.739907692303, 10504.550507692305]]]}, "properties": {"objectType": "annotation", "name": "P3_1_C|rim_15", "classification": {"name": "rim", "color": [201, 133, 0]}, "lesion_id": 15, "section": "P3_1_C", "area_um2": 100750.00000000001}}, {"type": "Feature", "geometry": {"type": "Polygon", "coordinates": [[[30160.210169230762, 10735.250738461536], [30129.450138461532, 10735.250738461536], [30098.6901076923, 10735.250738461536], [30083.310092307685, 10719.870723076921], [30067.93007692307, 10704.490707692306], [30052.550061538455, 10689.110692307691], [30037.17004615384, 10673.730676923074], [30021.79003076922, 10658.35066153846], [30006.41001538461, 10642.970646153844], [29975.64998461538, 10642.970646153844], [29944.889953846145, 10642.970646153844], [29914.129923076915, 10642.970646153844], [29883.369892307684, 10642.970646153844], [29852.609861538454, 10642.970646153844], [29837.229846153838, 10658.35066153846], [29821.849830769224, 10673.730676923074], [29806.469815384608, 10658.35066153846], [29791.089799999994, 10642.970646153844], [29775.709784615377, 10627.59063076923], [29760.32976923076, 10612.210615384614], [29744.949753846147, 10596.830599999998], [29744.949753846147, 10566.070569230767], [29744.949753846147, 10535.310538461537], [29744.949753846147, 10504.550507692305], [29760.32976923076, 10489.17049230769], [29775.709784615377, 10473.790476923075], [29791.089799999994, 10458.41046153846], [29806.469815384608, 10443.030446153844], [29821.849830769224, 10427.650430769228], [29837.229846153838, 10412.270415384613], [29852.609861538454, 10396.890399999998], [29883.369892307684, 10396.890399999998], [29898.7499076923, 10381.510384615383], [29914.129923076915, 10366.130369230768], [29929.50993846153, 10350.750353846151], [29944.889953846145, 10335.370338461536], [29975.64998461538, 10335.370338461536], [30006.41001538461, 10335.370338461536], [30037.17004615384, 10335.370338461536], [30067.93007692307, 10335.370338461536], [30098.6901076923, 10335.370338461536], [30114.070123076915, 10319.990323076921], [30129.450138461532, 10304.610307692306], [30160.210169230762, 10304.610307692306], [30190.970199999992, 10304.610307692306], [30206.35021538461, 10289.230292307691], [30221.730230769223, 10273.850276923074], [30252.490261538453, 10273.850276923074], [30283.250292307686, 10273.850276923074], [30298.6303076923, 10258.47026153846], [30314.010323076916, 10243.090246153844], [30344.770353846146, 10243.090246153844], [30375.530384615377, 10243.090246153844], [30406.290415384607, 10243.090246153844], [30421.670430769223, 10227.71023076923], [30437.05044615384, 10212.330215384614], [30467.81047692307, 10212.330215384614], [30483.190492307684, 10227.71023076923], [30498.5705076923, 10243.090246153844], [30513.950523076917, 10258.47026153846], [30529.33053846153, 10273.850276923074], [30544.710553846147, 10289.230292307691], [30544.710553846147, 10319.990323076921], [30544.710553846147, 10350.750353846151], [30544.710553846147, 10381.510384615383], [30544.710553846147, 10412.270415384613], [30544.710553846147, 10443.030446153844], [30544.710553846147, 10473.790476923075], [30529.33053846153, 10489.17049230769], [30513.950523076917, 10504.550507692305], [30498.5705076923, 10519.93052307692], [30483.190492307684, 10535.310538461537], [30467.81047692307, 10550.690553846152], [30437.05044615384, 10550.690553846152], [30421.670430769223, 10566.070569230767], [30406.290415384607, 10581.450584615382], [30390.910399999993, 10596.830599999998], [30375.530384615377, 10612.210615384614], [30360.150369230763, 10596.830599999998], [30344.770353846146, 10581.450584615382], [30329.39033846153, 10596.830599999998], [30314.010323076916, 10612.210615384614], [30298.6303076923, 10627.59063076923], [30283.250292307686, 10642.970646153844], [30267.87027692307, 10658.35066153846], [30252.490261538453, 10673.730676923074], [30221.730230769223, 10673.730676923074], [30206.35021538461, 10689.110692307691], [30190.970199999992, 10704.490707692306], [30175.590184615376, 10719.870723076921], [30160.210169230762, 10735.250738461536]]]}, "properties": {"objectType": "annotation", "name": "R1_2_T|lesion_16", "classification": {"name": "lesion", "color": [255, 0, 0]}, "lesion_id": 16, "section": "R1_2_T", "area_um2": 27150.000000000015}}, {"type": "Feature", "geometry": {"type": "Polygon", "coordinates": [[[30160.210169230762, 10735.250738461536], [30129.450138461532, 10735.250738461536], [30098.6901076923, 10735.250738461536], [30083.310092307685, 10719.870723076921], [30067.93007692307, 10704.490707692306], [30052.550061538455, 10689.110692307691], [30037.17004615384, 10673.730676923074], [30021.79003076922, 10658.35066153846], [30006.41001538461, 10642.970646153844], [29975.64998461538, 10642.970646153844], [29944.889953846145, 10642.970646153844], [29914.129923076915, 10642.970646153844], [29883.369892307684, 10642.970646153844], [29852.609861538454, 10642.970646153844], [29837.229846153838, 10658.35066153846], [29821.849830769224, 10673.730676923074], [29806.469815384608, 10658.35066153846], [29791.089799999994, 10642.970646153844], [29775.709784615377, 10627.59063076923], [29760.32976923076, 10612.210615384614], [29744.949753846147, 10596.830599999998], [29744.949753846147, 10566.070569230767], [29744.949753846147, 10535.310538461537], [29744.949753846147, 10504.550507692305], [29760.32976923076, 10489.17049230769], [29775.709784615377, 10473.790476923075], [29791.089799999994, 10458.41046153846], [29806.469815384608, 10443.030446153844], [29821.849830769224, 10427.650430769228], [29837.229846153838, 10412.270415384613], [29852.609861538454, 10396.890399999998], [29883.369892307684, 10396.890399999998], [29898.7499076923, 10381.510384615383], [29914.129923076915, 10366.130369230768], [29929.50993846153, 10350.750353846151], [29944.889953846145, 10335.370338461536], [29975.64998461538, 10335.370338461536], [30006.41001538461, 10335.370338461536], [30037.17004615384, 10335.370338461536], [30067.93007692307, 10335.370338461536], [30098.6901076923, 10335.370338461536], [30114.070123076915, 10319.990323076921], [30129.450138461532, 10304.610307692306], [30160.210169230762, 10304.610307692306], [30190.970199999992, 10304.610307692306], [30206.35021538461, 10289.230292307691], [30221.730230769223, 10273.850276923074], [30252.490261538453, 10273.850276923074], [30283.250292307686, 10273.850276923074], [30298.6303076923, 10258.47026153846], [30314.010323076916, 10243.090246153844], [30344.770353846146, 10243.090246153844], [30375.530384615377, 10243.090246153844], [30406.290415384607, 10243.090246153844], [30421.670430769223, 10227.71023076923], [30437.05044615384, 10212.330215384614], [30467.81047692307, 10212.330215384614], [30483.190492307684, 10227.71023076923], [30498.5705076923, 10243.090246153844], [30513.950523076917, 10258.47026153846], [30529.33053846153, 10273.850276923074], [30544.710553846147, 10289.230292307691], [30544.710553846147, 10319.990323076921], [30544.710553846147, 10350.750353846151], [30544.710553846147, 10381.510384615383], [30544.710553846147, 10412.270415384613], [30544.710553846147, 10443.030446153844], [30544.710553846147, 10473.790476923075], [30529.33053846153, 10489.17049230769], [30513.950523076917, 10504.550507692305], [30498.5705076923, 10519.93052307692], [30483.190492307684, 10535.310538461537], [30467.81047692307, 10550.690553846152], [30437.05044615384, 10550.690553846152], [30421.670430769223, 10566.070569230767], [30406.290415384607, 10581.450584615382], [30390.910399999993, 10596.830599999998], [30375.530384615377, 10612.210615384614], [30360.150369230763, 10596.830599999998], [30344.770353846146, 10581.450584615382], [30329.39033846153, 10596.830599999998], [30314.010323076916, 10612.210615384614], [30298.6303076923, 10627.59063076923], [30283.250292307686, 10642.970646153844], [30267.87027692307, 10658.35066153846], [30252.490261538453, 10673.730676923074], [30221.730230769223, 10673.730676923074], [30206.35021538461, 10689.110692307691], [30190.970199999992, 10704.490707692306], [30175.590184615376, 10719.870723076921], [30160.210169230762, 10735.250738461536]]]}, "properties": {"objectType": "annotation", "name": "R1_2_T|rim_16", "classification": {"name": "rim", "color": [201, 133, 0]}, "lesion_id": 16, "section": "R1_2_T", "area_um2": 27150.000000000015}}, {"type": "Feature", "geometry": {"type": "Polygon", "coordinates": [[[27945.487953846146, 11596.531599999998], [27914.727923076916, 11596.531599999998], [27883.967892307686, 11596.531599999998], [27868.58787692307, 11581.151584615383], [27853.207861538456, 11565.771569230767], [27837.82784615384, 11550.391553846152], [27822.447830769222, 11535.011538461536], [27807.06781538461, 11519.631523076921], [27807.06781538461, 11488.87149230769], [27791.687799999992, 11473.491476923075], [27776.30778461538, 11458.11146153846], [27760.927769230762, 11442.731446153844], [27745.547753846145, 11427.35143076923], [27730.167738461532, 11411.971415384613], [27714.787723076915, 11396.591399999998], [27699.407707692302, 11381.211384615382], [27684.027692307685, 11396.591399999998], [27668.64767692307, 11411.971415384613], [27653.267661538455, 11427.35143076923], [27637.88764615384, 11442.731446153844], [27607.12761538461, 11442.731446153844], [27591.74759999999, 11427.35143076923], [27576.36758461538, 11411.971415384613], [27560.98756923076, 11396.591399999998], [27545.60755384615, 11381.211384615382], [27530.22753846153, 11365.831369230767], [27545.60755384615, 11350.451353846152], [27560.98756923076, 11335.071338461537], [27576.36758461538, 11319.69132307692], [27591.74759999999, 11304.311307692305], [27607.12761538461, 11288.93129230769], [27622.507630769225, 11273.551276923075], [27637.88764615384, 11258.17126153846], [27653.267661538455, 11242.791246153844], [27668.64767692307, 11227.411230769228], [27684.027692307685, 11212.031215384613], [27684.027692307685, 11181.271184615383], [27684.027692307685, 11150.511153846152], [27699.407707692302, 11135.131138461536], [27714.787723076915, 11119.751123076921], [27714.787723076915, 11088.99109230769], [27730.167738461532, 11073.611076923075], [27745.547753846145, 11058.23106153846], [27760.927769230762, 11042.851046153844], [27776.30778461538, 11027.47103076923], [27776.30778461538, 10996.710999999998], [27776.30778461538, 10965.950969230767], [27791.687799999992, 10950.570953846152], [27807.06781538461, 10935.190938461537], [27822.447830769222, 10919.81092307692], [27837.82784615384, 10904.430907692305], [27853.207861538456, 10889.05089230769], [27868.58787692307, 10873.670876923075], [27883.967892307686, 10858.29086153846], [27899.3479076923, 10842.910846153844], [27914.727923076916, 10827.530830769228], [27930.107938461533, 10812.150815384613], [27930.107938461533, 10781.390784615383], [27945.487953846146, 10766.010769230767], [27960.867969230763, 10750.630753846151], [27960.867969230763, 10719.870723076921], [27960.867969230763, 10689.110692307691], [27976.247984615376, 10673.730676923074], [27991.627999999993, 10658.35066153846], [27991.627999999993, 10627.59063076923], [28007.008015384607, 10612.210615384614], [28022.388030769223, 10596.830599999998], [28037.76804615384, 10581.450584615382], [28053.148061538453, 10566.070569230767], [28068.52807692307, 10550.690553846152], [28083.908092307684, 10535.310538461537], [28099.2881076923, 10519.93052307692], [28130.04813846153, 10519.93052307692], [28160.80816923076, 10519.93052307692], [28191.568199999994, 10519.93052307692], [28222.328230769224, 10519.93052307692], [28253.088261538454, 10519.93052307692], [28268.46827692307, 10535.310538461537], [28283.848292307684, 10550.690553846152], [28314.608323076915, 10550.690553846152], [28345.36835384615, 10550.690553846152], [28360.74836923076, 10566.070569230767], [28376.12838461538, 10581.450584615382], [28406.88841538461, 10581.450584615382], [28437.64844615384, 10581.450584615382], [28468.40847692307, 10581.450584615382], [28499.168507692302, 10581.450584615382], [28529.928538461532, 10581.450584615382], [28545.308553846146, 10566.070569230767], [28560.688569230762, 10550.690553846152], [28591.448599999992, 10550.690553846152], [28606.82861538461, 10535.310538461537], [28622.208630769223, 10519.93052307692], [28652.968661538453, 10519.93052307692], [28683.728692307686, 10519.93052307692], [28714.488723076916, 10519.93052307692], [28745.248753846146, 10519.93052307692], [28776.008784615376, 10519.93052307692], [28791.388799999993, 10535.310538461537], [28806.768815384607, 10550.690553846152], [28837.52884615384, 10550.690553846152], [28868.28887692307, 10550.690553846152], [28899.0489076923, 10550.690553846152], [28914.428923076917, 10566.070569230767], [28929.80893846153, 10581.450584615382], [28960.56896923076, 10581.450584615382], [28975.948984615377, 10596.830599999998], [28991.328999999994, 10612.210615384614], [29022.089030769224, 10612.210615384614], [29037.469046153838, 10627.59063076923], [29052.849061538454, 10642.970646153844], [29068.22907692307, 10658.35066153846], [29083.609092307684, 10673.730676923074], [29098.9891076923, 10689.110692307691], [29114.369123076915, 10704.490707692306], [29129.74913846153, 10719.870723076921], [29145.12915384615, 10735.250738461536], [29160.50916923076, 10750.630753846151], [29175.88918461538, 10766.010769230767], [29191.26919999999, 10781.390784615383], [29206.64921538461, 10796.770799999998], [29222.029230769225, 10812.150815384613], [29237.40924615384, 10827.530830769228], [29252.789261538455, 10842.910846153844], [29268.16927692307, 10858.29086153846], [29283.549292307685, 10873.670876923075], [29298.9293076923, 10889.05089230769], [29314.309323076915, 10904.430907692305], [29298.9293076923, 10919.81092307692], [29283.549292307685, 10935.190938461537], [29283.549292307685, 10965.950969230767], [29283.549292307685, 10996.710999999998], [29268.16927692307, 11012.091015384614], [29252.789261538455, 11027.47103076923], [29252.789261538455, 11058.23106153846], [29252.789261538455, 11088.99109230769], [29237.40924615384, 11104.371107692306], [29222.029230769225, 11119.751123076921], [29222.029230769225, 11150.511153846152], [29222.029230769225, 11181.271184615383], [29206.64921538461, 11196.651199999998], [29191.26919999999, 11212.031215384613], [29191.26919999999, 11242.791246153844], [29175.88918461538, 11258.17126153846], [29160.50916923076, 11273.551276923075], [29145.12915384615, 11288.93129230769], [29129.74913846153, 11304.311307692305], [29114.369123076915, 11319.69132307692], [29083.609092307684, 11319.69132307692], [29068.22907692307, 11335.071338461537], [29052.849061538454, 11350.451353846152], [29037.469046153838, 11365.831369230767], [29022.089030769224, 11381.211384615382], [29006.709015384607, 11396.591399999998], [28991.328999999994, 11411.971415384613], [28960.56896923076, 11411.971415384613], [28929.80893846153, 11411.971415384613], [28914.428923076917, 11427.35143076923], [28899.0489076923, 11442.731446153844], [28868.28887692307, 11442.731446153844], [28852.908861538453, 11427.35143076923], [28837.52884615384, 11411.971415384613], [28822.148830769223, 11427.35143076923], [28806.768815384607, 11442.731446153844], [28776.008784615376, 11442.731446153844], [28745.248753846146, 11442.731446153844], [28714.488723076916, 11442.731446153844], [28683.728692307686, 11442.731446153844], [28652.968661538453, 11442.731446153844], [28622.208630769223, 11442.731446153844], [28591.448599999992, 11442.731446153844], [28576.06858461538, 11458.11146153846], [28560.688569230762, 11473.491476923075], [28529.928538461532, 11473.491476923075], [28514.548523076915, 11488.87149230769], [28499.168507692302, 11504.251507692306], [28483.788492307685, 11519.631523076921], [28468.40847692307, 11535.011538461536], [28437.64844615384, 11535.011538461536], [28422.268430769225, 11550.391553846152], [28406.88841538461, 11565.771569230767], [28376.12838461538, 11565.771569230767], [28345.36835384615, 11565.771569230767], [28314.608323076915, 11565.771569230767], [28283.848292307684, 11565.771569230767], [28268.46827692307, 11550.391553846152], [28253.088261538454, 11535.011538461536], [28222.328230769224, 11535.011538461536], [28206.948215384607, 11519.631523076921], [28191.568199999994, 11504.251507692306], [28160.80816923076, 11504.251507692306], [28145.428153846147, 11519.631523076921], [28130.04813846153, 11535.011538461536], [28099.2881076923, 11535.011538461536], [28083.908092307684, 11550.391553846152], [28068.52807692307, 11565.771569230767], [28037.76804615384, 11565.771569230767], [28007.008015384607, 11565.771569230767], [27976.247984615376, 11565.771569230767], [27960.867969230763, 11581.151584615383], [27945.487953846146, 11596.531599999998]]]}, "properties": {"objectType": "annotation", "name": "R1_2_T|lesion_17", "classification": {"name": "lesion", "color": [255, 0, 0]}, "lesion_id": 17, "section": "R1_2_T", "area_um2": 137749.99999999997}}, {"type": "Feature", "geometry": {"type": "Polygon", "coordinates": [[[28345.36835384615, 11381.211384615382], [28329.98833846153, 11365.831369230767], [28314.608323076915, 11350.451353846152], [28283.848292307684, 11350.451353846152], [28268.46827692307, 11335.071338461537], [28253.088261538454, 11319.69132307692], [28222.328230769224, 11319.69132307692], [28191.568199999994, 11319.69132307692], [28160.80816923076, 11319.69132307692], [28130.04813846153, 11319.69132307692], [28099.2881076923, 11319.69132307692], [28083.908092307684, 11335.071338461537], [28068.52807692307, 11350.451353846152], [28037.76804615384, 11350.451353846152], [28022.388030769223, 11365.831369230767], [28007.008015384607, 11381.211384615382], [27976.247984615376, 11381.211384615382], [27960.867969230763, 11365.831369230767], [27945.487953846146, 11350.451353846152], [27930.107938461533, 11335.071338461537], [27914.727923076916, 11319.69132307692], [27899.3479076923, 11304.311307692305], [27883.967892307686, 11288.93129230769], [27868.58787692307, 11273.551276923075], [27868.58787692307, 11242.791246153844], [27868.58787692307, 11212.031215384613], [27883.967892307686, 11196.651199999998], [27899.3479076923, 11181.271184615383], [27914.727923076916, 11165.891169230767], [27930.107938461533, 11150.511153846152], [27930.107938461533, 11119.751123076921], [27945.487953846146, 11104.371107692306], [27960.867969230763, 11088.99109230769], [27960.867969230763, 11058.23106153846], [27976.247984615376, 11042.851046153844], [27991.627999999993, 11027.47103076923], [28007.008015384607, 11012.091015384614], [28022.388030769223, 10996.710999999998], [28037.76804615384, 10981.330984615382], [28053.148061538453, 10965.950969230767], [28068.52807692307, 10950.570953846152], [28083.908092307684, 10935.190938461537], [28083.908092307684, 10904.430907692305], [28099.2881076923, 10889.05089230769], [28114.668123076917, 10873.670876923075], [28114.668123076917, 10842.910846153844], [28130.04813846153, 10827.530830769228], [28145.428153846147, 10812.150815384613], [28145.428153846147, 10781.390784615383], [28145.428153846147, 10750.630753846151], [28160.80816923076, 10735.250738461536], [28176.188184615377, 10719.870723076921], [28191.568199999994, 10704.490707692306], [28206.948215384607, 10719.870723076921], [28222.328230769224, 10735.250738461536], [28253.088261538454, 10735.250738461536], [28283.848292307684, 10735.250738461536], [28299.2283076923, 10750.630753846151], [28314.608323076915, 10766.010769230767], [28345.36835384615, 10766.010769230767], [28376.12838461538, 10766.010769230767], [28406.88841538461, 10766.010769230767], [28437.64844615384, 10766.010769230767], [28468.40847692307, 10766.010769230767], [28499.168507692302, 10766.010769230767], [28529.928538461532, 10766.010769230767], [28560.688569230762, 10766.010769230767], [28591.448599999992, 10766.010769230767], [28606.82861538461, 10750.630753846151], [28622.208630769223, 10735.250738461536], [28652.968661538453, 10735.250738461536], [28668.34867692307, 10719.870723076921], [28683.728692307686, 10704.490707692306], [28714.488723076916, 10704.490707692306], [28729.86873846153, 10719.870723076921], [28745.248753846146, 10735.250738461536], [28776.008784615376, 10735.250738461536], [28806.768815384607, 10735.250738461536], [28837.52884615384, 10735.250738461536], [28852.908861538453, 10750.630753846151], [28868.28887692307, 10766.010769230767], [28899.0489076923, 10766.010769230767], [28914.428923076917, 10781.390784615383], [28929.80893846153, 10796.770799999998], [28945.188953846147, 10812.150815384613], [28960.56896923076, 10827.530830769228], [28975.948984615377, 10842.910846153844], [28991.328999999994, 10858.29086153846], [29006.709015384607, 10873.670876923075], [29022.089030769224, 10889.05089230769], [29037.469046153838, 10904.430907692305], [29052.849061538454, 10919.81092307692], [29068.22907692307, 10935.190938461537], [29068.22907692307, 10965.950969230767], [29068.22907692307, 10996.710999999998], [29068.22907692307, 11027.47103076923], [29052.849061538454, 11042.851046153844], [29037.469046153838, 11058.23106153846], [29037.469046153838, 11088.99109230769], [29037.469046153838, 11119.751123076921], [29022.089030769224, 11135.131138461536], [29006.709015384607, 11150.511153846152], [28991.328999999994, 11165.891169230767], [28960.56896923076, 11165.891169230767], [28945.188953846147, 11181.271184615383], [28929.80893846153, 11196.651199999998], [28914.428923076917, 11212.031215384613], [28899.0489076923, 11227.411230769228], [28868.28887692307, 11227.411230769228], [28837.52884615384, 11227.411230769228], [28806.768815384607, 11227.411230769228], [28776.008784615376, 11227.411230769228], [28760.628769230763, 11242.791246153844], [28745.248753846146, 11258.17126153846], [28714.488723076916, 11258.17126153846], [28683.728692307686, 11258.17126153846], [28652.968661538453, 11258.17126153846], [28622.208630769223, 11258.17126153846], [28591.448599999992, 11258.17126153846], [28560.688569230762, 11258.17126153846], [28529.928538461532, 11258.17126153846], [28514.548523076915, 11273.551276923075], [28499.168507692302, 11288.93129230769], [28468.40847692307, 11288.93129230769], [28453.028461538455, 11304.311307692305], [28437.64844615384, 11319.69132307692], [28406.88841538461, 11319.69132307692], [28391.50839999999, 11335.071338461537], [28376.12838461538, 11350.451353846152], [28360.74836923076, 11365.831369230767], [28345.36835384615, 11381.211384615382]]]}, "properties": {"objectType": "annotation", "name": "R1_2_T|core_17", "classification": {"name": "core", "color": [230, 103, 103]}, "lesion_id": 17, "section": "R1_2_T", "area_um2": 57750.000000000044}}, {"type": "Feature", "geometry": {"type": "Polygon", "coordinates": [[[27945.487953846146, 11596.531599999998], [27914.727923076916, 11596.531599999998], [27883.967892307686, 11596.531599999998], [27868.58787692307, 11581.151584615383], [27853.207861538456, 11565.771569230767], [27837.82784615384, 11550.391553846152], [27822.447830769222, 11535.011538461536], [27807.06781538461, 11519.631523076921], [27807.06781538461, 11488.87149230769], [27791.687799999992, 11473.491476923075], [27776.30778461538, 11458.11146153846], [27760.927769230762, 11442.731446153844], [27745.547753846145, 11427.35143076923], [27730.167738461532, 11411.971415384613], [27714.787723076915, 11396.591399999998], [27699.407707692302, 11381.211384615382], [27684.027692307685, 11396.591399999998], [27668.64767692307, 11411.971415384613], [27653.267661538455, 11427.35143076923], [27637.88764615384, 11442.731446153844], [27607.12761538461, 11442.731446153844], [27591.74759999999, 11427.35143076923], [27576.36758461538, 11411.971415384613], [27560.98756923076, 11396.591399999998], [27545.60755384615, 11381.211384615382], [27530.22753846153, 11365.831369230767], [27545.60755384615, 11350.451353846152], [27560.98756923076, 11335.071338461537], [27576.36758461538, 11319.69132307692], [27591.74759999999, 11304.311307692305], [27607.12761538461, 11288.93129230769], [27622.507630769225, 11273.551276923075], [27637.88764615384, 11258.17126153846], [27653.267661538455, 11242.791246153844], [27668.64767692307, 11227.411230769228], [27684.027692307685, 11212.031215384613], [27684.027692307685, 11181.271184615383], [27684.027692307685, 11150.511153846152], [27699.407707692302, 11135.131138461536], [27714.787723076915, 11119.751123076921], [27714.787723076915, 11088.99109230769], [27730.167738461532, 11073.611076923075], [27745.547753846145, 11058.23106153846], [27760.927769230762, 11042.851046153844], [27776.30778461538, 11027.47103076923], [27776.30778461538, 10996.710999999998], [27776.30778461538, 10965.950969230767], [27791.687799999992, 10950.570953846152], [27807.06781538461, 10935.190938461537], [27822.447830769222, 10919.81092307692], [27837.82784615384, 10904.430907692305], [27853.207861538456, 10889.05089230769], [27868.58787692307, 10873.670876923075], [27883.967892307686, 10858.29086153846], [27899.3479076923, 10842.910846153844], [27914.727923076916, 10827.530830769228], [27930.107938461533, 10812.150815384613], [27930.107938461533, 10781.390784615383], [27945.487953846146, 10766.010769230767], [27960.867969230763, 10750.630753846151], [27960.867969230763, 10719.870723076921], [27960.867969230763, 10689.110692307691], [27976.247984615376, 10673.730676923074], [27991.627999999993, 10658.35066153846], [27991.627999999993, 10627.59063076923], [28007.008015384607, 10612.210615384614], [28022.388030769223, 10596.830599999998], [28037.76804615384, 10581.450584615382], [28053.148061538453, 10566.070569230767], [28068.52807692307, 10550.690553846152], [28083.908092307684, 10535.310538461537], [28099.2881076923, 10519.93052307692], [28130.04813846153, 10519.93052307692], [28160.80816923076, 10519.93052307692], [28191.568199999994, 10519.93052307692], [28222.328230769224, 10519.93052307692], [28253.088261538454, 10519.93052307692], [28268.46827692307, 10535.310538461537], [28283.848292307684, 10550.690553846152], [28314.608323076915, 10550.690553846152], [28345.36835384615, 10550.690553846152], [28360.74836923076, 10566.070569230767], [28376.12838461538, 10581.450584615382], [28406.88841538461, 10581.450584615382], [28437.64844615384, 10581.450584615382], [28468.40847692307, 10581.450584615382], [28499.168507692302, 10581.450584615382], [28529.928538461532, 10581.450584615382], [28545.308553846146, 10566.070569230767], [28560.688569230762, 10550.690553846152], [28591.448599999992, 10550.690553846152], [28606.82861538461, 10535.310538461537], [28622.208630769223, 10519.93052307692], [28652.968661538453, 10519.93052307692], [28683.728692307686, 10519.93052307692], [28714.488723076916, 10519.93052307692], [28745.248753846146, 10519.93052307692], [28776.008784615376, 10519.93052307692], [28791.388799999993, 10535.310538461537], [28806.768815384607, 10550.690553846152], [28837.52884615384, 10550.690553846152], [28868.28887692307, 10550.690553846152], [28899.0489076923, 10550.690553846152], [28914.428923076917, 10566.070569230767], [28929.80893846153, 10581.450584615382], [28960.56896923076, 10581.450584615382], [28975.948984615377, 10596.830599999998], [28991.328999999994, 10612.210615384614], [29022.089030769224, 10612.210615384614], [29037.469046153838, 10627.59063076923], [29052.849061538454, 10642.970646153844], [29068.22907692307, 10658.35066153846], [29083.609092307684, 10673.730676923074], [29098.9891076923, 10689.110692307691], [29114.369123076915, 10704.490707692306], [29129.74913846153, 10719.870723076921], [29145.12915384615, 10735.250738461536], [29160.50916923076, 10750.630753846151], [29175.88918461538, 10766.010769230767], [29191.26919999999, 10781.390784615383], [29206.64921538461, 10796.770799999998], [29222.029230769225, 10812.150815384613], [29237.40924615384, 10827.530830769228], [29252.789261538455, 10842.910846153844], [29268.16927692307, 10858.29086153846], [29283.549292307685, 10873.670876923075], [29298.9293076923, 10889.05089230769], [29314.309323076915, 10904.430907692305], [29298.9293076923, 10919.81092307692], [29283.549292307685, 10935.190938461537], [29283.549292307685, 10965.950969230767], [29283.549292307685, 10996.710999999998], [29268.16927692307, 11012.091015384614], [29252.789261538455, 11027.47103076923], [29252.789261538455, 11058.23106153846], [29252.789261538455, 11088.99109230769], [29237.40924615384, 11104.371107692306], [29222.029230769225, 11119.751123076921], [29222.029230769225, 11150.511153846152], [29222.029230769225, 11181.271184615383], [29206.64921538461, 11196.651199999998], [29191.26919999999, 11212.031215384613], [29191.26919999999, 11242.791246153844], [29175.88918461538, 11258.17126153846], [29160.50916923076, 11273.551276923075], [29145.12915384615, 11288.93129230769], [29129.74913846153, 11304.311307692305], [29114.369123076915, 11319.69132307692], [29083.609092307684, 11319.69132307692], [29068.22907692307, 11335.071338461537], [29052.849061538454, 11350.451353846152], [29037.469046153838, 11365.831369230767], [29022.089030769224, 11381.211384615382], [29006.709015384607, 11396.591399999998], [28991.328999999994, 11411.971415384613], [28960.56896923076, 11411.971415384613], [28929.80893846153, 11411.971415384613], [28914.428923076917, 11427.35143076923], [28899.0489076923, 11442.731446153844], [28868.28887692307, 11442.731446153844], [28852.908861538453, 11427.35143076923], [28837.52884615384, 11411.971415384613], [28822.148830769223, 11427.35143076923], [28806.768815384607, 11442.731446153844], [28776.008784615376, 11442.731446153844], [28745.248753846146, 11442.731446153844], [28714.488723076916, 11442.731446153844], [28683.728692307686, 11442.731446153844], [28652.968661538453, 11442.731446153844], [28622.208630769223, 11442.731446153844], [28591.448599999992, 11442.731446153844], [28576.06858461538, 11458.11146153846], [28560.688569230762, 11473.491476923075], [28529.928538461532, 11473.491476923075], [28514.548523076915, 11488.87149230769], [28499.168507692302, 11504.251507692306], [28483.788492307685, 11519.631523076921], [28468.40847692307, 11535.011538461536], [28437.64844615384, 11535.011538461536], [28422.268430769225, 11550.391553846152], [28406.88841538461, 11565.771569230767], [28376.12838461538, 11565.771569230767], [28345.36835384615, 11565.771569230767], [28314.608323076915, 11565.771569230767], [28283.848292307684, 11565.771569230767], [28268.46827692307, 11550.391553846152], [28253.088261538454, 11535.011538461536], [28222.328230769224, 11535.011538461536], [28206.948215384607, 11519.631523076921], [28191.568199999994, 11504.251507692306], [28160.80816923076, 11504.251507692306], [28145.428153846147, 11519.631523076921], [28130.04813846153, 11535.011538461536], [28099.2881076923, 11535.011538461536], [28083.908092307684, 11550.391553846152], [28068.52807692307, 11565.771569230767], [28037.76804615384, 11565.771569230767], [28007.008015384607, 11565.771569230767], [27976.247984615376, 11565.771569230767], [27960.867969230763, 11581.151584615383], [27945.487953846146, 11596.531599999998]], [[28360.74836923076, 11365.831369230767], [28376.12838461538, 11350.451353846152], [28391.50839999999, 11335.071338461537], [28406.88841538461, 11319.69132307692], [28437.64844615384, 11319.69132307692], [28453.028461538455, 11304.311307692305], [28468.40847692307, 11288.93129230769], [28499.168507692302, 11288.93129230769], [28514.548523076915, 11273.551276923075], [28529.928538461532, 11258.17126153846], [28560.688569230762, 11258.17126153846], [28591.448599999992, 11258.17126153846], [28622.208630769223, 11258.17126153846], [28652.968661538453, 11258.17126153846], [28683.728692307686, 11258.17126153846], [28714.488723076916, 11258.17126153846], [28745.248753846146, 11258.17126153846], [28760.628769230763, 11242.791246153844], [28776.008784615376, 11227.411230769228], [28806.768815384607, 11227.411230769228], [28837.52884615384, 11227.411230769228], [28868.28887692307, 11227.411230769228], [28899.0489076923, 11227.411230769228], [28914.428923076917, 11212.031215384613], [28929.80893846153, 11196.651199999998], [28945.188953846147, 11181.271184615383], [28960.56896923076, 11165.891169230767], [28991.328999999994, 11165.891169230767], [29006.709015384607, 11150.511153846152], [29022.089030769224, 11135.131138461536], [29037.469046153838, 11119.751123076921], [29037.469046153838, 11088.99109230769], [29037.469046153838, 11058.23106153846], [29052.849061538454, 11042.851046153844], [29068.22907692307, 11027.47103076923], [29068.22907692307, 10996.710999999998], [29068.22907692307, 10965.950969230767], [29068.22907692307, 10935.190938461537], [29052.849061538454, 10919.81092307692], [29037.469046153838, 10904.430907692305], [29022.089030769224, 10889.05089230769], [29006.709015384607, 10873.670876923075], [28991.328999999994, 10858.29086153846], [28975.948984615377, 10842.910846153844], [28960.56896923076, 10827.530830769228], [28945.188953846147, 10812.150815384613], [28929.80893846153, 10796.770799999998], [28914.428923076917, 10781.390784615383], [28899.0489076923, 10766.010769230767], [28868.28887692307, 10766.010769230767], [28852.908861538453, 10750.630753846151], [28837.52884615384, 10735.250738461536], [28806.768815384607, 10735.250738461536], [28776.008784615376, 10735.250738461536], [28745.248753846146, 10735.250738461536], [28729.86873846153, 10719.870723076921], [28714.488723076916, 10704.490707692306], [28683.728692307686, 10704.490707692306], [28668.34867692307, 10719.870723076921], [28652.968661538453, 10735.250738461536], [28622.208630769223, 10735.250738461536], [28606.82861538461, 10750.630753846151], [28591.448599999992, 10766.010769230767], [28560.688569230762, 10766.010769230767], [28529.928538461532, 10766.010769230767], [28499.168507692302, 10766.010769230767], [28468.40847692307, 10766.010769230767], [28437.64844615384, 10766.010769230767], [28406.88841538461, 10766.010769230767], [28376.12838461538, 10766.010769230767], [28345.36835384615, 10766.010769230767], [28314.608323076915, 10766.010769230767], [28299.2283076923, 10750.630753846151], [28283.848292307684, 10735.250738461536], [28253.088261538454, 10735.250738461536], [28222.328230769224, 10735.250738461536], [28206.948215384607, 10719.870723076921], [28191.568199999994, 10704.490707692306], [28176.188184615377, 10719.870723076921], [28160.80816923076, 10735.250738461536], [28145.428153846147, 10750.630753846151], [28145.428153846147, 10781.390784615383], [28145.428153846147, 10812.150815384613], [28130.04813846153, 10827.530830769228], [28114.668123076917, 10842.910846153844], [28114.668123076917, 10873.670876923075], [28099.2881076923, 10889.05089230769], [28083.908092307684, 10904.430907692305], [28083.908092307684, 10935.190938461537], [28068.52807692307, 10950.570953846152], [28053.148061538453, 10965.950969230767], [28037.76804615384, 10981.330984615382], [28022.388030769223, 10996.710999999998], [28007.008015384607, 11012.091015384614], [27991.627999999993, 11027.47103076923], [27976.247984615376, 11042.851046153844], [27960.867969230763, 11058.23106153846], [27960.867969230763, 11088.99109230769], [27945.487953846146, 11104.371107692306], [27930.107938461533, 11119.751123076921], [27930.107938461533, 11150.511153846152], [27914.727923076916, 11165.891169230767], [27899.3479076923, 11181.271184615383], [27883.967892307686, 11196.651199999998], [27868.58787692307, 11212.031215384613], [27868.58787692307, 11242.791246153844], [27868.58787692307, 11273.551276923075], [27883.967892307686, 11288.93129230769], [27899.3479076923, 11304.311307692305], [27914.727923076916, 11319.69132307692], [27930.107938461533, 11335.071338461537], [27945.487953846146, 11350.451353846152], [27960.867969230763, 11365.831369230767], [27976.247984615376, 11381.211384615382], [28007.008015384607, 11381.211384615382], [28022.388030769223, 11365.831369230767], [28037.76804615384, 11350.451353846152], [28068.52807692307, 11350.451353846152], [28083.908092307684, 11335.071338461537], [28099.2881076923, 11319.69132307692], [28130.04813846153, 11319.69132307692], [28160.80816923076, 11319.69132307692], [28191.568199999994, 11319.69132307692], [28222.328230769224, 11319.69132307692], [28253.088261538454, 11319.69132307692], [28268.46827692307, 11335.071338461537], [28283.848292307684, 11350.451353846152], [28314.608323076915, 11350.451353846152], [28329.98833846153, 11365.831369230767], [28345.36835384615, 11381.211384615382], [28360.74836923076, 11365.831369230767]]]}, "properties": {"objectType": "annotation", "name": "R1_2_T|rim_17", "classification": {"name": "rim", "color": [201, 133, 0]}, "lesion_id": 17, "section": "R1_2_T", "area_um2": 79999.99999999993}}, {"type": "Feature", "geometry": {"type": "Polygon", "coordinates": [[[26991.926999999992, 11873.371876923075], [26961.166969230762, 11873.371876923075], [26930.406938461532, 11873.371876923075], [26899.646907692302, 11873.371876923075], [26868.88687692307, 11873.371876923075], [26838.12684615384, 11873.371876923075], [26822.746830769225, 11857.99186153846], [26807.36681538461, 11842.611846153844], [26776.60678461538, 11842.611846153844], [26745.84675384615, 11842.611846153844], [26715.086723076914, 11842.611846153844], [26699.7067076923, 11827.23183076923], [26684.326692307684, 11811.851815384613], [26668.94667692307, 11796.471799999998], [26653.566661538454, 11781.091784615382], [26622.806630769224, 11781.091784615382], [26592.046599999994, 11781.091784615382], [26576.666584615377, 11765.711769230767], [26561.286569230764, 11750.331753846152], [26530.52653846153, 11750.331753846152], [26515.146523076917, 11734.951738461536], [26499.7665076923, 11719.57172307692], [26484.386492307687, 11704.191707692305], [26469.00647692307, 11688.81169230769], [26453.626461538453, 11673.431676923075], [26453.626461538453, 11642.671646153844], [26453.626461538453, 11611.911615384613], [26438.24644615384, 11596.531599999998], [26422.866430769223, 11581.151584615383], [26407.48641538461, 11565.771569230767], [26392.106399999993, 11550.391553846152], [26407.48641538461, 11535.011538461536], [26422.866430769223, 11519.631523076921], [26438.24644615384, 11504.251507692306], [26453.626461538453, 11488.87149230769], [26469.00647692307, 11473.491476923075], [26484.386492307687, 11458.11146153846], [26499.7665076923, 11442.731446153844], [26515.146523076917, 11427.35143076923], [26515.146523076917, 11396.591399999998], [26515.146523076917, 11365.831369230767], [26499.7665076923, 11350.451353846152], [26484.386492307687, 11335.071338461537], [26469.00647692307, 11319.69132307692], [26453.626461538453, 11304.311307692305], [26438.24644615384, 11288.93129230769], [26422.866430769223, 11304.311307692305], [26407.48641538461, 11319.69132307692], [26392.106399999993, 11335.071338461537], [26376.726384615376, 11350.451353846152], [26345.966353846146, 11350.451353846152], [26330.586338461533, 11365.831369230767], [26315.206323076916, 11381.211384615382], [26299.8263076923, 11396.591399999998], [26284.446292307686, 11411.971415384613], [26253.686261538456, 11411.971415384613], [26238.30624615384, 11427.35143076923], [26222.926230769222, 11442.731446153844], [26192.166199999992, 11442.731446153844], [26161.406169230762, 11442.731446153844], [26146.026153846145, 11427.35143076923], [26130.646138461532, 11411.971415384613], [26115.266123076915, 11396.591399999998], [26099.886107692302, 11381.211384615382], [26084.506092307685, 11365.831369230767], [26084.506092307685, 11335.071338461537], [26084.506092307685, 11304.311307692305], [26084.506092307685, 11273.551276923075], [26069.12607692307, 11258.17126153846], [26053.746061538455, 11242.791246153844], [26069.12607692307, 11227.411230769228], [26084.506092307685, 11212.031215384613], [26099.886107692302, 11196.651199999998], [26115.266123076915, 11181.271184615383], [26130.646138461532, 11165.891169230767], [26146.026153846145, 11150.511153846152], [26161.406169230762, 11135.131138461536], [26192.166199999992, 11135.131138461536], [26222.926230769222, 11135.131138461536], [26253.686261538456, 11135.131138461536], [26284.446292307686, 11135.131138461536], [26299.8263076923, 11119.751123076921], [26315.206323076916, 11104.371107692306], [26345.966353846146, 11104.371107692306], [26376.726384615376, 11104.371107692306], [26392.106399999993, 11119.751123076921], [26407.48641538461, 11135.131138461536], [26438.24644615384, 11135.131138461536], [26453.626461538453, 11150.511153846152], [26469.00647692307, 11165.891169230767], [26499.7665076923, 11165.891169230767], [26515.146523076917, 11150.511153846152], [26530.52653846153, 11135.131138461536], [26561.286569230764, 11135.131138461536], [26576.666584615377, 11150.511153846152], [26592.046599999994, 11165.891169230767], [26622.806630769224, 11165.891169230767], [26653.566661538454, 11165.891169230767], [26668.94667692307, 11181.271184615383], [26684.326692307684, 11196.651199999998], [26699.7067076923, 11212.031215384613], [26715.086723076914, 11227.411230769228], [26730.46673846153, 11242.791246153844], [26745.84675384615, 11258.17126153846], [26761.22676923076, 11273.551276923075], [26776.60678461538, 11288.93129230769], [26791.98679999999, 11304.311307692305], [26807.36681538461, 11319.69132307692], [26838.12684615384, 11319.69132307692], [26853.506861538455, 11335.071338461537], [26868.88687692307, 11350.451353846152], [26884.266892307685, 11365.831369230767], [26899.646907692302, 11381.211384615382], [26915.026923076915, 11365.831369230767], [26930.406938461532, 11350.451353846152], [26961.166969230762, 11350.451353846152], [26976.54698461538, 11365.831369230767], [26991.926999999992, 11381.211384615382], [27022.687030769222, 11381.211384615382], [27038.06704615384, 11396.591399999998], [27053.447061538456, 11411.971415384613], [27068.82707692307, 11427.35143076923], [27084.207092307686, 11442.731446153844], [27114.967123076916, 11442.731446153844], [27145.727153846146, 11442.731446153844], [27161.107169230763, 11458.11146153846], [27176.487184615376, 11473.491476923075], [27191.867199999993, 11488.87149230769], [27207.24721538461, 11504.251507692306], [27238.00724615384, 11504.251507692306], [27253.387261538453, 11519.631523076921], [27268.76727692307, 11535.011538461536], [27284.147292307687, 11550.391553846152], [27299.5273076923, 11565.771569230767], [27314.907323076917, 11581.151584615383], [27314.907323076917, 11611.911615384613], [27299.5273076923, 11627.291630769229], [27284.147292307687, 11642.671646153844], [27268.76727692307, 11658.05166153846], [27253.387261538453, 11673.431676923075], [27253.387261538453, 11704.191707692305], [27238.00724615384, 11719.57172307692], [27222.627230769223, 11734.951738461536], [27207.24721538461, 11750.331753846152], [27191.867199999993, 11765.711769230767], [27176.487184615376, 11781.091784615382], [27161.107169230763, 11796.471799999998], [27145.727153846146, 11811.851815384613], [27114.967123076916, 11811.851815384613], [27099.5871076923, 11827.23183076923], [27084.207092307686, 11842.611846153844], [27053.447061538456, 11842.611846153844], [27022.687030769222, 11842.611846153844], [27007.30701538461, 11857.99186153846], [26991.926999999992, 11873.371876923075]]]}, "properties": {"objectType": "annotation", "name": "R1_2_T|lesion_18", "classification": {"name": "lesion", "color": [255, 0, 0]}, "lesion_id": 18, "section": "R1_2_T", "area_um2": 52150.00000000001}}, {"type": "Feature", "geometry": {"type": "Polygon", "coordinates": [[[26930.406938461532, 11688.81169230769], [26899.646907692302, 11688.81169230769], [26884.266892307685, 11673.431676923075], [26868.88687692307, 11658.05166153846], [26838.12684615384, 11658.05166153846], [26807.36681538461, 11658.05166153846], [26791.98679999999, 11642.671646153844], [26776.60678461538, 11627.291630769229], [26745.84675384615, 11627.291630769229], [26730.46673846153, 11611.911615384613], [26715.086723076914, 11596.531599999998], [26684.326692307684, 11596.531599999998], [26653.566661538454, 11596.531599999998], [26638.18664615384, 11581.151584615383], [26653.566661538454, 11565.771569230767], [26668.94667692307, 11550.391553846152], [26668.94667692307, 11519.631523076921], [26684.326692307684, 11504.251507692306], [26699.7067076923, 11488.87149230769], [26715.086723076914, 11473.491476923075], [26730.46673846153, 11488.87149230769], [26745.84675384615, 11504.251507692306], [26761.22676923076, 11519.631523076921], [26776.60678461538, 11535.011538461536], [26807.36681538461, 11535.011538461536], [26822.746830769225, 11550.391553846152], [26838.12684615384, 11565.771569230767], [26868.88687692307, 11565.771569230767], [26899.646907692302, 11565.771569230767], [26930.406938461532, 11565.771569230767], [26945.786953846145, 11581.151584615383], [26961.166969230762, 11596.531599999998], [26991.926999999992, 11596.531599999998], [27007.30701538461, 11611.911615384613], [27022.687030769222, 11627.291630769229], [27038.06704615384, 11642.671646153844], [27022.687030769222, 11658.05166153846], [26991.926999999992, 11658.05166153846], [26961.166969230762, 11658.05166153846], [26945.786953846145, 11673.431676923075], [26930.406938461532, 11688.81169230769]]]}, "properties": {"objectType": "annotation", "name": "R1_2_T|core_18", "classification": {"name": "core", "color": [230, 103, 103]}, "lesion_id": 18, "section": "R1_2_T", "area_um2": 3750.0000000000186}}, {"type": "Feature", "geometry": {"type": "Polygon", "coordinates": [[[26991.926999999992, 11873.371876923075], [26961.166969230762, 11873.371876923075], [26930.406938461532, 11873.371876923075], [26899.646907692302, 11873.371876923075], [26868.88687692307, 11873.371876923075], [26838.12684615384, 11873.371876923075], [26822.746830769225, 11857.99186153846], [26807.36681538461, 11842.611846153844], [26776.60678461538, 11842.611846153844], [26745.84675384615, 11842.611846153844], [26715.086723076914, 11842.611846153844], [26699.7067076923, 11827.23183076923], [26684.326692307684, 11811.851815384613], [26668.94667692307, 11796.471799999998], [26653.566661538454, 11781.091784615382], [26622.806630769224, 11781.091784615382], [26592.046599999994, 11781.091784615382], [26576.666584615377, 11765.711769230767], [26561.286569230764, 11750.331753846152], [26530.52653846153, 11750.331753846152], [26515.146523076917, 11734.951738461536], [26499.7665076923, 11719.57172307692], [26484.386492307687, 11704.191707692305], [26469.00647692307, 11688.81169230769], [26453.626461538453, 11673.431676923075], [26453.626461538453, 11642.671646153844], [26453.626461538453, 11611.911615384613], [26438.24644615384, 11596.531599999998], [26422.866430769223, 11581.151584615383], [26407.48641538461, 11565.771569230767], [26392.106399999993, 11550.391553846152], [26407.48641538461, 11535.011538461536], [26422.866430769223, 11519.631523076921], [26438.24644615384, 11504.251507692306], [26453.626461538453, 11488.87149230769], [26469.00647692307, 11473.491476923075], [26484.386492307687, 11458.11146153846], [26499.7665076923, 11442.731446153844], [26515.146523076917, 11427.35143076923], [26515.146523076917, 11396.591399999998], [26515.146523076917, 11365.831369230767], [26499.7665076923, 11350.451353846152], [26484.386492307687, 11335.071338461537], [26469.00647692307, 11319.69132307692], [26453.626461538453, 11304.311307692305], [26438.24644615384, 11288.93129230769], [26422.866430769223, 11304.311307692305], [26407.48641538461, 11319.69132307692], [26392.106399999993, 11335.071338461537], [26376.726384615376, 11350.451353846152], [26345.966353846146, 11350.451353846152], [26330.586338461533, 11365.831369230767], [26315.206323076916, 11381.211384615382], [26299.8263076923, 11396.591399999998], [26284.446292307686, 11411.971415384613], [26253.686261538456, 11411.971415384613], [26238.30624615384, 11427.35143076923], [26222.926230769222, 11442.731446153844], [26192.166199999992, 11442.731446153844], [26161.406169230762, 11442.731446153844], [26146.026153846145, 11427.35143076923], [26130.646138461532, 11411.971415384613], [26115.266123076915, 11396.591399999998], [26099.886107692302, 11381.211384615382], [26084.506092307685, 11365.831369230767], [26084.506092307685, 11335.071338461537], [26084.506092307685, 11304.311307692305], [26084.506092307685, 11273.551276923075], [26069.12607692307, 11258.17126153846], [26053.746061538455, 11242.791246153844], [26069.12607692307, 11227.411230769228], [26084.506092307685, 11212.031215384613], [26099.886107692302, 11196.651199999998], [26115.266123076915, 11181.271184615383], [26130.646138461532, 11165.891169230767], [26146.026153846145, 11150.511153846152], [26161.406169230762, 11135.131138461536], [26192.166199999992, 11135.131138461536], [26222.926230769222, 11135.131138461536], [26253.686261538456, 11135.131138461536], [26284.446292307686, 11135.131138461536], [26299.8263076923, 11119.751123076921], [26315.206323076916, 11104.371107692306], [26345.966353846146, 11104.371107692306], [26376.726384615376, 11104.371107692306], [26392.106399999993, 11119.751123076921], [26407.48641538461, 11135.131138461536], [26438.24644615384, 11135.131138461536], [26453.626461538453, 11150.511153846152], [26469.00647692307, 11165.891169230767], [26499.7665076923, 11165.891169230767], [26515.146523076917, 11150.511153846152], [26530.52653846153, 11135.131138461536], [26561.286569230764, 11135.131138461536], [26576.666584615377, 11150.511153846152], [26592.046599999994, 11165.891169230767], [26622.806630769224, 11165.891169230767], [26653.566661538454, 11165.891169230767], [26668.94667692307, 11181.271184615383], [26684.326692307684, 11196.651199999998], [26699.7067076923, 11212.031215384613], [26715.086723076914, 11227.411230769228], [26730.46673846153, 11242.791246153844], [26745.84675384615, 11258.17126153846], [26761.22676923076, 11273.551276923075], [26776.60678461538, 11288.93129230769], [26791.98679999999, 11304.311307692305], [26807.36681538461, 11319.69132307692], [26838.12684615384, 11319.69132307692], [26853.506861538455, 11335.071338461537], [26868.88687692307, 11350.451353846152], [26884.266892307685, 11365.831369230767], [26899.646907692302, 11381.211384615382], [26915.026923076915, 11365.831369230767], [26930.406938461532, 11350.451353846152], [26961.166969230762, 11350.451353846152], [26976.54698461538, 11365.831369230767], [26991.926999999992, 11381.211384615382], [27022.687030769222, 11381.211384615382], [27038.06704615384, 11396.591399999998], [27053.447061538456, 11411.971415384613], [27068.82707692307, 11427.35143076923], [27084.207092307686, 11442.731446153844], [27114.967123076916, 11442.731446153844], [27145.727153846146, 11442.731446153844], [27161.107169230763, 11458.11146153846], [27176.487184615376, 11473.491476923075], [27191.867199999993, 11488.87149230769], [27207.24721538461, 11504.251507692306], [27238.00724615384, 11504.251507692306], [27253.387261538453, 11519.631523076921], [27268.76727692307, 11535.011538461536], [27284.147292307687, 11550.391553846152], [27299.5273076923, 11565.771569230767], [27314.907323076917, 11581.151584615383], [27314.907323076917, 11611.911615384613], [27299.5273076923, 11627.291630769229], [27284.147292307687, 11642.671646153844], [27268.76727692307, 11658.05166153846], [27253.387261538453, 11673.431676923075], [27253.387261538453, 11704.191707692305], [27238.00724615384, 11719.57172307692], [27222.627230769223, 11734.951738461536], [27207.24721538461, 11750.331753846152], [27191.867199999993, 11765.711769230767], [27176.487184615376, 11781.091784615382], [27161.107169230763, 11796.471799999998], [27145.727153846146, 11811.851815384613], [27114.967123076916, 11811.851815384613], [27099.5871076923, 11827.23183076923], [27084.207092307686, 11842.611846153844], [27053.447061538456, 11842.611846153844], [27022.687030769222, 11842.611846153844], [27007.30701538461, 11857.99186153846], [26991.926999999992, 11873.371876923075]], [[26945.786953846145, 11673.431676923075], [26961.166969230762, 11658.05166153846], [26991.926999999992, 11658.05166153846], [27022.687030769222, 11658.05166153846], [27038.06704615384, 11642.671646153844], [27022.687030769222, 11627.291630769229], [27007.30701538461, 11611.911615384613], [26991.926999999992, 11596.531599999998], [26961.166969230762, 11596.531599999998], [26945.786953846145, 11581.151584615383], [26930.406938461532, 11565.771569230767], [26899.646907692302, 11565.771569230767], [26868.88687692307, 11565.771569230767], [26838.12684615384, 11565.771569230767], [26822.746830769225, 11550.391553846152], [26807.36681538461, 11535.011538461536], [26776.60678461538, 11535.011538461536], [26761.22676923076, 11519.631523076921], [26745.84675384615, 11504.251507692306], [26730.46673846153, 11488.87149230769], [26715.086723076914, 11473.491476923075], [26699.7067076923, 11488.87149230769], [26684.326692307684, 11504.251507692306], [26668.94667692307, 11519.631523076921], [26668.94667692307, 11550.391553846152], [26653.566661538454, 11565.771569230767], [26638.18664615384, 11581.151584615383], [26653.566661538454, 11596.531599999998], [26684.326692307684, 11596.531599999998], [26715.086723076914, 11596.531599999998], [26730.46673846153, 11611.911615384613], [26745.84675384615, 11627.291630769229], [26776.60678461538, 11627.291630769229], [26791.98679999999, 11642.671646153844], [26807.36681538461, 11658.05166153846], [26838.12684615384, 11658.05166153846], [26868.88687692307, 11658.05166153846], [26884.266892307685, 11673.431676923075], [26899.646907692302, 11688.81169230769], [26930.406938461532, 11688.81169230769], [26945.786953846145, 11673.431676923075]]]}, "properties": {"objectType": "annotation", "name": "R1_2_T|rim_18", "classification": {"name": "rim", "color": [201, 133, 0]}, "lesion_id": 18, "section": "R1_2_T", "area_um2": 48399.99999999999}}, {"type": "Feature", "geometry": {"type": "Polygon", "coordinates": [[[1953.2619538461533, 24208.144215384607], [1922.5019230769226, 24208.144215384607], [1891.7418923076918, 24208.144215384607], [1860.981861538461, 24208.144215384607], [1830.2218307692303, 24208.144215384607], [1799.4617999999996, 24208.144215384607], [1768.7017692307688, 24208.144215384607], [1753.3217538461533, 24192.764199999994], [1737.941738461538, 24177.384184615377], [1722.5617230769226, 24162.004169230764], [1707.1817076923073, 24146.624153846147], [1691.8016923076918, 24131.24413846153], [1691.8016923076918, 24100.4841076923], [1676.4216769230766, 24085.104092307687], [1661.041661538461, 24069.72407692307], [1661.041661538461, 24038.96404615384], [1645.6616461538458, 24023.584030769223], [1630.2816307692303, 24008.20401538461], [1630.2816307692303, 23977.44398461538], [1614.9016153846148, 23962.063969230763], [1599.5215999999996, 23946.683953846146], [1599.5215999999996, 23915.923923076916], [1599.5215999999996, 23885.163892307686], [1599.5215999999996, 23854.403861538456], [1584.141584615384, 23839.02384615384], [1568.7615692307688, 23823.643830769226], [1568.7615692307688, 23792.883799999992], [1568.7615692307688, 23762.123769230762], [1568.7615692307688, 23731.363738461532], [1568.7615692307688, 23700.603707692302], [1584.141584615384, 23685.223692307685], [1599.5215999999996, 23669.843676923072], [1599.5215999999996, 23639.08364615384], [1599.5215999999996, 23608.32361538461], [1614.9016153846148, 23592.943599999995], [1630.2816307692303, 23577.56358461538], [1630.2816307692303, 23546.803553846148], [1630.2816307692303, 23516.043523076918], [1630.2816307692303, 23485.283492307684], [1630.2816307692303, 23454.523461538454], [1630.2816307692303, 23423.763430769224], [1630.2816307692303, 23393.003399999994], [1614.9016153846148, 23377.623384615377], [1599.5215999999996, 23362.243369230764], [1599.5215999999996, 23331.483338461534], [1599.5215999999996, 23300.7233076923], [1599.5215999999996, 23269.96327692307], [1584.141584615384, 23254.583261538457], [1568.7615692307688, 23239.20324615384], [1568.7615692307688, 23208.44321538461], [1568.7615692307688, 23177.68318461538], [1568.7615692307688, 23146.923153846146], [1584.141584615384, 23131.543138461533], [1599.5215999999996, 23116.163123076916], [1599.5215999999996, 23085.403092307686], [1599.5215999999996, 23054.643061538456], [1599.5215999999996, 23023.883030769226], [1599.5215999999996, 22993.122999999992], [1614.9016153846148, 22977.74298461538], [1630.2816307692303, 22962.362969230762], [1630.2816307692303, 22931.602938461532], [1630.2816307692303, 22900.842907692302], [1645.6616461538458, 22885.462892307685], [1661.041661538461, 22870.082876923072], [1676.4216769230766, 22854.702861538455], [1691.8016923076918, 22839.32284615384], [1707.1817076923073, 22823.942830769225], [1722.5617230769226, 22808.56281538461], [1737.941738461538, 22793.182799999995], [1753.3217538461533, 22777.80278461538], [1768.7017692307688, 22762.422769230765], [1784.081784615384, 22747.042753846148], [1799.4617999999996, 22731.66273846153], [1814.8418153846148, 22716.282723076918], [1830.2218307692303, 22700.9027076923], [1860.981861538461, 22700.9027076923], [1891.7418923076918, 22700.9027076923], [1922.5019230769226, 22700.9027076923], [1953.2619538461533, 22700.9027076923], [1968.6419692307688, 22716.282723076918], [1984.021984615384, 22731.66273846153], [1999.4019999999996, 22747.042753846148], [2014.7820153846149, 22762.422769230765], [2030.1620307692303, 22777.80278461538], [2030.1620307692303, 22808.56281538461], [2045.5420461538456, 22823.942830769225], [2060.922061538461, 22839.32284615384], [2076.3020769230766, 22854.702861538455], [2091.6820923076916, 22870.082876923072], [2107.062107692307, 22885.462892307685], [2122.4421230769226, 22900.842907692302], [2137.822138461538, 22916.222923076915], [2168.5821692307686, 22916.222923076915], [2183.962184615384, 22931.602938461532], [2199.3421999999996, 22946.98295384615], [2230.10223076923, 22946.98295384615], [2260.862261538461, 22946.98295384615], [2276.242276923076, 22962.362969230762], [2291.6222923076916, 22977.74298461538], [2322.3823230769226, 22977.74298461538], [2353.142353846153, 22977.74298461538], [2368.5223692307686, 22993.122999999992], [2383.902384615384, 23008.50301538461], [2414.6624153846146, 23008.50301538461], [2430.04243076923, 23023.883030769226], [2445.4224461538456, 23039.26304615384], [2476.182476923076, 23039.26304615384], [2506.942507692307, 23039.26304615384], [2537.7025384615376, 23039.26304615384], [2568.4625692307686, 23039.26304615384], [2583.842584615384, 23054.643061538456], [2599.222599999999, 23070.02307692307], [2629.98263076923, 23070.02307692307], [2660.742661538461, 23070.02307692307], [2676.122676923076, 23085.403092307686], [2691.5026923076916, 23100.783107692303], [2706.882707692307, 23116.163123076916], [2722.2627230769226, 23131.543138461533], [2737.6427384615376, 23146.923153846146], [2753.022753846153, 23162.303169230763], [2768.4027692307686, 23177.68318461538], [2783.782784615384, 23193.063199999993], [2799.162799999999, 23208.44321538461], [2814.5428153846146, 23223.823230769223], [2829.92283076923, 23239.20324615384], [2845.3028461538456, 23254.583261538457], [2860.6828615384607, 23269.96327692307], [2876.062876923076, 23285.343292307687], [2891.4428923076916, 23300.7233076923], [2906.822907692307, 23316.103323076917], [2937.5829384615377, 23316.103323076917], [2968.3429692307686, 23316.103323076917], [2983.722984615384, 23331.483338461534], [2999.102999999999, 23346.863353846147], [3029.86303076923, 23346.863353846147], [3045.2430461538456, 23362.243369230764], [3060.6230615384607, 23377.623384615377], [3091.3830923076916, 23377.623384615377], [3122.143123076922, 23377.623384615377], [3137.5231384615377, 23393.003399999994], [3152.903153846153, 23408.38341538461], [3168.2831692307686, 23423.763430769224], [3183.6631846153837, 23439.14344615384], [3199.043199999999, 23454.523461538454], [3214.4232153846147, 23469.90347692307], [3229.80323076923, 23485.283492307684], [3245.183246153845, 23500.6635076923], [3260.5632615384607, 23516.043523076918], [3245.183246153845, 23531.42353846153], [3229.80323076923, 23546.803553846148], [3214.4232153846147, 23562.18356923076], [3199.043199999999, 23577.56358461538], [3183.6631846153837, 23592.943599999995], [3168.2831692307686, 23608.32361538461], [3152.903153846153, 23623.703630769225], [3137.5231384615377, 23639.08364615384], [3122.143123076922, 23654.463661538455], [3091.3830923076916, 23654.463661538455], [3076.003076923076, 23669.843676923072], [3060.6230615384607, 23685.223692307685], [3029.86303076923, 23685.223692307685], [3014.4830153846146, 23700.603707692302], [2999.102999999999, 23715.983723076915], [2968.3429692307686, 23715.983723076915], [2952.962953846153, 23731.363738461532], [2937.5829384615377, 23746.74375384615], [2906.822907692307, 23746.74375384615], [2891.4428923076916, 23762.123769230762], [2876.062876923076, 23777.50378461538], [2845.3028461538456, 23777.50378461538], [2829.92283076923, 23792.883799999992], [2814.5428153846146, 23808.26381538461], [2799.162799999999, 23823.643830769226], [2783.782784615384, 23839.02384615384], [2753.022753846153, 23839.02384615384], [2722.2627230769226, 23839.02384615384], [2706.882707692307, 23854.403861538456], [2691.5026923076916, 23869.78387692307], [2660.742661538461, 23869.78387692307], [2645.3626461538456, 23885.163892307686], [2629.98263076923, 23900.543907692303], [2614.6026153846146, 23915.923923076916], [2599.222599999999, 23931.303938461533], [2568.4625692307686, 23931.303938461533], [2537.7025384615376, 23931.303938461533], [2522.3225230769226, 23946.683953846146], [2506.942507692307, 23962.063969230763], [2476.182476923076, 23962.063969230763], [2445.4224461538456, 23962.063969230763], [2414.6624153846146, 23962.063969230763], [2399.2823999999996, 23977.44398461538], [2383.902384615384, 23992.823999999993], [2353.142353846153, 23992.823999999993], [2322.3823230769226, 23992.823999999993], [2291.6222923076916, 23992.823999999993], [2276.242276923076, 24008.20401538461], [2260.862261538461, 24023.584030769223], [2230.10223076923, 24023.584030769223], [2214.7222153846146, 24038.96404615384], [2199.3421999999996, 24054.344061538457], [2183.962184615384, 24069.72407692307], [2168.5821692307686, 24085.104092307687], [2153.202153846153, 24100.4841076923], [2137.822138461538, 24115.864123076917], [2122.4421230769226, 24131.24413846153], [2107.062107692307, 24146.624153846147], [2076.3020769230766, 24146.624153846147], [2060.922061538461, 24162.004169230764], [2045.5420461538456, 24177.384184615377], [2014.7820153846149, 24177.384184615377], [1984.021984615384, 24177.384184615377], [1968.6419692307688, 24192.764199999994], [1953.2619538461533, 24208.144215384607]]]}, "properties": {"objectType": "annotation", "name": "P3_1_T|lesion_19", "classification": {"name": "lesion", "color": [255, 0, 0]}, "lesion_id": 19, "section": "P3_1_T", "area_um2": 158349.99999999994}}, {"type": "Feature", "geometry": {"type": "Polygon", "coordinates": [[[1891.7418923076918, 24054.344061538457], [1860.981861538461, 24054.344061538457], [1845.6018461538456, 24038.96404615384], [1830.2218307692303, 24023.584030769223], [1814.8418153846148, 24008.20401538461], [1814.8418153846148, 23977.44398461538], [1799.4617999999996, 23962.063969230763], [1784.081784615384, 23946.683953846146], [1784.081784615384, 23915.923923076916], [1768.7017692307688, 23900.543907692303], [1753.3217538461533, 23885.163892307686], [1753.3217538461533, 23854.403861538456], [1753.3217538461533, 23823.643830769226], [1753.3217538461533, 23792.883799999992], [1737.941738461538, 23777.50378461538], [1722.5617230769226, 23762.123769230762], [1737.941738461538, 23746.74375384615], [1753.3217538461533, 23731.363738461532], [1753.3217538461533, 23700.603707692302], [1753.3217538461533, 23669.843676923072], [1768.7017692307688, 23654.463661538455], [1784.081784615384, 23639.08364615384], [1784.081784615384, 23608.32361538461], [1784.081784615384, 23577.56358461538], [1784.081784615384, 23546.803553846148], [1784.081784615384, 23516.043523076918], [1784.081784615384, 23485.283492307684], [1784.081784615384, 23454.523461538454], [1784.081784615384, 23423.763430769224], [1784.081784615384, 23393.003399999994], [1784.081784615384, 23362.243369230764], [1784.081784615384, 23331.483338461534], [1768.7017692307688, 23316.103323076917], [1753.3217538461533, 23300.7233076923], [1753.3217538461533, 23269.96327692307], [1753.3217538461533, 23239.20324615384], [1753.3217538461533, 23208.44321538461], [1753.3217538461533, 23177.68318461538], [1753.3217538461533, 23146.923153846146], [1753.3217538461533, 23116.163123076916], [1753.3217538461533, 23085.403092307686], [1753.3217538461533, 23054.643061538456], [1768.7017692307688, 23039.26304615384], [1784.081784615384, 23023.883030769226], [1784.081784615384, 22993.122999999992], [1799.4617999999996, 22977.74298461538], [1814.8418153846148, 22962.362969230762], [1830.2218307692303, 22946.98295384615], [1845.6018461538456, 22931.602938461532], [1860.981861538461, 22916.222923076915], [1876.3618769230764, 22900.842907692302], [1891.7418923076918, 22885.462892307685], [1907.121907692307, 22900.842907692302], [1907.121907692307, 22931.602938461532], [1922.5019230769226, 22946.98295384615], [1937.8819384615379, 22962.362969230762], [1953.2619538461533, 22977.74298461538], [1968.6419692307688, 22993.122999999992], [1984.021984615384, 23008.50301538461], [1999.4019999999996, 23023.883030769226], [2014.7820153846149, 23039.26304615384], [2045.5420461538456, 23039.26304615384], [2060.922061538461, 23054.643061538456], [2076.3020769230766, 23070.02307692307], [2107.062107692307, 23070.02307692307], [2122.4421230769226, 23085.403092307686], [2137.822138461538, 23100.783107692303], [2168.5821692307686, 23100.783107692303], [2199.3421999999996, 23100.783107692303], [2214.7222153846146, 23116.163123076916], [2230.10223076923, 23131.543138461533], [2260.862261538461, 23131.543138461533], [2291.6222923076916, 23131.543138461533], [2307.002307692307, 23146.923153846146], [2322.3823230769226, 23162.303169230763], [2353.142353846153, 23162.303169230763], [2368.5223692307686, 23177.68318461538], [2383.902384615384, 23193.063199999993], [2414.6624153846146, 23193.063199999993], [2445.4224461538456, 23193.063199999993], [2476.182476923076, 23193.063199999993], [2506.942507692307, 23193.063199999993], [2522.3225230769226, 23208.44321538461], [2537.7025384615376, 23223.823230769223], [2568.4625692307686, 23223.823230769223], [2583.842584615384, 23239.20324615384], [2599.222599999999, 23254.583261538457], [2614.6026153846146, 23269.96327692307], [2629.98263076923, 23285.343292307687], [2645.3626461538456, 23300.7233076923], [2660.742661538461, 23316.103323076917], [2676.122676923076, 23331.483338461534], [2691.5026923076916, 23346.863353846147], [2706.882707692307, 23362.243369230764], [2722.2627230769226, 23377.623384615377], [2737.6427384615376, 23393.003399999994], [2753.022753846153, 23408.38341538461], [2768.4027692307686, 23423.763430769224], [2783.782784615384, 23439.14344615384], [2814.5428153846146, 23439.14344615384], [2829.92283076923, 23454.523461538454], [2845.3028461538456, 23469.90347692307], [2876.062876923076, 23469.90347692307], [2906.822907692307, 23469.90347692307], [2922.202923076922, 23485.283492307684], [2937.5829384615377, 23500.6635076923], [2968.3429692307686, 23500.6635076923], [2983.722984615384, 23516.043523076918], [2968.3429692307686, 23531.42353846153], [2952.962953846153, 23546.803553846148], [2937.5829384615377, 23562.18356923076], [2906.822907692307, 23562.18356923076], [2891.4428923076916, 23577.56358461538], [2876.062876923076, 23592.943599999995], [2845.3028461538456, 23592.943599999995], [2829.92283076923, 23608.32361538461], [2814.5428153846146, 23623.703630769225], [2783.782784615384, 23623.703630769225], [2768.4027692307686, 23639.08364615384], [2753.022753846153, 23654.463661538455], [2722.2627230769226, 23654.463661538455], [2706.882707692307, 23669.843676923072], [2691.5026923076916, 23685.223692307685], [2660.742661538461, 23685.223692307685], [2645.3626461538456, 23700.603707692302], [2629.98263076923, 23715.983723076915], [2599.222599999999, 23715.983723076915], [2583.842584615384, 23731.363738461532], [2568.4625692307686, 23746.74375384615], [2537.7025384615376, 23746.74375384615], [2522.3225230769226, 23762.123769230762], [2506.942507692307, 23777.50378461538], [2476.182476923076, 23777.50378461538], [2460.802461538461, 23792.883799999992], [2445.4224461538456, 23808.26381538461], [2414.6624153846146, 23808.26381538461], [2383.902384615384, 23808.26381538461], [2353.142353846153, 23808.26381538461], [2337.762338461538, 23823.643830769226], [2322.3823230769226, 23839.02384615384], [2291.6222923076916, 23839.02384615384], [2260.862261538461, 23839.02384615384], [2230.10223076923, 23839.02384615384], [2214.7222153846146, 23854.403861538456], [2199.3421999999996, 23869.78387692307], [2168.5821692307686, 23869.78387692307], [2153.202153846153, 23885.163892307686], [2137.822138461538, 23900.543907692303], [2107.062107692307, 23900.543907692303], [2091.6820923076916, 23915.923923076916], [2076.3020769230766, 23931.303938461533], [2060.922061538461, 23946.683953846146], [2045.5420461538456, 23962.063969230763], [2030.1620307692303, 23977.44398461538], [2014.7820153846149, 23992.823999999993], [1999.4019999999996, 24008.20401538461], [1984.021984615384, 24023.584030769223], [1953.2619538461533, 24023.584030769223], [1922.5019230769226, 24023.584030769223], [1907.121907692307, 24038.96404615384], [1891.7418923076918, 24054.344061538457]]]}, "properties": {"objectType": "annotation", "name": "P3_1_T|core_19", "classification": {"name": "core", "color": [230, 103, 103]}, "lesion_id": 19, "section": "P3_1_T", "area_um2": 79250.00000000004}}, {"type": "Feature", "geometry": {"type": "Polygon", "coordinates": [[[1953.2619538461533, 24208.144215384607], [1922.5019230769226, 24208.144215384607], [1891.7418923076918, 24208.144215384607], [1860.981861538461, 24208.144215384607], [1830.2218307692303, 24208.144215384607], [1799.4617999999996, 24208.144215384607], [1768.7017692307688, 24208.144215384607], [1753.3217538461533, 24192.764199999994], [1737.941738461538, 24177.384184615377], [1722.5617230769226, 24162.004169230764], [1707.1817076923073, 24146.624153846147], [1691.8016923076918, 24131.24413846153], [1691.8016923076918, 24100.4841076923], [1676.4216769230766, 24085.104092307687], [1661.041661538461, 24069.72407692307], [1661.041661538461, 24038.96404615384], [1645.6616461538458, 24023.584030769223], [1630.2816307692303, 24008.20401538461], [1630.2816307692303, 23977.44398461538], [1614.9016153846148, 23962.063969230763], [1599.5215999999996, 23946.683953846146], [1599.5215999999996, 23915.923923076916], [1599.5215999999996, 23885.163892307686], [1599.5215999999996, 23854.403861538456], [1584.141584615384, 23839.02384615384], [1568.7615692307688, 23823.643830769226], [1568.7615692307688, 23792.883799999992], [1568.7615692307688, 23762.123769230762], [1568.7615692307688, 23731.363738461532], [1568.7615692307688, 23700.603707692302], [1584.141584615384, 23685.223692307685], [1599.5215999999996, 23669.843676923072], [1599.5215999999996, 23639.08364615384], [1599.5215999999996, 23608.32361538461], [1614.9016153846148, 23592.943599999995], [1630.2816307692303, 23577.56358461538], [1630.2816307692303, 23546.803553846148], [1630.2816307692303, 23516.043523076918], [1630.2816307692303, 23485.283492307684], [1630.2816307692303, 23454.523461538454], [1630.2816307692303, 23423.763430769224], [1630.2816307692303, 23393.003399999994], [1614.9016153846148, 23377.623384615377], [1599.5215999999996, 23362.243369230764], [1599.5215999999996, 23331.483338461534], [1599.5215999999996, 23300.7233076923], [1599.5215999999996, 23269.96327692307], [1584.141584615384, 23254.583261538457], [1568.7615692307688, 23239.20324615384], [1568.7615692307688, 23208.44321538461], [1568.7615692307688, 23177.68318461538], [1568.7615692307688, 23146.923153846146], [1584.141584615384, 23131.543138461533], [1599.5215999999996, 23116.163123076916], [1599.5215999999996, 23085.403092307686], [1599.5215999999996, 23054.643061538456], [1599.5215999999996, 23023.883030769226], [1599.5215999999996, 22993.122999999992], [1614.9016153846148, 22977.74298461538], [1630.2816307692303, 22962.362969230762], [1630.2816307692303, 22931.602938461532], [1630.2816307692303, 22900.842907692302], [1645.6616461538458, 22885.462892307685], [1661.041661538461, 22870.082876923072], [1676.4216769230766, 22854.702861538455], [1691.8016923076918, 22839.32284615384], [1707.1817076923073, 22823.942830769225], [1722.5617230769226, 22808.56281538461], [1737.941738461538, 22793.182799999995], [1753.3217538461533, 22777.80278461538], [1768.7017692307688, 22762.422769230765], [1784.081784615384, 22747.042753846148], [1799.4617999999996, 22731.66273846153], [1814.8418153846148, 22716.282723076918], [1830.2218307692303, 22700.9027076923], [1860.981861538461, 22700.9027076923], [1891.7418923076918, 22700.9027076923], [1922.5019230769226, 22700.9027076923], [1953.2619538461533, 22700.9027076923], [1968.6419692307688, 22716.282723076918], [1984.021984615384, 22731.66273846153], [1999.4019999999996, 22747.042753846148], [2014.7820153846149, 22762.422769230765], [2030.1620307692303, 22777.80278461538], [2030.1620307692303, 22808.56281538461], [2045.5420461538456, 22823.942830769225], [2060.922061538461, 22839.32284615384], [2076.3020769230766, 22854.702861538455], [2091.6820923076916, 22870.082876923072], [2107.062107692307, 22885.462892307685], [2122.4421230769226, 22900.842907692302], [2137.822138461538, 22916.222923076915], [2168.5821692307686, 22916.222923076915], [2183.962184615384, 22931.602938461532], [2199.3421999999996, 22946.98295384615], [2230.10223076923, 22946.98295384615], [2260.862261538461, 22946.98295384615], [2276.242276923076, 22962.362969230762], [2291.6222923076916, 22977.74298461538], [2322.3823230769226, 22977.74298461538], [2353.142353846153, 22977.74298461538], [2368.5223692307686, 22993.122999999992], [2383.902384615384, 23008.50301538461], [2414.6624153846146, 23008.50301538461], [2430.04243076923, 23023.883030769226], [2445.4224461538456, 23039.26304615384], [2476.182476923076, 23039.26304615384], [2506.942507692307, 23039.26304615384], [2537.7025384615376, 23039.26304615384], [2568.4625692307686, 23039.26304615384], [2583.842584615384, 23054.643061538456], [2599.222599999999, 23070.02307692307], [2629.98263076923, 23070.02307692307], [2660.742661538461, 23070.02307692307], [2676.122676923076, 23085.403092307686], [2691.5026923076916, 23100.783107692303], [2706.882707692307, 23116.163123076916], [2722.2627230769226, 23131.543138461533], [2737.6427384615376, 23146.923153846146], [2753.022753846153, 23162.303169230763], [2768.4027692307686, 23177.68318461538], [2783.782784615384, 23193.063199999993], [2799.162799999999, 23208.44321538461], [2814.5428153846146, 23223.823230769223], [2829.92283076923, 23239.20324615384], [2845.3028461538456, 23254.583261538457], [2860.6828615384607, 23269.96327692307], [2876.062876923076, 23285.343292307687], [2891.4428923076916, 23300.7233076923], [2906.822907692307, 23316.103323076917], [2937.5829384615377, 23316.103323076917], [2968.3429692307686, 23316.103323076917], [2983.722984615384, 23331.483338461534], [2999.102999999999, 23346.863353846147], [3029.86303076923, 23346.863353846147], [3045.2430461538456, 23362.243369230764], [3060.6230615384607, 23377.623384615377], [3091.3830923076916, 23377.623384615377], [3122.143123076922, 23377.623384615377], [3137.5231384615377, 23393.003399999994], [3152.903153846153, 23408.38341538461], [3168.2831692307686, 23423.763430769224], [3183.6631846153837, 23439.14344615384], [3199.043199999999, 23454.523461538454], [3214.4232153846147, 23469.90347692307], [3229.80323076923, 23485.283492307684], [3245.183246153845, 23500.6635076923], [3260.5632615384607, 23516.043523076918], [3245.183246153845, 23531.42353846153], [3229.80323076923, 23546.803553846148], [3214.4232153846147, 23562.18356923076], [3199.043199999999, 23577.56358461538], [3183.6631846153837, 23592.943599999995], [3168.2831692307686, 23608.32361538461], [3152.903153846153, 23623.703630769225], [3137.5231384615377, 23639.08364615384], [3122.143123076922, 23654.463661538455], [3091.3830923076916, 23654.463661538455], [3076.003076923076, 23669.843676923072], [3060.6230615384607, 23685.223692307685], [3029.86303076923, 23685.223692307685], [3014.4830153846146, 23700.603707692302], [2999.102999999999, 23715.983723076915], [2968.3429692307686, 23715.983723076915], [2952.962953846153, 23731.363738461532], [2937.5829384615377, 23746.74375384615], [2906.822907692307, 23746.74375384615], [2891.4428923076916, 23762.123769230762], [2876.062876923076, 23777.50378461538], [2845.3028461538456, 23777.50378461538], [2829.92283076923, 23792.883799999992], [2814.5428153846146, 23808.26381538461], [2799.162799999999, 23823.643830769226], [2783.782784615384, 23839.02384615384], [2753.022753846153, 23839.02384615384], [2722.2627230769226, 23839.02384615384], [2706.882707692307, 23854.403861538456], [2691.5026923076916, 23869.78387692307], [2660.742661538461, 23869.78387692307], [2645.3626461538456, 23885.163892307686], [2629.98263076923, 23900.543907692303], [2614.6026153846146, 23915.923923076916], [2599.222599999999, 23931.303938461533], [2568.4625692307686, 23931.303938461533], [2537.7025384615376, 23931.303938461533], [2522.3225230769226, 23946.683953846146], [2506.942507692307, 23962.063969230763], [2476.182476923076, 23962.063969230763], [2445.4224461538456, 23962.063969230763], [2414.6624153846146, 23962.063969230763], [2399.2823999999996, 23977.44398461538], [2383.902384615384, 23992.823999999993], [2353.142353846153, 23992.823999999993], [2322.3823230769226, 23992.823999999993], [2291.6222923076916, 23992.823999999993], [2276.242276923076, 24008.20401538461], [2260.862261538461, 24023.584030769223], [2230.10223076923, 24023.584030769223], [2214.7222153846146, 24038.96404615384], [2199.3421999999996, 24054.344061538457], [2183.962184615384, 24069.72407692307], [2168.5821692307686, 24085.104092307687], [2153.202153846153, 24100.4841076923], [2137.822138461538, 24115.864123076917], [2122.4421230769226, 24131.24413846153], [2107.062107692307, 24146.624153846147], [2076.3020769230766, 24146.624153846147], [2060.922061538461, 24162.004169230764], [2045.5420461538456, 24177.384184615377], [2014.7820153846149, 24177.384184615377], [1984.021984615384, 24177.384184615377], [1968.6419692307688, 24192.764199999994], [1953.2619538461533, 24208.144215384607]], [[1907.121907692307, 24038.96404615384], [1922.5019230769226, 24023.584030769223], [1953.2619538461533, 24023.584030769223], [1984.021984615384, 24023.584030769223], [1999.4019999999996, 24008.20401538461], [2014.7820153846149, 23992.823999999993], [2030.1620307692303, 23977.44398461538], [2045.5420461538456, 23962.063969230763], [2060.922061538461, 23946.683953846146], [2076.3020769230766, 23931.303938461533], [2091.6820923076916, 23915.923923076916], [2107.062107692307, 23900.543907692303], [2137.822138461538, 23900.543907692303], [2153.202153846153, 23885.163892307686], [2168.5821692307686, 23869.78387692307], [2199.3421999999996, 23869.78387692307], [2214.7222153846146, 23854.403861538456], [2230.10223076923, 23839.02384615384], [2260.862261538461, 23839.02384615384], [2291.6222923076916, 23839.02384615384], [2322.3823230769226, 23839.02384615384], [2337.762338461538, 23823.643830769226], [2353.142353846153, 23808.26381538461], [2383.902384615384, 23808.26381538461], [2414.6624153846146, 23808.26381538461], [2445.4224461538456, 23808.26381538461], [2460.802461538461, 23792.883799999992], [2476.182476923076, 23777.50378461538], [2506.942507692307, 23777.50378461538], [2522.3225230769226, 23762.123769230762], [2537.7025384615376, 23746.74375384615], [2568.4625692307686, 23746.74375384615], [2583.842584615384, 23731.363738461532], [2599.222599999999, 23715.983723076915], [2629.98263076923, 23715.983723076915], [2645.3626461538456, 23700.603707692302], [2660.742661538461, 23685.223692307685], [2691.5026923076916, 23685.223692307685], [2706.882707692307, 23669.843676923072], [2722.2627230769226, 23654.463661538455], [2753.022753846153, 23654.463661538455], [2768.4027692307686, 23639.08364615384], [2783.782784615384, 23623.703630769225], [2814.5428153846146, 23623.703630769225], [2829.92283076923, 23608.32361538461], [2845.3028461538456, 23592.943599999995], [2876.062876923076, 23592.943599999995], [2891.4428923076916, 23577.56358461538], [2906.822907692307, 23562.18356923076], [2937.5829384615377, 23562.18356923076], [2952.962953846153, 23546.803553846148], [2968.3429692307686, 23531.42353846153], [2983.722984615384, 23516.043523076918], [2968.3429692307686, 23500.6635076923], [2937.5829384615377, 23500.6635076923], [2922.202923076922, 23485.283492307684], [2906.822907692307, 23469.90347692307], [2876.062876923076, 23469.90347692307], [2845.3028461538456, 23469.90347692307], [2829.92283076923, 23454.523461538454], [2814.5428153846146, 23439.14344615384], [2783.782784615384, 23439.14344615384], [2768.4027692307686, 23423.763430769224], [2753.022753846153, 23408.38341538461], [2737.6427384615376, 23393.003399999994], [2722.2627230769226, 23377.623384615377], [2706.882707692307, 23362.243369230764], [2691.5026923076916, 23346.863353846147], [2676.122676923076, 23331.483338461534], [2660.742661538461, 23316.103323076917], [2645.3626461538456, 23300.7233076923], [2629.98263076923, 23285.343292307687], [2614.6026153846146, 23269.96327692307], [2599.222599999999, 23254.583261538457], [2583.842584615384, 23239.20324615384], [2568.4625692307686, 23223.823230769223], [2537.7025384615376, 23223.823230769223], [2522.3225230769226, 23208.44321538461], [2506.942507692307, 23193.063199999993], [2476.182476923076, 23193.063199999993], [2445.4224461538456, 23193.063199999993], [2414.6624153846146, 23193.063199999993], [2383.902384615384, 23193.063199999993], [2368.5223692307686, 23177.68318461538], [2353.142353846153, 23162.303169230763], [2322.3823230769226, 23162.303169230763], [2307.002307692307, 23146.923153846146], [2291.6222923076916, 23131.543138461533], [2260.862261538461, 23131.543138461533], [2230.10223076923, 23131.543138461533], [2214.7222153846146, 23116.163123076916], [2199.3421999999996, 23100.783107692303], [2168.5821692307686, 23100.783107692303], [2137.822138461538, 23100.783107692303], [2122.4421230769226, 23085.403092307686], [2107.062107692307, 23070.02307692307], [2076.3020769230766, 23070.02307692307], [2060.922061538461, 23054.643061538456], [2045.5420461538456, 23039.26304615384], [2014.7820153846149, 23039.26304615384], [1999.4019999999996, 23023.883030769226], [1984.021984615384, 23008.50301538461], [1968.6419692307688, 22993.122999999992], [1953.2619538461533, 22977.74298461538], [1937.8819384615379, 22962.362969230762], [1922.5019230769226, 22946.98295384615], [1907.121907692307, 22931.602938461532], [1907.121907692307, 22900.842907692302], [1891.7418923076918, 22885.462892307685], [1876.3618769230764, 22900.842907692302], [1860.981861538461, 22916.222923076915], [1845.6018461538456, 22931.602938461532], [1830.2218307692303, 22946.98295384615], [1814.8418153846148, 22962.362969230762], [1799.4617999999996, 22977.74298461538], [1784.081784615384, 22993.122999999992], [1784.081784615384, 23023.883030769226], [1768.7017692307688, 23039.26304615384], [1753.3217538461533, 23054.643061538456], [1753.3217538461533, 23085.403092307686], [1753.3217538461533, 23116.163123076916], [1753.3217538461533, 23146.923153846146], [1753.3217538461533, 23177.68318461538], [1753.3217538461533, 23208.44321538461], [1753.3217538461533, 23239.20324615384], [1753.3217538461533, 23269.96327692307], [1753.3217538461533, 23300.7233076923], [1768.7017692307688, 23316.103323076917], [1784.081784615384, 23331.483338461534], [1784.081784615384, 23362.243369230764], [1784.081784615384, 23393.003399999994], [1784.081784615384, 23423.763430769224], [1784.081784615384, 23454.523461538454], [1784.081784615384, 23485.283492307684], [1784.081784615384, 23516.043523076918], [1784.081784615384, 23546.803553846148], [1784.081784615384, 23577.56358461538], [1784.081784615384, 23608.32361538461], [1784.081784615384, 23639.08364615384], [1768.7017692307688, 23654.463661538455], [1753.3217538461533, 23669.843676923072], [1753.3217538461533, 23700.603707692302], [1753.3217538461533, 23731.363738461532], [1737.941738461538, 23746.74375384615], [1722.5617230769226, 23762.123769230762], [1737.941738461538, 23777.50378461538], [1753.3217538461533, 23792.883799999992], [1753.3217538461533, 23823.643830769226], [1753.3217538461533, 23854.403861538456], [1753.3217538461533, 23885.163892307686], [1768.7017692307688, 23900.543907692303], [1784.081784615384, 23915.923923076916], [1784.081784615384, 23946.683953846146], [1799.4617999999996, 23962.063969230763], [1814.8418153846148, 23977.44398461538], [1814.8418153846148, 24008.20401538461], [1830.2218307692303, 24023.584030769223], [1845.6018461538456, 24038.96404615384], [1860.981861538461, 24054.344061538457], [1891.7418923076918, 24054.344061538457], [1907.121907692307, 24038.96404615384]]]}, "properties": {"objectType": "annotation", "name": "P3_1_T|rim_19", "classification": {"name": "rim", "color": [201, 133, 0]}, "lesion_id": 19, "section": "P3_1_T", "area_um2": 79099.99999999984}}, {"type": "Feature", "geometry": {"type": "Polygon", "coordinates": [[[7705.387707692306, 23285.343292307687], [7674.627676923075, 23285.343292307687], [7643.867646153845, 23285.343292307687], [7628.487630769229, 23269.96327692307], [7613.107615384614, 23254.583261538457], [7582.347584615383, 23254.583261538457], [7566.967569230768, 23239.20324615384], [7551.587553846152, 23223.823230769223], [7536.207538461537, 23208.44321538461], [7520.827523076922, 23193.063199999993], [7505.447507692306, 23177.68318461538], [7490.067492307691, 23162.303169230763], [7474.687476923075, 23146.923153846146], [7459.30746153846, 23131.543138461533], [7443.927446153845, 23116.163123076916], [7459.30746153846, 23100.783107692303], [7474.687476923075, 23085.403092307686], [7490.067492307691, 23070.02307692307], [7505.447507692306, 23054.643061538456], [7520.827523076922, 23039.26304615384], [7536.207538461537, 23023.883030769226], [7551.587553846152, 23008.50301538461], [7566.967569230768, 22993.122999999992], [7582.347584615383, 22977.74298461538], [7597.727599999999, 22962.362969230762], [7613.107615384614, 22946.98295384615], [7643.867646153845, 22946.98295384615], [7674.627676923075, 22946.98295384615], [7690.007692307691, 22962.362969230762], [7705.387707692306, 22977.74298461538], [7736.147738461537, 22977.74298461538], [7751.527753846152, 22993.122999999992], [7766.907769230768, 23008.50301538461], [7782.287784615383, 23023.883030769226], [7797.667799999998, 23039.26304615384], [7813.047815384614, 23054.643061538456], [7828.427830769229, 23070.02307692307], [7843.807846153845, 23085.403092307686], [7859.18786153846, 23100.783107692303], [7874.567876923075, 23116.163123076916], [7859.18786153846, 23131.543138461533], [7843.807846153845, 23146.923153846146], [7828.427830769229, 23162.303169230763], [7813.047815384614, 23177.68318461538], [7797.667799999998, 23193.063199999993], [7782.287784615383, 23208.44321538461], [7766.907769230768, 23223.823230769223], [7751.527753846152, 23239.20324615384], [7736.147738461537, 23254.583261538457], [7720.767723076922, 23269.96327692307], [7705.387707692306, 23285.343292307687]]]}, "properties": {"objectType": "annotation", "name": "P3_1_T|lesion_20", "classification": {"name": "lesion", "color": [255, 0, 0]}, "lesion_id": 20, "section": "P3_1_T", "area_um2": 9150.000000000005}}, {"type": "Feature", "geometry": {"type": "Polygon", "coordinates": [[[7705.387707692306, 23285.343292307687], [7674.627676923075, 23285.343292307687], [7643.867646153845, 23285.343292307687], [7628.487630769229, 23269.96327692307], [7613.107615384614, 23254.583261538457], [7582.347584615383, 23254.583261538457], [7566.967569230768, 23239.20324615384], [7551.587553846152, 23223.823230769223], [7536.207538461537, 23208.44321538461], [7520.827523076922, 23193.063199999993], [7505.447507692306, 23177.68318461538], [7490.067492307691, 23162.303169230763], [7474.687476923075, 23146.923153846146], [7459.30746153846, 23131.543138461533], [7443.927446153845, 23116.163123076916], [7459.30746153846, 23100.783107692303], [7474.687476923075, 23085.403092307686], [7490.067492307691, 23070.02307692307], [7505.447507692306, 23054.643061538456], [7520.827523076922, 23039.26304615384], [7536.207538461537, 23023.883030769226], [7551.587553846152, 23008.50301538461], [7566.967569230768, 22993.122999999992], [7582.347584615383, 22977.74298461538], [7597.727599999999, 22962.362969230762], [7613.107615384614, 22946.98295384615], [7643.867646153845, 22946.98295384615], [7674.627676923075, 22946.98295384615], [7690.007692307691, 22962.362969230762], [7705.387707692306, 22977.74298461538], [7736.147738461537, 22977.74298461538], [7751.527753846152, 22993.122999999992], [7766.907769230768, 23008.50301538461], [7782.287784615383, 23023.883030769226], [7797.667799999998, 23039.26304615384], [7813.047815384614, 23054.643061538456], [7828.427830769229, 23070.02307692307], [7843.807846153845, 23085.403092307686], [7859.18786153846, 23100.783107692303], [7874.567876923075, 23116.163123076916], [7859.18786153846, 23131.543138461533], [7843.807846153845, 23146.923153846146], [7828.427830769229, 23162.303169230763], [7813.047815384614, 23177.68318461538], [7797.667799999998, 23193.063199999993], [7782.287784615383, 23208.44321538461], [7766.907769230768, 23223.823230769223], [7751.527753846152, 23239.20324615384], [7736.147738461537, 23254.583261538457], [7720.767723076922, 23269.96327692307], [7705.387707692306, 23285.343292307687]]]}, "properties": {"objectType": "annotation", "name": "P3_1_T|rim_20", "classification": {"name": "rim", "color": [201, 133, 0]}, "lesion_id": 20, "section": "P3_1_T", "area_um2": 9150.000000000005}}, {"type": "Feature", "geometry": {"type": "Polygon", "coordinates": [[[2076.3020769230766, 25038.66504615384], [2060.922061538461, 25023.285030769224], [2045.5420461538456, 25007.905015384607], [2030.1620307692303, 24992.524999999994], [2014.7820153846149, 24977.144984615377], [1999.4019999999996, 24961.764969230764], [1984.021984615384, 24946.384953846147], [1968.6419692307688, 24931.00493846153], [1968.6419692307688, 24900.2449076923], [1968.6419692307688, 24869.48487692307], [1953.2619538461533, 24854.104861538453], [1937.8819384615379, 24838.72484615384], [1937.8819384615379, 24807.96481538461], [1937.8819384615379, 24777.204784615376], [1953.2619538461533, 24761.824769230763], [1968.6419692307688, 24746.444753846146], [1984.021984615384, 24731.064738461533], [1999.4019999999996, 24715.684723076916], [2014.7820153846149, 24700.304707692303], [2030.1620307692303, 24684.924692307686], [2045.5420461538456, 24669.54467692307], [2076.3020769230766, 24669.54467692307], [2091.6820923076916, 24684.924692307686], [2107.062107692307, 24700.304707692303], [2122.4421230769226, 24684.924692307686], [2137.822138461538, 24669.54467692307], [2168.5821692307686, 24669.54467692307], [2183.962184615384, 24684.924692307686], [2199.3421999999996, 24700.304707692303], [2214.7222153846146, 24715.684723076916], [2230.10223076923, 24731.064738461533], [2245.4822461538456, 24746.444753846146], [2260.862261538461, 24761.824769230763], [2276.242276923076, 24777.204784615376], [2276.242276923076, 24807.96481538461], [2260.862261538461, 24823.344830769223], [2245.4822461538456, 24838.72484615384], [2245.4822461538456, 24869.48487692307], [2230.10223076923, 24884.864892307687], [2214.7222153846146, 24900.2449076923], [2214.7222153846146, 24931.00493846153], [2199.3421999999996, 24946.384953846147], [2183.962184615384, 24961.764969230764], [2168.5821692307686, 24977.144984615377], [2153.202153846153, 24992.524999999994], [2137.822138461538, 25007.905015384607], [2107.062107692307, 25007.905015384607], [2091.6820923076916, 25023.285030769224], [2076.3020769230766, 25038.66504615384]]]}, "properties": {"objectType": "annotation", "name": "P3_1_T|lesion_21", "classification": {"name": "lesion", "color": [255, 0, 0]}, "lesion_id": 21, "section": "P3_1_T", "area_um2": 8749.999999999995}}, {"type": "Feature", "geometry": {"type": "Polygon", "coordinates": [[[2076.3020769230766, 25038.66504615384], [2060.922061538461, 25023.285030769224], [2045.5420461538456, 25007.905015384607], [2030.1620307692303, 24992.524999999994], [2014.7820153846149, 24977.144984615377], [1999.4019999999996, 24961.764969230764], [1984.021984615384, 24946.384953846147], [1968.6419692307688, 24931.00493846153], [1968.6419692307688, 24900.2449076923], [1968.6419692307688, 24869.48487692307], [1953.2619538461533, 24854.104861538453], [1937.8819384615379, 24838.72484615384], [1937.8819384615379, 24807.96481538461], [1937.8819384615379, 24777.204784615376], [1953.2619538461533, 24761.824769230763], [1968.6419692307688, 24746.444753846146], [1984.021984615384, 24731.064738461533], [1999.4019999999996, 24715.684723076916], [2014.7820153846149, 24700.304707692303], [2030.1620307692303, 24684.924692307686], [2045.5420461538456, 24669.54467692307], [2076.3020769230766, 24669.54467692307], [2091.6820923076916, 24684.924692307686], [2107.062107692307, 24700.304707692303], [2122.4421230769226, 24684.924692307686], [2137.822138461538, 24669.54467692307], [2168.5821692307686, 24669.54467692307], [2183.962184615384, 24684.924692307686], [2199.3421999999996, 24700.304707692303], [2214.7222153846146, 24715.684723076916], [2230.10223076923, 24731.064738461533], [2245.4822461538456, 24746.444753846146], [2260.862261538461, 24761.824769230763], [2276.242276923076, 24777.204784615376], [2276.242276923076, 24807.96481538461], [2260.862261538461, 24823.344830769223], [2245.4822461538456, 24838.72484615384], [2245.4822461538456, 24869.48487692307], [2230.10223076923, 24884.864892307687], [2214.7222153846146, 24900.2449076923], [2214.7222153846146, 24931.00493846153], [2199.3421999999996, 24946.384953846147], [2183.962184615384, 24961.764969230764], [2168.5821692307686, 24977.144984615377], [2153.202153846153, 24992.524999999994], [2137.822138461538, 25007.905015384607], [2107.062107692307, 25007.905015384607], [2091.6820923076916, 25023.285030769224], [2076.3020769230766, 25038.66504615384]]]}, "properties": {"objectType": "annotation", "name": "P3_1_T|rim_21", "classification": {"name": "rim", "color": [201, 133, 0]}, "lesion_id": 21, "section": "P3_1_T", "area_um2": 8749.999999999995}}, {"type": "Feature", "geometry": {"type": "Polygon", "coordinates": [[[2506.942507692307, 25715.385723076917], [2491.5624923076916, 25700.0057076923], [2476.182476923076, 25684.625692307687], [2460.802461538461, 25669.24567692307], [2445.4224461538456, 25653.865661538453], [2430.04243076923, 25638.48564615384], [2414.6624153846146, 25623.105630769223], [2399.2823999999996, 25638.48564615384], [2383.902384615384, 25653.865661538453], [2368.5223692307686, 25638.48564615384], [2353.142353846153, 25623.105630769223], [2337.762338461538, 25607.72561538461], [2322.3823230769226, 25592.345599999993], [2307.002307692307, 25576.965584615376], [2307.002307692307, 25546.205553846146], [2291.6222923076916, 25530.825538461533], [2276.242276923076, 25515.445523076916], [2276.242276923076, 25484.685492307686], [2276.242276923076, 25453.925461538456], [2276.242276923076, 25423.165430769222], [2291.6222923076916, 25407.78541538461], [2307.002307692307, 25392.405399999992], [2322.3823230769226, 25377.02538461538], [2337.762338461538, 25361.645369230762], [2353.142353846153, 25346.26535384615], [2383.902384615384, 25346.26535384615], [2399.2823999999996, 25361.645369230762], [2414.6624153846146, 25377.02538461538], [2445.4224461538456, 25377.02538461538], [2476.182476923076, 25377.02538461538], [2506.942507692307, 25377.02538461538], [2537.7025384615376, 25377.02538461538], [2568.4625692307686, 25377.02538461538], [2599.222599999999, 25377.02538461538], [2614.6026153846146, 25392.405399999992], [2629.98263076923, 25407.78541538461], [2645.3626461538456, 25423.165430769222], [2660.742661538461, 25438.54544615384], [2676.122676923076, 25453.925461538456], [2676.122676923076, 25484.685492307686], [2691.5026923076916, 25500.0655076923], [2706.882707692307, 25515.445523076916], [2722.2627230769226, 25530.825538461533], [2737.6427384615376, 25546.205553846146], [2722.2627230769226, 25561.585569230763], [2706.882707692307, 25576.965584615376], [2691.5026923076916, 25592.345599999993], [2676.122676923076, 25607.72561538461], [2660.742661538461, 25623.105630769223], [2645.3626461538456, 25638.48564615384], [2629.98263076923, 25653.865661538453], [2599.222599999999, 25653.865661538453], [2568.4625692307686, 25653.865661538453], [2553.082553846153, 25669.24567692307], [2537.7025384615376, 25684.625692307687], [2522.3225230769226, 25700.0057076923], [2506.942507692307, 25715.385723076917]]]}, "properties": {"objectType": "annotation", "name": "P3_1_T|lesion_22", "classification": {"name": "lesion", "color": [255, 0, 0]}, "lesion_id": 22, "section": "P3_1_T", "area_um2": 11349.999999999967}}, {"type": "Feature", "geometry": {"type": "Polygon", "coordinates": [[[2506.942507692307, 25715.385723076917], [2491.5624923076916, 25700.0057076923], [2476.182476923076, 25684.625692307687], [2460.802461538461, 25669.24567692307], [2445.4224461538456, 25653.865661538453], [2430.04243076923, 25638.48564615384], [2414.6624153846146, 25623.105630769223], [2399.2823999999996, 25638.48564615384], [2383.902384615384, 25653.865661538453], [2368.5223692307686, 25638.48564615384], [2353.142353846153, 25623.105630769223], [2337.762338461538, 25607.72561538461], [2322.3823230769226, 25592.345599999993], [2307.002307692307, 25576.965584615376], [2307.002307692307, 25546.205553846146], [2291.6222923076916, 25530.825538461533], [2276.242276923076, 25515.445523076916], [2276.242276923076, 25484.685492307686], [2276.242276923076, 25453.925461538456], [2276.242276923076, 25423.165430769222], [2291.6222923076916, 25407.78541538461], [2307.002307692307, 25392.405399999992], [2322.3823230769226, 25377.02538461538], [2337.762338461538, 25361.645369230762], [2353.142353846153, 25346.26535384615], [2383.902384615384, 25346.26535384615], [2399.2823999999996, 25361.645369230762], [2414.6624153846146, 25377.02538461538], [2445.4224461538456, 25377.02538461538], [2476.182476923076, 25377.02538461538], [2506.942507692307, 25377.02538461538], [2537.7025384615376, 25377.02538461538], [2568.4625692307686, 25377.02538461538], [2599.222599999999, 25377.02538461538], [2614.6026153846146, 25392.405399999992], [2629.98263076923, 25407.78541538461], [2645.3626461538456, 25423.165430769222], [2660.742661538461, 25438.54544615384], [2676.122676923076, 25453.925461538456], [2676.122676923076, 25484.685492307686], [2691.5026923076916, 25500.0655076923], [2706.882707692307, 25515.445523076916], [2722.2627230769226, 25530.825538461533], [2737.6427384615376, 25546.205553846146], [2722.2627230769226, 25561.585569230763], [2706.882707692307, 25576.965584615376], [2691.5026923076916, 25592.345599999993], [2676.122676923076, 25607.72561538461], [2660.742661538461, 25623.105630769223], [2645.3626461538456, 25638.48564615384], [2629.98263076923, 25653.865661538453], [2599.222599999999, 25653.865661538453], [2568.4625692307686, 25653.865661538453], [2553.082553846153, 25669.24567692307], [2537.7025384615376, 25684.625692307687], [2522.3225230769226, 25700.0057076923], [2506.942507692307, 25715.385723076917]]]}, "properties": {"objectType": "annotation", "name": "P3_1_T|rim_22", "classification": {"name": "rim", "color": [201, 133, 0]}, "lesion_id": 22, "section": "P3_1_T", "area_um2": 11349.999999999967}}, {"type": "Feature", "geometry": {"type": "Polygon", "coordinates": [[[25023.285030769224, 11073.611076923075], [24992.524999999994, 11073.611076923075], [24961.764969230764, 11073.611076923075], [24931.00493846153, 11073.611076923075], [24900.2449076923, 11073.611076923075], [24869.48487692307, 11073.611076923075], [24838.72484615384, 11073.611076923075], [24807.96481538461, 11073.611076923075], [24777.204784615376, 11073.611076923075], [24761.824769230763, 11058.23106153846], [24761.824769230763, 11027.47103076923], [24761.824769230763, 10996.710999999998], [24746.444753846146, 10981.330984615382], [24731.064738461533, 10965.950969230767], [24731.064738461533, 10935.190938461537], [24715.684723076916, 10919.81092307692], [24700.304707692303, 10904.430907692305], [24684.924692307686, 10889.05089230769], [24654.164661538456, 10889.05089230769], [24638.78464615384, 10873.670876923075], [24623.404630769226, 10858.29086153846], [24592.644599999992, 10858.29086153846], [24577.26458461538, 10842.910846153844], [24561.884569230762, 10827.530830769228], [24546.50455384615, 10812.150815384613], [24531.124538461532, 10796.770799999998], [24515.744523076915, 10781.390784615383], [24500.364507692302, 10766.010769230767], [24484.984492307685, 10750.630753846151], [24469.604476923072, 10735.250738461536], [24454.224461538455, 10719.870723076921], [24438.84444615384, 10704.490707692306], [24423.464430769225, 10689.110692307691], [24423.464430769225, 10658.35066153846], [24408.08441538461, 10642.970646153844], [24392.704399999995, 10627.59063076923], [24392.704399999995, 10596.830599999998], [24377.32438461538, 10581.450584615382], [24361.94436923076, 10566.070569230767], [24377.32438461538, 10550.690553846152], [24392.704399999995, 10535.310538461537], [24392.704399999995, 10504.550507692305], [24392.704399999995, 10473.790476923075], [24377.32438461538, 10458.41046153846], [24361.94436923076, 10443.030446153844], [24361.94436923076, 10412.270415384613], [24361.94436923076, 10381.510384615383], [24361.94436923076, 10350.750353846151], [24361.94436923076, 10319.990323076921], [24346.564353846148, 10304.610307692306], [24331.18433846153, 10289.230292307691], [24331.18433846153, 10258.47026153846], [24331.18433846153, 10227.71023076923], [24331.18433846153, 10196.950199999997], [24331.18433846153, 10166.190169230767], [24331.18433846153, 10135.430138461537], [24346.564353846148, 10120.05012307692], [24361.94436923076, 10104.670107692305], [24361.94436923076, 10073.910076923075], [24361.94436923076, 10043.150046153845], [24361.94436923076, 10012.390015384613], [24377.32438461538, 9997.009999999998], [24392.704399999995, 9981.629984615383], [24392.704399999995, 9950.869953846151], [24392.704399999995, 9920.109923076921], [24408.08441538461, 9904.729907692306], [24423.464430769225, 9889.349892307691], [24423.464430769225, 9858.58986153846], [24438.84444615384, 9843.209846153844], [24454.224461538455, 9827.82983076923], [24454.224461538455, 9797.069799999997], [24469.604476923072, 9781.689784615382], [24484.984492307685, 9766.309769230767], [24500.364507692302, 9750.929753846152], [24515.744523076915, 9735.549738461537], [24515.744523076915, 9704.789707692305], [24515.744523076915, 9674.029676923075], [24531.124538461532, 9658.64966153846], [24546.50455384615, 9643.269646153845], [24546.50455384615, 9612.509615384613], [24561.884569230762, 9597.129599999998], [24577.26458461538, 9581.749584615383], [24577.26458461538, 9550.989553846151], [24577.26458461538, 9520.229523076921], [24577.26458461538, 9489.469492307691], [24592.644599999992, 9474.089476923074], [24608.02461538461, 9458.70946153846], [24608.02461538461, 9427.94943076923], [24608.02461538461, 9397.1894], [24608.02461538461, 9366.429369230767], [24623.404630769226, 9351.049353846152], [24638.78464615384, 9335.669338461537], [24638.78464615384, 9304.909307692305], [24638.78464615384, 9274.149276923075], [24654.164661538456, 9258.76926153846], [24669.54467692307, 9243.389246153845], [24669.54467692307, 9212.629215384613], [24669.54467692307, 9181.869184615383], [24669.54467692307, 9151.109153846151], [24684.924692307686, 9135.729138461536], [24700.304707692303, 9120.349123076921], [24700.304707692303, 9089.589092307691], [24700.304707692303, 9058.82906153846], [24715.684723076916, 9043.449046153844], [24731.064738461533, 9028.06903076923], [24731.064738461533, 8997.309], [24731.064738461533, 8966.548969230767], [24715.684723076916, 8951.168953846152], [24700.304707692303, 8935.788938461537], [24684.924692307686, 8920.408923076922], [24669.54467692307, 8905.028907692305], [24654.164661538456, 8889.64889230769], [24638.78464615384, 8874.268876923075], [24623.404630769226, 8858.88886153846], [24608.02461538461, 8843.508846153845], [24608.02461538461, 8812.748815384613], [24608.02461538461, 8781.988784615383], [24608.02461538461, 8751.228753846153], [24608.02461538461, 8720.468723076921], [24608.02461538461, 8689.708692307691], [24623.404630769226, 8674.328676923076], [24638.78464615384, 8658.94866153846], [24638.78464615384, 8628.18863076923], [24638.78464615384, 8597.4286], [24638.78464615384, 8566.668569230767], [24638.78464615384, 8535.908538461537], [24654.164661538456, 8520.528523076922], [24669.54467692307, 8505.148507692305], [24669.54467692307, 8474.388476923075], [24669.54467692307, 8443.628446153845], [24669.54467692307, 8412.868415384613], [24669.54467692307, 8382.108384615383], [24669.54467692307, 8351.348353846153], [24669.54467692307, 8320.588323076921], [24669.54467692307, 8289.828292307691], [24669.54467692307, 8259.06826153846], [24684.924692307686, 8243.688246153844], [24700.304707692303, 8228.30823076923], [24700.304707692303, 8197.5482], [24700.304707692303, 8166.788169230768], [24700.304707692303, 8136.028138461537], [24700.304707692303, 8105.268107692306], [24700.304707692303, 8074.508076923075], [24700.304707692303, 8043.748046153845], [24700.304707692303, 8012.988015384614], [24700.304707692303, 7982.227984615383], [24700.304707692303, 7951.467953846152], [24715.684723076916, 7936.087938461537], [24731.064738461533, 7920.707923076922], [24731.064738461533, 7889.947892307691], [24731.064738461533, 7859.18786153846], [24746.444753846146, 7843.807846153845], [24761.824769230763, 7828.427830769229], [24761.824769230763, 7797.667799999998], [24761.824769230763, 7766.907769230768], [24761.824769230763, 7736.147738461537], [24761.824769230763, 7705.387707692306], [24777.204784615376, 7690.007692307691], [24792.584799999993, 7674.627676923075], [24792.584799999993, 7643.867646153845], [24792.584799999993, 7613.107615384614], [24792.584799999993, 7582.347584615383], [24807.96481538461, 7566.967569230768], [24823.344830769223, 7551.587553846152], [24823.344830769223, 7520.827523076922], [24823.344830769223, 7490.067492307691], [24838.72484615384, 7474.687476923075], [24854.104861538453, 7459.30746153846], [24854.104861538453, 7428.547430769229], [24854.104861538453, 7397.787399999999], [24854.104861538453, 7367.027369230768], [24854.104861538453, 7336.267338461537], [24854.104861538453, 7305.507307692306], [24854.104861538453, 7274.747276923076], [24854.104861538453, 7243.987246153845], [24854.104861538453, 7213.227215384614], [24854.104861538453, 7182.467184615383], [24838.72484615384, 7167.087169230768], [24823.344830769223, 7151.707153846152], [24823.344830769223, 7120.947123076922], [24807.96481538461, 7105.567107692306], [24792.584799999993, 7090.187092307691], [24792.584799999993, 7059.42706153846], [24792.584799999993, 7028.667030769229], [24777.204784615376, 7013.287015384614], [24761.824769230763, 6997.906999999999], [24761.824769230763, 6967.146969230768], [24761.824769230763, 6936.386938461537], [24761.824769230763, 6905.626907692306], [24761.824769230763, 6874.866876923076], [24761.824769230763, 6844.106846153845], [24761.824769230763, 6813.346815384614], [24761.824769230763, 6782.586784615383], [24777.204784615376, 6767.206769230768], [24792.584799999993, 6751.826753846153], [24792.584799999993, 6721.066723076922], [24792.584799999993, 6690.306692307691], [24792.584799999993, 6659.54666153846], [24792.584799999993, 6628.78663076923], [24792.584799999993, 6598.026599999999], [24792.584799999993, 6567.266569230768], [24777.204784615376, 6551.886553846153], [24761.824769230763, 6536.506538461537], [24761.824769230763, 6505.746507692306], [24746.444753846146, 6490.366492307691], [24731.064738461533, 6474.986476923076], [24731.064738461533, 6444.226446153845], [24715.684723076916, 6428.84643076923], [24700.304707692303, 6413.466415384614], [24684.924692307686, 6398.086399999999], [24669.54467692307, 6382.706384615383], [24669.54467692307, 6351.946353846153], [24654.164661538456, 6336.566338461537], [24638.78464615384, 6321.186323076922], [24638.78464615384, 6290.426292307691], [24638.78464615384, 6259.66626153846], [24638.78464615384, 6228.90623076923], [24638.78464615384, 6198.146199999999], [24638.78464615384, 6167.386169230768], [24638.78464615384, 6136.626138461537], [24638.78464615384, 6105.866107692307], [24638.78464615384, 6075.106076923076], [24638.78464615384, 6044.346046153845], [24638.78464615384, 6013.586015384614], [24638.78464615384, 5982.825984615384], [24638.78464615384, 5952.065953846153], [24638.78464615384, 5921.305923076922], [24654.164661538456, 5905.925907692307], [24669.54467692307, 5890.545892307691], [24684.924692307686, 5875.165876923076], [24700.304707692303, 5859.78586153846], [24715.684723076916, 5844.405846153845], [24731.064738461533, 5829.02583076923], [24746.444753846146, 5813.645815384614], [24761.824769230763, 5798.265799999999], [24777.204784615376, 5782.885784615384], [24792.584799999993, 5767.505769230768], [24807.96481538461, 5752.125753846153], [24823.344830769223, 5736.745738461537], [24838.72484615384, 5721.365723076922], [24854.104861538453, 5705.985707692307], [24854.104861538453, 5675.225676923076], [24854.104861538453, 5644.465646153845], [24869.48487692307, 5629.08563076923], [24884.864892307687, 5613.705615384614], [24884.864892307687, 5582.945584615384], [24900.2449076923, 5567.565569230768], [24915.624923076917, 5552.185553846153], [24915.624923076917, 5521.425523076922], [24931.00493846153, 5506.045507692307], [24946.384953846147, 5490.665492307691], [24961.764969230764, 5475.285476923076], [24977.144984615377, 5459.905461538461], [24992.524999999994, 5444.525446153845], [25007.905015384607, 5429.14543076923], [25023.285030769224, 5413.765415384614], [25038.66504615384, 5398.385399999999], [25054.045061538454, 5383.005384615384], [25069.42507692307, 5367.625369230768], [25084.805092307684, 5352.245353846153], [25115.565123076918, 5352.245353846153], [25130.94513846153, 5336.865338461538], [25146.325153846148, 5321.485323076922], [25177.08518461538, 5321.485323076922], [25207.84521538461, 5321.485323076922], [25238.60524615384, 5321.485323076922], [25269.365276923072, 5321.485323076922], [25284.745292307685, 5306.105307692307], [25284.745292307685, 5275.345276923076], [25284.745292307685, 5244.585246153845], [25269.365276923072, 5229.20523076923], [25253.985261538455, 5213.825215384614], [25253.985261538455, 5183.065184615384], [25253.985261538455, 5152.305153846153], [25253.985261538455, 5121.545123076922], [25253.985261538455, 5090.785092307691], [25253.985261538455, 5060.025061538461], [25253.985261538455, 5029.26503076923], [25253.985261538455, 4998.504999999999], [25253.985261538455, 4967.744969230768], [25253.985261538455, 4936.984938461538], [25253.985261538455, 4906.224907692307], [25238.60524615384, 4890.844892307691], [25223.225230769225, 4875.464876923076], [25223.225230769225, 4844.704846153845], [25223.225230769225, 4813.944815384615], [25223.225230769225, 4783.184784615384], [25223.225230769225, 4752.424753846153], [25223.225230769225, 4721.664723076922], [25223.225230769225, 4690.904692307692], [25207.84521538461, 4675.524676923076], [25192.465199999995, 4660.144661538461], [25192.465199999995, 4629.38463076923], [25177.08518461538, 4614.004615384615], [25161.70516923076, 4598.624599999999], [25161.70516923076, 4567.864569230768], [25161.70516923076, 4537.104538461538], [25146.325153846148, 4521.724523076922], [25130.94513846153, 4506.344507692307], [25130.94513846153, 4475.584476923076], [25130.94513846153, 4444.824446153845], [25130.94513846153, 4414.064415384615], [25130.94513846153, 4383.304384615384], [25130.94513846153, 4352.544353846153], [25130.94513846153, 4321.784323076922], [25146.325153846148, 4306.404307692307], [25161.70516923076, 4291.024292307692], [25177.08518461538, 4275.644276923076], [25192.465199999995, 4260.264261538461], [25207.84521538461, 4244.884246153845], [25223.225230769225, 4229.50423076923], [25238.60524615384, 4214.124215384615], [25253.985261538455, 4198.744199999999], [25269.365276923072, 4183.364184615384], [25284.745292307685, 4167.984169230769], [25300.125307692302, 4152.604153846153], [25315.505323076915, 4137.224138461538], [25330.885338461532, 4121.844123076922], [25361.645369230762, 4121.844123076922], [25377.02538461538, 4106.464107692307], [25392.405399999992, 4091.0840923076917], [25407.78541538461, 4075.704076923076], [25423.165430769222, 4060.3240615384607], [25438.54544615384, 4044.944046153845], [25438.54544615384, 4014.1840153846147], [25453.925461538456, 3998.803999999999], [25469.30547692307, 3983.4239846153837], [25484.685492307686, 3968.043969230768], [25500.0655076923, 3952.663953846153], [25515.445523076916, 3937.2839384615377], [25530.825538461533, 3921.903923076922], [25546.205553846146, 3906.5239076923067], [25561.585569230763, 3891.143892307691], [25576.965584615376, 3875.763876923076], [25592.345599999993, 3860.3838615384607], [25607.72561538461, 3845.003846153845], [25623.105630769223, 3829.6238307692297], [25638.48564615384, 3814.2438153846147], [25653.865661538453, 3798.863799999999], [25669.24567692307, 3783.4837846153837], [25684.625692307687, 3768.103769230768], [25700.0057076923, 3752.723753846153], [25715.385723076917, 3737.3437384615377], [25730.76573846153, 3721.963723076922], [25761.525769230764, 3721.963723076922], [25776.905784615377, 3706.5837076923067], [25792.285799999994, 3691.2036923076917], [25823.045830769224, 3691.2036923076917], [25853.805861538454, 3691.2036923076917], [25869.18587692307, 3675.823676923076], [25884.565892307684, 3660.4436615384607], [25915.325923076918, 3660.4436615384607], [25946.08595384615, 3660.4436615384607], [25976.84598461538, 3660.4436615384607], [25992.225999999995, 3645.063646153845], [26007.60601538461, 3629.68363076923], [26038.36604615384, 3629.68363076923], [26069.12607692307, 3629.68363076923], [26099.886107692302, 3629.68363076923], [26115.266123076915, 3614.3036153846147], [26130.646138461532, 3598.923599999999], [26146.026153846145, 3583.5435846153837], [26161.406169230762, 3568.163569230768], [26192.166199999992, 3568.163569230768], [26222.926230769222, 3568.163569230768], [26238.30624615384, 3552.783553846153], [26253.686261538456, 3537.4035384615377], [26284.446292307686, 3537.4035384615377], [26315.206323076916, 3537.4035384615377], [26345.966353846146, 3537.4035384615377], [26376.726384615376, 3537.4035384615377], [26407.48641538461, 3537.4035384615377], [26422.866430769223, 3522.023523076922], [26438.24644615384, 3506.6435076923067], [26453.626461538453, 3491.2634923076916], [26469.00647692307, 3475.883476923076], [26484.386492307687, 3460.5034615384607], [26499.7665076923, 3445.123446153845], [26530.52653846153, 3445.123446153845], [26545.906553846147, 3429.74343076923], [26561.286569230764, 3414.3634153846147], [26576.666584615377, 3398.983399999999], [26592.046599999994, 3383.6033846153837], [26622.806630769224, 3383.6033846153837], [26638.18664615384, 3368.2233692307686], [26653.566661538454, 3352.843353846153], [26668.94667692307, 3337.4633384615377], [26684.326692307684, 3322.083323076922], [26715.086723076914, 3322.083323076922], [26730.46673846153, 3306.703307692307], [26745.84675384615, 3291.3232923076916], [26776.60678461538, 3291.3232923076916], [26807.36681538461, 3291.3232923076916], [26822.746830769225, 3275.943276923076], [26838.12684615384, 3260.5632615384607], [26868.88687692307, 3260.5632615384607], [26899.646907692302, 3260.5632615384607], [26930.406938461532, 3260.5632615384607], [26945.786953846145, 3245.183246153845], [26961.166969230762, 3229.80323076923], [26991.926999999992, 3229.80323076923], [27022.687030769222, 3229.80323076923], [27053.447061538456, 3229.80323076923], [27068.82707692307, 3214.4232153846147], [27084.207092307686, 3199.043199999999], [27114.967123076916, 3199.043199999999], [27145.727153846146, 3199.043199999999], [27176.487184615376, 3199.043199999999], [27207.24721538461, 3199.043199999999], [27238.00724615384, 3199.043199999999], [27268.76727692307, 3199.043199999999], [27299.5273076923, 3199.043199999999], [27330.28733846153, 3199.043199999999], [27361.04736923076, 3199.043199999999], [27391.807399999994, 3199.043199999999], [27422.567430769224, 3199.043199999999], [27453.327461538454, 3199.043199999999], [27484.087492307684, 3199.043199999999], [27514.847523076915, 3199.043199999999], [27545.60755384615, 3199.043199999999], [27576.36758461538, 3199.043199999999], [27591.74759999999, 3214.4232153846147], [27607.12761538461, 3229.80323076923], [27637.88764615384, 3229.80323076923], [27668.64767692307, 3229.80323076923], [27699.407707692302, 3229.80323076923], [27730.167738461532, 3229.80323076923], [27760.927769230762, 3229.80323076923], [27791.687799999992, 3229.80323076923], [27822.447830769222, 3229.80323076923], [27837.82784615384, 3245.183246153845], [27853.207861538456, 3260.5632615384607], [27883.967892307686, 3260.5632615384607], [27914.727923076916, 3260.5632615384607], [27945.487953846146, 3260.5632615384607], [27976.247984615376, 3260.5632615384607], [28007.008015384607, 3260.5632615384607], [28022.388030769223, 3275.943276923076], [28037.76804615384, 3291.3232923076916], [28068.52807692307, 3291.3232923076916], [28099.2881076923, 3291.3232923076916], [28114.668123076917, 3306.703307692307], [28130.04813846153, 3322.083323076922], [28160.80816923076, 3322.083323076922], [28176.188184615377, 3337.4633384615377], [28191.568199999994, 3352.843353846153], [28222.328230769224, 3352.843353846153], [28237.708246153838, 3368.2233692307686], [28253.088261538454, 3383.6033846153837], [28283.848292307684, 3383.6033846153837], [28314.608323076915, 3383.6033846153837], [28329.98833846153, 3398.983399999999], [28345.36835384615, 3414.3634153846147], [28376.12838461538, 3414.3634153846147], [28406.88841538461, 3414.3634153846147], [28437.64844615384, 3414.3634153846147], [28453.028461538455, 3429.74343076923], [28468.40847692307, 3445.123446153845], [28499.168507692302, 3445.123446153845], [28529.928538461532, 3445.123446153845], [28545.308553846146, 3460.5034615384607], [28560.688569230762, 3475.883476923076], [28591.448599999992, 3475.883476923076], [28622.208630769223, 3475.883476923076], [28652.968661538453, 3475.883476923076], [28668.34867692307, 3491.2634923076916], [28683.728692307686, 3506.6435076923067], [28714.488723076916, 3506.6435076923067], [28745.248753846146, 3506.6435076923067], [28776.008784615376, 3506.6435076923067], [28806.768815384607, 3506.6435076923067], [28822.148830769223, 3522.023523076922], [28837.52884615384, 3537.4035384615377], [28868.28887692307, 3537.4035384615377], [28899.0489076923, 3537.4035384615377], [28914.428923076917, 3552.783553846153], [28929.80893846153, 3568.163569230768], [28960.56896923076, 3568.163569230768], [28991.328999999994, 3568.163569230768], [29022.089030769224, 3568.163569230768], [29037.469046153838, 3583.5435846153837], [29052.849061538454, 3598.923599999999], [29083.609092307684, 3598.923599999999], [29098.9891076923, 3614.3036153846147], [29114.369123076915, 3629.68363076923], [29145.12915384615, 3629.68363076923], [29160.50916923076, 3645.063646153845], [29175.88918461538, 3660.4436615384607], [29206.64921538461, 3660.4436615384607], [29222.029230769225, 3675.823676923076], [29237.40924615384, 3691.2036923076917], [29268.16927692307, 3691.2036923076917], [29283.549292307685, 3706.5837076923067], [29298.9293076923, 3721.963723076922], [29314.309323076915, 3737.3437384615377], [29329.689338461532, 3752.723753846153], [29360.449369230762, 3752.723753846153], [29391.209399999992, 3752.723753846153], [29406.58941538461, 3768.103769230768], [29421.969430769223, 3783.4837846153837], [29437.34944615384, 3798.863799999999], [29452.729461538453, 3814.2438153846147], [29483.489492307686, 3814.2438153846147], [29498.8695076923, 3829.6238307692297], [29514.249523076916, 3845.003846153845], [29545.009553846146, 3845.003846153845], [29560.389569230763, 3860.3838615384607], [29575.769584615377, 3875.763876923076], [29591.149599999993, 3891.143892307691], [29606.529615384607, 3906.5239076923067], [29621.909630769223, 3921.903923076922], [29637.28964615384, 3937.2839384615377], [29668.04967692307, 3937.2839384615377], [29683.429692307684, 3952.663953846153], [29698.8097076923, 3968.043969230768], [29714.189723076917, 3983.4239846153837], [29729.56973846153, 3998.803999999999], [29744.949753846147, 4014.1840153846147], [29760.32976923076, 4029.5640307692297], [29791.089799999994, 4029.5640307692297], [29806.469815384608, 4044.944046153845], [29821.849830769224, 4060.3240615384607], [29837.229846153838, 4075.704076923076], [29852.609861538454, 4091.0840923076917], [29883.369892307684, 4091.0840923076917], [29898.7499076923, 4106.464107692307], [29914.129923076915, 4121.844123076922], [29929.50993846153, 4137.224138461538], [29944.889953846145, 4152.604153846153], [29960.26996923076, 4167.984169230769], [29975.64998461538, 4183.364184615384], [30006.41001538461, 4183.364184615384], [30021.79003076922, 4198.744199999999], [30037.17004615384, 4214.124215384615], [30067.93007692307, 4214.124215384615], [30083.310092307685, 4229.50423076923], [30098.6901076923, 4244.884246153845], [30114.070123076915, 4260.264261538461], [30129.450138461532, 4275.644276923076], [30144.830153846146, 4291.024292307692], [30160.210169230762, 4306.404307692307], [30175.590184615376, 4321.784323076922], [30190.970199999992, 4337.164338461538], [30206.35021538461, 4352.544353846153], [30221.730230769223, 4367.924369230769], [30237.11024615384, 4383.304384615384], [30252.490261538453, 4398.684399999999], [30283.250292307686, 4398.684399999999], [30298.6303076923, 4414.064415384615], [30314.010323076916, 4429.44443076923], [30329.39033846153, 4444.824446153845], [30344.770353846146, 4460.204461538461], [30375.530384615377, 4460.204461538461], [30390.910399999993, 4475.584476923076], [30406.290415384607, 4490.964492307692], [30421.670430769223, 4506.344507692307], [30437.05044615384, 4521.724523076922], [30452.430461538454, 4537.104538461538], [30467.81047692307, 4552.484553846153], [30483.190492307684, 4567.864569230768], [30498.5705076923, 4583.244584615384], [30513.950523076917, 4598.624599999999], [30529.33053846153, 4614.004615384615], [30544.710553846147, 4629.38463076923], [30560.09056923076, 4644.764646153845], [30575.470584615377, 4660.144661538461], [30575.470584615377, 4690.904692307692], [30575.470584615377, 4721.664723076922], [30575.470584615377, 4752.424753846153], [30575.470584615377, 4783.184784615384], [30575.470584615377, 4813.944815384615], [30575.470584615377, 4844.704846153845], [30560.09056923076, 4860.084861538461], [30544.710553846147, 4875.464876923076], [30544.710553846147, 4906.224907692307], [30544.710553846147, 4936.984938461538], [30529.33053846153, 4952.364953846153], [30513.950523076917, 4967.744969230768], [30513.950523076917, 4998.504999999999], [30498.5705076923, 5013.885015384615], [30483.190492307684, 5029.26503076923], [30467.81047692307, 5044.645046153845], [30452.430461538454, 5060.025061538461], [30437.05044615384, 5075.405076923076], [30421.670430769223, 5090.785092307691], [30406.290415384607, 5106.165107692307], [30390.910399999993, 5121.545123076922], [30375.530384615377, 5136.925138461538], [30360.150369230763, 5152.305153846153], [30360.150369230763, 5183.065184615384], [30344.770353846146, 5198.445199999999], [30329.39033846153, 5213.825215384614], [30314.010323076916, 5229.20523076923], [30298.6303076923, 5244.585246153845], [30283.250292307686, 5259.965261538461], [30267.87027692307, 5275.345276923076], [30252.490261538453, 5290.725292307691], [30237.11024615384, 5306.105307692307], [30221.730230769223, 5321.485323076922], [30206.35021538461, 5336.865338461538], [30190.970199999992, 5352.245353846153], [30175.590184615376, 5367.625369230768], [30160.210169230762, 5383.005384615384], [30144.830153846146, 5398.385399999999], [30129.450138461532, 5413.765415384614], [30114.070123076915, 5429.14543076923], [30098.6901076923, 5444.525446153845], [30083.310092307685, 5459.905461538461], [30067.93007692307, 5475.285476923076], [30052.550061538455, 5490.665492307691], [30037.17004615384, 5506.045507692307], [30006.41001538461, 5506.045507692307], [29991.02999999999, 5521.425523076922], [29975.64998461538, 5536.805538461537], [29944.889953846145, 5536.805538461537], [29914.129923076915, 5536.805538461537], [29898.7499076923, 5552.185553846153], [29883.369892307684, 5567.565569230768], [29852.609861538454, 5567.565569230768], [29821.849830769224, 5567.565569230768], [29806.469815384608, 5582.945584615384], [29791.089799999994, 5598.325599999999], [29760.32976923076, 5598.325599999999], [29729.56973846153, 5598.325599999999], [29714.189723076917, 5613.705615384614], [29698.8097076923, 5629.08563076923], [29668.04967692307, 5629.08563076923], [29637.28964615384, 5629.08563076923], [29606.529615384607, 5629.08563076923], [29575.769584615377, 5629.08563076923], [29545.009553846146, 5629.08563076923], [29514.249523076916, 5629.08563076923], [29483.489492307686, 5629.08563076923], [29452.729461538453, 5629.08563076923], [29421.969430769223, 5629.08563076923], [29391.209399999992, 5629.08563076923], [29360.449369230762, 5629.08563076923], [29345.069353846146, 5613.705615384614], [29329.689338461532, 5598.325599999999], [29298.9293076923, 5598.325599999999], [29268.16927692307, 5598.325599999999], [29237.40924615384, 5598.325599999999], [29206.64921538461, 5598.325599999999], [29175.88918461538, 5598.325599999999], [29145.12915384615, 5598.325599999999], [29114.369123076915, 5598.325599999999], [29083.609092307684, 5598.325599999999], [29052.849061538454, 5598.325599999999], [29022.089030769224, 5598.325599999999], [29006.709015384607, 5582.945584615384], [28991.328999999994, 5567.565569230768], [28960.56896923076, 5567.565569230768], [28929.80893846153, 5567.565569230768], [28914.428923076917, 5552.185553846153], [28899.0489076923, 5536.805538461537], [28868.28887692307, 5536.805538461537], [28852.908861538453, 5521.425523076922], [28837.52884615384, 5506.045507692307], [28822.148830769223, 5490.665492307691], [28806.768815384607, 5475.285476923076], [28791.388799999993, 5459.905461538461], [28776.008784615376, 5444.525446153845], [28760.628769230763, 5429.14543076923], [28745.248753846146, 5413.765415384614], [28729.86873846153, 5398.385399999999], [28714.488723076916, 5383.005384615384], [28699.1087076923, 5367.625369230768], [28683.728692307686, 5352.245353846153], [28668.34867692307, 5336.865338461538], [28652.968661538453, 5321.485323076922], [28637.58864615384, 5306.105307692307], [28622.208630769223, 5290.725292307691], [28606.82861538461, 5275.345276923076], [28591.448599999992, 5259.965261538461], [28576.06858461538, 5244.585246153845], [28560.688569230762, 5229.20523076923], [28545.308553846146, 5213.825215384614], [28545.308553846146, 5183.065184615384], [28529.928538461532, 5167.685169230768], [28514.548523076915, 5152.305153846153], [28514.548523076915, 5121.545123076922], [28514.548523076915, 5090.785092307691], [28499.168507692302, 5075.405076923076], [28483.788492307685, 5060.025061538461], [28483.788492307685, 5029.26503076923], [28483.788492307685, 4998.504999999999], [28483.788492307685, 4967.744969230768], [28483.788492307685, 4936.984938461538], [28483.788492307685, 4906.224907692307], [28468.40847692307, 4890.844892307691], [28453.028461538455, 4875.464876923076], [28453.028461538455, 4844.704846153845], [28453.028461538455, 4813.944815384615], [28453.028461538455, 4783.184784615384], [28437.64844615384, 4767.804769230768], [28422.268430769225, 4752.424753846153], [28406.88841538461, 4737.044738461538], [28391.50839999999, 4721.664723076922], [28376.12838461538, 4706.284707692307], [28360.74836923076, 4690.904692307692], [28345.36835384615, 4675.524676923076], [28329.98833846153, 4660.144661538461], [28314.608323076915, 4644.764646153845], [28299.2283076923, 4629.38463076923], [28283.848292307684, 4614.004615384615], [28268.46827692307, 4598.624599999999], [28268.46827692307, 4567.864569230768], [28253.088261538454, 4552.484553846153], [28237.708246153838, 4537.104538461538], [28237.708246153838, 4506.344507692307], [28222.328230769224, 4490.964492307692], [28191.568199999994, 4490.964492307692], [28160.80816923076, 4490.964492307692], [28145.428153846147, 4506.344507692307], [28130.04813846153, 4521.724523076922], [28099.2881076923, 4521.724523076922], [28068.52807692307, 4521.724523076922], [28053.148061538453, 4537.104538461538], [28037.76804615384, 4552.484553846153], [28007.008015384607, 4552.484553846153], [27976.247984615376, 4552.484553846153], [27945.487953846146, 4552.484553846153], [27914.727923076916, 4552.484553846153], [27883.967892307686, 4552.484553846153], [27853.207861538456, 4552.484553846153], [27822.447830769222, 4552.484553846153], [27791.687799999992, 4552.484553846153], [27760.927769230762, 4552.484553846153], [27730.167738461532, 4552.484553846153], [27699.407707692302, 4552.484553846153], [27684.027692307685, 4567.864569230768], [27668.64767692307, 4583.244584615384], [27653.267661538455, 4598.624599999999], [27637.88764615384, 4614.004615384615], [27622.507630769225, 4629.38463076923], [27607.12761538461, 4644.764646153845], [27591.74759999999, 4660.144661538461], [27576.36758461538, 4675.524676923076], [27560.98756923076, 4690.904692307692], [27545.60755384615, 4706.284707692307], [27530.22753846153, 4721.664723076922], [27514.847523076915, 4737.044738461538], [27499.4675076923, 4752.424753846153], [27484.087492307684, 4767.804769230768], [27453.327461538454, 4767.804769230768], [27437.947446153838, 4783.184784615384], [27422.567430769224, 4798.564799999999], [27391.807399999994, 4798.564799999999], [27361.04736923076, 4798.564799999999], [27345.667353846147, 4813.944815384615], [27330.28733846153, 4829.32483076923], [27299.5273076923, 4829.32483076923], [27268.76727692307, 4829.32483076923], [27238.00724615384, 4829.32483076923], [27207.24721538461, 4829.32483076923], [27176.487184615376, 4829.32483076923], [27145.727153846146, 4829.32483076923], [27114.967123076916, 4829.32483076923], [27084.207092307686, 4829.32483076923], [27053.447061538456, 4829.32483076923], [27022.687030769222, 4829.32483076923], [26991.926999999992, 4829.32483076923], [26976.54698461538, 4844.704846153845], [26976.54698461538, 4875.464876923076], [26976.54698461538, 4906.224907692307], [26976.54698461538, 4936.984938461538], [26976.54698461538, 4967.744969230768], [26976.54698461538, 4998.504999999999], [26976.54698461538, 5029.26503076923], [26976.54698461538, 5060.025061538461], [26976.54698461538, 5090.785092307691], [26976.54698461538, 5121.545123076922], [26976.54698461538, 5152.305153846153], [26976.54698461538, 5183.065184615384], [26961.166969230762, 5198.445199999999], [26945.786953846145, 5213.825215384614], [26945.786953846145, 5244.585246153845], [26945.786953846145, 5275.345276923076], [26930.406938461532, 5290.725292307691], [26915.026923076915, 5306.105307692307], [26915.026923076915, 5336.865338461538], [26899.646907692302, 5352.245353846153], [26884.266892307685, 5367.625369230768], [26884.266892307685, 5398.385399999999], [26884.266892307685, 5429.14543076923], [26868.88687692307, 5444.525446153845], [26853.506861538455, 5459.905461538461], [26853.506861538455, 5490.665492307691], [26838.12684615384, 5506.045507692307], [26822.746830769225, 5521.425523076922], [26807.36681538461, 5536.805538461537], [26791.98679999999, 5552.185553846153], [26776.60678461538, 5567.565569230768], [26761.22676923076, 5582.945584615384], [26745.84675384615, 5598.325599999999], [26730.46673846153, 5613.705615384614], [26715.086723076914, 5629.08563076923], [26699.7067076923, 5644.465646153845], [26699.7067076923, 5675.225676923076], [26715.086723076914, 5690.605692307691], [26730.46673846153, 5705.985707692307], [26730.46673846153, 5736.745738461537], [26745.84675384615, 5752.125753846153], [26761.22676923076, 5767.505769230768], [26761.22676923076, 5798.265799999999], [26761.22676923076, 5829.02583076923], [26776.60678461538, 5844.405846153845], [26791.98679999999, 5859.78586153846], [26791.98679999999, 5890.545892307691], [26791.98679999999, 5921.305923076922], [26791.98679999999, 5952.065953846153], [26791.98679999999, 5982.825984615384], [26791.98679999999, 6013.586015384614], [26791.98679999999, 6044.346046153845], [26791.98679999999, 6075.106076923076], [26791.98679999999, 6105.866107692307], [26791.98679999999, 6136.626138461537], [26791.98679999999, 6167.386169230768], [26791.98679999999, 6198.146199999999], [26791.98679999999, 6228.90623076923], [26791.98679999999, 6259.66626153846], [26791.98679999999, 6290.426292307691], [26776.60678461538, 6305.806307692307], [26761.22676923076, 6321.186323076922], [26761.22676923076, 6351.946353846153], [26761.22676923076, 6382.706384615383], [26745.84675384615, 6398.086399999999], [26730.46673846153, 6413.466415384614], [26730.46673846153, 6444.226446153845], [26715.086723076914, 6459.60646153846], [26699.7067076923, 6474.986476923076], [26715.086723076914, 6490.366492307691], [26730.46673846153, 6505.746507692306], [26745.84675384615, 6521.126523076922], [26776.60678461538, 6521.126523076922], [26807.36681538461, 6521.126523076922], [26822.746830769225, 6536.506538461537], [26838.12684615384, 6551.886553846153], [26868.88687692307, 6551.886553846153], [26884.266892307685, 6567.266569230768], [26899.646907692302, 6582.646584615383], [26915.026923076915, 6598.026599999999], [26930.406938461532, 6613.406615384614], [26945.786953846145, 6628.78663076923], [26961.166969230762, 6644.166646153845], [26976.54698461538, 6659.54666153846], [26991.926999999992, 6674.926676923076], [27007.30701538461, 6690.306692307691], [27022.687030769222, 6705.686707692306], [27038.06704615384, 6721.066723076922], [27053.447061538456, 6736.446738461537], [27068.82707692307, 6751.826753846153], [27084.207092307686, 6767.206769230768], [27099.5871076923, 6782.586784615383], [27114.967123076916, 6797.966799999999], [27130.347138461533, 6813.346815384614], [27145.727153846146, 6828.726830769229], [27161.107169230763, 6844.106846153845], [27161.107169230763, 6874.866876923076], [27176.487184615376, 6890.246892307691], [27191.867199999993, 6905.626907692306], [27191.867199999993, 6936.386938461537], [27191.867199999993, 6967.146969230768], [27207.24721538461, 6982.526984615383], [27222.627230769223, 6997.906999999999], [27222.627230769223, 7028.667030769229], [27222.627230769223, 7059.42706153846], [27222.627230769223, 7090.187092307691], [27222.627230769223, 7120.947123076922], [27222.627230769223, 7151.707153846152], [27222.627230769223, 7182.467184615383], [27222.627230769223, 7213.227215384614], [27222.627230769223, 7243.987246153845], [27222.627230769223, 7274.747276923076], [27222.627230769223, 7305.507307692306], [27207.24721538461, 7320.887323076922], [27191.867199999993, 7336.267338461537], [27191.867199999993, 7367.027369230768], [27191.867199999993, 7397.787399999999], [27176.487184615376, 7413.167415384614], [27161.107169230763, 7428.547430769229], [27161.107169230763, 7459.30746153846], [27145.727153846146, 7474.687476923075], [27130.347138461533, 7490.067492307691], [27114.967123076916, 7505.447507692306], [27099.5871076923, 7520.827523076922], [27084.207092307686, 7536.207538461537], [27068.82707692307, 7551.587553846152], [27068.82707692307, 7582.347584615383], [27068.82707692307, 7613.107615384614], [27068.82707692307, 7643.867646153845], [27068.82707692307, 7674.627676923075], [27068.82707692307, 7705.387707692306], [27068.82707692307, 7736.147738461537], [27068.82707692307, 7766.907769230768], [27068.82707692307, 7797.667799999998], [27053.447061538456, 7813.047815384614], [27038.06704615384, 7828.427830769229], [27038.06704615384, 7859.18786153846], [27038.06704615384, 7889.947892307691], [27022.687030769222, 7905.327907692306], [27007.30701538461, 7920.707923076922], [27007.30701538461, 7951.467953846152], [26991.926999999992, 7966.847969230768], [26976.54698461538, 7982.227984615383], [26976.54698461538, 8012.988015384614], [26961.166969230762, 8028.368030769229], [26945.786953846145, 8043.748046153845], [26930.406938461532, 8059.12806153846], [26915.026923076915, 8074.508076923075], [26899.646907692302, 8089.888092307691], [26884.266892307685, 8105.268107692306], [26868.88687692307, 8120.648123076921], [26853.506861538455, 8136.028138461537], [26838.12684615384, 8151.408153846152], [26822.746830769225, 8166.788169230768], [26807.36681538461, 8182.168184615382], [26791.98679999999, 8197.5482], [26776.60678461538, 8212.928215384614], [26761.22676923076, 8228.30823076923], [26745.84675384615, 8243.688246153844], [26730.46673846153, 8259.06826153846], [26715.086723076914, 8274.448276923076], [26699.7067076923, 8289.828292307691], [26684.326692307684, 8305.208307692306], [26653.566661538454, 8305.208307692306], [26638.18664615384, 8320.588323076921], [26622.806630769224, 8335.968338461536], [26592.046599999994, 8335.968338461536], [26561.286569230764, 8335.968338461536], [26545.906553846147, 8351.348353846153], [26530.52653846153, 8366.728369230768], [26499.7665076923, 8366.728369230768], [26469.00647692307, 8366.728369230768], [26438.24644615384, 8366.728369230768], [26407.48641538461, 8366.728369230768], [26392.106399999993, 8382.108384615383], [26392.106399999993, 8412.868415384613], [26392.106399999993, 8443.628446153845], [26376.726384615376, 8459.00846153846], [26361.346369230763, 8474.388476923075], [26361.346369230763, 8505.148507692305], [26345.966353846146, 8520.528523076922], [26330.586338461533, 8535.908538461537], [26315.206323076916, 8551.288553846152], [26299.8263076923, 8566.668569230767], [26284.446292307686, 8582.048584615382], [26269.06627692307, 8597.4286], [26253.686261538456, 8612.808615384614], [26238.30624615384, 8628.18863076923], [26222.926230769222, 8643.568646153844], [26207.54621538461, 8658.94866153846], [26192.166199999992, 8674.328676923076], [26176.78618461538, 8689.708692307691], [26161.406169230762, 8705.088707692306], [26146.026153846145, 8720.468723076921], [26130.646138461532, 8735.848738461536], [26115.266123076915, 8751.228753846153], [26099.886107692302, 8766.608769230768], [26084.506092307685, 8781.988784615383], [26069.12607692307, 8797.368799999998], [26053.746061538455, 8812.748815384613], [26038.36604615384, 8828.128830769228], [26022.986030769225, 8843.508846153845], [26007.60601538461, 8858.88886153846], [25976.84598461538, 8858.88886153846], [25961.46596923076, 8874.268876923075], [25946.08595384615, 8889.64889230769], [25915.325923076918, 8889.64889230769], [25884.565892307684, 8889.64889230769], [25869.18587692307, 8905.028907692305], [25853.805861538454, 8920.408923076922], [25823.045830769224, 8920.408923076922], [25792.285799999994, 8920.408923076922], [25776.905784615377, 8935.788938461537], [25761.525769230764, 8951.168953846152], [25746.145753846147, 8966.548969230767], [25730.76573846153, 8981.928984615382], [25715.385723076917, 8997.309], [25700.0057076923, 9012.689015384614], [25684.625692307687, 9028.06903076923], [25669.24567692307, 9043.449046153844], [25638.48564615384, 9043.449046153844], [25623.105630769223, 9058.82906153846], [25607.72561538461, 9074.209076923076], [25592.345599999993, 9089.589092307691], [25576.965584615376, 9104.969107692306], [25546.205553846146, 9104.969107692306], [25530.825538461533, 9120.349123076921], [25515.445523076916, 9135.729138461536], [25484.685492307686, 9135.729138461536], [25453.925461538456, 9135.729138461536], [25438.54544615384, 9151.109153846151], [25423.165430769222, 9166.489169230768], [25407.78541538461, 9181.869184615383], [25423.165430769222, 9197.249199999998], [25438.54544615384, 9212.629215384613], [25453.925461538456, 9228.009230769228], [25469.30547692307, 9243.389246153845], [25484.685492307686, 9258.76926153846], [25500.0655076923, 9274.149276923075], [25515.445523076916, 9289.52929230769], [25530.825538461533, 9304.909307692305], [25546.205553846146, 9320.289323076922], [25561.585569230763, 9335.669338461537], [25576.965584615376, 9351.049353846152], [25592.345599999993, 9366.429369230767], [25592.345599999993, 9397.1894], [25607.72561538461, 9412.569415384614], [25623.105630769223, 9427.94943076923], [25623.105630769223, 9458.70946153846], [25623.105630769223, 9489.469492307691], [25638.48564615384, 9504.849507692306], [25653.865661538453, 9520.229523076921], [25669.24567692307, 9535.609538461536], [25684.625692307687, 9550.989553846151], [25684.625692307687, 9581.749584615383], [25700.0057076923, 9597.129599999998], [25715.385723076917, 9612.509615384613], [25715.385723076917, 9643.269646153845], [25715.385723076917, 9674.029676923075], [25730.76573846153, 9689.40969230769], [25746.145753846147, 9704.789707692305], [25746.145753846147, 9735.549738461537], [25746.145753846147, 9766.309769230767], [25746.145753846147, 9797.069799999997], [25746.145753846147, 9827.82983076923], [25746.145753846147, 9858.58986153846], [25746.145753846147, 9889.349892307691], [25746.145753846147, 9920.109923076921], [25746.145753846147, 9950.869953846151], [25746.145753846147, 9981.629984615383], [25746.145753846147, 10012.390015384613], [25761.525769230764, 10027.770030769228], [25776.905784615377, 10043.150046153845], [25776.905784615377, 10073.910076923075], [25776.905784615377, 10104.670107692305], [25792.285799999994, 10120.05012307692], [25807.665815384607, 10135.430138461537], [25807.665815384607, 10166.190169230767], [25807.665815384607, 10196.950199999997], [25807.665815384607, 10227.71023076923], [25807.665815384607, 10258.47026153846], [25807.665815384607, 10289.230292307691], [25807.665815384607, 10319.990323076921], [25807.665815384607, 10350.750353846151], [25807.665815384607, 10381.510384615383], [25807.665815384607, 10412.270415384613], [25807.665815384607, 10443.030446153844], [25807.665815384607, 10473.790476923075], [25792.285799999994, 10489.17049230769], [25776.905784615377, 10504.550507692305], [25776.905784615377, 10535.310538461537], [25776.905784615377, 10566.070569230767], [25761.525769230764, 10581.450584615382], [25746.145753846147, 10596.830599999998], [25746.145753846147, 10627.59063076923], [25730.76573846153, 10642.970646153844], [25715.385723076917, 10658.35066153846], [25700.0057076923, 10673.730676923074], [25684.625692307687, 10689.110692307691], [25669.24567692307, 10704.490707692306], [25653.865661538453, 10719.870723076921], [25638.48564615384, 10735.250738461536], [25623.105630769223, 10750.630753846151], [25607.72561538461, 10766.010769230767], [25592.345599999993, 10781.390784615383], [25576.965584615376, 10796.770799999998], [25561.585569230763, 10812.150815384613], [25546.205553846146, 10827.530830769228], [25530.825538461533, 10842.910846153844], [25515.445523076916, 10858.29086153846], [25500.0655076923, 10873.670876923075], [25484.685492307686, 10889.05089230769], [25469.30547692307, 10904.430907692305], [25453.925461538456, 10919.81092307692], [25423.165430769222, 10919.81092307692], [25407.78541538461, 10935.190938461537], [25392.405399999992, 10950.570953846152], [25361.645369230762, 10950.570953846152], [25330.885338461532, 10950.570953846152], [25315.505323076915, 10965.950969230767], [25300.125307692302, 10981.330984615382], [25269.365276923072, 10981.330984615382], [25238.60524615384, 10981.330984615382], [25207.84521538461, 10981.330984615382], [25192.465199999995, 10996.710999999998], [25177.08518461538, 11012.091015384614], [25146.325153846148, 11012.091015384614], [25130.94513846153, 11027.47103076923], [25115.565123076918, 11042.851046153844], [25084.805092307684, 11042.851046153844], [25054.045061538454, 11042.851046153844], [25038.66504615384, 11058.23106153846], [25023.285030769224, 11073.611076923075]], [[25469.30547692307, 7274.747276923076], [25484.685492307686, 7259.36726153846], [25500.0655076923, 7243.987246153845], [25515.445523076916, 7228.607230769229], [25530.825538461533, 7213.227215384614], [25530.825538461533, 7182.467184615383], [25546.205553846146, 7167.087169230768], [25561.585569230763, 7151.707153846152], [25576.965584615376, 7136.327138461537], [25592.345599999993, 7120.947123076922], [25607.72561538461, 7105.567107692306], [25638.48564615384, 7105.567107692306], [25669.24567692307, 7105.567107692306], [25684.625692307687, 7090.187092307691], [25700.0057076923, 7074.807076923076], [25715.385723076917, 7059.42706153846], [25730.76573846153, 7044.047046153845], [25746.145753846147, 7028.667030769229], [25761.525769230764, 7013.287015384614], [25776.905784615377, 6997.906999999999], [25761.525769230764, 6982.526984615383], [25746.145753846147, 6967.146969230768], [25730.76573846153, 6951.766953846153], [25715.385723076917, 6936.386938461537], [25700.0057076923, 6921.006923076922], [25684.625692307687, 6905.626907692306], [25669.24567692307, 6890.246892307691], [25638.48564615384, 6890.246892307691], [25623.105630769223, 6874.866876923076], [25607.72561538461, 6859.48686153846], [25592.345599999993, 6844.106846153845], [25576.965584615376, 6828.726830769229], [25561.585569230763, 6813.346815384614], [25546.205553846146, 6797.966799999999], [25530.825538461533, 6782.586784615383], [25515.445523076916, 6767.206769230768], [25500.0655076923, 6751.826753846153], [25484.685492307686, 6736.446738461537], [25469.30547692307, 6721.066723076922], [25484.685492307686, 6705.686707692306], [25500.0655076923, 6690.306692307691], [25500.0655076923, 6659.54666153846], [25515.445523076916, 6644.166646153845], [25530.825538461533, 6628.78663076923], [25546.205553846146, 6613.406615384614], [25561.585569230763, 6598.026599999999], [25576.965584615376, 6582.646584615383], [25592.345599999993, 6567.266569230768], [25607.72561538461, 6551.886553846153], [25623.105630769223, 6536.506538461537], [25638.48564615384, 6521.126523076922], [25669.24567692307, 6521.126523076922], [25684.625692307687, 6505.746507692306], [25700.0057076923, 6490.366492307691], [25730.76573846153, 6490.366492307691], [25746.145753846147, 6474.986476923076], [25761.525769230764, 6459.60646153846], [25792.285799999994, 6459.60646153846], [25807.665815384607, 6444.226446153845], [25823.045830769224, 6428.84643076923], [25838.42584615384, 6413.466415384614], [25853.805861538454, 6398.086399999999], [25884.565892307684, 6398.086399999999], [25899.9459076923, 6382.706384615383], [25915.325923076918, 6367.326369230768], [25930.70593846153, 6351.946353846153], [25946.08595384615, 6336.566338461537], [25961.46596923076, 6321.186323076922], [25976.84598461538, 6305.806307692307], [25992.225999999995, 6290.426292307691], [26007.60601538461, 6275.046276923076], [26038.36604615384, 6275.046276923076], [26069.12607692307, 6275.046276923076], [26084.506092307685, 6259.66626153846], [26099.886107692302, 6244.286246153845], [26115.266123076915, 6228.90623076923], [26130.646138461532, 6213.526215384614], [26146.026153846145, 6198.146199999999], [26161.406169230762, 6182.766184615383], [26176.78618461538, 6167.386169230768], [26192.166199999992, 6152.006153846153], [26207.54621538461, 6136.626138461537], [26207.54621538461, 6105.866107692307], [26207.54621538461, 6075.106076923076], [26207.54621538461, 6044.346046153845], [26207.54621538461, 6013.586015384614], [26192.166199999992, 5998.205999999999], [26176.78618461538, 5982.825984615384], [26161.406169230762, 5967.445969230768], [26146.026153846145, 5952.065953846153], [26130.646138461532, 5936.685938461537], [26115.266123076915, 5921.305923076922], [26099.886107692302, 5905.925907692307], [26084.506092307685, 5890.545892307691], [26069.12607692307, 5875.165876923076], [26038.36604615384, 5875.165876923076], [26022.986030769225, 5859.78586153846], [26007.60601538461, 5844.405846153845], [25992.225999999995, 5829.02583076923], [25976.84598461538, 5813.645815384614], [25946.08595384615, 5813.645815384614], [25930.70593846153, 5798.265799999999], [25915.325923076918, 5782.885784615384], [25899.9459076923, 5767.505769230768], [25884.565892307684, 5752.125753846153], [25869.18587692307, 5736.745738461537], [25853.805861538454, 5721.365723076922], [25838.42584615384, 5705.985707692307], [25838.42584615384, 5675.225676923076], [25838.42584615384, 5644.465646153845], [25823.045830769224, 5629.08563076923], [25807.665815384607, 5613.705615384614], [25807.665815384607, 5582.945584615384], [25807.665815384607, 5552.185553846153], [25823.045830769224, 5536.805538461537], [25838.42584615384, 5521.425523076922], [25853.805861538454, 5506.045507692307], [25869.18587692307, 5490.665492307691], [25884.565892307684, 5475.285476923076], [25899.9459076923, 5459.905461538461], [25884.565892307684, 5444.525446153845], [25869.18587692307, 5429.14543076923], [25884.565892307684, 5413.765415384614], [25899.9459076923, 5398.385399999999], [25915.325923076918, 5383.005384615384], [25930.70593846153, 5367.625369230768], [25946.08595384615, 5352.245353846153], [25961.46596923076, 5336.865338461538], [25976.84598461538, 5321.485323076922], [26007.60601538461, 5321.485323076922], [26022.986030769225, 5306.105307692307], [26038.36604615384, 5290.725292307691], [26053.746061538455, 5275.345276923076], [26069.12607692307, 5259.965261538461], [26084.506092307685, 5275.345276923076], [26099.886107692302, 5290.725292307691], [26130.646138461532, 5290.725292307691], [26161.406169230762, 5290.725292307691], [26176.78618461538, 5275.345276923076], [26192.166199999992, 5259.965261538461], [26222.926230769222, 5259.965261538461], [26253.686261538456, 5259.965261538461], [26269.06627692307, 5244.585246153845], [26284.446292307686, 5229.20523076923], [26299.8263076923, 5213.825215384614], [26315.206323076916, 5198.445199999999], [26330.586338461533, 5183.065184615384], [26330.586338461533, 5152.305153846153], [26330.586338461533, 5121.545123076922], [26345.966353846146, 5106.165107692307], [26361.346369230763, 5090.785092307691], [26361.346369230763, 5060.025061538461], [26376.726384615376, 5044.645046153845], [26392.106399999993, 5029.26503076923], [26376.726384615376, 5013.885015384615], [26361.346369230763, 4998.504999999999], [26361.346369230763, 4967.744969230768], [26376.726384615376, 4952.364953846153], [26392.106399999993, 4936.984938461538], [26376.726384615376, 4921.604923076922], [26361.346369230763, 4906.224907692307], [26361.346369230763, 4875.464876923076], [26361.346369230763, 4844.704846153845], [26345.966353846146, 4829.32483076923], [26330.586338461533, 4813.944815384615], [26330.586338461533, 4783.184784615384], [26330.586338461533, 4752.424753846153], [26315.206323076916, 4737.044738461538], [26299.8263076923, 4721.664723076922], [26315.206323076916, 4706.284707692307], [26330.586338461533, 4690.904692307692], [26330.586338461533, 4660.144661538461], [26345.966353846146, 4644.764646153845], [26361.346369230763, 4629.38463076923], [26361.346369230763, 4598.624599999999], [26376.726384615376, 4583.244584615384], [26392.106399999993, 4567.864569230768], [26392.106399999993, 4537.104538461538], [26407.48641538461, 4521.724523076922], [26422.866430769223, 4506.344507692307], [26422.866430769223, 4475.584476923076], [26438.24644615384, 4460.204461538461], [26453.626461538453, 4444.824446153845], [26453.626461538453, 4414.064415384615], [26453.626461538453, 4383.304384615384], [26438.24644615384, 4367.924369230769], [26422.866430769223, 4352.544353846153], [26407.48641538461, 4337.164338461538], [26392.106399999993, 4321.784323076922], [26376.726384615376, 4306.404307692307], [26345.966353846146, 4306.404307692307], [26330.586338461533, 4291.024292307692], [26315.206323076916, 4275.644276923076], [26299.8263076923, 4260.264261538461], [26284.446292307686, 4244.884246153845], [26253.686261538456, 4244.884246153845], [26222.926230769222, 4244.884246153845], [26192.166199999992, 4244.884246153845], [26176.78618461538, 4229.50423076923], [26161.406169230762, 4214.124215384615], [26146.026153846145, 4229.50423076923], [26130.646138461532, 4244.884246153845], [26099.886107692302, 4244.884246153845], [26069.12607692307, 4244.884246153845], [26038.36604615384, 4244.884246153845], [26022.986030769225, 4260.264261538461], [26007.60601538461, 4275.644276923076], [25992.225999999995, 4291.024292307692], [25976.84598461538, 4306.404307692307], [25961.46596923076, 4321.784323076922], [25976.84598461538, 4337.164338461538], [25992.225999999995, 4352.544353846153], [25992.225999999995, 4383.304384615384], [25976.84598461538, 4398.684399999999], [25961.46596923076, 4414.064415384615], [25946.08595384615, 4429.44443076923], [25930.70593846153, 4444.824446153845], [25915.325923076918, 4460.204461538461], [25899.9459076923, 4475.584476923076], [25884.565892307684, 4490.964492307692], [25853.805861538454, 4490.964492307692], [25838.42584615384, 4506.344507692307], [25823.045830769224, 4521.724523076922], [25807.665815384607, 4537.104538461538], [25792.285799999994, 4552.484553846153], [25776.905784615377, 4567.864569230768], [25761.525769230764, 4583.244584615384], [25746.145753846147, 4598.624599999999], [25730.76573846153, 4614.004615384615], [25715.385723076917, 4629.38463076923], [25700.0057076923, 4644.764646153845], [25669.24567692307, 4644.764646153845], [25638.48564615384, 4644.764646153845], [25623.105630769223, 4660.144661538461], [25607.72561538461, 4675.524676923076], [25592.345599999993, 4690.904692307692], [25576.965584615376, 4706.284707692307], [25561.585569230763, 4721.664723076922], [25546.205553846146, 4737.044738461538], [25530.825538461533, 4752.424753846153], [25530.825538461533, 4783.184784615384], [25530.825538461533, 4813.944815384615], [25530.825538461533, 4844.704846153845], [25546.205553846146, 4860.084861538461], [25561.585569230763, 4875.464876923076], [25561.585569230763, 4906.224907692307], [25561.585569230763, 4936.984938461538], [25561.585569230763, 4967.744969230768], [25576.965584615376, 4983.124984615384], [25592.345599999993, 4998.504999999999], [25592.345599999993, 5029.26503076923], [25592.345599999993, 5060.025061538461], [25592.345599999993, 5090.785092307691], [25592.345599999993, 5121.545123076922], [25592.345599999993, 5152.305153846153], [25592.345599999993, 5183.065184615384], [25576.965584615376, 5198.445199999999], [25561.585569230763, 5213.825215384614], [25561.585569230763, 5244.585246153845], [25561.585569230763, 5275.345276923076], [25561.585569230763, 5306.105307692307], [25561.585569230763, 5336.865338461538], [25561.585569230763, 5367.625369230768], [25576.965584615376, 5383.005384615384], [25592.345599999993, 5398.385399999999], [25592.345599999993, 5429.14543076923], [25592.345599999993, 5459.905461538461], [25592.345599999993, 5490.665492307691], [25592.345599999993, 5521.425523076922], [25592.345599999993, 5552.185553846153], [25592.345599999993, 5582.945584615384], [25607.72561538461, 5598.325599999999], [25623.105630769223, 5613.705615384614], [25623.105630769223, 5644.465646153845], [25623.105630769223, 5675.225676923076], [25607.72561538461, 5690.605692307691], [25592.345599999993, 5705.985707692307], [25576.965584615376, 5721.365723076922], [25561.585569230763, 5736.745738461537], [25546.205553846146, 5752.125753846153], [25515.445523076916, 5752.125753846153], [25484.685492307686, 5752.125753846153], [25453.925461538456, 5752.125753846153], [25423.165430769222, 5752.125753846153], [25407.78541538461, 5736.745738461537], [25392.405399999992, 5721.365723076922], [25377.02538461538, 5736.745738461537], [25361.645369230762, 5752.125753846153], [25346.26535384615, 5736.745738461537], [25330.885338461532, 5721.365723076922], [25300.125307692302, 5721.365723076922], [25284.745292307685, 5705.985707692307], [25269.365276923072, 5690.605692307691], [25253.985261538455, 5705.985707692307], [25238.60524615384, 5721.365723076922], [25223.225230769225, 5736.745738461537], [25207.84521538461, 5752.125753846153], [25192.465199999995, 5767.505769230768], [25177.08518461538, 5782.885784615384], [25161.70516923076, 5798.265799999999], [25146.325153846148, 5813.645815384614], [25130.94513846153, 5829.02583076923], [25115.565123076918, 5844.405846153845], [25100.1851076923, 5859.78586153846], [25084.805092307684, 5875.165876923076], [25069.42507692307, 5890.545892307691], [25069.42507692307, 5921.305923076922], [25069.42507692307, 5952.065953846153], [25054.045061538454, 5967.445969230768], [25038.66504615384, 5982.825984615384], [25038.66504615384, 6013.586015384614], [25038.66504615384, 6044.346046153845], [25038.66504615384, 6075.106076923076], [25023.285030769224, 6090.486092307691], [25007.905015384607, 6105.866107692307], [25007.905015384607, 6136.626138461537], [24992.524999999994, 6152.006153846153], [24977.144984615377, 6167.386169230768], [24961.764969230764, 6182.766184615383], [24946.384953846147, 6198.146199999999], [24946.384953846147, 6228.90623076923], [24946.384953846147, 6259.66626153846], [24961.764969230764, 6275.046276923076], [24977.144984615377, 6290.426292307691], [24977.144984615377, 6321.186323076922], [24992.524999999994, 6336.566338461537], [25007.905015384607, 6351.946353846153], [25007.905015384607, 6382.706384615383], [25007.905015384607, 6413.466415384614], [25023.285030769224, 6428.84643076923], [25038.66504615384, 6444.226446153845], [25038.66504615384, 6474.986476923076], [25054.045061538454, 6490.366492307691], [25069.42507692307, 6505.746507692306], [25069.42507692307, 6536.506538461537], [25069.42507692307, 6567.266569230768], [25084.805092307684, 6582.646584615383], [25100.1851076923, 6598.026599999999], [25100.1851076923, 6628.78663076923], [25100.1851076923, 6659.54666153846], [25115.565123076918, 6674.926676923076], [25130.94513846153, 6690.306692307691], [25130.94513846153, 6721.066723076922], [25130.94513846153, 6751.826753846153], [25130.94513846153, 6782.586784615383], [25130.94513846153, 6813.346815384614], [25130.94513846153, 6844.106846153845], [25130.94513846153, 6874.866876923076], [25130.94513846153, 6905.626907692306], [25130.94513846153, 6936.386938461537], [25130.94513846153, 6967.146969230768], [25130.94513846153, 6997.906999999999], [25130.94513846153, 7028.667030769229], [25146.325153846148, 7044.047046153845], [25161.70516923076, 7059.42706153846], [25161.70516923076, 7090.187092307691], [25177.08518461538, 7105.567107692306], [25192.465199999995, 7120.947123076922], [25207.84521538461, 7136.327138461537], [25223.225230769225, 7151.707153846152], [25238.60524615384, 7167.087169230768], [25253.985261538455, 7182.467184615383], [25269.365276923072, 7197.847199999999], [25300.125307692302, 7197.847199999999], [25315.505323076915, 7213.227215384614], [25330.885338461532, 7228.607230769229], [25346.26535384615, 7243.987246153845], [25361.645369230762, 7259.36726153846], [25377.02538461538, 7274.747276923076], [25392.405399999992, 7290.127292307691], [25423.165430769222, 7290.127292307691], [25453.925461538456, 7290.127292307691], [25469.30547692307, 7274.747276923076]], [[29560.389569230763, 5029.26503076923], [29575.769584615377, 5013.885015384615], [29606.529615384607, 5013.885015384615], [29637.28964615384, 5013.885015384615], [29652.669661538454, 4998.504999999999], [29668.04967692307, 4983.124984615384], [29698.8097076923, 4983.124984615384], [29729.56973846153, 4983.124984615384], [29744.949753846147, 4967.744969230768], [29760.32976923076, 4952.364953846153], [29775.709784615377, 4936.984938461538], [29791.089799999994, 4921.604923076922], [29806.469815384608, 4906.224907692307], [29821.849830769224, 4890.844892307691], [29837.229846153838, 4875.464876923076], [29837.229846153838, 4844.704846153845], [29852.609861538454, 4829.32483076923], [29867.98987692307, 4813.944815384615], [29883.369892307684, 4798.564799999999], [29898.7499076923, 4783.184784615384], [29914.129923076915, 4767.804769230768], [29929.50993846153, 4752.424753846153], [29944.889953846145, 4737.044738461538], [29960.26996923076, 4721.664723076922], [29975.64998461538, 4706.284707692307], [29991.02999999999, 4690.904692307692], [29991.02999999999, 4660.144661538461], [29991.02999999999, 4629.38463076923], [29991.02999999999, 4598.624599999999], [29975.64998461538, 4583.244584615384], [29960.26996923076, 4567.864569230768], [29944.889953846145, 4552.484553846153], [29929.50993846153, 4537.104538461538], [29914.129923076915, 4521.724523076922], [29883.369892307684, 4521.724523076922], [29867.98987692307, 4506.344507692307], [29852.609861538454, 4490.964492307692], [29837.229846153838, 4475.584476923076], [29821.849830769224, 4460.204461538461], [29791.089799999994, 4460.204461538461], [29775.709784615377, 4444.824446153845], [29760.32976923076, 4429.44443076923], [29744.949753846147, 4414.064415384615], [29729.56973846153, 4398.684399999999], [29714.189723076917, 4383.304384615384], [29698.8097076923, 4367.924369230769], [29683.429692307684, 4352.544353846153], [29668.04967692307, 4337.164338461538], [29652.669661538454, 4321.784323076922], [29637.28964615384, 4306.404307692307], [29621.909630769223, 4291.024292307692], [29606.529615384607, 4275.644276923076], [29591.149599999993, 4260.264261538461], [29575.769584615377, 4244.884246153845], [29560.389569230763, 4229.50423076923], [29545.009553846146, 4214.124215384615], [29529.62953846153, 4198.744199999999], [29529.62953846153, 4167.984169230769], [29514.249523076916, 4152.604153846153], [29498.8695076923, 4137.224138461538], [29483.489492307686, 4121.844123076922], [29468.10947692307, 4106.464107692307], [29452.729461538453, 4091.0840923076917], [29437.34944615384, 4075.704076923076], [29421.969430769223, 4060.3240615384607], [29406.58941538461, 4044.944046153845], [29391.209399999992, 4029.5640307692297], [29375.829384615376, 4014.1840153846147], [29360.449369230762, 3998.803999999999], [29345.069353846146, 3983.4239846153837], [29329.689338461532, 3968.043969230768], [29298.9293076923, 3968.043969230768], [29283.549292307685, 3952.663953846153], [29268.16927692307, 3937.2839384615377], [29237.40924615384, 3937.2839384615377], [29206.64921538461, 3937.2839384615377], [29191.26919999999, 3921.903923076922], [29175.88918461538, 3906.5239076923067], [29145.12915384615, 3906.5239076923067], [29114.369123076915, 3906.5239076923067], [29098.9891076923, 3891.143892307691], [29083.609092307684, 3875.763876923076], [29068.22907692307, 3860.3838615384607], [29052.849061538454, 3845.003846153845], [29022.089030769224, 3845.003846153845], [28991.328999999994, 3845.003846153845], [28960.56896923076, 3845.003846153845], [28929.80893846153, 3845.003846153845], [28899.0489076923, 3845.003846153845], [28868.28887692307, 3845.003846153845], [28852.908861538453, 3860.3838615384607], [28837.52884615384, 3875.763876923076], [28822.148830769223, 3891.143892307691], [28806.768815384607, 3906.5239076923067], [28791.388799999993, 3921.903923076922], [28791.388799999993, 3952.663953846153], [28791.388799999993, 3983.4239846153837], [28791.388799999993, 4014.1840153846147], [28791.388799999993, 4044.944046153845], [28776.008784615376, 4060.3240615384607], [28760.628769230763, 4075.704076923076], [28760.628769230763, 4106.464107692307], [28760.628769230763, 4137.224138461538], [28760.628769230763, 4167.984169230769], [28776.008784615376, 4183.364184615384], [28791.388799999993, 4198.744199999999], [28776.008784615376, 4214.124215384615], [28760.628769230763, 4229.50423076923], [28776.008784615376, 4244.884246153845], [28791.388799999993, 4260.264261538461], [28791.388799999993, 4291.024292307692], [28806.768815384607, 4306.404307692307], [28822.148830769223, 4321.784323076922], [28837.52884615384, 4337.164338461538], [28852.908861538453, 4352.544353846153], [28868.28887692307, 4367.924369230769], [28883.668892307684, 4383.304384615384], [28899.0489076923, 4398.684399999999], [28914.428923076917, 4414.064415384615], [28929.80893846153, 4429.44443076923], [28945.188953846147, 4444.824446153845], [28960.56896923076, 4460.204461538461], [28975.948984615377, 4475.584476923076], [28991.328999999994, 4490.964492307692], [29006.709015384607, 4506.344507692307], [29006.709015384607, 4537.104538461538], [29022.089030769224, 4552.484553846153], [29037.469046153838, 4567.864569230768], [29037.469046153838, 4598.624599999999], [29037.469046153838, 4629.38463076923], [29037.469046153838, 4660.144661538461], [29037.469046153838, 4690.904692307692], [29037.469046153838, 4721.664723076922], [29052.849061538454, 4737.044738461538], [29068.22907692307, 4752.424753846153], [29068.22907692307, 4783.184784615384], [29068.22907692307, 4813.944815384615], [29068.22907692307, 4844.704846153845], [29068.22907692307, 4875.464876923076], [29068.22907692307, 4906.224907692307], [29083.609092307684, 4921.604923076922], [29098.9891076923, 4936.984938461538], [29114.369123076915, 4952.364953846153], [29129.74913846153, 4967.744969230768], [29145.12915384615, 4983.124984615384], [29160.50916923076, 4998.504999999999], [29175.88918461538, 5013.885015384615], [29191.26919999999, 4998.504999999999], [29206.64921538461, 4983.124984615384], [29237.40924615384, 4983.124984615384], [29268.16927692307, 4983.124984615384], [29283.549292307685, 4998.504999999999], [29298.9293076923, 5013.885015384615], [29329.689338461532, 5013.885015384615], [29345.069353846146, 4998.504999999999], [29360.449369230762, 4983.124984615384], [29375.829384615376, 4998.504999999999], [29391.209399999992, 5013.885015384615], [29421.969430769223, 5013.885015384615], [29452.729461538453, 5013.885015384615], [29483.489492307686, 5013.885015384615], [29498.8695076923, 5029.26503076923], [29514.249523076916, 5044.645046153845], [29545.009553846146, 5044.645046153845], [29560.389569230763, 5029.26503076923]], [[25284.745292307685, 8566.668569230767], [25300.125307692302, 8551.288553846152], [25315.505323076915, 8535.908538461537], [25330.885338461532, 8520.528523076922], [25361.645369230762, 8520.528523076922], [25377.02538461538, 8505.148507692305], [25392.405399999992, 8489.76849230769], [25407.78541538461, 8474.388476923075], [25423.165430769222, 8459.00846153846], [25438.54544615384, 8443.628446153845], [25453.925461538456, 8428.24843076923], [25469.30547692307, 8412.868415384613], [25469.30547692307, 8382.108384615383], [25484.685492307686, 8366.728369230768], [25500.0655076923, 8351.348353846153], [25515.445523076916, 8335.968338461536], [25530.825538461533, 8320.588323076921], [25546.205553846146, 8305.208307692306], [25561.585569230763, 8320.588323076921], [25576.965584615376, 8335.968338461536], [25607.72561538461, 8335.968338461536], [25638.48564615384, 8335.968338461536], [25669.24567692307, 8335.968338461536], [25700.0057076923, 8335.968338461536], [25715.385723076917, 8320.588323076921], [25730.76573846153, 8305.208307692306], [25746.145753846147, 8289.828292307691], [25761.525769230764, 8274.448276923076], [25776.905784615377, 8259.06826153846], [25792.285799999994, 8243.688246153844], [25807.665815384607, 8228.30823076923], [25823.045830769224, 8212.928215384614], [25838.42584615384, 8197.5482], [25838.42584615384, 8166.788169230768], [25838.42584615384, 8136.028138461537], [25823.045830769224, 8120.648123076921], [25807.665815384607, 8105.268107692306], [25807.665815384607, 8074.508076923075], [25807.665815384607, 8043.748046153845], [25807.665815384607, 8012.988015384614], [25807.665815384607, 7982.227984615383], [25807.665815384607, 7951.467953846152], [25792.285799999994, 7936.087938461537], [25776.905784615377, 7920.707923076922], [25776.905784615377, 7889.947892307691], [25792.285799999994, 7874.567876923075], [25807.665815384607, 7859.18786153846], [25823.045830769224, 7843.807846153845], [25838.42584615384, 7828.427830769229], [25838.42584615384, 7797.667799999998], [25838.42584615384, 7766.907769230768], [25823.045830769224, 7751.527753846152], [25807.665815384607, 7736.147738461537], [25792.285799999994, 7720.767723076922], [25776.905784615377, 7705.387707692306], [25761.525769230764, 7690.007692307691], [25730.76573846153, 7690.007692307691], [25700.0057076923, 7690.007692307691], [25669.24567692307, 7690.007692307691], [25653.865661538453, 7674.627676923075], [25638.48564615384, 7659.24766153846], [25623.105630769223, 7643.867646153845], [25607.72561538461, 7628.487630769229], [25592.345599999993, 7613.107615384614], [25576.965584615376, 7597.727599999999], [25561.585569230763, 7582.347584615383], [25546.205553846146, 7566.967569230768], [25530.825538461533, 7551.587553846152], [25515.445523076916, 7536.207538461537], [25500.0655076923, 7520.827523076922], [25484.685492307686, 7505.447507692306], [25453.925461538456, 7505.447507692306], [25423.165430769222, 7505.447507692306], [25407.78541538461, 7490.067492307691], [25392.405399999992, 7474.687476923075], [25377.02538461538, 7459.30746153846], [25361.645369230762, 7443.927446153845], [25346.26535384615, 7428.547430769229], [25330.885338461532, 7413.167415384614], [25315.505323076915, 7397.787399999999], [25300.125307692302, 7382.407384615383], [25269.365276923072, 7382.407384615383], [25238.60524615384, 7382.407384615383], [25223.225230769225, 7397.787399999999], [25207.84521538461, 7413.167415384614], [25192.465199999995, 7428.547430769229], [25177.08518461538, 7443.927446153845], [25161.70516923076, 7459.30746153846], [25177.08518461538, 7474.687476923075], [25192.465199999995, 7490.067492307691], [25177.08518461538, 7505.447507692306], [25161.70516923076, 7520.827523076922], [25161.70516923076, 7551.587553846152], [25161.70516923076, 7582.347584615383], [25161.70516923076, 7613.107615384614], [25161.70516923076, 7643.867646153845], [25161.70516923076, 7674.627676923075], [25161.70516923076, 7705.387707692306], [25161.70516923076, 7736.147738461537], [25161.70516923076, 7766.907769230768], [25161.70516923076, 7797.667799999998], [25146.325153846148, 7813.047815384614], [25130.94513846153, 7828.427830769229], [25115.565123076918, 7843.807846153845], [25100.1851076923, 7859.18786153846], [25100.1851076923, 7889.947892307691], [25084.805092307684, 7905.327907692306], [25069.42507692307, 7920.707923076922], [25069.42507692307, 7951.467953846152], [25069.42507692307, 7982.227984615383], [25054.045061538454, 7997.607999999998], [25038.66504615384, 8012.988015384614], [25023.285030769224, 8028.368030769229], [25007.905015384607, 8043.748046153845], [25007.905015384607, 8074.508076923075], [24992.524999999994, 8089.888092307691], [24977.144984615377, 8105.268107692306], [24977.144984615377, 8136.028138461537], [24961.764969230764, 8151.408153846152], [24946.384953846147, 8166.788169230768], [24946.384953846147, 8197.5482], [24946.384953846147, 8228.30823076923], [24946.384953846147, 8259.06826153846], [24931.00493846153, 8274.448276923076], [24915.624923076917, 8289.828292307691], [24915.624923076917, 8320.588323076921], [24931.00493846153, 8335.968338461536], [24946.384953846147, 8351.348353846153], [24946.384953846147, 8382.108384615383], [24946.384953846147, 8412.868415384613], [24946.384953846147, 8443.628446153845], [24946.384953846147, 8474.388476923075], [24931.00493846153, 8489.76849230769], [24915.624923076917, 8505.148507692305], [24931.00493846153, 8520.528523076922], [24946.384953846147, 8535.908538461537], [24961.764969230764, 8551.288553846152], [24977.144984615377, 8566.668569230767], [24992.524999999994, 8582.048584615382], [25023.285030769224, 8582.048584615382], [25038.66504615384, 8566.668569230767], [25054.045061538454, 8551.288553846152], [25084.805092307684, 8551.288553846152], [25100.1851076923, 8535.908538461537], [25115.565123076918, 8520.528523076922], [25146.325153846148, 8520.528523076922], [25177.08518461538, 8520.528523076922], [25192.465199999995, 8535.908538461537], [25207.84521538461, 8551.288553846152], [25223.225230769225, 8566.668569230767], [25238.60524615384, 8582.048584615382], [25269.365276923072, 8582.048584615382], [25284.745292307685, 8566.668569230767]], [[27191.867199999993, 4229.50423076923], [27207.24721538461, 4214.124215384615], [27222.627230769223, 4198.744199999999], [27238.00724615384, 4183.364184615384], [27253.387261538453, 4167.984169230769], [27253.387261538453, 4137.224138461538], [27268.76727692307, 4121.844123076922], [27284.147292307687, 4106.464107692307], [27284.147292307687, 4075.704076923076], [27284.147292307687, 4044.944046153845], [27284.147292307687, 4014.1840153846147], [27284.147292307687, 3983.4239846153837], [27284.147292307687, 3952.663953846153], [27284.147292307687, 3921.903923076922], [27299.5273076923, 3906.5239076923067], [27314.907323076917, 3891.143892307691], [27314.907323076917, 3860.3838615384607], [27330.28733846153, 3845.003846153845], [27345.667353846147, 3829.6238307692297], [27361.04736923076, 3814.2438153846147], [27376.427384615377, 3798.863799999999], [27376.427384615377, 3768.103769230768], [27391.807399999994, 3752.723753846153], [27407.187415384607, 3737.3437384615377], [27422.567430769224, 3721.963723076922], [27437.947446153838, 3706.5837076923067], [27453.327461538454, 3691.2036923076917], [27484.087492307684, 3691.2036923076917], [27499.4675076923, 3706.5837076923067], [27514.847523076915, 3721.963723076922], [27545.60755384615, 3721.963723076922], [27560.98756923076, 3737.3437384615377], [27576.36758461538, 3752.723753846153], [27591.74759999999, 3768.103769230768], [27607.12761538461, 3783.4837846153837], [27622.507630769225, 3798.863799999999], [27622.507630769225, 3829.6238307692297], [27637.88764615384, 3845.003846153845], [27653.267661538455, 3860.3838615384607], [27668.64767692307, 3875.763876923076], [27684.027692307685, 3891.143892307691], [27699.407707692302, 3906.5239076923067], [27714.787723076915, 3921.903923076922], [27730.167738461532, 3937.2839384615377], [27760.927769230762, 3937.2839384615377], [27776.30778461538, 3952.663953846153], [27791.687799999992, 3968.043969230768], [27822.447830769222, 3968.043969230768], [27853.207861538456, 3968.043969230768], [27883.967892307686, 3968.043969230768], [27899.3479076923, 3952.663953846153], [27914.727923076916, 3937.2839384615377], [27930.107938461533, 3921.903923076922], [27945.487953846146, 3906.5239076923067], [27960.867969230763, 3891.143892307691], [27976.247984615376, 3875.763876923076], [27991.627999999993, 3860.3838615384607], [28007.008015384607, 3845.003846153845], [28022.388030769223, 3829.6238307692297], [28007.008015384607, 3814.2438153846147], [27991.627999999993, 3798.863799999999], [28007.008015384607, 3783.4837846153837], [28022.388030769223, 3768.103769230768], [28022.388030769223, 3737.3437384615377], [28022.388030769223, 3706.5837076923067], [28007.008015384607, 3691.2036923076917], [27991.627999999993, 3675.823676923076], [27976.247984615376, 3660.4436615384607], [27960.867969230763, 3645.063646153845], [27945.487953846146, 3629.68363076923], [27930.107938461533, 3614.3036153846147], [27914.727923076916, 3598.923599999999], [27899.3479076923, 3583.5435846153837], [27883.967892307686, 3568.163569230768], [27868.58787692307, 3583.5435846153837], [27853.207861538456, 3598.923599999999], [27837.82784615384, 3614.3036153846147], [27822.447830769222, 3629.68363076923], [27807.06781538461, 3645.063646153845], [27791.687799999992, 3660.4436615384607], [27760.927769230762, 3660.4436615384607], [27745.547753846145, 3645.063646153845], [27730.167738461532, 3629.68363076923], [27714.787723076915, 3614.3036153846147], [27699.407707692302, 3598.923599999999], [27684.027692307685, 3583.5435846153837], [27668.64767692307, 3568.163569230768], [27653.267661538455, 3552.783553846153], [27637.88764615384, 3537.4035384615377], [27607.12761538461, 3537.4035384615377], [27591.74759999999, 3522.023523076922], [27576.36758461538, 3506.6435076923067], [27560.98756923076, 3491.2634923076916], [27545.60755384615, 3475.883476923076], [27514.847523076915, 3475.883476923076], [27499.4675076923, 3460.5034615384607], [27484.087492307684, 3445.123446153845], [27453.327461538454, 3445.123446153845], [27422.567430769224, 3445.123446153845], [27391.807399999994, 3445.123446153845], [27361.04736923076, 3445.123446153845], [27330.28733846153, 3445.123446153845], [27299.5273076923, 3445.123446153845], [27268.76727692307, 3445.123446153845], [27238.00724615384, 3445.123446153845], [27207.24721538461, 3445.123446153845], [27176.487184615376, 3445.123446153845], [27161.107169230763, 3429.74343076923], [27145.727153846146, 3414.3634153846147], [27130.347138461533, 3429.74343076923], [27114.967123076916, 3445.123446153845], [27099.5871076923, 3429.74343076923], [27084.207092307686, 3414.3634153846147], [27068.82707692307, 3429.74343076923], [27053.447061538456, 3445.123446153845], [27022.687030769222, 3445.123446153845], [27007.30701538461, 3460.5034615384607], [26991.926999999992, 3475.883476923076], [26961.166969230762, 3475.883476923076], [26945.786953846145, 3491.2634923076916], [26930.406938461532, 3506.6435076923067], [26899.646907692302, 3506.6435076923067], [26884.266892307685, 3522.023523076922], [26868.88687692307, 3537.4035384615377], [26838.12684615384, 3537.4035384615377], [26822.746830769225, 3552.783553846153], [26807.36681538461, 3568.163569230768], [26791.98679999999, 3583.5435846153837], [26776.60678461538, 3598.923599999999], [26761.22676923076, 3614.3036153846147], [26761.22676923076, 3645.063646153845], [26745.84675384615, 3660.4436615384607], [26730.46673846153, 3675.823676923076], [26730.46673846153, 3706.5837076923067], [26730.46673846153, 3737.3437384615377], [26715.086723076914, 3752.723753846153], [26699.7067076923, 3768.103769230768], [26699.7067076923, 3798.863799999999], [26715.086723076914, 3814.2438153846147], [26730.46673846153, 3829.6238307692297], [26730.46673846153, 3860.3838615384607], [26730.46673846153, 3891.143892307691], [26745.84675384615, 3906.5239076923067], [26761.22676923076, 3921.903923076922], [26776.60678461538, 3937.2839384615377], [26791.98679999999, 3952.663953846153], [26807.36681538461, 3968.043969230768], [26822.746830769225, 3983.4239846153837], [26838.12684615384, 3998.803999999999], [26868.88687692307, 3998.803999999999], [26884.266892307685, 4014.1840153846147], [26899.646907692302, 4029.5640307692297], [26915.026923076915, 4044.944046153845], [26930.406938461532, 4060.3240615384607], [26945.786953846145, 4075.704076923076], [26961.166969230762, 4091.0840923076917], [26976.54698461538, 4106.464107692307], [26991.926999999992, 4121.844123076922], [27007.30701538461, 4137.224138461538], [27022.687030769222, 4152.604153846153], [27038.06704615384, 4167.984169230769], [27053.447061538456, 4183.364184615384], [27068.82707692307, 4198.744199999999], [27084.207092307686, 4214.124215384615], [27099.5871076923, 4229.50423076923], [27114.967123076916, 4244.884246153845], [27145.727153846146, 4244.884246153845], [27176.487184615376, 4244.884246153845], [27191.867199999993, 4229.50423076923]], [[24884.864892307687, 10473.790476923075], [24900.2449076923, 10458.41046153846], [24915.624923076917, 10443.030446153844], [24931.00493846153, 10427.650430769228], [24946.384953846147, 10412.270415384613], [24961.764969230764, 10396.890399999998], [24977.144984615377, 10381.510384615383], [24992.524999999994, 10366.130369230768], [25007.905015384607, 10350.750353846151], [25023.285030769224, 10335.370338461536], [25038.66504615384, 10319.990323076921], [25054.045061538454, 10304.610307692306], [25069.42507692307, 10319.990323076921], [25084.805092307684, 10335.370338461536], [25100.1851076923, 10350.750353846151], [25115.565123076918, 10366.130369230768], [25130.94513846153, 10381.510384615383], [25146.325153846148, 10396.890399999998], [25161.70516923076, 10381.510384615383], [25177.08518461538, 10366.130369230768], [25192.465199999995, 10350.750353846151], [25207.84521538461, 10335.370338461536], [25223.225230769225, 10319.990323076921], [25223.225230769225, 10289.230292307691], [25207.84521538461, 10273.850276923074], [25192.465199999995, 10258.47026153846], [25192.465199999995, 10227.71023076923], [25177.08518461538, 10212.330215384614], [25161.70516923076, 10196.950199999997], [25161.70516923076, 10166.190169230767], [25146.325153846148, 10150.810153846152], [25130.94513846153, 10135.430138461537], [25130.94513846153, 10104.670107692305], [25130.94513846153, 10073.910076923075], [25130.94513846153, 10043.150046153845], [25130.94513846153, 10012.390015384613], [25130.94513846153, 9981.629984615383], [25146.325153846148, 9966.249969230768], [25161.70516923076, 9950.869953846151], [25146.325153846148, 9935.489938461536], [25130.94513846153, 9920.109923076921], [25130.94513846153, 9889.349892307691], [25146.325153846148, 9873.969876923074], [25161.70516923076, 9858.58986153846], [25146.325153846148, 9843.209846153844], [25130.94513846153, 9827.82983076923], [25115.565123076918, 9812.449815384614], [25100.1851076923, 9797.069799999997], [25084.805092307684, 9781.689784615382], [25069.42507692307, 9766.309769230767], [25069.42507692307, 9735.549738461537], [25069.42507692307, 9704.789707692305], [25069.42507692307, 9674.029676923075], [25054.045061538454, 9658.64966153846], [25038.66504615384, 9643.269646153845], [25023.285030769224, 9627.889630769228], [25007.905015384607, 9612.509615384613], [24992.524999999994, 9597.129599999998], [24977.144984615377, 9581.749584615383], [24961.764969230764, 9566.369569230768], [24931.00493846153, 9566.369569230768], [24915.624923076917, 9550.989553846151], [24900.2449076923, 9535.609538461536], [24884.864892307687, 9550.989553846151], [24869.48487692307, 9566.369569230768], [24854.104861538453, 9581.749584615383], [24838.72484615384, 9597.129599999998], [24823.344830769223, 9612.509615384613], [24823.344830769223, 9643.269646153845], [24807.96481538461, 9658.64966153846], [24792.584799999993, 9674.029676923075], [24792.584799999993, 9704.789707692305], [24777.204784615376, 9720.169723076922], [24761.824769230763, 9735.549738461537], [24761.824769230763, 9766.309769230767], [24761.824769230763, 9797.069799999997], [24746.444753846146, 9812.449815384614], [24731.064738461533, 9827.82983076923], [24715.684723076916, 9843.209846153844], [24700.304707692303, 9858.58986153846], [24700.304707692303, 9889.349892307691], [24700.304707692303, 9920.109923076921], [24700.304707692303, 9950.869953846151], [24700.304707692303, 9981.629984615383], [24700.304707692303, 10012.390015384613], [24715.684723076916, 10027.770030769228], [24731.064738461533, 10043.150046153845], [24746.444753846146, 10058.53006153846], [24761.824769230763, 10073.910076923075], [24777.204784615376, 10089.29009230769], [24792.584799999993, 10104.670107692305], [24792.584799999993, 10135.430138461537], [24792.584799999993, 10166.190169230767], [24792.584799999993, 10196.950199999997], [24792.584799999993, 10227.71023076923], [24807.96481538461, 10243.090246153844], [24823.344830769223, 10258.47026153846], [24823.344830769223, 10289.230292307691], [24838.72484615384, 10304.610307692306], [24854.104861538453, 10319.990323076921], [24838.72484615384, 10335.370338461536], [24823.344830769223, 10350.750353846151], [24807.96481538461, 10366.130369230768], [24792.584799999993, 10381.510384615383], [24792.584799999993, 10412.270415384613], [24807.96481538461, 10427.650430769228], [24823.344830769223, 10443.030446153844], [24838.72484615384, 10458.41046153846], [24854.104861538453, 10473.790476923075], [24869.48487692307, 10489.17049230769], [24884.864892307687, 10473.790476923075]], [[26392.106399999993, 7766.907769230768], [26407.48641538461, 7751.527753846152], [26422.866430769223, 7736.147738461537], [26438.24644615384, 7720.767723076922], [26453.626461538453, 7705.387707692306], [26453.626461538453, 7674.627676923075], [26469.00647692307, 7659.24766153846], [26484.386492307687, 7643.867646153845], [26484.386492307687, 7613.107615384614], [26484.386492307687, 7582.347584615383], [26484.386492307687, 7551.587553846152], [26484.386492307687, 7520.827523076922], [26484.386492307687, 7490.067492307691], [26484.386492307687, 7459.30746153846], [26484.386492307687, 7428.547430769229], [26484.386492307687, 7397.787399999999], [26499.7665076923, 7382.407384615383], [26515.146523076917, 7367.027369230768], [26515.146523076917, 7336.267338461537], [26515.146523076917, 7305.507307692306], [26515.146523076917, 7274.747276923076], [26530.52653846153, 7259.36726153846], [26545.906553846147, 7243.987246153845], [26561.286569230764, 7228.607230769229], [26576.666584615377, 7213.227215384614], [26592.046599999994, 7197.847199999999], [26607.426615384607, 7182.467184615383], [26622.806630769224, 7167.087169230768], [26638.18664615384, 7151.707153846152], [26622.806630769224, 7136.327138461537], [26607.426615384607, 7120.947123076922], [26592.046599999994, 7105.567107692306], [26576.666584615377, 7090.187092307691], [26561.286569230764, 7074.807076923076], [26530.52653846153, 7074.807076923076], [26499.7665076923, 7074.807076923076], [26469.00647692307, 7074.807076923076], [26438.24644615384, 7074.807076923076], [26407.48641538461, 7074.807076923076], [26376.726384615376, 7074.807076923076], [26345.966353846146, 7074.807076923076], [26315.206323076916, 7074.807076923076], [26284.446292307686, 7074.807076923076], [26269.06627692307, 7090.187092307691], [26253.686261538456, 7105.567107692306], [26222.926230769222, 7105.567107692306], [26207.54621538461, 7120.947123076922], [26192.166199999992, 7136.327138461537], [26176.78618461538, 7151.707153846152], [26161.406169230762, 7167.087169230768], [26146.026153846145, 7182.467184615383], [26130.646138461532, 7197.847199999999], [26115.266123076915, 7213.227215384614], [26115.266123076915, 7243.987246153845], [26099.886107692302, 7259.36726153846], [26084.506092307685, 7274.747276923076], [26084.506092307685, 7305.507307692306], [26069.12607692307, 7320.887323076922], [26053.746061538455, 7336.267338461537], [26069.12607692307, 7351.647353846152], [26084.506092307685, 7367.027369230768], [26084.506092307685, 7397.787399999999], [26084.506092307685, 7428.547430769229], [26084.506092307685, 7459.30746153846], [26084.506092307685, 7490.067492307691], [26099.886107692302, 7505.447507692306], [26115.266123076915, 7520.827523076922], [26115.266123076915, 7551.587553846152], [26115.266123076915, 7582.347584615383], [26115.266123076915, 7613.107615384614], [26130.646138461532, 7628.487630769229], [26146.026153846145, 7643.867646153845], [26130.646138461532, 7659.24766153846], [26115.266123076915, 7674.627676923075], [26130.646138461532, 7690.007692307691], [26146.026153846145, 7705.387707692306], [26161.406169230762, 7720.767723076922], [26176.78618461538, 7736.147738461537], [26192.166199999992, 7751.527753846152], [26222.926230769222, 7751.527753846152], [26253.686261538456, 7751.527753846152], [26284.446292307686, 7751.527753846152], [26299.8263076923, 7766.907769230768], [26315.206323076916, 7782.287784615383], [26345.966353846146, 7782.287784615383], [26376.726384615376, 7782.287784615383], [26392.106399999993, 7766.907769230768]]]}, "properties": {"objectType": "annotation", "name": "R1_2_T|peri", "classification": {"name": "peri", "color": [25, 158, 112]}, "lesion_id": 0, "section": "R1_2_T", "area_um2": 1436749.9999999981, "lesion_ids": [1, 4, 6, 11, 12, 14]}}, {"type": "Feature", "geometry": {"type": "Polygon", "coordinates": [[[23516.043523076918, 7228.607230769229], [23485.283492307684, 7228.607230769229], [23454.523461538454, 7228.607230769229], [23423.763430769224, 7228.607230769229], [23393.003399999994, 7228.607230769229], [23362.243369230764, 7228.607230769229], [23331.483338461534, 7228.607230769229], [23300.7233076923, 7228.607230769229], [23269.96327692307, 7228.607230769229], [23254.583261538457, 7213.227215384614], [23239.20324615384, 7197.847199999999], [23208.44321538461, 7197.847199999999], [23177.68318461538, 7197.847199999999], [23146.923153846146, 7197.847199999999], [23131.543138461533, 7182.467184615383], [23116.163123076916, 7167.087169230768], [23085.403092307686, 7167.087169230768], [23070.02307692307, 7151.707153846152], [23054.643061538456, 7136.327138461537], [23039.26304615384, 7120.947123076922], [23023.883030769226, 7105.567107692306], [23008.50301538461, 7090.187092307691], [22993.122999999992, 7074.807076923076], [22962.362969230762, 7074.807076923076], [22946.98295384615, 7059.42706153846], [22931.602938461532, 7044.047046153845], [22916.222923076915, 7028.667030769229], [22900.842907692302, 7013.287015384614], [22885.462892307685, 6997.906999999999], [22870.082876923072, 6982.526984615383], [22854.702861538455, 6967.146969230768], [22854.702861538455, 6936.386938461537], [22839.32284615384, 6921.006923076922], [22823.942830769225, 6905.626907692306], [22808.56281538461, 6890.246892307691], [22793.182799999995, 6874.866876923076], [22777.80278461538, 6859.48686153846], [22762.422769230765, 6844.106846153845], [22762.422769230765, 6813.346815384614], [22747.042753846148, 6797.966799999999], [22731.66273846153, 6782.586784615383], [22731.66273846153, 6751.826753846153], [22731.66273846153, 6721.066723076922], [22716.282723076918, 6705.686707692306], [22700.9027076923, 6690.306692307691], [22700.9027076923, 6659.54666153846], [22685.522692307688, 6644.166646153845], [22670.14267692307, 6628.78663076923], [22654.762661538454, 6613.406615384614], [22624.002630769224, 6613.406615384614], [22593.242599999994, 6613.406615384614], [22562.482569230764, 6613.406615384614], [22547.102553846147, 6598.026599999999], [22531.722538461534, 6582.646584615383], [22500.9625076923, 6582.646584615383], [22470.20247692307, 6582.646584615383], [22454.822461538457, 6567.266569230768], [22439.44244615384, 6551.886553846153], [22408.68241538461, 6551.886553846153], [22393.302399999993, 6536.506538461537], [22377.92238461538, 6521.126523076922], [22362.542369230763, 6505.746507692306], [22347.162353846146, 6490.366492307691], [22331.782338461533, 6474.986476923076], [22316.402323076916, 6459.60646153846], [22285.642292307686, 6459.60646153846], [22270.26227692307, 6444.226446153845], [22254.882261538456, 6428.84643076923], [22239.50224615384, 6413.466415384614], [22224.122230769226, 6398.086399999999], [22208.74221538461, 6382.706384615383], [22193.362199999992, 6367.326369230768], [22177.98218461538, 6351.946353846153], [22162.602169230762, 6336.566338461537], [22147.22215384615, 6321.186323076922], [22131.842138461532, 6305.806307692307], [22116.46212307692, 6290.426292307691], [22116.46212307692, 6259.66626153846], [22101.082107692302, 6244.286246153845], [22085.702092307685, 6228.90623076923], [22070.322076923072, 6213.526215384614], [22054.942061538455, 6198.146199999999], [22039.562046153842, 6182.766184615383], [22024.182030769225, 6167.386169230768], [22024.182030769225, 6136.626138461537], [22008.80201538461, 6121.246123076922], [21993.421999999995, 6105.866107692307], [21993.421999999995, 6075.106076923076], [21993.421999999995, 6044.346046153845], [21993.421999999995, 6013.586015384614], [21978.041984615378, 5998.205999999999], [21962.661969230765, 5982.825984615384], [21962.661969230765, 5952.065953846153], [21962.661969230765, 5921.305923076922], [21962.661969230765, 5890.545892307691], [21962.661969230765, 5859.78586153846], [21962.661969230765, 5829.02583076923], [21962.661969230765, 5798.265799999999], [21962.661969230765, 5767.505769230768], [21962.661969230765, 5736.745738461537], [21962.661969230765, 5705.985707692307], [21962.661969230765, 5675.225676923076], [21962.661969230765, 5644.465646153845], [21962.661969230765, 5613.705615384614], [21978.041984615378, 5598.325599999999], [21993.421999999995, 5582.945584615384], [21993.421999999995, 5552.185553846153], [21993.421999999995, 5521.425523076922], [21993.421999999995, 5490.665492307691], [21978.041984615378, 5475.285476923076], [21962.661969230765, 5459.905461538461], [21947.281953846148, 5444.525446153845], [21931.90193846153, 5429.14543076923], [21931.90193846153, 5398.385399999999], [21916.521923076918, 5383.005384615384], [21901.1419076923, 5367.625369230768], [21885.761892307688, 5352.245353846153], [21870.38187692307, 5336.865338461538], [21855.001861538454, 5321.485323076922], [21839.62184615384, 5306.105307692307], [21824.241830769224, 5290.725292307691], [21793.481799999994, 5290.725292307691], [21762.721769230764, 5290.725292307691], [21747.341753846147, 5275.345276923076], [21731.961738461534, 5259.965261538461], [21701.2017076923, 5259.965261538461], [21670.44167692307, 5259.965261538461], [21639.68164615384, 5259.965261538461], [21624.301630769223, 5244.585246153845], [21608.92161538461, 5229.20523076923], [21578.16158461538, 5229.20523076923], [21562.781569230763, 5213.825215384614], [21547.401553846146, 5198.445199999999], [21516.641523076916, 5198.445199999999], [21501.261507692303, 5183.065184615384], [21485.881492307686, 5167.685169230768], [21470.501476923073, 5152.305153846153], [21455.121461538456, 5136.925138461538], [21439.74144615384, 5121.545123076922], [21424.361430769226, 5106.165107692307], [21393.601399999996, 5106.165107692307], [21378.22138461538, 5090.785092307691], [21362.841369230762, 5075.405076923076], [21347.46135384615, 5060.025061538461], [21332.081338461532, 5044.645046153845], [21316.70132307692, 5029.26503076923], [21301.321307692302, 5013.885015384615], [21285.941292307685, 4998.504999999999], [21270.561276923072, 4983.124984615384], [21255.181261538455, 4967.744969230768], [21239.801246153842, 4952.364953846153], [21209.04121538461, 4952.364953846153], [21178.281184615378, 4952.364953846153], [21147.521153846148, 4952.364953846153], [21116.761123076918, 4952.364953846153], [21086.001092307688, 4952.364953846153], [21055.241061538454, 4952.364953846153], [21039.86104615384, 4936.984938461538], [21024.481030769224, 4921.604923076922], [20993.720999999994, 4921.604923076922], [20962.960969230764, 4921.604923076922], [20932.200938461534, 4921.604923076922], [20916.820923076917, 4906.224907692307], [20901.4409076923, 4890.844892307691], [20870.68087692307, 4890.844892307691], [20855.300861538457, 4875.464876923076], [20839.92084615384, 4860.084861538461], [20809.16081538461, 4860.084861538461], [20793.780799999993, 4844.704846153845], [20778.40078461538, 4829.32483076923], [20763.020769230763, 4813.944815384615], [20747.64075384615, 4798.564799999999], [20732.260738461533, 4783.184784615384], [20716.880723076916, 4767.804769230768], [20686.120692307686, 4767.804769230768], [20670.740676923073, 4752.424753846153], [20655.360661538456, 4737.044738461538], [20639.98064615384, 4721.664723076922], [20624.600630769226, 4706.284707692307], [20609.22061538461, 4690.904692307692], [20593.840599999996, 4675.524676923076], [20578.46058461538, 4660.144661538461], [20563.080569230762, 4644.764646153845], [20532.320538461532, 4644.764646153845], [20516.94052307692, 4660.144661538461], [20501.560507692302, 4675.524676923076], [20470.800476923072, 4675.524676923076], [20440.040446153842, 4675.524676923076], [20409.28041538461, 4675.524676923076], [20378.520384615378, 4675.524676923076], [20363.140369230765, 4690.904692307692], [20347.760353846148, 4706.284707692307], [20317.000323076918, 4706.284707692307], [20286.240292307688, 4706.284707692307], [20255.480261538454, 4706.284707692307], [20240.10024615384, 4721.664723076922], [20224.720230769224, 4737.044738461538], [20193.960199999994, 4737.044738461538], [20163.200169230764, 4737.044738461538], [20132.440138461534, 4737.044738461538], [20101.680107692304, 4737.044738461538], [20070.92007692307, 4737.044738461538], [20040.16004615384, 4737.044738461538], [20009.40001538461, 4737.044738461538], [19978.63998461538, 4737.044738461538], [19947.87995384615, 4737.044738461538], [19932.499938461533, 4752.424753846153], [19932.499938461533, 4783.184784615384], [19932.499938461533, 4813.944815384615], [19932.499938461533, 4844.704846153845], [19932.499938461533, 4875.464876923076], [19932.499938461533, 4906.224907692307], [19917.119923076916, 4921.604923076922], [19901.739907692303, 4936.984938461538], [19901.739907692303, 4967.744969230768], [19901.739907692303, 4998.504999999999], [19901.739907692303, 5029.26503076923], [19886.359892307686, 5044.645046153845], [19870.979876923073, 5060.025061538461], [19870.979876923073, 5090.785092307691], [19870.979876923073, 5121.545123076922], [19855.599861538456, 5136.925138461538], [19840.21984615384, 5152.305153846153], [19840.21984615384, 5183.065184615384], [19824.839830769226, 5198.445199999999], [19809.45981538461, 5213.825215384614], [19794.079799999996, 5229.20523076923], [19778.69978461538, 5244.585246153845], [19763.319769230762, 5259.965261538461], [19747.93975384615, 5275.345276923076], [19747.93975384615, 5306.105307692307], [19732.559738461532, 5321.485323076922], [19717.17972307692, 5336.865338461538], [19701.799707692302, 5352.245353846153], [19686.419692307685, 5367.625369230768], [19671.039676923072, 5383.005384615384], [19640.279646153842, 5383.005384615384], [19624.899630769225, 5398.385399999999], [19609.51961538461, 5413.765415384614], [19594.139599999995, 5429.14543076923], [19578.759584615378, 5444.525446153845], [19563.379569230765, 5459.905461538461], [19547.999553846148, 5475.285476923076], [19517.239523076918, 5475.285476923076], [19501.8595076923, 5490.665492307691], [19486.479492307688, 5506.045507692307], [19471.09947692307, 5521.425523076922], [19455.719461538458, 5536.805538461537], [19424.959430769224, 5536.805538461537], [19409.57941538461, 5552.185553846153], [19394.199399999994, 5567.565569230768], [19363.439369230764, 5567.565569230768], [19332.679338461534, 5567.565569230768], [19301.919307692304, 5567.565569230768], [19286.539292307687, 5582.945584615384], [19271.15927692307, 5598.325599999999], [19240.39924615384, 5598.325599999999], [19225.019230769227, 5613.705615384614], [19209.63921538461, 5629.08563076923], [19194.259199999993, 5644.465646153845], [19178.87918461538, 5659.845661538461], [19163.499169230763, 5675.225676923076], [19163.499169230763, 5705.985707692307], [19148.11915384615, 5721.365723076922], [19132.739138461533, 5736.745738461537], [19132.739138461533, 5767.505769230768], [19132.739138461533, 5798.265799999999], [19132.739138461533, 5829.02583076923], [19117.359123076916, 5844.405846153845], [19101.979107692303, 5859.78586153846], [19101.979107692303, 5890.545892307691], [19086.599092307686, 5905.925907692307], [19071.219076923073, 5921.305923076922], [19055.839061538456, 5936.685938461537], [19040.45904615384, 5952.065953846153], [19025.079030769226, 5967.445969230768], [19009.69901538461, 5982.825984615384], [19009.69901538461, 6013.586015384614], [18994.318999999996, 6028.96603076923], [18978.93898461538, 6044.346046153845], [18963.558969230762, 6059.72606153846], [18948.17895384615, 6075.106076923076], [18932.798938461532, 6090.486092307691], [18902.038907692302, 6090.486092307691], [18886.65889230769, 6105.866107692307], [18871.278876923072, 6121.246123076922], [18855.898861538455, 6136.626138461537], [18840.518846153842, 6152.006153846153], [18825.138830769225, 6167.386169230768], [18809.75881538461, 6182.766184615383], [18778.998784615378, 6182.766184615383], [18763.618769230765, 6198.146199999999], [18748.238753846148, 6213.526215384614], [18717.478723076918, 6213.526215384614], [18686.718692307688, 6213.526215384614], [18655.958661538458, 6213.526215384614], [18640.57864615384, 6228.90623076923], [18625.198630769224, 6244.286246153845], [18594.438599999994, 6244.286246153845], [18563.678569230764, 6244.286246153845], [18532.918538461534, 6244.286246153845], [18502.158507692304, 6244.286246153845], [18471.39847692307, 6244.286246153845], [18440.63844615384, 6244.286246153845], [18425.258430769227, 6228.90623076923], [18409.87841538461, 6213.526215384614], [18379.11838461538, 6213.526215384614], [18348.35835384615, 6213.526215384614], [18317.598323076916, 6213.526215384614], [18302.218307692303, 6198.146199999999], [18286.838292307686, 6182.766184615383], [18256.078261538456, 6182.766184615383], [18240.698246153843, 6167.386169230768], [18225.318230769226, 6152.006153846153], [18209.93821538461, 6136.626138461537], [18194.558199999996, 6121.246123076922], [18179.17818461538, 6105.866107692307], [18163.798169230766, 6090.486092307691], [18133.038138461532, 6090.486092307691], [18117.65812307692, 6075.106076923076], [18102.278107692302, 6059.72606153846], [18086.89809230769, 6044.346046153845], [18071.518076923072, 6028.96603076923], [18056.138061538455, 6013.586015384614], [18056.138061538455, 5982.825984615384], [18040.758046153842, 5967.445969230768], [18025.378030769225, 5952.065953846153], [18009.99801538461, 5936.685938461537], [17994.617999999995, 5921.305923076922], [17979.237984615378, 5905.925907692307], [17963.857969230765, 5890.545892307691], [17963.857969230765, 5859.78586153846], [17948.477953846148, 5844.405846153845], [17933.097938461535, 5829.02583076923], [17933.097938461535, 5798.265799999999], [17933.097938461535, 5767.505769230768], [17917.717923076918, 5752.125753846153], [17902.3379076923, 5736.745738461537], [17886.957892307688, 5721.365723076922], [17871.57787692307, 5705.985707692307], [17856.197861538458, 5690.605692307691], [17840.81784615384, 5675.225676923076], [17840.81784615384, 5644.465646153845], [17825.437830769224, 5629.08563076923], [17810.05781538461, 5613.705615384614], [17810.05781538461, 5582.945584615384], [17810.05781538461, 5552.185553846153], [17810.05781538461, 5521.425523076922], [17794.677799999994, 5506.045507692307], [17779.29778461538, 5490.665492307691], [17779.29778461538, 5459.905461538461], [17779.29778461538, 5429.14543076923], [17763.917769230764, 5413.765415384614], [17748.537753846147, 5398.385399999999], [17748.537753846147, 5367.625369230768], [17748.537753846147, 5336.865338461538], [17748.537753846147, 5306.105307692307], [17733.157738461534, 5290.725292307691], [17717.777723076917, 5275.345276923076], [17717.777723076917, 5244.585246153845], [17717.777723076917, 5213.825215384614], [17717.777723076917, 5183.065184615384], [17717.777723076917, 5152.305153846153], [17717.777723076917, 5121.545123076922], [17717.777723076917, 5090.785092307691], [17717.777723076917, 5060.025061538461], [17733.157738461534, 5044.645046153845], [17748.537753846147, 5029.26503076923], [17748.537753846147, 4998.504999999999], [17748.537753846147, 4967.744969230768], [17748.537753846147, 4936.984938461538], [17763.917769230764, 4921.604923076922], [17779.29778461538, 4906.224907692307], [17794.677799999994, 4890.844892307691], [17810.05781538461, 4875.464876923076], [17825.437830769224, 4860.084861538461], [17840.81784615384, 4844.704846153845], [17856.197861538458, 4829.32483076923], [17871.57787692307, 4813.944815384615], [17886.957892307688, 4798.564799999999], [17902.3379076923, 4783.184784615384], [17917.717923076918, 4767.804769230768], [17948.477953846148, 4767.804769230768], [17963.857969230765, 4752.424753846153], [17979.237984615378, 4737.044738461538], [17994.617999999995, 4721.664723076922], [18009.99801538461, 4706.284707692307], [18025.378030769225, 4690.904692307692], [18040.758046153842, 4675.524676923076], [18056.138061538455, 4660.144661538461], [18071.518076923072, 4644.764646153845], [18086.89809230769, 4629.38463076923], [18102.278107692302, 4614.004615384615], [18133.038138461532, 4614.004615384615], [18148.41815384615, 4598.624599999999], [18163.798169230766, 4583.244584615384], [18179.17818461538, 4567.864569230768], [18179.17818461538, 4537.104538461538], [18179.17818461538, 4506.344507692307], [18194.558199999996, 4490.964492307692], [18209.93821538461, 4475.584476923076], [18209.93821538461, 4444.824446153845], [18225.318230769226, 4429.44443076923], [18240.698246153843, 4414.064415384615], [18256.078261538456, 4398.684399999999], [18271.458276923073, 4383.304384615384], [18286.838292307686, 4367.924369230769], [18317.598323076916, 4367.924369230769], [18332.978338461533, 4352.544353846153], [18348.35835384615, 4337.164338461538], [18379.11838461538, 4337.164338461538], [18409.87841538461, 4337.164338461538], [18440.63844615384, 4337.164338461538], [18456.018461538457, 4321.784323076922], [18471.39847692307, 4306.404307692307], [18502.158507692304, 4306.404307692307], [18517.538523076917, 4291.024292307692], [18532.918538461534, 4275.644276923076], [18548.298553846147, 4260.264261538461], [18563.678569230764, 4244.884246153845], [18579.05858461538, 4229.50423076923], [18594.438599999994, 4214.124215384615], [18609.81861538461, 4198.744199999999], [18625.198630769224, 4183.364184615384], [18640.57864615384, 4167.984169230769], [18640.57864615384, 4137.224138461538], [18655.958661538458, 4121.844123076922], [18671.33867692307, 4106.464107692307], [18671.33867692307, 4075.704076923076], [18671.33867692307, 4044.944046153845], [18671.33867692307, 4014.1840153846147], [18671.33867692307, 3983.4239846153837], [18655.958661538458, 3968.043969230768], [18640.57864615384, 3952.663953846153], [18640.57864615384, 3921.903923076922], [18655.958661538458, 3906.5239076923067], [18671.33867692307, 3891.143892307691], [18671.33867692307, 3860.3838615384607], [18686.718692307688, 3845.003846153845], [18702.0987076923, 3829.6238307692297], [18717.478723076918, 3814.2438153846147], [18732.858738461535, 3798.863799999999], [18732.858738461535, 3768.103769230768], [18748.238753846148, 3752.723753846153], [18778.998784615378, 3752.723753846153], [18809.75881538461, 3752.723753846153], [18825.138830769225, 3737.3437384615377], [18840.518846153842, 3721.963723076922], [18871.278876923072, 3721.963723076922], [18902.038907692302, 3721.963723076922], [18932.798938461532, 3721.963723076922], [18963.558969230762, 3721.963723076922], [18994.318999999996, 3721.963723076922], [19025.079030769226, 3721.963723076922], [19055.839061538456, 3721.963723076922], [19086.599092307686, 3721.963723076922], [19101.979107692303, 3706.5837076923067], [19117.359123076916, 3691.2036923076917], [19148.11915384615, 3691.2036923076917], [19163.499169230763, 3675.823676923076], [19178.87918461538, 3660.4436615384607], [19209.63921538461, 3660.4436615384607], [19225.019230769227, 3645.063646153845], [19240.39924615384, 3629.68363076923], [19271.15927692307, 3629.68363076923], [19286.539292307687, 3614.3036153846147], [19301.919307692304, 3598.923599999999], [19317.299323076917, 3583.5435846153837], [19317.299323076917, 3552.783553846153], [19332.679338461534, 3537.4035384615377], [19348.059353846147, 3522.023523076922], [19348.059353846147, 3491.2634923076916], [19363.439369230764, 3475.883476923076], [19378.81938461538, 3460.5034615384607], [19394.199399999994, 3445.123446153845], [19409.57941538461, 3429.74343076923], [19424.959430769224, 3414.3634153846147], [19440.33944615384, 3398.983399999999], [19455.719461538458, 3383.6033846153837], [19471.09947692307, 3398.983399999999], [19486.479492307688, 3414.3634153846147], [19517.239523076918, 3414.3634153846147], [19532.619538461535, 3429.74343076923], [19547.999553846148, 3445.123446153845], [19578.759584615378, 3445.123446153845], [19609.51961538461, 3445.123446153845], [19640.279646153842, 3445.123446153845], [19655.659661538455, 3460.5034615384607], [19671.039676923072, 3475.883476923076], [19686.419692307685, 3460.5034615384607], [19701.799707692302, 3445.123446153845], [19732.559738461532, 3445.123446153845], [19763.319769230762, 3445.123446153845], [19794.079799999996, 3445.123446153845], [19809.45981538461, 3429.74343076923], [19824.839830769226, 3414.3634153846147], [19855.599861538456, 3414.3634153846147], [19870.979876923073, 3398.983399999999], [19886.359892307686, 3383.6033846153837], [19917.119923076916, 3383.6033846153837], [19947.87995384615, 3383.6033846153837], [19963.259969230763, 3368.2233692307686], [19978.63998461538, 3352.843353846153], [20009.40001538461, 3352.843353846153], [20040.16004615384, 3352.843353846153], [20070.92007692307, 3352.843353846153], [20101.680107692304, 3352.843353846153], [20117.060123076917, 3337.4633384615377], [20132.440138461534, 3322.083323076922], [20163.200169230764, 3322.083323076922], [20193.960199999994, 3322.083323076922], [20224.720230769224, 3322.083323076922], [20255.480261538454, 3322.083323076922], [20270.86027692307, 3306.703307692307], [20286.240292307688, 3291.3232923076916], [20317.000323076918, 3291.3232923076916], [20347.760353846148, 3291.3232923076916], [20378.520384615378, 3291.3232923076916], [20409.28041538461, 3291.3232923076916], [20440.040446153842, 3291.3232923076916], [20470.800476923072, 3291.3232923076916], [20501.560507692302, 3291.3232923076916], [20532.320538461532, 3291.3232923076916], [20563.080569230762, 3291.3232923076916], [20593.840599999996, 3291.3232923076916], [20624.600630769226, 3291.3232923076916], [20655.360661538456, 3291.3232923076916], [20686.120692307686, 3291.3232923076916], [20701.500707692303, 3306.703307692307], [20716.880723076916, 3322.083323076922], [20747.64075384615, 3322.083323076922], [20778.40078461538, 3322.083323076922], [20809.16081538461, 3322.083323076922], [20839.92084615384, 3322.083323076922], [20870.68087692307, 3322.083323076922], [20901.4409076923, 3322.083323076922], [20932.200938461534, 3322.083323076922], [20962.960969230764, 3322.083323076922], [20993.720999999994, 3322.083323076922], [21024.481030769224, 3322.083323076922], [21055.241061538454, 3322.083323076922], [21086.001092307688, 3322.083323076922], [21116.761123076918, 3322.083323076922], [21147.521153846148, 3322.083323076922], [21178.281184615378, 3322.083323076922], [21209.04121538461, 3322.083323076922], [21239.801246153842, 3322.083323076922], [21270.561276923072, 3322.083323076922], [21301.321307692302, 3322.083323076922], [21332.081338461532, 3322.083323076922], [21362.841369230762, 3322.083323076922], [21393.601399999996, 3322.083323076922], [21408.98141538461, 3337.4633384615377], [21424.361430769226, 3352.843353846153], [21455.121461538456, 3352.843353846153], [21485.881492307686, 3352.843353846153], [21516.641523076916, 3352.843353846153], [21532.021538461533, 3368.2233692307686], [21547.401553846146, 3383.6033846153837], [21578.16158461538, 3383.6033846153837], [21608.92161538461, 3383.6033846153837], [21624.301630769223, 3398.983399999999], [21639.68164615384, 3414.3634153846147], [21670.44167692307, 3414.3634153846147], [21701.2017076923, 3414.3634153846147], [21731.961738461534, 3414.3634153846147], [21747.341753846147, 3429.74343076923], [21762.721769230764, 3445.123446153845], [21793.481799999994, 3445.123446153845], [21808.86181538461, 3460.5034615384607], [21824.241830769224, 3475.883476923076], [21855.001861538454, 3475.883476923076], [21870.38187692307, 3491.2634923076916], [21885.761892307688, 3506.6435076923067], [21901.1419076923, 3522.023523076922], [21916.521923076918, 3537.4035384615377], [21947.281953846148, 3537.4035384615377], [21962.661969230765, 3552.783553846153], [21978.041984615378, 3568.163569230768], [21993.421999999995, 3583.5435846153837], [22008.80201538461, 3598.923599999999], [22039.562046153842, 3598.923599999999], [22054.942061538455, 3614.3036153846147], [22070.322076923072, 3629.68363076923], [22085.702092307685, 3645.063646153845], [22101.082107692302, 3660.4436615384607], [22131.842138461532, 3660.4436615384607], [22147.22215384615, 3675.823676923076], [22162.602169230762, 3691.2036923076917], [22177.98218461538, 3706.5837076923067], [22193.362199999992, 3721.963723076922], [22208.74221538461, 3737.3437384615377], [22224.122230769226, 3752.723753846153], [22239.50224615384, 3768.103769230768], [22254.882261538456, 3783.4837846153837], [22270.26227692307, 3798.863799999999], [22285.642292307686, 3814.2438153846147], [22301.022307692303, 3829.6238307692297], [22316.402323076916, 3845.003846153845], [22347.162353846146, 3845.003846153845], [22362.542369230763, 3860.3838615384607], [22377.92238461538, 3875.763876923076], [22393.302399999993, 3891.143892307691], [22408.68241538461, 3906.5239076923067], [22424.062430769223, 3921.903923076922], [22439.44244615384, 3937.2839384615377], [22454.822461538457, 3952.663953846153], [22470.20247692307, 3968.043969230768], [22485.582492307687, 3983.4239846153837], [22500.9625076923, 3998.803999999999], [22516.342523076917, 4014.1840153846147], [22531.722538461534, 4029.5640307692297], [22547.102553846147, 4044.944046153845], [22562.482569230764, 4060.3240615384607], [22577.862584615377, 4075.704076923076], [22593.242599999994, 4091.0840923076917], [22608.62261538461, 4106.464107692307], [22624.002630769224, 4121.844123076922], [22639.38264615384, 4137.224138461538], [22639.38264615384, 4167.984169230769], [22654.762661538454, 4183.364184615384], [22670.14267692307, 4198.744199999999], [22685.522692307688, 4214.124215384615], [22700.9027076923, 4229.50423076923], [22716.282723076918, 4244.884246153845], [22731.66273846153, 4260.264261538461], [22731.66273846153, 4291.024292307692], [22747.042753846148, 4306.404307692307], [22762.422769230765, 4321.784323076922], [22777.80278461538, 4337.164338461538], [22793.182799999995, 4352.544353846153], [22808.56281538461, 4367.924369230769], [22823.942830769225, 4383.304384615384], [22839.32284615384, 4398.684399999999], [22854.702861538455, 4414.064415384615], [22870.082876923072, 4429.44443076923], [22885.462892307685, 4444.824446153845], [22900.842907692302, 4460.204461538461], [22916.222923076915, 4475.584476923076], [22916.222923076915, 4506.344507692307], [22931.602938461532, 4521.724523076922], [22946.98295384615, 4537.104538461538], [22962.362969230762, 4552.484553846153], [22977.74298461538, 4567.864569230768], [22993.122999999992, 4583.244584615384], [23008.50301538461, 4598.624599999999], [23023.883030769226, 4614.004615384615], [23039.26304615384, 4629.38463076923], [23054.643061538456, 4644.764646153845], [23070.02307692307, 4660.144661538461], [23085.403092307686, 4675.524676923076], [23100.783107692303, 4690.904692307692], [23100.783107692303, 4721.664723076922], [23116.163123076916, 4737.044738461538], [23131.543138461533, 4752.424753846153], [23146.923153846146, 4767.804769230768], [23162.303169230763, 4783.184784615384], [23177.68318461538, 4798.564799999999], [23193.063199999993, 4813.944815384615], [23193.063199999993, 4844.704846153845], [23208.44321538461, 4860.084861538461], [23223.823230769223, 4875.464876923076], [23223.823230769223, 4906.224907692307], [23239.20324615384, 4921.604923076922], [23254.583261538457, 4936.984938461538], [23254.583261538457, 4967.744969230768], [23269.96327692307, 4983.124984615384], [23285.343292307687, 4998.504999999999], [23285.343292307687, 5029.26503076923], [23285.343292307687, 5060.025061538461], [23300.7233076923, 5075.405076923076], [23316.103323076917, 5090.785092307691], [23316.103323076917, 5121.545123076922], [23316.103323076917, 5152.305153846153], [23316.103323076917, 5183.065184615384], [23331.483338461534, 5198.445199999999], [23346.863353846147, 5213.825215384614], [23346.863353846147, 5244.585246153845], [23346.863353846147, 5275.345276923076], [23362.243369230764, 5290.725292307691], [23377.623384615377, 5306.105307692307], [23377.623384615377, 5336.865338461538], [23377.623384615377, 5367.625369230768], [23393.003399999994, 5383.005384615384], [23408.38341538461, 5398.385399999999], [23408.38341538461, 5429.14543076923], [23408.38341538461, 5459.905461538461], [23423.763430769224, 5475.285476923076], [23439.14344615384, 5490.665492307691], [23439.14344615384, 5521.425523076922], [23439.14344615384, 5552.185553846153], [23454.523461538454, 5567.565569230768], [23469.90347692307, 5582.945584615384], [23485.283492307684, 5598.325599999999], [23500.6635076923, 5613.705615384614], [23500.6635076923, 5644.465646153845], [23516.043523076918, 5659.845661538461], [23531.42353846153, 5675.225676923076], [23546.803553846148, 5690.605692307691], [23562.18356923076, 5705.985707692307], [23562.18356923076, 5736.745738461537], [23562.18356923076, 5767.505769230768], [23577.56358461538, 5782.885784615384], [23592.943599999995, 5798.265799999999], [23592.943599999995, 5829.02583076923], [23592.943599999995, 5859.78586153846], [23592.943599999995, 5890.545892307691], [23608.32361538461, 5905.925907692307], [23623.703630769225, 5921.305923076922], [23639.08364615384, 5936.685938461537], [23669.843676923072, 5936.685938461537], [23685.223692307685, 5952.065953846153], [23700.603707692302, 5967.445969230768], [23731.363738461532, 5967.445969230768], [23746.74375384615, 5982.825984615384], [23762.123769230762, 5998.205999999999], [23777.50378461538, 6013.586015384614], [23792.883799999992, 6028.96603076923], [23808.26381538461, 6044.346046153845], [23823.643830769226, 6059.72606153846], [23839.02384615384, 6075.106076923076], [23839.02384615384, 6105.866107692307], [23854.403861538456, 6121.246123076922], [23869.78387692307, 6136.626138461537], [23869.78387692307, 6167.386169230768], [23885.163892307686, 6182.766184615383], [23900.543907692303, 6198.146199999999], [23900.543907692303, 6228.90623076923], [23900.543907692303, 6259.66626153846], [23900.543907692303, 6290.426292307691], [23900.543907692303, 6321.186323076922], [23915.923923076916, 6336.566338461537], [23931.303938461533, 6351.946353846153], [23931.303938461533, 6382.706384615383], [23931.303938461533, 6413.466415384614], [23931.303938461533, 6444.226446153845], [23931.303938461533, 6474.986476923076], [23931.303938461533, 6505.746507692306], [23946.683953846146, 6521.126523076922], [23962.063969230763, 6536.506538461537], [23962.063969230763, 6567.266569230768], [23962.063969230763, 6598.026599999999], [23962.063969230763, 6628.78663076923], [23962.063969230763, 6659.54666153846], [23962.063969230763, 6690.306692307691], [23962.063969230763, 6721.066723076922], [23946.683953846146, 6736.446738461537], [23931.303938461533, 6751.826753846153], [23931.303938461533, 6782.586784615383], [23931.303938461533, 6813.346815384614], [23931.303938461533, 6844.106846153845], [23931.303938461533, 6874.866876923076], [23931.303938461533, 6905.626907692306], [23931.303938461533, 6936.386938461537], [23915.923923076916, 6951.766953846153], [23900.543907692303, 6967.146969230768], [23900.543907692303, 6997.906999999999], [23885.163892307686, 7013.287015384614], [23869.78387692307, 7028.667030769229], [23854.403861538456, 7044.047046153845], [23839.02384615384, 7059.42706153846], [23823.643830769226, 7074.807076923076], [23792.883799999992, 7074.807076923076], [23777.50378461538, 7090.187092307691], [23762.123769230762, 7105.567107692306], [23746.74375384615, 7120.947123076922], [23731.363738461532, 7136.327138461537], [23715.983723076915, 7151.707153846152], [23700.603707692302, 7167.087169230768], [23669.843676923072, 7167.087169230768], [23654.463661538455, 7182.467184615383], [23639.08364615384, 7197.847199999999], [23608.32361538461, 7197.847199999999], [23577.56358461538, 7197.847199999999], [23546.803553846148, 7197.847199999999], [23531.42353846153, 7213.227215384614], [23516.043523076918, 7228.607230769229]], [[23439.14344615384, 6659.54666153846], [23454.523461538454, 6644.166646153845], [23469.90347692307, 6628.78663076923], [23485.283492307684, 6613.406615384614], [23500.6635076923, 6598.026599999999], [23516.043523076918, 6582.646584615383], [23531.42353846153, 6567.266569230768], [23531.42353846153, 6536.506538461537], [23531.42353846153, 6505.746507692306], [23531.42353846153, 6474.986476923076], [23531.42353846153, 6444.226446153845], [23516.043523076918, 6428.84643076923], [23500.6635076923, 6413.466415384614], [23500.6635076923, 6382.706384615383], [23500.6635076923, 6351.946353846153], [23500.6635076923, 6321.186323076922], [23485.283492307684, 6305.806307692307], [23469.90347692307, 6290.426292307691], [23469.90347692307, 6259.66626153846], [23454.523461538454, 6244.286246153845], [23439.14344615384, 6228.90623076923], [23439.14344615384, 6198.146199999999], [23423.763430769224, 6182.766184615383], [23408.38341538461, 6167.386169230768], [23393.003399999994, 6152.006153846153], [23377.623384615377, 6136.626138461537], [23377.623384615377, 6105.866107692307], [23362.243369230764, 6090.486092307691], [23346.863353846147, 6075.106076923076], [23346.863353846147, 6044.346046153845], [23331.483338461534, 6028.96603076923], [23316.103323076917, 6013.586015384614], [23316.103323076917, 5982.825984615384], [23300.7233076923, 5967.445969230768], [23285.343292307687, 5952.065953846153], [23285.343292307687, 5921.305923076922], [23269.96327692307, 5905.925907692307], [23254.583261538457, 5890.545892307691], [23254.583261538457, 5859.78586153846], [23239.20324615384, 5844.405846153845], [23223.823230769223, 5829.02583076923], [23223.823230769223, 5798.265799999999], [23208.44321538461, 5782.885784615384], [23193.063199999993, 5767.505769230768], [23193.063199999993, 5736.745738461537], [23193.063199999993, 5705.985707692307], [23193.063199999993, 5675.225676923076], [23193.063199999993, 5644.465646153845], [23177.68318461538, 5629.08563076923], [23162.303169230763, 5613.705615384614], [23162.303169230763, 5582.945584615384], [23162.303169230763, 5552.185553846153], [23146.923153846146, 5536.805538461537], [23131.543138461533, 5521.425523076922], [23131.543138461533, 5490.665492307691], [23131.543138461533, 5459.905461538461], [23131.543138461533, 5429.14543076923], [23131.543138461533, 5398.385399999999], [23116.163123076916, 5383.005384615384], [23100.783107692303, 5367.625369230768], [23100.783107692303, 5336.865338461538], [23100.783107692303, 5306.105307692307], [23100.783107692303, 5275.345276923076], [23100.783107692303, 5244.585246153845], [23100.783107692303, 5213.825215384614], [23100.783107692303, 5183.065184615384], [23100.783107692303, 5152.305153846153], [23100.783107692303, 5121.545123076922], [23100.783107692303, 5090.785092307691], [23100.783107692303, 5060.025061538461], [23085.403092307686, 5044.645046153845], [23070.02307692307, 5029.26503076923], [23070.02307692307, 4998.504999999999], [23054.643061538456, 4983.124984615384], [23039.26304615384, 4967.744969230768], [23039.26304615384, 4936.984938461538], [23023.883030769226, 4921.604923076922], [23008.50301538461, 4906.224907692307], [23008.50301538461, 4875.464876923076], [22993.122999999992, 4860.084861538461], [22977.74298461538, 4844.704846153845], [22962.362969230762, 4829.32483076923], [22946.98295384615, 4813.944815384615], [22946.98295384615, 4783.184784615384], [22931.602938461532, 4767.804769230768], [22916.222923076915, 4752.424753846153], [22900.842907692302, 4737.044738461538], [22885.462892307685, 4721.664723076922], [22870.082876923072, 4706.284707692307], [22854.702861538455, 4690.904692307692], [22839.32284615384, 4675.524676923076], [22808.56281538461, 4675.524676923076], [22793.182799999995, 4660.144661538461], [22777.80278461538, 4644.764646153845], [22762.422769230765, 4629.38463076923], [22747.042753846148, 4614.004615384615], [22731.66273846153, 4598.624599999999], [22716.282723076918, 4583.244584615384], [22700.9027076923, 4567.864569230768], [22700.9027076923, 4537.104538461538], [22685.522692307688, 4521.724523076922], [22670.14267692307, 4506.344507692307], [22654.762661538454, 4490.964492307692], [22639.38264615384, 4475.584476923076], [22624.002630769224, 4460.204461538461], [22608.62261538461, 4444.824446153845], [22593.242599999994, 4429.44443076923], [22577.862584615377, 4414.064415384615], [22562.482569230764, 4398.684399999999], [22547.102553846147, 4383.304384615384], [22531.722538461534, 4367.924369230769], [22516.342523076917, 4352.544353846153], [22516.342523076917, 4321.784323076922], [22500.9625076923, 4306.404307692307], [22485.582492307687, 4291.024292307692], [22470.20247692307, 4275.644276923076], [22454.822461538457, 4260.264261538461], [22439.44244615384, 4244.884246153845], [22424.062430769223, 4229.50423076923], [22408.68241538461, 4214.124215384615], [22393.302399999993, 4198.744199999999], [22377.92238461538, 4183.364184615384], [22362.542369230763, 4167.984169230769], [22347.162353846146, 4152.604153846153], [22331.782338461533, 4137.224138461538], [22316.402323076916, 4121.844123076922], [22301.022307692303, 4106.464107692307], [22285.642292307686, 4091.0840923076917], [22270.26227692307, 4075.704076923076], [22254.882261538456, 4060.3240615384607], [22239.50224615384, 4044.944046153845], [22224.122230769226, 4029.5640307692297], [22193.362199999992, 4029.5640307692297], [22177.98218461538, 4014.1840153846147], [22162.602169230762, 3998.803999999999], [22131.842138461532, 3998.803999999999], [22116.46212307692, 3983.4239846153837], [22101.082107692302, 3968.043969230768], [22085.702092307685, 3952.663953846153], [22070.322076923072, 3937.2839384615377], [22054.942061538455, 3921.903923076922], [22039.562046153842, 3906.5239076923067], [22024.182030769225, 3891.143892307691], [22008.80201538461, 3875.763876923076], [21993.421999999995, 3860.3838615384607], [21978.041984615378, 3845.003846153845], [21962.661969230765, 3829.6238307692297], [21947.281953846148, 3814.2438153846147], [21931.90193846153, 3798.863799999999], [21916.521923076918, 3783.4837846153837], [21901.1419076923, 3768.103769230768], [21885.761892307688, 3752.723753846153], [21855.001861538454, 3752.723753846153], [21839.62184615384, 3737.3437384615377], [21824.241830769224, 3721.963723076922], [21808.86181538461, 3706.5837076923067], [21793.481799999994, 3691.2036923076917], [21778.101784615377, 3675.823676923076], [21762.721769230764, 3660.4436615384607], [21747.341753846147, 3645.063646153845], [21731.961738461534, 3629.68363076923], [21716.581723076917, 3614.3036153846147], [21701.2017076923, 3598.923599999999], [21670.44167692307, 3598.923599999999], [21639.68164615384, 3598.923599999999], [21624.301630769223, 3583.5435846153837], [21608.92161538461, 3568.163569230768], [21578.16158461538, 3568.163569230768], [21547.401553846146, 3568.163569230768], [21516.641523076916, 3568.163569230768], [21485.881492307686, 3568.163569230768], [21470.501476923073, 3552.783553846153], [21455.121461538456, 3537.4035384615377], [21424.361430769226, 3537.4035384615377], [21393.601399999996, 3537.4035384615377], [21362.841369230762, 3537.4035384615377], [21332.081338461532, 3537.4035384615377], [21316.70132307692, 3522.023523076922], [21301.321307692302, 3506.6435076923067], [21285.941292307685, 3522.023523076922], [21270.561276923072, 3537.4035384615377], [21255.181261538455, 3522.023523076922], [21239.801246153842, 3506.6435076923067], [21224.421230769225, 3522.023523076922], [21209.04121538461, 3537.4035384615377], [21178.281184615378, 3537.4035384615377], [21147.521153846148, 3537.4035384615377], [21116.761123076918, 3537.4035384615377], [21101.3811076923, 3552.783553846153], [21086.001092307688, 3568.163569230768], [21055.241061538454, 3568.163569230768], [21039.86104615384, 3583.5435846153837], [21024.481030769224, 3598.923599999999], [21009.10101538461, 3614.3036153846147], [20993.720999999994, 3629.68363076923], [20978.340984615377, 3645.063646153845], [20962.960969230764, 3660.4436615384607], [20947.580953846147, 3675.823676923076], [20932.200938461534, 3691.2036923076917], [20916.820923076917, 3706.5837076923067], [20916.820923076917, 3737.3437384615377], [20916.820923076917, 3768.103769230768], [20916.820923076917, 3798.863799999999], [20901.4409076923, 3814.2438153846147], [20886.060892307687, 3829.6238307692297], [20901.4409076923, 3845.003846153845], [20916.820923076917, 3860.3838615384607], [20901.4409076923, 3875.763876923076], [20886.060892307687, 3891.143892307691], [20886.060892307687, 3921.903923076922], [20901.4409076923, 3937.2839384615377], [20916.820923076917, 3952.663953846153], [20916.820923076917, 3983.4239846153837], [20932.200938461534, 3998.803999999999], [20947.580953846147, 4014.1840153846147], [20947.580953846147, 4044.944046153845], [20947.580953846147, 4075.704076923076], [20962.960969230764, 4091.0840923076917], [20978.340984615377, 4106.464107692307], [20978.340984615377, 4137.224138461538], [20978.340984615377, 4167.984169230769], [20978.340984615377, 4198.744199999999], [20978.340984615377, 4229.50423076923], [20978.340984615377, 4260.264261538461], [20993.720999999994, 4275.644276923076], [21009.10101538461, 4291.024292307692], [21024.481030769224, 4306.404307692307], [21039.86104615384, 4321.784323076922], [21055.241061538454, 4337.164338461538], [21070.62107692307, 4352.544353846153], [21086.001092307688, 4367.924369230769], [21116.761123076918, 4367.924369230769], [21132.14113846153, 4383.304384615384], [21147.521153846148, 4398.684399999999], [21162.901169230765, 4383.304384615384], [21178.281184615378, 4367.924369230769], [21209.04121538461, 4367.924369230769], [21239.801246153842, 4367.924369230769], [21270.561276923072, 4367.924369230769], [21285.941292307685, 4352.544353846153], [21301.321307692302, 4337.164338461538], [21332.081338461532, 4337.164338461538], [21347.46135384615, 4321.784323076922], [21362.841369230762, 4306.404307692307], [21393.601399999996, 4306.404307692307], [21408.98141538461, 4291.024292307692], [21424.361430769226, 4275.644276923076], [21439.74144615384, 4260.264261538461], [21455.121461538456, 4244.884246153845], [21470.501476923073, 4229.50423076923], [21485.881492307686, 4214.124215384615], [21516.641523076916, 4214.124215384615], [21547.401553846146, 4214.124215384615], [21578.16158461538, 4214.124215384615], [21593.541599999993, 4229.50423076923], [21608.92161538461, 4244.884246153845], [21624.301630769223, 4229.50423076923], [21639.68164615384, 4214.124215384615], [21655.061661538457, 4229.50423076923], [21670.44167692307, 4244.884246153845], [21685.821692307687, 4260.264261538461], [21701.2017076923, 4275.644276923076], [21716.581723076917, 4291.024292307692], [21716.581723076917, 4321.784323076922], [21731.961738461534, 4337.164338461538], [21747.341753846147, 4352.544353846153], [21731.961738461534, 4367.924369230769], [21716.581723076917, 4383.304384615384], [21701.2017076923, 4398.684399999999], [21685.821692307687, 4414.064415384615], [21670.44167692307, 4429.44443076923], [21655.061661538457, 4444.824446153845], [21639.68164615384, 4460.204461538461], [21624.301630769223, 4475.584476923076], [21624.301630769223, 4506.344507692307], [21624.301630769223, 4537.104538461538], [21639.68164615384, 4552.484553846153], [21655.061661538457, 4567.864569230768], [21670.44167692307, 4583.244584615384], [21685.821692307687, 4598.624599999999], [21701.2017076923, 4614.004615384615], [21716.581723076917, 4629.38463076923], [21731.961738461534, 4644.764646153845], [21747.341753846147, 4660.144661538461], [21762.721769230764, 4675.524676923076], [21778.101784615377, 4690.904692307692], [21793.481799999994, 4706.284707692307], [21824.241830769224, 4706.284707692307], [21839.62184615384, 4721.664723076922], [21855.001861538454, 4737.044738461538], [21885.761892307688, 4737.044738461538], [21916.521923076918, 4737.044738461538], [21947.281953846148, 4737.044738461538], [21962.661969230765, 4721.664723076922], [21978.041984615378, 4706.284707692307], [21993.421999999995, 4721.664723076922], [22008.80201538461, 4737.044738461538], [22039.562046153842, 4737.044738461538], [22070.322076923072, 4737.044738461538], [22101.082107692302, 4737.044738461538], [22116.46212307692, 4752.424753846153], [22131.842138461532, 4767.804769230768], [22162.602169230762, 4767.804769230768], [22177.98218461538, 4783.184784615384], [22193.362199999992, 4798.564799999999], [22208.74221538461, 4813.944815384615], [22224.122230769226, 4829.32483076923], [22239.50224615384, 4844.704846153845], [22254.882261538456, 4860.084861538461], [22270.26227692307, 4875.464876923076], [22285.642292307686, 4890.844892307691], [22301.022307692303, 4906.224907692307], [22316.402323076916, 4921.604923076922], [22331.782338461533, 4936.984938461538], [22347.162353846146, 4952.364953846153], [22362.542369230763, 4967.744969230768], [22362.542369230763, 4998.504999999999], [22347.162353846146, 5013.885015384615], [22331.782338461533, 5029.26503076923], [22347.162353846146, 5044.645046153845], [22362.542369230763, 5060.025061538461], [22377.92238461538, 5075.405076923076], [22393.302399999993, 5090.785092307691], [22408.68241538461, 5106.165107692307], [22424.062430769223, 5121.545123076922], [22439.44244615384, 5136.925138461538], [22454.822461538457, 5152.305153846153], [22470.20247692307, 5167.685169230768], [22485.582492307687, 5183.065184615384], [22500.9625076923, 5198.445199999999], [22516.342523076917, 5213.825215384614], [22531.722538461534, 5229.20523076923], [22547.102553846147, 5244.585246153845], [22547.102553846147, 5275.345276923076], [22562.482569230764, 5290.725292307691], [22577.862584615377, 5306.105307692307], [22593.242599999994, 5321.485323076922], [22608.62261538461, 5336.865338461538], [22624.002630769224, 5352.245353846153], [22639.38264615384, 5367.625369230768], [22654.762661538454, 5383.005384615384], [22670.14267692307, 5398.385399999999], [22670.14267692307, 5429.14543076923], [22685.522692307688, 5444.525446153845], [22700.9027076923, 5459.905461538461], [22700.9027076923, 5490.665492307691], [22716.282723076918, 5506.045507692307], [22731.66273846153, 5521.425523076922], [22731.66273846153, 5552.185553846153], [22716.282723076918, 5567.565569230768], [22700.9027076923, 5582.945584615384], [22685.522692307688, 5598.325599999999], [22670.14267692307, 5613.705615384614], [22654.762661538454, 5629.08563076923], [22639.38264615384, 5644.465646153845], [22624.002630769224, 5659.845661538461], [22608.62261538461, 5644.465646153845], [22593.242599999994, 5629.08563076923], [22577.862584615377, 5644.465646153845], [22562.482569230764, 5659.845661538461], [22547.102553846147, 5675.225676923076], [22531.722538461534, 5690.605692307691], [22516.342523076917, 5705.985707692307], [22516.342523076917, 5736.745738461537], [22516.342523076917, 5767.505769230768], [22516.342523076917, 5798.265799999999], [22516.342523076917, 5829.02583076923], [22516.342523076917, 5859.78586153846], [22516.342523076917, 5890.545892307691], [22531.722538461534, 5905.925907692307], [22547.102553846147, 5921.305923076922], [22562.482569230764, 5936.685938461537], [22577.862584615377, 5952.065953846153], [22593.242599999994, 5967.445969230768], [22608.62261538461, 5982.825984615384], [22624.002630769224, 5998.205999999999], [22639.38264615384, 6013.586015384614], [22654.762661538454, 6028.96603076923], [22670.14267692307, 6044.346046153845], [22685.522692307688, 6059.72606153846], [22716.282723076918, 6059.72606153846], [22747.042753846148, 6059.72606153846], [22762.422769230765, 6075.106076923076], [22777.80278461538, 6090.486092307691], [22808.56281538461, 6090.486092307691], [22823.942830769225, 6075.106076923076], [22839.32284615384, 6059.72606153846], [22870.082876923072, 6059.72606153846], [22900.842907692302, 6059.72606153846], [22931.602938461532, 6059.72606153846], [22946.98295384615, 6075.106076923076], [22962.362969230762, 6090.486092307691], [22993.122999999992, 6090.486092307691], [23023.883030769226, 6090.486092307691], [23054.643061538456, 6090.486092307691], [23070.02307692307, 6105.866107692307], [23085.403092307686, 6121.246123076922], [23100.783107692303, 6136.626138461537], [23116.163123076916, 6152.006153846153], [23131.543138461533, 6167.386169230768], [23131.543138461533, 6198.146199999999], [23131.543138461533, 6228.90623076923], [23146.923153846146, 6244.286246153845], [23162.303169230763, 6259.66626153846], [23177.68318461538, 6275.046276923076], [23193.063199999993, 6290.426292307691], [23193.063199999993, 6321.186323076922], [23208.44321538461, 6336.566338461537], [23223.823230769223, 6351.946353846153], [23223.823230769223, 6382.706384615383], [23223.823230769223, 6413.466415384614], [23223.823230769223, 6444.226446153845], [23223.823230769223, 6474.986476923076], [23239.20324615384, 6490.366492307691], [23254.583261538457, 6505.746507692306], [23254.583261538457, 6536.506538461537], [23254.583261538457, 6567.266569230768], [23269.96327692307, 6582.646584615383], [23285.343292307687, 6598.026599999999], [23300.7233076923, 6613.406615384614], [23316.103323076917, 6628.78663076923], [23331.483338461534, 6644.166646153845], [23346.863353846147, 6659.54666153846], [23362.243369230764, 6674.926676923076], [23393.003399999994, 6674.926676923076], [23423.763430769224, 6674.926676923076], [23439.14344615384, 6659.54666153846]], [[18548.298553846147, 5675.225676923076], [18563.678569230764, 5659.845661538461], [18579.05858461538, 5644.465646153845], [18594.438599999994, 5629.08563076923], [18609.81861538461, 5613.705615384614], [18609.81861538461, 5582.945584615384], [18609.81861538461, 5552.185553846153], [18609.81861538461, 5521.425523076922], [18625.198630769224, 5506.045507692307], [18640.57864615384, 5490.665492307691], [18640.57864615384, 5459.905461538461], [18625.198630769224, 5444.525446153845], [18609.81861538461, 5429.14543076923], [18625.198630769224, 5413.765415384614], [18640.57864615384, 5398.385399999999], [18655.958661538458, 5383.005384615384], [18671.33867692307, 5367.625369230768], [18686.718692307688, 5352.245353846153], [18702.0987076923, 5336.865338461538], [18717.478723076918, 5321.485323076922], [18732.858738461535, 5306.105307692307], [18748.238753846148, 5290.725292307691], [18763.618769230765, 5275.345276923076], [18778.998784615378, 5259.965261538461], [18794.378799999995, 5244.585246153845], [18809.75881538461, 5229.20523076923], [18825.138830769225, 5213.825215384614], [18840.518846153842, 5198.445199999999], [18855.898861538455, 5183.065184615384], [18871.278876923072, 5167.685169230768], [18886.65889230769, 5152.305153846153], [18902.038907692302, 5136.925138461538], [18917.41892307692, 5121.545123076922], [18932.798938461532, 5106.165107692307], [18948.17895384615, 5090.785092307691], [18963.558969230762, 5075.405076923076], [18978.93898461538, 5060.025061538461], [18994.318999999996, 5044.645046153845], [19025.079030769226, 5044.645046153845], [19055.839061538456, 5044.645046153845], [19086.599092307686, 5044.645046153845], [19117.359123076916, 5044.645046153845], [19148.11915384615, 5044.645046153845], [19178.87918461538, 5044.645046153845], [19194.259199999993, 5029.26503076923], [19209.63921538461, 5013.885015384615], [19225.019230769227, 4998.504999999999], [19240.39924615384, 4983.124984615384], [19271.15927692307, 4983.124984615384], [19286.539292307687, 4967.744969230768], [19301.919307692304, 4952.364953846153], [19317.299323076917, 4936.984938461538], [19332.679338461534, 4921.604923076922], [19348.059353846147, 4906.224907692307], [19348.059353846147, 4875.464876923076], [19348.059353846147, 4844.704846153845], [19363.439369230764, 4829.32483076923], [19378.81938461538, 4813.944815384615], [19378.81938461538, 4783.184784615384], [19378.81938461538, 4752.424753846153], [19378.81938461538, 4721.664723076922], [19378.81938461538, 4690.904692307692], [19378.81938461538, 4660.144661538461], [19378.81938461538, 4629.38463076923], [19394.199399999994, 4614.004615384615], [19409.57941538461, 4598.624599999999], [19409.57941538461, 4567.864569230768], [19409.57941538461, 4537.104538461538], [19424.959430769224, 4521.724523076922], [19440.33944615384, 4506.344507692307], [19440.33944615384, 4475.584476923076], [19455.719461538458, 4460.204461538461], [19471.09947692307, 4444.824446153845], [19486.479492307688, 4429.44443076923], [19501.8595076923, 4414.064415384615], [19501.8595076923, 4383.304384615384], [19517.239523076918, 4367.924369230769], [19532.619538461535, 4352.544353846153], [19532.619538461535, 4321.784323076922], [19547.999553846148, 4306.404307692307], [19563.379569230765, 4291.024292307692], [19578.759584615378, 4275.644276923076], [19594.139599999995, 4260.264261538461], [19594.139599999995, 4229.50423076923], [19609.51961538461, 4214.124215384615], [19624.899630769225, 4198.744199999999], [19609.51961538461, 4183.364184615384], [19594.139599999995, 4167.984169230769], [19578.759584615378, 4152.604153846153], [19563.379569230765, 4137.224138461538], [19547.999553846148, 4121.844123076922], [19532.619538461535, 4137.224138461538], [19517.239523076918, 4152.604153846153], [19486.479492307688, 4152.604153846153], [19455.719461538458, 4152.604153846153], [19440.33944615384, 4167.984169230769], [19424.959430769224, 4183.364184615384], [19409.57941538461, 4198.744199999999], [19394.199399999994, 4214.124215384615], [19378.81938461538, 4229.50423076923], [19363.439369230764, 4244.884246153845], [19348.059353846147, 4260.264261538461], [19332.679338461534, 4275.644276923076], [19301.919307692304, 4275.644276923076], [19271.15927692307, 4275.644276923076], [19240.39924615384, 4275.644276923076], [19225.019230769227, 4260.264261538461], [19209.63921538461, 4244.884246153845], [19194.259199999993, 4260.264261538461], [19178.87918461538, 4275.644276923076], [19148.11915384615, 4275.644276923076], [19117.359123076916, 4275.644276923076], [19101.979107692303, 4291.024292307692], [19086.599092307686, 4306.404307692307], [19071.219076923073, 4291.024292307692], [19055.839061538456, 4275.644276923076], [19040.45904615384, 4291.024292307692], [19025.079030769226, 4306.404307692307], [19009.69901538461, 4291.024292307692], [18994.318999999996, 4275.644276923076], [18963.558969230762, 4275.644276923076], [18932.798938461532, 4275.644276923076], [18917.41892307692, 4291.024292307692], [18902.038907692302, 4306.404307692307], [18886.65889230769, 4321.784323076922], [18871.278876923072, 4337.164338461538], [18840.518846153842, 4337.164338461538], [18825.138830769225, 4352.544353846153], [18809.75881538461, 4367.924369230769], [18794.378799999995, 4383.304384615384], [18778.998784615378, 4398.684399999999], [18763.618769230765, 4414.064415384615], [18748.238753846148, 4429.44443076923], [18732.858738461535, 4444.824446153845], [18717.478723076918, 4460.204461538461], [18702.0987076923, 4475.584476923076], [18686.718692307688, 4490.964492307692], [18671.33867692307, 4506.344507692307], [18655.958661538458, 4521.724523076922], [18640.57864615384, 4537.104538461538], [18625.198630769224, 4552.484553846153], [18609.81861538461, 4567.864569230768], [18594.438599999994, 4583.244584615384], [18579.05858461538, 4598.624599999999], [18563.678569230764, 4614.004615384615], [18548.298553846147, 4629.38463076923], [18532.918538461534, 4644.764646153845], [18517.538523076917, 4660.144661538461], [18517.538523076917, 4690.904692307692], [18502.158507692304, 4706.284707692307], [18486.778492307687, 4721.664723076922], [18471.39847692307, 4737.044738461538], [18456.018461538457, 4752.424753846153], [18456.018461538457, 4783.184784615384], [18440.63844615384, 4798.564799999999], [18425.258430769227, 4813.944815384615], [18409.87841538461, 4829.32483076923], [18394.498399999993, 4844.704846153845], [18379.11838461538, 4860.084861538461], [18363.738369230763, 4875.464876923076], [18363.738369230763, 4906.224907692307], [18348.35835384615, 4921.604923076922], [18332.978338461533, 4936.984938461538], [18332.978338461533, 4967.744969230768], [18317.598323076916, 4983.124984615384], [18302.218307692303, 4998.504999999999], [18302.218307692303, 5029.26503076923], [18302.218307692303, 5060.025061538461], [18302.218307692303, 5090.785092307691], [18302.218307692303, 5121.545123076922], [18286.838292307686, 5136.925138461538], [18271.458276923073, 5152.305153846153], [18271.458276923073, 5183.065184615384], [18286.838292307686, 5198.445199999999], [18302.218307692303, 5213.825215384614], [18302.218307692303, 5244.585246153845], [18317.598323076916, 5259.965261538461], [18332.978338461533, 5275.345276923076], [18348.35835384615, 5290.725292307691], [18363.738369230763, 5306.105307692307], [18363.738369230763, 5336.865338461538], [18363.738369230763, 5367.625369230768], [18348.35835384615, 5383.005384615384], [18332.978338461533, 5398.385399999999], [18348.35835384615, 5413.765415384614], [18363.738369230763, 5429.14543076923], [18379.11838461538, 5444.525446153845], [18394.498399999993, 5459.905461538461], [18409.87841538461, 5475.285476923076], [18425.258430769227, 5490.665492307691], [18440.63844615384, 5506.045507692307], [18456.018461538457, 5521.425523076922], [18456.018461538457, 5552.185553846153], [18456.018461538457, 5582.945584615384], [18456.018461538457, 5613.705615384614], [18471.39847692307, 5629.08563076923], [18486.778492307687, 5644.465646153845], [18502.158507692304, 5659.845661538461], [18517.538523076917, 5675.225676923076], [18532.918538461534, 5690.605692307691], [18548.298553846147, 5675.225676923076]], [[20147.820153846147, 4167.984169230769], [20163.200169230764, 4152.604153846153], [20193.960199999994, 4152.604153846153], [20224.720230769224, 4152.604153846153], [20255.480261538454, 4152.604153846153], [20270.86027692307, 4137.224138461538], [20286.240292307688, 4121.844123076922], [20317.000323076918, 4121.844123076922], [20347.760353846148, 4121.844123076922], [20378.520384615378, 4121.844123076922], [20409.28041538461, 4121.844123076922], [20424.660430769225, 4106.464107692307], [20440.040446153842, 4091.0840923076917], [20470.800476923072, 4091.0840923076917], [20486.180492307685, 4075.704076923076], [20501.560507692302, 4060.3240615384607], [20516.94052307692, 4044.944046153845], [20532.320538461532, 4029.5640307692297], [20547.70055384615, 4014.1840153846147], [20563.080569230762, 3998.803999999999], [20578.46058461538, 3983.4239846153837], [20593.840599999996, 3968.043969230768], [20609.22061538461, 3952.663953846153], [20624.600630769226, 3937.2839384615377], [20639.98064615384, 3921.903923076922], [20624.600630769226, 3906.5239076923067], [20609.22061538461, 3891.143892307691], [20593.840599999996, 3875.763876923076], [20578.46058461538, 3860.3838615384607], [20563.080569230762, 3845.003846153845], [20547.70055384615, 3829.6238307692297], [20563.080569230762, 3814.2438153846147], [20578.46058461538, 3798.863799999999], [20578.46058461538, 3768.103769230768], [20563.080569230762, 3752.723753846153], [20547.70055384615, 3737.3437384615377], [20547.70055384615, 3706.5837076923067], [20532.320538461532, 3691.2036923076917], [20516.94052307692, 3675.823676923076], [20516.94052307692, 3645.063646153845], [20501.560507692302, 3629.68363076923], [20486.180492307685, 3614.3036153846147], [20470.800476923072, 3598.923599999999], [20455.420461538455, 3583.5435846153837], [20440.040446153842, 3568.163569230768], [20424.660430769225, 3552.783553846153], [20409.28041538461, 3537.4035384615377], [20378.520384615378, 3537.4035384615377], [20347.760353846148, 3537.4035384615377], [20332.38033846153, 3552.783553846153], [20317.000323076918, 3568.163569230768], [20286.240292307688, 3568.163569230768], [20270.86027692307, 3583.5435846153837], [20255.480261538454, 3598.923599999999], [20224.720230769224, 3598.923599999999], [20209.34021538461, 3614.3036153846147], [20193.960199999994, 3629.68363076923], [20163.200169230764, 3629.68363076923], [20132.440138461534, 3629.68363076923], [20117.060123076917, 3645.063646153845], [20101.680107692304, 3660.4436615384607], [20070.92007692307, 3660.4436615384607], [20040.16004615384, 3660.4436615384607], [20024.780030769227, 3675.823676923076], [20009.40001538461, 3691.2036923076917], [19994.019999999993, 3675.823676923076], [19978.63998461538, 3660.4436615384607], [19963.259969230763, 3675.823676923076], [19947.87995384615, 3691.2036923076917], [19917.119923076916, 3691.2036923076917], [19901.739907692303, 3706.5837076923067], [19886.359892307686, 3721.963723076922], [19870.979876923073, 3737.3437384615377], [19855.599861538456, 3752.723753846153], [19840.21984615384, 3768.103769230768], [19840.21984615384, 3798.863799999999], [19840.21984615384, 3829.6238307692297], [19824.839830769226, 3845.003846153845], [19809.45981538461, 3860.3838615384607], [19794.079799999996, 3875.763876923076], [19778.69978461538, 3891.143892307691], [19763.319769230762, 3906.5239076923067], [19747.93975384615, 3921.903923076922], [19747.93975384615, 3952.663953846153], [19747.93975384615, 3983.4239846153837], [19732.559738461532, 3998.803999999999], [19717.17972307692, 4014.1840153846147], [19732.559738461532, 4029.5640307692297], [19747.93975384615, 4044.944046153845], [19763.319769230762, 4060.3240615384607], [19778.69978461538, 4075.704076923076], [19794.079799999996, 4091.0840923076917], [19809.45981538461, 4106.464107692307], [19824.839830769226, 4121.844123076922], [19840.21984615384, 4137.224138461538], [19855.599861538456, 4152.604153846153], [19870.979876923073, 4167.984169230769], [19886.359892307686, 4183.364184615384], [19917.119923076916, 4183.364184615384], [19947.87995384615, 4183.364184615384], [19978.63998461538, 4183.364184615384], [20009.40001538461, 4183.364184615384], [20040.16004615384, 4183.364184615384], [20070.92007692307, 4183.364184615384], [20101.680107692304, 4183.364184615384], [20132.440138461534, 4183.364184615384], [20147.820153846147, 4167.984169230769]]]}, "properties": {"objectType": "annotation", "name": "P3_1_C|peri", "classification": {"name": "peri", "color": [25, 158, 112]}, "lesion_id": 0, "section": "P3_1_C", "area_um2": 840900.0000000001, "lesion_ids": [2, 3, 5]}}, {"type": "Feature", "geometry": {"type": "Polygon", "coordinates": [[[27422.567430769224, 12180.972184615383], [27391.807399999994, 12180.972184615383], [27361.04736923076, 12180.972184615383], [27345.667353846147, 12165.592169230767], [27330.28733846153, 12150.212153846152], [27299.5273076923, 12150.212153846152], [27268.76727692307, 12150.212153846152], [27238.00724615384, 12150.212153846152], [27222.627230769223, 12134.832138461536], [27207.24721538461, 12119.45212307692], [27176.487184615376, 12119.45212307692], [27145.727153846146, 12119.45212307692], [27114.967123076916, 12119.45212307692], [27084.207092307686, 12119.45212307692], [27053.447061538456, 12119.45212307692], [27038.06704615384, 12104.072107692306], [27022.687030769222, 12088.69209230769], [26991.926999999992, 12088.69209230769], [26961.166969230762, 12088.69209230769], [26930.406938461532, 12088.69209230769], [26899.646907692302, 12088.69209230769], [26868.88687692307, 12088.69209230769], [26838.12684615384, 12088.69209230769], [26807.36681538461, 12088.69209230769], [26776.60678461538, 12088.69209230769], [26745.84675384615, 12088.69209230769], [26715.086723076914, 12088.69209230769], [26699.7067076923, 12073.312076923075], [26684.326692307684, 12057.932061538459], [26653.566661538454, 12057.932061538459], [26622.806630769224, 12057.932061538459], [26592.046599999994, 12057.932061538459], [26561.286569230764, 12057.932061538459], [26530.52653846153, 12057.932061538459], [26499.7665076923, 12057.932061538459], [26484.386492307687, 12042.552046153844], [26469.00647692307, 12027.172030769229], [26438.24644615384, 12027.172030769229], [26407.48641538461, 12027.172030769229], [26376.726384615376, 12027.172030769229], [26345.966353846146, 12027.172030769229], [26315.206323076916, 12027.172030769229], [26284.446292307686, 12027.172030769229], [26253.686261538456, 12027.172030769229], [26238.30624615384, 12042.552046153844], [26222.926230769222, 12057.932061538459], [26192.166199999992, 12057.932061538459], [26176.78618461538, 12042.552046153844], [26161.406169230762, 12027.172030769229], [26146.026153846145, 12011.792015384613], [26130.646138461532, 11996.411999999998], [26115.266123076915, 11981.031984615383], [26099.886107692302, 11965.651969230767], [26084.506092307685, 11950.271953846152], [26084.506092307685, 11919.511923076921], [26069.12607692307, 11904.131907692306], [26053.746061538455, 11888.75189230769], [26038.36604615384, 11873.371876923075], [26007.60601538461, 11873.371876923075], [25992.225999999995, 11857.99186153846], [25976.84598461538, 11842.611846153844], [25946.08595384615, 11842.611846153844], [25930.70593846153, 11827.23183076923], [25915.325923076918, 11811.851815384613], [25884.565892307684, 11811.851815384613], [25869.18587692307, 11796.471799999998], [25853.805861538454, 11781.091784615382], [25823.045830769224, 11781.091784615382], [25807.665815384607, 11765.711769230767], [25792.285799999994, 11750.331753846152], [25761.525769230764, 11750.331753846152], [25746.145753846147, 11734.951738461536], [25730.76573846153, 11719.57172307692], [25700.0057076923, 11719.57172307692], [25669.24567692307, 11719.57172307692], [25638.48564615384, 11719.57172307692], [25623.105630769223, 11704.191707692305], [25607.72561538461, 11688.81169230769], [25576.965584615376, 11688.81169230769], [25561.585569230763, 11673.431676923075], [25561.585569230763, 11642.671646153844], [25546.205553846146, 11627.291630769229], [25530.825538461533, 11611.911615384613], [25530.825538461533, 11581.151584615383], [25530.825538461533, 11550.391553846152], [25515.445523076916, 11535.011538461536], [25500.0655076923, 11519.631523076921], [25500.0655076923, 11488.87149230769], [25500.0655076923, 11458.11146153846], [25500.0655076923, 11427.35143076923], [25484.685492307686, 11411.971415384613], [25469.30547692307, 11396.591399999998], [25469.30547692307, 11365.831369230767], [25469.30547692307, 11335.071338461537], [25469.30547692307, 11304.311307692305], [25469.30547692307, 11273.551276923075], [25469.30547692307, 11242.791246153844], [25469.30547692307, 11212.031215384613], [25469.30547692307, 11181.271184615383], [25469.30547692307, 11150.511153846152], [25469.30547692307, 11119.751123076921], [25469.30547692307, 11088.99109230769], [25484.685492307686, 11073.611076923075], [25500.0655076923, 11058.23106153846], [25500.0655076923, 11027.47103076923], [25500.0655076923, 10996.710999999998], [25515.445523076916, 10981.330984615382], [25530.825538461533, 10965.950969230767], [25530.825538461533, 10935.190938461537], [25546.205553846146, 10919.81092307692], [25561.585569230763, 10904.430907692305], [25576.965584615376, 10889.05089230769], [25592.345599999993, 10873.670876923075], [25607.72561538461, 10858.29086153846], [25623.105630769223, 10842.910846153844], [25638.48564615384, 10827.530830769228], [25653.865661538453, 10812.150815384613], [25669.24567692307, 10796.770799999998], [25684.625692307687, 10781.390784615383], [25700.0057076923, 10766.010769230767], [25715.385723076917, 10750.630753846151], [25730.76573846153, 10735.250738461536], [25746.145753846147, 10719.870723076921], [25761.525769230764, 10704.490707692306], [25776.905784615377, 10689.110692307691], [25792.285799999994, 10673.730676923074], [25807.665815384607, 10658.35066153846], [25823.045830769224, 10642.970646153844], [25838.42584615384, 10627.59063076923], [25853.805861538454, 10612.210615384614], [25884.565892307684, 10612.210615384614], [25899.9459076923, 10596.830599999998], [25915.325923076918, 10581.450584615382], [25946.08595384615, 10581.450584615382], [25976.84598461538, 10581.450584615382], [25992.225999999995, 10566.070569230767], [26007.60601538461, 10550.690553846152], [26038.36604615384, 10550.690553846152], [26069.12607692307, 10550.690553846152], [26099.886107692302, 10550.690553846152], [26130.646138461532, 10550.690553846152], [26146.026153846145, 10535.310538461537], [26161.406169230762, 10519.93052307692], [26192.166199999992, 10519.93052307692], [26222.926230769222, 10519.93052307692], [26253.686261538456, 10519.93052307692], [26284.446292307686, 10519.93052307692], [26315.206323076916, 10519.93052307692], [26345.966353846146, 10519.93052307692], [26376.726384615376, 10519.93052307692], [26407.48641538461, 10519.93052307692], [26438.24644615384, 10519.93052307692], [26469.00647692307, 10519.93052307692], [26499.7665076923, 10519.93052307692], [26530.52653846153, 10519.93052307692], [26545.906553846147, 10535.310538461537], [26561.286569230764, 10550.690553846152], [26592.046599999994, 10550.690553846152], [26622.806630769224, 10550.690553846152], [26653.566661538454, 10550.690553846152], [26684.326692307684, 10550.690553846152], [26715.086723076914, 10550.690553846152], [26730.46673846153, 10566.070569230767], [26745.84675384615, 10581.450584615382], [26776.60678461538, 10581.450584615382], [26807.36681538461, 10581.450584615382], [26822.746830769225, 10596.830599999998], [26838.12684615384, 10612.210615384614], [26868.88687692307, 10612.210615384614], [26899.646907692302, 10612.210615384614], [26915.026923076915, 10627.59063076923], [26930.406938461532, 10642.970646153844], [26961.166969230762, 10642.970646153844], [26976.54698461538, 10658.35066153846], [26991.926999999992, 10673.730676923074], [27007.30701538461, 10689.110692307691], [27022.687030769222, 10704.490707692306], [27038.06704615384, 10719.870723076921], [27053.447061538456, 10735.250738461536], [27068.82707692307, 10750.630753846151], [27084.207092307686, 10766.010769230767], [27114.967123076916, 10766.010769230767], [27130.347138461533, 10781.390784615383], [27145.727153846146, 10796.770799999998], [27176.487184615376, 10796.770799999998], [27191.867199999993, 10781.390784615383], [27207.24721538461, 10766.010769230767], [27222.627230769223, 10750.630753846151], [27222.627230769223, 10719.870723076921], [27238.00724615384, 10704.490707692306], [27253.387261538453, 10689.110692307691], [27253.387261538453, 10658.35066153846], [27268.76727692307, 10642.970646153844], [27284.147292307687, 10627.59063076923], [27299.5273076923, 10612.210615384614], [27314.907323076917, 10596.830599999998], [27330.28733846153, 10581.450584615382], [27345.667353846147, 10566.070569230767], [27361.04736923076, 10550.690553846152], [27376.427384615377, 10535.310538461537], [27391.807399999994, 10519.93052307692], [27407.187415384607, 10504.550507692305], [27407.187415384607, 10473.790476923075], [27407.187415384607, 10443.030446153844], [27422.567430769224, 10427.650430769228], [27437.947446153838, 10412.270415384613], [27437.947446153838, 10381.510384615383], [27453.327461538454, 10366.130369230768], [27468.70747692307, 10350.750353846151], [27468.70747692307, 10319.990323076921], [27484.087492307684, 10304.610307692306], [27499.4675076923, 10289.230292307691], [27514.847523076915, 10273.850276923074], [27530.22753846153, 10258.47026153846], [27545.60755384615, 10243.090246153844], [27560.98756923076, 10227.71023076923], [27576.36758461538, 10212.330215384614], [27591.74759999999, 10196.950199999997], [27607.12761538461, 10181.570184615382], [27622.507630769225, 10166.190169230767], [27637.88764615384, 10150.810153846152], [27653.267661538455, 10135.430138461537], [27668.64767692307, 10120.05012307692], [27684.027692307685, 10104.670107692305], [27699.407707692302, 10089.29009230769], [27714.787723076915, 10073.910076923075], [27730.167738461532, 10058.53006153846], [27745.547753846145, 10043.150046153845], [27760.927769230762, 10027.770030769228], [27776.30778461538, 10012.390015384613], [27791.687799999992, 9997.009999999998], [27822.447830769222, 9997.009999999998], [27837.82784615384, 9981.629984615383], [27853.207861538456, 9966.249969230768], [27883.967892307686, 9966.249969230768], [27914.727923076916, 9966.249969230768], [27930.107938461533, 9950.869953846151], [27945.487953846146, 9935.489938461536], [27976.247984615376, 9935.489938461536], [28007.008015384607, 9935.489938461536], [28037.76804615384, 9935.489938461536], [28068.52807692307, 9935.489938461536], [28099.2881076923, 9935.489938461536], [28130.04813846153, 9935.489938461536], [28160.80816923076, 9935.489938461536], [28191.568199999994, 9935.489938461536], [28222.328230769224, 9935.489938461536], [28253.088261538454, 9935.489938461536], [28283.848292307684, 9935.489938461536], [28314.608323076915, 9935.489938461536], [28345.36835384615, 9935.489938461536], [28376.12838461538, 9935.489938461536], [28406.88841538461, 9935.489938461536], [28422.268430769225, 9950.869953846151], [28437.64844615384, 9966.249969230768], [28453.028461538455, 9950.869953846151], [28468.40847692307, 9935.489938461536], [28499.168507692302, 9935.489938461536], [28529.928538461532, 9935.489938461536], [28560.688569230762, 9935.489938461536], [28591.448599999992, 9935.489938461536], [28622.208630769223, 9935.489938461536], [28652.968661538453, 9935.489938461536], [28683.728692307686, 9935.489938461536], [28714.488723076916, 9935.489938461536], [28745.248753846146, 9935.489938461536], [28776.008784615376, 9935.489938461536], [28806.768815384607, 9935.489938461536], [28837.52884615384, 9935.489938461536], [28868.28887692307, 9935.489938461536], [28899.0489076923, 9935.489938461536], [28929.80893846153, 9935.489938461536], [28945.188953846147, 9950.869953846151], [28960.56896923076, 9966.249969230768], [28991.328999999994, 9966.249969230768], [29022.089030769224, 9966.249969230768], [29052.849061538454, 9966.249969230768], [29068.22907692307, 9981.629984615383], [29083.609092307684, 9997.009999999998], [29114.369123076915, 9997.009999999998], [29145.12915384615, 9997.009999999998], [29160.50916923076, 10012.390015384613], [29175.88918461538, 10027.770030769228], [29206.64921538461, 10027.770030769228], [29222.029230769225, 10043.150046153845], [29237.40924615384, 10058.53006153846], [29268.16927692307, 10058.53006153846], [29283.549292307685, 10073.910076923075], [29298.9293076923, 10089.29009230769], [29329.689338461532, 10089.29009230769], [29345.069353846146, 10073.910076923075], [29360.449369230762, 10058.53006153846], [29375.829384615376, 10043.150046153845], [29391.209399999992, 10027.770030769228], [29406.58941538461, 10012.390015384613], [29421.969430769223, 9997.009999999998], [29437.34944615384, 9981.629984615383], [29452.729461538453, 9966.249969230768], [29468.10947692307, 9950.869953846151], [29483.489492307686, 9935.489938461536], [29498.8695076923, 9920.109923076921], [29514.249523076916, 9904.729907692306], [29529.62953846153, 9889.349892307691], [29545.009553846146, 9873.969876923074], [29575.769584615377, 9873.969876923074], [29591.149599999993, 9858.58986153846], [29606.529615384607, 9843.209846153844], [29621.909630769223, 9827.82983076923], [29637.28964615384, 9812.449815384614], [29668.04967692307, 9812.449815384614], [29683.429692307684, 9797.069799999997], [29698.8097076923, 9781.689784615382], [29729.56973846153, 9781.689784615382], [29760.32976923076, 9781.689784615382], [29775.709784615377, 9766.309769230767], [29791.089799999994, 9750.929753846152], [29821.849830769224, 9750.929753846152], [29852.609861538454, 9750.929753846152], [29883.369892307684, 9750.929753846152], [29914.129923076915, 9750.929753846152], [29944.889953846145, 9750.929753846152], [29960.26996923076, 9735.549738461537], [29960.26996923076, 9704.789707692305], [29960.26996923076, 9674.029676923075], [29960.26996923076, 9643.269646153845], [29944.889953846145, 9627.889630769228], [29929.50993846153, 9612.509615384613], [29929.50993846153, 9581.749584615383], [29929.50993846153, 9550.989553846151], [29929.50993846153, 9520.229523076921], [29929.50993846153, 9489.469492307691], [29929.50993846153, 9458.70946153846], [29929.50993846153, 9427.94943076923], [29929.50993846153, 9397.1894], [29929.50993846153, 9366.429369230767], [29929.50993846153, 9335.669338461537], [29914.129923076915, 9320.289323076922], [29898.7499076923, 9304.909307692305], [29883.369892307684, 9289.52929230769], [29867.98987692307, 9274.149276923075], [29852.609861538454, 9258.76926153846], [29837.229846153838, 9243.389246153845], [29821.849830769224, 9228.009230769228], [29806.469815384608, 9212.629215384613], [29791.089799999994, 9197.249199999998], [29775.709784615377, 9181.869184615383], [29775.709784615377, 9151.109153846151], [29760.32976923076, 9135.729138461536], [29744.949753846147, 9120.349123076921], [29729.56973846153, 9104.969107692306], [29714.189723076917, 9089.589092307691], [29714.189723076917, 9058.82906153846], [29698.8097076923, 9043.449046153844], [29683.429692307684, 9028.06903076923], [29683.429692307684, 8997.309], [29683.429692307684, 8966.548969230767], [29668.04967692307, 8951.168953846152], [29652.669661538454, 8935.788938461537], [29652.669661538454, 8905.028907692305], [29637.28964615384, 8889.64889230769], [29621.909630769223, 8874.268876923075], [29621.909630769223, 8843.508846153845], [29606.529615384607, 8828.128830769228], [29591.149599999993, 8812.748815384613], [29591.149599999993, 8781.988784615383], [29575.769584615377, 8766.608769230768], [29560.389569230763, 8751.228753846153], [29560.389569230763, 8720.468723076921], [29560.389569230763, 8689.708692307691], [29545.009553846146, 8674.328676923076], [29529.62953846153, 8658.94866153846], [29529.62953846153, 8628.18863076923], [29529.62953846153, 8597.4286], [29529.62953846153, 8566.668569230767], [29514.249523076916, 8551.288553846152], [29498.8695076923, 8535.908538461537], [29498.8695076923, 8505.148507692305], [29498.8695076923, 8474.388476923075], [29498.8695076923, 8443.628446153845], [29483.489492307686, 8428.24843076923], [29468.10947692307, 8412.868415384613], [29468.10947692307, 8382.108384615383], [29468.10947692307, 8351.348353846153], [29468.10947692307, 8320.588323076921], [29452.729461538453, 8305.208307692306], [29437.34944615384, 8289.828292307691], [29421.969430769223, 8274.448276923076], [29406.58941538461, 8259.06826153846], [29406.58941538461, 8228.30823076923], [29391.209399999992, 8212.928215384614], [29375.829384615376, 8197.5482], [29375.829384615376, 8166.788169230768], [29375.829384615376, 8136.028138461537], [29360.449369230762, 8120.648123076921], [29345.069353846146, 8105.268107692306], [29345.069353846146, 8074.508076923075], [29345.069353846146, 8043.748046153845], [29345.069353846146, 8012.988015384614], [29345.069353846146, 7982.227984615383], [29345.069353846146, 7951.467953846152], [29345.069353846146, 7920.707923076922], [29345.069353846146, 7889.947892307691], [29345.069353846146, 7859.18786153846], [29345.069353846146, 7828.427830769229], [29345.069353846146, 7797.667799999998], [29345.069353846146, 7766.907769230768], [29360.449369230762, 7751.527753846152], [29375.829384615376, 7736.147738461537], [29375.829384615376, 7705.387707692306], [29375.829384615376, 7674.627676923075], [29391.209399999992, 7659.24766153846], [29406.58941538461, 7643.867646153845], [29406.58941538461, 7613.107615384614], [29421.969430769223, 7597.727599999999], [29437.34944615384, 7582.347584615383], [29437.34944615384, 7551.587553846152], [29452.729461538453, 7536.207538461537], [29468.10947692307, 7520.827523076922], [29468.10947692307, 7490.067492307691], [29483.489492307686, 7474.687476923075], [29498.8695076923, 7459.30746153846], [29514.249523076916, 7443.927446153845], [29529.62953846153, 7428.547430769229], [29545.009553846146, 7413.167415384614], [29560.389569230763, 7397.787399999999], [29575.769584615377, 7382.407384615383], [29591.149599999993, 7367.027369230768], [29591.149599999993, 7336.267338461537], [29606.529615384607, 7320.887323076922], [29621.909630769223, 7305.507307692306], [29637.28964615384, 7290.127292307691], [29652.669661538454, 7274.747276923076], [29652.669661538454, 7243.987246153845], [29668.04967692307, 7228.607230769229], [29683.429692307684, 7213.227215384614], [29698.8097076923, 7197.847199999999], [29714.189723076917, 7182.467184615383], [29729.56973846153, 7167.087169230768], [29744.949753846147, 7151.707153846152], [29760.32976923076, 7136.327138461537], [29775.709784615377, 7120.947123076922], [29791.089799999994, 7105.567107692306], [29806.469815384608, 7090.187092307691], [29821.849830769224, 7074.807076923076], [29837.229846153838, 7059.42706153846], [29852.609861538454, 7044.047046153845], [29867.98987692307, 7028.667030769229], [29883.369892307684, 7013.287015384614], [29898.7499076923, 6997.906999999999], [29914.129923076915, 6982.526984615383], [29929.50993846153, 6967.146969230768], [29944.889953846145, 6951.766953846153], [29960.26996923076, 6936.386938461537], [29975.64998461538, 6921.006923076922], [30006.41001538461, 6921.006923076922], [30021.79003076922, 6905.626907692306], [30021.79003076922, 6874.866876923076], [30021.79003076922, 6844.106846153845], [30006.41001538461, 6828.726830769229], [29991.02999999999, 6813.346815384614], [29991.02999999999, 6782.586784615383], [29991.02999999999, 6751.826753846153], [29991.02999999999, 6721.066723076922], [29991.02999999999, 6690.306692307691], [29991.02999999999, 6659.54666153846], [29991.02999999999, 6628.78663076923], [29991.02999999999, 6598.026599999999], [29991.02999999999, 6567.266569230768], [29991.02999999999, 6536.506538461537], [29991.02999999999, 6505.746507692306], [29991.02999999999, 6474.986476923076], [30006.41001538461, 6459.60646153846], [30021.79003076922, 6444.226446153845], [30021.79003076922, 6413.466415384614], [30021.79003076922, 6382.706384615383], [30037.17004615384, 6367.326369230768], [30052.550061538455, 6351.946353846153], [30052.550061538455, 6321.186323076922], [30052.550061538455, 6290.426292307691], [30052.550061538455, 6259.66626153846], [30037.17004615384, 6244.286246153845], [30021.79003076922, 6228.90623076923], [30021.79003076922, 6198.146199999999], [30021.79003076922, 6167.386169230768], [30021.79003076922, 6136.626138461537], [30021.79003076922, 6105.866107692307], [30021.79003076922, 6075.106076923076], [30021.79003076922, 6044.346046153845], [30021.79003076922, 6013.586015384614], [30021.79003076922, 5982.825984615384], [30021.79003076922, 5952.065953846153], [30021.79003076922, 5921.305923076922], [30021.79003076922, 5890.545892307691], [30037.17004615384, 5875.165876923076], [30052.550061538455, 5859.78586153846], [30052.550061538455, 5829.02583076923], [30052.550061538455, 5798.265799999999], [30067.93007692307, 5782.885784615384], [30083.310092307685, 5767.505769230768], [30083.310092307685, 5736.745738461537], [30098.6901076923, 5721.365723076922], [30114.070123076915, 5705.985707692307], [30114.070123076915, 5675.225676923076], [30129.450138461532, 5659.845661538461], [30144.830153846146, 5644.465646153845], [30160.210169230762, 5629.08563076923], [30175.590184615376, 5613.705615384614], [30190.970199999992, 5598.325599999999], [30206.35021538461, 5582.945584615384], [30221.730230769223, 5567.565569230768], [30237.11024615384, 5552.185553846153], [30252.490261538453, 5536.805538461537], [30267.87027692307, 5521.425523076922], [30283.250292307686, 5506.045507692307], [30298.6303076923, 5490.665492307691], [30314.010323076916, 5475.285476923076], [30329.39033846153, 5459.905461538461], [30344.770353846146, 5444.525446153845], [30360.150369230763, 5429.14543076923], [30375.530384615377, 5413.765415384614], [30390.910399999993, 5398.385399999999], [30406.290415384607, 5383.005384615384], [30437.05044615384, 5383.005384615384], [30452.430461538454, 5367.625369230768], [30467.81047692307, 5352.245353846153], [30498.5705076923, 5352.245353846153], [30529.33053846153, 5352.245353846153], [30544.710553846147, 5336.865338461538], [30560.09056923076, 5321.485323076922], [30590.85059999999, 5321.485323076922], [30621.610630769224, 5321.485323076922], [30652.370661538454, 5321.485323076922], [30683.130692307685, 5321.485323076922], [30713.890723076915, 5321.485323076922], [30744.650753846145, 5321.485323076922], [30775.41078461538, 5321.485323076922], [30806.17081538461, 5321.485323076922], [30836.93084615384, 5321.485323076922], [30867.69087692307, 5321.485323076922], [30898.4509076923, 5321.485323076922], [30929.210938461532, 5321.485323076922], [30959.970969230762, 5321.485323076922], [30990.730999999992, 5321.485323076922], [31021.491030769223, 5321.485323076922], [31052.251061538453, 5321.485323076922], [31067.63107692307, 5336.865338461538], [31083.011092307686, 5352.245353846153], [31098.3911076923, 5367.625369230768], [31098.3911076923, 5398.385399999999], [31098.3911076923, 5429.14543076923], [31113.771123076916, 5444.525446153845], [31129.15113846153, 5459.905461538461], [31129.15113846153, 5490.665492307691], [31144.531153846146, 5506.045507692307], [31159.911169230763, 5521.425523076922], [31159.911169230763, 5552.185553846153], [31175.291184615377, 5567.565569230768], [31190.671199999993, 5582.945584615384], [31190.671199999993, 5613.705615384614], [31206.051215384607, 5629.08563076923], [31221.431230769223, 5644.465646153845], [31221.431230769223, 5675.225676923076], [31221.431230769223, 5705.985707692307], [31236.811246153837, 5721.365723076922], [31252.191261538454, 5736.745738461537], [31252.191261538454, 5767.505769230768], [31252.191261538454, 5798.265799999999], [31267.57127692307, 5813.645815384614], [31282.951292307684, 5829.02583076923], [31282.951292307684, 5859.78586153846], [31282.951292307684, 5890.545892307691], [31282.951292307684, 5921.305923076922], [31298.3313076923, 5936.685938461537], [31313.711323076914, 5952.065953846153], [31313.711323076914, 5982.825984615384], [31313.711323076914, 6013.586015384614], [31313.711323076914, 6044.346046153845], [31313.711323076914, 6075.106076923076], [31313.711323076914, 6105.866107692307], [31313.711323076914, 6136.626138461537], [31298.3313076923, 6152.006153846153], [31282.951292307684, 6167.386169230768], [31282.951292307684, 6198.146199999999], [31282.951292307684, 6228.90623076923], [31282.951292307684, 6259.66626153846], [31282.951292307684, 6290.426292307691], [31282.951292307684, 6321.186323076922], [31267.57127692307, 6336.566338461537], [31252.191261538454, 6351.946353846153], [31252.191261538454, 6382.706384615383], [31267.57127692307, 6398.086399999999], [31282.951292307684, 6413.466415384614], [31282.951292307684, 6444.226446153845], [31298.3313076923, 6459.60646153846], [31313.711323076914, 6474.986476923076], [31313.711323076914, 6505.746507692306], [31329.09133846153, 6521.126523076922], [31344.471353846147, 6536.506538461537], [31359.85136923076, 6551.886553846153], [31375.231384615377, 6567.266569230768], [31375.231384615377, 6598.026599999999], [31390.61139999999, 6613.406615384614], [31405.991415384608, 6628.78663076923], [31405.991415384608, 6659.54666153846], [31405.991415384608, 6690.306692307691], [31421.371430769224, 6705.686707692306], [31436.751446153838, 6721.066723076922], [31436.751446153838, 6751.826753846153], [31436.751446153838, 6782.586784615383], [31436.751446153838, 6813.346815384614], [31436.751446153838, 6844.106846153845], [31452.131461538454, 6859.48686153846], [31467.511476923068, 6874.866876923076], [31467.511476923068, 6905.626907692306], [31467.511476923068, 6936.386938461537], [31467.511476923068, 6967.146969230768], [31467.511476923068, 6997.906999999999], [31467.511476923068, 7028.667030769229], [31467.511476923068, 7059.42706153846], [31467.511476923068, 7090.187092307691], [31467.511476923068, 7120.947123076922], [31467.511476923068, 7151.707153846152], [31467.511476923068, 7182.467184615383], [31467.511476923068, 7213.227215384614], [31467.511476923068, 7243.987246153845], [31467.511476923068, 7274.747276923076], [31467.511476923068, 7305.507307692306], [31467.511476923068, 7336.267338461537], [31467.511476923068, 7367.027369230768], [31467.511476923068, 7397.787399999999], [31467.511476923068, 7428.547430769229], [31467.511476923068, 7459.30746153846], [31467.511476923068, 7490.067492307691], [31467.511476923068, 7520.827523076922], [31467.511476923068, 7551.587553846152], [31467.511476923068, 7582.347584615383], [31467.511476923068, 7613.107615384614], [31452.131461538454, 7628.487630769229], [31436.751446153838, 7643.867646153845], [31436.751446153838, 7674.627676923075], [31436.751446153838, 7705.387707692306], [31421.371430769224, 7720.767723076922], [31405.991415384608, 7736.147738461537], [31405.991415384608, 7766.907769230768], [31405.991415384608, 7797.667799999998], [31390.61139999999, 7813.047815384614], [31375.231384615377, 7828.427830769229], [31375.231384615377, 7859.18786153846], [31359.85136923076, 7874.567876923075], [31344.471353846147, 7889.947892307691], [31344.471353846147, 7920.707923076922], [31344.471353846147, 7951.467953846152], [31344.471353846147, 7982.227984615383], [31344.471353846147, 8012.988015384614], [31329.09133846153, 8028.368030769229], [31313.711323076914, 8043.748046153845], [31313.711323076914, 8074.508076923075], [31313.711323076914, 8105.268107692306], [31298.3313076923, 8120.648123076921], [31282.951292307684, 8136.028138461537], [31282.951292307684, 8166.788169230768], [31282.951292307684, 8197.5482], [31267.57127692307, 8212.928215384614], [31252.191261538454, 8228.30823076923], [31252.191261538454, 8259.06826153846], [31252.191261538454, 8289.828292307691], [31236.811246153837, 8305.208307692306], [31221.431230769223, 8320.588323076921], [31236.811246153837, 8335.968338461536], [31252.191261538454, 8351.348353846153], [31252.191261538454, 8382.108384615383], [31252.191261538454, 8412.868415384613], [31252.191261538454, 8443.628446153845], [31267.57127692307, 8459.00846153846], [31282.951292307684, 8474.388476923075], [31282.951292307684, 8505.148507692305], [31282.951292307684, 8535.908538461537], [31282.951292307684, 8566.668569230767], [31282.951292307684, 8597.4286], [31282.951292307684, 8628.18863076923], [31282.951292307684, 8658.94866153846], [31282.951292307684, 8689.708692307691], [31282.951292307684, 8720.468723076921], [31282.951292307684, 8751.228753846153], [31282.951292307684, 8781.988784615383], [31282.951292307684, 8812.748815384613], [31282.951292307684, 8843.508846153845], [31282.951292307684, 8874.268876923075], [31282.951292307684, 8905.028907692305], [31267.57127692307, 8920.408923076922], [31252.191261538454, 8935.788938461537], [31252.191261538454, 8966.548969230767], [31252.191261538454, 8997.309], [31252.191261538454, 9028.06903076923], [31252.191261538454, 9058.82906153846], [31252.191261538454, 9089.589092307691], [31252.191261538454, 9120.349123076921], [31252.191261538454, 9151.109153846151], [31252.191261538454, 9181.869184615383], [31236.811246153837, 9197.249199999998], [31221.431230769223, 9212.629215384613], [31221.431230769223, 9243.389246153845], [31221.431230769223, 9274.149276923075], [31221.431230769223, 9304.909307692305], [31221.431230769223, 9335.669338461537], [31221.431230769223, 9366.429369230767], [31206.051215384607, 9381.809384615382], [31190.671199999993, 9397.1894], [31190.671199999993, 9427.94943076923], [31190.671199999993, 9458.70946153846], [31190.671199999993, 9489.469492307691], [31175.291184615377, 9504.849507692306], [31159.911169230763, 9520.229523076921], [31159.911169230763, 9550.989553846151], [31144.531153846146, 9566.369569230768], [31129.15113846153, 9581.749584615383], [31129.15113846153, 9612.509615384613], [31113.771123076916, 9627.889630769228], [31098.3911076923, 9643.269646153845], [31098.3911076923, 9674.029676923075], [31083.011092307686, 9689.40969230769], [31067.63107692307, 9704.789707692305], [31067.63107692307, 9735.549738461537], [31052.251061538453, 9750.929753846152], [31036.87104615384, 9766.309769230767], [31036.87104615384, 9797.069799999997], [31036.87104615384, 9827.82983076923], [31021.491030769223, 9843.209846153844], [31006.11101538461, 9858.58986153846], [31006.11101538461, 9889.349892307691], [30990.730999999992, 9904.729907692306], [30975.350984615376, 9920.109923076921], [30975.350984615376, 9950.869953846151], [30959.970969230762, 9966.249969230768], [30944.590953846146, 9981.629984615383], [30944.590953846146, 10012.390015384613], [30929.210938461532, 10027.770030769228], [30913.830923076915, 10043.150046153845], [30913.830923076915, 10073.910076923075], [30898.4509076923, 10089.29009230769], [30883.070892307685, 10104.670107692305], [30883.070892307685, 10135.430138461537], [30883.070892307685, 10166.190169230767], [30883.070892307685, 10196.950199999997], [30867.69087692307, 10212.330215384614], [30852.310861538455, 10227.71023076923], [30852.310861538455, 10258.47026153846], [30852.310861538455, 10289.230292307691], [30852.310861538455, 10319.990323076921], [30852.310861538455, 10350.750353846151], [30836.93084615384, 10366.130369230768], [30821.55083076922, 10381.510384615383], [30821.55083076922, 10412.270415384613], [30821.55083076922, 10443.030446153844], [30806.17081538461, 10458.41046153846], [30790.79079999999, 10473.790476923075], [30790.79079999999, 10504.550507692305], [30775.41078461538, 10519.93052307692], [30760.03076923076, 10535.310538461537], [30760.03076923076, 10566.070569230767], [30744.650753846145, 10581.450584615382], [30729.27073846153, 10596.830599999998], [30729.27073846153, 10627.59063076923], [30713.890723076915, 10642.970646153844], [30698.5107076923, 10658.35066153846], [30683.130692307685, 10673.730676923074], [30667.750676923068, 10689.110692307691], [30667.750676923068, 10719.870723076921], [30667.750676923068, 10750.630753846151], [30652.370661538454, 10766.010769230767], [30636.990646153838, 10781.390784615383], [30636.990646153838, 10812.150815384613], [30636.990646153838, 10842.910846153844], [30636.990646153838, 10873.670876923075], [30636.990646153838, 10904.430907692305], [30636.990646153838, 10935.190938461537], [30636.990646153838, 10965.950969230767], [30621.610630769224, 10981.330984615382], [30606.230615384608, 10996.710999999998], [30590.85059999999, 11012.091015384614], [30560.09056923076, 11012.091015384614], [30544.710553846147, 11027.47103076923], [30529.33053846153, 11042.851046153844], [30513.950523076917, 11058.23106153846], [30513.950523076917, 11088.99109230769], [30498.5705076923, 11104.371107692306], [30483.190492307684, 11119.751123076921], [30483.190492307684, 11150.511153846152], [30467.81047692307, 11165.891169230767], [30452.430461538454, 11181.271184615383], [30437.05044615384, 11196.651199999998], [30421.670430769223, 11212.031215384613], [30421.670430769223, 11242.791246153844], [30406.290415384607, 11258.17126153846], [30390.910399999993, 11273.551276923075], [30375.530384615377, 11288.93129230769], [30344.770353846146, 11288.93129230769], [30329.39033846153, 11304.311307692305], [30314.010323076916, 11319.69132307692], [30283.250292307686, 11319.69132307692], [30252.490261538453, 11319.69132307692], [30221.730230769223, 11319.69132307692], [30190.970199999992, 11319.69132307692], [30160.210169230762, 11319.69132307692], [30129.450138461532, 11319.69132307692], [30098.6901076923, 11319.69132307692], [30067.93007692307, 11319.69132307692], [30037.17004615384, 11319.69132307692], [30006.41001538461, 11319.69132307692], [29975.64998461538, 11319.69132307692], [29944.889953846145, 11319.69132307692], [29929.50993846153, 11304.311307692305], [29914.129923076915, 11288.93129230769], [29883.369892307684, 11288.93129230769], [29852.609861538454, 11288.93129230769], [29837.229846153838, 11273.551276923075], [29821.849830769224, 11258.17126153846], [29806.469815384608, 11273.551276923075], [29806.469815384608, 11304.311307692305], [29806.469815384608, 11335.071338461537], [29791.089799999994, 11350.451353846152], [29775.709784615377, 11365.831369230767], [29775.709784615377, 11396.591399999998], [29775.709784615377, 11427.35143076923], [29760.32976923076, 11442.731446153844], [29744.949753846147, 11458.11146153846], [29744.949753846147, 11488.87149230769], [29729.56973846153, 11504.251507692306], [29714.189723076917, 11519.631523076921], [29714.189723076917, 11550.391553846152], [29698.8097076923, 11565.771569230767], [29683.429692307684, 11581.151584615383], [29668.04967692307, 11596.531599999998], [29652.669661538454, 11611.911615384613], [29637.28964615384, 11627.291630769229], [29621.909630769223, 11642.671646153844], [29606.529615384607, 11658.05166153846], [29591.149599999993, 11673.431676923075], [29575.769584615377, 11688.81169230769], [29560.389569230763, 11704.191707692305], [29545.009553846146, 11719.57172307692], [29529.62953846153, 11734.951738461536], [29514.249523076916, 11750.331753846152], [29498.8695076923, 11765.711769230767], [29483.489492307686, 11781.091784615382], [29468.10947692307, 11796.471799999998], [29452.729461538453, 11811.851815384613], [29437.34944615384, 11827.23183076923], [29421.969430769223, 11842.611846153844], [29391.209399999992, 11842.611846153844], [29375.829384615376, 11857.99186153846], [29360.449369230762, 11873.371876923075], [29345.069353846146, 11888.75189230769], [29329.689338461532, 11904.131907692306], [29314.309323076915, 11919.511923076921], [29298.9293076923, 11934.891938461536], [29268.16927692307, 11934.891938461536], [29252.789261538455, 11950.271953846152], [29237.40924615384, 11965.651969230767], [29206.64921538461, 11965.651969230767], [29175.88918461538, 11965.651969230767], [29160.50916923076, 11981.031984615383], [29145.12915384615, 11996.411999999998], [29114.369123076915, 11996.411999999998], [29083.609092307684, 11996.411999999998], [29068.22907692307, 12011.792015384613], [29052.849061538454, 12027.172030769229], [29022.089030769224, 12027.172030769229], [28991.328999999994, 12027.172030769229], [28960.56896923076, 12027.172030769229], [28929.80893846153, 12027.172030769229], [28899.0489076923, 12027.172030769229], [28868.28887692307, 12027.172030769229], [28837.52884615384, 12027.172030769229], [28806.768815384607, 12027.172030769229], [28791.388799999993, 12042.552046153844], [28776.008784615376, 12057.932061538459], [28745.248753846146, 12057.932061538459], [28714.488723076916, 12057.932061538459], [28699.1087076923, 12042.552046153844], [28683.728692307686, 12027.172030769229], [28668.34867692307, 12011.792015384613], [28652.968661538453, 11996.411999999998], [28637.58864615384, 11981.031984615383], [28622.208630769223, 11965.651969230767], [28606.82861538461, 11950.271953846152], [28606.82861538461, 11919.511923076921], [28606.82861538461, 11888.75189230769], [28606.82861538461, 11857.99186153846], [28606.82861538461, 11827.23183076923], [28606.82861538461, 11796.471799999998], [28591.448599999992, 11781.091784615382], [28560.688569230762, 11781.091784615382], [28529.928538461532, 11781.091784615382], [28514.548523076915, 11796.471799999998], [28499.168507692302, 11811.851815384613], [28468.40847692307, 11811.851815384613], [28437.64844615384, 11811.851815384613], [28422.268430769225, 11827.23183076923], [28406.88841538461, 11842.611846153844], [28376.12838461538, 11842.611846153844], [28345.36835384615, 11842.611846153844], [28314.608323076915, 11842.611846153844], [28283.848292307684, 11842.611846153844], [28253.088261538454, 11842.611846153844], [28222.328230769224, 11842.611846153844], [28206.948215384607, 11857.99186153846], [28191.568199999994, 11873.371876923075], [28160.80816923076, 11873.371876923075], [28145.428153846147, 11888.75189230769], [28130.04813846153, 11904.131907692306], [28099.2881076923, 11904.131907692306], [28083.908092307684, 11919.511923076921], [28068.52807692307, 11934.891938461536], [28053.148061538453, 11950.271953846152], [28037.76804615384, 11965.651969230767], [28022.388030769223, 11981.031984615383], [28007.008015384607, 11996.411999999998], [27991.627999999993, 12011.792015384613], [27976.247984615376, 12027.172030769229], [27960.867969230763, 12042.552046153844], [27945.487953846146, 12057.932061538459], [27914.727923076916, 12057.932061538459], [27899.3479076923, 12073.312076923075], [27883.967892307686, 12088.69209230769], [27853.207861538456, 12088.69209230769], [27822.447830769222, 12088.69209230769], [27807.06781538461, 12104.072107692306], [27791.687799999992, 12119.45212307692], [27760.927769230762, 12119.45212307692], [27730.167738461532, 12119.45212307692], [27699.407707692302, 12119.45212307692], [27668.64767692307, 12119.45212307692], [27637.88764615384, 12119.45212307692], [27607.12761538461, 12119.45212307692], [27576.36758461538, 12119.45212307692], [27545.60755384615, 12119.45212307692], [27530.22753846153, 12104.072107692306], [27514.847523076915, 12088.69209230769], [27499.4675076923, 12104.072107692306], [27484.087492307684, 12119.45212307692], [27468.70747692307, 12134.832138461536], [27453.327461538454, 12150.212153846152], [27437.947446153838, 12165.592169230767], [27422.567430769224, 12180.972184615383]], [[30790.79079999999, 9704.789707692305], [30806.17081538461, 9689.40969230769], [30821.55083076922, 9674.029676923075], [30836.93084615384, 9658.64966153846], [30852.310861538455, 9643.269646153845], [30836.93084615384, 9627.889630769228], [30821.55083076922, 9612.509615384613], [30836.93084615384, 9597.129599999998], [30852.310861538455, 9581.749584615383], [30867.69087692307, 9566.369569230768], [30883.070892307685, 9550.989553846151], [30883.070892307685, 9520.229523076921], [30898.4509076923, 9504.849507692306], [30913.830923076915, 9489.469492307691], [30913.830923076915, 9458.70946153846], [30929.210938461532, 9443.329446153844], [30944.590953846146, 9427.94943076923], [30959.970969230762, 9412.569415384614], [30975.350984615376, 9397.1894], [30975.350984615376, 9366.429369230767], [30990.730999999992, 9351.049353846152], [31006.11101538461, 9335.669338461537], [31006.11101538461, 9304.909307692305], [31006.11101538461, 9274.149276923075], [31006.11101538461, 9243.389246153845], [31021.491030769223, 9228.009230769228], [31036.87104615384, 9212.629215384613], [31036.87104615384, 9181.869184615383], [31036.87104615384, 9151.109153846151], [31036.87104615384, 9120.349123076921], [31036.87104615384, 9089.589092307691], [31036.87104615384, 9058.82906153846], [31052.251061538453, 9043.449046153844], [31067.63107692307, 9028.06903076923], [31067.63107692307, 8997.309], [31067.63107692307, 8966.548969230767], [31067.63107692307, 8935.788938461537], [31067.63107692307, 8905.028907692305], [31067.63107692307, 8874.268876923075], [31067.63107692307, 8843.508846153845], [31067.63107692307, 8812.748815384613], [31067.63107692307, 8781.988784615383], [31052.251061538453, 8766.608769230768], [31036.87104615384, 8751.228753846153], [31036.87104615384, 8720.468723076921], [31036.87104615384, 8689.708692307691], [31036.87104615384, 8658.94866153846], [31036.87104615384, 8628.18863076923], [31036.87104615384, 8597.4286], [31021.491030769223, 8582.048584615382], [31006.11101538461, 8566.668569230767], [31006.11101538461, 8535.908538461537], [30990.730999999992, 8520.528523076922], [30975.350984615376, 8505.148507692305], [30975.350984615376, 8474.388476923075], [30959.970969230762, 8459.00846153846], [30944.590953846146, 8443.628446153845], [30944.590953846146, 8412.868415384613], [30944.590953846146, 8382.108384615383], [30944.590953846146, 8351.348353846153], [30944.590953846146, 8320.588323076921], [30944.590953846146, 8289.828292307691], [30959.970969230762, 8274.448276923076], [30975.350984615376, 8259.06826153846], [30990.730999999992, 8243.688246153844], [31006.11101538461, 8228.30823076923], [31021.491030769223, 8212.928215384614], [31036.87104615384, 8197.5482], [31052.251061538453, 8182.168184615382], [31067.63107692307, 8166.788169230768], [31067.63107692307, 8136.028138461537], [31083.011092307686, 8120.648123076921], [31098.3911076923, 8105.268107692306], [31098.3911076923, 8074.508076923075], [31098.3911076923, 8043.748046153845], [31113.771123076916, 8028.368030769229], [31129.15113846153, 8012.988015384614], [31129.15113846153, 7982.227984615383], [31129.15113846153, 7951.467953846152], [31144.531153846146, 7936.087938461537], [31159.911169230763, 7920.707923076922], [31159.911169230763, 7889.947892307691], [31159.911169230763, 7859.18786153846], [31159.911169230763, 7828.427830769229], [31159.911169230763, 7797.667799999998], [31159.911169230763, 7766.907769230768], [31175.291184615377, 7751.527753846152], [31190.671199999993, 7736.147738461537], [31190.671199999993, 7705.387707692306], [31206.051215384607, 7690.007692307691], [31221.431230769223, 7674.627676923075], [31221.431230769223, 7643.867646153845], [31221.431230769223, 7613.107615384614], [31236.811246153837, 7597.727599999999], [31252.191261538454, 7582.347584615383], [31252.191261538454, 7551.587553846152], [31252.191261538454, 7520.827523076922], [31252.191261538454, 7490.067492307691], [31252.191261538454, 7459.30746153846], [31252.191261538454, 7428.547430769229], [31252.191261538454, 7397.787399999999], [31252.191261538454, 7367.027369230768], [31252.191261538454, 7336.267338461537], [31252.191261538454, 7305.507307692306], [31252.191261538454, 7274.747276923076], [31236.811246153837, 7259.36726153846], [31221.431230769223, 7243.987246153845], [31221.431230769223, 7213.227215384614], [31221.431230769223, 7182.467184615383], [31206.051215384607, 7167.087169230768], [31190.671199999993, 7151.707153846152], [31190.671199999993, 7120.947123076922], [31190.671199999993, 7090.187092307691], [31175.291184615377, 7074.807076923076], [31159.911169230763, 7059.42706153846], [31144.531153846146, 7044.047046153845], [31129.15113846153, 7028.667030769229], [31113.771123076916, 7013.287015384614], [31083.011092307686, 7013.287015384614], [31067.63107692307, 7028.667030769229], [31052.251061538453, 7044.047046153845], [31036.87104615384, 7059.42706153846], [31021.491030769223, 7074.807076923076], [30990.730999999992, 7074.807076923076], [30959.970969230762, 7074.807076923076], [30929.210938461532, 7074.807076923076], [30913.830923076915, 7090.187092307691], [30898.4509076923, 7105.567107692306], [30883.070892307685, 7120.947123076922], [30867.69087692307, 7136.327138461537], [30852.310861538455, 7151.707153846152], [30836.93084615384, 7167.087169230768], [30821.55083076922, 7182.467184615383], [30806.17081538461, 7197.847199999999], [30775.41078461538, 7197.847199999999], [30760.03076923076, 7213.227215384614], [30744.650753846145, 7228.607230769229], [30713.890723076915, 7228.607230769229], [30698.5107076923, 7243.987246153845], [30683.130692307685, 7259.36726153846], [30652.370661538454, 7259.36726153846], [30636.990646153838, 7274.747276923076], [30621.610630769224, 7290.127292307691], [30606.230615384608, 7274.747276923076], [30590.85059999999, 7259.36726153846], [30560.09056923076, 7259.36726153846], [30544.710553846147, 7274.747276923076], [30529.33053846153, 7290.127292307691], [30513.950523076917, 7305.507307692306], [30498.5705076923, 7320.887323076922], [30483.190492307684, 7336.267338461537], [30467.81047692307, 7351.647353846152], [30452.430461538454, 7367.027369230768], [30437.05044615384, 7382.407384615383], [30421.670430769223, 7397.787399999999], [30406.290415384607, 7413.167415384614], [30375.530384615377, 7413.167415384614], [30344.770353846146, 7413.167415384614], [30329.39033846153, 7428.547430769229], [30314.010323076916, 7443.927446153845], [30283.250292307686, 7443.927446153845], [30267.87027692307, 7459.30746153846], [30252.490261538453, 7474.687476923075], [30237.11024615384, 7490.067492307691], [30221.730230769223, 7505.447507692306], [30206.35021538461, 7520.827523076922], [30190.970199999992, 7536.207538461537], [30175.590184615376, 7551.587553846152], [30175.590184615376, 7582.347584615383], [30160.210169230762, 7597.727599999999], [30144.830153846146, 7613.107615384614], [30129.450138461532, 7628.487630769229], [30114.070123076915, 7643.867646153845], [30114.070123076915, 7674.627676923075], [30098.6901076923, 7690.007692307691], [30083.310092307685, 7705.387707692306], [30067.93007692307, 7720.767723076922], [30052.550061538455, 7736.147738461537], [30037.17004615384, 7751.527753846152], [30021.79003076922, 7766.907769230768], [30006.41001538461, 7782.287784615383], [29991.02999999999, 7797.667799999998], [29991.02999999999, 7828.427830769229], [29975.64998461538, 7843.807846153845], [29960.26996923076, 7859.18786153846], [29960.26996923076, 7889.947892307691], [29944.889953846145, 7905.327907692306], [29929.50993846153, 7920.707923076922], [29929.50993846153, 7951.467953846152], [29944.889953846145, 7966.847969230768], [29960.26996923076, 7982.227984615383], [29975.64998461538, 7997.607999999998], [29991.02999999999, 8012.988015384614], [29991.02999999999, 8043.748046153845], [30006.41001538461, 8059.12806153846], [30021.79003076922, 8074.508076923075], [30021.79003076922, 8105.268107692306], [30021.79003076922, 8136.028138461537], [30037.17004615384, 8151.408153846152], [30052.550061538455, 8166.788169230768], [30052.550061538455, 8197.5482], [30052.550061538455, 8228.30823076923], [30052.550061538455, 8259.06826153846], [30067.93007692307, 8274.448276923076], [30083.310092307685, 8289.828292307691], [30083.310092307685, 8320.588323076921], [30083.310092307685, 8351.348353846153], [30083.310092307685, 8382.108384615383], [30098.6901076923, 8397.488399999998], [30114.070123076915, 8412.868415384613], [30114.070123076915, 8443.628446153845], [30114.070123076915, 8474.388476923075], [30114.070123076915, 8505.148507692305], [30129.450138461532, 8520.528523076922], [30144.830153846146, 8535.908538461537], [30144.830153846146, 8566.668569230767], [30160.210169230762, 8582.048584615382], [30175.590184615376, 8597.4286], [30175.590184615376, 8628.18863076923], [30190.970199999992, 8643.568646153844], [30206.35021538461, 8658.94866153846], [30206.35021538461, 8689.708692307691], [30221.730230769223, 8705.088707692306], [30237.11024615384, 8720.468723076921], [30237.11024615384, 8751.228753846153], [30237.11024615384, 8781.988784615383], [30252.490261538453, 8797.368799999998], [30267.87027692307, 8812.748815384613], [30283.250292307686, 8828.128830769228], [30298.6303076923, 8843.508846153845], [30298.6303076923, 8874.268876923075], [30314.010323076916, 8889.64889230769], [30329.39033846153, 8905.028907692305], [30344.770353846146, 8920.408923076922], [30360.150369230763, 8935.788938461537], [30375.530384615377, 8951.168953846152], [30406.290415384607, 8951.168953846152], [30421.670430769223, 8966.548969230767], [30437.05044615384, 8981.928984615382], [30452.430461538454, 8997.309], [30467.81047692307, 9012.689015384614], [30483.190492307684, 9028.06903076923], [30498.5705076923, 9043.449046153844], [30513.950523076917, 9058.82906153846], [30513.950523076917, 9089.589092307691], [30513.950523076917, 9120.349123076921], [30529.33053846153, 9135.729138461536], [30544.710553846147, 9151.109153846151], [30544.710553846147, 9181.869184615383], [30560.09056923076, 9197.249199999998], [30575.470584615377, 9212.629215384613], [30575.470584615377, 9243.389246153845], [30575.470584615377, 9274.149276923075], [30560.09056923076, 9289.52929230769], [30544.710553846147, 9304.909307692305], [30544.710553846147, 9335.669338461537], [30529.33053846153, 9351.049353846152], [30513.950523076917, 9366.429369230767], [30529.33053846153, 9381.809384615382], [30544.710553846147, 9397.1894], [30544.710553846147, 9427.94943076923], [30529.33053846153, 9443.329446153844], [30513.950523076917, 9458.70946153846], [30529.33053846153, 9474.089476923074], [30544.710553846147, 9489.469492307691], [30560.09056923076, 9504.849507692306], [30575.470584615377, 9520.229523076921], [30590.85059999999, 9535.609538461536], [30606.230615384608, 9550.989553846151], [30621.610630769224, 9566.369569230768], [30636.990646153838, 9581.749584615383], [30636.990646153838, 9612.509615384613], [30652.370661538454, 9627.889630769228], [30667.750676923068, 9643.269646153845], [30683.130692307685, 9658.64966153846], [30698.5107076923, 9674.029676923075], [30713.890723076915, 9689.40969230769], [30729.27073846153, 9704.789707692305], [30744.650753846145, 9720.169723076922], [30775.41078461538, 9720.169723076922], [30790.79079999999, 9704.789707692305]], [[27960.867969230763, 11581.151584615383], [27976.247984615376, 11565.771569230767], [28007.008015384607, 11565.771569230767], [28037.76804615384, 11565.771569230767], [28068.52807692307, 11565.771569230767], [28083.908092307684, 11550.391553846152], [28099.2881076923, 11535.011538461536], [28130.04813846153, 11535.011538461536], [28145.428153846147, 11519.631523076921], [28160.80816923076, 11504.251507692306], [28191.568199999994, 11504.251507692306], [28206.948215384607, 11519.631523076921], [28222.328230769224, 11535.011538461536], [28253.088261538454, 11535.011538461536], [28268.46827692307, 11550.391553846152], [28283.848292307684, 11565.771569230767], [28314.608323076915, 11565.771569230767], [28345.36835384615, 11565.771569230767], [28376.12838461538, 11565.771569230767], [28406.88841538461, 11565.771569230767], [28422.268430769225, 11550.391553846152], [28437.64844615384, 11535.011538461536], [28468.40847692307, 11535.011538461536], [28483.788492307685, 11519.631523076921], [28499.168507692302, 11504.251507692306], [28514.548523076915, 11488.87149230769], [28529.928538461532, 11473.491476923075], [28560.688569230762, 11473.491476923075], [28576.06858461538, 11458.11146153846], [28591.448599999992, 11442.731446153844], [28622.208630769223, 11442.731446153844], [28652.968661538453, 11442.731446153844], [28683.728692307686, 11442.731446153844], [28714.488723076916, 11442.731446153844], [28745.248753846146, 11442.731446153844], [28776.008784615376, 11442.731446153844], [28806.768815384607, 11442.731446153844], [28822.148830769223, 11427.35143076923], [28837.52884615384, 11411.971415384613], [28852.908861538453, 11427.35143076923], [28868.28887692307, 11442.731446153844], [28899.0489076923, 11442.731446153844], [28914.428923076917, 11427.35143076923], [28929.80893846153, 11411.971415384613], [28960.56896923076, 11411.971415384613], [28991.328999999994, 11411.971415384613], [29006.709015384607, 11396.591399999998], [29022.089030769224, 11381.211384615382], [29037.469046153838, 11365.831369230767], [29052.849061538454, 11350.451353846152], [29068.22907692307, 11335.071338461537], [29083.609092307684, 11319.69132307692], [29114.369123076915, 11319.69132307692], [29129.74913846153, 11304.311307692305], [29145.12915384615, 11288.93129230769], [29160.50916923076, 11273.551276923075], [29175.88918461538, 11258.17126153846], [29191.26919999999, 11242.791246153844], [29191.26919999999, 11212.031215384613], [29206.64921538461, 11196.651199999998], [29222.029230769225, 11181.271184615383], [29222.029230769225, 11150.511153846152], [29222.029230769225, 11119.751123076921], [29237.40924615384, 11104.371107692306], [29252.789261538455, 11088.99109230769], [29252.789261538455, 11058.23106153846], [29252.789261538455, 11027.47103076923], [29268.16927692307, 11012.091015384614], [29283.549292307685, 10996.710999999998], [29283.549292307685, 10965.950969230767], [29283.549292307685, 10935.190938461537], [29298.9293076923, 10919.81092307692], [29314.309323076915, 10904.430907692305], [29298.9293076923, 10889.05089230769], [29283.549292307685, 10873.670876923075], [29268.16927692307, 10858.29086153846], [29252.789261538455, 10842.910846153844], [29237.40924615384, 10827.530830769228], [29222.029230769225, 10812.150815384613], [29206.64921538461, 10796.770799999998], [29191.26919999999, 10781.390784615383], [29175.88918461538, 10766.010769230767], [29160.50916923076, 10750.630753846151], [29145.12915384615, 10735.250738461536], [29129.74913846153, 10719.870723076921], [29114.369123076915, 10704.490707692306], [29098.9891076923, 10689.110692307691], [29083.609092307684, 10673.730676923074], [29068.22907692307, 10658.35066153846], [29052.849061538454, 10642.970646153844], [29037.469046153838, 10627.59063076923], [29022.089030769224, 10612.210615384614], [28991.328999999994, 10612.210615384614], [28975.948984615377, 10596.830599999998], [28960.56896923076, 10581.450584615382], [28929.80893846153, 10581.450584615382], [28914.428923076917, 10566.070569230767], [28899.0489076923, 10550.690553846152], [28868.28887692307, 10550.690553846152], [28837.52884615384, 10550.690553846152], [28806.768815384607, 10550.690553846152], [28791.388799999993, 10535.310538461537], [28776.008784615376, 10519.93052307692], [28745.248753846146, 10519.93052307692], [28714.488723076916, 10519.93052307692], [28683.728692307686, 10519.93052307692], [28652.968661538453, 10519.93052307692], [28622.208630769223, 10519.93052307692], [28606.82861538461, 10535.310538461537], [28591.448599999992, 10550.690553846152], [28560.688569230762, 10550.690553846152], [28545.308553846146, 10566.070569230767], [28529.928538461532, 10581.450584615382], [28499.168507692302, 10581.450584615382], [28468.40847692307, 10581.450584615382], [28437.64844615384, 10581.450584615382], [28406.88841538461, 10581.450584615382], [28376.12838461538, 10581.450584615382], [28360.74836923076, 10566.070569230767], [28345.36835384615, 10550.690553846152], [28314.608323076915, 10550.690553846152], [28283.848292307684, 10550.690553846152], [28268.46827692307, 10535.310538461537], [28253.088261538454, 10519.93052307692], [28222.328230769224, 10519.93052307692], [28191.568199999994, 10519.93052307692], [28160.80816923076, 10519.93052307692], [28130.04813846153, 10519.93052307692], [28099.2881076923, 10519.93052307692], [28083.908092307684, 10535.310538461537], [28068.52807692307, 10550.690553846152], [28053.148061538453, 10566.070569230767], [28037.76804615384, 10581.450584615382], [28022.388030769223, 10596.830599999998], [28007.008015384607, 10612.210615384614], [27991.627999999993, 10627.59063076923], [27991.627999999993, 10658.35066153846], [27976.247984615376, 10673.730676923074], [27960.867969230763, 10689.110692307691], [27960.867969230763, 10719.870723076921], [27960.867969230763, 10750.630753846151], [27945.487953846146, 10766.010769230767], [27930.107938461533, 10781.390784615383], [27930.107938461533, 10812.150815384613], [27914.727923076916, 10827.530830769228], [27899.3479076923, 10842.910846153844], [27883.967892307686, 10858.29086153846], [27868.58787692307, 10873.670876923075], [27853.207861538456, 10889.05089230769], [27837.82784615384, 10904.430907692305], [27822.447830769222, 10919.81092307692], [27807.06781538461, 10935.190938461537], [27791.687799999992, 10950.570953846152], [27776.30778461538, 10965.950969230767], [27776.30778461538, 10996.710999999998], [27776.30778461538, 11027.47103076923], [27760.927769230762, 11042.851046153844], [27745.547753846145, 11058.23106153846], [27730.167738461532, 11073.611076923075], [27714.787723076915, 11088.99109230769], [27714.787723076915, 11119.751123076921], [27699.407707692302, 11135.131138461536], [27684.027692307685, 11150.511153846152], [27684.027692307685, 11181.271184615383], [27684.027692307685, 11212.031215384613], [27668.64767692307, 11227.411230769228], [27653.267661538455, 11242.791246153844], [27637.88764615384, 11258.17126153846], [27622.507630769225, 11273.551276923075], [27607.12761538461, 11288.93129230769], [27591.74759999999, 11304.311307692305], [27576.36758461538, 11319.69132307692], [27560.98756923076, 11335.071338461537], [27545.60755384615, 11350.451353846152], [27530.22753846153, 11365.831369230767], [27545.60755384615, 11381.211384615382], [27560.98756923076, 11396.591399999998], [27576.36758461538, 11411.971415384613], [27591.74759999999, 11427.35143076923], [27607.12761538461, 11442.731446153844], [27637.88764615384, 11442.731446153844], [27653.267661538455, 11427.35143076923], [27668.64767692307, 11411.971415384613], [27684.027692307685, 11396.591399999998], [27699.407707692302, 11381.211384615382], [27714.787723076915, 11396.591399999998], [27730.167738461532, 11411.971415384613], [27745.547753846145, 11427.35143076923], [27760.927769230762, 11442.731446153844], [27776.30778461538, 11458.11146153846], [27791.687799999992, 11473.491476923075], [27807.06781538461, 11488.87149230769], [27807.06781538461, 11519.631523076921], [27822.447830769222, 11535.011538461536], [27837.82784615384, 11550.391553846152], [27853.207861538456, 11565.771569230767], [27868.58787692307, 11581.151584615383], [27883.967892307686, 11596.531599999998], [27914.727923076916, 11596.531599999998], [27945.487953846146, 11596.531599999998], [27960.867969230763, 11581.151584615383]], [[27007.30701538461, 11857.99186153846], [27022.687030769222, 11842.611846153844], [27053.447061538456, 11842.611846153844], [27084.207092307686, 11842.611846153844], [27099.5871076923, 11827.23183076923], [27114.967123076916, 11811.851815384613], [27145.727153846146, 11811.851815384613], [27161.107169230763, 11796.471799999998], [27176.487184615376, 11781.091784615382], [27191.867199999993, 11765.711769230767], [27207.24721538461, 11750.331753846152], [27222.627230769223, 11734.951738461536], [27238.00724615384, 11719.57172307692], [27253.387261538453, 11704.191707692305], [27253.387261538453, 11673.431676923075], [27268.76727692307, 11658.05166153846], [27284.147292307687, 11642.671646153844], [27299.5273076923, 11627.291630769229], [27314.907323076917, 11611.911615384613], [27314.907323076917, 11581.151584615383], [27299.5273076923, 11565.771569230767], [27284.147292307687, 11550.391553846152], [27268.76727692307, 11535.011538461536], [27253.387261538453, 11519.631523076921], [27238.00724615384, 11504.251507692306], [27207.24721538461, 11504.251507692306], [27191.867199999993, 11488.87149230769], [27176.487184615376, 11473.491476923075], [27161.107169230763, 11458.11146153846], [27145.727153846146, 11442.731446153844], [27114.967123076916, 11442.731446153844], [27084.207092307686, 11442.731446153844], [27068.82707692307, 11427.35143076923], [27053.447061538456, 11411.971415384613], [27038.06704615384, 11396.591399999998], [27022.687030769222, 11381.211384615382], [26991.926999999992, 11381.211384615382], [26976.54698461538, 11365.831369230767], [26961.166969230762, 11350.451353846152], [26930.406938461532, 11350.451353846152], [26915.026923076915, 11365.831369230767], [26899.646907692302, 11381.211384615382], [26884.266892307685, 11365.831369230767], [26868.88687692307, 11350.451353846152], [26853.506861538455, 11335.071338461537], [26838.12684615384, 11319.69132307692], [26807.36681538461, 11319.69132307692], [26791.98679999999, 11304.311307692305], [26776.60678461538, 11288.93129230769], [26761.22676923076, 11273.551276923075], [26745.84675384615, 11258.17126153846], [26730.46673846153, 11242.791246153844], [26715.086723076914, 11227.411230769228], [26699.7067076923, 11212.031215384613], [26684.326692307684, 11196.651199999998], [26668.94667692307, 11181.271184615383], [26653.566661538454, 11165.891169230767], [26622.806630769224, 11165.891169230767], [26592.046599999994, 11165.891169230767], [26576.666584615377, 11150.511153846152], [26561.286569230764, 11135.131138461536], [26530.52653846153, 11135.131138461536], [26515.146523076917, 11150.511153846152], [26499.7665076923, 11165.891169230767], [26469.00647692307, 11165.891169230767], [26453.626461538453, 11150.511153846152], [26438.24644615384, 11135.131138461536], [26407.48641538461, 11135.131138461536], [26392.106399999993, 11119.751123076921], [26376.726384615376, 11104.371107692306], [26345.966353846146, 11104.371107692306], [26315.206323076916, 11104.371107692306], [26299.8263076923, 11119.751123076921], [26284.446292307686, 11135.131138461536], [26253.686261538456, 11135.131138461536], [26222.926230769222, 11135.131138461536], [26192.166199999992, 11135.131138461536], [26161.406169230762, 11135.131138461536], [26146.026153846145, 11150.511153846152], [26130.646138461532, 11165.891169230767], [26115.266123076915, 11181.271184615383], [26099.886107692302, 11196.651199999998], [26084.506092307685, 11212.031215384613], [26069.12607692307, 11227.411230769228], [26053.746061538455, 11242.791246153844], [26069.12607692307, 11258.17126153846], [26084.506092307685, 11273.551276923075], [26084.506092307685, 11304.311307692305], [26084.506092307685, 11335.071338461537], [26084.506092307685, 11365.831369230767], [26099.886107692302, 11381.211384615382], [26115.266123076915, 11396.591399999998], [26130.646138461532, 11411.971415384613], [26146.026153846145, 11427.35143076923], [26161.406169230762, 11442.731446153844], [26192.166199999992, 11442.731446153844], [26222.926230769222, 11442.731446153844], [26238.30624615384, 11427.35143076923], [26253.686261538456, 11411.971415384613], [26284.446292307686, 11411.971415384613], [26299.8263076923, 11396.591399999998], [26315.206323076916, 11381.211384615382], [26330.586338461533, 11365.831369230767], [26345.966353846146, 11350.451353846152], [26376.726384615376, 11350.451353846152], [26392.106399999993, 11335.071338461537], [26407.48641538461, 11319.69132307692], [26422.866430769223, 11304.311307692305], [26438.24644615384, 11288.93129230769], [26453.626461538453, 11304.311307692305], [26469.00647692307, 11319.69132307692], [26484.386492307687, 11335.071338461537], [26499.7665076923, 11350.451353846152], [26515.146523076917, 11365.831369230767], [26515.146523076917, 11396.591399999998], [26515.146523076917, 11427.35143076923], [26499.7665076923, 11442.731446153844], [26484.386492307687, 11458.11146153846], [26469.00647692307, 11473.491476923075], [26453.626461538453, 11488.87149230769], [26438.24644615384, 11504.251507692306], [26422.866430769223, 11519.631523076921], [26407.48641538461, 11535.011538461536], [26392.106399999993, 11550.391553846152], [26407.48641538461, 11565.771569230767], [26422.866430769223, 11581.151584615383], [26438.24644615384, 11596.531599999998], [26453.626461538453, 11611.911615384613], [26453.626461538453, 11642.671646153844], [26453.626461538453, 11673.431676923075], [26469.00647692307, 11688.81169230769], [26484.386492307687, 11704.191707692305], [26499.7665076923, 11719.57172307692], [26515.146523076917, 11734.951738461536], [26530.52653846153, 11750.331753846152], [26561.286569230764, 11750.331753846152], [26576.666584615377, 11765.711769230767], [26592.046599999994, 11781.091784615382], [26622.806630769224, 11781.091784615382], [26653.566661538454, 11781.091784615382], [26668.94667692307, 11796.471799999998], [26684.326692307684, 11811.851815384613], [26699.7067076923, 11827.23183076923], [26715.086723076914, 11842.611846153844], [26745.84675384615, 11842.611846153844], [26776.60678461538, 11842.611846153844], [26807.36681538461, 11842.611846153844], [26822.746830769225, 11857.99186153846], [26838.12684615384, 11873.371876923075], [26868.88687692307, 11873.371876923075], [26899.646907692302, 11873.371876923075], [26930.406938461532, 11873.371876923075], [26961.166969230762, 11873.371876923075], [26991.926999999992, 11873.371876923075], [27007.30701538461, 11857.99186153846]], [[30175.590184615376, 10719.870723076921], [30190.970199999992, 10704.490707692306], [30206.35021538461, 10689.110692307691], [30221.730230769223, 10673.730676923074], [30252.490261538453, 10673.730676923074], [30267.87027692307, 10658.35066153846], [30283.250292307686, 10642.970646153844], [30298.6303076923, 10627.59063076923], [30314.010323076916, 10612.210615384614], [30329.39033846153, 10596.830599999998], [30344.770353846146, 10581.450584615382], [30360.150369230763, 10596.830599999998], [30375.530384615377, 10612.210615384614], [30390.910399999993, 10596.830599999998], [30406.290415384607, 10581.450584615382], [30421.670430769223, 10566.070569230767], [30437.05044615384, 10550.690553846152], [30467.81047692307, 10550.690553846152], [30483.190492307684, 10535.310538461537], [30498.5705076923, 10519.93052307692], [30513.950523076917, 10504.550507692305], [30529.33053846153, 10489.17049230769], [30544.710553846147, 10473.790476923075], [30544.710553846147, 10443.030446153844], [30544.710553846147, 10412.270415384613], [30544.710553846147, 10381.510384615383], [30544.710553846147, 10350.750353846151], [30544.710553846147, 10319.990323076921], [30544.710553846147, 10289.230292307691], [30529.33053846153, 10273.850276923074], [30513.950523076917, 10258.47026153846], [30498.5705076923, 10243.090246153844], [30483.190492307684, 10227.71023076923], [30467.81047692307, 10212.330215384614], [30437.05044615384, 10212.330215384614], [30421.670430769223, 10227.71023076923], [30406.290415384607, 10243.090246153844], [30375.530384615377, 10243.090246153844], [30344.770353846146, 10243.090246153844], [30314.010323076916, 10243.090246153844], [30298.6303076923, 10258.47026153846], [30283.250292307686, 10273.850276923074], [30252.490261538453, 10273.850276923074], [30221.730230769223, 10273.850276923074], [30206.35021538461, 10289.230292307691], [30190.970199999992, 10304.610307692306], [30160.210169230762, 10304.610307692306], [30129.450138461532, 10304.610307692306], [30114.070123076915, 10319.990323076921], [30098.6901076923, 10335.370338461536], [30067.93007692307, 10335.370338461536], [30037.17004615384, 10335.370338461536], [30006.41001538461, 10335.370338461536], [29975.64998461538, 10335.370338461536], [29944.889953846145, 10335.370338461536], [29929.50993846153, 10350.750353846151], [29914.129923076915, 10366.130369230768], [29898.7499076923, 10381.510384615383], [29883.369892307684, 10396.890399999998], [29852.609861538454, 10396.890399999998], [29837.229846153838, 10412.270415384613], [29821.849830769224, 10427.650430769228], [29806.469815384608, 10443.030446153844], [29791.089799999994, 10458.41046153846], [29775.709784615377, 10473.790476923075], [29760.32976923076, 10489.17049230769], [29744.949753846147, 10504.550507692305], [29744.949753846147, 10535.310538461537], [29744.949753846147, 10566.070569230767], [29744.949753846147, 10596.830599999998], [29760.32976923076, 10612.210615384614], [29775.709784615377, 10627.59063076923], [29791.089799999994, 10642.970646153844], [29806.469815384608, 10658.35066153846], [29821.849830769224, 10673.730676923074], [29837.229846153838, 10658.35066153846], [29852.609861538454, 10642.970646153844], [29883.369892307684, 10642.970646153844], [29914.129923076915, 10642.970646153844], [29944.889953846145, 10642.970646153844], [29975.64998461538, 10642.970646153844], [30006.41001538461, 10642.970646153844], [30021.79003076922, 10658.35066153846], [30037.17004615384, 10673.730676923074], [30052.550061538455, 10689.110692307691], [30067.93007692307, 10704.490707692306], [30083.310092307685, 10719.870723076921], [30098.6901076923, 10735.250738461536], [30129.450138461532, 10735.250738461536], [30160.210169230762, 10735.250738461536], [30175.590184615376, 10719.870723076921]], [[30852.310861538455, 6905.626907692306], [30867.69087692307, 6890.246892307691], [30883.070892307685, 6874.866876923076], [30898.4509076923, 6859.48686153846], [30913.830923076915, 6844.106846153845], [30929.210938461532, 6828.726830769229], [30944.590953846146, 6813.346815384614], [30959.970969230762, 6797.966799999999], [30990.730999999992, 6797.966799999999], [31006.11101538461, 6813.346815384614], [31021.491030769223, 6828.726830769229], [31036.87104615384, 6813.346815384614], [31052.251061538453, 6797.966799999999], [31067.63107692307, 6782.586784615383], [31083.011092307686, 6767.206769230768], [31098.3911076923, 6751.826753846153], [31083.011092307686, 6736.446738461537], [31067.63107692307, 6721.066723076922], [31052.251061538453, 6705.686707692306], [31036.87104615384, 6690.306692307691], [31021.491030769223, 6674.926676923076], [31006.11101538461, 6690.306692307691], [30990.730999999992, 6705.686707692306], [30975.350984615376, 6690.306692307691], [30959.970969230762, 6674.926676923076], [30944.590953846146, 6659.54666153846], [30929.210938461532, 6644.166646153845], [30913.830923076915, 6628.78663076923], [30898.4509076923, 6613.406615384614], [30883.070892307685, 6598.026599999999], [30883.070892307685, 6567.266569230768], [30867.69087692307, 6551.886553846153], [30852.310861538455, 6536.506538461537], [30836.93084615384, 6521.126523076922], [30821.55083076922, 6505.746507692306], [30806.17081538461, 6490.366492307691], [30790.79079999999, 6505.746507692306], [30775.41078461538, 6521.126523076922], [30760.03076923076, 6536.506538461537], [30744.650753846145, 6551.886553846153], [30713.890723076915, 6551.886553846153], [30683.130692307685, 6551.886553846153], [30652.370661538454, 6551.886553846153], [30636.990646153838, 6567.266569230768], [30621.610630769224, 6582.646584615383], [30606.230615384608, 6598.026599999999], [30590.85059999999, 6613.406615384614], [30575.470584615377, 6628.78663076923], [30575.470584615377, 6659.54666153846], [30590.85059999999, 6674.926676923076], [30606.230615384608, 6690.306692307691], [30621.610630769224, 6705.686707692306], [30636.990646153838, 6721.066723076922], [30636.990646153838, 6751.826753846153], [30621.610630769224, 6767.206769230768], [30606.230615384608, 6782.586784615383], [30606.230615384608, 6813.346815384614], [30621.610630769224, 6828.726830769229], [30636.990646153838, 6844.106846153845], [30652.370661538454, 6859.48686153846], [30667.750676923068, 6874.866876923076], [30683.130692307685, 6890.246892307691], [30713.890723076915, 6890.246892307691], [30744.650753846145, 6890.246892307691], [30775.41078461538, 6890.246892307691], [30806.17081538461, 6890.246892307691], [30821.55083076922, 6905.626907692306], [30836.93084615384, 6921.006923076922], [30852.310861538455, 6905.626907692306]], [[30883.070892307685, 6259.66626153846], [30898.4509076923, 6244.286246153845], [30929.210938461532, 6244.286246153845], [30944.590953846146, 6228.90623076923], [30959.970969230762, 6213.526215384614], [30990.730999999992, 6213.526215384614], [31006.11101538461, 6198.146199999999], [31021.491030769223, 6182.766184615383], [31036.87104615384, 6167.386169230768], [31052.251061538453, 6152.006153846153], [31067.63107692307, 6136.626138461537], [31083.011092307686, 6121.246123076922], [31098.3911076923, 6105.866107692307], [31083.011092307686, 6090.486092307691], [31067.63107692307, 6075.106076923076], [31067.63107692307, 6044.346046153845], [31067.63107692307, 6013.586015384614], [31052.251061538453, 5998.205999999999], [31036.87104615384, 5982.825984615384], [31021.491030769223, 5967.445969230768], [31006.11101538461, 5952.065953846153], [30990.730999999992, 5936.685938461537], [30975.350984615376, 5921.305923076922], [30959.970969230762, 5905.925907692307], [30944.590953846146, 5921.305923076922], [30929.210938461532, 5936.685938461537], [30913.830923076915, 5921.305923076922], [30898.4509076923, 5905.925907692307], [30883.070892307685, 5921.305923076922], [30867.69087692307, 5936.685938461537], [30836.93084615384, 5936.685938461537], [30806.17081538461, 5936.685938461537], [30790.79079999999, 5952.065953846153], [30775.41078461538, 5967.445969230768], [30760.03076923076, 5952.065953846153], [30744.650753846145, 5936.685938461537], [30729.27073846153, 5921.305923076922], [30713.890723076915, 5905.925907692307], [30698.5107076923, 5921.305923076922], [30683.130692307685, 5936.685938461537], [30667.750676923068, 5952.065953846153], [30652.370661538454, 5967.445969230768], [30636.990646153838, 5982.825984615384], [30636.990646153838, 6013.586015384614], [30621.610630769224, 6028.96603076923], [30606.230615384608, 6044.346046153845], [30606.230615384608, 6075.106076923076], [30621.610630769224, 6090.486092307691], [30636.990646153838, 6105.866107692307], [30652.370661538454, 6121.246123076922], [30667.750676923068, 6136.626138461537], [30683.130692307685, 6152.006153846153], [30698.5107076923, 6136.626138461537], [30713.890723076915, 6121.246123076922], [30729.27073846153, 6136.626138461537], [30744.650753846145, 6152.006153846153], [30760.03076923076, 6167.386169230768], [30775.41078461538, 6182.766184615383], [30790.79079999999, 6198.146199999999], [30806.17081538461, 6213.526215384614], [30821.55083076922, 6228.90623076923], [30836.93084615384, 6244.286246153845], [30852.310861538455, 6259.66626153846], [30867.69087692307, 6275.046276923076], [30883.070892307685, 6259.66626153846]]]}, "properties": {"objectType": "annotation", "name": "R1_2_T|peri", "classification": {"name": "peri", "color": [25, 158, 112]}, "lesion_id": 0, "section": "R1_2_T", "area_um2": 1178849.9999999998, "lesion_ids": [7, 9, 10, 16, 17, 18]}}, {"type": "Feature", "geometry": {"type": "Polygon", "coordinates": [[[19947.87995384615, 10919.81092307692], [19917.119923076916, 10919.81092307692], [19886.359892307686, 10919.81092307692], [19855.599861538456, 10919.81092307692], [19824.839830769226, 10919.81092307692], [19794.079799999996, 10919.81092307692], [19763.319769230762, 10919.81092307692], [19732.559738461532, 10919.81092307692], [19717.17972307692, 10904.430907692305], [19701.799707692302, 10889.05089230769], [19671.039676923072, 10889.05089230769], [19640.279646153842, 10889.05089230769], [19609.51961538461, 10889.05089230769], [19578.759584615378, 10889.05089230769], [19547.999553846148, 10889.05089230769], [19517.239523076918, 10889.05089230769], [19486.479492307688, 10889.05089230769], [19455.719461538458, 10889.05089230769], [19424.959430769224, 10889.05089230769], [19394.199399999994, 10889.05089230769], [19363.439369230764, 10889.05089230769], [19332.679338461534, 10889.05089230769], [19301.919307692304, 10889.05089230769], [19271.15927692307, 10889.05089230769], [19255.779261538457, 10873.670876923075], [19240.39924615384, 10858.29086153846], [19209.63921538461, 10858.29086153846], [19194.259199999993, 10842.910846153844], [19178.87918461538, 10827.530830769228], [19148.11915384615, 10827.530830769228], [19117.359123076916, 10827.530830769228], [19101.979107692303, 10812.150815384613], [19086.599092307686, 10796.770799999998], [19055.839061538456, 10796.770799999998], [19025.079030769226, 10796.770799999998], [18994.318999999996, 10796.770799999998], [18963.558969230762, 10796.770799999998], [18932.798938461532, 10796.770799999998], [18902.038907692302, 10796.770799999998], [18886.65889230769, 10781.390784615383], [18871.278876923072, 10766.010769230767], [18840.518846153842, 10766.010769230767], [18825.138830769225, 10750.630753846151], [18809.75881538461, 10735.250738461536], [18778.998784615378, 10735.250738461536], [18748.238753846148, 10735.250738461536], [18717.478723076918, 10735.250738461536], [18686.718692307688, 10735.250738461536], [18655.958661538458, 10735.250738461536], [18625.198630769224, 10735.250738461536], [18609.81861538461, 10750.630753846151], [18594.438599999994, 10766.010769230767], [18579.05858461538, 10781.390784615383], [18563.678569230764, 10796.770799999998], [18548.298553846147, 10812.150815384613], [18532.918538461534, 10827.530830769228], [18517.538523076917, 10842.910846153844], [18502.158507692304, 10858.29086153846], [18471.39847692307, 10858.29086153846], [18440.63844615384, 10858.29086153846], [18425.258430769227, 10873.670876923075], [18409.87841538461, 10889.05089230769], [18394.498399999993, 10873.670876923075], [18379.11838461538, 10858.29086153846], [18348.35835384615, 10858.29086153846], [18317.598323076916, 10858.29086153846], [18286.838292307686, 10858.29086153846], [18256.078261538456, 10858.29086153846], [18240.698246153843, 10842.910846153844], [18225.318230769226, 10827.530830769228], [18194.558199999996, 10827.530830769228], [18179.17818461538, 10812.150815384613], [18163.798169230766, 10796.770799999998], [18148.41815384615, 10781.390784615383], [18133.038138461532, 10766.010769230767], [18117.65812307692, 10750.630753846151], [18102.278107692302, 10735.250738461536], [18086.89809230769, 10719.870723076921], [18071.518076923072, 10704.490707692306], [18056.138061538455, 10689.110692307691], [18040.758046153842, 10673.730676923074], [18025.378030769225, 10658.35066153846], [18009.99801538461, 10642.970646153844], [17994.617999999995, 10627.59063076923], [17979.237984615378, 10612.210615384614], [17963.857969230765, 10596.830599999998], [17948.477953846148, 10581.450584615382], [17917.717923076918, 10581.450584615382], [17902.3379076923, 10566.070569230767], [17886.957892307688, 10550.690553846152], [17856.197861538458, 10550.690553846152], [17840.81784615384, 10535.310538461537], [17825.437830769224, 10519.93052307692], [17810.05781538461, 10504.550507692305], [17794.677799999994, 10489.17049230769], [17763.917769230764, 10489.17049230769], [17748.537753846147, 10473.790476923075], [17733.157738461534, 10458.41046153846], [17702.397707692304, 10458.41046153846], [17687.017692307687, 10443.030446153844], [17671.63767692307, 10427.650430769228], [17640.87764615384, 10427.650430769228], [17610.11761538461, 10427.650430769228], [17594.737599999997, 10412.270415384613], [17579.35758461538, 10396.890399999998], [17548.59755384615, 10396.890399999998], [17517.83752307692, 10396.890399999998], [17487.077492307686, 10396.890399999998], [17456.317461538456, 10396.890399999998], [17425.557430769226, 10396.890399999998], [17394.797399999996, 10396.890399999998], [17364.037369230766, 10396.890399999998], [17348.65735384615, 10381.510384615383], [17333.277338461532, 10366.130369230768], [17302.517307692302, 10366.130369230768], [17287.13729230769, 10350.750353846151], [17271.757276923072, 10335.370338461536], [17240.997246153842, 10335.370338461536], [17225.617230769225, 10319.990323076921], [17210.23721538461, 10304.610307692306], [17179.477184615378, 10304.610307692306], [17164.097169230765, 10289.230292307691], [17164.097169230765, 10258.47026153846], [17148.717153846148, 10243.090246153844], [17117.957123076918, 10243.090246153844], [17087.197092307688, 10243.090246153844], [17071.81707692307, 10227.71023076923], [17056.437061538458, 10212.330215384614], [17041.05704615384, 10196.950199999997], [17025.677030769224, 10181.570184615382], [16994.916999999994, 10181.570184615382], [16979.53698461538, 10166.190169230767], [16964.156969230764, 10150.810153846152], [16933.396938461534, 10150.810153846152], [16918.016923076917, 10135.430138461537], [16902.636907692304, 10120.05012307692], [16871.876876923074, 10120.05012307692], [16856.496861538457, 10104.670107692305], [16841.11684615384, 10089.29009230769], [16810.35681538461, 10089.29009230769], [16779.59678461538, 10089.29009230769], [16748.83675384615, 10089.29009230769], [16733.456738461533, 10073.910076923075], [16718.07672307692, 10058.53006153846], [16687.316692307686, 10058.53006153846], [16656.556661538456, 10058.53006153846], [16641.176646153843, 10043.150046153845], [16625.796630769226, 10027.770030769228], [16595.036599999996, 10027.770030769228], [16564.276569230766, 10027.770030769228], [16548.89655384615, 10012.390015384613], [16533.516538461532, 9997.009999999998], [16502.756507692302, 9997.009999999998], [16471.996476923072, 9997.009999999998], [16456.616461538455, 9981.629984615383], [16441.236446153842, 9966.249969230768], [16410.47641538461, 9966.249969230768], [16395.096399999995, 9950.869953846151], [16379.71638461538, 9935.489938461536], [16364.336369230767, 9920.109923076921], [16348.956353846152, 9904.729907692306], [16318.19632307692, 9904.729907692306], [16302.816307692305, 9889.349892307691], [16287.43629230769, 9873.969876923074], [16272.056276923075, 9858.58986153846], [16256.676261538458, 9843.209846153844], [16225.916230769228, 9843.209846153844], [16210.536215384613, 9827.82983076923], [16195.156199999998, 9812.449815384614], [16179.776184615383, 9797.069799999997], [16164.396169230766, 9781.689784615382], [16149.01615384615, 9766.309769230767], [16133.636138461536, 9750.929753846152], [16118.25612307692, 9735.549738461537], [16102.876107692306, 9720.169723076922], [16087.496092307689, 9704.789707692305], [16072.116076923074, 9689.40969230769], [16056.736061538459, 9674.029676923075], [16041.356046153844, 9658.64966153846], [16025.976030769229, 9643.269646153845], [16025.976030769229, 9612.509615384613], [16010.596015384612, 9597.129599999998], [15995.215999999997, 9581.749584615383], [15979.835984615382, 9566.369569230768], [15964.455969230767, 9550.989553846151], [15964.455969230767, 9520.229523076921], [15949.075953846152, 9504.849507692306], [15933.695938461535, 9489.469492307691], [15933.695938461535, 9458.70946153846], [15918.31592307692, 9443.329446153844], [15902.935907692305, 9427.94943076923], [15887.55589230769, 9412.569415384614], [15872.175876923075, 9397.1894], [15872.175876923075, 9366.429369230767], [15856.79586153846, 9351.049353846152], [15841.415846153843, 9335.669338461537], [15841.415846153843, 9304.909307692305], [15826.035830769228, 9289.52929230769], [15810.655815384613, 9274.149276923075], [15795.275799999998, 9258.76926153846], [15779.895784615383, 9243.389246153845], [15779.895784615383, 9212.629215384613], [15764.515769230766, 9197.249199999998], [15749.13575384615, 9181.869184615383], [15749.13575384615, 9151.109153846151], [15749.13575384615, 9120.349123076921], [15733.755738461536, 9104.969107692306], [15718.37572307692, 9089.589092307691], [15718.37572307692, 9058.82906153846], [15718.37572307692, 9028.06903076923], [15718.37572307692, 8997.309], [15718.37572307692, 8966.548969230767], [15718.37572307692, 8935.788938461537], [15702.995707692306, 8920.408923076922], [15687.615692307689, 8905.028907692305], [15687.615692307689, 8874.268876923075], [15687.615692307689, 8843.508846153845], [15687.615692307689, 8812.748815384613], [15687.615692307689, 8781.988784615383], [15702.995707692306, 8766.608769230768], [15718.37572307692, 8751.228753846153], [15733.755738461536, 8735.848738461536], [15749.13575384615, 8720.468723076921], [15764.515769230766, 8705.088707692306], [15779.895784615383, 8689.708692307691], [15779.895784615383, 8658.94866153846], [15779.895784615383, 8628.18863076923], [15779.895784615383, 8597.4286], [15779.895784615383, 8566.668569230767], [15764.515769230766, 8551.288553846152], [15749.13575384615, 8535.908538461537], [15749.13575384615, 8505.148507692305], [15733.755738461536, 8489.76849230769], [15718.37572307692, 8474.388476923075], [15718.37572307692, 8443.628446153845], [15733.755738461536, 8428.24843076923], [15749.13575384615, 8412.868415384613], [15749.13575384615, 8382.108384615383], [15749.13575384615, 8351.348353846153], [15749.13575384615, 8320.588323076921], [15749.13575384615, 8289.828292307691], [15749.13575384615, 8259.06826153846], [15749.13575384615, 8228.30823076923], [15764.515769230766, 8212.928215384614], [15779.895784615383, 8197.5482], [15779.895784615383, 8166.788169230768], [15779.895784615383, 8136.028138461537], [15779.895784615383, 8105.268107692306], [15779.895784615383, 8074.508076923075], [15779.895784615383, 8043.748046153845], [15779.895784615383, 8012.988015384614], [15779.895784615383, 7982.227984615383], [15779.895784615383, 7951.467953846152], [15779.895784615383, 7920.707923076922], [15795.275799999998, 7905.327907692306], [15810.655815384613, 7889.947892307691], [15810.655815384613, 7859.18786153846], [15810.655815384613, 7828.427830769229], [15795.275799999998, 7813.047815384614], [15779.895784615383, 7797.667799999998], [15779.895784615383, 7766.907769230768], [15764.515769230766, 7751.527753846152], [15749.13575384615, 7736.147738461537], [15733.755738461536, 7720.767723076922], [15718.37572307692, 7705.387707692306], [15702.995707692306, 7690.007692307691], [15687.615692307689, 7705.387707692306], [15687.615692307689, 7736.147738461537], [15672.235676923074, 7751.527753846152], [15656.855661538459, 7736.147738461537], [15656.855661538459, 7705.387707692306], [15656.855661538459, 7674.627676923075], [15656.855661538459, 7643.867646153845], [15656.855661538459, 7613.107615384614], [15672.235676923074, 7597.727599999999], [15687.615692307689, 7582.347584615383], [15687.615692307689, 7551.587553846152], [15687.615692307689, 7520.827523076922], [15687.615692307689, 7490.067492307691], [15687.615692307689, 7459.30746153846], [15702.995707692306, 7443.927446153845], [15718.37572307692, 7428.547430769229], [15718.37572307692, 7397.787399999999], [15733.755738461536, 7382.407384615383], [15749.13575384615, 7367.027369230768], [15749.13575384615, 7336.267338461537], [15764.515769230766, 7320.887323076922], [15779.895784615383, 7305.507307692306], [15795.275799999998, 7290.127292307691], [15810.655815384613, 7274.747276923076], [15810.655815384613, 7243.987246153845], [15826.035830769228, 7228.607230769229], [15841.415846153843, 7213.227215384614], [15841.415846153843, 7182.467184615383], [15841.415846153843, 7151.707153846152], [15841.415846153843, 7120.947123076922], [15856.79586153846, 7105.567107692306], [15872.175876923075, 7090.187092307691], [15872.175876923075, 7059.42706153846], [15872.175876923075, 7028.667030769229], [15887.55589230769, 7013.287015384614], [15918.31592307692, 7013.287015384614], [15933.695938461535, 6997.906999999999], [15949.075953846152, 6982.526984615383], [15964.455969230767, 6967.146969230768], [15979.835984615382, 6951.766953846153], [15995.215999999997, 6936.386938461537], [16010.596015384612, 6921.006923076922], [16025.976030769229, 6905.626907692306], [16025.976030769229, 6874.866876923076], [16025.976030769229, 6844.106846153845], [16025.976030769229, 6813.346815384614], [16041.356046153844, 6797.966799999999], [16056.736061538459, 6782.586784615383], [16056.736061538459, 6751.826753846153], [16056.736061538459, 6721.066723076922], [16072.116076923074, 6705.686707692306], [16102.876107692306, 6705.686707692306], [16118.25612307692, 6690.306692307691], [16133.636138461536, 6674.926676923076], [16149.01615384615, 6659.54666153846], [16164.396169230766, 6644.166646153845], [16179.776184615383, 6628.78663076923], [16195.156199999998, 6613.406615384614], [16210.536215384613, 6598.026599999999], [16225.916230769228, 6582.646584615383], [16256.676261538458, 6582.646584615383], [16272.056276923075, 6567.266569230768], [16287.43629230769, 6551.886553846153], [16302.816307692305, 6536.506538461537], [16318.19632307692, 6521.126523076922], [16333.576338461535, 6505.746507692306], [16348.956353846152, 6490.366492307691], [16364.336369230767, 6474.986476923076], [16364.336369230767, 6444.226446153845], [16379.71638461538, 6428.84643076923], [16410.47641538461, 6428.84643076923], [16441.236446153842, 6428.84643076923], [16471.996476923072, 6428.84643076923], [16502.756507692302, 6428.84643076923], [16533.516538461532, 6428.84643076923], [16564.276569230766, 6428.84643076923], [16595.036599999996, 6428.84643076923], [16625.796630769226, 6428.84643076923], [16641.176646153843, 6413.466415384614], [16656.556661538456, 6398.086399999999], [16671.936676923073, 6382.706384615383], [16687.316692307686, 6367.326369230768], [16702.696707692303, 6351.946353846153], [16718.07672307692, 6336.566338461537], [16733.456738461533, 6321.186323076922], [16748.83675384615, 6305.806307692307], [16779.59678461538, 6305.806307692307], [16794.976799999997, 6290.426292307691], [16810.35681538461, 6275.046276923076], [16825.736830769227, 6259.66626153846], [16841.11684615384, 6244.286246153845], [16856.496861538457, 6228.90623076923], [16871.876876923074, 6213.526215384614], [16887.256892307687, 6198.146199999999], [16902.636907692304, 6182.766184615383], [16918.016923076917, 6167.386169230768], [16933.396938461534, 6152.006153846153], [16948.77695384615, 6136.626138461537], [16964.156969230764, 6121.246123076922], [16979.53698461538, 6105.866107692307], [16994.916999999994, 6090.486092307691], [17025.677030769224, 6090.486092307691], [17041.05704615384, 6075.106076923076], [17056.437061538458, 6059.72606153846], [17071.81707692307, 6044.346046153845], [17087.197092307688, 6028.96603076923], [17102.5771076923, 6013.586015384614], [17117.957123076918, 5998.205999999999], [17133.337138461535, 5982.825984615384], [17148.717153846148, 5967.445969230768], [17179.477184615378, 5967.445969230768], [17194.857199999995, 5952.065953846153], [17210.23721538461, 5936.685938461537], [17225.617230769225, 5921.305923076922], [17240.997246153842, 5905.925907692307], [17271.757276923072, 5905.925907692307], [17302.517307692302, 5905.925907692307], [17333.277338461532, 5905.925907692307], [17348.65735384615, 5890.545892307691], [17364.037369230766, 5875.165876923076], [17379.41738461538, 5859.78586153846], [17379.41738461538, 5829.02583076923], [17394.797399999996, 5813.645815384614], [17410.17741538461, 5829.02583076923], [17425.557430769226, 5844.405846153845], [17456.317461538456, 5844.405846153845], [17487.077492307686, 5844.405846153845], [17517.83752307692, 5844.405846153845], [17533.217538461533, 5859.78586153846], [17548.59755384615, 5875.165876923076], [17579.35758461538, 5875.165876923076], [17594.737599999997, 5890.545892307691], [17610.11761538461, 5905.925907692307], [17640.87764615384, 5905.925907692307], [17656.257661538457, 5921.305923076922], [17671.63767692307, 5936.685938461537], [17687.017692307687, 5952.065953846153], [17702.397707692304, 5967.445969230768], [17717.777723076917, 5982.825984615384], [17733.157738461534, 5998.205999999999], [17763.917769230764, 5998.205999999999], [17779.29778461538, 6013.586015384614], [17794.677799999994, 6028.96603076923], [17810.05781538461, 6044.346046153845], [17825.437830769224, 6059.72606153846], [17840.81784615384, 6075.106076923076], [17856.197861538458, 6090.486092307691], [17871.57787692307, 6105.866107692307], [17871.57787692307, 6136.626138461537], [17886.957892307688, 6152.006153846153], [17902.3379076923, 6167.386169230768], [17917.717923076918, 6182.766184615383], [17933.097938461535, 6198.146199999999], [17948.477953846148, 6213.526215384614], [17963.857969230765, 6228.90623076923], [17963.857969230765, 6259.66626153846], [17979.237984615378, 6275.046276923076], [17994.617999999995, 6290.426292307691], [17994.617999999995, 6321.186323076922], [17994.617999999995, 6351.946353846153], [18009.99801538461, 6367.326369230768], [18025.378030769225, 6382.706384615383], [18025.378030769225, 6413.466415384614], [18025.378030769225, 6444.226446153845], [18025.378030769225, 6474.986476923076], [18040.758046153842, 6490.366492307691], [18056.138061538455, 6505.746507692306], [18056.138061538455, 6536.506538461537], [18056.138061538455, 6567.266569230768], [18056.138061538455, 6598.026599999999], [18056.138061538455, 6628.78663076923], [18056.138061538455, 6659.54666153846], [18056.138061538455, 6690.306692307691], [18056.138061538455, 6721.066723076922], [18056.138061538455, 6751.826753846153], [18056.138061538455, 6782.586784615383], [18040.758046153842, 6797.966799999999], [18025.378030769225, 6813.346815384614], [18025.378030769225, 6844.106846153845], [18025.378030769225, 6874.866876923076], [18025.378030769225, 6905.626907692306], [18009.99801538461, 6921.006923076922], [17994.617999999995, 6936.386938461537], [17994.617999999995, 6967.146969230768], [17979.237984615378, 6982.526984615383], [17963.857969230765, 6997.906999999999], [17963.857969230765, 7028.667030769229], [17948.477953846148, 7044.047046153845], [17933.097938461535, 7059.42706153846], [17917.717923076918, 7074.807076923076], [17902.3379076923, 7090.187092307691], [17886.957892307688, 7105.567107692306], [17871.57787692307, 7120.947123076922], [17871.57787692307, 7151.707153846152], [17856.197861538458, 7167.087169230768], [17840.81784615384, 7182.467184615383], [17825.437830769224, 7197.847199999999], [17810.05781538461, 7213.227215384614], [17794.677799999994, 7228.607230769229], [17779.29778461538, 7243.987246153845], [17779.29778461538, 7274.747276923076], [17763.917769230764, 7290.127292307691], [17748.537753846147, 7305.507307692306], [17748.537753846147, 7336.267338461537], [17733.157738461534, 7351.647353846152], [17717.777723076917, 7367.027369230768], [17702.397707692304, 7382.407384615383], [17687.017692307687, 7397.787399999999], [17671.63767692307, 7413.167415384614], [17656.257661538457, 7428.547430769229], [17656.257661538457, 7459.30746153846], [17640.87764615384, 7474.687476923075], [17625.497630769227, 7490.067492307691], [17610.11761538461, 7505.447507692306], [17594.737599999997, 7520.827523076922], [17579.35758461538, 7536.207538461537], [17548.59755384615, 7536.207538461537], [17533.217538461533, 7551.587553846152], [17517.83752307692, 7566.967569230768], [17502.457507692303, 7582.347584615383], [17487.077492307686, 7597.727599999999], [17471.697476923073, 7613.107615384614], [17456.317461538456, 7628.487630769229], [17425.557430769226, 7628.487630769229], [17410.17741538461, 7643.867646153845], [17394.797399999996, 7659.24766153846], [17364.037369230766, 7659.24766153846], [17348.65735384615, 7674.627676923075], [17333.277338461532, 7690.007692307691], [17302.517307692302, 7690.007692307691], [17287.13729230769, 7705.387707692306], [17271.757276923072, 7720.767723076922], [17240.997246153842, 7720.767723076922], [17225.617230769225, 7736.147738461537], [17210.23721538461, 7751.527753846152], [17179.477184615378, 7751.527753846152], [17164.097169230765, 7766.907769230768], [17164.097169230765, 7797.667799999998], [17148.717153846148, 7813.047815384614], [17133.337138461535, 7828.427830769229], [17133.337138461535, 7859.18786153846], [17117.957123076918, 7874.567876923075], [17102.5771076923, 7889.947892307691], [17087.197092307688, 7905.327907692306], [17071.81707692307, 7920.707923076922], [17056.437061538458, 7936.087938461537], [17041.05704615384, 7951.467953846152], [17041.05704615384, 7982.227984615383], [17025.677030769224, 7997.607999999998], [17010.29701538461, 8012.988015384614], [16994.916999999994, 8028.368030769229], [16979.53698461538, 8043.748046153845], [16964.156969230764, 8059.12806153846], [16948.77695384615, 8074.508076923075], [16948.77695384615, 8105.268107692306], [16933.396938461534, 8120.648123076921], [16918.016923076917, 8136.028138461537], [16918.016923076917, 8166.788169230768], [16918.016923076917, 8197.5482], [16918.016923076917, 8228.30823076923], [16918.016923076917, 8259.06826153846], [16918.016923076917, 8289.828292307691], [16918.016923076917, 8320.588323076921], [16918.016923076917, 8351.348353846153], [16918.016923076917, 8382.108384615383], [16918.016923076917, 8412.868415384613], [16902.636907692304, 8428.24843076923], [16887.256892307687, 8443.628446153845], [16887.256892307687, 8474.388476923075], [16887.256892307687, 8505.148507692305], [16887.256892307687, 8535.908538461537], [16887.256892307687, 8566.668569230767], [16902.636907692304, 8582.048584615382], [16918.016923076917, 8597.4286], [16933.396938461534, 8612.808615384614], [16964.156969230764, 8612.808615384614], [16979.53698461538, 8628.18863076923], [16994.916999999994, 8643.568646153844], [17010.29701538461, 8658.94866153846], [17025.677030769224, 8674.328676923076], [17041.05704615384, 8689.708692307691], [17056.437061538458, 8705.088707692306], [17071.81707692307, 8720.468723076921], [17087.197092307688, 8735.848738461536], [17102.5771076923, 8751.228753846153], [17117.957123076918, 8766.608769230768], [17133.337138461535, 8781.988784615383], [17148.717153846148, 8797.368799999998], [17164.097169230765, 8812.748815384613], [17179.477184615378, 8828.128830769228], [17194.857199999995, 8843.508846153845], [17210.23721538461, 8858.88886153846], [17225.617230769225, 8874.268876923075], [17240.997246153842, 8889.64889230769], [17256.377261538455, 8905.028907692305], [17256.377261538455, 8935.788938461537], [17271.757276923072, 8951.168953846152], [17287.13729230769, 8966.548969230767], [17302.517307692302, 8981.928984615382], [17317.89732307692, 8997.309], [17333.277338461532, 9012.689015384614], [17348.65735384615, 9028.06903076923], [17348.65735384615, 9058.82906153846], [17364.037369230766, 9074.209076923076], [17379.41738461538, 9089.589092307691], [17379.41738461538, 9120.349123076921], [17394.797399999996, 9135.729138461536], [17410.17741538461, 9151.109153846151], [17410.17741538461, 9181.869184615383], [17425.557430769226, 9197.249199999998], [17440.937446153843, 9212.629215384613], [17440.937446153843, 9243.389246153845], [17456.317461538456, 9258.76926153846], [17471.697476923073, 9274.149276923075], [17487.077492307686, 9289.52929230769], [17502.457507692303, 9304.909307692305], [17517.83752307692, 9320.289323076922], [17533.217538461533, 9335.669338461537], [17533.217538461533, 9366.429369230767], [17548.59755384615, 9381.809384615382], [17563.977569230763, 9397.1894], [17579.35758461538, 9412.569415384614], [17610.11761538461, 9412.569415384614], [17625.497630769227, 9397.1894], [17640.87764615384, 9381.809384615382], [17656.257661538457, 9366.429369230767], [17671.63767692307, 9351.049353846152], [17687.017692307687, 9335.669338461537], [17702.397707692304, 9320.289323076922], [17733.157738461534, 9320.289323076922], [17748.537753846147, 9304.909307692305], [17763.917769230764, 9289.52929230769], [17794.677799999994, 9289.52929230769], [17810.05781538461, 9274.149276923075], [17825.437830769224, 9258.76926153846], [17856.197861538458, 9258.76926153846], [17871.57787692307, 9243.389246153845], [17886.957892307688, 9228.009230769228], [17902.3379076923, 9212.629215384613], [17917.717923076918, 9197.249199999998], [17948.477953846148, 9197.249199999998], [17963.857969230765, 9181.869184615383], [17979.237984615378, 9166.489169230768], [18009.99801538461, 9166.489169230768], [18025.378030769225, 9151.109153846151], [18040.758046153842, 9135.729138461536], [18071.518076923072, 9135.729138461536], [18102.278107692302, 9135.729138461536], [18133.038138461532, 9135.729138461536], [18148.41815384615, 9120.349123076921], [18163.798169230766, 9104.969107692306], [18194.558199999996, 9104.969107692306], [18225.318230769226, 9104.969107692306], [18256.078261538456, 9104.969107692306], [18286.838292307686, 9104.969107692306], [18317.598323076916, 9104.969107692306], [18348.35835384615, 9104.969107692306], [18379.11838461538, 9104.969107692306], [18409.87841538461, 9104.969107692306], [18440.63844615384, 9104.969107692306], [18471.39847692307, 9104.969107692306], [18502.158507692304, 9104.969107692306], [18532.918538461534, 9104.969107692306], [18548.298553846147, 9120.349123076921], [18563.678569230764, 9135.729138461536], [18594.438599999994, 9135.729138461536], [18625.198630769224, 9135.729138461536], [18655.958661538458, 9135.729138461536], [18671.33867692307, 9151.109153846151], [18686.718692307688, 9166.489169230768], [18717.478723076918, 9166.489169230768], [18732.858738461535, 9181.869184615383], [18748.238753846148, 9197.249199999998], [18778.998784615378, 9197.249199999998], [18794.378799999995, 9212.629215384613], [18809.75881538461, 9228.009230769228], [18840.518846153842, 9228.009230769228], [18871.278876923072, 9228.009230769228], [18902.038907692302, 9228.009230769228], [18932.798938461532, 9228.009230769228], [18963.558969230762, 9228.009230769228], [18994.318999999996, 9228.009230769228], [19025.079030769226, 9228.009230769228], [19055.839061538456, 9228.009230769228], [19086.599092307686, 9228.009230769228], [19101.979107692303, 9243.389246153845], [19117.359123076916, 9258.76926153846], [19148.11915384615, 9258.76926153846], [19178.87918461538, 9258.76926153846], [19209.63921538461, 9258.76926153846], [19225.019230769227, 9274.149276923075], [19240.39924615384, 9289.52929230769], [19271.15927692307, 9289.52929230769], [19286.539292307687, 9304.909307692305], [19301.919307692304, 9320.289323076922], [19317.299323076917, 9335.669338461537], [19332.679338461534, 9351.049353846152], [19348.059353846147, 9366.429369230767], [19363.439369230764, 9381.809384615382], [19394.199399999994, 9381.809384615382], [19424.959430769224, 9381.809384615382], [19455.719461538458, 9381.809384615382], [19486.479492307688, 9381.809384615382], [19517.239523076918, 9381.809384615382], [19547.999553846148, 9381.809384615382], [19578.759584615378, 9381.809384615382], [19609.51961538461, 9381.809384615382], [19640.279646153842, 9381.809384615382], [19671.039676923072, 9381.809384615382], [19701.799707692302, 9381.809384615382], [19732.559738461532, 9381.809384615382], [19763.319769230762, 9381.809384615382], [19794.079799999996, 9381.809384615382], [19824.839830769226, 9381.809384615382], [19855.599861538456, 9381.809384615382], [19886.359892307686, 9381.809384615382], [19901.739907692303, 9397.1894], [19917.119923076916, 9412.569415384614], [19947.87995384615, 9412.569415384614], [19978.63998461538, 9412.569415384614], [20009.40001538461, 9412.569415384614], [20024.780030769227, 9427.94943076923], [20040.16004615384, 9443.329446153844], [20070.92007692307, 9443.329446153844], [20101.680107692304, 9443.329446153844], [20117.060123076917, 9458.70946153846], [20132.440138461534, 9474.089476923074], [20163.200169230764, 9474.089476923074], [20178.58018461538, 9489.469492307691], [20193.960199999994, 9504.849507692306], [20224.720230769224, 9504.849507692306], [20240.10024615384, 9520.229523076921], [20255.480261538454, 9535.609538461536], [20270.86027692307, 9550.989553846151], [20286.240292307688, 9566.369569230768], [20301.6203076923, 9581.749584615383], [20317.000323076918, 9597.129599999998], [20347.760353846148, 9597.129599999998], [20363.140369230765, 9612.509615384613], [20378.520384615378, 9627.889630769228], [20409.28041538461, 9627.889630769228], [20424.660430769225, 9643.269646153845], [20440.040446153842, 9658.64966153846], [20455.420461538455, 9674.029676923075], [20470.800476923072, 9689.40969230769], [20486.180492307685, 9704.789707692305], [20501.560507692302, 9720.169723076922], [20532.320538461532, 9720.169723076922], [20547.70055384615, 9735.549738461537], [20563.080569230762, 9750.929753846152], [20578.46058461538, 9766.309769230767], [20593.840599999996, 9781.689784615382], [20609.22061538461, 9797.069799999997], [20624.600630769226, 9812.449815384614], [20639.98064615384, 9827.82983076923], [20639.98064615384, 9858.58986153846], [20655.360661538456, 9873.969876923074], [20670.740676923073, 9889.349892307691], [20686.120692307686, 9904.729907692306], [20701.500707692303, 9920.109923076921], [20716.880723076916, 9935.489938461536], [20732.260738461533, 9950.869953846151], [20732.260738461533, 9981.629984615383], [20747.64075384615, 9997.009999999998], [20763.020769230763, 10012.390015384613], [20763.020769230763, 10043.150046153845], [20763.020769230763, 10073.910076923075], [20763.020769230763, 10104.670107692305], [20778.40078461538, 10120.05012307692], [20793.780799999993, 10135.430138461537], [20793.780799999993, 10166.190169230767], [20793.780799999993, 10196.950199999997], [20793.780799999993, 10227.71023076923], [20793.780799999993, 10258.47026153846], [20793.780799999993, 10289.230292307691], [20793.780799999993, 10319.990323076921], [20793.780799999993, 10350.750353846151], [20793.780799999993, 10381.510384615383], [20793.780799999993, 10412.270415384613], [20793.780799999993, 10443.030446153844], [20778.40078461538, 10458.41046153846], [20763.020769230763, 10473.790476923075], [20747.64075384615, 10489.17049230769], [20732.260738461533, 10504.550507692305], [20716.880723076916, 10519.93052307692], [20686.120692307686, 10519.93052307692], [20670.740676923073, 10535.310538461537], [20655.360661538456, 10550.690553846152], [20639.98064615384, 10566.070569230767], [20624.600630769226, 10581.450584615382], [20609.22061538461, 10596.830599999998], [20593.840599999996, 10612.210615384614], [20563.080569230762, 10612.210615384614], [20547.70055384615, 10627.59063076923], [20532.320538461532, 10642.970646153844], [20516.94052307692, 10658.35066153846], [20501.560507692302, 10673.730676923074], [20470.800476923072, 10673.730676923074], [20455.420461538455, 10689.110692307691], [20440.040446153842, 10704.490707692306], [20424.660430769225, 10719.870723076921], [20409.28041538461, 10735.250738461536], [20378.520384615378, 10735.250738461536], [20363.140369230765, 10750.630753846151], [20347.760353846148, 10766.010769230767], [20317.000323076918, 10766.010769230767], [20301.6203076923, 10781.390784615383], [20286.240292307688, 10796.770799999998], [20255.480261538454, 10796.770799999998], [20224.720230769224, 10796.770799999998], [20193.960199999994, 10796.770799999998], [20178.58018461538, 10812.150815384613], [20163.200169230764, 10827.530830769228], [20132.440138461534, 10827.530830769228], [20117.060123076917, 10842.910846153844], [20101.680107692304, 10858.29086153846], [20070.92007692307, 10858.29086153846], [20055.540061538457, 10873.670876923075], [20040.16004615384, 10889.05089230769], [20009.40001538461, 10889.05089230769], [19978.63998461538, 10889.05089230769], [19963.259969230763, 10904.430907692305], [19947.87995384615, 10919.81092307692]], [[19932.499938461533, 10689.110692307691], [19947.87995384615, 10673.730676923074], [19978.63998461538, 10673.730676923074], [19994.019999999993, 10658.35066153846], [20009.40001538461, 10642.970646153844], [20024.780030769227, 10627.59063076923], [20040.16004615384, 10612.210615384614], [20055.540061538457, 10596.830599999998], [20070.92007692307, 10581.450584615382], [20086.300092307687, 10566.070569230767], [20101.680107692304, 10550.690553846152], [20117.060123076917, 10535.310538461537], [20132.440138461534, 10519.93052307692], [20147.820153846147, 10504.550507692305], [20163.200169230764, 10489.17049230769], [20178.58018461538, 10473.790476923075], [20193.960199999994, 10458.41046153846], [20209.34021538461, 10443.030446153844], [20209.34021538461, 10412.270415384613], [20209.34021538461, 10381.510384615383], [20224.720230769224, 10366.130369230768], [20240.10024615384, 10350.750353846151], [20240.10024615384, 10319.990323076921], [20240.10024615384, 10289.230292307691], [20240.10024615384, 10258.47026153846], [20240.10024615384, 10227.71023076923], [20224.720230769224, 10212.330215384614], [20209.34021538461, 10196.950199999997], [20193.960199999994, 10181.570184615382], [20178.58018461538, 10166.190169230767], [20163.200169230764, 10150.810153846152], [20147.820153846147, 10135.430138461537], [20132.440138461534, 10120.05012307692], [20101.680107692304, 10120.05012307692], [20086.300092307687, 10104.670107692305], [20070.92007692307, 10089.29009230769], [20040.16004615384, 10089.29009230769], [20024.780030769227, 10073.910076923075], [20009.40001538461, 10058.53006153846], [19994.019999999993, 10043.150046153845], [19978.63998461538, 10027.770030769228], [19963.259969230763, 10012.390015384613], [19947.87995384615, 9997.009999999998], [19917.119923076916, 9997.009999999998], [19901.739907692303, 9981.629984615383], [19886.359892307686, 9966.249969230768], [19855.599861538456, 9966.249969230768], [19824.839830769226, 9966.249969230768], [19809.45981538461, 9950.869953846151], [19794.079799999996, 9935.489938461536], [19763.319769230762, 9935.489938461536], [19732.559738461532, 9935.489938461536], [19701.799707692302, 9935.489938461536], [19671.039676923072, 9935.489938461536], [19640.279646153842, 9935.489938461536], [19609.51961538461, 9935.489938461536], [19578.759584615378, 9935.489938461536], [19547.999553846148, 9935.489938461536], [19517.239523076918, 9935.489938461536], [19486.479492307688, 9935.489938461536], [19455.719461538458, 9935.489938461536], [19424.959430769224, 9935.489938461536], [19394.199399999994, 9935.489938461536], [19363.439369230764, 9935.489938461536], [19332.679338461534, 9935.489938461536], [19317.299323076917, 9950.869953846151], [19301.919307692304, 9966.249969230768], [19271.15927692307, 9966.249969230768], [19240.39924615384, 9966.249969230768], [19225.019230769227, 9950.869953846151], [19209.63921538461, 9935.489938461536], [19178.87918461538, 9935.489938461536], [19148.11915384615, 9935.489938461536], [19132.739138461533, 9920.109923076921], [19117.359123076916, 9904.729907692306], [19101.979107692303, 9889.349892307691], [19086.599092307686, 9873.969876923074], [19071.219076923073, 9858.58986153846], [19055.839061538456, 9843.209846153844], [19040.45904615384, 9827.82983076923], [19025.079030769226, 9812.449815384614], [19009.69901538461, 9797.069799999997], [18994.318999999996, 9781.689784615382], [18963.558969230762, 9781.689784615382], [18932.798938461532, 9781.689784615382], [18902.038907692302, 9781.689784615382], [18871.278876923072, 9781.689784615382], [18840.518846153842, 9781.689784615382], [18809.75881538461, 9781.689784615382], [18794.378799999995, 9797.069799999997], [18778.998784615378, 9812.449815384614], [18763.618769230765, 9827.82983076923], [18748.238753846148, 9843.209846153844], [18732.858738461535, 9827.82983076923], [18717.478723076918, 9812.449815384614], [18686.718692307688, 9812.449815384614], [18655.958661538458, 9812.449815384614], [18640.57864615384, 9797.069799999997], [18625.198630769224, 9781.689784615382], [18609.81861538461, 9766.309769230767], [18594.438599999994, 9750.929753846152], [18563.678569230764, 9750.929753846152], [18548.298553846147, 9735.549738461537], [18532.918538461534, 9720.169723076922], [18517.538523076917, 9704.789707692305], [18502.158507692304, 9689.40969230769], [18471.39847692307, 9689.40969230769], [18456.018461538457, 9674.029676923075], [18440.63844615384, 9658.64966153846], [18409.87841538461, 9658.64966153846], [18379.11838461538, 9658.64966153846], [18348.35835384615, 9658.64966153846], [18317.598323076916, 9658.64966153846], [18286.838292307686, 9658.64966153846], [18256.078261538456, 9658.64966153846], [18240.698246153843, 9674.029676923075], [18225.318230769226, 9689.40969230769], [18194.558199999996, 9689.40969230769], [18179.17818461538, 9704.789707692305], [18163.798169230766, 9720.169723076922], [18148.41815384615, 9735.549738461537], [18133.038138461532, 9750.929753846152], [18102.278107692302, 9750.929753846152], [18086.89809230769, 9766.309769230767], [18071.518076923072, 9781.689784615382], [18056.138061538455, 9797.069799999997], [18040.758046153842, 9812.449815384614], [18009.99801538461, 9812.449815384614], [17979.237984615378, 9812.449815384614], [17963.857969230765, 9827.82983076923], [17948.477953846148, 9843.209846153844], [17933.097938461535, 9858.58986153846], [17917.717923076918, 9873.969876923074], [17902.3379076923, 9889.349892307691], [17886.957892307688, 9904.729907692306], [17871.57787692307, 9920.109923076921], [17856.197861538458, 9935.489938461536], [17825.437830769224, 9935.489938461536], [17810.05781538461, 9950.869953846151], [17794.677799999994, 9966.249969230768], [17779.29778461538, 9981.629984615383], [17763.917769230764, 9997.009999999998], [17748.537753846147, 10012.390015384613], [17733.157738461534, 10027.770030769228], [17717.777723076917, 10043.150046153845], [17702.397707692304, 10058.53006153846], [17687.017692307687, 10073.910076923075], [17702.397707692304, 10089.29009230769], [17717.777723076917, 10104.670107692305], [17733.157738461534, 10120.05012307692], [17748.537753846147, 10135.430138461537], [17763.917769230764, 10150.810153846152], [17794.677799999994, 10150.810153846152], [17810.05781538461, 10166.190169230767], [17825.437830769224, 10181.570184615382], [17840.81784615384, 10196.950199999997], [17856.197861538458, 10212.330215384614], [17871.57787692307, 10227.71023076923], [17886.957892307688, 10243.090246153844], [17902.3379076923, 10258.47026153846], [17917.717923076918, 10273.850276923074], [17933.097938461535, 10289.230292307691], [17948.477953846148, 10304.610307692306], [17963.857969230765, 10319.990323076921], [17979.237984615378, 10335.370338461536], [18009.99801538461, 10335.370338461536], [18040.758046153842, 10335.370338461536], [18071.518076923072, 10335.370338461536], [18102.278107692302, 10335.370338461536], [18133.038138461532, 10335.370338461536], [18148.41815384615, 10319.990323076921], [18163.798169230766, 10304.610307692306], [18179.17818461538, 10319.990323076921], [18194.558199999996, 10335.370338461536], [18209.93821538461, 10350.750353846151], [18225.318230769226, 10366.130369230768], [18240.698246153843, 10381.510384615383], [18256.078261538456, 10396.890399999998], [18286.838292307686, 10396.890399999998], [18317.598323076916, 10396.890399999998], [18348.35835384615, 10396.890399999998], [18379.11838461538, 10396.890399999998], [18394.498399999993, 10412.270415384613], [18409.87841538461, 10427.650430769228], [18425.258430769227, 10412.270415384613], [18440.63844615384, 10396.890399999998], [18471.39847692307, 10396.890399999998], [18486.778492307687, 10412.270415384613], [18502.158507692304, 10427.650430769228], [18532.918538461534, 10427.650430769228], [18563.678569230764, 10427.650430769228], [18594.438599999994, 10427.650430769228], [18625.198630769224, 10427.650430769228], [18655.958661538458, 10427.650430769228], [18671.33867692307, 10412.270415384613], [18686.718692307688, 10396.890399999998], [18702.0987076923, 10381.510384615383], [18717.478723076918, 10366.130369230768], [18732.858738461535, 10350.750353846151], [18748.238753846148, 10335.370338461536], [18763.618769230765, 10319.990323076921], [18778.998784615378, 10304.610307692306], [18794.378799999995, 10289.230292307691], [18809.75881538461, 10273.850276923074], [18825.138830769225, 10258.47026153846], [18840.518846153842, 10243.090246153844], [18871.278876923072, 10243.090246153844], [18902.038907692302, 10243.090246153844], [18917.41892307692, 10227.71023076923], [18932.798938461532, 10212.330215384614], [18948.17895384615, 10196.950199999997], [18963.558969230762, 10181.570184615382], [18994.318999999996, 10181.570184615382], [19025.079030769226, 10181.570184615382], [19040.45904615384, 10166.190169230767], [19055.839061538456, 10150.810153846152], [19071.219076923073, 10135.430138461537], [19086.599092307686, 10120.05012307692], [19101.979107692303, 10104.670107692305], [19117.359123076916, 10089.29009230769], [19148.11915384615, 10089.29009230769], [19163.499169230763, 10104.670107692305], [19178.87918461538, 10120.05012307692], [19194.259199999993, 10135.430138461537], [19209.63921538461, 10150.810153846152], [19225.019230769227, 10166.190169230767], [19240.39924615384, 10181.570184615382], [19255.779261538457, 10196.950199999997], [19271.15927692307, 10212.330215384614], [19286.539292307687, 10227.71023076923], [19301.919307692304, 10243.090246153844], [19332.679338461534, 10243.090246153844], [19348.059353846147, 10258.47026153846], [19363.439369230764, 10273.850276923074], [19394.199399999994, 10273.850276923074], [19409.57941538461, 10289.230292307691], [19424.959430769224, 10304.610307692306], [19440.33944615384, 10319.990323076921], [19455.719461538458, 10335.370338461536], [19471.09947692307, 10350.750353846151], [19486.479492307688, 10366.130369230768], [19501.8595076923, 10381.510384615383], [19501.8595076923, 10412.270415384613], [19517.239523076918, 10427.650430769228], [19532.619538461535, 10443.030446153844], [19532.619538461535, 10473.790476923075], [19532.619538461535, 10504.550507692305], [19547.999553846148, 10519.93052307692], [19563.379569230765, 10535.310538461537], [19578.759584615378, 10550.690553846152], [19594.139599999995, 10566.070569230767], [19609.51961538461, 10581.450584615382], [19624.899630769225, 10596.830599999998], [19640.279646153842, 10612.210615384614], [19655.659661538455, 10627.59063076923], [19671.039676923072, 10642.970646153844], [19701.799707692302, 10642.970646153844], [19717.17972307692, 10658.35066153846], [19732.559738461532, 10673.730676923074], [19763.319769230762, 10673.730676923074], [19778.69978461538, 10689.110692307691], [19794.079799999996, 10704.490707692306], [19824.839830769226, 10704.490707692306], [19855.599861538456, 10704.490707692306], [19886.359892307686, 10704.490707692306], [19917.119923076916, 10704.490707692306], [19932.499938461533, 10689.110692307691]], [[16302.816307692305, 8382.108384615383], [16318.19632307692, 8366.728369230768], [16333.576338461535, 8351.348353846153], [16348.956353846152, 8335.968338461536], [16364.336369230767, 8320.588323076921], [16364.336369230767, 8289.828292307691], [16364.336369230767, 8259.06826153846], [16364.336369230767, 8228.30823076923], [16364.336369230767, 8197.5482], [16348.956353846152, 8182.168184615382], [16333.576338461535, 8166.788169230768], [16318.19632307692, 8151.408153846152], [16302.816307692305, 8136.028138461537], [16302.816307692305, 8105.268107692306], [16318.19632307692, 8089.888092307691], [16333.576338461535, 8074.508076923075], [16348.956353846152, 8059.12806153846], [16364.336369230767, 8043.748046153845], [16379.71638461538, 8028.368030769229], [16395.096399999995, 8012.988015384614], [16379.71638461538, 7997.607999999998], [16364.336369230767, 7982.227984615383], [16348.956353846152, 7966.847969230768], [16333.576338461535, 7951.467953846152], [16348.956353846152, 7936.087938461537], [16364.336369230767, 7920.707923076922], [16379.71638461538, 7905.327907692306], [16395.096399999995, 7889.947892307691], [16410.47641538461, 7874.567876923075], [16425.856430769225, 7859.18786153846], [16441.236446153842, 7843.807846153845], [16456.616461538455, 7828.427830769229], [16456.616461538455, 7797.667799999998], [16471.996476923072, 7782.287784615383], [16487.37649230769, 7766.907769230768], [16487.37649230769, 7736.147738461537], [16471.996476923072, 7720.767723076922], [16456.616461538455, 7705.387707692306], [16471.996476923072, 7690.007692307691], [16487.37649230769, 7674.627676923075], [16502.756507692302, 7659.24766153846], [16518.13652307692, 7643.867646153845], [16533.516538461532, 7628.487630769229], [16548.89655384615, 7643.867646153845], [16564.276569230766, 7659.24766153846], [16579.65658461538, 7643.867646153845], [16595.036599999996, 7628.487630769229], [16610.41661538461, 7613.107615384614], [16625.796630769226, 7597.727599999999], [16641.176646153843, 7582.347584615383], [16641.176646153843, 7551.587553846152], [16641.176646153843, 7520.827523076922], [16656.556661538456, 7505.447507692306], [16671.936676923073, 7490.067492307691], [16671.936676923073, 7459.30746153846], [16671.936676923073, 7428.547430769229], [16656.556661538456, 7413.167415384614], [16641.176646153843, 7397.787399999999], [16625.796630769226, 7382.407384615383], [16610.41661538461, 7367.027369230768], [16625.796630769226, 7351.647353846152], [16641.176646153843, 7336.267338461537], [16656.556661538456, 7320.887323076922], [16671.936676923073, 7305.507307692306], [16687.316692307686, 7290.127292307691], [16702.696707692303, 7274.747276923076], [16718.07672307692, 7259.36726153846], [16748.83675384615, 7259.36726153846], [16764.216769230763, 7243.987246153845], [16779.59678461538, 7228.607230769229], [16794.976799999997, 7213.227215384614], [16810.35681538461, 7197.847199999999], [16825.736830769227, 7213.227215384614], [16841.11684615384, 7228.607230769229], [16871.876876923074, 7228.607230769229], [16902.636907692304, 7228.607230769229], [16918.016923076917, 7213.227215384614], [16933.396938461534, 7197.847199999999], [16948.77695384615, 7213.227215384614], [16964.156969230764, 7228.607230769229], [16994.916999999994, 7228.607230769229], [17010.29701538461, 7213.227215384614], [17025.677030769224, 7197.847199999999], [17056.437061538458, 7197.847199999999], [17071.81707692307, 7182.467184615383], [17087.197092307688, 7167.087169230768], [17117.957123076918, 7167.087169230768], [17133.337138461535, 7151.707153846152], [17148.717153846148, 7136.327138461537], [17179.477184615378, 7136.327138461537], [17194.857199999995, 7120.947123076922], [17210.23721538461, 7105.567107692306], [17225.617230769225, 7090.187092307691], [17240.997246153842, 7074.807076923076], [17256.377261538455, 7059.42706153846], [17256.377261538455, 7028.667030769229], [17271.757276923072, 7013.287015384614], [17287.13729230769, 6997.906999999999], [17287.13729230769, 6967.146969230768], [17271.757276923072, 6951.766953846153], [17256.377261538455, 6936.386938461537], [17271.757276923072, 6921.006923076922], [17287.13729230769, 6905.626907692306], [17302.517307692302, 6890.246892307691], [17317.89732307692, 6874.866876923076], [17333.277338461532, 6859.48686153846], [17364.037369230766, 6859.48686153846], [17379.41738461538, 6844.106846153845], [17394.797399999996, 6828.726830769229], [17410.17741538461, 6813.346815384614], [17425.557430769226, 6797.966799999999], [17440.937446153843, 6782.586784615383], [17456.317461538456, 6767.206769230768], [17471.697476923073, 6751.826753846153], [17471.697476923073, 6721.066723076922], [17487.077492307686, 6705.686707692306], [17502.457507692303, 6690.306692307691], [17502.457507692303, 6659.54666153846], [17502.457507692303, 6628.78663076923], [17502.457507692303, 6598.026599999999], [17487.077492307686, 6582.646584615383], [17471.697476923073, 6567.266569230768], [17471.697476923073, 6536.506538461537], [17471.697476923073, 6505.746507692306], [17456.317461538456, 6490.366492307691], [17440.937446153843, 6474.986476923076], [17425.557430769226, 6459.60646153846], [17410.17741538461, 6444.226446153845], [17394.797399999996, 6428.84643076923], [17379.41738461538, 6413.466415384614], [17364.037369230766, 6398.086399999999], [17333.277338461532, 6398.086399999999], [17317.89732307692, 6382.706384615383], [17302.517307692302, 6367.326369230768], [17271.757276923072, 6367.326369230768], [17240.997246153842, 6367.326369230768], [17210.23721538461, 6367.326369230768], [17179.477184615378, 6367.326369230768], [17164.097169230765, 6351.946353846153], [17148.717153846148, 6336.566338461537], [17133.337138461535, 6351.946353846153], [17117.957123076918, 6367.326369230768], [17087.197092307688, 6367.326369230768], [17071.81707692307, 6382.706384615383], [17056.437061538458, 6398.086399999999], [17025.677030769224, 6398.086399999999], [17010.29701538461, 6413.466415384614], [16994.916999999994, 6428.84643076923], [16964.156969230764, 6428.84643076923], [16948.77695384615, 6444.226446153845], [16933.396938461534, 6459.60646153846], [16918.016923076917, 6474.986476923076], [16902.636907692304, 6490.366492307691], [16887.256892307687, 6505.746507692306], [16871.876876923074, 6521.126523076922], [16856.496861538457, 6536.506538461537], [16856.496861538457, 6567.266569230768], [16841.11684615384, 6582.646584615383], [16825.736830769227, 6598.026599999999], [16810.35681538461, 6613.406615384614], [16794.976799999997, 6628.78663076923], [16794.976799999997, 6659.54666153846], [16779.59678461538, 6674.926676923076], [16764.216769230763, 6690.306692307691], [16748.83675384615, 6705.686707692306], [16733.456738461533, 6721.066723076922], [16733.456738461533, 6751.826753846153], [16718.07672307692, 6767.206769230768], [16702.696707692303, 6782.586784615383], [16687.316692307686, 6797.966799999999], [16671.936676923073, 6813.346815384614], [16656.556661538456, 6828.726830769229], [16641.176646153843, 6844.106846153845], [16625.796630769226, 6859.48686153846], [16610.41661538461, 6874.866876923076], [16595.036599999996, 6890.246892307691], [16579.65658461538, 6905.626907692306], [16579.65658461538, 6936.386938461537], [16579.65658461538, 6967.146969230768], [16579.65658461538, 6997.906999999999], [16579.65658461538, 7028.667030769229], [16579.65658461538, 7059.42706153846], [16579.65658461538, 7090.187092307691], [16579.65658461538, 7120.947123076922], [16579.65658461538, 7151.707153846152], [16579.65658461538, 7182.467184615383], [16564.276569230766, 7197.847199999999], [16548.89655384615, 7213.227215384614], [16548.89655384615, 7243.987246153845], [16548.89655384615, 7274.747276923076], [16533.516538461532, 7290.127292307691], [16518.13652307692, 7305.507307692306], [16502.756507692302, 7320.887323076922], [16487.37649230769, 7336.267338461537], [16471.996476923072, 7351.647353846152], [16441.236446153842, 7351.647353846152], [16425.856430769225, 7367.027369230768], [16410.47641538461, 7382.407384615383], [16379.71638461538, 7382.407384615383], [16348.956353846152, 7382.407384615383], [16333.576338461535, 7397.787399999999], [16318.19632307692, 7413.167415384614], [16287.43629230769, 7413.167415384614], [16272.056276923075, 7428.547430769229], [16256.676261538458, 7443.927446153845], [16241.296246153843, 7459.30746153846], [16225.916230769228, 7474.687476923075], [16210.536215384613, 7490.067492307691], [16195.156199999998, 7505.447507692306], [16179.776184615383, 7520.827523076922], [16179.776184615383, 7551.587553846152], [16164.396169230766, 7566.967569230768], [16149.01615384615, 7582.347584615383], [16133.636138461536, 7597.727599999999], [16118.25612307692, 7613.107615384614], [16118.25612307692, 7643.867646153845], [16118.25612307692, 7674.627676923075], [16118.25612307692, 7705.387707692306], [16118.25612307692, 7736.147738461537], [16118.25612307692, 7766.907769230768], [16118.25612307692, 7797.667799999998], [16118.25612307692, 7828.427830769229], [16118.25612307692, 7859.18786153846], [16133.636138461536, 7874.567876923075], [16149.01615384615, 7889.947892307691], [16164.396169230766, 7905.327907692306], [16179.776184615383, 7920.707923076922], [16195.156199999998, 7936.087938461537], [16210.536215384613, 7951.467953846152], [16210.536215384613, 7982.227984615383], [16225.916230769228, 7997.607999999998], [16241.296246153843, 8012.988015384614], [16241.296246153843, 8043.748046153845], [16225.916230769228, 8059.12806153846], [16210.536215384613, 8074.508076923075], [16195.156199999998, 8089.888092307691], [16179.776184615383, 8105.268107692306], [16164.396169230766, 8120.648123076921], [16149.01615384615, 8136.028138461537], [16133.636138461536, 8151.408153846152], [16118.25612307692, 8166.788169230768], [16118.25612307692, 8197.5482], [16118.25612307692, 8228.30823076923], [16118.25612307692, 8259.06826153846], [16133.636138461536, 8274.448276923076], [16149.01615384615, 8289.828292307691], [16164.396169230766, 8305.208307692306], [16179.776184615383, 8320.588323076921], [16195.156199999998, 8335.968338461536], [16210.536215384613, 8351.348353846153], [16225.916230769228, 8366.728369230768], [16241.296246153843, 8382.108384615383], [16256.676261538458, 8397.488399999998], [16287.43629230769, 8397.488399999998], [16302.816307692305, 8382.108384615383]], [[16764.216769230763, 9735.549738461537], [16779.59678461538, 9720.169723076922], [16810.35681538461, 9720.169723076922], [16841.11684615384, 9720.169723076922], [16871.876876923074, 9720.169723076922], [16887.256892307687, 9704.789707692305], [16902.636907692304, 9689.40969230769], [16933.396938461534, 9689.40969230769], [16948.77695384615, 9704.789707692305], [16964.156969230764, 9720.169723076922], [16979.53698461538, 9704.789707692305], [16994.916999999994, 9689.40969230769], [17010.29701538461, 9674.029676923075], [17025.677030769224, 9658.64966153846], [17041.05704615384, 9643.269646153845], [17041.05704615384, 9612.509615384613], [17025.677030769224, 9597.129599999998], [17010.29701538461, 9581.749584615383], [16994.916999999994, 9566.369569230768], [16979.53698461538, 9550.989553846151], [16964.156969230764, 9535.609538461536], [16948.77695384615, 9520.229523076921], [16933.396938461534, 9504.849507692306], [16918.016923076917, 9489.469492307691], [16918.016923076917, 9458.70946153846], [16918.016923076917, 9427.94943076923], [16902.636907692304, 9412.569415384614], [16887.256892307687, 9397.1894], [16887.256892307687, 9366.429369230767], [16871.876876923074, 9351.049353846152], [16856.496861538457, 9335.669338461537], [16856.496861538457, 9304.909307692305], [16841.11684615384, 9289.52929230769], [16825.736830769227, 9274.149276923075], [16810.35681538461, 9258.76926153846], [16794.976799999997, 9243.389246153845], [16779.59678461538, 9228.009230769228], [16764.216769230763, 9212.629215384613], [16748.83675384615, 9197.249199999998], [16733.456738461533, 9181.869184615383], [16718.07672307692, 9166.489169230768], [16702.696707692303, 9151.109153846151], [16687.316692307686, 9135.729138461536], [16671.936676923073, 9120.349123076921], [16656.556661538456, 9104.969107692306], [16641.176646153843, 9089.589092307691], [16625.796630769226, 9074.209076923076], [16610.41661538461, 9058.82906153846], [16595.036599999996, 9043.449046153844], [16579.65658461538, 9028.06903076923], [16564.276569230766, 9012.689015384614], [16533.516538461532, 9012.689015384614], [16518.13652307692, 8997.309], [16502.756507692302, 8981.928984615382], [16487.37649230769, 8966.548969230767], [16471.996476923072, 8951.168953846152], [16441.236446153842, 8951.168953846152], [16410.47641538461, 8951.168953846152], [16379.71638461538, 8951.168953846152], [16364.336369230767, 8966.548969230767], [16348.956353846152, 8981.928984615382], [16333.576338461535, 8997.309], [16318.19632307692, 9012.689015384614], [16302.816307692305, 9028.06903076923], [16287.43629230769, 9043.449046153844], [16256.676261538458, 9043.449046153844], [16241.296246153843, 9028.06903076923], [16225.916230769228, 9012.689015384614], [16210.536215384613, 8997.309], [16195.156199999998, 8981.928984615382], [16179.776184615383, 8966.548969230767], [16164.396169230766, 8951.168953846152], [16149.01615384615, 8966.548969230767], [16133.636138461536, 8981.928984615382], [16118.25612307692, 8997.309], [16102.876107692306, 9012.689015384614], [16087.496092307689, 9028.06903076923], [16072.116076923074, 9043.449046153844], [16056.736061538459, 9058.82906153846], [16056.736061538459, 9089.589092307691], [16056.736061538459, 9120.349123076921], [16072.116076923074, 9135.729138461536], [16087.496092307689, 9151.109153846151], [16102.876107692306, 9166.489169230768], [16118.25612307692, 9181.869184615383], [16133.636138461536, 9197.249199999998], [16149.01615384615, 9212.629215384613], [16149.01615384615, 9243.389246153845], [16149.01615384615, 9274.149276923075], [16149.01615384615, 9304.909307692305], [16164.396169230766, 9320.289323076922], [16179.776184615383, 9335.669338461537], [16179.776184615383, 9366.429369230767], [16195.156199999998, 9381.809384615382], [16210.536215384613, 9397.1894], [16210.536215384613, 9427.94943076923], [16210.536215384613, 9458.70946153846], [16225.916230769228, 9474.089476923074], [16241.296246153843, 9489.469492307691], [16256.676261538458, 9504.849507692306], [16272.056276923075, 9520.229523076921], [16287.43629230769, 9535.609538461536], [16302.816307692305, 9550.989553846151], [16318.19632307692, 9566.369569230768], [16333.576338461535, 9581.749584615383], [16348.956353846152, 9597.129599999998], [16364.336369230767, 9612.509615384613], [16379.71638461538, 9627.889630769228], [16410.47641538461, 9627.889630769228], [16425.856430769225, 9643.269646153845], [16441.236446153842, 9658.64966153846], [16471.996476923072, 9658.64966153846], [16502.756507692302, 9658.64966153846], [16518.13652307692, 9674.029676923075], [16533.516538461532, 9689.40969230769], [16564.276569230766, 9689.40969230769], [16579.65658461538, 9704.789707692305], [16595.036599999996, 9720.169723076922], [16625.796630769226, 9720.169723076922], [16656.556661538456, 9720.169723076922], [16687.316692307686, 9720.169723076922], [16702.696707692303, 9735.549738461537], [16718.07672307692, 9750.929753846152], [16748.83675384615, 9750.929753846152], [16764.216769230763, 9735.549738461537]]]}, "properties": {"objectType": "annotation", "name": "P3_1_C|peri", "classification": {"name": "peri", "color": [25, 158, 112]}, "lesion_id": 0, "section": "P3_1_C", "area_um2": 880499.9999999998, "lesion_ids": [8, 13, 15]}}, {"type": "Feature", "geometry": {"type": "Polygon", "coordinates": [[[15672.235676923074, 8274.448276923076], [15656.855661538459, 8259.06826153846], [15656.855661538459, 8228.30823076923], [15656.855661538459, 8197.5482], [15672.235676923074, 8182.168184615382], [15687.615692307689, 8197.5482], [15687.615692307689, 8228.30823076923], [15687.615692307689, 8259.06826153846], [15672.235676923074, 8274.448276923076]]]}, "properties": {"objectType": "annotation", "name": "peri_8", "classification": {"name": "peri", "color": [25, 158, 112]}, "lesion_id": 8, "section": null, "area_um2": 249.99999999999466, "lesion_ids": [8]}}, {"type": "Feature", "geometry": {"type": "Polygon", "coordinates": [[[2599.222599999999, 26238.30624615384], [2568.4625692307686, 26238.30624615384], [2537.7025384615376, 26238.30624615384], [2522.3225230769226, 26222.926230769222], [2506.942507692307, 26207.54621538461], [2491.5624923076916, 26192.166199999992], [2476.182476923076, 26176.78618461538], [2460.802461538461, 26161.406169230762], [2445.4224461538456, 26146.026153846145], [2414.6624153846146, 26146.026153846145], [2383.902384615384, 26146.026153846145], [2368.5223692307686, 26130.646138461532], [2353.142353846153, 26115.266123076915], [2337.762338461538, 26099.886107692302], [2337.762338461538, 26069.12607692307], [2322.3823230769226, 26053.746061538455], [2307.002307692307, 26038.36604615384], [2307.002307692307, 26007.60601538461], [2307.002307692307, 25976.84598461538], [2291.6222923076916, 25961.46596923076], [2276.242276923076, 25946.08595384615], [2260.862261538461, 25930.70593846153], [2245.4822461538456, 25915.325923076918], [2245.4822461538456, 25884.565892307684], [2230.10223076923, 25869.18587692307], [2214.7222153846146, 25853.805861538454], [2199.3421999999996, 25838.42584615384], [2183.962184615384, 25823.045830769224], [2183.962184615384, 25792.285799999994], [2168.5821692307686, 25776.905784615377], [2153.202153846153, 25761.525769230764], [2137.822138461538, 25746.145753846147], [2122.4421230769226, 25730.76573846153], [2122.4421230769226, 25700.0057076923], [2107.062107692307, 25684.625692307687], [2091.6820923076916, 25669.24567692307], [2076.3020769230766, 25653.865661538453], [2060.922061538461, 25638.48564615384], [2060.922061538461, 25607.72561538461], [2060.922061538461, 25576.965584615376], [2045.5420461538456, 25561.585569230763], [2030.1620307692303, 25546.205553846146], [2030.1620307692303, 25515.445523076916], [2030.1620307692303, 25484.685492307686], [2030.1620307692303, 25453.925461538456], [2014.7820153846149, 25438.54544615384], [1999.4019999999996, 25423.165430769222], [1999.4019999999996, 25392.405399999992], [1999.4019999999996, 25361.645369230762], [1984.021984615384, 25346.26535384615], [1968.6419692307688, 25330.885338461532], [1968.6419692307688, 25300.125307692302], [1953.2619538461533, 25284.745292307685], [1937.8819384615379, 25269.365276923072], [1922.5019230769226, 25253.985261538455], [1907.121907692307, 25238.60524615384], [1891.7418923076918, 25223.225230769225], [1876.3618769230764, 25207.84521538461], [1876.3618769230764, 25177.08518461538], [1860.981861538461, 25161.70516923076], [1845.6018461538456, 25146.325153846148], [1830.2218307692303, 25130.94513846153], [1814.8418153846148, 25115.565123076918], [1814.8418153846148, 25084.805092307684], [1799.4617999999996, 25069.42507692307], [1784.081784615384, 25054.045061538454], [1784.081784615384, 25023.285030769224], [1768.7017692307688, 25007.905015384607], [1753.3217538461533, 24992.524999999994], [1753.3217538461533, 24961.764969230764], [1737.941738461538, 24946.384953846147], [1722.5617230769226, 24931.00493846153], [1722.5617230769226, 24900.2449076923], [1707.1817076923073, 24884.864892307687], [1691.8016923076918, 24869.48487692307], [1691.8016923076918, 24838.72484615384], [1676.4216769230766, 24823.344830769223], [1661.041661538461, 24807.96481538461], [1661.041661538461, 24777.204784615376], [1645.6616461538458, 24761.824769230763], [1630.2816307692303, 24746.444753846146], [1630.2816307692303, 24715.684723076916], [1630.2816307692303, 24684.924692307686], [1614.9016153846148, 24669.54467692307], [1599.5215999999996, 24654.164661538456], [1599.5215999999996, 24623.404630769226], [1584.141584615384, 24608.02461538461], [1568.7615692307688, 24592.644599999992], [1568.7615692307688, 24561.884569230762], [1568.7615692307688, 24531.124538461532], [1568.7615692307688, 24500.364507692302], [1553.3815538461533, 24484.984492307685], [1538.001538461538, 24469.604476923072], [1538.001538461538, 24438.84444615384], [1538.001538461538, 24408.08441538461], [1538.001538461538, 24377.32438461538], [1522.6215230769226, 24361.94436923076], [1507.2415076923073, 24346.564353846148], [1507.2415076923073, 24315.804323076918], [1507.2415076923073, 24285.044292307684], [1491.8614923076918, 24269.66427692307], [1476.4814769230766, 24254.284261538454], [1476.4814769230766, 24223.524230769224], [1461.101461538461, 24208.144215384607], [1445.7214461538458, 24192.764199999994], [1445.7214461538458, 24162.004169230764], [1445.7214461538458, 24131.24413846153], [1430.3414307692303, 24115.864123076917], [1414.961415384615, 24100.4841076923], [1414.961415384615, 24069.72407692307], [1414.961415384615, 24038.96404615384], [1414.961415384615, 24008.20401538461], [1399.5813999999996, 23992.823999999993], [1384.2013846153843, 23977.44398461538], [1384.2013846153843, 23946.683953846146], [1384.2013846153843, 23915.923923076916], [1384.2013846153843, 23885.163892307686], [1384.2013846153843, 23854.403861538456], [1384.2013846153843, 23823.643830769226], [1384.2013846153843, 23792.883799999992], [1384.2013846153843, 23762.123769230762], [1384.2013846153843, 23731.363738461532], [1384.2013846153843, 23700.603707692302], [1384.2013846153843, 23669.843676923072], [1384.2013846153843, 23639.08364615384], [1384.2013846153843, 23608.32361538461], [1399.5813999999996, 23592.943599999995], [1414.961415384615, 23577.56358461538], [1414.961415384615, 23546.803553846148], [1414.961415384615, 23516.043523076918], [1414.961415384615, 23485.283492307684], [1414.961415384615, 23454.523461538454], [1414.961415384615, 23423.763430769224], [1414.961415384615, 23393.003399999994], [1414.961415384615, 23362.243369230764], [1399.5813999999996, 23346.863353846147], [1384.2013846153843, 23331.483338461534], [1384.2013846153843, 23300.7233076923], [1384.2013846153843, 23269.96327692307], [1384.2013846153843, 23239.20324615384], [1399.5813999999996, 23223.823230769223], [1414.961415384615, 23208.44321538461], [1414.961415384615, 23177.68318461538], [1414.961415384615, 23146.923153846146], [1414.961415384615, 23116.163123076916], [1414.961415384615, 23085.403092307686], [1414.961415384615, 23054.643061538456], [1414.961415384615, 23023.883030769226], [1430.3414307692303, 23008.50301538461], [1445.7214461538458, 22993.122999999992], [1445.7214461538458, 22962.362969230762], [1445.7214461538458, 22931.602938461532], [1461.101461538461, 22916.222923076915], [1476.4814769230766, 22900.842907692302], [1476.4814769230766, 22870.082876923072], [1476.4814769230766, 22839.32284615384], [1491.8614923076918, 22823.942830769225], [1507.2415076923073, 22808.56281538461], [1507.2415076923073, 22777.80278461538], [1507.2415076923073, 22747.042753846148], [1522.6215230769226, 22731.66273846153], [1538.001538461538, 22716.282723076918], [1538.001538461538, 22685.522692307688], [1553.3815538461533, 22670.14267692307], [1568.7615692307688, 22654.762661538454], [1568.7615692307688, 22624.002630769224], [1584.141584615384, 22608.62261538461], [1599.5215999999996, 22593.242599999994], [1614.9016153846148, 22577.862584615377], [1630.2816307692303, 22562.482569230764], [1645.6616461538458, 22547.102553846147], [1661.041661538461, 22531.722538461534], [1661.041661538461, 22500.9625076923], [1676.4216769230766, 22485.582492307687], [1691.8016923076918, 22470.20247692307], [1691.8016923076918, 22439.44244615384], [1707.1817076923073, 22424.062430769223], [1722.5617230769226, 22408.68241538461], [1722.5617230769226, 22377.92238461538], [1737.941738461538, 22362.542369230763], [1753.3217538461533, 22347.162353846146], [1753.3217538461533, 22316.402323076916], [1753.3217538461533, 22285.642292307686], [1768.7017692307688, 22270.26227692307], [1784.081784615384, 22254.882261538456], [1799.4617999999996, 22239.50224615384], [1814.8418153846148, 22224.122230769226], [1814.8418153846148, 22193.362199999992], [1830.2218307692303, 22177.98218461538], [1860.981861538461, 22177.98218461538], [1891.7418923076918, 22177.98218461538], [1922.5019230769226, 22177.98218461538], [1953.2619538461533, 22177.98218461538], [1984.021984615384, 22177.98218461538], [2014.7820153846149, 22177.98218461538], [2045.5420461538456, 22177.98218461538], [2060.922061538461, 22193.362199999992], [2076.3020769230766, 22208.74221538461], [2107.062107692307, 22208.74221538461], [2137.822138461538, 22208.74221538461], [2153.202153846153, 22224.122230769226], [2168.5821692307686, 22239.50224615384], [2199.3421999999996, 22239.50224615384], [2214.7222153846146, 22254.882261538456], [2230.10223076923, 22270.26227692307], [2260.862261538461, 22270.26227692307], [2276.242276923076, 22285.642292307686], [2291.6222923076916, 22301.022307692303], [2307.002307692307, 22316.402323076916], [2322.3823230769226, 22331.782338461533], [2337.762338461538, 22347.162353846146], [2353.142353846153, 22362.542369230763], [2368.5223692307686, 22377.92238461538], [2383.902384615384, 22393.302399999993], [2399.2823999999996, 22408.68241538461], [2414.6624153846146, 22424.062430769223], [2430.04243076923, 22439.44244615384], [2445.4224461538456, 22454.822461538457], [2460.802461538461, 22470.20247692307], [2476.182476923076, 22485.582492307687], [2506.942507692307, 22485.582492307687], [2537.7025384615376, 22485.582492307687], [2553.082553846153, 22500.9625076923], [2568.4625692307686, 22516.342523076917], [2599.222599999999, 22516.342523076917], [2629.98263076923, 22516.342523076917], [2660.742661538461, 22516.342523076917], [2676.122676923076, 22531.722538461534], [2691.5026923076916, 22547.102553846147], [2722.2627230769226, 22547.102553846147], [2753.022753846153, 22547.102553846147], [2768.4027692307686, 22562.482569230764], [2783.782784615384, 22577.862584615377], [2814.5428153846146, 22577.862584615377], [2845.3028461538456, 22577.862584615377], [2860.6828615384607, 22593.242599999994], [2876.062876923076, 22608.62261538461], [2906.822907692307, 22608.62261538461], [2922.202923076922, 22624.002630769224], [2937.5829384615377, 22639.38264615384], [2968.3429692307686, 22639.38264615384], [2983.722984615384, 22654.762661538454], [2999.102999999999, 22670.14267692307], [3014.4830153846146, 22685.522692307688], [3029.86303076923, 22700.9027076923], [3045.2430461538456, 22716.282723076918], [3060.6230615384607, 22731.66273846153], [3076.003076923076, 22747.042753846148], [3091.3830923076916, 22762.422769230765], [3106.763107692307, 22777.80278461538], [3122.143123076922, 22793.182799999995], [3137.5231384615377, 22808.56281538461], [3152.903153846153, 22823.942830769225], [3168.2831692307686, 22839.32284615384], [3183.6631846153837, 22854.702861538455], [3214.4232153846147, 22854.702861538455], [3229.80323076923, 22870.082876923072], [3245.183246153845, 22885.462892307685], [3275.943276923076, 22885.462892307685], [3306.703307692307, 22885.462892307685], [3322.083323076922, 22900.842907692302], [3337.4633384615377, 22916.222923076915], [3368.2233692307686, 22916.222923076915], [3383.6033846153837, 22931.602938461532], [3398.983399999999, 22946.98295384615], [3429.74343076923, 22946.98295384615], [3445.123446153845, 22962.362969230762], [3460.5034615384607, 22977.74298461538], [3475.883476923076, 22993.122999999992], [3491.2634923076916, 23008.50301538461], [3506.6435076923067, 23023.883030769226], [3522.023523076922, 23039.26304615384], [3537.4035384615377, 23054.643061538456], [3552.783553846153, 23070.02307692307], [3568.163569230768, 23085.403092307686], [3583.5435846153837, 23100.783107692303], [3598.923599999999, 23116.163123076916], [3614.3036153846147, 23131.543138461533], [3629.68363076923, 23146.923153846146], [3645.063646153845, 23162.303169230763], [3660.4436615384607, 23177.68318461538], [3675.823676923076, 23193.063199999993], [3691.2036923076917, 23208.44321538461], [3691.2036923076917, 23239.20324615384], [3706.5837076923067, 23254.583261538457], [3721.963723076922, 23269.96327692307], [3721.963723076922, 23300.7233076923], [3737.3437384615377, 23316.103323076917], [3752.723753846153, 23331.483338461534], [3752.723753846153, 23362.243369230764], [3752.723753846153, 23393.003399999994], [3768.103769230768, 23408.38341538461], [3783.4837846153837, 23423.763430769224], [3783.4837846153837, 23454.523461538454], [3783.4837846153837, 23485.283492307684], [3783.4837846153837, 23516.043523076918], [3783.4837846153837, 23546.803553846148], [3783.4837846153837, 23577.56358461538], [3783.4837846153837, 23608.32361538461], [3768.103769230768, 23623.703630769225], [3752.723753846153, 23639.08364615384], [3752.723753846153, 23669.843676923072], [3752.723753846153, 23700.603707692302], [3737.3437384615377, 23715.983723076915], [3721.963723076922, 23731.363738461532], [3721.963723076922, 23762.123769230762], [3706.5837076923067, 23777.50378461538], [3691.2036923076917, 23792.883799999992], [3691.2036923076917, 23823.643830769226], [3675.823676923076, 23839.02384615384], [3660.4436615384607, 23854.403861538456], [3645.063646153845, 23869.78387692307], [3629.68363076923, 23885.163892307686], [3614.3036153846147, 23900.543907692303], [3598.923599999999, 23915.923923076916], [3583.5435846153837, 23931.303938461533], [3568.163569230768, 23946.683953846146], [3552.783553846153, 23962.063969230763], [3537.4035384615377, 23977.44398461538], [3522.023523076922, 23992.823999999993], [3506.6435076923067, 24008.20401538461], [3491.2634923076916, 24023.584030769223], [3475.883476923076, 24038.96404615384], [3460.5034615384607, 24054.344061538457], [3445.123446153845, 24069.72407692307], [3429.74343076923, 24085.104092307687], [3398.983399999999, 24085.104092307687], [3383.6033846153837, 24100.4841076923], [3368.2233692307686, 24115.864123076917], [3337.4633384615377, 24115.864123076917], [3322.083323076922, 24131.24413846153], [3306.703307692307, 24146.624153846147], [3275.943276923076, 24146.624153846147], [3260.5632615384607, 24162.004169230764], [3245.183246153845, 24177.384184615377], [3214.4232153846147, 24177.384184615377], [3199.043199999999, 24192.764199999994], [3183.6631846153837, 24208.144215384607], [3152.903153846153, 24208.144215384607], [3137.5231384615377, 24223.524230769224], [3122.143123076922, 24238.90424615384], [3106.763107692307, 24254.284261538454], [3091.3830923076916, 24269.66427692307], [3060.6230615384607, 24269.66427692307], [3045.2430461538456, 24285.044292307684], [3029.86303076923, 24300.4243076923], [2999.102999999999, 24300.4243076923], [2983.722984615384, 24315.804323076918], [2968.3429692307686, 24331.18433846153], [2937.5829384615377, 24331.18433846153], [2922.202923076922, 24346.564353846148], [2906.822907692307, 24361.94436923076], [2876.062876923076, 24361.94436923076], [2860.6828615384607, 24377.32438461538], [2845.3028461538456, 24392.704399999995], [2814.5428153846146, 24392.704399999995], [2799.162799999999, 24408.08441538461], [2783.782784615384, 24423.464430769225], [2753.022753846153, 24423.464430769225], [2722.2627230769226, 24423.464430769225], [2706.882707692307, 24438.84444615384], [2706.882707692307, 24469.604476923072], [2706.882707692307, 24500.364507692302], [2722.2627230769226, 24515.744523076915], [2737.6427384615376, 24531.124538461532], [2737.6427384615376, 24561.884569230762], [2753.022753846153, 24577.26458461538], [2768.4027692307686, 24592.644599999992], [2768.4027692307686, 24623.404630769226], [2768.4027692307686, 24654.164661538456], [2783.782784615384, 24669.54467692307], [2799.162799999999, 24684.924692307686], [2799.162799999999, 24715.684723076916], [2799.162799999999, 24746.444753846146], [2799.162799999999, 24777.204784615376], [2799.162799999999, 24807.96481538461], [2799.162799999999, 24838.72484615384], [2799.162799999999, 24869.48487692307], [2799.162799999999, 24900.2449076923], [2814.5428153846146, 24915.624923076917], [2845.3028461538456, 24915.624923076917], [2860.6828615384607, 24931.00493846153], [2876.062876923076, 24946.384953846147], [2906.822907692307, 24946.384953846147], [2922.202923076922, 24961.764969230764], [2937.5829384615377, 24977.144984615377], [2952.962953846153, 24992.524999999994], [2968.3429692307686, 25007.905015384607], [2983.722984615384, 25023.285030769224], [2999.102999999999, 25038.66504615384], [3014.4830153846146, 25054.045061538454], [3029.86303076923, 25069.42507692307], [3045.2430461538456, 25084.805092307684], [3060.6230615384607, 25100.1851076923], [3076.003076923076, 25115.565123076918], [3091.3830923076916, 25130.94513846153], [3106.763107692307, 25146.325153846148], [3106.763107692307, 25177.08518461538], [3122.143123076922, 25192.465199999995], [3137.5231384615377, 25207.84521538461], [3152.903153846153, 25223.225230769225], [3168.2831692307686, 25238.60524615384], [3168.2831692307686, 25269.365276923072], [3183.6631846153837, 25284.745292307685], [3199.043199999999, 25300.125307692302], [3199.043199999999, 25330.885338461532], [3214.4232153846147, 25346.26535384615], [3229.80323076923, 25361.645369230762], [3229.80323076923, 25392.405399999992], [3229.80323076923, 25423.165430769222], [3245.183246153845, 25438.54544615384], [3260.5632615384607, 25453.925461538456], [3260.5632615384607, 25484.685492307686], [3260.5632615384607, 25515.445523076916], [3260.5632615384607, 25546.205553846146], [3260.5632615384607, 25576.965584615376], [3260.5632615384607, 25607.72561538461], [3260.5632615384607, 25638.48564615384], [3245.183246153845, 25653.865661538453], [3229.80323076923, 25669.24567692307], [3229.80323076923, 25700.0057076923], [3229.80323076923, 25730.76573846153], [3214.4232153846147, 25746.145753846147], [3199.043199999999, 25761.525769230764], [3199.043199999999, 25792.285799999994], [3183.6631846153837, 25807.665815384607], [3168.2831692307686, 25823.045830769224], [3168.2831692307686, 25853.805861538454], [3152.903153846153, 25869.18587692307], [3137.5231384615377, 25884.565892307684], [3122.143123076922, 25899.9459076923], [3106.763107692307, 25915.325923076918], [3091.3830923076916, 25930.70593846153], [3076.003076923076, 25946.08595384615], [3060.6230615384607, 25961.46596923076], [3045.2430461538456, 25976.84598461538], [3029.86303076923, 25992.225999999995], [3014.4830153846146, 26007.60601538461], [2999.102999999999, 26022.986030769225], [2983.722984615384, 26038.36604615384], [2968.3429692307686, 26053.746061538455], [2952.962953846153, 26069.12607692307], [2937.5829384615377, 26084.506092307685], [2906.822907692307, 26084.506092307685], [2891.4428923076916, 26099.886107692302], [2876.062876923076, 26115.266123076915], [2845.3028461538456, 26115.266123076915], [2829.92283076923, 26130.646138461532], [2814.5428153846146, 26146.026153846145], [2783.782784615384, 26146.026153846145], [2768.4027692307686, 26161.406169230762], [2753.022753846153, 26176.78618461538], [2722.2627230769226, 26176.78618461538], [2706.882707692307, 26192.166199999992], [2691.5026923076916, 26207.54621538461], [2660.742661538461, 26207.54621538461], [2629.98263076923, 26207.54621538461], [2614.6026153846146, 26222.926230769222], [2599.222599999999, 26238.30624615384]], [[1968.6419692307688, 24192.764199999994], [1984.021984615384, 24177.384184615377], [2014.7820153846149, 24177.384184615377], [2045.5420461538456, 24177.384184615377], [2060.922061538461, 24162.004169230764], [2076.3020769230766, 24146.624153846147], [2107.062107692307, 24146.624153846147], [2122.4421230769226, 24131.24413846153], [2137.822138461538, 24115.864123076917], [2153.202153846153, 24100.4841076923], [2168.5821692307686, 24085.104092307687], [2183.962184615384, 24069.72407692307], [2199.3421999999996, 24054.344061538457], [2214.7222153846146, 24038.96404615384], [2230.10223076923, 24023.584030769223], [2260.862261538461, 24023.584030769223], [2276.242276923076, 24008.20401538461], [2291.6222923076916, 23992.823999999993], [2322.3823230769226, 23992.823999999993], [2353.142353846153, 23992.823999999993], [2383.902384615384, 23992.823999999993], [2399.2823999999996, 23977.44398461538], [2414.6624153846146, 23962.063969230763], [2445.4224461538456, 23962.063969230763], [2476.182476923076, 23962.063969230763], [2506.942507692307, 23962.063969230763], [2522.3225230769226, 23946.683953846146], [2537.7025384615376, 23931.303938461533], [2568.4625692307686, 23931.303938461533], [2599.222599999999, 23931.303938461533], [2614.6026153846146, 23915.923923076916], [2629.98263076923, 23900.543907692303], [2645.3626461538456, 23885.163892307686], [2660.742661538461, 23869.78387692307], [2691.5026923076916, 23869.78387692307], [2706.882707692307, 23854.403861538456], [2722.2627230769226, 23839.02384615384], [2753.022753846153, 23839.02384615384], [2783.782784615384, 23839.02384615384], [2799.162799999999, 23823.643830769226], [2814.5428153846146, 23808.26381538461], [2829.92283076923, 23792.883799999992], [2845.3028461538456, 23777.50378461538], [2876.062876923076, 23777.50378461538], [2891.4428923076916, 23762.123769230762], [2906.822907692307, 23746.74375384615], [2937.5829384615377, 23746.74375384615], [2952.962953846153, 23731.363738461532], [2968.3429692307686, 23715.983723076915], [2999.102999999999, 23715.983723076915], [3014.4830153846146, 23700.603707692302], [3029.86303076923, 23685.223692307685], [3060.6230615384607, 23685.223692307685], [3076.003076923076, 23669.843676923072], [3091.3830923076916, 23654.463661538455], [3122.143123076922, 23654.463661538455], [3137.5231384615377, 23639.08364615384], [3152.903153846153, 23623.703630769225], [3168.2831692307686, 23608.32361538461], [3183.6631846153837, 23592.943599999995], [3199.043199999999, 23577.56358461538], [3214.4232153846147, 23562.18356923076], [3229.80323076923, 23546.803553846148], [3245.183246153845, 23531.42353846153], [3260.5632615384607, 23516.043523076918], [3245.183246153845, 23500.6635076923], [3229.80323076923, 23485.283492307684], [3214.4232153846147, 23469.90347692307], [3199.043199999999, 23454.523461538454], [3183.6631846153837, 23439.14344615384], [3168.2831692307686, 23423.763430769224], [3152.903153846153, 23408.38341538461], [3137.5231384615377, 23393.003399999994], [3122.143123076922, 23377.623384615377], [3091.3830923076916, 23377.623384615377], [3060.6230615384607, 23377.623384615377], [3045.2430461538456, 23362.243369230764], [3029.86303076923, 23346.863353846147], [2999.102999999999, 23346.863353846147], [2983.722984615384, 23331.483338461534], [2968.3429692307686, 23316.103323076917], [2937.5829384615377, 23316.103323076917], [2906.822907692307, 23316.103323076917], [2891.4428923076916, 23300.7233076923], [2876.062876923076, 23285.343292307687], [2860.6828615384607, 23269.96327692307], [2845.3028461538456, 23254.583261538457], [2829.92283076923, 23239.20324615384], [2814.5428153846146, 23223.823230769223], [2799.162799999999, 23208.44321538461], [2783.782784615384, 23193.063199999993], [2768.4027692307686, 23177.68318461538], [2753.022753846153, 23162.303169230763], [2737.6427384615376, 23146.923153846146], [2722.2627230769226, 23131.543138461533], [2706.882707692307, 23116.163123076916], [2691.5026923076916, 23100.783107692303], [2676.122676923076, 23085.403092307686], [2660.742661538461, 23070.02307692307], [2629.98263076923, 23070.02307692307], [2599.222599999999, 23070.02307692307], [2583.842584615384, 23054.643061538456], [2568.4625692307686, 23039.26304615384], [2537.7025384615376, 23039.26304615384], [2506.942507692307, 23039.26304615384], [2476.182476923076, 23039.26304615384], [2445.4224461538456, 23039.26304615384], [2430.04243076923, 23023.883030769226], [2414.6624153846146, 23008.50301538461], [2383.902384615384, 23008.50301538461], [2368.5223692307686, 22993.122999999992], [2353.142353846153, 22977.74298461538], [2322.3823230769226, 22977.74298461538], [2291.6222923076916, 22977.74298461538], [2276.242276923076, 22962.362969230762], [2260.862261538461, 22946.98295384615], [2230.10223076923, 22946.98295384615], [2199.3421999999996, 22946.98295384615], [2183.962184615384, 22931.602938461532], [2168.5821692307686, 22916.222923076915], [2137.822138461538, 22916.222923076915], [2122.4421230769226, 22900.842907692302], [2107.062107692307, 22885.462892307685], [2091.6820923076916, 22870.082876923072], [2076.3020769230766, 22854.702861538455], [2060.922061538461, 22839.32284615384], [2045.5420461538456, 22823.942830769225], [2030.1620307692303, 22808.56281538461], [2030.1620307692303, 22777.80278461538], [2014.7820153846149, 22762.422769230765], [1999.4019999999996, 22747.042753846148], [1984.021984615384, 22731.66273846153], [1968.6419692307688, 22716.282723076918], [1953.2619538461533, 22700.9027076923], [1922.5019230769226, 22700.9027076923], [1891.7418923076918, 22700.9027076923], [1860.981861538461, 22700.9027076923], [1830.2218307692303, 22700.9027076923], [1814.8418153846148, 22716.282723076918], [1799.4617999999996, 22731.66273846153], [1784.081784615384, 22747.042753846148], [1768.7017692307688, 22762.422769230765], [1753.3217538461533, 22777.80278461538], [1737.941738461538, 22793.182799999995], [1722.5617230769226, 22808.56281538461], [1707.1817076923073, 22823.942830769225], [1691.8016923076918, 22839.32284615384], [1676.4216769230766, 22854.702861538455], [1661.041661538461, 22870.082876923072], [1645.6616461538458, 22885.462892307685], [1630.2816307692303, 22900.842907692302], [1630.2816307692303, 22931.602938461532], [1630.2816307692303, 22962.362969230762], [1614.9016153846148, 22977.74298461538], [1599.5215999999996, 22993.122999999992], [1599.5215999999996, 23023.883030769226], [1599.5215999999996, 23054.643061538456], [1599.5215999999996, 23085.403092307686], [1599.5215999999996, 23116.163123076916], [1584.141584615384, 23131.543138461533], [1568.7615692307688, 23146.923153846146], [1568.7615692307688, 23177.68318461538], [1568.7615692307688, 23208.44321538461], [1568.7615692307688, 23239.20324615384], [1584.141584615384, 23254.583261538457], [1599.5215999999996, 23269.96327692307], [1599.5215999999996, 23300.7233076923], [1599.5215999999996, 23331.483338461534], [1599.5215999999996, 23362.243369230764], [1614.9016153846148, 23377.623384615377], [1630.2816307692303, 23393.003399999994], [1630.2816307692303, 23423.763430769224], [1630.2816307692303, 23454.523461538454], [1630.2816307692303, 23485.283492307684], [1630.2816307692303, 23516.043523076918], [1630.2816307692303, 23546.803553846148], [1630.2816307692303, 23577.56358461538], [1614.9016153846148, 23592.943599999995], [1599.5215999999996, 23608.32361538461], [1599.5215999999996, 23639.08364615384], [1599.5215999999996, 23669.843676923072], [1584.141584615384, 23685.223692307685], [1568.7615692307688, 23700.603707692302], [1568.7615692307688, 23731.363738461532], [1568.7615692307688, 23762.123769230762], [1568.7615692307688, 23792.883799999992], [1568.7615692307688, 23823.643830769226], [1584.141584615384, 23839.02384615384], [1599.5215999999996, 23854.403861538456], [1599.5215999999996, 23885.163892307686], [1599.5215999999996, 23915.923923076916], [1599.5215999999996, 23946.683953846146], [1614.9016153846148, 23962.063969230763], [1630.2816307692303, 23977.44398461538], [1630.2816307692303, 24008.20401538461], [1645.6616461538458, 24023.584030769223], [1661.041661538461, 24038.96404615384], [1661.041661538461, 24069.72407692307], [1676.4216769230766, 24085.104092307687], [1691.8016923076918, 24100.4841076923], [1691.8016923076918, 24131.24413846153], [1707.1817076923073, 24146.624153846147], [1722.5617230769226, 24162.004169230764], [1737.941738461538, 24177.384184615377], [1753.3217538461533, 24192.764199999994], [1768.7017692307688, 24208.144215384607], [1799.4617999999996, 24208.144215384607], [1830.2218307692303, 24208.144215384607], [1860.981861538461, 24208.144215384607], [1891.7418923076918, 24208.144215384607], [1922.5019230769226, 24208.144215384607], [1953.2619538461533, 24208.144215384607], [1968.6419692307688, 24192.764199999994]], [[2522.3225230769226, 25700.0057076923], [2537.7025384615376, 25684.625692307687], [2553.082553846153, 25669.24567692307], [2568.4625692307686, 25653.865661538453], [2599.222599999999, 25653.865661538453], [2629.98263076923, 25653.865661538453], [2645.3626461538456, 25638.48564615384], [2660.742661538461, 25623.105630769223], [2676.122676923076, 25607.72561538461], [2691.5026923076916, 25592.345599999993], [2706.882707692307, 25576.965584615376], [2722.2627230769226, 25561.585569230763], [2737.6427384615376, 25546.205553846146], [2722.2627230769226, 25530.825538461533], [2706.882707692307, 25515.445523076916], [2691.5026923076916, 25500.0655076923], [2676.122676923076, 25484.685492307686], [2676.122676923076, 25453.925461538456], [2660.742661538461, 25438.54544615384], [2645.3626461538456, 25423.165430769222], [2629.98263076923, 25407.78541538461], [2614.6026153846146, 25392.405399999992], [2599.222599999999, 25377.02538461538], [2568.4625692307686, 25377.02538461538], [2537.7025384615376, 25377.02538461538], [2506.942507692307, 25377.02538461538], [2476.182476923076, 25377.02538461538], [2445.4224461538456, 25377.02538461538], [2414.6624153846146, 25377.02538461538], [2399.2823999999996, 25361.645369230762], [2383.902384615384, 25346.26535384615], [2353.142353846153, 25346.26535384615], [2337.762338461538, 25361.645369230762], [2322.3823230769226, 25377.02538461538], [2307.002307692307, 25392.405399999992], [2291.6222923076916, 25407.78541538461], [2276.242276923076, 25423.165430769222], [2276.242276923076, 25453.925461538456], [2276.242276923076, 25484.685492307686], [2276.242276923076, 25515.445523076916], [2291.6222923076916, 25530.825538461533], [2307.002307692307, 25546.205553846146], [2307.002307692307, 25576.965584615376], [2322.3823230769226, 25592.345599999993], [2337.762338461538, 25607.72561538461], [2353.142353846153, 25623.105630769223], [2368.5223692307686, 25638.48564615384], [2383.902384615384, 25653.865661538453], [2399.2823999999996, 25638.48564615384], [2414.6624153846146, 25623.105630769223], [2430.04243076923, 25638.48564615384], [2445.4224461538456, 25653.865661538453], [2460.802461538461, 25669.24567692307], [2476.182476923076, 25684.625692307687], [2491.5624923076916, 25700.0057076923], [2506.942507692307, 25715.385723076917], [2522.3225230769226, 25700.0057076923]], [[2091.6820923076916, 25023.285030769224], [2107.062107692307, 25007.905015384607], [2137.822138461538, 25007.905015384607], [2153.202153846153, 24992.524999999994], [2168.5821692307686, 24977.144984615377], [2183.962184615384, 24961.764969230764], [2199.3421999999996, 24946.384953846147], [2214.7222153846146, 24931.00493846153], [2214.7222153846146, 24900.2449076923], [2230.10223076923, 24884.864892307687], [2245.4822461538456, 24869.48487692307], [2245.4822461538456, 24838.72484615384], [2260.862261538461, 24823.344830769223], [2276.242276923076, 24807.96481538461], [2276.242276923076, 24777.204784615376], [2260.862261538461, 24761.824769230763], [2245.4822461538456, 24746.444753846146], [2230.10223076923, 24731.064738461533], [2214.7222153846146, 24715.684723076916], [2199.3421999999996, 24700.304707692303], [2183.962184615384, 24684.924692307686], [2168.5821692307686, 24669.54467692307], [2137.822138461538, 24669.54467692307], [2122.4421230769226, 24684.924692307686], [2107.062107692307, 24700.304707692303], [2091.6820923076916, 24684.924692307686], [2076.3020769230766, 24669.54467692307], [2045.5420461538456, 24669.54467692307], [2030.1620307692303, 24684.924692307686], [2014.7820153846149, 24700.304707692303], [1999.4019999999996, 24715.684723076916], [1984.021984615384, 24731.064738461533], [1968.6419692307688, 24746.444753846146], [1953.2619538461533, 24761.824769230763], [1937.8819384615379, 24777.204784615376], [1937.8819384615379, 24807.96481538461], [1937.8819384615379, 24838.72484615384], [1953.2619538461533, 24854.104861538453], [1968.6419692307688, 24869.48487692307], [1968.6419692307688, 24900.2449076923], [1968.6419692307688, 24931.00493846153], [1984.021984615384, 24946.384953846147], [1999.4019999999996, 24961.764969230764], [2014.7820153846149, 24977.144984615377], [2030.1620307692303, 24992.524999999994], [2045.5420461538456, 25007.905015384607], [2060.922061538461, 25023.285030769224], [2076.3020769230766, 25038.66504615384], [2091.6820923076916, 25023.285030769224]]]}, "properties": {"objectType": "annotation", "name": "P3_1_T|peri", "classification": {"name": "peri", "color": [25, 158, 112]}, "lesion_id": 0, "section": "P3_1_T", "area_um2": 442299.9999999999, "lesion_ids": [19, 21, 22]}}, {"type": "Feature", "geometry": {"type": "Polygon", "coordinates": [[[7797.667799999998, 23808.26381538461], [7766.907769230768, 23808.26381538461], [7736.147738461537, 23808.26381538461], [7705.387707692306, 23808.26381538461], [7674.627676923075, 23808.26381538461], [7643.867646153845, 23808.26381538461], [7613.107615384614, 23808.26381538461], [7582.347584615383, 23808.26381538461], [7551.587553846152, 23808.26381538461], [7536.207538461537, 23792.883799999992], [7520.827523076922, 23777.50378461538], [7490.067492307691, 23777.50378461538], [7459.30746153846, 23777.50378461538], [7443.927446153845, 23762.123769230762], [7428.547430769229, 23746.74375384615], [7397.787399999999, 23746.74375384615], [7382.407384615383, 23731.363738461532], [7367.027369230768, 23715.983723076915], [7336.267338461537, 23715.983723076915], [7320.887323076922, 23700.603707692302], [7305.507307692306, 23685.223692307685], [7274.747276923076, 23685.223692307685], [7259.36726153846, 23669.843676923072], [7243.987246153845, 23654.463661538455], [7228.607230769229, 23639.08364615384], [7213.227215384614, 23623.703630769225], [7197.847199999999, 23608.32361538461], [7182.467184615383, 23592.943599999995], [7167.087169230768, 23577.56358461538], [7151.707153846152, 23562.18356923076], [7136.327138461537, 23546.803553846148], [7120.947123076922, 23531.42353846153], [7105.567107692306, 23516.043523076918], [7090.187092307691, 23500.6635076923], [7074.807076923076, 23485.283492307684], [7059.42706153846, 23469.90347692307], [7044.047046153845, 23454.523461538454], [7028.667030769229, 23439.14344615384], [7013.287015384614, 23423.763430769224], [7013.287015384614, 23393.003399999994], [6997.906999999999, 23377.623384615377], [6982.526984615383, 23362.243369230764], [6982.526984615383, 23331.483338461534], [6967.146969230768, 23316.103323076917], [6951.766953846153, 23300.7233076923], [6951.766953846153, 23269.96327692307], [6951.766953846153, 23239.20324615384], [6936.386938461537, 23223.823230769223], [6921.006923076922, 23208.44321538461], [6921.006923076922, 23177.68318461538], [6921.006923076922, 23146.923153846146], [6921.006923076922, 23116.163123076916], [6921.006923076922, 23085.403092307686], [6921.006923076922, 23054.643061538456], [6921.006923076922, 23023.883030769226], [6936.386938461537, 23008.50301538461], [6951.766953846153, 22993.122999999992], [6951.766953846153, 22962.362969230762], [6951.766953846153, 22931.602938461532], [6967.146969230768, 22916.222923076915], [6982.526984615383, 22900.842907692302], [6982.526984615383, 22870.082876923072], [6997.906999999999, 22854.702861538455], [7013.287015384614, 22839.32284615384], [7013.287015384614, 22808.56281538461], [7028.667030769229, 22793.182799999995], [7044.047046153845, 22777.80278461538], [7059.42706153846, 22762.422769230765], [7074.807076923076, 22747.042753846148], [7090.187092307691, 22731.66273846153], [7105.567107692306, 22716.282723076918], [7120.947123076922, 22700.9027076923], [7136.327138461537, 22685.522692307688], [7151.707153846152, 22670.14267692307], [7167.087169230768, 22654.762661538454], [7182.467184615383, 22639.38264615384], [7197.847199999999, 22624.002630769224], [7213.227215384614, 22608.62261538461], [7228.607230769229, 22593.242599999994], [7243.987246153845, 22577.862584615377], [7259.36726153846, 22562.482569230764], [7274.747276923076, 22547.102553846147], [7290.127292307691, 22531.722538461534], [7305.507307692306, 22516.342523076917], [7336.267338461537, 22516.342523076917], [7351.647353846152, 22500.9625076923], [7367.027369230768, 22485.582492307687], [7397.787399999999, 22485.582492307687], [7413.167415384614, 22470.20247692307], [7428.547430769229, 22454.822461538457], [7459.30746153846, 22454.822461538457], [7490.067492307691, 22454.822461538457], [7505.447507692306, 22439.44244615384], [7520.827523076922, 22424.062430769223], [7551.587553846152, 22424.062430769223], [7582.347584615383, 22424.062430769223], [7613.107615384614, 22424.062430769223], [7643.867646153845, 22424.062430769223], [7674.627676923075, 22424.062430769223], [7705.387707692306, 22424.062430769223], [7736.147738461537, 22424.062430769223], [7766.907769230768, 22424.062430769223], [7782.287784615383, 22439.44244615384], [7797.667799999998, 22454.822461538457], [7828.427830769229, 22454.822461538457], [7859.18786153846, 22454.822461538457], [7874.567876923075, 22470.20247692307], [7889.947892307691, 22485.582492307687], [7920.707923076922, 22485.582492307687], [7936.087938461537, 22500.9625076923], [7951.467953846152, 22516.342523076917], [7982.227984615383, 22516.342523076917], [7997.607999999998, 22531.722538461534], [8012.988015384614, 22547.102553846147], [8043.748046153845, 22547.102553846147], [8059.12806153846, 22562.482569230764], [8074.508076923075, 22577.862584615377], [8089.888092307691, 22593.242599999994], [8105.268107692306, 22608.62261538461], [8120.648123076921, 22624.002630769224], [8136.028138461537, 22639.38264615384], [8151.408153846152, 22654.762661538454], [8166.788169230768, 22670.14267692307], [8182.168184615382, 22685.522692307688], [8197.5482, 22700.9027076923], [8212.928215384614, 22716.282723076918], [8228.30823076923, 22731.66273846153], [8243.688246153844, 22747.042753846148], [8259.06826153846, 22762.422769230765], [8274.448276923076, 22777.80278461538], [8289.828292307691, 22793.182799999995], [8305.208307692306, 22808.56281538461], [8305.208307692306, 22839.32284615384], [8320.588323076921, 22854.702861538455], [8335.968338461536, 22870.082876923072], [8335.968338461536, 22900.842907692302], [8351.348353846153, 22916.222923076915], [8366.728369230768, 22931.602938461532], [8366.728369230768, 22962.362969230762], [8366.728369230768, 22993.122999999992], [8382.108384615383, 23008.50301538461], [8397.488399999998, 23023.883030769226], [8397.488399999998, 23054.643061538456], [8397.488399999998, 23085.403092307686], [8397.488399999998, 23116.163123076916], [8397.488399999998, 23146.923153846146], [8382.108384615383, 23162.303169230763], [8366.728369230768, 23177.68318461538], [8366.728369230768, 23208.44321538461], [8366.728369230768, 23239.20324615384], [8366.728369230768, 23269.96327692307], [8366.728369230768, 23300.7233076923], [8351.348353846153, 23316.103323076917], [8335.968338461536, 23331.483338461534], [8335.968338461536, 23362.243369230764], [8320.588323076921, 23377.623384615377], [8305.208307692306, 23393.003399999994], [8305.208307692306, 23423.763430769224], [8289.828292307691, 23439.14344615384], [8274.448276923076, 23454.523461538454], [8259.06826153846, 23469.90347692307], [8243.688246153844, 23485.283492307684], [8228.30823076923, 23500.6635076923], [8212.928215384614, 23516.043523076918], [8197.5482, 23531.42353846153], [8182.168184615382, 23546.803553846148], [8166.788169230768, 23562.18356923076], [8151.408153846152, 23577.56358461538], [8136.028138461537, 23592.943599999995], [8120.648123076921, 23608.32361538461], [8105.268107692306, 23623.703630769225], [8089.888092307691, 23639.08364615384], [8074.508076923075, 23654.463661538455], [8059.12806153846, 23669.843676923072], [8043.748046153845, 23685.223692307685], [8028.368030769229, 23700.603707692302], [8012.988015384614, 23715.983723076915], [7982.227984615383, 23715.983723076915], [7966.847969230768, 23731.363738461532], [7951.467953846152, 23746.74375384615], [7920.707923076922, 23746.74375384615], [7905.327907692306, 23762.123769230762], [7889.947892307691, 23777.50378461538], [7859.18786153846, 23777.50378461538], [7828.427830769229, 23777.50378461538], [7813.047815384614, 23792.883799999992], [7797.667799999998, 23808.26381538461]], [[7720.767723076922, 23269.96327692307], [7736.147738461537, 23254.583261538457], [7751.527753846152, 23239.20324615384], [7766.907769230768, 23223.823230769223], [7782.287784615383, 23208.44321538461], [7797.667799999998, 23193.063199999993], [7813.047815384614, 23177.68318461538], [7828.427830769229, 23162.303169230763], [7843.807846153845, 23146.923153846146], [7859.18786153846, 23131.543138461533], [7874.567876923075, 23116.163123076916], [7859.18786153846, 23100.783107692303], [7843.807846153845, 23085.403092307686], [7828.427830769229, 23070.02307692307], [7813.047815384614, 23054.643061538456], [7797.667799999998, 23039.26304615384], [7782.287784615383, 23023.883030769226], [7766.907769230768, 23008.50301538461], [7751.527753846152, 22993.122999999992], [7736.147738461537, 22977.74298461538], [7705.387707692306, 22977.74298461538], [7690.007692307691, 22962.362969230762], [7674.627676923075, 22946.98295384615], [7643.867646153845, 22946.98295384615], [7613.107615384614, 22946.98295384615], [7597.727599999999, 22962.362969230762], [7582.347584615383, 22977.74298461538], [7566.967569230768, 22993.122999999992], [7551.587553846152, 23008.50301538461], [7536.207538461537, 23023.883030769226], [7520.827523076922, 23039.26304615384], [7505.447507692306, 23054.643061538456], [7490.067492307691, 23070.02307692307], [7474.687476923075, 23085.403092307686], [7459.30746153846, 23100.783107692303], [7443.927446153845, 23116.163123076916], [7459.30746153846, 23131.543138461533], [7474.687476923075, 23146.923153846146], [7490.067492307691, 23162.303169230763], [7505.447507692306, 23177.68318461538], [7520.827523076922, 23193.063199999993], [7536.207538461537, 23208.44321538461], [7551.587553846152, 23223.823230769223], [7566.967569230768, 23239.20324615384], [7582.347584615383, 23254.583261538457], [7613.107615384614, 23254.583261538457], [7628.487630769229, 23269.96327692307], [7643.867646153845, 23285.343292307687], [7674.627676923075, 23285.343292307687], [7705.387707692306, 23285.343292307687], [7720.767723076922, 23269.96327692307]]]}, "properties": {"objectType": "annotation", "name": "P3_1_T|peri_20", "classification": {"name": "peri", "color": [25, 158, 112]}, "lesion_id": 20, "section": "P3_1_T", "area_um2": 152200.00000000012, "lesion_ids": [20]}}, {"type": "Feature", "geometry": {"type": "Polygon", "coordinates": [[[18655.958661538458, 3906.5239076923067], [18640.57864615384, 3891.143892307691], [18625.198630769224, 3875.763876923076], [18609.81861538461, 3860.3838615384607], [18609.81861538461, 3829.6238307692297], [18609.81861538461, 3798.863799999999], [18609.81861538461, 3768.103769230768], [18625.198630769224, 3752.723753846153], [18640.57864615384, 3737.3437384615377], [18640.57864615384, 3706.5837076923067], [18640.57864615384, 3675.823676923076], [18655.958661538458, 3660.4436615384607], [18671.33867692307, 3645.063646153845], [18671.33867692307, 3614.3036153846147], [18686.718692307688, 3598.923599999999], [18702.0987076923, 3583.5435846153837], [18717.478723076918, 3568.163569230768], [18732.858738461535, 3552.783553846153], [18748.238753846148, 3537.4035384615377], [18763.618769230765, 3522.023523076922], [18778.998784615378, 3506.6435076923067], [18809.75881538461, 3506.6435076923067], [18825.138830769225, 3491.2634923076916], [18840.518846153842, 3475.883476923076], [18855.898861538455, 3460.5034615384607], [18871.278876923072, 3445.123446153845], [18902.038907692302, 3445.123446153845], [18932.798938461532, 3445.123446153845], [18948.17895384615, 3429.74343076923], [18963.558969230762, 3414.3634153846147], [18994.318999999996, 3414.3634153846147], [19025.079030769226, 3414.3634153846147], [19055.839061538456, 3414.3634153846147], [19086.599092307686, 3414.3634153846147], [19117.359123076916, 3414.3634153846147], [19148.11915384615, 3414.3634153846147], [19178.87918461538, 3414.3634153846147], [19194.259199999993, 3398.983399999999], [19209.63921538461, 3383.6033846153837], [19240.39924615384, 3383.6033846153837], [19271.15927692307, 3383.6033846153837], [19286.539292307687, 3368.2233692307686], [19301.919307692304, 3352.843353846153], [19332.679338461534, 3352.843353846153], [19363.439369230764, 3352.843353846153], [19378.81938461538, 3368.2233692307686], [19394.199399999994, 3383.6033846153837], [19424.959430769224, 3383.6033846153837], [19440.33944615384, 3398.983399999999], [19424.959430769224, 3414.3634153846147], [19409.57941538461, 3429.74343076923], [19394.199399999994, 3445.123446153845], [19378.81938461538, 3460.5034615384607], [19363.439369230764, 3475.883476923076], [19348.059353846147, 3491.2634923076916], [19348.059353846147, 3522.023523076922], [19332.679338461534, 3537.4035384615377], [19317.299323076917, 3552.783553846153], [19317.299323076917, 3583.5435846153837], [19301.919307692304, 3598.923599999999], [19286.539292307687, 3614.3036153846147], [19271.15927692307, 3629.68363076923], [19240.39924615384, 3629.68363076923], [19225.019230769227, 3645.063646153845], [19209.63921538461, 3660.4436615384607], [19178.87918461538, 3660.4436615384607], [19163.499169230763, 3675.823676923076], [19148.11915384615, 3691.2036923076917], [19117.359123076916, 3691.2036923076917], [19101.979107692303, 3706.5837076923067], [19086.599092307686, 3721.963723076922], [19055.839061538456, 3721.963723076922], [19025.079030769226, 3721.963723076922], [18994.318999999996, 3721.963723076922], [18963.558969230762, 3721.963723076922], [18932.798938461532, 3721.963723076922], [18902.038907692302, 3721.963723076922], [18871.278876923072, 3721.963723076922], [18840.518846153842, 3721.963723076922], [18825.138830769225, 3737.3437384615377], [18809.75881538461, 3752.723753846153], [18778.998784615378, 3752.723753846153], [18748.238753846148, 3752.723753846153], [18732.858738461535, 3768.103769230768], [18732.858738461535, 3798.863799999999], [18717.478723076918, 3814.2438153846147], [18702.0987076923, 3829.6238307692297], [18686.718692307688, 3845.003846153845], [18671.33867692307, 3860.3838615384607], [18671.33867692307, 3891.143892307691], [18655.958661538458, 3906.5239076923067]]]}, "properties": {"objectType": "annotation", "name": "P3_1_C|deep_5", "classification": {"name": "deep", "color": [144, 133, 233]}, "lesion_id": 5, "section": "P3_1_C", "area_um2": 20750.00000000001, "lesion_ids": [5]}}, {"type": "Feature", "geometry": {"type": "Polygon", "coordinates": [[[25146.325153846148, 4306.404307692307], [25130.94513846153, 4291.024292307692], [25130.94513846153, 4260.264261538461], [25130.94513846153, 4229.50423076923], [25130.94513846153, 4198.744199999999], [25130.94513846153, 4167.984169230769], [25130.94513846153, 4137.224138461538], [25115.565123076918, 4121.844123076922], [25100.1851076923, 4106.464107692307], [25100.1851076923, 4075.704076923076], [25100.1851076923, 4044.944046153845], [25084.805092307684, 4029.5640307692297], [25069.42507692307, 4014.1840153846147], [25069.42507692307, 3983.4239846153837], [25069.42507692307, 3952.663953846153], [25069.42507692307, 3921.903923076922], [25084.805092307684, 3906.5239076923067], [25100.1851076923, 3891.143892307691], [25100.1851076923, 3860.3838615384607], [25115.565123076918, 3845.003846153845], [25130.94513846153, 3829.6238307692297], [25146.325153846148, 3814.2438153846147], [25161.70516923076, 3798.863799999999], [25177.08518461538, 3783.4837846153837], [25192.465199999995, 3768.103769230768], [25207.84521538461, 3752.723753846153], [25223.225230769225, 3737.3437384615377], [25238.60524615384, 3721.963723076922], [25253.985261538455, 3706.5837076923067], [25269.365276923072, 3691.2036923076917], [25300.125307692302, 3691.2036923076917], [25315.505323076915, 3675.823676923076], [25330.885338461532, 3660.4436615384607], [25361.645369230762, 3660.4436615384607], [25392.405399999992, 3660.4436615384607], [25423.165430769222, 3660.4436615384607], [25453.925461538456, 3660.4436615384607], [25484.685492307686, 3660.4436615384607], [25515.445523076916, 3660.4436615384607], [25530.825538461533, 3645.063646153845], [25546.205553846146, 3629.68363076923], [25561.585569230763, 3614.3036153846147], [25576.965584615376, 3598.923599999999], [25592.345599999993, 3583.5435846153837], [25607.72561538461, 3568.163569230768], [25638.48564615384, 3568.163569230768], [25653.865661538453, 3552.783553846153], [25669.24567692307, 3537.4035384615377], [25700.0057076923, 3537.4035384615377], [25715.385723076917, 3522.023523076922], [25730.76573846153, 3506.6435076923067], [25761.525769230764, 3506.6435076923067], [25792.285799999994, 3506.6435076923067], [25823.045830769224, 3506.6435076923067], [25853.805861538454, 3506.6435076923067], [25884.565892307684, 3506.6435076923067], [25915.325923076918, 3506.6435076923067], [25946.08595384615, 3506.6435076923067], [25961.46596923076, 3522.023523076922], [25976.84598461538, 3537.4035384615377], [26007.60601538461, 3537.4035384615377], [26038.36604615384, 3537.4035384615377], [26069.12607692307, 3537.4035384615377], [26099.886107692302, 3537.4035384615377], [26130.646138461532, 3537.4035384615377], [26161.406169230762, 3537.4035384615377], [26176.78618461538, 3522.023523076922], [26192.166199999992, 3506.6435076923067], [26222.926230769222, 3506.6435076923067], [26253.686261538456, 3506.6435076923067], [26284.446292307686, 3506.6435076923067], [26299.8263076923, 3522.023523076922], [26284.446292307686, 3537.4035384615377], [26253.686261538456, 3537.4035384615377], [26238.30624615384, 3552.783553846153], [26222.926230769222, 3568.163569230768], [26192.166199999992, 3568.163569230768], [26161.406169230762, 3568.163569230768], [26146.026153846145, 3583.5435846153837], [26130.646138461532, 3598.923599999999], [26115.266123076915, 3614.3036153846147], [26099.886107692302, 3629.68363076923], [26069.12607692307, 3629.68363076923], [26038.36604615384, 3629.68363076923], [26007.60601538461, 3629.68363076923], [25992.225999999995, 3645.063646153845], [25976.84598461538, 3660.4436615384607], [25946.08595384615, 3660.4436615384607], [25915.325923076918, 3660.4436615384607], [25884.565892307684, 3660.4436615384607], [25869.18587692307, 3675.823676923076], [25853.805861538454, 3691.2036923076917], [25823.045830769224, 3691.2036923076917], [25792.285799999994, 3691.2036923076917], [25776.905784615377, 3706.5837076923067], [25761.525769230764, 3721.963723076922], [25730.76573846153, 3721.963723076922], [25715.385723076917, 3737.3437384615377], [25700.0057076923, 3752.723753846153], [25684.625692307687, 3768.103769230768], [25669.24567692307, 3783.4837846153837], [25653.865661538453, 3798.863799999999], [25638.48564615384, 3814.2438153846147], [25623.105630769223, 3829.6238307692297], [25607.72561538461, 3845.003846153845], [25592.345599999993, 3860.3838615384607], [25576.965584615376, 3875.763876923076], [25561.585569230763, 3891.143892307691], [25546.205553846146, 3906.5239076923067], [25530.825538461533, 3921.903923076922], [25515.445523076916, 3937.2839384615377], [25500.0655076923, 3952.663953846153], [25484.685492307686, 3968.043969230768], [25469.30547692307, 3983.4239846153837], [25453.925461538456, 3998.803999999999], [25438.54544615384, 4014.1840153846147], [25438.54544615384, 4044.944046153845], [25423.165430769222, 4060.3240615384607], [25407.78541538461, 4075.704076923076], [25392.405399999992, 4091.0840923076917], [25377.02538461538, 4106.464107692307], [25361.645369230762, 4121.844123076922], [25330.885338461532, 4121.844123076922], [25315.505323076915, 4137.224138461538], [25300.125307692302, 4152.604153846153], [25284.745292307685, 4167.984169230769], [25269.365276923072, 4183.364184615384], [25253.985261538455, 4198.744199999999], [25238.60524615384, 4214.124215384615], [25223.225230769225, 4229.50423076923], [25207.84521538461, 4244.884246153845], [25192.465199999995, 4260.264261538461], [25177.08518461538, 4275.644276923076], [25161.70516923076, 4291.024292307692], [25146.325153846148, 4306.404307692307]]]}, "properties": {"objectType": "annotation", "name": "R1_2_T|deep_1", "classification": {"name": "deep", "color": [144, 133, 233]}, "lesion_id": 1, "section": "R1_2_T", "area_um2": 31650.000000000033, "lesion_ids": [1]}}, {"type": "Feature", "geometry": {"type": "Polygon", "coordinates": [[[26161.406169230762, 12119.45212307692], [26130.646138461532, 12119.45212307692], [26099.886107692302, 12119.45212307692], [26069.12607692307, 12119.45212307692], [26038.36604615384, 12119.45212307692], [26007.60601538461, 12119.45212307692], [25976.84598461538, 12119.45212307692], [25961.46596923076, 12104.072107692306], [25946.08595384615, 12088.69209230769], [25930.70593846153, 12073.312076923075], [25915.325923076918, 12057.932061538459], [25899.9459076923, 12042.552046153844], [25884.565892307684, 12027.172030769229], [25869.18587692307, 12011.792015384613], [25853.805861538454, 11996.411999999998], [25838.42584615384, 11981.031984615383], [25838.42584615384, 11950.271953846152], [25823.045830769224, 11934.891938461536], [25792.285799999994, 11934.891938461536], [25776.905784615377, 11919.511923076921], [25761.525769230764, 11904.131907692306], [25730.76573846153, 11904.131907692306], [25715.385723076917, 11888.75189230769], [25700.0057076923, 11873.371876923075], [25684.625692307687, 11857.99186153846], [25669.24567692307, 11842.611846153844], [25653.865661538453, 11827.23183076923], [25638.48564615384, 11811.851815384613], [25623.105630769223, 11796.471799999998], [25607.72561538461, 11781.091784615382], [25592.345599999993, 11765.711769230767], [25576.965584615376, 11750.331753846152], [25546.205553846146, 11750.331753846152], [25515.445523076916, 11750.331753846152], [25484.685492307686, 11750.331753846152], [25469.30547692307, 11734.951738461536], [25453.925461538456, 11719.57172307692], [25423.165430769222, 11719.57172307692], [25407.78541538461, 11704.191707692305], [25392.405399999992, 11688.81169230769], [25377.02538461538, 11673.431676923075], [25361.645369230762, 11658.05166153846], [25346.26535384615, 11642.671646153844], [25330.885338461532, 11627.291630769229], [25315.505323076915, 11611.911615384613], [25315.505323076915, 11581.151584615383], [25300.125307692302, 11565.771569230767], [25284.745292307685, 11550.391553846152], [25269.365276923072, 11535.011538461536], [25238.60524615384, 11535.011538461536], [25207.84521538461, 11535.011538461536], [25177.08518461538, 11535.011538461536], [25146.325153846148, 11535.011538461536], [25130.94513846153, 11519.631523076921], [25115.565123076918, 11504.251507692306], [25100.1851076923, 11488.87149230769], [25084.805092307684, 11473.491476923075], [25054.045061538454, 11473.491476923075], [25038.66504615384, 11458.11146153846], [25023.285030769224, 11442.731446153844], [25007.905015384607, 11427.35143076923], [24992.524999999994, 11411.971415384613], [24977.144984615377, 11396.591399999998], [24961.764969230764, 11381.211384615382], [24931.00493846153, 11381.211384615382], [24900.2449076923, 11381.211384615382], [24869.48487692307, 11381.211384615382], [24854.104861538453, 11365.831369230767], [24838.72484615384, 11350.451353846152], [24823.344830769223, 11335.071338461537], [24807.96481538461, 11319.69132307692], [24792.584799999993, 11304.311307692305], [24777.204784615376, 11288.93129230769], [24761.824769230763, 11273.551276923075], [24746.444753846146, 11258.17126153846], [24731.064738461533, 11242.791246153844], [24715.684723076916, 11227.411230769228], [24700.304707692303, 11212.031215384613], [24684.924692307686, 11196.651199999998], [24669.54467692307, 11181.271184615383], [24669.54467692307, 11150.511153846152], [24654.164661538456, 11135.131138461536], [24638.78464615384, 11119.751123076921], [24638.78464615384, 11088.99109230769], [24623.404630769226, 11073.611076923075], [24608.02461538461, 11058.23106153846], [24592.644599999992, 11042.851046153844], [24577.26458461538, 11058.23106153846], [24561.884569230762, 11073.611076923075], [24546.50455384615, 11088.99109230769], [24531.124538461532, 11104.371107692306], [24500.364507692302, 11104.371107692306], [24469.604476923072, 11104.371107692306], [24454.224461538455, 11088.99109230769], [24438.84444615384, 11073.611076923075], [24423.464430769225, 11058.23106153846], [24408.08441538461, 11042.851046153844], [24392.704399999995, 11027.47103076923], [24377.32438461538, 11012.091015384614], [24361.94436923076, 10996.710999999998], [24346.564353846148, 10981.330984615382], [24331.18433846153, 10965.950969230767], [24331.18433846153, 10935.190938461537], [24331.18433846153, 10904.430907692305], [24331.18433846153, 10873.670876923075], [24315.804323076918, 10858.29086153846], [24300.4243076923, 10842.910846153844], [24285.044292307684, 10827.530830769228], [24269.66427692307, 10812.150815384613], [24269.66427692307, 10781.390784615383], [24254.284261538454, 10766.010769230767], [24238.90424615384, 10750.630753846151], [24238.90424615384, 10719.870723076921], [24238.90424615384, 10689.110692307691], [24254.284261538454, 10673.730676923074], [24269.66427692307, 10658.35066153846], [24285.044292307684, 10642.970646153844], [24300.4243076923, 10627.59063076923], [24315.804323076918, 10612.210615384614], [24331.18433846153, 10596.830599999998], [24346.564353846148, 10581.450584615382], [24377.32438461538, 10581.450584615382], [24392.704399999995, 10596.830599999998], [24392.704399999995, 10627.59063076923], [24408.08441538461, 10642.970646153844], [24423.464430769225, 10658.35066153846], [24423.464430769225, 10689.110692307691], [24438.84444615384, 10704.490707692306], [24454.224461538455, 10719.870723076921], [24469.604476923072, 10735.250738461536], [24484.984492307685, 10750.630753846151], [24500.364507692302, 10766.010769230767], [24515.744523076915, 10781.390784615383], [24531.124538461532, 10796.770799999998], [24546.50455384615, 10812.150815384613], [24561.884569230762, 10827.530830769228], [24577.26458461538, 10842.910846153844], [24592.644599999992, 10858.29086153846], [24623.404630769226, 10858.29086153846], [24638.78464615384, 10873.670876923075], [24654.164661538456, 10889.05089230769], [24684.924692307686, 10889.05089230769], [24700.304707692303, 10904.430907692305], [24715.684723076916, 10919.81092307692], [24731.064738461533, 10935.190938461537], [24731.064738461533, 10965.950969230767], [24746.444753846146, 10981.330984615382], [24761.824769230763, 10996.710999999998], [24761.824769230763, 11027.47103076923], [24761.824769230763, 11058.23106153846], [24777.204784615376, 11073.611076923075], [24807.96481538461, 11073.611076923075], [24838.72484615384, 11073.611076923075], [24869.48487692307, 11073.611076923075], [24900.2449076923, 11073.611076923075], [24931.00493846153, 11073.611076923075], [24961.764969230764, 11073.611076923075], [24992.524999999994, 11073.611076923075], [25023.285030769224, 11073.611076923075], [25038.66504615384, 11058.23106153846], [25054.045061538454, 11042.851046153844], [25084.805092307684, 11042.851046153844], [25115.565123076918, 11042.851046153844], [25130.94513846153, 11027.47103076923], [25146.325153846148, 11012.091015384614], [25177.08518461538, 11012.091015384614], [25192.465199999995, 10996.710999999998], [25207.84521538461, 10981.330984615382], [25238.60524615384, 10981.330984615382], [25269.365276923072, 10981.330984615382], [25300.125307692302, 10981.330984615382], [25315.505323076915, 10965.950969230767], [25330.885338461532, 10950.570953846152], [25361.645369230762, 10950.570953846152], [25392.405399999992, 10950.570953846152], [25407.78541538461, 10935.190938461537], [25423.165430769222, 10919.81092307692], [25453.925461538456, 10919.81092307692], [25469.30547692307, 10904.430907692305], [25484.685492307686, 10889.05089230769], [25500.0655076923, 10873.670876923075], [25515.445523076916, 10858.29086153846], [25530.825538461533, 10842.910846153844], [25546.205553846146, 10827.530830769228], [25561.585569230763, 10812.150815384613], [25576.965584615376, 10796.770799999998], [25592.345599999993, 10781.390784615383], [25607.72561538461, 10766.010769230767], [25623.105630769223, 10750.630753846151], [25638.48564615384, 10735.250738461536], [25653.865661538453, 10719.870723076921], [25669.24567692307, 10704.490707692306], [25684.625692307687, 10689.110692307691], [25700.0057076923, 10673.730676923074], [25715.385723076917, 10658.35066153846], [25730.76573846153, 10642.970646153844], [25746.145753846147, 10627.59063076923], [25746.145753846147, 10596.830599999998], [25761.525769230764, 10581.450584615382], [25776.905784615377, 10566.070569230767], [25776.905784615377, 10535.310538461537], [25776.905784615377, 10504.550507692305], [25792.285799999994, 10489.17049230769], [25807.665815384607, 10473.790476923075], [25807.665815384607, 10443.030446153844], [25807.665815384607, 10412.270415384613], [25807.665815384607, 10381.510384615383], [25807.665815384607, 10350.750353846151], [25807.665815384607, 10319.990323076921], [25807.665815384607, 10289.230292307691], [25807.665815384607, 10258.47026153846], [25807.665815384607, 10227.71023076923], [25807.665815384607, 10196.950199999997], [25807.665815384607, 10166.190169230767], [25807.665815384607, 10135.430138461537], [25792.285799999994, 10120.05012307692], [25776.905784615377, 10104.670107692305], [25776.905784615377, 10073.910076923075], [25776.905784615377, 10043.150046153845], [25761.525769230764, 10027.770030769228], [25746.145753846147, 10012.390015384613], [25746.145753846147, 9981.629984615383], [25746.145753846147, 9950.869953846151], [25746.145753846147, 9920.109923076921], [25746.145753846147, 9889.349892307691], [25746.145753846147, 9858.58986153846], [25746.145753846147, 9827.82983076923], [25746.145753846147, 9797.069799999997], [25746.145753846147, 9766.309769230767], [25746.145753846147, 9735.549738461537], [25746.145753846147, 9704.789707692305], [25730.76573846153, 9689.40969230769], [25715.385723076917, 9674.029676923075], [25715.385723076917, 9643.269646153845], [25715.385723076917, 9612.509615384613], [25700.0057076923, 9597.129599999998], [25684.625692307687, 9581.749584615383], [25684.625692307687, 9550.989553846151], [25669.24567692307, 9535.609538461536], [25653.865661538453, 9520.229523076921], [25638.48564615384, 9504.849507692306], [25623.105630769223, 9489.469492307691], [25623.105630769223, 9458.70946153846], [25623.105630769223, 9427.94943076923], [25607.72561538461, 9412.569415384614], [25592.345599999993, 9397.1894], [25592.345599999993, 9366.429369230767], [25576.965584615376, 9351.049353846152], [25561.585569230763, 9335.669338461537], [25546.205553846146, 9320.289323076922], [25530.825538461533, 9304.909307692305], [25515.445523076916, 9289.52929230769], [25500.0655076923, 9274.149276923075], [25484.685492307686, 9258.76926153846], [25469.30547692307, 9243.389246153845], [25453.925461538456, 9228.009230769228], [25438.54544615384, 9212.629215384613], [25423.165430769222, 9197.249199999998], [25407.78541538461, 9181.869184615383], [25423.165430769222, 9166.489169230768], [25438.54544615384, 9151.109153846151], [25453.925461538456, 9135.729138461536], [25484.685492307686, 9135.729138461536], [25515.445523076916, 9135.729138461536], [25530.825538461533, 9120.349123076921], [25546.205553846146, 9104.969107692306], [25576.965584615376, 9104.969107692306], [25592.345599999993, 9089.589092307691], [25607.72561538461, 9074.209076923076], [25623.105630769223, 9058.82906153846], [25638.48564615384, 9043.449046153844], [25669.24567692307, 9043.449046153844], [25684.625692307687, 9028.06903076923], [25700.0057076923, 9012.689015384614], [25715.385723076917, 8997.309], [25730.76573846153, 8981.928984615382], [25746.145753846147, 8966.548969230767], [25761.525769230764, 8951.168953846152], [25776.905784615377, 8935.788938461537], [25792.285799999994, 8920.408923076922], [25823.045830769224, 8920.408923076922], [25853.805861538454, 8920.408923076922], [25869.18587692307, 8905.028907692305], [25884.565892307684, 8889.64889230769], [25915.325923076918, 8889.64889230769], [25946.08595384615, 8889.64889230769], [25961.46596923076, 8874.268876923075], [25976.84598461538, 8858.88886153846], [26007.60601538461, 8858.88886153846], [26022.986030769225, 8843.508846153845], [26038.36604615384, 8828.128830769228], [26053.746061538455, 8812.748815384613], [26069.12607692307, 8797.368799999998], [26084.506092307685, 8781.988784615383], [26099.886107692302, 8766.608769230768], [26115.266123076915, 8751.228753846153], [26130.646138461532, 8735.848738461536], [26146.026153846145, 8720.468723076921], [26161.406169230762, 8705.088707692306], [26176.78618461538, 8689.708692307691], [26192.166199999992, 8674.328676923076], [26207.54621538461, 8658.94866153846], [26222.926230769222, 8643.568646153844], [26238.30624615384, 8628.18863076923], [26253.686261538456, 8612.808615384614], [26269.06627692307, 8597.4286], [26284.446292307686, 8582.048584615382], [26299.8263076923, 8566.668569230767], [26315.206323076916, 8551.288553846152], [26330.586338461533, 8535.908538461537], [26345.966353846146, 8520.528523076922], [26361.346369230763, 8505.148507692305], [26361.346369230763, 8474.388476923075], [26376.726384615376, 8459.00846153846], [26392.106399999993, 8443.628446153845], [26392.106399999993, 8412.868415384613], [26392.106399999993, 8382.108384615383], [26407.48641538461, 8366.728369230768], [26438.24644615384, 8366.728369230768], [26469.00647692307, 8366.728369230768], [26499.7665076923, 8366.728369230768], [26530.52653846153, 8366.728369230768], [26545.906553846147, 8351.348353846153], [26561.286569230764, 8335.968338461536], [26592.046599999994, 8335.968338461536], [26622.806630769224, 8335.968338461536], [26638.18664615384, 8320.588323076921], [26653.566661538454, 8305.208307692306], [26684.326692307684, 8305.208307692306], [26699.7067076923, 8289.828292307691], [26715.086723076914, 8274.448276923076], [26730.46673846153, 8259.06826153846], [26745.84675384615, 8243.688246153844], [26761.22676923076, 8228.30823076923], [26776.60678461538, 8212.928215384614], [26791.98679999999, 8197.5482], [26807.36681538461, 8182.168184615382], [26822.746830769225, 8166.788169230768], [26838.12684615384, 8151.408153846152], [26853.506861538455, 8136.028138461537], [26868.88687692307, 8120.648123076921], [26884.266892307685, 8105.268107692306], [26899.646907692302, 8089.888092307691], [26915.026923076915, 8074.508076923075], [26930.406938461532, 8059.12806153846], [26945.786953846145, 8043.748046153845], [26961.166969230762, 8028.368030769229], [26976.54698461538, 8012.988015384614], [26976.54698461538, 7982.227984615383], [26991.926999999992, 7966.847969230768], [27007.30701538461, 7951.467953846152], [27007.30701538461, 7920.707923076922], [27022.687030769222, 7905.327907692306], [27038.06704615384, 7889.947892307691], [27038.06704615384, 7859.18786153846], [27038.06704615384, 7828.427830769229], [27053.447061538456, 7813.047815384614], [27068.82707692307, 7797.667799999998], [27068.82707692307, 7766.907769230768], [27068.82707692307, 7736.147738461537], [27068.82707692307, 7705.387707692306], [27068.82707692307, 7674.627676923075], [27068.82707692307, 7643.867646153845], [27068.82707692307, 7613.107615384614], [27068.82707692307, 7582.347584615383], [27068.82707692307, 7551.587553846152], [27084.207092307686, 7536.207538461537], [27099.5871076923, 7520.827523076922], [27114.967123076916, 7505.447507692306], [27130.347138461533, 7490.067492307691], [27145.727153846146, 7474.687476923075], [27161.107169230763, 7459.30746153846], [27161.107169230763, 7428.547430769229], [27176.487184615376, 7413.167415384614], [27191.867199999993, 7397.787399999999], [27191.867199999993, 7367.027369230768], [27191.867199999993, 7336.267338461537], [27207.24721538461, 7320.887323076922], [27222.627230769223, 7305.507307692306], [27222.627230769223, 7274.747276923076], [27222.627230769223, 7243.987246153845], [27222.627230769223, 7213.227215384614], [27222.627230769223, 7182.467184615383], [27222.627230769223, 7151.707153846152], [27222.627230769223, 7120.947123076922], [27222.627230769223, 7090.187092307691], [27222.627230769223, 7059.42706153846], [27222.627230769223, 7028.667030769229], [27222.627230769223, 6997.906999999999], [27207.24721538461, 6982.526984615383], [27191.867199999993, 6967.146969230768], [27191.867199999993, 6936.386938461537], [27191.867199999993, 6905.626907692306], [27176.487184615376, 6890.246892307691], [27161.107169230763, 6874.866876923076], [27161.107169230763, 6844.106846153845], [27145.727153846146, 6828.726830769229], [27130.347138461533, 6813.346815384614], [27114.967123076916, 6797.966799999999], [27099.5871076923, 6782.586784615383], [27084.207092307686, 6767.206769230768], [27068.82707692307, 6751.826753846153], [27053.447061538456, 6736.446738461537], [27038.06704615384, 6721.066723076922], [27022.687030769222, 6705.686707692306], [27007.30701538461, 6690.306692307691], [26991.926999999992, 6674.926676923076], [26976.54698461538, 6659.54666153846], [26961.166969230762, 6644.166646153845], [26945.786953846145, 6628.78663076923], [26930.406938461532, 6613.406615384614], [26915.026923076915, 6598.026599999999], [26899.646907692302, 6582.646584615383], [26884.266892307685, 6567.266569230768], [26868.88687692307, 6551.886553846153], [26838.12684615384, 6551.886553846153], [26822.746830769225, 6536.506538461537], [26807.36681538461, 6521.126523076922], [26776.60678461538, 6521.126523076922], [26745.84675384615, 6521.126523076922], [26730.46673846153, 6505.746507692306], [26715.086723076914, 6490.366492307691], [26699.7067076923, 6474.986476923076], [26715.086723076914, 6459.60646153846], [26730.46673846153, 6444.226446153845], [26730.46673846153, 6413.466415384614], [26745.84675384615, 6398.086399999999], [26761.22676923076, 6382.706384615383], [26761.22676923076, 6351.946353846153], [26761.22676923076, 6321.186323076922], [26776.60678461538, 6305.806307692307], [26791.98679999999, 6290.426292307691], [26791.98679999999, 6259.66626153846], [26791.98679999999, 6228.90623076923], [26791.98679999999, 6198.146199999999], [26791.98679999999, 6167.386169230768], [26791.98679999999, 6136.626138461537], [26791.98679999999, 6105.866107692307], [26791.98679999999, 6075.106076923076], [26791.98679999999, 6044.346046153845], [26791.98679999999, 6013.586015384614], [26791.98679999999, 5982.825984615384], [26791.98679999999, 5952.065953846153], [26791.98679999999, 5921.305923076922], [26791.98679999999, 5890.545892307691], [26791.98679999999, 5859.78586153846], [26776.60678461538, 5844.405846153845], [26761.22676923076, 5829.02583076923], [26761.22676923076, 5798.265799999999], [26761.22676923076, 5767.505769230768], [26745.84675384615, 5752.125753846153], [26730.46673846153, 5736.745738461537], [26730.46673846153, 5705.985707692307], [26715.086723076914, 5690.605692307691], [26699.7067076923, 5675.225676923076], [26699.7067076923, 5644.465646153845], [26715.086723076914, 5629.08563076923], [26730.46673846153, 5613.705615384614], [26745.84675384615, 5598.325599999999], [26761.22676923076, 5582.945584615384], [26776.60678461538, 5567.565569230768], [26791.98679999999, 5552.185553846153], [26807.36681538461, 5536.805538461537], [26822.746830769225, 5521.425523076922], [26838.12684615384, 5506.045507692307], [26853.506861538455, 5490.665492307691], [26853.506861538455, 5459.905461538461], [26868.88687692307, 5444.525446153845], [26884.266892307685, 5429.14543076923], [26884.266892307685, 5398.385399999999], [26884.266892307685, 5367.625369230768], [26899.646907692302, 5352.245353846153], [26915.026923076915, 5336.865338461538], [26915.026923076915, 5306.105307692307], [26930.406938461532, 5290.725292307691], [26945.786953846145, 5275.345276923076], [26945.786953846145, 5244.585246153845], [26945.786953846145, 5213.825215384614], [26961.166969230762, 5198.445199999999], [26976.54698461538, 5183.065184615384], [26976.54698461538, 5152.305153846153], [26976.54698461538, 5121.545123076922], [26976.54698461538, 5090.785092307691], [26976.54698461538, 5060.025061538461], [26976.54698461538, 5029.26503076923], [26976.54698461538, 4998.504999999999], [26976.54698461538, 4967.744969230768], [26976.54698461538, 4936.984938461538], [26976.54698461538, 4906.224907692307], [26976.54698461538, 4875.464876923076], [26976.54698461538, 4844.704846153845], [26991.926999999992, 4829.32483076923], [27022.687030769222, 4829.32483076923], [27053.447061538456, 4829.32483076923], [27084.207092307686, 4829.32483076923], [27114.967123076916, 4829.32483076923], [27145.727153846146, 4829.32483076923], [27176.487184615376, 4829.32483076923], [27207.24721538461, 4829.32483076923], [27238.00724615384, 4829.32483076923], [27268.76727692307, 4829.32483076923], [27299.5273076923, 4829.32483076923], [27330.28733846153, 4829.32483076923], [27345.667353846147, 4813.944815384615], [27361.04736923076, 4798.564799999999], [27391.807399999994, 4798.564799999999], [27422.567430769224, 4798.564799999999], [27437.947446153838, 4783.184784615384], [27453.327461538454, 4767.804769230768], [27484.087492307684, 4767.804769230768], [27499.4675076923, 4752.424753846153], [27514.847523076915, 4737.044738461538], [27530.22753846153, 4721.664723076922], [27545.60755384615, 4706.284707692307], [27560.98756923076, 4690.904692307692], [27576.36758461538, 4675.524676923076], [27591.74759999999, 4660.144661538461], [27607.12761538461, 4644.764646153845], [27622.507630769225, 4629.38463076923], [27637.88764615384, 4614.004615384615], [27653.267661538455, 4598.624599999999], [27668.64767692307, 4583.244584615384], [27684.027692307685, 4567.864569230768], [27699.407707692302, 4552.484553846153], [27730.167738461532, 4552.484553846153], [27760.927769230762, 4552.484553846153], [27791.687799999992, 4552.484553846153], [27822.447830769222, 4552.484553846153], [27853.207861538456, 4552.484553846153], [27883.967892307686, 4552.484553846153], [27914.727923076916, 4552.484553846153], [27945.487953846146, 4552.484553846153], [27976.247984615376, 4552.484553846153], [28007.008015384607, 4552.484553846153], [28037.76804615384, 4552.484553846153], [28053.148061538453, 4537.104538461538], [28068.52807692307, 4521.724523076922], [28099.2881076923, 4521.724523076922], [28130.04813846153, 4521.724523076922], [28145.428153846147, 4506.344507692307], [28160.80816923076, 4490.964492307692], [28191.568199999994, 4490.964492307692], [28222.328230769224, 4490.964492307692], [28237.708246153838, 4506.344507692307], [28237.708246153838, 4537.104538461538], [28253.088261538454, 4552.484553846153], [28268.46827692307, 4567.864569230768], [28268.46827692307, 4598.624599999999], [28283.848292307684, 4614.004615384615], [28299.2283076923, 4629.38463076923], [28314.608323076915, 4644.764646153845], [28329.98833846153, 4660.144661538461], [28345.36835384615, 4675.524676923076], [28360.74836923076, 4690.904692307692], [28376.12838461538, 4706.284707692307], [28391.50839999999, 4721.664723076922], [28406.88841538461, 4737.044738461538], [28422.268430769225, 4752.424753846153], [28437.64844615384, 4767.804769230768], [28453.028461538455, 4783.184784615384], [28453.028461538455, 4813.944815384615], [28453.028461538455, 4844.704846153845], [28453.028461538455, 4875.464876923076], [28468.40847692307, 4890.844892307691], [28483.788492307685, 4906.224907692307], [28483.788492307685, 4936.984938461538], [28483.788492307685, 4967.744969230768], [28483.788492307685, 4998.504999999999], [28483.788492307685, 5029.26503076923], [28483.788492307685, 5060.025061538461], [28499.168507692302, 5075.405076923076], [28514.548523076915, 5090.785092307691], [28514.548523076915, 5121.545123076922], [28514.548523076915, 5152.305153846153], [28529.928538461532, 5167.685169230768], [28545.308553846146, 5183.065184615384], [28545.308553846146, 5213.825215384614], [28560.688569230762, 5229.20523076923], [28576.06858461538, 5244.585246153845], [28591.448599999992, 5259.965261538461], [28606.82861538461, 5275.345276923076], [28622.208630769223, 5290.725292307691], [28637.58864615384, 5306.105307692307], [28652.968661538453, 5321.485323076922], [28668.34867692307, 5336.865338461538], [28683.728692307686, 5352.245353846153], [28699.1087076923, 5367.625369230768], [28714.488723076916, 5383.005384615384], [28729.86873846153, 5398.385399999999], [28745.248753846146, 5413.765415384614], [28760.628769230763, 5429.14543076923], [28776.008784615376, 5444.525446153845], [28791.388799999993, 5459.905461538461], [28806.768815384607, 5475.285476923076], [28822.148830769223, 5490.665492307691], [28837.52884615384, 5506.045507692307], [28852.908861538453, 5521.425523076922], [28868.28887692307, 5536.805538461537], [28899.0489076923, 5536.805538461537], [28914.428923076917, 5552.185553846153], [28929.80893846153, 5567.565569230768], [28960.56896923076, 5567.565569230768], [28991.328999999994, 5567.565569230768], [29006.709015384607, 5582.945584615384], [29022.089030769224, 5598.325599999999], [29052.849061538454, 5598.325599999999], [29083.609092307684, 5598.325599999999], [29114.369123076915, 5598.325599999999], [29145.12915384615, 5598.325599999999], [29175.88918461538, 5598.325599999999], [29206.64921538461, 5598.325599999999], [29237.40924615384, 5598.325599999999], [29268.16927692307, 5598.325599999999], [29298.9293076923, 5598.325599999999], [29329.689338461532, 5598.325599999999], [29345.069353846146, 5613.705615384614], [29360.449369230762, 5629.08563076923], [29391.209399999992, 5629.08563076923], [29421.969430769223, 5629.08563076923], [29452.729461538453, 5629.08563076923], [29483.489492307686, 5629.08563076923], [29514.249523076916, 5629.08563076923], [29545.009553846146, 5629.08563076923], [29575.769584615377, 5629.08563076923], [29606.529615384607, 5629.08563076923], [29637.28964615384, 5629.08563076923], [29668.04967692307, 5629.08563076923], [29698.8097076923, 5629.08563076923], [29714.189723076917, 5613.705615384614], [29729.56973846153, 5598.325599999999], [29760.32976923076, 5598.325599999999], [29791.089799999994, 5598.325599999999], [29806.469815384608, 5582.945584615384], [29821.849830769224, 5567.565569230768], [29852.609861538454, 5567.565569230768], [29883.369892307684, 5567.565569230768], [29898.7499076923, 5552.185553846153], [29914.129923076915, 5536.805538461537], [29944.889953846145, 5536.805538461537], [29975.64998461538, 5536.805538461537], [29991.02999999999, 5521.425523076922], [30006.41001538461, 5506.045507692307], [30037.17004615384, 5506.045507692307], [30052.550061538455, 5490.665492307691], [30067.93007692307, 5475.285476923076], [30083.310092307685, 5459.905461538461], [30098.6901076923, 5444.525446153845], [30114.070123076915, 5429.14543076923], [30129.450138461532, 5413.765415384614], [30144.830153846146, 5398.385399999999], [30160.210169230762, 5383.005384615384], [30175.590184615376, 5367.625369230768], [30190.970199999992, 5352.245353846153], [30206.35021538461, 5336.865338461538], [30221.730230769223, 5321.485323076922], [30237.11024615384, 5306.105307692307], [30252.490261538453, 5290.725292307691], [30267.87027692307, 5275.345276923076], [30283.250292307686, 5259.965261538461], [30298.6303076923, 5244.585246153845], [30314.010323076916, 5229.20523076923], [30329.39033846153, 5213.825215384614], [30344.770353846146, 5198.445199999999], [30360.150369230763, 5183.065184615384], [30360.150369230763, 5152.305153846153], [30375.530384615377, 5136.925138461538], [30390.910399999993, 5121.545123076922], [30406.290415384607, 5106.165107692307], [30421.670430769223, 5090.785092307691], [30437.05044615384, 5075.405076923076], [30452.430461538454, 5060.025061538461], [30467.81047692307, 5044.645046153845], [30483.190492307684, 5029.26503076923], [30498.5705076923, 5013.885015384615], [30513.950523076917, 4998.504999999999], [30513.950523076917, 4967.744969230768], [30529.33053846153, 4952.364953846153], [30544.710553846147, 4936.984938461538], [30544.710553846147, 4906.224907692307], [30544.710553846147, 4875.464876923076], [30560.09056923076, 4860.084861538461], [30575.470584615377, 4844.704846153845], [30575.470584615377, 4813.944815384615], [30575.470584615377, 4783.184784615384], [30575.470584615377, 4752.424753846153], [30575.470584615377, 4721.664723076922], [30575.470584615377, 4690.904692307692], [30590.85059999999, 4675.524676923076], [30606.230615384608, 4690.904692307692], [30621.610630769224, 4706.284707692307], [30636.990646153838, 4721.664723076922], [30652.370661538454, 4737.044738461538], [30667.750676923068, 4752.424753846153], [30683.130692307685, 4767.804769230768], [30698.5107076923, 4783.184784615384], [30698.5107076923, 4813.944815384615], [30713.890723076915, 4829.32483076923], [30729.27073846153, 4844.704846153845], [30744.650753846145, 4860.084861538461], [30760.03076923076, 4875.464876923076], [30775.41078461538, 4890.844892307691], [30790.79079999999, 4906.224907692307], [30806.17081538461, 4921.604923076922], [30821.55083076922, 4936.984938461538], [30821.55083076922, 4967.744969230768], [30836.93084615384, 4983.124984615384], [30852.310861538455, 4998.504999999999], [30867.69087692307, 5013.885015384615], [30883.070892307685, 5029.26503076923], [30898.4509076923, 5044.645046153845], [30913.830923076915, 5060.025061538461], [30929.210938461532, 5075.405076923076], [30944.590953846146, 5090.785092307691], [30944.590953846146, 5121.545123076922], [30959.970969230762, 5136.925138461538], [30975.350984615376, 5152.305153846153], [30975.350984615376, 5183.065184615384], [30990.730999999992, 5198.445199999999], [31006.11101538461, 5213.825215384614], [31006.11101538461, 5244.585246153845], [31021.491030769223, 5259.965261538461], [31036.87104615384, 5275.345276923076], [31036.87104615384, 5306.105307692307], [31021.491030769223, 5321.485323076922], [30990.730999999992, 5321.485323076922], [30959.970969230762, 5321.485323076922], [30929.210938461532, 5321.485323076922], [30898.4509076923, 5321.485323076922], [30867.69087692307, 5321.485323076922], [30836.93084615384, 5321.485323076922], [30806.17081538461, 5321.485323076922], [30775.41078461538, 5321.485323076922], [30744.650753846145, 5321.485323076922], [30713.890723076915, 5321.485323076922], [30683.130692307685, 5321.485323076922], [30652.370661538454, 5321.485323076922], [30621.610630769224, 5321.485323076922], [30590.85059999999, 5321.485323076922], [30560.09056923076, 5321.485323076922], [30544.710553846147, 5336.865338461538], [30529.33053846153, 5352.245353846153], [30498.5705076923, 5352.245353846153], [30467.81047692307, 5352.245353846153], [30452.430461538454, 5367.625369230768], [30437.05044615384, 5383.005384615384], [30406.290415384607, 5383.005384615384], [30390.910399999993, 5398.385399999999], [30375.530384615377, 5413.765415384614], [30360.150369230763, 5429.14543076923], [30344.770353846146, 5444.525446153845], [30329.39033846153, 5459.905461538461], [30314.010323076916, 5475.285476923076], [30298.6303076923, 5490.665492307691], [30283.250292307686, 5506.045507692307], [30267.87027692307, 5521.425523076922], [30252.490261538453, 5536.805538461537], [30237.11024615384, 5552.185553846153], [30221.730230769223, 5567.565569230768], [30206.35021538461, 5582.945584615384], [30190.970199999992, 5598.325599999999], [30175.590184615376, 5613.705615384614], [30160.210169230762, 5629.08563076923], [30144.830153846146, 5644.465646153845], [30129.450138461532, 5659.845661538461], [30114.070123076915, 5675.225676923076], [30114.070123076915, 5705.985707692307], [30098.6901076923, 5721.365723076922], [30083.310092307685, 5736.745738461537], [30083.310092307685, 5767.505769230768], [30067.93007692307, 5782.885784615384], [30052.550061538455, 5798.265799999999], [30052.550061538455, 5829.02583076923], [30052.550061538455, 5859.78586153846], [30037.17004615384, 5875.165876923076], [30021.79003076922, 5890.545892307691], [30021.79003076922, 5921.305923076922], [30021.79003076922, 5952.065953846153], [30021.79003076922, 5982.825984615384], [30021.79003076922, 6013.586015384614], [30021.79003076922, 6044.346046153845], [30021.79003076922, 6075.106076923076], [30021.79003076922, 6105.866107692307], [30021.79003076922, 6136.626138461537], [30021.79003076922, 6167.386169230768], [30021.79003076922, 6198.146199999999], [30021.79003076922, 6228.90623076923], [30037.17004615384, 6244.286246153845], [30052.550061538455, 6259.66626153846], [30052.550061538455, 6290.426292307691], [30052.550061538455, 6321.186323076922], [30052.550061538455, 6351.946353846153], [30037.17004615384, 6367.326369230768], [30021.79003076922, 6382.706384615383], [30021.79003076922, 6413.466415384614], [30021.79003076922, 6444.226446153845], [30006.41001538461, 6459.60646153846], [29991.02999999999, 6474.986476923076], [29991.02999999999, 6505.746507692306], [29991.02999999999, 6536.506538461537], [29991.02999999999, 6567.266569230768], [29991.02999999999, 6598.026599999999], [29991.02999999999, 6628.78663076923], [29991.02999999999, 6659.54666153846], [29991.02999999999, 6690.306692307691], [29991.02999999999, 6721.066723076922], [29991.02999999999, 6751.826753846153], [29991.02999999999, 6782.586784615383], [29991.02999999999, 6813.346815384614], [30006.41001538461, 6828.726830769229], [30021.79003076922, 6844.106846153845], [30021.79003076922, 6874.866876923076], [30021.79003076922, 6905.626907692306], [30006.41001538461, 6921.006923076922], [29975.64998461538, 6921.006923076922], [29960.26996923076, 6936.386938461537], [29944.889953846145, 6951.766953846153], [29929.50993846153, 6967.146969230768], [29914.129923076915, 6982.526984615383], [29898.7499076923, 6997.906999999999], [29883.369892307684, 7013.287015384614], [29867.98987692307, 7028.667030769229], [29852.609861538454, 7044.047046153845], [29837.229846153838, 7059.42706153846], [29821.849830769224, 7074.807076923076], [29806.469815384608, 7090.187092307691], [29791.089799999994, 7105.567107692306], [29775.709784615377, 7120.947123076922], [29760.32976923076, 7136.327138461537], [29744.949753846147, 7151.707153846152], [29729.56973846153, 7167.087169230768], [29714.189723076917, 7182.467184615383], [29698.8097076923, 7197.847199999999], [29683.429692307684, 7213.227215384614], [29668.04967692307, 7228.607230769229], [29652.669661538454, 7243.987246153845], [29652.669661538454, 7274.747276923076], [29637.28964615384, 7290.127292307691], [29621.909630769223, 7305.507307692306], [29606.529615384607, 7320.887323076922], [29591.149599999993, 7336.267338461537], [29591.149599999993, 7367.027369230768], [29575.769584615377, 7382.407384615383], [29560.389569230763, 7397.787399999999], [29545.009553846146, 7413.167415384614], [29529.62953846153, 7428.547430769229], [29514.249523076916, 7443.927446153845], [29498.8695076923, 7459.30746153846], [29483.489492307686, 7474.687476923075], [29468.10947692307, 7490.067492307691], [29468.10947692307, 7520.827523076922], [29452.729461538453, 7536.207538461537], [29437.34944615384, 7551.587553846152], [29437.34944615384, 7582.347584615383], [29421.969430769223, 7597.727599999999], [29406.58941538461, 7613.107615384614], [29406.58941538461, 7643.867646153845], [29391.209399999992, 7659.24766153846], [29375.829384615376, 7674.627676923075], [29375.829384615376, 7705.387707692306], [29375.829384615376, 7736.147738461537], [29360.449369230762, 7751.527753846152], [29345.069353846146, 7766.907769230768], [29345.069353846146, 7797.667799999998], [29345.069353846146, 7828.427830769229], [29345.069353846146, 7859.18786153846], [29345.069353846146, 7889.947892307691], [29345.069353846146, 7920.707923076922], [29345.069353846146, 7951.467953846152], [29345.069353846146, 7982.227984615383], [29345.069353846146, 8012.988015384614], [29345.069353846146, 8043.748046153845], [29345.069353846146, 8074.508076923075], [29345.069353846146, 8105.268107692306], [29360.449369230762, 8120.648123076921], [29375.829384615376, 8136.028138461537], [29375.829384615376, 8166.788169230768], [29375.829384615376, 8197.5482], [29391.209399999992, 8212.928215384614], [29406.58941538461, 8228.30823076923], [29406.58941538461, 8259.06826153846], [29421.969430769223, 8274.448276923076], [29437.34944615384, 8289.828292307691], [29452.729461538453, 8305.208307692306], [29468.10947692307, 8320.588323076921], [29468.10947692307, 8351.348353846153], [29468.10947692307, 8382.108384615383], [29468.10947692307, 8412.868415384613], [29483.489492307686, 8428.24843076923], [29498.8695076923, 8443.628446153845], [29498.8695076923, 8474.388476923075], [29498.8695076923, 8505.148507692305], [29498.8695076923, 8535.908538461537], [29514.249523076916, 8551.288553846152], [29529.62953846153, 8566.668569230767], [29529.62953846153, 8597.4286], [29529.62953846153, 8628.18863076923], [29529.62953846153, 8658.94866153846], [29545.009553846146, 8674.328676923076], [29560.389569230763, 8689.708692307691], [29560.389569230763, 8720.468723076921], [29560.389569230763, 8751.228753846153], [29575.769584615377, 8766.608769230768], [29591.149599999993, 8781.988784615383], [29591.149599999993, 8812.748815384613], [29606.529615384607, 8828.128830769228], [29621.909630769223, 8843.508846153845], [29621.909630769223, 8874.268876923075], [29637.28964615384, 8889.64889230769], [29652.669661538454, 8905.028907692305], [29652.669661538454, 8935.788938461537], [29668.04967692307, 8951.168953846152], [29683.429692307684, 8966.548969230767], [29683.429692307684, 8997.309], [29683.429692307684, 9028.06903076923], [29698.8097076923, 9043.449046153844], [29714.189723076917, 9058.82906153846], [29714.189723076917, 9089.589092307691], [29729.56973846153, 9104.969107692306], [29744.949753846147, 9120.349123076921], [29760.32976923076, 9135.729138461536], [29775.709784615377, 9151.109153846151], [29775.709784615377, 9181.869184615383], [29791.089799999994, 9197.249199999998], [29806.469815384608, 9212.629215384613], [29821.849830769224, 9228.009230769228], [29837.229846153838, 9243.389246153845], [29852.609861538454, 9258.76926153846], [29867.98987692307, 9274.149276923075], [29883.369892307684, 9289.52929230769], [29898.7499076923, 9304.909307692305], [29914.129923076915, 9320.289323076922], [29929.50993846153, 9335.669338461537], [29929.50993846153, 9366.429369230767], [29929.50993846153, 9397.1894], [29929.50993846153, 9427.94943076923], [29929.50993846153, 9458.70946153846], [29929.50993846153, 9489.469492307691], [29929.50993846153, 9520.229523076921], [29929.50993846153, 9550.989553846151], [29929.50993846153, 9581.749584615383], [29929.50993846153, 9612.509615384613], [29944.889953846145, 9627.889630769228], [29960.26996923076, 9643.269646153845], [29960.26996923076, 9674.029676923075], [29960.26996923076, 9704.789707692305], [29960.26996923076, 9735.549738461537], [29944.889953846145, 9750.929753846152], [29914.129923076915, 9750.929753846152], [29883.369892307684, 9750.929753846152], [29852.609861538454, 9750.929753846152], [29821.849830769224, 9750.929753846152], [29791.089799999994, 9750.929753846152], [29775.709784615377, 9766.309769230767], [29760.32976923076, 9781.689784615382], [29729.56973846153, 9781.689784615382], [29698.8097076923, 9781.689784615382], [29683.429692307684, 9797.069799999997], [29668.04967692307, 9812.449815384614], [29637.28964615384, 9812.449815384614], [29621.909630769223, 9827.82983076923], [29606.529615384607, 9843.209846153844], [29591.149599999993, 9858.58986153846], [29575.769584615377, 9873.969876923074], [29545.009553846146, 9873.969876923074], [29529.62953846153, 9889.349892307691], [29514.249523076916, 9904.729907692306], [29498.8695076923, 9920.109923076921], [29483.489492307686, 9935.489938461536], [29468.10947692307, 9950.869953846151], [29452.729461538453, 9966.249969230768], [29437.34944615384, 9981.629984615383], [29421.969430769223, 9997.009999999998], [29406.58941538461, 10012.390015384613], [29391.209399999992, 10027.770030769228], [29375.829384615376, 10043.150046153845], [29360.449369230762, 10058.53006153846], [29345.069353846146, 10073.910076923075], [29329.689338461532, 10089.29009230769], [29298.9293076923, 10089.29009230769], [29283.549292307685, 10073.910076923075], [29268.16927692307, 10058.53006153846], [29237.40924615384, 10058.53006153846], [29222.029230769225, 10043.150046153845], [29206.64921538461, 10027.770030769228], [29175.88918461538, 10027.770030769228], [29160.50916923076, 10012.390015384613], [29145.12915384615, 9997.009999999998], [29114.369123076915, 9997.009999999998], [29083.609092307684, 9997.009999999998], [29068.22907692307, 9981.629984615383], [29052.849061538454, 9966.249969230768], [29022.089030769224, 9966.249969230768], [28991.328999999994, 9966.249969230768], [28960.56896923076, 9966.249969230768], [28945.188953846147, 9950.869953846151], [28929.80893846153, 9935.489938461536], [28899.0489076923, 9935.489938461536], [28868.28887692307, 9935.489938461536], [28837.52884615384, 9935.489938461536], [28806.768815384607, 9935.489938461536], [28776.008784615376, 9935.489938461536], [28745.248753846146, 9935.489938461536], [28714.488723076916, 9935.489938461536], [28683.728692307686, 9935.489938461536], [28652.968661538453, 9935.489938461536], [28622.208630769223, 9935.489938461536], [28591.448599999992, 9935.489938461536], [28560.688569230762, 9935.489938461536], [28529.928538461532, 9935.489938461536], [28499.168507692302, 9935.489938461536], [28468.40847692307, 9935.489938461536], [28453.028461538455, 9950.869953846151], [28437.64844615384, 9966.249969230768], [28422.268430769225, 9950.869953846151], [28406.88841538461, 9935.489938461536], [28376.12838461538, 9935.489938461536], [28345.36835384615, 9935.489938461536], [28314.608323076915, 9935.489938461536], [28283.848292307684, 9935.489938461536], [28253.088261538454, 9935.489938461536], [28222.328230769224, 9935.489938461536], [28191.568199999994, 9935.489938461536], [28160.80816923076, 9935.489938461536], [28130.04813846153, 9935.489938461536], [28099.2881076923, 9935.489938461536], [28068.52807692307, 9935.489938461536], [28037.76804615384, 9935.489938461536], [28007.008015384607, 9935.489938461536], [27976.247984615376, 9935.489938461536], [27945.487953846146, 9935.489938461536], [27930.107938461533, 9950.869953846151], [27914.727923076916, 9966.249969230768], [27883.967892307686, 9966.249969230768], [27853.207861538456, 9966.249969230768], [27837.82784615384, 9981.629984615383], [27822.447830769222, 9997.009999999998], [27791.687799999992, 9997.009999999998], [27776.30778461538, 10012.390015384613], [27760.927769230762, 10027.770030769228], [27745.547753846145, 10043.150046153845], [27730.167738461532, 10058.53006153846], [27714.787723076915, 10073.910076923075], [27699.407707692302, 10089.29009230769], [27684.027692307685, 10104.670107692305], [27668.64767692307, 10120.05012307692], [27653.267661538455, 10135.430138461537], [27637.88764615384, 10150.810153846152], [27622.507630769225, 10166.190169230767], [27607.12761538461, 10181.570184615382], [27591.74759999999, 10196.950199999997], [27576.36758461538, 10212.330215384614], [27560.98756923076, 10227.71023076923], [27545.60755384615, 10243.090246153844], [27530.22753846153, 10258.47026153846], [27514.847523076915, 10273.850276923074], [27499.4675076923, 10289.230292307691], [27484.087492307684, 10304.610307692306], [27468.70747692307, 10319.990323076921], [27468.70747692307, 10350.750353846151], [27453.327461538454, 10366.130369230768], [27437.947446153838, 10381.510384615383], [27437.947446153838, 10412.270415384613], [27422.567430769224, 10427.650430769228], [27407.187415384607, 10443.030446153844], [27407.187415384607, 10473.790476923075], [27407.187415384607, 10504.550507692305], [27391.807399999994, 10519.93052307692], [27376.427384615377, 10535.310538461537], [27361.04736923076, 10550.690553846152], [27345.667353846147, 10566.070569230767], [27330.28733846153, 10581.450584615382], [27314.907323076917, 10596.830599999998], [27299.5273076923, 10612.210615384614], [27284.147292307687, 10627.59063076923], [27268.76727692307, 10642.970646153844], [27253.387261538453, 10658.35066153846], [27253.387261538453, 10689.110692307691], [27238.00724615384, 10704.490707692306], [27222.627230769223, 10719.870723076921], [27222.627230769223, 10750.630753846151], [27207.24721538461, 10766.010769230767], [27191.867199999993, 10781.390784615383], [27176.487184615376, 10796.770799999998], [27145.727153846146, 10796.770799999998], [27130.347138461533, 10781.390784615383], [27114.967123076916, 10766.010769230767], [27084.207092307686, 10766.010769230767], [27068.82707692307, 10750.630753846151], [27053.447061538456, 10735.250738461536], [27038.06704615384, 10719.870723076921], [27022.687030769222, 10704.490707692306], [27007.30701538461, 10689.110692307691], [26991.926999999992, 10673.730676923074], [26976.54698461538, 10658.35066153846], [26961.166969230762, 10642.970646153844], [26930.406938461532, 10642.970646153844], [26915.026923076915, 10627.59063076923], [26899.646907692302, 10612.210615384614], [26868.88687692307, 10612.210615384614], [26838.12684615384, 10612.210615384614], [26822.746830769225, 10596.830599999998], [26807.36681538461, 10581.450584615382], [26776.60678461538, 10581.450584615382], [26745.84675384615, 10581.450584615382], [26730.46673846153, 10566.070569230767], [26715.086723076914, 10550.690553846152], [26684.326692307684, 10550.690553846152], [26653.566661538454, 10550.690553846152], [26622.806630769224, 10550.690553846152], [26592.046599999994, 10550.690553846152], [26561.286569230764, 10550.690553846152], [26545.906553846147, 10535.310538461537], [26530.52653846153, 10519.93052307692], [26499.7665076923, 10519.93052307692], [26469.00647692307, 10519.93052307692], [26438.24644615384, 10519.93052307692], [26407.48641538461, 10519.93052307692], [26376.726384615376, 10519.93052307692], [26345.966353846146, 10519.93052307692], [26315.206323076916, 10519.93052307692], [26284.446292307686, 10519.93052307692], [26253.686261538456, 10519.93052307692], [26222.926230769222, 10519.93052307692], [26192.166199999992, 10519.93052307692], [26161.406169230762, 10519.93052307692], [26146.026153846145, 10535.310538461537], [26130.646138461532, 10550.690553846152], [26099.886107692302, 10550.690553846152], [26069.12607692307, 10550.690553846152], [26038.36604615384, 10550.690553846152], [26007.60601538461, 10550.690553846152], [25992.225999999995, 10566.070569230767], [25976.84598461538, 10581.450584615382], [25946.08595384615, 10581.450584615382], [25915.325923076918, 10581.450584615382], [25899.9459076923, 10596.830599999998], [25884.565892307684, 10612.210615384614], [25853.805861538454, 10612.210615384614], [25838.42584615384, 10627.59063076923], [25823.045830769224, 10642.970646153844], [25807.665815384607, 10658.35066153846], [25792.285799999994, 10673.730676923074], [25776.905784615377, 10689.110692307691], [25761.525769230764, 10704.490707692306], [25746.145753846147, 10719.870723076921], [25730.76573846153, 10735.250738461536], [25715.385723076917, 10750.630753846151], [25700.0057076923, 10766.010769230767], [25684.625692307687, 10781.390784615383], [25669.24567692307, 10796.770799999998], [25653.865661538453, 10812.150815384613], [25638.48564615384, 10827.530830769228], [25623.105630769223, 10842.910846153844], [25607.72561538461, 10858.29086153846], [25592.345599999993, 10873.670876923075], [25576.965584615376, 10889.05089230769], [25561.585569230763, 10904.430907692305], [25546.205553846146, 10919.81092307692], [25530.825538461533, 10935.190938461537], [25530.825538461533, 10965.950969230767], [25515.445523076916, 10981.330984615382], [25500.0655076923, 10996.710999999998], [25500.0655076923, 11027.47103076923], [25500.0655076923, 11058.23106153846], [25484.685492307686, 11073.611076923075], [25469.30547692307, 11088.99109230769], [25469.30547692307, 11119.751123076921], [25469.30547692307, 11150.511153846152], [25469.30547692307, 11181.271184615383], [25469.30547692307, 11212.031215384613], [25469.30547692307, 11242.791246153844], [25469.30547692307, 11273.551276923075], [25469.30547692307, 11304.311307692305], [25469.30547692307, 11335.071338461537], [25469.30547692307, 11365.831369230767], [25469.30547692307, 11396.591399999998], [25484.685492307686, 11411.971415384613], [25500.0655076923, 11427.35143076923], [25500.0655076923, 11458.11146153846], [25500.0655076923, 11488.87149230769], [25500.0655076923, 11519.631523076921], [25515.445523076916, 11535.011538461536], [25530.825538461533, 11550.391553846152], [25530.825538461533, 11581.151584615383], [25530.825538461533, 11611.911615384613], [25546.205553846146, 11627.291630769229], [25561.585569230763, 11642.671646153844], [25561.585569230763, 11673.431676923075], [25576.965584615376, 11688.81169230769], [25607.72561538461, 11688.81169230769], [25623.105630769223, 11704.191707692305], [25638.48564615384, 11719.57172307692], [25669.24567692307, 11719.57172307692], [25700.0057076923, 11719.57172307692], [25730.76573846153, 11719.57172307692], [25746.145753846147, 11734.951738461536], [25761.525769230764, 11750.331753846152], [25792.285799999994, 11750.331753846152], [25807.665815384607, 11765.711769230767], [25823.045830769224, 11781.091784615382], [25853.805861538454, 11781.091784615382], [25869.18587692307, 11796.471799999998], [25884.565892307684, 11811.851815384613], [25915.325923076918, 11811.851815384613], [25930.70593846153, 11827.23183076923], [25946.08595384615, 11842.611846153844], [25976.84598461538, 11842.611846153844], [25992.225999999995, 11857.99186153846], [26007.60601538461, 11873.371876923075], [26038.36604615384, 11873.371876923075], [26053.746061538455, 11888.75189230769], [26069.12607692307, 11904.131907692306], [26084.506092307685, 11919.511923076921], [26084.506092307685, 11950.271953846152], [26099.886107692302, 11965.651969230767], [26115.266123076915, 11981.031984615383], [26130.646138461532, 11996.411999999998], [26146.026153846145, 12011.792015384613], [26161.406169230762, 12027.172030769229], [26176.78618461538, 12042.552046153844], [26192.166199999992, 12057.932061538459], [26207.54621538461, 12073.312076923075], [26192.166199999992, 12088.69209230769], [26176.78618461538, 12104.072107692306], [26161.406169230762, 12119.45212307692]], [[26976.54698461538, 9981.629984615383], [26991.926999999992, 9966.249969230768], [27007.30701538461, 9950.869953846151], [27007.30701538461, 9920.109923076921], [27022.687030769222, 9904.729907692306], [27038.06704615384, 9889.349892307691], [27053.447061538456, 9873.969876923074], [27068.82707692307, 9858.58986153846], [27084.207092307686, 9843.209846153844], [27099.5871076923, 9827.82983076923], [27114.967123076916, 9812.449815384614], [27130.347138461533, 9797.069799999997], [27145.727153846146, 9781.689784615382], [27161.107169230763, 9766.309769230767], [27176.487184615376, 9750.929753846152], [27191.867199999993, 9735.549738461537], [27207.24721538461, 9720.169723076922], [27222.627230769223, 9704.789707692305], [27238.00724615384, 9689.40969230769], [27253.387261538453, 9674.029676923075], [27268.76727692307, 9658.64966153846], [27284.147292307687, 9643.269646153845], [27299.5273076923, 9627.889630769228], [27314.907323076917, 9612.509615384613], [27330.28733846153, 9597.129599999998], [27345.667353846147, 9581.749584615383], [27361.04736923076, 9566.369569230768], [27376.427384615377, 9550.989553846151], [27391.807399999994, 9535.609538461536], [27422.567430769224, 9535.609538461536], [27437.947446153838, 9520.229523076921], [27453.327461538454, 9504.849507692306], [27468.70747692307, 9489.469492307691], [27484.087492307684, 9474.089476923074], [27514.847523076915, 9474.089476923074], [27530.22753846153, 9458.70946153846], [27545.60755384615, 9443.329446153844], [27576.36758461538, 9443.329446153844], [27591.74759999999, 9427.94943076923], [27607.12761538461, 9412.569415384614], [27637.88764615384, 9412.569415384614], [27668.64767692307, 9412.569415384614], [27684.027692307685, 9397.1894], [27699.407707692302, 9381.809384615382], [27730.167738461532, 9381.809384615382], [27760.927769230762, 9381.809384615382], [27776.30778461538, 9366.429369230767], [27791.687799999992, 9351.049353846152], [27822.447830769222, 9351.049353846152], [27853.207861538456, 9351.049353846152], [27883.967892307686, 9351.049353846152], [27899.3479076923, 9335.669338461537], [27914.727923076916, 9320.289323076922], [27945.487953846146, 9320.289323076922], [27976.247984615376, 9320.289323076922], [28007.008015384607, 9320.289323076922], [28037.76804615384, 9320.289323076922], [28068.52807692307, 9320.289323076922], [28099.2881076923, 9320.289323076922], [28130.04813846153, 9320.289323076922], [28160.80816923076, 9320.289323076922], [28191.568199999994, 9320.289323076922], [28222.328230769224, 9320.289323076922], [28253.088261538454, 9320.289323076922], [28283.848292307684, 9320.289323076922], [28314.608323076915, 9320.289323076922], [28345.36835384615, 9320.289323076922], [28376.12838461538, 9320.289323076922], [28406.88841538461, 9320.289323076922], [28437.64844615384, 9320.289323076922], [28468.40847692307, 9320.289323076922], [28499.168507692302, 9320.289323076922], [28529.928538461532, 9320.289323076922], [28560.688569230762, 9320.289323076922], [28591.448599999992, 9320.289323076922], [28622.208630769223, 9320.289323076922], [28652.968661538453, 9320.289323076922], [28683.728692307686, 9320.289323076922], [28714.488723076916, 9320.289323076922], [28745.248753846146, 9320.289323076922], [28776.008784615376, 9320.289323076922], [28806.768815384607, 9320.289323076922], [28837.52884615384, 9320.289323076922], [28868.28887692307, 9320.289323076922], [28899.0489076923, 9320.289323076922], [28929.80893846153, 9320.289323076922], [28960.56896923076, 9320.289323076922], [28975.948984615377, 9335.669338461537], [28991.328999999994, 9351.049353846152], [29022.089030769224, 9351.049353846152], [29052.849061538454, 9351.049353846152], [29083.609092307684, 9351.049353846152], [29098.9891076923, 9366.429369230767], [29114.369123076915, 9381.809384615382], [29145.12915384615, 9381.809384615382], [29175.88918461538, 9381.809384615382], [29191.26919999999, 9366.429369230767], [29175.88918461538, 9351.049353846152], [29160.50916923076, 9335.669338461537], [29160.50916923076, 9304.909307692305], [29145.12915384615, 9289.52929230769], [29129.74913846153, 9274.149276923075], [29129.74913846153, 9243.389246153845], [29129.74913846153, 9212.629215384613], [29114.369123076915, 9197.249199999998], [29098.9891076923, 9181.869184615383], [29098.9891076923, 9151.109153846151], [29083.609092307684, 9135.729138461536], [29068.22907692307, 9120.349123076921], [29068.22907692307, 9089.589092307691], [29052.849061538454, 9074.209076923076], [29037.469046153838, 9058.82906153846], [29037.469046153838, 9028.06903076923], [29022.089030769224, 9012.689015384614], [29006.709015384607, 8997.309], [29006.709015384607, 8966.548969230767], [29006.709015384607, 8935.788938461537], [28991.328999999994, 8920.408923076922], [28975.948984615377, 8905.028907692305], [28975.948984615377, 8874.268876923075], [28975.948984615377, 8843.508846153845], [28960.56896923076, 8828.128830769228], [28945.188953846147, 8812.748815384613], [28945.188953846147, 8781.988784615383], [28945.188953846147, 8751.228753846153], [28945.188953846147, 8720.468723076921], [28929.80893846153, 8705.088707692306], [28914.428923076917, 8689.708692307691], [28914.428923076917, 8658.94866153846], [28914.428923076917, 8628.18863076923], [28914.428923076917, 8597.4286], [28899.0489076923, 8582.048584615382], [28883.668892307684, 8566.668569230767], [28883.668892307684, 8535.908538461537], [28868.28887692307, 8520.528523076922], [28852.908861538453, 8505.148507692305], [28852.908861538453, 8474.388476923075], [28837.52884615384, 8459.00846153846], [28822.148830769223, 8443.628446153845], [28822.148830769223, 8412.868415384613], [28822.148830769223, 8382.108384615383], [28806.768815384607, 8366.728369230768], [28791.388799999993, 8351.348353846153], [28791.388799999993, 8320.588323076921], [28791.388799999993, 8289.828292307691], [28776.008784615376, 8274.448276923076], [28760.628769230763, 8259.06826153846], [28760.628769230763, 8228.30823076923], [28760.628769230763, 8197.5482], [28760.628769230763, 8166.788169230768], [28745.248753846146, 8151.408153846152], [28729.86873846153, 8136.028138461537], [28729.86873846153, 8105.268107692306], [28729.86873846153, 8074.508076923075], [28729.86873846153, 8043.748046153845], [28729.86873846153, 8012.988015384614], [28729.86873846153, 7982.227984615383], [28729.86873846153, 7951.467953846152], [28729.86873846153, 7920.707923076922], [28729.86873846153, 7889.947892307691], [28729.86873846153, 7859.18786153846], [28729.86873846153, 7828.427830769229], [28729.86873846153, 7797.667799999998], [28729.86873846153, 7766.907769230768], [28729.86873846153, 7736.147738461537], [28745.248753846146, 7720.767723076922], [28760.628769230763, 7705.387707692306], [28760.628769230763, 7674.627676923075], [28760.628769230763, 7643.867646153845], [28760.628769230763, 7613.107615384614], [28776.008784615376, 7597.727599999999], [28791.388799999993, 7582.347584615383], [28791.388799999993, 7551.587553846152], [28791.388799999993, 7520.827523076922], [28806.768815384607, 7505.447507692306], [28822.148830769223, 7490.067492307691], [28822.148830769223, 7459.30746153846], [28822.148830769223, 7428.547430769229], [28837.52884615384, 7413.167415384614], [28852.908861538453, 7397.787399999999], [28852.908861538453, 7367.027369230768], [28868.28887692307, 7351.647353846152], [28883.668892307684, 7336.267338461537], [28883.668892307684, 7305.507307692306], [28899.0489076923, 7290.127292307691], [28914.428923076917, 7274.747276923076], [28914.428923076917, 7243.987246153845], [28929.80893846153, 7228.607230769229], [28945.188953846147, 7213.227215384614], [28945.188953846147, 7182.467184615383], [28960.56896923076, 7167.087169230768], [28975.948984615377, 7151.707153846152], [28991.328999999994, 7136.327138461537], [29006.709015384607, 7120.947123076922], [29006.709015384607, 7090.187092307691], [29022.089030769224, 7074.807076923076], [29037.469046153838, 7059.42706153846], [29052.849061538454, 7044.047046153845], [29068.22907692307, 7028.667030769229], [29083.609092307684, 7013.287015384614], [29098.9891076923, 6997.906999999999], [29114.369123076915, 6982.526984615383], [29129.74913846153, 6967.146969230768], [29129.74913846153, 6936.386938461537], [29145.12915384615, 6921.006923076922], [29160.50916923076, 6905.626907692306], [29175.88918461538, 6890.246892307691], [29191.26919999999, 6874.866876923076], [29191.26919999999, 6844.106846153845], [29206.64921538461, 6828.726830769229], [29222.029230769225, 6813.346815384614], [29237.40924615384, 6797.966799999999], [29252.789261538455, 6782.586784615383], [29268.16927692307, 6767.206769230768], [29283.549292307685, 6751.826753846153], [29298.9293076923, 6736.446738461537], [29314.309323076915, 6721.066723076922], [29329.689338461532, 6705.686707692306], [29345.069353846146, 6690.306692307691], [29360.449369230762, 6674.926676923076], [29375.829384615376, 6659.54666153846], [29375.829384615376, 6628.78663076923], [29375.829384615376, 6598.026599999999], [29375.829384615376, 6567.266569230768], [29375.829384615376, 6536.506538461537], [29375.829384615376, 6505.746507692306], [29375.829384615376, 6474.986476923076], [29375.829384615376, 6444.226446153845], [29391.209399999992, 6428.84643076923], [29406.58941538461, 6413.466415384614], [29406.58941538461, 6382.706384615383], [29406.58941538461, 6351.946353846153], [29406.58941538461, 6321.186323076922], [29421.969430769223, 6305.806307692307], [29437.34944615384, 6290.426292307691], [29421.969430769223, 6275.046276923076], [29406.58941538461, 6259.66626153846], [29391.209399999992, 6244.286246153845], [29360.449369230762, 6244.286246153845], [29329.689338461532, 6244.286246153845], [29314.309323076915, 6228.90623076923], [29298.9293076923, 6213.526215384614], [29268.16927692307, 6213.526215384614], [29237.40924615384, 6213.526215384614], [29206.64921538461, 6213.526215384614], [29175.88918461538, 6213.526215384614], [29145.12915384615, 6213.526215384614], [29114.369123076915, 6213.526215384614], [29083.609092307684, 6213.526215384614], [29052.849061538454, 6213.526215384614], [29022.089030769224, 6213.526215384614], [28991.328999999994, 6213.526215384614], [28975.948984615377, 6198.146199999999], [28960.56896923076, 6182.766184615383], [28929.80893846153, 6182.766184615383], [28899.0489076923, 6182.766184615383], [28868.28887692307, 6182.766184615383], [28852.908861538453, 6167.386169230768], [28837.52884615384, 6152.006153846153], [28806.768815384607, 6152.006153846153], [28776.008784615376, 6152.006153846153], [28760.628769230763, 6136.626138461537], [28745.248753846146, 6121.246123076922], [28714.488723076916, 6121.246123076922], [28683.728692307686, 6121.246123076922], [28668.34867692307, 6105.866107692307], [28652.968661538453, 6090.486092307691], [28622.208630769223, 6090.486092307691], [28606.82861538461, 6075.106076923076], [28591.448599999992, 6059.72606153846], [28560.688569230762, 6059.72606153846], [28545.308553846146, 6044.346046153845], [28529.928538461532, 6028.96603076923], [28514.548523076915, 6013.586015384614], [28499.168507692302, 5998.205999999999], [28468.40847692307, 5998.205999999999], [28453.028461538455, 5982.825984615384], [28437.64844615384, 5967.445969230768], [28422.268430769225, 5952.065953846153], [28406.88841538461, 5936.685938461537], [28391.50839999999, 5921.305923076922], [28376.12838461538, 5905.925907692307], [28360.74836923076, 5890.545892307691], [28345.36835384615, 5875.165876923076], [28329.98833846153, 5859.78586153846], [28314.608323076915, 5844.405846153845], [28299.2283076923, 5829.02583076923], [28283.848292307684, 5813.645815384614], [28268.46827692307, 5798.265799999999], [28253.088261538454, 5782.885784615384], [28237.708246153838, 5767.505769230768], [28222.328230769224, 5752.125753846153], [28206.948215384607, 5736.745738461537], [28191.568199999994, 5721.365723076922], [28176.188184615377, 5705.985707692307], [28160.80816923076, 5690.605692307691], [28145.428153846147, 5675.225676923076], [28130.04813846153, 5659.845661538461], [28114.668123076917, 5644.465646153845], [28099.2881076923, 5629.08563076923], [28083.908092307684, 5613.705615384614], [28083.908092307684, 5582.945584615384], [28068.52807692307, 5567.565569230768], [28053.148061538453, 5552.185553846153], [28037.76804615384, 5536.805538461537], [28022.388030769223, 5521.425523076922], [28022.388030769223, 5490.665492307691], [28007.008015384607, 5475.285476923076], [27991.627999999993, 5459.905461538461], [27991.627999999993, 5429.14543076923], [27976.247984615376, 5413.765415384614], [27960.867969230763, 5398.385399999999], [27960.867969230763, 5367.625369230768], [27960.867969230763, 5336.865338461538], [27945.487953846146, 5321.485323076922], [27930.107938461533, 5306.105307692307], [27930.107938461533, 5275.345276923076], [27930.107938461533, 5244.585246153845], [27914.727923076916, 5229.20523076923], [27883.967892307686, 5229.20523076923], [27853.207861538456, 5229.20523076923], [27837.82784615384, 5244.585246153845], [27822.447830769222, 5259.965261538461], [27807.06781538461, 5275.345276923076], [27791.687799999992, 5290.725292307691], [27760.927769230762, 5290.725292307691], [27745.547753846145, 5306.105307692307], [27730.167738461532, 5321.485323076922], [27699.407707692302, 5321.485323076922], [27684.027692307685, 5336.865338461538], [27668.64767692307, 5352.245353846153], [27637.88764615384, 5352.245353846153], [27607.12761538461, 5352.245353846153], [27591.74759999999, 5367.625369230768], [27576.36758461538, 5383.005384615384], [27545.60755384615, 5383.005384615384], [27530.22753846153, 5398.385399999999], [27530.22753846153, 5429.14543076923], [27514.847523076915, 5444.525446153845], [27499.4675076923, 5459.905461538461], [27499.4675076923, 5490.665492307691], [27499.4675076923, 5521.425523076922], [27484.087492307684, 5536.805538461537], [27468.70747692307, 5552.185553846153], [27468.70747692307, 5582.945584615384], [27453.327461538454, 5598.325599999999], [27437.947446153838, 5613.705615384614], [27437.947446153838, 5644.465646153845], [27437.947446153838, 5675.225676923076], [27422.567430769224, 5690.605692307691], [27407.187415384607, 5705.985707692307], [27407.187415384607, 5736.745738461537], [27391.807399999994, 5752.125753846153], [27376.427384615377, 5767.505769230768], [27376.427384615377, 5798.265799999999], [27391.807399999994, 5813.645815384614], [27407.187415384607, 5829.02583076923], [27407.187415384607, 5859.78586153846], [27407.187415384607, 5890.545892307691], [27407.187415384607, 5921.305923076922], [27407.187415384607, 5952.065953846153], [27407.187415384607, 5982.825984615384], [27407.187415384607, 6013.586015384614], [27407.187415384607, 6044.346046153845], [27407.187415384607, 6075.106076923076], [27407.187415384607, 6105.866107692307], [27407.187415384607, 6136.626138461537], [27407.187415384607, 6167.386169230768], [27407.187415384607, 6198.146199999999], [27407.187415384607, 6228.90623076923], [27422.567430769224, 6244.286246153845], [27437.947446153838, 6259.66626153846], [27453.327461538454, 6275.046276923076], [27468.70747692307, 6290.426292307691], [27484.087492307684, 6305.806307692307], [27499.4675076923, 6321.186323076922], [27514.847523076915, 6336.566338461537], [27530.22753846153, 6351.946353846153], [27545.60755384615, 6367.326369230768], [27560.98756923076, 6382.706384615383], [27576.36758461538, 6398.086399999999], [27591.74759999999, 6413.466415384614], [27607.12761538461, 6428.84643076923], [27622.507630769225, 6444.226446153845], [27622.507630769225, 6474.986476923076], [27637.88764615384, 6490.366492307691], [27653.267661538455, 6505.746507692306], [27668.64767692307, 6521.126523076922], [27684.027692307685, 6536.506538461537], [27684.027692307685, 6567.266569230768], [27699.407707692302, 6582.646584615383], [27714.787723076915, 6598.026599999999], [27714.787723076915, 6628.78663076923], [27730.167738461532, 6644.166646153845], [27745.547753846145, 6659.54666153846], [27745.547753846145, 6690.306692307691], [27745.547753846145, 6721.066723076922], [27760.927769230762, 6736.446738461537], [27776.30778461538, 6751.826753846153], [27776.30778461538, 6782.586784615383], [27776.30778461538, 6813.346815384614], [27791.687799999992, 6828.726830769229], [27807.06781538461, 6844.106846153845], [27807.06781538461, 6874.866876923076], [27807.06781538461, 6905.626907692306], [27807.06781538461, 6936.386938461537], [27822.447830769222, 6951.766953846153], [27837.82784615384, 6967.146969230768], [27837.82784615384, 6997.906999999999], [27837.82784615384, 7028.667030769229], [27837.82784615384, 7059.42706153846], [27837.82784615384, 7090.187092307691], [27837.82784615384, 7120.947123076922], [27837.82784615384, 7151.707153846152], [27837.82784615384, 7182.467184615383], [27837.82784615384, 7213.227215384614], [27837.82784615384, 7243.987246153845], [27837.82784615384, 7274.747276923076], [27837.82784615384, 7305.507307692306], [27837.82784615384, 7336.267338461537], [27822.447830769222, 7351.647353846152], [27807.06781538461, 7367.027369230768], [27807.06781538461, 7397.787399999999], [27807.06781538461, 7428.547430769229], [27807.06781538461, 7459.30746153846], [27791.687799999992, 7474.687476923075], [27776.30778461538, 7490.067492307691], [27776.30778461538, 7520.827523076922], [27776.30778461538, 7551.587553846152], [27760.927769230762, 7566.967569230768], [27745.547753846145, 7582.347584615383], [27745.547753846145, 7613.107615384614], [27745.547753846145, 7643.867646153845], [27730.167738461532, 7659.24766153846], [27714.787723076915, 7674.627676923075], [27714.787723076915, 7705.387707692306], [27699.407707692302, 7720.767723076922], [27684.027692307685, 7736.147738461537], [27684.027692307685, 7766.907769230768], [27684.027692307685, 7797.667799999998], [27684.027692307685, 7828.427830769229], [27668.64767692307, 7843.807846153845], [27653.267661538455, 7859.18786153846], [27653.267661538455, 7889.947892307691], [27653.267661538455, 7920.707923076922], [27653.267661538455, 7951.467953846152], [27637.88764615384, 7966.847969230768], [27622.507630769225, 7982.227984615383], [27622.507630769225, 8012.988015384614], [27622.507630769225, 8043.748046153845], [27607.12761538461, 8059.12806153846], [27591.74759999999, 8074.508076923075], [27591.74759999999, 8105.268107692306], [27591.74759999999, 8136.028138461537], [27576.36758461538, 8151.408153846152], [27560.98756923076, 8166.788169230768], [27560.98756923076, 8197.5482], [27545.60755384615, 8212.928215384614], [27530.22753846153, 8228.30823076923], [27530.22753846153, 8259.06826153846], [27514.847523076915, 8274.448276923076], [27499.4675076923, 8289.828292307691], [27499.4675076923, 8320.588323076921], [27484.087492307684, 8335.968338461536], [27468.70747692307, 8351.348353846153], [27453.327461538454, 8366.728369230768], [27437.947446153838, 8382.108384615383], [27437.947446153838, 8412.868415384613], [27422.567430769224, 8428.24843076923], [27407.187415384607, 8443.628446153845], [27391.807399999994, 8459.00846153846], [27376.427384615377, 8474.388476923075], [27361.04736923076, 8489.76849230769], [27345.667353846147, 8505.148507692305], [27330.28733846153, 8520.528523076922], [27314.907323076917, 8535.908538461537], [27299.5273076923, 8551.288553846152], [27284.147292307687, 8566.668569230767], [27268.76727692307, 8582.048584615382], [27253.387261538453, 8597.4286], [27238.00724615384, 8612.808615384614], [27222.627230769223, 8628.18863076923], [27207.24721538461, 8643.568646153844], [27191.867199999993, 8658.94866153846], [27176.487184615376, 8674.328676923076], [27161.107169230763, 8689.708692307691], [27145.727153846146, 8705.088707692306], [27130.347138461533, 8720.468723076921], [27114.967123076916, 8735.848738461536], [27099.5871076923, 8751.228753846153], [27084.207092307686, 8766.608769230768], [27053.447061538456, 8766.608769230768], [27038.06704615384, 8781.988784615383], [27022.687030769222, 8797.368799999998], [27007.30701538461, 8812.748815384613], [26991.926999999992, 8828.128830769228], [26961.166969230762, 8828.128830769228], [26945.786953846145, 8843.508846153845], [26930.406938461532, 8858.88886153846], [26899.646907692302, 8858.88886153846], [26884.266892307685, 8874.268876923075], [26868.88687692307, 8889.64889230769], [26838.12684615384, 8889.64889230769], [26822.746830769225, 8905.028907692305], [26807.36681538461, 8920.408923076922], [26791.98679999999, 8935.788938461537], [26776.60678461538, 8951.168953846152], [26761.22676923076, 8966.548969230767], [26745.84675384615, 8981.928984615382], [26730.46673846153, 8997.309], [26715.086723076914, 9012.689015384614], [26699.7067076923, 9028.06903076923], [26684.326692307684, 9043.449046153844], [26668.94667692307, 9058.82906153846], [26653.566661538454, 9074.209076923076], [26638.18664615384, 9089.589092307691], [26622.806630769224, 9104.969107692306], [26607.426615384607, 9120.349123076921], [26592.046599999994, 9135.729138461536], [26576.666584615377, 9151.109153846151], [26561.286569230764, 9166.489169230768], [26545.906553846147, 9181.869184615383], [26530.52653846153, 9197.249199999998], [26515.146523076917, 9212.629215384613], [26499.7665076923, 9228.009230769228], [26484.386492307687, 9243.389246153845], [26469.00647692307, 9258.76926153846], [26453.626461538453, 9274.149276923075], [26438.24644615384, 9289.52929230769], [26422.866430769223, 9304.909307692305], [26407.48641538461, 9320.289323076922], [26376.726384615376, 9320.289323076922], [26361.346369230763, 9335.669338461537], [26345.966353846146, 9351.049353846152], [26330.586338461533, 9366.429369230767], [26315.206323076916, 9381.809384615382], [26284.446292307686, 9381.809384615382], [26269.06627692307, 9397.1894], [26269.06627692307, 9427.94943076923], [26284.446292307686, 9443.329446153844], [26299.8263076923, 9458.70946153846], [26299.8263076923, 9489.469492307691], [26299.8263076923, 9520.229523076921], [26315.206323076916, 9535.609538461536], [26330.586338461533, 9550.989553846151], [26330.586338461533, 9581.749584615383], [26330.586338461533, 9612.509615384613], [26330.586338461533, 9643.269646153845], [26345.966353846146, 9658.64966153846], [26361.346369230763, 9674.029676923075], [26361.346369230763, 9704.789707692305], [26361.346369230763, 9735.549738461537], [26361.346369230763, 9766.309769230767], [26361.346369230763, 9797.069799999997], [26361.346369230763, 9827.82983076923], [26361.346369230763, 9858.58986153846], [26361.346369230763, 9889.349892307691], [26376.726384615376, 9904.729907692306], [26407.48641538461, 9904.729907692306], [26438.24644615384, 9904.729907692306], [26469.00647692307, 9904.729907692306], [26499.7665076923, 9904.729907692306], [26530.52653846153, 9904.729907692306], [26561.286569230764, 9904.729907692306], [26576.666584615377, 9920.109923076921], [26592.046599999994, 9935.489938461536], [26622.806630769224, 9935.489938461536], [26653.566661538454, 9935.489938461536], [26684.326692307684, 9935.489938461536], [26715.086723076914, 9935.489938461536], [26745.84675384615, 9935.489938461536], [26761.22676923076, 9950.869953846151], [26776.60678461538, 9966.249969230768], [26807.36681538461, 9966.249969230768], [26838.12684615384, 9966.249969230768], [26868.88687692307, 9966.249969230768], [26884.266892307685, 9981.629984615383], [26899.646907692302, 9997.009999999998], [26930.406938461532, 9997.009999999998], [26961.166969230762, 9997.009999999998], [26976.54698461538, 9981.629984615383]]]}, "properties": {"objectType": "annotation", "name": "R1_2_T|deep", "classification": {"name": "deep", "color": [144, 133, 233]}, "lesion_id": 0, "section": "R1_2_T", "area_um2": 1209000.0000000016, "lesion_ids": [1, 4, 6, 7, 9, 10, 11, 14, 16, 17, 18]}}, {"type": "Feature", "geometry": {"type": "Polygon", "coordinates": [[[20809.16081538461, 10427.650430769228], [20793.780799999993, 10412.270415384613], [20793.780799999993, 10381.510384615383], [20793.780799999993, 10350.750353846151], [20793.780799999993, 10319.990323076921], [20793.780799999993, 10289.230292307691], [20793.780799999993, 10258.47026153846], [20793.780799999993, 10227.71023076923], [20793.780799999993, 10196.950199999997], [20793.780799999993, 10166.190169230767], [20793.780799999993, 10135.430138461537], [20778.40078461538, 10120.05012307692], [20763.020769230763, 10104.670107692305], [20763.020769230763, 10073.910076923075], [20763.020769230763, 10043.150046153845], [20763.020769230763, 10012.390015384613], [20747.64075384615, 9997.009999999998], [20732.260738461533, 9981.629984615383], [20732.260738461533, 9950.869953846151], [20716.880723076916, 9935.489938461536], [20701.500707692303, 9920.109923076921], [20686.120692307686, 9904.729907692306], [20670.740676923073, 9889.349892307691], [20655.360661538456, 9873.969876923074], [20639.98064615384, 9858.58986153846], [20639.98064615384, 9827.82983076923], [20624.600630769226, 9812.449815384614], [20609.22061538461, 9797.069799999997], [20593.840599999996, 9781.689784615382], [20578.46058461538, 9766.309769230767], [20563.080569230762, 9750.929753846152], [20547.70055384615, 9735.549738461537], [20532.320538461532, 9720.169723076922], [20501.560507692302, 9720.169723076922], [20486.180492307685, 9704.789707692305], [20470.800476923072, 9689.40969230769], [20455.420461538455, 9674.029676923075], [20440.040446153842, 9658.64966153846], [20424.660430769225, 9643.269646153845], [20409.28041538461, 9627.889630769228], [20378.520384615378, 9627.889630769228], [20363.140369230765, 9612.509615384613], [20347.760353846148, 9597.129599999998], [20317.000323076918, 9597.129599999998], [20301.6203076923, 9581.749584615383], [20286.240292307688, 9566.369569230768], [20270.86027692307, 9550.989553846151], [20255.480261538454, 9535.609538461536], [20240.10024615384, 9520.229523076921], [20224.720230769224, 9504.849507692306], [20193.960199999994, 9504.849507692306], [20178.58018461538, 9489.469492307691], [20163.200169230764, 9474.089476923074], [20132.440138461534, 9474.089476923074], [20117.060123076917, 9458.70946153846], [20101.680107692304, 9443.329446153844], [20070.92007692307, 9443.329446153844], [20040.16004615384, 9443.329446153844], [20024.780030769227, 9427.94943076923], [20009.40001538461, 9412.569415384614], [19978.63998461538, 9412.569415384614], [19947.87995384615, 9412.569415384614], [19917.119923076916, 9412.569415384614], [19901.739907692303, 9397.1894], [19886.359892307686, 9381.809384615382], [19855.599861538456, 9381.809384615382], [19824.839830769226, 9381.809384615382], [19794.079799999996, 9381.809384615382], [19763.319769230762, 9381.809384615382], [19732.559738461532, 9381.809384615382], [19701.799707692302, 9381.809384615382], [19671.039676923072, 9381.809384615382], [19640.279646153842, 9381.809384615382], [19609.51961538461, 9381.809384615382], [19578.759584615378, 9381.809384615382], [19547.999553846148, 9381.809384615382], [19517.239523076918, 9381.809384615382], [19486.479492307688, 9381.809384615382], [19455.719461538458, 9381.809384615382], [19424.959430769224, 9381.809384615382], [19394.199399999994, 9381.809384615382], [19363.439369230764, 9381.809384615382], [19348.059353846147, 9366.429369230767], [19332.679338461534, 9351.049353846152], [19317.299323076917, 9335.669338461537], [19301.919307692304, 9320.289323076922], [19286.539292307687, 9304.909307692305], [19271.15927692307, 9289.52929230769], [19240.39924615384, 9289.52929230769], [19225.019230769227, 9274.149276923075], [19209.63921538461, 9258.76926153846], [19178.87918461538, 9258.76926153846], [19148.11915384615, 9258.76926153846], [19117.359123076916, 9258.76926153846], [19101.979107692303, 9243.389246153845], [19086.599092307686, 9228.009230769228], [19055.839061538456, 9228.009230769228], [19025.079030769226, 9228.009230769228], [18994.318999999996, 9228.009230769228], [18963.558969230762, 9228.009230769228], [18932.798938461532, 9228.009230769228], [18902.038907692302, 9228.009230769228], [18871.278876923072, 9228.009230769228], [18840.518846153842, 9228.009230769228], [18809.75881538461, 9228.009230769228], [18794.378799999995, 9212.629215384613], [18778.998784615378, 9197.249199999998], [18748.238753846148, 9197.249199999998], [18732.858738461535, 9181.869184615383], [18717.478723076918, 9166.489169230768], [18686.718692307688, 9166.489169230768], [18671.33867692307, 9151.109153846151], [18655.958661538458, 9135.729138461536], [18625.198630769224, 9135.729138461536], [18594.438599999994, 9135.729138461536], [18563.678569230764, 9135.729138461536], [18548.298553846147, 9120.349123076921], [18532.918538461534, 9104.969107692306], [18502.158507692304, 9104.969107692306], [18471.39847692307, 9104.969107692306], [18440.63844615384, 9104.969107692306], [18409.87841538461, 9104.969107692306], [18379.11838461538, 9104.969107692306], [18348.35835384615, 9104.969107692306], [18317.598323076916, 9104.969107692306], [18286.838292307686, 9104.969107692306], [18256.078261538456, 9104.969107692306], [18225.318230769226, 9104.969107692306], [18194.558199999996, 9104.969107692306], [18163.798169230766, 9104.969107692306], [18148.41815384615, 9120.349123076921], [18133.038138461532, 9135.729138461536], [18102.278107692302, 9135.729138461536], [18071.518076923072, 9135.729138461536], [18040.758046153842, 9135.729138461536], [18025.378030769225, 9151.109153846151], [18009.99801538461, 9166.489169230768], [17979.237984615378, 9166.489169230768], [17963.857969230765, 9181.869184615383], [17948.477953846148, 9197.249199999998], [17917.717923076918, 9197.249199999998], [17902.3379076923, 9212.629215384613], [17886.957892307688, 9228.009230769228], [17871.57787692307, 9243.389246153845], [17856.197861538458, 9258.76926153846], [17825.437830769224, 9258.76926153846], [17810.05781538461, 9274.149276923075], [17794.677799999994, 9289.52929230769], [17763.917769230764, 9289.52929230769], [17748.537753846147, 9304.909307692305], [17733.157738461534, 9320.289323076922], [17702.397707692304, 9320.289323076922], [17687.017692307687, 9335.669338461537], [17671.63767692307, 9351.049353846152], [17656.257661538457, 9366.429369230767], [17640.87764615384, 9381.809384615382], [17625.497630769227, 9397.1894], [17610.11761538461, 9412.569415384614], [17579.35758461538, 9412.569415384614], [17563.977569230763, 9397.1894], [17548.59755384615, 9381.809384615382], [17533.217538461533, 9366.429369230767], [17533.217538461533, 9335.669338461537], [17517.83752307692, 9320.289323076922], [17502.457507692303, 9304.909307692305], [17487.077492307686, 9289.52929230769], [17471.697476923073, 9274.149276923075], [17456.317461538456, 9258.76926153846], [17440.937446153843, 9243.389246153845], [17440.937446153843, 9212.629215384613], [17425.557430769226, 9197.249199999998], [17410.17741538461, 9181.869184615383], [17410.17741538461, 9151.109153846151], [17394.797399999996, 9135.729138461536], [17379.41738461538, 9120.349123076921], [17379.41738461538, 9089.589092307691], [17364.037369230766, 9074.209076923076], [17348.65735384615, 9058.82906153846], [17348.65735384615, 9028.06903076923], [17333.277338461532, 9012.689015384614], [17317.89732307692, 8997.309], [17302.517307692302, 8981.928984615382], [17287.13729230769, 8966.548969230767], [17271.757276923072, 8951.168953846152], [17256.377261538455, 8935.788938461537], [17256.377261538455, 8905.028907692305], [17240.997246153842, 8889.64889230769], [17225.617230769225, 8874.268876923075], [17210.23721538461, 8858.88886153846], [17194.857199999995, 8843.508846153845], [17179.477184615378, 8828.128830769228], [17164.097169230765, 8812.748815384613], [17148.717153846148, 8797.368799999998], [17133.337138461535, 8781.988784615383], [17117.957123076918, 8766.608769230768], [17102.5771076923, 8751.228753846153], [17087.197092307688, 8735.848738461536], [17071.81707692307, 8720.468723076921], [17056.437061538458, 8705.088707692306], [17041.05704615384, 8689.708692307691], [17025.677030769224, 8674.328676923076], [17010.29701538461, 8658.94866153846], [16994.916999999994, 8643.568646153844], [16979.53698461538, 8628.18863076923], [16964.156969230764, 8612.808615384614], [16933.396938461534, 8612.808615384614], [16918.016923076917, 8597.4286], [16902.636907692304, 8582.048584615382], [16887.256892307687, 8566.668569230767], [16887.256892307687, 8535.908538461537], [16887.256892307687, 8505.148507692305], [16887.256892307687, 8474.388476923075], [16887.256892307687, 8443.628446153845], [16902.636907692304, 8428.24843076923], [16918.016923076917, 8412.868415384613], [16918.016923076917, 8382.108384615383], [16918.016923076917, 8351.348353846153], [16918.016923076917, 8320.588323076921], [16918.016923076917, 8289.828292307691], [16918.016923076917, 8259.06826153846], [16918.016923076917, 8228.30823076923], [16918.016923076917, 8197.5482], [16918.016923076917, 8166.788169230768], [16918.016923076917, 8136.028138461537], [16933.396938461534, 8120.648123076921], [16948.77695384615, 8105.268107692306], [16948.77695384615, 8074.508076923075], [16964.156969230764, 8059.12806153846], [16979.53698461538, 8043.748046153845], [16994.916999999994, 8028.368030769229], [17010.29701538461, 8012.988015384614], [17025.677030769224, 7997.607999999998], [17041.05704615384, 7982.227984615383], [17041.05704615384, 7951.467953846152], [17056.437061538458, 7936.087938461537], [17071.81707692307, 7920.707923076922], [17087.197092307688, 7905.327907692306], [17102.5771076923, 7889.947892307691], [17117.957123076918, 7874.567876923075], [17133.337138461535, 7859.18786153846], [17133.337138461535, 7828.427830769229], [17148.717153846148, 7813.047815384614], [17164.097169230765, 7797.667799999998], [17164.097169230765, 7766.907769230768], [17179.477184615378, 7751.527753846152], [17210.23721538461, 7751.527753846152], [17225.617230769225, 7736.147738461537], [17240.997246153842, 7720.767723076922], [17271.757276923072, 7720.767723076922], [17287.13729230769, 7705.387707692306], [17302.517307692302, 7690.007692307691], [17333.277338461532, 7690.007692307691], [17348.65735384615, 7674.627676923075], [17364.037369230766, 7659.24766153846], [17394.797399999996, 7659.24766153846], [17410.17741538461, 7643.867646153845], [17425.557430769226, 7628.487630769229], [17456.317461538456, 7628.487630769229], [17471.697476923073, 7613.107615384614], [17487.077492307686, 7597.727599999999], [17502.457507692303, 7582.347584615383], [17517.83752307692, 7566.967569230768], [17533.217538461533, 7551.587553846152], [17548.59755384615, 7536.207538461537], [17579.35758461538, 7536.207538461537], [17594.737599999997, 7520.827523076922], [17610.11761538461, 7505.447507692306], [17625.497630769227, 7490.067492307691], [17640.87764615384, 7474.687476923075], [17656.257661538457, 7459.30746153846], [17656.257661538457, 7428.547430769229], [17671.63767692307, 7413.167415384614], [17687.017692307687, 7397.787399999999], [17702.397707692304, 7382.407384615383], [17717.777723076917, 7367.027369230768], [17733.157738461534, 7351.647353846152], [17748.537753846147, 7336.267338461537], [17748.537753846147, 7305.507307692306], [17763.917769230764, 7290.127292307691], [17779.29778461538, 7274.747276923076], [17779.29778461538, 7243.987246153845], [17794.677799999994, 7228.607230769229], [17810.05781538461, 7213.227215384614], [17825.437830769224, 7197.847199999999], [17840.81784615384, 7182.467184615383], [17856.197861538458, 7167.087169230768], [17871.57787692307, 7151.707153846152], [17871.57787692307, 7120.947123076922], [17886.957892307688, 7105.567107692306], [17902.3379076923, 7090.187092307691], [17917.717923076918, 7074.807076923076], [17933.097938461535, 7059.42706153846], [17948.477953846148, 7044.047046153845], [17963.857969230765, 7028.667030769229], [17963.857969230765, 6997.906999999999], [17979.237984615378, 6982.526984615383], [17994.617999999995, 6967.146969230768], [17994.617999999995, 6936.386938461537], [18009.99801538461, 6921.006923076922], [18025.378030769225, 6905.626907692306], [18025.378030769225, 6874.866876923076], [18025.378030769225, 6844.106846153845], [18025.378030769225, 6813.346815384614], [18040.758046153842, 6797.966799999999], [18056.138061538455, 6782.586784615383], [18056.138061538455, 6751.826753846153], [18056.138061538455, 6721.066723076922], [18056.138061538455, 6690.306692307691], [18056.138061538455, 6659.54666153846], [18056.138061538455, 6628.78663076923], [18056.138061538455, 6598.026599999999], [18056.138061538455, 6567.266569230768], [18056.138061538455, 6536.506538461537], [18056.138061538455, 6505.746507692306], [18040.758046153842, 6490.366492307691], [18025.378030769225, 6474.986476923076], [18025.378030769225, 6444.226446153845], [18025.378030769225, 6413.466415384614], [18025.378030769225, 6382.706384615383], [18009.99801538461, 6367.326369230768], [17994.617999999995, 6351.946353846153], [17994.617999999995, 6321.186323076922], [17994.617999999995, 6290.426292307691], [17979.237984615378, 6275.046276923076], [17963.857969230765, 6259.66626153846], [17963.857969230765, 6228.90623076923], [17948.477953846148, 6213.526215384614], [17933.097938461535, 6198.146199999999], [17917.717923076918, 6182.766184615383], [17902.3379076923, 6167.386169230768], [17886.957892307688, 6152.006153846153], [17871.57787692307, 6136.626138461537], [17871.57787692307, 6105.866107692307], [17856.197861538458, 6090.486092307691], [17840.81784615384, 6075.106076923076], [17825.437830769224, 6059.72606153846], [17810.05781538461, 6044.346046153845], [17794.677799999994, 6028.96603076923], [17779.29778461538, 6013.586015384614], [17763.917769230764, 5998.205999999999], [17733.157738461534, 5998.205999999999], [17717.777723076917, 5982.825984615384], [17702.397707692304, 5967.445969230768], [17687.017692307687, 5952.065953846153], [17671.63767692307, 5936.685938461537], [17656.257661538457, 5921.305923076922], [17640.87764615384, 5905.925907692307], [17610.11761538461, 5905.925907692307], [17594.737599999997, 5890.545892307691], [17579.35758461538, 5875.165876923076], [17548.59755384615, 5875.165876923076], [17533.217538461533, 5859.78586153846], [17517.83752307692, 5844.405846153845], [17487.077492307686, 5844.405846153845], [17456.317461538456, 5844.405846153845], [17425.557430769226, 5844.405846153845], [17410.17741538461, 5829.02583076923], [17394.797399999996, 5813.645815384614], [17379.41738461538, 5829.02583076923], [17379.41738461538, 5859.78586153846], [17364.037369230766, 5875.165876923076], [17348.65735384615, 5890.545892307691], [17333.277338461532, 5905.925907692307], [17302.517307692302, 5905.925907692307], [17271.757276923072, 5905.925907692307], [17256.377261538455, 5890.545892307691], [17271.757276923072, 5875.165876923076], [17287.13729230769, 5859.78586153846], [17302.517307692302, 5844.405846153845], [17317.89732307692, 5829.02583076923], [17333.277338461532, 5813.645815384614], [17348.65735384615, 5798.265799999999], [17364.037369230766, 5782.885784615384], [17394.797399999996, 5782.885784615384], [17410.17741538461, 5767.505769230768], [17425.557430769226, 5752.125753846153], [17440.937446153843, 5736.745738461537], [17456.317461538456, 5721.365723076922], [17487.077492307686, 5721.365723076922], [17502.457507692303, 5705.985707692307], [17502.457507692303, 5675.225676923076], [17502.457507692303, 5644.465646153845], [17487.077492307686, 5629.08563076923], [17471.697476923073, 5613.705615384614], [17456.317461538456, 5598.325599999999], [17440.937446153843, 5582.945584615384], [17440.937446153843, 5552.185553846153], [17440.937446153843, 5521.425523076922], [17440.937446153843, 5490.665492307691], [17440.937446153843, 5459.905461538461], [17440.937446153843, 5429.14543076923], [17440.937446153843, 5398.385399999999], [17456.317461538456, 5383.005384615384], [17471.697476923073, 5367.625369230768], [17487.077492307686, 5352.245353846153], [17502.457507692303, 5336.865338461538], [17502.457507692303, 5306.105307692307], [17517.83752307692, 5290.725292307691], [17533.217538461533, 5275.345276923076], [17548.59755384615, 5259.965261538461], [17563.977569230763, 5244.585246153845], [17563.977569230763, 5213.825215384614], [17579.35758461538, 5198.445199999999], [17594.737599999997, 5183.065184615384], [17610.11761538461, 5167.685169230768], [17625.497630769227, 5152.305153846153], [17625.497630769227, 5121.545123076922], [17640.87764615384, 5106.165107692307], [17656.257661538457, 5090.785092307691], [17656.257661538457, 5060.025061538461], [17671.63767692307, 5044.645046153845], [17687.017692307687, 5029.26503076923], [17702.397707692304, 5013.885015384615], [17717.777723076917, 4998.504999999999], [17717.777723076917, 4967.744969230768], [17733.157738461534, 4952.364953846153], [17748.537753846147, 4967.744969230768], [17748.537753846147, 4998.504999999999], [17748.537753846147, 5029.26503076923], [17733.157738461534, 5044.645046153845], [17717.777723076917, 5060.025061538461], [17717.777723076917, 5090.785092307691], [17717.777723076917, 5121.545123076922], [17717.777723076917, 5152.305153846153], [17717.777723076917, 5183.065184615384], [17717.777723076917, 5213.825215384614], [17717.777723076917, 5244.585246153845], [17717.777723076917, 5275.345276923076], [17733.157738461534, 5290.725292307691], [17748.537753846147, 5306.105307692307], [17748.537753846147, 5336.865338461538], [17748.537753846147, 5367.625369230768], [17748.537753846147, 5398.385399999999], [17763.917769230764, 5413.765415384614], [17779.29778461538, 5429.14543076923], [17779.29778461538, 5459.905461538461], [17779.29778461538, 5490.665492307691], [17794.677799999994, 5506.045507692307], [17810.05781538461, 5521.425523076922], [17810.05781538461, 5552.185553846153], [17810.05781538461, 5582.945584615384], [17810.05781538461, 5613.705615384614], [17825.437830769224, 5629.08563076923], [17840.81784615384, 5644.465646153845], [17840.81784615384, 5675.225676923076], [17856.197861538458, 5690.605692307691], [17871.57787692307, 5705.985707692307], [17886.957892307688, 5721.365723076922], [17902.3379076923, 5736.745738461537], [17917.717923076918, 5752.125753846153], [17933.097938461535, 5767.505769230768], [17933.097938461535, 5798.265799999999], [17933.097938461535, 5829.02583076923], [17948.477953846148, 5844.405846153845], [17963.857969230765, 5859.78586153846], [17963.857969230765, 5890.545892307691], [17979.237984615378, 5905.925907692307], [17994.617999999995, 5921.305923076922], [18009.99801538461, 5936.685938461537], [18025.378030769225, 5952.065953846153], [18040.758046153842, 5967.445969230768], [18056.138061538455, 5982.825984615384], [18056.138061538455, 6013.586015384614], [18071.518076923072, 6028.96603076923], [18086.89809230769, 6044.346046153845], [18102.278107692302, 6059.72606153846], [18117.65812307692, 6075.106076923076], [18133.038138461532, 6090.486092307691], [18163.798169230766, 6090.486092307691], [18179.17818461538, 6105.866107692307], [18194.558199999996, 6121.246123076922], [18209.93821538461, 6136.626138461537], [18225.318230769226, 6152.006153846153], [18240.698246153843, 6167.386169230768], [18256.078261538456, 6182.766184615383], [18286.838292307686, 6182.766184615383], [18302.218307692303, 6198.146199999999], [18317.598323076916, 6213.526215384614], [18348.35835384615, 6213.526215384614], [18379.11838461538, 6213.526215384614], [18409.87841538461, 6213.526215384614], [18425.258430769227, 6228.90623076923], [18440.63844615384, 6244.286246153845], [18471.39847692307, 6244.286246153845], [18502.158507692304, 6244.286246153845], [18532.918538461534, 6244.286246153845], [18563.678569230764, 6244.286246153845], [18594.438599999994, 6244.286246153845], [18625.198630769224, 6244.286246153845], [18640.57864615384, 6228.90623076923], [18655.958661538458, 6213.526215384614], [18686.718692307688, 6213.526215384614], [18717.478723076918, 6213.526215384614], [18748.238753846148, 6213.526215384614], [18763.618769230765, 6198.146199999999], [18778.998784615378, 6182.766184615383], [18809.75881538461, 6182.766184615383], [18825.138830769225, 6167.386169230768], [18840.518846153842, 6152.006153846153], [18855.898861538455, 6136.626138461537], [18871.278876923072, 6121.246123076922], [18886.65889230769, 6105.866107692307], [18902.038907692302, 6090.486092307691], [18932.798938461532, 6090.486092307691], [18948.17895384615, 6075.106076923076], [18963.558969230762, 6059.72606153846], [18978.93898461538, 6044.346046153845], [18994.318999999996, 6028.96603076923], [19009.69901538461, 6013.586015384614], [19009.69901538461, 5982.825984615384], [19025.079030769226, 5967.445969230768], [19040.45904615384, 5952.065953846153], [19055.839061538456, 5936.685938461537], [19071.219076923073, 5921.305923076922], [19086.599092307686, 5905.925907692307], [19101.979107692303, 5890.545892307691], [19101.979107692303, 5859.78586153846], [19117.359123076916, 5844.405846153845], [19132.739138461533, 5829.02583076923], [19132.739138461533, 5798.265799999999], [19132.739138461533, 5767.505769230768], [19132.739138461533, 5736.745738461537], [19148.11915384615, 5721.365723076922], [19163.499169230763, 5705.985707692307], [19163.499169230763, 5675.225676923076], [19178.87918461538, 5659.845661538461], [19194.259199999993, 5644.465646153845], [19209.63921538461, 5629.08563076923], [19225.019230769227, 5613.705615384614], [19240.39924615384, 5598.325599999999], [19271.15927692307, 5598.325599999999], [19286.539292307687, 5582.945584615384], [19301.919307692304, 5567.565569230768], [19332.679338461534, 5567.565569230768], [19363.439369230764, 5567.565569230768], [19394.199399999994, 5567.565569230768], [19409.57941538461, 5552.185553846153], [19424.959430769224, 5536.805538461537], [19455.719461538458, 5536.805538461537], [19471.09947692307, 5521.425523076922], [19486.479492307688, 5506.045507692307], [19501.8595076923, 5490.665492307691], [19517.239523076918, 5475.285476923076], [19547.999553846148, 5475.285476923076], [19563.379569230765, 5459.905461538461], [19578.759584615378, 5444.525446153845], [19594.139599999995, 5429.14543076923], [19609.51961538461, 5413.765415384614], [19624.899630769225, 5398.385399999999], [19640.279646153842, 5383.005384615384], [19671.039676923072, 5383.005384615384], [19686.419692307685, 5367.625369230768], [19701.799707692302, 5352.245353846153], [19717.17972307692, 5336.865338461538], [19732.559738461532, 5321.485323076922], [19747.93975384615, 5306.105307692307], [19747.93975384615, 5275.345276923076], [19763.319769230762, 5259.965261538461], [19778.69978461538, 5244.585246153845], [19794.079799999996, 5229.20523076923], [19809.45981538461, 5213.825215384614], [19824.839830769226, 5198.445199999999], [19840.21984615384, 5183.065184615384], [19840.21984615384, 5152.305153846153], [19855.599861538456, 5136.925138461538], [19870.979876923073, 5121.545123076922], [19870.979876923073, 5090.785092307691], [19870.979876923073, 5060.025061538461], [19886.359892307686, 5044.645046153845], [19901.739907692303, 5029.26503076923], [19901.739907692303, 4998.504999999999], [19901.739907692303, 4967.744969230768], [19901.739907692303, 4936.984938461538], [19917.119923076916, 4921.604923076922], [19932.499938461533, 4906.224907692307], [19932.499938461533, 4875.464876923076], [19932.499938461533, 4844.704846153845], [19932.499938461533, 4813.944815384615], [19932.499938461533, 4783.184784615384], [19932.499938461533, 4752.424753846153], [19947.87995384615, 4737.044738461538], [19978.63998461538, 4737.044738461538], [20009.40001538461, 4737.044738461538], [20040.16004615384, 4737.044738461538], [20070.92007692307, 4737.044738461538], [20101.680107692304, 4737.044738461538], [20132.440138461534, 4737.044738461538], [20163.200169230764, 4737.044738461538], [20193.960199999994, 4737.044738461538], [20224.720230769224, 4737.044738461538], [20240.10024615384, 4721.664723076922], [20255.480261538454, 4706.284707692307], [20286.240292307688, 4706.284707692307], [20317.000323076918, 4706.284707692307], [20347.760353846148, 4706.284707692307], [20363.140369230765, 4690.904692307692], [20378.520384615378, 4675.524676923076], [20409.28041538461, 4675.524676923076], [20440.040446153842, 4675.524676923076], [20470.800476923072, 4675.524676923076], [20501.560507692302, 4675.524676923076], [20516.94052307692, 4660.144661538461], [20532.320538461532, 4644.764646153845], [20563.080569230762, 4644.764646153845], [20578.46058461538, 4660.144661538461], [20593.840599999996, 4675.524676923076], [20609.22061538461, 4690.904692307692], [20624.600630769226, 4706.284707692307], [20639.98064615384, 4721.664723076922], [20655.360661538456, 4737.044738461538], [20670.740676923073, 4752.424753846153], [20686.120692307686, 4767.804769230768], [20716.880723076916, 4767.804769230768], [20732.260738461533, 4783.184784615384], [20747.64075384615, 4798.564799999999], [20763.020769230763, 4813.944815384615], [20778.40078461538, 4829.32483076923], [20793.780799999993, 4844.704846153845], [20809.16081538461, 4860.084861538461], [20839.92084615384, 4860.084861538461], [20855.300861538457, 4875.464876923076], [20870.68087692307, 4890.844892307691], [20901.4409076923, 4890.844892307691], [20916.820923076917, 4906.224907692307], [20932.200938461534, 4921.604923076922], [20962.960969230764, 4921.604923076922], [20993.720999999994, 4921.604923076922], [21024.481030769224, 4921.604923076922], [21039.86104615384, 4936.984938461538], [21055.241061538454, 4952.364953846153], [21086.001092307688, 4952.364953846153], [21116.761123076918, 4952.364953846153], [21147.521153846148, 4952.364953846153], [21178.281184615378, 4952.364953846153], [21209.04121538461, 4952.364953846153], [21239.801246153842, 4952.364953846153], [21255.181261538455, 4967.744969230768], [21270.561276923072, 4983.124984615384], [21285.941292307685, 4998.504999999999], [21301.321307692302, 5013.885015384615], [21316.70132307692, 5029.26503076923], [21332.081338461532, 5044.645046153845], [21347.46135384615, 5060.025061538461], [21362.841369230762, 5075.405076923076], [21378.22138461538, 5090.785092307691], [21393.601399999996, 5106.165107692307], [21424.361430769226, 5106.165107692307], [21439.74144615384, 5121.545123076922], [21455.121461538456, 5136.925138461538], [21470.501476923073, 5152.305153846153], [21485.881492307686, 5167.685169230768], [21501.261507692303, 5183.065184615384], [21516.641523076916, 5198.445199999999], [21547.401553846146, 5198.445199999999], [21562.781569230763, 5213.825215384614], [21578.16158461538, 5229.20523076923], [21608.92161538461, 5229.20523076923], [21624.301630769223, 5244.585246153845], [21639.68164615384, 5259.965261538461], [21670.44167692307, 5259.965261538461], [21701.2017076923, 5259.965261538461], [21731.961738461534, 5259.965261538461], [21747.341753846147, 5275.345276923076], [21762.721769230764, 5290.725292307691], [21793.481799999994, 5290.725292307691], [21824.241830769224, 5290.725292307691], [21839.62184615384, 5306.105307692307], [21855.001861538454, 5321.485323076922], [21870.38187692307, 5336.865338461538], [21885.761892307688, 5352.245353846153], [21901.1419076923, 5367.625369230768], [21916.521923076918, 5383.005384615384], [21931.90193846153, 5398.385399999999], [21931.90193846153, 5429.14543076923], [21947.281953846148, 5444.525446153845], [21962.661969230765, 5459.905461538461], [21978.041984615378, 5475.285476923076], [21993.421999999995, 5490.665492307691], [21993.421999999995, 5521.425523076922], [21993.421999999995, 5552.185553846153], [21993.421999999995, 5582.945584615384], [21978.041984615378, 5598.325599999999], [21962.661969230765, 5613.705615384614], [21962.661969230765, 5644.465646153845], [21962.661969230765, 5675.225676923076], [21962.661969230765, 5705.985707692307], [21962.661969230765, 5736.745738461537], [21962.661969230765, 5767.505769230768], [21962.661969230765, 5798.265799999999], [21962.661969230765, 5829.02583076923], [21962.661969230765, 5859.78586153846], [21962.661969230765, 5890.545892307691], [21962.661969230765, 5921.305923076922], [21962.661969230765, 5952.065953846153], [21962.661969230765, 5982.825984615384], [21978.041984615378, 5998.205999999999], [21993.421999999995, 6013.586015384614], [21993.421999999995, 6044.346046153845], [21993.421999999995, 6075.106076923076], [21993.421999999995, 6105.866107692307], [22008.80201538461, 6121.246123076922], [22024.182030769225, 6136.626138461537], [22024.182030769225, 6167.386169230768], [22039.562046153842, 6182.766184615383], [22054.942061538455, 6198.146199999999], [22070.322076923072, 6213.526215384614], [22085.702092307685, 6228.90623076923], [22101.082107692302, 6244.286246153845], [22116.46212307692, 6259.66626153846], [22116.46212307692, 6290.426292307691], [22131.842138461532, 6305.806307692307], [22147.22215384615, 6321.186323076922], [22162.602169230762, 6336.566338461537], [22177.98218461538, 6351.946353846153], [22193.362199999992, 6367.326369230768], [22208.74221538461, 6382.706384615383], [22224.122230769226, 6398.086399999999], [22239.50224615384, 6413.466415384614], [22254.882261538456, 6428.84643076923], [22270.26227692307, 6444.226446153845], [22285.642292307686, 6459.60646153846], [22316.402323076916, 6459.60646153846], [22331.782338461533, 6474.986476923076], [22347.162353846146, 6490.366492307691], [22362.542369230763, 6505.746507692306], [22377.92238461538, 6521.126523076922], [22393.302399999993, 6536.506538461537], [22408.68241538461, 6551.886553846153], [22439.44244615384, 6551.886553846153], [22454.822461538457, 6567.266569230768], [22470.20247692307, 6582.646584615383], [22500.9625076923, 6582.646584615383], [22531.722538461534, 6582.646584615383], [22547.102553846147, 6598.026599999999], [22562.482569230764, 6613.406615384614], [22593.242599999994, 6613.406615384614], [22624.002630769224, 6613.406615384614], [22654.762661538454, 6613.406615384614], [22670.14267692307, 6628.78663076923], [22685.522692307688, 6644.166646153845], [22700.9027076923, 6659.54666153846], [22700.9027076923, 6690.306692307691], [22716.282723076918, 6705.686707692306], [22731.66273846153, 6721.066723076922], [22731.66273846153, 6751.826753846153], [22731.66273846153, 6782.586784615383], [22747.042753846148, 6797.966799999999], [22762.422769230765, 6813.346815384614], [22762.422769230765, 6844.106846153845], [22777.80278461538, 6859.48686153846], [22793.182799999995, 6874.866876923076], [22808.56281538461, 6890.246892307691], [22823.942830769225, 6905.626907692306], [22839.32284615384, 6921.006923076922], [22854.702861538455, 6936.386938461537], [22854.702861538455, 6967.146969230768], [22870.082876923072, 6982.526984615383], [22885.462892307685, 6997.906999999999], [22900.842907692302, 7013.287015384614], [22916.222923076915, 7028.667030769229], [22931.602938461532, 7044.047046153845], [22946.98295384615, 7059.42706153846], [22962.362969230762, 7074.807076923076], [22993.122999999992, 7074.807076923076], [23008.50301538461, 7090.187092307691], [23023.883030769226, 7105.567107692306], [23039.26304615384, 7120.947123076922], [23054.643061538456, 7136.327138461537], [23070.02307692307, 7151.707153846152], [23085.403092307686, 7167.087169230768], [23116.163123076916, 7167.087169230768], [23131.543138461533, 7182.467184615383], [23146.923153846146, 7197.847199999999], [23177.68318461538, 7197.847199999999], [23208.44321538461, 7197.847199999999], [23239.20324615384, 7197.847199999999], [23254.583261538457, 7213.227215384614], [23269.96327692307, 7228.607230769229], [23300.7233076923, 7228.607230769229], [23331.483338461534, 7228.607230769229], [23362.243369230764, 7228.607230769229], [23393.003399999994, 7228.607230769229], [23423.763430769224, 7228.607230769229], [23454.523461538454, 7228.607230769229], [23485.283492307684, 7228.607230769229], [23516.043523076918, 7228.607230769229], [23531.42353846153, 7213.227215384614], [23546.803553846148, 7197.847199999999], [23577.56358461538, 7197.847199999999], [23608.32361538461, 7197.847199999999], [23639.08364615384, 7197.847199999999], [23654.463661538455, 7182.467184615383], [23669.843676923072, 7167.087169230768], [23700.603707692302, 7167.087169230768], [23715.983723076915, 7151.707153846152], [23731.363738461532, 7136.327138461537], [23746.74375384615, 7120.947123076922], [23762.123769230762, 7105.567107692306], [23777.50378461538, 7090.187092307691], [23792.883799999992, 7074.807076923076], [23823.643830769226, 7074.807076923076], [23839.02384615384, 7090.187092307691], [23839.02384615384, 7120.947123076922], [23823.643830769226, 7136.327138461537], [23808.26381538461, 7151.707153846152], [23808.26381538461, 7182.467184615383], [23792.883799999992, 7197.847199999999], [23777.50378461538, 7213.227215384614], [23777.50378461538, 7243.987246153845], [23762.123769230762, 7259.36726153846], [23746.74375384615, 7274.747276923076], [23746.74375384615, 7305.507307692306], [23746.74375384615, 7336.267338461537], [23731.363738461532, 7351.647353846152], [23715.983723076915, 7367.027369230768], [23715.983723076915, 7397.787399999999], [23715.983723076915, 7428.547430769229], [23715.983723076915, 7459.30746153846], [23731.363738461532, 7474.687476923075], [23746.74375384615, 7490.067492307691], [23746.74375384615, 7520.827523076922], [23731.363738461532, 7536.207538461537], [23715.983723076915, 7551.587553846152], [23715.983723076915, 7582.347584615383], [23715.983723076915, 7613.107615384614], [23715.983723076915, 7643.867646153845], [23715.983723076915, 7674.627676923075], [23715.983723076915, 7705.387707692306], [23715.983723076915, 7736.147738461537], [23700.603707692302, 7751.527753846152], [23669.843676923072, 7751.527753846152], [23654.463661538455, 7766.907769230768], [23639.08364615384, 7782.287784615383], [23608.32361538461, 7782.287784615383], [23577.56358461538, 7782.287784615383], [23546.803553846148, 7782.287784615383], [23516.043523076918, 7782.287784615383], [23485.283492307684, 7782.287784615383], [23454.523461538454, 7782.287784615383], [23423.763430769224, 7782.287784615383], [23393.003399999994, 7782.287784615383], [23362.243369230764, 7782.287784615383], [23331.483338461534, 7782.287784615383], [23300.7233076923, 7782.287784615383], [23269.96327692307, 7782.287784615383], [23239.20324615384, 7782.287784615383], [23208.44321538461, 7782.287784615383], [23177.68318461538, 7782.287784615383], [23146.923153846146, 7782.287784615383], [23131.543138461533, 7766.907769230768], [23116.163123076916, 7751.527753846152], [23085.403092307686, 7751.527753846152], [23054.643061538456, 7751.527753846152], [23023.883030769226, 7751.527753846152], [23008.50301538461, 7736.147738461537], [22993.122999999992, 7720.767723076922], [22962.362969230762, 7720.767723076922], [22931.602938461532, 7720.767723076922], [22916.222923076915, 7705.387707692306], [22900.842907692302, 7690.007692307691], [22870.082876923072, 7690.007692307691], [22854.702861538455, 7674.627676923075], [22839.32284615384, 7659.24766153846], [22808.56281538461, 7659.24766153846], [22793.182799999995, 7643.867646153845], [22777.80278461538, 7628.487630769229], [22762.422769230765, 7613.107615384614], [22747.042753846148, 7597.727599999999], [22716.282723076918, 7597.727599999999], [22700.9027076923, 7582.347584615383], [22685.522692307688, 7566.967569230768], [22670.14267692307, 7551.587553846152], [22654.762661538454, 7536.207538461537], [22639.38264615384, 7520.827523076922], [22624.002630769224, 7505.447507692306], [22593.242599999994, 7505.447507692306], [22577.862584615377, 7490.067492307691], [22562.482569230764, 7474.687476923075], [22547.102553846147, 7459.30746153846], [22531.722538461534, 7443.927446153845], [22516.342523076917, 7428.547430769229], [22500.9625076923, 7413.167415384614], [22485.582492307687, 7397.787399999999], [22470.20247692307, 7382.407384615383], [22454.822461538457, 7367.027369230768], [22439.44244615384, 7351.647353846152], [22424.062430769223, 7336.267338461537], [22424.062430769223, 7305.507307692306], [22408.68241538461, 7290.127292307691], [22393.302399999993, 7274.747276923076], [22377.92238461538, 7259.36726153846], [22362.542369230763, 7243.987246153845], [22347.162353846146, 7228.607230769229], [22331.782338461533, 7213.227215384614], [22331.782338461533, 7182.467184615383], [22316.402323076916, 7167.087169230768], [22301.022307692303, 7151.707153846152], [22285.642292307686, 7136.327138461537], [22270.26227692307, 7120.947123076922], [22254.882261538456, 7105.567107692306], [22239.50224615384, 7090.187092307691], [22224.122230769226, 7074.807076923076], [22193.362199999992, 7074.807076923076], [22177.98218461538, 7059.42706153846], [22162.602169230762, 7044.047046153845], [22131.842138461532, 7044.047046153845], [22116.46212307692, 7028.667030769229], [22101.082107692302, 7013.287015384614], [22085.702092307685, 6997.906999999999], [22070.322076923072, 6982.526984615383], [22039.562046153842, 6982.526984615383], [22024.182030769225, 6967.146969230768], [22008.80201538461, 6951.766953846153], [21993.421999999995, 6936.386938461537], [21978.041984615378, 6921.006923076922], [21962.661969230765, 6905.626907692306], [21947.281953846148, 6890.246892307691], [21916.521923076918, 6890.246892307691], [21901.1419076923, 6874.866876923076], [21885.761892307688, 6859.48686153846], [21870.38187692307, 6844.106846153845], [21855.001861538454, 6828.726830769229], [21839.62184615384, 6813.346815384614], [21824.241830769224, 6797.966799999999], [21808.86181538461, 6782.586784615383], [21793.481799999994, 6767.206769230768], [21778.101784615377, 6751.826753846153], [21762.721769230764, 6736.446738461537], [21747.341753846147, 6721.066723076922], [21731.961738461534, 6705.686707692306], [21716.581723076917, 6690.306692307691], [21701.2017076923, 6674.926676923076], [21685.821692307687, 6659.54666153846], [21685.821692307687, 6628.78663076923], [21670.44167692307, 6613.406615384614], [21655.061661538457, 6598.026599999999], [21639.68164615384, 6582.646584615383], [21624.301630769223, 6567.266569230768], [21608.92161538461, 6551.886553846153], [21593.541599999993, 6536.506538461537], [21593.541599999993, 6505.746507692306], [21578.16158461538, 6490.366492307691], [21562.781569230763, 6474.986476923076], [21547.401553846146, 6459.60646153846], [21532.021538461533, 6444.226446153845], [21532.021538461533, 6413.466415384614], [21516.641523076916, 6398.086399999999], [21501.261507692303, 6382.706384615383], [21501.261507692303, 6351.946353846153], [21485.881492307686, 6336.566338461537], [21470.501476923073, 6321.186323076922], [21470.501476923073, 6290.426292307691], [21470.501476923073, 6259.66626153846], [21455.121461538456, 6244.286246153845], [21439.74144615384, 6228.90623076923], [21439.74144615384, 6198.146199999999], [21439.74144615384, 6167.386169230768], [21439.74144615384, 6136.626138461537], [21424.361430769226, 6121.246123076922], [21408.98141538461, 6105.866107692307], [21408.98141538461, 6075.106076923076], [21408.98141538461, 6044.346046153845], [21408.98141538461, 6013.586015384614], [21408.98141538461, 5982.825984615384], [21408.98141538461, 5952.065953846153], [21408.98141538461, 5921.305923076922], [21408.98141538461, 5890.545892307691], [21408.98141538461, 5859.78586153846], [21408.98141538461, 5829.02583076923], [21408.98141538461, 5798.265799999999], [21408.98141538461, 5767.505769230768], [21393.601399999996, 5752.125753846153], [21362.841369230762, 5752.125753846153], [21347.46135384615, 5736.745738461537], [21332.081338461532, 5721.365723076922], [21301.321307692302, 5721.365723076922], [21285.941292307685, 5705.985707692307], [21270.561276923072, 5690.605692307691], [21239.801246153842, 5690.605692307691], [21224.421230769225, 5675.225676923076], [21209.04121538461, 5659.845661538461], [21193.661199999995, 5644.465646153845], [21178.281184615378, 5629.08563076923], [21147.521153846148, 5629.08563076923], [21132.14113846153, 5613.705615384614], [21116.761123076918, 5598.325599999999], [21101.3811076923, 5582.945584615384], [21086.001092307688, 5567.565569230768], [21070.62107692307, 5552.185553846153], [21055.241061538454, 5536.805538461537], [21024.481030769224, 5536.805538461537], [21009.10101538461, 5521.425523076922], [20993.720999999994, 5506.045507692307], [20962.960969230764, 5506.045507692307], [20932.200938461534, 5506.045507692307], [20916.820923076917, 5490.665492307691], [20901.4409076923, 5475.285476923076], [20870.68087692307, 5475.285476923076], [20839.92084615384, 5475.285476923076], [20809.16081538461, 5475.285476923076], [20793.780799999993, 5459.905461538461], [20778.40078461538, 5444.525446153845], [20747.64075384615, 5444.525446153845], [20716.880723076916, 5444.525446153845], [20701.500707692303, 5429.14543076923], [20686.120692307686, 5413.765415384614], [20655.360661538456, 5413.765415384614], [20639.98064615384, 5398.385399999999], [20624.600630769226, 5383.005384615384], [20593.840599999996, 5383.005384615384], [20578.46058461538, 5367.625369230768], [20563.080569230762, 5352.245353846153], [20532.320538461532, 5352.245353846153], [20516.94052307692, 5336.865338461538], [20501.560507692302, 5321.485323076922], [20486.180492307685, 5306.105307692307], [20470.800476923072, 5290.725292307691], [20440.040446153842, 5290.725292307691], [20424.660430769225, 5275.345276923076], [20409.28041538461, 5259.965261538461], [20393.900399999995, 5275.345276923076], [20393.900399999995, 5306.105307692307], [20393.900399999995, 5336.865338461538], [20378.520384615378, 5352.245353846153], [20363.140369230765, 5367.625369230768], [20363.140369230765, 5398.385399999999], [20347.760353846148, 5413.765415384614], [20332.38033846153, 5429.14543076923], [20332.38033846153, 5459.905461538461], [20317.000323076918, 5475.285476923076], [20301.6203076923, 5490.665492307691], [20286.240292307688, 5506.045507692307], [20270.86027692307, 5521.425523076922], [20270.86027692307, 5552.185553846153], [20255.480261538454, 5567.565569230768], [20240.10024615384, 5582.945584615384], [20224.720230769224, 5598.325599999999], [20209.34021538461, 5613.705615384614], [20193.960199999994, 5629.08563076923], [20178.58018461538, 5644.465646153845], [20178.58018461538, 5675.225676923076], [20163.200169230764, 5690.605692307691], [20147.820153846147, 5705.985707692307], [20132.440138461534, 5721.365723076922], [20117.060123076917, 5736.745738461537], [20101.680107692304, 5752.125753846153], [20086.300092307687, 5767.505769230768], [20070.92007692307, 5782.885784615384], [20055.540061538457, 5798.265799999999], [20040.16004615384, 5813.645815384614], [20009.40001538461, 5813.645815384614], [19994.019999999993, 5829.02583076923], [19978.63998461538, 5844.405846153845], [19963.259969230763, 5859.78586153846], [19947.87995384615, 5875.165876923076], [19932.499938461533, 5890.545892307691], [19917.119923076916, 5905.925907692307], [19886.359892307686, 5905.925907692307], [19870.979876923073, 5921.305923076922], [19855.599861538456, 5936.685938461537], [19840.21984615384, 5952.065953846153], [19824.839830769226, 5967.445969230768], [19794.079799999996, 5967.445969230768], [19778.69978461538, 5982.825984615384], [19763.319769230762, 5998.205999999999], [19747.93975384615, 6013.586015384614], [19732.559738461532, 6028.96603076923], [19701.799707692302, 6028.96603076923], [19686.419692307685, 6044.346046153845], [19671.039676923072, 6059.72606153846], [19640.279646153842, 6059.72606153846], [19624.899630769225, 6075.106076923076], [19624.899630769225, 6105.866107692307], [19609.51961538461, 6121.246123076922], [19594.139599999995, 6136.626138461537], [19594.139599999995, 6167.386169230768], [19578.759584615378, 6182.766184615383], [19563.379569230765, 6198.146199999999], [19547.999553846148, 6213.526215384614], [19532.619538461535, 6228.90623076923], [19532.619538461535, 6259.66626153846], [19517.239523076918, 6275.046276923076], [19501.8595076923, 6290.426292307691], [19486.479492307688, 6305.806307692307], [19471.09947692307, 6321.186323076922], [19455.719461538458, 6336.566338461537], [19440.33944615384, 6351.946353846153], [19440.33944615384, 6382.706384615383], [19424.959430769224, 6398.086399999999], [19409.57941538461, 6413.466415384614], [19394.199399999994, 6428.84643076923], [19378.81938461538, 6444.226446153845], [19363.439369230764, 6459.60646153846], [19348.059353846147, 6474.986476923076], [19332.679338461534, 6490.366492307691], [19317.299323076917, 6505.746507692306], [19301.919307692304, 6521.126523076922], [19271.15927692307, 6521.126523076922], [19255.779261538457, 6536.506538461537], [19240.39924615384, 6551.886553846153], [19225.019230769227, 6567.266569230768], [19209.63921538461, 6582.646584615383], [19194.259199999993, 6598.026599999999], [19178.87918461538, 6613.406615384614], [19148.11915384615, 6613.406615384614], [19132.739138461533, 6628.78663076923], [19117.359123076916, 6644.166646153845], [19101.979107692303, 6659.54666153846], [19086.599092307686, 6674.926676923076], [19055.839061538456, 6674.926676923076], [19040.45904615384, 6690.306692307691], [19025.079030769226, 6705.686707692306], [18994.318999999996, 6705.686707692306], [18978.93898461538, 6721.066723076922], [18963.558969230762, 6736.446738461537], [18932.798938461532, 6736.446738461537], [18902.038907692302, 6736.446738461537], [18886.65889230769, 6751.826753846153], [18871.278876923072, 6767.206769230768], [18840.518846153842, 6767.206769230768], [18809.75881538461, 6767.206769230768], [18778.998784615378, 6767.206769230768], [18763.618769230765, 6782.586784615383], [18748.238753846148, 6797.966799999999], [18717.478723076918, 6797.966799999999], [18686.718692307688, 6797.966799999999], [18655.958661538458, 6797.966799999999], [18625.198630769224, 6797.966799999999], [18609.81861538461, 6813.346815384614], [18609.81861538461, 6844.106846153845], [18609.81861538461, 6874.866876923076], [18609.81861538461, 6905.626907692306], [18594.438599999994, 6921.006923076922], [18579.05858461538, 6936.386938461537], [18579.05858461538, 6967.146969230768], [18579.05858461538, 6997.906999999999], [18579.05858461538, 7028.667030769229], [18563.678569230764, 7044.047046153845], [18548.298553846147, 7059.42706153846], [18548.298553846147, 7090.187092307691], [18548.298553846147, 7120.947123076922], [18532.918538461534, 7136.327138461537], [18517.538523076917, 7151.707153846152], [18517.538523076917, 7182.467184615383], [18502.158507692304, 7197.847199999999], [18486.778492307687, 7213.227215384614], [18486.778492307687, 7243.987246153845], [18471.39847692307, 7259.36726153846], [18456.018461538457, 7274.747276923076], [18456.018461538457, 7305.507307692306], [18440.63844615384, 7320.887323076922], [18425.258430769227, 7336.267338461537], [18409.87841538461, 7351.647353846152], [18394.498399999993, 7367.027369230768], [18394.498399999993, 7397.787399999999], [18379.11838461538, 7413.167415384614], [18363.738369230763, 7428.547430769229], [18348.35835384615, 7443.927446153845], [18332.978338461533, 7459.30746153846], [18317.598323076916, 7474.687476923075], [18302.218307692303, 7490.067492307691], [18302.218307692303, 7520.827523076922], [18286.838292307686, 7536.207538461537], [18271.458276923073, 7551.587553846152], [18256.078261538456, 7566.967569230768], [18240.698246153843, 7582.347584615383], [18240.698246153843, 7613.107615384614], [18225.318230769226, 7628.487630769229], [18209.93821538461, 7643.867646153845], [18194.558199999996, 7659.24766153846], [18179.17818461538, 7674.627676923075], [18179.17818461538, 7705.387707692306], [18163.798169230766, 7720.767723076922], [18148.41815384615, 7736.147738461537], [18133.038138461532, 7751.527753846152], [18117.65812307692, 7766.907769230768], [18102.278107692302, 7782.287784615383], [18086.89809230769, 7797.667799999998], [18086.89809230769, 7828.427830769229], [18071.518076923072, 7843.807846153845], [18056.138061538455, 7859.18786153846], [18040.758046153842, 7874.567876923075], [18025.378030769225, 7889.947892307691], [18009.99801538461, 7905.327907692306], [17994.617999999995, 7920.707923076922], [17979.237984615378, 7936.087938461537], [17963.857969230765, 7951.467953846152], [17948.477953846148, 7966.847969230768], [17917.717923076918, 7966.847969230768], [17902.3379076923, 7982.227984615383], [17886.957892307688, 7997.607999999998], [17871.57787692307, 8012.988015384614], [17856.197861538458, 8028.368030769229], [17840.81784615384, 8043.748046153845], [17825.437830769224, 8059.12806153846], [17794.677799999994, 8059.12806153846], [17779.29778461538, 8074.508076923075], [17763.917769230764, 8089.888092307691], [17748.537753846147, 8105.268107692306], [17733.157738461534, 8120.648123076921], [17702.397707692304, 8120.648123076921], [17687.017692307687, 8136.028138461537], [17671.63767692307, 8151.408153846152], [17640.87764615384, 8151.408153846152], [17625.497630769227, 8166.788169230768], [17610.11761538461, 8182.168184615382], [17579.35758461538, 8182.168184615382], [17563.977569230763, 8197.5482], [17563.977569230763, 8228.30823076923], [17548.59755384615, 8243.688246153844], [17533.217538461533, 8259.06826153846], [17517.83752307692, 8274.448276923076], [17502.457507692303, 8289.828292307691], [17487.077492307686, 8305.208307692306], [17471.697476923073, 8320.588323076921], [17487.077492307686, 8335.968338461536], [17502.457507692303, 8351.348353846153], [17517.83752307692, 8366.728369230768], [17533.217538461533, 8382.108384615383], [17548.59755384615, 8397.488399999998], [17563.977569230763, 8412.868415384613], [17579.35758461538, 8428.24843076923], [17594.737599999997, 8443.628446153845], [17610.11761538461, 8459.00846153846], [17625.497630769227, 8474.388476923075], [17640.87764615384, 8489.76849230769], [17656.257661538457, 8505.148507692305], [17671.63767692307, 8520.528523076922], [17687.017692307687, 8535.908538461537], [17687.017692307687, 8566.668569230767], [17702.397707692304, 8582.048584615382], [17717.777723076917, 8597.4286], [17733.157738461534, 8612.808615384614], [17748.537753846147, 8628.18863076923], [17763.917769230764, 8643.568646153844], [17794.677799999994, 8643.568646153844], [17810.05781538461, 8628.18863076923], [17825.437830769224, 8612.808615384614], [17856.197861538458, 8612.808615384614], [17886.957892307688, 8612.808615384614], [17902.3379076923, 8597.4286], [17917.717923076918, 8582.048584615382], [17948.477953846148, 8582.048584615382], [17979.237984615378, 8582.048584615382], [18009.99801538461, 8582.048584615382], [18025.378030769225, 8566.668569230767], [18040.758046153842, 8551.288553846152], [18071.518076923072, 8551.288553846152], [18102.278107692302, 8551.288553846152], [18133.038138461532, 8551.288553846152], [18163.798169230766, 8551.288553846152], [18194.558199999996, 8551.288553846152], [18225.318230769226, 8551.288553846152], [18256.078261538456, 8551.288553846152], [18286.838292307686, 8551.288553846152], [18317.598323076916, 8551.288553846152], [18348.35835384615, 8551.288553846152], [18379.11838461538, 8551.288553846152], [18409.87841538461, 8551.288553846152], [18440.63844615384, 8551.288553846152], [18471.39847692307, 8551.288553846152], [18502.158507692304, 8551.288553846152], [18532.918538461534, 8551.288553846152], [18563.678569230764, 8551.288553846152], [18594.438599999994, 8551.288553846152], [18625.198630769224, 8551.288553846152], [18655.958661538458, 8551.288553846152], [18671.33867692307, 8566.668569230767], [18686.718692307688, 8582.048584615382], [18717.478723076918, 8582.048584615382], [18748.238753846148, 8582.048584615382], [18778.998784615378, 8582.048584615382], [18794.378799999995, 8597.4286], [18809.75881538461, 8612.808615384614], [18840.518846153842, 8612.808615384614], [18871.278876923072, 8612.808615384614], [18886.65889230769, 8628.18863076923], [18902.038907692302, 8643.568646153844], [18932.798938461532, 8643.568646153844], [18948.17895384615, 8658.94866153846], [18963.558969230762, 8674.328676923076], [18994.318999999996, 8674.328676923076], [19025.079030769226, 8674.328676923076], [19055.839061538456, 8674.328676923076], [19086.599092307686, 8674.328676923076], [19117.359123076916, 8674.328676923076], [19148.11915384615, 8674.328676923076], [19178.87918461538, 8674.328676923076], [19209.63921538461, 8674.328676923076], [19225.019230769227, 8689.708692307691], [19240.39924615384, 8705.088707692306], [19271.15927692307, 8705.088707692306], [19301.919307692304, 8705.088707692306], [19332.679338461534, 8705.088707692306], [19348.059353846147, 8720.468723076921], [19363.439369230764, 8735.848738461536], [19394.199399999994, 8735.848738461536], [19424.959430769224, 8735.848738461536], [19440.33944615384, 8751.228753846153], [19455.719461538458, 8766.608769230768], [19486.479492307688, 8766.608769230768], [19501.8595076923, 8781.988784615383], [19517.239523076918, 8797.368799999998], [19547.999553846148, 8797.368799999998], [19563.379569230765, 8812.748815384613], [19578.759584615378, 8828.128830769228], [19609.51961538461, 8828.128830769228], [19640.279646153842, 8828.128830769228], [19671.039676923072, 8828.128830769228], [19701.799707692302, 8828.128830769228], [19732.559738461532, 8828.128830769228], [19763.319769230762, 8828.128830769228], [19794.079799999996, 8828.128830769228], [19824.839830769226, 8828.128830769228], [19855.599861538456, 8828.128830769228], [19886.359892307686, 8828.128830769228], [19917.119923076916, 8828.128830769228], [19947.87995384615, 8828.128830769228], [19978.63998461538, 8828.128830769228], [20009.40001538461, 8828.128830769228], [20024.780030769227, 8843.508846153845], [20040.16004615384, 8858.88886153846], [20070.92007692307, 8858.88886153846], [20101.680107692304, 8858.88886153846], [20132.440138461534, 8858.88886153846], [20147.820153846147, 8874.268876923075], [20163.200169230764, 8889.64889230769], [20193.960199999994, 8889.64889230769], [20224.720230769224, 8889.64889230769], [20240.10024615384, 8905.028907692305], [20255.480261538454, 8920.408923076922], [20286.240292307688, 8920.408923076922], [20317.000323076918, 8920.408923076922], [20332.38033846153, 8935.788938461537], [20347.760353846148, 8951.168953846152], [20378.520384615378, 8951.168953846152], [20393.900399999995, 8966.548969230767], [20409.28041538461, 8981.928984615382], [20440.040446153842, 8981.928984615382], [20455.420461538455, 8997.309], [20470.800476923072, 9012.689015384614], [20501.560507692302, 9012.689015384614], [20516.94052307692, 9028.06903076923], [20532.320538461532, 9043.449046153844], [20547.70055384615, 9058.82906153846], [20563.080569230762, 9074.209076923076], [20593.840599999996, 9074.209076923076], [20609.22061538461, 9089.589092307691], [20624.600630769226, 9104.969107692306], [20639.98064615384, 9120.349123076921], [20655.360661538456, 9135.729138461536], [20686.120692307686, 9135.729138461536], [20701.500707692303, 9151.109153846151], [20716.880723076916, 9166.489169230768], [20732.260738461533, 9181.869184615383], [20747.64075384615, 9197.249199999998], [20778.40078461538, 9197.249199999998], [20793.780799999993, 9212.629215384613], [20809.16081538461, 9228.009230769228], [20824.540830769227, 9243.389246153845], [20839.92084615384, 9258.76926153846], [20855.300861538457, 9274.149276923075], [20870.68087692307, 9289.52929230769], [20901.4409076923, 9289.52929230769], [20916.820923076917, 9304.909307692305], [20932.200938461534, 9320.289323076922], [20947.580953846147, 9335.669338461537], [20962.960969230764, 9351.049353846152], [20978.340984615377, 9366.429369230767], [20993.720999999994, 9381.809384615382], [21009.10101538461, 9397.1894], [21024.481030769224, 9412.569415384614], [21039.86104615384, 9427.94943076923], [21055.241061538454, 9443.329446153844], [21070.62107692307, 9458.70946153846], [21070.62107692307, 9489.469492307691], [21086.001092307688, 9504.849507692306], [21101.3811076923, 9520.229523076921], [21116.761123076918, 9535.609538461536], [21132.14113846153, 9550.989553846151], [21147.521153846148, 9566.369569230768], [21162.901169230765, 9581.749584615383], [21162.901169230765, 9612.509615384613], [21178.281184615378, 9627.889630769228], [21193.661199999995, 9643.269646153845], [21209.04121538461, 9658.64966153846], [21224.421230769225, 9674.029676923075], [21224.421230769225, 9704.789707692305], [21239.801246153842, 9720.169723076922], [21255.181261538455, 9735.549738461537], [21255.181261538455, 9766.309769230767], [21270.561276923072, 9781.689784615382], [21285.941292307685, 9797.069799999997], [21285.941292307685, 9827.82983076923], [21285.941292307685, 9858.58986153846], [21301.321307692302, 9873.969876923074], [21316.70132307692, 9889.349892307691], [21316.70132307692, 9920.109923076921], [21316.70132307692, 9950.869953846151], [21316.70132307692, 9981.629984615383], [21332.081338461532, 9997.009999999998], [21347.46135384615, 10012.390015384613], [21347.46135384615, 10043.150046153845], [21347.46135384615, 10073.910076923075], [21347.46135384615, 10104.670107692305], [21332.081338461532, 10120.05012307692], [21316.70132307692, 10135.430138461537], [21301.321307692302, 10150.810153846152], [21270.561276923072, 10150.810153846152], [21255.181261538455, 10166.190169230767], [21239.801246153842, 10181.570184615382], [21209.04121538461, 10181.570184615382], [21193.661199999995, 10196.950199999997], [21178.281184615378, 10212.330215384614], [21147.521153846148, 10212.330215384614], [21116.761123076918, 10212.330215384614], [21101.3811076923, 10227.71023076923], [21086.001092307688, 10243.090246153844], [21055.241061538454, 10243.090246153844], [21039.86104615384, 10258.47026153846], [21024.481030769224, 10273.850276923074], [20993.720999999994, 10273.850276923074], [20978.340984615377, 10289.230292307691], [20962.960969230764, 10304.610307692306], [20947.580953846147, 10319.990323076921], [20932.200938461534, 10335.370338461536], [20916.820923076917, 10350.750353846151], [20901.4409076923, 10366.130369230768], [20886.060892307687, 10381.510384615383], [20870.68087692307, 10396.890399999998], [20839.92084615384, 10396.890399999998], [20824.540830769227, 10412.270415384613], [20809.16081538461, 10427.650430769228]]]}, "properties": {"objectType": "annotation", "name": "P3_1_C|deep", "classification": {"name": "deep", "color": [144, 133, 233]}, "lesion_id": 0, "section": "P3_1_C", "area_um2": 919950.0000000001, "lesion_ids": [2, 3, 5, 8, 15]}}, {"type": "Feature", "geometry": {"type": "Polygon", "coordinates": [[[16256.676261538458, 6582.646584615383], [16225.916230769228, 6582.646584615383], [16210.536215384613, 6567.266569230768], [16225.916230769228, 6551.886553846153], [16241.296246153843, 6536.506538461537], [16256.676261538458, 6521.126523076922], [16272.056276923075, 6505.746507692306], [16287.43629230769, 6490.366492307691], [16302.816307692305, 6474.986476923076], [16318.19632307692, 6459.60646153846], [16348.956353846152, 6459.60646153846], [16364.336369230767, 6474.986476923076], [16348.956353846152, 6490.366492307691], [16333.576338461535, 6505.746507692306], [16318.19632307692, 6521.126523076922], [16302.816307692305, 6536.506538461537], [16287.43629230769, 6551.886553846153], [16272.056276923075, 6567.266569230768], [16256.676261538458, 6582.646584615383]]]}, "properties": {"objectType": "annotation", "name": "deep_8", "classification": {"name": "deep", "color": [144, 133, 233]}, "lesion_id": 8, "section": null, "area_um2": 750.0000000000017, "lesion_ids": [8]}}, {"type": "Feature", "geometry": {"type": "Polygon", "coordinates": [[[15241.595246153844, 9228.009230769228], [15210.835215384614, 9228.009230769228], [15195.455199999997, 9212.629215384613], [15195.455199999997, 9181.869184615383], [15195.455199999997, 9151.109153846151], [15195.455199999997, 9120.349123076921], [15195.455199999997, 9089.589092307691], [15195.455199999997, 9058.82906153846], [15195.455199999997, 9028.06903076923], [15195.455199999997, 8997.309], [15195.455199999997, 8966.548969230767], [15195.455199999997, 8935.788938461537], [15210.835215384614, 8920.408923076922], [15226.215230769229, 8905.028907692305], [15226.215230769229, 8874.268876923075], [15226.215230769229, 8843.508846153845], [15226.215230769229, 8812.748815384613], [15241.595246153844, 8797.368799999998], [15256.975261538459, 8781.988784615383], [15256.975261538459, 8751.228753846153], [15256.975261538459, 8720.468723076921], [15272.355276923074, 8705.088707692306], [15287.735292307689, 8689.708692307691], [15287.735292307689, 8658.94866153846], [15303.115307692306, 8643.568646153844], [15318.49532307692, 8628.18863076923], [15318.49532307692, 8597.4286], [15318.49532307692, 8566.668569230767], [15318.49532307692, 8535.908538461537], [15303.115307692306, 8520.528523076922], [15287.735292307689, 8505.148507692305], [15287.735292307689, 8474.388476923075], [15287.735292307689, 8443.628446153845], [15287.735292307689, 8412.868415384613], [15272.355276923074, 8397.488399999998], [15256.975261538459, 8382.108384615383], [15256.975261538459, 8351.348353846153], [15256.975261538459, 8320.588323076921], [15256.975261538459, 8289.828292307691], [15256.975261538459, 8259.06826153846], [15256.975261538459, 8228.30823076923], [15256.975261538459, 8197.5482], [15256.975261538459, 8166.788169230768], [15256.975261538459, 8136.028138461537], [15256.975261538459, 8105.268107692306], [15256.975261538459, 8074.508076923075], [15256.975261538459, 8043.748046153845], [15272.355276923074, 8028.368030769229], [15287.735292307689, 8012.988015384614], [15272.355276923074, 7997.607999999998], [15256.975261538459, 7982.227984615383], [15256.975261538459, 7951.467953846152], [15256.975261538459, 7920.707923076922], [15256.975261538459, 7889.947892307691], [15256.975261538459, 7859.18786153846], [15256.975261538459, 7828.427830769229], [15256.975261538459, 7797.667799999998], [15256.975261538459, 7766.907769230768], [15256.975261538459, 7736.147738461537], [15256.975261538459, 7705.387707692306], [15256.975261538459, 7674.627676923075], [15256.975261538459, 7643.867646153845], [15256.975261538459, 7613.107615384614], [15256.975261538459, 7582.347584615383], [15256.975261538459, 7551.587553846152], [15256.975261538459, 7520.827523076922], [15256.975261538459, 7490.067492307691], [15272.355276923074, 7474.687476923075], [15287.735292307689, 7459.30746153846], [15287.735292307689, 7428.547430769229], [15287.735292307689, 7397.787399999999], [15287.735292307689, 7367.027369230768], [15303.115307692306, 7351.647353846152], [15318.49532307692, 7336.267338461537], [15318.49532307692, 7305.507307692306], [15318.49532307692, 7274.747276923076], [15333.875338461536, 7259.36726153846], [15349.25535384615, 7243.987246153845], [15349.25535384615, 7213.227215384614], [15364.635369230766, 7197.847199999999], [15380.015384615383, 7182.467184615383], [15395.395399999998, 7167.087169230768], [15410.775415384613, 7151.707153846152], [15410.775415384613, 7120.947123076922], [15426.155430769228, 7105.567107692306], [15441.535446153843, 7090.187092307691], [15456.91546153846, 7074.807076923076], [15472.295476923075, 7059.42706153846], [15472.295476923075, 7028.667030769229], [15487.67549230769, 7013.287015384614], [15503.055507692305, 6997.906999999999], [15518.43552307692, 6982.526984615383], [15533.815538461537, 6967.146969230768], [15533.815538461537, 6936.386938461537], [15549.195553846152, 6921.006923076922], [15564.575569230767, 6936.386938461537], [15579.955584615382, 6951.766953846153], [15595.335599999997, 6967.146969230768], [15595.335599999997, 6997.906999999999], [15610.715615384612, 7013.287015384614], [15626.095630769229, 7028.667030769229], [15626.095630769229, 7059.42706153846], [15641.475646153844, 7074.807076923076], [15656.855661538459, 7090.187092307691], [15656.855661538459, 7120.947123076922], [15656.855661538459, 7151.707153846152], [15656.855661538459, 7182.467184615383], [15672.235676923074, 7197.847199999999], [15687.615692307689, 7213.227215384614], [15687.615692307689, 7243.987246153845], [15702.995707692306, 7259.36726153846], [15718.37572307692, 7243.987246153845], [15718.37572307692, 7213.227215384614], [15733.755738461536, 7197.847199999999], [15749.13575384615, 7182.467184615383], [15749.13575384615, 7151.707153846152], [15749.13575384615, 7120.947123076922], [15764.515769230766, 7105.567107692306], [15779.895784615383, 7090.187092307691], [15779.895784615383, 7059.42706153846], [15795.275799999998, 7044.047046153845], [15810.655815384613, 7028.667030769229], [15810.655815384613, 6997.906999999999], [15826.035830769228, 6982.526984615383], [15841.415846153843, 6967.146969230768], [15841.415846153843, 6936.386938461537], [15856.79586153846, 6921.006923076922], [15872.175876923075, 6905.626907692306], [15872.175876923075, 6874.866876923076], [15887.55589230769, 6859.48686153846], [15902.935907692305, 6844.106846153845], [15918.31592307692, 6828.726830769229], [15933.695938461535, 6813.346815384614], [15949.075953846152, 6797.966799999999], [15964.455969230767, 6782.586784615383], [15979.835984615382, 6767.206769230768], [15995.215999999997, 6751.826753846153], [16010.596015384612, 6736.446738461537], [16025.976030769229, 6721.066723076922], [16041.356046153844, 6705.686707692306], [16056.736061538459, 6721.066723076922], [16056.736061538459, 6751.826753846153], [16056.736061538459, 6782.586784615383], [16041.356046153844, 6797.966799999999], [16025.976030769229, 6813.346815384614], [16025.976030769229, 6844.106846153845], [16025.976030769229, 6874.866876923076], [16025.976030769229, 6905.626907692306], [16010.596015384612, 6921.006923076922], [15995.215999999997, 6936.386938461537], [15979.835984615382, 6951.766953846153], [15964.455969230767, 6967.146969230768], [15949.075953846152, 6982.526984615383], [15933.695938461535, 6997.906999999999], [15918.31592307692, 7013.287015384614], [15887.55589230769, 7013.287015384614], [15872.175876923075, 7028.667030769229], [15872.175876923075, 7059.42706153846], [15872.175876923075, 7090.187092307691], [15856.79586153846, 7105.567107692306], [15841.415846153843, 7120.947123076922], [15841.415846153843, 7151.707153846152], [15841.415846153843, 7182.467184615383], [15841.415846153843, 7213.227215384614], [15826.035830769228, 7228.607230769229], [15810.655815384613, 7243.987246153845], [15810.655815384613, 7274.747276923076], [15795.275799999998, 7290.127292307691], [15779.895784615383, 7305.507307692306], [15764.515769230766, 7320.887323076922], [15749.13575384615, 7336.267338461537], [15749.13575384615, 7367.027369230768], [15733.755738461536, 7382.407384615383], [15718.37572307692, 7397.787399999999], [15718.37572307692, 7428.547430769229], [15702.995707692306, 7443.927446153845], [15687.615692307689, 7459.30746153846], [15687.615692307689, 7490.067492307691], [15687.615692307689, 7520.827523076922], [15687.615692307689, 7551.587553846152], [15687.615692307689, 7582.347584615383], [15672.235676923074, 7597.727599999999], [15656.855661538459, 7613.107615384614], [15656.855661538459, 7643.867646153845], [15656.855661538459, 7674.627676923075], [15656.855661538459, 7705.387707692306], [15656.855661538459, 7736.147738461537], [15656.855661538459, 7766.907769230768], [15641.475646153844, 7782.287784615383], [15626.095630769229, 7797.667799999998], [15610.715615384612, 7813.047815384614], [15595.335599999997, 7828.427830769229], [15595.335599999997, 7859.18786153846], [15595.335599999997, 7889.947892307691], [15595.335599999997, 7920.707923076922], [15595.335599999997, 7951.467953846152], [15595.335599999997, 7982.227984615383], [15610.715615384612, 7997.607999999998], [15626.095630769229, 8012.988015384614], [15626.095630769229, 8043.748046153845], [15641.475646153844, 8059.12806153846], [15656.855661538459, 8074.508076923075], [15656.855661538459, 8105.268107692306], [15656.855661538459, 8136.028138461537], [15656.855661538459, 8166.788169230768], [15656.855661538459, 8197.5482], [15656.855661538459, 8228.30823076923], [15656.855661538459, 8259.06826153846], [15672.235676923074, 8274.448276923076], [15687.615692307689, 8289.828292307691], [15672.235676923074, 8305.208307692306], [15656.855661538459, 8320.588323076921], [15656.855661538459, 8351.348353846153], [15656.855661538459, 8382.108384615383], [15656.855661538459, 8412.868415384613], [15656.855661538459, 8443.628446153845], [15656.855661538459, 8474.388476923075], [15656.855661538459, 8505.148507692305], [15641.475646153844, 8520.528523076922], [15626.095630769229, 8535.908538461537], [15626.095630769229, 8566.668569230767], [15610.715615384612, 8582.048584615382], [15595.335599999997, 8597.4286], [15579.955584615382, 8612.808615384614], [15564.575569230767, 8628.18863076923], [15564.575569230767, 8658.94866153846], [15549.195553846152, 8674.328676923076], [15533.815538461537, 8689.708692307691], [15533.815538461537, 8720.468723076921], [15533.815538461537, 8751.228753846153], [15518.43552307692, 8766.608769230768], [15503.055507692305, 8781.988784615383], [15503.055507692305, 8812.748815384613], [15503.055507692305, 8843.508846153845], [15487.67549230769, 8858.88886153846], [15472.295476923075, 8874.268876923075], [15472.295476923075, 8905.028907692305], [15472.295476923075, 8935.788938461537], [15472.295476923075, 8966.548969230767], [15456.91546153846, 8981.928984615382], [15441.535446153843, 8997.309], [15441.535446153843, 9028.06903076923], [15426.155430769228, 9043.449046153844], [15410.775415384613, 9058.82906153846], [15410.775415384613, 9089.589092307691], [15395.395399999998, 9104.969107692306], [15380.015384615383, 9120.349123076921], [15364.635369230766, 9135.729138461536], [15349.25535384615, 9151.109153846151], [15333.875338461536, 9166.489169230768], [15318.49532307692, 9181.869184615383], [15303.115307692306, 9197.249199999998], [15272.355276923074, 9197.249199999998], [15256.975261538459, 9212.629215384613], [15241.595246153844, 9228.009230769228]]]}, "properties": {"objectType": "annotation", "name": "P3_1_L|deep_8", "classification": {"name": "deep", "color": [144, 133, 233]}, "lesion_id": 8, "section": "P3_1_L", "area_um2": 83650.00000000003, "lesion_ids": [8]}}, {"type": "Feature", "geometry": {"type": "Polygon", "coordinates": [[[23946.683953846146, 6890.246892307691], [23931.303938461533, 6874.866876923076], [23931.303938461533, 6844.106846153845], [23931.303938461533, 6813.346815384614], [23931.303938461533, 6782.586784615383], [23931.303938461533, 6751.826753846153], [23946.683953846146, 6736.446738461537], [23962.063969230763, 6751.826753846153], [23962.063969230763, 6782.586784615383], [23962.063969230763, 6813.346815384614], [23962.063969230763, 6844.106846153845], [23962.063969230763, 6874.866876923076], [23946.683953846146, 6890.246892307691]]]}, "properties": {"objectType": "annotation", "name": "deep_2", "classification": {"name": "deep", "color": [144, 133, 233]}, "lesion_id": 2, "section": null, "area_um2": 449.9999999999901, "lesion_ids": [2]}}, {"type": "Feature", "geometry": {"type": "Polygon", "coordinates": [[[15702.995707692306, 8766.608769230768], [15687.615692307689, 8751.228753846153], [15687.615692307689, 8720.468723076921], [15687.615692307689, 8689.708692307691], [15687.615692307689, 8658.94866153846], [15687.615692307689, 8628.18863076923], [15687.615692307689, 8597.4286], [15687.615692307689, 8566.668569230767], [15702.995707692306, 8551.288553846152], [15718.37572307692, 8535.908538461537], [15718.37572307692, 8505.148507692305], [15733.755738461536, 8489.76849230769], [15749.13575384615, 8505.148507692305], [15749.13575384615, 8535.908538461537], [15764.515769230766, 8551.288553846152], [15779.895784615383, 8566.668569230767], [15779.895784615383, 8597.4286], [15779.895784615383, 8628.18863076923], [15779.895784615383, 8658.94866153846], [15779.895784615383, 8689.708692307691], [15764.515769230766, 8705.088707692306], [15749.13575384615, 8720.468723076921], [15733.755738461536, 8735.848738461536], [15718.37572307692, 8751.228753846153], [15702.995707692306, 8766.608769230768]]]}, "properties": {"objectType": "annotation", "name": "deep", "classification": {"name": "deep", "color": [144, 133, 233]}, "lesion_id": 0, "section": null, "area_um2": 1950.000000000026, "lesion_ids": []}}, {"type": "Feature", "geometry": {"type": "Polygon", "coordinates": [[[24654.164661538456, 9166.489169230768], [24638.78464615384, 9151.109153846151], [24638.78464615384, 9120.349123076921], [24638.78464615384, 9089.589092307691], [24638.78464615384, 9058.82906153846], [24623.404630769226, 9043.449046153844], [24608.02461538461, 9028.06903076923], [24608.02461538461, 8997.309], [24608.02461538461, 8966.548969230767], [24608.02461538461, 8935.788938461537], [24608.02461538461, 8905.028907692305], [24608.02461538461, 8874.268876923075], [24623.404630769226, 8858.88886153846], [24638.78464615384, 8874.268876923075], [24654.164661538456, 8889.64889230769], [24669.54467692307, 8905.028907692305], [24684.924692307686, 8920.408923076922], [24700.304707692303, 8935.788938461537], [24715.684723076916, 8951.168953846152], [24731.064738461533, 8966.548969230767], [24731.064738461533, 8997.309], [24731.064738461533, 9028.06903076923], [24715.684723076916, 9043.449046153844], [24700.304707692303, 9058.82906153846], [24700.304707692303, 9089.589092307691], [24700.304707692303, 9120.349123076921], [24684.924692307686, 9135.729138461536], [24669.54467692307, 9151.109153846151], [24654.164661538456, 9166.489169230768]]]}, "properties": {"objectType": "annotation", "name": "deep", "classification": {"name": "deep", "color": [144, 133, 233]}, "lesion_id": 0, "section": null, "area_um2": 2450.0000000000186, "lesion_ids": []}}, {"type": "Feature", "geometry": {"type": "Polygon", "coordinates": [[[17148.717153846148, 10304.610307692306], [17133.337138461535, 10289.230292307691], [17117.957123076918, 10273.850276923074], [17102.5771076923, 10258.47026153846], [17117.957123076918, 10243.090246153844], [17148.717153846148, 10243.090246153844], [17164.097169230765, 10258.47026153846], [17164.097169230765, 10289.230292307691], [17148.717153846148, 10304.610307692306]]]}, "properties": {"objectType": "annotation", "name": "P3_1_C|deep", "classification": {"name": "deep", "color": [144, 133, 233]}, "lesion_id": 0, "section": "P3_1_C", "area_um2": 250.000000000005, "lesion_ids": []}}, {"type": "Feature", "geometry": {"type": "Polygon", "coordinates": [[[18409.87841538461, 10919.81092307692], [18379.11838461538, 10919.81092307692], [18348.35835384615, 10919.81092307692], [18317.598323076916, 10919.81092307692], [18302.218307692303, 10904.430907692305], [18286.838292307686, 10889.05089230769], [18256.078261538456, 10889.05089230769], [18240.698246153843, 10873.670876923075], [18256.078261538456, 10858.29086153846], [18286.838292307686, 10858.29086153846], [18317.598323076916, 10858.29086153846], [18348.35835384615, 10858.29086153846], [18379.11838461538, 10858.29086153846], [18394.498399999993, 10873.670876923075], [18409.87841538461, 10889.05089230769], [18425.258430769227, 10904.430907692305], [18409.87841538461, 10919.81092307692]]]}, "properties": {"objectType": "annotation", "name": "deep_15", "classification": {"name": "deep", "color": [144, 133, 233]}, "lesion_id": 15, "section": null, "area_um2": 849.9999999999795, "lesion_ids": [15]}}, {"type": "Feature", "geometry": {"type": "Polygon", "coordinates": [[[29637.28964615384, 12427.052430769229], [29606.529615384607, 12427.052430769229], [29575.769584615377, 12427.052430769229], [29545.009553846146, 12427.052430769229], [29514.249523076916, 12427.052430769229], [29483.489492307686, 12427.052430769229], [29452.729461538453, 12427.052430769229], [29421.969430769223, 12427.052430769229], [29391.209399999992, 12427.052430769229], [29360.449369230762, 12427.052430769229], [29329.689338461532, 12427.052430769229], [29314.309323076915, 12411.672415384613], [29298.9293076923, 12396.292399999998], [29268.16927692307, 12396.292399999998], [29237.40924615384, 12396.292399999998], [29222.029230769225, 12380.912384615382], [29206.64921538461, 12365.532369230767], [29191.26919999999, 12350.152353846152], [29175.88918461538, 12334.772338461536], [29160.50916923076, 12319.392323076921], [29145.12915384615, 12304.012307692306], [29129.74913846153, 12288.63229230769], [29114.369123076915, 12273.252276923075], [29083.609092307684, 12273.252276923075], [29052.849061538454, 12273.252276923075], [29037.469046153838, 12257.87226153846], [29022.089030769224, 12242.492246153844], [28991.328999999994, 12242.492246153844], [28960.56896923076, 12242.492246153844], [28929.80893846153, 12242.492246153844], [28914.428923076917, 12227.11223076923], [28899.0489076923, 12211.732215384613], [28868.28887692307, 12211.732215384613], [28852.908861538453, 12196.352199999998], [28837.52884615384, 12180.972184615383], [28822.148830769223, 12165.592169230767], [28806.768815384607, 12150.212153846152], [28776.008784615376, 12150.212153846152], [28760.628769230763, 12134.832138461536], [28745.248753846146, 12119.45212307692], [28729.86873846153, 12104.072107692306], [28714.488723076916, 12088.69209230769], [28699.1087076923, 12073.312076923075], [28714.488723076916, 12057.932061538459], [28745.248753846146, 12057.932061538459], [28776.008784615376, 12057.932061538459], [28791.388799999993, 12042.552046153844], [28806.768815384607, 12027.172030769229], [28837.52884615384, 12027.172030769229], [28868.28887692307, 12027.172030769229], [28899.0489076923, 12027.172030769229], [28929.80893846153, 12027.172030769229], [28960.56896923076, 12027.172030769229], [28991.328999999994, 12027.172030769229], [29022.089030769224, 12027.172030769229], [29052.849061538454, 12027.172030769229], [29068.22907692307, 12011.792015384613], [29083.609092307684, 11996.411999999998], [29114.369123076915, 11996.411999999998], [29145.12915384615, 11996.411999999998], [29160.50916923076, 11981.031984615383], [29175.88918461538, 11965.651969230767], [29206.64921538461, 11965.651969230767], [29237.40924615384, 11965.651969230767], [29252.789261538455, 11950.271953846152], [29268.16927692307, 11934.891938461536], [29298.9293076923, 11934.891938461536], [29314.309323076915, 11919.511923076921], [29329.689338461532, 11904.131907692306], [29345.069353846146, 11888.75189230769], [29360.449369230762, 11873.371876923075], [29375.829384615376, 11857.99186153846], [29391.209399999992, 11842.611846153844], [29421.969430769223, 11842.611846153844], [29437.34944615384, 11827.23183076923], [29452.729461538453, 11811.851815384613], [29468.10947692307, 11796.471799999998], [29483.489492307686, 11781.091784615382], [29498.8695076923, 11765.711769230767], [29514.249523076916, 11750.331753846152], [29529.62953846153, 11734.951738461536], [29545.009553846146, 11719.57172307692], [29560.389569230763, 11704.191707692305], [29575.769584615377, 11688.81169230769], [29591.149599999993, 11673.431676923075], [29606.529615384607, 11658.05166153846], [29621.909630769223, 11642.671646153844], [29637.28964615384, 11627.291630769229], [29652.669661538454, 11611.911615384613], [29668.04967692307, 11596.531599999998], [29683.429692307684, 11581.151584615383], [29698.8097076923, 11565.771569230767], [29714.189723076917, 11550.391553846152], [29714.189723076917, 11519.631523076921], [29729.56973846153, 11504.251507692306], [29744.949753846147, 11488.87149230769], [29744.949753846147, 11458.11146153846], [29760.32976923076, 11442.731446153844], [29775.709784615377, 11427.35143076923], [29775.709784615377, 11396.591399999998], [29775.709784615377, 11365.831369230767], [29791.089799999994, 11350.451353846152], [29806.469815384608, 11335.071338461537], [29806.469815384608, 11304.311307692305], [29806.469815384608, 11273.551276923075], [29821.849830769224, 11258.17126153846], [29837.229846153838, 11273.551276923075], [29852.609861538454, 11288.93129230769], [29883.369892307684, 11288.93129230769], [29914.129923076915, 11288.93129230769], [29929.50993846153, 11304.311307692305], [29944.889953846145, 11319.69132307692], [29975.64998461538, 11319.69132307692], [30006.41001538461, 11319.69132307692], [30037.17004615384, 11319.69132307692], [30067.93007692307, 11319.69132307692], [30098.6901076923, 11319.69132307692], [30129.450138461532, 11319.69132307692], [30160.210169230762, 11319.69132307692], [30190.970199999992, 11319.69132307692], [30221.730230769223, 11319.69132307692], [30252.490261538453, 11319.69132307692], [30283.250292307686, 11319.69132307692], [30314.010323076916, 11319.69132307692], [30329.39033846153, 11304.311307692305], [30344.770353846146, 11288.93129230769], [30375.530384615377, 11288.93129230769], [30390.910399999993, 11273.551276923075], [30406.290415384607, 11258.17126153846], [30421.670430769223, 11242.791246153844], [30421.670430769223, 11212.031215384613], [30437.05044615384, 11196.651199999998], [30452.430461538454, 11181.271184615383], [30467.81047692307, 11165.891169230767], [30483.190492307684, 11150.511153846152], [30483.190492307684, 11119.751123076921], [30498.5705076923, 11104.371107692306], [30513.950523076917, 11088.99109230769], [30513.950523076917, 11058.23106153846], [30529.33053846153, 11042.851046153844], [30544.710553846147, 11027.47103076923], [30560.09056923076, 11012.091015384614], [30590.85059999999, 11012.091015384614], [30606.230615384608, 10996.710999999998], [30621.610630769224, 10981.330984615382], [30636.990646153838, 10996.710999999998], [30636.990646153838, 11027.47103076923], [30636.990646153838, 11058.23106153846], [30621.610630769224, 11073.611076923075], [30606.230615384608, 11088.99109230769], [30606.230615384608, 11119.751123076921], [30606.230615384608, 11150.511153846152], [30590.85059999999, 11165.891169230767], [30575.470584615377, 11181.271184615383], [30560.09056923076, 11196.651199999998], [30544.710553846147, 11212.031215384613], [30544.710553846147, 11242.791246153844], [30529.33053846153, 11258.17126153846], [30513.950523076917, 11273.551276923075], [30498.5705076923, 11288.93129230769], [30483.190492307684, 11304.311307692305], [30467.81047692307, 11319.69132307692], [30452.430461538454, 11335.071338461537], [30452.430461538454, 11365.831369230767], [30437.05044615384, 11381.211384615382], [30421.670430769223, 11396.591399999998], [30406.290415384607, 11411.971415384613], [30390.910399999993, 11427.35143076923], [30375.530384615377, 11442.731446153844], [30360.150369230763, 11458.11146153846], [30360.150369230763, 11488.87149230769], [30360.150369230763, 11519.631523076921], [30360.150369230763, 11550.391553846152], [30360.150369230763, 11581.151584615383], [30360.150369230763, 11611.911615384613], [30344.770353846146, 11627.291630769229], [30314.010323076916, 11627.291630769229], [30298.6303076923, 11642.671646153844], [30314.010323076916, 11658.05166153846], [30329.39033846153, 11673.431676923075], [30329.39033846153, 11704.191707692305], [30329.39033846153, 11734.951738461536], [30329.39033846153, 11765.711769230767], [30329.39033846153, 11796.471799999998], [30329.39033846153, 11827.23183076923], [30329.39033846153, 11857.99186153846], [30329.39033846153, 11888.75189230769], [30329.39033846153, 11919.511923076921], [30314.010323076916, 11934.891938461536], [30283.250292307686, 11934.891938461536], [30252.490261538453, 11934.891938461536], [30221.730230769223, 11934.891938461536], [30190.970199999992, 11934.891938461536], [30175.590184615376, 11950.271953846152], [30160.210169230762, 11965.651969230767], [30144.830153846146, 11981.031984615383], [30129.450138461532, 11996.411999999998], [30114.070123076915, 12011.792015384613], [30098.6901076923, 12027.172030769229], [30083.310092307685, 12042.552046153844], [30067.93007692307, 12057.932061538459], [30052.550061538455, 12073.312076923075], [30037.17004615384, 12088.69209230769], [30021.79003076922, 12104.072107692306], [30006.41001538461, 12119.45212307692], [29991.02999999999, 12134.832138461536], [29975.64998461538, 12150.212153846152], [29960.26996923076, 12165.592169230767], [29944.889953846145, 12180.972184615383], [29929.50993846153, 12196.352199999998], [29914.129923076915, 12211.732215384613], [29898.7499076923, 12227.11223076923], [29883.369892307684, 12242.492246153844], [29867.98987692307, 12257.87226153846], [29852.609861538454, 12273.252276923075], [29837.229846153838, 12288.63229230769], [29821.849830769224, 12304.012307692306], [29791.089799999994, 12304.012307692306], [29775.709784615377, 12319.392323076921], [29760.32976923076, 12334.772338461536], [29744.949753846147, 12350.152353846152], [29729.56973846153, 12365.532369230767], [29714.189723076917, 12380.912384615382], [29698.8097076923, 12396.292399999998], [29668.04967692307, 12396.292399999998], [29652.669661538454, 12411.672415384613], [29637.28964615384, 12427.052430769229]]]}, "properties": {"objectType": "annotation", "name": "R1_2_T|deep", "classification": {"name": "deep", "color": [144, 133, 233]}, "lesion_id": 0, "section": "R1_2_T", "area_um2": 101550.00000000001, "lesion_ids": [16, 17]}}, {"type": "Feature", "geometry": {"type": "Polygon", "coordinates": [[[27699.407707692302, 12180.972184615383], [27668.64767692307, 12180.972184615383], [27637.88764615384, 12180.972184615383], [27607.12761538461, 12180.972184615383], [27576.36758461538, 12180.972184615383], [27545.60755384615, 12180.972184615383], [27514.847523076915, 12180.972184615383], [27484.087492307684, 12180.972184615383], [27453.327461538454, 12180.972184615383], [27437.947446153838, 12165.592169230767], [27453.327461538454, 12150.212153846152], [27468.70747692307, 12134.832138461536], [27484.087492307684, 12119.45212307692], [27499.4675076923, 12104.072107692306], [27514.847523076915, 12088.69209230769], [27530.22753846153, 12104.072107692306], [27545.60755384615, 12119.45212307692], [27576.36758461538, 12119.45212307692], [27607.12761538461, 12119.45212307692], [27637.88764615384, 12119.45212307692], [27668.64767692307, 12119.45212307692], [27699.407707692302, 12119.45212307692], [27730.167738461532, 12119.45212307692], [27760.927769230762, 12119.45212307692], [27791.687799999992, 12119.45212307692], [27807.06781538461, 12134.832138461536], [27791.687799999992, 12150.212153846152], [27760.927769230762, 12150.212153846152], [27730.167738461532, 12150.212153846152], [27714.787723076915, 12165.592169230767], [27699.407707692302, 12180.972184615383]]]}, "properties": {"objectType": "annotation", "name": "deep", "classification": {"name": "deep", "color": [144, 133, 233]}, "lesion_id": 0, "section": null, "area_um2": 2050.0000000000236, "lesion_ids": []}}, {"type": "Feature", "geometry": {"type": "Polygon", "coordinates": [[[2968.3429692307686, 26668.94667692307], [2937.5829384615377, 26668.94667692307], [2906.822907692307, 26668.94667692307], [2891.4428923076916, 26653.566661538454], [2876.062876923076, 26638.18664615384], [2845.3028461538456, 26638.18664615384], [2829.92283076923, 26622.806630769224], [2814.5428153846146, 26607.426615384607], [2799.162799999999, 26592.046599999994], [2783.782784615384, 26576.666584615377], [2753.022753846153, 26576.666584615377], [2722.2627230769226, 26576.666584615377], [2706.882707692307, 26561.286569230764], [2691.5026923076916, 26545.906553846147], [2676.122676923076, 26530.52653846153], [2660.742661538461, 26515.146523076917], [2645.3626461538456, 26499.7665076923], [2645.3626461538456, 26469.00647692307], [2629.98263076923, 26453.626461538453], [2614.6026153846146, 26438.24644615384], [2599.222599999999, 26422.866430769223], [2583.842584615384, 26407.48641538461], [2568.4625692307686, 26392.106399999993], [2553.082553846153, 26376.726384615376], [2537.7025384615376, 26361.346369230763], [2522.3225230769226, 26345.966353846146], [2506.942507692307, 26330.586338461533], [2491.5624923076916, 26315.206323076916], [2476.182476923076, 26299.8263076923], [2460.802461538461, 26284.446292307686], [2445.4224461538456, 26269.06627692307], [2430.04243076923, 26253.686261538456], [2414.6624153846146, 26238.30624615384], [2399.2823999999996, 26222.926230769222], [2399.2823999999996, 26192.166199999992], [2383.902384615384, 26176.78618461538], [2368.5223692307686, 26161.406169230762], [2383.902384615384, 26146.026153846145], [2414.6624153846146, 26146.026153846145], [2445.4224461538456, 26146.026153846145], [2460.802461538461, 26161.406169230762], [2476.182476923076, 26176.78618461538], [2491.5624923076916, 26192.166199999992], [2506.942507692307, 26207.54621538461], [2522.3225230769226, 26222.926230769222], [2537.7025384615376, 26238.30624615384], [2568.4625692307686, 26238.30624615384], [2599.222599999999, 26238.30624615384], [2614.6026153846146, 26222.926230769222], [2629.98263076923, 26207.54621538461], [2660.742661538461, 26207.54621538461], [2691.5026923076916, 26207.54621538461], [2706.882707692307, 26192.166199999992], [2722.2627230769226, 26176.78618461538], [2753.022753846153, 26176.78618461538], [2768.4027692307686, 26161.406169230762], [2783.782784615384, 26146.026153846145], [2814.5428153846146, 26146.026153846145], [2829.92283076923, 26130.646138461532], [2845.3028461538456, 26115.266123076915], [2876.062876923076, 26115.266123076915], [2891.4428923076916, 26099.886107692302], [2906.822907692307, 26084.506092307685], [2937.5829384615377, 26084.506092307685], [2952.962953846153, 26069.12607692307], [2968.3429692307686, 26053.746061538455], [2983.722984615384, 26038.36604615384], [2999.102999999999, 26022.986030769225], [3014.4830153846146, 26007.60601538461], [3029.86303076923, 25992.225999999995], [3045.2430461538456, 25976.84598461538], [3060.6230615384607, 25961.46596923076], [3076.003076923076, 25946.08595384615], [3091.3830923076916, 25930.70593846153], [3106.763107692307, 25915.325923076918], [3122.143123076922, 25899.9459076923], [3137.5231384615377, 25884.565892307684], [3152.903153846153, 25869.18587692307], [3168.2831692307686, 25853.805861538454], [3168.2831692307686, 25823.045830769224], [3183.6631846153837, 25807.665815384607], [3199.043199999999, 25792.285799999994], [3199.043199999999, 25761.525769230764], [3214.4232153846147, 25746.145753846147], [3229.80323076923, 25730.76573846153], [3229.80323076923, 25700.0057076923], [3229.80323076923, 25669.24567692307], [3245.183246153845, 25653.865661538453], [3260.5632615384607, 25638.48564615384], [3260.5632615384607, 25607.72561538461], [3260.5632615384607, 25576.965584615376], [3260.5632615384607, 25546.205553846146], [3260.5632615384607, 25515.445523076916], [3260.5632615384607, 25484.685492307686], [3260.5632615384607, 25453.925461538456], [3245.183246153845, 25438.54544615384], [3229.80323076923, 25423.165430769222], [3229.80323076923, 25392.405399999992], [3229.80323076923, 25361.645369230762], [3214.4232153846147, 25346.26535384615], [3199.043199999999, 25330.885338461532], [3199.043199999999, 25300.125307692302], [3183.6631846153837, 25284.745292307685], [3168.2831692307686, 25269.365276923072], [3168.2831692307686, 25238.60524615384], [3152.903153846153, 25223.225230769225], [3137.5231384615377, 25207.84521538461], [3122.143123076922, 25192.465199999995], [3106.763107692307, 25177.08518461538], [3106.763107692307, 25146.325153846148], [3091.3830923076916, 25130.94513846153], [3076.003076923076, 25115.565123076918], [3060.6230615384607, 25100.1851076923], [3045.2430461538456, 25084.805092307684], [3029.86303076923, 25069.42507692307], [3014.4830153846146, 25054.045061538454], [2999.102999999999, 25038.66504615384], [2983.722984615384, 25023.285030769224], [2968.3429692307686, 25007.905015384607], [2952.962953846153, 24992.524999999994], [2937.5829384615377, 24977.144984615377], [2922.202923076922, 24961.764969230764], [2906.822907692307, 24946.384953846147], [2876.062876923076, 24946.384953846147], [2860.6828615384607, 24931.00493846153], [2845.3028461538456, 24915.624923076917], [2814.5428153846146, 24915.624923076917], [2799.162799999999, 24900.2449076923], [2799.162799999999, 24869.48487692307], [2799.162799999999, 24838.72484615384], [2799.162799999999, 24807.96481538461], [2799.162799999999, 24777.204784615376], [2799.162799999999, 24746.444753846146], [2799.162799999999, 24715.684723076916], [2799.162799999999, 24684.924692307686], [2783.782784615384, 24669.54467692307], [2768.4027692307686, 24654.164661538456], [2768.4027692307686, 24623.404630769226], [2768.4027692307686, 24592.644599999992], [2753.022753846153, 24577.26458461538], [2737.6427384615376, 24561.884569230762], [2737.6427384615376, 24531.124538461532], [2722.2627230769226, 24515.744523076915], [2706.882707692307, 24500.364507692302], [2706.882707692307, 24469.604476923072], [2706.882707692307, 24438.84444615384], [2722.2627230769226, 24423.464430769225], [2753.022753846153, 24423.464430769225], [2783.782784615384, 24423.464430769225], [2799.162799999999, 24408.08441538461], [2814.5428153846146, 24392.704399999995], [2845.3028461538456, 24392.704399999995], [2860.6828615384607, 24377.32438461538], [2876.062876923076, 24361.94436923076], [2906.822907692307, 24361.94436923076], [2922.202923076922, 24346.564353846148], [2937.5829384615377, 24331.18433846153], [2968.3429692307686, 24331.18433846153], [2983.722984615384, 24315.804323076918], [2999.102999999999, 24300.4243076923], [3029.86303076923, 24300.4243076923], [3045.2430461538456, 24285.044292307684], [3060.6230615384607, 24269.66427692307], [3091.3830923076916, 24269.66427692307], [3106.763107692307, 24254.284261538454], [3122.143123076922, 24238.90424615384], [3137.5231384615377, 24223.524230769224], [3152.903153846153, 24208.144215384607], [3183.6631846153837, 24208.144215384607], [3199.043199999999, 24192.764199999994], [3214.4232153846147, 24177.384184615377], [3245.183246153845, 24177.384184615377], [3260.5632615384607, 24162.004169230764], [3275.943276923076, 24146.624153846147], [3306.703307692307, 24146.624153846147], [3322.083323076922, 24131.24413846153], [3337.4633384615377, 24115.864123076917], [3368.2233692307686, 24115.864123076917], [3383.6033846153837, 24100.4841076923], [3398.983399999999, 24085.104092307687], [3429.74343076923, 24085.104092307687], [3445.123446153845, 24069.72407692307], [3460.5034615384607, 24054.344061538457], [3475.883476923076, 24038.96404615384], [3491.2634923076916, 24023.584030769223], [3506.6435076923067, 24008.20401538461], [3522.023523076922, 23992.823999999993], [3537.4035384615377, 23977.44398461538], [3552.783553846153, 23962.063969230763], [3568.163569230768, 23946.683953846146], [3583.5435846153837, 23931.303938461533], [3598.923599999999, 23915.923923076916], [3614.3036153846147, 23900.543907692303], [3629.68363076923, 23885.163892307686], [3645.063646153845, 23869.78387692307], [3660.4436615384607, 23854.403861538456], [3675.823676923076, 23839.02384615384], [3691.2036923076917, 23823.643830769226], [3691.2036923076917, 23792.883799999992], [3706.5837076923067, 23777.50378461538], [3721.963723076922, 23762.123769230762], [3721.963723076922, 23731.363738461532], [3737.3437384615377, 23715.983723076915], [3752.723753846153, 23700.603707692302], [3752.723753846153, 23669.843676923072], [3752.723753846153, 23639.08364615384], [3768.103769230768, 23623.703630769225], [3783.4837846153837, 23608.32361538461], [3783.4837846153837, 23577.56358461538], [3783.4837846153837, 23546.803553846148], [3783.4837846153837, 23516.043523076918], [3783.4837846153837, 23485.283492307684], [3783.4837846153837, 23454.523461538454], [3783.4837846153837, 23423.763430769224], [3768.103769230768, 23408.38341538461], [3752.723753846153, 23393.003399999994], [3752.723753846153, 23362.243369230764], [3752.723753846153, 23331.483338461534], [3737.3437384615377, 23316.103323076917], [3721.963723076922, 23300.7233076923], [3721.963723076922, 23269.96327692307], [3706.5837076923067, 23254.583261538457], [3691.2036923076917, 23239.20324615384], [3691.2036923076917, 23208.44321538461], [3675.823676923076, 23193.063199999993], [3660.4436615384607, 23177.68318461538], [3645.063646153845, 23162.303169230763], [3629.68363076923, 23146.923153846146], [3614.3036153846147, 23131.543138461533], [3598.923599999999, 23116.163123076916], [3583.5435846153837, 23100.783107692303], [3568.163569230768, 23085.403092307686], [3552.783553846153, 23070.02307692307], [3537.4035384615377, 23054.643061538456], [3522.023523076922, 23039.26304615384], [3506.6435076923067, 23023.883030769226], [3491.2634923076916, 23008.50301538461], [3475.883476923076, 22993.122999999992], [3460.5034615384607, 22977.74298461538], [3445.123446153845, 22962.362969230762], [3429.74343076923, 22946.98295384615], [3398.983399999999, 22946.98295384615], [3383.6033846153837, 22931.602938461532], [3368.2233692307686, 22916.222923076915], [3337.4633384615377, 22916.222923076915], [3322.083323076922, 22900.842907692302], [3306.703307692307, 22885.462892307685], [3275.943276923076, 22885.462892307685], [3245.183246153845, 22885.462892307685], [3229.80323076923, 22870.082876923072], [3214.4232153846147, 22854.702861538455], [3183.6631846153837, 22854.702861538455], [3168.2831692307686, 22839.32284615384], [3152.903153846153, 22823.942830769225], [3137.5231384615377, 22808.56281538461], [3122.143123076922, 22793.182799999995], [3106.763107692307, 22777.80278461538], [3091.3830923076916, 22762.422769230765], [3076.003076923076, 22747.042753846148], [3060.6230615384607, 22731.66273846153], [3045.2430461538456, 22716.282723076918], [3029.86303076923, 22700.9027076923], [3014.4830153846146, 22685.522692307688], [2999.102999999999, 22670.14267692307], [2983.722984615384, 22654.762661538454], [2968.3429692307686, 22639.38264615384], [2937.5829384615377, 22639.38264615384], [2922.202923076922, 22624.002630769224], [2906.822907692307, 22608.62261538461], [2876.062876923076, 22608.62261538461], [2860.6828615384607, 22593.242599999994], [2845.3028461538456, 22577.862584615377], [2814.5428153846146, 22577.862584615377], [2783.782784615384, 22577.862584615377], [2768.4027692307686, 22562.482569230764], [2753.022753846153, 22547.102553846147], [2722.2627230769226, 22547.102553846147], [2691.5026923076916, 22547.102553846147], [2676.122676923076, 22531.722538461534], [2660.742661538461, 22516.342523076917], [2629.98263076923, 22516.342523076917], [2599.222599999999, 22516.342523076917], [2568.4625692307686, 22516.342523076917], [2553.082553846153, 22500.9625076923], [2537.7025384615376, 22485.582492307687], [2506.942507692307, 22485.582492307687], [2476.182476923076, 22485.582492307687], [2460.802461538461, 22470.20247692307], [2445.4224461538456, 22454.822461538457], [2430.04243076923, 22439.44244615384], [2414.6624153846146, 22424.062430769223], [2399.2823999999996, 22408.68241538461], [2383.902384615384, 22393.302399999993], [2368.5223692307686, 22377.92238461538], [2353.142353846153, 22362.542369230763], [2337.762338461538, 22347.162353846146], [2322.3823230769226, 22331.782338461533], [2307.002307692307, 22316.402323076916], [2291.6222923076916, 22301.022307692303], [2276.242276923076, 22285.642292307686], [2260.862261538461, 22270.26227692307], [2230.10223076923, 22270.26227692307], [2214.7222153846146, 22254.882261538456], [2199.3421999999996, 22239.50224615384], [2168.5821692307686, 22239.50224615384], [2153.202153846153, 22224.122230769226], [2137.822138461538, 22208.74221538461], [2107.062107692307, 22208.74221538461], [2076.3020769230766, 22208.74221538461], [2060.922061538461, 22193.362199999992], [2045.5420461538456, 22177.98218461538], [2014.7820153846149, 22177.98218461538], [1984.021984615384, 22177.98218461538], [1953.2619538461533, 22177.98218461538], [1922.5019230769226, 22177.98218461538], [1891.7418923076918, 22177.98218461538], [1860.981861538461, 22177.98218461538], [1830.2218307692303, 22177.98218461538], [1814.8418153846148, 22162.602169230762], [1814.8418153846148, 22131.842138461532], [1830.2218307692303, 22116.46212307692], [1845.6018461538456, 22101.082107692302], [1845.6018461538456, 22070.322076923072], [1860.981861538461, 22054.942061538455], [1876.3618769230764, 22039.562046153842], [1876.3618769230764, 22008.80201538461], [1891.7418923076918, 21993.421999999995], [1907.121907692307, 21978.041984615378], [1907.121907692307, 21947.281953846148], [1922.5019230769226, 21931.90193846153], [1937.8819384615379, 21916.521923076918], [1937.8819384615379, 21885.761892307688], [1937.8819384615379, 21855.001861538454], [1953.2619538461533, 21839.62184615384], [1968.6419692307688, 21824.241830769224], [1968.6419692307688, 21793.481799999994], [1984.021984615384, 21778.101784615377], [1999.4019999999996, 21762.721769230764], [1999.4019999999996, 21731.961738461534], [1999.4019999999996, 21701.2017076923], [1999.4019999999996, 21670.44167692307], [2014.7820153846149, 21655.061661538457], [2045.5420461538456, 21655.061661538457], [2076.3020769230766, 21655.061661538457], [2107.062107692307, 21655.061661538457], [2137.822138461538, 21655.061661538457], [2168.5821692307686, 21655.061661538457], [2183.962184615384, 21670.44167692307], [2199.3421999999996, 21685.821692307687], [2230.10223076923, 21685.821692307687], [2260.862261538461, 21685.821692307687], [2291.6222923076916, 21685.821692307687], [2307.002307692307, 21701.2017076923], [2322.3823230769226, 21716.581723076917], [2353.142353846153, 21716.581723076917], [2368.5223692307686, 21731.961738461534], [2383.902384615384, 21747.341753846147], [2414.6624153846146, 21747.341753846147], [2430.04243076923, 21762.721769230764], [2445.4224461538456, 21778.101784615377], [2476.182476923076, 21778.101784615377], [2491.5624923076916, 21793.481799999994], [2506.942507692307, 21808.86181538461], [2537.7025384615376, 21808.86181538461], [2553.082553846153, 21824.241830769224], [2568.4625692307686, 21839.62184615384], [2583.842584615384, 21855.001861538454], [2599.222599999999, 21870.38187692307], [2629.98263076923, 21870.38187692307], [2645.3626461538456, 21885.761892307688], [2660.742661538461, 21901.1419076923], [2676.122676923076, 21916.521923076918], [2691.5026923076916, 21931.90193846153], [2706.882707692307, 21947.281953846148], [2722.2627230769226, 21962.661969230765], [2737.6427384615376, 21978.041984615378], [2753.022753846153, 21993.421999999995], [2783.782784615384, 21993.421999999995], [2799.162799999999, 22008.80201538461], [2814.5428153846146, 22024.182030769225], [2845.3028461538456, 22024.182030769225], [2876.062876923076, 22024.182030769225], [2906.822907692307, 22024.182030769225], [2922.202923076922, 22039.562046153842], [2937.5829384615377, 22054.942061538455], [2968.3429692307686, 22054.942061538455], [2999.102999999999, 22054.942061538455], [3014.4830153846146, 22070.322076923072], [3029.86303076923, 22085.702092307685], [3060.6230615384607, 22085.702092307685], [3076.003076923076, 22101.082107692302], [3091.3830923076916, 22116.46212307692], [3122.143123076922, 22116.46212307692], [3137.5231384615377, 22131.842138461532], [3152.903153846153, 22147.22215384615], [3183.6631846153837, 22147.22215384615], [3199.043199999999, 22162.602169230762], [3214.4232153846147, 22177.98218461538], [3245.183246153845, 22177.98218461538], [3260.5632615384607, 22193.362199999992], [3275.943276923076, 22208.74221538461], [3291.3232923076916, 22224.122230769226], [3306.703307692307, 22239.50224615384], [3337.4633384615377, 22239.50224615384], [3352.843353846153, 22254.882261538456], [3368.2233692307686, 22270.26227692307], [3383.6033846153837, 22285.642292307686], [3398.983399999999, 22301.022307692303], [3414.3634153846147, 22316.402323076916], [3429.74343076923, 22331.782338461533], [3445.123446153845, 22347.162353846146], [3460.5034615384607, 22362.542369230763], [3475.883476923076, 22377.92238461538], [3491.2634923076916, 22393.302399999993], [3522.023523076922, 22393.302399999993], [3537.4035384615377, 22408.68241538461], [3552.783553846153, 22424.062430769223], [3583.5435846153837, 22424.062430769223], [3598.923599999999, 22439.44244615384], [3614.3036153846147, 22454.822461538457], [3645.063646153845, 22454.822461538457], [3660.4436615384607, 22470.20247692307], [3675.823676923076, 22485.582492307687], [3706.5837076923067, 22485.582492307687], [3721.963723076922, 22500.9625076923], [3737.3437384615377, 22516.342523076917], [3752.723753846153, 22531.722538461534], [3768.103769230768, 22547.102553846147], [3798.863799999999, 22547.102553846147], [3814.2438153846147, 22562.482569230764], [3829.6238307692297, 22577.862584615377], [3845.003846153845, 22593.242599999994], [3860.3838615384607, 22608.62261538461], [3875.763876923076, 22624.002630769224], [3891.143892307691, 22639.38264615384], [3906.5239076923067, 22654.762661538454], [3921.903923076922, 22670.14267692307], [3937.2839384615377, 22685.522692307688], [3952.663953846153, 22700.9027076923], [3968.043969230768, 22716.282723076918], [3983.4239846153837, 22731.66273846153], [3998.803999999999, 22747.042753846148], [4014.1840153846147, 22762.422769230765], [4029.5640307692297, 22777.80278461538], [4044.944046153845, 22793.182799999995], [4060.3240615384607, 22808.56281538461], [4075.704076923076, 22823.942830769225], [4091.0840923076917, 22839.32284615384], [4091.0840923076917, 22870.082876923072], [4106.464107692307, 22885.462892307685], [4121.844123076922, 22900.842907692302], [4137.224138461538, 22916.222923076915], [4152.604153846153, 22931.602938461532], [4152.604153846153, 22962.362969230762], [4167.984169230769, 22977.74298461538], [4183.364184615384, 22993.122999999992], [4183.364184615384, 23023.883030769226], [4198.744199999999, 23039.26304615384], [4214.124215384615, 23054.643061538456], [4214.124215384615, 23085.403092307686], [4229.50423076923, 23100.783107692303], [4244.884246153845, 23116.163123076916], [4244.884246153845, 23146.923153846146], [4260.264261538461, 23162.303169230763], [4275.644276923076, 23177.68318461538], [4275.644276923076, 23208.44321538461], [4275.644276923076, 23239.20324615384], [4275.644276923076, 23269.96327692307], [4291.024292307692, 23285.343292307687], [4306.404307692307, 23300.7233076923], [4306.404307692307, 23331.483338461534], [4306.404307692307, 23362.243369230764], [4306.404307692307, 23393.003399999994], [4306.404307692307, 23423.763430769224], [4306.404307692307, 23454.523461538454], [4306.404307692307, 23485.283492307684], [4306.404307692307, 23516.043523076918], [4306.404307692307, 23546.803553846148], [4306.404307692307, 23577.56358461538], [4306.404307692307, 23608.32361538461], [4306.404307692307, 23639.08364615384], [4306.404307692307, 23669.843676923072], [4306.404307692307, 23700.603707692302], [4306.404307692307, 23731.363738461532], [4291.024292307692, 23746.74375384615], [4275.644276923076, 23762.123769230762], [4275.644276923076, 23792.883799999992], [4275.644276923076, 23823.643830769226], [4275.644276923076, 23854.403861538456], [4260.264261538461, 23869.78387692307], [4244.884246153845, 23885.163892307686], [4244.884246153845, 23915.923923076916], [4229.50423076923, 23931.303938461533], [4214.124215384615, 23946.683953846146], [4214.124215384615, 23977.44398461538], [4198.744199999999, 23992.823999999993], [4183.364184615384, 24008.20401538461], [4183.364184615384, 24038.96404615384], [4167.984169230769, 24054.344061538457], [4152.604153846153, 24069.72407692307], [4152.604153846153, 24100.4841076923], [4137.224138461538, 24115.864123076917], [4121.844123076922, 24131.24413846153], [4106.464107692307, 24146.624153846147], [4091.0840923076917, 24162.004169230764], [4091.0840923076917, 24192.764199999994], [4075.704076923076, 24208.144215384607], [4060.3240615384607, 24223.524230769224], [4044.944046153845, 24238.90424615384], [4029.5640307692297, 24254.284261538454], [4014.1840153846147, 24269.66427692307], [3998.803999999999, 24285.044292307684], [3983.4239846153837, 24300.4243076923], [3968.043969230768, 24315.804323076918], [3952.663953846153, 24331.18433846153], [3937.2839384615377, 24346.564353846148], [3921.903923076922, 24361.94436923076], [3906.5239076923067, 24377.32438461538], [3891.143892307691, 24392.704399999995], [3875.763876923076, 24408.08441538461], [3860.3838615384607, 24423.464430769225], [3845.003846153845, 24438.84444615384], [3829.6238307692297, 24454.224461538455], [3814.2438153846147, 24469.604476923072], [3798.863799999999, 24484.984492307685], [3768.103769230768, 24484.984492307685], [3752.723753846153, 24500.364507692302], [3737.3437384615377, 24515.744523076915], [3721.963723076922, 24531.124538461532], [3706.5837076923067, 24546.50455384615], [3675.823676923076, 24546.50455384615], [3660.4436615384607, 24561.884569230762], [3645.063646153845, 24577.26458461538], [3614.3036153846147, 24577.26458461538], [3598.923599999999, 24592.644599999992], [3583.5435846153837, 24608.02461538461], [3552.783553846153, 24608.02461538461], [3537.4035384615377, 24623.404630769226], [3522.023523076922, 24638.78464615384], [3491.2634923076916, 24638.78464615384], [3475.883476923076, 24654.164661538456], [3460.5034615384607, 24669.54467692307], [3429.74343076923, 24669.54467692307], [3414.3634153846147, 24684.924692307686], [3429.74343076923, 24700.304707692303], [3445.123446153845, 24715.684723076916], [3460.5034615384607, 24731.064738461533], [3475.883476923076, 24746.444753846146], [3491.2634923076916, 24761.824769230763], [3506.6435076923067, 24777.204784615376], [3506.6435076923067, 24807.96481538461], [3522.023523076922, 24823.344830769223], [3537.4035384615377, 24838.72484615384], [3552.783553846153, 24854.104861538453], [3568.163569230768, 24869.48487692307], [3568.163569230768, 24900.2449076923], [3583.5435846153837, 24915.624923076917], [3598.923599999999, 24931.00493846153], [3614.3036153846147, 24946.384953846147], [3629.68363076923, 24961.764969230764], [3629.68363076923, 24992.524999999994], [3645.063646153845, 25007.905015384607], [3660.4436615384607, 25023.285030769224], [3660.4436615384607, 25054.045061538454], [3675.823676923076, 25069.42507692307], [3691.2036923076917, 25084.805092307684], [3691.2036923076917, 25115.565123076918], [3706.5837076923067, 25130.94513846153], [3721.963723076922, 25146.325153846148], [3721.963723076922, 25177.08518461538], [3737.3437384615377, 25192.465199999995], [3752.723753846153, 25207.84521538461], [3752.723753846153, 25238.60524615384], [3752.723753846153, 25269.365276923072], [3752.723753846153, 25300.125307692302], [3768.103769230768, 25315.505323076915], [3783.4837846153837, 25330.885338461532], [3783.4837846153837, 25361.645369230762], [3783.4837846153837, 25392.405399999992], [3783.4837846153837, 25423.165430769222], [3783.4837846153837, 25453.925461538456], [3783.4837846153837, 25484.685492307686], [3783.4837846153837, 25515.445523076916], [3783.4837846153837, 25546.205553846146], [3783.4837846153837, 25576.965584615376], [3783.4837846153837, 25607.72561538461], [3783.4837846153837, 25638.48564615384], [3783.4837846153837, 25669.24567692307], [3783.4837846153837, 25700.0057076923], [3783.4837846153837, 25730.76573846153], [3783.4837846153837, 25761.525769230764], [3768.103769230768, 25776.905784615377], [3752.723753846153, 25792.285799999994], [3752.723753846153, 25823.045830769224], [3752.723753846153, 25853.805861538454], [3752.723753846153, 25884.565892307684], [3737.3437384615377, 25899.9459076923], [3721.963723076922, 25915.325923076918], [3721.963723076922, 25946.08595384615], [3706.5837076923067, 25961.46596923076], [3691.2036923076917, 25976.84598461538], [3691.2036923076917, 26007.60601538461], [3675.823676923076, 26022.986030769225], [3660.4436615384607, 26038.36604615384], [3660.4436615384607, 26069.12607692307], [3645.063646153845, 26084.506092307685], [3629.68363076923, 26099.886107692302], [3629.68363076923, 26130.646138461532], [3614.3036153846147, 26146.026153846145], [3598.923599999999, 26161.406169230762], [3583.5435846153837, 26176.78618461538], [3568.163569230768, 26192.166199999992], [3568.163569230768, 26222.926230769222], [3552.783553846153, 26238.30624615384], [3537.4035384615377, 26253.686261538456], [3522.023523076922, 26269.06627692307], [3506.6435076923067, 26284.446292307686], [3491.2634923076916, 26299.8263076923], [3475.883476923076, 26315.206323076916], [3460.5034615384607, 26330.586338461533], [3445.123446153845, 26345.966353846146], [3429.74343076923, 26361.346369230763], [3414.3634153846147, 26376.726384615376], [3398.983399999999, 26392.106399999993], [3383.6033846153837, 26407.48641538461], [3368.2233692307686, 26422.866430769223], [3352.843353846153, 26438.24644615384], [3337.4633384615377, 26453.626461538453], [3322.083323076922, 26469.00647692307], [3306.703307692307, 26484.386492307687], [3275.943276923076, 26484.386492307687], [3260.5632615384607, 26499.7665076923], [3245.183246153845, 26515.146523076917], [3229.80323076923, 26530.52653846153], [3214.4232153846147, 26545.906553846147], [3183.6631846153837, 26545.906553846147], [3168.2831692307686, 26561.286569230764], [3152.903153846153, 26576.666584615377], [3122.143123076922, 26576.666584615377], [3106.763107692307, 26592.046599999994], [3091.3830923076916, 26607.426615384607], [3060.6230615384607, 26607.426615384607], [3045.2430461538456, 26622.806630769224], [3029.86303076923, 26638.18664615384], [2999.102999999999, 26638.18664615384], [2983.722984615384, 26653.566661538454], [2968.3429692307686, 26668.94667692307]]]}, "properties": {"objectType": "annotation", "name": "P3_1_T|deep", "classification": {"name": "deep", "color": [144, 133, 233]}, "lesion_id": 0, "section": "P3_1_T", "area_um2": 392850.0, "lesion_ids": [19, 21, 22]}}, {"type": "Feature", "geometry": {"type": "Polygon", "coordinates": [[[7920.707923076922, 24331.18433846153], [7889.947892307691, 24331.18433846153], [7859.18786153846, 24331.18433846153], [7828.427830769229, 24331.18433846153], [7797.667799999998, 24331.18433846153], [7766.907769230768, 24331.18433846153], [7736.147738461537, 24331.18433846153], [7705.387707692306, 24331.18433846153], [7674.627676923075, 24331.18433846153], [7643.867646153845, 24331.18433846153], [7613.107615384614, 24331.18433846153], [7582.347584615383, 24331.18433846153], [7551.587553846152, 24331.18433846153], [7520.827523076922, 24331.18433846153], [7490.067492307691, 24331.18433846153], [7459.30746153846, 24331.18433846153], [7428.547430769229, 24331.18433846153], [7413.167415384614, 24315.804323076918], [7397.787399999999, 24300.4243076923], [7367.027369230768, 24300.4243076923], [7336.267338461537, 24300.4243076923], [7305.507307692306, 24300.4243076923], [7290.127292307691, 24285.044292307684], [7274.747276923076, 24269.66427692307], [7243.987246153845, 24269.66427692307], [7228.607230769229, 24254.284261538454], [7213.227215384614, 24238.90424615384], [7182.467184615383, 24238.90424615384], [7167.087169230768, 24223.524230769224], [7151.707153846152, 24208.144215384607], [7120.947123076922, 24208.144215384607], [7105.567107692306, 24192.764199999994], [7090.187092307691, 24177.384184615377], [7059.42706153846, 24177.384184615377], [7044.047046153845, 24162.004169230764], [7028.667030769229, 24146.624153846147], [6997.906999999999, 24146.624153846147], [6982.526984615383, 24131.24413846153], [6967.146969230768, 24115.864123076917], [6951.766953846153, 24100.4841076923], [6936.386938461537, 24085.104092307687], [6905.626907692306, 24085.104092307687], [6890.246892307691, 24069.72407692307], [6874.866876923076, 24054.344061538457], [6859.48686153846, 24038.96404615384], [6844.106846153845, 24023.584030769223], [6828.726830769229, 24008.20401538461], [6813.346815384614, 23992.823999999993], [6797.966799999999, 23977.44398461538], [6782.586784615383, 23962.063969230763], [6767.206769230768, 23946.683953846146], [6751.826753846153, 23931.303938461533], [6736.446738461537, 23915.923923076916], [6721.066723076922, 23900.543907692303], [6705.686707692306, 23885.163892307686], [6690.306692307691, 23869.78387692307], [6674.926676923076, 23854.403861538456], [6659.54666153846, 23839.02384615384], [6644.166646153845, 23823.643830769226], [6628.78663076923, 23808.26381538461], [6613.406615384614, 23792.883799999992], [6613.406615384614, 23762.123769230762], [6598.026599999999, 23746.74375384615], [6582.646584615383, 23731.363738461532], [6567.266569230768, 23715.983723076915], [6551.886553846153, 23700.603707692302], [6551.886553846153, 23669.843676923072], [6536.506538461537, 23654.463661538455], [6521.126523076922, 23639.08364615384], [6521.126523076922, 23608.32361538461], [6505.746507692306, 23592.943599999995], [6490.366492307691, 23577.56358461538], [6490.366492307691, 23546.803553846148], [6474.986476923076, 23531.42353846153], [6459.60646153846, 23516.043523076918], [6459.60646153846, 23485.283492307684], [6444.226446153845, 23469.90347692307], [6428.84643076923, 23454.523461538454], [6428.84643076923, 23423.763430769224], [6428.84643076923, 23393.003399999994], [6428.84643076923, 23362.243369230764], [6413.466415384614, 23346.863353846147], [6398.086399999999, 23331.483338461534], [6398.086399999999, 23300.7233076923], [6398.086399999999, 23269.96327692307], [6398.086399999999, 23239.20324615384], [6398.086399999999, 23208.44321538461], [6398.086399999999, 23177.68318461538], [6398.086399999999, 23146.923153846146], [6398.086399999999, 23116.163123076916], [6398.086399999999, 23085.403092307686], [6398.086399999999, 23054.643061538456], [6398.086399999999, 23023.883030769226], [6398.086399999999, 22993.122999999992], [6398.086399999999, 22962.362969230762], [6398.086399999999, 22931.602938461532], [6398.086399999999, 22900.842907692302], [6413.466415384614, 22885.462892307685], [6428.84643076923, 22870.082876923072], [6428.84643076923, 22839.32284615384], [6428.84643076923, 22808.56281538461], [6428.84643076923, 22777.80278461538], [6444.226446153845, 22762.422769230765], [6459.60646153846, 22747.042753846148], [6459.60646153846, 22716.282723076918], [6474.986476923076, 22700.9027076923], [6490.366492307691, 22685.522692307688], [6490.366492307691, 22654.762661538454], [6505.746507692306, 22639.38264615384], [6521.126523076922, 22624.002630769224], [6521.126523076922, 22593.242599999994], [6536.506538461537, 22577.862584615377], [6551.886553846153, 22562.482569230764], [6551.886553846153, 22531.722538461534], [6567.266569230768, 22516.342523076917], [6582.646584615383, 22500.9625076923], [6598.026599999999, 22485.582492307687], [6613.406615384614, 22470.20247692307], [6613.406615384614, 22439.44244615384], [6628.78663076923, 22424.062430769223], [6644.166646153845, 22408.68241538461], [6659.54666153846, 22393.302399999993], [6674.926676923076, 22377.92238461538], [6690.306692307691, 22362.542369230763], [6705.686707692306, 22347.162353846146], [6721.066723076922, 22331.782338461533], [6736.446738461537, 22316.402323076916], [6751.826753846153, 22301.022307692303], [6767.206769230768, 22285.642292307686], [6782.586784615383, 22270.26227692307], [6797.966799999999, 22254.882261538456], [6813.346815384614, 22239.50224615384], [6828.726830769229, 22224.122230769226], [6844.106846153845, 22208.74221538461], [6859.48686153846, 22193.362199999992], [6874.866876923076, 22177.98218461538], [6890.246892307691, 22162.602169230762], [6905.626907692306, 22147.22215384615], [6921.006923076922, 22131.842138461532], [6936.386938461537, 22116.46212307692], [6967.146969230768, 22116.46212307692], [6982.526984615383, 22101.082107692302], [6997.906999999999, 22085.702092307685], [7013.287015384614, 22070.322076923072], [7028.667030769229, 22054.942061538455], [7059.42706153846, 22054.942061538455], [7074.807076923076, 22039.562046153842], [7090.187092307691, 22024.182030769225], [7120.947123076922, 22024.182030769225], [7136.327138461537, 22008.80201538461], [7151.707153846152, 21993.421999999995], [7182.467184615383, 21993.421999999995], [7197.847199999999, 21978.041984615378], [7213.227215384614, 21962.661969230765], [7243.987246153845, 21962.661969230765], [7259.36726153846, 21947.281953846148], [7274.747276923076, 21931.90193846153], [7305.507307692306, 21931.90193846153], [7336.267338461537, 21931.90193846153], [7367.027369230768, 21931.90193846153], [7382.407384615383, 21916.521923076918], [7397.787399999999, 21901.1419076923], [7428.547430769229, 21901.1419076923], [7459.30746153846, 21901.1419076923], [7490.067492307691, 21901.1419076923], [7520.827523076922, 21901.1419076923], [7551.587553846152, 21901.1419076923], [7582.347584615383, 21901.1419076923], [7613.107615384614, 21901.1419076923], [7643.867646153845, 21901.1419076923], [7674.627676923075, 21901.1419076923], [7705.387707692306, 21901.1419076923], [7736.147738461537, 21901.1419076923], [7766.907769230768, 21901.1419076923], [7797.667799999998, 21901.1419076923], [7828.427830769229, 21901.1419076923], [7859.18786153846, 21901.1419076923], [7889.947892307691, 21901.1419076923], [7905.327907692306, 21916.521923076918], [7920.707923076922, 21931.90193846153], [7951.467953846152, 21931.90193846153], [7982.227984615383, 21931.90193846153], [8012.988015384614, 21931.90193846153], [8028.368030769229, 21947.281953846148], [8043.748046153845, 21962.661969230765], [8074.508076923075, 21962.661969230765], [8089.888092307691, 21978.041984615378], [8105.268107692306, 21993.421999999995], [8136.028138461537, 21993.421999999995], [8151.408153846152, 22008.80201538461], [8166.788169230768, 22024.182030769225], [8197.5482, 22024.182030769225], [8212.928215384614, 22039.562046153842], [8228.30823076923, 22054.942061538455], [8259.06826153846, 22054.942061538455], [8274.448276923076, 22070.322076923072], [8289.828292307691, 22085.702092307685], [8320.588323076921, 22085.702092307685], [8335.968338461536, 22101.082107692302], [8351.348353846153, 22116.46212307692], [8366.728369230768, 22131.842138461532], [8382.108384615383, 22147.22215384615], [8412.868415384613, 22147.22215384615], [8428.24843076923, 22162.602169230762], [8443.628446153845, 22177.98218461538], [8459.00846153846, 22193.362199999992], [8474.388476923075, 22208.74221538461], [8489.76849230769, 22224.122230769226], [8505.148507692305, 22239.50224615384], [8520.528523076922, 22254.882261538456], [8535.908538461537, 22270.26227692307], [8551.288553846152, 22285.642292307686], [8566.668569230767, 22301.022307692303], [8582.048584615382, 22316.402323076916], [8597.4286, 22331.782338461533], [8612.808615384614, 22347.162353846146], [8597.4286, 22362.542369230763], [8582.048584615382, 22377.92238461538], [8582.048584615382, 22408.68241538461], [8582.048584615382, 22439.44244615384], [8566.668569230767, 22454.822461538457], [8551.288553846152, 22470.20247692307], [8551.288553846152, 22500.9625076923], [8551.288553846152, 22531.722538461534], [8551.288553846152, 22562.482569230764], [8551.288553846152, 22593.242599999994], [8551.288553846152, 22624.002630769224], [8551.288553846152, 22654.762661538454], [8551.288553846152, 22685.522692307688], [8551.288553846152, 22716.282723076918], [8551.288553846152, 22747.042753846148], [8551.288553846152, 22777.80278461538], [8551.288553846152, 22808.56281538461], [8551.288553846152, 22839.32284615384], [8551.288553846152, 22870.082876923072], [8551.288553846152, 22900.842907692302], [8535.908538461537, 22916.222923076915], [8520.528523076922, 22931.602938461532], [8520.528523076922, 22962.362969230762], [8505.148507692305, 22977.74298461538], [8489.76849230769, 22993.122999999992], [8474.388476923075, 23008.50301538461], [8459.00846153846, 23023.883030769226], [8459.00846153846, 23054.643061538456], [8443.628446153845, 23070.02307692307], [8428.24843076923, 23085.403092307686], [8428.24843076923, 23116.163123076916], [8412.868415384613, 23131.543138461533], [8397.488399999998, 23116.163123076916], [8397.488399999998, 23085.403092307686], [8397.488399999998, 23054.643061538456], [8397.488399999998, 23023.883030769226], [8382.108384615383, 23008.50301538461], [8366.728369230768, 22993.122999999992], [8366.728369230768, 22962.362969230762], [8366.728369230768, 22931.602938461532], [8351.348353846153, 22916.222923076915], [8335.968338461536, 22900.842907692302], [8335.968338461536, 22870.082876923072], [8320.588323076921, 22854.702861538455], [8305.208307692306, 22839.32284615384], [8305.208307692306, 22808.56281538461], [8289.828292307691, 22793.182799999995], [8274.448276923076, 22777.80278461538], [8259.06826153846, 22762.422769230765], [8243.688246153844, 22747.042753846148], [8228.30823076923, 22731.66273846153], [8212.928215384614, 22716.282723076918], [8197.5482, 22700.9027076923], [8182.168184615382, 22685.522692307688], [8166.788169230768, 22670.14267692307], [8151.408153846152, 22654.762661538454], [8136.028138461537, 22639.38264615384], [8120.648123076921, 22624.002630769224], [8105.268107692306, 22608.62261538461], [8089.888092307691, 22593.242599999994], [8074.508076923075, 22577.862584615377], [8059.12806153846, 22562.482569230764], [8043.748046153845, 22547.102553846147], [8012.988015384614, 22547.102553846147], [7997.607999999998, 22531.722538461534], [7982.227984615383, 22516.342523076917], [7951.467953846152, 22516.342523076917], [7936.087938461537, 22500.9625076923], [7920.707923076922, 22485.582492307687], [7889.947892307691, 22485.582492307687], [7874.567876923075, 22470.20247692307], [7859.18786153846, 22454.822461538457], [7828.427830769229, 22454.822461538457], [7797.667799999998, 22454.822461538457], [7782.287784615383, 22439.44244615384], [7766.907769230768, 22424.062430769223], [7736.147738461537, 22424.062430769223], [7705.387707692306, 22424.062430769223], [7674.627676923075, 22424.062430769223], [7643.867646153845, 22424.062430769223], [7613.107615384614, 22424.062430769223], [7582.347584615383, 22424.062430769223], [7551.587553846152, 22424.062430769223], [7520.827523076922, 22424.062430769223], [7505.447507692306, 22439.44244615384], [7490.067492307691, 22454.822461538457], [7459.30746153846, 22454.822461538457], [7428.547430769229, 22454.822461538457], [7413.167415384614, 22470.20247692307], [7397.787399999999, 22485.582492307687], [7367.027369230768, 22485.582492307687], [7351.647353846152, 22500.9625076923], [7336.267338461537, 22516.342523076917], [7305.507307692306, 22516.342523076917], [7290.127292307691, 22531.722538461534], [7274.747276923076, 22547.102553846147], [7259.36726153846, 22562.482569230764], [7243.987246153845, 22577.862584615377], [7228.607230769229, 22593.242599999994], [7213.227215384614, 22608.62261538461], [7197.847199999999, 22624.002630769224], [7182.467184615383, 22639.38264615384], [7167.087169230768, 22654.762661538454], [7151.707153846152, 22670.14267692307], [7136.327138461537, 22685.522692307688], [7120.947123076922, 22700.9027076923], [7105.567107692306, 22716.282723076918], [7090.187092307691, 22731.66273846153], [7074.807076923076, 22747.042753846148], [7059.42706153846, 22762.422769230765], [7044.047046153845, 22777.80278461538], [7028.667030769229, 22793.182799999995], [7013.287015384614, 22808.56281538461], [7013.287015384614, 22839.32284615384], [6997.906999999999, 22854.702861538455], [6982.526984615383, 22870.082876923072], [6982.526984615383, 22900.842907692302], [6967.146969230768, 22916.222923076915], [6951.766953846153, 22931.602938461532], [6951.766953846153, 22962.362969230762], [6951.766953846153, 22993.122999999992], [6936.386938461537, 23008.50301538461], [6921.006923076922, 23023.883030769226], [6921.006923076922, 23054.643061538456], [6921.006923076922, 23085.403092307686], [6921.006923076922, 23116.163123076916], [6921.006923076922, 23146.923153846146], [6921.006923076922, 23177.68318461538], [6921.006923076922, 23208.44321538461], [6936.386938461537, 23223.823230769223], [6951.766953846153, 23239.20324615384], [6951.766953846153, 23269.96327692307], [6951.766953846153, 23300.7233076923], [6967.146969230768, 23316.103323076917], [6982.526984615383, 23331.483338461534], [6982.526984615383, 23362.243369230764], [6997.906999999999, 23377.623384615377], [7013.287015384614, 23393.003399999994], [7013.287015384614, 23423.763430769224], [7028.667030769229, 23439.14344615384], [7044.047046153845, 23454.523461538454], [7059.42706153846, 23469.90347692307], [7074.807076923076, 23485.283492307684], [7090.187092307691, 23500.6635076923], [7105.567107692306, 23516.043523076918], [7120.947123076922, 23531.42353846153], [7136.327138461537, 23546.803553846148], [7151.707153846152, 23562.18356923076], [7167.087169230768, 23577.56358461538], [7182.467184615383, 23592.943599999995], [7197.847199999999, 23608.32361538461], [7213.227215384614, 23623.703630769225], [7228.607230769229, 23639.08364615384], [7243.987246153845, 23654.463661538455], [7259.36726153846, 23669.843676923072], [7274.747276923076, 23685.223692307685], [7305.507307692306, 23685.223692307685], [7320.887323076922, 23700.603707692302], [7336.267338461537, 23715.983723076915], [7367.027369230768, 23715.983723076915], [7382.407384615383, 23731.363738461532], [7397.787399999999, 23746.74375384615], [7428.547430769229, 23746.74375384615], [7443.927446153845, 23762.123769230762], [7459.30746153846, 23777.50378461538], [7490.067492307691, 23777.50378461538], [7520.827523076922, 23777.50378461538], [7536.207538461537, 23792.883799999992], [7551.587553846152, 23808.26381538461], [7582.347584615383, 23808.26381538461], [7613.107615384614, 23808.26381538461], [7643.867646153845, 23808.26381538461], [7674.627676923075, 23808.26381538461], [7705.387707692306, 23808.26381538461], [7736.147738461537, 23808.26381538461], [7766.907769230768, 23808.26381538461], [7797.667799999998, 23808.26381538461], [7813.047815384614, 23792.883799999992], [7828.427830769229, 23777.50378461538], [7859.18786153846, 23777.50378461538], [7889.947892307691, 23777.50378461538], [7905.327907692306, 23762.123769230762], [7920.707923076922, 23746.74375384615], [7951.467953846152, 23746.74375384615], [7966.847969230768, 23731.363738461532], [7982.227984615383, 23715.983723076915], [8012.988015384614, 23715.983723076915], [8028.368030769229, 23700.603707692302], [8043.748046153845, 23685.223692307685], [8059.12806153846, 23669.843676923072], [8074.508076923075, 23654.463661538455], [8089.888092307691, 23639.08364615384], [8105.268107692306, 23623.703630769225], [8120.648123076921, 23608.32361538461], [8136.028138461537, 23592.943599999995], [8151.408153846152, 23577.56358461538], [8166.788169230768, 23562.18356923076], [8182.168184615382, 23546.803553846148], [8197.5482, 23531.42353846153], [8212.928215384614, 23516.043523076918], [8228.30823076923, 23500.6635076923], [8243.688246153844, 23485.283492307684], [8259.06826153846, 23469.90347692307], [8274.448276923076, 23454.523461538454], [8289.828292307691, 23439.14344615384], [8305.208307692306, 23423.763430769224], [8305.208307692306, 23393.003399999994], [8320.588323076921, 23377.623384615377], [8335.968338461536, 23362.243369230764], [8335.968338461536, 23331.483338461534], [8351.348353846153, 23316.103323076917], [8366.728369230768, 23300.7233076923], [8382.108384615383, 23285.343292307687], [8397.488399999998, 23300.7233076923], [8412.868415384613, 23316.103323076917], [8428.24843076923, 23331.483338461534], [8443.628446153845, 23346.863353846147], [8459.00846153846, 23362.243369230764], [8459.00846153846, 23393.003399999994], [8459.00846153846, 23423.763430769224], [8459.00846153846, 23454.523461538454], [8459.00846153846, 23485.283492307684], [8443.628446153845, 23500.6635076923], [8428.24843076923, 23516.043523076918], [8412.868415384613, 23531.42353846153], [8397.488399999998, 23546.803553846148], [8382.108384615383, 23562.18356923076], [8366.728369230768, 23577.56358461538], [8351.348353846153, 23592.943599999995], [8335.968338461536, 23608.32361538461], [8320.588323076921, 23623.703630769225], [8305.208307692306, 23639.08364615384], [8305.208307692306, 23669.843676923072], [8289.828292307691, 23685.223692307685], [8274.448276923076, 23700.603707692302], [8274.448276923076, 23731.363738461532], [8274.448276923076, 23762.123769230762], [8274.448276923076, 23792.883799999992], [8274.448276923076, 23823.643830769226], [8274.448276923076, 23854.403861538456], [8259.06826153846, 23869.78387692307], [8243.688246153844, 23885.163892307686], [8243.688246153844, 23915.923923076916], [8243.688246153844, 23946.683953846146], [8228.30823076923, 23962.063969230763], [8212.928215384614, 23977.44398461538], [8212.928215384614, 24008.20401538461], [8197.5482, 24023.584030769223], [8182.168184615382, 24038.96404615384], [8182.168184615382, 24069.72407692307], [8166.788169230768, 24085.104092307687], [8151.408153846152, 24100.4841076923], [8151.408153846152, 24131.24413846153], [8151.408153846152, 24162.004169230764], [8136.028138461537, 24177.384184615377], [8120.648123076921, 24192.764199999994], [8105.268107692306, 24208.144215384607], [8089.888092307691, 24223.524230769224], [8074.508076923075, 24238.90424615384], [8059.12806153846, 24254.284261538454], [8059.12806153846, 24285.044292307684], [8043.748046153845, 24300.4243076923], [8012.988015384614, 24300.4243076923], [7982.227984615383, 24300.4243076923], [7951.467953846152, 24300.4243076923], [7936.087938461537, 24315.804323076918], [7920.707923076922, 24331.18433846153]]]}, "properties": {"objectType": "annotation", "name": "P3_1_T|deep_20", "classification": {"name": "deep", "color": [144, 133, 233]}, "lesion_id": 20, "section": "P3_1_T", "area_um2": 275049.9999999997, "lesion_ids": [20]}}]}