{"type": "FeatureCollection", "features": [{"type": "Feature", "geometry": {"type": "Polygon", "coordinates": [[[8825.0, 1340.0], [8820.0, 1335.0], [8815.0, 1330.0], [8810.0, 1325.0], [8805.0, 1320.0], [8800.0, 1315.0], [8795.0, 1310.0], [8790.0, 1305.0], [8785.0, 1300.0], [8780.0, 1295.0], [8775.0, 1290.0], [8770.0, 1285.0], [8765.0, 1280.0], [8760.0, 1275.0], [8760.0, 1265.0], [8755.0, 1260.0], [8750.0, 1255.0], [8750.0, 1245.0], [8750.0, 1235.0], [8750.0, 1225.0], [8745.0, 1220.0], [8740.0, 1215.0], [8735.0, 1210.0], [8730.0, 1205.0], [8725.0, 1200.0], [8720.0, 1195.0], [8715.0, 1190.0], [8710.0, 1185.0], [8715.0, 1180.0], [8725.0, 1180.0], [8730.0, 1175.0], [8735.0, 1170.0], [8745.0, 1170.0], [8755.0, 1170.0], [8765.0, 1170.0], [8775.0, 1170.0], [8785.0, 1170.0], [8795.0, 1170.0], [8805.0, 1170.0], [8815.0, 1170.0], [8825.0, 1170.0], [8830.0, 1175.0], [8835.0, 1180.0], [8845.0, 1180.0], [8855.0, 1180.0], [8865.0, 1180.0], [8875.0, 1180.0], [8880.0, 1175.0], [8885.0, 1170.0], [8895.0, 1170.0], [8905.0, 1170.0], [8910.0, 1165.0], [8915.0, 1160.0], [8925.0, 1160.0], [8935.0, 1160.0], [8945.0, 1160.0], [8950.0, 1155.0], [8955.0, 1150.0], [8960.0, 1155.0], [8960.0, 1165.0], [8960.0, 1175.0], [8955.0, 1180.0], [8950.0, 1185.0], [8945.0, 1190.0], [8940.0, 1195.0], [8935.0, 1200.0], [8925.0, 1200.0], [8915.0, 1200.0], [8910.0, 1205.0], [8905.0, 1210.0], [8900.0, 1215.0], [8895.0, 1220.0], [8890.0, 1225.0], [8890.0, 1235.0], [8885.0, 1240.0], [8880.0, 1245.0], [8875.0, 1250.0], [8870.0, 1255.0], [8865.0, 1260.0], [8860.0, 1265.0], [8855.0, 1270.0], [8850.0, 1275.0], [8845.0, 1280.0], [8840.0, 1285.0], [8835.0, 1290.0], [8830.0, 1295.0], [8835.0, 1300.0], [8840.0, 1305.0], [8845.0, 1310.0], [8850.0, 1315.0], [8845.0, 1320.0], [8840.0, 1325.0], [8835.0, 1330.0], [8830.0, 1335.0], [8825.0, 1340.0]]]}, "properties": {"objectType": "annotation", "name": "R1_2_T|lesion_1", "classification": {"name": "lesion", "color": [255, 0, 0]}, "lesion_id": 1, "section": "R1_2_T", "area_um2": 20150.0}}, {"type": "Feature", "geometry": {"type": "Polygon", "coordinates": [[[8815.0, 1230.0], [8810.0, 1225.0], [8810.0, 1215.0], [8805.0, 1210.0], [8800.0, 1205.0], [8805.0, 1200.0], [8815.0, 1200.0], [8820.0, 1195.0], [8825.0, 1190.0], [8835.0, 1190.0], [8840.0, 1195.0], [8840.0, 1205.0], [8835.0, 1210.0], [8830.0, 1215.0], [8825.0, 1220.0], [8820.0, 1225.0], [8815.0, 1230.0]]]}, "properties": {"objectType": "annotation", "name": "R1_2_T|core_1", "classification": {"name": "core", "color": [230, 103, 103]}, "lesion_id": 1, "section": "R1_2_T", "area_um2": 850.0}}, {"type": "Feature", "geometry": {"type": "Polygon", "coordinates": [[[8825.0, 1340.0], [8820.0, 1335.0], [8815.0, 1330.0], [8810.0, 1325.0], [8805.0, 1320.0], [8800.0, 1315.0], [8795.0, 1310.0], [8790.0, 1305.0], [8785.0, 1300.0], [8780.0, 1295.0], [8775.0, 1290.0], [8770.0, 1285.0], [8765.0, 1280.0], [8760.0, 1275.0], [8760.0, 1265.0], [8755.0, 1260.0], [8750.0, 1255.0], [8750.0, 1245.0], [8750.0, 1235.0], [8750.0, 1225.0], [8745.0, 1220.0], [8740.0, 1215.0], [8735.0, 1210.0], [8730.0, 1205.0], [8725.0, 1200.0], [8720.0, 1195.0], [8715.0, 1190.0], [8710.0, 1185.0], [8715.0, 1180.0], [8725.0, 1180.0], [8730.0, 1175.0], [8735.0, 1170.0], [8745.0, 1170.0], [8755.0, 1170.0], [8765.0, 1170.0], [8775.0, 1170.0], [8785.0, 1170.0], [8795.0, 1170.0], [8805.0, 1170.0], [8815.0, 1170.0], [8825.0, 1170.0], [8830.0, 1175.0], [8835.0, 1180.0], [8845.0, 1180.0], [8855.0, 1180.0], [8865.0, 1180.0], [8875.0, 1180.0], [8880.0, 1175.0], [8885.0, 1170.0], [8895.0, 1170.0], [8905.0, 1170.0], [8910.0, 1165.0], [8915.0, 1160.0], [8925.0, 1160.0], [8935.0, 1160.0], [8945.0, 1160.0], [8950.0, 1155.0], [8955.0, 1150.0], [8960.0, 1155.0], [8960.0, 1165.0], [8960.0, 1175.0], [8955.0, 1180.0], [8950.0, 1185.0], [8945.0, 1190.0], [8940.0, 1195.0], [8935.0, 1200.0], [8925.0, 1200.0], [8915.0, 1200.0], [8910.0, 1205.0], [8905.0, 1210.0], [8900.0, 1215.0], [8895.0, 1220.0], [8890.0, 1225.0], [8890.0, 1235.0], [8885.0, 1240.0], [8880.0, 1245.0], [8875.0, 1250.0], [8870.0, 1255.0], [8865.0, 1260.0], [8860.0, 1265.0], [8855.0, 1270.0], [8850.0, 1275.0], [8845.0, 1280.0], [8840.0, 1285.0], [8835.0, 1290.0], [8830.0, 1295.0], [8835.0, 1300.0], [8840.0, 1305.0], [8845.0, 1310.0], [8850.0, 1315.0], [8845.0, 1320.0], [8840.0, 1325.0], [8835.0, 1330.0], [8830.0, 1335.0], [8825.0, 1340.0]], [[8820.0, 1225.0], [8825.0, 1220.0], [8830.0, 1215.0], [8835.0, 1210.0], [8840.0, 1205.0], [8840.0, 1195.0], [8835.0, 1190.0], [8825.0, 1190.0], [8820.0, 1195.0], [8815.0, 1200.0], [8805.0, 1200.0], [8800.0, 1205.0], [8805.0, 1210.0], [8810.0, 1215.0], [8810.0, 1225.0], [8815.0, 1230.0], [8820.0, 1225.0]]]}, "properties": {"objectType": "annotation", "name": "R1_2_T|rim_1", "classification": {"name": "rim", "color": [201, 133, 0]}, "lesion_id": 1, "section": "R1_2_T", "area_um2": 19300.0}}, {"type": "Feature", "geometry": {"type": "Polygon", "coordinates": [[[6505.0, 1370.0], [6495.0, 1370.0], [6490.0, 1365.0], [6485.0, 1360.0], [6475.0, 1360.0], [6470.0, 1355.0], [6465.0, 1350.0], [6460.0, 1345.0], [6455.0, 1340.0], [6450.0, 1335.0], [6445.0, 1330.0], [6435.0, 1330.0], [6430.0, 1325.0], [6425.0, 1320.0], [6420.0, 1315.0], [6415.0, 1310.0], [6410.0, 1305.0], [6405.0, 1300.0], [6400.0, 1295.0], [6405.0, 1290.0], [6410.0, 1285.0], [6415.0, 1280.0], [6420.0, 1275.0], [6420.0, 1265.0], [6425.0, 1260.0], [6430.0, 1255.0], [6435.0, 1250.0], [6440.0, 1245.0], [6440.0, 1235.0], [6445.0, 1230.0], [6455.0, 1230.0], [6460.0, 1225.0], [6465.0, 1220.0], [6470.0, 1215.0], [6475.0, 1210.0], [6485.0, 1210.0], [6495.0, 1210.0], [6505.0, 1210.0], [6515.0, 1210.0], [6520.0, 1215.0], [6525.0, 1220.0], [6535.0, 1220.0], [6540.0, 1215.0], [6545.0, 1210.0], [6555.0, 1210.0], [6565.0, 1210.0], [6570.0, 1205.0], [6575.0, 1200.0], [6585.0, 1200.0], [6590.0, 1195.0], [6595.0, 1190.0], [6605.0, 1190.0], [6615.0, 1190.0], [6625.0, 1190.0], [6630.0, 1185.0], [6635.0, 1180.0], [6645.0, 1180.0], [6655.0, 1180.0], [6665.0, 1180.0], [6675.0, 1180.0], [6680.0, 1185.0], [6685.0, 1190.0], [6695.0, 1190.0], [6705.0, 1190.0], [6710.0, 1195.0], [6715.0, 1200.0], [6720.0, 1205.0], [6720.0, 1215.0], [6720.0, 1225.0], [6720.0, 1235.0], [6715.0, 1240.0], [6710.0, 1245.0], [6710.0, 1255.0], [6705.0, 1260.0], [6700.0, 1265.0], [6700.0, 1275.0], [6695.0, 1280.0], [6690.0, 1285.0], [6685.0, 1290.0], [6680.0, 1295.0], [6680.0, 1305.0], [6675.0, 1310.0], [6670.0, 1315.0], [6665.0, 1320.0], [6660.0, 1325.0], [6655.0, 1330.0], [6645.0, 1330.0], [6635.0, 1330.0], [6625.0, 1330.0], [6615.0, 1330.0], [6610.0, 1335.0], [6605.0, 1340.0], [6595.0, 1340.0], [6585.0, 1340.0], [6575.0, 1340.0], [6565.0, 1340.0], [6560.0, 1345.0], [6555.0, 1350.0], [6550.0, 1355.0], [6545.0, 1360.0], [6535.0, 1360.0], [6525.0, 1360.0], [6515.0, 1360.0], [6510.0, 1365.0], [6505.0, 1370.0]]]}, "properties": {"objectType": "annotation", "name": "P3_1_C|lesion_2", "classification": {"name": "lesion", "color": [255, 0, 0]}, "lesion_id": 2, "section": "P3_1_C", "area_um2": 38650.0}}, {"type": "Feature", "geometry": {"type": "Polygon", "coordinates": [[[6515.0, 1310.0], [6505.0, 1310.0], [6500.0, 1305.0], [6495.0, 1300.0], [6490.0, 1295.0], [6485.0, 1290.0], [6480.0, 1285.0], [6480.0, 1275.0], [6485.0, 1270.0], [6490.0, 1265.0], [6495.0, 1260.0], [6500.0, 1255.0], [6505.0, 1250.0], [6515.0, 1250.0], [6525.0, 1250.0], [6530.0, 1245.0], [6535.0, 1240.0], [6545.0, 1240.0], [6555.0, 1240.0], [6565.0, 1240.0], [6570.0, 1235.0], [6575.0, 1230.0], [6585.0, 1230.0], [6595.0, 1230.0], [6600.0, 1225.0], [6605.0, 1220.0], [6615.0, 1220.0], [6625.0, 1220.0], [6635.0, 1220.0], [6640.0, 1225.0], [6645.0, 1230.0], [6655.0, 1230.0], [6660.0, 1235.0], [6655.0, 1240.0], [6650.0, 1245.0], [6645.0, 1250.0], [6640.0, 1255.0], [6640.0, 1265.0], [6635.0, 1270.0], [6630.0, 1275.0], [6625.0, 1280.0], [6615.0, 1280.0], [6605.0, 1280.0], [6595.0, 1280.0], [6590.0, 1285.0], [6585.0, 1290.0], [6575.0, 1290.0], [6565.0, 1290.0], [6555.0, 1290.0], [6545.0, 1290.0], [6540.0, 1295.0], [6535.0, 1300.0], [6525.0, 1300.0], [6520.0, 1305.0], [6515.0, 1310.0]]]}, "properties": {"objectType": "annotation", "name": "P3_1_C|core_2", "classification": {"name": "core", "color": [230, 103, 103]}, "lesion_id": 2, "section": "P3_1_C", "area_um2": 8650.0}}, {"type": "Feature", "geometry": {"type": "Polygon", "coordinates": [[[6505.0, 1370.0], [6495.0, 1370.0], [6490.0, 1365.0], [6485.0, 1360.0], [6475.0, 1360.0], [6470.0, 1355.0], [6465.0, 1350.0], [6460.0, 1345.0], [6455.0, 1340.0], [6450.0, 1335.0], [6445.0, 1330.0], [6435.0, 1330.0], [6430.0, 1325.0], [6425.0, 1320.0], [6420.0, 1315.0], [6415.0, 1310.0], [6410.0, 1305.0], [6405.0, 1300.0], [6400.0, 1295.0], [6405.0, 1290.0], [6410.0, 1285.0], [6415.0, 1280.0], [6420.0, 1275.0], [6420.0, 1265.0], [6425.0, 1260.0], [6430.0, 1255.0], [6435.0, 1250.0], [6440.0, 1245.0], [6440.0, 1235.0], [6445.0, 1230.0], [6455.0, 1230.0], [6460.0, 1225.0], [6465.0, 1220.0], [6470.0, 1215.0], [6475.0, 1210.0], [6485.0, 1210.0], [6495.0, 1210.0], [6505.0, 1210.0], [6515.0, 1210.0], [6520.0, 1215.0], [6525.0, 1220.0], [6535.0, 1220.0], [6540.0, 1215.0], [6545.0, 1210.0], [6555.0, 1210.0], [6565.0, 1210.0], [6570.0, 1205.0], [6575.0, 1200.0], [6585.0, 1200.0], [6590.0, 1195.0], [6595.0, 1190.0], [6605.0, 1190.0], [6615.0, 1190.0], [6625.0, 1190.0], [6630.0, 1185.0], [6635.0, 1180.0], [6645.0, 1180.0], [6655.0, 1180.0], [6665.0, 1180.0], [6675.0, 1180.0], [6680.0, 1185.0], [6685.0, 1190.0], [6695.0, 1190.0], [6705.0, 1190.0], [6710.0, 1195.0], [6715.0, 1200.0], [6720.0, 1205.0], [6720.0, 1215.0], [6720.0, 1225.0], [6720.0, 1235.0], [6715.0, 1240.0], [6710.0, 1245.0], [6710.0, 1255.0], [6705.0, 1260.0], [6700.0, 1265.0], [6700.0, 1275.0], [6695.0, 1280.0], [6690.0, 1285.0], [6685.0, 1290.0], [6680.0, 1295.0], [6680.0, 1305.0], [6675.0, 1310.0], [6670.0, 1315.0], [6665.0, 1320.0], [6660.0, 1325.0], [6655.0, 1330.0], [6645.0, 1330.0], [6635.0, 1330.0], [6625.0, 1330.0], [6615.0, 1330.0], [6610.0, 1335.0], [6605.0, 1340.0], [6595.0, 1340.0], [6585.0, 1340.0], [6575.0, 1340.0], [6565.0, 1340.0], [6560.0, 1345.0], [6555.0, 1350.0], [6550.0, 1355.0], [6545.0, 1360.0], [6535.0, 1360.0], [6525.0, 1360.0], [6515.0, 1360.0], [6510.0, 1365.0], [6505.0, 1370.0]], [[6520.0, 1305.0], [6525.0, 1300.0], [6535.0, 1300.0], [6540.0, 1295.0], [6545.0, 1290.0], [6555.0, 1290.0], [6565.0, 1290.0], [6575.0, 1290.0], [6585.0, 1290.0], [6590.0, 1285.0], [6595.0, 1280.0], [6605.0, 1280.0], [6615.0, 1280.0], [6625.0, 1280.0], [6630.0, 1275.0], [6635.0, 1270.0], [6640.0, 1265.0], [6640.0, 1255.0], [6645.0, 1250.0], [6650.0, 1245.0], [6655.0, 1240.0], [6660.0, 1235.0], [6655.0, 1230.0], [6645.0, 1230.0], [6640.0, 1225.0], [6635.0, 1220.0], [6625.0, 1220.0], [6615.0, 1220.0], [6605.0, 1220.0], [6600.0, 1225.0], [6595.0, 1230.0], [6585.0, 1230.0], [6575.0, 1230.0], [6570.0, 1235.0], [6565.0, 1240.0], [6555.0, 1240.0], [6545.0, 1240.0], [6535.0, 1240.0], [6530.0, 1245.0], [6525.0, 1250.0], [6515.0, 1250.0], [6505.0, 1250.0], [6500.0, 1255.0], [6495.0, 1260.0], [6490.0, 1265.0], [6485.0, 1270.0], [6480.0, 1275.0], [6480.0, 1285.0], [6485.0, 1290.0], [6490.0, 1295.0], [6495.0, 1300.0], [6500.0, 1305.0], [6505.0, 1310.0], [6515.0, 1310.0], [6520.0, 1305.0]]]}, "properties": {"objectType": "annotation", "name": "P3_1_C|rim_2", "classification": {"name": "rim", "color": [201, 133, 0]}, "lesion_id": 2, "section": "P3_1_C", "area_um2": 30000.0}}, {"type": "Feature", "geometry": {"type": "Polygon", "coordinates": [[[7615.0, 2200.0], [7610.0, 2195.0], [7605.0, 2190.0], [7600.0, 2185.0], [7595.0, 2180.0], [7590.0, 2175.0], [7585.0, 2170.0], [7580.0, 2165.0], [7575.0, 2160.0], [7570.0, 2155.0], [7570.0, 2145.0], [7565.0, 2140.0], [7560.0, 2135.0], [7555.0, 2130.0], [7550.0, 2125.0], [7550.0, 2115.0], [7550.0, 2105.0], [7550.0, 2095.0], [7550.0, 2085.0], [7550.0, 2075.0], [7550.0, 2065.0], [7545.0, 2060.0], [7540.0, 2055.0], [7540.0, 2045.0], [7540.0, 2035.0], [7535.0, 2030.0], [7530.0, 2025.0], [7530.0, 2015.0], [7525.0, 2010.0], [7520.0, 2005.0], [7515.0, 2000.0], [7510.0, 1995.0], [7505.0, 1990.0], [7500.0, 1985.0], [7495.0, 1980.0], [7485.0, 1980.0], [7475.0, 1980.0], [7465.0, 1980.0], [7460.0, 1975.0], [7455.0, 1970.0], [7445.0, 1970.0], [7435.0, 1970.0], [7425.0, 1970.0], [7420.0, 1975.0], [7415.0, 1980.0], [7405.0, 1980.0], [7395.0, 1980.0], [7385.0, 1980.0], [7380.0, 1975.0], [7375.0, 1970.0], [7370.0, 1965.0], [7365.0, 1960.0], [7360.0, 1955.0], [7365.0, 1950.0], [7370.0, 1945.0], [7365.0, 1940.0], [7360.0, 1935.0], [7355.0, 1930.0], [7350.0, 1925.0], [7355.0, 1920.0], [7360.0, 1915.0], [7355.0, 1910.0], [7350.0, 1905.0], [7350.0, 1895.0], [7350.0, 1885.0], [7350.0, 1875.0], [7345.0, 1870.0], [7340.0, 1865.0], [7340.0, 1855.0], [7345.0, 1850.0], [7350.0, 1845.0], [7355.0, 1840.0], [7360.0, 1835.0], [7365.0, 1830.0], [7370.0, 1825.0], [7375.0, 1820.0], [7380.0, 1815.0], [7385.0, 1810.0], [7390.0, 1805.0], [7390.0, 1795.0], [7385.0, 1790.0], [7380.0, 1785.0], [7380.0, 1775.0], [7375.0, 1770.0], [7370.0, 1765.0], [7370.0, 1755.0], [7365.0, 1750.0], [7360.0, 1745.0], [7355.0, 1740.0], [7350.0, 1735.0], [7345.0, 1730.0], [7340.0, 1725.0], [7335.0, 1720.0], [7330.0, 1715.0], [7325.0, 1710.0], [7320.0, 1705.0], [7320.0, 1695.0], [7315.0, 1690.0], [7310.0, 1685.0], [7305.0, 1680.0], [7300.0, 1675.0], [7295.0, 1670.0], [7290.0, 1665.0], [7285.0, 1660.0], [7280.0, 1655.0], [7275.0, 1650.0], [7270.0, 1645.0], [7270.0, 1635.0], [7270.0, 1625.0], [7270.0, 1615.0], [7265.0, 1610.0], [7260.0, 1605.0], [7260.0, 1595.0], [7255.0, 1590.0], [7250.0, 1585.0], [7245.0, 1580.0], [7240.0, 1575.0], [7235.0, 1570.0], [7225.0, 1570.0], [7220.0, 1565.0], [7215.0, 1560.0], [7210.0, 1555.0], [7205.0, 1550.0], [7195.0, 1550.0], [7190.0, 1545.0], [7185.0, 1540.0], [7175.0, 1540.0], [7165.0, 1540.0], [7160.0, 1535.0], [7155.0, 1530.0], [7145.0, 1530.0], [7140.0, 1535.0], [7135.0, 1540.0], [7130.0, 1545.0], [7125.0, 1550.0], [7115.0, 1550.0], [7105.0, 1550.0], [7100.0, 1545.0], [7095.0, 1540.0], [7085.0, 1540.0], [7080.0, 1535.0], [7075.0, 1530.0], [7070.0, 1525.0], [7065.0, 1520.0], [7060.0, 1515.0], [7055.0, 1510.0], [7050.0, 1505.0], [7050.0, 1495.0], [7045.0, 1490.0], [7040.0, 1485.0], [7035.0, 1480.0], [7030.0, 1475.0], [7030.0, 1465.0], [7035.0, 1460.0], [7040.0, 1455.0], [7045.0, 1450.0], [7050.0, 1445.0], [7050.0, 1435.0], [7055.0, 1430.0], [7060.0, 1425.0], [7060.0, 1415.0], [7055.0, 1410.0], [7050.0, 1405.0], [7045.0, 1400.0], [7040.0, 1395.0], [7035.0, 1390.0], [7030.0, 1385.0], [7025.0, 1380.0], [7015.0, 1380.0], [7005.0, 1380.0], [6995.0, 1380.0], [6985.0, 1380.0], [6975.0, 1380.0], [6970.0, 1385.0], [6965.0, 1390.0], [6960.0, 1385.0], [6955.0, 1380.0], [6950.0, 1385.0], [6945.0, 1390.0], [6940.0, 1395.0], [6935.0, 1400.0], [6930.0, 1405.0], [6925.0, 1410.0], [6920.0, 1415.0], [6915.0, 1420.0], [6905.0, 1420.0], [6895.0, 1420.0], [6890.0, 1425.0], [6885.0, 1430.0], [6875.0, 1430.0], [6865.0, 1430.0], [6860.0, 1425.0], [6855.0, 1420.0], [6850.0, 1415.0], [6845.0, 1410.0], [6840.0, 1405.0], [6835.0, 1400.0], [6830.0, 1395.0], [6825.0, 1390.0], [6820.0, 1385.0], [6825.0, 1380.0], [6830.0, 1375.0], [6830.0, 1365.0], [6825.0, 1360.0], [6820.0, 1355.0], [6825.0, 1350.0], [6830.0, 1345.0], [6835.0, 1340.0], [6840.0, 1335.0], [6835.0, 1330.0], [6830.0, 1325.0], [6830.0, 1315.0], [6830.0, 1305.0], [6830.0, 1295.0], [6825.0, 1290.0], [6820.0, 1285.0], [6820.0, 1275.0], [6815.0, 1270.0], [6810.0, 1265.0], [6810.0, 1255.0], [6810.0, 1245.0], [6810.0, 1235.0], [6810.0, 1225.0], [6810.0, 1215.0], [6810.0, 1205.0], [6815.0, 1200.0], [6825.0, 1200.0], [6835.0, 1200.0], [6845.0, 1200.0], [6850.0, 1205.0], [6855.0, 1210.0], [6865.0, 1210.0], [6870.0, 1205.0], [6875.0, 1200.0], [6880.0, 1205.0], [6885.0, 1210.0], [6895.0, 1210.0], [6900.0, 1215.0], [6905.0, 1220.0], [6910.0, 1225.0], [6915.0, 1230.0], [6920.0, 1225.0], [6925.0, 1220.0], [6930.0, 1225.0], [6935.0, 1230.0], [6945.0, 1230.0], [6955.0, 1230.0], [6960.0, 1235.0], [6965.0, 1240.0], [6975.0, 1240.0], [6985.0, 1240.0], [6995.0, 1240.0], [7005.0, 1240.0], [7015.0, 1240.0], [7025.0, 1240.0], [7030.0, 1245.0], [7035.0, 1250.0], [7045.0, 1250.0], [7055.0, 1250.0], [7060.0, 1245.0], [7065.0, 1240.0], [7075.0, 1240.0], [7080.0, 1245.0], [7085.0, 1250.0], [7095.0, 1250.0], [7100.0, 1255.0], [7105.0, 1260.0], [7110.0, 1265.0], [7115.0, 1270.0], [7125.0, 1270.0], [7130.0, 1275.0], [7135.0, 1280.0], [7140.0, 1285.0], [7145.0, 1290.0], [7150.0, 1295.0], [7155.0, 1300.0], [7160.0, 1305.0], [7165.0, 1310.0], [7170.0, 1315.0], [7175.0, 1320.0], [7180.0, 1325.0], [7185.0, 1330.0], [7190.0, 1335.0], [7195.0, 1340.0], [7200.0, 1345.0], [7200.0, 1355.0], [7205.0, 1360.0], [7210.0, 1365.0], [7210.0, 1375.0], [7215.0, 1380.0], [7220.0, 1385.0], [7220.0, 1395.0], [7225.0, 1400.0], [7230.0, 1405.0], [7235.0, 1410.0], [7240.0, 1415.0], [7245.0, 1420.0], [7255.0, 1420.0], [7265.0, 1420.0], [7270.0, 1425.0], [7275.0, 1430.0], [7280.0, 1435.0], [7280.0, 1445.0], [7285.0, 1450.0], [7290.0, 1455.0], [7295.0, 1460.0], [7300.0, 1465.0], [7305.0, 1470.0], [7310.0, 1475.0], [7315.0, 1480.0], [7320.0, 1485.0], [7325.0, 1490.0], [7330.0, 1495.0], [7335.0, 1500.0], [7340.0, 1505.0], [7340.0, 1515.0], [7345.0, 1520.0], [7350.0, 1525.0], [7350.0, 1535.0], [7350.0, 1545.0], [7355.0, 1550.0], [7360.0, 1555.0], [7360.0, 1565.0], [7365.0, 1570.0], [7370.0, 1575.0], [7370.0, 1585.0], [7375.0, 1590.0], [7380.0, 1595.0], [7385.0, 1600.0], [7390.0, 1605.0], [7390.0, 1615.0], [7395.0, 1620.0], [7400.0, 1625.0], [7405.0, 1630.0], [7410.0, 1635.0], [7405.0, 1640.0], [7395.0, 1640.0], [7390.0, 1645.0], [7385.0, 1650.0], [7380.0, 1655.0], [7385.0, 1660.0], [7395.0, 1660.0], [7405.0, 1660.0], [7410.0, 1655.0], [7415.0, 1650.0], [7420.0, 1655.0], [7420.0, 1665.0], [7425.0, 1670.0], [7430.0, 1675.0], [7435.0, 1680.0], [7440.0, 1685.0], [7440.0, 1695.0], [7445.0, 1700.0], [7450.0, 1705.0], [7450.0, 1715.0], [7455.0, 1720.0], [7460.0, 1725.0], [7460.0, 1735.0], [7465.0, 1740.0], [7470.0, 1745.0], [7470.0, 1755.0], [7475.0, 1760.0], [7480.0, 1765.0], [7485.0, 1770.0], [7490.0, 1775.0], [7490.0, 1785.0], [7495.0, 1790.0], [7500.0, 1795.0], [7505.0, 1800.0], [7510.0, 1805.0], [7510.0, 1815.0], [7510.0, 1825.0], [7515.0, 1830.0], [7520.0, 1835.0], [7520.0, 1845.0], [7520.0, 1855.0], [7525.0, 1860.0], [7530.0, 1865.0], [7530.0, 1875.0], [7535.0, 1880.0], [7540.0, 1885.0], [7545.0, 1890.0], [7550.0, 1895.0], [7550.0, 1905.0], [7550.0, 1915.0], [7555.0, 1920.0], [7560.0, 1925.0], [7560.0, 1935.0], [7560.0, 1945.0], [7560.0, 1955.0], [7560.0, 1965.0], [7565.0, 1970.0], [7570.0, 1975.0], [7575.0, 1980.0], [7580.0, 1985.0], [7585.0, 1990.0], [7590.0, 1995.0], [7595.0, 2000.0], [7605.0, 2000.0], [7610.0, 2005.0], [7610.0, 2015.0], [7615.0, 2020.0], [7620.0, 2025.0], [7625.0, 2030.0], [7630.0, 2035.0], [7630.0, 2045.0], [7635.0, 2050.0], [7640.0, 2055.0], [7640.0, 2065.0], [7640.0, 2075.0], [7645.0, 2080.0], [7650.0, 2085.0], [7650.0, 2095.0], [7650.0, 2105.0], [7650.0, 2115.0], [7650.0, 2125.0], [7650.0, 2135.0], [7650.0, 2145.0], [7645.0, 2150.0], [7640.0, 2155.0], [7640.0, 2165.0], [7640.0, 2175.0], [7635.0, 2180.0], [7630.0, 2185.0], [7625.0, 2190.0], [7620.0, 2195.0], [7615.0, 2200.0]]]}, "properties": {"objectType": "annotation", "name": "P3_1_C|lesion_3", "classification": {"name": "lesion", "color": [255, 0, 0]}, "lesion_id": 3, "section": "P3_1_C", "area_um2": 175550.0}}, {"type": "Feature", "geometry": {"type": "Polygon", "coordinates": [[[7495.0, 1930.0], [7485.0, 1930.0], [7480.0, 1925.0], [7475.0, 1920.0], [7465.0, 1920.0], [7455.0, 1920.0], [7445.0, 1920.0], [7435.0, 1920.0], [7425.0, 1920.0], [7415.0, 1920.0], [7410.0, 1915.0], [7410.0, 1905.0], [7410.0, 1895.0], [7405.0, 1890.0], [7400.0, 1885.0], [7400.0, 1875.0], [7405.0, 1870.0], [7410.0, 1865.0], [7415.0, 1860.0], [7420.0, 1855.0], [7425.0, 1850.0], [7430.0, 1845.0], [7430.0, 1835.0], [7435.0, 1830.0], [7440.0, 1825.0], [7440.0, 1815.0], [7440.0, 1805.0], [7440.0, 1795.0], [7440.0, 1785.0], [7440.0, 1775.0], [7435.0, 1770.0], [7430.0, 1765.0], [7430.0, 1755.0], [7425.0, 1750.0], [7420.0, 1745.0], [7420.0, 1735.0], [7415.0, 1730.0], [7410.0, 1725.0], [7410.0, 1715.0], [7405.0, 1710.0], [7400.0, 1705.0], [7395.0, 1700.0], [7390.0, 1695.0], [7385.0, 1690.0], [7380.0, 1685.0], [7375.0, 1680.0], [7370.0, 1675.0], [7365.0, 1670.0], [7360.0, 1665.0], [7360.0, 1655.0], [7355.0, 1650.0], [7350.0, 1645.0], [7345.0, 1640.0], [7340.0, 1635.0], [7335.0, 1630.0], [7330.0, 1625.0], [7325.0, 1620.0], [7320.0, 1615.0], [7320.0, 1605.0], [7320.0, 1595.0], [7315.0, 1590.0], [7310.0, 1585.0], [7310.0, 1575.0], [7305.0, 1570.0], [7300.0, 1565.0], [7300.0, 1555.0], [7295.0, 1550.0], [7290.0, 1545.0], [7285.0, 1540.0], [7280.0, 1535.0], [7275.0, 1530.0], [7265.0, 1530.0], [7260.0, 1525.0], [7255.0, 1520.0], [7250.0, 1515.0], [7245.0, 1510.0], [7235.0, 1510.0], [7230.0, 1505.0], [7225.0, 1500.0], [7215.0, 1500.0], [7210.0, 1495.0], [7205.0, 1490.0], [7195.0, 1490.0], [7185.0, 1490.0], [7180.0, 1485.0], [7175.0, 1480.0], [7165.0, 1480.0], [7155.0, 1480.0], [7145.0, 1480.0], [7135.0, 1480.0], [7125.0, 1480.0], [7120.0, 1485.0], [7115.0, 1490.0], [7110.0, 1485.0], [7105.0, 1480.0], [7100.0, 1475.0], [7100.0, 1465.0], [7100.0, 1455.0], [7105.0, 1450.0], [7110.0, 1445.0], [7110.0, 1435.0], [7110.0, 1425.0], [7110.0, 1415.0], [7110.0, 1405.0], [7110.0, 1395.0], [7105.0, 1390.0], [7100.0, 1385.0], [7100.0, 1375.0], [7095.0, 1370.0], [7090.0, 1365.0], [7085.0, 1360.0], [7080.0, 1355.0], [7075.0, 1350.0], [7070.0, 1345.0], [7065.0, 1340.0], [7055.0, 1340.0], [7050.0, 1335.0], [7045.0, 1330.0], [7035.0, 1330.0], [7025.0, 1330.0], [7015.0, 1330.0], [7005.0, 1330.0], [6995.0, 1330.0], [6985.0, 1330.0], [6975.0, 1330.0], [6965.0, 1330.0], [6955.0, 1330.0], [6945.0, 1330.0], [6935.0, 1330.0], [6930.0, 1335.0], [6925.0, 1340.0], [6915.0, 1340.0], [6910.0, 1345.0], [6905.0, 1350.0], [6900.0, 1355.0], [6895.0, 1360.0], [6890.0, 1355.0], [6890.0, 1345.0], [6890.0, 1335.0], [6890.0, 1325.0], [6890.0, 1315.0], [6885.0, 1310.0], [6880.0, 1305.0], [6880.0, 1295.0], [6880.0, 1285.0], [6880.0, 1275.0], [6875.0, 1270.0], [6870.0, 1265.0], [6870.0, 1255.0], [6865.0, 1250.0], [6860.0, 1245.0], [6860.0, 1235.0], [6865.0, 1230.0], [6875.0, 1230.0], [6885.0, 1230.0], [6895.0, 1230.0], [6905.0, 1230.0], [6915.0, 1230.0], [6920.0, 1225.0], [6925.0, 1220.0], [6930.0, 1225.0], [6935.0, 1230.0], [6945.0, 1230.0], [6955.0, 1230.0], [6960.0, 1235.0], [6965.0, 1240.0], [6975.0, 1240.0], [6985.0, 1240.0], [6995.0, 1240.0], [7005.0, 1240.0], [7015.0, 1240.0], [7020.0, 1245.0], [7025.0, 1250.0], [7030.0, 1255.0], [7035.0, 1260.0], [7045.0, 1260.0], [7050.0, 1265.0], [7055.0, 1270.0], [7065.0, 1270.0], [7070.0, 1275.0], [7075.0, 1280.0], [7080.0, 1285.0], [7085.0, 1290.0], [7095.0, 1290.0], [7100.0, 1295.0], [7105.0, 1300.0], [7110.0, 1305.0], [7115.0, 1310.0], [7120.0, 1315.0], [7125.0, 1320.0], [7130.0, 1325.0], [7135.0, 1330.0], [7140.0, 1335.0], [7145.0, 1340.0], [7150.0, 1345.0], [7155.0, 1350.0], [7160.0, 1355.0], [7165.0, 1360.0], [7170.0, 1365.0], [7175.0, 1370.0], [7180.0, 1375.0], [7185.0, 1380.0], [7190.0, 1385.0], [7195.0, 1390.0], [7205.0, 1390.0], [7210.0, 1395.0], [7215.0, 1400.0], [7220.0, 1405.0], [7225.0, 1410.0], [7230.0, 1415.0], [7235.0, 1420.0], [7240.0, 1425.0], [7245.0, 1430.0], [7250.0, 1435.0], [7250.0, 1445.0], [7255.0, 1450.0], [7260.0, 1455.0], [7265.0, 1460.0], [7270.0, 1465.0], [7275.0, 1470.0], [7280.0, 1475.0], [7285.0, 1480.0], [7290.0, 1485.0], [7295.0, 1490.0], [7300.0, 1495.0], [7305.0, 1500.0], [7310.0, 1505.0], [7310.0, 1515.0], [7315.0, 1520.0], [7320.0, 1525.0], [7320.0, 1535.0], [7325.0, 1540.0], [7330.0, 1545.0], [7335.0, 1550.0], [7340.0, 1555.0], [7345.0, 1560.0], [7350.0, 1565.0], [7355.0, 1570.0], [7360.0, 1575.0], [7365.0, 1580.0], [7370.0, 1585.0], [7375.0, 1590.0], [7380.0, 1595.0], [7385.0, 1600.0], [7390.0, 1605.0], [7390.0, 1615.0], [7395.0, 1620.0], [7400.0, 1625.0], [7405.0, 1630.0], [7410.0, 1635.0], [7405.0, 1640.0], [7395.0, 1640.0], [7390.0, 1645.0], [7385.0, 1650.0], [7380.0, 1655.0], [7385.0, 1660.0], [7395.0, 1660.0], [7405.0, 1660.0], [7410.0, 1655.0], [7415.0, 1650.0], [7420.0, 1655.0], [7420.0, 1665.0], [7425.0, 1670.0], [7430.0, 1675.0], [7435.0, 1680.0], [7440.0, 1685.0], [7440.0, 1695.0], [7445.0, 1700.0], [7450.0, 1705.0], [7450.0, 1715.0], [7450.0, 1725.0], [7450.0, 1735.0], [7450.0, 1745.0], [7450.0, 1755.0], [7450.0, 1765.0], [7455.0, 1770.0], [7460.0, 1775.0], [7460.0, 1785.0], [7460.0, 1795.0], [7465.0, 1800.0], [7470.0, 1805.0], [7470.0, 1815.0], [7475.0, 1820.0], [7480.0, 1825.0], [7480.0, 1835.0], [7480.0, 1845.0], [7480.0, 1855.0], [7480.0, 1865.0], [7480.0, 1875.0], [7480.0, 1885.0], [7480.0, 1895.0], [7485.0, 1900.0], [7490.0, 1905.0], [7490.0, 1915.0], [7495.0, 1920.0], [7500.0, 1925.0], [7495.0, 1930.0]]]}, "properties": {"objectType": "annotation", "name": "P3_1_C|core_3", "classification": {"name": "core", "color": [230, 103, 103]}, "lesion_id": 3, "section": "P3_1_C", "area_um2": 60950.0}}, {"type": "Feature", "geometry": {"type": "MultiPolygon", "coordinates": [[[[7220.0, 1395.0], [7220.0, 1385.0], [7215.0, 1380.0], [7210.0, 1375.0], [7210.0, 1365.0], [7205.0, 1360.0], [7200.0, 1355.0], [7200.0, 1345.0], [7195.0, 1340.0], [7190.0, 1335.0], [7185.0, 1330.0], [7180.0, 1325.0], [7175.0, 1320.0], [7170.0, 1315.0], [7165.0, 1310.0], [7160.0, 1305.0], [7155.0, 1300.0], [7150.0, 1295.0], [7145.0, 1290.0], [7140.0, 1285.0], [7135.0, 1280.0], [7130.0, 1275.0], [7125.0, 1270.0], [7115.0, 1270.0], [7110.0, 1265.0], [7105.0, 1260.0], [7100.0, 1255.0], [7095.0, 1250.0], [7085.0, 1250.0], [7080.0, 1245.0], [7075.0, 1240.0], [7065.0, 1240.0], [7060.0, 1245.0], [7055.0, 1250.0], [7045.0, 1250.0], [7035.0, 1250.0], [7030.0, 1255.0], [7035.0, 1260.0], [7045.0, 1260.0], [7050.0, 1265.0], [7055.0, 1270.0], [7065.0, 1270.0], [7070.0, 1275.0], [7075.0, 1280.0], [7080.0, 1285.0], [7085.0, 1290.0], [7095.0, 1290.0], [7100.0, 1295.0], [7105.0, 1300.0], [7110.0, 1305.0], [7115.0, 1310.0], [7120.0, 1315.0], [7125.0, 1320.0], [7130.0, 1325.0], [7135.0, 1330.0], [7140.0, 1335.0], [7145.0, 1340.0], [7150.0, 1345.0], [7155.0, 1350.0], [7160.0, 1355.0], [7165.0, 1360.0], [7170.0, 1365.0], [7175.0, 1370.0], [7180.0, 1375.0], [7185.0, 1380.0], [7190.0, 1385.0], [7195.0, 1390.0], [7205.0, 1390.0], [7210.0, 1395.0], [7215.0, 1400.0], [7220.0, 1395.0]]], [[[7360.0, 1555.0], [7355.0, 1550.0], [7350.0, 1545.0], [7350.0, 1535.0], [7350.0, 1525.0], [7345.0, 1520.0], [7340.0, 1515.0], [7340.0, 1505.0], [7335.0, 1500.0], [7330.0, 1495.0], [7325.0, 1490.0], [7320.0, 1485.0], [7315.0, 1480.0], [7310.0, 1475.0], [7305.0, 1470.0], [7300.0, 1465.0], [7295.0, 1460.0], [7290.0, 1455.0], [7285.0, 1450.0], [7280.0, 1445.0], [7280.0, 1435.0], [7275.0, 1430.0], [7270.0, 1425.0], [7265.0, 1420.0], [7255.0, 1420.0], [7245.0, 1420.0], [7240.0, 1425.0], [7245.0, 1430.0], [7250.0, 1435.0], [7250.0, 1445.0], [7255.0, 1450.0], [7260.0, 1455.0], [7265.0, 1460.0], [7270.0, 1465.0], [7275.0, 1470.0], [7280.0, 1475.0], [7285.0, 1480.0], [7290.0, 1485.0], [7295.0, 1490.0], [7300.0, 1495.0], [7305.0, 1500.0], [7310.0, 1505.0], [7310.0, 1515.0], [7315.0, 1520.0], [7320.0, 1525.0], [7320.0, 1535.0], [7325.0, 1540.0], [7330.0, 1545.0], [7335.0, 1550.0], [7340.0, 1555.0], [7345.0, 1560.0], [7350.0, 1565.0], [7355.0, 1570.0], [7360.0, 1565.0], [7360.0, 1555.0]]], [[[7625.0, 2190.0], [7630.0, 2185.0], [7635.0, 2180.0], [7640.0, 2175.0], [7640.0, 2165.0], [7640.0, 2155.0], [7645.0, 2150.0], [7650.0, 2145.0], [7650.0, 2135.0], [7650.0, 2125.0], [7650.0, 2115.0], [7650.0, 2105.0], [7650.0, 2095.0], [7650.0, 2085.0], [7645.0, 2080.0], [7640.0, 2075.0], [7640.0, 2065.0], [7640.0, 2055.0], [7635.0, 2050.0], [7630.0, 2045.0], [7630.0, 2035.0], [7625.0, 2030.0], [7620.0, 2025.0], [7615.0, 2020.0], [7610.0, 2015.0], [7610.0, 2005.0], [7605.0, 2000.0], [7595.0, 2000.0], [7590.0, 1995.0], [7585.0, 1990.0], [7580.0, 1985.0], [7575.0, 1980.0], [7570.0, 1975.0], [7565.0, 1970.0], [7560.0, 1965.0], [7560.0, 1955.0], [7560.0, 1945.0], [7560.0, 1935.0], [7560.0, 1925.0], [7555.0, 1920.0], [7550.0, 1915.0], [7550.0, 1905.0], [7550.0, 1895.0], [7545.0, 1890.0], [7540.0, 1885.0], [7535.0, 1880.0], [7530.0, 1875.0], [7530.0, 1865.0], [7525.0, 1860.0], [7520.0, 1855.0], [7520.0, 1845.0], [7520.0, 1835.0], [7515.0, 1830.0], [7510.0, 1825.0], [7510.0, 1815.0], [7510.0, 1805.0], [7505.0, 1800.0], [7500.0, 1795.0], [7495.0, 1790.0], [7490.0, 1785.0], [7490.0, 1775.0], [7485.0, 1770.0], [7480.0, 1765.0], [7475.0, 1760.0], [7470.0, 1755.0], [7470.0, 1745.0], [7465.0, 1740.0], [7460.0, 1735.0], [7460.0, 1725.0], [7455.0, 1720.0], [7450.0, 1725.0], [7450.0, 1735.0], [7450.0, 1745.0], [7450.0, 1755.0], [7450.0, 1765.0], [7455.0, 1770.0], [7460.0, 1775.0], [7460.0, 1785.0], [7460.0, 1795.0], [7465.0, 1800.0], [7470.0, 1805.0], [7470.0, 1815.0], [7475.0, 1820.0], [7480.0, 1825.0], [7480.0, 1835.0], [7480.0, 1845.0], [7480.0, 1855.0], [7480.0, 1865.0], [7480.0, 1875.0], [7480.0, 1885.0], [7480.0, 1895.0], [7485.0, 1900.0], [7490.0, 1905.0], [7490.0, 1915.0], [7495.0, 1920.0], [7500.0, 1925.0], [7495.0, 1930.0], [7485.0, 1930.0], [7480.0, 1925.0], [7475.0, 1920.0], [7465.0, 1920.0], [7455.0, 1920.0], [7445.0, 1920.0], [7435.0, 1920.0], [7425.0, 1920.0], [7415.0, 1920.0], [7410.0, 1915.0], [7410.0, 1905.0], [7410.0, 1895.0], [7405.0, 1890.0], [7400.0, 1885.0], [7400.0, 1875.0], [7405.0, 1870.0], [7410.0, 1865.0], [7415.0, 1860.0], [7420.0, 1855.0], [7425.0, 1850.0], [7430.0, 1845.0], [7430.0, 1835.0], [7435.0, 1830.0], [7440.0, 1825.0], [7440.0, 1815.0], [7440.0, 1805.0], [7440.0, 1795.0], [7440.0, 1785.0], [7440.0, 1775.0], [7435.0, 1770.0], [7430.0, 1765.0], [7430.0, 1755.0], [7425.0, 1750.0], [7420.0, 1745.0], [7420.0, 1735.0], [7415.0, 1730.0], [7410.0, 1725.0], [7410.0, 1715.0], [7405.0, 1710.0], [7400.0, 1705.0], [7395.0, 1700.0], [7390.0, 1695.0], [7385.0, 1690.0], [7380.0, 1685.0], [7375.0, 1680.0], [7370.0, 1675.0], [7365.0, 1670.0], [7360.0, 1665.0], [7360.0, 1655.0], [7355.0, 1650.0], [7350.0, 1645.0], [7345.0, 1640.0], [7340.0, 1635.0], [7335.0, 1630.0], [7330.0, 1625.0], [7325.0, 1620.0], [7320.0, 1615.0], [7320.0, 1605.0], [7320.0, 1595.0], [7315.0, 1590.0], [7310.0, 1585.0], [7310.0, 1575.0], [7305.0, 1570.0], [7300.0, 1565.0], [7300.0, 1555.0], [7295.0, 1550.0], [7290.0, 1545.0], [7285.0, 1540.0], [7280.0, 1535.0], [7275.0, 1530.0], [7265.0, 1530.0], [7260.0, 1525.0], [7255.0, 1520.0], [7250.0, 1515.0], [7245.0, 1510.0], [7235.0, 1510.0], [7230.0, 1505.0], [7225.0, 1500.0], [7215.0, 1500.0], [7210.0, 1495.0], [7205.0, 1490.0], [7195.0, 1490.0], [7185.0, 1490.0], [7180.0, 1485.0], [7175.0, 1480.0], [7165.0, 1480.0], [7155.0, 1480.0], [7145.0, 1480.0], [7135.0, 1480.0], [7125.0, 1480.0], [7120.0, 1485.0], [7115.0, 1490.0], [7110.0, 1485.0], [7105.0, 1480.0], [7100.0, 1475.0], [7100.0, 1465.0], [7100.0, 1455.0], [7105.0, 1450.0], [7110.0, 1445.0], [7110.0, 1435.0], [7110.0, 1425.0], [7110.0, 1415.0], [7110.0, 1405.0], [7110.0, 1395.0], [7105.0, 1390.0], [7100.0, 1385.0], [7100.0, 1375.0], [7095.0, 1370.0], [7090.0, 1365.0], [7085.0, 1360.0], [7080.0, 1355.0], [7075.0, 1350.0], [7070.0, 1345.0], [7065.0, 1340.0], [7055.0, 1340.0], [7050.0, 1335.0], [7045.0, 1330.0], [7035.0, 1330.0], [7025.0, 1330.0], [7015.0, 1330.0], [7005.0, 1330.0], [6995.0, 1330.0], [6985.0, 1330.0], [6975.0, 1330.0], [6965.0, 1330.0], [6955.0, 1330.0], [6945.0, 1330.0], [6935.0, 1330.0], [6930.0, 1335.0], [6925.0, 1340.0], [6915.0, 1340.0], [6910.0, 1345.0], [6905.0, 1350.0], [6900.0, 1355.0], [6895.0, 1360.0], [6890.0, 1365.0], [6885.0, 1370.0], [6880.0, 1365.0], [6885.0, 1360.0], [6890.0, 1355.0], [6890.0, 1345.0], [6890.0, 1335.0], [6890.0, 1325.0], [6890.0, 1315.0], [6885.0, 1310.0], [6880.0, 1305.0], [6880.0, 1295.0], [6880.0, 1285.0], [6880.0, 1275.0], [6875.0, 1270.0], [6870.0, 1265.0], [6870.0, 1255.0], [6865.0, 1250.0], [6860.0, 1245.0], [6860.0, 1235.0], [6865.0, 1230.0], [6875.0, 1230.0], [6885.0, 1230.0], [6895.0, 1230.0], [6905.0, 1230.0], [6910.0, 1225.0], [6905.0, 1220.0], [6900.0, 1215.0], [6895.0, 1210.0], [6885.0, 1210.0], [6880.0, 1205.0], [6875.0, 1200.0], [6870.0, 1205.0], [6865.0, 1210.0], [6855.0, 1210.0], [6850.0, 1205.0], [6845.0, 1200.0], [6835.0, 1200.0], [6825.0, 1200.0], [6815.0, 1200.0], [6810.0, 1205.0], [6810.0, 1215.0], [6810.0, 1225.0], [6810.0, 1235.0], [6810.0, 1245.0], [6810.0, 1255.0], [6810.0, 1265.0], [6815.0, 1270.0], [6820.0, 1275.0], [6820.0, 1285.0], [6825.0, 1290.0], [6830.0, 1295.0], [6830.0, 1305.0], [6830.0, 1315.0], [6830.0, 1325.0], [6835.0, 1330.0], [6840.0, 1335.0], [6835.0, 1340.0], [6830.0, 1345.0], [6825.0, 1350.0], [6820.0, 1355.0], [6825.0, 1360.0], [6830.0, 1365.0], [6830.0, 1375.0], [6825.0, 1380.0], [6820.0, 1385.0], [6825.0, 1390.0], [6830.0, 1395.0], [6835.0, 1400.0], [6840.0, 1405.0], [6845.0, 1410.0], [6850.0, 1415.0], [6855.0, 1420.0], [6860.0, 1425.0], [6865.0, 1430.0], [6875.0, 1430.0], [6885.0, 1430.0], [6890.0, 1425.0], [6895.0, 1420.0], [6905.0, 1420.0], [6915.0, 1420.0], [6920.0, 1415.0], [6925.0, 1410.0], [6930.0, 1405.0], [6935.0, 1400.0], [6940.0, 1395.0], [6945.0, 1390.0], [6950.0, 1385.0], [6955.0, 1380.0], [6960.0, 1385.0], [6965.0, 1390.0], [6970.0, 1385.0], [6975.0, 1380.0], [6985.0, 1380.0], [6995.0, 1380.0], [7005.0, 1380.0], [7015.0, 1380.0], [7025.0, 1380.0], [7030.0, 1385.0], [7035.0, 1390.0], [7040.0, 1395.0], [7045.0, 1400.0], [7050.0, 1405.0], [7055.0, 1410.0], [7060.0, 1415.0], [7060.0, 1425.0], [7055.0, 1430.0], [7050.0, 1435.0], [7050.0, 1445.0], [7045.0, 1450.0], [7040.0, 1455.0], [7035.0, 1460.0], [7030.0, 1465.0], [7030.0, 1475.0], [7035.0, 1480.0], [7040.0, 1485.0], [7045.0, 1490.0], [7050.0, 1495.0], [7050.0, 1505.0], [7055.0, 1510.0], [7060.0, 1515.0], [7065.0, 1520.0], [7070.0, 1525.0], [7075.0, 1530.0], [7080.0, 1535.0], [7085.0, 1540.0], [7095.0, 1540.0], [7100.0, 1545.0], [7105.0, 1550.0], [7115.0, 1550.0], [7125.0, 1550.0], [7130.0, 1545.0], [7135.0, 1540.0], [7140.0, 1535.0], [7145.0, 1530.0], [7155.0, 1530.0], [7160.0, 1535.0], [7165.0, 1540.0], [7175.0, 1540.0], [7185.0, 1540.0], [7190.0, 1545.0], [7195.0, 1550.0], [7205.0, 1550.0], [7210.0, 1555.0], [7215.0, 1560.0], [7220.0, 1565.0], [7225.0, 1570.0], [7235.0, 1570.0], [7240.0, 1575.0], [7245.0, 1580.0], [7250.0, 1585.0], [7255.0, 1590.0], [7260.0, 1595.0], [7260.0, 1605.0], [7265.0, 1610.0], [7270.0, 1615.0], [7270.0, 1625.0], [7270.0, 1635.0], [7270.0, 1645.0], [7275.0, 1650.0], [7280.0, 1655.0], [7285.0, 1660.0], [7290.0, 1665.0], [7295.0, 1670.0], [7300.0, 1675.0], [7305.0, 1680.0], [7310.0, 1685.0], [7315.0, 1690.0], [7320.0, 1695.0], [7320.0, 1705.0], [7325.0, 1710.0], [7330.0, 1715.0], [7335.0, 1720.0], [7340.0, 1725.0], [7345.0, 1730.0], [7350.0, 1735.0], [7355.0, 1740.0], [7360.0, 1745.0], [7365.0, 1750.0], [7370.0, 1755.0], [7370.0, 1765.0], [7375.0, 1770.0], [7380.0, 1775.0], [7380.0, 1785.0], [7385.0, 1790.0], [7390.0, 1795.0], [7390.0, 1805.0], [7385.0, 1810.0], [7380.0, 1815.0], [7375.0, 1820.0], [7370.0, 1825.0], [7365.0, 1830.0], [7360.0, 1835.0], [7355.0, 1840.0], [7350.0, 1845.0], [7345.0, 1850.0], [7340.0, 1855.0], [7340.0, 1865.0], [7345.0, 1870.0], [7350.0, 1875.0], [7350.0, 1885.0], [7350.0, 1895.0], [7350.0, 1905.0], [7355.0, 1910.0], [7360.0, 1915.0], [7355.0, 1920.0], [7350.0, 1925.0], [7355.0, 1930.0], [7360.0, 1935.0], [7365.0, 1940.0], [7370.0, 1945.0], [7365.0, 1950.0], [7360.0, 1955.0], [7365.0, 1960.0], [7370.0, 1965.0], [7375.0, 1970.0], [7380.0, 1975.0], [7385.0, 1980.0], [7395.0, 1980.0], [7405.0, 1980.0], [7415.0, 1980.0], [7420.0, 1975.0], [7425.0, 1970.0], [7435.0, 1970.0], [7445.0, 1970.0], [7455.0, 1970.0], [7460.0, 1975.0], [7465.0, 1980.0], [7475.0, 1980.0], [7485.0, 1980.0], [7495.0, 1980.0], [7500.0, 1985.0], [7505.0, 1990.0], [7510.0, 1995.0], [7515.0, 2000.0], [7520.0, 2005.0], [7525.0, 2010.0], [7530.0, 2015.0], [7530.0, 2025.0], [7535.0, 2030.0], [7540.0, 2035.0], [7540.0, 2045.0], [7540.0, 2055.0], [7545.0, 2060.0], [7550.0, 2065.0], [7550.0, 2075.0], [7550.0, 2085.0], [7550.0, 2095.0], [7550.0, 2105.0], [7550.0, 2115.0], [7550.0, 2125.0], [7555.0, 2130.0], [7560.0, 2135.0], [7565.0, 2140.0], [7570.0, 2145.0], [7570.0, 2155.0], [7575.0, 2160.0], [7580.0, 2165.0], [7585.0, 2170.0], [7590.0, 2175.0], [7595.0, 2180.0], [7600.0, 2185.0], [7605.0, 2190.0], [7610.0, 2195.0], [7615.0, 2200.0], [7620.0, 2195.0], [7625.0, 2190.0]]]]}, "properties": {"objectType": "annotation", "name": "P3_1_C|rim_3", "classification": {"name": "rim", "color": [201, 133, 0]}, "lesion_id": 3, "section": "P3_1_C", "area_um2": 113950.0}}, {"type": "Feature", "geometry": {"type": "Polygon", "coordinates": [[[9485.0, 1660.0], [9475.0, 1660.0], [9465.0, 1660.0], [9455.0, 1660.0], [9450.0, 1655.0], [9445.0, 1650.0], [9440.0, 1645.0], [9435.0, 1640.0], [9430.0, 1635.0], [9430.0, 1625.0], [9430.0, 1615.0], [9430.0, 1605.0], [9430.0, 1595.0], [9430.0, 1585.0], [9430.0, 1575.0], [9430.0, 1565.0], [9435.0, 1560.0], [9440.0, 1555.0], [9440.0, 1545.0], [9440.0, 1535.0], [9440.0, 1525.0], [9440.0, 1515.0], [9440.0, 1505.0], [9440.0, 1495.0], [9440.0, 1485.0], [9440.0, 1475.0], [9435.0, 1470.0], [9430.0, 1465.0], [9430.0, 1455.0], [9425.0, 1450.0], [9420.0, 1445.0], [9420.0, 1435.0], [9415.0, 1430.0], [9410.0, 1425.0], [9405.0, 1420.0], [9400.0, 1415.0], [9400.0, 1405.0], [9400.0, 1395.0], [9400.0, 1385.0], [9400.0, 1375.0], [9405.0, 1370.0], [9410.0, 1365.0], [9415.0, 1360.0], [9420.0, 1355.0], [9420.0, 1345.0], [9415.0, 1340.0], [9410.0, 1335.0], [9410.0, 1325.0], [9410.0, 1315.0], [9405.0, 1310.0], [9400.0, 1305.0], [9405.0, 1300.0], [9410.0, 1295.0], [9415.0, 1290.0], [9420.0, 1285.0], [9425.0, 1280.0], [9430.0, 1285.0], [9435.0, 1290.0], [9445.0, 1290.0], [9455.0, 1290.0], [9465.0, 1290.0], [9470.0, 1295.0], [9475.0, 1300.0], [9480.0, 1305.0], [9485.0, 1310.0], [9495.0, 1310.0], [9500.0, 1315.0], [9505.0, 1320.0], [9510.0, 1325.0], [9515.0, 1330.0], [9525.0, 1330.0], [9530.0, 1335.0], [9535.0, 1340.0], [9545.0, 1340.0], [9550.0, 1345.0], [9555.0, 1350.0], [9565.0, 1350.0], [9570.0, 1355.0], [9575.0, 1360.0], [9585.0, 1360.0], [9590.0, 1365.0], [9595.0, 1370.0], [9605.0, 1370.0], [9610.0, 1375.0], [9610.0, 1385.0], [9615.0, 1390.0], [9620.0, 1395.0], [9625.0, 1400.0], [9630.0, 1405.0], [9635.0, 1410.0], [9640.0, 1415.0], [9645.0, 1420.0], [9650.0, 1425.0], [9655.0, 1430.0], [9660.0, 1435.0], [9665.0, 1440.0], [9670.0, 1445.0], [9675.0, 1450.0], [9680.0, 1455.0], [9685.0, 1460.0], [9695.0, 1460.0], [9700.0, 1465.0], [9705.0, 1470.0], [9710.0, 1475.0], [9715.0, 1480.0], [9725.0, 1480.0], [9730.0, 1485.0], [9735.0, 1490.0], [9740.0, 1495.0], [9745.0, 1500.0], [9750.0, 1505.0], [9745.0, 1510.0], [9740.0, 1515.0], [9740.0, 1525.0], [9735.0, 1530.0], [9730.0, 1535.0], [9725.0, 1540.0], [9720.0, 1545.0], [9715.0, 1550.0], [9710.0, 1555.0], [9705.0, 1560.0], [9700.0, 1565.0], [9695.0, 1570.0], [9690.0, 1575.0], [9690.0, 1585.0], [9685.0, 1590.0], [9680.0, 1595.0], [9680.0, 1605.0], [9675.0, 1610.0], [9670.0, 1615.0], [9665.0, 1620.0], [9660.0, 1625.0], [9655.0, 1630.0], [9645.0, 1630.0], [9635.0, 1630.0], [9630.0, 1635.0], [9625.0, 1640.0], [9615.0, 1640.0], [9605.0, 1640.0], [9600.0, 1645.0], [9595.0, 1650.0], [9585.0, 1650.0], [9575.0, 1650.0], [9565.0, 1650.0], [9555.0, 1650.0], [9550.0, 1645.0], [9545.0, 1640.0], [9535.0, 1640.0], [9525.0, 1640.0], [9520.0, 1645.0], [9515.0, 1650.0], [9510.0, 1645.0], [9505.0, 1640.0], [9500.0, 1645.0], [9495.0, 1650.0], [9490.0, 1655.0], [9485.0, 1660.0]]]}, "properties": {"objectType": "annotation", "name": "R1_2_T|lesion_4", "classification": {"name": "lesion", "color": [255, 0, 0]}, "lesion_id": 4, "section": "R1_2_T", "area_um2": 80050.0}}, {"type": "Feature", "geometry": {"type": "Polygon", "coordinates": [[[9585.0, 1590.0], [9575.0, 1590.0], [9565.0, 1590.0], [9560.0, 1585.0], [9555.0, 1580.0], [9545.0, 1580.0], [9535.0, 1580.0], [9525.0, 1580.0], [9515.0, 1580.0], [9505.0, 1580.0], [9495.0, 1580.0], [9490.0, 1575.0], [9495.0, 1570.0], [9500.0, 1565.0], [9500.0, 1555.0], [9500.0, 1545.0], [9500.0, 1535.0], [9500.0, 1525.0], [9500.0, 1515.0], [9500.0, 1505.0], [9500.0, 1495.0], [9500.0, 1485.0], [9500.0, 1475.0], [9500.0, 1465.0], [9495.0, 1460.0], [9490.0, 1455.0], [9490.0, 1445.0], [9485.0, 1440.0], [9480.0, 1435.0], [9480.0, 1425.0], [9475.0, 1420.0], [9470.0, 1415.0], [9470.0, 1405.0], [9465.0, 1400.0], [9460.0, 1395.0], [9465.0, 1390.0], [9470.0, 1385.0], [9470.0, 1375.0], [9475.0, 1370.0], [9480.0, 1365.0], [9485.0, 1360.0], [9490.0, 1365.0], [9495.0, 1370.0], [9505.0, 1370.0], [9510.0, 1375.0], [9515.0, 1380.0], [9525.0, 1380.0], [9530.0, 1385.0], [9535.0, 1390.0], [9545.0, 1390.0], [9550.0, 1395.0], [9555.0, 1400.0], [9560.0, 1405.0], [9560.0, 1415.0], [9565.0, 1420.0], [9570.0, 1425.0], [9575.0, 1430.0], [9580.0, 1435.0], [9585.0, 1440.0], [9590.0, 1445.0], [9595.0, 1450.0], [9600.0, 1455.0], [9605.0, 1460.0], [9610.0, 1465.0], [9615.0, 1470.0], [9620.0, 1475.0], [9625.0, 1480.0], [9630.0, 1485.0], [9635.0, 1490.0], [9640.0, 1495.0], [9645.0, 1500.0], [9650.0, 1505.0], [9655.0, 1510.0], [9665.0, 1510.0], [9670.0, 1515.0], [9665.0, 1520.0], [9660.0, 1525.0], [9655.0, 1530.0], [9650.0, 1535.0], [9645.0, 1540.0], [9640.0, 1545.0], [9640.0, 1555.0], [9635.0, 1560.0], [9630.0, 1565.0], [9625.0, 1570.0], [9620.0, 1575.0], [9615.0, 1580.0], [9605.0, 1580.0], [9595.0, 1580.0], [9590.0, 1585.0], [9585.0, 1590.0]]]}, "properties": {"objectType": "annotation", "name": "R1_2_T|core_4", "classification": {"name": "core", "color": [230, 103, 103]}, "lesion_id": 4, "section": "R1_2_T", "area_um2": 24750.0}}, {"type": "Feature", "geometry": {"type": "Polygon", "coordinates": [[[9485.0, 1660.0], [9475.0, 1660.0], [9465.0, 1660.0], [9455.0, 1660.0], [9450.0, 1655.0], [9445.0, 1650.0], [9440.0, 1645.0], [9435.0, 1640.0], [9430.0, 1635.0], [9430.0, 1625.0], [9430.0, 1615.0], [9430.0, 1605.0], [9430.0, 1595.0], [9430.0, 1585.0], [9430.0, 1575.0], [9430.0, 1565.0], [9435.0, 1560.0], [9440.0, 1555.0], [9440.0, 1545.0], [9440.0, 1535.0], [9440.0, 1525.0], [9440.0, 1515.0], [9440.0, 1505.0], [9440.0, 1495.0], [9440.0, 1485.0], [9440.0, 1475.0], [9435.0, 1470.0], [9430.0, 1465.0], [9430.0, 1455.0], [9425.0, 1450.0], [9420.0, 1445.0], [9420.0, 1435.0], [9415.0, 1430.0], [9410.0, 1425.0], [9405.0, 1420.0], [9400.0, 1415.0], [9400.0, 1405.0], [9400.0, 1395.0], [9400.0, 1385.0], [9400.0, 1375.0], [9405.0, 1370.0], [9410.0, 1365.0], [9415.0, 1360.0], [9420.0, 1355.0], [9420.0, 1345.0], [9415.0, 1340.0], [9410.0, 1335.0], [9410.0, 1325.0], [9410.0, 1315.0], [9405.0, 1310.0], [9400.0, 1305.0], [9405.0, 1300.0], [9410.0, 1295.0], [9415.0, 1290.0], [9420.0, 1285.0], [9425.0, 1280.0], [9430.0, 1285.0], [9435.0, 1290.0], [9445.0, 1290.0], [9455.0, 1290.0], [9465.0, 1290.0], [9470.0, 1295.0], [9475.0, 1300.0], [9480.0, 1305.0], [9485.0, 1310.0], [9495.0, 1310.0], [9500.0, 1315.0], [9505.0, 1320.0], [9510.0, 1325.0], [9515.0, 1330.0], [9525.0, 1330.0], [9530.0, 1335.0], [9535.0, 1340.0], [9545.0, 1340.0], [9550.0, 1345.0], [9555.0, 1350.0], [9565.0, 1350.0], [9570.0, 1355.0], [9575.0, 1360.0], [9585.0, 1360.0], [9590.0, 1365.0], [9595.0, 1370.0], [9605.0, 1370.0], [9610.0, 1375.0], [9610.0, 1385.0], [9615.0, 1390.0], [9620.0, 1395.0], [9625.0, 1400.0], [9630.0, 1405.0], [9635.0, 1410.0], [9640.0, 1415.0], [9645.0, 1420.0], [9650.0, 1425.0], [9655.0, 1430.0], [9660.0, 1435.0], [9665.0, 1440.0], [9670.0, 1445.0], [9675.0, 1450.0], [9680.0, 1455.0], [9685.0, 1460.0], [9695.0, 1460.0], [9700.0, 1465.0], [9705.0, 1470.0], [9710.0, 1475.0], [9715.0, 1480.0], [9725.0, 1480.0], [9730.0, 1485.0], [9735.0, 1490.0], [9740.0, 1495.0], [9745.0, 1500.0], [9750.0, 1505.0], [9745.0, 1510.0], [9740.0, 1515.0], [9740.0, 1525.0], [9735.0, 1530.0], [9730.0, 1535.0], [9725.0, 1540.0], [9720.0, 1545.0], [9715.0, 1550.0], [9710.0, 1555.0], [9705.0, 1560.0], [9700.0, 1565.0], [9695.0, 1570.0], [9690.0, 1575.0], [9690.0, 1585.0], [9685.0, 1590.0], [9680.0, 1595.0], [9680.0, 1605.0], [9675.0, 1610.0], [9670.0, 1615.0], [9665.0, 1620.0], [9660.0, 1625.0], [9655.0, 1630.0], [9645.0, 1630.0], [9635.0, 1630.0], [9630.0, 1635.0], [9625.0, 1640.0], [9615.0, 1640.0], [9605.0, 1640.0], [9600.0, 1645.0], [9595.0, 1650.0], [9585.0, 1650.0], [9575.0, 1650.0], [9565.0, 1650.0], [9555.0, 1650.0], [9550.0, 1645.0], [9545.0, 1640.0], [9535.0, 1640.0], [9525.0, 1640.0], [9520.0, 1645.0], [9515.0, 1650.0], [9510.0, 1645.0], [9505.0, 1640.0], [9500.0, 1645.0], [9495.0, 1650.0], [9490.0, 1655.0], [9485.0, 1660.0]], [[9590.0, 1585.0], [9595.0, 1580.0], [9605.0, 1580.0], [9615.0, 1580.0], [9620.0, 1575.0], [9625.0, 1570.0], [9630.0, 1565.0], [9635.0, 1560.0], [9640.0, 1555.0], [9640.0, 1545.0], [9645.0, 1540.0], [9650.0, 1535.0], [9655.0, 1530.0], [9660.0, 1525.0], [9665.0, 1520.0], [9670.0, 1515.0], [9665.0, 1510.0], [9655.0, 1510.0], [9650.0, 1505.0], [9645.0, 1500.0], [9640.0, 1495.0], [9635.0, 1490.0], [9630.0, 1485.0], [9625.0, 1480.0], [9620.0, 1475.0], [9615.0, 1470.0], [9610.0, 1465.0], [9605.0, 1460.0], [9600.0, 1455.0], [9595.0, 1450.0], [9590.0, 1445.0], [9585.0, 1440.0], [9580.0, 1435.0], [9575.0, 1430.0], [9570.0, 1425.0], [9565.0, 1420.0], [9560.0, 1415.0], [9560.0, 1405.0], [9555.0, 1400.0], [9550.0, 1395.0], [9545.0, 1390.0], [9535.0, 1390.0], [9530.0, 1385.0], [9525.0, 1380.0], [9515.0, 1380.0], [9510.0, 1375.0], [9505.0, 1370.0], [9495.0, 1370.0], [9490.0, 1365.0], [9485.0, 1360.0], [9480.0, 1365.0], [9475.0, 1370.0], [9470.0, 1375.0], [9470.0, 1385.0], [9465.0, 1390.0], [9460.0, 1395.0], [9465.0, 1400.0], [9470.0, 1405.0], [9470.0, 1415.0], [9475.0, 1420.0], [9480.0, 1425.0], [9480.0, 1435.0], [9485.0, 1440.0], [9490.0, 1445.0], [9490.0, 1455.0], [9495.0, 1460.0], [9500.0, 1465.0], [9500.0, 1475.0], [9500.0, 1485.0], [9500.0, 1495.0], [9500.0, 1505.0], [9500.0, 1515.0], [9500.0, 1525.0], [9500.0, 1535.0], [9500.0, 1545.0], [9500.0, 1555.0], [9500.0, 1565.0], [9495.0, 1570.0], [9490.0, 1575.0], [9495.0, 1580.0], [9505.0, 1580.0], [9515.0, 1580.0], [9525.0, 1580.0], [9535.0, 1580.0], [9545.0, 1580.0], [9555.0, 1580.0], [9560.0, 1585.0], [9565.0, 1590.0], [9575.0, 1590.0], [9585.0, 1590.0], [9590.0, 1585.0]]]}, "properties": {"objectType": "annotation", "name": "R1_2_T|rim_4", "classification": {"name": "rim", "color": [201, 133, 0]}, "lesion_id": 4, "section": "R1_2_T", "area_um2": 55300.0}}, {"type": "Feature", "geometry": {"type": "Polygon", "coordinates": [[[6015.0, 1870.0], [6010.0, 1865.0], [6005.0, 1860.0], [5995.0, 1860.0], [5990.0, 1855.0], [5985.0, 1850.0], [5975.0, 1850.0], [5970.0, 1845.0], [5965.0, 1840.0], [5960.0, 1835.0], [5955.0, 1830.0], [5950.0, 1825.0], [5945.0, 1820.0], [5940.0, 1815.0], [5940.0, 1805.0], [5940.0, 1795.0], [5940.0, 1785.0], [5940.0, 1775.0], [5940.0, 1765.0], [5940.0, 1755.0], [5945.0, 1750.0], [5950.0, 1745.0], [5950.0, 1735.0], [5950.0, 1725.0], [5950.0, 1715.0], [5950.0, 1705.0], [5950.0, 1695.0], [5945.0, 1690.0], [5940.0, 1685.0], [5945.0, 1680.0], [5950.0, 1675.0], [5950.0, 1665.0], [5950.0, 1655.0], [5950.0, 1645.0], [5950.0, 1635.0], [5950.0, 1625.0], [5955.0, 1620.0], [5960.0, 1615.0], [5960.0, 1605.0], [5960.0, 1595.0], [5965.0, 1590.0], [5970.0, 1585.0], [5975.0, 1580.0], [5980.0, 1575.0], [5985.0, 1570.0], [5990.0, 1565.0], [5995.0, 1560.0], [6000.0, 1555.0], [6000.0, 1545.0], [6005.0, 1540.0], [6010.0, 1535.0], [6015.0, 1530.0], [6020.0, 1525.0], [6020.0, 1515.0], [6025.0, 1510.0], [6035.0, 1510.0], [6040.0, 1505.0], [6045.0, 1500.0], [6050.0, 1495.0], [6055.0, 1490.0], [6065.0, 1490.0], [6070.0, 1485.0], [6075.0, 1480.0], [6085.0, 1480.0], [6090.0, 1475.0], [6095.0, 1470.0], [6100.0, 1465.0], [6105.0, 1460.0], [6110.0, 1455.0], [6115.0, 1450.0], [6120.0, 1445.0], [6125.0, 1440.0], [6130.0, 1435.0], [6135.0, 1430.0], [6140.0, 1425.0], [6145.0, 1420.0], [6150.0, 1415.0], [6155.0, 1410.0], [6160.0, 1405.0], [6165.0, 1400.0], [6170.0, 1395.0], [6175.0, 1390.0], [6185.0, 1390.0], [6190.0, 1385.0], [6195.0, 1380.0], [6205.0, 1380.0], [6215.0, 1380.0], [6225.0, 1380.0], [6235.0, 1380.0], [6245.0, 1380.0], [6250.0, 1385.0], [6255.0, 1390.0], [6265.0, 1390.0], [6270.0, 1395.0], [6275.0, 1400.0], [6280.0, 1395.0], [6285.0, 1390.0], [6290.0, 1385.0], [6295.0, 1380.0], [6300.0, 1375.0], [6305.0, 1370.0], [6310.0, 1365.0], [6315.0, 1360.0], [6320.0, 1355.0], [6325.0, 1350.0], [6335.0, 1350.0], [6340.0, 1345.0], [6345.0, 1340.0], [6355.0, 1340.0], [6360.0, 1345.0], [6365.0, 1350.0], [6370.0, 1355.0], [6375.0, 1360.0], [6380.0, 1365.0], [6380.0, 1375.0], [6375.0, 1380.0], [6370.0, 1385.0], [6365.0, 1390.0], [6360.0, 1395.0], [6355.0, 1400.0], [6350.0, 1405.0], [6350.0, 1415.0], [6345.0, 1420.0], [6340.0, 1425.0], [6345.0, 1430.0], [6350.0, 1435.0], [6345.0, 1440.0], [6340.0, 1445.0], [6335.0, 1450.0], [6330.0, 1455.0], [6325.0, 1460.0], [6320.0, 1465.0], [6320.0, 1475.0], [6315.0, 1480.0], [6310.0, 1485.0], [6310.0, 1495.0], [6305.0, 1500.0], [6300.0, 1505.0], [6300.0, 1515.0], [6300.0, 1525.0], [6300.0, 1535.0], [6300.0, 1545.0], [6300.0, 1555.0], [6300.0, 1565.0], [6305.0, 1570.0], [6310.0, 1575.0], [6310.0, 1585.0], [6305.0, 1590.0], [6300.0, 1595.0], [6295.0, 1600.0], [6290.0, 1605.0], [6285.0, 1610.0], [6280.0, 1615.0], [6275.0, 1620.0], [6270.0, 1625.0], [6265.0, 1630.0], [6255.0, 1630.0], [6250.0, 1635.0], [6245.0, 1640.0], [6235.0, 1640.0], [6225.0, 1640.0], [6215.0, 1640.0], [6210.0, 1645.0], [6205.0, 1650.0], [6200.0, 1655.0], [6195.0, 1660.0], [6185.0, 1660.0], [6180.0, 1665.0], [6175.0, 1670.0], [6165.0, 1670.0], [6160.0, 1675.0], [6155.0, 1680.0], [6150.0, 1685.0], [6145.0, 1690.0], [6140.0, 1695.0], [6135.0, 1700.0], [6125.0, 1700.0], [6120.0, 1705.0], [6115.0, 1710.0], [6110.0, 1715.0], [6105.0, 1720.0], [6100.0, 1725.0], [6095.0, 1730.0], [6090.0, 1735.0], [6085.0, 1740.0], [6080.0, 1745.0], [6075.0, 1750.0], [6070.0, 1755.0], [6065.0, 1760.0], [6060.0, 1765.0], [6060.0, 1775.0], [6060.0, 1785.0], [6060.0, 1795.0], [6055.0, 1800.0], [6050.0, 1805.0], [6050.0, 1815.0], [6050.0, 1825.0], [6050.0, 1835.0], [6045.0, 1840.0], [6040.0, 1845.0], [6035.0, 1850.0], [6030.0, 1855.0], [6025.0, 1860.0], [6020.0, 1865.0], [6015.0, 1870.0]]]}, "properties": {"objectType": "annotation", "name": "P3_1_C|lesion_5", "classification": {"name": "lesion", "color": [255, 0, 0]}, "lesion_id": 5, "section": "P3_1_C", "area_um2": 102750.0}}, {"type": "Feature", "geometry": {"type": "Polygon", "coordinates": [[[5995.0, 1790.0], [5990.0, 1785.0], [5990.0, 1775.0], [5995.0, 1770.0], [6000.0, 1765.0], [6000.0, 1755.0], [6000.0, 1745.0], [6000.0, 1735.0], [6000.0, 1725.0], [6000.0, 1715.0], [6000.0, 1705.0], [6000.0, 1695.0], [6000.0, 1685.0], [6000.0, 1675.0], [6000.0, 1665.0], [6000.0, 1655.0], [6000.0, 1645.0], [6005.0, 1640.0], [6010.0, 1635.0], [6010.0, 1625.0], [6015.0, 1620.0], [6020.0, 1615.0], [6025.0, 1610.0], [6030.0, 1605.0], [6035.0, 1600.0], [6040.0, 1595.0], [6040.0, 1585.0], [6045.0, 1580.0], [6050.0, 1575.0], [6055.0, 1570.0], [6060.0, 1565.0], [6060.0, 1555.0], [6065.0, 1550.0], [6070.0, 1545.0], [6075.0, 1540.0], [6080.0, 1535.0], [6085.0, 1530.0], [6090.0, 1525.0], [6095.0, 1520.0], [6100.0, 1515.0], [6105.0, 1510.0], [6115.0, 1510.0], [6120.0, 1505.0], [6125.0, 1500.0], [6130.0, 1495.0], [6135.0, 1490.0], [6140.0, 1485.0], [6145.0, 1480.0], [6150.0, 1475.0], [6155.0, 1470.0], [6160.0, 1465.0], [6165.0, 1460.0], [6170.0, 1455.0], [6175.0, 1450.0], [6180.0, 1445.0], [6185.0, 1440.0], [6195.0, 1440.0], [6205.0, 1440.0], [6210.0, 1435.0], [6215.0, 1430.0], [6225.0, 1430.0], [6230.0, 1435.0], [6235.0, 1440.0], [6245.0, 1440.0], [6250.0, 1445.0], [6255.0, 1450.0], [6265.0, 1450.0], [6270.0, 1455.0], [6265.0, 1460.0], [6260.0, 1465.0], [6260.0, 1475.0], [6255.0, 1480.0], [6250.0, 1485.0], [6250.0, 1495.0], [6250.0, 1505.0], [6250.0, 1515.0], [6250.0, 1525.0], [6250.0, 1535.0], [6250.0, 1545.0], [6250.0, 1555.0], [6250.0, 1565.0], [6245.0, 1570.0], [6240.0, 1575.0], [6235.0, 1580.0], [6230.0, 1585.0], [6225.0, 1590.0], [6215.0, 1590.0], [6205.0, 1590.0], [6195.0, 1590.0], [6190.0, 1595.0], [6185.0, 1600.0], [6175.0, 1600.0], [6170.0, 1605.0], [6165.0, 1610.0], [6160.0, 1615.0], [6155.0, 1620.0], [6145.0, 1620.0], [6140.0, 1625.0], [6135.0, 1630.0], [6125.0, 1630.0], [6120.0, 1635.0], [6115.0, 1640.0], [6110.0, 1645.0], [6105.0, 1650.0], [6100.0, 1655.0], [6095.0, 1660.0], [6085.0, 1660.0], [6080.0, 1665.0], [6075.0, 1670.0], [6070.0, 1675.0], [6065.0, 1680.0], [6060.0, 1685.0], [6055.0, 1690.0], [6050.0, 1695.0], [6045.0, 1700.0], [6040.0, 1705.0], [6035.0, 1710.0], [6030.0, 1715.0], [6025.0, 1720.0], [6020.0, 1725.0], [6020.0, 1735.0], [6015.0, 1740.0], [6010.0, 1745.0], [6010.0, 1755.0], [6010.0, 1765.0], [6010.0, 1775.0], [6005.0, 1780.0], [6000.0, 1785.0], [5995.0, 1790.0]]]}, "properties": {"objectType": "annotation", "name": "P3_1_C|core_5", "classification": {"name": "core", "color": [230, 103, 103]}, "lesion_id": 5, "section": "P3_1_C", "area_um2": 34850.0}}, {"type": "Feature", "geometry": {"type": "Polygon", "coordinates": [[[6015.0, 1870.0], [6010.0, 1865.0], [6005.0, 1860.0], [5995.0, 1860.0], [5990.0, 1855.0], [5985.0, 1850.0], [5975.0, 1850.0], [5970.0, 1845.0], [5965.0, 1840.0], [5960.0, 1835.0], [5955.0, 1830.0], [5950.0, 1825.0], [5945.0, 1820.0], [5940.0, 1815.0], [5940.0, 1805.0], [5940.0, 1795.0], [5940.0, 1785.0], [5940.0, 1775.0], [5940.0, 1765.0], [5940.0, 1755.0], [5945.0, 1750.0], [5950.0, 1745.0], [5950.0, 1735.0], [5950.0, 1725.0], [5950.0, 1715.0], [5950.0, 1705.0], [5950.0, 1695.0], [5945.0, 1690.0], [5940.0, 1685.0], [5945.0, 1680.0], [5950.0, 1675.0], [5950.0, 1665.0], [5950.0, 1655.0], [5950.0, 1645.0], [5950.0, 1635.0], [5950.0, 1625.0], [5955.0, 1620.0], [5960.0, 1615.0], [5960.0, 1605.0], [5960.0, 1595.0], [5965.0, 1590.0], [5970.0, 1585.0], [5975.0, 1580.0], [5980.0, 1575.0], [5985.0, 1570.0], [5990.0, 1565.0], [5995.0, 1560.0], [6000.0, 1555.0], [6000.0, 1545.0], [6005.0, 1540.0], [6010.0, 1535.0], [6015.0, 1530.0], [6020.0, 1525.0], [6020.0, 1515.0], [6025.0, 1510.0], [6035.0, 1510.0], [6040.0, 1505.0], [6045.0, 1500.0], [6050.0, 1495.0], [6055.0, 1490.0], [6065.0, 1490.0], [6070.0, 1485.0], [6075.0, 1480.0], [6085.0, 1480.0], [6090.0, 1475.0], [6095.0, 1470.0], [6100.0, 1465.0], [6105.0, 1460.0], [6110.0, 1455.0], [6115.0, 1450.0], [6120.0, 1445.0], [6125.0, 1440.0], [6130.0, 1435.0], [6135.0, 1430.0], [6140.0, 1425.0], [6145.0, 1420.0], [6150.0, 1415.0], [6155.0, 1410.0], [6160.0, 1405.0], [6165.0, 1400.0], [6170.0, 1395.0], [6175.0, 1390.0], [6185.0, 1390.0], [6190.0, 1385.0], [6195.0, 1380.0], [6205.0, 1380.0], [6215.0, 1380.0], [6225.0, 1380.0], [6235.0, 1380.0], [6245.0, 1380.0], [6250.0, 1385.0], [6255.0, 1390.0], [6265.0, 1390.0], [6270.0, 1395.0], [6275.0, 1400.0], [6280.0, 1395.0], [6285.0, 1390.0], [6290.0, 1385.0], [6295.0, 1380.0], [6300.0, 1375.0], [6305.0, 1370.0], [6310.0, 1365.0], [6315.0, 1360.0], [6320.0, 1355.0], [6325.0, 1350.0], [6335.0, 1350.0], [6340.0, 1345.0], [6345.0, 1340.0], [6355.0, 1340.0], [6360.0, 1345.0], [6365.0, 1350.0], [6370.0, 1355.0], [6375.0, 1360.0], [6380.0, 1365.0], [6380.0, 1375.0], [6375.0, 1380.0], [6370.0, 1385.0], [6365.0, 1390.0], [6360.0, 1395.0], [6355.0, 1400.0], [6350.0, 1405.0], [6350.0, 1415.0], [6345.0, 1420.0], [6340.0, 1425.0], [6345.0, 1430.0], [6350.0, 1435.0], [6345.0, 1440.0], [6340.0, 1445.0], [6335.0, 1450.0], [6330.0, 1455.0], [6325.0, 1460.0], [6320.0, 1465.0], [6320.0, 1475.0], [6315.0, 1480.0], [6310.0, 1485.0], [6310.0, 1495.0], [6305.0, 1500.0], [6300.0, 1505.0], [6300.0, 1515.0], [6300.0, 1525.0], [6300.0, 1535.0], [6300.0, 1545.0], [6300.0, 1555.0], [6300.0, 1565.0], [6305.0, 1570.0], [6310.0, 1575.0], [6310.0, 1585.0], [6305.0, 1590.0], [6300.0, 1595.0], [6295.0, 1600.0], [6290.0, 1605.0], [6285.0, 1610.0], [6280.0, 1615.0], [6275.0, 1620.0], [6270.0, 1625.0], [6265.0, 1630.0], [6255.0, 1630.0], [6250.0, 1635.0], [6245.0, 1640.0], [6235.0, 1640.0], [6225.0, 1640.0], [6215.0, 1640.0], [6210.0, 1645.0], [6205.0, 1650.0], [6200.0, 1655.0], [6195.0, 1660.0], [6185.0, 1660.0], [6180.0, 1665.0], [6175.0, 1670.0], [6165.0, 1670.0], [6160.0, 1675.0], [6155.0, 1680.0], [6150.0, 1685.0], [6145.0, 1690.0], [6140.0, 1695.0], [6135.0, 1700.0], [6125.0, 1700.0], [6120.0, 1705.0], [6115.0, 1710.0], [6110.0, 1715.0], [6105.0, 1720.0], [6100.0, 1725.0], [6095.0, 1730.0], [6090.0, 1735.0], [6085.0, 1740.0], [6080.0, 1745.0], [6075.0, 1750.0], [6070.0, 1755.0], [6065.0, 1760.0], [6060.0, 1765.0], [6060.0, 1775.0], [6060.0, 1785.0], [6060.0, 1795.0], [6055.0, 1800.0], [6050.0, 1805.0], [6050.0, 1815.0], [6050.0, 1825.0], [6050.0, 1835.0], [6045.0, 1840.0], [6040.0, 1845.0], [6035.0, 1850.0], [6030.0, 1855.0], [6025.0, 1860.0], [6020.0, 1865.0], [6015.0, 1870.0]], [[6000.0, 1785.0], [6005.0, 1780.0], [6010.0, 1775.0], [6010.0, 1765.0], [6010.0, 1755.0], [6010.0, 1745.0], [6015.0, 1740.0], [6020.0, 1735.0], [6020.0, 1725.0], [6025.0, 1720.0], [6030.0, 1715.0], [6035.0, 1710.0], [6040.0, 1705.0], [6045.0, 1700.0], [6050.0, 1695.0], [6055.0, 1690.0], [6060.0, 1685.0], [6065.0, 1680.0], [6070.0, 1675.0], [6075.0, 1670.0], [6080.0, 1665.0], [6085.0, 1660.0], [6095.0, 1660.0], [6100.0, 1655.0], [6105.0, 1650.0], [6110.0, 1645.0], [6115.0, 1640.0], [6120.0, 1635.0], [6125.0, 1630.0], [6135.0, 1630.0], [6140.0, 1625.0], [6145.0, 1620.0], [6155.0, 1620.0], [6160.0, 1615.0], [6165.0, 1610.0], [6170.0, 1605.0], [6175.0, 1600.0], [6185.0, 1600.0], [6190.0, 1595.0], [6195.0, 1590.0], [6205.0, 1590.0], [6215.0, 1590.0], [6225.0, 1590.0], [6230.0, 1585.0], [6235.0, 1580.0], [6240.0, 1575.0], [6245.0, 1570.0], [6250.0, 1565.0], [6250.0, 1555.0], [6250.0, 1545.0], [6250.0, 1535.0], [6250.0, 1525.0], [6250.0, 1515.0], [6250.0, 1505.0], [6250.0, 1495.0], [6250.0, 1485.0], [6255.0, 1480.0], [6260.0, 1475.0], [6260.0, 1465.0], [6265.0, 1460.0], [6270.0, 1455.0], [6265.0, 1450.0], [6255.0, 1450.0], [6250.0, 1445.0], [6245.0, 1440.0], [6235.0, 1440.0], [6230.0, 1435.0], [6225.0, 1430.0], [6215.0, 1430.0], [6210.0, 1435.0], [6205.0, 1440.0], [6195.0, 1440.0], [6185.0, 1440.0], [6180.0, 1445.0], [6175.0, 1450.0], [6170.0, 1455.0], [6165.0, 1460.0], [6160.0, 1465.0], [6155.0, 1470.0], [6150.0, 1475.0], [6145.0, 1480.0], [6140.0, 1485.0], [6135.0, 1490.0], [6130.0, 1495.0], [6125.0, 1500.0], [6120.0, 1505.0], [6115.0, 1510.0], [6105.0, 1510.0], [6100.0, 1515.0], [6095.0, 1520.0], [6090.0, 1525.0], [6085.0, 1530.0], [6080.0, 1535.0], [6075.0, 1540.0], [6070.0, 1545.0], [6065.0, 1550.0], [6060.0, 1555.0], [6060.0, 1565.0], [6055.0, 1570.0], [6050.0, 1575.0], [6045.0, 1580.0], [6040.0, 1585.0], [6040.0, 1595.0], [6035.0, 1600.0], [6030.0, 1605.0], [6025.0, 1610.0], [6020.0, 1615.0], [6015.0, 1620.0], [6010.0, 1625.0], [6010.0, 1635.0], [6005.0, 1640.0], [6000.0, 1645.0], [6000.0, 1655.0], [6000.0, 1665.0], [6000.0, 1675.0], [6000.0, 1685.0], [6000.0, 1695.0], [6000.0, 1705.0], [6000.0, 1715.0], [6000.0, 1725.0], [6000.0, 1735.0], [6000.0, 1745.0], [6000.0, 1755.0], [6000.0, 1765.0], [5995.0, 1770.0], [5990.0, 1775.0], [5990.0, 1785.0], [5995.0, 1790.0], [6000.0, 1785.0]]]}, "properties": {"objectType": "annotation", "name": "P3_1_C|rim_5", "classification": {"name": "rim", "color": [201, 133, 0]}, "lesion_id": 5, "section": "P3_1_C", "area_um2": 67900.0}}, {"type": "Feature", "geometry": {"type": "Polygon", "coordinates": [[[8365.0, 1820.0], [8360.0, 1815.0], [8355.0, 1810.0], [8350.0, 1805.0], [8350.0, 1795.0], [8350.0, 1785.0], [8350.0, 1775.0], [8350.0, 1765.0], [8350.0, 1755.0], [8350.0, 1745.0], [8350.0, 1735.0], [8350.0, 1725.0], [8350.0, 1715.0], [8345.0, 1710.0], [8340.0, 1705.0], [8345.0, 1700.0], [8350.0, 1695.0], [8350.0, 1685.0], [8350.0, 1675.0], [8350.0, 1665.0], [8345.0, 1660.0], [8340.0, 1655.0], [8335.0, 1650.0], [8330.0, 1645.0], [8330.0, 1635.0], [8335.0, 1630.0], [8340.0, 1625.0], [8345.0, 1620.0], [8355.0, 1620.0], [8360.0, 1615.0], [8360.0, 1605.0], [8360.0, 1595.0], [8360.0, 1585.0], [8365.0, 1580.0], [8370.0, 1575.0], [8365.0, 1570.0], [8360.0, 1565.0], [8365.0, 1560.0], [8370.0, 1555.0], [8370.0, 1545.0], [8370.0, 1535.0], [8370.0, 1525.0], [8365.0, 1520.0], [8360.0, 1515.0], [8355.0, 1510.0], [8350.0, 1505.0], [8355.0, 1500.0], [8360.0, 1495.0], [8365.0, 1490.0], [8370.0, 1485.0], [8375.0, 1480.0], [8380.0, 1475.0], [8385.0, 1470.0], [8395.0, 1470.0], [8400.0, 1465.0], [8405.0, 1460.0], [8415.0, 1460.0], [8420.0, 1455.0], [8425.0, 1450.0], [8430.0, 1445.0], [8435.0, 1440.0], [8440.0, 1435.0], [8445.0, 1430.0], [8450.0, 1425.0], [8450.0, 1415.0], [8445.0, 1410.0], [8440.0, 1405.0], [8445.0, 1400.0], [8450.0, 1395.0], [8455.0, 1390.0], [8460.0, 1385.0], [8465.0, 1380.0], [8470.0, 1375.0], [8475.0, 1370.0], [8480.0, 1375.0], [8485.0, 1380.0], [8495.0, 1380.0], [8500.0, 1375.0], [8505.0, 1370.0], [8510.0, 1375.0], [8515.0, 1380.0], [8520.0, 1375.0], [8525.0, 1370.0], [8530.0, 1375.0], [8535.0, 1380.0], [8545.0, 1380.0], [8550.0, 1385.0], [8555.0, 1390.0], [8560.0, 1395.0], [8565.0, 1400.0], [8570.0, 1405.0], [8575.0, 1410.0], [8580.0, 1415.0], [8580.0, 1425.0], [8585.0, 1430.0], [8590.0, 1435.0], [8595.0, 1440.0], [8600.0, 1445.0], [8595.0, 1450.0], [8590.0, 1455.0], [8590.0, 1465.0], [8585.0, 1470.0], [8580.0, 1475.0], [8580.0, 1485.0], [8575.0, 1490.0], [8570.0, 1495.0], [8570.0, 1505.0], [8570.0, 1515.0], [8565.0, 1520.0], [8560.0, 1525.0], [8555.0, 1530.0], [8550.0, 1535.0], [8555.0, 1540.0], [8560.0, 1545.0], [8555.0, 1550.0], [8550.0, 1555.0], [8555.0, 1560.0], [8560.0, 1565.0], [8565.0, 1570.0], [8570.0, 1575.0], [8575.0, 1580.0], [8580.0, 1585.0], [8585.0, 1590.0], [8590.0, 1595.0], [8590.0, 1605.0], [8590.0, 1615.0], [8590.0, 1625.0], [8590.0, 1635.0], [8585.0, 1640.0], [8580.0, 1645.0], [8580.0, 1655.0], [8575.0, 1660.0], [8570.0, 1665.0], [8570.0, 1675.0], [8565.0, 1680.0], [8560.0, 1685.0], [8555.0, 1690.0], [8550.0, 1695.0], [8545.0, 1700.0], [8540.0, 1705.0], [8535.0, 1710.0], [8525.0, 1710.0], [8515.0, 1710.0], [8510.0, 1705.0], [8505.0, 1700.0], [8500.0, 1705.0], [8495.0, 1710.0], [8490.0, 1715.0], [8485.0, 1720.0], [8475.0, 1720.0], [8465.0, 1720.0], [8460.0, 1725.0], [8455.0, 1730.0], [8445.0, 1730.0], [8440.0, 1735.0], [8435.0, 1740.0], [8430.0, 1745.0], [8425.0, 1750.0], [8420.0, 1755.0], [8415.0, 1760.0], [8410.0, 1765.0], [8405.0, 1770.0], [8400.0, 1775.0], [8400.0, 1785.0], [8395.0, 1790.0], [8390.0, 1795.0], [8385.0, 1800.0], [8380.0, 1805.0], [8375.0, 1810.0], [8370.0, 1815.0], [8365.0, 1820.0]]]}, "properties": {"objectType": "annotation", "name": "R1_2_T|lesion_6", "classification": {"name": "lesion", "color": [255, 0, 0]}, "lesion_id": 6, "section": "R1_2_T", "area_um2": 71650.0}}, {"type": "Feature", "geometry": {"type": "Polygon", "coordinates": [[[8385.0, 1710.0], [8380.0, 1705.0], [8380.0, 1695.0], [8385.0, 1690.0], [8390.0, 1685.0], [8390.0, 1675.0], [8390.0, 1665.0], [8390.0, 1655.0], [8390.0, 1645.0], [8390.0, 1635.0], [8385.0, 1630.0], [8380.0, 1625.0], [8380.0, 1615.0], [8380.0, 1605.0], [8380.0, 1595.0], [8375.0, 1590.0], [8370.0, 1585.0], [8370.0, 1575.0], [8365.0, 1570.0], [8360.0, 1565.0], [8365.0, 1560.0], [8375.0, 1560.0], [8380.0, 1555.0], [8385.0, 1550.0], [8390.0, 1545.0], [8395.0, 1540.0], [8400.0, 1535.0], [8405.0, 1530.0], [8410.0, 1525.0], [8415.0, 1520.0], [8425.0, 1520.0], [8430.0, 1515.0], [8435.0, 1510.0], [8445.0, 1510.0], [8450.0, 1505.0], [8455.0, 1500.0], [8460.0, 1495.0], [8465.0, 1490.0], [8470.0, 1485.0], [8475.0, 1480.0], [8480.0, 1475.0], [8485.0, 1470.0], [8490.0, 1465.0], [8495.0, 1460.0], [8500.0, 1455.0], [8500.0, 1445.0], [8505.0, 1440.0], [8515.0, 1440.0], [8525.0, 1440.0], [8530.0, 1445.0], [8530.0, 1455.0], [8525.0, 1460.0], [8520.0, 1465.0], [8520.0, 1475.0], [8515.0, 1480.0], [8510.0, 1485.0], [8510.0, 1495.0], [8505.0, 1500.0], [8500.0, 1505.0], [8500.0, 1515.0], [8495.0, 1520.0], [8490.0, 1525.0], [8490.0, 1535.0], [8490.0, 1545.0], [8490.0, 1555.0], [8490.0, 1565.0], [8495.0, 1570.0], [8500.0, 1575.0], [8500.0, 1585.0], [8505.0, 1590.0], [8510.0, 1595.0], [8515.0, 1600.0], [8520.0, 1605.0], [8525.0, 1610.0], [8530.0, 1615.0], [8530.0, 1625.0], [8525.0, 1630.0], [8520.0, 1635.0], [8515.0, 1640.0], [8505.0, 1640.0], [8495.0, 1640.0], [8490.0, 1645.0], [8485.0, 1650.0], [8475.0, 1650.0], [8470.0, 1655.0], [8465.0, 1660.0], [8455.0, 1660.0], [8450.0, 1665.0], [8445.0, 1670.0], [8435.0, 1670.0], [8430.0, 1675.0], [8425.0, 1680.0], [8415.0, 1680.0], [8410.0, 1685.0], [8405.0, 1690.0], [8400.0, 1695.0], [8395.0, 1700.0], [8390.0, 1705.0], [8385.0, 1710.0]]]}, "properties": {"objectType": "annotation", "name": "R1_2_T|core_6", "classification": {"name": "core", "color": [230, 103, 103]}, "lesion_id": 6, "section": "R1_2_T", "area_um2": 21350.0}}, {"type": "Feature", "geometry": {"type": "Polygon", "coordinates": [[[8365.0, 1820.0], [8360.0, 1815.0], [8355.0, 1810.0], [8350.0, 1805.0], [8350.0, 1795.0], [8350.0, 1785.0], [8350.0, 1775.0], [8350.0, 1765.0], [8350.0, 1755.0], [8350.0, 1745.0], [8350.0, 1735.0], [8350.0, 1725.0], [8350.0, 1715.0], [8345.0, 1710.0], [8340.0, 1705.0], [8345.0, 1700.0], [8350.0, 1695.0], [8350.0, 1685.0], [8350.0, 1675.0], [8350.0, 1665.0], [8345.0, 1660.0], [8340.0, 1655.0], [8335.0, 1650.0], [8330.0, 1645.0], [8330.0, 1635.0], [8335.0, 1630.0], [8340.0, 1625.0], [8345.0, 1620.0], [8355.0, 1620.0], [8360.0, 1615.0], [8360.0, 1605.0], [8360.0, 1595.0], [8360.0, 1585.0], [8365.0, 1580.0], [8370.0, 1585.0], [8375.0, 1590.0], [8380.0, 1595.0], [8380.0, 1605.0], [8380.0, 1615.0], [8380.0, 1625.0], [8385.0, 1630.0], [8390.0, 1635.0], [8390.0, 1645.0], [8390.0, 1655.0], [8390.0, 1665.0], [8390.0, 1675.0], [8390.0, 1685.0], [8385.0, 1690.0], [8380.0, 1695.0], [8380.0, 1705.0], [8385.0, 1710.0], [8390.0, 1705.0], [8395.0, 1700.0], [8400.0, 1695.0], [8405.0, 1690.0], [8410.0, 1685.0], [8415.0, 1680.0], [8425.0, 1680.0], [8430.0, 1675.0], [8435.0, 1670.0], [8445.0, 1670.0], [8450.0, 1665.0], [8455.0, 1660.0], [8465.0, 1660.0], [8470.0, 1655.0], [8475.0, 1650.0], [8485.0, 1650.0], [8490.0, 1645.0], [8495.0, 1640.0], [8505.0, 1640.0], [8515.0, 1640.0], [8520.0, 1635.0], [8525.0, 1630.0], [8530.0, 1625.0], [8530.0, 1615.0], [8525.0, 1610.0], [8520.0, 1605.0], [8515.0, 1600.0], [8510.0, 1595.0], [8505.0, 1590.0], [8500.0, 1585.0], [8500.0, 1575.0], [8495.0, 1570.0], [8490.0, 1565.0], [8490.0, 1555.0], [8490.0, 1545.0], [8490.0, 1535.0], [8490.0, 1525.0], [8495.0, 1520.0], [8500.0, 1515.0], [8500.0, 1505.0], [8505.0, 1500.0], [8510.0, 1495.0], [8510.0, 1485.0], [8515.0, 1480.0], [8520.0, 1475.0], [8520.0, 1465.0], [8525.0, 1460.0], [8530.0, 1455.0], [8530.0, 1445.0], [8525.0, 1440.0], [8515.0, 1440.0], [8505.0, 1440.0], [8500.0, 1445.0], [8500.0, 1455.0], [8495.0, 1460.0], [8490.0, 1465.0], [8485.0, 1470.0], [8480.0, 1475.0], [8475.0, 1480.0], [8470.0, 1485.0], [8465.0, 1490.0], [8460.0, 1495.0], [8455.0, 1500.0], [8450.0, 1505.0], [8445.0, 1510.0], [8435.0, 1510.0], [8430.0, 1515.0], [8425.0, 1520.0], [8415.0, 1520.0], [8410.0, 1525.0], [8405.0, 1530.0], [8400.0, 1535.0], [8395.0, 1540.0], [8390.0, 1545.0], [8385.0, 1550.0], [8380.0, 1555.0], [8375.0, 1560.0], [8370.0, 1555.0], [8370.0, 1545.0], [8370.0, 1535.0], [8370.0, 1525.0], [8365.0, 1520.0], [8360.0, 1515.0], [8355.0, 1510.0], [8350.0, 1505.0], [8355.0, 1500.0], [8360.0, 1495.0], [8365.0, 1490.0], [8370.0, 1485.0], [8375.0, 1480.0], [8380.0, 1475.0], [8385.0, 1470.0], [8395.0, 1470.0], [8400.0, 1465.0], [8405.0, 1460.0], [8415.0, 1460.0], [8420.0, 1455.0], [8425.0, 1450.0], [8430.0, 1445.0], [8435.0, 1440.0], [8440.0, 1435.0], [8445.0, 1430.0], [8450.0, 1425.0], [8450.0, 1415.0], [8445.0, 1410.0], [8440.0, 1405.0], [8445.0, 1400.0], [8450.0, 1395.0], [8455.0, 1390.0], [8460.0, 1385.0], [8465.0, 1380.0], [8470.0, 1375.0], [8475.0, 1370.0], [8480.0, 1375.0], [8485.0, 1380.0], [8495.0, 1380.0], [8500.0, 1375.0], [8505.0, 1370.0], [8510.0, 1375.0], [8515.0, 1380.0], [8520.0, 1375.0], [8525.0, 1370.0], [8530.0, 1375.0], [8535.0, 1380.0], [8545.0, 1380.0], [8550.0, 1385.0], [8555.0, 1390.0], [8560.0, 1395.0], [8565.0, 1400.0], [8570.0, 1405.0], [8575.0, 1410.0], [8580.0, 1415.0], [8580.0, 1425.0], [8585.0, 1430.0], [8590.0, 1435.0], [8595.0, 1440.0], [8600.0, 1445.0], [8595.0, 1450.0], [8590.0, 1455.0], [8590.0, 1465.0], [8585.0, 1470.0], [8580.0, 1475.0], [8580.0, 1485.0], [8575.0, 1490.0], [8570.0, 1495.0], [8570.0, 1505.0], [8570.0, 1515.0], [8565.0, 1520.0], [8560.0, 1525.0], [8555.0, 1530.0], [8550.0, 1535.0], [8555.0, 1540.0], [8560.0, 1545.0], [8555.0, 1550.0], [8550.0, 1555.0], [8555.0, 1560.0], [8560.0, 1565.0], [8565.0, 1570.0], [8570.0, 1575.0], [8575.0, 1580.0], [8580.0, 1585.0], [8585.0, 1590.0], [8590.0, 1595.0], [8590.0, 1605.0], [8590.0, 1615.0], [8590.0, 1625.0], [8590.0, 1635.0], [8585.0, 1640.0], [8580.0, 1645.0], [8580.0, 1655.0], [8575.0, 1660.0], [8570.0, 1665.0], [8570.0, 1675.0], [8565.0, 1680.0], [8560.0, 1685.0], [8555.0, 1690.0], [8550.0, 1695.0], [8545.0, 1700.0], [8540.0, 1705.0], [8535.0, 1710.0], [8525.0, 1710.0], [8515.0, 1710.0], [8510.0, 1705.0], [8505.0, 1700.0], [8500.0, 1705.0], [8495.0, 1710.0], [8490.0, 1715.0], [8485.0, 1720.0], [8475.0, 1720.0], [8465.0, 1720.0], [8460.0, 1725.0], [8455.0, 1730.0], [8445.0, 1730.0], [8440.0, 1735.0], [8435.0, 1740.0], [8430.0, 1745.0], [8425.0, 1750.0], [8420.0, 1755.0], [8415.0, 1760.0], [8410.0, 1765.0], [8405.0, 1770.0], [8400.0, 1775.0], [8400.0, 1785.0], [8395.0, 1790.0], [8390.0, 1795.0], [8385.0, 1800.0], [8380.0, 1805.0], [8375.0, 1810.0], [8370.0, 1815.0], [8365.0, 1820.0]]]}, "properties": {"objectType": "annotation", "name": "R1_2_T|rim_6", "classification": {"name": "rim", "color": [201, 133, 0]}, "lesion_id": 6, "section": "R1_2_T", "area_um2": 50250.0}}, {"type": "Feature", "geometry": {"type": "Polygon", "coordinates": [[[8155.0, 2780.0], [8145.0, 2780.0], [8140.0, 2775.0], [8135.0, 2770.0], [8130.0, 2765.0], [8130.0, 2755.0], [8130.0, 2745.0], [8130.0, 2735.0], [8130.0, 2725.0], [8135.0, 2720.0], [8140.0, 2715.0], [8140.0, 2705.0], [8140.0, 2695.0], [8145.0, 2690.0], [8150.0, 2685.0], [8150.0, 2675.0], [8150.0, 2665.0], [8145.0, 2660.0], [8140.0, 2655.0], [8140.0, 2645.0], [8140.0, 2635.0], [8140.0, 2625.0], [8140.0, 2615.0], [8145.0, 2610.0], [8150.0, 2605.0], [8150.0, 2595.0], [8155.0, 2590.0], [8160.0, 2585.0], [8160.0, 2575.0], [8160.0, 2565.0], [8165.0, 2560.0], [8170.0, 2555.0], [8170.0, 2545.0], [8175.0, 2540.0], [8180.0, 2535.0], [8180.0, 2525.0], [8180.0, 2515.0], [8180.0, 2505.0], [8180.0, 2495.0], [8180.0, 2485.0], [8180.0, 2475.0], [8180.0, 2465.0], [8185.0, 2460.0], [8190.0, 2455.0], [8190.0, 2445.0], [8190.0, 2435.0], [8190.0, 2425.0], [8195.0, 2420.0], [8200.0, 2415.0], [8205.0, 2410.0], [8210.0, 2405.0], [8215.0, 2400.0], [8220.0, 2405.0], [8225.0, 2410.0], [8235.0, 2410.0], [8240.0, 2415.0], [8245.0, 2420.0], [8250.0, 2425.0], [8255.0, 2430.0], [8260.0, 2435.0], [8265.0, 2440.0], [8270.0, 2445.0], [8275.0, 2450.0], [8285.0, 2450.0], [8295.0, 2450.0], [8305.0, 2450.0], [8315.0, 2450.0], [8325.0, 2450.0], [8335.0, 2450.0], [8340.0, 2445.0], [8345.0, 2440.0], [8355.0, 2440.0], [8360.0, 2435.0], [8365.0, 2430.0], [8370.0, 2425.0], [8375.0, 2420.0], [8380.0, 2415.0], [8380.0, 2405.0], [8375.0, 2400.0], [8370.0, 2395.0], [8375.0, 2390.0], [8380.0, 2385.0], [8385.0, 2380.0], [8390.0, 2375.0], [8395.0, 2370.0], [8400.0, 2365.0], [8405.0, 2360.0], [8410.0, 2355.0], [8405.0, 2350.0], [8400.0, 2345.0], [8395.0, 2340.0], [8390.0, 2335.0], [8385.0, 2330.0], [8380.0, 2325.0], [8375.0, 2320.0], [8365.0, 2320.0], [8355.0, 2320.0], [8345.0, 2320.0], [8340.0, 2315.0], [8335.0, 2310.0], [8330.0, 2315.0], [8325.0, 2320.0], [8315.0, 2320.0], [8305.0, 2320.0], [8300.0, 2325.0], [8295.0, 2330.0], [8290.0, 2335.0], [8285.0, 2340.0], [8280.0, 2345.0], [8275.0, 2350.0], [8270.0, 2345.0], [8265.0, 2340.0], [8255.0, 2340.0], [8245.0, 2340.0], [8240.0, 2345.0], [8235.0, 2350.0], [8230.0, 2345.0], [8225.0, 2340.0], [8215.0, 2340.0], [8210.0, 2335.0], [8205.0, 2330.0], [8200.0, 2325.0], [8195.0, 2320.0], [8190.0, 2315.0], [8185.0, 2310.0], [8180.0, 2305.0], [8180.0, 2295.0], [8175.0, 2290.0], [8170.0, 2285.0], [8175.0, 2280.0], [8180.0, 2275.0], [8175.0, 2270.0], [8170.0, 2265.0], [8170.0, 2255.0], [8170.0, 2245.0], [8175.0, 2240.0], [8180.0, 2235.0], [8185.0, 2230.0], [8190.0, 2225.0], [8195.0, 2220.0], [8200.0, 2215.0], [8205.0, 2210.0], [8210.0, 2205.0], [8210.0, 2195.0], [8205.0, 2190.0], [8200.0, 2185.0], [8195.0, 2180.0], [8190.0, 2175.0], [8185.0, 2170.0], [8180.0, 2165.0], [8180.0, 2155.0], [8180.0, 2145.0], [8180.0, 2135.0], [8175.0, 2130.0], [8170.0, 2125.0], [8170.0, 2115.0], [8165.0, 2110.0], [8160.0, 2105.0], [8160.0, 2095.0], [8160.0, 2085.0], [8160.0, 2075.0], [8160.0, 2065.0], [8155.0, 2060.0], [8150.0, 2055.0], [8145.0, 2050.0], [8140.0, 2045.0], [8140.0, 2035.0], [8140.0, 2025.0], [8140.0, 2015.0], [8140.0, 2005.0], [8140.0, 1995.0], [8140.0, 1985.0], [8140.0, 1975.0], [8145.0, 1970.0], [8150.0, 1965.0], [8155.0, 1960.0], [8160.0, 1955.0], [8165.0, 1950.0], [8170.0, 1945.0], [8170.0, 1935.0], [8170.0, 1925.0], [8175.0, 1920.0], [8180.0, 1915.0], [8185.0, 1910.0], [8190.0, 1905.0], [8195.0, 1900.0], [8200.0, 1895.0], [8205.0, 1890.0], [8210.0, 1885.0], [8215.0, 1880.0], [8220.0, 1875.0], [8225.0, 1870.0], [8230.0, 1875.0], [8235.0, 1880.0], [8245.0, 1880.0], [8255.0, 1880.0], [8265.0, 1880.0], [8275.0, 1880.0], [8285.0, 1880.0], [8295.0, 1880.0], [8300.0, 1875.0], [8305.0, 1870.0], [8315.0, 1870.0], [8325.0, 1870.0], [8330.0, 1865.0], [8335.0, 1860.0], [8340.0, 1855.0], [8345.0, 1850.0], [8350.0, 1845.0], [8355.0, 1840.0], [8360.0, 1835.0], [8365.0, 1830.0], [8370.0, 1835.0], [8375.0, 1840.0], [8380.0, 1845.0], [8385.0, 1850.0], [8390.0, 1855.0], [8395.0, 1860.0], [8400.0, 1865.0], [8405.0, 1870.0], [8415.0, 1870.0], [8420.0, 1875.0], [8425.0, 1880.0], [8430.0, 1885.0], [8435.0, 1890.0], [8445.0, 1890.0], [8450.0, 1895.0], [8455.0, 1900.0], [8460.0, 1905.0], [8465.0, 1910.0], [8470.0, 1905.0], [8475.0, 1900.0], [8480.0, 1905.0], [8485.0, 1910.0], [8490.0, 1915.0], [8495.0, 1920.0], [8500.0, 1925.0], [8500.0, 1935.0], [8505.0, 1940.0], [8510.0, 1945.0], [8515.0, 1950.0], [8520.0, 1955.0], [8525.0, 1960.0], [8530.0, 1965.0], [8530.0, 1975.0], [8530.0, 1985.0], [8530.0, 1995.0], [8525.0, 2000.0], [8520.0, 2005.0], [8525.0, 2010.0], [8530.0, 2015.0], [8525.0, 2020.0], [8520.0, 2025.0], [8515.0, 2030.0], [8510.0, 2035.0], [8505.0, 2040.0], [8500.0, 2045.0], [8495.0, 2050.0], [8490.0, 2055.0], [8485.0, 2060.0], [8475.0, 2060.0], [8470.0, 2065.0], [8465.0, 2070.0], [8460.0, 2075.0], [8455.0, 2080.0], [8450.0, 2075.0], [8445.0, 2070.0], [8440.0, 2075.0], [8435.0, 2080.0], [8425.0, 2080.0], [8415.0, 2080.0], [8405.0, 2080.0], [8400.0, 2085.0], [8395.0, 2090.0], [8385.0, 2090.0], [8375.0, 2090.0], [8370.0, 2095.0], [8365.0, 2100.0], [8360.0, 2105.0], [8355.0, 2110.0], [8350.0, 2115.0], [8345.0, 2120.0], [8335.0, 2120.0], [8330.0, 2125.0], [8325.0, 2130.0], [8320.0, 2135.0], [8315.0, 2140.0], [8310.0, 2145.0], [8305.0, 2150.0], [8300.0, 2155.0], [8295.0, 2160.0], [8290.0, 2165.0], [8290.0, 2175.0], [8285.0, 2180.0], [8280.0, 2185.0], [8285.0, 2190.0], [8290.0, 2195.0], [8295.0, 2200.0], [8300.0, 2205.0], [8305.0, 2210.0], [8310.0, 2215.0], [8315.0, 2220.0], [8320.0, 2225.0], [8325.0, 2230.0], [8330.0, 2235.0], [8335.0, 2240.0], [8345.0, 2240.0], [8350.0, 2245.0], [8355.0, 2250.0], [8360.0, 2255.0], [8365.0, 2260.0], [8375.0, 2260.0], [8380.0, 2265.0], [8385.0, 2270.0], [8395.0, 2270.0], [8400.0, 2275.0], [8405.0, 2280.0], [8415.0, 2280.0], [8425.0, 2280.0], [8430.0, 2285.0], [8435.0, 2290.0], [8445.0, 2290.0], [8455.0, 2290.0], [8465.0, 2290.0], [8475.0, 2290.0], [8485.0, 2290.0], [8490.0, 2295.0], [8495.0, 2300.0], [8505.0, 2300.0], [8515.0, 2300.0], [8525.0, 2300.0], [8535.0, 2300.0], [8545.0, 2300.0], [8555.0, 2300.0], [8565.0, 2300.0], [8570.0, 2295.0], [8575.0, 2290.0], [8580.0, 2295.0], [8585.0, 2300.0], [8595.0, 2300.0], [8605.0, 2300.0], [8615.0, 2300.0], [8625.0, 2300.0], [8635.0, 2300.0], [8645.0, 2300.0], [8655.0, 2300.0], [8665.0, 2300.0], [8675.0, 2300.0], [8685.0, 2300.0], [8690.0, 2305.0], [8695.0, 2310.0], [8700.0, 2315.0], [8705.0, 2320.0], [8710.0, 2325.0], [8710.0, 2335.0], [8705.0, 2340.0], [8700.0, 2345.0], [8695.0, 2350.0], [8690.0, 2355.0], [8685.0, 2360.0], [8680.0, 2365.0], [8675.0, 2370.0], [8670.0, 2375.0], [8675.0, 2380.0], [8680.0, 2385.0], [8680.0, 2395.0], [8675.0, 2400.0], [8670.0, 2405.0], [8670.0, 2415.0], [8670.0, 2425.0], [8670.0, 2435.0], [8670.0, 2445.0], [8670.0, 2455.0], [8665.0, 2460.0], [8660.0, 2465.0], [8660.0, 2475.0], [8660.0, 2485.0], [8665.0, 2490.0], [8670.0, 2495.0], [8675.0, 2500.0], [8680.0, 2505.0], [8675.0, 2510.0], [8670.0, 2515.0], [8665.0, 2520.0], [8660.0, 2525.0], [8655.0, 2530.0], [8650.0, 2535.0], [8645.0, 2540.0], [8635.0, 2540.0], [8625.0, 2540.0], [8615.0, 2540.0], [8605.0, 2540.0], [8600.0, 2535.0], [8595.0, 2530.0], [8585.0, 2530.0], [8575.0, 2530.0], [8565.0, 2530.0], [8555.0, 2530.0], [8545.0, 2530.0], [8535.0, 2530.0], [8525.0, 2530.0], [8515.0, 2530.0], [8505.0, 2530.0], [8495.0, 2530.0], [8485.0, 2530.0], [8475.0, 2530.0], [8470.0, 2525.0], [8465.0, 2520.0], [8460.0, 2515.0], [8455.0, 2510.0], [8445.0, 2510.0], [8440.0, 2515.0], [8435.0, 2520.0], [8430.0, 2525.0], [8425.0, 2530.0], [8420.0, 2535.0], [8415.0, 2540.0], [8410.0, 2545.0], [8405.0, 2550.0], [8400.0, 2555.0], [8395.0, 2560.0], [8390.0, 2565.0], [8385.0, 2570.0], [8380.0, 2575.0], [8380.0, 2585.0], [8380.0, 2595.0], [8380.0, 2605.0], [8380.0, 2615.0], [8380.0, 2625.0], [8375.0, 2630.0], [8370.0, 2635.0], [8365.0, 2640.0], [8360.0, 2645.0], [8360.0, 2655.0], [8355.0, 2660.0], [8350.0, 2665.0], [8350.0, 2675.0], [8355.0, 2680.0], [8360.0, 2685.0], [8365.0, 2690.0], [8370.0, 2695.0], [8370.0, 2705.0], [8365.0, 2710.0], [8360.0, 2715.0], [8355.0, 2720.0], [8350.0, 2725.0], [8345.0, 2730.0], [8340.0, 2725.0], [8335.0, 2720.0], [8330.0, 2715.0], [8325.0, 2710.0], [8315.0, 2710.0], [8305.0, 2710.0], [8300.0, 2715.0], [8295.0, 2720.0], [8285.0, 2720.0], [8280.0, 2725.0], [8275.0, 2730.0], [8270.0, 2735.0], [8265.0, 2740.0], [8260.0, 2745.0], [8255.0, 2750.0], [8245.0, 2750.0], [8240.0, 2755.0], [8235.0, 2760.0], [8230.0, 2765.0], [8225.0, 2770.0], [8215.0, 2770.0], [8205.0, 2770.0], [8195.0, 2770.0], [8190.0, 2765.0], [8185.0, 2760.0], [8175.0, 2760.0], [8170.0, 2765.0], [8165.0, 2770.0], [8160.0, 2775.0], [8155.0, 2780.0]]]}, "properties": {"objectType": "annotation", "name": "R1_2_T|lesion_7", "classification": {"name": "lesion", "color": [255, 0, 0]}, "lesion_id": 7, "section": "R1_2_T", "area_um2": 248350.0}}, {"type": "Feature", "geometry": {"type": "MultiPolygon", "coordinates": [[[[8255.0, 2120.0], [8260.0, 2115.0], [8265.0, 2110.0], [8270.0, 2105.0], [8275.0, 2100.0], [8280.0, 2095.0], [8285.0, 2090.0], [8290.0, 2085.0], [8295.0, 2080.0], [8300.0, 2075.0], [8305.0, 2070.0], [8315.0, 2070.0], [8320.0, 2065.0], [8325.0, 2060.0], [8330.0, 2055.0], [8335.0, 2050.0], [8340.0, 2045.0], [8345.0, 2040.0], [8355.0, 2040.0], [8360.0, 2035.0], [8365.0, 2030.0], [8375.0, 2030.0], [8385.0, 2030.0], [8390.0, 2025.0], [8395.0, 2020.0], [8405.0, 2020.0], [8415.0, 2020.0], [8425.0, 2020.0], [8430.0, 2015.0], [8435.0, 2010.0], [8445.0, 2010.0], [8455.0, 2010.0], [8460.0, 2005.0], [8460.0, 1995.0], [8465.0, 1990.0], [8470.0, 1985.0], [8465.0, 1980.0], [8460.0, 1975.0], [8455.0, 1970.0], [8450.0, 1965.0], [8445.0, 1960.0], [8435.0, 1960.0], [8430.0, 1955.0], [8425.0, 1950.0], [8420.0, 1945.0], [8415.0, 1940.0], [8405.0, 1940.0], [8400.0, 1935.0], [8395.0, 1930.0], [8390.0, 1925.0], [8385.0, 1920.0], [8375.0, 1920.0], [8370.0, 1915.0], [8365.0, 1910.0], [8360.0, 1915.0], [8355.0, 1920.0], [8345.0, 1920.0], [8340.0, 1925.0], [8335.0, 1930.0], [8325.0, 1930.0], [8315.0, 1930.0], [8310.0, 1935.0], [8305.0, 1940.0], [8295.0, 1940.0], [8285.0, 1940.0], [8275.0, 1940.0], [8265.0, 1940.0], [8255.0, 1940.0], [8245.0, 1940.0], [8235.0, 1940.0], [8230.0, 1945.0], [8225.0, 1950.0], [8220.0, 1955.0], [8215.0, 1960.0], [8210.0, 1965.0], [8205.0, 1970.0], [8200.0, 1975.0], [8200.0, 1985.0], [8195.0, 1990.0], [8190.0, 1995.0], [8190.0, 2005.0], [8190.0, 2015.0], [8190.0, 2025.0], [8190.0, 2035.0], [8190.0, 2045.0], [8195.0, 2050.0], [8200.0, 2055.0], [8200.0, 2065.0], [8205.0, 2070.0], [8210.0, 2075.0], [8210.0, 2085.0], [8215.0, 2090.0], [8220.0, 2095.0], [8225.0, 2100.0], [8230.0, 2105.0], [8230.0, 2115.0], [8235.0, 2120.0], [8240.0, 2125.0], [8245.0, 2130.0], [8250.0, 2125.0], [8255.0, 2120.0]]], [[[8275.0, 2270.0], [8280.0, 2265.0], [8275.0, 2260.0], [8270.0, 2255.0], [8265.0, 2250.0], [8260.0, 2245.0], [8255.0, 2240.0], [8250.0, 2245.0], [8245.0, 2250.0], [8240.0, 2255.0], [8240.0, 2265.0], [8240.0, 2275.0], [8245.0, 2280.0], [8255.0, 2280.0], [8265.0, 2280.0], [8270.0, 2275.0], [8275.0, 2270.0]]], [[[8600.0, 2455.0], [8605.0, 2450.0], [8610.0, 2445.0], [8610.0, 2435.0], [8610.0, 2425.0], [8610.0, 2415.0], [8610.0, 2405.0], [8610.0, 2395.0], [8610.0, 2385.0], [8610.0, 2375.0], [8610.0, 2365.0], [8605.0, 2360.0], [8595.0, 2360.0], [8585.0, 2360.0], [8575.0, 2360.0], [8565.0, 2360.0], [8555.0, 2360.0], [8545.0, 2360.0], [8535.0, 2360.0], [8525.0, 2360.0], [8515.0, 2360.0], [8505.0, 2360.0], [8495.0, 2360.0], [8485.0, 2360.0], [8480.0, 2355.0], [8475.0, 2350.0], [8470.0, 2355.0], [8470.0, 2365.0], [8465.0, 2370.0], [8460.0, 2375.0], [8460.0, 2385.0], [8455.0, 2390.0], [8450.0, 2395.0], [8445.0, 2400.0], [8440.0, 2405.0], [8440.0, 2415.0], [8440.0, 2425.0], [8435.0, 2430.0], [8430.0, 2435.0], [8430.0, 2445.0], [8435.0, 2450.0], [8445.0, 2450.0], [8455.0, 2450.0], [8465.0, 2450.0], [8470.0, 2455.0], [8475.0, 2460.0], [8485.0, 2460.0], [8490.0, 2465.0], [8495.0, 2470.0], [8505.0, 2470.0], [8515.0, 2470.0], [8525.0, 2470.0], [8535.0, 2470.0], [8545.0, 2470.0], [8555.0, 2470.0], [8565.0, 2470.0], [8575.0, 2470.0], [8585.0, 2470.0], [8595.0, 2470.0], [8600.0, 2465.0], [8600.0, 2455.0]]], [[[8215.0, 2700.0], [8225.0, 2700.0], [8230.0, 2695.0], [8235.0, 2690.0], [8240.0, 2685.0], [8245.0, 2680.0], [8250.0, 2675.0], [8255.0, 2670.0], [8265.0, 2670.0], [8270.0, 2665.0], [8275.0, 2660.0], [8285.0, 2660.0], [8290.0, 2655.0], [8295.0, 2650.0], [8300.0, 2645.0], [8300.0, 2635.0], [8305.0, 2630.0], [8310.0, 2625.0], [8310.0, 2615.0], [8315.0, 2610.0], [8320.0, 2605.0], [8320.0, 2595.0], [8320.0, 2585.0], [8320.0, 2575.0], [8320.0, 2565.0], [8325.0, 2560.0], [8330.0, 2555.0], [8330.0, 2545.0], [8335.0, 2540.0], [8340.0, 2535.0], [8345.0, 2530.0], [8350.0, 2525.0], [8355.0, 2520.0], [8360.0, 2515.0], [8365.0, 2510.0], [8370.0, 2505.0], [8365.0, 2500.0], [8355.0, 2500.0], [8350.0, 2505.0], [8345.0, 2510.0], [8335.0, 2510.0], [8325.0, 2510.0], [8315.0, 2510.0], [8305.0, 2510.0], [8295.0, 2510.0], [8285.0, 2510.0], [8275.0, 2510.0], [8265.0, 2510.0], [8260.0, 2505.0], [8255.0, 2500.0], [8245.0, 2500.0], [8240.0, 2505.0], [8240.0, 2515.0], [8240.0, 2525.0], [8240.0, 2535.0], [8235.0, 2540.0], [8230.0, 2545.0], [8230.0, 2555.0], [8225.0, 2560.0], [8220.0, 2565.0], [8220.0, 2575.0], [8215.0, 2580.0], [8210.0, 2585.0], [8210.0, 2595.0], [8210.0, 2605.0], [8210.0, 2615.0], [8205.0, 2620.0], [8200.0, 2625.0], [8200.0, 2635.0], [8195.0, 2640.0], [8190.0, 2645.0], [8190.0, 2655.0], [8190.0, 2665.0], [8190.0, 2675.0], [8190.0, 2685.0], [8185.0, 2690.0], [8180.0, 2695.0], [8185.0, 2700.0], [8195.0, 2700.0], [8200.0, 2705.0], [8205.0, 2710.0], [8210.0, 2705.0], [8215.0, 2700.0]]]]}, "properties": {"objectType": "annotation", "name": "R1_2_T|core_7", "classification": {"name": "core", "color": [230, 103, 103]}, "lesion_id": 7, "section": "R1_2_T", "area_um2": 68600.0}}, {"type": "Feature", "geometry": {"type": "Polygon", "coordinates": [[[8155.0, 2780.0], [8145.0, 2780.0], [8140.0, 2775.0], [8135.0, 2770.0], [8130.0, 2765.0], [8130.0, 2755.0], [8130.0, 2745.0], [8130.0, 2735.0], [8130.0, 2725.0], [8135.0, 2720.0], [8140.0, 2715.0], [8140.0, 2705.0], [8140.0, 2695.0], [8145.0, 2690.0], [8150.0, 2685.0], [8150.0, 2675.0], [8150.0, 2665.0], [8145.0, 2660.0], [8140.0, 2655.0], [8140.0, 2645.0], [8140.0, 2635.0], [8140.0, 2625.0], [8140.0, 2615.0], [8145.0, 2610.0], [8150.0, 2605.0], [8150.0, 2595.0], [8155.0, 2590.0], [8160.0, 2585.0], [8160.0, 2575.0], [8160.0, 2565.0], [8165.0, 2560.0], [8170.0, 2555.0], [8170.0, 2545.0], [8175.0, 2540.0], [8180.0, 2535.0], [8180.0, 2525.0], [8180.0, 2515.0], [8180.0, 2505.0], [8180.0, 2495.0], [8180.0, 2485.0], [8180.0, 2475.0], [8180.0, 2465.0], [8185.0, 2460.0], [8190.0, 2455.0], [8190.0, 2445.0], [8190.0, 2435.0], [8190.0, 2425.0], [8195.0, 2420.0], [8200.0, 2415.0], [8205.0, 2410.0], [8210.0, 2405.0], [8215.0, 2400.0], [8220.0, 2405.0], [8225.0, 2410.0], [8235.0, 2410.0], [8240.0, 2415.0], [8245.0, 2420.0], [8250.0, 2425.0], [8255.0, 2430.0], [8260.0, 2435.0], [8265.0, 2440.0], [8270.0, 2445.0], [8275.0, 2450.0], [8285.0, 2450.0], [8295.0, 2450.0], [8305.0, 2450.0], [8315.0, 2450.0], [8325.0, 2450.0], [8335.0, 2450.0], [8340.0, 2445.0], [8345.0, 2440.0], [8355.0, 2440.0], [8360.0, 2435.0], [8365.0, 2430.0], [8370.0, 2425.0], [8375.0, 2420.0], [8380.0, 2415.0], [8380.0, 2405.0], [8375.0, 2400.0], [8370.0, 2395.0], [8375.0, 2390.0], [8380.0, 2385.0], [8385.0, 2380.0], [8390.0, 2375.0], [8395.0, 2370.0], [8400.0, 2365.0], [8405.0, 2360.0], [8410.0, 2355.0], [8405.0, 2350.0], [8400.0, 2345.0], [8395.0, 2340.0], [8390.0, 2335.0], [8385.0, 2330.0], [8380.0, 2325.0], [8375.0, 2320.0], [8365.0, 2320.0], [8355.0, 2320.0], [8345.0, 2320.0], [8340.0, 2315.0], [8335.0, 2310.0], [8330.0, 2315.0], [8325.0, 2320.0], [8315.0, 2320.0], [8305.0, 2320.0], [8300.0, 2325.0], [8295.0, 2330.0], [8290.0, 2335.0], [8285.0, 2340.0], [8280.0, 2345.0], [8275.0, 2350.0], [8270.0, 2345.0], [8265.0, 2340.0], [8255.0, 2340.0], [8245.0, 2340.0], [8240.0, 2345.0], [8235.0, 2350.0], [8230.0, 2345.0], [8225.0, 2340.0], [8215.0, 2340.0], [8210.0, 2335.0], [8205.0, 2330.0], [8200.0, 2325.0], [8195.0, 2320.0], [8190.0, 2315.0], [8185.0, 2310.0], [8180.0, 2305.0], [8180.0, 2295.0], [8175.0, 2290.0], [8170.0, 2285.0], [8175.0, 2280.0], [8180.0, 2275.0], [8175.0, 2270.0], [8170.0, 2265.0], [8170.0, 2255.0], [8170.0, 2245.0], [8175.0, 2240.0], [8180.0, 2235.0], [8185.0, 2230.0], [8190.0, 2225.0], [8195.0, 2220.0], [8200.0, 2215.0], [8205.0, 2210.0], [8210.0, 2205.0], [8210.0, 2195.0], [8205.0, 2190.0], [8200.0, 2185.0], [8195.0, 2180.0], [8190.0, 2175.0], [8185.0, 2170.0], [8180.0, 2165.0], [8180.0, 2155.0], [8180.0, 2145.0], [8180.0, 2135.0], [8175.0, 2130.0], [8170.0, 2125.0], [8170.0, 2115.0], [8165.0, 2110.0], [8160.0, 2105.0], [8160.0, 2095.0], [8160.0, 2085.0], [8160.0, 2075.0], [8160.0, 2065.0], [8155.0, 2060.0], [8150.0, 2055.0], [8145.0, 2050.0], [8140.0, 2045.0], [8140.0, 2035.0], [8140.0, 2025.0], [8140.0, 2015.0], [8140.0, 2005.0], [8140.0, 1995.0], [8140.0, 1985.0], [8140.0, 1975.0], [8145.0, 1970.0], [8150.0, 1965.0], [8155.0, 1960.0], [8160.0, 1955.0], [8165.0, 1950.0], [8170.0, 1945.0], [8170.0, 1935.0], [8170.0, 1925.0], [8175.0, 1920.0], [8180.0, 1915.0], [8185.0, 1910.0], [8190.0, 1905.0], [8195.0, 1900.0], [8200.0, 1895.0], [8205.0, 1890.0], [8210.0, 1885.0], [8215.0, 1880.0], [8220.0, 1875.0], [8225.0, 1870.0], [8230.0, 1875.0], [8235.0, 1880.0], [8245.0, 1880.0], [8255.0, 1880.0], [8265.0, 1880.0], [8275.0, 1880.0], [8285.0, 1880.0], [8295.0, 1880.0], [8300.0, 1875.0], [8305.0, 1870.0], [8315.0, 1870.0], [8325.0, 1870.0], [8330.0, 1865.0], [8335.0, 1860.0], [8340.0, 1855.0], [8345.0, 1850.0], [8350.0, 1845.0], [8355.0, 1840.0], [8360.0, 1835.0], [8365.0, 1830.0], [8370.0, 1835.0], [8375.0, 1840.0], [8380.0, 1845.0], [8385.0, 1850.0], [8390.0, 1855.0], [8395.0, 1860.0], [8400.0, 1865.0], [8405.0, 1870.0], [8415.0, 1870.0], [8420.0, 1875.0], [8425.0, 1880.0], [8430.0, 1885.0], [8435.0, 1890.0], [8445.0, 1890.0], [8450.0, 1895.0], [8455.0, 1900.0], [8460.0, 1905.0], [8465.0, 1910.0], [8470.0, 1905.0], [8475.0, 1900.0], [8480.0, 1905.0], [8485.0, 1910.0], [8490.0, 1915.0], [8495.0, 1920.0], [8500.0, 1925.0], [8500.0, 1935.0], [8505.0, 1940.0], [8510.0, 1945.0], [8515.0, 1950.0], [8520.0, 1955.0], [8525.0, 1960.0], [8530.0, 1965.0], [8530.0, 1975.0], [8530.0, 1985.0], [8530.0, 1995.0], [8525.0, 2000.0], [8520.0, 2005.0], [8525.0, 2010.0], [8530.0, 2015.0], [8525.0, 2020.0], [8520.0, 2025.0], [8515.0, 2030.0], [8510.0, 2035.0], [8505.0, 2040.0], [8500.0, 2045.0], [8495.0, 2050.0], [8490.0, 2055.0], [8485.0, 2060.0], [8475.0, 2060.0], [8470.0, 2065.0], [8465.0, 2070.0], [8460.0, 2075.0], [8455.0, 2080.0], [8450.0, 2075.0], [8445.0, 2070.0], [8440.0, 2075.0], [8435.0, 2080.0], [8425.0, 2080.0], [8415.0, 2080.0], [8405.0, 2080.0], [8400.0, 2085.0], [8395.0, 2090.0], [8385.0, 2090.0], [8375.0, 2090.0], [8370.0, 2095.0], [8365.0, 2100.0], [8360.0, 2105.0], [8355.0, 2110.0], [8350.0, 2115.0], [8345.0, 2120.0], [8335.0, 2120.0], [8330.0, 2125.0], [8325.0, 2130.0], [8320.0, 2135.0], [8315.0, 2140.0], [8310.0, 2145.0], [8305.0, 2150.0], [8300.0, 2155.0], [8295.0, 2160.0], [8290.0, 2165.0], [8290.0, 2175.0], [8285.0, 2180.0], [8280.0, 2185.0], [8285.0, 2190.0], [8290.0, 2195.0], [8295.0, 2200.0], [8300.0, 2205.0], [8305.0, 2210.0], [8310.0, 2215.0], [8315.0, 2220.0], [8320.0, 2225.0], [8325.0, 2230.0], [8330.0, 2235.0], [8335.0, 2240.0], [8345.0, 2240.0], [8350.0, 2245.0], [8355.0, 2250.0], [8360.0, 2255.0], [8365.0, 2260.0], [8375.0, 2260.0], [8380.0, 2265.0], [8385.0, 2270.0], [8395.0, 2270.0], [8400.0, 2275.0], [8405.0, 2280.0], [8415.0, 2280.0], [8425.0, 2280.0], [8430.0, 2285.0], [8435.0, 2290.0], [8445.0, 2290.0], [8455.0, 2290.0], [8465.0, 2290.0], [8475.0, 2290.0], [8485.0, 2290.0], [8490.0, 2295.0], [8495.0, 2300.0], [8505.0, 2300.0], [8515.0, 2300.0], [8525.0, 2300.0], [8535.0, 2300.0], [8545.0, 2300.0], [8555.0, 2300.0], [8565.0, 2300.0], [8570.0, 2295.0], [8575.0, 2290.0], [8580.0, 2295.0], [8585.0, 2300.0], [8595.0, 2300.0], [8605.0, 2300.0], [8615.0, 2300.0], [8625.0, 2300.0], [8635.0, 2300.0], [8645.0, 2300.0], [8655.0, 2300.0], [8665.0, 2300.0], [8675.0, 2300.0], [8685.0, 2300.0], [8690.0, 2305.0], [8695.0, 2310.0], [8700.0, 2315.0], [8705.0, 2320.0], [8710.0, 2325.0], [8710.0, 2335.0], [8705.0, 2340.0], [8700.0, 2345.0], [8695.0, 2350.0], [8690.0, 2355.0], [8685.0, 2360.0], [8680.0, 2365.0], [8675.0, 2370.0], [8670.0, 2375.0], [8675.0, 2380.0], [8680.0, 2385.0], [8680.0, 2395.0], [8675.0, 2400.0], [8670.0, 2405.0], [8670.0, 2415.0], [8670.0, 2425.0], [8670.0, 2435.0], [8670.0, 2445.0], [8670.0, 2455.0], [8665.0, 2460.0], [8660.0, 2465.0], [8660.0, 2475.0], [8660.0, 2485.0], [8665.0, 2490.0], [8670.0, 2495.0], [8675.0, 2500.0], [8680.0, 2505.0], [8675.0, 2510.0], [8670.0, 2515.0], [8665.0, 2520.0], [8660.0, 2525.0], [8655.0, 2530.0], [8650.0, 2535.0], [8645.0, 2540.0], [8635.0, 2540.0], [8625.0, 2540.0], [8615.0, 2540.0], [8605.0, 2540.0], [8600.0, 2535.0], [8595.0, 2530.0], [8585.0, 2530.0], [8575.0, 2530.0], [8565.0, 2530.0], [8555.0, 2530.0], [8545.0, 2530.0], [8535.0, 2530.0], [8525.0, 2530.0], [8515.0, 2530.0], [8505.0, 2530.0], [8495.0, 2530.0], [8485.0, 2530.0], [8475.0, 2530.0], [8470.0, 2525.0], [8465.0, 2520.0], [8460.0, 2515.0], [8455.0, 2510.0], [8445.0, 2510.0], [8440.0, 2515.0], [8435.0, 2520.0], [8430.0, 2525.0], [8425.0, 2530.0], [8420.0, 2535.0], [8415.0, 2540.0], [8410.0, 2545.0], [8405.0, 2550.0], [8400.0, 2555.0], [8395.0, 2560.0], [8390.0, 2565.0], [8385.0, 2570.0], [8380.0, 2575.0], [8380.0, 2585.0], [8380.0, 2595.0], [8380.0, 2605.0], [8380.0, 2615.0], [8380.0, 2625.0], [8375.0, 2630.0], [8370.0, 2635.0], [8365.0, 2640.0], [8360.0, 2645.0], [8360.0, 2655.0], [8355.0, 2660.0], [8350.0, 2665.0], [8350.0, 2675.0], [8355.0, 2680.0], [8360.0, 2685.0], [8365.0, 2690.0], [8370.0, 2695.0], [8370.0, 2705.0], [8365.0, 2710.0], [8360.0, 2715.0], [8355.0, 2720.0], [8350.0, 2725.0], [8345.0, 2730.0], [8340.0, 2725.0], [8335.0, 2720.0], [8330.0, 2715.0], [8325.0, 2710.0], [8315.0, 2710.0], [8305.0, 2710.0], [8300.0, 2715.0], [8295.0, 2720.0], [8285.0, 2720.0], [8280.0, 2725.0], [8275.0, 2730.0], [8270.0, 2735.0], [8265.0, 2740.0], [8260.0, 2745.0], [8255.0, 2750.0], [8245.0, 2750.0], [8240.0, 2755.0], [8235.0, 2760.0], [8230.0, 2765.0], [8225.0, 2770.0], [8215.0, 2770.0], [8205.0, 2770.0], [8195.0, 2770.0], [8190.0, 2765.0], [8185.0, 2760.0], [8175.0, 2760.0], [8170.0, 2765.0], [8165.0, 2770.0], [8160.0, 2775.0], [8155.0, 2780.0]], [[8250.0, 2125.0], [8255.0, 2120.0], [8260.0, 2115.0], [8265.0, 2110.0], [8270.0, 2105.0], [8275.0, 2100.0], [8280.0, 2095.0], [8285.0, 2090.0], [8290.0, 2085.0], [8295.0, 2080.0], [8300.0, 2075.0], [8305.0, 2070.0], [8315.0, 2070.0], [8320.0, 2065.0], [8325.0, 2060.0], [8330.0, 2055.0], [8335.0, 2050.0], [8340.0, 2045.0], [8345.0, 2040.0], [8355.0, 2040.0], [8360.0, 2035.0], [8365.0, 2030.0], [8375.0, 2030.0], [8385.0, 2030.0], [8390.0, 2025.0], [8395.0, 2020.0], [8405.0, 2020.0], [8415.0, 2020.0], [8425.0, 2020.0], [8430.0, 2015.0], [8435.0, 2010.0], [8445.0, 2010.0], [8455.0, 2010.0], [8460.0, 2005.0], [8460.0, 1995.0], [8465.0, 1990.0], [8470.0, 1985.0], [8465.0, 1980.0], [8460.0, 1975.0], [8455.0, 1970.0], [8450.0, 1965.0], [8445.0, 1960.0], [8435.0, 1960.0], [8430.0, 1955.0], [8425.0, 1950.0], [8420.0, 1945.0], [8415.0, 1940.0], [8405.0, 1940.0], [8400.0, 1935.0], [8395.0, 1930.0], [8390.0, 1925.0], [8385.0, 1920.0], [8375.0, 1920.0], [8370.0, 1915.0], [8365.0, 1910.0], [8360.0, 1915.0], [8355.0, 1920.0], [8345.0, 1920.0], [8340.0, 1925.0], [8335.0, 1930.0], [8325.0, 1930.0], [8315.0, 1930.0], [8310.0, 1935.0], [8305.0, 1940.0], [8295.0, 1940.0], [8285.0, 1940.0], [8275.0, 1940.0], [8265.0, 1940.0], [8255.0, 1940.0], [8245.0, 1940.0], [8235.0, 1940.0], [8230.0, 1945.0], [8225.0, 1950.0], [8220.0, 1955.0], [8215.0, 1960.0], [8210.0, 1965.0], [8205.0, 1970.0], [8200.0, 1975.0], [8200.0, 1985.0], [8195.0, 1990.0], [8190.0, 1995.0], [8190.0, 2005.0], [8190.0, 2015.0], [8190.0, 2025.0], [8190.0, 2035.0], [8190.0, 2045.0], [8195.0, 2050.0], [8200.0, 2055.0], [8200.0, 2065.0], [8205.0, 2070.0], [8210.0, 2075.0], [8210.0, 2085.0], [8215.0, 2090.0], [8220.0, 2095.0], [8225.0, 2100.0], [8230.0, 2105.0], [8230.0, 2115.0], [8235.0, 2120.0], [8240.0, 2125.0], [8245.0, 2130.0], [8250.0, 2125.0]], [[8210.0, 2705.0], [8215.0, 2700.0], [8225.0, 2700.0], [8230.0, 2695.0], [8235.0, 2690.0], [8240.0, 2685.0], [8245.0, 2680.0], [8250.0, 2675.0], [8255.0, 2670.0], [8265.0, 2670.0], [8270.0, 2665.0], [8275.0, 2660.0], [8285.0, 2660.0], [8290.0, 2655.0], [8295.0, 2650.0], [8300.0, 2645.0], [8300.0, 2635.0], [8305.0, 2630.0], [8310.0, 2625.0], [8310.0, 2615.0], [8315.0, 2610.0], [8320.0, 2605.0], [8320.0, 2595.0], [8320.0, 2585.0], [8320.0, 2575.0], [8320.0, 2565.0], [8325.0, 2560.0], [8330.0, 2555.0], [8330.0, 2545.0], [8335.0, 2540.0], [8340.0, 2535.0], [8345.0, 2530.0], [8350.0, 2525.0], [8355.0, 2520.0], [8360.0, 2515.0], [8365.0, 2510.0], [8370.0, 2505.0], [8375.0, 2500.0], [8380.0, 2495.0], [8375.0, 2490.0], [8370.0, 2495.0], [8365.0, 2500.0], [8355.0, 2500.0], [8350.0, 2505.0], [8345.0, 2510.0], [8335.0, 2510.0], [8325.0, 2510.0], [8315.0, 2510.0], [8305.0, 2510.0], [8295.0, 2510.0], [8285.0, 2510.0], [8275.0, 2510.0], [8265.0, 2510.0], [8260.0, 2505.0], [8255.0, 2500.0], [8245.0, 2500.0], [8240.0, 2505.0], [8240.0, 2515.0], [8240.0, 2525.0], [8240.0, 2535.0], [8235.0, 2540.0], [8230.0, 2545.0], [8230.0, 2555.0], [8225.0, 2560.0], [8220.0, 2565.0], [8220.0, 2575.0], [8215.0, 2580.0], [8210.0, 2585.0], [8210.0, 2595.0], [8210.0, 2605.0], [8210.0, 2615.0], [8205.0, 2620.0], [8200.0, 2625.0], [8200.0, 2635.0], [8195.0, 2640.0], [8190.0, 2645.0], [8190.0, 2655.0], [8190.0, 2665.0], [8190.0, 2675.0], [8190.0, 2685.0], [8185.0, 2690.0], [8180.0, 2695.0], [8185.0, 2700.0], [8195.0, 2700.0], [8200.0, 2705.0], [8205.0, 2710.0], [8210.0, 2705.0]], [[8600.0, 2465.0], [8600.0, 2455.0], [8605.0, 2450.0], [8610.0, 2445.0], [8610.0, 2435.0], [8610.0, 2425.0], [8610.0, 2415.0], [8610.0, 2405.0], [8610.0, 2395.0], [8610.0, 2385.0], [8610.0, 2375.0], [8610.0, 2365.0], [8605.0, 2360.0], [8595.0, 2360.0], [8585.0, 2360.0], [8575.0, 2360.0], [8565.0, 2360.0], [8555.0, 2360.0], [8545.0, 2360.0], [8535.0, 2360.0], [8525.0, 2360.0], [8515.0, 2360.0], [8505.0, 2360.0], [8495.0, 2360.0], [8485.0, 2360.0], [8480.0, 2355.0], [8475.0, 2350.0], [8470.0, 2355.0], [8470.0, 2365.0], [8465.0, 2370.0], [8460.0, 2375.0], [8460.0, 2385.0], [8455.0, 2390.0], [8450.0, 2395.0], [8445.0, 2400.0], [8440.0, 2405.0], [8440.0, 2415.0], [8440.0, 2425.0], [8435.0, 2430.0], [8430.0, 2435.0], [8430.0, 2445.0], [8425.0, 2450.0], [8420.0, 2455.0], [8425.0, 2460.0], [8430.0, 2455.0], [8435.0, 2450.0], [8445.0, 2450.0], [8455.0, 2450.0], [8465.0, 2450.0], [8470.0, 2455.0], [8475.0, 2460.0], [8485.0, 2460.0], [8490.0, 2465.0], [8495.0, 2470.0], [8505.0, 2470.0], [8515.0, 2470.0], [8525.0, 2470.0], [8535.0, 2470.0], [8545.0, 2470.0], [8555.0, 2470.0], [8565.0, 2470.0], [8575.0, 2470.0], [8585.0, 2470.0], [8595.0, 2470.0], [8600.0, 2465.0]], [[8270.0, 2275.0], [8275.0, 2270.0], [8280.0, 2265.0], [8275.0, 2260.0], [8270.0, 2255.0], [8265.0, 2250.0], [8260.0, 2245.0], [8255.0, 2240.0], [8250.0, 2245.0], [8245.0, 2250.0], [8240.0, 2255.0], [8240.0, 2265.0], [8240.0, 2275.0], [8245.0, 2280.0], [8255.0, 2280.0], [8265.0, 2280.0], [8270.0, 2275.0]]]}, "properties": {"objectType": "annotation", "name": "R1_2_T|rim_7", "classification": {"name": "rim", "color": [201, 133, 0]}, "lesion_id": 7, "section": "R1_2_T", "area_um2": 179550.0}}, {"type": "Feature", "geometry": {"type": "Polygon", "coordinates": [[[5785.0, 2000.0], [5775.0, 2000.0], [5770.0, 1995.0], [5765.0, 1990.0], [5760.0, 1985.0], [5755.0, 1980.0], [5750.0, 1975.0], [5745.0, 1970.0], [5740.0, 1965.0], [5745.0, 1960.0], [5750.0, 1955.0], [5755.0, 1950.0], [5760.0, 1945.0], [5765.0, 1940.0], [5775.0, 1940.0], [5785.0, 1940.0], [5795.0, 1940.0], [5800.0, 1935.0], [5800.0, 1925.0], [5805.0, 1920.0], [5810.0, 1915.0], [5815.0, 1910.0], [5820.0, 1905.0], [5825.0, 1900.0], [5830.0, 1895.0], [5835.0, 1890.0], [5845.0, 1890.0], [5855.0, 1890.0], [5860.0, 1895.0], [5865.0, 1900.0], [5875.0, 1900.0], [5880.0, 1905.0], [5885.0, 1910.0], [5890.0, 1915.0], [5895.0, 1920.0], [5900.0, 1925.0], [5905.0, 1930.0], [5910.0, 1935.0], [5905.0, 1940.0], [5900.0, 1945.0], [5895.0, 1950.0], [5890.0, 1955.0], [5885.0, 1960.0], [5875.0, 1960.0], [5870.0, 1955.0], [5865.0, 1950.0], [5855.0, 1950.0], [5845.0, 1950.0], [5840.0, 1945.0], [5835.0, 1940.0], [5830.0, 1945.0], [5825.0, 1950.0], [5820.0, 1955.0], [5815.0, 1960.0], [5810.0, 1965.0], [5810.0, 1975.0], [5805.0, 1980.0], [5800.0, 1985.0], [5795.0, 1990.0], [5790.0, 1995.0], [5785.0, 2000.0]]]}, "properties": {"objectType": "annotation", "name": "P3_1_C|lesion_8", "classification": {"name": "lesion", "color": [255, 0, 0]}, "lesion_id": 8, "section": "P3_1_C", "area_um2": 7850.0}}, {"type": "Feature", "geometry": {"type": "Polygon", "coordinates": [[[5785.0, 2000.0], [5775.0, 2000.0], [5770.0, 1995.0], [5765.0, 1990.0], [5760.0, 1985.0], [5755.0, 1980.0], [5750.0, 1975.0], [5745.0, 1970.0], [5740.0, 1965.0], [5745.0, 1960.0], [5750.0, 1955.0], [5755.0, 1950.0], [5760.0, 1945.0], [5765.0, 1940.0], [5775.0, 1940.0], [5785.0, 1940.0], [5795.0, 1940.0], [5800.0, 1935.0], [5800.0, 1925.0], [5805.0, 1920.0], [5810.0, 1915.0], [5815.0, 1910.0], [5820.0, 1905.0], [5825.0, 1900.0], [5830.0, 1895.0], [5835.0, 1890.0], [5845.0, 1890.0], [5855.0, 1890.0], [5860.0, 1895.0], [5865.0, 1900.0], [5875.0, 1900.0], [5880.0, 1905.0], [5885.0, 1910.0], [5890.0, 1915.0], [5895.0, 1920.0], [5900.0, 1925.0], [5905.0, 1930.0], [5910.0, 1935.0], [5905.0, 1940.0], [5900.0, 1945.0], [5895.0, 1950.0], [5890.0, 1955.0], [5885.0, 1960.0], [5875.0, 1960.0], [5870.0, 1955.0], [5865.0, 1950.0], [5855.0, 1950.0], [5845.0, 1950.0], [5840.0, 1945.0], [5835.0, 1940.0], [5830.0, 1945.0], [5825.0, 1950.0], [5820.0, 1955.0], [5815.0, 1960.0], [5810.0, 1965.0], [5810.0, 1975.0], [5805.0, 1980.0], [5800.0, 1985.0], [5795.0, 1990.0], [5790.0, 1995.0], [5785.0, 2000.0]]]}, "properties": {"objectType": "annotation", "name": "P3_1_C|rim_8", "classification": {"name": "rim", "color": [201, 133, 0]}, "lesion_id": 8, "section": "P3_1_C", "area_um2": 7850.0}}, {"type": "Feature", "geometry": {"type": "Polygon", "coordinates": [[[9955.0, 2020.0], [9950.0, 2015.0], [9945.0, 2010.0], [9940.0, 2005.0], [9935.0, 2000.0], [9930.0, 1995.0], [9930.0, 1985.0], [9930.0, 1975.0], [9930.0, 1965.0], [9935.0, 1960.0], [9940.0, 1955.0], [9945.0, 1950.0], [9950.0, 1945.0], [9955.0, 1940.0], [9960.0, 1935.0], [9960.0, 1925.0], [9965.0, 1920.0], [9970.0, 1915.0], [9975.0, 1910.0], [9980.0, 1905.0], [9985.0, 1900.0], [9995.0, 1900.0], [10000.0, 1905.0], [10005.0, 1910.0], [10010.0, 1915.0], [10015.0, 1920.0], [10020.0, 1925.0], [10025.0, 1930.0], [10035.0, 1930.0], [10045.0, 1930.0], [10050.0, 1935.0], [10050.0, 1945.0], [10050.0, 1955.0], [10050.0, 1965.0], [10050.0, 1975.0], [10055.0, 1980.0], [10060.0, 1985.0], [10055.0, 1990.0], [10050.0, 1995.0], [10045.0, 2000.0], [10040.0, 2005.0], [10035.0, 2010.0], [10030.0, 2005.0], [10025.0, 2000.0], [10020.0, 1995.0], [10015.0, 1990.0], [10005.0, 1990.0], [9995.0, 1990.0], [9990.0, 1995.0], [9985.0, 2000.0], [9975.0, 2000.0], [9970.0, 2005.0], [9965.0, 2010.0], [9960.0, 2015.0], [9955.0, 2020.0]]]}, "properties": {"objectType": "annotation", "name": "R1_2_T|lesion_9", "classification": {"name": "lesion", "color": [255, 0, 0]}, "lesion_id": 9, "section": "R1_2_T", "area_um2": 9250.0}}, {"type": "Feature", "geometry": {"type": "Polygon", "coordinates": [[[9955.0, 2020.0], [9950.0, 2015.0], [9945.0, 2010.0], [9940.0, 2005.0], [9935.0, 2000.0], [9930.0, 1995.0], [9930.0, 1985.0], [9930.0, 1975.0], [9930.0, 1965.0], [9935.0, 1960.0], [9940.0, 1955.0], [9945.0, 1950.0], [9950.0, 1945.0], [9955.0, 1940.0], [9960.0, 1935.0], [9960.0, 1925.0], [9965.0, 1920.0], [9970.0, 1915.0], [9975.0, 1910.0], [9980.0, 1905.0], [9985.0, 1900.0], [9995.0, 1900.0], [10000.0, 1905.0], [10005.0, 1910.0], [10010.0, 1915.0], [10015.0, 1920.0], [10020.0, 1925.0], [10025.0, 1930.0], [10035.0, 1930.0], [10045.0, 1930.0], [10050.0, 1935.0], [10050.0, 1945.0], [10050.0, 1955.0], [10050.0, 1965.0], [10050.0, 1975.0], [10055.0, 1980.0], [10060.0, 1985.0], [10055.0, 1990.0], [10050.0, 1995.0], [10045.0, 2000.0], [10040.0, 2005.0], [10035.0, 2010.0], [10030.0, 2005.0], [10025.0, 2000.0], [10020.0, 1995.0], [10015.0, 1990.0], [10005.0, 1990.0], [9995.0, 1990.0], [9990.0, 1995.0], [9985.0, 2000.0], [9975.0, 2000.0], [9970.0, 2005.0], [9965.0, 2010.0], [9960.0, 2015.0], [9955.0, 2020.0]]]}, "properties": {"objectType": "annotation", "name": "R1_2_T|rim_9", "classification": {"name": "rim", "color": [201, 133, 0]}, "lesion_id": 9, "section": "R1_2_T", "area_um2": 9250.0}}, {"type": "Feature", "geometry": {"type": "Polygon", "coordinates": [[[5295.0, 2590.0], [5285.0, 2590.0], [5280.0, 2585.0], [5275.0, 2580.0], [5270.0, 2575.0], [5265.0, 2570.0], [5260.0, 2565.0], [5260.0, 2555.0], [5260.0, 2545.0], [5260.0, 2535.0], [5260.0, 2525.0], [5255.0, 2520.0], [5250.0, 2515.0], [5250.0, 2505.0], [5250.0, 2495.0], [5250.0, 2485.0], [5245.0, 2480.0], [5240.0, 2475.0], [5245.0, 2470.0], [5250.0, 2465.0], [5250.0, 2455.0], [5250.0, 2445.0], [5255.0, 2440.0], [5260.0, 2435.0], [5265.0, 2430.0], [5270.0, 2425.0], [5275.0, 2420.0], [5285.0, 2420.0], [5290.0, 2415.0], [5295.0, 2410.0], [5300.0, 2405.0], [5305.0, 2400.0], [5315.0, 2400.0], [5325.0, 2400.0], [5335.0, 2400.0], [5340.0, 2395.0], [5345.0, 2390.0], [5355.0, 2390.0], [5360.0, 2385.0], [5365.0, 2380.0], [5370.0, 2375.0], [5375.0, 2370.0], [5380.0, 2365.0], [5380.0, 2355.0], [5385.0, 2350.0], [5390.0, 2345.0], [5390.0, 2335.0], [5390.0, 2325.0], [5390.0, 2315.0], [5390.0, 2305.0], [5390.0, 2295.0], [5390.0, 2285.0], [5390.0, 2275.0], [5390.0, 2265.0], [5390.0, 2255.0], [5390.0, 2245.0], [5395.0, 2240.0], [5400.0, 2235.0], [5405.0, 2230.0], [5410.0, 2225.0], [5415.0, 2220.0], [5420.0, 2215.0], [5425.0, 2210.0], [5435.0, 2210.0], [5440.0, 2205.0], [5445.0, 2200.0], [5455.0, 2200.0], [5460.0, 2195.0], [5465.0, 2190.0], [5475.0, 2190.0], [5485.0, 2190.0], [5495.0, 2190.0], [5500.0, 2185.0], [5500.0, 2175.0], [5500.0, 2165.0], [5500.0, 2155.0], [5500.0, 2145.0], [5505.0, 2140.0], [5510.0, 2135.0], [5515.0, 2130.0], [5520.0, 2125.0], [5525.0, 2120.0], [5530.0, 2115.0], [5535.0, 2110.0], [5540.0, 2105.0], [5545.0, 2100.0], [5550.0, 2095.0], [5555.0, 2090.0], [5560.0, 2085.0], [5565.0, 2080.0], [5570.0, 2075.0], [5575.0, 2070.0], [5585.0, 2070.0], [5595.0, 2070.0], [5605.0, 2070.0], [5610.0, 2075.0], [5615.0, 2080.0], [5620.0, 2085.0], [5625.0, 2090.0], [5630.0, 2095.0], [5635.0, 2100.0], [5640.0, 2105.0], [5645.0, 2110.0], [5650.0, 2115.0], [5655.0, 2120.0], [5660.0, 2125.0], [5665.0, 2130.0], [5670.0, 2135.0], [5675.0, 2140.0], [5680.0, 2145.0], [5680.0, 2155.0], [5675.0, 2160.0], [5670.0, 2165.0], [5670.0, 2175.0], [5665.0, 2180.0], [5660.0, 2185.0], [5665.0, 2190.0], [5670.0, 2195.0], [5665.0, 2200.0], [5660.0, 2205.0], [5655.0, 2210.0], [5650.0, 2215.0], [5645.0, 2220.0], [5635.0, 2220.0], [5625.0, 2220.0], [5620.0, 2225.0], [5615.0, 2230.0], [5610.0, 2235.0], [5605.0, 2240.0], [5600.0, 2245.0], [5600.0, 2255.0], [5600.0, 2265.0], [5595.0, 2270.0], [5590.0, 2275.0], [5590.0, 2285.0], [5585.0, 2290.0], [5580.0, 2295.0], [5585.0, 2300.0], [5590.0, 2305.0], [5585.0, 2310.0], [5580.0, 2315.0], [5575.0, 2320.0], [5570.0, 2325.0], [5565.0, 2330.0], [5555.0, 2330.0], [5550.0, 2335.0], [5545.0, 2340.0], [5535.0, 2340.0], [5525.0, 2340.0], [5520.0, 2335.0], [5515.0, 2330.0], [5505.0, 2330.0], [5495.0, 2330.0], [5485.0, 2330.0], [5480.0, 2335.0], [5475.0, 2340.0], [5470.0, 2345.0], [5465.0, 2350.0], [5455.0, 2350.0], [5450.0, 2355.0], [5445.0, 2360.0], [5435.0, 2360.0], [5430.0, 2365.0], [5425.0, 2370.0], [5420.0, 2375.0], [5415.0, 2380.0], [5410.0, 2385.0], [5415.0, 2390.0], [5420.0, 2395.0], [5425.0, 2400.0], [5430.0, 2405.0], [5435.0, 2410.0], [5440.0, 2415.0], [5435.0, 2420.0], [5430.0, 2425.0], [5425.0, 2430.0], [5420.0, 2435.0], [5415.0, 2440.0], [5410.0, 2445.0], [5405.0, 2450.0], [5400.0, 2455.0], [5400.0, 2465.0], [5395.0, 2470.0], [5390.0, 2475.0], [5385.0, 2480.0], [5380.0, 2485.0], [5375.0, 2490.0], [5370.0, 2495.0], [5365.0, 2500.0], [5360.0, 2505.0], [5360.0, 2515.0], [5355.0, 2520.0], [5350.0, 2525.0], [5345.0, 2530.0], [5340.0, 2535.0], [5335.0, 2540.0], [5330.0, 2545.0], [5325.0, 2550.0], [5320.0, 2555.0], [5320.0, 2565.0], [5315.0, 2570.0], [5310.0, 2575.0], [5305.0, 2580.0], [5300.0, 2585.0], [5295.0, 2590.0]]]}, "properties": {"objectType": "annotation", "name": "P3_1_C|lesion_11", "classification": {"name": "lesion", "color": [255, 0, 0]}, "lesion_id": 11, "section": "P3_1_C", "area_um2": 70250.0}}, {"type": "Feature", "geometry": {"type": "MultiPolygon", "coordinates": [[[[5460.0, 2285.0], [5465.0, 2280.0], [5475.0, 2280.0], [5485.0, 2280.0], [5495.0, 2280.0], [5505.0, 2280.0], [5515.0, 2280.0], [5525.0, 2280.0], [5530.0, 2275.0], [5535.0, 2270.0], [5540.0, 2265.0], [5540.0, 2255.0], [5545.0, 2250.0], [5550.0, 2245.0], [5550.0, 2235.0], [5550.0, 2225.0], [5555.0, 2220.0], [5560.0, 2215.0], [5560.0, 2205.0], [5565.0, 2200.0], [5570.0, 2195.0], [5575.0, 2190.0], [5580.0, 2185.0], [5585.0, 2180.0], [5595.0, 2180.0], [5600.0, 2175.0], [5605.0, 2170.0], [5610.0, 2165.0], [5610.0, 2155.0], [5605.0, 2150.0], [5600.0, 2145.0], [5595.0, 2140.0], [5590.0, 2135.0], [5585.0, 2130.0], [5575.0, 2130.0], [5570.0, 2135.0], [5565.0, 2140.0], [5560.0, 2145.0], [5555.0, 2150.0], [5550.0, 2155.0], [5545.0, 2160.0], [5540.0, 2165.0], [5535.0, 2170.0], [5530.0, 2175.0], [5530.0, 2185.0], [5525.0, 2190.0], [5520.0, 2195.0], [5520.0, 2205.0], [5515.0, 2210.0], [5510.0, 2215.0], [5505.0, 2220.0], [5500.0, 2225.0], [5495.0, 2230.0], [5490.0, 2235.0], [5485.0, 2240.0], [5475.0, 2240.0], [5470.0, 2245.0], [5465.0, 2250.0], [5460.0, 2255.0], [5455.0, 2260.0], [5450.0, 2265.0], [5445.0, 2270.0], [5440.0, 2275.0], [5440.0, 2285.0], [5445.0, 2290.0], [5455.0, 2290.0], [5460.0, 2285.0]]], [[[5310.0, 2485.0], [5315.0, 2480.0], [5320.0, 2475.0], [5320.0, 2465.0], [5315.0, 2460.0], [5310.0, 2465.0], [5305.0, 2470.0], [5300.0, 2475.0], [5300.0, 2485.0], [5305.0, 2490.0], [5310.0, 2485.0]]]]}, "properties": {"objectType": "annotation", "name": "P3_1_C|core_11", "classification": {"name": "core", "color": [230, 103, 103]}, "lesion_id": 11, "section": "P3_1_C", "area_um2": 9500.0}}, {"type": "Feature", "geometry": {"type": "Polygon", "coordinates": [[[5295.0, 2590.0], [5285.0, 2590.0], [5280.0, 2585.0], [5275.0, 2580.0], [5270.0, 2575.0], [5265.0, 2570.0], [5260.0, 2565.0], [5260.0, 2555.0], [5260.0, 2545.0], [5260.0, 2535.0], [5260.0, 2525.0], [5255.0, 2520.0], [5250.0, 2515.0], [5250.0, 2505.0], [5250.0, 2495.0], [5250.0, 2485.0], [5245.0, 2480.0], [5240.0, 2475.0], [5245.0, 2470.0], [5250.0, 2465.0], [5250.0, 2455.0], [5250.0, 2445.0], [5255.0, 2440.0], [5260.0, 2435.0], [5265.0, 2430.0], [5270.0, 2425.0], [5275.0, 2420.0], [5285.0, 2420.0], [5290.0, 2415.0], [5295.0, 2410.0], [5300.0, 2405.0], [5305.0, 2400.0], [5315.0, 2400.0], [5325.0, 2400.0], [5335.0, 2400.0], [5340.0, 2395.0], [5345.0, 2390.0], [5355.0, 2390.0], [5360.0, 2385.0], [5365.0, 2380.0], [5370.0, 2375.0], [5375.0, 2370.0], [5380.0, 2365.0], [5380.0, 2355.0], [5385.0, 2350.0], [5390.0, 2345.0], [5390.0, 2335.0], [5390.0, 2325.0], [5390.0, 2315.0], [5390.0, 2305.0], [5390.0, 2295.0], [5390.0, 2285.0], [5390.0, 2275.0], [5390.0, 2265.0], [5390.0, 2255.0], [5390.0, 2245.0], [5395.0, 2240.0], [5400.0, 2235.0], [5405.0, 2230.0], [5410.0, 2225.0], [5415.0, 2220.0], [5420.0, 2215.0], [5425.0, 2210.0], [5435.0, 2210.0], [5440.0, 2205.0], [5445.0, 2200.0], [5455.0, 2200.0], [5460.0, 2195.0], [5465.0, 2190.0], [5475.0, 2190.0], [5485.0, 2190.0], [5495.0, 2190.0], [5500.0, 2185.0], [5500.0, 2175.0], [5500.0, 2165.0], [5500.0, 2155.0], [5500.0, 2145.0], [5505.0, 2140.0], [5510.0, 2135.0], [5515.0, 2130.0], [5520.0, 2125.0], [5525.0, 2120.0], [5530.0, 2115.0], [5535.0, 2110.0], [5540.0, 2105.0], [5545.0, 2100.0], [5550.0, 2095.0], [5555.0, 2090.0], [5560.0, 2085.0], [5565.0, 2080.0], [5570.0, 2075.0], [5575.0, 2070.0], [5585.0, 2070.0], [5595.0, 2070.0], [5605.0, 2070.0], [5610.0, 2075.0], [5615.0, 2080.0], [5620.0, 2085.0], [5625.0, 2090.0], [5630.0, 2095.0], [5635.0, 2100.0], [5640.0, 2105.0], [5645.0, 2110.0], [5650.0, 2115.0], [5655.0, 2120.0], [5660.0, 2125.0], [5665.0, 2130.0], [5670.0, 2135.0], [5675.0, 2140.0], [5680.0, 2145.0], [5680.0, 2155.0], [5675.0, 2160.0], [5670.0, 2165.0], [5670.0, 2175.0], [5665.0, 2180.0], [5660.0, 2185.0], [5665.0, 2190.0], [5670.0, 2195.0], [5665.0, 2200.0], [5660.0, 2205.0], [5655.0, 2210.0], [5650.0, 2215.0], [5645.0, 2220.0], [5635.0, 2220.0], [5625.0, 2220.0], [5620.0, 2225.0], [5615.0, 2230.0], [5610.0, 2235.0], [5605.0, 2240.0], [5600.0, 2245.0], [5600.0, 2255.0], [5600.0, 2265.0], [5595.0, 2270.0], [5590.0, 2275.0], [5590.0, 2285.0], [5585.0, 2290.0], [5580.0, 2295.0], [5585.0, 2300.0], [5590.0, 2305.0], [5585.0, 2310.0], [5580.0, 2315.0], [5575.0, 2320.0], [5570.0, 2325.0], [5565.0, 2330.0], [5555.0, 2330.0], [5550.0, 2335.0], [5545.0, 2340.0], [5535.0, 2340.0], [5525.0, 2340.0], [5520.0, 2335.0], [5515.0, 2330.0], [5505.0, 2330.0], [5495.0, 2330.0], [5485.0, 2330.0], [5480.0, 2335.0], [5475.0, 2340.0], [5470.0, 2345.0], [5465.0, 2350.0], [5455.0, 2350.0], [5450.0, 2355.0], [5445.0, 2360.0], [5435.0, 2360.0], [5430.0, 2365.0], [5425.0, 2370.0], [5420.0, 2375.0], [5415.0, 2380.0], [5410.0, 2385.0], [5415.0, 2390.0], [5420.0, 2395.0], [5425.0, 2400.0], [5430.0, 2405.0], [5435.0, 2410.0], [5440.0, 2415.0], [5435.0, 2420.0], [5430.0, 2425.0], [5425.0, 2430.0], [5420.0, 2435.0], [5415.0, 2440.0], [5410.0, 2445.0], [5405.0, 2450.0], [5400.0, 2455.0], [5400.0, 2465.0], [5395.0, 2470.0], [5390.0, 2475.0], [5385.0, 2480.0], [5380.0, 2485.0], [5375.0, 2490.0], [5370.0, 2495.0], [5365.0, 2500.0], [5360.0, 2505.0], [5360.0, 2515.0], [5355.0, 2520.0], [5350.0, 2525.0], [5345.0, 2530.0], [5340.0, 2535.0], [5335.0, 2540.0], [5330.0, 2545.0], [5325.0, 2550.0], [5320.0, 2555.0], [5320.0, 2565.0], [5315.0, 2570.0], [5310.0, 2575.0], [5305.0, 2580.0], [5300.0, 2585.0], [5295.0, 2590.0]], [[5460.0, 2285.0], [5465.0, 2280.0], [5475.0, 2280.0], [5485.0, 2280.0], [5495.0, 2280.0], [5505.0, 2280.0], [5515.0, 2280.0], [5525.0, 2280.0], [5530.0, 2275.0], [5535.0, 2270.0], [5540.0, 2265.0], [5540.0, 2255.0], [5545.0, 2250.0], [5550.0, 2245.0], [5550.0, 2235.0], [5550.0, 2225.0], [5555.0, 2220.0], [5560.0, 2215.0], [5560.0, 2205.0], [5565.0, 2200.0], [5570.0, 2195.0], [5575.0, 2190.0], [5580.0, 2185.0], [5585.0, 2180.0], [5595.0, 2180.0], [5600.0, 2175.0], [5605.0, 2170.0], [5610.0, 2165.0], [5610.0, 2155.0], [5605.0, 2150.0], [5600.0, 2145.0], [5595.0, 2140.0], [5590.0, 2135.0], [5585.0, 2130.0], [5575.0, 2130.0], [5570.0, 2135.0], [5565.0, 2140.0], [5560.0, 2145.0], [5555.0, 2150.0], [5550.0, 2155.0], [5545.0, 2160.0], [5540.0, 2165.0], [5535.0, 2170.0], [5530.0, 2175.0], [5530.0, 2185.0], [5525.0, 2190.0], [5520.0, 2195.0], [5520.0, 2205.0], [5515.0, 2210.0], [5510.0, 2215.0], [5505.0, 2220.0], [5500.0, 2225.0], [5495.0, 2230.0], [5490.0, 2235.0], [5485.0, 2240.0], [5475.0, 2240.0], [5470.0, 2245.0], [5465.0, 2250.0], [5460.0, 2255.0], [5455.0, 2260.0], [5450.0, 2265.0], [5445.0, 2270.0], [5440.0, 2275.0], [5440.0, 2285.0], [5445.0, 2290.0], [5455.0, 2290.0], [5460.0, 2285.0]], [[5310.0, 2485.0], [5315.0, 2480.0], [5320.0, 2475.0], [5320.0, 2465.0], [5315.0, 2460.0], [5310.0, 2465.0], [5305.0, 2470.0], [5300.0, 2475.0], [5300.0, 2485.0], [5305.0, 2490.0], [5310.0, 2485.0]]]}, "properties": {"objectType": "annotation", "name": "P3_1_C|rim_11", "classification": {"name": "rim", "color": [201, 133, 0]}, "lesion_id": 11, "section": "P3_1_C", "area_um2": 60750.0}}, {"type": "Feature", "geometry": {"type": "Polygon", "coordinates": [[[10015.0, 2240.0], [10010.0, 2235.0], [10005.0, 2230.0], [10000.0, 2235.0], [9995.0, 2240.0], [9985.0, 2240.0], [9980.0, 2235.0], [9975.0, 2230.0], [9970.0, 2225.0], [9965.0, 2220.0], [9960.0, 2215.0], [9955.0, 2210.0], [9950.0, 2205.0], [9945.0, 2200.0], [9940.0, 2195.0], [9940.0, 2185.0], [9935.0, 2180.0], [9930.0, 2175.0], [9935.0, 2170.0], [9940.0, 2165.0], [9945.0, 2160.0], [9950.0, 2155.0], [9955.0, 2150.0], [9965.0, 2150.0], [9975.0, 2150.0], [9980.0, 2145.0], [9985.0, 2140.0], [9995.0, 2140.0], [10000.0, 2135.0], [10005.0, 2130.0], [10015.0, 2130.0], [10020.0, 2135.0], [10025.0, 2140.0], [10030.0, 2145.0], [10035.0, 2150.0], [10040.0, 2155.0], [10045.0, 2160.0], [10050.0, 2165.0], [10055.0, 2170.0], [10060.0, 2175.0], [10065.0, 2180.0], [10070.0, 2185.0], [10065.0, 2190.0], [10060.0, 2195.0], [10055.0, 2200.0], [10050.0, 2205.0], [10045.0, 2210.0], [10040.0, 2215.0], [10035.0, 2220.0], [10030.0, 2225.0], [10025.0, 2230.0], [10020.0, 2235.0], [10015.0, 2240.0]]]}, "properties": {"objectType": "annotation", "name": "R1_2_T|lesion_12", "classification": {"name": "lesion", "color": [255, 0, 0]}, "lesion_id": 12, "section": "R1_2_T", "area_um2": 9150.0}}, {"type": "Feature", "geometry": {"type": "Polygon", "coordinates": [[[10015.0, 2240.0], [10010.0, 2235.0], [10005.0, 2230.0], [10000.0, 2235.0], [9995.0, 2240.0], [9985.0, 2240.0], [9980.0, 2235.0], [9975.0, 2230.0], [9970.0, 2225.0], [9965.0, 2220.0], [9960.0, 2215.0], [9955.0, 2210.0], [9950.0, 2205.0], [9945.0, 2200.0], [9940.0, 2195.0], [9940.0, 2185.0], [9935.0, 2180.0], [9930.0, 2175.0], [9935.0, 2170.0], [9940.0, 2165.0], [9945.0, 2160.0], [9950.0, 2155.0], [9955.0, 2150.0], [9965.0, 2150.0], [9975.0, 2150.0], [9980.0, 2145.0], [9985.0, 2140.0], [9995.0, 2140.0], [10000.0, 2135.0], [10005.0, 2130.0], [10015.0, 2130.0], [10020.0, 2135.0], [10025.0, 2140.0], [10030.0, 2145.0], [10035.0, 2150.0], [10040.0, 2155.0], [10045.0, 2160.0], [10050.0, 2165.0], [10055.0, 2170.0], [10060.0, 2175.0], [10065.0, 2180.0], [10070.0, 2185.0], [10065.0, 2190.0], [10060.0, 2195.0], [10055.0, 2200.0], [10050.0, 2205.0], [10045.0, 2210.0], [10040.0, 2215.0], [10035.0, 2220.0], [10030.0, 2225.0], [10025.0, 2230.0], [10020.0, 2235.0], [10015.0, 2240.0]]]}, "properties": {"objectType": "annotation", "name": "R1_2_T|rim_12", "classification": {"name": "rim", "color": [201, 133, 0]}, "lesion_id": 12, "section": "R1_2_T", "area_um2": 9150.0}}, {"type": "Feature", "geometry": {"type": "Polygon", "coordinates": [[[9985.0, 3150.0], [9980.0, 3145.0], [9975.0, 3140.0], [9970.0, 3135.0], [9965.0, 3130.0], [9960.0, 3125.0], [9960.0, 3115.0], [9955.0, 3110.0], [9950.0, 3105.0], [9950.0, 3095.0], [9945.0, 3090.0], [9940.0, 3085.0], [9935.0, 3080.0], [9930.0, 3075.0], [9930.0, 3065.0], [9930.0, 3055.0], [9930.0, 3045.0], [9935.0, 3040.0], [9940.0, 3035.0], [9940.0, 3025.0], [9940.0, 3015.0], [9940.0, 3005.0], [9940.0, 2995.0], [9935.0, 2990.0], [9930.0, 2985.0], [9930.0, 2975.0], [9930.0, 2965.0], [9925.0, 2960.0], [9920.0, 2955.0], [9920.0, 2945.0], [9915.0, 2940.0], [9910.0, 2935.0], [9905.0, 2930.0], [9900.0, 2925.0], [9895.0, 2920.0], [9890.0, 2915.0], [9885.0, 2910.0], [9880.0, 2905.0], [9875.0, 2900.0], [9870.0, 2895.0], [9865.0, 2890.0], [9855.0, 2890.0], [9845.0, 2890.0], [9840.0, 2885.0], [9835.0, 2880.0], [9830.0, 2875.0], [9825.0, 2870.0], [9820.0, 2865.0], [9815.0, 2860.0], [9810.0, 2855.0], [9805.0, 2850.0], [9800.0, 2845.0], [9805.0, 2840.0], [9810.0, 2835.0], [9810.0, 2825.0], [9810.0, 2815.0], [9810.0, 2805.0], [9805.0, 2800.0], [9800.0, 2795.0], [9800.0, 2785.0], [9800.0, 2775.0], [9795.0, 2770.0], [9790.0, 2765.0], [9790.0, 2755.0], [9790.0, 2745.0], [9790.0, 2735.0], [9790.0, 2725.0], [9785.0, 2720.0], [9780.0, 2715.0], [9780.0, 2705.0], [9775.0, 2700.0], [9770.0, 2695.0], [9770.0, 2685.0], [9770.0, 2675.0], [9770.0, 2665.0], [9765.0, 2660.0], [9760.0, 2655.0], [9760.0, 2645.0], [9760.0, 2635.0], [9760.0, 2625.0], [9755.0, 2620.0], [9750.0, 2615.0], [9745.0, 2610.0], [9740.0, 2605.0], [9735.0, 2600.0], [9730.0, 2595.0], [9725.0, 2590.0], [9720.0, 2585.0], [9715.0, 2580.0], [9710.0, 2575.0], [9705.0, 2570.0], [9700.0, 2565.0], [9700.0, 2555.0], [9705.0, 2550.0], [9710.0, 2545.0], [9715.0, 2540.0], [9720.0, 2535.0], [9725.0, 2530.0], [9730.0, 2535.0], [9735.0, 2540.0], [9740.0, 2535.0], [9745.0, 2530.0], [9750.0, 2525.0], [9755.0, 2520.0], [9760.0, 2515.0], [9765.0, 2510.0], [9770.0, 2505.0], [9775.0, 2500.0], [9780.0, 2495.0], [9780.0, 2485.0], [9785.0, 2480.0], [9790.0, 2475.0], [9795.0, 2470.0], [9800.0, 2465.0], [9805.0, 2460.0], [9810.0, 2455.0], [9815.0, 2450.0], [9820.0, 2445.0], [9825.0, 2440.0], [9830.0, 2435.0], [9835.0, 2430.0], [9840.0, 2425.0], [9845.0, 2420.0], [9855.0, 2420.0], [9860.0, 2415.0], [9865.0, 2410.0], [9870.0, 2405.0], [9875.0, 2400.0], [9880.0, 2395.0], [9885.0, 2390.0], [9890.0, 2385.0], [9895.0, 2380.0], [9900.0, 2375.0], [9905.0, 2370.0], [9915.0, 2370.0], [9925.0, 2370.0], [9930.0, 2365.0], [9935.0, 2360.0], [9945.0, 2360.0], [9950.0, 2365.0], [9955.0, 2370.0], [9960.0, 2365.0], [9965.0, 2360.0], [9975.0, 2360.0], [9980.0, 2355.0], [9985.0, 2350.0], [9995.0, 2350.0], [10005.0, 2350.0], [10015.0, 2350.0], [10020.0, 2345.0], [10025.0, 2340.0], [10030.0, 2335.0], [10035.0, 2330.0], [10040.0, 2325.0], [10045.0, 2320.0], [10050.0, 2315.0], [10055.0, 2310.0], [10065.0, 2310.0], [10070.0, 2305.0], [10075.0, 2300.0], [10085.0, 2300.0], [10090.0, 2295.0], [10095.0, 2290.0], [10105.0, 2290.0], [10110.0, 2295.0], [10115.0, 2300.0], [10120.0, 2305.0], [10125.0, 2310.0], [10130.0, 2315.0], [10130.0, 2325.0], [10130.0, 2335.0], [10130.0, 2345.0], [10130.0, 2355.0], [10130.0, 2365.0], [10125.0, 2370.0], [10120.0, 2375.0], [10120.0, 2385.0], [10120.0, 2395.0], [10120.0, 2405.0], [10120.0, 2415.0], [10120.0, 2425.0], [10120.0, 2435.0], [10115.0, 2440.0], [10110.0, 2445.0], [10110.0, 2455.0], [10110.0, 2465.0], [10110.0, 2475.0], [10110.0, 2485.0], [10105.0, 2490.0], [10100.0, 2495.0], [10095.0, 2500.0], [10090.0, 2505.0], [10090.0, 2515.0], [10090.0, 2525.0], [10085.0, 2530.0], [10080.0, 2535.0], [10080.0, 2545.0], [10075.0, 2550.0], [10070.0, 2555.0], [10070.0, 2565.0], [10070.0, 2575.0], [10070.0, 2585.0], [10065.0, 2590.0], [10060.0, 2595.0], [10060.0, 2605.0], [10060.0, 2615.0], [10055.0, 2620.0], [10050.0, 2625.0], [10050.0, 2635.0], [10050.0, 2645.0], [10050.0, 2655.0], [10050.0, 2665.0], [10050.0, 2675.0], [10050.0, 2685.0], [10050.0, 2695.0], [10045.0, 2700.0], [10040.0, 2705.0], [10040.0, 2715.0], [10040.0, 2725.0], [10040.0, 2735.0], [10045.0, 2740.0], [10050.0, 2745.0], [10050.0, 2755.0], [10050.0, 2765.0], [10045.0, 2770.0], [10040.0, 2775.0], [10040.0, 2785.0], [10045.0, 2790.0], [10050.0, 2795.0], [10050.0, 2805.0], [10050.0, 2815.0], [10050.0, 2825.0], [10050.0, 2835.0], [10050.0, 2845.0], [10050.0, 2855.0], [10050.0, 2865.0], [10050.0, 2875.0], [10050.0, 2885.0], [10050.0, 2895.0], [10050.0, 2905.0], [10050.0, 2915.0], [10050.0, 2925.0], [10050.0, 2935.0], [10050.0, 2945.0], [10050.0, 2955.0], [10050.0, 2965.0], [10050.0, 2975.0], [10050.0, 2985.0], [10045.0, 2990.0], [10035.0, 2990.0], [10030.0, 2995.0], [10035.0, 3000.0], [10040.0, 3005.0], [10040.0, 3015.0], [10035.0, 3020.0], [10030.0, 3025.0], [10030.0, 3035.0], [10030.0, 3045.0], [10030.0, 3055.0], [10025.0, 3060.0], [10020.0, 3065.0], [10020.0, 3075.0], [10020.0, 3085.0], [10020.0, 3095.0], [10020.0, 3105.0], [10015.0, 3110.0], [10010.0, 3115.0], [10010.0, 3125.0], [10005.0, 3130.0], [9995.0, 3130.0], [9990.0, 3135.0], [9990.0, 3145.0], [9985.0, 3150.0]]]}, "properties": {"objectType": "annotation", "name": "R1_2_T|lesion_13", "classification": {"name": "lesion", "color": [255, 0, 0]}, "lesion_id": 13, "section": "R1_2_T", "area_um2": 180850.0}}, {"type": "Feature", "geometry": {"type": "Polygon", "coordinates": [[[10005.0, 3000.0], [10000.0, 2995.0], [10000.0, 2985.0], [9995.0, 2980.0], [9990.0, 2975.0], [9990.0, 2965.0], [9990.0, 2955.0], [9985.0, 2950.0], [9980.0, 2945.0], [9980.0, 2935.0], [9975.0, 2930.0], [9970.0, 2925.0], [9970.0, 2915.0], [9965.0, 2910.0], [9960.0, 2905.0], [9955.0, 2900.0], [9950.0, 2895.0], [9945.0, 2890.0], [9940.0, 2885.0], [9935.0, 2880.0], [9930.0, 2875.0], [9925.0, 2870.0], [9920.0, 2865.0], [9915.0, 2860.0], [9910.0, 2855.0], [9905.0, 2850.0], [9900.0, 2845.0], [9895.0, 2840.0], [9885.0, 2840.0], [9880.0, 2835.0], [9875.0, 2830.0], [9870.0, 2825.0], [9870.0, 2815.0], [9870.0, 2805.0], [9870.0, 2795.0], [9865.0, 2790.0], [9860.0, 2785.0], [9860.0, 2775.0], [9860.0, 2765.0], [9855.0, 2760.0], [9850.0, 2755.0], [9850.0, 2745.0], [9850.0, 2735.0], [9850.0, 2725.0], [9850.0, 2715.0], [9845.0, 2710.0], [9840.0, 2705.0], [9840.0, 2695.0], [9835.0, 2690.0], [9830.0, 2685.0], [9830.0, 2675.0], [9830.0, 2665.0], [9830.0, 2655.0], [9825.0, 2650.0], [9820.0, 2645.0], [9820.0, 2635.0], [9820.0, 2625.0], [9820.0, 2615.0], [9815.0, 2610.0], [9810.0, 2605.0], [9810.0, 2595.0], [9805.0, 2590.0], [9800.0, 2585.0], [9795.0, 2580.0], [9790.0, 2575.0], [9790.0, 2565.0], [9795.0, 2560.0], [9800.0, 2555.0], [9805.0, 2550.0], [9810.0, 2545.0], [9815.0, 2540.0], [9820.0, 2535.0], [9825.0, 2530.0], [9830.0, 2525.0], [9830.0, 2515.0], [9835.0, 2510.0], [9840.0, 2505.0], [9845.0, 2500.0], [9850.0, 2495.0], [9855.0, 2490.0], [9860.0, 2485.0], [9865.0, 2480.0], [9870.0, 2475.0], [9875.0, 2470.0], [9885.0, 2470.0], [9890.0, 2465.0], [9895.0, 2460.0], [9900.0, 2455.0], [9905.0, 2450.0], [9910.0, 2445.0], [9915.0, 2440.0], [9920.0, 2435.0], [9925.0, 2430.0], [9935.0, 2430.0], [9945.0, 2430.0], [9955.0, 2430.0], [9965.0, 2430.0], [9970.0, 2425.0], [9975.0, 2420.0], [9985.0, 2420.0], [9990.0, 2415.0], [9995.0, 2410.0], [10005.0, 2410.0], [10015.0, 2410.0], [10025.0, 2410.0], [10030.0, 2405.0], [10035.0, 2400.0], [10045.0, 2400.0], [10050.0, 2395.0], [10055.0, 2390.0], [10060.0, 2385.0], [10065.0, 2380.0], [10075.0, 2380.0], [10080.0, 2385.0], [10080.0, 2395.0], [10080.0, 2405.0], [10080.0, 2415.0], [10080.0, 2425.0], [10080.0, 2435.0], [10080.0, 2445.0], [10080.0, 2455.0], [10080.0, 2465.0], [10080.0, 2475.0], [10075.0, 2480.0], [10070.0, 2485.0], [10070.0, 2495.0], [10065.0, 2500.0], [10060.0, 2505.0], [10060.0, 2515.0], [10055.0, 2520.0], [10050.0, 2525.0], [10050.0, 2535.0], [10050.0, 2545.0], [10050.0, 2555.0], [10050.0, 2565.0], [10050.0, 2575.0], [10050.0, 2585.0], [10045.0, 2590.0], [10040.0, 2595.0], [10040.0, 2605.0], [10040.0, 2615.0], [10035.0, 2620.0], [10030.0, 2625.0], [10030.0, 2635.0], [10025.0, 2640.0], [10020.0, 2645.0], [10020.0, 2655.0], [10015.0, 2660.0], [10010.0, 2665.0], [10010.0, 2675.0], [10005.0, 2680.0], [10000.0, 2685.0], [10000.0, 2695.0], [10000.0, 2705.0], [10000.0, 2715.0], [10000.0, 2725.0], [10000.0, 2735.0], [10000.0, 2745.0], [10000.0, 2755.0], [10005.0, 2760.0], [10010.0, 2765.0], [10010.0, 2775.0], [10015.0, 2780.0], [10020.0, 2785.0], [10020.0, 2795.0], [10020.0, 2805.0], [10020.0, 2815.0], [10020.0, 2825.0], [10025.0, 2830.0], [10030.0, 2835.0], [10030.0, 2845.0], [10030.0, 2855.0], [10030.0, 2865.0], [10030.0, 2875.0], [10030.0, 2885.0], [10025.0, 2890.0], [10020.0, 2895.0], [10020.0, 2905.0], [10015.0, 2910.0], [10010.0, 2915.0], [10010.0, 2925.0], [10010.0, 2935.0], [10010.0, 2945.0], [10010.0, 2955.0], [10010.0, 2965.0], [10010.0, 2975.0], [10010.0, 2985.0], [10010.0, 2995.0], [10005.0, 3000.0]]]}, "properties": {"objectType": "annotation", "name": "R1_2_T|core_13", "classification": {"name": "core", "color": [230, 103, 103]}, "lesion_id": 13, "section": "R1_2_T", "area_um2": 89950.0}}, {"type": "Feature", "geometry": {"type": "Polygon", "coordinates": [[[9985.0, 3150.0], [9980.0, 3145.0], [9975.0, 3140.0], [9970.0, 3135.0], [9965.0, 3130.0], [9960.0, 3125.0], [9960.0, 3115.0], [9955.0, 3110.0], [9950.0, 3105.0], [9950.0, 3095.0], [9945.0, 3090.0], [9940.0, 3085.0], [9935.0, 3080.0], [9930.0, 3075.0], [9930.0, 3065.0], [9930.0, 3055.0], [9930.0, 3045.0], [9935.0, 3040.0], [9940.0, 3035.0], [9940.0, 3025.0], [9940.0, 3015.0], [9940.0, 3005.0], [9940.0, 2995.0], [9935.0, 2990.0], [9930.0, 2985.0], [9930.0, 2975.0], [9930.0, 2965.0], [9925.0, 2960.0], [9920.0, 2955.0], [9920.0, 2945.0], [9915.0, 2940.0], [9910.0, 2935.0], [9905.0, 2930.0], [9900.0, 2925.0], [9895.0, 2920.0], [9890.0, 2915.0], [9885.0, 2910.0], [9880.0, 2905.0], [9875.0, 2900.0], [9870.0, 2895.0], [9865.0, 2890.0], [9855.0, 2890.0], [9845.0, 2890.0], [9840.0, 2885.0], [9835.0, 2880.0], [9830.0, 2875.0], [9825.0, 2870.0], [9820.0, 2865.0], [9815.0, 2860.0], [9810.0, 2855.0], [9805.0, 2850.0], [9800.0, 2845.0], [9805.0, 2840.0], [9810.0, 2835.0], [9810.0, 2825.0], [9810.0, 2815.0], [9810.0, 2805.0], [9805.0, 2800.0], [9800.0, 2795.0], [9800.0, 2785.0], [9800.0, 2775.0], [9795.0, 2770.0], [9790.0, 2765.0], [9790.0, 2755.0], [9790.0, 2745.0], [9790.0, 2735.0], [9790.0, 2725.0], [9785.0, 2720.0], [9780.0, 2715.0], [9780.0, 2705.0], [9775.0, 2700.0], [9770.0, 2695.0], [9770.0, 2685.0], [9770.0, 2675.0], [9770.0, 2665.0], [9765.0, 2660.0], [9760.0, 2655.0], [9760.0, 2645.0], [9760.0, 2635.0], [9760.0, 2625.0], [9755.0, 2620.0], [9750.0, 2615.0], [9745.0, 2610.0], [9740.0, 2605.0], [9735.0, 2600.0], [9730.0, 2595.0], [9725.0, 2590.0], [9720.0, 2585.0], [9715.0, 2580.0], [9710.0, 2575.0], [9705.0, 2570.0], [9700.0, 2565.0], [9700.0, 2555.0], [9705.0, 2550.0], [9710.0, 2545.0], [9715.0, 2540.0], [9720.0, 2535.0], [9725.0, 2530.0], [9730.0, 2535.0], [9735.0, 2540.0], [9740.0, 2535.0], [9745.0, 2530.0], [9750.0, 2525.0], [9755.0, 2520.0], [9760.0, 2515.0], [9765.0, 2510.0], [9770.0, 2505.0], [9775.0, 2500.0], [9780.0, 2495.0], [9780.0, 2485.0], [9785.0, 2480.0], [9790.0, 2475.0], [9795.0, 2470.0], [9800.0, 2465.0], [9805.0, 2460.0], [9810.0, 2455.0], [9815.0, 2450.0], [9820.0, 2445.0], [9825.0, 2440.0], [9830.0, 2435.0], [9835.0, 2430.0], [9840.0, 2425.0], [9845.0, 2420.0], [9855.0, 2420.0], [9860.0, 2415.0], [9865.0, 2410.0], [9870.0, 2405.0], [9875.0, 2400.0], [9880.0, 2395.0], [9885.0, 2390.0], [9890.0, 2385.0], [9895.0, 2380.0], [9900.0, 2375.0], [9905.0, 2370.0], [9915.0, 2370.0], [9925.0, 2370.0], [9930.0, 2365.0], [9935.0, 2360.0], [9945.0, 2360.0], [9950.0, 2365.0], [9955.0, 2370.0], [9960.0, 2365.0], [9965.0, 2360.0], [9975.0, 2360.0], [9980.0, 2355.0], [9985.0, 2350.0], [9995.0, 2350.0], [10005.0, 2350.0], [10015.0, 2350.0], [10020.0, 2345.0], [10025.0, 2340.0], [10030.0, 2335.0], [10035.0, 2330.0], [10040.0, 2325.0], [10045.0, 2320.0], [10050.0, 2315.0], [10055.0, 2310.0], [10065.0, 2310.0], [10070.0, 2305.0], [10075.0, 2300.0], [10085.0, 2300.0], [10090.0, 2295.0], [10095.0, 2290.0], [10105.0, 2290.0], [10110.0, 2295.0], [10115.0, 2300.0], [10120.0, 2305.0], [10125.0, 2310.0], [10130.0, 2315.0], [10130.0, 2325.0], [10130.0, 2335.0], [10130.0, 2345.0], [10130.0, 2355.0], [10130.0, 2365.0], [10125.0, 2370.0], [10120.0, 2375.0], [10120.0, 2385.0], [10120.0, 2395.0], [10120.0, 2405.0], [10120.0, 2415.0], [10120.0, 2425.0], [10120.0, 2435.0], [10115.0, 2440.0], [10110.0, 2445.0], [10110.0, 2455.0], [10110.0, 2465.0], [10110.0, 2475.0], [10110.0, 2485.0], [10105.0, 2490.0], [10100.0, 2495.0], [10095.0, 2500.0], [10090.0, 2505.0], [10090.0, 2515.0], [10090.0, 2525.0], [10085.0, 2530.0], [10080.0, 2535.0], [10080.0, 2545.0], [10075.0, 2550.0], [10070.0, 2555.0], [10070.0, 2565.0], [10070.0, 2575.0], [10070.0, 2585.0], [10065.0, 2590.0], [10060.0, 2595.0], [10060.0, 2605.0], [10060.0, 2615.0], [10055.0, 2620.0], [10050.0, 2625.0], [10050.0, 2635.0], [10050.0, 2645.0], [10050.0, 2655.0], [10050.0, 2665.0], [10050.0, 2675.0], [10050.0, 2685.0], [10050.0, 2695.0], [10045.0, 2700.0], [10040.0, 2705.0], [10040.0, 2715.0], [10040.0, 2725.0], [10040.0, 2735.0], [10045.0, 2740.0], [10050.0, 2745.0], [10050.0, 2755.0], [10050.0, 2765.0], [10045.0, 2770.0], [10040.0, 2775.0], [10040.0, 2785.0], [10045.0, 2790.0], [10050.0, 2795.0], [10050.0, 2805.0], [10050.0, 2815.0], [10050.0, 2825.0], [10050.0, 2835.0], [10050.0, 2845.0], [10050.0, 2855.0], [10050.0, 2865.0], [10050.0, 2875.0], [10050.0, 2885.0], [10050.0, 2895.0], [10050.0, 2905.0], [10050.0, 2915.0], [10050.0, 2925.0], [10050.0, 2935.0], [10050.0, 2945.0], [10050.0, 2955.0], [10050.0, 2965.0], [10050.0, 2975.0], [10050.0, 2985.0], [10045.0, 2990.0], [10035.0, 2990.0], [10030.0, 2995.0], [10035.0, 3000.0], [10040.0, 3005.0], [10040.0, 3015.0], [10035.0, 3020.0], [10030.0, 3025.0], [10030.0, 3035.0], [10030.0, 3045.0], [10030.0, 3055.0], [10025.0, 3060.0], [10020.0, 3065.0], [10020.0, 3075.0], [10020.0, 3085.0], [10020.0, 3095.0], [10020.0, 3105.0], [10015.0, 3110.0], [10010.0, 3115.0], [10010.0, 3125.0], [10005.0, 3130.0], [9995.0, 3130.0], [9990.0, 3135.0], [9990.0, 3145.0], [9985.0, 3150.0]], [[10010.0, 2995.0], [10010.0, 2985.0], [10010.0, 2975.0], [10010.0, 2965.0], [10010.0, 2955.0], [10010.0, 2945.0], [10010.0, 2935.0], [10010.0, 2925.0], [10010.0, 2915.0], [10015.0, 2910.0], [10020.0, 2905.0], [10020.0, 2895.0], [10025.0, 2890.0], [10030.0, 2885.0], [10030.0, 2875.0], [10030.0, 2865.0], [10030.0, 2855.0], [10030.0, 2845.0], [10030.0, 2835.0], [10025.0, 2830.0], [10020.0, 2825.0], [10020.0, 2815.0], [10020.0, 2805.0], [10020.0, 2795.0], [10020.0, 2785.0], [10015.0, 2780.0], [10010.0, 2775.0], [10010.0, 2765.0], [10005.0, 2760.0], [10000.0, 2755.0], [10000.0, 2745.0], [10000.0, 2735.0], [10000.0, 2725.0], [10000.0, 2715.0], [10000.0, 2705.0], [10000.0, 2695.0], [10000.0, 2685.0], [10005.0, 2680.0], [10010.0, 2675.0], [10010.0, 2665.0], [10015.0, 2660.0], [10020.0, 2655.0], [10020.0, 2645.0], [10025.0, 2640.0], [10030.0, 2635.0], [10030.0, 2625.0], [10035.0, 2620.0], [10040.0, 2615.0], [10040.0, 2605.0], [10040.0, 2595.0], [10045.0, 2590.0], [10050.0, 2585.0], [10050.0, 2575.0], [10050.0, 2565.0], [10050.0, 2555.0], [10050.0, 2545.0], [10050.0, 2535.0], [10050.0, 2525.0], [10055.0, 2520.0], [10060.0, 2515.0], [10060.0, 2505.0], [10065.0, 2500.0], [10070.0, 2495.0], [10070.0, 2485.0], [10075.0, 2480.0], [10080.0, 2475.0], [10080.0, 2465.0], [10080.0, 2455.0], [10080.0, 2445.0], [10080.0, 2435.0], [10080.0, 2425.0], [10080.0, 2415.0], [10080.0, 2405.0], [10080.0, 2395.0], [10080.0, 2385.0], [10075.0, 2380.0], [10065.0, 2380.0], [10060.0, 2385.0], [10055.0, 2390.0], [10050.0, 2395.0], [10045.0, 2400.0], [10035.0, 2400.0], [10030.0, 2405.0], [10025.0, 2410.0], [10015.0, 2410.0], [10005.0, 2410.0], [9995.0, 2410.0], [9990.0, 2415.0], [9985.0, 2420.0], [9975.0, 2420.0], [9970.0, 2425.0], [9965.0, 2430.0], [9955.0, 2430.0], [9945.0, 2430.0], [9935.0, 2430.0], [9925.0, 2430.0], [9920.0, 2435.0], [9915.0, 2440.0], [9910.0, 2445.0], [9905.0, 2450.0], [9900.0, 2455.0], [9895.0, 2460.0], [9890.0, 2465.0], [9885.0, 2470.0], [9875.0, 2470.0], [9870.0, 2475.0], [9865.0, 2480.0], [9860.0, 2485.0], [9855.0, 2490.0], [9850.0, 2495.0], [9845.0, 2500.0], [9840.0, 2505.0], [9835.0, 2510.0], [9830.0, 2515.0], [9830.0, 2525.0], [9825.0, 2530.0], [9820.0, 2535.0], [9815.0, 2540.0], [9810.0, 2545.0], [9805.0, 2550.0], [9800.0, 2555.0], [9795.0, 2560.0], [9790.0, 2565.0], [9790.0, 2575.0], [9795.0, 2580.0], [9800.0, 2585.0], [9805.0, 2590.0], [9810.0, 2595.0], [9810.0, 2605.0], [9815.0, 2610.0], [9820.0, 2615.0], [9820.0, 2625.0], [9820.0, 2635.0], [9820.0, 2645.0], [9825.0, 2650.0], [9830.0, 2655.0], [9830.0, 2665.0], [9830.0, 2675.0], [9830.0, 2685.0], [9835.0, 2690.0], [9840.0, 2695.0], [9840.0, 2705.0], [9845.0, 2710.0], [9850.0, 2715.0], [9850.0, 2725.0], [9850.0, 2735.0], [9850.0, 2745.0], [9850.0, 2755.0], [9855.0, 2760.0], [9860.0, 2765.0], [9860.0, 2775.0], [9860.0, 2785.0], [9865.0, 2790.0], [9870.0, 2795.0], [9870.0, 2805.0], [9870.0, 2815.0], [9870.0, 2825.0], [9875.0, 2830.0], [9880.0, 2835.0], [9885.0, 2840.0], [9895.0, 2840.0], [9900.0, 2845.0], [9905.0, 2850.0], [9910.0, 2855.0], [9915.0, 2860.0], [9920.0, 2865.0], [9925.0, 2870.0], [9930.0, 2875.0], [9935.0, 2880.0], [9940.0, 2885.0], [9945.0, 2890.0], [9950.0, 2895.0], [9955.0, 2900.0], [9960.0, 2905.0], [9965.0, 2910.0], [9970.0, 2915.0], [9970.0, 2925.0], [9975.0, 2930.0], [9980.0, 2935.0], [9980.0, 2945.0], [9985.0, 2950.0], [9990.0, 2955.0], [9990.0, 2965.0], [9990.0, 2975.0], [9995.0, 2980.0], [10000.0, 2985.0], [10000.0, 2995.0], [10005.0, 3000.0], [10010.0, 2995.0]]]}, "properties": {"objectType": "annotation", "name": "R1_2_T|rim_13", "classification": {"name": "rim", "color": [201, 133, 0]}, "lesion_id": 13, "section": "R1_2_T", "area_um2": 90900.0}}, {"type": "Feature", "geometry": {"type": "Polygon", "coordinates": [[[7155.0, 2760.0], [7150.0, 2755.0], [7145.0, 2750.0], [7140.0, 2745.0], [7135.0, 2740.0], [7130.0, 2735.0], [7125.0, 2730.0], [7115.0, 2730.0], [7110.0, 2725.0], [7105.0, 2720.0], [7100.0, 2725.0], [7095.0, 2730.0], [7090.0, 2725.0], [7085.0, 2720.0], [7080.0, 2715.0], [7075.0, 2710.0], [7070.0, 2705.0], [7075.0, 2700.0], [7080.0, 2695.0], [7085.0, 2690.0], [7090.0, 2685.0], [7090.0, 2675.0], [7090.0, 2665.0], [7095.0, 2660.0], [7100.0, 2655.0], [7105.0, 2650.0], [7110.0, 2645.0], [7115.0, 2640.0], [7120.0, 2645.0], [7125.0, 2650.0], [7130.0, 2655.0], [7135.0, 2660.0], [7145.0, 2660.0], [7150.0, 2665.0], [7155.0, 2670.0], [7160.0, 2675.0], [7165.0, 2680.0], [7170.0, 2685.0], [7175.0, 2690.0], [7180.0, 2695.0], [7175.0, 2700.0], [7170.0, 2705.0], [7165.0, 2710.0], [7160.0, 2715.0], [7165.0, 2720.0], [7170.0, 2725.0], [7175.0, 2730.0], [7180.0, 2735.0], [7175.0, 2740.0], [7170.0, 2745.0], [7165.0, 2750.0], [7160.0, 2755.0], [7155.0, 2760.0]]]}, "properties": {"objectType": "annotation", "name": "P3_1_C|lesion_17", "classification": {"name": "lesion", "color": [255, 0, 0]}, "lesion_id": 17, "section": "P3_1_C", "area_um2": 6850.0}}, {"type": "Feature", "geometry": {"type": "Polygon", "coordinates": [[[7155.0, 2760.0], [7150.0, 2755.0], [7145.0, 2750.0], [7140.0, 2745.0], [7135.0, 2740.0], [7130.0, 2735.0], [7125.0, 2730.0], [7115.0, 2730.0], [7110.0, 2725.0], [7105.0, 2720.0], [7100.0, 2725.0], [7095.0, 2730.0], [7090.0, 2725.0], [7085.0, 2720.0], [7080.0, 2715.0], [7075.0, 2710.0], [7070.0, 2705.0], [7075.0, 2700.0], [7080.0, 2695.0], [7085.0, 2690.0], [7090.0, 2685.0], [7090.0, 2675.0], [7090.0, 2665.0], [7095.0, 2660.0], [7100.0, 2655.0], [7105.0, 2650.0], [7110.0, 2645.0], [7115.0, 2640.0], [7120.0, 2645.0], [7125.0, 2650.0], [7130.0, 2655.0], [7135.0, 2660.0], [7145.0, 2660.0], [7150.0, 2665.0], [7155.0, 2670.0], [7160.0, 2675.0], [7165.0, 2680.0], [7170.0, 2685.0], [7175.0, 2690.0], [7180.0, 2695.0], [7175.0, 2700.0], [7170.0, 2705.0], [7165.0, 2710.0], [7160.0, 2715.0], [7165.0, 2720.0], [7170.0, 2725.0], [7175.0, 2730.0], [7180.0, 2735.0], [7175.0, 2740.0], [7170.0, 2745.0], [7165.0, 2750.0], [7160.0, 2755.0], [7155.0, 2760.0]]]}, "properties": {"objectType": "annotation", "name": "P3_1_C|rim_17", "classification": {"name": "rim", "color": [201, 133, 0]}, "lesion_id": 17, "section": "P3_1_C", "area_um2": 6850.0}}, {"type": "Feature", "geometry": {"type": "Polygon", "coordinates": [[[5475.0, 3160.0], [5465.0, 3160.0], [5455.0, 3160.0], [5450.0, 3155.0], [5445.0, 3150.0], [5435.0, 3150.0], [5430.0, 3155.0], [5425.0, 3160.0], [5420.0, 3155.0], [5415.0, 3150.0], [5405.0, 3150.0], [5395.0, 3150.0], [5390.0, 3145.0], [5385.0, 3140.0], [5375.0, 3140.0], [5370.0, 3135.0], [5365.0, 3130.0], [5360.0, 3125.0], [5355.0, 3120.0], [5345.0, 3120.0], [5340.0, 3115.0], [5335.0, 3110.0], [5330.0, 3105.0], [5330.0, 3095.0], [5325.0, 3090.0], [5315.0, 3090.0], [5310.0, 3085.0], [5305.0, 3080.0], [5300.0, 3075.0], [5300.0, 3065.0], [5295.0, 3060.0], [5290.0, 3055.0], [5285.0, 3050.0], [5280.0, 3045.0], [5280.0, 3035.0], [5275.0, 3030.0], [5270.0, 3025.0], [5270.0, 3015.0], [5270.0, 3005.0], [5275.0, 3000.0], [5280.0, 2995.0], [5285.0, 2990.0], [5290.0, 2985.0], [5295.0, 2980.0], [5305.0, 2980.0], [5310.0, 2975.0], [5315.0, 2970.0], [5320.0, 2965.0], [5325.0, 2960.0], [5330.0, 2955.0], [5335.0, 2950.0], [5345.0, 2950.0], [5355.0, 2950.0], [5365.0, 2950.0], [5370.0, 2955.0], [5375.0, 2960.0], [5380.0, 2965.0], [5385.0, 2970.0], [5395.0, 2970.0], [5400.0, 2965.0], [5405.0, 2960.0], [5410.0, 2965.0], [5415.0, 2970.0], [5420.0, 2975.0], [5425.0, 2980.0], [5435.0, 2980.0], [5440.0, 2985.0], [5445.0, 2990.0], [5450.0, 2995.0], [5455.0, 3000.0], [5460.0, 3005.0], [5460.0, 3015.0], [5465.0, 3020.0], [5470.0, 3025.0], [5475.0, 3030.0], [5480.0, 3035.0], [5480.0, 3045.0], [5475.0, 3050.0], [5470.0, 3055.0], [5470.0, 3065.0], [5470.0, 3075.0], [5470.0, 3085.0], [5475.0, 3090.0], [5480.0, 3095.0], [5485.0, 3100.0], [5490.0, 3105.0], [5490.0, 3115.0], [5490.0, 3125.0], [5495.0, 3130.0], [5500.0, 3135.0], [5495.0, 3140.0], [5490.0, 3145.0], [5485.0, 3150.0], [5480.0, 3155.0], [5475.0, 3160.0]]]}, "properties": {"objectType": "annotation", "name": "P3_1_C|lesion_18", "classification": {"name": "lesion", "color": [255, 0, 0]}, "lesion_id": 18, "section": "P3_1_C", "area_um2": 30550.0}}, {"type": "Feature", "geometry": {"type": "Polygon", "coordinates": [[[5415.0, 3100.0], [5410.0, 3095.0], [5405.0, 3090.0], [5395.0, 3090.0], [5385.0, 3090.0], [5380.0, 3085.0], [5375.0, 3080.0], [5365.0, 3080.0], [5355.0, 3080.0], [5350.0, 3075.0], [5350.0, 3065.0], [5350.0, 3055.0], [5350.0, 3045.0], [5345.0, 3040.0], [5340.0, 3035.0], [5340.0, 3025.0], [5345.0, 3020.0], [5350.0, 3015.0], [5355.0, 3010.0], [5360.0, 3015.0], [5365.0, 3020.0], [5375.0, 3020.0], [5385.0, 3020.0], [5395.0, 3020.0], [5400.0, 3025.0], [5405.0, 3030.0], [5410.0, 3035.0], [5415.0, 3040.0], [5420.0, 3045.0], [5420.0, 3055.0], [5420.0, 3065.0], [5420.0, 3075.0], [5420.0, 3085.0], [5420.0, 3095.0], [5415.0, 3100.0]]]}, "properties": {"objectType": "annotation", "name": "P3_1_C|core_18", "classification": {"name": "core", "color": [230, 103, 103]}, "lesion_id": 18, "section": "P3_1_C", "area_um2": 4650.0}}, {"type": "Feature", "geometry": {"type": "Polygon", "coordinates": [[[5475.0, 3160.0], [5465.0, 3160.0], [5455.0, 3160.0], [5450.0, 3155.0], [5445.0, 3150.0], [5435.0, 3150.0], [5430.0, 3155.0], [5425.0, 3160.0], [5420.0, 3155.0], [5415.0, 3150.0], [5405.0, 3150.0], [5395.0, 3150.0], [5390.0, 3145.0], [5385.0, 3140.0], [5375.0, 3140.0], [5370.0, 3135.0], [5365.0, 3130.0], [5360.0, 3125.0], [5355.0, 3120.0], [5345.0, 3120.0], [5340.0, 3115.0], [5335.0, 3110.0], [5330.0, 3105.0], [5330.0, 3095.0], [5325.0, 3090.0], [5315.0, 3090.0], [5310.0, 3085.0], [5305.0, 3080.0], [5300.0, 3075.0], [5300.0, 3065.0], [5295.0, 3060.0], [5290.0, 3055.0], [5285.0, 3050.0], [5280.0, 3045.0], [5280.0, 3035.0], [5275.0, 3030.0], [5270.0, 3025.0], [5270.0, 3015.0], [5270.0, 3005.0], [5275.0, 3000.0], [5280.0, 2995.0], [5285.0, 2990.0], [5290.0, 2985.0], [5295.0, 2980.0], [5305.0, 2980.0], [5310.0, 2975.0], [5315.0, 2970.0], [5320.0, 2965.0], [5325.0, 2960.0], [5330.0, 2955.0], [5335.0, 2950.0], [5345.0, 2950.0], [5355.0, 2950.0], [5365.0, 2950.0], [5370.0, 2955.0], [5375.0, 2960.0], [5380.0, 2965.0], [5385.0, 2970.0], [5395.0, 2970.0], [5400.0, 2965.0], [5405.0, 2960.0], [5410.0, 2965.0], [5415.0, 2970.0], [5420.0, 2975.0], [5425.0, 2980.0], [5435.0, 2980.0], [5440.0, 2985.0], [5445.0, 2990.0], [5450.0, 2995.0], [5455.0, 3000.0], [5460.0, 3005.0], [5460.0, 3015.0], [5465.0, 3020.0], [5470.0, 3025.0], [5475.0, 3030.0], [5480.0, 3035.0], [5480.0, 3045.0], [5475.0, 3050.0], [5470.0, 3055.0], [5470.0, 3065.0], [5470.0, 3075.0], [5470.0, 3085.0], [5475.0, 3090.0], [5480.0, 3095.0], [5485.0, 3100.0], [5490.0, 3105.0], [5490.0, 3115.0], [5490.0, 3125.0], [5495.0, 3130.0], [5500.0, 3135.0], [5495.0, 3140.0], [5490.0, 3145.0], [5485.0, 3150.0], [5480.0, 3155.0], [5475.0, 3160.0]], [[5420.0, 3095.0], [5420.0, 3085.0], [5420.0, 3075.0], [5420.0, 3065.0], [5420.0, 3055.0], [5420.0, 3045.0], [5415.0, 3040.0], [5410.0, 3035.0], [5405.0, 3030.0], [5400.0, 3025.0], [5395.0, 3020.0], [5385.0, 3020.0], [5375.0, 3020.0], [5365.0, 3020.0], [5360.0, 3015.0], [5355.0, 3010.0], [5350.0, 3015.0], [5345.0, 3020.0], [5340.0, 3025.0], [5340.0, 3035.0], [5345.0, 3040.0], [5350.0, 3045.0], [5350.0, 3055.0], [5350.0, 3065.0], [5350.0, 3075.0], [5355.0, 3080.0], [5365.0, 3080.0], [5375.0, 3080.0], [5380.0, 3085.0], [5385.0, 3090.0], [5395.0, 3090.0], [5405.0, 3090.0], [5410.0, 3095.0], [5415.0, 3100.0], [5420.0, 3095.0]]]}, "properties": {"objectType": "annotation", "name": "P3_1_C|rim_18", "classification": {"name": "rim", "color": [201, 133, 0]}, "lesion_id": 18, "section": "P3_1_C", "area_um2": 25900.0}}, {"type": "Feature", "geometry": {"type": "Polygon", "coordinates": [[[8125.0, 3180.0], [8115.0, 3180.0], [8110.0, 3175.0], [8115.0, 3170.0], [8120.0, 3165.0], [8120.0, 3155.0], [8125.0, 3150.0], [8130.0, 3145.0], [8130.0, 3135.0], [8130.0, 3125.0], [8130.0, 3115.0], [8130.0, 3105.0], [8130.0, 3095.0], [8135.0, 3090.0], [8140.0, 3095.0], [8145.0, 3100.0], [8150.0, 3105.0], [8155.0, 3110.0], [8160.0, 3115.0], [8160.0, 3125.0], [8160.0, 3135.0], [8155.0, 3140.0], [8150.0, 3145.0], [8150.0, 3155.0], [8145.0, 3160.0], [8140.0, 3165.0], [8135.0, 3170.0], [8130.0, 3175.0], [8125.0, 3180.0]]]}, "properties": {"objectType": "annotation", "name": "R1_2_T|lesion_19", "classification": {"name": "lesion", "color": [255, 0, 0]}, "lesion_id": 19, "section": "R1_2_T", "area_um2": 2050.0}}, {"type": "Feature", "geometry": {"type": "Polygon", "coordinates": [[[8125.0, 3180.0], [8115.0, 3180.0], [8110.0, 3175.0], [8115.0, 3170.0], [8120.0, 3165.0], [8120.0, 3155.0], [8125.0, 3150.0], [8130.0, 3145.0], [8130.0, 3135.0], [8130.0, 3125.0], [8130.0, 3115.0], [8130.0, 3105.0], [8130.0, 3095.0], [8135.0, 3090.0], [8140.0, 3095.0], [8145.0, 3100.0], [8150.0, 3105.0], [8155.0, 3110.0], [8160.0, 3115.0], [8160.0, 3125.0], [8160.0, 3135.0], [8155.0, 3140.0], [8150.0, 3145.0], [8150.0, 3155.0], [8145.0, 3160.0], [8140.0, 3165.0], [8135.0, 3170.0], [8130.0, 3175.0], [8125.0, 3180.0]]]}, "properties": {"objectType": "annotation", "name": "R1_2_T|rim_19", "classification": {"name": "rim", "color": [201, 133, 0]}, "lesion_id": 19, "section": "R1_2_T", "area_um2": 2050.0}}, {"type": "Feature", "geometry": {"type": "Polygon", "coordinates": [[[6415.0, 3440.0], [6405.0, 3440.0], [6395.0, 3440.0], [6390.0, 3435.0], [6385.0, 3430.0], [6375.0, 3430.0], [6365.0, 3430.0], [6360.0, 3425.0], [6355.0, 3420.0], [6350.0, 3415.0], [6350.0, 3405.0], [6350.0, 3395.0], [6345.0, 3390.0], [6340.0, 3385.0], [6340.0, 3375.0], [6335.0, 3370.0], [6330.0, 3365.0], [6325.0, 3360.0], [6320.0, 3355.0], [6315.0, 3350.0], [6310.0, 3345.0], [6305.0, 3340.0], [6295.0, 3340.0], [6285.0, 3340.0], [6280.0, 3335.0], [6275.0, 3330.0], [6270.0, 3325.0], [6265.0, 3320.0], [6260.0, 3315.0], [6255.0, 3310.0], [6250.0, 3305.0], [6245.0, 3300.0], [6240.0, 3295.0], [6235.0, 3290.0], [6225.0, 3290.0], [6215.0, 3290.0], [6210.0, 3295.0], [6205.0, 3300.0], [6200.0, 3305.0], [6195.0, 3310.0], [6185.0, 3310.0], [6175.0, 3310.0], [6170.0, 3315.0], [6165.0, 3320.0], [6155.0, 3320.0], [6150.0, 3325.0], [6145.0, 3330.0], [6135.0, 3330.0], [6130.0, 3335.0], [6125.0, 3340.0], [6115.0, 3340.0], [6110.0, 3335.0], [6110.0, 3325.0], [6115.0, 3320.0], [6120.0, 3315.0], [6115.0, 3310.0], [6110.0, 3305.0], [6105.0, 3300.0], [6095.0, 3300.0], [6085.0, 3300.0], [6075.0, 3300.0], [6065.0, 3300.0], [6055.0, 3300.0], [6045.0, 3300.0], [6035.0, 3300.0], [6025.0, 3300.0], [6020.0, 3305.0], [6015.0, 3310.0], [6010.0, 3315.0], [6010.0, 3325.0], [6010.0, 3335.0], [6010.0, 3345.0], [6005.0, 3350.0], [5995.0, 3350.0], [5985.0, 3350.0], [5980.0, 3355.0], [5975.0, 3360.0], [5970.0, 3365.0], [5965.0, 3370.0], [5960.0, 3375.0], [5955.0, 3380.0], [5950.0, 3375.0], [5945.0, 3370.0], [5940.0, 3365.0], [5945.0, 3360.0], [5950.0, 3355.0], [5955.0, 3350.0], [5960.0, 3345.0], [5960.0, 3335.0], [5955.0, 3330.0], [5950.0, 3325.0], [5955.0, 3320.0], [5960.0, 3315.0], [5960.0, 3305.0], [5955.0, 3300.0], [5950.0, 3295.0], [5945.0, 3290.0], [5935.0, 3290.0], [5925.0, 3290.0], [5920.0, 3295.0], [5915.0, 3300.0], [5905.0, 3300.0], [5900.0, 3305.0], [5895.0, 3310.0], [5890.0, 3315.0], [5885.0, 3320.0], [5880.0, 3325.0], [5875.0, 3330.0], [5865.0, 3330.0], [5855.0, 3330.0], [5850.0, 3325.0], [5845.0, 3320.0], [5835.0, 3320.0], [5825.0, 3320.0], [5820.0, 3315.0], [5815.0, 3310.0], [5805.0, 3310.0], [5800.0, 3305.0], [5795.0, 3300.0], [5790.0, 3295.0], [5785.0, 3290.0], [5780.0, 3285.0], [5775.0, 3280.0], [5770.0, 3275.0], [5765.0, 3270.0], [5760.0, 3265.0], [5765.0, 3260.0], [5770.0, 3255.0], [5775.0, 3250.0], [5780.0, 3245.0], [5785.0, 3240.0], [5790.0, 3235.0], [5795.0, 3230.0], [5805.0, 3230.0], [5815.0, 3230.0], [5820.0, 3225.0], [5825.0, 3220.0], [5830.0, 3215.0], [5835.0, 3210.0], [5840.0, 3205.0], [5845.0, 3200.0], [5850.0, 3195.0], [5855.0, 3190.0], [5865.0, 3190.0], [5870.0, 3185.0], [5875.0, 3180.0], [5885.0, 3180.0], [5890.0, 3175.0], [5895.0, 3170.0], [5900.0, 3165.0], [5905.0, 3160.0], [5910.0, 3155.0], [5915.0, 3150.0], [5920.0, 3145.0], [5925.0, 3140.0], [5930.0, 3135.0], [5935.0, 3130.0], [5945.0, 3130.0], [5950.0, 3125.0], [5955.0, 3120.0], [5960.0, 3125.0], [5965.0, 3130.0], [5975.0, 3130.0], [5985.0, 3130.0], [5995.0, 3130.0], [6005.0, 3130.0], [6010.0, 3135.0], [6015.0, 3140.0], [6020.0, 3145.0], [6025.0, 3150.0], [6030.0, 3155.0], [6035.0, 3160.0], [6040.0, 3165.0], [6045.0, 3170.0], [6050.0, 3175.0], [6055.0, 3180.0], [6060.0, 3175.0], [6065.0, 3170.0], [6070.0, 3175.0], [6075.0, 3180.0], [6080.0, 3185.0], [6085.0, 3190.0], [6095.0, 3190.0], [6100.0, 3185.0], [6105.0, 3180.0], [6110.0, 3175.0], [6115.0, 3170.0], [6120.0, 3165.0], [6125.0, 3160.0], [6130.0, 3165.0], [6135.0, 3170.0], [6140.0, 3175.0], [6145.0, 3180.0], [6150.0, 3185.0], [6155.0, 3190.0], [6165.0, 3190.0], [6170.0, 3185.0], [6175.0, 3180.0], [6180.0, 3175.0], [6185.0, 3170.0], [6190.0, 3175.0], [6195.0, 3180.0], [6205.0, 3180.0], [6210.0, 3185.0], [6215.0, 3190.0], [6220.0, 3195.0], [6225.0, 3200.0], [6230.0, 3205.0], [6235.0, 3210.0], [6240.0, 3215.0], [6245.0, 3220.0], [6250.0, 3225.0], [6255.0, 3230.0], [6265.0, 3230.0], [6270.0, 3235.0], [6275.0, 3240.0], [6285.0, 3240.0], [6290.0, 3235.0], [6295.0, 3230.0], [6300.0, 3225.0], [6305.0, 3220.0], [6315.0, 3220.0], [6320.0, 3215.0], [6325.0, 3210.0], [6335.0, 3210.0], [6345.0, 3210.0], [6350.0, 3215.0], [6355.0, 3220.0], [6360.0, 3225.0], [6365.0, 3230.0], [6370.0, 3235.0], [6375.0, 3240.0], [6380.0, 3235.0], [6385.0, 3230.0], [6390.0, 3225.0], [6395.0, 3220.0], [6405.0, 3220.0], [6415.0, 3220.0], [6420.0, 3225.0], [6425.0, 3230.0], [6430.0, 3235.0], [6435.0, 3240.0], [6445.0, 3240.0], [6455.0, 3240.0], [6460.0, 3245.0], [6465.0, 3250.0], [6475.0, 3250.0], [6485.0, 3250.0], [6490.0, 3255.0], [6495.0, 3260.0], [6500.0, 3265.0], [6505.0, 3270.0], [6510.0, 3275.0], [6515.0, 3280.0], [6525.0, 3280.0], [6530.0, 3285.0], [6535.0, 3290.0], [6545.0, 3290.0], [6550.0, 3295.0], [6555.0, 3300.0], [6560.0, 3305.0], [6565.0, 3310.0], [6570.0, 3315.0], [6575.0, 3320.0], [6580.0, 3325.0], [6580.0, 3335.0], [6580.0, 3345.0], [6585.0, 3350.0], [6590.0, 3355.0], [6585.0, 3360.0], [6580.0, 3365.0], [6575.0, 3370.0], [6570.0, 3375.0], [6570.0, 3385.0], [6570.0, 3395.0], [6565.0, 3400.0], [6555.0, 3400.0], [6545.0, 3400.0], [6535.0, 3400.0], [6525.0, 3400.0], [6520.0, 3405.0], [6515.0, 3410.0], [6510.0, 3415.0], [6505.0, 3420.0], [6500.0, 3415.0], [6500.0, 3405.0], [6500.0, 3395.0], [6505.0, 3390.0], [6510.0, 3385.0], [6515.0, 3380.0], [6520.0, 3375.0], [6525.0, 3370.0], [6530.0, 3365.0], [6530.0, 3355.0], [6535.0, 3350.0], [6540.0, 3345.0], [6540.0, 3335.0], [6535.0, 3330.0], [6525.0, 3330.0], [6515.0, 3330.0], [6510.0, 3335.0], [6505.0, 3340.0], [6495.0, 3340.0], [6490.0, 3345.0], [6485.0, 3350.0], [6475.0, 3350.0], [6470.0, 3355.0], [6465.0, 3360.0], [6455.0, 3360.0], [6445.0, 3360.0], [6435.0, 3360.0], [6430.0, 3365.0], [6425.0, 3370.0], [6415.0, 3370.0], [6405.0, 3370.0], [6400.0, 3365.0], [6395.0, 3360.0], [6385.0, 3360.0], [6375.0, 3360.0], [6365.0, 3360.0], [6360.0, 3365.0], [6355.0, 3370.0], [6350.0, 3375.0], [6355.0, 3380.0], [6360.0, 3385.0], [6365.0, 3390.0], [6375.0, 3390.0], [6380.0, 3395.0], [6385.0, 3400.0], [6390.0, 3405.0], [6390.0, 3415.0], [6395.0, 3420.0], [6405.0, 3420.0], [6410.0, 3425.0], [6415.0, 3430.0], [6420.0, 3435.0], [6415.0, 3440.0]]]}, "properties": {"objectType": "annotation", "name": "P3_1_C|lesion_20", "classification": {"name": "lesion", "color": [255, 0, 0]}, "lesion_id": 20, "section": "P3_1_C", "area_um2": 105350.0}}, {"type": "Feature", "geometry": {"type": "MultiPolygon", "coordinates": [[[[6010.0, 3325.0], [6010.0, 3315.0], [6015.0, 3310.0], [6020.0, 3305.0], [6025.0, 3300.0], [6035.0, 3300.0], [6045.0, 3300.0], [6055.0, 3300.0], [6065.0, 3300.0], [6075.0, 3300.0], [6085.0, 3300.0], [6090.0, 3295.0], [6095.0, 3290.0], [6105.0, 3290.0], [6110.0, 3285.0], [6115.0, 3280.0], [6125.0, 3280.0], [6130.0, 3275.0], [6135.0, 3270.0], [6145.0, 3270.0], [6150.0, 3265.0], [6155.0, 3260.0], [6165.0, 3260.0], [6170.0, 3255.0], [6175.0, 3250.0], [6185.0, 3250.0], [6190.0, 3245.0], [6185.0, 3240.0], [6175.0, 3240.0], [6165.0, 3240.0], [6155.0, 3240.0], [6145.0, 3240.0], [6135.0, 3240.0], [6130.0, 3235.0], [6125.0, 3230.0], [6120.0, 3235.0], [6115.0, 3240.0], [6105.0, 3240.0], [6095.0, 3240.0], [6085.0, 3240.0], [6075.0, 3240.0], [6065.0, 3240.0], [6060.0, 3235.0], [6055.0, 3230.0], [6045.0, 3230.0], [6035.0, 3230.0], [6030.0, 3225.0], [6025.0, 3220.0], [6015.0, 3220.0], [6010.0, 3215.0], [6005.0, 3210.0], [6000.0, 3205.0], [5995.0, 3200.0], [5990.0, 3195.0], [5985.0, 3190.0], [5980.0, 3185.0], [5975.0, 3180.0], [5965.0, 3180.0], [5960.0, 3185.0], [5955.0, 3190.0], [5950.0, 3195.0], [5945.0, 3200.0], [5940.0, 3205.0], [5935.0, 3210.0], [5930.0, 3215.0], [5925.0, 3220.0], [5915.0, 3220.0], [5910.0, 3225.0], [5905.0, 3230.0], [5895.0, 3230.0], [5890.0, 3235.0], [5885.0, 3240.0], [5880.0, 3245.0], [5875.0, 3250.0], [5870.0, 3255.0], [5865.0, 3260.0], [5860.0, 3265.0], [5855.0, 3270.0], [5850.0, 3275.0], [5855.0, 3280.0], [5860.0, 3285.0], [5865.0, 3290.0], [5870.0, 3295.0], [5875.0, 3300.0], [5885.0, 3300.0], [5895.0, 3300.0], [5905.0, 3300.0], [5915.0, 3300.0], [5920.0, 3295.0], [5925.0, 3290.0], [5935.0, 3290.0], [5945.0, 3290.0], [5950.0, 3295.0], [5955.0, 3300.0], [5960.0, 3305.0], [5960.0, 3315.0], [5960.0, 3325.0], [5965.0, 3330.0], [5975.0, 3330.0], [5985.0, 3330.0], [5995.0, 3330.0], [6005.0, 3330.0], [6010.0, 3325.0]]], [[[6430.0, 3365.0], [6435.0, 3360.0], [6445.0, 3360.0], [6455.0, 3360.0], [6465.0, 3360.0], [6470.0, 3355.0], [6475.0, 3350.0], [6485.0, 3350.0], [6490.0, 3345.0], [6495.0, 3340.0], [6505.0, 3340.0], [6510.0, 3335.0], [6505.0, 3330.0], [6495.0, 3330.0], [6490.0, 3325.0], [6485.0, 3320.0], [6475.0, 3320.0], [6470.0, 3315.0], [6465.0, 3310.0], [6460.0, 3305.0], [6455.0, 3300.0], [6445.0, 3300.0], [6440.0, 3295.0], [6435.0, 3290.0], [6425.0, 3290.0], [6415.0, 3290.0], [6410.0, 3285.0], [6405.0, 3280.0], [6400.0, 3285.0], [6395.0, 3290.0], [6385.0, 3290.0], [6375.0, 3290.0], [6365.0, 3290.0], [6355.0, 3290.0], [6350.0, 3285.0], [6345.0, 3280.0], [6335.0, 3280.0], [6325.0, 3280.0], [6315.0, 3280.0], [6310.0, 3285.0], [6315.0, 3290.0], [6325.0, 3290.0], [6330.0, 3295.0], [6335.0, 3300.0], [6345.0, 3300.0], [6350.0, 3305.0], [6355.0, 3310.0], [6360.0, 3315.0], [6365.0, 3320.0], [6370.0, 3325.0], [6375.0, 3330.0], [6380.0, 3335.0], [6380.0, 3345.0], [6385.0, 3350.0], [6390.0, 3355.0], [6395.0, 3360.0], [6400.0, 3365.0], [6405.0, 3370.0], [6415.0, 3370.0], [6425.0, 3370.0], [6430.0, 3365.0]]]]}, "properties": {"objectType": "annotation", "name": "P3_1_C|core_20", "classification": {"name": "core", "color": [230, 103, 103]}, "lesion_id": 20, "section": "P3_1_C", "area_um2": 31200.0}}, {"type": "Feature", "geometry": {"type": "MultiPolygon", "coordinates": [[[[6420.0, 3435.0], [6415.0, 3430.0], [6410.0, 3425.0], [6405.0, 3420.0], [6395.0, 3420.0], [6390.0, 3415.0], [6390.0, 3405.0], [6385.0, 3400.0], [6380.0, 3395.0], [6375.0, 3390.0], [6365.0, 3390.0], [6360.0, 3385.0], [6355.0, 3380.0], [6350.0, 3375.0], [6355.0, 3370.0], [6360.0, 3365.0], [6365.0, 3360.0], [6375.0, 3360.0], [6385.0, 3360.0], [6390.0, 3355.0], [6385.0, 3350.0], [6380.0, 3345.0], [6380.0, 3335.0], [6375.0, 3330.0], [6370.0, 3325.0], [6365.0, 3320.0], [6360.0, 3315.0], [6355.0, 3310.0], [6350.0, 3305.0], [6345.0, 3300.0], [6335.0, 3300.0], [6330.0, 3295.0], [6325.0, 3290.0], [6315.0, 3290.0], [6310.0, 3285.0], [6315.0, 3280.0], [6325.0, 3280.0], [6335.0, 3280.0], [6345.0, 3280.0], [6350.0, 3285.0], [6355.0, 3290.0], [6365.0, 3290.0], [6375.0, 3290.0], [6385.0, 3290.0], [6395.0, 3290.0], [6400.0, 3285.0], [6405.0, 3280.0], [6410.0, 3285.0], [6415.0, 3290.0], [6425.0, 3290.0], [6435.0, 3290.0], [6440.0, 3295.0], [6445.0, 3300.0], [6455.0, 3300.0], [6460.0, 3305.0], [6465.0, 3310.0], [6470.0, 3315.0], [6475.0, 3320.0], [6485.0, 3320.0], [6490.0, 3325.0], [6495.0, 3330.0], [6505.0, 3330.0], [6515.0, 3330.0], [6525.0, 3330.0], [6535.0, 3330.0], [6540.0, 3335.0], [6540.0, 3345.0], [6535.0, 3350.0], [6530.0, 3355.0], [6530.0, 3365.0], [6525.0, 3370.0], [6520.0, 3375.0], [6515.0, 3380.0], [6510.0, 3385.0], [6505.0, 3390.0], [6500.0, 3395.0], [6500.0, 3405.0], [6500.0, 3415.0], [6505.0, 3420.0], [6510.0, 3415.0], [6515.0, 3410.0], [6520.0, 3405.0], [6525.0, 3400.0], [6535.0, 3400.0], [6545.0, 3400.0], [6555.0, 3400.0], [6565.0, 3400.0], [6570.0, 3395.0], [6570.0, 3385.0], [6570.0, 3375.0], [6575.0, 3370.0], [6580.0, 3365.0], [6585.0, 3360.0], [6590.0, 3355.0], [6585.0, 3350.0], [6580.0, 3345.0], [6580.0, 3335.0], [6580.0, 3325.0], [6575.0, 3320.0], [6570.0, 3315.0], [6565.0, 3310.0], [6560.0, 3305.0], [6555.0, 3300.0], [6550.0, 3295.0], [6545.0, 3290.0], [6535.0, 3290.0], [6530.0, 3285.0], [6525.0, 3280.0], [6515.0, 3280.0], [6510.0, 3275.0], [6505.0, 3270.0], [6500.0, 3265.0], [6495.0, 3260.0], [6490.0, 3255.0], [6485.0, 3250.0], [6475.0, 3250.0], [6465.0, 3250.0], [6460.0, 3245.0], [6455.0, 3240.0], [6445.0, 3240.0], [6435.0, 3240.0], [6430.0, 3235.0], [6425.0, 3230.0], [6420.0, 3225.0], [6415.0, 3220.0], [6405.0, 3220.0], [6395.0, 3220.0], [6390.0, 3225.0], [6385.0, 3230.0], [6380.0, 3235.0], [6375.0, 3240.0], [6370.0, 3235.0], [6365.0, 3230.0], [6360.0, 3225.0], [6355.0, 3220.0], [6350.0, 3215.0], [6345.0, 3210.0], [6335.0, 3210.0], [6325.0, 3210.0], [6320.0, 3215.0], [6315.0, 3220.0], [6305.0, 3220.0], [6300.0, 3225.0], [6295.0, 3230.0], [6290.0, 3235.0], [6285.0, 3240.0], [6275.0, 3240.0], [6270.0, 3235.0], [6265.0, 3230.0], [6255.0, 3230.0], [6250.0, 3225.0], [6245.0, 3220.0], [6240.0, 3215.0], [6235.0, 3210.0], [6230.0, 3205.0], [6225.0, 3200.0], [6220.0, 3195.0], [6215.0, 3190.0], [6210.0, 3185.0], [6205.0, 3180.0], [6195.0, 3180.0], [6190.0, 3175.0], [6185.0, 3170.0], [6180.0, 3175.0], [6175.0, 3180.0], [6170.0, 3185.0], [6165.0, 3190.0], [6155.0, 3190.0], [6150.0, 3185.0], [6145.0, 3180.0], [6140.0, 3175.0], [6135.0, 3170.0], [6130.0, 3165.0], [6125.0, 3160.0], [6120.0, 3165.0], [6115.0, 3170.0], [6110.0, 3175.0], [6105.0, 3180.0], [6100.0, 3185.0], [6095.0, 3190.0], [6085.0, 3190.0], [6080.0, 3185.0], [6075.0, 3180.0], [6070.0, 3175.0], [6065.0, 3170.0], [6060.0, 3175.0], [6055.0, 3180.0], [6050.0, 3175.0], [6045.0, 3170.0], [6040.0, 3165.0], [6035.0, 3160.0], [6030.0, 3155.0], [6025.0, 3150.0], [6020.0, 3145.0], [6015.0, 3140.0], [6010.0, 3135.0], [6005.0, 3130.0], [5995.0, 3130.0], [5985.0, 3130.0], [5975.0, 3130.0], [5965.0, 3130.0], [5960.0, 3125.0], [5955.0, 3120.0], [5950.0, 3125.0], [5945.0, 3130.0], [5935.0, 3130.0], [5930.0, 3135.0], [5925.0, 3140.0], [5920.0, 3145.0], [5915.0, 3150.0], [5910.0, 3155.0], [5905.0, 3160.0], [5900.0, 3165.0], [5895.0, 3170.0], [5890.0, 3175.0], [5885.0, 3180.0], [5875.0, 3180.0], [5870.0, 3185.0], [5865.0, 3190.0], [5855.0, 3190.0], [5850.0, 3195.0], [5845.0, 3200.0], [5840.0, 3205.0], [5835.0, 3210.0], [5830.0, 3215.0], [5825.0, 3220.0], [5820.0, 3225.0], [5815.0, 3230.0], [5805.0, 3230.0], [5795.0, 3230.0], [5790.0, 3235.0], [5785.0, 3240.0], [5780.0, 3245.0], [5775.0, 3250.0], [5770.0, 3255.0], [5765.0, 3260.0], [5760.0, 3265.0], [5765.0, 3270.0], [5770.0, 3275.0], [5775.0, 3280.0], [5780.0, 3285.0], [5785.0, 3290.0], [5790.0, 3295.0], [5795.0, 3300.0], [5800.0, 3305.0], [5805.0, 3310.0], [5815.0, 3310.0], [5820.0, 3315.0], [5825.0, 3320.0], [5835.0, 3320.0], [5845.0, 3320.0], [5850.0, 3325.0], [5855.0, 3330.0], [5865.0, 3330.0], [5875.0, 3330.0], [5880.0, 3325.0], [5885.0, 3320.0], [5890.0, 3315.0], [5895.0, 3310.0], [5900.0, 3305.0], [5895.0, 3300.0], [5885.0, 3300.0], [5875.0, 3300.0], [5870.0, 3295.0], [5865.0, 3290.0], [5860.0, 3285.0], [5855.0, 3280.0], [5850.0, 3275.0], [5855.0, 3270.0], [5860.0, 3265.0], [5865.0, 3260.0], [5870.0, 3255.0], [5875.0, 3250.0], [5880.0, 3245.0], [5885.0, 3240.0], [5890.0, 3235.0], [5895.0, 3230.0], [5905.0, 3230.0], [5910.0, 3225.0], [5915.0, 3220.0], [5925.0, 3220.0], [5930.0, 3215.0], [5935.0, 3210.0], [5940.0, 3205.0], [5945.0, 3200.0], [5950.0, 3195.0], [5955.0, 3190.0], [5960.0, 3185.0], [5965.0, 3180.0], [5975.0, 3180.0], [5980.0, 3185.0], [5985.0, 3190.0], [5990.0, 3195.0], [5995.0, 3200.0], [6000.0, 3205.0], [6005.0, 3210.0], [6010.0, 3215.0], [6015.0, 3220.0], [6025.0, 3220.0], [6030.0, 3225.0], [6035.0, 3230.0], [6045.0, 3230.0], [6055.0, 3230.0], [6060.0, 3235.0], [6065.0, 3240.0], [6075.0, 3240.0], [6085.0, 3240.0], [6095.0, 3240.0], [6105.0, 3240.0], [6115.0, 3240.0], [6120.0, 3235.0], [6125.0, 3230.0], [6130.0, 3235.0], [6135.0, 3240.0], [6145.0, 3240.0], [6155.0, 3240.0], [6165.0, 3240.0], [6175.0, 3240.0], [6185.0, 3240.0], [6190.0, 3245.0], [6185.0, 3250.0], [6175.0, 3250.0], [6170.0, 3255.0], [6165.0, 3260.0], [6155.0, 3260.0], [6150.0, 3265.0], [6145.0, 3270.0], [6135.0, 3270.0], [6130.0, 3275.0], [6125.0, 3280.0], [6115.0, 3280.0], [6110.0, 3285.0], [6105.0, 3290.0], [6095.0, 3290.0], [6090.0, 3295.0], [6095.0, 3300.0], [6105.0, 3300.0], [6110.0, 3305.0], [6115.0, 3310.0], [6120.0, 3315.0], [6115.0, 3320.0], [6110.0, 3325.0], [6110.0, 3335.0], [6115.0, 3340.0], [6125.0, 3340.0], [6130.0, 3335.0], [6135.0, 3330.0], [6145.0, 3330.0], [6150.0, 3325.0], [6155.0, 3320.0], [6165.0, 3320.0], [6170.0, 3315.0], [6175.0, 3310.0], [6185.0, 3310.0], [6195.0, 3310.0], [6200.0, 3305.0], [6205.0, 3300.0], [6210.0, 3295.0], [6215.0, 3290.0], [6225.0, 3290.0], [6235.0, 3290.0], [6240.0, 3295.0], [6245.0, 3300.0], [6250.0, 3305.0], [6255.0, 3310.0], [6260.0, 3315.0], [6265.0, 3320.0], [6270.0, 3325.0], [6275.0, 3330.0], [6280.0, 3335.0], [6285.0, 3340.0], [6295.0, 3340.0], [6305.0, 3340.0], [6310.0, 3345.0], [6315.0, 3350.0], [6320.0, 3355.0], [6325.0, 3360.0], [6330.0, 3365.0], [6335.0, 3370.0], [6340.0, 3375.0], [6340.0, 3385.0], [6345.0, 3390.0], [6350.0, 3395.0], [6350.0, 3405.0], [6350.0, 3415.0], [6355.0, 3420.0], [6360.0, 3425.0], [6365.0, 3430.0], [6375.0, 3430.0], [6385.0, 3430.0], [6390.0, 3435.0], [6395.0, 3440.0], [6405.0, 3440.0], [6415.0, 3440.0], [6420.0, 3435.0]]], [[[5960.0, 3375.0], [5965.0, 3370.0], [5970.0, 3365.0], [5975.0, 3360.0], [5980.0, 3355.0], [5985.0, 3350.0], [5995.0, 3350.0], [6005.0, 3350.0], [6010.0, 3345.0], [6010.0, 3335.0], [6005.0, 3330.0], [5995.0, 3330.0], [5985.0, 3330.0], [5975.0, 3330.0], [5965.0, 3330.0], [5960.0, 3335.0], [5960.0, 3345.0], [5955.0, 3350.0], [5950.0, 3355.0], [5945.0, 3360.0], [5940.0, 3365.0], [5945.0, 3370.0], [5950.0, 3375.0], [5955.0, 3380.0], [5960.0, 3375.0]]]]}, "properties": {"objectType": "annotation", "name": "P3_1_C|rim_20", "classification": {"name": "rim", "color": [201, 133, 0]}, "lesion_id": 20, "section": "P3_1_C", "area_um2": 73900.0}}, {"type": "Feature", "geometry": {"type": "Polygon", "coordinates": [[[8085.0, 3410.0], [8080.0, 3405.0], [8075.0, 3400.0], [8070.0, 3395.0], [8065.0, 3390.0], [8060.0, 3385.0], [8060.0, 3375.0], [8065.0, 3370.0], [8070.0, 3365.0], [8075.0, 3360.0], [8080.0, 3355.0], [8080.0, 3345.0], [8075.0, 3340.0], [8070.0, 3335.0], [8065.0, 3330.0], [8060.0, 3325.0], [8060.0, 3315.0], [8060.0, 3305.0], [8060.0, 3295.0], [8055.0, 3290.0], [8050.0, 3285.0], [8050.0, 3275.0], [8050.0, 3265.0], [8045.0, 3260.0], [8040.0, 3255.0], [8040.0, 3245.0], [8040.0, 3235.0], [8045.0, 3230.0], [8050.0, 3225.0], [8050.0, 3215.0], [8055.0, 3210.0], [8065.0, 3210.0], [8070.0, 3205.0], [8075.0, 3200.0], [8080.0, 3195.0], [8080.0, 3185.0], [8085.0, 3180.0], [8095.0, 3180.0], [8105.0, 3180.0], [8110.0, 3185.0], [8105.0, 3190.0], [8100.0, 3195.0], [8095.0, 3200.0], [8090.0, 3205.0], [8095.0, 3210.0], [8100.0, 3215.0], [8105.0, 3220.0], [8110.0, 3225.0], [8115.0, 3230.0], [8120.0, 3235.0], [8120.0, 3245.0], [8120.0, 3255.0], [8120.0, 3265.0], [8120.0, 3275.0], [8120.0, 3285.0], [8125.0, 3290.0], [8130.0, 3295.0], [8135.0, 3300.0], [8140.0, 3305.0], [8145.0, 3310.0], [8150.0, 3315.0], [8150.0, 3325.0], [8145.0, 3330.0], [8140.0, 3335.0], [8135.0, 3340.0], [8130.0, 3345.0], [8125.0, 3350.0], [8120.0, 3355.0], [8115.0, 3360.0], [8110.0, 3365.0], [8110.0, 3375.0], [8110.0, 3385.0], [8105.0, 3390.0], [8100.0, 3395.0], [8095.0, 3400.0], [8090.0, 3405.0], [8085.0, 3410.0]]]}, "properties": {"objectType": "annotation", "name": "R1_2_T|lesion_21", "classification": {"name": "lesion", "color": [255, 0, 0]}, "lesion_id": 21, "section": "R1_2_T", "area_um2": 12950.0}}, {"type": "Feature", "geometry": {"type": "Polygon", "coordinates": [[[8085.0, 3410.0], [8080.0, 3405.0], [8075.0, 3400.0], [8070.0, 3395.0], [8065.0, 3390.0], [8060.0, 3385.0], [8060.0, 3375.0], [8065.0, 3370.0], [8070.0, 3365.0], [8075.0, 3360.0], [8080.0, 3355.0], [8080.0, 3345.0], [8075.0, 3340.0], [8070.0, 3335.0], [8065.0, 3330.0], [8060.0, 3325.0], [8060.0, 3315.0], [8060.0, 3305.0], [8060.0, 3295.0], [8055.0, 3290.0], [8050.0, 3285.0], [8050.0, 3275.0], [8050.0, 3265.0], [8045.0, 3260.0], [8040.0, 3255.0], [8040.0, 3245.0], [8040.0, 3235.0], [8045.0, 3230.0], [8050.0, 3225.0], [8050.0, 3215.0], [8055.0, 3210.0], [8065.0, 3210.0], [8070.0, 3205.0], [8075.0, 3200.0], [8080.0, 3195.0], [8080.0, 3185.0], [8085.0, 3180.0], [8095.0, 3180.0], [8105.0, 3180.0], [8110.0, 3185.0], [8105.0, 3190.0], [8100.0, 3195.0], [8095.0, 3200.0], [8090.0, 3205.0], [8095.0, 3210.0], [8100.0, 3215.0], [8105.0, 3220.0], [8110.0, 3225.0], [8115.0, 3230.0], [8120.0, 3235.0], [8120.0, 3245.0], [8120.0, 3255.0], [8120.0, 3265.0], [8120.0, 3275.0], [8120.0, 3285.0], [8125.0, 3290.0], [8130.0, 3295.0], [8135.0, 3300.0], [8140.0, 3305.0], [8145.0, 3310.0], [8150.0, 3315.0], [8150.0, 3325.0], [8145.0, 3330.0], [8140.0, 3335.0], [8135.0, 3340.0], [8130.0, 3345.0], [8125.0, 3350.0], [8120.0, 3355.0], [8115.0, 3360.0], [8110.0, 3365.0], [8110.0, 3375.0], [8110.0, 3385.0], [8105.0, 3390.0], [8100.0, 3395.0], [8095.0, 3400.0], [8090.0, 3405.0], [8085.0, 3410.0]]]}, "properties": {"objectType": "annotation", "name": "R1_2_T|rim_21", "classification": {"name": "rim", "color": [201, 133, 0]}, "lesion_id": 21, "section": "R1_2_T", "area_um2": 12950.0}}, {"type": "Feature", "geometry": {"type": "Polygon", "coordinates": [[[9795.0, 3500.0], [9785.0, 3500.0], [9780.0, 3495.0], [9775.0, 3490.0], [9770.0, 3485.0], [9765.0, 3480.0], [9760.0, 3475.0], [9755.0, 3470.0], [9745.0, 3470.0], [9735.0, 3470.0], [9730.0, 3465.0], [9725.0, 3460.0], [9715.0, 3460.0], [9705.0, 3460.0], [9700.0, 3465.0], [9695.0, 3470.0], [9690.0, 3465.0], [9685.0, 3460.0], [9680.0, 3455.0], [9675.0, 3450.0], [9670.0, 3445.0], [9670.0, 3435.0], [9670.0, 3425.0], [9670.0, 3415.0], [9670.0, 3405.0], [9675.0, 3400.0], [9680.0, 3395.0], [9685.0, 3390.0], [9690.0, 3385.0], [9695.0, 3380.0], [9705.0, 3380.0], [9715.0, 3380.0], [9720.0, 3375.0], [9725.0, 3370.0], [9735.0, 3370.0], [9740.0, 3365.0], [9745.0, 3360.0], [9755.0, 3360.0], [9765.0, 3360.0], [9775.0, 3360.0], [9785.0, 3360.0], [9790.0, 3355.0], [9795.0, 3350.0], [9805.0, 3350.0], [9810.0, 3345.0], [9815.0, 3340.0], [9825.0, 3340.0], [9835.0, 3340.0], [9840.0, 3335.0], [9845.0, 3330.0], [9855.0, 3330.0], [9865.0, 3330.0], [9875.0, 3330.0], [9885.0, 3330.0], [9890.0, 3325.0], [9895.0, 3320.0], [9900.0, 3325.0], [9905.0, 3330.0], [9910.0, 3335.0], [9915.0, 3340.0], [9920.0, 3345.0], [9915.0, 3350.0], [9910.0, 3355.0], [9905.0, 3360.0], [9895.0, 3360.0], [9890.0, 3355.0], [9885.0, 3350.0], [9880.0, 3355.0], [9875.0, 3360.0], [9870.0, 3365.0], [9865.0, 3370.0], [9860.0, 3375.0], [9855.0, 3380.0], [9850.0, 3385.0], [9850.0, 3395.0], [9850.0, 3405.0], [9850.0, 3415.0], [9855.0, 3420.0], [9860.0, 3425.0], [9865.0, 3430.0], [9870.0, 3435.0], [9865.0, 3440.0], [9860.0, 3445.0], [9855.0, 3450.0], [9850.0, 3455.0], [9845.0, 3460.0], [9840.0, 3465.0], [9835.0, 3470.0], [9825.0, 3470.0], [9820.0, 3475.0], [9815.0, 3480.0], [9810.0, 3485.0], [9805.0, 3490.0], [9800.0, 3495.0], [9795.0, 3500.0]]]}, "properties": {"objectType": "annotation", "name": "R1_2_T|lesion_22", "classification": {"name": "lesion", "color": [255, 0, 0]}, "lesion_id": 22, "section": "R1_2_T", "area_um2": 22450.0}}, {"type": "Feature", "geometry": {"type": "Polygon", "coordinates": [[[9795.0, 3500.0], [9785.0, 3500.0], [9780.0, 3495.0], [9775.0, 3490.0], [9770.0, 3485.0], [9765.0, 3480.0], [9760.0, 3475.0], [9755.0, 3470.0], [9745.0, 3470.0], [9735.0, 3470.0], [9730.0, 3465.0], [9725.0, 3460.0], [9715.0, 3460.0], [9705.0, 3460.0], [9700.0, 3465.0], [9695.0, 3470.0], [9690.0, 3465.0], [9685.0, 3460.0], [9680.0, 3455.0], [9675.0, 3450.0], [9670.0, 3445.0], [9670.0, 3435.0], [9670.0, 3425.0], [9670.0, 3415.0], [9670.0, 3405.0], [9675.0, 3400.0], [9680.0, 3395.0], [9685.0, 3390.0], [9690.0, 3385.0], [9695.0, 3380.0], [9705.0, 3380.0], [9715.0, 3380.0], [9720.0, 3375.0], [9725.0, 3370.0], [9735.0, 3370.0], [9740.0, 3365.0], [9745.0, 3360.0], [9755.0, 3360.0], [9765.0, 3360.0], [9775.0, 3360.0], [9785.0, 3360.0], [9790.0, 3355.0], [9795.0, 3350.0], [9805.0, 3350.0], [9810.0, 3345.0], [9815.0, 3340.0], [9825.0, 3340.0], [9835.0, 3340.0], [9840.0, 3335.0], [9845.0, 3330.0], [9855.0, 3330.0], [9865.0, 3330.0], [9875.0, 3330.0], [9885.0, 3330.0], [9890.0, 3325.0], [9895.0, 3320.0], [9900.0, 3325.0], [9905.0, 3330.0], [9910.0, 3335.0], [9915.0, 3340.0], [9920.0, 3345.0], [9915.0, 3350.0], [9910.0, 3355.0], [9905.0, 3360.0], [9895.0, 3360.0], [9890.0, 3355.0], [9885.0, 3350.0], [9880.0, 3355.0], [9875.0, 3360.0], [9870.0, 3365.0], [9865.0, 3370.0], [9860.0, 3375.0], [9855.0, 3380.0], [9850.0, 3385.0], [9850.0, 3395.0], [9850.0, 3405.0], [9850.0, 3415.0], [9855.0, 3420.0], [9860.0, 3425.0], [9865.0, 3430.0], [9870.0, 3435.0], [9865.0, 3440.0], [9860.0, 3445.0], [9855.0, 3450.0], [9850.0, 3455.0], [9845.0, 3460.0], [9840.0, 3465.0], [9835.0, 3470.0], [9825.0, 3470.0], [9820.0, 3475.0], [9815.0, 3480.0], [9810.0, 3485.0], [9805.0, 3490.0], [9800.0, 3495.0], [9795.0, 3500.0]]]}, "properties": {"objectType": "annotation", "name": "R1_2_T|rim_22", "classification": {"name": "rim", "color": [201, 133, 0]}, "lesion_id": 22, "section": "R1_2_T", "area_um2": 22450.0}}, {"type": "Feature", "geometry": {"type": "Polygon", "coordinates": [[[9065.0, 3780.0], [9060.0, 3775.0], [9055.0, 3770.0], [9050.0, 3765.0], [9045.0, 3760.0], [9040.0, 3755.0], [9040.0, 3745.0], [9040.0, 3735.0], [9035.0, 3730.0], [9030.0, 3725.0], [9025.0, 3720.0], [9020.0, 3715.0], [9015.0, 3710.0], [9010.0, 3705.0], [9005.0, 3700.0], [9000.0, 3705.0], [8995.0, 3710.0], [8990.0, 3715.0], [8985.0, 3720.0], [8980.0, 3715.0], [8975.0, 3710.0], [8970.0, 3705.0], [8965.0, 3700.0], [8960.0, 3695.0], [8965.0, 3690.0], [8970.0, 3685.0], [8975.0, 3680.0], [8980.0, 3675.0], [8985.0, 3670.0], [8990.0, 3665.0], [8995.0, 3660.0], [9000.0, 3655.0], [9005.0, 3650.0], [9010.0, 3645.0], [9005.0, 3640.0], [9000.0, 3635.0], [9000.0, 3625.0], [9005.0, 3620.0], [9010.0, 3615.0], [9010.0, 3605.0], [9015.0, 3600.0], [9020.0, 3595.0], [9025.0, 3590.0], [9030.0, 3585.0], [9025.0, 3580.0], [9020.0, 3575.0], [9025.0, 3570.0], [9030.0, 3565.0], [9030.0, 3555.0], [9035.0, 3550.0], [9040.0, 3545.0], [9045.0, 3540.0], [9050.0, 3535.0], [9055.0, 3530.0], [9060.0, 3525.0], [9065.0, 3520.0], [9070.0, 3515.0], [9065.0, 3510.0], [9060.0, 3505.0], [9065.0, 3500.0], [9070.0, 3495.0], [9075.0, 3490.0], [9080.0, 3485.0], [9080.0, 3475.0], [9080.0, 3465.0], [9085.0, 3460.0], [9090.0, 3455.0], [9090.0, 3445.0], [9095.0, 3440.0], [9100.0, 3435.0], [9105.0, 3430.0], [9110.0, 3425.0], [9115.0, 3420.0], [9120.0, 3415.0], [9125.0, 3410.0], [9135.0, 3410.0], [9145.0, 3410.0], [9150.0, 3405.0], [9155.0, 3400.0], [9165.0, 3400.0], [9170.0, 3405.0], [9175.0, 3410.0], [9185.0, 3410.0], [9195.0, 3410.0], [9200.0, 3415.0], [9205.0, 3420.0], [9210.0, 3425.0], [9215.0, 3430.0], [9225.0, 3430.0], [9235.0, 3430.0], [9245.0, 3430.0], [9250.0, 3425.0], [9255.0, 3420.0], [9265.0, 3420.0], [9275.0, 3420.0], [9285.0, 3420.0], [9290.0, 3415.0], [9295.0, 3410.0], [9305.0, 3410.0], [9310.0, 3405.0], [9315.0, 3400.0], [9325.0, 3400.0], [9335.0, 3400.0], [9345.0, 3400.0], [9350.0, 3395.0], [9355.0, 3390.0], [9365.0, 3390.0], [9370.0, 3395.0], [9375.0, 3400.0], [9385.0, 3400.0], [9395.0, 3400.0], [9400.0, 3405.0], [9405.0, 3410.0], [9410.0, 3415.0], [9415.0, 3420.0], [9425.0, 3420.0], [9435.0, 3420.0], [9440.0, 3425.0], [9445.0, 3430.0], [9455.0, 3430.0], [9465.0, 3430.0], [9470.0, 3435.0], [9475.0, 3440.0], [9480.0, 3445.0], [9485.0, 3450.0], [9490.0, 3455.0], [9495.0, 3460.0], [9500.0, 3465.0], [9505.0, 3470.0], [9510.0, 3475.0], [9515.0, 3480.0], [9520.0, 3485.0], [9520.0, 3495.0], [9525.0, 3500.0], [9530.0, 3505.0], [9530.0, 3515.0], [9530.0, 3525.0], [9530.0, 3535.0], [9535.0, 3540.0], [9540.0, 3545.0], [9540.0, 3555.0], [9540.0, 3565.0], [9535.0, 3570.0], [9530.0, 3575.0], [9530.0, 3585.0], [9525.0, 3590.0], [9520.0, 3595.0], [9515.0, 3600.0], [9510.0, 3605.0], [9505.0, 3610.0], [9500.0, 3615.0], [9500.0, 3625.0], [9500.0, 3635.0], [9495.0, 3640.0], [9490.0, 3645.0], [9485.0, 3650.0], [9480.0, 3655.0], [9475.0, 3660.0], [9470.0, 3665.0], [9465.0, 3670.0], [9460.0, 3675.0], [9455.0, 3680.0], [9450.0, 3685.0], [9445.0, 3690.0], [9435.0, 3690.0], [9430.0, 3695.0], [9425.0, 3700.0], [9420.0, 3695.0], [9415.0, 3690.0], [9405.0, 3690.0], [9400.0, 3695.0], [9395.0, 3700.0], [9385.0, 3700.0], [9375.0, 3700.0], [9365.0, 3700.0], [9360.0, 3695.0], [9355.0, 3690.0], [9345.0, 3690.0], [9335.0, 3690.0], [9325.0, 3690.0], [9320.0, 3695.0], [9315.0, 3700.0], [9305.0, 3700.0], [9295.0, 3700.0], [9290.0, 3705.0], [9285.0, 3710.0], [9275.0, 3710.0], [9265.0, 3710.0], [9260.0, 3715.0], [9255.0, 3720.0], [9250.0, 3725.0], [9245.0, 3730.0], [9235.0, 3730.0], [9225.0, 3730.0], [9220.0, 3725.0], [9215.0, 3720.0], [9210.0, 3715.0], [9205.0, 3710.0], [9195.0, 3710.0], [9190.0, 3715.0], [9185.0, 3720.0], [9180.0, 3725.0], [9175.0, 3730.0], [9165.0, 3730.0], [9160.0, 3735.0], [9155.0, 3740.0], [9145.0, 3740.0], [9135.0, 3740.0], [9130.0, 3745.0], [9125.0, 3750.0], [9115.0, 3750.0], [9105.0, 3750.0], [9100.0, 3755.0], [9095.0, 3760.0], [9090.0, 3765.0], [9085.0, 3770.0], [9075.0, 3770.0], [9070.0, 3775.0], [9065.0, 3780.0]]]}, "properties": {"objectType": "annotation", "name": "R1_2_T|lesion_26", "classification": {"name": "lesion", "color": [255, 0, 0]}, "lesion_id": 26, "section": "R1_2_T", "area_um2": 142650.0}}, {"type": "Feature", "geometry": {"type": "Polygon", "coordinates": [[[9105.0, 3700.0], [9095.0, 3700.0], [9085.0, 3700.0], [9080.0, 3695.0], [9075.0, 3690.0], [9070.0, 3685.0], [9065.0, 3680.0], [9060.0, 3675.0], [9060.0, 3665.0], [9065.0, 3660.0], [9070.0, 3655.0], [9070.0, 3645.0], [9070.0, 3635.0], [9070.0, 3625.0], [9075.0, 3620.0], [9080.0, 3615.0], [9080.0, 3605.0], [9085.0, 3600.0], [9090.0, 3595.0], [9090.0, 3585.0], [9090.0, 3575.0], [9095.0, 3570.0], [9100.0, 3565.0], [9105.0, 3560.0], [9110.0, 3555.0], [9115.0, 3550.0], [9120.0, 3545.0], [9120.0, 3535.0], [9125.0, 3530.0], [9130.0, 3525.0], [9130.0, 3515.0], [9130.0, 3505.0], [9135.0, 3500.0], [9140.0, 3495.0], [9140.0, 3485.0], [9140.0, 3475.0], [9145.0, 3470.0], [9155.0, 3470.0], [9165.0, 3470.0], [9175.0, 3470.0], [9180.0, 3475.0], [9185.0, 3480.0], [9195.0, 3480.0], [9200.0, 3485.0], [9205.0, 3490.0], [9215.0, 3490.0], [9225.0, 3490.0], [9235.0, 3490.0], [9245.0, 3490.0], [9255.0, 3490.0], [9260.0, 3485.0], [9265.0, 3480.0], [9275.0, 3480.0], [9285.0, 3480.0], [9295.0, 3480.0], [9300.0, 3475.0], [9305.0, 3470.0], [9315.0, 3470.0], [9320.0, 3465.0], [9325.0, 3460.0], [9335.0, 3460.0], [9345.0, 3460.0], [9355.0, 3460.0], [9365.0, 3460.0], [9375.0, 3460.0], [9380.0, 3465.0], [9385.0, 3470.0], [9395.0, 3470.0], [9400.0, 3475.0], [9405.0, 3480.0], [9415.0, 3480.0], [9425.0, 3480.0], [9430.0, 3485.0], [9435.0, 3490.0], [9445.0, 3490.0], [9450.0, 3495.0], [9455.0, 3500.0], [9460.0, 3505.0], [9465.0, 3510.0], [9470.0, 3515.0], [9470.0, 3525.0], [9470.0, 3535.0], [9470.0, 3545.0], [9475.0, 3550.0], [9480.0, 3555.0], [9475.0, 3560.0], [9470.0, 3565.0], [9465.0, 3570.0], [9460.0, 3575.0], [9455.0, 3580.0], [9450.0, 3585.0], [9450.0, 3595.0], [9445.0, 3600.0], [9440.0, 3605.0], [9440.0, 3615.0], [9435.0, 3620.0], [9430.0, 3625.0], [9425.0, 3630.0], [9415.0, 3630.0], [9405.0, 3630.0], [9395.0, 3630.0], [9390.0, 3635.0], [9385.0, 3640.0], [9375.0, 3640.0], [9365.0, 3640.0], [9355.0, 3640.0], [9345.0, 3640.0], [9335.0, 3640.0], [9325.0, 3640.0], [9315.0, 3640.0], [9310.0, 3645.0], [9305.0, 3650.0], [9295.0, 3650.0], [9290.0, 3655.0], [9285.0, 3660.0], [9275.0, 3660.0], [9270.0, 3665.0], [9265.0, 3670.0], [9255.0, 3670.0], [9250.0, 3675.0], [9245.0, 3680.0], [9240.0, 3685.0], [9235.0, 3690.0], [9225.0, 3690.0], [9215.0, 3690.0], [9205.0, 3690.0], [9195.0, 3690.0], [9190.0, 3685.0], [9185.0, 3680.0], [9175.0, 3680.0], [9165.0, 3680.0], [9155.0, 3680.0], [9145.0, 3680.0], [9135.0, 3680.0], [9130.0, 3685.0], [9125.0, 3690.0], [9115.0, 3690.0], [9110.0, 3695.0], [9105.0, 3700.0]]]}, "properties": {"objectType": "annotation", "name": "R1_2_T|core_26", "classification": {"name": "core", "color": [230, 103, 103]}, "lesion_id": 26, "section": "R1_2_T", "area_um2": 66750.0}}, {"type": "Feature", "geometry": {"type": "Polygon", "coordinates": [[[9065.0, 3780.0], [9060.0, 3775.0], [9055.0, 3770.0], [9050.0, 3765.0], [9045.0, 3760.0], [9040.0, 3755.0], [9040.0, 3745.0], [9040.0, 3735.0], [9035.0, 3730.0], [9030.0, 3725.0], [9025.0, 3720.0], [9020.0, 3715.0], [9015.0, 3710.0], [9010.0, 3705.0], [9005.0, 3700.0], [9000.0, 3705.0], [8995.0, 3710.0], [8990.0, 3715.0], [8985.0, 3720.0], [8980.0, 3715.0], [8975.0, 3710.0], [8970.0, 3705.0], [8965.0, 3700.0], [8960.0, 3695.0], [8965.0, 3690.0], [8970.0, 3685.0], [8975.0, 3680.0], [8980.0, 3675.0], [8985.0, 3670.0], [8990.0, 3665.0], [8995.0, 3660.0], [9000.0, 3655.0], [9005.0, 3650.0], [9010.0, 3645.0], [9005.0, 3640.0], [9000.0, 3635.0], [9000.0, 3625.0], [9005.0, 3620.0], [9010.0, 3615.0], [9010.0, 3605.0], [9015.0, 3600.0], [9020.0, 3595.0], [9025.0, 3590.0], [9030.0, 3585.0], [9025.0, 3580.0], [9020.0, 3575.0], [9025.0, 3570.0], [9030.0, 3565.0], [9030.0, 3555.0], [9035.0, 3550.0], [9040.0, 3545.0], [9045.0, 3540.0], [9050.0, 3535.0], [9055.0, 3530.0], [9060.0, 3525.0], [9065.0, 3520.0], [9070.0, 3515.0], [9065.0, 3510.0], [9060.0, 3505.0], [9065.0, 3500.0], [9070.0, 3495.0], [9075.0, 3490.0], [9080.0, 3485.0], [9080.0, 3475.0], [9080.0, 3465.0], [9085.0, 3460.0], [9090.0, 3455.0], [9090.0, 3445.0], [9095.0, 3440.0], [9100.0, 3435.0], [9105.0, 3430.0], [9110.0, 3425.0], [9115.0, 3420.0], [9120.0, 3415.0], [9125.0, 3410.0], [9135.0, 3410.0], [9145.0, 3410.0], [9150.0, 3405.0], [9155.0, 3400.0], [9165.0, 3400.0], [9170.0, 3405.0], [9175.0, 3410.0], [9185.0, 3410.0], [9195.0, 3410.0], [9200.0, 3415.0], [9205.0, 3420.0], [9210.0, 3425.0], [9215.0, 3430.0], [9225.0, 3430.0], [9235.0, 3430.0], [9245.0, 3430.0], [9250.0, 3425.0], [9255.0, 3420.0], [9265.0, 3420.0], [9275.0, 3420.0], [9285.0, 3420.0], [9290.0, 3415.0], [9295.0, 3410.0], [9305.0, 3410.0], [9310.0, 3405.0], [9315.0, 3400.0], [9325.0, 3400.0], [9335.0, 3400.0], [9345.0, 3400.0], [9350.0, 3395.0], [9355.0, 3390.0], [9365.0, 3390.0], [9370.0, 3395.0], [9375.0, 3400.0], [9385.0, 3400.0], [9395.0, 3400.0], [9400.0, 3405.0], [9405.0, 3410.0], [9410.0, 3415.0], [9415.0, 3420.0], [9425.0, 3420.0], [9435.0, 3420.0], [9440.0, 3425.0], [9445.0, 3430.0], [9455.0, 3430.0], [9465.0, 3430.0], [9470.0, 3435.0], [9475.0, 3440.0], [9480.0, 3445.0], [9485.0, 3450.0], [9490.0, 3455.0], [9495.0, 3460.0], [9500.0, 3465.0], [9505.0, 3470.0], [9510.0, 3475.0], [9515.0, 3480.0], [9520.0, 3485.0], [9520.0, 3495.0], [9525.0, 3500.0], [9530.0, 3505.0], [9530.0, 3515.0], [9530.0, 3525.0], [9530.0, 3535.0], [9535.0, 3540.0], [9540.0, 3545.0], [9540.0, 3555.0], [9540.0, 3565.0], [9535.0, 3570.0], [9530.0, 3575.0], [9530.0, 3585.0], [9525.0, 3590.0], [9520.0, 3595.0], [9515.0, 3600.0], [9510.0, 3605.0], [9505.0, 3610.0], [9500.0, 3615.0], [9500.0, 3625.0], [9500.0, 3635.0], [9495.0, 3640.0], [9490.0, 3645.0], [9485.0, 3650.0], [9480.0, 3655.0], [9475.0, 3660.0], [9470.0, 3665.0], [9465.0, 3670.0], [9460.0, 3675.0], [9455.0, 3680.0], [9450.0, 3685.0], [9445.0, 3690.0], [9435.0, 3690.0], [9430.0, 3695.0], [9425.0, 3700.0], [9420.0, 3695.0], [9415.0, 3690.0], [9405.0, 3690.0], [9400.0, 3695.0], [9395.0, 3700.0], [9385.0, 3700.0], [9375.0, 3700.0], [9365.0, 3700.0], [9360.0, 3695.0], [9355.0, 3690.0], [9345.0, 3690.0], [9335.0, 3690.0], [9325.0, 3690.0], [9320.0, 3695.0], [9315.0, 3700.0], [9305.0, 3700.0], [9295.0, 3700.0], [9290.0, 3705.0], [9285.0, 3710.0], [9275.0, 3710.0], [9265.0, 3710.0], [9260.0, 3715.0], [9255.0, 3720.0], [9250.0, 3725.0], [9245.0, 3730.0], [9235.0, 3730.0], [9225.0, 3730.0], [9220.0, 3725.0], [9215.0, 3720.0], [9210.0, 3715.0], [9205.0, 3710.0], [9195.0, 3710.0], [9190.0, 3715.0], [9185.0, 3720.0], [9180.0, 3725.0], [9175.0, 3730.0], [9165.0, 3730.0], [9160.0, 3735.0], [9155.0, 3740.0], [9145.0, 3740.0], [9135.0, 3740.0], [9130.0, 3745.0], [9125.0, 3750.0], [9115.0, 3750.0], [9105.0, 3750.0], [9100.0, 3755.0], [9095.0, 3760.0], [9090.0, 3765.0], [9085.0, 3770.0], [9075.0, 3770.0], [9070.0, 3775.0], [9065.0, 3780.0]], [[9110.0, 3695.0], [9115.0, 3690.0], [9125.0, 3690.0], [9130.0, 3685.0], [9135.0, 3680.0], [9145.0, 3680.0], [9155.0, 3680.0], [9165.0, 3680.0], [9175.0, 3680.0], [9185.0, 3680.0], [9190.0, 3685.0], [9195.0, 3690.0], [9205.0, 3690.0], [9215.0, 3690.0], [9225.0, 3690.0], [9235.0, 3690.0], [9240.0, 3685.0], [9245.0, 3680.0], [9250.0, 3675.0], [9255.0, 3670.0], [9265.0, 3670.0], [9270.0, 3665.0], [9275.0, 3660.0], [9285.0, 3660.0], [9290.0, 3655.0], [9295.0, 3650.0], [9305.0, 3650.0], [9310.0, 3645.0], [9315.0, 3640.0], [9325.0, 3640.0], [9335.0, 3640.0], [9345.0, 3640.0], [9355.0, 3640.0], [9365.0, 3640.0], [9375.0, 3640.0], [9385.0, 3640.0], [9390.0, 3635.0], [9395.0, 3630.0], [9405.0, 3630.0], [9415.0, 3630.0], [9425.0, 3630.0], [9430.0, 3625.0], [9435.0, 3620.0], [9440.0, 3615.0], [9440.0, 3605.0], [9445.0, 3600.0], [9450.0, 3595.0], [9450.0, 3585.0], [9455.0, 3580.0], [9460.0, 3575.0], [9465.0, 3570.0], [9470.0, 3565.0], [9475.0, 3560.0], [9480.0, 3555.0], [9475.0, 3550.0], [9470.0, 3545.0], [9470.0, 3535.0], [9470.0, 3525.0], [9470.0, 3515.0], [9465.0, 3510.0], [9460.0, 3505.0], [9455.0, 3500.0], [9450.0, 3495.0], [9445.0, 3490.0], [9435.0, 3490.0], [9430.0, 3485.0], [9425.0, 3480.0], [9415.0, 3480.0], [9405.0, 3480.0], [9400.0, 3475.0], [9395.0, 3470.0], [9385.0, 3470.0], [9380.0, 3465.0], [9375.0, 3460.0], [9365.0, 3460.0], [9355.0, 3460.0], [9345.0, 3460.0], [9335.0, 3460.0], [9325.0, 3460.0], [9320.0, 3465.0], [9315.0, 3470.0], [9305.0, 3470.0], [9300.0, 3475.0], [9295.0, 3480.0], [9285.0, 3480.0], [9275.0, 3480.0], [9265.0, 3480.0], [9260.0, 3485.0], [9255.0, 3490.0], [9245.0, 3490.0], [9235.0, 3490.0], [9225.0, 3490.0], [9215.0, 3490.0], [9205.0, 3490.0], [9200.0, 3485.0], [9195.0, 3480.0], [9185.0, 3480.0], [9180.0, 3475.0], [9175.0, 3470.0], [9165.0, 3470.0], [9155.0, 3470.0], [9145.0, 3470.0], [9140.0, 3475.0], [9140.0, 3485.0], [9140.0, 3495.0], [9135.0, 3500.0], [9130.0, 3505.0], [9130.0, 3515.0], [9130.0, 3525.0], [9125.0, 3530.0], [9120.0, 3535.0], [9120.0, 3545.0], [9115.0, 3550.0], [9110.0, 3555.0], [9105.0, 3560.0], [9100.0, 3565.0], [9095.0, 3570.0], [9090.0, 3575.0], [9090.0, 3585.0], [9090.0, 3595.0], [9085.0, 3600.0], [9080.0, 3605.0], [9080.0, 3615.0], [9075.0, 3620.0], [9070.0, 3625.0], [9070.0, 3635.0], [9070.0, 3645.0], [9070.0, 3655.0], [9065.0, 3660.0], [9060.0, 3665.0], [9060.0, 3675.0], [9065.0, 3680.0], [9070.0, 3685.0], [9075.0, 3690.0], [9080.0, 3695.0], [9085.0, 3700.0], [9095.0, 3700.0], [9105.0, 3700.0], [9110.0, 3695.0]]]}, "properties": {"objectType": "annotation", "name": "R1_2_T|rim_26", "classification": {"name": "rim", "color": [201, 133, 0]}, "lesion_id": 26, "section": "R1_2_T", "area_um2": 75900.0}}, {"type": "Feature", "geometry": {"type": "Polygon", "coordinates": [[[8535.0, 3700.0], [8530.0, 3695.0], [8525.0, 3690.0], [8520.0, 3695.0], [8515.0, 3700.0], [8505.0, 3700.0], [8500.0, 3695.0], [8495.0, 3690.0], [8490.0, 3685.0], [8485.0, 3680.0], [8480.0, 3675.0], [8480.0, 3665.0], [8480.0, 3655.0], [8480.0, 3645.0], [8485.0, 3640.0], [8490.0, 3635.0], [8495.0, 3630.0], [8500.0, 3625.0], [8505.0, 3620.0], [8515.0, 3620.0], [8525.0, 3620.0], [8535.0, 3620.0], [8545.0, 3620.0], [8555.0, 3620.0], [8560.0, 3625.0], [8565.0, 3630.0], [8570.0, 3625.0], [8575.0, 3620.0], [8580.0, 3625.0], [8585.0, 3630.0], [8590.0, 3635.0], [8595.0, 3640.0], [8600.0, 3645.0], [8595.0, 3650.0], [8590.0, 3655.0], [8585.0, 3660.0], [8580.0, 3665.0], [8575.0, 3670.0], [8570.0, 3675.0], [8565.0, 3680.0], [8560.0, 3685.0], [8555.0, 3690.0], [8545.0, 3690.0], [8540.0, 3695.0], [8535.0, 3700.0]]]}, "properties": {"objectType": "annotation", "name": "R1_2_T|lesion_29", "classification": {"name": "lesion", "color": [255, 0, 0]}, "lesion_id": 29, "section": "R1_2_T", "area_um2": 6850.0}}, {"type": "Feature", "geometry": {"type": "Polygon", "coordinates": [[[8535.0, 3700.0], [8530.0, 3695.0], [8525.0, 3690.0], [8520.0, 3695.0], [8515.0, 3700.0], [8505.0, 3700.0], [8500.0, 3695.0], [8495.0, 3690.0], [8490.0, 3685.0], [8485.0, 3680.0], [8480.0, 3675.0], [8480.0, 3665.0], [8480.0, 3655.0], [8480.0, 3645.0], [8485.0, 3640.0], [8490.0, 3635.0], [8495.0, 3630.0], [8500.0, 3625.0], [8505.0, 3620.0], [8515.0, 3620.0], [8525.0, 3620.0], [8535.0, 3620.0], [8545.0, 3620.0], [8555.0, 3620.0], [8560.0, 3625.0], [8565.0, 3630.0], [8570.0, 3625.0], [8575.0, 3620.0], [8580.0, 3625.0], [8585.0, 3630.0], [8590.0, 3635.0], [8595.0, 3640.0], [8600.0, 3645.0], [8595.0, 3650.0], [8590.0, 3655.0], [8585.0, 3660.0], [8580.0, 3665.0], [8575.0, 3670.0], [8570.0, 3675.0], [8565.0, 3680.0], [8560.0, 3685.0], [8555.0, 3690.0], [8545.0, 3690.0], [8540.0, 3695.0], [8535.0, 3700.0]]]}, "properties": {"objectType": "annotation", "name": "R1_2_T|rim_29", "classification": {"name": "rim", "color": [201, 133, 0]}, "lesion_id": 29, "section": "R1_2_T", "area_um2": 6850.0}}, {"type": "Feature", "geometry": {"type": "Polygon", "coordinates": [[[8845.0, 3820.0], [8840.0, 3815.0], [8835.0, 3810.0], [8825.0, 3810.0], [8815.0, 3810.0], [8805.0, 3810.0], [8800.0, 3805.0], [8795.0, 3800.0], [8785.0, 3800.0], [8780.0, 3795.0], [8775.0, 3790.0], [8770.0, 3785.0], [8765.0, 3780.0], [8755.0, 3780.0], [8745.0, 3780.0], [8735.0, 3780.0], [8725.0, 3780.0], [8715.0, 3780.0], [8705.0, 3780.0], [8695.0, 3780.0], [8690.0, 3785.0], [8685.0, 3790.0], [8675.0, 3790.0], [8665.0, 3790.0], [8655.0, 3790.0], [8645.0, 3790.0], [8640.0, 3795.0], [8635.0, 3800.0], [8625.0, 3800.0], [8615.0, 3800.0], [8610.0, 3795.0], [8605.0, 3790.0], [8600.0, 3785.0], [8605.0, 3780.0], [8610.0, 3775.0], [8615.0, 3770.0], [8620.0, 3765.0], [8625.0, 3760.0], [8630.0, 3755.0], [8635.0, 3750.0], [8640.0, 3745.0], [8640.0, 3735.0], [8640.0, 3725.0], [8645.0, 3720.0], [8650.0, 3715.0], [8650.0, 3705.0], [8645.0, 3700.0], [8640.0, 3695.0], [8635.0, 3690.0], [8630.0, 3685.0], [8625.0, 3680.0], [8620.0, 3675.0], [8615.0, 3670.0], [8610.0, 3665.0], [8615.0, 3660.0], [8620.0, 3655.0], [8625.0, 3650.0], [8630.0, 3645.0], [8635.0, 3640.0], [8640.0, 3645.0], [8645.0, 3650.0], [8655.0, 3650.0], [8660.0, 3655.0], [8665.0, 3660.0], [8670.0, 3665.0], [8675.0, 3670.0], [8680.0, 3675.0], [8685.0, 3680.0], [8695.0, 3680.0], [8700.0, 3685.0], [8705.0, 3690.0], [8715.0, 3690.0], [8720.0, 3695.0], [8725.0, 3700.0], [8730.0, 3705.0], [8735.0, 3710.0], [8745.0, 3710.0], [8750.0, 3715.0], [8755.0, 3720.0], [8765.0, 3720.0], [8775.0, 3720.0], [8785.0, 3720.0], [8795.0, 3720.0], [8800.0, 3725.0], [8805.0, 3730.0], [8810.0, 3735.0], [8815.0, 3740.0], [8820.0, 3745.0], [8825.0, 3750.0], [8830.0, 3755.0], [8835.0, 3760.0], [8845.0, 3760.0], [8850.0, 3765.0], [8855.0, 3770.0], [8860.0, 3775.0], [8865.0, 3780.0], [8870.0, 3785.0], [8865.0, 3790.0], [8860.0, 3795.0], [8860.0, 3805.0], [8855.0, 3810.0], [8850.0, 3815.0], [8845.0, 3820.0]]]}, "properties": {"objectType": "annotation", "name": "R1_2_T|lesion_30", "classification": {"name": "lesion", "color": [255, 0, 0]}, "lesion_id": 30, "section": "R1_2_T", "area_um2": 20550.0}}, {"type": "Feature", "geometry": {"type": "Polygon", "coordinates": [[[8845.0, 3820.0], [8840.0, 3815.0], [8835.0, 3810.0], [8825.0, 3810.0], [8815.0, 3810.0], [8805.0, 3810.0], [8800.0, 3805.0], [8795.0, 3800.0], [8785.0, 3800.0], [8780.0, 3795.0], [8775.0, 3790.0], [8770.0, 3785.0], [8765.0, 3780.0], [8755.0, 3780.0], [8745.0, 3780.0], [8735.0, 3780.0], [8730.0, 3775.0], [8725.0, 3770.0], [8720.0, 3765.0], [8715.0, 3760.0], [8705.0, 3760.0], [8700.0, 3765.0], [8705.0, 3770.0], [8715.0, 3770.0], [8720.0, 3775.0], [8715.0, 3780.0], [8705.0, 3780.0], [8695.0, 3780.0], [8690.0, 3785.0], [8685.0, 3790.0], [8675.0, 3790.0], [8665.0, 3790.0], [8655.0, 3790.0], [8645.0, 3790.0], [8640.0, 3795.0], [8635.0, 3800.0], [8625.0, 3800.0], [8615.0, 3800.0], [8610.0, 3795.0], [8605.0, 3790.0], [8600.0, 3785.0], [8605.0, 3780.0], [8610.0, 3775.0], [8615.0, 3770.0], [8620.0, 3765.0], [8625.0, 3760.0], [8630.0, 3755.0], [8635.0, 3750.0], [8640.0, 3745.0], [8640.0, 3735.0], [8640.0, 3725.0], [8645.0, 3720.0], [8650.0, 3715.0], [8650.0, 3705.0], [8645.0, 3700.0], [8640.0, 3695.0], [8635.0, 3690.0], [8630.0, 3685.0], [8625.0, 3680.0], [8620.0, 3675.0], [8615.0, 3670.0], [8610.0, 3665.0], [8615.0, 3660.0], [8620.0, 3655.0], [8625.0, 3650.0], [8630.0, 3645.0], [8635.0, 3640.0], [8640.0, 3645.0], [8645.0, 3650.0], [8655.0, 3650.0], [8660.0, 3655.0], [8665.0, 3660.0], [8670.0, 3665.0], [8675.0, 3670.0], [8680.0, 3675.0], [8685.0, 3680.0], [8695.0, 3680.0], [8700.0, 3685.0], [8705.0, 3690.0], [8715.0, 3690.0], [8720.0, 3695.0], [8725.0, 3700.0], [8730.0, 3705.0], [8735.0, 3710.0], [8745.0, 3710.0], [8750.0, 3715.0], [8755.0, 3720.0], [8765.0, 3720.0], [8775.0, 3720.0], [8785.0, 3720.0], [8795.0, 3720.0], [8800.0, 3725.0], [8805.0, 3730.0], [8810.0, 3735.0], [8815.0, 3740.0], [8820.0, 3745.0], [8825.0, 3750.0], [8830.0, 3755.0], [8835.0, 3760.0], [8845.0, 3760.0], [8850.0, 3765.0], [8855.0, 3770.0], [8860.0, 3775.0], [8865.0, 3780.0], [8870.0, 3785.0], [8865.0, 3790.0], [8860.0, 3795.0], [8860.0, 3805.0], [8855.0, 3810.0], [8850.0, 3815.0], [8845.0, 3820.0]]]}, "properties": {"objectType": "annotation", "name": "R1_2_T|rim_30", "classification": {"name": "rim", "color": [201, 133, 0]}, "lesion_id": 30, "section": "R1_2_T", "area_um2": 20250.0}}, {"type": "Feature", "geometry": {"type": "Polygon", "coordinates": [[[615.0, 7860.0], [610.0, 7855.0], [605.0, 7850.0], [595.0, 7850.0], [590.0, 7845.0], [585.0, 7840.0], [580.0, 7835.0], [580.0, 7825.0], [585.0, 7820.0], [590.0, 7815.0], [585.0, 7810.0], [575.0, 7810.0], [570.0, 7805.0], [570.0, 7795.0], [570.0, 7785.0], [565.0, 7780.0], [560.0, 7775.0], [560.0, 7765.0], [560.0, 7755.0], [560.0, 7745.0], [560.0, 7735.0], [560.0, 7725.0], [560.0, 7715.0], [560.0, 7705.0], [560.0, 7695.0], [560.0, 7685.0], [560.0, 7675.0], [560.0, 7665.0], [560.0, 7655.0], [560.0, 7645.0], [560.0, 7635.0], [560.0, 7625.0], [560.0, 7615.0], [560.0, 7605.0], [560.0, 7595.0], [560.0, 7585.0], [560.0, 7575.0], [560.0, 7565.0], [560.0, 7555.0], [565.0, 7550.0], [570.0, 7545.0], [570.0, 7535.0], [570.0, 7525.0], [570.0, 7515.0], [570.0, 7505.0], [575.0, 7500.0], [580.0, 7495.0], [580.0, 7485.0], [580.0, 7475.0], [585.0, 7470.0], [590.0, 7465.0], [590.0, 7455.0], [595.0, 7450.0], [600.0, 7445.0], [600.0, 7435.0], [605.0, 7430.0], [610.0, 7425.0], [615.0, 7420.0], [620.0, 7415.0], [620.0, 7405.0], [620.0, 7395.0], [625.0, 7390.0], [630.0, 7395.0], [635.0, 7400.0], [640.0, 7405.0], [645.0, 7410.0], [655.0, 7410.0], [660.0, 7415.0], [665.0, 7420.0], [670.0, 7425.0], [675.0, 7430.0], [680.0, 7435.0], [685.0, 7440.0], [690.0, 7445.0], [695.0, 7450.0], [705.0, 7450.0], [710.0, 7455.0], [715.0, 7460.0], [725.0, 7460.0], [730.0, 7465.0], [735.0, 7470.0], [745.0, 7470.0], [755.0, 7470.0], [765.0, 7470.0], [770.0, 7475.0], [775.0, 7480.0], [780.0, 7485.0], [785.0, 7490.0], [790.0, 7495.0], [795.0, 7500.0], [805.0, 7500.0], [815.0, 7500.0], [825.0, 7500.0], [835.0, 7500.0], [845.0, 7500.0], [855.0, 7500.0], [865.0, 7500.0], [870.0, 7505.0], [875.0, 7510.0], [885.0, 7510.0], [895.0, 7510.0], [900.0, 7515.0], [905.0, 7520.0], [910.0, 7525.0], [915.0, 7530.0], [920.0, 7535.0], [925.0, 7540.0], [930.0, 7545.0], [935.0, 7550.0], [940.0, 7555.0], [945.0, 7560.0], [950.0, 7565.0], [955.0, 7570.0], [960.0, 7575.0], [965.0, 7580.0], [975.0, 7580.0], [980.0, 7585.0], [985.0, 7590.0], [995.0, 7590.0], [1000.0, 7595.0], [1005.0, 7600.0], [1015.0, 7600.0], [1020.0, 7605.0], [1025.0, 7610.0], [1030.0, 7615.0], [1035.0, 7620.0], [1040.0, 7625.0], [1045.0, 7630.0], [1050.0, 7635.0], [1055.0, 7640.0], [1060.0, 7645.0], [1060.0, 7655.0], [1055.0, 7660.0], [1050.0, 7665.0], [1045.0, 7670.0], [1040.0, 7675.0], [1035.0, 7680.0], [1030.0, 7685.0], [1025.0, 7690.0], [1015.0, 7690.0], [1005.0, 7690.0], [1000.0, 7695.0], [995.0, 7700.0], [985.0, 7700.0], [980.0, 7705.0], [975.0, 7710.0], [970.0, 7715.0], [965.0, 7720.0], [955.0, 7720.0], [950.0, 7725.0], [945.0, 7730.0], [940.0, 7735.0], [935.0, 7740.0], [925.0, 7740.0], [920.0, 7745.0], [915.0, 7750.0], [905.0, 7750.0], [900.0, 7755.0], [895.0, 7760.0], [885.0, 7760.0], [875.0, 7760.0], [870.0, 7765.0], [865.0, 7770.0], [855.0, 7770.0], [850.0, 7775.0], [845.0, 7780.0], [835.0, 7780.0], [825.0, 7780.0], [820.0, 7785.0], [815.0, 7790.0], [810.0, 7795.0], [805.0, 7800.0], [795.0, 7800.0], [785.0, 7800.0], [775.0, 7800.0], [765.0, 7800.0], [755.0, 7800.0], [745.0, 7800.0], [740.0, 7805.0], [735.0, 7810.0], [725.0, 7810.0], [720.0, 7815.0], [715.0, 7820.0], [710.0, 7825.0], [705.0, 7830.0], [695.0, 7830.0], [690.0, 7835.0], [685.0, 7840.0], [675.0, 7840.0], [665.0, 7840.0], [660.0, 7845.0], [655.0, 7850.0], [645.0, 7850.0], [635.0, 7850.0], [625.0, 7850.0], [620.0, 7855.0], [615.0, 7860.0]]]}, "properties": {"objectType": "annotation", "name": "P3_1_T|lesion_31", "classification": {"name": "lesion", "color": [255, 0, 0]}, "lesion_id": 31, "section": "P3_1_T", "area_um2": 136550.0}}, {"type": "Feature", "geometry": {"type": "Polygon", "coordinates": [[[645.0, 7800.0], [635.0, 7800.0], [625.0, 7800.0], [615.0, 7800.0], [610.0, 7795.0], [605.0, 7790.0], [600.0, 7785.0], [600.0, 7775.0], [595.0, 7770.0], [590.0, 7765.0], [590.0, 7755.0], [590.0, 7745.0], [590.0, 7735.0], [590.0, 7725.0], [590.0, 7715.0], [590.0, 7705.0], [590.0, 7695.0], [590.0, 7685.0], [595.0, 7680.0], [600.0, 7675.0], [600.0, 7665.0], [605.0, 7660.0], [610.0, 7655.0], [610.0, 7645.0], [610.0, 7635.0], [610.0, 7625.0], [605.0, 7620.0], [600.0, 7615.0], [600.0, 7605.0], [600.0, 7595.0], [595.0, 7590.0], [590.0, 7585.0], [590.0, 7575.0], [590.0, 7565.0], [590.0, 7555.0], [590.0, 7545.0], [590.0, 7535.0], [590.0, 7525.0], [585.0, 7520.0], [580.0, 7515.0], [580.0, 7505.0], [585.0, 7500.0], [590.0, 7495.0], [590.0, 7485.0], [595.0, 7480.0], [600.0, 7475.0], [605.0, 7470.0], [610.0, 7465.0], [615.0, 7460.0], [620.0, 7455.0], [625.0, 7450.0], [630.0, 7455.0], [635.0, 7460.0], [640.0, 7465.0], [645.0, 7470.0], [650.0, 7475.0], [655.0, 7480.0], [660.0, 7485.0], [665.0, 7490.0], [675.0, 7490.0], [680.0, 7495.0], [685.0, 7500.0], [695.0, 7500.0], [700.0, 7505.0], [705.0, 7510.0], [715.0, 7510.0], [720.0, 7515.0], [725.0, 7520.0], [735.0, 7520.0], [745.0, 7520.0], [750.0, 7525.0], [755.0, 7530.0], [760.0, 7535.0], [765.0, 7540.0], [775.0, 7540.0], [780.0, 7545.0], [785.0, 7550.0], [795.0, 7550.0], [805.0, 7550.0], [815.0, 7550.0], [825.0, 7550.0], [835.0, 7550.0], [845.0, 7550.0], [855.0, 7550.0], [860.0, 7555.0], [865.0, 7560.0], [875.0, 7560.0], [880.0, 7565.0], [885.0, 7570.0], [890.0, 7575.0], [895.0, 7580.0], [900.0, 7585.0], [905.0, 7590.0], [910.0, 7595.0], [915.0, 7600.0], [920.0, 7605.0], [925.0, 7610.0], [930.0, 7615.0], [935.0, 7620.0], [945.0, 7620.0], [950.0, 7625.0], [955.0, 7630.0], [965.0, 7630.0], [970.0, 7635.0], [975.0, 7640.0], [985.0, 7640.0], [990.0, 7645.0], [985.0, 7650.0], [975.0, 7650.0], [970.0, 7655.0], [965.0, 7660.0], [955.0, 7660.0], [950.0, 7665.0], [945.0, 7670.0], [940.0, 7675.0], [935.0, 7680.0], [925.0, 7680.0], [920.0, 7685.0], [915.0, 7690.0], [910.0, 7695.0], [905.0, 7700.0], [895.0, 7700.0], [890.0, 7705.0], [885.0, 7710.0], [875.0, 7710.0], [865.0, 7710.0], [860.0, 7715.0], [855.0, 7720.0], [845.0, 7720.0], [840.0, 7725.0], [835.0, 7730.0], [825.0, 7730.0], [815.0, 7730.0], [810.0, 7735.0], [805.0, 7740.0], [795.0, 7740.0], [790.0, 7745.0], [785.0, 7750.0], [775.0, 7750.0], [765.0, 7750.0], [755.0, 7750.0], [745.0, 7750.0], [735.0, 7750.0], [730.0, 7755.0], [725.0, 7760.0], [715.0, 7760.0], [710.0, 7765.0], [705.0, 7770.0], [695.0, 7770.0], [690.0, 7775.0], [685.0, 7780.0], [680.0, 7785.0], [675.0, 7790.0], [665.0, 7790.0], [655.0, 7790.0], [650.0, 7795.0], [645.0, 7800.0]]]}, "properties": {"objectType": "annotation", "name": "P3_1_T|core_31", "classification": {"name": "core", "color": [230, 103, 103]}, "lesion_id": 31, "section": "P3_1_T", "area_um2": 76450.0}}, {"type": "Feature", "geometry": {"type": "Polygon", "coordinates": [[[615.0, 7860.0], [610.0, 7855.0], [605.0, 7850.0], [595.0, 7850.0], [590.0, 7845.0], [585.0, 7840.0], [580.0, 7835.0], [580.0, 7825.0], [585.0, 7820.0], [590.0, 7815.0], [585.0, 7810.0], [575.0, 7810.0], [570.0, 7805.0], [570.0, 7795.0], [570.0, 7785.0], [565.0, 7780.0], [560.0, 7775.0], [560.0, 7765.0], [560.0, 7755.0], [560.0, 7745.0], [560.0, 7735.0], [560.0, 7725.0], [560.0, 7715.0], [560.0, 7705.0], [560.0, 7695.0], [560.0, 7685.0], [560.0, 7675.0], [560.0, 7665.0], [560.0, 7655.0], [560.0, 7645.0], [560.0, 7635.0], [560.0, 7625.0], [560.0, 7615.0], [560.0, 7605.0], [560.0, 7595.0], [560.0, 7585.0], [560.0, 7575.0], [560.0, 7565.0], [560.0, 7555.0], [565.0, 7550.0], [570.0, 7545.0], [570.0, 7535.0], [570.0, 7525.0], [570.0, 7515.0], [570.0, 7505.0], [575.0, 7500.0], [580.0, 7505.0], [580.0, 7515.0], [585.0, 7520.0], [590.0, 7525.0], [590.0, 7535.0], [590.0, 7545.0], [590.0, 7555.0], [590.0, 7565.0], [590.0, 7575.0], [590.0, 7585.0], [595.0, 7590.0], [600.0, 7595.0], [600.0, 7605.0], [600.0, 7615.0], [605.0, 7620.0], [610.0, 7625.0], [610.0, 7635.0], [610.0, 7645.0], [610.0, 7655.0], [605.0, 7660.0], [600.0, 7665.0], [600.0, 7675.0], [595.0, 7680.0], [590.0, 7685.0], [590.0, 7695.0], [590.0, 7705.0], [590.0, 7715.0], [590.0, 7725.0], [590.0, 7735.0], [590.0, 7745.0], [590.0, 7755.0], [590.0, 7765.0], [595.0, 7770.0], [600.0, 7775.0], [600.0, 7785.0], [605.0, 7790.0], [610.0, 7795.0], [615.0, 7800.0], [625.0, 7800.0], [635.0, 7800.0], [645.0, 7800.0], [650.0, 7795.0], [655.0, 7790.0], [665.0, 7790.0], [675.0, 7790.0], [680.0, 7785.0], [685.0, 7780.0], [690.0, 7775.0], [695.0, 7770.0], [705.0, 7770.0], [710.0, 7765.0], [715.0, 7760.0], [725.0, 7760.0], [730.0, 7755.0], [735.0, 7750.0], [745.0, 7750.0], [755.0, 7750.0], [765.0, 7750.0], [775.0, 7750.0], [785.0, 7750.0], [790.0, 7745.0], [795.0, 7740.0], [805.0, 7740.0], [810.0, 7735.0], [815.0, 7730.0], [825.0, 7730.0], [835.0, 7730.0], [840.0, 7725.0], [845.0, 7720.0], [855.0, 7720.0], [860.0, 7715.0], [865.0, 7710.0], [875.0, 7710.0], [885.0, 7710.0], [890.0, 7705.0], [895.0, 7700.0], [905.0, 7700.0], [910.0, 7695.0], [915.0, 7690.0], [920.0, 7685.0], [925.0, 7680.0], [935.0, 7680.0], [940.0, 7675.0], [945.0, 7670.0], [950.0, 7665.0], [955.0, 7660.0], [965.0, 7660.0], [970.0, 7655.0], [975.0, 7650.0], [985.0, 7650.0], [990.0, 7645.0], [985.0, 7640.0], [975.0, 7640.0], [970.0, 7635.0], [965.0, 7630.0], [955.0, 7630.0], [950.0, 7625.0], [945.0, 7620.0], [935.0, 7620.0], [930.0, 7615.0], [925.0, 7610.0], [920.0, 7605.0], [915.0, 7600.0], [910.0, 7595.0], [905.0, 7590.0], [900.0, 7585.0], [895.0, 7580.0], [890.0, 7575.0], [885.0, 7570.0], [880.0, 7565.0], [875.0, 7560.0], [865.0, 7560.0], [860.0, 7555.0], [855.0, 7550.0], [845.0, 7550.0], [835.0, 7550.0], [825.0, 7550.0], [815.0, 7550.0], [805.0, 7550.0], [795.0, 7550.0], [785.0, 7550.0], [780.0, 7545.0], [775.0, 7540.0], [765.0, 7540.0], [760.0, 7535.0], [755.0, 7530.0], [750.0, 7525.0], [745.0, 7520.0], [735.0, 7520.0], [725.0, 7520.0], [720.0, 7515.0], [715.0, 7510.0], [705.0, 7510.0], [700.0, 7505.0], [695.0, 7500.0], [685.0, 7500.0], [680.0, 7495.0], [675.0, 7490.0], [665.0, 7490.0], [660.0, 7485.0], [655.0, 7480.0], [650.0, 7475.0], [645.0, 7470.0], [640.0, 7465.0], [635.0, 7460.0], [630.0, 7455.0], [625.0, 7450.0], [620.0, 7455.0], [615.0, 7460.0], [610.0, 7465.0], [605.0, 7470.0], [600.0, 7475.0], [595.0, 7480.0], [590.0, 7485.0], [590.0, 7495.0], [585.0, 7500.0], [580.0, 7495.0], [580.0, 7485.0], [580.0, 7475.0], [585.0, 7470.0], [590.0, 7465.0], [590.0, 7455.0], [595.0, 7450.0], [600.0, 7445.0], [600.0, 7435.0], [605.0, 7430.0], [610.0, 7425.0], [615.0, 7420.0], [620.0, 7415.0], [620.0, 7405.0], [620.0, 7395.0], [625.0, 7390.0], [630.0, 7395.0], [635.0, 7400.0], [640.0, 7405.0], [645.0, 7410.0], [655.0, 7410.0], [660.0, 7415.0], [665.0, 7420.0], [670.0, 7425.0], [675.0, 7430.0], [680.0, 7435.0], [685.0, 7440.0], [690.0, 7445.0], [695.0, 7450.0], [705.0, 7450.0], [710.0, 7455.0], [715.0, 7460.0], [725.0, 7460.0], [730.0, 7465.0], [735.0, 7470.0], [745.0, 7470.0], [755.0, 7470.0], [765.0, 7470.0], [770.0, 7475.0], [775.0, 7480.0], [780.0, 7485.0], [785.0, 7490.0], [790.0, 7495.0], [795.0, 7500.0], [805.0, 7500.0], [815.0, 7500.0], [825.0, 7500.0], [835.0, 7500.0], [845.0, 7500.0], [855.0, 7500.0], [865.0, 7500.0], [870.0, 7505.0], [875.0, 7510.0], [885.0, 7510.0], [895.0, 7510.0], [900.0, 7515.0], [905.0, 7520.0], [910.0, 7525.0], [915.0, 7530.0], [920.0, 7535.0], [925.0, 7540.0], [930.0, 7545.0], [935.0, 7550.0], [940.0, 7555.0], [945.0, 7560.0], [950.0, 7565.0], [955.0, 7570.0], [960.0, 7575.0], [965.0, 7580.0], [975.0, 7580.0], [980.0, 7585.0], [985.0, 7590.0], [995.0, 7590.0], [1000.0, 7595.0], [1005.0, 7600.0], [1015.0, 7600.0], [1020.0, 7605.0], [1025.0, 7610.0], [1030.0, 7615.0], [1035.0, 7620.0], [1040.0, 7625.0], [1045.0, 7630.0], [1050.0, 7635.0], [1055.0, 7640.0], [1060.0, 7645.0], [1060.0, 7655.0], [1055.0, 7660.0], [1050.0, 7665.0], [1045.0, 7670.0], [1040.0, 7675.0], [1035.0, 7680.0], [1030.0, 7685.0], [1025.0, 7690.0], [1015.0, 7690.0], [1005.0, 7690.0], [1000.0, 7695.0], [995.0, 7700.0], [985.0, 7700.0], [980.0, 7705.0], [975.0, 7710.0], [970.0, 7715.0], [965.0, 7720.0], [955.0, 7720.0], [950.0, 7725.0], [945.0, 7730.0], [940.0, 7735.0], [935.0, 7740.0], [925.0, 7740.0], [920.0, 7745.0], [915.0, 7750.0], [905.0, 7750.0], [900.0, 7755.0], [895.0, 7760.0], [885.0, 7760.0], [875.0, 7760.0], [870.0, 7765.0], [865.0, 7770.0], [855.0, 7770.0], [850.0, 7775.0], [845.0, 7780.0], [835.0, 7780.0], [825.0, 7780.0], [820.0, 7785.0], [815.0, 7790.0], [810.0, 7795.0], [805.0, 7800.0], [795.0, 7800.0], [785.0, 7800.0], [775.0, 7800.0], [765.0, 7800.0], [755.0, 7800.0], [745.0, 7800.0], [740.0, 7805.0], [735.0, 7810.0], [725.0, 7810.0], [720.0, 7815.0], [715.0, 7820.0], [710.0, 7825.0], [705.0, 7830.0], [695.0, 7830.0], [690.0, 7835.0], [685.0, 7840.0], [675.0, 7840.0], [665.0, 7840.0], [660.0, 7845.0], [655.0, 7850.0], [645.0, 7850.0], [635.0, 7850.0], [625.0, 7850.0], [620.0, 7855.0], [615.0, 7860.0]]]}, "properties": {"objectType": "annotation", "name": "P3_1_T|rim_31", "classification": {"name": "rim", "color": [201, 133, 0]}, "lesion_id": 31, "section": "P3_1_T", "area_um2": 60050.0}}, {"type": "Feature", "geometry": {"type": "Polygon", "coordinates": [[[2495.0, 7570.0], [2490.0, 7565.0], [2485.0, 7560.0], [2475.0, 7560.0], [2465.0, 7560.0], [2460.0, 7555.0], [2455.0, 7550.0], [2445.0, 7550.0], [2440.0, 7545.0], [2435.0, 7540.0], [2430.0, 7535.0], [2425.0, 7530.0], [2420.0, 7525.0], [2420.0, 7515.0], [2425.0, 7510.0], [2430.0, 7505.0], [2430.0, 7495.0], [2435.0, 7490.0], [2440.0, 7485.0], [2445.0, 7480.0], [2450.0, 7475.0], [2455.0, 7470.0], [2465.0, 7470.0], [2470.0, 7465.0], [2475.0, 7460.0], [2485.0, 7460.0], [2495.0, 7460.0], [2500.0, 7465.0], [2505.0, 7470.0], [2510.0, 7475.0], [2515.0, 7480.0], [2525.0, 7480.0], [2530.0, 7485.0], [2535.0, 7490.0], [2540.0, 7485.0], [2545.0, 7480.0], [2555.0, 7480.0], [2565.0, 7480.0], [2575.0, 7480.0], [2580.0, 7485.0], [2585.0, 7490.0], [2590.0, 7495.0], [2595.0, 7500.0], [2600.0, 7505.0], [2600.0, 7515.0], [2600.0, 7525.0], [2600.0, 7535.0], [2595.0, 7540.0], [2590.0, 7545.0], [2585.0, 7550.0], [2580.0, 7555.0], [2575.0, 7560.0], [2565.0, 7560.0], [2560.0, 7555.0], [2555.0, 7550.0], [2545.0, 7550.0], [2535.0, 7550.0], [2525.0, 7550.0], [2515.0, 7550.0], [2510.0, 7555.0], [2505.0, 7560.0], [2500.0, 7565.0], [2495.0, 7570.0]]]}, "properties": {"objectType": "annotation", "name": "P3_1_T|lesion_32", "classification": {"name": "lesion", "color": [255, 0, 0]}, "lesion_id": 32, "section": "P3_1_T", "area_um2": 13050.0}}, {"type": "Feature", "geometry": {"type": "Polygon", "coordinates": [[[2495.0, 7570.0], [2490.0, 7565.0], [2485.0, 7560.0], [2475.0, 7560.0], [2465.0, 7560.0], [2460.0, 7555.0], [2455.0, 7550.0], [2445.0, 7550.0], [2440.0, 7545.0], [2435.0, 7540.0], [2430.0, 7535.0], [2425.0, 7530.0], [2420.0, 7525.0], [2420.0, 7515.0], [2425.0, 7510.0], [2430.0, 7505.0], [2430.0, 7495.0], [2435.0, 7490.0], [2440.0, 7485.0], [2445.0, 7480.0], [2450.0, 7475.0], [2455.0, 7470.0], [2465.0, 7470.0], [2470.0, 7465.0], [2475.0, 7460.0], [2485.0, 7460.0], [2495.0, 7460.0], [2500.0, 7465.0], [2505.0, 7470.0], [2510.0, 7475.0], [2515.0, 7480.0], [2525.0, 7480.0], [2530.0, 7485.0], [2535.0, 7490.0], [2540.0, 7485.0], [2545.0, 7480.0], [2555.0, 7480.0], [2565.0, 7480.0], [2575.0, 7480.0], [2580.0, 7485.0], [2585.0, 7490.0], [2590.0, 7495.0], [2595.0, 7500.0], [2600.0, 7505.0], [2600.0, 7515.0], [2600.0, 7525.0], [2600.0, 7535.0], [2595.0, 7540.0], [2590.0, 7545.0], [2585.0, 7550.0], [2580.0, 7555.0], [2575.0, 7560.0], [2565.0, 7560.0], [2560.0, 7555.0], [2555.0, 7550.0], [2545.0, 7550.0], [2535.0, 7550.0], [2525.0, 7550.0], [2515.0, 7550.0], [2510.0, 7555.0], [2505.0, 7560.0], [2500.0, 7565.0], [2495.0, 7570.0]]]}, "properties": {"objectType": "annotation", "name": "P3_1_T|rim_32", "classification": {"name": "rim", "color": [201, 133, 0]}, "lesion_id": 32, "section": "P3_1_T", "area_um2": 13050.0}}, {"type": "Feature", "geometry": {"type": "Polygon", "coordinates": [[[715.0, 8130.0], [705.0, 8130.0], [700.0, 8125.0], [700.0, 8115.0], [695.0, 8110.0], [690.0, 8105.0], [690.0, 8095.0], [685.0, 8090.0], [680.0, 8085.0], [680.0, 8075.0], [680.0, 8065.0], [675.0, 8060.0], [670.0, 8055.0], [670.0, 8045.0], [665.0, 8040.0], [660.0, 8035.0], [665.0, 8030.0], [675.0, 8030.0], [685.0, 8030.0], [690.0, 8025.0], [695.0, 8020.0], [700.0, 8015.0], [705.0, 8010.0], [710.0, 8005.0], [715.0, 8000.0], [720.0, 8005.0], [725.0, 8010.0], [730.0, 8015.0], [735.0, 8020.0], [740.0, 8025.0], [745.0, 8030.0], [750.0, 8035.0], [750.0, 8045.0], [750.0, 8055.0], [750.0, 8065.0], [750.0, 8075.0], [745.0, 8080.0], [740.0, 8085.0], [740.0, 8095.0], [735.0, 8100.0], [730.0, 8105.0], [730.0, 8115.0], [725.0, 8120.0], [720.0, 8125.0], [715.0, 8130.0]]]}, "properties": {"objectType": "annotation", "name": "P3_1_T|lesion_33", "classification": {"name": "lesion", "color": [255, 0, 0]}, "lesion_id": 33, "section": "P3_1_T", "area_um2": 6750.0}}, {"type": "Feature", "geometry": {"type": "Polygon", "coordinates": [[[715.0, 8130.0], [705.0, 8130.0], [700.0, 8125.0], [700.0, 8115.0], [695.0, 8110.0], [690.0, 8105.0], [690.0, 8095.0], [685.0, 8090.0], [680.0, 8085.0], [680.0, 8075.0], [680.0, 8065.0], [675.0, 8060.0], [670.0, 8055.0], [670.0, 8045.0], [665.0, 8040.0], [660.0, 8035.0], [665.0, 8030.0], [675.0, 8030.0], [685.0, 8030.0], [690.0, 8025.0], [695.0, 8020.0], [700.0, 8015.0], [705.0, 8010.0], [710.0, 8005.0], [715.0, 8000.0], [720.0, 8005.0], [725.0, 8010.0], [730.0, 8015.0], [735.0, 8020.0], [740.0, 8025.0], [745.0, 8030.0], [750.0, 8035.0], [750.0, 8045.0], [750.0, 8055.0], [750.0, 8065.0], [750.0, 8075.0], [745.0, 8080.0], [740.0, 8085.0], [740.0, 8095.0], [735.0, 8100.0], [730.0, 8105.0], [730.0, 8115.0], [725.0, 8120.0], [720.0, 8125.0], [715.0, 8130.0]]]}, "properties": {"objectType": "annotation", "name": "P3_1_T|rim_33", "classification": {"name": "rim", "color": [201, 133, 0]}, "lesion_id": 33, "section": "P3_1_T", "area_um2": 6750.0}}, {"type": "Feature", "geometry": {"type": "Polygon", "coordinates": [[[885.0, 8350.0], [880.0, 8345.0], [875.0, 8340.0], [865.0, 8340.0], [860.0, 8345.0], [855.0, 8350.0], [845.0, 8350.0], [840.0, 8345.0], [835.0, 8340.0], [830.0, 8335.0], [825.0, 8330.0], [820.0, 8325.0], [815.0, 8320.0], [810.0, 8315.0], [805.0, 8310.0], [800.0, 8305.0], [795.0, 8300.0], [790.0, 8295.0], [790.0, 8285.0], [785.0, 8280.0], [780.0, 8275.0], [775.0, 8270.0], [770.0, 8265.0], [770.0, 8255.0], [775.0, 8250.0], [780.0, 8245.0], [785.0, 8240.0], [790.0, 8235.0], [795.0, 8230.0], [805.0, 8230.0], [810.0, 8235.0], [815.0, 8240.0], [825.0, 8240.0], [835.0, 8240.0], [840.0, 8245.0], [845.0, 8250.0], [855.0, 8250.0], [860.0, 8255.0], [865.0, 8260.0], [870.0, 8265.0], [875.0, 8270.0], [880.0, 8275.0], [885.0, 8280.0], [890.0, 8285.0], [890.0, 8295.0], [895.0, 8300.0], [900.0, 8305.0], [905.0, 8310.0], [910.0, 8315.0], [910.0, 8325.0], [905.0, 8330.0], [900.0, 8335.0], [895.0, 8340.0], [890.0, 8345.0], [885.0, 8350.0]]]}, "properties": {"objectType": "annotation", "name": "P3_1_T|lesion_34", "classification": {"name": "lesion", "color": [255, 0, 0]}, "lesion_id": 34, "section": "P3_1_T", "area_um2": 9550.0}}, {"type": "Feature", "geometry": {"type": "Polygon", "coordinates": [[[885.0, 8350.0], [880.0, 8345.0], [875.0, 8340.0], [865.0, 8340.0], [860.0, 8345.0], [855.0, 8350.0], [845.0, 8350.0], [840.0, 8345.0], [835.0, 8340.0], [830.0, 8335.0], [825.0, 8330.0], [820.0, 8325.0], [815.0, 8320.0], [810.0, 8315.0], [805.0, 8310.0], [800.0, 8305.0], [795.0, 8300.0], [790.0, 8295.0], [790.0, 8285.0], [785.0, 8280.0], [780.0, 8275.0], [775.0, 8270.0], [770.0, 8265.0], [770.0, 8255.0], [775.0, 8250.0], [780.0, 8245.0], [785.0, 8240.0], [790.0, 8235.0], [795.0, 8230.0], [805.0, 8230.0], [810.0, 8235.0], [815.0, 8240.0], [825.0, 8240.0], [835.0, 8240.0], [840.0, 8245.0], [845.0, 8250.0], [855.0, 8250.0], [860.0, 8255.0], [865.0, 8260.0], [870.0, 8265.0], [875.0, 8270.0], [880.0, 8275.0], [885.0, 8280.0], [890.0, 8285.0], [890.0, 8295.0], [895.0, 8300.0], [900.0, 8305.0], [905.0, 8310.0], [910.0, 8315.0], [910.0, 8325.0], [905.0, 8330.0], [900.0, 8335.0], [895.0, 8340.0], [890.0, 8345.0], [885.0, 8350.0]]]}, "properties": {"objectType": "annotation", "name": "P3_1_T|rim_34", "classification": {"name": "rim", "color": [201, 133, 0]}, "lesion_id": 34, "section": "P3_1_T", "area_um2": 9550.0}}, {"type": "Feature", "geometry": {"type": "Polygon", "coordinates": [[[8125.0, 3590.0], [8120.0, 3585.0], [8120.0, 3575.0], [8120.0, 3565.0], [8120.0, 3555.0], [8120.0, 3545.0], [8120.0, 3535.0], [8115.0, 3530.0], [8110.0, 3525.0], [8110.0, 3515.0], [8105.0, 3510.0], [8100.0, 3505.0], [8100.0, 3495.0], [8100.0, 3485.0], [8100.0, 3475.0], [8095.0, 3470.0], [8090.0, 3465.0], [8090.0, 3455.0], [8090.0, 3445.0], [8085.0, 3440.0], [8080.0, 3435.0], [8075.0, 3430.0], [8070.0, 3425.0], [8065.0, 3420.0], [8055.0, 3420.0], [8050.0, 3415.0], [8050.0, 3405.0], [8045.0, 3400.0], [8040.0, 3395.0], [8035.0, 3390.0], [8030.0, 3385.0], [8030.0, 3375.0], [8030.0, 3365.0], [8030.0, 3355.0], [8030.0, 3345.0], [8025.0, 3340.0], [8020.0, 3335.0], [8025.0, 3330.0], [8030.0, 3325.0], [8035.0, 3320.0], [8040.0, 3315.0], [8040.0, 3305.0], [8040.0, 3295.0], [8040.0, 3285.0], [8040.0, 3275.0], [8040.0, 3265.0], [8045.0, 3260.0], [8050.0, 3265.0], [8050.0, 3275.0], [8050.0, 3285.0], [8055.0, 3290.0], [8060.0, 3295.0], [8060.0, 3305.0], [8060.0, 3315.0], [8060.0, 3325.0], [8065.0, 3330.0], [8070.0, 3335.0], [8075.0, 3340.0], [8080.0, 3345.0], [8080.0, 3355.0], [8075.0, 3360.0], [8070.0, 3365.0], [8065.0, 3370.0], [8060.0, 3375.0], [8060.0, 3385.0], [8065.0, 3390.0], [8070.0, 3395.0], [8075.0, 3400.0], [8080.0, 3405.0], [8085.0, 3410.0], [8090.0, 3405.0], [8095.0, 3400.0], [8100.0, 3395.0], [8105.0, 3390.0], [8110.0, 3385.0], [8110.0, 3375.0], [8110.0, 3365.0], [8115.0, 3360.0], [8120.0, 3355.0], [8125.0, 3350.0], [8130.0, 3345.0], [8135.0, 3340.0], [8140.0, 3335.0], [8145.0, 3330.0], [8150.0, 3325.0], [8150.0, 3315.0], [8145.0, 3310.0], [8140.0, 3305.0], [8135.0, 3300.0], [8130.0, 3295.0], [8125.0, 3290.0], [8120.0, 3285.0], [8120.0, 3275.0], [8120.0, 3265.0], [8120.0, 3255.0], [8120.0, 3245.0], [8120.0, 3235.0], [8115.0, 3230.0], [8110.0, 3225.0], [8105.0, 3220.0], [8100.0, 3215.0], [8095.0, 3210.0], [8090.0, 3205.0], [8095.0, 3200.0], [8100.0, 3195.0], [8105.0, 3190.0], [8110.0, 3185.0], [8115.0, 3180.0], [8125.0, 3180.0], [8130.0, 3175.0], [8135.0, 3170.0], [8140.0, 3165.0], [8145.0, 3160.0], [8150.0, 3155.0], [8150.0, 3145.0], [8155.0, 3140.0], [8160.0, 3135.0], [8160.0, 3125.0], [8160.0, 3115.0], [8155.0, 3110.0], [8150.0, 3105.0], [8145.0, 3100.0], [8140.0, 3095.0], [8135.0, 3090.0], [8130.0, 3085.0], [8125.0, 3080.0], [8120.0, 3075.0], [8120.0, 3065.0], [8120.0, 3055.0], [8120.0, 3045.0], [8120.0, 3035.0], [8125.0, 3030.0], [8130.0, 3025.0], [8130.0, 3015.0], [8130.0, 3005.0], [8125.0, 3000.0], [8120.0, 2995.0], [8120.0, 2985.0], [8120.0, 2975.0], [8115.0, 2970.0], [8110.0, 2965.0], [8110.0, 2955.0], [8110.0, 2945.0], [8110.0, 2935.0], [8110.0, 2925.0], [8110.0, 2915.0], [8110.0, 2905.0], [8110.0, 2895.0], [8110.0, 2885.0], [8110.0, 2875.0], [8110.0, 2865.0], [8110.0, 2855.0], [8115.0, 2850.0], [8120.0, 2845.0], [8120.0, 2835.0], [8120.0, 2825.0], [8120.0, 2815.0], [8120.0, 2805.0], [8125.0, 2800.0], [8130.0, 2795.0], [8130.0, 2785.0], [8130.0, 2775.0], [8135.0, 2770.0], [8140.0, 2775.0], [8145.0, 2780.0], [8155.0, 2780.0], [8160.0, 2775.0], [8165.0, 2770.0], [8170.0, 2765.0], [8175.0, 2760.0], [8185.0, 2760.0], [8190.0, 2765.0], [8195.0, 2770.0], [8205.0, 2770.0], [8215.0, 2770.0], [8225.0, 2770.0], [8230.0, 2765.0], [8235.0, 2760.0], [8240.0, 2755.0], [8245.0, 2750.0], [8255.0, 2750.0], [8260.0, 2745.0], [8265.0, 2740.0], [8270.0, 2735.0], [8275.0, 2730.0], [8280.0, 2725.0], [8285.0, 2720.0], [8295.0, 2720.0], [8300.0, 2715.0], [8305.0, 2710.0], [8315.0, 2710.0], [8325.0, 2710.0], [8330.0, 2715.0], [8335.0, 2720.0], [8340.0, 2725.0], [8345.0, 2730.0], [8350.0, 2725.0], [8355.0, 2720.0], [8360.0, 2715.0], [8365.0, 2710.0], [8370.0, 2705.0], [8370.0, 2695.0], [8365.0, 2690.0], [8360.0, 2685.0], [8355.0, 2680.0], [8350.0, 2675.0], [8350.0, 2665.0], [8355.0, 2660.0], [8360.0, 2655.0], [8360.0, 2645.0], [8365.0, 2640.0], [8370.0, 2635.0], [8375.0, 2630.0], [8380.0, 2625.0], [8380.0, 2615.0], [8380.0, 2605.0], [8380.0, 2595.0], [8380.0, 2585.0], [8380.0, 2575.0], [8385.0, 2570.0], [8390.0, 2565.0], [8395.0, 2560.0], [8400.0, 2555.0], [8405.0, 2550.0], [8410.0, 2545.0], [8415.0, 2540.0], [8420.0, 2535.0], [8425.0, 2530.0], [8430.0, 2525.0], [8435.0, 2520.0], [8440.0, 2515.0], [8445.0, 2510.0], [8455.0, 2510.0], [8460.0, 2515.0], [8465.0, 2520.0], [8470.0, 2525.0], [8475.0, 2530.0], [8485.0, 2530.0], [8495.0, 2530.0], [8505.0, 2530.0], [8515.0, 2530.0], [8525.0, 2530.0], [8535.0, 2530.0], [8545.0, 2530.0], [8555.0, 2530.0], [8565.0, 2530.0], [8575.0, 2530.0], [8585.0, 2530.0], [8595.0, 2530.0], [8600.0, 2535.0], [8605.0, 2540.0], [8615.0, 2540.0], [8625.0, 2540.0], [8635.0, 2540.0], [8645.0, 2540.0], [8650.0, 2535.0], [8655.0, 2530.0], [8660.0, 2525.0], [8665.0, 2520.0], [8670.0, 2515.0], [8675.0, 2510.0], [8680.0, 2505.0], [8675.0, 2500.0], [8670.0, 2495.0], [8665.0, 2490.0], [8660.0, 2485.0], [8660.0, 2475.0], [8660.0, 2465.0], [8665.0, 2460.0], [8670.0, 2455.0], [8670.0, 2445.0], [8670.0, 2435.0], [8670.0, 2425.0], [8670.0, 2415.0], [8670.0, 2405.0], [8675.0, 2400.0], [8680.0, 2395.0], [8680.0, 2385.0], [8675.0, 2380.0], [8670.0, 2375.0], [8675.0, 2370.0], [8680.0, 2365.0], [8685.0, 2360.0], [8690.0, 2355.0], [8695.0, 2350.0], [8700.0, 2345.0], [8705.0, 2340.0], [8710.0, 2335.0], [8710.0, 2325.0], [8705.0, 2320.0], [8700.0, 2315.0], [8695.0, 2310.0], [8690.0, 2305.0], [8685.0, 2300.0], [8675.0, 2300.0], [8665.0, 2300.0], [8655.0, 2300.0], [8645.0, 2300.0], [8635.0, 2300.0], [8625.0, 2300.0], [8615.0, 2300.0], [8605.0, 2300.0], [8595.0, 2300.0], [8585.0, 2300.0], [8580.0, 2295.0], [8575.0, 2290.0], [8570.0, 2295.0], [8565.0, 2300.0], [8555.0, 2300.0], [8545.0, 2300.0], [8535.0, 2300.0], [8525.0, 2300.0], [8515.0, 2300.0], [8505.0, 2300.0], [8495.0, 2300.0], [8490.0, 2295.0], [8485.0, 2290.0], [8475.0, 2290.0], [8465.0, 2290.0], [8455.0, 2290.0], [8445.0, 2290.0], [8435.0, 2290.0], [8430.0, 2285.0], [8425.0, 2280.0], [8415.0, 2280.0], [8405.0, 2280.0], [8400.0, 2275.0], [8395.0, 2270.0], [8385.0, 2270.0], [8380.0, 2265.0], [8375.0, 2260.0], [8365.0, 2260.0], [8360.0, 2255.0], [8355.0, 2250.0], [8350.0, 2245.0], [8345.0, 2240.0], [8335.0, 2240.0], [8330.0, 2235.0], [8325.0, 2230.0], [8320.0, 2225.0], [8315.0, 2220.0], [8310.0, 2215.0], [8305.0, 2210.0], [8300.0, 2205.0], [8295.0, 2200.0], [8290.0, 2195.0], [8285.0, 2190.0], [8280.0, 2185.0], [8285.0, 2180.0], [8290.0, 2175.0], [8290.0, 2165.0], [8295.0, 2160.0], [8300.0, 2155.0], [8305.0, 2150.0], [8310.0, 2145.0], [8315.0, 2140.0], [8320.0, 2135.0], [8325.0, 2130.0], [8330.0, 2125.0], [8335.0, 2120.0], [8345.0, 2120.0], [8350.0, 2115.0], [8355.0, 2110.0], [8360.0, 2105.0], [8365.0, 2100.0], [8370.0, 2095.0], [8375.0, 2090.0], [8385.0, 2090.0], [8395.0, 2090.0], [8400.0, 2085.0], [8405.0, 2080.0], [8415.0, 2080.0], [8425.0, 2080.0], [8435.0, 2080.0], [8440.0, 2075.0], [8445.0, 2070.0], [8450.0, 2075.0], [8455.0, 2080.0], [8460.0, 2075.0], [8465.0, 2070.0], [8470.0, 2065.0], [8475.0, 2060.0], [8485.0, 2060.0], [8490.0, 2055.0], [8495.0, 2050.0], [8500.0, 2045.0], [8505.0, 2040.0], [8510.0, 2035.0], [8515.0, 2030.0], [8520.0, 2025.0], [8525.0, 2020.0], [8530.0, 2015.0], [8525.0, 2010.0], [8520.0, 2005.0], [8525.0, 2000.0], [8530.0, 1995.0], [8530.0, 1985.0], [8530.0, 1975.0], [8530.0, 1965.0], [8525.0, 1960.0], [8520.0, 1955.0], [8515.0, 1950.0], [8510.0, 1945.0], [8505.0, 1940.0], [8500.0, 1935.0], [8500.0, 1925.0], [8495.0, 1920.0], [8490.0, 1915.0], [8485.0, 1910.0], [8480.0, 1905.0], [8475.0, 1900.0], [8470.0, 1905.0], [8465.0, 1910.0], [8460.0, 1905.0], [8455.0, 1900.0], [8450.0, 1895.0], [8445.0, 1890.0], [8435.0, 1890.0], [8430.0, 1885.0], [8425.0, 1880.0], [8420.0, 1875.0], [8415.0, 1870.0], [8405.0, 1870.0], [8400.0, 1865.0], [8395.0, 1860.0], [8390.0, 1855.0], [8385.0, 1850.0], [8380.0, 1845.0], [8375.0, 1840.0], [8370.0, 1835.0], [8365.0, 1830.0], [8360.0, 1835.0], [8355.0, 1840.0], [8350.0, 1845.0], [8345.0, 1850.0], [8340.0, 1855.0], [8335.0, 1860.0], [8330.0, 1865.0], [8325.0, 1870.0], [8315.0, 1870.0], [8305.0, 1870.0], [8300.0, 1875.0], [8295.0, 1880.0], [8285.0, 1880.0], [8275.0, 1880.0], [8265.0, 1880.0], [8255.0, 1880.0], [8245.0, 1880.0], [8235.0, 1880.0], [8230.0, 1875.0], [8235.0, 1870.0], [8245.0, 1870.0], [8255.0, 1870.0], [8265.0, 1870.0], [8275.0, 1870.0], [8285.0, 1870.0], [8290.0, 1865.0], [8295.0, 1860.0], [8305.0, 1860.0], [8315.0, 1860.0], [8320.0, 1855.0], [8325.0, 1850.0], [8330.0, 1845.0], [8335.0, 1840.0], [8340.0, 1835.0], [8345.0, 1830.0], [8350.0, 1825.0], [8350.0, 1815.0], [8355.0, 1810.0], [8360.0, 1815.0], [8365.0, 1820.0], [8370.0, 1815.0], [8375.0, 1810.0], [8380.0, 1805.0], [8385.0, 1800.0], [8390.0, 1795.0], [8395.0, 1790.0], [8400.0, 1785.0], [8400.0, 1775.0], [8405.0, 1770.0], [8410.0, 1765.0], [8415.0, 1760.0], [8420.0, 1755.0], [8425.0, 1750.0], [8430.0, 1745.0], [8435.0, 1740.0], [8440.0, 1735.0], [8445.0, 1730.0], [8455.0, 1730.0], [8460.0, 1725.0], [8465.0, 1720.0], [8475.0, 1720.0], [8485.0, 1720.0], [8490.0, 1715.0], [8495.0, 1710.0], [8500.0, 1705.0], [8505.0, 1700.0], [8510.0, 1705.0], [8515.0, 1710.0], [8525.0, 1710.0], [8535.0, 1710.0], [8540.0, 1705.0], [8545.0, 1700.0], [8550.0, 1695.0], [8555.0, 1690.0], [8560.0, 1685.0], [8565.0, 1680.0], [8570.0, 1675.0], [8570.0, 1665.0], [8575.0, 1660.0], [8580.0, 1655.0], [8580.0, 1645.0], [8585.0, 1640.0], [8590.0, 1635.0], [8590.0, 1625.0], [8590.0, 1615.0], [8590.0, 1605.0], [8590.0, 1595.0], [8585.0, 1590.0], [8580.0, 1585.0], [8575.0, 1580.0], [8570.0, 1575.0], [8565.0, 1570.0], [8560.0, 1565.0], [8555.0, 1560.0], [8550.0, 1555.0], [8555.0, 1550.0], [8560.0, 1545.0], [8555.0, 1540.0], [8550.0, 1535.0], [8555.0, 1530.0], [8560.0, 1525.0], [8565.0, 1520.0], [8570.0, 1515.0], [8570.0, 1505.0], [8570.0, 1495.0], [8575.0, 1490.0], [8580.0, 1485.0], [8580.0, 1475.0], [8585.0, 1470.0], [8590.0, 1465.0], [8590.0, 1455.0], [8595.0, 1450.0], [8600.0, 1445.0], [8595.0, 1440.0], [8590.0, 1435.0], [8585.0, 1430.0], [8580.0, 1425.0], [8580.0, 1415.0], [8575.0, 1410.0], [8570.0, 1405.0], [8565.0, 1400.0], [8560.0, 1395.0], [8555.0, 1390.0], [8550.0, 1385.0], [8545.0, 1380.0], [8535.0, 1380.0], [8530.0, 1375.0], [8525.0, 1370.0], [8520.0, 1375.0], [8515.0, 1380.0], [8510.0, 1375.0], [8505.0, 1370.0], [8500.0, 1375.0], [8495.0, 1380.0], [8485.0, 1380.0], [8480.0, 1375.0], [8475.0, 1370.0], [8470.0, 1375.0], [8465.0, 1380.0], [8460.0, 1385.0], [8455.0, 1390.0], [8450.0, 1395.0], [8445.0, 1400.0], [8440.0, 1405.0], [8445.0, 1410.0], [8450.0, 1415.0], [8450.0, 1425.0], [8445.0, 1430.0], [8440.0, 1435.0], [8435.0, 1440.0], [8430.0, 1445.0], [8425.0, 1450.0], [8420.0, 1455.0], [8415.0, 1460.0], [8405.0, 1460.0], [8400.0, 1465.0], [8395.0, 1470.0], [8385.0, 1470.0], [8380.0, 1475.0], [8375.0, 1480.0], [8370.0, 1485.0], [8365.0, 1490.0], [8360.0, 1495.0], [8355.0, 1500.0], [8350.0, 1505.0], [8345.0, 1510.0], [8335.0, 1510.0], [8330.0, 1515.0], [8325.0, 1520.0], [8320.0, 1515.0], [8315.0, 1510.0], [8310.0, 1505.0], [8310.0, 1495.0], [8310.0, 1485.0], [8305.0, 1480.0], [8300.0, 1475.0], [8295.0, 1470.0], [8290.0, 1465.0], [8290.0, 1455.0], [8285.0, 1450.0], [8280.0, 1445.0], [8280.0, 1435.0], [8280.0, 1425.0], [8280.0, 1415.0], [8280.0, 1405.0], [8285.0, 1400.0], [8290.0, 1395.0], [8290.0, 1385.0], [8290.0, 1375.0], [8295.0, 1370.0], [8300.0, 1365.0], [8300.0, 1355.0], [8300.0, 1345.0], [8300.0, 1335.0], [8300.0, 1325.0], [8305.0, 1320.0], [8310.0, 1315.0], [8315.0, 1310.0], [8320.0, 1305.0], [8325.0, 1300.0], [8330.0, 1295.0], [8335.0, 1290.0], [8340.0, 1285.0], [8345.0, 1280.0], [8350.0, 1275.0], [8355.0, 1270.0], [8365.0, 1270.0], [8370.0, 1265.0], [8375.0, 1260.0], [8385.0, 1260.0], [8395.0, 1260.0], [8405.0, 1260.0], [8415.0, 1260.0], [8420.0, 1255.0], [8425.0, 1250.0], [8430.0, 1255.0], [8435.0, 1260.0], [8445.0, 1260.0], [8450.0, 1265.0], [8455.0, 1270.0], [8465.0, 1270.0], [8475.0, 1270.0], [8485.0, 1270.0], [8490.0, 1265.0], [8495.0, 1260.0], [8505.0, 1260.0], [8515.0, 1260.0], [8520.0, 1255.0], [8525.0, 1250.0], [8530.0, 1255.0], [8535.0, 1260.0], [8545.0, 1260.0], [8555.0, 1260.0], [8565.0, 1260.0], [8575.0, 1260.0], [8585.0, 1260.0], [8595.0, 1260.0], [8600.0, 1255.0], [8605.0, 1250.0], [8610.0, 1245.0], [8615.0, 1240.0], [8625.0, 1240.0], [8630.0, 1235.0], [8635.0, 1230.0], [8640.0, 1225.0], [8640.0, 1215.0], [8645.0, 1210.0], [8650.0, 1205.0], [8655.0, 1200.0], [8660.0, 1195.0], [8655.0, 1190.0], [8650.0, 1195.0], [8645.0, 1200.0], [8640.0, 1205.0], [8635.0, 1210.0], [8625.0, 1210.0], [8620.0, 1215.0], [8615.0, 1220.0], [8605.0, 1220.0], [8600.0, 1225.0], [8595.0, 1230.0], [8585.0, 1230.0], [8580.0, 1235.0], [8575.0, 1240.0], [8565.0, 1240.0], [8555.0, 1240.0], [8550.0, 1235.0], [8545.0, 1230.0], [8540.0, 1225.0], [8535.0, 1220.0], [8525.0, 1220.0], [8515.0, 1220.0], [8510.0, 1225.0], [8505.0, 1230.0], [8500.0, 1235.0], [8495.0, 1240.0], [8485.0, 1240.0], [8475.0, 1240.0], [8465.0, 1240.0], [8460.0, 1235.0], [8465.0, 1230.0], [8470.0, 1225.0], [8475.0, 1220.0], [8485.0, 1220.0], [8495.0, 1220.0], [8500.0, 1215.0], [8505.0, 1210.0], [8510.0, 1205.0], [8515.0, 1200.0], [8525.0, 1200.0], [8535.0, 1200.0], [8540.0, 1205.0], [8545.0, 1210.0], [8550.0, 1215.0], [8555.0, 1220.0], [8565.0, 1220.0], [8570.0, 1215.0], [8570.0, 1205.0], [8570.0, 1195.0], [8565.0, 1190.0], [8560.0, 1185.0], [8565.0, 1180.0], [8570.0, 1175.0], [8570.0, 1165.0], [8570.0, 1155.0], [8575.0, 1150.0], [8585.0, 1150.0], [8590.0, 1145.0], [8595.0, 1140.0], [8600.0, 1135.0], [8605.0, 1130.0], [8610.0, 1125.0], [8615.0, 1120.0], [8625.0, 1120.0], [8630.0, 1115.0], [8635.0, 1110.0], [8640.0, 1105.0], [8645.0, 1100.0], [8655.0, 1100.0], [8660.0, 1095.0], [8665.0, 1090.0], [8670.0, 1085.0], [8675.0, 1080.0], [8685.0, 1080.0], [8690.0, 1075.0], [8695.0, 1070.0], [8705.0, 1070.0], [8715.0, 1070.0], [8720.0, 1065.0], [8725.0, 1060.0], [8735.0, 1060.0], [8745.0, 1060.0], [8755.0, 1060.0], [8760.0, 1055.0], [8765.0, 1050.0], [8775.0, 1050.0], [8785.0, 1050.0], [8795.0, 1050.0], [8800.0, 1045.0], [8805.0, 1040.0], [8815.0, 1040.0], [8825.0, 1040.0], [8835.0, 1040.0], [8845.0, 1040.0], [8855.0, 1040.0], [8865.0, 1040.0], [8875.0, 1040.0], [8885.0, 1040.0], [8895.0, 1040.0], [8905.0, 1040.0], [8915.0, 1040.0], [8925.0, 1040.0], [8935.0, 1040.0], [8945.0, 1040.0], [8955.0, 1040.0], [8965.0, 1040.0], [8970.0, 1045.0], [8975.0, 1050.0], [8985.0, 1050.0], [8995.0, 1050.0], [9005.0, 1050.0], [9015.0, 1050.0], [9025.0, 1050.0], [9035.0, 1050.0], [9045.0, 1050.0], [9050.0, 1055.0], [9055.0, 1060.0], [9065.0, 1060.0], [9075.0, 1060.0], [9080.0, 1065.0], [9080.0, 1075.0], [9085.0, 1080.0], [9090.0, 1085.0], [9090.0, 1095.0], [9095.0, 1100.0], [9100.0, 1105.0], [9100.0, 1115.0], [9100.0, 1125.0], [9100.0, 1135.0], [9100.0, 1145.0], [9100.0, 1155.0], [9095.0, 1160.0], [9090.0, 1155.0], [9085.0, 1150.0], [9080.0, 1155.0], [9080.0, 1165.0], [9085.0, 1170.0], [9095.0, 1170.0], [9105.0, 1170.0], [9110.0, 1175.0], [9115.0, 1180.0], [9120.0, 1185.0], [9125.0, 1190.0], [9135.0, 1190.0], [9140.0, 1195.0], [9140.0, 1205.0], [9140.0, 1215.0], [9135.0, 1220.0], [9130.0, 1225.0], [9130.0, 1235.0], [9130.0, 1245.0], [9125.0, 1250.0], [9120.0, 1255.0], [9120.0, 1265.0], [9115.0, 1270.0], [9110.0, 1275.0], [9105.0, 1280.0], [9100.0, 1285.0], [9100.0, 1295.0], [9095.0, 1300.0], [9090.0, 1305.0], [9085.0, 1310.0], [9080.0, 1315.0], [9075.0, 1320.0], [9070.0, 1325.0], [9065.0, 1330.0], [9060.0, 1335.0], [9055.0, 1340.0], [9045.0, 1340.0], [9040.0, 1345.0], [9035.0, 1350.0], [9030.0, 1355.0], [9025.0, 1360.0], [9020.0, 1365.0], [9020.0, 1375.0], [9020.0, 1385.0], [9015.0, 1390.0], [9010.0, 1395.0], [9010.0, 1405.0], [9005.0, 1410.0], [9000.0, 1415.0], [8995.0, 1420.0], [8990.0, 1425.0], [8990.0, 1435.0], [8985.0, 1440.0], [8980.0, 1445.0], [8975.0, 1450.0], [8970.0, 1455.0], [8965.0, 1460.0], [8960.0, 1465.0], [8955.0, 1470.0], [8950.0, 1475.0], [8945.0, 1480.0], [8935.0, 1480.0], [8930.0, 1485.0], [8925.0, 1490.0], [8920.0, 1495.0], [8915.0, 1500.0], [8905.0, 1500.0], [8900.0, 1505.0], [8895.0, 1510.0], [8885.0, 1510.0], [8875.0, 1510.0], [8870.0, 1515.0], [8865.0, 1520.0], [8855.0, 1520.0], [8845.0, 1520.0], [8835.0, 1520.0], [8825.0, 1520.0], [8815.0, 1520.0], [8805.0, 1520.0], [8795.0, 1520.0], [8785.0, 1520.0], [8780.0, 1515.0], [8775.0, 1510.0], [8770.0, 1515.0], [8765.0, 1520.0], [8760.0, 1525.0], [8760.0, 1535.0], [8760.0, 1545.0], [8765.0, 1550.0], [8770.0, 1555.0], [8770.0, 1565.0], [8770.0, 1575.0], [8770.0, 1585.0], [8770.0, 1595.0], [8770.0, 1605.0], [8770.0, 1615.0], [8770.0, 1625.0], [8770.0, 1635.0], [8770.0, 1645.0], [8770.0, 1655.0], [8770.0, 1665.0], [8770.0, 1675.0], [8765.0, 1680.0], [8760.0, 1685.0], [8760.0, 1695.0], [8760.0, 1705.0], [8755.0, 1710.0], [8750.0, 1715.0], [8750.0, 1725.0], [8745.0, 1730.0], [8740.0, 1735.0], [8740.0, 1745.0], [8735.0, 1750.0], [8730.0, 1755.0], [8730.0, 1765.0], [8725.0, 1770.0], [8720.0, 1775.0], [8715.0, 1780.0], [8710.0, 1785.0], [8710.0, 1795.0], [8705.0, 1800.0], [8700.0, 1805.0], [8695.0, 1810.0], [8690.0, 1815.0], [8685.0, 1820.0], [8680.0, 1825.0], [8675.0, 1830.0], [8670.0, 1835.0], [8670.0, 1845.0], [8670.0, 1855.0], [8675.0, 1860.0], [8680.0, 1865.0], [8685.0, 1870.0], [8690.0, 1875.0], [8690.0, 1885.0], [8695.0, 1890.0], [8700.0, 1895.0], [8700.0, 1905.0], [8700.0, 1915.0], [8705.0, 1920.0], [8710.0, 1925.0], [8710.0, 1935.0], [8710.0, 1945.0], [8710.0, 1955.0], [8710.0, 1965.0], [8710.0, 1975.0], [8710.0, 1985.0], [8710.0, 1995.0], [8710.0, 2005.0], [8710.0, 2015.0], [8710.0, 2025.0], [8710.0, 2035.0], [8710.0, 2045.0], [8710.0, 2055.0], [8705.0, 2060.0], [8700.0, 2065.0], [8700.0, 2075.0], [8700.0, 2085.0], [8695.0, 2090.0], [8690.0, 2095.0], [8690.0, 2105.0], [8685.0, 2110.0], [8680.0, 2115.0], [8685.0, 2120.0], [8695.0, 2120.0], [8705.0, 2120.0], [8715.0, 2120.0], [8725.0, 2120.0], [8730.0, 2125.0], [8735.0, 2130.0], [8745.0, 2130.0], [8755.0, 2130.0], [8760.0, 2135.0], [8765.0, 2140.0], [8775.0, 2140.0], [8780.0, 2145.0], [8785.0, 2150.0], [8790.0, 2155.0], [8795.0, 2160.0], [8805.0, 2160.0], [8810.0, 2165.0], [8815.0, 2170.0], [8820.0, 2175.0], [8825.0, 2180.0], [8830.0, 2185.0], [8835.0, 2190.0], [8840.0, 2195.0], [8845.0, 2200.0], [8850.0, 2205.0], [8850.0, 2215.0], [8855.0, 2220.0], [8860.0, 2225.0], [8865.0, 2230.0], [8870.0, 2235.0], [8870.0, 2245.0], [8875.0, 2250.0], [8880.0, 2255.0], [8880.0, 2265.0], [8880.0, 2275.0], [8885.0, 2280.0], [8890.0, 2285.0], [8890.0, 2295.0], [8890.0, 2305.0], [8890.0, 2315.0], [8890.0, 2325.0], [8890.0, 2335.0], [8890.0, 2345.0], [8890.0, 2355.0], [8890.0, 2365.0], [8890.0, 2375.0], [8885.0, 2380.0], [8880.0, 2385.0], [8880.0, 2395.0], [8880.0, 2405.0], [8875.0, 2410.0], [8870.0, 2415.0], [8870.0, 2425.0], [8865.0, 2430.0], [8860.0, 2435.0], [8855.0, 2440.0], [8850.0, 2445.0], [8850.0, 2455.0], [8855.0, 2460.0], [8860.0, 2465.0], [8860.0, 2475.0], [8860.0, 2485.0], [8860.0, 2495.0], [8860.0, 2505.0], [8860.0, 2515.0], [8860.0, 2525.0], [8860.0, 2535.0], [8860.0, 2545.0], [8855.0, 2550.0], [8850.0, 2555.0], [8850.0, 2565.0], [8850.0, 2575.0], [8845.0, 2580.0], [8840.0, 2585.0], [8840.0, 2595.0], [8835.0, 2600.0], [8830.0, 2605.0], [8825.0, 2610.0], [8820.0, 2615.0], [8820.0, 2625.0], [8815.0, 2630.0], [8810.0, 2635.0], [8805.0, 2640.0], [8800.0, 2645.0], [8795.0, 2650.0], [8790.0, 2655.0], [8785.0, 2660.0], [8780.0, 2665.0], [8775.0, 2670.0], [8770.0, 2675.0], [8765.0, 2680.0], [8755.0, 2680.0], [8750.0, 2685.0], [8745.0, 2690.0], [8740.0, 2695.0], [8735.0, 2700.0], [8725.0, 2700.0], [8720.0, 2705.0], [8715.0, 2710.0], [8705.0, 2710.0], [8695.0, 2710.0], [8690.0, 2715.0], [8685.0, 2720.0], [8675.0, 2720.0], [8665.0, 2720.0], [8655.0, 2720.0], [8645.0, 2720.0], [8635.0, 2720.0], [8625.0, 2720.0], [8615.0, 2720.0], [8605.0, 2720.0], [8595.0, 2720.0], [8585.0, 2720.0], [8575.0, 2720.0], [8565.0, 2720.0], [8560.0, 2715.0], [8555.0, 2710.0], [8550.0, 2715.0], [8550.0, 2725.0], [8550.0, 2735.0], [8550.0, 2745.0], [8545.0, 2750.0], [8540.0, 2755.0], [8540.0, 2765.0], [8540.0, 2775.0], [8535.0, 2780.0], [8530.0, 2785.0], [8530.0, 2795.0], [8525.0, 2800.0], [8520.0, 2805.0], [8515.0, 2810.0], [8510.0, 2815.0], [8510.0, 2825.0], [8505.0, 2830.0], [8500.0, 2835.0], [8495.0, 2840.0], [8490.0, 2845.0], [8485.0, 2850.0], [8480.0, 2855.0], [8475.0, 2860.0], [8470.0, 2865.0], [8465.0, 2870.0], [8455.0, 2870.0], [8450.0, 2875.0], [8445.0, 2880.0], [8440.0, 2885.0], [8435.0, 2890.0], [8425.0, 2890.0], [8420.0, 2895.0], [8415.0, 2900.0], [8405.0, 2900.0], [8395.0, 2900.0], [8390.0, 2905.0], [8385.0, 2910.0], [8375.0, 2910.0], [8365.0, 2910.0], [8355.0, 2910.0], [8345.0, 2910.0], [8335.0, 2910.0], [8330.0, 2915.0], [8325.0, 2920.0], [8320.0, 2925.0], [8315.0, 2930.0], [8305.0, 2930.0], [8300.0, 2935.0], [8295.0, 2940.0], [8285.0, 2940.0], [8275.0, 2940.0], [8270.0, 2945.0], [8265.0, 2950.0], [8260.0, 2955.0], [8265.0, 2960.0], [8270.0, 2965.0], [8275.0, 2970.0], [8280.0, 2975.0], [8285.0, 2980.0], [8290.0, 2985.0], [8295.0, 2990.0], [8300.0, 2995.0], [8300.0, 3005.0], [8305.0, 3010.0], [8310.0, 3015.0], [8315.0, 3020.0], [8320.0, 3025.0], [8320.0, 3035.0], [8325.0, 3040.0], [8330.0, 3045.0], [8330.0, 3055.0], [8330.0, 3065.0], [8335.0, 3070.0], [8340.0, 3075.0], [8340.0, 3085.0], [8340.0, 3095.0], [8340.0, 3105.0], [8340.0, 3115.0], [8340.0, 3125.0], [8340.0, 3135.0], [8340.0, 3145.0], [8340.0, 3155.0], [8340.0, 3165.0], [8340.0, 3175.0], [8335.0, 3180.0], [8330.0, 3185.0], [8330.0, 3195.0], [8330.0, 3205.0], [8325.0, 3210.0], [8320.0, 3215.0], [8320.0, 3225.0], [8315.0, 3230.0], [8310.0, 3235.0], [8315.0, 3240.0], [8320.0, 3245.0], [8320.0, 3255.0], [8320.0, 3265.0], [8325.0, 3270.0], [8330.0, 3275.0], [8330.0, 3285.0], [8330.0, 3295.0], [8330.0, 3305.0], [8330.0, 3315.0], [8330.0, 3325.0], [8330.0, 3335.0], [8330.0, 3345.0], [8330.0, 3355.0], [8330.0, 3365.0], [8325.0, 3370.0], [8320.0, 3375.0], [8320.0, 3385.0], [8320.0, 3395.0], [8315.0, 3400.0], [8310.0, 3405.0], [8310.0, 3415.0], [8305.0, 3420.0], [8300.0, 3425.0], [8295.0, 3430.0], [8290.0, 3435.0], [8290.0, 3445.0], [8285.0, 3450.0], [8280.0, 3455.0], [8275.0, 3460.0], [8270.0, 3465.0], [8270.0, 3475.0], [8265.0, 3480.0], [8260.0, 3485.0], [8255.0, 3490.0], [8250.0, 3495.0], [8250.0, 3505.0], [8245.0, 3510.0], [8240.0, 3515.0], [8235.0, 3520.0], [8230.0, 3525.0], [8225.0, 3530.0], [8220.0, 3535.0], [8215.0, 3540.0], [8210.0, 3545.0], [8205.0, 3550.0], [8195.0, 3550.0], [8190.0, 3555.0], [8185.0, 3560.0], [8180.0, 3565.0], [8175.0, 3570.0], [8165.0, 3570.0], [8160.0, 3575.0], [8155.0, 3580.0], [8145.0, 3580.0], [8135.0, 3580.0], [8130.0, 3585.0], [8125.0, 3590.0]], [[8830.0, 1335.0], [8835.0, 1330.0], [8840.0, 1325.0], [8845.0, 1320.0], [8850.0, 1315.0], [8845.0, 1310.0], [8840.0, 1305.0], [8835.0, 1300.0], [8830.0, 1295.0], [8835.0, 1290.0], [8840.0, 1285.0], [8845.0, 1280.0], [8850.0, 1275.0], [8855.0, 1270.0], [8860.0, 1265.0], [8865.0, 1260.0], [8870.0, 1255.0], [8875.0, 1250.0], [8880.0, 1245.0], [8885.0, 1240.0], [8890.0, 1235.0], [8890.0, 1225.0], [8895.0, 1220.0], [8900.0, 1215.0], [8905.0, 1210.0], [8910.0, 1205.0], [8915.0, 1200.0], [8925.0, 1200.0], [8935.0, 1200.0], [8940.0, 1195.0], [8945.0, 1190.0], [8950.0, 1185.0], [8955.0, 1180.0], [8960.0, 1175.0], [8960.0, 1165.0], [8960.0, 1155.0], [8965.0, 1150.0], [8975.0, 1150.0], [8985.0, 1150.0], [8995.0, 1150.0], [9005.0, 1150.0], [9015.0, 1150.0], [9020.0, 1155.0], [9025.0, 1160.0], [9035.0, 1160.0], [9045.0, 1160.0], [9055.0, 1160.0], [9065.0, 1160.0], [9070.0, 1155.0], [9065.0, 1150.0], [9055.0, 1150.0], [9045.0, 1150.0], [9035.0, 1150.0], [9025.0, 1150.0], [9020.0, 1145.0], [9015.0, 1140.0], [9005.0, 1140.0], [8995.0, 1140.0], [8985.0, 1140.0], [8975.0, 1140.0], [8965.0, 1140.0], [8960.0, 1135.0], [8955.0, 1130.0], [8950.0, 1135.0], [8945.0, 1140.0], [8940.0, 1135.0], [8935.0, 1130.0], [8925.0, 1130.0], [8915.0, 1130.0], [8910.0, 1135.0], [8905.0, 1140.0], [8900.0, 1135.0], [8895.0, 1130.0], [8885.0, 1130.0], [8875.0, 1130.0], [8865.0, 1130.0], [8855.0, 1130.0], [8845.0, 1130.0], [8835.0, 1130.0], [8825.0, 1130.0], [8815.0, 1130.0], [8810.0, 1135.0], [8805.0, 1140.0], [8795.0, 1140.0], [8785.0, 1140.0], [8780.0, 1145.0], [8775.0, 1150.0], [8765.0, 1150.0], [8755.0, 1150.0], [8745.0, 1150.0], [8735.0, 1150.0], [8730.0, 1155.0], [8725.0, 1160.0], [8720.0, 1155.0], [8715.0, 1150.0], [8710.0, 1155.0], [8705.0, 1160.0], [8700.0, 1165.0], [8695.0, 1170.0], [8690.0, 1175.0], [8685.0, 1180.0], [8680.0, 1185.0], [8685.0, 1190.0], [8690.0, 1185.0], [8695.0, 1180.0], [8705.0, 1180.0], [8710.0, 1185.0], [8715.0, 1190.0], [8720.0, 1195.0], [8725.0, 1200.0], [8730.0, 1205.0], [8735.0, 1210.0], [8740.0, 1215.0], [8745.0, 1220.0], [8750.0, 1225.0], [8750.0, 1235.0], [8750.0, 1245.0], [8750.0, 1255.0], [8755.0, 1260.0], [8760.0, 1265.0], [8760.0, 1275.0], [8765.0, 1280.0], [8770.0, 1285.0], [8775.0, 1290.0], [8780.0, 1295.0], [8785.0, 1300.0], [8790.0, 1305.0], [8795.0, 1310.0], [8800.0, 1315.0], [8805.0, 1320.0], [8810.0, 1325.0], [8815.0, 1330.0], [8820.0, 1335.0], [8825.0, 1340.0], [8830.0, 1335.0]]]}, "properties": {"objectType": "annotation", "name": "R1_2_T|peri", "classification": {"name": "peri", "color": [25, 158, 112]}, "lesion_id": 0, "section": "R1_2_T", "area_um2": 791200.0, "lesion_ids": [1, 6, 7, 19, 21]}}, {"type": "Feature", "geometry": {"type": "Polygon", "coordinates": [[[7665.0, 2340.0], [7655.0, 2340.0], [7650.0, 2335.0], [7650.0, 2325.0], [7650.0, 2315.0], [7655.0, 2310.0], [7660.0, 2305.0], [7665.0, 2300.0], [7670.0, 2295.0], [7670.0, 2285.0], [7670.0, 2275.0], [7675.0, 2270.0], [7680.0, 2265.0], [7685.0, 2260.0], [7690.0, 2255.0], [7695.0, 2250.0], [7700.0, 2245.0], [7700.0, 2235.0], [7705.0, 2230.0], [7710.0, 2225.0], [7710.0, 2215.0], [7705.0, 2210.0], [7700.0, 2205.0], [7700.0, 2195.0], [7705.0, 2190.0], [7710.0, 2185.0], [7710.0, 2175.0], [7710.0, 2165.0], [7705.0, 2160.0], [7700.0, 2155.0], [7700.0, 2145.0], [7700.0, 2135.0], [7700.0, 2125.0], [7700.0, 2115.0], [7705.0, 2110.0], [7710.0, 2105.0], [7705.0, 2100.0], [7700.0, 2095.0], [7700.0, 2085.0], [7695.0, 2080.0], [7690.0, 2075.0], [7690.0, 2065.0], [7690.0, 2055.0], [7685.0, 2050.0], [7680.0, 2045.0], [7680.0, 2035.0], [7680.0, 2025.0], [7680.0, 2015.0], [7675.0, 2010.0], [7665.0, 2010.0], [7655.0, 2010.0], [7650.0, 2005.0], [7645.0, 2000.0], [7640.0, 1995.0], [7635.0, 1990.0], [7625.0, 1990.0], [7620.0, 1985.0], [7615.0, 1980.0], [7610.0, 1975.0], [7605.0, 1970.0], [7600.0, 1965.0], [7595.0, 1960.0], [7590.0, 1955.0], [7585.0, 1950.0], [7580.0, 1945.0], [7585.0, 1940.0], [7590.0, 1935.0], [7590.0, 1925.0], [7585.0, 1920.0], [7580.0, 1915.0], [7585.0, 1910.0], [7590.0, 1905.0], [7585.0, 1900.0], [7580.0, 1895.0], [7585.0, 1890.0], [7590.0, 1885.0], [7585.0, 1880.0], [7580.0, 1875.0], [7575.0, 1870.0], [7565.0, 1870.0], [7560.0, 1865.0], [7555.0, 1860.0], [7550.0, 1855.0], [7545.0, 1850.0], [7540.0, 1845.0], [7540.0, 1835.0], [7540.0, 1825.0], [7535.0, 1820.0], [7530.0, 1815.0], [7530.0, 1805.0], [7530.0, 1795.0], [7525.0, 1790.0], [7520.0, 1785.0], [7515.0, 1780.0], [7510.0, 1775.0], [7510.0, 1765.0], [7510.0, 1755.0], [7505.0, 1750.0], [7500.0, 1745.0], [7500.0, 1735.0], [7500.0, 1725.0], [7500.0, 1715.0], [7495.0, 1710.0], [7490.0, 1705.0], [7490.0, 1695.0], [7490.0, 1685.0], [7485.0, 1680.0], [7480.0, 1675.0], [7480.0, 1665.0], [7480.0, 1655.0], [7480.0, 1645.0], [7475.0, 1640.0], [7470.0, 1635.0], [7465.0, 1630.0], [7460.0, 1625.0], [7460.0, 1615.0], [7455.0, 1610.0], [7450.0, 1605.0], [7445.0, 1600.0], [7440.0, 1595.0], [7440.0, 1585.0], [7435.0, 1580.0], [7430.0, 1575.0], [7425.0, 1570.0], [7420.0, 1565.0], [7415.0, 1560.0], [7410.0, 1555.0], [7410.0, 1545.0], [7405.0, 1540.0], [7395.0, 1540.0], [7390.0, 1535.0], [7385.0, 1530.0], [7380.0, 1525.0], [7375.0, 1520.0], [7370.0, 1515.0], [7365.0, 1510.0], [7360.0, 1505.0], [7360.0, 1495.0], [7360.0, 1485.0], [7355.0, 1480.0], [7350.0, 1475.0], [7345.0, 1470.0], [7340.0, 1465.0], [7335.0, 1460.0], [7330.0, 1455.0], [7325.0, 1450.0], [7320.0, 1445.0], [7315.0, 1440.0], [7310.0, 1435.0], [7305.0, 1430.0], [7300.0, 1425.0], [7295.0, 1420.0], [7290.0, 1415.0], [7290.0, 1405.0], [7290.0, 1395.0], [7285.0, 1390.0], [7280.0, 1385.0], [7275.0, 1380.0], [7270.0, 1375.0], [7265.0, 1370.0], [7260.0, 1365.0], [7255.0, 1360.0], [7250.0, 1355.0], [7245.0, 1350.0], [7235.0, 1350.0], [7230.0, 1345.0], [7225.0, 1340.0], [7220.0, 1335.0], [7215.0, 1330.0], [7210.0, 1325.0], [7205.0, 1320.0], [7200.0, 1315.0], [7195.0, 1310.0], [7190.0, 1305.0], [7185.0, 1300.0], [7180.0, 1295.0], [7175.0, 1290.0], [7170.0, 1285.0], [7165.0, 1280.0], [7160.0, 1275.0], [7155.0, 1270.0], [7150.0, 1265.0], [7145.0, 1260.0], [7140.0, 1255.0], [7135.0, 1250.0], [7125.0, 1250.0], [7120.0, 1245.0], [7115.0, 1240.0], [7110.0, 1235.0], [7105.0, 1230.0], [7095.0, 1230.0], [7090.0, 1225.0], [7085.0, 1220.0], [7075.0, 1220.0], [7065.0, 1220.0], [7060.0, 1215.0], [7055.0, 1210.0], [7045.0, 1210.0], [7040.0, 1205.0], [7035.0, 1200.0], [7025.0, 1200.0], [7015.0, 1200.0], [7005.0, 1200.0], [7000.0, 1195.0], [6995.0, 1190.0], [6985.0, 1190.0], [6975.0, 1190.0], [6970.0, 1185.0], [6965.0, 1180.0], [6955.0, 1180.0], [6945.0, 1180.0], [6935.0, 1180.0], [6925.0, 1180.0], [6915.0, 1180.0], [6905.0, 1180.0], [6895.0, 1180.0], [6885.0, 1180.0], [6880.0, 1175.0], [6875.0, 1170.0], [6865.0, 1170.0], [6855.0, 1170.0], [6850.0, 1175.0], [6845.0, 1180.0], [6840.0, 1175.0], [6835.0, 1170.0], [6825.0, 1170.0], [6820.0, 1175.0], [6815.0, 1180.0], [6810.0, 1175.0], [6805.0, 1170.0], [6800.0, 1175.0], [6795.0, 1180.0], [6785.0, 1180.0], [6780.0, 1175.0], [6775.0, 1170.0], [6765.0, 1170.0], [6760.0, 1175.0], [6755.0, 1180.0], [6750.0, 1175.0], [6745.0, 1170.0], [6735.0, 1170.0], [6725.0, 1170.0], [6715.0, 1170.0], [6710.0, 1165.0], [6705.0, 1160.0], [6695.0, 1160.0], [6685.0, 1160.0], [6675.0, 1160.0], [6665.0, 1160.0], [6655.0, 1160.0], [6645.0, 1160.0], [6640.0, 1165.0], [6635.0, 1170.0], [6625.0, 1170.0], [6620.0, 1165.0], [6615.0, 1160.0], [6610.0, 1165.0], [6605.0, 1170.0], [6595.0, 1170.0], [6585.0, 1170.0], [6580.0, 1175.0], [6575.0, 1180.0], [6570.0, 1175.0], [6565.0, 1170.0], [6560.0, 1175.0], [6555.0, 1180.0], [6545.0, 1180.0], [6535.0, 1180.0], [6525.0, 1180.0], [6520.0, 1185.0], [6515.0, 1190.0], [6510.0, 1185.0], [6505.0, 1180.0], [6500.0, 1185.0], [6495.0, 1190.0], [6485.0, 1190.0], [6475.0, 1190.0], [6465.0, 1190.0], [6460.0, 1195.0], [6455.0, 1200.0], [6450.0, 1205.0], [6445.0, 1210.0], [6435.0, 1210.0], [6425.0, 1210.0], [6420.0, 1215.0], [6415.0, 1220.0], [6410.0, 1215.0], [6405.0, 1210.0], [6395.0, 1210.0], [6385.0, 1210.0], [6380.0, 1205.0], [6375.0, 1200.0], [6370.0, 1205.0], [6365.0, 1210.0], [6360.0, 1205.0], [6355.0, 1200.0], [6345.0, 1200.0], [6335.0, 1200.0], [6330.0, 1195.0], [6325.0, 1190.0], [6315.0, 1190.0], [6310.0, 1185.0], [6305.0, 1180.0], [6300.0, 1175.0], [6305.0, 1170.0], [6310.0, 1165.0], [6315.0, 1160.0], [6320.0, 1155.0], [6320.0, 1145.0], [6325.0, 1140.0], [6330.0, 1135.0], [6335.0, 1130.0], [6340.0, 1125.0], [6345.0, 1120.0], [6355.0, 1120.0], [6365.0, 1120.0], [6375.0, 1120.0], [6385.0, 1120.0], [6390.0, 1125.0], [6395.0, 1130.0], [6400.0, 1125.0], [6405.0, 1120.0], [6415.0, 1120.0], [6425.0, 1120.0], [6435.0, 1120.0], [6440.0, 1115.0], [6445.0, 1110.0], [6455.0, 1110.0], [6460.0, 1105.0], [6465.0, 1100.0], [6475.0, 1100.0], [6485.0, 1100.0], [6490.0, 1095.0], [6495.0, 1090.0], [6505.0, 1090.0], [6515.0, 1090.0], [6525.0, 1090.0], [6535.0, 1090.0], [6540.0, 1085.0], [6545.0, 1080.0], [6555.0, 1080.0], [6565.0, 1080.0], [6575.0, 1080.0], [6585.0, 1080.0], [6590.0, 1075.0], [6595.0, 1070.0], [6605.0, 1070.0], [6615.0, 1070.0], [6625.0, 1070.0], [6635.0, 1070.0], [6645.0, 1070.0], [6655.0, 1070.0], [6665.0, 1070.0], [6675.0, 1070.0], [6685.0, 1070.0], [6695.0, 1070.0], [6705.0, 1070.0], [6715.0, 1070.0], [6725.0, 1070.0], [6730.0, 1075.0], [6735.0, 1080.0], [6745.0, 1080.0], [6755.0, 1080.0], [6765.0, 1080.0], [6775.0, 1080.0], [6785.0, 1080.0], [6795.0, 1080.0], [6805.0, 1080.0], [6815.0, 1080.0], [6825.0, 1080.0], [6835.0, 1080.0], [6845.0, 1080.0], [6855.0, 1080.0], [6865.0, 1080.0], [6875.0, 1080.0], [6885.0, 1080.0], [6895.0, 1080.0], [6905.0, 1080.0], [6915.0, 1080.0], [6925.0, 1080.0], [6935.0, 1080.0], [6945.0, 1080.0], [6955.0, 1080.0], [6960.0, 1085.0], [6965.0, 1090.0], [6975.0, 1090.0], [6985.0, 1090.0], [6995.0, 1090.0], [7000.0, 1095.0], [7005.0, 1100.0], [7015.0, 1100.0], [7025.0, 1100.0], [7030.0, 1105.0], [7035.0, 1110.0], [7045.0, 1110.0], [7055.0, 1110.0], [7065.0, 1110.0], [7070.0, 1115.0], [7075.0, 1120.0], [7085.0, 1120.0], [7090.0, 1125.0], [7095.0, 1130.0], [7105.0, 1130.0], [7110.0, 1135.0], [7115.0, 1140.0], [7120.0, 1145.0], [7125.0, 1150.0], [7135.0, 1150.0], [7140.0, 1155.0], [7145.0, 1160.0], [7150.0, 1165.0], [7155.0, 1170.0], [7165.0, 1170.0], [7170.0, 1175.0], [7175.0, 1180.0], [7180.0, 1185.0], [7185.0, 1190.0], [7195.0, 1190.0], [7200.0, 1195.0], [7205.0, 1200.0], [7210.0, 1205.0], [7215.0, 1210.0], [7220.0, 1215.0], [7225.0, 1220.0], [7230.0, 1225.0], [7235.0, 1230.0], [7240.0, 1235.0], [7245.0, 1240.0], [7250.0, 1245.0], [7255.0, 1250.0], [7265.0, 1250.0], [7270.0, 1255.0], [7275.0, 1260.0], [7280.0, 1265.0], [7285.0, 1270.0], [7290.0, 1275.0], [7295.0, 1280.0], [7300.0, 1285.0], [7305.0, 1290.0], [7310.0, 1295.0], [7315.0, 1300.0], [7320.0, 1305.0], [7325.0, 1310.0], [7330.0, 1315.0], [7335.0, 1320.0], [7340.0, 1325.0], [7345.0, 1330.0], [7350.0, 1335.0], [7355.0, 1340.0], [7360.0, 1345.0], [7360.0, 1355.0], [7365.0, 1360.0], [7370.0, 1365.0], [7375.0, 1370.0], [7380.0, 1375.0], [7385.0, 1380.0], [7390.0, 1385.0], [7390.0, 1395.0], [7395.0, 1400.0], [7400.0, 1405.0], [7405.0, 1410.0], [7410.0, 1415.0], [7415.0, 1420.0], [7420.0, 1425.0], [7425.0, 1430.0], [7430.0, 1435.0], [7435.0, 1440.0], [7440.0, 1445.0], [7445.0, 1450.0], [7450.0, 1455.0], [7450.0, 1465.0], [7455.0, 1470.0], [7460.0, 1475.0], [7465.0, 1480.0], [7470.0, 1485.0], [7475.0, 1490.0], [7480.0, 1495.0], [7485.0, 1500.0], [7490.0, 1505.0], [7495.0, 1510.0], [7500.0, 1515.0], [7505.0, 1520.0], [7510.0, 1525.0], [7510.0, 1535.0], [7515.0, 1540.0], [7520.0, 1545.0], [7525.0, 1550.0], [7530.0, 1555.0], [7535.0, 1560.0], [7540.0, 1565.0], [7540.0, 1575.0], [7545.0, 1580.0], [7550.0, 1585.0], [7550.0, 1595.0], [7555.0, 1600.0], [7560.0, 1605.0], [7560.0, 1615.0], [7565.0, 1620.0], [7570.0, 1625.0], [7570.0, 1635.0], [7570.0, 1645.0], [7575.0, 1650.0], [7580.0, 1655.0], [7580.0, 1665.0], [7580.0, 1675.0], [7580.0, 1685.0], [7585.0, 1690.0], [7590.0, 1695.0], [7590.0, 1705.0], [7590.0, 1715.0], [7595.0, 1720.0], [7600.0, 1725.0], [7600.0, 1735.0], [7600.0, 1745.0], [7605.0, 1750.0], [7610.0, 1755.0], [7610.0, 1765.0], [7610.0, 1775.0], [7615.0, 1780.0], [7620.0, 1785.0], [7620.0, 1795.0], [7620.0, 1805.0], [7625.0, 1810.0], [7630.0, 1815.0], [7635.0, 1820.0], [7640.0, 1825.0], [7640.0, 1835.0], [7645.0, 1840.0], [7650.0, 1845.0], [7655.0, 1850.0], [7660.0, 1855.0], [7660.0, 1865.0], [7660.0, 1875.0], [7665.0, 1880.0], [7670.0, 1885.0], [7670.0, 1895.0], [7670.0, 1905.0], [7670.0, 1915.0], [7675.0, 1920.0], [7680.0, 1925.0], [7685.0, 1930.0], [7695.0, 1930.0], [7700.0, 1935.0], [7705.0, 1940.0], [7715.0, 1940.0], [7720.0, 1945.0], [7725.0, 1950.0], [7730.0, 1955.0], [7735.0, 1960.0], [7740.0, 1965.0], [7745.0, 1970.0], [7750.0, 1975.0], [7750.0, 1985.0], [7755.0, 1990.0], [7760.0, 1995.0], [7760.0, 2005.0], [7765.0, 2010.0], [7770.0, 2015.0], [7770.0, 2025.0], [7770.0, 2035.0], [7770.0, 2045.0], [7770.0, 2055.0], [7775.0, 2060.0], [7780.0, 2065.0], [7780.0, 2075.0], [7780.0, 2085.0], [7780.0, 2095.0], [7780.0, 2105.0], [7780.0, 2115.0], [7785.0, 2120.0], [7790.0, 2125.0], [7790.0, 2135.0], [7790.0, 2145.0], [7790.0, 2155.0], [7790.0, 2165.0], [7790.0, 2175.0], [7790.0, 2185.0], [7790.0, 2195.0], [7785.0, 2200.0], [7780.0, 2205.0], [7780.0, 2215.0], [7780.0, 2225.0], [7775.0, 2230.0], [7770.0, 2235.0], [7770.0, 2245.0], [7765.0, 2250.0], [7760.0, 2255.0], [7760.0, 2265.0], [7755.0, 2270.0], [7750.0, 2275.0], [7745.0, 2280.0], [7740.0, 2285.0], [7735.0, 2290.0], [7730.0, 2295.0], [7725.0, 2300.0], [7720.0, 2305.0], [7715.0, 2310.0], [7710.0, 2315.0], [7705.0, 2320.0], [7695.0, 2320.0], [7690.0, 2325.0], [7685.0, 2330.0], [7675.0, 2330.0], [7670.0, 2335.0], [7665.0, 2340.0]]]}, "properties": {"objectType": "annotation", "name": "P3_1_C|peri", "classification": {"name": "peri", "color": [25, 158, 112]}, "lesion_id": 0, "section": "P3_1_C", "area_um2": 192750.0, "lesion_ids": [2, 3, 5]}}, {"type": "Feature", "geometry": {"type": "Polygon", "coordinates": [[[9885.0, 1560.0], [9875.0, 1560.0], [9870.0, 1555.0], [9865.0, 1550.0], [9860.0, 1545.0], [9855.0, 1540.0], [9850.0, 1535.0], [9845.0, 1530.0], [9840.0, 1525.0], [9835.0, 1520.0], [9830.0, 1515.0], [9825.0, 1510.0], [9815.0, 1510.0], [9810.0, 1505.0], [9805.0, 1500.0], [9795.0, 1500.0], [9790.0, 1495.0], [9785.0, 1490.0], [9780.0, 1485.0], [9775.0, 1480.0], [9770.0, 1475.0], [9765.0, 1470.0], [9760.0, 1465.0], [9755.0, 1460.0], [9750.0, 1455.0], [9745.0, 1450.0], [9735.0, 1450.0], [9730.0, 1445.0], [9725.0, 1440.0], [9720.0, 1435.0], [9715.0, 1430.0], [9705.0, 1430.0], [9700.0, 1425.0], [9695.0, 1420.0], [9690.0, 1415.0], [9685.0, 1410.0], [9680.0, 1405.0], [9680.0, 1395.0], [9675.0, 1390.0], [9665.0, 1390.0], [9655.0, 1390.0], [9650.0, 1385.0], [9645.0, 1380.0], [9635.0, 1380.0], [9625.0, 1380.0], [9620.0, 1375.0], [9615.0, 1370.0], [9610.0, 1365.0], [9605.0, 1360.0], [9595.0, 1360.0], [9590.0, 1355.0], [9585.0, 1350.0], [9580.0, 1345.0], [9575.0, 1340.0], [9565.0, 1340.0], [9560.0, 1335.0], [9555.0, 1330.0], [9545.0, 1330.0], [9540.0, 1325.0], [9535.0, 1320.0], [9530.0, 1315.0], [9525.0, 1310.0], [9515.0, 1310.0], [9505.0, 1310.0], [9500.0, 1305.0], [9495.0, 1300.0], [9490.0, 1295.0], [9485.0, 1290.0], [9475.0, 1290.0], [9470.0, 1285.0], [9465.0, 1280.0], [9455.0, 1280.0], [9450.0, 1275.0], [9445.0, 1270.0], [9440.0, 1265.0], [9435.0, 1260.0], [9425.0, 1260.0], [9420.0, 1255.0], [9415.0, 1250.0], [9405.0, 1250.0], [9395.0, 1250.0], [9390.0, 1245.0], [9385.0, 1240.0], [9375.0, 1240.0], [9365.0, 1240.0], [9360.0, 1235.0], [9355.0, 1230.0], [9345.0, 1230.0], [9335.0, 1230.0], [9330.0, 1225.0], [9325.0, 1220.0], [9315.0, 1220.0], [9305.0, 1220.0], [9295.0, 1220.0], [9290.0, 1215.0], [9290.0, 1205.0], [9295.0, 1200.0], [9300.0, 1195.0], [9305.0, 1190.0], [9310.0, 1185.0], [9315.0, 1180.0], [9320.0, 1175.0], [9325.0, 1170.0], [9330.0, 1165.0], [9335.0, 1160.0], [9345.0, 1160.0], [9350.0, 1155.0], [9355.0, 1150.0], [9365.0, 1150.0], [9375.0, 1150.0], [9385.0, 1150.0], [9395.0, 1150.0], [9400.0, 1155.0], [9405.0, 1160.0], [9415.0, 1160.0], [9425.0, 1160.0], [9435.0, 1160.0], [9440.0, 1165.0], [9445.0, 1170.0], [9455.0, 1170.0], [9460.0, 1175.0], [9465.0, 1180.0], [9475.0, 1180.0], [9480.0, 1185.0], [9485.0, 1190.0], [9495.0, 1190.0], [9500.0, 1195.0], [9505.0, 1200.0], [9515.0, 1200.0], [9520.0, 1205.0], [9525.0, 1210.0], [9530.0, 1215.0], [9535.0, 1220.0], [9545.0, 1220.0], [9555.0, 1220.0], [9560.0, 1225.0], [9565.0, 1230.0], [9570.0, 1235.0], [9575.0, 1240.0], [9585.0, 1240.0], [9590.0, 1245.0], [9595.0, 1250.0], [9605.0, 1250.0], [9610.0, 1255.0], [9615.0, 1260.0], [9620.0, 1265.0], [9625.0, 1270.0], [9630.0, 1275.0], [9635.0, 1280.0], [9645.0, 1280.0], [9650.0, 1285.0], [9655.0, 1290.0], [9660.0, 1295.0], [9665.0, 1300.0], [9670.0, 1305.0], [9675.0, 1310.0], [9685.0, 1310.0], [9690.0, 1315.0], [9695.0, 1320.0], [9700.0, 1325.0], [9705.0, 1330.0], [9715.0, 1330.0], [9720.0, 1335.0], [9725.0, 1340.0], [9730.0, 1345.0], [9735.0, 1350.0], [9740.0, 1355.0], [9745.0, 1360.0], [9755.0, 1360.0], [9760.0, 1365.0], [9765.0, 1370.0], [9775.0, 1370.0], [9780.0, 1375.0], [9785.0, 1380.0], [9790.0, 1385.0], [9795.0, 1390.0], [9800.0, 1395.0], [9805.0, 1400.0], [9810.0, 1405.0], [9815.0, 1410.0], [9820.0, 1415.0], [9825.0, 1420.0], [9830.0, 1425.0], [9835.0, 1430.0], [9845.0, 1430.0], [9850.0, 1435.0], [9855.0, 1440.0], [9860.0, 1445.0], [9865.0, 1450.0], [9875.0, 1450.0], [9880.0, 1455.0], [9885.0, 1460.0], [9890.0, 1465.0], [9890.0, 1475.0], [9890.0, 1485.0], [9890.0, 1495.0], [9895.0, 1500.0], [9900.0, 1505.0], [9895.0, 1510.0], [9890.0, 1515.0], [9890.0, 1525.0], [9890.0, 1535.0], [9890.0, 1545.0], [9890.0, 1555.0], [9885.0, 1560.0]]]}, "properties": {"objectType": "annotation", "name": "peri_4", "classification": {"name": "peri", "color": [25, 158, 112]}, "lesion_id": 4, "section": null, "area_um2": 57250.0, "lesion_ids": [4]}}, {"type": "Feature", "geometry": {"type": "Polygon", "coordinates": [[[5345.0, 2750.0], [5335.0, 2750.0], [5325.0, 2750.0], [5315.0, 2750.0], [5305.0, 2750.0], [5295.0, 2750.0], [5285.0, 2750.0], [5275.0, 2750.0], [5265.0, 2750.0], [5255.0, 2750.0], [5245.0, 2750.0], [5235.0, 2750.0], [5230.0, 2745.0], [5225.0, 2740.0], [5215.0, 2740.0], [5210.0, 2735.0], [5210.0, 2725.0], [5210.0, 2715.0], [5205.0, 2710.0], [5195.0, 2710.0], [5190.0, 2705.0], [5185.0, 2700.0], [5180.0, 2695.0], [5175.0, 2690.0], [5170.0, 2685.0], [5165.0, 2680.0], [5160.0, 2675.0], [5155.0, 2670.0], [5150.0, 2665.0], [5145.0, 2660.0], [5140.0, 2655.0], [5140.0, 2645.0], [5135.0, 2640.0], [5130.0, 2635.0], [5130.0, 2625.0], [5130.0, 2615.0], [5130.0, 2605.0], [5130.0, 2595.0], [5130.0, 2585.0], [5130.0, 2575.0], [5135.0, 2570.0], [5140.0, 2565.0], [5140.0, 2555.0], [5140.0, 2545.0], [5135.0, 2540.0], [5130.0, 2535.0], [5130.0, 2525.0], [5125.0, 2520.0], [5120.0, 2515.0], [5115.0, 2510.0], [5110.0, 2505.0], [5105.0, 2500.0], [5100.0, 2495.0], [5100.0, 2485.0], [5095.0, 2480.0], [5090.0, 2475.0], [5095.0, 2470.0], [5100.0, 2465.0], [5100.0, 2455.0], [5100.0, 2445.0], [5100.0, 2435.0], [5100.0, 2425.0], [5105.0, 2420.0], [5110.0, 2415.0], [5110.0, 2405.0], [5110.0, 2395.0], [5115.0, 2390.0], [5120.0, 2385.0], [5120.0, 2375.0], [5125.0, 2370.0], [5130.0, 2365.0], [5130.0, 2355.0], [5135.0, 2350.0], [5140.0, 2345.0], [5145.0, 2340.0], [5150.0, 2335.0], [5155.0, 2330.0], [5160.0, 2325.0], [5165.0, 2320.0], [5170.0, 2315.0], [5175.0, 2310.0], [5180.0, 2305.0], [5185.0, 2300.0], [5195.0, 2300.0], [5200.0, 2295.0], [5205.0, 2290.0], [5210.0, 2285.0], [5215.0, 2280.0], [5220.0, 2285.0], [5220.0, 2295.0], [5215.0, 2300.0], [5210.0, 2305.0], [5205.0, 2310.0], [5200.0, 2315.0], [5200.0, 2325.0], [5200.0, 2335.0], [5195.0, 2340.0], [5190.0, 2345.0], [5185.0, 2350.0], [5180.0, 2355.0], [5175.0, 2360.0], [5170.0, 2365.0], [5175.0, 2370.0], [5180.0, 2375.0], [5180.0, 2385.0], [5180.0, 2395.0], [5185.0, 2400.0], [5190.0, 2405.0], [5185.0, 2410.0], [5180.0, 2415.0], [5185.0, 2420.0], [5190.0, 2425.0], [5185.0, 2430.0], [5180.0, 2435.0], [5185.0, 2440.0], [5190.0, 2445.0], [5190.0, 2455.0], [5185.0, 2460.0], [5180.0, 2465.0], [5180.0, 2475.0], [5185.0, 2480.0], [5195.0, 2480.0], [5200.0, 2485.0], [5205.0, 2490.0], [5215.0, 2490.0], [5220.0, 2495.0], [5225.0, 2500.0], [5230.0, 2505.0], [5230.0, 2515.0], [5230.0, 2525.0], [5230.0, 2535.0], [5230.0, 2545.0], [5225.0, 2550.0], [5220.0, 2555.0], [5225.0, 2560.0], [5230.0, 2565.0], [5225.0, 2570.0], [5220.0, 2575.0], [5220.0, 2585.0], [5220.0, 2595.0], [5220.0, 2605.0], [5215.0, 2610.0], [5210.0, 2615.0], [5210.0, 2625.0], [5215.0, 2630.0], [5220.0, 2635.0], [5225.0, 2640.0], [5230.0, 2635.0], [5235.0, 2630.0], [5240.0, 2625.0], [5240.0, 2615.0], [5240.0, 2605.0], [5240.0, 2595.0], [5240.0, 2585.0], [5240.0, 2575.0], [5240.0, 2565.0], [5240.0, 2555.0], [5240.0, 2545.0], [5245.0, 2540.0], [5250.0, 2535.0], [5250.0, 2525.0], [5255.0, 2520.0], [5260.0, 2525.0], [5260.0, 2535.0], [5260.0, 2545.0], [5260.0, 2555.0], [5260.0, 2565.0], [5265.0, 2570.0], [5270.0, 2575.0], [5275.0, 2580.0], [5280.0, 2585.0], [5285.0, 2590.0], [5295.0, 2590.0], [5300.0, 2585.0], [5305.0, 2580.0], [5310.0, 2575.0], [5315.0, 2570.0], [5320.0, 2565.0], [5320.0, 2555.0], [5325.0, 2550.0], [5330.0, 2545.0], [5335.0, 2540.0], [5340.0, 2535.0], [5345.0, 2530.0], [5350.0, 2525.0], [5355.0, 2520.0], [5360.0, 2515.0], [5360.0, 2505.0], [5365.0, 2500.0], [5370.0, 2495.0], [5375.0, 2490.0], [5380.0, 2485.0], [5385.0, 2480.0], [5390.0, 2475.0], [5395.0, 2470.0], [5400.0, 2465.0], [5400.0, 2455.0], [5405.0, 2450.0], [5410.0, 2445.0], [5415.0, 2440.0], [5420.0, 2435.0], [5425.0, 2430.0], [5430.0, 2425.0], [5435.0, 2420.0], [5440.0, 2415.0], [5435.0, 2410.0], [5430.0, 2405.0], [5425.0, 2400.0], [5420.0, 2395.0], [5415.0, 2390.0], [5410.0, 2385.0], [5415.0, 2380.0], [5420.0, 2375.0], [5425.0, 2370.0], [5430.0, 2365.0], [5435.0, 2360.0], [5445.0, 2360.0], [5450.0, 2355.0], [5455.0, 2350.0], [5465.0, 2350.0], [5470.0, 2345.0], [5475.0, 2340.0], [5480.0, 2335.0], [5485.0, 2330.0], [5495.0, 2330.0], [5505.0, 2330.0], [5515.0, 2330.0], [5520.0, 2335.0], [5525.0, 2340.0], [5535.0, 2340.0], [5545.0, 2340.0], [5550.0, 2335.0], [5555.0, 2330.0], [5565.0, 2330.0], [5570.0, 2325.0], [5575.0, 2320.0], [5580.0, 2315.0], [5585.0, 2310.0], [5590.0, 2305.0], [5585.0, 2300.0], [5580.0, 2295.0], [5585.0, 2290.0], [5590.0, 2285.0], [5590.0, 2275.0], [5595.0, 2270.0], [5600.0, 2265.0], [5600.0, 2255.0], [5600.0, 2245.0], [5605.0, 2240.0], [5610.0, 2235.0], [5615.0, 2230.0], [5620.0, 2225.0], [5625.0, 2220.0], [5635.0, 2220.0], [5645.0, 2220.0], [5650.0, 2215.0], [5655.0, 2210.0], [5660.0, 2205.0], [5665.0, 2200.0], [5670.0, 2195.0], [5665.0, 2190.0], [5660.0, 2185.0], [5665.0, 2180.0], [5670.0, 2175.0], [5670.0, 2165.0], [5675.0, 2160.0], [5680.0, 2155.0], [5680.0, 2145.0], [5675.0, 2140.0], [5670.0, 2135.0], [5665.0, 2130.0], [5660.0, 2125.0], [5655.0, 2120.0], [5650.0, 2115.0], [5645.0, 2110.0], [5640.0, 2105.0], [5635.0, 2100.0], [5630.0, 2095.0], [5625.0, 2090.0], [5620.0, 2085.0], [5615.0, 2080.0], [5610.0, 2075.0], [5605.0, 2070.0], [5595.0, 2070.0], [5585.0, 2070.0], [5580.0, 2065.0], [5585.0, 2060.0], [5595.0, 2060.0], [5600.0, 2055.0], [5605.0, 2050.0], [5610.0, 2045.0], [5615.0, 2040.0], [5625.0, 2040.0], [5630.0, 2035.0], [5635.0, 2030.0], [5640.0, 2025.0], [5645.0, 2020.0], [5650.0, 2015.0], [5655.0, 2010.0], [5660.0, 2005.0], [5665.0, 2000.0], [5670.0, 1995.0], [5675.0, 1990.0], [5685.0, 1990.0], [5690.0, 1985.0], [5695.0, 1980.0], [5700.0, 1975.0], [5705.0, 1970.0], [5715.0, 1970.0], [5720.0, 1965.0], [5725.0, 1960.0], [5735.0, 1960.0], [5740.0, 1965.0], [5745.0, 1970.0], [5750.0, 1975.0], [5755.0, 1980.0], [5760.0, 1985.0], [5765.0, 1990.0], [5770.0, 1995.0], [5775.0, 2000.0], [5785.0, 2000.0], [5790.0, 1995.0], [5795.0, 1990.0], [5800.0, 1985.0], [5805.0, 1980.0], [5810.0, 1975.0], [5810.0, 1965.0], [5815.0, 1960.0], [5820.0, 1955.0], [5825.0, 1950.0], [5830.0, 1945.0], [5835.0, 1940.0], [5840.0, 1945.0], [5845.0, 1950.0], [5855.0, 1950.0], [5865.0, 1950.0], [5870.0, 1955.0], [5875.0, 1960.0], [5885.0, 1960.0], [5890.0, 1955.0], [5895.0, 1950.0], [5900.0, 1945.0], [5905.0, 1940.0], [5910.0, 1935.0], [5905.0, 1930.0], [5900.0, 1925.0], [5895.0, 1920.0], [5890.0, 1915.0], [5885.0, 1910.0], [5880.0, 1905.0], [5875.0, 1900.0], [5865.0, 1900.0], [5860.0, 1895.0], [5855.0, 1890.0], [5845.0, 1890.0], [5840.0, 1885.0], [5840.0, 1875.0], [5840.0, 1865.0], [5840.0, 1855.0], [5840.0, 1845.0], [5840.0, 1835.0], [5835.0, 1830.0], [5830.0, 1825.0], [5830.0, 1815.0], [5830.0, 1805.0], [5825.0, 1800.0], [5820.0, 1795.0], [5815.0, 1790.0], [5810.0, 1785.0], [5810.0, 1775.0], [5810.0, 1765.0], [5810.0, 1755.0], [5810.0, 1745.0], [5810.0, 1735.0], [5810.0, 1725.0], [5810.0, 1715.0], [5815.0, 1710.0], [5820.0, 1705.0], [5825.0, 1700.0], [5830.0, 1695.0], [5830.0, 1685.0], [5835.0, 1680.0], [5840.0, 1675.0], [5840.0, 1665.0], [5840.0, 1655.0], [5845.0, 1650.0], [5850.0, 1645.0], [5855.0, 1640.0], [5865.0, 1640.0], [5870.0, 1635.0], [5875.0, 1630.0], [5885.0, 1630.0], [5895.0, 1630.0], [5900.0, 1625.0], [5905.0, 1620.0], [5910.0, 1615.0], [5915.0, 1610.0], [5920.0, 1605.0], [5920.0, 1595.0], [5925.0, 1590.0], [5935.0, 1590.0], [5945.0, 1590.0], [5955.0, 1590.0], [5960.0, 1595.0], [5960.0, 1605.0], [5960.0, 1615.0], [5955.0, 1620.0], [5950.0, 1625.0], [5950.0, 1635.0], [5950.0, 1645.0], [5950.0, 1655.0], [5950.0, 1665.0], [5950.0, 1675.0], [5945.0, 1680.0], [5940.0, 1685.0], [5945.0, 1690.0], [5950.0, 1695.0], [5950.0, 1705.0], [5950.0, 1715.0], [5950.0, 1725.0], [5950.0, 1735.0], [5950.0, 1745.0], [5945.0, 1750.0], [5940.0, 1755.0], [5940.0, 1765.0], [5940.0, 1775.0], [5940.0, 1785.0], [5940.0, 1795.0], [5940.0, 1805.0], [5940.0, 1815.0], [5945.0, 1820.0], [5950.0, 1825.0], [5955.0, 1830.0], [5960.0, 1835.0], [5965.0, 1840.0], [5970.0, 1845.0], [5975.0, 1850.0], [5985.0, 1850.0], [5990.0, 1855.0], [5995.0, 1860.0], [6005.0, 1860.0], [6010.0, 1865.0], [6015.0, 1870.0], [6020.0, 1865.0], [6025.0, 1860.0], [6030.0, 1855.0], [6035.0, 1850.0], [6040.0, 1845.0], [6045.0, 1840.0], [6050.0, 1835.0], [6050.0, 1825.0], [6050.0, 1815.0], [6050.0, 1805.0], [6055.0, 1800.0], [6060.0, 1795.0], [6060.0, 1785.0], [6060.0, 1775.0], [6060.0, 1765.0], [6065.0, 1760.0], [6070.0, 1755.0], [6075.0, 1750.0], [6080.0, 1745.0], [6085.0, 1740.0], [6090.0, 1735.0], [6095.0, 1730.0], [6100.0, 1725.0], [6105.0, 1720.0], [6110.0, 1715.0], [6115.0, 1710.0], [6120.0, 1705.0], [6125.0, 1700.0], [6135.0, 1700.0], [6140.0, 1695.0], [6145.0, 1690.0], [6150.0, 1685.0], [6155.0, 1680.0], [6160.0, 1675.0], [6165.0, 1670.0], [6175.0, 1670.0], [6180.0, 1665.0], [6185.0, 1660.0], [6195.0, 1660.0], [6200.0, 1655.0], [6205.0, 1650.0], [6210.0, 1645.0], [6215.0, 1640.0], [6225.0, 1640.0], [6235.0, 1640.0], [6245.0, 1640.0], [6250.0, 1635.0], [6255.0, 1630.0], [6265.0, 1630.0], [6270.0, 1625.0], [6275.0, 1620.0], [6280.0, 1615.0], [6285.0, 1610.0], [6290.0, 1605.0], [6295.0, 1600.0], [6300.0, 1595.0], [6305.0, 1590.0], [6310.0, 1585.0], [6310.0, 1575.0], [6305.0, 1570.0], [6300.0, 1565.0], [6300.0, 1555.0], [6300.0, 1545.0], [6300.0, 1535.0], [6300.0, 1525.0], [6300.0, 1515.0], [6300.0, 1505.0], [6305.0, 1500.0], [6310.0, 1495.0], [6310.0, 1485.0], [6315.0, 1480.0], [6320.0, 1475.0], [6320.0, 1465.0], [6325.0, 1460.0], [6330.0, 1455.0], [6335.0, 1450.0], [6340.0, 1445.0], [6345.0, 1440.0], [6350.0, 1435.0], [6345.0, 1430.0], [6340.0, 1425.0], [6345.0, 1420.0], [6350.0, 1415.0], [6350.0, 1405.0], [6355.0, 1400.0], [6360.0, 1395.0], [6365.0, 1390.0], [6370.0, 1385.0], [6375.0, 1380.0], [6380.0, 1375.0], [6380.0, 1365.0], [6375.0, 1360.0], [6370.0, 1355.0], [6365.0, 1350.0], [6360.0, 1345.0], [6355.0, 1340.0], [6345.0, 1340.0], [6340.0, 1345.0], [6335.0, 1350.0], [6325.0, 1350.0], [6320.0, 1355.0], [6315.0, 1360.0], [6310.0, 1365.0], [6305.0, 1370.0], [6300.0, 1375.0], [6295.0, 1380.0], [6290.0, 1385.0], [6285.0, 1390.0], [6280.0, 1395.0], [6275.0, 1400.0], [6270.0, 1395.0], [6265.0, 1390.0], [6255.0, 1390.0], [6250.0, 1385.0], [6245.0, 1380.0], [6235.0, 1380.0], [6225.0, 1380.0], [6215.0, 1380.0], [6205.0, 1380.0], [6195.0, 1380.0], [6190.0, 1385.0], [6185.0, 1390.0], [6175.0, 1390.0], [6170.0, 1385.0], [6170.0, 1375.0], [6175.0, 1370.0], [6180.0, 1365.0], [6175.0, 1360.0], [6170.0, 1355.0], [6170.0, 1345.0], [6170.0, 1335.0], [6170.0, 1325.0], [6170.0, 1315.0], [6170.0, 1305.0], [6175.0, 1300.0], [6180.0, 1295.0], [6180.0, 1285.0], [6185.0, 1280.0], [6190.0, 1275.0], [6190.0, 1265.0], [6195.0, 1260.0], [6200.0, 1255.0], [6205.0, 1250.0], [6210.0, 1245.0], [6215.0, 1240.0], [6225.0, 1240.0], [6230.0, 1235.0], [6235.0, 1230.0], [6240.0, 1225.0], [6245.0, 1220.0], [6255.0, 1220.0], [6265.0, 1220.0], [6270.0, 1215.0], [6275.0, 1210.0], [6285.0, 1210.0], [6295.0, 1210.0], [6305.0, 1210.0], [6315.0, 1210.0], [6320.0, 1215.0], [6325.0, 1220.0], [6335.0, 1220.0], [6345.0, 1220.0], [6350.0, 1225.0], [6355.0, 1230.0], [6365.0, 1230.0], [6375.0, 1230.0], [6385.0, 1230.0], [6395.0, 1230.0], [6400.0, 1235.0], [6405.0, 1240.0], [6415.0, 1240.0], [6425.0, 1240.0], [6430.0, 1235.0], [6435.0, 1230.0], [6440.0, 1235.0], [6440.0, 1245.0], [6435.0, 1250.0], [6430.0, 1255.0], [6425.0, 1260.0], [6420.0, 1265.0], [6420.0, 1275.0], [6415.0, 1280.0], [6410.0, 1285.0], [6405.0, 1290.0], [6400.0, 1295.0], [6405.0, 1300.0], [6410.0, 1305.0], [6415.0, 1310.0], [6420.0, 1315.0], [6425.0, 1320.0], [6430.0, 1325.0], [6435.0, 1330.0], [6445.0, 1330.0], [6450.0, 1335.0], [6455.0, 1340.0], [6460.0, 1345.0], [6465.0, 1350.0], [6470.0, 1355.0], [6475.0, 1360.0], [6485.0, 1360.0], [6490.0, 1365.0], [6495.0, 1370.0], [6505.0, 1370.0], [6510.0, 1365.0], [6515.0, 1360.0], [6525.0, 1360.0], [6535.0, 1360.0], [6545.0, 1360.0], [6550.0, 1355.0], [6555.0, 1350.0], [6560.0, 1345.0], [6565.0, 1340.0], [6575.0, 1340.0], [6585.0, 1340.0], [6595.0, 1340.0], [6605.0, 1340.0], [6610.0, 1335.0], [6615.0, 1330.0], [6625.0, 1330.0], [6635.0, 1330.0], [6645.0, 1330.0], [6655.0, 1330.0], [6660.0, 1325.0], [6665.0, 1320.0], [6670.0, 1315.0], [6675.0, 1310.0], [6680.0, 1305.0], [6680.0, 1295.0], [6685.0, 1290.0], [6690.0, 1285.0], [6695.0, 1280.0], [6700.0, 1275.0], [6700.0, 1265.0], [6705.0, 1260.0], [6710.0, 1255.0], [6710.0, 1245.0], [6715.0, 1240.0], [6720.0, 1235.0], [6720.0, 1225.0], [6720.0, 1215.0], [6720.0, 1205.0], [6715.0, 1200.0], [6710.0, 1195.0], [6715.0, 1190.0], [6725.0, 1190.0], [6735.0, 1190.0], [6740.0, 1195.0], [6745.0, 1200.0], [6755.0, 1200.0], [6765.0, 1200.0], [6775.0, 1200.0], [6785.0, 1200.0], [6795.0, 1200.0], [6805.0, 1200.0], [6810.0, 1205.0], [6810.0, 1215.0], [6810.0, 1225.0], [6810.0, 1235.0], [6810.0, 1245.0], [6810.0, 1255.0], [6810.0, 1265.0], [6815.0, 1270.0], [6820.0, 1275.0], [6820.0, 1285.0], [6825.0, 1290.0], [6830.0, 1295.0], [6830.0, 1305.0], [6830.0, 1315.0], [6830.0, 1325.0], [6835.0, 1330.0], [6840.0, 1335.0], [6835.0, 1340.0], [6830.0, 1345.0], [6825.0, 1350.0], [6820.0, 1355.0], [6825.0, 1360.0], [6830.0, 1365.0], [6830.0, 1375.0], [6825.0, 1380.0], [6820.0, 1385.0], [6825.0, 1390.0], [6830.0, 1395.0], [6835.0, 1400.0], [6840.0, 1405.0], [6845.0, 1410.0], [6850.0, 1415.0], [6855.0, 1420.0], [6860.0, 1425.0], [6865.0, 1430.0], [6875.0, 1430.0], [6885.0, 1430.0], [6890.0, 1425.0], [6895.0, 1420.0], [6905.0, 1420.0], [6915.0, 1420.0], [6920.0, 1415.0], [6925.0, 1410.0], [6930.0, 1405.0], [6935.0, 1400.0], [6940.0, 1395.0], [6945.0, 1390.0], [6950.0, 1385.0], [6955.0, 1380.0], [6960.0, 1385.0], [6965.0, 1390.0], [6970.0, 1385.0], [6975.0, 1380.0], [6985.0, 1380.0], [6995.0, 1380.0], [7005.0, 1380.0], [7015.0, 1380.0], [7025.0, 1380.0], [7030.0, 1385.0], [7035.0, 1390.0], [7040.0, 1395.0], [7045.0, 1400.0], [7050.0, 1405.0], [7055.0, 1410.0], [7060.0, 1415.0], [7060.0, 1425.0], [7055.0, 1430.0], [7050.0, 1435.0], [7050.0, 1445.0], [7045.0, 1450.0], [7040.0, 1455.0], [7035.0, 1460.0], [7030.0, 1465.0], [7030.0, 1475.0], [7035.0, 1480.0], [7040.0, 1485.0], [7045.0, 1490.0], [7050.0, 1495.0], [7050.0, 1505.0], [7055.0, 1510.0], [7060.0, 1515.0], [7065.0, 1520.0], [7070.0, 1525.0], [7075.0, 1530.0], [7080.0, 1535.0], [7085.0, 1540.0], [7095.0, 1540.0], [7100.0, 1545.0], [7105.0, 1550.0], [7115.0, 1550.0], [7125.0, 1550.0], [7130.0, 1545.0], [7135.0, 1540.0], [7140.0, 1535.0], [7145.0, 1530.0], [7155.0, 1530.0], [7160.0, 1535.0], [7165.0, 1540.0], [7175.0, 1540.0], [7185.0, 1540.0], [7190.0, 1545.0], [7195.0, 1550.0], [7205.0, 1550.0], [7210.0, 1555.0], [7215.0, 1560.0], [7220.0, 1565.0], [7225.0, 1570.0], [7235.0, 1570.0], [7240.0, 1575.0], [7245.0, 1580.0], [7250.0, 1585.0], [7255.0, 1590.0], [7260.0, 1595.0], [7260.0, 1605.0], [7265.0, 1610.0], [7270.0, 1615.0], [7270.0, 1625.0], [7270.0, 1635.0], [7270.0, 1645.0], [7275.0, 1650.0], [7280.0, 1655.0], [7285.0, 1660.0], [7290.0, 1665.0], [7295.0, 1670.0], [7300.0, 1675.0], [7305.0, 1680.0], [7310.0, 1685.0], [7315.0, 1690.0], [7320.0, 1695.0], [7320.0, 1705.0], [7325.0, 1710.0], [7330.0, 1715.0], [7335.0, 1720.0], [7340.0, 1725.0], [7345.0, 1730.0], [7350.0, 1735.0], [7355.0, 1740.0], [7360.0, 1745.0], [7365.0, 1750.0], [7370.0, 1755.0], [7370.0, 1765.0], [7375.0, 1770.0], [7380.0, 1775.0], [7380.0, 1785.0], [7385.0, 1790.0], [7390.0, 1795.0], [7390.0, 1805.0], [7385.0, 1810.0], [7380.0, 1815.0], [7375.0, 1820.0], [7370.0, 1825.0], [7365.0, 1830.0], [7360.0, 1835.0], [7355.0, 1840.0], [7350.0, 1845.0], [7345.0, 1850.0], [7340.0, 1855.0], [7340.0, 1865.0], [7345.0, 1870.0], [7350.0, 1875.0], [7350.0, 1885.0], [7350.0, 1895.0], [7350.0, 1905.0], [7355.0, 1910.0], [7360.0, 1915.0], [7355.0, 1920.0], [7350.0, 1925.0], [7355.0, 1930.0], [7360.0, 1935.0], [7365.0, 1940.0], [7370.0, 1945.0], [7365.0, 1950.0], [7360.0, 1955.0], [7365.0, 1960.0], [7370.0, 1965.0], [7375.0, 1970.0], [7380.0, 1975.0], [7385.0, 1980.0], [7395.0, 1980.0], [7405.0, 1980.0], [7415.0, 1980.0], [7420.0, 1975.0], [7425.0, 1970.0], [7435.0, 1970.0], [7445.0, 1970.0], [7455.0, 1970.0], [7460.0, 1975.0], [7465.0, 1980.0], [7475.0, 1980.0], [7485.0, 1980.0], [7495.0, 1980.0], [7500.0, 1985.0], [7505.0, 1990.0], [7510.0, 1995.0], [7515.0, 2000.0], [7520.0, 2005.0], [7525.0, 2010.0], [7530.0, 2015.0], [7530.0, 2025.0], [7535.0, 2030.0], [7540.0, 2035.0], [7540.0, 2045.0], [7540.0, 2055.0], [7545.0, 2060.0], [7550.0, 2065.0], [7550.0, 2075.0], [7550.0, 2085.0], [7550.0, 2095.0], [7550.0, 2105.0], [7550.0, 2115.0], [7550.0, 2125.0], [7555.0, 2130.0], [7560.0, 2135.0], [7565.0, 2140.0], [7570.0, 2145.0], [7570.0, 2155.0], [7575.0, 2160.0], [7580.0, 2165.0], [7585.0, 2170.0], [7590.0, 2175.0], [7595.0, 2180.0], [7600.0, 2185.0], [7605.0, 2190.0], [7610.0, 2195.0], [7615.0, 2200.0], [7620.0, 2195.0], [7625.0, 2190.0], [7630.0, 2185.0], [7635.0, 2180.0], [7640.0, 2175.0], [7640.0, 2165.0], [7640.0, 2155.0], [7645.0, 2150.0], [7650.0, 2145.0], [7650.0, 2135.0], [7650.0, 2125.0], [7650.0, 2115.0], [7650.0, 2105.0], [7650.0, 2095.0], [7650.0, 2085.0], [7645.0, 2080.0], [7640.0, 2075.0], [7640.0, 2065.0], [7640.0, 2055.0], [7635.0, 2050.0], [7630.0, 2045.0], [7630.0, 2035.0], [7625.0, 2030.0], [7620.0, 2025.0], [7615.0, 2020.0], [7610.0, 2015.0], [7615.0, 2010.0], [7625.0, 2010.0], [7630.0, 2015.0], [7635.0, 2020.0], [7640.0, 2025.0], [7645.0, 2030.0], [7655.0, 2030.0], [7660.0, 2035.0], [7660.0, 2045.0], [7660.0, 2055.0], [7665.0, 2060.0], [7670.0, 2065.0], [7670.0, 2075.0], [7670.0, 2085.0], [7675.0, 2090.0], [7680.0, 2095.0], [7680.0, 2105.0], [7680.0, 2115.0], [7680.0, 2125.0], [7680.0, 2135.0], [7680.0, 2145.0], [7680.0, 2155.0], [7680.0, 2165.0], [7685.0, 2170.0], [7690.0, 2175.0], [7685.0, 2180.0], [7680.0, 2185.0], [7680.0, 2195.0], [7680.0, 2205.0], [7680.0, 2215.0], [7680.0, 2225.0], [7680.0, 2235.0], [7675.0, 2240.0], [7670.0, 2245.0], [7665.0, 2250.0], [7660.0, 2255.0], [7655.0, 2260.0], [7650.0, 2265.0], [7650.0, 2275.0], [7650.0, 2285.0], [7645.0, 2290.0], [7640.0, 2295.0], [7635.0, 2300.0], [7630.0, 2305.0], [7630.0, 2315.0], [7630.0, 2325.0], [7625.0, 2330.0], [7620.0, 2335.0], [7620.0, 2345.0], [7615.0, 2350.0], [7610.0, 2355.0], [7605.0, 2360.0], [7595.0, 2360.0], [7585.0, 2360.0], [7575.0, 2360.0], [7565.0, 2360.0], [7560.0, 2355.0], [7555.0, 2350.0], [7545.0, 2350.0], [7540.0, 2345.0], [7535.0, 2340.0], [7525.0, 2340.0], [7520.0, 2335.0], [7515.0, 2330.0], [7510.0, 2325.0], [7505.0, 2320.0], [7495.0, 2320.0], [7490.0, 2315.0], [7485.0, 2310.0], [7480.0, 2305.0], [7475.0, 2300.0], [7470.0, 2295.0], [7465.0, 2290.0], [7460.0, 2285.0], [7455.0, 2280.0], [7450.0, 2275.0], [7450.0, 2265.0], [7445.0, 2260.0], [7440.0, 2255.0], [7435.0, 2250.0], [7430.0, 2245.0], [7430.0, 2235.0], [7425.0, 2230.0], [7420.0, 2225.0], [7415.0, 2220.0], [7410.0, 2215.0], [7410.0, 2205.0], [7405.0, 2200.0], [7400.0, 2195.0], [7400.0, 2185.0], [7395.0, 2180.0], [7390.0, 2175.0], [7390.0, 2165.0], [7390.0, 2155.0], [7390.0, 2145.0], [7385.0, 2140.0], [7375.0, 2140.0], [7365.0, 2140.0], [7355.0, 2140.0], [7345.0, 2140.0], [7335.0, 2140.0], [7330.0, 2135.0], [7325.0, 2130.0], [7315.0, 2130.0], [7310.0, 2125.0], [7305.0, 2120.0], [7295.0, 2120.0], [7290.0, 2115.0], [7285.0, 2110.0], [7280.0, 2105.0], [7275.0, 2100.0], [7265.0, 2100.0], [7260.0, 2095.0], [7255.0, 2090.0], [7250.0, 2085.0], [7245.0, 2080.0], [7240.0, 2075.0], [7240.0, 2065.0], [7235.0, 2060.0], [7230.0, 2055.0], [7225.0, 2050.0], [7220.0, 2045.0], [7220.0, 2035.0], [7215.0, 2030.0], [7210.0, 2025.0], [7210.0, 2015.0], [7205.0, 2010.0], [7200.0, 2005.0], [7200.0, 1995.0], [7200.0, 1985.0], [7195.0, 1980.0], [7190.0, 1975.0], [7190.0, 1965.0], [7190.0, 1955.0], [7190.0, 1945.0], [7190.0, 1935.0], [7190.0, 1925.0], [7185.0, 1920.0], [7180.0, 1915.0], [7180.0, 1905.0], [7180.0, 1895.0], [7180.0, 1885.0], [7180.0, 1875.0], [7180.0, 1865.0], [7180.0, 1855.0], [7180.0, 1845.0], [7180.0, 1835.0], [7180.0, 1825.0], [7180.0, 1815.0], [7180.0, 1805.0], [7180.0, 1795.0], [7175.0, 1790.0], [7170.0, 1785.0], [7165.0, 1780.0], [7160.0, 1775.0], [7155.0, 1770.0], [7150.0, 1765.0], [7150.0, 1755.0], [7145.0, 1750.0], [7140.0, 1745.0], [7135.0, 1740.0], [7130.0, 1735.0], [7130.0, 1725.0], [7125.0, 1720.0], [7120.0, 1715.0], [7115.0, 1710.0], [7105.0, 1710.0], [7095.0, 1710.0], [7085.0, 1710.0], [7075.0, 1710.0], [7065.0, 1710.0], [7055.0, 1710.0], [7050.0, 1705.0], [7045.0, 1700.0], [7035.0, 1700.0], [7030.0, 1695.0], [7025.0, 1690.0], [7015.0, 1690.0], [7010.0, 1685.0], [7005.0, 1680.0], [6995.0, 1680.0], [6990.0, 1675.0], [6985.0, 1670.0], [6980.0, 1665.0], [6975.0, 1660.0], [6965.0, 1660.0], [6960.0, 1655.0], [6955.0, 1650.0], [6950.0, 1645.0], [6945.0, 1640.0], [6940.0, 1635.0], [6935.0, 1630.0], [6930.0, 1625.0], [6930.0, 1615.0], [6925.0, 1610.0], [6920.0, 1605.0], [6915.0, 1600.0], [6910.0, 1595.0], [6905.0, 1590.0], [6895.0, 1590.0], [6885.0, 1590.0], [6875.0, 1590.0], [6865.0, 1590.0], [6855.0, 1590.0], [6845.0, 1590.0], [6835.0, 1590.0], [6825.0, 1590.0], [6815.0, 1590.0], [6810.0, 1585.0], [6805.0, 1580.0], [6795.0, 1580.0], [6790.0, 1575.0], [6785.0, 1570.0], [6775.0, 1570.0], [6770.0, 1565.0], [6765.0, 1560.0], [6760.0, 1555.0], [6755.0, 1550.0], [6745.0, 1550.0], [6740.0, 1545.0], [6735.0, 1540.0], [6730.0, 1535.0], [6725.0, 1530.0], [6720.0, 1525.0], [6715.0, 1520.0], [6710.0, 1515.0], [6705.0, 1510.0], [6700.0, 1505.0], [6700.0, 1495.0], [6695.0, 1490.0], [6685.0, 1490.0], [6675.0, 1490.0], [6665.0, 1490.0], [6660.0, 1495.0], [6655.0, 1500.0], [6645.0, 1500.0], [6635.0, 1500.0], [6625.0, 1500.0], [6620.0, 1505.0], [6615.0, 1510.0], [6605.0, 1510.0], [6600.0, 1515.0], [6595.0, 1520.0], [6585.0, 1520.0], [6575.0, 1520.0], [6565.0, 1520.0], [6560.0, 1525.0], [6555.0, 1530.0], [6545.0, 1530.0], [6535.0, 1530.0], [6525.0, 1530.0], [6515.0, 1530.0], [6505.0, 1530.0], [6495.0, 1530.0], [6485.0, 1530.0], [6480.0, 1535.0], [6475.0, 1540.0], [6470.0, 1545.0], [6470.0, 1555.0], [6470.0, 1565.0], [6470.0, 1575.0], [6470.0, 1585.0], [6470.0, 1595.0], [6470.0, 1605.0], [6470.0, 1615.0], [6470.0, 1625.0], [6470.0, 1635.0], [6465.0, 1640.0], [6460.0, 1645.0], [6460.0, 1655.0], [6455.0, 1660.0], [6450.0, 1665.0], [6450.0, 1675.0], [6445.0, 1680.0], [6440.0, 1685.0], [6435.0, 1690.0], [6430.0, 1695.0], [6430.0, 1705.0], [6425.0, 1710.0], [6420.0, 1715.0], [6415.0, 1720.0], [6410.0, 1725.0], [6405.0, 1730.0], [6400.0, 1735.0], [6395.0, 1740.0], [6390.0, 1745.0], [6385.0, 1750.0], [6375.0, 1750.0], [6370.0, 1755.0], [6365.0, 1760.0], [6360.0, 1765.0], [6355.0, 1770.0], [6345.0, 1770.0], [6340.0, 1775.0], [6335.0, 1780.0], [6325.0, 1780.0], [6320.0, 1785.0], [6315.0, 1790.0], [6305.0, 1790.0], [6300.0, 1795.0], [6295.0, 1800.0], [6285.0, 1800.0], [6275.0, 1800.0], [6270.0, 1805.0], [6265.0, 1810.0], [6260.0, 1815.0], [6255.0, 1820.0], [6245.0, 1820.0], [6240.0, 1825.0], [6235.0, 1830.0], [6230.0, 1835.0], [6225.0, 1840.0], [6220.0, 1845.0], [6215.0, 1850.0], [6210.0, 1855.0], [6210.0, 1865.0], [6210.0, 1875.0], [6210.0, 1885.0], [6205.0, 1890.0], [6200.0, 1895.0], [6200.0, 1905.0], [6195.0, 1910.0], [6190.0, 1915.0], [6190.0, 1925.0], [6185.0, 1930.0], [6180.0, 1935.0], [6175.0, 1940.0], [6170.0, 1945.0], [6170.0, 1955.0], [6165.0, 1960.0], [6160.0, 1965.0], [6155.0, 1970.0], [6150.0, 1975.0], [6145.0, 1980.0], [6140.0, 1985.0], [6135.0, 1990.0], [6125.0, 1990.0], [6120.0, 1995.0], [6115.0, 2000.0], [6110.0, 2005.0], [6105.0, 2010.0], [6095.0, 2010.0], [6090.0, 2015.0], [6085.0, 2020.0], [6075.0, 2020.0], [6070.0, 2025.0], [6065.0, 2030.0], [6055.0, 2030.0], [6045.0, 2030.0], [6040.0, 2035.0], [6035.0, 2040.0], [6030.0, 2045.0], [6030.0, 2055.0], [6025.0, 2060.0], [6020.0, 2065.0], [6015.0, 2070.0], [6010.0, 2075.0], [6005.0, 2080.0], [5995.0, 2080.0], [5990.0, 2085.0], [5985.0, 2090.0], [5980.0, 2095.0], [5975.0, 2100.0], [5965.0, 2100.0], [5960.0, 2105.0], [5955.0, 2110.0], [5945.0, 2110.0], [5940.0, 2115.0], [5935.0, 2120.0], [5925.0, 2120.0], [5915.0, 2120.0], [5905.0, 2120.0], [5895.0, 2120.0], [5890.0, 2125.0], [5885.0, 2130.0], [5880.0, 2135.0], [5875.0, 2140.0], [5865.0, 2140.0], [5860.0, 2145.0], [5855.0, 2150.0], [5845.0, 2150.0], [5840.0, 2155.0], [5840.0, 2165.0], [5840.0, 2175.0], [5840.0, 2185.0], [5840.0, 2195.0], [5840.0, 2205.0], [5835.0, 2210.0], [5830.0, 2215.0], [5830.0, 2225.0], [5830.0, 2235.0], [5830.0, 2245.0], [5825.0, 2250.0], [5820.0, 2255.0], [5820.0, 2265.0], [5815.0, 2270.0], [5810.0, 2275.0], [5810.0, 2285.0], [5805.0, 2290.0], [5800.0, 2295.0], [5795.0, 2300.0], [5790.0, 2305.0], [5790.0, 2315.0], [5785.0, 2320.0], [5780.0, 2325.0], [5775.0, 2330.0], [5770.0, 2335.0], [5765.0, 2340.0], [5755.0, 2340.0], [5750.0, 2345.0], [5750.0, 2355.0], [5745.0, 2360.0], [5740.0, 2365.0], [5740.0, 2375.0], [5735.0, 2380.0], [5730.0, 2385.0], [5730.0, 2395.0], [5725.0, 2400.0], [5720.0, 2405.0], [5715.0, 2410.0], [5710.0, 2415.0], [5710.0, 2425.0], [5705.0, 2430.0], [5700.0, 2435.0], [5695.0, 2440.0], [5690.0, 2445.0], [5685.0, 2450.0], [5675.0, 2450.0], [5670.0, 2455.0], [5665.0, 2460.0], [5660.0, 2465.0], [5655.0, 2470.0], [5645.0, 2470.0], [5640.0, 2475.0], [5635.0, 2480.0], [5625.0, 2480.0], [5620.0, 2485.0], [5615.0, 2490.0], [5605.0, 2490.0], [5600.0, 2495.0], [5595.0, 2500.0], [5585.0, 2500.0], [5580.0, 2505.0], [5575.0, 2510.0], [5570.0, 2515.0], [5565.0, 2520.0], [5560.0, 2525.0], [5560.0, 2535.0], [5555.0, 2540.0], [5550.0, 2545.0], [5545.0, 2550.0], [5540.0, 2555.0], [5535.0, 2560.0], [5530.0, 2565.0], [5525.0, 2570.0], [5520.0, 2575.0], [5520.0, 2585.0], [5515.0, 2590.0], [5510.0, 2595.0], [5505.0, 2600.0], [5500.0, 2605.0], [5495.0, 2610.0], [5490.0, 2615.0], [5485.0, 2620.0], [5480.0, 2625.0], [5480.0, 2635.0], [5475.0, 2640.0], [5470.0, 2645.0], [5465.0, 2650.0], [5460.0, 2655.0], [5455.0, 2660.0], [5450.0, 2665.0], [5445.0, 2670.0], [5440.0, 2675.0], [5440.0, 2685.0], [5435.0, 2690.0], [5430.0, 2695.0], [5425.0, 2700.0], [5420.0, 2705.0], [5415.0, 2710.0], [5405.0, 2710.0], [5400.0, 2715.0], [5395.0, 2720.0], [5390.0, 2725.0], [5385.0, 2730.0], [5375.0, 2730.0], [5370.0, 2735.0], [5365.0, 2740.0], [5355.0, 2740.0], [5350.0, 2745.0], [5345.0, 2750.0]]]}, "properties": {"objectType": "annotation", "name": "P3_1_C|peri", "classification": {"name": "peri", "color": [25, 158, 112]}, "lesion_id": 0, "section": "P3_1_C", "area_um2": 756550.0, "lesion_ids": [2, 3, 5, 8, 11]}}, {"type": "Feature", "geometry": {"type": "Polygon", "coordinates": [[[9525.0, 1840.0], [9515.0, 1840.0], [9505.0, 1840.0], [9495.0, 1840.0], [9485.0, 1840.0], [9475.0, 1840.0], [9465.0, 1840.0], [9455.0, 1840.0], [9445.0, 1840.0], [9435.0, 1840.0], [9425.0, 1840.0], [9415.0, 1840.0], [9410.0, 1835.0], [9405.0, 1830.0], [9395.0, 1830.0], [9385.0, 1830.0], [9380.0, 1825.0], [9375.0, 1820.0], [9365.0, 1820.0], [9360.0, 1815.0], [9355.0, 1810.0], [9350.0, 1805.0], [9345.0, 1800.0], [9335.0, 1800.0], [9330.0, 1795.0], [9325.0, 1790.0], [9320.0, 1785.0], [9315.0, 1780.0], [9310.0, 1775.0], [9305.0, 1770.0], [9300.0, 1765.0], [9295.0, 1760.0], [9290.0, 1755.0], [9290.0, 1745.0], [9285.0, 1740.0], [9280.0, 1735.0], [9275.0, 1730.0], [9270.0, 1725.0], [9270.0, 1715.0], [9265.0, 1710.0], [9260.0, 1705.0], [9260.0, 1695.0], [9260.0, 1685.0], [9255.0, 1680.0], [9250.0, 1675.0], [9250.0, 1665.0], [9250.0, 1655.0], [9250.0, 1645.0], [9250.0, 1635.0], [9250.0, 1625.0], [9250.0, 1615.0], [9250.0, 1605.0], [9250.0, 1595.0], [9250.0, 1585.0], [9250.0, 1575.0], [9250.0, 1565.0], [9250.0, 1555.0], [9250.0, 1545.0], [9250.0, 1535.0], [9250.0, 1525.0], [9250.0, 1515.0], [9245.0, 1510.0], [9240.0, 1505.0], [9240.0, 1495.0], [9235.0, 1490.0], [9230.0, 1485.0], [9230.0, 1475.0], [9230.0, 1465.0], [9225.0, 1460.0], [9220.0, 1455.0], [9220.0, 1445.0], [9220.0, 1435.0], [9220.0, 1425.0], [9220.0, 1415.0], [9220.0, 1405.0], [9220.0, 1395.0], [9220.0, 1385.0], [9220.0, 1375.0], [9220.0, 1365.0], [9220.0, 1355.0], [9220.0, 1345.0], [9220.0, 1335.0], [9220.0, 1325.0], [9220.0, 1315.0], [9220.0, 1305.0], [9220.0, 1295.0], [9220.0, 1285.0], [9220.0, 1275.0], [9220.0, 1265.0], [9225.0, 1260.0], [9230.0, 1255.0], [9230.0, 1245.0], [9230.0, 1235.0], [9235.0, 1230.0], [9240.0, 1225.0], [9245.0, 1220.0], [9250.0, 1225.0], [9255.0, 1230.0], [9265.0, 1230.0], [9275.0, 1230.0], [9280.0, 1235.0], [9285.0, 1240.0], [9295.0, 1240.0], [9305.0, 1240.0], [9315.0, 1240.0], [9320.0, 1245.0], [9325.0, 1250.0], [9335.0, 1250.0], [9345.0, 1250.0], [9350.0, 1255.0], [9355.0, 1260.0], [9365.0, 1260.0], [9375.0, 1260.0], [9385.0, 1260.0], [9390.0, 1265.0], [9395.0, 1270.0], [9405.0, 1270.0], [9410.0, 1275.0], [9415.0, 1280.0], [9420.0, 1285.0], [9415.0, 1290.0], [9410.0, 1295.0], [9405.0, 1300.0], [9400.0, 1305.0], [9405.0, 1310.0], [9410.0, 1315.0], [9410.0, 1325.0], [9410.0, 1335.0], [9415.0, 1340.0], [9420.0, 1345.0], [9420.0, 1355.0], [9415.0, 1360.0], [9410.0, 1365.0], [9405.0, 1370.0], [9400.0, 1375.0], [9400.0, 1385.0], [9400.0, 1395.0], [9400.0, 1405.0], [9400.0, 1415.0], [9405.0, 1420.0], [9410.0, 1425.0], [9415.0, 1430.0], [9420.0, 1435.0], [9420.0, 1445.0], [9425.0, 1450.0], [9430.0, 1455.0], [9430.0, 1465.0], [9435.0, 1470.0], [9440.0, 1475.0], [9440.0, 1485.0], [9440.0, 1495.0], [9440.0, 1505.0], [9440.0, 1515.0], [9440.0, 1525.0], [9440.0, 1535.0], [9440.0, 1545.0], [9440.0, 1555.0], [9435.0, 1560.0], [9430.0, 1565.0], [9430.0, 1575.0], [9430.0, 1585.0], [9430.0, 1595.0], [9430.0, 1605.0], [9430.0, 1615.0], [9430.0, 1625.0], [9430.0, 1635.0], [9435.0, 1640.0], [9440.0, 1645.0], [9445.0, 1650.0], [9450.0, 1655.0], [9455.0, 1660.0], [9465.0, 1660.0], [9475.0, 1660.0], [9485.0, 1660.0], [9490.0, 1655.0], [9495.0, 1650.0], [9500.0, 1645.0], [9505.0, 1640.0], [9510.0, 1645.0], [9515.0, 1650.0], [9520.0, 1645.0], [9525.0, 1640.0], [9535.0, 1640.0], [9545.0, 1640.0], [9550.0, 1645.0], [9555.0, 1650.0], [9565.0, 1650.0], [9575.0, 1650.0], [9585.0, 1650.0], [9595.0, 1650.0], [9600.0, 1645.0], [9605.0, 1640.0], [9615.0, 1640.0], [9625.0, 1640.0], [9630.0, 1635.0], [9635.0, 1630.0], [9645.0, 1630.0], [9655.0, 1630.0], [9660.0, 1625.0], [9665.0, 1620.0], [9670.0, 1615.0], [9675.0, 1610.0], [9680.0, 1605.0], [9680.0, 1595.0], [9685.0, 1590.0], [9690.0, 1585.0], [9690.0, 1575.0], [9695.0, 1570.0], [9700.0, 1565.0], [9705.0, 1560.0], [9710.0, 1555.0], [9715.0, 1550.0], [9720.0, 1545.0], [9725.0, 1540.0], [9730.0, 1535.0], [9735.0, 1530.0], [9740.0, 1525.0], [9740.0, 1515.0], [9745.0, 1510.0], [9750.0, 1505.0], [9745.0, 1500.0], [9740.0, 1495.0], [9735.0, 1490.0], [9730.0, 1485.0], [9725.0, 1480.0], [9715.0, 1480.0], [9710.0, 1475.0], [9705.0, 1470.0], [9700.0, 1465.0], [9695.0, 1460.0], [9685.0, 1460.0], [9680.0, 1455.0], [9675.0, 1450.0], [9670.0, 1445.0], [9665.0, 1440.0], [9660.0, 1435.0], [9655.0, 1430.0], [9650.0, 1425.0], [9645.0, 1420.0], [9640.0, 1415.0], [9635.0, 1410.0], [9630.0, 1405.0], [9635.0, 1400.0], [9645.0, 1400.0], [9650.0, 1405.0], [9655.0, 1410.0], [9660.0, 1415.0], [9665.0, 1420.0], [9675.0, 1420.0], [9680.0, 1425.0], [9685.0, 1430.0], [9695.0, 1430.0], [9700.0, 1435.0], [9705.0, 1440.0], [9710.0, 1445.0], [9715.0, 1450.0], [9720.0, 1455.0], [9725.0, 1460.0], [9730.0, 1465.0], [9735.0, 1470.0], [9740.0, 1475.0], [9745.0, 1480.0], [9750.0, 1485.0], [9755.0, 1490.0], [9760.0, 1495.0], [9765.0, 1500.0], [9770.0, 1505.0], [9775.0, 1510.0], [9780.0, 1515.0], [9785.0, 1520.0], [9795.0, 1520.0], [9800.0, 1525.0], [9805.0, 1530.0], [9815.0, 1530.0], [9820.0, 1535.0], [9825.0, 1540.0], [9830.0, 1545.0], [9835.0, 1550.0], [9840.0, 1555.0], [9845.0, 1560.0], [9850.0, 1565.0], [9855.0, 1570.0], [9860.0, 1575.0], [9865.0, 1580.0], [9875.0, 1580.0], [9880.0, 1585.0], [9880.0, 1595.0], [9885.0, 1600.0], [9890.0, 1605.0], [9895.0, 1610.0], [9900.0, 1615.0], [9895.0, 1620.0], [9890.0, 1625.0], [9885.0, 1630.0], [9880.0, 1635.0], [9880.0, 1645.0], [9875.0, 1650.0], [9870.0, 1655.0], [9865.0, 1660.0], [9860.0, 1665.0], [9855.0, 1670.0], [9850.0, 1675.0], [9845.0, 1680.0], [9840.0, 1685.0], [9840.0, 1695.0], [9835.0, 1700.0], [9830.0, 1705.0], [9825.0, 1710.0], [9820.0, 1715.0], [9820.0, 1725.0], [9815.0, 1730.0], [9810.0, 1735.0], [9805.0, 1740.0], [9800.0, 1745.0], [9795.0, 1750.0], [9790.0, 1755.0], [9785.0, 1760.0], [9780.0, 1765.0], [9775.0, 1770.0], [9765.0, 1770.0], [9760.0, 1775.0], [9755.0, 1780.0], [9750.0, 1785.0], [9745.0, 1790.0], [9735.0, 1790.0], [9730.0, 1795.0], [9725.0, 1800.0], [9715.0, 1800.0], [9705.0, 1800.0], [9700.0, 1805.0], [9695.0, 1810.0], [9685.0, 1810.0], [9675.0, 1810.0], [9670.0, 1815.0], [9665.0, 1820.0], [9655.0, 1820.0], [9645.0, 1820.0], [9640.0, 1825.0], [9635.0, 1830.0], [9625.0, 1830.0], [9615.0, 1830.0], [9605.0, 1830.0], [9595.0, 1830.0], [9585.0, 1830.0], [9575.0, 1830.0], [9565.0, 1830.0], [9555.0, 1830.0], [9545.0, 1830.0], [9535.0, 1830.0], [9530.0, 1835.0], [9525.0, 1840.0]]]}, "properties": {"objectType": "annotation", "name": "R1_2_T|peri_4", "classification": {"name": "peri", "color": [25, 158, 112]}, "lesion_id": 4, "section": "R1_2_T", "area_um2": 193050.0, "lesion_ids": [4]}}, {"type": "Feature", "geometry": {"type": "Polygon", "coordinates": [[[5805.0, 1690.0], [5795.0, 1690.0], [5790.0, 1685.0], [5795.0, 1680.0], [5800.0, 1675.0], [5800.0, 1665.0], [5800.0, 1655.0], [5800.0, 1645.0], [5800.0, 1635.0], [5800.0, 1625.0], [5805.0, 1620.0], [5810.0, 1615.0], [5810.0, 1605.0], [5810.0, 1595.0], [5810.0, 1585.0], [5810.0, 1575.0], [5815.0, 1570.0], [5820.0, 1565.0], [5820.0, 1555.0], [5825.0, 1550.0], [5835.0, 1550.0], [5840.0, 1545.0], [5845.0, 1540.0], [5850.0, 1535.0], [5855.0, 1530.0], [5860.0, 1525.0], [5865.0, 1520.0], [5870.0, 1515.0], [5875.0, 1510.0], [5880.0, 1505.0], [5885.0, 1500.0], [5895.0, 1500.0], [5900.0, 1495.0], [5905.0, 1490.0], [5910.0, 1485.0], [5910.0, 1475.0], [5910.0, 1465.0], [5915.0, 1460.0], [5920.0, 1455.0], [5920.0, 1445.0], [5925.0, 1440.0], [5930.0, 1435.0], [5935.0, 1430.0], [5940.0, 1425.0], [5945.0, 1420.0], [5955.0, 1420.0], [5960.0, 1415.0], [5965.0, 1410.0], [5975.0, 1410.0], [5985.0, 1410.0], [5995.0, 1410.0], [6000.0, 1405.0], [6005.0, 1400.0], [6015.0, 1400.0], [6020.0, 1395.0], [6025.0, 1390.0], [6030.0, 1385.0], [6035.0, 1380.0], [6040.0, 1375.0], [6045.0, 1370.0], [6050.0, 1365.0], [6055.0, 1360.0], [6060.0, 1355.0], [6060.0, 1345.0], [6065.0, 1340.0], [6070.0, 1335.0], [6070.0, 1325.0], [6070.0, 1315.0], [6070.0, 1305.0], [6070.0, 1295.0], [6070.0, 1285.0], [6075.0, 1280.0], [6080.0, 1275.0], [6085.0, 1270.0], [6095.0, 1270.0], [6100.0, 1265.0], [6105.0, 1260.0], [6115.0, 1260.0], [6125.0, 1260.0], [6130.0, 1265.0], [6135.0, 1270.0], [6140.0, 1275.0], [6145.0, 1280.0], [6150.0, 1285.0], [6150.0, 1295.0], [6150.0, 1305.0], [6150.0, 1315.0], [6145.0, 1320.0], [6140.0, 1325.0], [6145.0, 1330.0], [6150.0, 1335.0], [6145.0, 1340.0], [6140.0, 1345.0], [6145.0, 1350.0], [6150.0, 1355.0], [6150.0, 1365.0], [6150.0, 1375.0], [6145.0, 1380.0], [6140.0, 1385.0], [6140.0, 1395.0], [6135.0, 1400.0], [6130.0, 1405.0], [6125.0, 1410.0], [6120.0, 1415.0], [6115.0, 1420.0], [6110.0, 1425.0], [6110.0, 1435.0], [6105.0, 1440.0], [6100.0, 1445.0], [6095.0, 1450.0], [6090.0, 1455.0], [6085.0, 1460.0], [6075.0, 1460.0], [6065.0, 1460.0], [6060.0, 1465.0], [6055.0, 1470.0], [6045.0, 1470.0], [6040.0, 1475.0], [6035.0, 1480.0], [6025.0, 1480.0], [6020.0, 1485.0], [6015.0, 1490.0], [6005.0, 1490.0], [5995.0, 1490.0], [5990.0, 1485.0], [5985.0, 1480.0], [5975.0, 1480.0], [5970.0, 1475.0], [5965.0, 1470.0], [5960.0, 1475.0], [5965.0, 1480.0], [5970.0, 1485.0], [5975.0, 1490.0], [5980.0, 1495.0], [5980.0, 1505.0], [5980.0, 1515.0], [5980.0, 1525.0], [5975.0, 1530.0], [5970.0, 1535.0], [5965.0, 1540.0], [5960.0, 1545.0], [5955.0, 1550.0], [5950.0, 1555.0], [5945.0, 1560.0], [5940.0, 1565.0], [5935.0, 1570.0], [5930.0, 1565.0], [5925.0, 1560.0], [5915.0, 1560.0], [5905.0, 1560.0], [5900.0, 1565.0], [5900.0, 1575.0], [5900.0, 1585.0], [5895.0, 1590.0], [5890.0, 1595.0], [5885.0, 1600.0], [5880.0, 1605.0], [5875.0, 1610.0], [5865.0, 1610.0], [5860.0, 1615.0], [5855.0, 1620.0], [5845.0, 1620.0], [5840.0, 1625.0], [5835.0, 1630.0], [5830.0, 1635.0], [5825.0, 1640.0], [5820.0, 1645.0], [5820.0, 1655.0], [5820.0, 1665.0], [5815.0, 1670.0], [5810.0, 1675.0], [5810.0, 1685.0], [5805.0, 1690.0]]]}, "properties": {"objectType": "annotation", "name": "P3_1_C|peri_5", "classification": {"name": "peri", "color": [25, 158, 112]}, "lesion_id": 5, "section": "P3_1_C", "area_um2": 39250.0, "lesion_ids": [5]}}, {"type": "Feature", "geometry": {"type": "Polygon", "coordinates": [[[8265.0, 1390.0], [8260.0, 1385.0], [8255.0, 1380.0], [8250.0, 1375.0], [8250.0, 1365.0], [8255.0, 1360.0], [8260.0, 1355.0], [8255.0, 1350.0], [8250.0, 1345.0], [8255.0, 1340.0], [8260.0, 1335.0], [8265.0, 1330.0], [8270.0, 1335.0], [8270.0, 1345.0], [8270.0, 1355.0], [8270.0, 1365.0], [8270.0, 1375.0], [8270.0, 1385.0], [8265.0, 1390.0]]]}, "properties": {"objectType": "annotation", "name": "R1_2_T|peri_6", "classification": {"name": "peri", "color": [25, 158, 112]}, "lesion_id": 6, "section": "R1_2_T", "area_um2": 850.0, "lesion_ids": [6]}}, {"type": "Feature", "geometry": {"type": "Polygon", "coordinates": [[[8075.0, 2910.0], [8070.0, 2905.0], [8065.0, 2900.0], [8055.0, 2900.0], [8050.0, 2895.0], [8045.0, 2890.0], [8040.0, 2885.0], [8035.0, 2880.0], [8030.0, 2875.0], [8025.0, 2870.0], [8020.0, 2865.0], [8015.0, 2860.0], [8010.0, 2855.0], [8010.0, 2845.0], [8005.0, 2840.0], [8000.0, 2835.0], [8000.0, 2825.0], [8005.0, 2820.0], [8010.0, 2815.0], [8010.0, 2805.0], [8010.0, 2795.0], [8010.0, 2785.0], [8010.0, 2775.0], [8015.0, 2770.0], [8020.0, 2765.0], [8020.0, 2755.0], [8020.0, 2745.0], [8020.0, 2735.0], [8020.0, 2725.0], [8020.0, 2715.0], [8020.0, 2705.0], [8020.0, 2695.0], [8020.0, 2685.0], [8025.0, 2680.0], [8030.0, 2675.0], [8030.0, 2665.0], [8030.0, 2655.0], [8030.0, 2645.0], [8030.0, 2635.0], [8030.0, 2625.0], [8030.0, 2615.0], [8030.0, 2605.0], [8030.0, 2595.0], [8030.0, 2585.0], [8035.0, 2580.0], [8040.0, 2575.0], [8040.0, 2565.0], [8040.0, 2555.0], [8045.0, 2550.0], [8050.0, 2545.0], [8050.0, 2535.0], [8050.0, 2525.0], [8050.0, 2515.0], [8050.0, 2505.0], [8055.0, 2500.0], [8060.0, 2495.0], [8060.0, 2485.0], [8060.0, 2475.0], [8060.0, 2465.0], [8065.0, 2460.0], [8070.0, 2455.0], [8070.0, 2445.0], [8070.0, 2435.0], [8075.0, 2430.0], [8080.0, 2425.0], [8080.0, 2415.0], [8080.0, 2405.0], [8080.0, 2395.0], [8080.0, 2385.0], [8080.0, 2375.0], [8080.0, 2365.0], [8080.0, 2355.0], [8080.0, 2345.0], [8080.0, 2335.0], [8075.0, 2330.0], [8070.0, 2325.0], [8070.0, 2315.0], [8065.0, 2310.0], [8060.0, 2305.0], [8060.0, 2295.0], [8060.0, 2285.0], [8055.0, 2280.0], [8050.0, 2275.0], [8050.0, 2265.0], [8050.0, 2255.0], [8050.0, 2245.0], [8050.0, 2235.0], [8050.0, 2225.0], [8050.0, 2215.0], [8050.0, 2205.0], [8055.0, 2200.0], [8060.0, 2195.0], [8060.0, 2185.0], [8060.0, 2175.0], [8060.0, 2165.0], [8060.0, 2155.0], [8060.0, 2145.0], [8060.0, 2135.0], [8055.0, 2130.0], [8050.0, 2125.0], [8050.0, 2115.0], [8045.0, 2110.0], [8040.0, 2105.0], [8040.0, 2095.0], [8035.0, 2090.0], [8030.0, 2085.0], [8025.0, 2080.0], [8020.0, 2075.0], [8020.0, 2065.0], [8015.0, 2060.0], [8010.0, 2055.0], [8010.0, 2045.0], [8010.0, 2035.0], [8010.0, 2025.0], [8010.0, 2015.0], [8010.0, 2005.0], [8010.0, 1995.0], [8010.0, 1985.0], [8010.0, 1975.0], [8010.0, 1965.0], [8010.0, 1955.0], [8010.0, 1945.0], [8010.0, 1935.0], [8010.0, 1925.0], [8015.0, 1920.0], [8020.0, 1915.0], [8025.0, 1910.0], [8030.0, 1905.0], [8035.0, 1900.0], [8040.0, 1895.0], [8045.0, 1890.0], [8050.0, 1885.0], [8055.0, 1880.0], [8060.0, 1875.0], [8065.0, 1870.0], [8070.0, 1865.0], [8075.0, 1860.0], [8080.0, 1855.0], [8080.0, 1845.0], [8080.0, 1835.0], [8085.0, 1830.0], [8090.0, 1825.0], [8090.0, 1815.0], [8095.0, 1810.0], [8100.0, 1805.0], [8100.0, 1795.0], [8105.0, 1790.0], [8110.0, 1785.0], [8115.0, 1780.0], [8120.0, 1775.0], [8125.0, 1770.0], [8130.0, 1765.0], [8135.0, 1760.0], [8140.0, 1755.0], [8145.0, 1750.0], [8150.0, 1745.0], [8155.0, 1740.0], [8165.0, 1740.0], [8170.0, 1735.0], [8175.0, 1730.0], [8185.0, 1730.0], [8195.0, 1730.0], [8205.0, 1730.0], [8215.0, 1730.0], [8220.0, 1725.0], [8220.0, 1715.0], [8220.0, 1705.0], [8215.0, 1700.0], [8210.0, 1695.0], [8210.0, 1685.0], [8210.0, 1675.0], [8210.0, 1665.0], [8210.0, 1655.0], [8210.0, 1645.0], [8210.0, 1635.0], [8210.0, 1625.0], [8210.0, 1615.0], [8210.0, 1605.0], [8210.0, 1595.0], [8205.0, 1590.0], [8200.0, 1585.0], [8200.0, 1575.0], [8200.0, 1565.0], [8205.0, 1560.0], [8210.0, 1555.0], [8210.0, 1545.0], [8210.0, 1535.0], [8210.0, 1525.0], [8210.0, 1515.0], [8205.0, 1510.0], [8200.0, 1505.0], [8205.0, 1500.0], [8210.0, 1495.0], [8210.0, 1485.0], [8210.0, 1475.0], [8210.0, 1465.0], [8210.0, 1455.0], [8215.0, 1450.0], [8220.0, 1445.0], [8220.0, 1435.0], [8225.0, 1430.0], [8230.0, 1425.0], [8230.0, 1415.0], [8235.0, 1410.0], [8240.0, 1405.0], [8245.0, 1400.0], [8250.0, 1405.0], [8250.0, 1415.0], [8250.0, 1425.0], [8255.0, 1430.0], [8260.0, 1435.0], [8260.0, 1445.0], [8260.0, 1455.0], [8265.0, 1460.0], [8270.0, 1465.0], [8270.0, 1475.0], [8275.0, 1480.0], [8280.0, 1485.0], [8285.0, 1490.0], [8290.0, 1495.0], [8290.0, 1505.0], [8290.0, 1515.0], [8295.0, 1520.0], [8300.0, 1525.0], [8295.0, 1530.0], [8290.0, 1535.0], [8295.0, 1540.0], [8300.0, 1545.0], [8300.0, 1555.0], [8295.0, 1560.0], [8290.0, 1565.0], [8295.0, 1570.0], [8300.0, 1575.0], [8300.0, 1585.0], [8300.0, 1595.0], [8300.0, 1605.0], [8305.0, 1610.0], [8310.0, 1615.0], [8310.0, 1625.0], [8310.0, 1635.0], [8310.0, 1645.0], [8310.0, 1655.0], [8305.0, 1660.0], [8300.0, 1665.0], [8300.0, 1675.0], [8300.0, 1685.0], [8305.0, 1690.0], [8310.0, 1695.0], [8315.0, 1700.0], [8320.0, 1705.0], [8320.0, 1715.0], [8320.0, 1725.0], [8325.0, 1730.0], [8330.0, 1735.0], [8330.0, 1745.0], [8325.0, 1750.0], [8320.0, 1755.0], [8325.0, 1760.0], [8330.0, 1765.0], [8325.0, 1770.0], [8320.0, 1775.0], [8325.0, 1780.0], [8330.0, 1785.0], [8330.0, 1795.0], [8330.0, 1805.0], [8325.0, 1810.0], [8320.0, 1815.0], [8315.0, 1820.0], [8310.0, 1825.0], [8305.0, 1830.0], [8300.0, 1835.0], [8295.0, 1840.0], [8285.0, 1840.0], [8275.0, 1840.0], [8270.0, 1845.0], [8265.0, 1850.0], [8260.0, 1845.0], [8260.0, 1835.0], [8260.0, 1825.0], [8255.0, 1820.0], [8245.0, 1820.0], [8235.0, 1820.0], [8225.0, 1820.0], [8220.0, 1815.0], [8215.0, 1810.0], [8205.0, 1810.0], [8200.0, 1815.0], [8195.0, 1820.0], [8185.0, 1820.0], [8180.0, 1825.0], [8175.0, 1830.0], [8170.0, 1835.0], [8170.0, 1845.0], [8170.0, 1855.0], [8165.0, 1860.0], [8160.0, 1865.0], [8160.0, 1875.0], [8160.0, 1885.0], [8155.0, 1890.0], [8150.0, 1895.0], [8150.0, 1905.0], [8150.0, 1915.0], [8150.0, 1925.0], [8145.0, 1930.0], [8140.0, 1935.0], [8135.0, 1940.0], [8130.0, 1945.0], [8125.0, 1950.0], [8115.0, 1950.0], [8110.0, 1945.0], [8105.0, 1940.0], [8095.0, 1940.0], [8090.0, 1935.0], [8085.0, 1930.0], [8080.0, 1935.0], [8080.0, 1945.0], [8085.0, 1950.0], [8090.0, 1955.0], [8095.0, 1960.0], [8100.0, 1965.0], [8105.0, 1970.0], [8110.0, 1975.0], [8110.0, 1985.0], [8110.0, 1995.0], [8105.0, 2000.0], [8100.0, 2005.0], [8100.0, 2015.0], [8095.0, 2020.0], [8090.0, 2025.0], [8090.0, 2035.0], [8095.0, 2040.0], [8105.0, 2040.0], [8110.0, 2045.0], [8115.0, 2050.0], [8120.0, 2055.0], [8125.0, 2060.0], [8130.0, 2065.0], [8130.0, 2075.0], [8135.0, 2080.0], [8140.0, 2085.0], [8140.0, 2095.0], [8140.0, 2105.0], [8140.0, 2115.0], [8145.0, 2120.0], [8150.0, 2125.0], [8145.0, 2130.0], [8140.0, 2135.0], [8145.0, 2140.0], [8150.0, 2145.0], [8145.0, 2150.0], [8140.0, 2155.0], [8145.0, 2160.0], [8150.0, 2165.0], [8150.0, 2175.0], [8150.0, 2185.0], [8145.0, 2190.0], [8140.0, 2195.0], [8140.0, 2205.0], [8140.0, 2215.0], [8140.0, 2225.0], [8140.0, 2235.0], [8135.0, 2240.0], [8130.0, 2245.0], [8130.0, 2255.0], [8135.0, 2260.0], [8140.0, 2265.0], [8140.0, 2275.0], [8140.0, 2285.0], [8145.0, 2290.0], [8150.0, 2295.0], [8155.0, 2300.0], [8160.0, 2305.0], [8160.0, 2315.0], [8160.0, 2325.0], [8165.0, 2330.0], [8170.0, 2335.0], [8170.0, 2345.0], [8170.0, 2355.0], [8175.0, 2360.0], [8180.0, 2365.0], [8175.0, 2370.0], [8170.0, 2375.0], [8175.0, 2380.0], [8180.0, 2385.0], [8180.0, 2395.0], [8180.0, 2405.0], [8180.0, 2415.0], [8175.0, 2420.0], [8170.0, 2425.0], [8170.0, 2435.0], [8170.0, 2445.0], [8165.0, 2450.0], [8160.0, 2455.0], [8160.0, 2465.0], [8160.0, 2475.0], [8155.0, 2480.0], [8150.0, 2485.0], [8150.0, 2495.0], [8150.0, 2505.0], [8150.0, 2515.0], [8150.0, 2525.0], [8150.0, 2535.0], [8150.0, 2545.0], [8145.0, 2550.0], [8140.0, 2555.0], [8140.0, 2565.0], [8140.0, 2575.0], [8135.0, 2580.0], [8130.0, 2585.0], [8125.0, 2590.0], [8120.0, 2595.0], [8115.0, 2600.0], [8105.0, 2600.0], [8100.0, 2605.0], [8100.0, 2615.0], [8105.0, 2620.0], [8110.0, 2625.0], [8110.0, 2635.0], [8115.0, 2640.0], [8120.0, 2645.0], [8120.0, 2655.0], [8120.0, 2665.0], [8125.0, 2670.0], [8130.0, 2675.0], [8125.0, 2680.0], [8120.0, 2685.0], [8120.0, 2695.0], [8120.0, 2705.0], [8115.0, 2710.0], [8110.0, 2715.0], [8110.0, 2725.0], [8110.0, 2735.0], [8110.0, 2745.0], [8105.0, 2750.0], [8100.0, 2755.0], [8105.0, 2760.0], [8110.0, 2765.0], [8110.0, 2775.0], [8105.0, 2780.0], [8100.0, 2785.0], [8100.0, 2795.0], [8100.0, 2805.0], [8095.0, 2810.0], [8090.0, 2815.0], [8095.0, 2820.0], [8100.0, 2825.0], [8100.0, 2835.0], [8095.0, 2840.0], [8090.0, 2845.0], [8090.0, 2855.0], [8090.0, 2865.0], [8090.0, 2875.0], [8090.0, 2885.0], [8090.0, 2895.0], [8085.0, 2900.0], [8080.0, 2905.0], [8075.0, 2910.0]]]}, "properties": {"objectType": "annotation", "name": "R1_2_T|peri", "classification": {"name": "peri", "color": [25, 158, 112]}, "lesion_id": 0, "section": "R1_2_T", "area_um2": 145250.0, "lesion_ids": [6, 7]}}, {"type": "Feature", "geometry": {"type": "Polygon", "coordinates": [[[6005.0, 1540.0], [6000.0, 1535.0], [6000.0, 1525.0], [6005.0, 1520.0], [6010.0, 1515.0], [6015.0, 1510.0], [6020.0, 1515.0], [6020.0, 1525.0], [6015.0, 1530.0], [6010.0, 1535.0], [6005.0, 1540.0]]]}, "properties": {"objectType": "annotation", "name": "P3_1_C|peri_5", "classification": {"name": "peri", "color": [25, 158, 112]}, "lesion_id": 5, "section": "P3_1_C", "area_um2": 350.0, "lesion_ids": [5]}}, {"type": "Feature", "geometry": {"type": "Polygon", "coordinates": [[[9465.0, 3880.0], [9455.0, 3880.0], [9445.0, 3880.0], [9440.0, 3875.0], [9435.0, 3870.0], [9430.0, 3865.0], [9425.0, 3860.0], [9420.0, 3855.0], [9420.0, 3845.0], [9415.0, 3840.0], [9410.0, 3835.0], [9410.0, 3825.0], [9410.0, 3815.0], [9410.0, 3805.0], [9410.0, 3795.0], [9410.0, 3785.0], [9410.0, 3775.0], [9410.0, 3765.0], [9405.0, 3760.0], [9400.0, 3755.0], [9400.0, 3745.0], [9400.0, 3735.0], [9395.0, 3730.0], [9390.0, 3725.0], [9385.0, 3720.0], [9380.0, 3715.0], [9375.0, 3710.0], [9370.0, 3705.0], [9375.0, 3700.0], [9385.0, 3700.0], [9395.0, 3700.0], [9400.0, 3695.0], [9405.0, 3690.0], [9415.0, 3690.0], [9420.0, 3695.0], [9425.0, 3700.0], [9430.0, 3695.0], [9435.0, 3690.0], [9445.0, 3690.0], [9450.0, 3685.0], [9455.0, 3680.0], [9460.0, 3675.0], [9465.0, 3670.0], [9470.0, 3665.0], [9475.0, 3660.0], [9480.0, 3655.0], [9485.0, 3650.0], [9490.0, 3645.0], [9495.0, 3640.0], [9500.0, 3635.0], [9500.0, 3625.0], [9500.0, 3615.0], [9505.0, 3610.0], [9510.0, 3605.0], [9515.0, 3600.0], [9520.0, 3595.0], [9525.0, 3590.0], [9530.0, 3585.0], [9530.0, 3575.0], [9535.0, 3570.0], [9540.0, 3565.0], [9540.0, 3555.0], [9540.0, 3545.0], [9535.0, 3540.0], [9530.0, 3535.0], [9530.0, 3525.0], [9530.0, 3515.0], [9530.0, 3505.0], [9525.0, 3500.0], [9520.0, 3495.0], [9520.0, 3485.0], [9515.0, 3480.0], [9510.0, 3475.0], [9505.0, 3470.0], [9500.0, 3465.0], [9495.0, 3460.0], [9490.0, 3455.0], [9485.0, 3450.0], [9480.0, 3445.0], [9475.0, 3440.0], [9470.0, 3435.0], [9465.0, 3430.0], [9455.0, 3430.0], [9445.0, 3430.0], [9440.0, 3425.0], [9435.0, 3420.0], [9425.0, 3420.0], [9415.0, 3420.0], [9410.0, 3415.0], [9405.0, 3410.0], [9400.0, 3405.0], [9395.0, 3400.0], [9385.0, 3400.0], [9375.0, 3400.0], [9370.0, 3395.0], [9365.0, 3390.0], [9355.0, 3390.0], [9350.0, 3395.0], [9345.0, 3400.0], [9335.0, 3400.0], [9325.0, 3400.0], [9315.0, 3400.0], [9310.0, 3405.0], [9305.0, 3410.0], [9295.0, 3410.0], [9290.0, 3415.0], [9285.0, 3420.0], [9275.0, 3420.0], [9265.0, 3420.0], [9255.0, 3420.0], [9250.0, 3425.0], [9245.0, 3430.0], [9235.0, 3430.0], [9225.0, 3430.0], [9215.0, 3430.0], [9210.0, 3425.0], [9205.0, 3420.0], [9200.0, 3415.0], [9195.0, 3410.0], [9185.0, 3410.0], [9175.0, 3410.0], [9170.0, 3405.0], [9165.0, 3400.0], [9155.0, 3400.0], [9150.0, 3405.0], [9145.0, 3410.0], [9135.0, 3410.0], [9125.0, 3410.0], [9120.0, 3415.0], [9115.0, 3420.0], [9110.0, 3425.0], [9105.0, 3430.0], [9100.0, 3435.0], [9095.0, 3440.0], [9090.0, 3445.0], [9090.0, 3455.0], [9085.0, 3460.0], [9080.0, 3465.0], [9080.0, 3475.0], [9080.0, 3485.0], [9075.0, 3490.0], [9070.0, 3495.0], [9065.0, 3500.0], [9060.0, 3505.0], [9065.0, 3510.0], [9070.0, 3515.0], [9065.0, 3520.0], [9060.0, 3525.0], [9055.0, 3530.0], [9050.0, 3535.0], [9045.0, 3540.0], [9040.0, 3545.0], [9035.0, 3550.0], [9030.0, 3555.0], [9030.0, 3565.0], [9025.0, 3570.0], [9020.0, 3575.0], [9025.0, 3580.0], [9030.0, 3585.0], [9025.0, 3590.0], [9020.0, 3595.0], [9015.0, 3600.0], [9010.0, 3605.0], [9010.0, 3615.0], [9005.0, 3620.0], [9000.0, 3625.0], [9000.0, 3635.0], [9005.0, 3640.0], [9010.0, 3645.0], [9005.0, 3650.0], [9000.0, 3655.0], [8995.0, 3660.0], [8990.0, 3665.0], [8985.0, 3670.0], [8980.0, 3675.0], [8975.0, 3680.0], [8970.0, 3685.0], [8965.0, 3690.0], [8960.0, 3695.0], [8965.0, 3700.0], [8970.0, 3705.0], [8975.0, 3710.0], [8980.0, 3715.0], [8985.0, 3720.0], [8990.0, 3715.0], [8995.0, 3710.0], [9000.0, 3705.0], [9005.0, 3700.0], [9010.0, 3705.0], [9015.0, 3710.0], [9020.0, 3715.0], [9025.0, 3720.0], [9030.0, 3725.0], [9035.0, 3730.0], [9040.0, 3735.0], [9040.0, 3745.0], [9040.0, 3755.0], [9045.0, 3760.0], [9050.0, 3765.0], [9055.0, 3770.0], [9060.0, 3775.0], [9055.0, 3780.0], [9050.0, 3785.0], [9045.0, 3790.0], [9040.0, 3795.0], [9040.0, 3805.0], [9040.0, 3815.0], [9035.0, 3820.0], [9025.0, 3820.0], [9020.0, 3825.0], [9015.0, 3830.0], [9010.0, 3835.0], [9005.0, 3840.0], [8995.0, 3840.0], [8985.0, 3840.0], [8975.0, 3840.0], [8965.0, 3840.0], [8955.0, 3840.0], [8945.0, 3840.0], [8935.0, 3840.0], [8925.0, 3840.0], [8915.0, 3840.0], [8910.0, 3845.0], [8905.0, 3850.0], [8900.0, 3845.0], [8895.0, 3840.0], [8885.0, 3840.0], [8875.0, 3840.0], [8870.0, 3835.0], [8865.0, 3830.0], [8855.0, 3830.0], [8850.0, 3825.0], [8850.0, 3815.0], [8855.0, 3810.0], [8860.0, 3805.0], [8860.0, 3795.0], [8865.0, 3790.0], [8870.0, 3785.0], [8865.0, 3780.0], [8860.0, 3775.0], [8855.0, 3770.0], [8850.0, 3765.0], [8845.0, 3760.0], [8835.0, 3760.0], [8830.0, 3755.0], [8825.0, 3750.0], [8820.0, 3745.0], [8815.0, 3740.0], [8810.0, 3735.0], [8805.0, 3730.0], [8800.0, 3725.0], [8795.0, 3720.0], [8785.0, 3720.0], [8775.0, 3720.0], [8765.0, 3720.0], [8755.0, 3720.0], [8750.0, 3715.0], [8745.0, 3710.0], [8735.0, 3710.0], [8730.0, 3705.0], [8725.0, 3700.0], [8720.0, 3695.0], [8715.0, 3690.0], [8705.0, 3690.0], [8700.0, 3685.0], [8695.0, 3680.0], [8685.0, 3680.0], [8680.0, 3675.0], [8675.0, 3670.0], [8670.0, 3665.0], [8665.0, 3660.0], [8660.0, 3655.0], [8655.0, 3650.0], [8645.0, 3650.0], [8640.0, 3645.0], [8635.0, 3640.0], [8630.0, 3645.0], [8625.0, 3650.0], [8620.0, 3655.0], [8615.0, 3660.0], [8610.0, 3665.0], [8615.0, 3670.0], [8620.0, 3675.0], [8625.0, 3680.0], [8630.0, 3685.0], [8635.0, 3690.0], [8640.0, 3695.0], [8645.0, 3700.0], [8650.0, 3705.0], [8650.0, 3715.0], [8645.0, 3720.0], [8640.0, 3725.0], [8640.0, 3735.0], [8640.0, 3745.0], [8635.0, 3750.0], [8630.0, 3755.0], [8625.0, 3760.0], [8620.0, 3765.0], [8615.0, 3770.0], [8610.0, 3775.0], [8605.0, 3780.0], [8600.0, 3785.0], [8605.0, 3790.0], [8610.0, 3795.0], [8605.0, 3800.0], [8595.0, 3800.0], [8585.0, 3800.0], [8575.0, 3800.0], [8565.0, 3800.0], [8560.0, 3795.0], [8555.0, 3790.0], [8545.0, 3790.0], [8535.0, 3790.0], [8525.0, 3790.0], [8520.0, 3795.0], [8515.0, 3800.0], [8505.0, 3800.0], [8495.0, 3800.0], [8485.0, 3800.0], [8480.0, 3795.0], [8475.0, 3790.0], [8465.0, 3790.0], [8455.0, 3790.0], [8445.0, 3790.0], [8440.0, 3785.0], [8435.0, 3780.0], [8425.0, 3780.0], [8415.0, 3780.0], [8410.0, 3775.0], [8405.0, 3770.0], [8400.0, 3765.0], [8400.0, 3755.0], [8395.0, 3750.0], [8390.0, 3745.0], [8385.0, 3740.0], [8380.0, 3735.0], [8375.0, 3730.0], [8370.0, 3725.0], [8365.0, 3720.0], [8355.0, 3720.0], [8345.0, 3720.0], [8340.0, 3715.0], [8335.0, 3710.0], [8325.0, 3710.0], [8320.0, 3705.0], [8315.0, 3700.0], [8305.0, 3700.0], [8300.0, 3695.0], [8300.0, 3685.0], [8300.0, 3675.0], [8300.0, 3665.0], [8300.0, 3655.0], [8300.0, 3645.0], [8300.0, 3635.0], [8300.0, 3625.0], [8300.0, 3615.0], [8300.0, 3605.0], [8305.0, 3600.0], [8310.0, 3595.0], [8310.0, 3585.0], [8310.0, 3575.0], [8315.0, 3570.0], [8320.0, 3565.0], [8320.0, 3555.0], [8325.0, 3550.0], [8330.0, 3545.0], [8335.0, 3540.0], [8340.0, 3535.0], [8340.0, 3525.0], [8345.0, 3520.0], [8350.0, 3515.0], [8355.0, 3510.0], [8360.0, 3505.0], [8365.0, 3500.0], [8370.0, 3495.0], [8375.0, 3490.0], [8380.0, 3485.0], [8385.0, 3480.0], [8395.0, 3480.0], [8400.0, 3475.0], [8405.0, 3470.0], [8410.0, 3465.0], [8415.0, 3460.0], [8425.0, 3460.0], [8430.0, 3455.0], [8435.0, 3450.0], [8445.0, 3450.0], [8455.0, 3450.0], [8460.0, 3445.0], [8465.0, 3440.0], [8475.0, 3440.0], [8485.0, 3440.0], [8495.0, 3440.0], [8505.0, 3440.0], [8515.0, 3440.0], [8525.0, 3440.0], [8535.0, 3440.0], [8545.0, 3440.0], [8555.0, 3440.0], [8565.0, 3440.0], [8575.0, 3440.0], [8585.0, 3440.0], [8595.0, 3440.0], [8605.0, 3440.0], [8615.0, 3440.0], [8620.0, 3445.0], [8625.0, 3450.0], [8635.0, 3450.0], [8645.0, 3450.0], [8650.0, 3455.0], [8655.0, 3460.0], [8665.0, 3460.0], [8675.0, 3460.0], [8680.0, 3465.0], [8685.0, 3470.0], [8695.0, 3470.0], [8705.0, 3470.0], [8710.0, 3475.0], [8715.0, 3480.0], [8725.0, 3480.0], [8730.0, 3485.0], [8735.0, 3490.0], [8745.0, 3490.0], [8750.0, 3495.0], [8755.0, 3500.0], [8760.0, 3505.0], [8765.0, 3510.0], [8775.0, 3510.0], [8780.0, 3515.0], [8785.0, 3520.0], [8790.0, 3525.0], [8795.0, 3530.0], [8805.0, 3530.0], [8810.0, 3535.0], [8815.0, 3540.0], [8825.0, 3540.0], [8835.0, 3540.0], [8840.0, 3535.0], [8845.0, 3530.0], [8850.0, 3525.0], [8850.0, 3515.0], [8850.0, 3505.0], [8855.0, 3500.0], [8860.0, 3495.0], [8860.0, 3485.0], [8865.0, 3480.0], [8870.0, 3475.0], [8870.0, 3465.0], [8875.0, 3460.0], [8880.0, 3455.0], [8885.0, 3450.0], [8890.0, 3445.0], [8890.0, 3435.0], [8895.0, 3430.0], [8900.0, 3425.0], [8900.0, 3415.0], [8905.0, 3410.0], [8910.0, 3405.0], [8910.0, 3395.0], [8915.0, 3390.0], [8920.0, 3385.0], [8920.0, 3375.0], [8925.0, 3370.0], [8930.0, 3365.0], [8930.0, 3355.0], [8935.0, 3350.0], [8940.0, 3345.0], [8945.0, 3340.0], [8950.0, 3335.0], [8950.0, 3325.0], [8955.0, 3320.0], [8960.0, 3315.0], [8965.0, 3310.0], [8970.0, 3305.0], [8975.0, 3300.0], [8980.0, 3295.0], [8985.0, 3290.0], [8990.0, 3285.0], [8995.0, 3280.0], [9000.0, 3275.0], [9005.0, 3270.0], [9015.0, 3270.0], [9020.0, 3265.0], [9025.0, 3260.0], [9030.0, 3255.0], [9035.0, 3250.0], [9045.0, 3250.0], [9050.0, 3245.0], [9055.0, 3240.0], [9065.0, 3240.0], [9075.0, 3240.0], [9080.0, 3235.0], [9085.0, 3230.0], [9095.0, 3230.0], [9105.0, 3230.0], [9110.0, 3225.0], [9115.0, 3220.0], [9125.0, 3220.0], [9135.0, 3220.0], [9145.0, 3220.0], [9155.0, 3220.0], [9165.0, 3220.0], [9175.0, 3220.0], [9185.0, 3220.0], [9195.0, 3220.0], [9205.0, 3220.0], [9210.0, 3225.0], [9215.0, 3230.0], [9225.0, 3230.0], [9235.0, 3230.0], [9245.0, 3230.0], [9255.0, 3230.0], [9265.0, 3230.0], [9270.0, 3225.0], [9275.0, 3220.0], [9285.0, 3220.0], [9295.0, 3220.0], [9305.0, 3220.0], [9310.0, 3215.0], [9315.0, 3210.0], [9325.0, 3210.0], [9335.0, 3210.0], [9345.0, 3210.0], [9355.0, 3210.0], [9365.0, 3210.0], [9375.0, 3210.0], [9385.0, 3210.0], [9395.0, 3210.0], [9405.0, 3210.0], [9410.0, 3215.0], [9415.0, 3220.0], [9425.0, 3220.0], [9435.0, 3220.0], [9440.0, 3225.0], [9445.0, 3230.0], [9455.0, 3230.0], [9465.0, 3230.0], [9470.0, 3235.0], [9475.0, 3240.0], [9485.0, 3240.0], [9490.0, 3245.0], [9495.0, 3250.0], [9505.0, 3250.0], [9510.0, 3255.0], [9515.0, 3260.0], [9525.0, 3260.0], [9535.0, 3260.0], [9540.0, 3265.0], [9545.0, 3270.0], [9550.0, 3265.0], [9555.0, 3260.0], [9560.0, 3255.0], [9565.0, 3250.0], [9570.0, 3245.0], [9575.0, 3240.0], [9585.0, 3240.0], [9590.0, 3235.0], [9595.0, 3230.0], [9600.0, 3225.0], [9605.0, 3220.0], [9615.0, 3220.0], [9620.0, 3215.0], [9625.0, 3210.0], [9635.0, 3210.0], [9645.0, 3210.0], [9650.0, 3205.0], [9655.0, 3200.0], [9665.0, 3200.0], [9670.0, 3195.0], [9675.0, 3190.0], [9685.0, 3190.0], [9695.0, 3190.0], [9700.0, 3185.0], [9705.0, 3180.0], [9715.0, 3180.0], [9725.0, 3180.0], [9735.0, 3180.0], [9740.0, 3175.0], [9745.0, 3170.0], [9755.0, 3170.0], [9765.0, 3170.0], [9770.0, 3165.0], [9770.0, 3155.0], [9765.0, 3150.0], [9760.0, 3145.0], [9760.0, 3135.0], [9760.0, 3125.0], [9755.0, 3120.0], [9750.0, 3115.0], [9750.0, 3105.0], [9750.0, 3095.0], [9750.0, 3085.0], [9750.0, 3075.0], [9750.0, 3065.0], [9750.0, 3055.0], [9750.0, 3045.0], [9745.0, 3040.0], [9740.0, 3035.0], [9735.0, 3030.0], [9725.0, 3030.0], [9720.0, 3025.0], [9715.0, 3020.0], [9710.0, 3015.0], [9705.0, 3010.0], [9700.0, 3005.0], [9695.0, 3000.0], [9690.0, 2995.0], [9685.0, 2990.0], [9680.0, 2985.0], [9675.0, 2980.0], [9670.0, 2975.0], [9665.0, 2970.0], [9660.0, 2965.0], [9660.0, 2955.0], [9655.0, 2950.0], [9650.0, 2945.0], [9645.0, 2940.0], [9640.0, 2935.0], [9640.0, 2925.0], [9635.0, 2920.0], [9630.0, 2915.0], [9630.0, 2905.0], [9630.0, 2895.0], [9625.0, 2890.0], [9620.0, 2885.0], [9620.0, 2875.0], [9620.0, 2865.0], [9620.0, 2855.0], [9620.0, 2845.0], [9620.0, 2835.0], [9620.0, 2825.0], [9620.0, 2815.0], [9615.0, 2810.0], [9610.0, 2805.0], [9610.0, 2795.0], [9610.0, 2785.0], [9610.0, 2775.0], [9605.0, 2770.0], [9600.0, 2765.0], [9600.0, 2755.0], [9600.0, 2745.0], [9595.0, 2740.0], [9590.0, 2735.0], [9590.0, 2725.0], [9590.0, 2715.0], [9585.0, 2710.0], [9580.0, 2705.0], [9575.0, 2700.0], [9570.0, 2695.0], [9565.0, 2690.0], [9560.0, 2685.0], [9560.0, 2675.0], [9555.0, 2670.0], [9550.0, 2665.0], [9545.0, 2660.0], [9540.0, 2655.0], [9540.0, 2645.0], [9535.0, 2640.0], [9530.0, 2635.0], [9530.0, 2625.0], [9530.0, 2615.0], [9525.0, 2610.0], [9520.0, 2605.0], [9520.0, 2595.0], [9520.0, 2585.0], [9520.0, 2575.0], [9520.0, 2565.0], [9520.0, 2555.0], [9520.0, 2545.0], [9520.0, 2535.0], [9520.0, 2525.0], [9520.0, 2515.0], [9525.0, 2510.0], [9530.0, 2505.0], [9530.0, 2495.0], [9530.0, 2485.0], [9535.0, 2480.0], [9540.0, 2475.0], [9540.0, 2465.0], [9545.0, 2460.0], [9550.0, 2455.0], [9555.0, 2450.0], [9560.0, 2445.0], [9560.0, 2435.0], [9565.0, 2430.0], [9570.0, 2425.0], [9575.0, 2420.0], [9580.0, 2415.0], [9585.0, 2410.0], [9590.0, 2405.0], [9595.0, 2400.0], [9600.0, 2395.0], [9605.0, 2390.0], [9615.0, 2390.0], [9620.0, 2385.0], [9625.0, 2380.0], [9630.0, 2375.0], [9635.0, 2370.0], [9640.0, 2365.0], [9645.0, 2360.0], [9650.0, 2355.0], [9655.0, 2350.0], [9660.0, 2345.0], [9665.0, 2340.0], [9670.0, 2335.0], [9675.0, 2330.0], [9680.0, 2325.0], [9685.0, 2320.0], [9690.0, 2315.0], [9695.0, 2310.0], [9700.0, 2305.0], [9705.0, 2300.0], [9710.0, 2295.0], [9715.0, 2290.0], [9720.0, 2285.0], [9725.0, 2280.0], [9735.0, 2280.0], [9740.0, 2275.0], [9745.0, 2270.0], [9750.0, 2265.0], [9755.0, 2260.0], [9760.0, 2255.0], [9760.0, 2245.0], [9760.0, 2235.0], [9760.0, 2225.0], [9755.0, 2220.0], [9750.0, 2215.0], [9750.0, 2205.0], [9750.0, 2195.0], [9750.0, 2185.0], [9750.0, 2175.0], [9750.0, 2165.0], [9750.0, 2155.0], [9750.0, 2145.0], [9750.0, 2135.0], [9755.0, 2130.0], [9760.0, 2125.0], [9760.0, 2115.0], [9760.0, 2105.0], [9765.0, 2100.0], [9770.0, 2095.0], [9770.0, 2085.0], [9770.0, 2075.0], [9765.0, 2070.0], [9760.0, 2065.0], [9760.0, 2055.0], [9760.0, 2045.0], [9755.0, 2040.0], [9750.0, 2035.0], [9750.0, 2025.0], [9750.0, 2015.0], [9750.0, 2005.0], [9750.0, 1995.0], [9750.0, 1985.0], [9750.0, 1975.0], [9750.0, 1965.0], [9750.0, 1955.0], [9750.0, 1945.0], [9750.0, 1935.0], [9750.0, 1925.0], [9755.0, 1920.0], [9760.0, 1915.0], [9760.0, 1905.0], [9760.0, 1895.0], [9765.0, 1890.0], [9770.0, 1885.0], [9770.0, 1875.0], [9775.0, 1870.0], [9780.0, 1865.0], [9785.0, 1860.0], [9790.0, 1855.0], [9790.0, 1845.0], [9795.0, 1840.0], [9800.0, 1835.0], [9805.0, 1830.0], [9810.0, 1825.0], [9815.0, 1820.0], [9820.0, 1815.0], [9820.0, 1805.0], [9825.0, 1800.0], [9830.0, 1795.0], [9835.0, 1790.0], [9840.0, 1785.0], [9845.0, 1780.0], [9850.0, 1775.0], [9855.0, 1770.0], [9860.0, 1765.0], [9865.0, 1760.0], [9875.0, 1760.0], [9880.0, 1755.0], [9885.0, 1750.0], [9890.0, 1745.0], [9895.0, 1740.0], [9905.0, 1740.0], [9910.0, 1735.0], [9915.0, 1730.0], [9925.0, 1730.0], [9935.0, 1730.0], [9940.0, 1725.0], [9945.0, 1720.0], [9955.0, 1720.0], [9965.0, 1720.0], [9975.0, 1720.0], [9980.0, 1725.0], [9985.0, 1730.0], [9990.0, 1735.0], [9990.0, 1745.0], [9990.0, 1755.0], [9990.0, 1765.0], [9995.0, 1770.0], [10000.0, 1775.0], [10005.0, 1780.0], [10010.0, 1785.0], [10015.0, 1790.0], [10020.0, 1795.0], [10020.0, 1805.0], [10020.0, 1815.0], [10020.0, 1825.0], [10020.0, 1835.0], [10025.0, 1840.0], [10030.0, 1845.0], [10030.0, 1855.0], [10035.0, 1860.0], [10040.0, 1865.0], [10040.0, 1875.0], [10040.0, 1885.0], [10045.0, 1890.0], [10050.0, 1895.0], [10050.0, 1905.0], [10055.0, 1910.0], [10060.0, 1915.0], [10060.0, 1925.0], [10060.0, 1935.0], [10055.0, 1940.0], [10050.0, 1935.0], [10045.0, 1930.0], [10035.0, 1930.0], [10025.0, 1930.0], [10020.0, 1925.0], [10015.0, 1920.0], [10010.0, 1915.0], [10005.0, 1910.0], [10000.0, 1905.0], [9995.0, 1900.0], [9985.0, 1900.0], [9980.0, 1905.0], [9975.0, 1910.0], [9970.0, 1915.0], [9965.0, 1920.0], [9960.0, 1925.0], [9960.0, 1935.0], [9955.0, 1940.0], [9950.0, 1945.0], [9945.0, 1950.0], [9940.0, 1955.0], [9935.0, 1960.0], [9930.0, 1965.0], [9930.0, 1975.0], [9930.0, 1985.0], [9930.0, 1995.0], [9935.0, 2000.0], [9940.0, 2005.0], [9945.0, 2010.0], [9950.0, 2015.0], [9955.0, 2020.0], [9960.0, 2015.0], [9965.0, 2010.0], [9970.0, 2005.0], [9975.0, 2000.0], [9985.0, 2000.0], [9990.0, 1995.0], [9995.0, 1990.0], [10005.0, 1990.0], [10015.0, 1990.0], [10020.0, 1995.0], [10025.0, 2000.0], [10030.0, 2005.0], [10035.0, 2010.0], [10040.0, 2005.0], [10045.0, 2000.0], [10050.0, 1995.0], [10055.0, 1990.0], [10060.0, 1995.0], [10060.0, 2005.0], [10060.0, 2015.0], [10060.0, 2025.0], [10060.0, 2035.0], [10060.0, 2045.0], [10060.0, 2055.0], [10055.0, 2060.0], [10050.0, 2065.0], [10045.0, 2070.0], [10040.0, 2075.0], [10040.0, 2085.0], [10040.0, 2095.0], [10040.0, 2105.0], [10045.0, 2110.0], [10050.0, 2115.0], [10050.0, 2125.0], [10055.0, 2130.0], [10060.0, 2135.0], [10065.0, 2140.0], [10075.0, 2140.0], [10080.0, 2145.0], [10080.0, 2155.0], [10085.0, 2160.0], [10090.0, 2165.0], [10090.0, 2175.0], [10090.0, 2185.0], [10095.0, 2190.0], [10100.0, 2195.0], [10105.0, 2200.0], [10110.0, 2205.0], [10110.0, 2215.0], [10110.0, 2225.0], [10110.0, 2235.0], [10110.0, 2245.0], [10115.0, 2250.0], [10120.0, 2255.0], [10125.0, 2260.0], [10130.0, 2265.0], [10135.0, 2270.0], [10140.0, 2265.0], [10135.0, 2260.0], [10130.0, 2255.0], [10135.0, 2250.0], [10140.0, 2245.0], [10135.0, 2240.0], [10130.0, 2235.0], [10130.0, 2225.0], [10135.0, 2220.0], [10140.0, 2215.0], [10135.0, 2210.0], [10130.0, 2205.0], [10130.0, 2195.0], [10125.0, 2190.0], [10120.0, 2185.0], [10115.0, 2180.0], [10110.0, 2175.0], [10110.0, 2165.0], [10110.0, 2155.0], [10105.0, 2150.0], [10100.0, 2145.0], [10100.0, 2135.0], [10100.0, 2125.0], [10095.0, 2120.0], [10085.0, 2120.0], [10080.0, 2115.0], [10080.0, 2105.0], [10075.0, 2100.0], [10070.0, 2095.0], [10070.0, 2085.0], [10070.0, 2075.0], [10075.0, 2070.0], [10080.0, 2065.0], [10085.0, 2060.0], [10090.0, 2055.0], [10085.0, 2050.0], [10080.0, 2045.0], [10085.0, 2040.0], [10090.0, 2035.0], [10090.0, 2025.0], [10085.0, 2020.0], [10080.0, 2015.0], [10085.0, 2010.0], [10090.0, 2005.0], [10090.0, 1995.0], [10090.0, 1985.0], [10095.0, 1980.0], [10100.0, 1975.0], [10095.0, 1970.0], [10090.0, 1965.0], [10090.0, 1955.0], [10090.0, 1945.0], [10085.0, 1940.0], [10080.0, 1935.0], [10080.0, 1925.0], [10080.0, 1915.0], [10080.0, 1905.0], [10080.0, 1895.0], [10075.0, 1890.0], [10070.0, 1885.0], [10065.0, 1880.0], [10060.0, 1875.0], [10060.0, 1865.0], [10060.0, 1855.0], [10055.0, 1850.0], [10050.0, 1845.0], [10050.0, 1835.0], [10050.0, 1825.0], [10045.0, 1820.0], [10040.0, 1815.0], [10040.0, 1805.0], [10040.0, 1795.0], [10040.0, 1785.0], [10040.0, 1775.0], [10035.0, 1770.0], [10030.0, 1765.0], [10035.0, 1760.0], [10045.0, 1760.0], [10050.0, 1765.0], [10055.0, 1770.0], [10065.0, 1770.0], [10070.0, 1775.0], [10075.0, 1780.0], [10085.0, 1780.0], [10090.0, 1785.0], [10095.0, 1790.0], [10100.0, 1795.0], [10105.0, 1800.0], [10115.0, 1800.0], [10120.0, 1805.0], [10125.0, 1810.0], [10135.0, 1810.0], [10140.0, 1815.0], [10140.0, 1825.0], [10145.0, 1830.0], [10150.0, 1835.0], [10150.0, 1845.0], [10150.0, 1855.0], [10155.0, 1860.0], [10160.0, 1865.0], [10160.0, 1875.0], [10160.0, 1885.0], [10165.0, 1890.0], [10170.0, 1895.0], [10170.0, 1905.0], [10170.0, 1915.0], [10170.0, 1925.0], [10175.0, 1930.0], [10180.0, 1935.0], [10180.0, 1945.0], [10180.0, 1955.0], [10180.0, 1965.0], [10180.0, 1975.0], [10180.0, 1985.0], [10180.0, 1995.0], [10175.0, 2000.0], [10170.0, 2005.0], [10170.0, 2015.0], [10170.0, 2025.0], [10170.0, 2035.0], [10170.0, 2045.0], [10170.0, 2055.0], [10165.0, 2060.0], [10160.0, 2065.0], [10160.0, 2075.0], [10165.0, 2080.0], [10170.0, 2085.0], [10170.0, 2095.0], [10175.0, 2100.0], [10180.0, 2105.0], [10180.0, 2115.0], [10185.0, 2120.0], [10190.0, 2125.0], [10195.0, 2130.0], [10200.0, 2135.0], [10200.0, 2145.0], [10205.0, 2150.0], [10210.0, 2155.0], [10210.0, 2165.0], [10210.0, 2175.0], [10215.0, 2180.0], [10220.0, 2185.0], [10220.0, 2195.0], [10220.0, 2205.0], [10220.0, 2215.0], [10220.0, 2225.0], [10225.0, 2230.0], [10230.0, 2235.0], [10230.0, 2245.0], [10230.0, 2255.0], [10230.0, 2265.0], [10230.0, 2275.0], [10230.0, 2285.0], [10230.0, 2295.0], [10230.0, 2305.0], [10230.0, 2315.0], [10230.0, 2325.0], [10230.0, 2335.0], [10230.0, 2345.0], [10230.0, 2355.0], [10230.0, 2365.0], [10230.0, 2375.0], [10230.0, 2385.0], [10230.0, 2395.0], [10230.0, 2405.0], [10230.0, 2415.0], [10230.0, 2425.0], [10230.0, 2435.0], [10230.0, 2445.0], [10230.0, 2455.0], [10230.0, 2465.0], [10230.0, 2475.0], [10225.0, 2480.0], [10220.0, 2485.0], [10220.0, 2495.0], [10220.0, 2505.0], [10215.0, 2510.0], [10210.0, 2515.0], [10210.0, 2525.0], [10210.0, 2535.0], [10205.0, 2540.0], [10200.0, 2545.0], [10200.0, 2555.0], [10195.0, 2560.0], [10190.0, 2565.0], [10190.0, 2575.0], [10190.0, 2585.0], [10190.0, 2595.0], [10190.0, 2605.0], [10185.0, 2610.0], [10180.0, 2615.0], [10180.0, 2625.0], [10180.0, 2635.0], [10175.0, 2640.0], [10170.0, 2645.0], [10170.0, 2655.0], [10170.0, 2665.0], [10165.0, 2670.0], [10160.0, 2675.0], [10160.0, 2685.0], [10160.0, 2695.0], [10155.0, 2700.0], [10150.0, 2705.0], [10155.0, 2710.0], [10160.0, 2715.0], [10160.0, 2725.0], [10160.0, 2735.0], [10160.0, 2745.0], [10165.0, 2750.0], [10170.0, 2755.0], [10170.0, 2765.0], [10170.0, 2775.0], [10170.0, 2785.0], [10170.0, 2795.0], [10170.0, 2805.0], [10170.0, 2815.0], [10170.0, 2825.0], [10170.0, 2835.0], [10170.0, 2845.0], [10170.0, 2855.0], [10170.0, 2865.0], [10170.0, 2875.0], [10170.0, 2885.0], [10170.0, 2895.0], [10165.0, 2900.0], [10160.0, 2905.0], [10160.0, 2915.0], [10160.0, 2925.0], [10160.0, 2935.0], [10160.0, 2945.0], [10160.0, 2955.0], [10160.0, 2965.0], [10160.0, 2975.0], [10160.0, 2985.0], [10155.0, 2990.0], [10150.0, 2995.0], [10150.0, 3005.0], [10150.0, 3015.0], [10150.0, 3025.0], [10150.0, 3035.0], [10150.0, 3045.0], [10145.0, 3050.0], [10140.0, 3055.0], [10140.0, 3065.0], [10140.0, 3075.0], [10140.0, 3085.0], [10135.0, 3090.0], [10130.0, 3095.0], [10130.0, 3105.0], [10125.0, 3110.0], [10120.0, 3115.0], [10120.0, 3125.0], [10115.0, 3130.0], [10110.0, 3135.0], [10110.0, 3145.0], [10105.0, 3150.0], [10100.0, 3155.0], [10100.0, 3165.0], [10095.0, 3170.0], [10090.0, 3175.0], [10090.0, 3185.0], [10090.0, 3195.0], [10085.0, 3200.0], [10080.0, 3205.0], [10080.0, 3215.0], [10075.0, 3220.0], [10070.0, 3225.0], [10070.0, 3235.0], [10065.0, 3240.0], [10060.0, 3245.0], [10060.0, 3255.0], [10055.0, 3260.0], [10050.0, 3265.0], [10050.0, 3275.0], [10045.0, 3280.0], [10040.0, 3285.0], [10040.0, 3295.0], [10040.0, 3305.0], [10040.0, 3315.0], [10035.0, 3320.0], [10030.0, 3325.0], [10030.0, 3335.0], [10030.0, 3345.0], [10030.0, 3355.0], [10030.0, 3365.0], [10025.0, 3370.0], [10020.0, 3375.0], [10020.0, 3385.0], [10020.0, 3395.0], [10015.0, 3400.0], [10010.0, 3405.0], [10010.0, 3415.0], [10005.0, 3420.0], [10000.0, 3425.0], [10000.0, 3435.0], [9995.0, 3440.0], [9990.0, 3445.0], [9990.0, 3455.0], [9985.0, 3460.0], [9980.0, 3465.0], [9975.0, 3470.0], [9970.0, 3475.0], [9970.0, 3485.0], [9970.0, 3495.0], [9965.0, 3500.0], [9960.0, 3505.0], [9960.0, 3515.0], [9960.0, 3525.0], [9960.0, 3535.0], [9960.0, 3545.0], [9960.0, 3555.0], [9955.0, 3560.0], [9950.0, 3565.0], [9945.0, 3570.0], [9940.0, 3575.0], [9935.0, 3580.0], [9930.0, 3585.0], [9925.0, 3590.0], [9915.0, 3590.0], [9910.0, 3595.0], [9905.0, 3600.0], [9900.0, 3605.0], [9895.0, 3610.0], [9890.0, 3615.0], [9885.0, 3620.0], [9875.0, 3620.0], [9870.0, 3625.0], [9865.0, 3630.0], [9855.0, 3630.0], [9850.0, 3625.0], [9850.0, 3615.0], [9855.0, 3610.0], [9860.0, 3605.0], [9860.0, 3595.0], [9865.0, 3590.0], [9870.0, 3585.0], [9870.0, 3575.0], [9870.0, 3565.0], [9870.0, 3555.0], [9865.0, 3550.0], [9860.0, 3545.0], [9865.0, 3540.0], [9870.0, 3535.0], [9870.0, 3525.0], [9870.0, 3515.0], [9870.0, 3505.0], [9870.0, 3495.0], [9875.0, 3490.0], [9880.0, 3485.0], [9880.0, 3475.0], [9880.0, 3465.0], [9885.0, 3460.0], [9890.0, 3455.0], [9890.0, 3445.0], [9890.0, 3435.0], [9895.0, 3430.0], [9900.0, 3425.0], [9905.0, 3420.0], [9910.0, 3415.0], [9910.0, 3405.0], [9910.0, 3395.0], [9915.0, 3390.0], [9920.0, 3385.0], [9925.0, 3380.0], [9930.0, 3375.0], [9930.0, 3365.0], [9935.0, 3360.0], [9940.0, 3355.0], [9940.0, 3345.0], [9940.0, 3335.0], [9945.0, 3330.0], [9950.0, 3325.0], [9950.0, 3315.0], [9955.0, 3310.0], [9960.0, 3305.0], [9960.0, 3295.0], [9960.0, 3285.0], [9960.0, 3275.0], [9965.0, 3270.0], [9970.0, 3265.0], [9970.0, 3255.0], [9970.0, 3245.0], [9975.0, 3240.0], [9980.0, 3235.0], [9985.0, 3230.0], [9990.0, 3225.0], [9990.0, 3215.0], [9990.0, 3205.0], [9995.0, 3200.0], [10000.0, 3195.0], [10000.0, 3185.0], [10005.0, 3180.0], [10010.0, 3175.0], [10010.0, 3165.0], [10010.0, 3155.0], [10010.0, 3145.0], [10015.0, 3140.0], [10020.0, 3135.0], [10020.0, 3125.0], [10020.0, 3115.0], [10025.0, 3110.0], [10030.0, 3105.0], [10030.0, 3095.0], [10035.0, 3090.0], [10040.0, 3085.0], [10040.0, 3075.0], [10045.0, 3070.0], [10050.0, 3065.0], [10055.0, 3060.0], [10060.0, 3055.0], [10055.0, 3050.0], [10050.0, 3045.0], [10050.0, 3035.0], [10055.0, 3030.0], [10060.0, 3025.0], [10060.0, 3015.0], [10055.0, 3010.0], [10050.0, 3005.0], [10055.0, 3000.0], [10060.0, 2995.0], [10060.0, 2985.0], [10060.0, 2975.0], [10060.0, 2965.0], [10060.0, 2955.0], [10060.0, 2945.0], [10060.0, 2935.0], [10060.0, 2925.0], [10065.0, 2920.0], [10070.0, 2915.0], [10065.0, 2910.0], [10060.0, 2905.0], [10065.0, 2900.0], [10070.0, 2895.0], [10070.0, 2885.0], [10070.0, 2875.0], [10070.0, 2865.0], [10070.0, 2855.0], [10070.0, 2845.0], [10075.0, 2840.0], [10080.0, 2835.0], [10080.0, 2825.0], [10080.0, 2815.0], [10080.0, 2805.0], [10080.0, 2795.0], [10080.0, 2785.0], [10085.0, 2780.0], [10090.0, 2775.0], [10085.0, 2770.0], [10080.0, 2765.0], [10075.0, 2760.0], [10070.0, 2755.0], [10070.0, 2745.0], [10070.0, 2735.0], [10065.0, 2730.0], [10060.0, 2725.0], [10065.0, 2720.0], [10070.0, 2715.0], [10070.0, 2705.0], [10070.0, 2695.0], [10075.0, 2690.0], [10080.0, 2685.0], [10075.0, 2680.0], [10070.0, 2675.0], [10070.0, 2665.0], [10070.0, 2655.0], [10075.0, 2650.0], [10080.0, 2645.0], [10080.0, 2635.0], [10080.0, 2625.0], [10080.0, 2615.0], [10085.0, 2610.0], [10090.0, 2605.0], [10090.0, 2595.0], [10090.0, 2585.0], [10095.0, 2580.0], [10100.0, 2575.0], [10100.0, 2565.0], [10100.0, 2555.0], [10105.0, 2550.0], [10110.0, 2545.0], [10110.0, 2535.0], [10115.0, 2530.0], [10120.0, 2525.0], [10125.0, 2520.0], [10130.0, 2515.0], [10135.0, 2510.0], [10140.0, 2505.0], [10135.0, 2500.0], [10130.0, 2495.0], [10130.0, 2485.0], [10130.0, 2475.0], [10130.0, 2465.0], [10130.0, 2455.0], [10135.0, 2450.0], [10140.0, 2445.0], [10140.0, 2435.0], [10140.0, 2425.0], [10140.0, 2415.0], [10140.0, 2405.0], [10140.0, 2395.0], [10140.0, 2385.0], [10140.0, 2375.0], [10135.0, 2370.0], [10130.0, 2365.0], [10135.0, 2360.0], [10140.0, 2355.0], [10140.0, 2345.0], [10140.0, 2335.0], [10140.0, 2325.0], [10140.0, 2315.0], [10140.0, 2305.0], [10140.0, 2295.0], [10140.0, 2285.0], [10135.0, 2280.0], [10130.0, 2285.0], [10130.0, 2295.0], [10130.0, 2305.0], [10125.0, 2310.0], [10120.0, 2305.0], [10115.0, 2300.0], [10110.0, 2295.0], [10105.0, 2290.0], [10095.0, 2290.0], [10090.0, 2295.0], [10085.0, 2300.0], [10075.0, 2300.0], [10070.0, 2305.0], [10065.0, 2310.0], [10055.0, 2310.0], [10050.0, 2315.0], [10045.0, 2320.0], [10040.0, 2325.0], [10035.0, 2330.0], [10030.0, 2335.0], [10025.0, 2340.0], [10020.0, 2345.0], [10015.0, 2350.0], [10005.0, 2350.0], [9995.0, 2350.0], [9985.0, 2350.0], [9980.0, 2355.0], [9975.0, 2360.0], [9965.0, 2360.0], [9960.0, 2365.0], [9955.0, 2370.0], [9950.0, 2365.0], [9945.0, 2360.0], [9935.0, 2360.0], [9930.0, 2365.0], [9925.0, 2370.0], [9915.0, 2370.0], [9905.0, 2370.0], [9900.0, 2375.0], [9895.0, 2380.0], [9890.0, 2385.0], [9885.0, 2390.0], [9880.0, 2395.0], [9875.0, 2400.0], [9870.0, 2405.0], [9865.0, 2410.0], [9860.0, 2415.0], [9855.0, 2420.0], [9845.0, 2420.0], [9840.0, 2425.0], [9835.0, 2430.0], [9830.0, 2435.0], [9825.0, 2440.0], [9820.0, 2445.0], [9815.0, 2450.0], [9810.0, 2455.0], [9805.0, 2460.0], [9800.0, 2465.0], [9795.0, 2470.0], [9790.0, 2475.0], [9785.0, 2480.0], [9780.0, 2485.0], [9780.0, 2495.0], [9775.0, 2500.0], [9770.0, 2505.0], [9765.0, 2510.0], [9760.0, 2515.0], [9755.0, 2520.0], [9750.0, 2525.0], [9745.0, 2530.0], [9740.0, 2535.0], [9735.0, 2540.0], [9730.0, 2535.0], [9725.0, 2530.0], [9720.0, 2535.0], [9715.0, 2540.0], [9710.0, 2545.0], [9705.0, 2550.0], [9700.0, 2555.0], [9700.0, 2565.0], [9705.0, 2570.0], [9710.0, 2575.0], [9715.0, 2580.0], [9720.0, 2585.0], [9725.0, 2590.0], [9730.0, 2595.0], [9735.0, 2600.0], [9740.0, 2605.0], [9745.0, 2610.0], [9750.0, 2615.0], [9755.0, 2620.0], [9760.0, 2625.0], [9760.0, 2635.0], [9760.0, 2645.0], [9760.0, 2655.0], [9765.0, 2660.0], [9770.0, 2665.0], [9770.0, 2675.0], [9770.0, 2685.0], [9770.0, 2695.0], [9775.0, 2700.0], [9780.0, 2705.0], [9780.0, 2715.0], [9785.0, 2720.0], [9790.0, 2725.0], [9790.0, 2735.0], [9790.0, 2745.0], [9790.0, 2755.0], [9790.0, 2765.0], [9795.0, 2770.0], [9800.0, 2775.0], [9800.0, 2785.0], [9800.0, 2795.0], [9805.0, 2800.0], [9810.0, 2805.0], [9810.0, 2815.0], [9810.0, 2825.0], [9810.0, 2835.0], [9805.0, 2840.0], [9800.0, 2845.0], [9805.0, 2850.0], [9810.0, 2855.0], [9815.0, 2860.0], [9820.0, 2865.0], [9825.0, 2870.0], [9830.0, 2875.0], [9835.0, 2880.0], [9840.0, 2885.0], [9845.0, 2890.0], [9855.0, 2890.0], [9865.0, 2890.0], [9870.0, 2895.0], [9875.0, 2900.0], [9880.0, 2905.0], [9885.0, 2910.0], [9890.0, 2915.0], [9895.0, 2920.0], [9900.0, 2925.0], [9905.0, 2930.0], [9910.0, 2935.0], [9915.0, 2940.0], [9920.0, 2945.0], [9920.0, 2955.0], [9925.0, 2960.0], [9930.0, 2965.0], [9930.0, 2975.0], [9930.0, 2985.0], [9935.0, 2990.0], [9940.0, 2995.0], [9940.0, 3005.0], [9940.0, 3015.0], [9940.0, 3025.0], [9940.0, 3035.0], [9935.0, 3040.0], [9930.0, 3045.0], [9930.0, 3055.0], [9930.0, 3065.0], [9930.0, 3075.0], [9935.0, 3080.0], [9940.0, 3085.0], [9945.0, 3090.0], [9950.0, 3095.0], [9950.0, 3105.0], [9955.0, 3110.0], [9960.0, 3115.0], [9960.0, 3125.0], [9965.0, 3130.0], [9970.0, 3135.0], [9975.0, 3140.0], [9980.0, 3145.0], [9985.0, 3150.0], [9990.0, 3155.0], [9990.0, 3165.0], [9985.0, 3170.0], [9980.0, 3175.0], [9980.0, 3185.0], [9975.0, 3190.0], [9970.0, 3195.0], [9970.0, 3205.0], [9970.0, 3215.0], [9965.0, 3220.0], [9960.0, 3225.0], [9955.0, 3230.0], [9950.0, 3235.0], [9950.0, 3245.0], [9950.0, 3255.0], [9945.0, 3260.0], [9940.0, 3265.0], [9940.0, 3275.0], [9940.0, 3285.0], [9940.0, 3295.0], [9935.0, 3300.0], [9930.0, 3305.0], [9930.0, 3315.0], [9925.0, 3320.0], [9920.0, 3325.0], [9920.0, 3335.0], [9915.0, 3340.0], [9910.0, 3335.0], [9905.0, 3330.0], [9900.0, 3325.0], [9895.0, 3320.0], [9890.0, 3325.0], [9885.0, 3330.0], [9875.0, 3330.0], [9865.0, 3330.0], [9855.0, 3330.0], [9845.0, 3330.0], [9840.0, 3335.0], [9835.0, 3340.0], [9825.0, 3340.0], [9815.0, 3340.0], [9810.0, 3345.0], [9805.0, 3350.0], [9795.0, 3350.0], [9790.0, 3355.0], [9785.0, 3360.0], [9775.0, 3360.0], [9765.0, 3360.0], [9755.0, 3360.0], [9745.0, 3360.0], [9740.0, 3365.0], [9735.0, 3370.0], [9725.0, 3370.0], [9720.0, 3375.0], [9715.0, 3380.0], [9705.0, 3380.0], [9695.0, 3380.0], [9690.0, 3385.0], [9685.0, 3390.0], [9680.0, 3395.0], [9675.0, 3400.0], [9670.0, 3405.0], [9670.0, 3415.0], [9670.0, 3425.0], [9670.0, 3435.0], [9670.0, 3445.0], [9675.0, 3450.0], [9680.0, 3455.0], [9685.0, 3460.0], [9690.0, 3465.0], [9695.0, 3470.0], [9700.0, 3465.0], [9705.0, 3460.0], [9715.0, 3460.0], [9725.0, 3460.0], [9730.0, 3465.0], [9735.0, 3470.0], [9745.0, 3470.0], [9755.0, 3470.0], [9760.0, 3475.0], [9765.0, 3480.0], [9770.0, 3485.0], [9775.0, 3490.0], [9780.0, 3495.0], [9785.0, 3500.0], [9795.0, 3500.0], [9800.0, 3495.0], [9805.0, 3490.0], [9810.0, 3485.0], [9815.0, 3480.0], [9820.0, 3475.0], [9825.0, 3470.0], [9835.0, 3470.0], [9840.0, 3465.0], [9845.0, 3460.0], [9850.0, 3455.0], [9855.0, 3450.0], [9860.0, 3455.0], [9860.0, 3465.0], [9860.0, 3475.0], [9855.0, 3480.0], [9850.0, 3485.0], [9850.0, 3495.0], [9850.0, 3505.0], [9850.0, 3515.0], [9850.0, 3525.0], [9845.0, 3530.0], [9840.0, 3535.0], [9840.0, 3545.0], [9840.0, 3555.0], [9845.0, 3560.0], [9850.0, 3565.0], [9850.0, 3575.0], [9845.0, 3580.0], [9840.0, 3585.0], [9840.0, 3595.0], [9835.0, 3600.0], [9830.0, 3605.0], [9830.0, 3615.0], [9825.0, 3620.0], [9820.0, 3625.0], [9815.0, 3630.0], [9810.0, 3635.0], [9805.0, 3640.0], [9800.0, 3645.0], [9800.0, 3655.0], [9795.0, 3660.0], [9785.0, 3660.0], [9780.0, 3665.0], [9775.0, 3670.0], [9770.0, 3675.0], [9765.0, 3680.0], [9755.0, 3680.0], [9745.0, 3680.0], [9740.0, 3675.0], [9735.0, 3670.0], [9725.0, 3670.0], [9715.0, 3670.0], [9710.0, 3665.0], [9705.0, 3660.0], [9695.0, 3660.0], [9690.0, 3665.0], [9690.0, 3675.0], [9685.0, 3680.0], [9680.0, 3685.0], [9675.0, 3690.0], [9670.0, 3695.0], [9670.0, 3705.0], [9665.0, 3710.0], [9660.0, 3715.0], [9660.0, 3725.0], [9655.0, 3730.0], [9650.0, 3735.0], [9645.0, 3740.0], [9640.0, 3745.0], [9640.0, 3755.0], [9635.0, 3760.0], [9630.0, 3765.0], [9625.0, 3770.0], [9620.0, 3775.0], [9615.0, 3780.0], [9610.0, 3785.0], [9605.0, 3790.0], [9600.0, 3795.0], [9595.0, 3800.0], [9590.0, 3805.0], [9585.0, 3810.0], [9580.0, 3815.0], [9575.0, 3820.0], [9570.0, 3825.0], [9565.0, 3830.0], [9555.0, 3830.0], [9550.0, 3835.0], [9545.0, 3840.0], [9540.0, 3845.0], [9535.0, 3850.0], [9525.0, 3850.0], [9520.0, 3855.0], [9515.0, 3860.0], [9505.0, 3860.0], [9500.0, 3865.0], [9495.0, 3870.0], [9485.0, 3870.0], [9475.0, 3870.0], [9470.0, 3875.0], [9465.0, 3880.0]], [[10020.0, 2235.0], [10025.0, 2230.0], [10030.0, 2225.0], [10035.0, 2220.0], [10040.0, 2215.0], [10045.0, 2210.0], [10050.0, 2205.0], [10055.0, 2200.0], [10060.0, 2195.0], [10065.0, 2190.0], [10070.0, 2185.0], [10065.0, 2180.0], [10060.0, 2175.0], [10055.0, 2170.0], [10050.0, 2165.0], [10045.0, 2160.0], [10040.0, 2155.0], [10035.0, 2150.0], [10030.0, 2145.0], [10025.0, 2140.0], [10020.0, 2135.0], [10015.0, 2130.0], [10005.0, 2130.0], [10000.0, 2135.0], [9995.0, 2140.0], [9985.0, 2140.0], [9980.0, 2145.0], [9975.0, 2150.0], [9965.0, 2150.0], [9955.0, 2150.0], [9950.0, 2155.0], [9945.0, 2160.0], [9940.0, 2165.0], [9935.0, 2170.0], [9930.0, 2175.0], [9935.0, 2180.0], [9940.0, 2185.0], [9940.0, 2195.0], [9945.0, 2200.0], [9950.0, 2205.0], [9955.0, 2210.0], [9960.0, 2215.0], [9965.0, 2220.0], [9970.0, 2225.0], [9975.0, 2230.0], [9980.0, 2235.0], [9985.0, 2240.0], [9995.0, 2240.0], [10000.0, 2235.0], [10005.0, 2230.0], [10010.0, 2235.0], [10015.0, 2240.0], [10020.0, 2235.0]], [[8540.0, 3695.0], [8545.0, 3690.0], [8555.0, 3690.0], [8560.0, 3685.0], [8565.0, 3680.0], [8570.0, 3675.0], [8575.0, 3670.0], [8580.0, 3665.0], [8585.0, 3660.0], [8590.0, 3655.0], [8595.0, 3650.0], [8600.0, 3645.0], [8595.0, 3640.0], [8590.0, 3635.0], [8585.0, 3630.0], [8580.0, 3625.0], [8575.0, 3620.0], [8570.0, 3625.0], [8565.0, 3630.0], [8560.0, 3625.0], [8555.0, 3620.0], [8545.0, 3620.0], [8535.0, 3620.0], [8525.0, 3620.0], [8515.0, 3620.0], [8505.0, 3620.0], [8500.0, 3625.0], [8495.0, 3630.0], [8490.0, 3635.0], [8485.0, 3640.0], [8480.0, 3645.0], [8480.0, 3655.0], [8480.0, 3665.0], [8480.0, 3675.0], [8485.0, 3680.0], [8490.0, 3685.0], [8495.0, 3690.0], [8500.0, 3695.0], [8505.0, 3700.0], [8515.0, 3700.0], [8520.0, 3695.0], [8525.0, 3690.0], [8530.0, 3695.0], [8535.0, 3700.0], [8540.0, 3695.0]]]}, "properties": {"objectType": "annotation", "name": "R1_2_T|peri", "classification": {"name": "peri", "color": [25, 158, 112]}, "lesion_id": 0, "section": "R1_2_T", "area_um2": 1025150.0, "lesion_ids": [9, 10, 12, 13, 14, 15, 16, 22, 26, 29, 30]}}, {"type": "Feature", "geometry": {"type": "Polygon", "coordinates": [[[5275.0, 2240.0], [5265.0, 2240.0], [5255.0, 2240.0], [5250.0, 2235.0], [5250.0, 2225.0], [5250.0, 2215.0], [5250.0, 2205.0], [5250.0, 2195.0], [5255.0, 2190.0], [5260.0, 2185.0], [5260.0, 2175.0], [5265.0, 2170.0], [5270.0, 2165.0], [5270.0, 2155.0], [5275.0, 2150.0], [5280.0, 2145.0], [5285.0, 2140.0], [5290.0, 2135.0], [5295.0, 2130.0], [5300.0, 2125.0], [5305.0, 2120.0], [5310.0, 2115.0], [5315.0, 2110.0], [5320.0, 2105.0], [5325.0, 2100.0], [5330.0, 2095.0], [5335.0, 2090.0], [5345.0, 2090.0], [5355.0, 2090.0], [5365.0, 2090.0], [5375.0, 2090.0], [5385.0, 2090.0], [5395.0, 2090.0], [5405.0, 2090.0], [5410.0, 2085.0], [5415.0, 2080.0], [5420.0, 2075.0], [5425.0, 2070.0], [5430.0, 2065.0], [5435.0, 2060.0], [5440.0, 2055.0], [5445.0, 2050.0], [5455.0, 2050.0], [5460.0, 2045.0], [5465.0, 2040.0], [5470.0, 2035.0], [5475.0, 2030.0], [5480.0, 2025.0], [5485.0, 2020.0], [5490.0, 2015.0], [5495.0, 2010.0], [5500.0, 2005.0], [5505.0, 2000.0], [5510.0, 1995.0], [5515.0, 1990.0], [5520.0, 1985.0], [5525.0, 1980.0], [5535.0, 1980.0], [5540.0, 1975.0], [5545.0, 1970.0], [5550.0, 1965.0], [5555.0, 1960.0], [5560.0, 1955.0], [5565.0, 1950.0], [5570.0, 1945.0], [5575.0, 1940.0], [5585.0, 1940.0], [5590.0, 1935.0], [5595.0, 1930.0], [5600.0, 1925.0], [5605.0, 1920.0], [5610.0, 1915.0], [5615.0, 1910.0], [5620.0, 1905.0], [5625.0, 1900.0], [5630.0, 1895.0], [5635.0, 1890.0], [5640.0, 1885.0], [5645.0, 1880.0], [5655.0, 1880.0], [5660.0, 1875.0], [5665.0, 1870.0], [5670.0, 1865.0], [5675.0, 1860.0], [5685.0, 1860.0], [5690.0, 1855.0], [5690.0, 1845.0], [5690.0, 1835.0], [5685.0, 1830.0], [5680.0, 1825.0], [5685.0, 1820.0], [5690.0, 1815.0], [5695.0, 1810.0], [5705.0, 1810.0], [5710.0, 1805.0], [5715.0, 1800.0], [5720.0, 1795.0], [5725.0, 1790.0], [5730.0, 1785.0], [5735.0, 1780.0], [5740.0, 1785.0], [5740.0, 1795.0], [5745.0, 1800.0], [5755.0, 1800.0], [5765.0, 1800.0], [5775.0, 1800.0], [5785.0, 1800.0], [5790.0, 1805.0], [5795.0, 1810.0], [5800.0, 1815.0], [5805.0, 1820.0], [5810.0, 1825.0], [5810.0, 1835.0], [5810.0, 1845.0], [5815.0, 1850.0], [5820.0, 1855.0], [5820.0, 1865.0], [5815.0, 1870.0], [5810.0, 1875.0], [5810.0, 1885.0], [5805.0, 1890.0], [5795.0, 1890.0], [5790.0, 1895.0], [5785.0, 1900.0], [5780.0, 1905.0], [5775.0, 1910.0], [5770.0, 1915.0], [5765.0, 1920.0], [5755.0, 1920.0], [5750.0, 1925.0], [5745.0, 1930.0], [5735.0, 1930.0], [5730.0, 1935.0], [5725.0, 1940.0], [5715.0, 1940.0], [5710.0, 1945.0], [5705.0, 1950.0], [5695.0, 1950.0], [5690.0, 1955.0], [5685.0, 1960.0], [5680.0, 1965.0], [5675.0, 1970.0], [5665.0, 1970.0], [5660.0, 1975.0], [5655.0, 1980.0], [5650.0, 1985.0], [5645.0, 1990.0], [5640.0, 1995.0], [5635.0, 2000.0], [5630.0, 2005.0], [5625.0, 2010.0], [5620.0, 2015.0], [5615.0, 2020.0], [5605.0, 2020.0], [5600.0, 2025.0], [5595.0, 2030.0], [5590.0, 2035.0], [5585.0, 2040.0], [5575.0, 2040.0], [5570.0, 2045.0], [5565.0, 2050.0], [5560.0, 2055.0], [5560.0, 2065.0], [5555.0, 2070.0], [5550.0, 2075.0], [5545.0, 2080.0], [5540.0, 2085.0], [5535.0, 2090.0], [5525.0, 2090.0], [5520.0, 2095.0], [5520.0, 2105.0], [5515.0, 2110.0], [5510.0, 2115.0], [5505.0, 2120.0], [5500.0, 2125.0], [5495.0, 2130.0], [5485.0, 2130.0], [5480.0, 2135.0], [5475.0, 2140.0], [5470.0, 2145.0], [5465.0, 2150.0], [5460.0, 2155.0], [5455.0, 2160.0], [5450.0, 2165.0], [5445.0, 2170.0], [5440.0, 2175.0], [5435.0, 2180.0], [5425.0, 2180.0], [5420.0, 2185.0], [5415.0, 2190.0], [5410.0, 2195.0], [5405.0, 2200.0], [5395.0, 2200.0], [5385.0, 2200.0], [5380.0, 2195.0], [5380.0, 2185.0], [5375.0, 2180.0], [5365.0, 2180.0], [5360.0, 2175.0], [5355.0, 2170.0], [5350.0, 2165.0], [5345.0, 2160.0], [5340.0, 2165.0], [5335.0, 2170.0], [5330.0, 2175.0], [5325.0, 2180.0], [5320.0, 2185.0], [5320.0, 2195.0], [5315.0, 2200.0], [5310.0, 2205.0], [5305.0, 2210.0], [5300.0, 2215.0], [5295.0, 2220.0], [5290.0, 2225.0], [5285.0, 2230.0], [5280.0, 2235.0], [5275.0, 2240.0]]]}, "properties": {"objectType": "annotation", "name": "P3_1_C|peri", "classification": {"name": "peri", "color": [25, 158, 112]}, "lesion_id": 0, "section": "P3_1_C", "area_um2": 59150.0, "lesion_ids": [5, 8, 11]}}, {"type": "Feature", "geometry": {"type": "Polygon", "coordinates": [[[7555.0, 1920.0], [7550.0, 1915.0], [7550.0, 1905.0], [7550.0, 1895.0], [7555.0, 1890.0], [7560.0, 1895.0], [7560.0, 1905.0], [7560.0, 1915.0], [7555.0, 1920.0]]]}, "properties": {"objectType": "annotation", "name": "P3_1_C|peri_3", "classification": {"name": "peri", "color": [25, 158, 112]}, "lesion_id": 3, "section": "P3_1_C", "area_um2": 250.0, "lesion_ids": [3]}}, {"type": "Feature", "geometry": {"type": "Polygon", "coordinates": [[[8175.0, 2280.0], [8165.0, 2280.0], [8160.0, 2275.0], [8160.0, 2265.0], [8160.0, 2255.0], [8160.0, 2245.0], [8160.0, 2235.0], [8160.0, 2225.0], [8160.0, 2215.0], [8160.0, 2205.0], [8165.0, 2200.0], [8170.0, 2195.0], [8170.0, 2185.0], [8170.0, 2175.0], [8170.0, 2165.0], [8170.0, 2155.0], [8170.0, 2145.0], [8170.0, 2135.0], [8175.0, 2130.0], [8180.0, 2135.0], [8180.0, 2145.0], [8180.0, 2155.0], [8180.0, 2165.0], [8185.0, 2170.0], [8190.0, 2175.0], [8195.0, 2180.0], [8200.0, 2185.0], [8205.0, 2190.0], [8210.0, 2195.0], [8210.0, 2205.0], [8205.0, 2210.0], [8200.0, 2215.0], [8195.0, 2220.0], [8190.0, 2225.0], [8185.0, 2230.0], [8180.0, 2235.0], [8175.0, 2240.0], [8170.0, 2245.0], [8170.0, 2255.0], [8170.0, 2265.0], [8175.0, 2270.0], [8180.0, 2275.0], [8175.0, 2280.0]]]}, "properties": {"objectType": "annotation", "name": "R1_2_T|peri_7", "classification": {"name": "peri", "color": [25, 158, 112]}, "lesion_id": 7, "section": "R1_2_T", "area_um2": 3150.0, "lesion_ids": [7]}}, {"type": "Feature", "geometry": {"type": "Polygon", "coordinates": [[[5245.0, 2470.0], [5235.0, 2470.0], [5225.0, 2470.0], [5220.0, 2465.0], [5220.0, 2455.0], [5215.0, 2450.0], [5210.0, 2445.0], [5210.0, 2435.0], [5210.0, 2425.0], [5210.0, 2415.0], [5210.0, 2405.0], [5210.0, 2395.0], [5205.0, 2390.0], [5200.0, 2385.0], [5200.0, 2375.0], [5205.0, 2370.0], [5210.0, 2365.0], [5210.0, 2355.0], [5215.0, 2350.0], [5220.0, 2345.0], [5220.0, 2335.0], [5220.0, 2325.0], [5225.0, 2320.0], [5230.0, 2315.0], [5235.0, 2310.0], [5240.0, 2305.0], [5240.0, 2295.0], [5245.0, 2290.0], [5250.0, 2285.0], [5250.0, 2275.0], [5255.0, 2270.0], [5260.0, 2265.0], [5265.0, 2260.0], [5275.0, 2260.0], [5285.0, 2260.0], [5290.0, 2255.0], [5295.0, 2250.0], [5300.0, 2245.0], [5305.0, 2240.0], [5310.0, 2235.0], [5315.0, 2230.0], [5320.0, 2225.0], [5325.0, 2220.0], [5335.0, 2220.0], [5345.0, 2220.0], [5355.0, 2220.0], [5365.0, 2220.0], [5375.0, 2220.0], [5385.0, 2220.0], [5395.0, 2220.0], [5405.0, 2220.0], [5410.0, 2225.0], [5405.0, 2230.0], [5400.0, 2235.0], [5395.0, 2240.0], [5390.0, 2245.0], [5390.0, 2255.0], [5390.0, 2265.0], [5390.0, 2275.0], [5390.0, 2285.0], [5390.0, 2295.0], [5390.0, 2305.0], [5390.0, 2315.0], [5390.0, 2325.0], [5390.0, 2335.0], [5390.0, 2345.0], [5385.0, 2350.0], [5380.0, 2355.0], [5380.0, 2365.0], [5375.0, 2370.0], [5370.0, 2375.0], [5365.0, 2380.0], [5360.0, 2385.0], [5355.0, 2390.0], [5345.0, 2390.0], [5340.0, 2395.0], [5335.0, 2400.0], [5325.0, 2400.0], [5315.0, 2400.0], [5305.0, 2400.0], [5300.0, 2405.0], [5295.0, 2410.0], [5290.0, 2415.0], [5285.0, 2420.0], [5275.0, 2420.0], [5270.0, 2425.0], [5265.0, 2430.0], [5260.0, 2435.0], [5255.0, 2440.0], [5250.0, 2445.0], [5250.0, 2455.0], [5250.0, 2465.0], [5245.0, 2470.0]]]}, "properties": {"objectType": "annotation", "name": "P3_1_C|peri_11", "classification": {"name": "peri", "color": [25, 158, 112]}, "lesion_id": 11, "section": "P3_1_C", "area_um2": 29250.0, "lesion_ids": [11]}}, {"type": "Feature", "geometry": {"type": "Polygon", "coordinates": [[[8335.0, 2450.0], [8325.0, 2450.0], [8315.0, 2450.0], [8305.0, 2450.0], [8295.0, 2450.0], [8285.0, 2450.0], [8275.0, 2450.0], [8270.0, 2445.0], [8265.0, 2440.0], [8260.0, 2435.0], [8255.0, 2430.0], [8250.0, 2425.0], [8245.0, 2420.0], [8240.0, 2415.0], [8235.0, 2410.0], [8225.0, 2410.0], [8220.0, 2405.0], [8215.0, 2400.0], [8210.0, 2405.0], [8205.0, 2410.0], [8200.0, 2405.0], [8200.0, 2395.0], [8200.0, 2385.0], [8200.0, 2375.0], [8200.0, 2365.0], [8200.0, 2355.0], [8195.0, 2350.0], [8190.0, 2345.0], [8190.0, 2335.0], [8190.0, 2325.0], [8195.0, 2320.0], [8200.0, 2325.0], [8205.0, 2330.0], [8210.0, 2335.0], [8215.0, 2340.0], [8225.0, 2340.0], [8230.0, 2345.0], [8235.0, 2350.0], [8240.0, 2345.0], [8245.0, 2340.0], [8255.0, 2340.0], [8265.0, 2340.0], [8270.0, 2345.0], [8275.0, 2350.0], [8280.0, 2345.0], [8285.0, 2340.0], [8290.0, 2335.0], [8295.0, 2330.0], [8300.0, 2325.0], [8305.0, 2320.0], [8315.0, 2320.0], [8325.0, 2320.0], [8330.0, 2315.0], [8335.0, 2310.0], [8340.0, 2315.0], [8345.0, 2320.0], [8355.0, 2320.0], [8365.0, 2320.0], [8375.0, 2320.0], [8380.0, 2325.0], [8385.0, 2330.0], [8390.0, 2335.0], [8395.0, 2340.0], [8400.0, 2345.0], [8405.0, 2350.0], [8410.0, 2355.0], [8405.0, 2360.0], [8400.0, 2365.0], [8395.0, 2370.0], [8390.0, 2375.0], [8385.0, 2380.0], [8380.0, 2385.0], [8375.0, 2390.0], [8370.0, 2395.0], [8375.0, 2400.0], [8380.0, 2405.0], [8380.0, 2415.0], [8375.0, 2420.0], [8370.0, 2425.0], [8365.0, 2430.0], [8360.0, 2435.0], [8355.0, 2440.0], [8345.0, 2440.0], [8340.0, 2445.0], [8335.0, 2450.0]]]}, "properties": {"objectType": "annotation", "name": "R1_2_T|peri_7", "classification": {"name": "peri", "color": [25, 158, 112]}, "lesion_id": 7, "section": "R1_2_T", "area_um2": 19550.0, "lesion_ids": [7]}}, {"type": "Feature", "geometry": {"type": "Polygon", "coordinates": [[[7145.0, 2920.0], [7135.0, 2920.0], [7130.0, 2915.0], [7125.0, 2910.0], [7120.0, 2905.0], [7115.0, 2900.0], [7110.0, 2905.0], [7105.0, 2910.0], [7095.0, 2910.0], [7085.0, 2910.0], [7080.0, 2905.0], [7075.0, 2900.0], [7065.0, 2900.0], [7060.0, 2895.0], [7055.0, 2890.0], [7045.0, 2890.0], [7040.0, 2885.0], [7035.0, 2880.0], [7025.0, 2880.0], [7020.0, 2875.0], [7015.0, 2870.0], [7005.0, 2870.0], [7000.0, 2865.0], [6995.0, 2860.0], [6990.0, 2855.0], [6985.0, 2850.0], [6975.0, 2850.0], [6970.0, 2845.0], [6965.0, 2840.0], [6960.0, 2835.0], [6955.0, 2830.0], [6950.0, 2825.0], [6950.0, 2815.0], [6945.0, 2810.0], [6940.0, 2805.0], [6935.0, 2800.0], [6930.0, 2795.0], [6930.0, 2785.0], [6925.0, 2780.0], [6920.0, 2775.0], [6920.0, 2765.0], [6915.0, 2760.0], [6910.0, 2755.0], [6910.0, 2745.0], [6910.0, 2735.0], [6910.0, 2725.0], [6910.0, 2715.0], [6910.0, 2705.0], [6910.0, 2695.0], [6910.0, 2685.0], [6910.0, 2675.0], [6910.0, 2665.0], [6910.0, 2655.0], [6915.0, 2650.0], [6920.0, 2645.0], [6920.0, 2635.0], [6925.0, 2630.0], [6930.0, 2625.0], [6930.0, 2615.0], [6935.0, 2610.0], [6940.0, 2605.0], [6940.0, 2595.0], [6945.0, 2590.0], [6950.0, 2585.0], [6950.0, 2575.0], [6955.0, 2570.0], [6960.0, 2565.0], [6965.0, 2560.0], [6970.0, 2555.0], [6970.0, 2545.0], [6975.0, 2540.0], [6980.0, 2535.0], [6985.0, 2530.0], [6990.0, 2525.0], [6995.0, 2520.0], [7005.0, 2520.0], [7010.0, 2515.0], [7015.0, 2510.0], [7020.0, 2505.0], [7025.0, 2500.0], [7035.0, 2500.0], [7040.0, 2495.0], [7045.0, 2490.0], [7055.0, 2490.0], [7060.0, 2485.0], [7065.0, 2480.0], [7075.0, 2480.0], [7085.0, 2480.0], [7095.0, 2480.0], [7105.0, 2480.0], [7115.0, 2480.0], [7125.0, 2480.0], [7135.0, 2480.0], [7145.0, 2480.0], [7155.0, 2480.0], [7165.0, 2480.0], [7170.0, 2485.0], [7175.0, 2490.0], [7185.0, 2490.0], [7190.0, 2495.0], [7195.0, 2500.0], [7205.0, 2500.0], [7210.0, 2505.0], [7215.0, 2510.0], [7220.0, 2515.0], [7225.0, 2520.0], [7235.0, 2520.0], [7240.0, 2525.0], [7245.0, 2530.0], [7250.0, 2535.0], [7255.0, 2540.0], [7265.0, 2540.0], [7270.0, 2545.0], [7275.0, 2550.0], [7280.0, 2555.0], [7285.0, 2560.0], [7290.0, 2565.0], [7295.0, 2570.0], [7300.0, 2575.0], [7300.0, 2585.0], [7305.0, 2590.0], [7310.0, 2595.0], [7315.0, 2600.0], [7320.0, 2605.0], [7320.0, 2615.0], [7325.0, 2620.0], [7330.0, 2625.0], [7330.0, 2635.0], [7335.0, 2640.0], [7340.0, 2645.0], [7340.0, 2655.0], [7340.0, 2665.0], [7340.0, 2675.0], [7340.0, 2685.0], [7340.0, 2695.0], [7340.0, 2705.0], [7340.0, 2715.0], [7340.0, 2725.0], [7335.0, 2730.0], [7325.0, 2730.0], [7315.0, 2730.0], [7310.0, 2735.0], [7305.0, 2740.0], [7295.0, 2740.0], [7290.0, 2735.0], [7285.0, 2730.0], [7275.0, 2730.0], [7265.0, 2730.0], [7255.0, 2730.0], [7250.0, 2735.0], [7245.0, 2740.0], [7240.0, 2745.0], [7235.0, 2750.0], [7230.0, 2755.0], [7225.0, 2760.0], [7220.0, 2765.0], [7220.0, 2775.0], [7220.0, 2785.0], [7220.0, 2795.0], [7220.0, 2805.0], [7220.0, 2815.0], [7215.0, 2820.0], [7210.0, 2825.0], [7205.0, 2830.0], [7200.0, 2835.0], [7200.0, 2845.0], [7200.0, 2855.0], [7195.0, 2860.0], [7190.0, 2865.0], [7190.0, 2875.0], [7190.0, 2885.0], [7185.0, 2890.0], [7180.0, 2895.0], [7175.0, 2900.0], [7165.0, 2900.0], [7160.0, 2905.0], [7155.0, 2910.0], [7150.0, 2915.0], [7145.0, 2920.0]], [[7160.0, 2755.0], [7165.0, 2750.0], [7170.0, 2745.0], [7175.0, 2740.0], [7180.0, 2735.0], [7175.0, 2730.0], [7170.0, 2725.0], [7165.0, 2720.0], [7160.0, 2715.0], [7165.0, 2710.0], [7170.0, 2705.0], [7175.0, 2700.0], [7180.0, 2695.0], [7175.0, 2690.0], [7170.0, 2685.0], [7165.0, 2680.0], [7160.0, 2675.0], [7155.0, 2670.0], [7150.0, 2665.0], [7145.0, 2660.0], [7135.0, 2660.0], [7130.0, 2655.0], [7125.0, 2650.0], [7120.0, 2645.0], [7115.0, 2640.0], [7110.0, 2645.0], [7105.0, 2650.0], [7100.0, 2655.0], [7095.0, 2660.0], [7090.0, 2665.0], [7090.0, 2675.0], [7090.0, 2685.0], [7085.0, 2690.0], [7080.0, 2695.0], [7075.0, 2700.0], [7070.0, 2705.0], [7075.0, 2710.0], [7080.0, 2715.0], [7085.0, 2720.0], [7090.0, 2725.0], [7095.0, 2730.0], [7100.0, 2725.0], [7105.0, 2720.0], [7110.0, 2725.0], [7115.0, 2730.0], [7125.0, 2730.0], [7130.0, 2735.0], [7135.0, 2740.0], [7140.0, 2745.0], [7145.0, 2750.0], [7150.0, 2755.0], [7155.0, 2760.0], [7160.0, 2755.0]]]}, "properties": {"objectType": "annotation", "name": "P3_1_C|peri_17", "classification": {"name": "peri", "color": [25, 158, 112]}, "lesion_id": 17, "section": "P3_1_C", "area_um2": 123400.0, "lesion_ids": [17]}}, {"type": "Feature", "geometry": {"type": "Polygon", "coordinates": [[[8175.0, 2530.0], [8170.0, 2525.0], [8170.0, 2515.0], [8170.0, 2505.0], [8170.0, 2495.0], [8175.0, 2490.0], [8180.0, 2495.0], [8180.0, 2505.0], [8180.0, 2515.0], [8180.0, 2525.0], [8175.0, 2530.0]]]}, "properties": {"objectType": "annotation", "name": "R1_2_T|peri_7", "classification": {"name": "peri", "color": [25, 158, 112]}, "lesion_id": 7, "section": "R1_2_T", "area_um2": 350.0, "lesion_ids": [7]}}, {"type": "Feature", "geometry": {"type": "Polygon", "coordinates": [[[7225.0, 2890.0], [7215.0, 2890.0], [7210.0, 2885.0], [7210.0, 2875.0], [7215.0, 2870.0], [7220.0, 2865.0], [7220.0, 2855.0], [7220.0, 2845.0], [7225.0, 2840.0], [7230.0, 2835.0], [7235.0, 2830.0], [7240.0, 2825.0], [7240.0, 2815.0], [7240.0, 2805.0], [7240.0, 2795.0], [7240.0, 2785.0], [7245.0, 2780.0], [7250.0, 2775.0], [7255.0, 2770.0], [7260.0, 2765.0], [7265.0, 2760.0], [7275.0, 2760.0], [7285.0, 2760.0], [7295.0, 2760.0], [7305.0, 2760.0], [7315.0, 2760.0], [7320.0, 2765.0], [7320.0, 2775.0], [7320.0, 2785.0], [7315.0, 2790.0], [7310.0, 2795.0], [7310.0, 2805.0], [7305.0, 2810.0], [7300.0, 2815.0], [7300.0, 2825.0], [7295.0, 2830.0], [7290.0, 2835.0], [7285.0, 2840.0], [7280.0, 2845.0], [7275.0, 2850.0], [7270.0, 2855.0], [7265.0, 2860.0], [7260.0, 2865.0], [7255.0, 2870.0], [7250.0, 2875.0], [7245.0, 2880.0], [7235.0, 2880.0], [7230.0, 2885.0], [7225.0, 2890.0]]]}, "properties": {"objectType": "annotation", "name": "P3_1_C|peri_17", "classification": {"name": "peri", "color": [25, 158, 112]}, "lesion_id": 17, "section": "P3_1_C", "area_um2": 7350.0, "lesion_ids": [17]}}, {"type": "Feature", "geometry": {"type": "Polygon", "coordinates": [[[6575.0, 3400.0], [6570.0, 3395.0], [6570.0, 3385.0], [6570.0, 3375.0], [6575.0, 3370.0], [6580.0, 3365.0], [6585.0, 3360.0], [6590.0, 3355.0], [6585.0, 3350.0], [6580.0, 3345.0], [6580.0, 3335.0], [6580.0, 3325.0], [6575.0, 3320.0], [6570.0, 3315.0], [6565.0, 3310.0], [6560.0, 3305.0], [6555.0, 3300.0], [6550.0, 3295.0], [6545.0, 3290.0], [6535.0, 3290.0], [6530.0, 3285.0], [6525.0, 3280.0], [6515.0, 3280.0], [6510.0, 3275.0], [6505.0, 3270.0], [6500.0, 3265.0], [6495.0, 3260.0], [6490.0, 3255.0], [6485.0, 3250.0], [6475.0, 3250.0], [6465.0, 3250.0], [6460.0, 3245.0], [6455.0, 3240.0], [6445.0, 3240.0], [6435.0, 3240.0], [6430.0, 3235.0], [6425.0, 3230.0], [6420.0, 3225.0], [6415.0, 3220.0], [6405.0, 3220.0], [6395.0, 3220.0], [6390.0, 3225.0], [6385.0, 3230.0], [6380.0, 3235.0], [6375.0, 3240.0], [6370.0, 3235.0], [6365.0, 3230.0], [6360.0, 3225.0], [6355.0, 3220.0], [6350.0, 3215.0], [6345.0, 3210.0], [6335.0, 3210.0], [6325.0, 3210.0], [6320.0, 3215.0], [6315.0, 3220.0], [6305.0, 3220.0], [6300.0, 3225.0], [6295.0, 3230.0], [6290.0, 3235.0], [6285.0, 3240.0], [6275.0, 3240.0], [6270.0, 3235.0], [6265.0, 3230.0], [6255.0, 3230.0], [6250.0, 3225.0], [6245.0, 3220.0], [6240.0, 3215.0], [6235.0, 3210.0], [6230.0, 3205.0], [6225.0, 3200.0], [6220.0, 3195.0], [6215.0, 3190.0], [6210.0, 3185.0], [6205.0, 3180.0], [6195.0, 3180.0], [6190.0, 3175.0], [6185.0, 3170.0], [6180.0, 3175.0], [6175.0, 3180.0], [6170.0, 3185.0], [6165.0, 3190.0], [6155.0, 3190.0], [6150.0, 3185.0], [6145.0, 3180.0], [6140.0, 3175.0], [6135.0, 3170.0], [6130.0, 3165.0], [6125.0, 3160.0], [6120.0, 3165.0], [6115.0, 3170.0], [6110.0, 3175.0], [6105.0, 3180.0], [6100.0, 3185.0], [6095.0, 3190.0], [6085.0, 3190.0], [6080.0, 3185.0], [6075.0, 3180.0], [6070.0, 3175.0], [6065.0, 3170.0], [6060.0, 3175.0], [6055.0, 3180.0], [6050.0, 3175.0], [6045.0, 3170.0], [6040.0, 3165.0], [6035.0, 3160.0], [6030.0, 3155.0], [6025.0, 3150.0], [6020.0, 3145.0], [6015.0, 3140.0], [6010.0, 3135.0], [6005.0, 3130.0], [5995.0, 3130.0], [5985.0, 3130.0], [5975.0, 3130.0], [5965.0, 3130.0], [5960.0, 3125.0], [5955.0, 3120.0], [5950.0, 3125.0], [5945.0, 3130.0], [5935.0, 3130.0], [5930.0, 3135.0], [5925.0, 3140.0], [5920.0, 3145.0], [5915.0, 3150.0], [5910.0, 3155.0], [5905.0, 3160.0], [5900.0, 3165.0], [5895.0, 3170.0], [5890.0, 3175.0], [5885.0, 3180.0], [5875.0, 3180.0], [5870.0, 3185.0], [5865.0, 3190.0], [5855.0, 3190.0], [5850.0, 3195.0], [5845.0, 3200.0], [5840.0, 3205.0], [5835.0, 3210.0], [5830.0, 3215.0], [5825.0, 3220.0], [5820.0, 3225.0], [5815.0, 3230.0], [5805.0, 3230.0], [5795.0, 3230.0], [5790.0, 3235.0], [5785.0, 3240.0], [5780.0, 3245.0], [5775.0, 3250.0], [5770.0, 3255.0], [5765.0, 3260.0], [5760.0, 3265.0], [5765.0, 3270.0], [5770.0, 3275.0], [5775.0, 3280.0], [5780.0, 3285.0], [5775.0, 3290.0], [5765.0, 3290.0], [5760.0, 3285.0], [5755.0, 3280.0], [5745.0, 3280.0], [5735.0, 3280.0], [5725.0, 3280.0], [5715.0, 3280.0], [5710.0, 3275.0], [5705.0, 3270.0], [5700.0, 3275.0], [5695.0, 3280.0], [5685.0, 3280.0], [5675.0, 3280.0], [5670.0, 3275.0], [5670.0, 3265.0], [5670.0, 3255.0], [5665.0, 3250.0], [5660.0, 3245.0], [5655.0, 3240.0], [5650.0, 3235.0], [5645.0, 3230.0], [5640.0, 3225.0], [5635.0, 3220.0], [5630.0, 3215.0], [5625.0, 3210.0], [5620.0, 3205.0], [5615.0, 3200.0], [5605.0, 3200.0], [5600.0, 3195.0], [5595.0, 3190.0], [5585.0, 3190.0], [5575.0, 3190.0], [5565.0, 3190.0], [5555.0, 3190.0], [5545.0, 3190.0], [5540.0, 3185.0], [5535.0, 3180.0], [5525.0, 3180.0], [5515.0, 3180.0], [5505.0, 3180.0], [5500.0, 3175.0], [5495.0, 3170.0], [5485.0, 3170.0], [5475.0, 3170.0], [5465.0, 3170.0], [5455.0, 3170.0], [5450.0, 3165.0], [5455.0, 3160.0], [5465.0, 3160.0], [5475.0, 3160.0], [5480.0, 3155.0], [5485.0, 3150.0], [5490.0, 3145.0], [5495.0, 3140.0], [5500.0, 3135.0], [5495.0, 3130.0], [5490.0, 3125.0], [5490.0, 3115.0], [5490.0, 3105.0], [5485.0, 3100.0], [5480.0, 3095.0], [5475.0, 3090.0], [5470.0, 3085.0], [5470.0, 3075.0], [5470.0, 3065.0], [5470.0, 3055.0], [5475.0, 3050.0], [5480.0, 3045.0], [5480.0, 3035.0], [5475.0, 3030.0], [5470.0, 3025.0], [5465.0, 3020.0], [5460.0, 3015.0], [5460.0, 3005.0], [5455.0, 3000.0], [5450.0, 2995.0], [5445.0, 2990.0], [5440.0, 2985.0], [5435.0, 2980.0], [5425.0, 2980.0], [5420.0, 2975.0], [5415.0, 2970.0], [5410.0, 2965.0], [5405.0, 2960.0], [5400.0, 2965.0], [5395.0, 2970.0], [5385.0, 2970.0], [5380.0, 2965.0], [5375.0, 2960.0], [5370.0, 2955.0], [5365.0, 2950.0], [5355.0, 2950.0], [5345.0, 2950.0], [5335.0, 2950.0], [5330.0, 2955.0], [5325.0, 2960.0], [5320.0, 2965.0], [5315.0, 2970.0], [5310.0, 2975.0], [5305.0, 2980.0], [5295.0, 2980.0], [5290.0, 2985.0], [5285.0, 2990.0], [5280.0, 2995.0], [5275.0, 3000.0], [5270.0, 3005.0], [5265.0, 3010.0], [5260.0, 3005.0], [5255.0, 3000.0], [5250.0, 2995.0], [5245.0, 2990.0], [5240.0, 2985.0], [5240.0, 2975.0], [5235.0, 2970.0], [5230.0, 2965.0], [5225.0, 2960.0], [5220.0, 2955.0], [5220.0, 2945.0], [5220.0, 2935.0], [5220.0, 2925.0], [5220.0, 2915.0], [5215.0, 2910.0], [5210.0, 2905.0], [5215.0, 2900.0], [5220.0, 2895.0], [5220.0, 2885.0], [5220.0, 2875.0], [5220.0, 2865.0], [5215.0, 2860.0], [5210.0, 2855.0], [5215.0, 2850.0], [5220.0, 2845.0], [5215.0, 2840.0], [5210.0, 2835.0], [5215.0, 2830.0], [5225.0, 2830.0], [5230.0, 2825.0], [5235.0, 2820.0], [5240.0, 2815.0], [5245.0, 2810.0], [5255.0, 2810.0], [5260.0, 2805.0], [5265.0, 2800.0], [5275.0, 2800.0], [5280.0, 2795.0], [5285.0, 2790.0], [5295.0, 2790.0], [5305.0, 2790.0], [5315.0, 2790.0], [5325.0, 2790.0], [5335.0, 2790.0], [5345.0, 2790.0], [5355.0, 2790.0], [5365.0, 2790.0], [5375.0, 2790.0], [5385.0, 2790.0], [5395.0, 2790.0], [5405.0, 2790.0], [5415.0, 2790.0], [5420.0, 2795.0], [5425.0, 2800.0], [5435.0, 2800.0], [5445.0, 2800.0], [5455.0, 2800.0], [5460.0, 2805.0], [5465.0, 2810.0], [5475.0, 2810.0], [5480.0, 2815.0], [5485.0, 2820.0], [5495.0, 2820.0], [5500.0, 2825.0], [5505.0, 2830.0], [5510.0, 2835.0], [5515.0, 2840.0], [5525.0, 2840.0], [5530.0, 2845.0], [5535.0, 2850.0], [5540.0, 2855.0], [5545.0, 2860.0], [5555.0, 2860.0], [5560.0, 2865.0], [5565.0, 2870.0], [5570.0, 2875.0], [5575.0, 2880.0], [5580.0, 2885.0], [5580.0, 2895.0], [5585.0, 2900.0], [5590.0, 2905.0], [5595.0, 2910.0], [5600.0, 2915.0], [5600.0, 2925.0], [5605.0, 2930.0], [5610.0, 2935.0], [5615.0, 2940.0], [5620.0, 2945.0], [5620.0, 2955.0], [5625.0, 2960.0], [5630.0, 2965.0], [5630.0, 2975.0], [5635.0, 2980.0], [5640.0, 2985.0], [5640.0, 2995.0], [5640.0, 3005.0], [5640.0, 3015.0], [5640.0, 3025.0], [5640.0, 3035.0], [5640.0, 3045.0], [5645.0, 3050.0], [5650.0, 3055.0], [5650.0, 3065.0], [5650.0, 3075.0], [5655.0, 3080.0], [5660.0, 3085.0], [5660.0, 3095.0], [5660.0, 3105.0], [5660.0, 3115.0], [5665.0, 3120.0], [5670.0, 3115.0], [5675.0, 3110.0], [5685.0, 3110.0], [5690.0, 3105.0], [5695.0, 3100.0], [5700.0, 3095.0], [5705.0, 3090.0], [5715.0, 3090.0], [5720.0, 3085.0], [5725.0, 3080.0], [5730.0, 3075.0], [5735.0, 3070.0], [5745.0, 3070.0], [5750.0, 3065.0], [5755.0, 3060.0], [5760.0, 3055.0], [5765.0, 3050.0], [5775.0, 3050.0], [5780.0, 3045.0], [5785.0, 3040.0], [5790.0, 3035.0], [5795.0, 3030.0], [5800.0, 3025.0], [5805.0, 3020.0], [5810.0, 3015.0], [5815.0, 3010.0], [5825.0, 3010.0], [5830.0, 3005.0], [5835.0, 3000.0], [5840.0, 2995.0], [5845.0, 2990.0], [5855.0, 2990.0], [5860.0, 2985.0], [5865.0, 2980.0], [5875.0, 2980.0], [5880.0, 2975.0], [5885.0, 2970.0], [5895.0, 2970.0], [5900.0, 2965.0], [5905.0, 2960.0], [5915.0, 2960.0], [5925.0, 2960.0], [5935.0, 2960.0], [5945.0, 2960.0], [5955.0, 2960.0], [5965.0, 2960.0], [5975.0, 2960.0], [5985.0, 2960.0], [5995.0, 2960.0], [6005.0, 2960.0], [6010.0, 2965.0], [6015.0, 2970.0], [6025.0, 2970.0], [6035.0, 2970.0], [6045.0, 2970.0], [6055.0, 2970.0], [6060.0, 2975.0], [6065.0, 2980.0], [6075.0, 2980.0], [6080.0, 2985.0], [6085.0, 2990.0], [6095.0, 2990.0], [6100.0, 2995.0], [6105.0, 3000.0], [6115.0, 3000.0], [6125.0, 3000.0], [6135.0, 3000.0], [6145.0, 3000.0], [6155.0, 3000.0], [6165.0, 3000.0], [6175.0, 3000.0], [6180.0, 3005.0], [6185.0, 3010.0], [6195.0, 3010.0], [6205.0, 3010.0], [6215.0, 3010.0], [6225.0, 3010.0], [6235.0, 3010.0], [6240.0, 3015.0], [6245.0, 3020.0], [6255.0, 3020.0], [6260.0, 3025.0], [6265.0, 3030.0], [6275.0, 3030.0], [6280.0, 3035.0], [6285.0, 3040.0], [6295.0, 3040.0], [6300.0, 3045.0], [6305.0, 3050.0], [6315.0, 3050.0], [6325.0, 3050.0], [6335.0, 3050.0], [6345.0, 3050.0], [6355.0, 3050.0], [6365.0, 3050.0], [6375.0, 3050.0], [6385.0, 3050.0], [6395.0, 3050.0], [6400.0, 3055.0], [6405.0, 3060.0], [6415.0, 3060.0], [6425.0, 3060.0], [6435.0, 3060.0], [6445.0, 3060.0], [6455.0, 3060.0], [6465.0, 3060.0], [6470.0, 3065.0], [6475.0, 3070.0], [6485.0, 3070.0], [6490.0, 3075.0], [6495.0, 3080.0], [6505.0, 3080.0], [6510.0, 3085.0], [6515.0, 3090.0], [6525.0, 3090.0], [6535.0, 3090.0], [6540.0, 3095.0], [6545.0, 3100.0], [6555.0, 3100.0], [6560.0, 3105.0], [6565.0, 3110.0], [6575.0, 3110.0], [6580.0, 3115.0], [6585.0, 3120.0], [6590.0, 3125.0], [6595.0, 3130.0], [6605.0, 3130.0], [6610.0, 3135.0], [6615.0, 3140.0], [6620.0, 3145.0], [6625.0, 3150.0], [6635.0, 3150.0], [6640.0, 3155.0], [6645.0, 3160.0], [6650.0, 3165.0], [6655.0, 3170.0], [6665.0, 3170.0], [6670.0, 3175.0], [6675.0, 3180.0], [6680.0, 3185.0], [6685.0, 3190.0], [6690.0, 3195.0], [6695.0, 3200.0], [6700.0, 3205.0], [6700.0, 3215.0], [6705.0, 3220.0], [6710.0, 3225.0], [6715.0, 3230.0], [6720.0, 3235.0], [6720.0, 3245.0], [6725.0, 3250.0], [6730.0, 3255.0], [6730.0, 3265.0], [6735.0, 3270.0], [6740.0, 3275.0], [6735.0, 3280.0], [6725.0, 3280.0], [6720.0, 3285.0], [6715.0, 3290.0], [6710.0, 3295.0], [6705.0, 3300.0], [6700.0, 3305.0], [6695.0, 3310.0], [6690.0, 3315.0], [6685.0, 3320.0], [6680.0, 3325.0], [6675.0, 3330.0], [6670.0, 3335.0], [6665.0, 3340.0], [6655.0, 3340.0], [6650.0, 3345.0], [6645.0, 3350.0], [6640.0, 3355.0], [6635.0, 3360.0], [6630.0, 3365.0], [6625.0, 3370.0], [6615.0, 3370.0], [6605.0, 3370.0], [6600.0, 3375.0], [6595.0, 3380.0], [6590.0, 3385.0], [6585.0, 3390.0], [6580.0, 3395.0], [6575.0, 3400.0]]]}, "properties": {"objectType": "annotation", "name": "P3_1_C|peri", "classification": {"name": "peri", "color": [25, 158, 112]}, "lesion_id": 0, "section": "P3_1_C", "area_um2": 297250.0, "lesion_ids": [18, 20, 23, 24, 27, 28]}}, {"type": "Feature", "geometry": {"type": "Polygon", "coordinates": [[[5525.0, 3300.0], [5515.0, 3300.0], [5505.0, 3300.0], [5500.0, 3295.0], [5495.0, 3290.0], [5485.0, 3290.0], [5480.0, 3285.0], [5475.0, 3280.0], [5465.0, 3280.0], [5455.0, 3280.0], [5445.0, 3280.0], [5440.0, 3275.0], [5435.0, 3270.0], [5425.0, 3270.0], [5415.0, 3270.0], [5410.0, 3265.0], [5405.0, 3260.0], [5395.0, 3260.0], [5385.0, 3260.0], [5380.0, 3255.0], [5375.0, 3250.0], [5365.0, 3250.0], [5355.0, 3250.0], [5350.0, 3245.0], [5345.0, 3240.0], [5335.0, 3240.0], [5330.0, 3235.0], [5325.0, 3230.0], [5320.0, 3225.0], [5315.0, 3220.0], [5305.0, 3220.0], [5300.0, 3215.0], [5295.0, 3210.0], [5290.0, 3205.0], [5285.0, 3200.0], [5275.0, 3200.0], [5270.0, 3195.0], [5265.0, 3190.0], [5260.0, 3185.0], [5255.0, 3180.0], [5250.0, 3175.0], [5245.0, 3170.0], [5240.0, 3165.0], [5235.0, 3160.0], [5230.0, 3155.0], [5225.0, 3150.0], [5220.0, 3145.0], [5215.0, 3140.0], [5210.0, 3135.0], [5210.0, 3125.0], [5205.0, 3120.0], [5200.0, 3115.0], [5195.0, 3110.0], [5190.0, 3105.0], [5190.0, 3095.0], [5185.0, 3090.0], [5180.0, 3085.0], [5180.0, 3075.0], [5175.0, 3070.0], [5170.0, 3065.0], [5165.0, 3060.0], [5160.0, 3055.0], [5160.0, 3045.0], [5155.0, 3040.0], [5150.0, 3035.0], [5150.0, 3025.0], [5145.0, 3020.0], [5140.0, 3015.0], [5135.0, 3010.0], [5130.0, 3005.0], [5130.0, 2995.0], [5130.0, 2985.0], [5130.0, 2975.0], [5130.0, 2965.0], [5130.0, 2955.0], [5135.0, 2950.0], [5140.0, 2945.0], [5140.0, 2935.0], [5145.0, 2930.0], [5150.0, 2925.0], [5150.0, 2915.0], [5155.0, 2910.0], [5160.0, 2905.0], [5165.0, 2900.0], [5170.0, 2895.0], [5175.0, 2890.0], [5180.0, 2885.0], [5185.0, 2880.0], [5190.0, 2875.0], [5195.0, 2870.0], [5200.0, 2875.0], [5200.0, 2885.0], [5195.0, 2890.0], [5190.0, 2895.0], [5190.0, 2905.0], [5190.0, 2915.0], [5195.0, 2920.0], [5200.0, 2925.0], [5195.0, 2930.0], [5190.0, 2935.0], [5195.0, 2940.0], [5200.0, 2945.0], [5200.0, 2955.0], [5200.0, 2965.0], [5205.0, 2970.0], [5210.0, 2975.0], [5215.0, 2980.0], [5220.0, 2985.0], [5220.0, 2995.0], [5225.0, 3000.0], [5230.0, 3005.0], [5235.0, 3010.0], [5240.0, 3015.0], [5245.0, 3020.0], [5250.0, 3025.0], [5250.0, 3035.0], [5250.0, 3045.0], [5255.0, 3050.0], [5260.0, 3055.0], [5265.0, 3060.0], [5270.0, 3065.0], [5270.0, 3075.0], [5275.0, 3080.0], [5280.0, 3085.0], [5285.0, 3090.0], [5290.0, 3095.0], [5295.0, 3100.0], [5300.0, 3105.0], [5300.0, 3115.0], [5305.0, 3120.0], [5315.0, 3120.0], [5320.0, 3125.0], [5325.0, 3130.0], [5330.0, 3135.0], [5335.0, 3140.0], [5345.0, 3140.0], [5350.0, 3145.0], [5355.0, 3150.0], [5360.0, 3155.0], [5365.0, 3160.0], [5370.0, 3165.0], [5375.0, 3170.0], [5385.0, 3170.0], [5395.0, 3170.0], [5405.0, 3170.0], [5410.0, 3175.0], [5415.0, 3180.0], [5425.0, 3180.0], [5435.0, 3180.0], [5440.0, 3185.0], [5445.0, 3190.0], [5455.0, 3190.0], [5465.0, 3190.0], [5475.0, 3190.0], [5485.0, 3190.0], [5490.0, 3195.0], [5495.0, 3200.0], [5505.0, 3200.0], [5515.0, 3200.0], [5520.0, 3205.0], [5525.0, 3210.0], [5535.0, 3210.0], [5540.0, 3215.0], [5545.0, 3220.0], [5555.0, 3220.0], [5565.0, 3220.0], [5570.0, 3225.0], [5575.0, 3230.0], [5580.0, 3235.0], [5585.0, 3240.0], [5590.0, 3245.0], [5590.0, 3255.0], [5585.0, 3260.0], [5580.0, 3265.0], [5575.0, 3270.0], [5570.0, 3275.0], [5565.0, 3280.0], [5555.0, 3280.0], [5550.0, 3285.0], [5545.0, 3290.0], [5535.0, 3290.0], [5530.0, 3295.0], [5525.0, 3300.0]]]}, "properties": {"objectType": "annotation", "name": "peri", "classification": {"name": "peri", "color": [25, 158, 112]}, "lesion_id": 0, "section": null, "area_um2": 48650.0, "lesion_ids": [18, 20]}}, {"type": "Feature", "geometry": {"type": "Polygon", "coordinates": [[[8075.0, 3550.0], [8065.0, 3550.0], [8055.0, 3550.0], [8045.0, 3550.0], [8035.0, 3550.0], [8030.0, 3545.0], [8025.0, 3540.0], [8015.0, 3540.0], [8010.0, 3535.0], [8005.0, 3530.0], [7995.0, 3530.0], [7990.0, 3525.0], [7985.0, 3520.0], [7980.0, 3515.0], [7975.0, 3510.0], [7970.0, 3505.0], [7965.0, 3500.0], [7960.0, 3495.0], [7955.0, 3490.0], [7950.0, 3485.0], [7945.0, 3480.0], [7940.0, 3475.0], [7940.0, 3465.0], [7935.0, 3460.0], [7930.0, 3455.0], [7930.0, 3445.0], [7925.0, 3440.0], [7920.0, 3435.0], [7925.0, 3430.0], [7930.0, 3425.0], [7930.0, 3415.0], [7930.0, 3405.0], [7925.0, 3400.0], [7920.0, 3395.0], [7920.0, 3385.0], [7920.0, 3375.0], [7920.0, 3365.0], [7920.0, 3355.0], [7920.0, 3345.0], [7915.0, 3340.0], [7910.0, 3335.0], [7910.0, 3325.0], [7910.0, 3315.0], [7910.0, 3305.0], [7910.0, 3295.0], [7915.0, 3290.0], [7920.0, 3285.0], [7920.0, 3275.0], [7920.0, 3265.0], [7920.0, 3255.0], [7925.0, 3250.0], [7930.0, 3245.0], [7930.0, 3235.0], [7930.0, 3225.0], [7935.0, 3220.0], [7940.0, 3215.0], [7940.0, 3205.0], [7945.0, 3200.0], [7950.0, 3195.0], [7950.0, 3185.0], [7955.0, 3180.0], [7960.0, 3175.0], [7965.0, 3170.0], [7970.0, 3165.0], [7970.0, 3155.0], [7970.0, 3145.0], [7975.0, 3140.0], [7980.0, 3135.0], [7980.0, 3125.0], [7985.0, 3120.0], [7990.0, 3115.0], [7990.0, 3105.0], [7990.0, 3095.0], [7990.0, 3085.0], [7995.0, 3080.0], [8000.0, 3075.0], [8000.0, 3065.0], [8000.0, 3055.0], [8000.0, 3045.0], [8005.0, 3040.0], [8010.0, 3035.0], [8010.0, 3025.0], [8010.0, 3015.0], [8015.0, 3010.0], [8020.0, 3005.0], [8020.0, 2995.0], [8025.0, 2990.0], [8030.0, 2985.0], [8035.0, 2980.0], [8040.0, 2975.0], [8045.0, 2970.0], [8055.0, 2970.0], [8060.0, 2965.0], [8065.0, 2960.0], [8075.0, 2960.0], [8085.0, 2960.0], [8090.0, 2965.0], [8090.0, 2975.0], [8095.0, 2980.0], [8100.0, 2985.0], [8100.0, 2995.0], [8100.0, 3005.0], [8105.0, 3010.0], [8110.0, 3015.0], [8105.0, 3020.0], [8100.0, 3025.0], [8100.0, 3035.0], [8100.0, 3045.0], [8095.0, 3050.0], [8090.0, 3055.0], [8090.0, 3065.0], [8090.0, 3075.0], [8090.0, 3085.0], [8090.0, 3095.0], [8090.0, 3105.0], [8085.0, 3110.0], [8080.0, 3115.0], [8080.0, 3125.0], [8080.0, 3135.0], [8075.0, 3140.0], [8070.0, 3145.0], [8070.0, 3155.0], [8070.0, 3165.0], [8065.0, 3170.0], [8060.0, 3175.0], [8060.0, 3185.0], [8055.0, 3190.0], [8050.0, 3195.0], [8050.0, 3205.0], [8050.0, 3215.0], [8045.0, 3220.0], [8040.0, 3225.0], [8035.0, 3230.0], [8030.0, 3235.0], [8025.0, 3240.0], [8020.0, 3245.0], [8020.0, 3255.0], [8015.0, 3260.0], [8010.0, 3265.0], [8015.0, 3270.0], [8020.0, 3275.0], [8015.0, 3280.0], [8010.0, 3285.0], [8010.0, 3295.0], [8010.0, 3305.0], [8010.0, 3315.0], [8005.0, 3320.0], [8000.0, 3325.0], [8000.0, 3335.0], [8000.0, 3345.0], [8005.0, 3350.0], [8010.0, 3355.0], [8010.0, 3365.0], [8010.0, 3375.0], [8010.0, 3385.0], [8010.0, 3395.0], [8015.0, 3400.0], [8020.0, 3405.0], [8020.0, 3415.0], [8025.0, 3420.0], [8030.0, 3425.0], [8030.0, 3435.0], [8030.0, 3445.0], [8035.0, 3450.0], [8045.0, 3450.0], [8055.0, 3450.0], [8060.0, 3455.0], [8065.0, 3460.0], [8070.0, 3465.0], [8070.0, 3475.0], [8070.0, 3485.0], [8075.0, 3490.0], [8080.0, 3495.0], [8075.0, 3500.0], [8065.0, 3500.0], [8060.0, 3505.0], [8060.0, 3515.0], [8065.0, 3520.0], [8070.0, 3525.0], [8075.0, 3530.0], [8080.0, 3535.0], [8080.0, 3545.0], [8075.0, 3550.0]]]}, "properties": {"objectType": "annotation", "name": "R1_2_T|peri", "classification": {"name": "peri", "color": [25, 158, 112]}, "lesion_id": 0, "section": "R1_2_T", "area_um2": 55550.0, "lesion_ids": [19, 21]}}, {"type": "Feature", "geometry": {"type": "Polygon", "coordinates": [[[6485.0, 3550.0], [6475.0, 3550.0], [6465.0, 3550.0], [6455.0, 3550.0], [6445.0, 3550.0], [6435.0, 3550.0], [6425.0, 3550.0], [6415.0, 3550.0], [6410.0, 3545.0], [6405.0, 3540.0], [6395.0, 3540.0], [6385.0, 3540.0], [6375.0, 3540.0], [6365.0, 3540.0], [6355.0, 3540.0], [6345.0, 3540.0], [6335.0, 3540.0], [6325.0, 3540.0], [6315.0, 3540.0], [6305.0, 3540.0], [6295.0, 3540.0], [6285.0, 3540.0], [6275.0, 3540.0], [6265.0, 3540.0], [6260.0, 3535.0], [6255.0, 3530.0], [6250.0, 3525.0], [6245.0, 3520.0], [6240.0, 3515.0], [6235.0, 3510.0], [6230.0, 3505.0], [6230.0, 3495.0], [6225.0, 3490.0], [6220.0, 3485.0], [6220.0, 3475.0], [6215.0, 3470.0], [6210.0, 3465.0], [6205.0, 3460.0], [6200.0, 3465.0], [6195.0, 3470.0], [6190.0, 3475.0], [6185.0, 3480.0], [6175.0, 3480.0], [6170.0, 3485.0], [6165.0, 3490.0], [6155.0, 3490.0], [6150.0, 3495.0], [6145.0, 3500.0], [6135.0, 3500.0], [6125.0, 3500.0], [6120.0, 3495.0], [6115.0, 3490.0], [6105.0, 3490.0], [6095.0, 3490.0], [6085.0, 3490.0], [6075.0, 3490.0], [6065.0, 3490.0], [6055.0, 3490.0], [6050.0, 3495.0], [6045.0, 3500.0], [6040.0, 3505.0], [6035.0, 3510.0], [6030.0, 3515.0], [6025.0, 3520.0], [6015.0, 3520.0], [6005.0, 3520.0], [5995.0, 3520.0], [5985.0, 3520.0], [5975.0, 3520.0], [5965.0, 3520.0], [5960.0, 3525.0], [5955.0, 3530.0], [5950.0, 3525.0], [5945.0, 3520.0], [5935.0, 3520.0], [5925.0, 3520.0], [5915.0, 3520.0], [5910.0, 3515.0], [5905.0, 3510.0], [5900.0, 3505.0], [5895.0, 3500.0], [5890.0, 3495.0], [5885.0, 3490.0], [5880.0, 3485.0], [5875.0, 3480.0], [5870.0, 3475.0], [5865.0, 3470.0], [5860.0, 3465.0], [5855.0, 3460.0], [5850.0, 3455.0], [5845.0, 3450.0], [5840.0, 3445.0], [5835.0, 3440.0], [5825.0, 3440.0], [5820.0, 3435.0], [5815.0, 3430.0], [5805.0, 3430.0], [5800.0, 3425.0], [5795.0, 3420.0], [5790.0, 3415.0], [5785.0, 3410.0], [5775.0, 3410.0], [5770.0, 3405.0], [5765.0, 3400.0], [5755.0, 3400.0], [5750.0, 3395.0], [5745.0, 3390.0], [5735.0, 3390.0], [5725.0, 3390.0], [5720.0, 3385.0], [5715.0, 3380.0], [5705.0, 3380.0], [5695.0, 3380.0], [5685.0, 3380.0], [5675.0, 3380.0], [5665.0, 3380.0], [5660.0, 3375.0], [5655.0, 3370.0], [5650.0, 3365.0], [5645.0, 3360.0], [5640.0, 3355.0], [5640.0, 3345.0], [5635.0, 3340.0], [5630.0, 3335.0], [5630.0, 3325.0], [5625.0, 3320.0], [5620.0, 3315.0], [5620.0, 3305.0], [5620.0, 3295.0], [5620.0, 3285.0], [5620.0, 3275.0], [5625.0, 3270.0], [5630.0, 3275.0], [5635.0, 3280.0], [5645.0, 3280.0], [5650.0, 3285.0], [5655.0, 3290.0], [5660.0, 3295.0], [5665.0, 3300.0], [5670.0, 3305.0], [5675.0, 3310.0], [5680.0, 3305.0], [5685.0, 3300.0], [5695.0, 3300.0], [5705.0, 3300.0], [5715.0, 3300.0], [5725.0, 3300.0], [5730.0, 3305.0], [5735.0, 3310.0], [5740.0, 3305.0], [5745.0, 3300.0], [5750.0, 3305.0], [5755.0, 3310.0], [5765.0, 3310.0], [5775.0, 3310.0], [5780.0, 3315.0], [5785.0, 3320.0], [5790.0, 3325.0], [5795.0, 3330.0], [5805.0, 3330.0], [5810.0, 3335.0], [5815.0, 3340.0], [5825.0, 3340.0], [5835.0, 3340.0], [5840.0, 3345.0], [5845.0, 3350.0], [5855.0, 3350.0], [5865.0, 3350.0], [5870.0, 3355.0], [5875.0, 3360.0], [5880.0, 3365.0], [5885.0, 3370.0], [5895.0, 3370.0], [5900.0, 3375.0], [5905.0, 3380.0], [5910.0, 3385.0], [5915.0, 3390.0], [5920.0, 3395.0], [5925.0, 3400.0], [5930.0, 3405.0], [5930.0, 3415.0], [5930.0, 3425.0], [5930.0, 3435.0], [5935.0, 3440.0], [5940.0, 3445.0], [5945.0, 3450.0], [5950.0, 3455.0], [5955.0, 3460.0], [5960.0, 3465.0], [5965.0, 3470.0], [5970.0, 3475.0], [5975.0, 3480.0], [5980.0, 3475.0], [5980.0, 3465.0], [5985.0, 3460.0], [5990.0, 3455.0], [5990.0, 3445.0], [5990.0, 3435.0], [5995.0, 3430.0], [6000.0, 3425.0], [6000.0, 3415.0], [6005.0, 3410.0], [6015.0, 3410.0], [6020.0, 3405.0], [6025.0, 3400.0], [6035.0, 3400.0], [6045.0, 3400.0], [6050.0, 3395.0], [6055.0, 3390.0], [6060.0, 3395.0], [6065.0, 3400.0], [6075.0, 3400.0], [6080.0, 3395.0], [6085.0, 3390.0], [6095.0, 3390.0], [6105.0, 3390.0], [6115.0, 3390.0], [6120.0, 3395.0], [6125.0, 3400.0], [6130.0, 3405.0], [6135.0, 3410.0], [6140.0, 3415.0], [6140.0, 3425.0], [6145.0, 3430.0], [6155.0, 3430.0], [6160.0, 3435.0], [6165.0, 3440.0], [6170.0, 3435.0], [6175.0, 3430.0], [6185.0, 3430.0], [6195.0, 3430.0], [6205.0, 3430.0], [6215.0, 3430.0], [6225.0, 3430.0], [6235.0, 3430.0], [6240.0, 3435.0], [6245.0, 3440.0], [6250.0, 3445.0], [6255.0, 3450.0], [6265.0, 3450.0], [6270.0, 3455.0], [6275.0, 3460.0], [6285.0, 3460.0], [6295.0, 3460.0], [6305.0, 3460.0], [6315.0, 3460.0], [6320.0, 3455.0], [6325.0, 3450.0], [6335.0, 3450.0], [6340.0, 3455.0], [6345.0, 3460.0], [6355.0, 3460.0], [6365.0, 3460.0], [6370.0, 3455.0], [6375.0, 3450.0], [6380.0, 3455.0], [6385.0, 3460.0], [6395.0, 3460.0], [6405.0, 3460.0], [6410.0, 3465.0], [6415.0, 3470.0], [6420.0, 3465.0], [6425.0, 3460.0], [6435.0, 3460.0], [6445.0, 3460.0], [6450.0, 3455.0], [6455.0, 3450.0], [6460.0, 3455.0], [6465.0, 3460.0], [6475.0, 3460.0], [6485.0, 3460.0], [6490.0, 3465.0], [6495.0, 3470.0], [6500.0, 3465.0], [6505.0, 3460.0], [6510.0, 3455.0], [6515.0, 3450.0], [6520.0, 3445.0], [6525.0, 3440.0], [6530.0, 3435.0], [6535.0, 3430.0], [6545.0, 3430.0], [6555.0, 3430.0], [6565.0, 3430.0], [6570.0, 3435.0], [6575.0, 3440.0], [6580.0, 3445.0], [6585.0, 3450.0], [6590.0, 3445.0], [6590.0, 3435.0], [6590.0, 3425.0], [6595.0, 3420.0], [6600.0, 3415.0], [6605.0, 3410.0], [6610.0, 3405.0], [6615.0, 3400.0], [6620.0, 3395.0], [6625.0, 3390.0], [6635.0, 3390.0], [6640.0, 3385.0], [6645.0, 3380.0], [6650.0, 3375.0], [6655.0, 3370.0], [6660.0, 3365.0], [6665.0, 3360.0], [6675.0, 3360.0], [6680.0, 3355.0], [6685.0, 3350.0], [6690.0, 3345.0], [6695.0, 3340.0], [6700.0, 3335.0], [6705.0, 3330.0], [6710.0, 3325.0], [6715.0, 3320.0], [6720.0, 3315.0], [6725.0, 3310.0], [6730.0, 3315.0], [6730.0, 3325.0], [6730.0, 3335.0], [6730.0, 3345.0], [6735.0, 3350.0], [6740.0, 3355.0], [6735.0, 3360.0], [6730.0, 3365.0], [6730.0, 3375.0], [6730.0, 3385.0], [6730.0, 3395.0], [6730.0, 3405.0], [6725.0, 3410.0], [6720.0, 3415.0], [6720.0, 3425.0], [6715.0, 3430.0], [6710.0, 3435.0], [6705.0, 3440.0], [6700.0, 3445.0], [6695.0, 3450.0], [6685.0, 3450.0], [6680.0, 3455.0], [6675.0, 3460.0], [6670.0, 3465.0], [6665.0, 3470.0], [6655.0, 3470.0], [6650.0, 3475.0], [6645.0, 3480.0], [6640.0, 3485.0], [6635.0, 3490.0], [6625.0, 3490.0], [6620.0, 3495.0], [6615.0, 3500.0], [6605.0, 3500.0], [6600.0, 3505.0], [6595.0, 3510.0], [6585.0, 3510.0], [6575.0, 3510.0], [6565.0, 3510.0], [6560.0, 3515.0], [6555.0, 3520.0], [6545.0, 3520.0], [6540.0, 3525.0], [6535.0, 3530.0], [6525.0, 3530.0], [6520.0, 3535.0], [6515.0, 3540.0], [6505.0, 3540.0], [6495.0, 3540.0], [6490.0, 3545.0], [6485.0, 3550.0]]]}, "properties": {"objectType": "annotation", "name": "P3_1_C|peri", "classification": {"name": "peri", "color": [25, 158, 112]}, "lesion_id": 0, "section": "P3_1_C", "area_um2": 97050.0, "lesion_ids": [20, 23, 24, 25, 27, 28]}}, {"type": "Feature", "geometry": {"type": "Polygon", "coordinates": [[[6355.0, 3440.0], [6350.0, 3435.0], [6345.0, 3430.0], [6335.0, 3430.0], [6325.0, 3430.0], [6315.0, 3430.0], [6310.0, 3435.0], [6305.0, 3440.0], [6295.0, 3440.0], [6285.0, 3440.0], [6280.0, 3435.0], [6275.0, 3430.0], [6265.0, 3430.0], [6260.0, 3425.0], [6255.0, 3420.0], [6250.0, 3415.0], [6245.0, 3410.0], [6235.0, 3410.0], [6230.0, 3405.0], [6225.0, 3400.0], [6215.0, 3400.0], [6210.0, 3405.0], [6205.0, 3410.0], [6200.0, 3405.0], [6195.0, 3400.0], [6190.0, 3405.0], [6185.0, 3410.0], [6175.0, 3410.0], [6170.0, 3405.0], [6165.0, 3400.0], [6155.0, 3400.0], [6150.0, 3395.0], [6145.0, 3390.0], [6140.0, 3385.0], [6135.0, 3380.0], [6130.0, 3375.0], [6125.0, 3370.0], [6120.0, 3365.0], [6115.0, 3360.0], [6105.0, 3360.0], [6100.0, 3355.0], [6105.0, 3350.0], [6110.0, 3345.0], [6115.0, 3340.0], [6125.0, 3340.0], [6130.0, 3335.0], [6135.0, 3330.0], [6145.0, 3330.0], [6150.0, 3325.0], [6155.0, 3320.0], [6165.0, 3320.0], [6170.0, 3315.0], [6175.0, 3310.0], [6185.0, 3310.0], [6195.0, 3310.0], [6200.0, 3305.0], [6205.0, 3300.0], [6210.0, 3295.0], [6215.0, 3290.0], [6225.0, 3290.0], [6235.0, 3290.0], [6240.0, 3295.0], [6245.0, 3300.0], [6250.0, 3305.0], [6255.0, 3310.0], [6260.0, 3315.0], [6265.0, 3320.0], [6270.0, 3325.0], [6275.0, 3330.0], [6280.0, 3335.0], [6285.0, 3340.0], [6295.0, 3340.0], [6305.0, 3340.0], [6310.0, 3345.0], [6315.0, 3350.0], [6320.0, 3355.0], [6325.0, 3360.0], [6330.0, 3365.0], [6335.0, 3370.0], [6340.0, 3375.0], [6340.0, 3385.0], [6345.0, 3390.0], [6350.0, 3395.0], [6350.0, 3405.0], [6350.0, 3415.0], [6355.0, 3420.0], [6360.0, 3425.0], [6360.0, 3435.0], [6355.0, 3440.0]]]}, "properties": {"objectType": "annotation", "name": "P3_1_C|peri", "classification": {"name": "peri", "color": [25, 158, 112]}, "lesion_id": 0, "section": "P3_1_C", "area_um2": 20650.0, "lesion_ids": [20, 23, 24, 25, 27, 28]}}, {"type": "Feature", "geometry": {"type": "Polygon", "coordinates": [[[8895.0, 3960.0], [8890.0, 3955.0], [8885.0, 3950.0], [8875.0, 3950.0], [8865.0, 3950.0], [8855.0, 3950.0], [8850.0, 3945.0], [8845.0, 3940.0], [8835.0, 3940.0], [8825.0, 3940.0], [8815.0, 3940.0], [8805.0, 3940.0], [8795.0, 3940.0], [8790.0, 3935.0], [8785.0, 3930.0], [8775.0, 3930.0], [8765.0, 3930.0], [8755.0, 3930.0], [8745.0, 3930.0], [8735.0, 3930.0], [8725.0, 3930.0], [8715.0, 3930.0], [8705.0, 3930.0], [8695.0, 3930.0], [8685.0, 3930.0], [8680.0, 3925.0], [8675.0, 3920.0], [8665.0, 3920.0], [8655.0, 3920.0], [8645.0, 3920.0], [8635.0, 3920.0], [8625.0, 3920.0], [8615.0, 3920.0], [8610.0, 3915.0], [8605.0, 3910.0], [8595.0, 3910.0], [8585.0, 3910.0], [8575.0, 3910.0], [8565.0, 3910.0], [8555.0, 3910.0], [8545.0, 3910.0], [8535.0, 3910.0], [8530.0, 3915.0], [8525.0, 3920.0], [8520.0, 3915.0], [8515.0, 3910.0], [8510.0, 3905.0], [8505.0, 3900.0], [8500.0, 3895.0], [8495.0, 3890.0], [8490.0, 3885.0], [8485.0, 3880.0], [8480.0, 3875.0], [8480.0, 3865.0], [8475.0, 3860.0], [8470.0, 3855.0], [8470.0, 3845.0], [8465.0, 3840.0], [8455.0, 3840.0], [8450.0, 3835.0], [8445.0, 3830.0], [8435.0, 3830.0], [8430.0, 3825.0], [8425.0, 3820.0], [8415.0, 3820.0], [8410.0, 3815.0], [8405.0, 3810.0], [8400.0, 3805.0], [8405.0, 3800.0], [8415.0, 3800.0], [8425.0, 3800.0], [8430.0, 3805.0], [8435.0, 3810.0], [8445.0, 3810.0], [8455.0, 3810.0], [8460.0, 3815.0], [8465.0, 3820.0], [8470.0, 3825.0], [8475.0, 3830.0], [8480.0, 3835.0], [8485.0, 3840.0], [8490.0, 3835.0], [8495.0, 3830.0], [8500.0, 3825.0], [8505.0, 3820.0], [8515.0, 3820.0], [8525.0, 3820.0], [8530.0, 3815.0], [8535.0, 3810.0], [8545.0, 3810.0], [8550.0, 3815.0], [8555.0, 3820.0], [8565.0, 3820.0], [8575.0, 3820.0], [8585.0, 3820.0], [8590.0, 3825.0], [8595.0, 3830.0], [8605.0, 3830.0], [8610.0, 3825.0], [8615.0, 3820.0], [8625.0, 3820.0], [8630.0, 3825.0], [8635.0, 3830.0], [8645.0, 3830.0], [8655.0, 3830.0], [8665.0, 3830.0], [8675.0, 3830.0], [8685.0, 3830.0], [8695.0, 3830.0], [8705.0, 3830.0], [8710.0, 3835.0], [8715.0, 3840.0], [8725.0, 3840.0], [8735.0, 3840.0], [8740.0, 3835.0], [8745.0, 3830.0], [8750.0, 3835.0], [8755.0, 3840.0], [8765.0, 3840.0], [8775.0, 3840.0], [8780.0, 3845.0], [8785.0, 3850.0], [8790.0, 3845.0], [8795.0, 3840.0], [8805.0, 3840.0], [8815.0, 3840.0], [8825.0, 3840.0], [8830.0, 3845.0], [8835.0, 3850.0], [8845.0, 3850.0], [8855.0, 3850.0], [8860.0, 3855.0], [8865.0, 3860.0], [8875.0, 3860.0], [8885.0, 3860.0], [8890.0, 3865.0], [8895.0, 3870.0], [8905.0, 3870.0], [8915.0, 3870.0], [8920.0, 3865.0], [8925.0, 3860.0], [8935.0, 3860.0], [8940.0, 3865.0], [8945.0, 3870.0], [8955.0, 3870.0], [8965.0, 3870.0], [8970.0, 3865.0], [8975.0, 3860.0], [8980.0, 3865.0], [8985.0, 3870.0], [8990.0, 3865.0], [8995.0, 3860.0], [9005.0, 3860.0], [9015.0, 3860.0], [9025.0, 3860.0], [9030.0, 3855.0], [9035.0, 3850.0], [9040.0, 3845.0], [9045.0, 3840.0], [9050.0, 3835.0], [9055.0, 3830.0], [9060.0, 3825.0], [9060.0, 3815.0], [9065.0, 3810.0], [9070.0, 3805.0], [9075.0, 3800.0], [9080.0, 3795.0], [9085.0, 3790.0], [9095.0, 3790.0], [9100.0, 3785.0], [9105.0, 3780.0], [9110.0, 3775.0], [9115.0, 3770.0], [9125.0, 3770.0], [9135.0, 3770.0], [9140.0, 3765.0], [9145.0, 3760.0], [9155.0, 3760.0], [9165.0, 3760.0], [9170.0, 3755.0], [9175.0, 3750.0], [9185.0, 3750.0], [9190.0, 3755.0], [9195.0, 3760.0], [9205.0, 3760.0], [9215.0, 3760.0], [9220.0, 3755.0], [9225.0, 3750.0], [9235.0, 3750.0], [9245.0, 3750.0], [9255.0, 3750.0], [9260.0, 3745.0], [9265.0, 3740.0], [9270.0, 3735.0], [9275.0, 3730.0], [9285.0, 3730.0], [9295.0, 3730.0], [9300.0, 3725.0], [9305.0, 3720.0], [9315.0, 3720.0], [9325.0, 3720.0], [9335.0, 3720.0], [9345.0, 3720.0], [9350.0, 3725.0], [9355.0, 3730.0], [9360.0, 3735.0], [9365.0, 3740.0], [9370.0, 3745.0], [9370.0, 3755.0], [9370.0, 3765.0], [9375.0, 3770.0], [9380.0, 3775.0], [9375.0, 3780.0], [9370.0, 3785.0], [9365.0, 3790.0], [9360.0, 3795.0], [9365.0, 3800.0], [9370.0, 3805.0], [9370.0, 3815.0], [9370.0, 3825.0], [9375.0, 3830.0], [9380.0, 3835.0], [9375.0, 3840.0], [9370.0, 3845.0], [9365.0, 3850.0], [9360.0, 3845.0], [9355.0, 3840.0], [9345.0, 3840.0], [9340.0, 3845.0], [9335.0, 3850.0], [9325.0, 3850.0], [9320.0, 3855.0], [9315.0, 3860.0], [9305.0, 3860.0], [9300.0, 3855.0], [9300.0, 3845.0], [9300.0, 3835.0], [9295.0, 3830.0], [9285.0, 3830.0], [9275.0, 3830.0], [9270.0, 3835.0], [9265.0, 3840.0], [9255.0, 3840.0], [9245.0, 3840.0], [9240.0, 3845.0], [9235.0, 3850.0], [9225.0, 3850.0], [9215.0, 3850.0], [9205.0, 3850.0], [9195.0, 3850.0], [9185.0, 3850.0], [9175.0, 3850.0], [9170.0, 3855.0], [9165.0, 3860.0], [9155.0, 3860.0], [9150.0, 3865.0], [9145.0, 3870.0], [9135.0, 3870.0], [9130.0, 3875.0], [9125.0, 3880.0], [9120.0, 3885.0], [9115.0, 3890.0], [9110.0, 3895.0], [9105.0, 3900.0], [9100.0, 3905.0], [9095.0, 3910.0], [9090.0, 3915.0], [9085.0, 3920.0], [9075.0, 3920.0], [9070.0, 3925.0], [9065.0, 3930.0], [9060.0, 3925.0], [9055.0, 3920.0], [9045.0, 3920.0], [9035.0, 3920.0], [9025.0, 3920.0], [9015.0, 3920.0], [9010.0, 3915.0], [9005.0, 3910.0], [8995.0, 3910.0], [8990.0, 3905.0], [8985.0, 3900.0], [8975.0, 3900.0], [8970.0, 3905.0], [8965.0, 3910.0], [8960.0, 3915.0], [8955.0, 3920.0], [8950.0, 3925.0], [8945.0, 3930.0], [8940.0, 3935.0], [8935.0, 3940.0], [8925.0, 3940.0], [8920.0, 3945.0], [8915.0, 3950.0], [8905.0, 3950.0], [8900.0, 3955.0], [8895.0, 3960.0]]]}, "properties": {"objectType": "annotation", "name": "R1_2_T|peri", "classification": {"name": "peri", "color": [25, 158, 112]}, "lesion_id": 0, "section": "R1_2_T", "area_um2": 83550.0, "lesion_ids": [26, 29, 30]}}, {"type": "Feature", "geometry": {"type": "Polygon", "coordinates": [[[8365.0, 3780.0], [8360.0, 3775.0], [8355.0, 3770.0], [8350.0, 3765.0], [8345.0, 3760.0], [8335.0, 3760.0], [8325.0, 3760.0], [8320.0, 3755.0], [8315.0, 3750.0], [8310.0, 3745.0], [8310.0, 3735.0], [8315.0, 3730.0], [8320.0, 3735.0], [8325.0, 3740.0], [8335.0, 3740.0], [8345.0, 3740.0], [8350.0, 3745.0], [8355.0, 3750.0], [8360.0, 3755.0], [8365.0, 3760.0], [8370.0, 3765.0], [8370.0, 3775.0], [8365.0, 3780.0]]]}, "properties": {"objectType": "annotation", "name": "R1_2_T|peri", "classification": {"name": "peri", "color": [25, 158, 112]}, "lesion_id": 0, "section": "R1_2_T", "area_um2": 1150.0, "lesion_ids": []}}, {"type": "Feature", "geometry": {"type": "Polygon", "coordinates": [[[855.0, 8500.0], [845.0, 8500.0], [840.0, 8495.0], [835.0, 8490.0], [825.0, 8490.0], [815.0, 8490.0], [805.0, 8490.0], [795.0, 8490.0], [790.0, 8485.0], [785.0, 8480.0], [775.0, 8480.0], [770.0, 8475.0], [765.0, 8470.0], [755.0, 8470.0], [750.0, 8465.0], [750.0, 8455.0], [750.0, 8445.0], [745.0, 8440.0], [740.0, 8435.0], [735.0, 8430.0], [730.0, 8425.0], [730.0, 8415.0], [725.0, 8410.0], [720.0, 8405.0], [715.0, 8400.0], [710.0, 8395.0], [710.0, 8385.0], [705.0, 8380.0], [700.0, 8375.0], [695.0, 8370.0], [690.0, 8365.0], [690.0, 8355.0], [685.0, 8350.0], [680.0, 8345.0], [675.0, 8340.0], [670.0, 8335.0], [670.0, 8325.0], [670.0, 8315.0], [665.0, 8310.0], [660.0, 8305.0], [660.0, 8295.0], [660.0, 8285.0], [660.0, 8275.0], [655.0, 8270.0], [650.0, 8265.0], [650.0, 8255.0], [650.0, 8245.0], [645.0, 8240.0], [640.0, 8235.0], [640.0, 8225.0], [635.0, 8220.0], [630.0, 8215.0], [625.0, 8210.0], [620.0, 8205.0], [615.0, 8200.0], [610.0, 8195.0], [610.0, 8185.0], [605.0, 8180.0], [600.0, 8175.0], [595.0, 8170.0], [590.0, 8165.0], [590.0, 8155.0], [585.0, 8150.0], [580.0, 8145.0], [580.0, 8135.0], [575.0, 8130.0], [570.0, 8125.0], [570.0, 8115.0], [565.0, 8110.0], [560.0, 8105.0], [560.0, 8095.0], [555.0, 8090.0], [550.0, 8085.0], [550.0, 8075.0], [545.0, 8070.0], [540.0, 8065.0], [540.0, 8055.0], [535.0, 8050.0], [530.0, 8045.0], [530.0, 8035.0], [530.0, 8025.0], [525.0, 8020.0], [520.0, 8015.0], [520.0, 8005.0], [520.0, 7995.0], [520.0, 7985.0], [520.0, 7975.0], [515.0, 7970.0], [510.0, 7965.0], [505.0, 7960.0], [500.0, 7955.0], [500.0, 7945.0], [500.0, 7935.0], [500.0, 7925.0], [495.0, 7920.0], [490.0, 7915.0], [490.0, 7905.0], [490.0, 7895.0], [485.0, 7890.0], [480.0, 7885.0], [480.0, 7875.0], [475.0, 7870.0], [470.0, 7865.0], [470.0, 7855.0], [470.0, 7845.0], [465.0, 7840.0], [460.0, 7835.0], [460.0, 7825.0], [460.0, 7815.0], [460.0, 7805.0], [455.0, 7800.0], [450.0, 7795.0], [450.0, 7785.0], [450.0, 7775.0], [450.0, 7765.0], [450.0, 7755.0], [450.0, 7745.0], [450.0, 7735.0], [450.0, 7725.0], [450.0, 7715.0], [450.0, 7705.0], [450.0, 7695.0], [450.0, 7685.0], [450.0, 7675.0], [455.0, 7670.0], [460.0, 7665.0], [460.0, 7655.0], [460.0, 7645.0], [460.0, 7635.0], [460.0, 7625.0], [460.0, 7615.0], [460.0, 7605.0], [460.0, 7595.0], [455.0, 7590.0], [450.0, 7585.0], [450.0, 7575.0], [450.0, 7565.0], [450.0, 7555.0], [455.0, 7550.0], [460.0, 7545.0], [460.0, 7535.0], [460.0, 7525.0], [460.0, 7515.0], [460.0, 7505.0], [460.0, 7495.0], [460.0, 7485.0], [465.0, 7480.0], [470.0, 7475.0], [470.0, 7465.0], [470.0, 7455.0], [475.0, 7450.0], [480.0, 7445.0], [480.0, 7435.0], [480.0, 7425.0], [485.0, 7420.0], [490.0, 7415.0], [490.0, 7405.0], [490.0, 7395.0], [495.0, 7390.0], [500.0, 7385.0], [500.0, 7375.0], [505.0, 7370.0], [510.0, 7365.0], [510.0, 7355.0], [515.0, 7350.0], [520.0, 7345.0], [525.0, 7340.0], [530.0, 7335.0], [535.0, 7330.0], [540.0, 7325.0], [540.0, 7315.0], [545.0, 7310.0], [550.0, 7305.0], [550.0, 7295.0], [555.0, 7290.0], [560.0, 7285.0], [560.0, 7275.0], [565.0, 7270.0], [570.0, 7265.0], [570.0, 7255.0], [575.0, 7250.0], [585.0, 7250.0], [595.0, 7250.0], [605.0, 7250.0], [615.0, 7250.0], [620.0, 7245.0], [625.0, 7240.0], [630.0, 7245.0], [635.0, 7250.0], [645.0, 7250.0], [655.0, 7250.0], [665.0, 7250.0], [670.0, 7255.0], [665.0, 7260.0], [660.0, 7265.0], [660.0, 7275.0], [660.0, 7285.0], [655.0, 7290.0], [650.0, 7295.0], [650.0, 7305.0], [650.0, 7315.0], [645.0, 7320.0], [640.0, 7325.0], [635.0, 7330.0], [630.0, 7335.0], [630.0, 7345.0], [625.0, 7350.0], [620.0, 7355.0], [620.0, 7365.0], [615.0, 7370.0], [610.0, 7375.0], [605.0, 7380.0], [600.0, 7385.0], [595.0, 7390.0], [590.0, 7395.0], [590.0, 7405.0], [585.0, 7410.0], [580.0, 7415.0], [585.0, 7420.0], [590.0, 7425.0], [585.0, 7430.0], [580.0, 7435.0], [580.0, 7445.0], [580.0, 7455.0], [575.0, 7460.0], [570.0, 7465.0], [570.0, 7475.0], [565.0, 7480.0], [560.0, 7485.0], [560.0, 7495.0], [560.0, 7505.0], [560.0, 7515.0], [555.0, 7520.0], [550.0, 7525.0], [555.0, 7530.0], [560.0, 7535.0], [555.0, 7540.0], [550.0, 7545.0], [550.0, 7555.0], [550.0, 7565.0], [550.0, 7575.0], [550.0, 7585.0], [550.0, 7595.0], [550.0, 7605.0], [550.0, 7615.0], [550.0, 7625.0], [555.0, 7630.0], [560.0, 7635.0], [560.0, 7645.0], [555.0, 7650.0], [550.0, 7655.0], [550.0, 7665.0], [550.0, 7675.0], [550.0, 7685.0], [550.0, 7695.0], [550.0, 7705.0], [545.0, 7710.0], [540.0, 7715.0], [540.0, 7725.0], [540.0, 7735.0], [540.0, 7745.0], [540.0, 7755.0], [545.0, 7760.0], [550.0, 7765.0], [550.0, 7775.0], [550.0, 7785.0], [550.0, 7795.0], [555.0, 7800.0], [560.0, 7805.0], [560.0, 7815.0], [560.0, 7825.0], [560.0, 7835.0], [560.0, 7845.0], [565.0, 7850.0], [570.0, 7855.0], [570.0, 7865.0], [570.0, 7875.0], [570.0, 7885.0], [575.0, 7890.0], [580.0, 7895.0], [580.0, 7905.0], [580.0, 7915.0], [585.0, 7920.0], [590.0, 7925.0], [590.0, 7935.0], [590.0, 7945.0], [595.0, 7950.0], [600.0, 7955.0], [600.0, 7965.0], [600.0, 7975.0], [605.0, 7980.0], [610.0, 7985.0], [610.0, 7995.0], [615.0, 8000.0], [620.0, 8005.0], [620.0, 8015.0], [625.0, 8020.0], [630.0, 8025.0], [630.0, 8035.0], [635.0, 8040.0], [640.0, 8045.0], [640.0, 8055.0], [645.0, 8060.0], [650.0, 8065.0], [655.0, 8070.0], [660.0, 8075.0], [660.0, 8085.0], [660.0, 8095.0], [665.0, 8100.0], [670.0, 8105.0], [670.0, 8115.0], [675.0, 8120.0], [680.0, 8125.0], [680.0, 8135.0], [685.0, 8140.0], [690.0, 8145.0], [690.0, 8155.0], [695.0, 8160.0], [700.0, 8165.0], [705.0, 8170.0], [710.0, 8175.0], [710.0, 8185.0], [715.0, 8190.0], [720.0, 8195.0], [720.0, 8205.0], [725.0, 8210.0], [730.0, 8215.0], [735.0, 8220.0], [740.0, 8225.0], [740.0, 8235.0], [740.0, 8245.0], [745.0, 8250.0], [750.0, 8255.0], [750.0, 8265.0], [750.0, 8275.0], [750.0, 8285.0], [755.0, 8290.0], [760.0, 8295.0], [765.0, 8300.0], [770.0, 8305.0], [770.0, 8315.0], [775.0, 8320.0], [780.0, 8325.0], [780.0, 8335.0], [785.0, 8340.0], [790.0, 8345.0], [790.0, 8355.0], [795.0, 8360.0], [800.0, 8365.0], [800.0, 8375.0], [805.0, 8380.0], [810.0, 8385.0], [815.0, 8390.0], [820.0, 8395.0], [820.0, 8405.0], [825.0, 8410.0], [830.0, 8415.0], [830.0, 8425.0], [835.0, 8430.0], [840.0, 8435.0], [840.0, 8445.0], [840.0, 8455.0], [845.0, 8460.0], [850.0, 8465.0], [855.0, 8470.0], [860.0, 8475.0], [860.0, 8485.0], [860.0, 8495.0], [855.0, 8500.0]]]}, "properties": {"objectType": "annotation", "name": "peri", "classification": {"name": "peri", "color": [25, 158, 112]}, "lesion_id": 0, "section": null, "area_um2": 122750.0, "lesion_ids": [31, 33, 34]}}, {"type": "Feature", "geometry": {"type": "Polygon", "coordinates": [[[935.0, 8500.0], [925.0, 8500.0], [915.0, 8500.0], [905.0, 8500.0], [900.0, 8495.0], [895.0, 8490.0], [890.0, 8485.0], [885.0, 8480.0], [880.0, 8475.0], [880.0, 8465.0], [875.0, 8460.0], [870.0, 8455.0], [865.0, 8450.0], [860.0, 8445.0], [860.0, 8435.0], [860.0, 8425.0], [855.0, 8420.0], [850.0, 8415.0], [850.0, 8405.0], [845.0, 8400.0], [840.0, 8395.0], [840.0, 8385.0], [835.0, 8380.0], [830.0, 8375.0], [825.0, 8370.0], [820.0, 8365.0], [820.0, 8355.0], [815.0, 8350.0], [810.0, 8345.0], [810.0, 8335.0], [810.0, 8325.0], [815.0, 8320.0], [820.0, 8325.0], [825.0, 8330.0], [830.0, 8335.0], [835.0, 8340.0], [840.0, 8345.0], [845.0, 8350.0], [855.0, 8350.0], [860.0, 8345.0], [865.0, 8340.0], [875.0, 8340.0], [880.0, 8345.0], [885.0, 8350.0], [890.0, 8345.0], [895.0, 8340.0], [900.0, 8335.0], [905.0, 8330.0], [910.0, 8325.0], [910.0, 8315.0], [905.0, 8310.0], [900.0, 8305.0], [895.0, 8300.0], [890.0, 8295.0], [890.0, 8285.0], [885.0, 8280.0], [880.0, 8275.0], [875.0, 8270.0], [870.0, 8265.0], [865.0, 8260.0], [860.0, 8255.0], [855.0, 8250.0], [845.0, 8250.0], [840.0, 8245.0], [835.0, 8240.0], [825.0, 8240.0], [815.0, 8240.0], [810.0, 8235.0], [805.0, 8230.0], [795.0, 8230.0], [790.0, 8235.0], [785.0, 8240.0], [780.0, 8245.0], [775.0, 8250.0], [770.0, 8245.0], [765.0, 8240.0], [760.0, 8235.0], [760.0, 8225.0], [760.0, 8215.0], [755.0, 8210.0], [750.0, 8205.0], [745.0, 8200.0], [740.0, 8195.0], [740.0, 8185.0], [735.0, 8180.0], [730.0, 8175.0], [730.0, 8165.0], [725.0, 8160.0], [720.0, 8155.0], [715.0, 8150.0], [710.0, 8145.0], [710.0, 8135.0], [715.0, 8130.0], [720.0, 8125.0], [725.0, 8120.0], [730.0, 8115.0], [730.0, 8105.0], [735.0, 8100.0], [740.0, 8095.0], [740.0, 8085.0], [745.0, 8080.0], [750.0, 8075.0], [750.0, 8065.0], [750.0, 8055.0], [750.0, 8045.0], [750.0, 8035.0], [745.0, 8030.0], [740.0, 8025.0], [735.0, 8020.0], [730.0, 8015.0], [725.0, 8010.0], [720.0, 8005.0], [715.0, 8000.0], [710.0, 8005.0], [705.0, 8010.0], [700.0, 8015.0], [695.0, 8020.0], [690.0, 8025.0], [685.0, 8030.0], [675.0, 8030.0], [665.0, 8030.0], [655.0, 8030.0], [650.0, 8025.0], [650.0, 8015.0], [645.0, 8010.0], [640.0, 8005.0], [640.0, 7995.0], [635.0, 7990.0], [630.0, 7985.0], [630.0, 7975.0], [625.0, 7970.0], [620.0, 7965.0], [620.0, 7955.0], [620.0, 7945.0], [615.0, 7940.0], [610.0, 7935.0], [610.0, 7925.0], [610.0, 7915.0], [605.0, 7910.0], [600.0, 7905.0], [600.0, 7895.0], [600.0, 7885.0], [595.0, 7880.0], [590.0, 7875.0], [590.0, 7865.0], [590.0, 7855.0], [595.0, 7850.0], [605.0, 7850.0], [610.0, 7855.0], [615.0, 7860.0], [620.0, 7855.0], [625.0, 7850.0], [635.0, 7850.0], [645.0, 7850.0], [655.0, 7850.0], [660.0, 7845.0], [665.0, 7840.0], [675.0, 7840.0], [685.0, 7840.0], [690.0, 7835.0], [695.0, 7830.0], [705.0, 7830.0], [710.0, 7825.0], [715.0, 7820.0], [720.0, 7815.0], [725.0, 7810.0], [735.0, 7810.0], [740.0, 7805.0], [745.0, 7800.0], [755.0, 7800.0], [765.0, 7800.0], [775.0, 7800.0], [785.0, 7800.0], [795.0, 7800.0], [805.0, 7800.0], [810.0, 7795.0], [815.0, 7790.0], [820.0, 7785.0], [825.0, 7780.0], [835.0, 7780.0], [845.0, 7780.0], [850.0, 7775.0], [855.0, 7770.0], [865.0, 7770.0], [870.0, 7765.0], [875.0, 7760.0], [885.0, 7760.0], [895.0, 7760.0], [900.0, 7755.0], [905.0, 7750.0], [915.0, 7750.0], [920.0, 7745.0], [925.0, 7740.0], [935.0, 7740.0], [940.0, 7735.0], [945.0, 7730.0], [950.0, 7725.0], [955.0, 7720.0], [965.0, 7720.0], [970.0, 7715.0], [975.0, 7710.0], [980.0, 7705.0], [985.0, 7700.0], [995.0, 7700.0], [1000.0, 7695.0], [1005.0, 7690.0], [1015.0, 7690.0], [1025.0, 7690.0], [1030.0, 7685.0], [1035.0, 7680.0], [1040.0, 7675.0], [1045.0, 7670.0], [1050.0, 7665.0], [1055.0, 7660.0], [1060.0, 7655.0], [1060.0, 7645.0], [1055.0, 7640.0], [1050.0, 7635.0], [1045.0, 7630.0], [1040.0, 7625.0], [1035.0, 7620.0], [1030.0, 7615.0], [1025.0, 7610.0], [1020.0, 7605.0], [1015.0, 7600.0], [1005.0, 7600.0], [1000.0, 7595.0], [995.0, 7590.0], [985.0, 7590.0], [980.0, 7585.0], [975.0, 7580.0], [965.0, 7580.0], [960.0, 7575.0], [955.0, 7570.0], [950.0, 7565.0], [945.0, 7560.0], [940.0, 7555.0], [935.0, 7550.0], [930.0, 7545.0], [925.0, 7540.0], [920.0, 7535.0], [915.0, 7530.0], [910.0, 7525.0], [905.0, 7520.0], [900.0, 7515.0], [895.0, 7510.0], [885.0, 7510.0], [875.0, 7510.0], [870.0, 7505.0], [865.0, 7500.0], [855.0, 7500.0], [845.0, 7500.0], [835.0, 7500.0], [825.0, 7500.0], [815.0, 7500.0], [805.0, 7500.0], [795.0, 7500.0], [790.0, 7495.0], [785.0, 7490.0], [780.0, 7485.0], [775.0, 7480.0], [770.0, 7475.0], [765.0, 7470.0], [755.0, 7470.0], [745.0, 7470.0], [735.0, 7470.0], [730.0, 7465.0], [725.0, 7460.0], [715.0, 7460.0], [710.0, 7455.0], [705.0, 7450.0], [695.0, 7450.0], [690.0, 7445.0], [685.0, 7440.0], [680.0, 7435.0], [675.0, 7430.0], [670.0, 7425.0], [665.0, 7420.0], [660.0, 7415.0], [655.0, 7410.0], [645.0, 7410.0], [640.0, 7405.0], [635.0, 7400.0], [630.0, 7395.0], [630.0, 7385.0], [635.0, 7380.0], [640.0, 7375.0], [640.0, 7365.0], [645.0, 7360.0], [650.0, 7355.0], [650.0, 7345.0], [655.0, 7340.0], [660.0, 7335.0], [665.0, 7330.0], [670.0, 7325.0], [670.0, 7315.0], [670.0, 7305.0], [675.0, 7300.0], [680.0, 7295.0], [680.0, 7285.0], [680.0, 7275.0], [685.0, 7270.0], [690.0, 7265.0], [690.0, 7255.0], [695.0, 7250.0], [700.0, 7255.0], [705.0, 7260.0], [715.0, 7260.0], [720.0, 7265.0], [725.0, 7270.0], [730.0, 7275.0], [735.0, 7280.0], [745.0, 7280.0], [750.0, 7285.0], [755.0, 7290.0], [760.0, 7295.0], [765.0, 7300.0], [770.0, 7305.0], [775.0, 7310.0], [780.0, 7315.0], [785.0, 7320.0], [795.0, 7320.0], [805.0, 7320.0], [815.0, 7320.0], [820.0, 7325.0], [825.0, 7330.0], [835.0, 7330.0], [840.0, 7335.0], [845.0, 7340.0], [855.0, 7340.0], [860.0, 7345.0], [865.0, 7350.0], [875.0, 7350.0], [885.0, 7350.0], [895.0, 7350.0], [905.0, 7350.0], [915.0, 7350.0], [920.0, 7355.0], [925.0, 7360.0], [935.0, 7360.0], [945.0, 7360.0], [950.0, 7365.0], [955.0, 7370.0], [965.0, 7370.0], [970.0, 7375.0], [975.0, 7380.0], [985.0, 7380.0], [990.0, 7385.0], [995.0, 7390.0], [1000.0, 7395.0], [1005.0, 7400.0], [1010.0, 7405.0], [1015.0, 7410.0], [1020.0, 7415.0], [1025.0, 7420.0], [1030.0, 7425.0], [1035.0, 7430.0], [1040.0, 7435.0], [1045.0, 7440.0], [1050.0, 7445.0], [1055.0, 7450.0], [1065.0, 7450.0], [1070.0, 7455.0], [1075.0, 7460.0], [1085.0, 7460.0], [1090.0, 7465.0], [1095.0, 7470.0], [1105.0, 7470.0], [1110.0, 7475.0], [1115.0, 7480.0], [1120.0, 7485.0], [1125.0, 7490.0], [1130.0, 7495.0], [1135.0, 7500.0], [1140.0, 7505.0], [1145.0, 7510.0], [1150.0, 7515.0], [1155.0, 7520.0], [1160.0, 7525.0], [1165.0, 7530.0], [1170.0, 7535.0], [1175.0, 7540.0], [1180.0, 7545.0], [1185.0, 7550.0], [1190.0, 7555.0], [1190.0, 7565.0], [1195.0, 7570.0], [1200.0, 7575.0], [1200.0, 7585.0], [1205.0, 7590.0], [1210.0, 7595.0], [1210.0, 7605.0], [1210.0, 7615.0], [1210.0, 7625.0], [1210.0, 7635.0], [1210.0, 7645.0], [1210.0, 7655.0], [1210.0, 7665.0], [1210.0, 7675.0], [1210.0, 7685.0], [1210.0, 7695.0], [1210.0, 7705.0], [1205.0, 7710.0], [1200.0, 7715.0], [1200.0, 7725.0], [1195.0, 7730.0], [1190.0, 7735.0], [1190.0, 7745.0], [1185.0, 7750.0], [1180.0, 7755.0], [1175.0, 7760.0], [1170.0, 7765.0], [1165.0, 7770.0], [1160.0, 7775.0], [1155.0, 7780.0], [1150.0, 7785.0], [1145.0, 7790.0], [1140.0, 7795.0], [1135.0, 7800.0], [1130.0, 7805.0], [1125.0, 7810.0], [1120.0, 7815.0], [1115.0, 7820.0], [1105.0, 7820.0], [1100.0, 7825.0], [1095.0, 7830.0], [1085.0, 7830.0], [1080.0, 7835.0], [1075.0, 7840.0], [1065.0, 7840.0], [1060.0, 7845.0], [1055.0, 7850.0], [1045.0, 7850.0], [1040.0, 7855.0], [1035.0, 7860.0], [1030.0, 7865.0], [1025.0, 7870.0], [1015.0, 7870.0], [1010.0, 7875.0], [1005.0, 7880.0], [995.0, 7880.0], [990.0, 7885.0], [985.0, 7890.0], [975.0, 7890.0], [970.0, 7895.0], [965.0, 7900.0], [955.0, 7900.0], [950.0, 7905.0], [945.0, 7910.0], [935.0, 7910.0], [925.0, 7910.0], [920.0, 7915.0], [915.0, 7920.0], [905.0, 7920.0], [900.0, 7925.0], [895.0, 7930.0], [885.0, 7930.0], [880.0, 7935.0], [880.0, 7945.0], [880.0, 7955.0], [885.0, 7960.0], [890.0, 7965.0], [890.0, 7975.0], [895.0, 7980.0], [900.0, 7985.0], [900.0, 7995.0], [900.0, 8005.0], [900.0, 8015.0], [900.0, 8025.0], [900.0, 8035.0], [900.0, 8045.0], [900.0, 8055.0], [900.0, 8065.0], [900.0, 8075.0], [900.0, 8085.0], [900.0, 8095.0], [905.0, 8100.0], [910.0, 8105.0], [915.0, 8110.0], [925.0, 8110.0], [930.0, 8115.0], [935.0, 8120.0], [945.0, 8120.0], [950.0, 8125.0], [955.0, 8130.0], [960.0, 8135.0], [965.0, 8140.0], [970.0, 8145.0], [975.0, 8150.0], [980.0, 8155.0], [985.0, 8160.0], [990.0, 8165.0], [995.0, 8170.0], [1000.0, 8175.0], [1005.0, 8180.0], [1010.0, 8185.0], [1015.0, 8190.0], [1020.0, 8195.0], [1020.0, 8205.0], [1025.0, 8210.0], [1030.0, 8215.0], [1035.0, 8220.0], [1040.0, 8225.0], [1040.0, 8235.0], [1045.0, 8240.0], [1050.0, 8245.0], [1050.0, 8255.0], [1055.0, 8260.0], [1060.0, 8265.0], [1060.0, 8275.0], [1060.0, 8285.0], [1060.0, 8295.0], [1060.0, 8305.0], [1060.0, 8315.0], [1060.0, 8325.0], [1060.0, 8335.0], [1060.0, 8345.0], [1060.0, 8355.0], [1060.0, 8365.0], [1060.0, 8375.0], [1055.0, 8380.0], [1050.0, 8385.0], [1050.0, 8395.0], [1045.0, 8400.0], [1040.0, 8405.0], [1040.0, 8415.0], [1035.0, 8420.0], [1030.0, 8425.0], [1025.0, 8430.0], [1020.0, 8435.0], [1015.0, 8440.0], [1010.0, 8445.0], [1005.0, 8450.0], [1000.0, 8455.0], [995.0, 8460.0], [990.0, 8465.0], [985.0, 8470.0], [980.0, 8475.0], [975.0, 8480.0], [965.0, 8480.0], [960.0, 8485.0], [955.0, 8490.0], [945.0, 8490.0], [940.0, 8495.0], [935.0, 8500.0]]]}, "properties": {"objectType": "annotation", "name": "P3_1_T|peri", "classification": {"name": "peri", "color": [25, 158, 112]}, "lesion_id": 0, "section": "P3_1_T", "area_um2": 296450.0, "lesion_ids": [31, 33, 34]}}, {"type": "Feature", "geometry": {"type": "Polygon", "coordinates": [[[2545.0, 7720.0], [2535.0, 7720.0], [2525.0, 7720.0], [2515.0, 7720.0], [2505.0, 7720.0], [2495.0, 7720.0], [2485.0, 7720.0], [2475.0, 7720.0], [2465.0, 7720.0], [2455.0, 7720.0], [2445.0, 7720.0], [2440.0, 7715.0], [2435.0, 7710.0], [2425.0, 7710.0], [2415.0, 7710.0], [2410.0, 7705.0], [2405.0, 7700.0], [2395.0, 7700.0], [2390.0, 7695.0], [2385.0, 7690.0], [2375.0, 7690.0], [2370.0, 7685.0], [2365.0, 7680.0], [2355.0, 7680.0], [2350.0, 7675.0], [2345.0, 7670.0], [2340.0, 7665.0], [2335.0, 7660.0], [2330.0, 7655.0], [2325.0, 7650.0], [2320.0, 7645.0], [2315.0, 7640.0], [2310.0, 7635.0], [2305.0, 7630.0], [2300.0, 7625.0], [2295.0, 7620.0], [2290.0, 7615.0], [2290.0, 7605.0], [2285.0, 7600.0], [2280.0, 7595.0], [2280.0, 7585.0], [2275.0, 7580.0], [2270.0, 7575.0], [2270.0, 7565.0], [2270.0, 7555.0], [2270.0, 7545.0], [2270.0, 7535.0], [2270.0, 7525.0], [2270.0, 7515.0], [2270.0, 7505.0], [2270.0, 7495.0], [2270.0, 7485.0], [2270.0, 7475.0], [2270.0, 7465.0], [2275.0, 7460.0], [2280.0, 7455.0], [2280.0, 7445.0], [2285.0, 7440.0], [2290.0, 7435.0], [2290.0, 7425.0], [2295.0, 7420.0], [2300.0, 7415.0], [2300.0, 7405.0], [2305.0, 7400.0], [2310.0, 7395.0], [2315.0, 7390.0], [2320.0, 7385.0], [2325.0, 7380.0], [2330.0, 7375.0], [2335.0, 7370.0], [2340.0, 7365.0], [2345.0, 7360.0], [2350.0, 7355.0], [2355.0, 7350.0], [2360.0, 7345.0], [2365.0, 7340.0], [2375.0, 7340.0], [2380.0, 7335.0], [2385.0, 7330.0], [2395.0, 7330.0], [2400.0, 7325.0], [2405.0, 7320.0], [2415.0, 7320.0], [2420.0, 7315.0], [2425.0, 7310.0], [2435.0, 7310.0], [2445.0, 7310.0], [2455.0, 7310.0], [2465.0, 7310.0], [2475.0, 7310.0], [2485.0, 7310.0], [2495.0, 7310.0], [2505.0, 7310.0], [2515.0, 7310.0], [2525.0, 7310.0], [2535.0, 7310.0], [2545.0, 7310.0], [2550.0, 7315.0], [2555.0, 7320.0], [2565.0, 7320.0], [2570.0, 7325.0], [2575.0, 7330.0], [2585.0, 7330.0], [2595.0, 7330.0], [2605.0, 7330.0], [2615.0, 7330.0], [2625.0, 7330.0], [2630.0, 7335.0], [2635.0, 7340.0], [2645.0, 7340.0], [2650.0, 7345.0], [2655.0, 7350.0], [2665.0, 7350.0], [2670.0, 7355.0], [2670.0, 7365.0], [2670.0, 7375.0], [2670.0, 7385.0], [2670.0, 7395.0], [2675.0, 7400.0], [2680.0, 7405.0], [2675.0, 7410.0], [2670.0, 7415.0], [2665.0, 7420.0], [2660.0, 7425.0], [2655.0, 7430.0], [2650.0, 7435.0], [2650.0, 7445.0], [2650.0, 7455.0], [2645.0, 7460.0], [2640.0, 7465.0], [2635.0, 7470.0], [2625.0, 7470.0], [2620.0, 7475.0], [2615.0, 7480.0], [2610.0, 7485.0], [2615.0, 7490.0], [2620.0, 7495.0], [2615.0, 7500.0], [2610.0, 7505.0], [2605.0, 7510.0], [2600.0, 7505.0], [2595.0, 7500.0], [2590.0, 7495.0], [2585.0, 7490.0], [2580.0, 7485.0], [2575.0, 7480.0], [2565.0, 7480.0], [2555.0, 7480.0], [2545.0, 7480.0], [2540.0, 7485.0], [2535.0, 7490.0], [2530.0, 7485.0], [2525.0, 7480.0], [2515.0, 7480.0], [2510.0, 7475.0], [2505.0, 7470.0], [2500.0, 7465.0], [2495.0, 7460.0], [2485.0, 7460.0], [2475.0, 7460.0], [2470.0, 7465.0], [2465.0, 7470.0], [2455.0, 7470.0], [2450.0, 7475.0], [2445.0, 7480.0], [2440.0, 7485.0], [2435.0, 7490.0], [2430.0, 7495.0], [2430.0, 7505.0], [2425.0, 7510.0], [2420.0, 7515.0], [2420.0, 7525.0], [2425.0, 7530.0], [2430.0, 7535.0], [2435.0, 7540.0], [2440.0, 7545.0], [2445.0, 7550.0], [2455.0, 7550.0], [2460.0, 7555.0], [2465.0, 7560.0], [2475.0, 7560.0], [2485.0, 7560.0], [2490.0, 7565.0], [2495.0, 7570.0], [2500.0, 7565.0], [2505.0, 7560.0], [2510.0, 7555.0], [2515.0, 7550.0], [2525.0, 7550.0], [2535.0, 7550.0], [2545.0, 7550.0], [2555.0, 7550.0], [2560.0, 7555.0], [2565.0, 7560.0], [2575.0, 7560.0], [2580.0, 7555.0], [2585.0, 7550.0], [2590.0, 7545.0], [2595.0, 7540.0], [2600.0, 7545.0], [2600.0, 7555.0], [2595.0, 7560.0], [2590.0, 7565.0], [2590.0, 7575.0], [2590.0, 7585.0], [2595.0, 7590.0], [2600.0, 7595.0], [2600.0, 7605.0], [2605.0, 7610.0], [2610.0, 7615.0], [2605.0, 7620.0], [2600.0, 7625.0], [2600.0, 7635.0], [2600.0, 7645.0], [2600.0, 7655.0], [2595.0, 7660.0], [2590.0, 7665.0], [2590.0, 7675.0], [2590.0, 7685.0], [2590.0, 7695.0], [2590.0, 7705.0], [2585.0, 7710.0], [2575.0, 7710.0], [2565.0, 7710.0], [2555.0, 7710.0], [2550.0, 7715.0], [2545.0, 7720.0]]]}, "properties": {"objectType": "annotation", "name": "P3_1_T|peri_32", "classification": {"name": "peri", "color": [25, 158, 112]}, "lesion_id": 32, "section": "P3_1_T", "area_um2": 110850.0, "lesion_ids": [32]}}, {"type": "Feature", "geometry": {"type": "Polygon", "coordinates": [[[2625.0, 7700.0], [2615.0, 7700.0], [2610.0, 7695.0], [2610.0, 7685.0], [2610.0, 7675.0], [2615.0, 7670.0], [2620.0, 7665.0], [2620.0, 7655.0], [2620.0, 7645.0], [2625.0, 7640.0], [2630.0, 7635.0], [2635.0, 7630.0], [2640.0, 7625.0], [2640.0, 7615.0], [2635.0, 7610.0], [2630.0, 7605.0], [2630.0, 7595.0], [2625.0, 7590.0], [2620.0, 7585.0], [2620.0, 7575.0], [2620.0, 7565.0], [2620.0, 7555.0], [2620.0, 7545.0], [2625.0, 7540.0], [2630.0, 7535.0], [2630.0, 7525.0], [2630.0, 7515.0], [2635.0, 7510.0], [2640.0, 7505.0], [2640.0, 7495.0], [2645.0, 7490.0], [2650.0, 7485.0], [2655.0, 7480.0], [2660.0, 7475.0], [2665.0, 7470.0], [2670.0, 7465.0], [2670.0, 7455.0], [2670.0, 7445.0], [2675.0, 7440.0], [2680.0, 7435.0], [2685.0, 7430.0], [2690.0, 7425.0], [2695.0, 7420.0], [2705.0, 7420.0], [2715.0, 7420.0], [2720.0, 7425.0], [2725.0, 7430.0], [2730.0, 7435.0], [2730.0, 7445.0], [2735.0, 7450.0], [2740.0, 7455.0], [2740.0, 7465.0], [2740.0, 7475.0], [2740.0, 7485.0], [2740.0, 7495.0], [2740.0, 7505.0], [2740.0, 7515.0], [2735.0, 7520.0], [2730.0, 7525.0], [2725.0, 7530.0], [2720.0, 7535.0], [2720.0, 7545.0], [2720.0, 7555.0], [2720.0, 7565.0], [2725.0, 7570.0], [2730.0, 7575.0], [2735.0, 7580.0], [2740.0, 7585.0], [2735.0, 7590.0], [2730.0, 7595.0], [2730.0, 7605.0], [2725.0, 7610.0], [2720.0, 7615.0], [2720.0, 7625.0], [2715.0, 7630.0], [2710.0, 7635.0], [2705.0, 7640.0], [2700.0, 7645.0], [2695.0, 7650.0], [2690.0, 7655.0], [2685.0, 7660.0], [2680.0, 7665.0], [2675.0, 7670.0], [2670.0, 7675.0], [2665.0, 7680.0], [2655.0, 7680.0], [2650.0, 7685.0], [2645.0, 7690.0], [2635.0, 7690.0], [2630.0, 7695.0], [2625.0, 7700.0]]]}, "properties": {"objectType": "annotation", "name": "P3_1_T|peri_32", "classification": {"name": "peri", "color": [25, 158, 112]}, "lesion_id": 32, "section": "P3_1_T", "area_um2": 22450.0, "lesion_ids": [32]}}, {"type": "Feature", "geometry": {"type": "Polygon", "coordinates": [[[9285.0, 1210.0], [9275.0, 1210.0], [9265.0, 1210.0], [9260.0, 1205.0], [9255.0, 1200.0], [9250.0, 1195.0], [9245.0, 1190.0], [9240.0, 1195.0], [9235.0, 1200.0], [9230.0, 1195.0], [9225.0, 1190.0], [9215.0, 1190.0], [9205.0, 1190.0], [9200.0, 1185.0], [9195.0, 1180.0], [9185.0, 1180.0], [9175.0, 1180.0], [9165.0, 1180.0], [9160.0, 1175.0], [9155.0, 1170.0], [9145.0, 1170.0], [9135.0, 1170.0], [9130.0, 1165.0], [9125.0, 1160.0], [9115.0, 1160.0], [9110.0, 1155.0], [9105.0, 1150.0], [9100.0, 1145.0], [9100.0, 1135.0], [9100.0, 1125.0], [9100.0, 1115.0], [9100.0, 1105.0], [9095.0, 1100.0], [9090.0, 1095.0], [9090.0, 1085.0], [9085.0, 1080.0], [9080.0, 1075.0], [9080.0, 1065.0], [9085.0, 1060.0], [9095.0, 1060.0], [9105.0, 1060.0], [9110.0, 1065.0], [9115.0, 1070.0], [9125.0, 1070.0], [9135.0, 1070.0], [9140.0, 1075.0], [9145.0, 1080.0], [9155.0, 1080.0], [9160.0, 1085.0], [9165.0, 1090.0], [9175.0, 1090.0], [9180.0, 1095.0], [9185.0, 1100.0], [9195.0, 1100.0], [9205.0, 1100.0], [9210.0, 1105.0], [9215.0, 1110.0], [9225.0, 1110.0], [9235.0, 1110.0], [9245.0, 1110.0], [9250.0, 1115.0], [9255.0, 1120.0], [9265.0, 1120.0], [9275.0, 1120.0], [9280.0, 1125.0], [9285.0, 1130.0], [9295.0, 1130.0], [9305.0, 1130.0], [9315.0, 1130.0], [9320.0, 1135.0], [9325.0, 1140.0], [9335.0, 1140.0], [9345.0, 1140.0], [9355.0, 1140.0], [9365.0, 1140.0], [9370.0, 1145.0], [9365.0, 1150.0], [9355.0, 1150.0], [9350.0, 1155.0], [9345.0, 1160.0], [9335.0, 1160.0], [9330.0, 1165.0], [9325.0, 1170.0], [9320.0, 1175.0], [9315.0, 1180.0], [9310.0, 1185.0], [9305.0, 1190.0], [9300.0, 1195.0], [9295.0, 1200.0], [9290.0, 1205.0], [9285.0, 1210.0]]]}, "properties": {"objectType": "annotation", "name": "deep", "classification": {"name": "deep", "color": [144, 133, 233]}, "lesion_id": 0, "section": null, "area_um2": 19750.0, "lesion_ids": [1, 4]}}, {"type": "Feature", "geometry": {"type": "Polygon", "coordinates": [[[6065.0, 1290.0], [6060.0, 1285.0], [6060.0, 1275.0], [6060.0, 1265.0], [6055.0, 1260.0], [6050.0, 1255.0], [6050.0, 1245.0], [6050.0, 1235.0], [6050.0, 1225.0], [6055.0, 1220.0], [6060.0, 1215.0], [6060.0, 1205.0], [6060.0, 1195.0], [6065.0, 1190.0], [6070.0, 1185.0], [6070.0, 1175.0], [6075.0, 1170.0], [6080.0, 1165.0], [6085.0, 1160.0], [6090.0, 1155.0], [6095.0, 1150.0], [6100.0, 1145.0], [6105.0, 1140.0], [6115.0, 1140.0], [6120.0, 1135.0], [6125.0, 1130.0], [6130.0, 1125.0], [6135.0, 1120.0], [6145.0, 1120.0], [6155.0, 1120.0], [6160.0, 1115.0], [6165.0, 1110.0], [6175.0, 1110.0], [6185.0, 1110.0], [6195.0, 1110.0], [6205.0, 1110.0], [6215.0, 1110.0], [6225.0, 1110.0], [6235.0, 1110.0], [6240.0, 1105.0], [6245.0, 1100.0], [6255.0, 1100.0], [6265.0, 1100.0], [6270.0, 1095.0], [6275.0, 1090.0], [6285.0, 1090.0], [6295.0, 1090.0], [6300.0, 1095.0], [6305.0, 1100.0], [6315.0, 1100.0], [6325.0, 1100.0], [6330.0, 1105.0], [6335.0, 1110.0], [6345.0, 1110.0], [6350.0, 1115.0], [6345.0, 1120.0], [6340.0, 1125.0], [6335.0, 1130.0], [6330.0, 1135.0], [6325.0, 1140.0], [6320.0, 1145.0], [6320.0, 1155.0], [6315.0, 1160.0], [6310.0, 1165.0], [6305.0, 1170.0], [6295.0, 1170.0], [6285.0, 1170.0], [6275.0, 1170.0], [6270.0, 1175.0], [6265.0, 1180.0], [6260.0, 1185.0], [6255.0, 1190.0], [6245.0, 1190.0], [6240.0, 1195.0], [6235.0, 1200.0], [6225.0, 1200.0], [6215.0, 1200.0], [6210.0, 1195.0], [6205.0, 1190.0], [6195.0, 1190.0], [6190.0, 1185.0], [6185.0, 1180.0], [6180.0, 1185.0], [6175.0, 1190.0], [6170.0, 1195.0], [6165.0, 1200.0], [6155.0, 1200.0], [6145.0, 1200.0], [6140.0, 1205.0], [6135.0, 1210.0], [6130.0, 1215.0], [6130.0, 1225.0], [6130.0, 1235.0], [6125.0, 1240.0], [6120.0, 1245.0], [6115.0, 1250.0], [6110.0, 1255.0], [6105.0, 1260.0], [6100.0, 1265.0], [6095.0, 1270.0], [6085.0, 1270.0], [6080.0, 1275.0], [6075.0, 1280.0], [6070.0, 1285.0], [6065.0, 1290.0]]]}, "properties": {"objectType": "annotation", "name": "P3_1_C|deep_5", "classification": {"name": "deep", "color": [144, 133, 233]}, "lesion_id": 5, "section": "P3_1_C", "area_um2": 24350.0, "lesion_ids": [5]}}, {"type": "Feature", "geometry": {"type": "Polygon", "coordinates": [[[8205.0, 1560.0], [8200.0, 1555.0], [8200.0, 1545.0], [8200.0, 1535.0], [8200.0, 1525.0], [8195.0, 1520.0], [8190.0, 1515.0], [8190.0, 1505.0], [8185.0, 1500.0], [8180.0, 1495.0], [8180.0, 1485.0], [8180.0, 1475.0], [8175.0, 1470.0], [8170.0, 1465.0], [8170.0, 1455.0], [8170.0, 1445.0], [8170.0, 1435.0], [8170.0, 1425.0], [8170.0, 1415.0], [8170.0, 1405.0], [8170.0, 1395.0], [8170.0, 1385.0], [8170.0, 1375.0], [8170.0, 1365.0], [8170.0, 1355.0], [8170.0, 1345.0], [8165.0, 1340.0], [8160.0, 1335.0], [8160.0, 1325.0], [8160.0, 1315.0], [8155.0, 1310.0], [8150.0, 1305.0], [8150.0, 1295.0], [8150.0, 1285.0], [8155.0, 1280.0], [8160.0, 1275.0], [8165.0, 1270.0], [8170.0, 1265.0], [8175.0, 1260.0], [8180.0, 1255.0], [8185.0, 1250.0], [8190.0, 1245.0], [8195.0, 1240.0], [8200.0, 1235.0], [8200.0, 1225.0], [8205.0, 1220.0], [8210.0, 1215.0], [8215.0, 1210.0], [8220.0, 1205.0], [8225.0, 1200.0], [8230.0, 1195.0], [8235.0, 1190.0], [8245.0, 1190.0], [8255.0, 1190.0], [8265.0, 1190.0], [8275.0, 1190.0], [8285.0, 1190.0], [8295.0, 1190.0], [8300.0, 1185.0], [8305.0, 1180.0], [8310.0, 1175.0], [8315.0, 1170.0], [8320.0, 1165.0], [8325.0, 1160.0], [8335.0, 1160.0], [8340.0, 1155.0], [8345.0, 1150.0], [8355.0, 1150.0], [8360.0, 1145.0], [8365.0, 1140.0], [8375.0, 1140.0], [8385.0, 1140.0], [8395.0, 1140.0], [8405.0, 1140.0], [8415.0, 1140.0], [8425.0, 1140.0], [8435.0, 1140.0], [8440.0, 1145.0], [8445.0, 1150.0], [8455.0, 1150.0], [8465.0, 1150.0], [8475.0, 1150.0], [8485.0, 1150.0], [8495.0, 1150.0], [8505.0, 1150.0], [8510.0, 1145.0], [8515.0, 1140.0], [8525.0, 1140.0], [8535.0, 1140.0], [8545.0, 1140.0], [8550.0, 1145.0], [8555.0, 1150.0], [8565.0, 1150.0], [8570.0, 1155.0], [8570.0, 1165.0], [8570.0, 1175.0], [8565.0, 1180.0], [8560.0, 1185.0], [8565.0, 1190.0], [8570.0, 1195.0], [8570.0, 1205.0], [8570.0, 1215.0], [8565.0, 1220.0], [8555.0, 1220.0], [8550.0, 1215.0], [8545.0, 1210.0], [8540.0, 1205.0], [8535.0, 1200.0], [8530.0, 1195.0], [8525.0, 1190.0], [8520.0, 1195.0], [8515.0, 1200.0], [8510.0, 1205.0], [8505.0, 1210.0], [8500.0, 1215.0], [8495.0, 1220.0], [8485.0, 1220.0], [8475.0, 1220.0], [8470.0, 1225.0], [8465.0, 1230.0], [8460.0, 1225.0], [8455.0, 1220.0], [8445.0, 1220.0], [8435.0, 1220.0], [8430.0, 1215.0], [8425.0, 1210.0], [8420.0, 1215.0], [8415.0, 1220.0], [8405.0, 1220.0], [8395.0, 1220.0], [8390.0, 1215.0], [8385.0, 1210.0], [8375.0, 1210.0], [8370.0, 1215.0], [8370.0, 1225.0], [8365.0, 1230.0], [8360.0, 1225.0], [8355.0, 1220.0], [8345.0, 1220.0], [8340.0, 1225.0], [8345.0, 1230.0], [8350.0, 1235.0], [8345.0, 1240.0], [8340.0, 1245.0], [8335.0, 1250.0], [8330.0, 1255.0], [8325.0, 1260.0], [8320.0, 1265.0], [8315.0, 1270.0], [8305.0, 1270.0], [8295.0, 1270.0], [8285.0, 1270.0], [8280.0, 1265.0], [8275.0, 1260.0], [8270.0, 1255.0], [8265.0, 1250.0], [8260.0, 1255.0], [8255.0, 1260.0], [8250.0, 1265.0], [8245.0, 1270.0], [8240.0, 1275.0], [8235.0, 1280.0], [8230.0, 1285.0], [8225.0, 1290.0], [8220.0, 1295.0], [8225.0, 1300.0], [8230.0, 1305.0], [8235.0, 1310.0], [8240.0, 1315.0], [8245.0, 1320.0], [8255.0, 1320.0], [8265.0, 1320.0], [8270.0, 1325.0], [8265.0, 1330.0], [8260.0, 1335.0], [8255.0, 1340.0], [8250.0, 1345.0], [8255.0, 1350.0], [8260.0, 1355.0], [8255.0, 1360.0], [8250.0, 1365.0], [8250.0, 1375.0], [8250.0, 1385.0], [8245.0, 1390.0], [8240.0, 1395.0], [8240.0, 1405.0], [8235.0, 1410.0], [8230.0, 1415.0], [8230.0, 1425.0], [8225.0, 1430.0], [8220.0, 1435.0], [8220.0, 1445.0], [8215.0, 1450.0], [8210.0, 1455.0], [8210.0, 1465.0], [8210.0, 1475.0], [8210.0, 1485.0], [8210.0, 1495.0], [8205.0, 1500.0], [8200.0, 1505.0], [8205.0, 1510.0], [8210.0, 1515.0], [8210.0, 1525.0], [8210.0, 1535.0], [8210.0, 1545.0], [8210.0, 1555.0], [8205.0, 1560.0]]]}, "properties": {"objectType": "annotation", "name": "R1_2_T|deep", "classification": {"name": "deep", "color": [144, 133, 233]}, "lesion_id": 0, "section": "R1_2_T", "area_um2": 43750.0, "lesion_ids": [1, 6]}}, {"type": "Feature", "geometry": {"type": "Polygon", "coordinates": [[[8295.0, 3690.0], [8290.0, 3685.0], [8285.0, 3680.0], [8280.0, 3675.0], [8275.0, 3670.0], [8265.0, 3670.0], [8260.0, 3665.0], [8255.0, 3660.0], [8245.0, 3660.0], [8240.0, 3655.0], [8235.0, 3650.0], [8225.0, 3650.0], [8215.0, 3650.0], [8205.0, 3650.0], [8195.0, 3650.0], [8185.0, 3650.0], [8180.0, 3645.0], [8175.0, 3640.0], [8165.0, 3640.0], [8160.0, 3635.0], [8155.0, 3630.0], [8150.0, 3625.0], [8150.0, 3615.0], [8145.0, 3610.0], [8140.0, 3605.0], [8135.0, 3600.0], [8130.0, 3595.0], [8130.0, 3585.0], [8135.0, 3580.0], [8145.0, 3580.0], [8155.0, 3580.0], [8160.0, 3575.0], [8165.0, 3570.0], [8175.0, 3570.0], [8180.0, 3565.0], [8185.0, 3560.0], [8190.0, 3555.0], [8195.0, 3550.0], [8205.0, 3550.0], [8210.0, 3545.0], [8215.0, 3540.0], [8220.0, 3535.0], [8225.0, 3530.0], [8230.0, 3525.0], [8235.0, 3520.0], [8240.0, 3515.0], [8245.0, 3510.0], [8250.0, 3505.0], [8250.0, 3495.0], [8255.0, 3490.0], [8260.0, 3485.0], [8265.0, 3480.0], [8270.0, 3475.0], [8270.0, 3465.0], [8275.0, 3460.0], [8280.0, 3455.0], [8285.0, 3450.0], [8290.0, 3445.0], [8290.0, 3435.0], [8295.0, 3430.0], [8300.0, 3425.0], [8305.0, 3420.0], [8310.0, 3415.0], [8310.0, 3405.0], [8315.0, 3400.0], [8320.0, 3395.0], [8320.0, 3385.0], [8320.0, 3375.0], [8325.0, 3370.0], [8330.0, 3365.0], [8330.0, 3355.0], [8330.0, 3345.0], [8330.0, 3335.0], [8330.0, 3325.0], [8330.0, 3315.0], [8330.0, 3305.0], [8330.0, 3295.0], [8330.0, 3285.0], [8330.0, 3275.0], [8325.0, 3270.0], [8320.0, 3265.0], [8320.0, 3255.0], [8320.0, 3245.0], [8315.0, 3240.0], [8310.0, 3235.0], [8315.0, 3230.0], [8320.0, 3225.0], [8320.0, 3215.0], [8325.0, 3210.0], [8330.0, 3205.0], [8330.0, 3195.0], [8330.0, 3185.0], [8335.0, 3180.0], [8340.0, 3175.0], [8340.0, 3165.0], [8340.0, 3155.0], [8340.0, 3145.0], [8340.0, 3135.0], [8340.0, 3125.0], [8340.0, 3115.0], [8340.0, 3105.0], [8340.0, 3095.0], [8340.0, 3085.0], [8340.0, 3075.0], [8335.0, 3070.0], [8330.0, 3065.0], [8330.0, 3055.0], [8330.0, 3045.0], [8325.0, 3040.0], [8320.0, 3035.0], [8320.0, 3025.0], [8315.0, 3020.0], [8310.0, 3015.0], [8305.0, 3010.0], [8300.0, 3005.0], [8300.0, 2995.0], [8295.0, 2990.0], [8290.0, 2985.0], [8285.0, 2980.0], [8280.0, 2975.0], [8275.0, 2970.0], [8270.0, 2965.0], [8265.0, 2960.0], [8260.0, 2955.0], [8265.0, 2950.0], [8270.0, 2945.0], [8275.0, 2940.0], [8285.0, 2940.0], [8295.0, 2940.0], [8300.0, 2935.0], [8305.0, 2930.0], [8315.0, 2930.0], [8320.0, 2925.0], [8325.0, 2920.0], [8330.0, 2915.0], [8335.0, 2910.0], [8345.0, 2910.0], [8355.0, 2910.0], [8365.0, 2910.0], [8375.0, 2910.0], [8385.0, 2910.0], [8390.0, 2905.0], [8395.0, 2900.0], [8405.0, 2900.0], [8415.0, 2900.0], [8420.0, 2895.0], [8425.0, 2890.0], [8435.0, 2890.0], [8440.0, 2885.0], [8445.0, 2880.0], [8450.0, 2875.0], [8455.0, 2870.0], [8465.0, 2870.0], [8470.0, 2865.0], [8475.0, 2860.0], [8480.0, 2855.0], [8485.0, 2850.0], [8490.0, 2845.0], [8495.0, 2840.0], [8500.0, 2835.0], [8505.0, 2830.0], [8510.0, 2825.0], [8510.0, 2815.0], [8515.0, 2810.0], [8520.0, 2805.0], [8525.0, 2800.0], [8530.0, 2795.0], [8530.0, 2785.0], [8535.0, 2780.0], [8540.0, 2775.0], [8540.0, 2765.0], [8540.0, 2755.0], [8545.0, 2750.0], [8550.0, 2745.0], [8550.0, 2735.0], [8550.0, 2725.0], [8550.0, 2715.0], [8555.0, 2710.0], [8560.0, 2715.0], [8565.0, 2720.0], [8575.0, 2720.0], [8585.0, 2720.0], [8595.0, 2720.0], [8605.0, 2720.0], [8615.0, 2720.0], [8625.0, 2720.0], [8635.0, 2720.0], [8645.0, 2720.0], [8655.0, 2720.0], [8665.0, 2720.0], [8675.0, 2720.0], [8685.0, 2720.0], [8690.0, 2715.0], [8695.0, 2710.0], [8705.0, 2710.0], [8715.0, 2710.0], [8720.0, 2705.0], [8725.0, 2700.0], [8735.0, 2700.0], [8740.0, 2695.0], [8745.0, 2690.0], [8750.0, 2685.0], [8755.0, 2680.0], [8765.0, 2680.0], [8770.0, 2675.0], [8775.0, 2670.0], [8780.0, 2665.0], [8785.0, 2660.0], [8790.0, 2655.0], [8795.0, 2650.0], [8800.0, 2645.0], [8805.0, 2640.0], [8810.0, 2635.0], [8815.0, 2630.0], [8820.0, 2625.0], [8820.0, 2615.0], [8825.0, 2610.0], [8830.0, 2605.0], [8835.0, 2600.0], [8840.0, 2595.0], [8840.0, 2585.0], [8845.0, 2580.0], [8850.0, 2575.0], [8850.0, 2565.0], [8850.0, 2555.0], [8855.0, 2550.0], [8860.0, 2545.0], [8860.0, 2535.0], [8860.0, 2525.0], [8860.0, 2515.0], [8860.0, 2505.0], [8860.0, 2495.0], [8860.0, 2485.0], [8860.0, 2475.0], [8860.0, 2465.0], [8855.0, 2460.0], [8850.0, 2455.0], [8850.0, 2445.0], [8855.0, 2440.0], [8860.0, 2435.0], [8865.0, 2430.0], [8870.0, 2425.0], [8870.0, 2415.0], [8875.0, 2410.0], [8880.0, 2405.0], [8880.0, 2395.0], [8880.0, 2385.0], [8885.0, 2380.0], [8890.0, 2375.0], [8890.0, 2365.0], [8890.0, 2355.0], [8890.0, 2345.0], [8890.0, 2335.0], [8890.0, 2325.0], [8890.0, 2315.0], [8890.0, 2305.0], [8890.0, 2295.0], [8890.0, 2285.0], [8885.0, 2280.0], [8880.0, 2275.0], [8880.0, 2265.0], [8880.0, 2255.0], [8875.0, 2250.0], [8870.0, 2245.0], [8870.0, 2235.0], [8865.0, 2230.0], [8860.0, 2225.0], [8855.0, 2220.0], [8850.0, 2215.0], [8850.0, 2205.0], [8845.0, 2200.0], [8840.0, 2195.0], [8835.0, 2190.0], [8830.0, 2185.0], [8825.0, 2180.0], [8820.0, 2175.0], [8815.0, 2170.0], [8810.0, 2165.0], [8805.0, 2160.0], [8795.0, 2160.0], [8790.0, 2155.0], [8785.0, 2150.0], [8780.0, 2145.0], [8775.0, 2140.0], [8765.0, 2140.0], [8760.0, 2135.0], [8755.0, 2130.0], [8745.0, 2130.0], [8735.0, 2130.0], [8730.0, 2125.0], [8725.0, 2120.0], [8715.0, 2120.0], [8705.0, 2120.0], [8695.0, 2120.0], [8685.0, 2120.0], [8680.0, 2115.0], [8685.0, 2110.0], [8690.0, 2105.0], [8690.0, 2095.0], [8695.0, 2090.0], [8700.0, 2085.0], [8700.0, 2075.0], [8700.0, 2065.0], [8705.0, 2060.0], [8710.0, 2055.0], [8710.0, 2045.0], [8710.0, 2035.0], [8710.0, 2025.0], [8710.0, 2015.0], [8710.0, 2005.0], [8710.0, 1995.0], [8710.0, 1985.0], [8710.0, 1975.0], [8710.0, 1965.0], [8710.0, 1955.0], [8710.0, 1945.0], [8710.0, 1935.0], [8710.0, 1925.0], [8705.0, 1920.0], [8700.0, 1915.0], [8700.0, 1905.0], [8700.0, 1895.0], [8695.0, 1890.0], [8690.0, 1885.0], [8690.0, 1875.0], [8685.0, 1870.0], [8680.0, 1865.0], [8675.0, 1860.0], [8670.0, 1855.0], [8670.0, 1845.0], [8670.0, 1835.0], [8675.0, 1830.0], [8680.0, 1825.0], [8685.0, 1820.0], [8690.0, 1815.0], [8695.0, 1810.0], [8700.0, 1805.0], [8705.0, 1800.0], [8710.0, 1795.0], [8710.0, 1785.0], [8715.0, 1780.0], [8720.0, 1775.0], [8725.0, 1770.0], [8730.0, 1765.0], [8730.0, 1755.0], [8735.0, 1750.0], [8740.0, 1745.0], [8740.0, 1735.0], [8745.0, 1730.0], [8750.0, 1725.0], [8750.0, 1715.0], [8755.0, 1710.0], [8760.0, 1705.0], [8760.0, 1695.0], [8760.0, 1685.0], [8765.0, 1680.0], [8770.0, 1675.0], [8770.0, 1665.0], [8770.0, 1655.0], [8770.0, 1645.0], [8770.0, 1635.0], [8770.0, 1625.0], [8770.0, 1615.0], [8770.0, 1605.0], [8770.0, 1595.0], [8770.0, 1585.0], [8770.0, 1575.0], [8770.0, 1565.0], [8770.0, 1555.0], [8765.0, 1550.0], [8760.0, 1545.0], [8760.0, 1535.0], [8760.0, 1525.0], [8765.0, 1520.0], [8770.0, 1515.0], [8775.0, 1510.0], [8780.0, 1515.0], [8785.0, 1520.0], [8795.0, 1520.0], [8805.0, 1520.0], [8815.0, 1520.0], [8825.0, 1520.0], [8835.0, 1520.0], [8845.0, 1520.0], [8855.0, 1520.0], [8865.0, 1520.0], [8870.0, 1515.0], [8875.0, 1510.0], [8885.0, 1510.0], [8895.0, 1510.0], [8900.0, 1505.0], [8905.0, 1500.0], [8915.0, 1500.0], [8920.0, 1495.0], [8925.0, 1490.0], [8930.0, 1485.0], [8935.0, 1480.0], [8945.0, 1480.0], [8950.0, 1475.0], [8955.0, 1470.0], [8960.0, 1465.0], [8965.0, 1460.0], [8970.0, 1455.0], [8975.0, 1450.0], [8980.0, 1445.0], [8985.0, 1440.0], [8990.0, 1435.0], [8990.0, 1425.0], [8995.0, 1420.0], [9000.0, 1415.0], [9005.0, 1410.0], [9010.0, 1405.0], [9010.0, 1395.0], [9015.0, 1390.0], [9020.0, 1385.0], [9020.0, 1375.0], [9020.0, 1365.0], [9025.0, 1360.0], [9030.0, 1355.0], [9035.0, 1350.0], [9040.0, 1345.0], [9045.0, 1340.0], [9055.0, 1340.0], [9060.0, 1335.0], [9065.0, 1330.0], [9070.0, 1325.0], [9075.0, 1320.0], [9080.0, 1315.0], [9085.0, 1310.0], [9090.0, 1305.0], [9095.0, 1300.0], [9100.0, 1295.0], [9100.0, 1285.0], [9105.0, 1280.0], [9110.0, 1275.0], [9115.0, 1270.0], [9120.0, 1265.0], [9120.0, 1255.0], [9125.0, 1250.0], [9130.0, 1245.0], [9130.0, 1235.0], [9130.0, 1225.0], [9135.0, 1220.0], [9140.0, 1215.0], [9140.0, 1205.0], [9140.0, 1195.0], [9145.0, 1190.0], [9150.0, 1195.0], [9155.0, 1200.0], [9165.0, 1200.0], [9175.0, 1200.0], [9185.0, 1200.0], [9190.0, 1205.0], [9195.0, 1210.0], [9205.0, 1210.0], [9215.0, 1210.0], [9220.0, 1215.0], [9225.0, 1220.0], [9235.0, 1220.0], [9240.0, 1225.0], [9235.0, 1230.0], [9230.0, 1235.0], [9230.0, 1245.0], [9230.0, 1255.0], [9225.0, 1260.0], [9220.0, 1265.0], [9220.0, 1275.0], [9220.0, 1285.0], [9220.0, 1295.0], [9220.0, 1305.0], [9220.0, 1315.0], [9220.0, 1325.0], [9220.0, 1335.0], [9220.0, 1345.0], [9220.0, 1355.0], [9220.0, 1365.0], [9220.0, 1375.0], [9220.0, 1385.0], [9220.0, 1395.0], [9220.0, 1405.0], [9220.0, 1415.0], [9220.0, 1425.0], [9220.0, 1435.0], [9220.0, 1445.0], [9220.0, 1455.0], [9225.0, 1460.0], [9230.0, 1465.0], [9230.0, 1475.0], [9230.0, 1485.0], [9235.0, 1490.0], [9240.0, 1495.0], [9240.0, 1505.0], [9245.0, 1510.0], [9250.0, 1515.0], [9250.0, 1525.0], [9250.0, 1535.0], [9250.0, 1545.0], [9250.0, 1555.0], [9250.0, 1565.0], [9250.0, 1575.0], [9250.0, 1585.0], [9250.0, 1595.0], [9250.0, 1605.0], [9250.0, 1615.0], [9250.0, 1625.0], [9250.0, 1635.0], [9250.0, 1645.0], [9250.0, 1655.0], [9250.0, 1665.0], [9250.0, 1675.0], [9255.0, 1680.0], [9260.0, 1685.0], [9260.0, 1695.0], [9260.0, 1705.0], [9265.0, 1710.0], [9270.0, 1715.0], [9270.0, 1725.0], [9275.0, 1730.0], [9280.0, 1735.0], [9285.0, 1740.0], [9290.0, 1745.0], [9290.0, 1755.0], [9295.0, 1760.0], [9300.0, 1765.0], [9305.0, 1770.0], [9310.0, 1775.0], [9315.0, 1780.0], [9320.0, 1785.0], [9325.0, 1790.0], [9330.0, 1795.0], [9335.0, 1800.0], [9345.0, 1800.0], [9350.0, 1805.0], [9355.0, 1810.0], [9360.0, 1815.0], [9365.0, 1820.0], [9375.0, 1820.0], [9380.0, 1825.0], [9385.0, 1830.0], [9395.0, 1830.0], [9405.0, 1830.0], [9410.0, 1835.0], [9415.0, 1840.0], [9425.0, 1840.0], [9435.0, 1840.0], [9445.0, 1840.0], [9455.0, 1840.0], [9465.0, 1840.0], [9475.0, 1840.0], [9485.0, 1840.0], [9495.0, 1840.0], [9505.0, 1840.0], [9515.0, 1840.0], [9525.0, 1840.0], [9530.0, 1835.0], [9535.0, 1830.0], [9545.0, 1830.0], [9555.0, 1830.0], [9565.0, 1830.0], [9575.0, 1830.0], [9585.0, 1830.0], [9595.0, 1830.0], [9605.0, 1830.0], [9615.0, 1830.0], [9625.0, 1830.0], [9635.0, 1830.0], [9640.0, 1825.0], [9645.0, 1820.0], [9655.0, 1820.0], [9665.0, 1820.0], [9670.0, 1815.0], [9675.0, 1810.0], [9685.0, 1810.0], [9695.0, 1810.0], [9700.0, 1805.0], [9705.0, 1800.0], [9715.0, 1800.0], [9725.0, 1800.0], [9730.0, 1795.0], [9735.0, 1790.0], [9745.0, 1790.0], [9750.0, 1785.0], [9755.0, 1780.0], [9760.0, 1775.0], [9765.0, 1770.0], [9775.0, 1770.0], [9780.0, 1765.0], [9785.0, 1760.0], [9790.0, 1755.0], [9795.0, 1750.0], [9800.0, 1745.0], [9805.0, 1740.0], [9810.0, 1735.0], [9815.0, 1730.0], [9820.0, 1725.0], [9820.0, 1715.0], [9825.0, 1710.0], [9830.0, 1705.0], [9835.0, 1700.0], [9840.0, 1695.0], [9840.0, 1685.0], [9845.0, 1680.0], [9850.0, 1675.0], [9855.0, 1670.0], [9860.0, 1665.0], [9865.0, 1660.0], [9870.0, 1655.0], [9875.0, 1650.0], [9880.0, 1645.0], [9880.0, 1635.0], [9885.0, 1630.0], [9890.0, 1625.0], [9895.0, 1620.0], [9905.0, 1620.0], [9910.0, 1625.0], [9915.0, 1630.0], [9920.0, 1635.0], [9925.0, 1640.0], [9930.0, 1645.0], [9930.0, 1655.0], [9930.0, 1665.0], [9935.0, 1670.0], [9940.0, 1675.0], [9945.0, 1680.0], [9950.0, 1685.0], [9955.0, 1690.0], [9965.0, 1690.0], [9970.0, 1695.0], [9975.0, 1700.0], [9980.0, 1705.0], [9980.0, 1715.0], [9975.0, 1720.0], [9965.0, 1720.0], [9955.0, 1720.0], [9945.0, 1720.0], [9940.0, 1725.0], [9935.0, 1730.0], [9925.0, 1730.0], [9915.0, 1730.0], [9910.0, 1735.0], [9905.0, 1740.0], [9895.0, 1740.0], [9890.0, 1745.0], [9885.0, 1750.0], [9880.0, 1755.0], [9875.0, 1760.0], [9865.0, 1760.0], [9860.0, 1765.0], [9855.0, 1770.0], [9850.0, 1775.0], [9845.0, 1780.0], [9840.0, 1785.0], [9835.0, 1790.0], [9830.0, 1795.0], [9825.0, 1800.0], [9820.0, 1805.0], [9820.0, 1815.0], [9815.0, 1820.0], [9810.0, 1825.0], [9805.0, 1830.0], [9800.0, 1835.0], [9795.0, 1840.0], [9790.0, 1845.0], [9790.0, 1855.0], [9785.0, 1860.0], [9780.0, 1865.0], [9775.0, 1870.0], [9770.0, 1875.0], [9770.0, 1885.0], [9765.0, 1890.0], [9760.0, 1895.0], [9760.0, 1905.0], [9760.0, 1915.0], [9755.0, 1920.0], [9750.0, 1925.0], [9750.0, 1935.0], [9750.0, 1945.0], [9750.0, 1955.0], [9750.0, 1965.0], [9750.0, 1975.0], [9750.0, 1985.0], [9750.0, 1995.0], [9750.0, 2005.0], [9750.0, 2015.0], [9750.0, 2025.0], [9750.0, 2035.0], [9755.0, 2040.0], [9760.0, 2045.0], [9760.0, 2055.0], [9760.0, 2065.0], [9765.0, 2070.0], [9770.0, 2075.0], [9770.0, 2085.0], [9770.0, 2095.0], [9765.0, 2100.0], [9760.0, 2105.0], [9760.0, 2115.0], [9760.0, 2125.0], [9755.0, 2130.0], [9750.0, 2135.0], [9750.0, 2145.0], [9750.0, 2155.0], [9750.0, 2165.0], [9750.0, 2175.0], [9750.0, 2185.0], [9750.0, 2195.0], [9750.0, 2205.0], [9750.0, 2215.0], [9755.0, 2220.0], [9760.0, 2225.0], [9760.0, 2235.0], [9760.0, 2245.0], [9760.0, 2255.0], [9755.0, 2260.0], [9750.0, 2265.0], [9745.0, 2270.0], [9740.0, 2275.0], [9735.0, 2280.0], [9725.0, 2280.0], [9720.0, 2285.0], [9715.0, 2290.0], [9710.0, 2295.0], [9705.0, 2300.0], [9700.0, 2305.0], [9695.0, 2310.0], [9690.0, 2315.0], [9685.0, 2320.0], [9680.0, 2325.0], [9675.0, 2330.0], [9670.0, 2335.0], [9665.0, 2340.0], [9660.0, 2345.0], [9655.0, 2350.0], [9650.0, 2355.0], [9645.0, 2360.0], [9640.0, 2365.0], [9635.0, 2370.0], [9630.0, 2375.0], [9625.0, 2380.0], [9620.0, 2385.0], [9615.0, 2390.0], [9605.0, 2390.0], [9600.0, 2395.0], [9595.0, 2400.0], [9590.0, 2405.0], [9585.0, 2410.0], [9580.0, 2415.0], [9575.0, 2420.0], [9570.0, 2425.0], [9565.0, 2430.0], [9560.0, 2435.0], [9560.0, 2445.0], [9555.0, 2450.0], [9550.0, 2455.0], [9545.0, 2460.0], [9540.0, 2465.0], [9540.0, 2475.0], [9535.0, 2480.0], [9530.0, 2485.0], [9530.0, 2495.0], [9530.0, 2505.0], [9525.0, 2510.0], [9520.0, 2515.0], [9520.0, 2525.0], [9520.0, 2535.0], [9520.0, 2545.0], [9520.0, 2555.0], [9520.0, 2565.0], [9520.0, 2575.0], [9520.0, 2585.0], [9520.0, 2595.0], [9520.0, 2605.0], [9525.0, 2610.0], [9530.0, 2615.0], [9530.0, 2625.0], [9530.0, 2635.0], [9535.0, 2640.0], [9540.0, 2645.0], [9540.0, 2655.0], [9545.0, 2660.0], [9550.0, 2665.0], [9555.0, 2670.0], [9560.0, 2675.0], [9560.0, 2685.0], [9565.0, 2690.0], [9570.0, 2695.0], [9575.0, 2700.0], [9580.0, 2705.0], [9585.0, 2710.0], [9590.0, 2715.0], [9590.0, 2725.0], [9590.0, 2735.0], [9595.0, 2740.0], [9600.0, 2745.0], [9600.0, 2755.0], [9600.0, 2765.0], [9605.0, 2770.0], [9610.0, 2775.0], [9610.0, 2785.0], [9610.0, 2795.0], [9610.0, 2805.0], [9615.0, 2810.0], [9620.0, 2815.0], [9620.0, 2825.0], [9620.0, 2835.0], [9620.0, 2845.0], [9620.0, 2855.0], [9620.0, 2865.0], [9620.0, 2875.0], [9620.0, 2885.0], [9625.0, 2890.0], [9630.0, 2895.0], [9630.0, 2905.0], [9630.0, 2915.0], [9635.0, 2920.0], [9640.0, 2925.0], [9640.0, 2935.0], [9645.0, 2940.0], [9650.0, 2945.0], [9655.0, 2950.0], [9660.0, 2955.0], [9660.0, 2965.0], [9665.0, 2970.0], [9670.0, 2975.0], [9675.0, 2980.0], [9680.0, 2985.0], [9685.0, 2990.0], [9690.0, 2995.0], [9695.0, 3000.0], [9700.0, 3005.0], [9705.0, 3010.0], [9710.0, 3015.0], [9715.0, 3020.0], [9720.0, 3025.0], [9725.0, 3030.0], [9735.0, 3030.0], [9740.0, 3035.0], [9745.0, 3040.0], [9750.0, 3045.0], [9750.0, 3055.0], [9750.0, 3065.0], [9750.0, 3075.0], [9750.0, 3085.0], [9750.0, 3095.0], [9750.0, 3105.0], [9750.0, 3115.0], [9755.0, 3120.0], [9760.0, 3125.0], [9760.0, 3135.0], [9760.0, 3145.0], [9765.0, 3150.0], [9770.0, 3155.0], [9770.0, 3165.0], [9765.0, 3170.0], [9755.0, 3170.0], [9745.0, 3170.0], [9740.0, 3175.0], [9735.0, 3180.0], [9725.0, 3180.0], [9715.0, 3180.0], [9705.0, 3180.0], [9700.0, 3185.0], [9695.0, 3190.0], [9685.0, 3190.0], [9675.0, 3190.0], [9670.0, 3195.0], [9665.0, 3200.0], [9655.0, 3200.0], [9650.0, 3205.0], [9645.0, 3210.0], [9635.0, 3210.0], [9625.0, 3210.0], [9620.0, 3215.0], [9615.0, 3220.0], [9605.0, 3220.0], [9600.0, 3225.0], [9595.0, 3230.0], [9590.0, 3235.0], [9585.0, 3240.0], [9575.0, 3240.0], [9570.0, 3245.0], [9565.0, 3250.0], [9560.0, 3255.0], [9555.0, 3260.0], [9550.0, 3265.0], [9545.0, 3270.0], [9540.0, 3265.0], [9535.0, 3260.0], [9525.0, 3260.0], [9515.0, 3260.0], [9510.0, 3255.0], [9505.0, 3250.0], [9495.0, 3250.0], [9490.0, 3245.0], [9485.0, 3240.0], [9475.0, 3240.0], [9470.0, 3235.0], [9465.0, 3230.0], [9455.0, 3230.0], [9445.0, 3230.0], [9440.0, 3225.0], [9435.0, 3220.0], [9425.0, 3220.0], [9415.0, 3220.0], [9410.0, 3215.0], [9405.0, 3210.0], [9395.0, 3210.0], [9385.0, 3210.0], [9375.0, 3210.0], [9365.0, 3210.0], [9355.0, 3210.0], [9345.0, 3210.0], [9335.0, 3210.0], [9325.0, 3210.0], [9315.0, 3210.0], [9310.0, 3215.0], [9305.0, 3220.0], [9295.0, 3220.0], [9285.0, 3220.0], [9275.0, 3220.0], [9270.0, 3225.0], [9265.0, 3230.0], [9255.0, 3230.0], [9245.0, 3230.0], [9235.0, 3230.0], [9225.0, 3230.0], [9215.0, 3230.0], [9210.0, 3225.0], [9205.0, 3220.0], [9195.0, 3220.0], [9185.0, 3220.0], [9175.0, 3220.0], [9165.0, 3220.0], [9155.0, 3220.0], [9145.0, 3220.0], [9135.0, 3220.0], [9125.0, 3220.0], [9115.0, 3220.0], [9110.0, 3225.0], [9105.0, 3230.0], [9095.0, 3230.0], [9085.0, 3230.0], [9080.0, 3235.0], [9075.0, 3240.0], [9065.0, 3240.0], [9055.0, 3240.0], [9050.0, 3245.0], [9045.0, 3250.0], [9035.0, 3250.0], [9030.0, 3255.0], [9025.0, 3260.0], [9020.0, 3265.0], [9015.0, 3270.0], [9005.0, 3270.0], [9000.0, 3275.0], [8995.0, 3280.0], [8990.0, 3285.0], [8985.0, 3290.0], [8980.0, 3295.0], [8975.0, 3300.0], [8970.0, 3305.0], [8965.0, 3310.0], [8960.0, 3315.0], [8955.0, 3320.0], [8950.0, 3325.0], [8950.0, 3335.0], [8945.0, 3340.0], [8940.0, 3345.0], [8935.0, 3350.0], [8930.0, 3355.0], [8930.0, 3365.0], [8925.0, 3370.0], [8920.0, 3375.0], [8920.0, 3385.0], [8915.0, 3390.0], [8910.0, 3395.0], [8910.0, 3405.0], [8905.0, 3410.0], [8900.0, 3415.0], [8900.0, 3425.0], [8895.0, 3430.0], [8890.0, 3435.0], [8890.0, 3445.0], [8885.0, 3450.0], [8880.0, 3455.0], [8875.0, 3460.0], [8870.0, 3465.0], [8870.0, 3475.0], [8865.0, 3480.0], [8860.0, 3485.0], [8860.0, 3495.0], [8855.0, 3500.0], [8850.0, 3505.0], [8850.0, 3515.0], [8850.0, 3525.0], [8845.0, 3530.0], [8840.0, 3535.0], [8835.0, 3540.0], [8825.0, 3540.0], [8815.0, 3540.0], [8810.0, 3535.0], [8805.0, 3530.0], [8795.0, 3530.0], [8790.0, 3525.0], [8785.0, 3520.0], [8780.0, 3515.0], [8775.0, 3510.0], [8765.0, 3510.0], [8760.0, 3505.0], [8755.0, 3500.0], [8750.0, 3495.0], [8745.0, 3490.0], [8735.0, 3490.0], [8730.0, 3485.0], [8725.0, 3480.0], [8715.0, 3480.0], [8710.0, 3475.0], [8705.0, 3470.0], [8695.0, 3470.0], [8685.0, 3470.0], [8680.0, 3465.0], [8675.0, 3460.0], [8665.0, 3460.0], [8655.0, 3460.0], [8650.0, 3455.0], [8645.0, 3450.0], [8635.0, 3450.0], [8625.0, 3450.0], [8620.0, 3445.0], [8615.0, 3440.0], [8605.0, 3440.0], [8595.0, 3440.0], [8585.0, 3440.0], [8575.0, 3440.0], [8565.0, 3440.0], [8555.0, 3440.0], [8545.0, 3440.0], [8535.0, 3440.0], [8525.0, 3440.0], [8515.0, 3440.0], [8505.0, 3440.0], [8495.0, 3440.0], [8485.0, 3440.0], [8475.0, 3440.0], [8465.0, 3440.0], [8460.0, 3445.0], [8455.0, 3450.0], [8445.0, 3450.0], [8435.0, 3450.0], [8430.0, 3455.0], [8425.0, 3460.0], [8415.0, 3460.0], [8410.0, 3465.0], [8405.0, 3470.0], [8400.0, 3475.0], [8395.0, 3480.0], [8385.0, 3480.0], [8380.0, 3485.0], [8375.0, 3490.0], [8370.0, 3495.0], [8365.0, 3500.0], [8360.0, 3505.0], [8355.0, 3510.0], [8350.0, 3515.0], [8345.0, 3520.0], [8340.0, 3525.0], [8340.0, 3535.0], [8335.0, 3540.0], [8330.0, 3545.0], [8325.0, 3550.0], [8320.0, 3555.0], [8320.0, 3565.0], [8315.0, 3570.0], [8310.0, 3575.0], [8310.0, 3585.0], [8310.0, 3595.0], [8305.0, 3600.0], [8300.0, 3605.0], [8300.0, 3615.0], [8300.0, 3625.0], [8300.0, 3635.0], [8300.0, 3645.0], [8300.0, 3655.0], [8300.0, 3665.0], [8300.0, 3675.0], [8300.0, 3685.0], [8295.0, 3690.0]], [[8760.0, 3285.0], [8765.0, 3280.0], [8770.0, 3275.0], [8770.0, 3265.0], [8775.0, 3260.0], [8780.0, 3255.0], [8780.0, 3245.0], [8785.0, 3240.0], [8790.0, 3235.0], [8795.0, 3230.0], [8800.0, 3225.0], [8800.0, 3215.0], [8805.0, 3210.0], [8810.0, 3205.0], [8815.0, 3200.0], [8820.0, 3195.0], [8825.0, 3190.0], [8830.0, 3185.0], [8835.0, 3180.0], [8840.0, 3175.0], [8845.0, 3170.0], [8850.0, 3165.0], [8855.0, 3160.0], [8860.0, 3155.0], [8865.0, 3150.0], [8870.0, 3145.0], [8875.0, 3140.0], [8880.0, 3135.0], [8885.0, 3130.0], [8890.0, 3125.0], [8895.0, 3120.0], [8905.0, 3120.0], [8910.0, 3115.0], [8915.0, 3110.0], [8920.0, 3105.0], [8925.0, 3100.0], [8935.0, 3100.0], [8940.0, 3095.0], [8945.0, 3090.0], [8955.0, 3090.0], [8960.0, 3085.0], [8965.0, 3080.0], [8975.0, 3080.0], [8980.0, 3075.0], [8985.0, 3070.0], [8995.0, 3070.0], [9000.0, 3065.0], [9005.0, 3060.0], [9015.0, 3060.0], [9025.0, 3060.0], [9030.0, 3055.0], [9035.0, 3050.0], [9045.0, 3050.0], [9055.0, 3050.0], [9065.0, 3050.0], [9070.0, 3045.0], [9075.0, 3040.0], [9085.0, 3040.0], [9095.0, 3040.0], [9105.0, 3040.0], [9115.0, 3040.0], [9125.0, 3040.0], [9135.0, 3040.0], [9140.0, 3035.0], [9145.0, 3030.0], [9155.0, 3030.0], [9165.0, 3030.0], [9175.0, 3030.0], [9180.0, 3035.0], [9185.0, 3040.0], [9195.0, 3040.0], [9205.0, 3040.0], [9215.0, 3040.0], [9225.0, 3040.0], [9235.0, 3040.0], [9245.0, 3040.0], [9255.0, 3040.0], [9265.0, 3040.0], [9270.0, 3035.0], [9275.0, 3030.0], [9285.0, 3030.0], [9295.0, 3030.0], [9305.0, 3030.0], [9315.0, 3030.0], [9325.0, 3030.0], [9335.0, 3030.0], [9340.0, 3025.0], [9345.0, 3020.0], [9355.0, 3020.0], [9365.0, 3020.0], [9375.0, 3020.0], [9380.0, 3025.0], [9385.0, 3030.0], [9395.0, 3030.0], [9405.0, 3030.0], [9415.0, 3030.0], [9425.0, 3030.0], [9435.0, 3030.0], [9445.0, 3030.0], [9450.0, 3035.0], [9455.0, 3040.0], [9465.0, 3040.0], [9475.0, 3040.0], [9485.0, 3040.0], [9490.0, 3035.0], [9485.0, 3030.0], [9480.0, 3025.0], [9480.0, 3015.0], [9475.0, 3010.0], [9470.0, 3005.0], [9470.0, 2995.0], [9465.0, 2990.0], [9460.0, 2985.0], [9460.0, 2975.0], [9455.0, 2970.0], [9450.0, 2965.0], [9450.0, 2955.0], [9450.0, 2945.0], [9450.0, 2935.0], [9445.0, 2930.0], [9440.0, 2925.0], [9440.0, 2915.0], [9440.0, 2905.0], [9440.0, 2895.0], [9440.0, 2885.0], [9440.0, 2875.0], [9440.0, 2865.0], [9435.0, 2860.0], [9430.0, 2855.0], [9430.0, 2845.0], [9430.0, 2835.0], [9430.0, 2825.0], [9425.0, 2820.0], [9420.0, 2815.0], [9420.0, 2805.0], [9415.0, 2800.0], [9410.0, 2795.0], [9410.0, 2785.0], [9405.0, 2780.0], [9400.0, 2775.0], [9395.0, 2770.0], [9390.0, 2765.0], [9390.0, 2755.0], [9385.0, 2750.0], [9380.0, 2745.0], [9380.0, 2735.0], [9375.0, 2730.0], [9370.0, 2725.0], [9370.0, 2715.0], [9365.0, 2710.0], [9360.0, 2705.0], [9360.0, 2695.0], [9355.0, 2690.0], [9350.0, 2685.0], [9350.0, 2675.0], [9350.0, 2665.0], [9350.0, 2655.0], [9345.0, 2650.0], [9340.0, 2645.0], [9340.0, 2635.0], [9340.0, 2625.0], [9340.0, 2615.0], [9340.0, 2605.0], [9340.0, 2595.0], [9340.0, 2585.0], [9335.0, 2580.0], [9330.0, 2575.0], [9330.0, 2565.0], [9330.0, 2555.0], [9330.0, 2545.0], [9335.0, 2540.0], [9340.0, 2535.0], [9340.0, 2525.0], [9340.0, 2515.0], [9340.0, 2505.0], [9340.0, 2495.0], [9340.0, 2485.0], [9340.0, 2475.0], [9345.0, 2470.0], [9350.0, 2465.0], [9350.0, 2455.0], [9350.0, 2445.0], [9350.0, 2435.0], [9355.0, 2430.0], [9360.0, 2425.0], [9360.0, 2415.0], [9365.0, 2410.0], [9370.0, 2405.0], [9370.0, 2395.0], [9375.0, 2390.0], [9380.0, 2385.0], [9380.0, 2375.0], [9385.0, 2370.0], [9390.0, 2365.0], [9390.0, 2355.0], [9395.0, 2350.0], [9400.0, 2345.0], [9405.0, 2340.0], [9410.0, 2335.0], [9410.0, 2325.0], [9415.0, 2320.0], [9420.0, 2315.0], [9425.0, 2310.0], [9430.0, 2305.0], [9435.0, 2300.0], [9440.0, 2295.0], [9445.0, 2290.0], [9450.0, 2285.0], [9455.0, 2280.0], [9460.0, 2275.0], [9465.0, 2270.0], [9470.0, 2265.0], [9475.0, 2260.0], [9480.0, 2255.0], [9485.0, 2250.0], [9490.0, 2245.0], [9495.0, 2240.0], [9505.0, 2240.0], [9510.0, 2235.0], [9515.0, 2230.0], [9520.0, 2225.0], [9525.0, 2220.0], [9530.0, 2215.0], [9535.0, 2210.0], [9540.0, 2205.0], [9545.0, 2200.0], [9550.0, 2195.0], [9555.0, 2190.0], [9560.0, 2185.0], [9560.0, 2175.0], [9560.0, 2165.0], [9565.0, 2160.0], [9570.0, 2155.0], [9570.0, 2145.0], [9570.0, 2135.0], [9570.0, 2125.0], [9570.0, 2115.0], [9570.0, 2105.0], [9570.0, 2095.0], [9575.0, 2090.0], [9580.0, 2085.0], [9575.0, 2080.0], [9570.0, 2075.0], [9570.0, 2065.0], [9570.0, 2055.0], [9570.0, 2045.0], [9570.0, 2035.0], [9570.0, 2025.0], [9565.0, 2020.0], [9555.0, 2020.0], [9545.0, 2020.0], [9535.0, 2020.0], [9525.0, 2020.0], [9515.0, 2020.0], [9505.0, 2020.0], [9500.0, 2025.0], [9495.0, 2030.0], [9485.0, 2030.0], [9475.0, 2030.0], [9465.0, 2030.0], [9455.0, 2030.0], [9445.0, 2030.0], [9440.0, 2025.0], [9435.0, 2020.0], [9425.0, 2020.0], [9415.0, 2020.0], [9405.0, 2020.0], [9395.0, 2020.0], [9385.0, 2020.0], [9375.0, 2020.0], [9370.0, 2015.0], [9365.0, 2010.0], [9355.0, 2010.0], [9345.0, 2010.0], [9335.0, 2010.0], [9330.0, 2005.0], [9325.0, 2000.0], [9315.0, 2000.0], [9310.0, 1995.0], [9305.0, 1990.0], [9295.0, 1990.0], [9290.0, 1985.0], [9285.0, 1980.0], [9275.0, 1980.0], [9270.0, 1975.0], [9265.0, 1970.0], [9255.0, 1970.0], [9250.0, 1965.0], [9245.0, 1960.0], [9240.0, 1955.0], [9235.0, 1950.0], [9225.0, 1950.0], [9220.0, 1945.0], [9215.0, 1940.0], [9210.0, 1935.0], [9205.0, 1930.0], [9200.0, 1925.0], [9195.0, 1920.0], [9190.0, 1915.0], [9185.0, 1910.0], [9180.0, 1905.0], [9175.0, 1900.0], [9170.0, 1895.0], [9165.0, 1890.0], [9160.0, 1885.0], [9155.0, 1880.0], [9150.0, 1875.0], [9145.0, 1870.0], [9140.0, 1865.0], [9140.0, 1855.0], [9135.0, 1850.0], [9130.0, 1845.0], [9125.0, 1840.0], [9120.0, 1835.0], [9120.0, 1825.0], [9115.0, 1820.0], [9110.0, 1815.0], [9110.0, 1805.0], [9105.0, 1800.0], [9100.0, 1795.0], [9100.0, 1785.0], [9095.0, 1780.0], [9090.0, 1775.0], [9090.0, 1765.0], [9085.0, 1760.0], [9080.0, 1755.0], [9080.0, 1745.0], [9080.0, 1735.0], [9080.0, 1725.0], [9075.0, 1720.0], [9070.0, 1715.0], [9070.0, 1705.0], [9070.0, 1695.0], [9070.0, 1685.0], [9070.0, 1675.0], [9070.0, 1665.0], [9070.0, 1655.0], [9065.0, 1650.0], [9060.0, 1645.0], [9060.0, 1635.0], [9055.0, 1630.0], [9045.0, 1630.0], [9040.0, 1635.0], [9035.0, 1640.0], [9030.0, 1645.0], [9025.0, 1650.0], [9015.0, 1650.0], [9010.0, 1655.0], [9005.0, 1660.0], [8995.0, 1660.0], [8990.0, 1665.0], [8985.0, 1670.0], [8975.0, 1670.0], [8970.0, 1675.0], [8965.0, 1680.0], [8955.0, 1680.0], [8950.0, 1685.0], [8950.0, 1695.0], [8950.0, 1705.0], [8950.0, 1715.0], [8945.0, 1720.0], [8940.0, 1725.0], [8940.0, 1735.0], [8940.0, 1745.0], [8940.0, 1755.0], [8935.0, 1760.0], [8930.0, 1765.0], [8930.0, 1775.0], [8925.0, 1780.0], [8920.0, 1785.0], [8920.0, 1795.0], [8915.0, 1800.0], [8910.0, 1805.0], [8910.0, 1815.0], [8905.0, 1820.0], [8900.0, 1825.0], [8900.0, 1835.0], [8895.0, 1840.0], [8890.0, 1845.0], [8890.0, 1855.0], [8885.0, 1860.0], [8880.0, 1865.0], [8880.0, 1875.0], [8885.0, 1880.0], [8890.0, 1885.0], [8890.0, 1895.0], [8890.0, 1905.0], [8890.0, 1915.0], [8890.0, 1925.0], [8890.0, 1935.0], [8890.0, 1945.0], [8895.0, 1950.0], [8900.0, 1955.0], [8900.0, 1965.0], [8900.0, 1975.0], [8900.0, 1985.0], [8900.0, 1995.0], [8900.0, 2005.0], [8905.0, 2010.0], [8915.0, 2010.0], [8920.0, 2015.0], [8925.0, 2020.0], [8930.0, 2025.0], [8935.0, 2030.0], [8940.0, 2035.0], [8945.0, 2040.0], [8950.0, 2045.0], [8955.0, 2050.0], [8960.0, 2055.0], [8965.0, 2060.0], [8970.0, 2065.0], [8975.0, 2070.0], [8980.0, 2075.0], [8985.0, 2080.0], [8990.0, 2085.0], [8995.0, 2090.0], [9000.0, 2095.0], [9000.0, 2105.0], [9005.0, 2110.0], [9010.0, 2115.0], [9015.0, 2120.0], [9020.0, 2125.0], [9020.0, 2135.0], [9025.0, 2140.0], [9030.0, 2145.0], [9030.0, 2155.0], [9035.0, 2160.0], [9040.0, 2165.0], [9040.0, 2175.0], [9045.0, 2180.0], [9050.0, 2185.0], [9050.0, 2195.0], [9055.0, 2200.0], [9060.0, 2205.0], [9060.0, 2215.0], [9060.0, 2225.0], [9060.0, 2235.0], [9065.0, 2240.0], [9070.0, 2245.0], [9070.0, 2255.0], [9070.0, 2265.0], [9070.0, 2275.0], [9070.0, 2285.0], [9070.0, 2295.0], [9070.0, 2305.0], [9075.0, 2310.0], [9080.0, 2315.0], [9080.0, 2325.0], [9080.0, 2335.0], [9080.0, 2345.0], [9075.0, 2350.0], [9070.0, 2355.0], [9070.0, 2365.0], [9070.0, 2375.0], [9070.0, 2385.0], [9070.0, 2395.0], [9070.0, 2405.0], [9070.0, 2415.0], [9065.0, 2420.0], [9060.0, 2425.0], [9060.0, 2435.0], [9060.0, 2445.0], [9060.0, 2455.0], [9055.0, 2460.0], [9050.0, 2465.0], [9050.0, 2475.0], [9045.0, 2480.0], [9040.0, 2485.0], [9045.0, 2490.0], [9050.0, 2495.0], [9050.0, 2505.0], [9050.0, 2515.0], [9045.0, 2520.0], [9040.0, 2525.0], [9040.0, 2535.0], [9040.0, 2545.0], [9040.0, 2555.0], [9040.0, 2565.0], [9040.0, 2575.0], [9040.0, 2585.0], [9035.0, 2590.0], [9030.0, 2595.0], [9030.0, 2605.0], [9030.0, 2615.0], [9030.0, 2625.0], [9025.0, 2630.0], [9020.0, 2635.0], [9020.0, 2645.0], [9015.0, 2650.0], [9010.0, 2655.0], [9010.0, 2665.0], [9005.0, 2670.0], [9000.0, 2675.0], [9000.0, 2685.0], [8995.0, 2690.0], [8990.0, 2695.0], [8990.0, 2705.0], [8985.0, 2710.0], [8980.0, 2715.0], [8975.0, 2720.0], [8970.0, 2725.0], [8970.0, 2735.0], [8965.0, 2740.0], [8960.0, 2745.0], [8955.0, 2750.0], [8950.0, 2755.0], [8945.0, 2760.0], [8940.0, 2765.0], [8935.0, 2770.0], [8930.0, 2775.0], [8925.0, 2780.0], [8920.0, 2785.0], [8915.0, 2790.0], [8910.0, 2795.0], [8905.0, 2800.0], [8900.0, 2805.0], [8895.0, 2810.0], [8890.0, 2815.0], [8885.0, 2820.0], [8880.0, 2825.0], [8875.0, 2830.0], [8865.0, 2830.0], [8860.0, 2835.0], [8855.0, 2840.0], [8850.0, 2845.0], [8845.0, 2850.0], [8835.0, 2850.0], [8830.0, 2855.0], [8825.0, 2860.0], [8815.0, 2860.0], [8810.0, 2865.0], [8805.0, 2870.0], [8795.0, 2870.0], [8790.0, 2875.0], [8785.0, 2880.0], [8775.0, 2880.0], [8770.0, 2885.0], [8765.0, 2890.0], [8755.0, 2890.0], [8745.0, 2890.0], [8735.0, 2890.0], [8730.0, 2895.0], [8725.0, 2900.0], [8715.0, 2900.0], [8705.0, 2900.0], [8695.0, 2900.0], [8685.0, 2900.0], [8680.0, 2905.0], [8675.0, 2910.0], [8670.0, 2915.0], [8665.0, 2920.0], [8660.0, 2925.0], [8660.0, 2935.0], [8655.0, 2940.0], [8650.0, 2945.0], [8645.0, 2950.0], [8640.0, 2955.0], [8635.0, 2960.0], [8630.0, 2965.0], [8625.0, 2970.0], [8620.0, 2975.0], [8615.0, 2980.0], [8610.0, 2985.0], [8605.0, 2990.0], [8600.0, 2995.0], [8595.0, 3000.0], [8590.0, 3005.0], [8585.0, 3010.0], [8580.0, 3015.0], [8575.0, 3020.0], [8565.0, 3020.0], [8560.0, 3025.0], [8555.0, 3030.0], [8550.0, 3035.0], [8545.0, 3040.0], [8535.0, 3040.0], [8530.0, 3045.0], [8525.0, 3050.0], [8520.0, 3055.0], [8520.0, 3065.0], [8520.0, 3075.0], [8520.0, 3085.0], [8520.0, 3095.0], [8525.0, 3100.0], [8530.0, 3105.0], [8530.0, 3115.0], [8530.0, 3125.0], [8530.0, 3135.0], [8530.0, 3145.0], [8525.0, 3150.0], [8520.0, 3155.0], [8520.0, 3165.0], [8520.0, 3175.0], [8520.0, 3185.0], [8520.0, 3195.0], [8520.0, 3205.0], [8520.0, 3215.0], [8515.0, 3220.0], [8510.0, 3225.0], [8510.0, 3235.0], [8510.0, 3245.0], [8515.0, 3250.0], [8525.0, 3250.0], [8535.0, 3250.0], [8545.0, 3250.0], [8555.0, 3250.0], [8565.0, 3250.0], [8575.0, 3250.0], [8585.0, 3250.0], [8590.0, 3255.0], [8595.0, 3260.0], [8605.0, 3260.0], [8615.0, 3260.0], [8625.0, 3260.0], [8635.0, 3260.0], [8645.0, 3260.0], [8655.0, 3260.0], [8660.0, 3265.0], [8665.0, 3270.0], [8675.0, 3270.0], [8685.0, 3270.0], [8695.0, 3270.0], [8700.0, 3275.0], [8705.0, 3280.0], [8715.0, 3280.0], [8720.0, 3285.0], [8725.0, 3290.0], [8735.0, 3290.0], [8745.0, 3290.0], [8755.0, 3290.0], [8760.0, 3285.0]]]}, "properties": {"objectType": "annotation", "name": "R1_2_T|deep", "classification": {"name": "deep", "color": [144, 133, 233]}, "lesion_id": 0, "section": "R1_2_T", "area_um2": 1197800.0, "lesion_ids": [1, 4, 6, 7, 9, 12, 13, 19, 21, 22, 26, 29, 30]}}, {"type": "Feature", "geometry": {"type": "Polygon", "coordinates": [[[10125.0, 1810.0], [10120.0, 1805.0], [10115.0, 1800.0], [10105.0, 1800.0], [10100.0, 1795.0], [10095.0, 1790.0], [10090.0, 1785.0], [10085.0, 1780.0], [10075.0, 1780.0], [10070.0, 1775.0], [10065.0, 1770.0], [10055.0, 1770.0], [10050.0, 1765.0], [10045.0, 1760.0], [10035.0, 1760.0], [10025.0, 1760.0], [10020.0, 1755.0], [10015.0, 1750.0], [10010.0, 1745.0], [10010.0, 1735.0], [10010.0, 1725.0], [10005.0, 1720.0], [10000.0, 1715.0], [10000.0, 1705.0], [10000.0, 1695.0], [9995.0, 1690.0], [9990.0, 1685.0], [9985.0, 1680.0], [9980.0, 1675.0], [9975.0, 1670.0], [9970.0, 1665.0], [9965.0, 1660.0], [9960.0, 1655.0], [9955.0, 1650.0], [9950.0, 1645.0], [9950.0, 1635.0], [9950.0, 1625.0], [9945.0, 1620.0], [9935.0, 1620.0], [9930.0, 1615.0], [9925.0, 1610.0], [9920.0, 1605.0], [9915.0, 1600.0], [9910.0, 1595.0], [9905.0, 1590.0], [9900.0, 1585.0], [9900.0, 1575.0], [9895.0, 1570.0], [9890.0, 1565.0], [9890.0, 1555.0], [9890.0, 1545.0], [9890.0, 1535.0], [9890.0, 1525.0], [9890.0, 1515.0], [9895.0, 1510.0], [9900.0, 1505.0], [9895.0, 1500.0], [9890.0, 1495.0], [9890.0, 1485.0], [9890.0, 1475.0], [9895.0, 1470.0], [9900.0, 1475.0], [9905.0, 1480.0], [9910.0, 1485.0], [9915.0, 1490.0], [9920.0, 1495.0], [9925.0, 1500.0], [9930.0, 1505.0], [9935.0, 1510.0], [9940.0, 1515.0], [9945.0, 1520.0], [9950.0, 1525.0], [9955.0, 1530.0], [9960.0, 1535.0], [9965.0, 1540.0], [9970.0, 1545.0], [9975.0, 1550.0], [9980.0, 1555.0], [9980.0, 1565.0], [9985.0, 1570.0], [9990.0, 1575.0], [9995.0, 1580.0], [10000.0, 1585.0], [10005.0, 1590.0], [10010.0, 1595.0], [10015.0, 1600.0], [10020.0, 1605.0], [10020.0, 1615.0], [10025.0, 1620.0], [10030.0, 1625.0], [10035.0, 1630.0], [10040.0, 1635.0], [10045.0, 1640.0], [10050.0, 1645.0], [10055.0, 1650.0], [10060.0, 1655.0], [10060.0, 1665.0], [10065.0, 1670.0], [10070.0, 1675.0], [10070.0, 1685.0], [10075.0, 1690.0], [10080.0, 1695.0], [10080.0, 1705.0], [10085.0, 1710.0], [10090.0, 1715.0], [10090.0, 1725.0], [10095.0, 1730.0], [10100.0, 1735.0], [10105.0, 1740.0], [10110.0, 1745.0], [10110.0, 1755.0], [10115.0, 1760.0], [10120.0, 1765.0], [10120.0, 1775.0], [10125.0, 1780.0], [10130.0, 1785.0], [10130.0, 1795.0], [10130.0, 1805.0], [10125.0, 1810.0]]]}, "properties": {"objectType": "annotation", "name": "deep", "classification": {"name": "deep", "color": [144, 133, 233]}, "lesion_id": 0, "section": null, "area_um2": 24450.0, "lesion_ids": [4, 9]}}, {"type": "Feature", "geometry": {"type": "Polygon", "coordinates": [[[6755.0, 3270.0], [6745.0, 3270.0], [6735.0, 3270.0], [6730.0, 3265.0], [6730.0, 3255.0], [6725.0, 3250.0], [6720.0, 3245.0], [6720.0, 3235.0], [6715.0, 3230.0], [6710.0, 3225.0], [6705.0, 3220.0], [6700.0, 3215.0], [6700.0, 3205.0], [6695.0, 3200.0], [6690.0, 3195.0], [6685.0, 3190.0], [6680.0, 3185.0], [6675.0, 3180.0], [6670.0, 3175.0], [6665.0, 3170.0], [6655.0, 3170.0], [6650.0, 3165.0], [6645.0, 3160.0], [6640.0, 3155.0], [6635.0, 3150.0], [6625.0, 3150.0], [6620.0, 3145.0], [6615.0, 3140.0], [6610.0, 3135.0], [6605.0, 3130.0], [6595.0, 3130.0], [6590.0, 3125.0], [6585.0, 3120.0], [6580.0, 3115.0], [6575.0, 3110.0], [6565.0, 3110.0], [6560.0, 3105.0], [6555.0, 3100.0], [6545.0, 3100.0], [6540.0, 3095.0], [6535.0, 3090.0], [6525.0, 3090.0], [6515.0, 3090.0], [6510.0, 3085.0], [6505.0, 3080.0], [6495.0, 3080.0], [6490.0, 3075.0], [6485.0, 3070.0], [6475.0, 3070.0], [6470.0, 3065.0], [6465.0, 3060.0], [6455.0, 3060.0], [6445.0, 3060.0], [6435.0, 3060.0], [6425.0, 3060.0], [6415.0, 3060.0], [6405.0, 3060.0], [6400.0, 3055.0], [6395.0, 3050.0], [6385.0, 3050.0], [6375.0, 3050.0], [6365.0, 3050.0], [6355.0, 3050.0], [6345.0, 3050.0], [6335.0, 3050.0], [6325.0, 3050.0], [6315.0, 3050.0], [6305.0, 3050.0], [6300.0, 3045.0], [6295.0, 3040.0], [6285.0, 3040.0], [6280.0, 3035.0], [6275.0, 3030.0], [6265.0, 3030.0], [6260.0, 3025.0], [6255.0, 3020.0], [6245.0, 3020.0], [6240.0, 3015.0], [6235.0, 3010.0], [6225.0, 3010.0], [6215.0, 3010.0], [6205.0, 3010.0], [6195.0, 3010.0], [6185.0, 3010.0], [6180.0, 3005.0], [6175.0, 3000.0], [6165.0, 3000.0], [6155.0, 3000.0], [6145.0, 3000.0], [6135.0, 3000.0], [6125.0, 3000.0], [6115.0, 3000.0], [6105.0, 3000.0], [6100.0, 2995.0], [6095.0, 2990.0], [6085.0, 2990.0], [6080.0, 2985.0], [6075.0, 2980.0], [6065.0, 2980.0], [6060.0, 2975.0], [6055.0, 2970.0], [6045.0, 2970.0], [6035.0, 2970.0], [6025.0, 2970.0], [6015.0, 2970.0], [6010.0, 2965.0], [6005.0, 2960.0], [5995.0, 2960.0], [5985.0, 2960.0], [5975.0, 2960.0], [5965.0, 2960.0], [5955.0, 2960.0], [5945.0, 2960.0], [5935.0, 2960.0], [5925.0, 2960.0], [5915.0, 2960.0], [5905.0, 2960.0], [5900.0, 2965.0], [5895.0, 2970.0], [5885.0, 2970.0], [5880.0, 2975.0], [5875.0, 2980.0], [5865.0, 2980.0], [5860.0, 2985.0], [5855.0, 2990.0], [5845.0, 2990.0], [5840.0, 2995.0], [5835.0, 3000.0], [5830.0, 3005.0], [5825.0, 3010.0], [5815.0, 3010.0], [5810.0, 3015.0], [5805.0, 3020.0], [5800.0, 3025.0], [5795.0, 3030.0], [5790.0, 3035.0], [5785.0, 3040.0], [5780.0, 3045.0], [5775.0, 3050.0], [5765.0, 3050.0], [5760.0, 3055.0], [5755.0, 3060.0], [5750.0, 3065.0], [5745.0, 3070.0], [5735.0, 3070.0], [5730.0, 3075.0], [5725.0, 3080.0], [5720.0, 3085.0], [5715.0, 3090.0], [5705.0, 3090.0], [5700.0, 3095.0], [5695.0, 3100.0], [5690.0, 3105.0], [5685.0, 3110.0], [5675.0, 3110.0], [5670.0, 3115.0], [5665.0, 3120.0], [5660.0, 3115.0], [5660.0, 3105.0], [5660.0, 3095.0], [5660.0, 3085.0], [5655.0, 3080.0], [5650.0, 3075.0], [5650.0, 3065.0], [5650.0, 3055.0], [5645.0, 3050.0], [5640.0, 3045.0], [5640.0, 3035.0], [5640.0, 3025.0], [5640.0, 3015.0], [5640.0, 3005.0], [5640.0, 2995.0], [5640.0, 2985.0], [5635.0, 2980.0], [5630.0, 2975.0], [5630.0, 2965.0], [5625.0, 2960.0], [5620.0, 2955.0], [5620.0, 2945.0], [5615.0, 2940.0], [5610.0, 2935.0], [5605.0, 2930.0], [5600.0, 2925.0], [5600.0, 2915.0], [5595.0, 2910.0], [5590.0, 2905.0], [5585.0, 2900.0], [5580.0, 2895.0], [5580.0, 2885.0], [5575.0, 2880.0], [5570.0, 2875.0], [5565.0, 2870.0], [5560.0, 2865.0], [5555.0, 2860.0], [5545.0, 2860.0], [5540.0, 2855.0], [5535.0, 2850.0], [5530.0, 2845.0], [5525.0, 2840.0], [5515.0, 2840.0], [5510.0, 2835.0], [5505.0, 2830.0], [5500.0, 2825.0], [5495.0, 2820.0], [5485.0, 2820.0], [5480.0, 2815.0], [5475.0, 2810.0], [5465.0, 2810.0], [5460.0, 2805.0], [5455.0, 2800.0], [5445.0, 2800.0], [5435.0, 2800.0], [5425.0, 2800.0], [5420.0, 2795.0], [5415.0, 2790.0], [5405.0, 2790.0], [5395.0, 2790.0], [5385.0, 2790.0], [5375.0, 2790.0], [5365.0, 2790.0], [5355.0, 2790.0], [5345.0, 2790.0], [5335.0, 2790.0], [5325.0, 2790.0], [5315.0, 2790.0], [5305.0, 2790.0], [5295.0, 2790.0], [5285.0, 2790.0], [5280.0, 2795.0], [5275.0, 2800.0], [5265.0, 2800.0], [5260.0, 2805.0], [5255.0, 2810.0], [5245.0, 2810.0], [5240.0, 2815.0], [5235.0, 2820.0], [5230.0, 2825.0], [5225.0, 2830.0], [5215.0, 2830.0], [5210.0, 2825.0], [5210.0, 2815.0], [5210.0, 2805.0], [5210.0, 2795.0], [5210.0, 2785.0], [5210.0, 2775.0], [5210.0, 2765.0], [5210.0, 2755.0], [5205.0, 2750.0], [5200.0, 2755.0], [5200.0, 2765.0], [5200.0, 2775.0], [5195.0, 2780.0], [5190.0, 2785.0], [5190.0, 2795.0], [5190.0, 2805.0], [5190.0, 2815.0], [5190.0, 2825.0], [5195.0, 2830.0], [5200.0, 2835.0], [5195.0, 2840.0], [5190.0, 2845.0], [5190.0, 2855.0], [5190.0, 2865.0], [5190.0, 2875.0], [5185.0, 2880.0], [5180.0, 2885.0], [5175.0, 2890.0], [5170.0, 2895.0], [5165.0, 2900.0], [5160.0, 2905.0], [5155.0, 2910.0], [5150.0, 2915.0], [5150.0, 2925.0], [5145.0, 2930.0], [5140.0, 2935.0], [5140.0, 2945.0], [5135.0, 2950.0], [5130.0, 2955.0], [5130.0, 2965.0], [5130.0, 2975.0], [5130.0, 2985.0], [5125.0, 2990.0], [5120.0, 2985.0], [5120.0, 2975.0], [5120.0, 2965.0], [5115.0, 2960.0], [5110.0, 2955.0], [5110.0, 2945.0], [5110.0, 2935.0], [5110.0, 2925.0], [5110.0, 2915.0], [5110.0, 2905.0], [5105.0, 2900.0], [5100.0, 2895.0], [5100.0, 2885.0], [5100.0, 2875.0], [5100.0, 2865.0], [5100.0, 2855.0], [5100.0, 2845.0], [5100.0, 2835.0], [5100.0, 2825.0], [5100.0, 2815.0], [5100.0, 2805.0], [5100.0, 2795.0], [5100.0, 2785.0], [5105.0, 2780.0], [5110.0, 2775.0], [5110.0, 2765.0], [5110.0, 2755.0], [5110.0, 2745.0], [5115.0, 2740.0], [5120.0, 2735.0], [5120.0, 2725.0], [5120.0, 2715.0], [5120.0, 2705.0], [5120.0, 2695.0], [5120.0, 2685.0], [5120.0, 2675.0], [5125.0, 2670.0], [5130.0, 2665.0], [5130.0, 2655.0], [5130.0, 2645.0], [5135.0, 2640.0], [5140.0, 2645.0], [5140.0, 2655.0], [5145.0, 2660.0], [5150.0, 2665.0], [5155.0, 2670.0], [5160.0, 2675.0], [5165.0, 2680.0], [5170.0, 2685.0], [5175.0, 2690.0], [5180.0, 2695.0], [5185.0, 2700.0], [5190.0, 2705.0], [5195.0, 2710.0], [5205.0, 2710.0], [5210.0, 2715.0], [5205.0, 2720.0], [5200.0, 2725.0], [5200.0, 2735.0], [5205.0, 2740.0], [5215.0, 2740.0], [5225.0, 2740.0], [5230.0, 2745.0], [5235.0, 2750.0], [5245.0, 2750.0], [5255.0, 2750.0], [5265.0, 2750.0], [5275.0, 2750.0], [5285.0, 2750.0], [5295.0, 2750.0], [5305.0, 2750.0], [5315.0, 2750.0], [5325.0, 2750.0], [5335.0, 2750.0], [5345.0, 2750.0], [5350.0, 2745.0], [5355.0, 2740.0], [5365.0, 2740.0], [5370.0, 2735.0], [5375.0, 2730.0], [5385.0, 2730.0], [5390.0, 2725.0], [5395.0, 2720.0], [5400.0, 2715.0], [5405.0, 2710.0], [5415.0, 2710.0], [5420.0, 2705.0], [5425.0, 2700.0], [5430.0, 2695.0], [5435.0, 2690.0], [5440.0, 2685.0], [5440.0, 2675.0], [5445.0, 2670.0], [5450.0, 2665.0], [5455.0, 2660.0], [5460.0, 2655.0], [5465.0, 2650.0], [5470.0, 2645.0], [5475.0, 2640.0], [5480.0, 2635.0], [5480.0, 2625.0], [5485.0, 2620.0], [5490.0, 2615.0], [5495.0, 2610.0], [5500.0, 2605.0], [5505.0, 2600.0], [5510.0, 2595.0], [5515.0, 2590.0], [5520.0, 2585.0], [5520.0, 2575.0], [5525.0, 2570.0], [5530.0, 2565.0], [5535.0, 2560.0], [5540.0, 2555.0], [5545.0, 2550.0], [5550.0, 2545.0], [5555.0, 2540.0], [5560.0, 2535.0], [5560.0, 2525.0], [5565.0, 2520.0], [5570.0, 2515.0], [5575.0, 2510.0], [5580.0, 2505.0], [5585.0, 2500.0], [5595.0, 2500.0], [5600.0, 2495.0], [5605.0, 2490.0], [5615.0, 2490.0], [5620.0, 2485.0], [5625.0, 2480.0], [5635.0, 2480.0], [5640.0, 2475.0], [5645.0, 2470.0], [5655.0, 2470.0], [5660.0, 2465.0], [5665.0, 2460.0], [5670.0, 2455.0], [5675.0, 2450.0], [5685.0, 2450.0], [5690.0, 2445.0], [5695.0, 2440.0], [5700.0, 2435.0], [5705.0, 2430.0], [5710.0, 2425.0], [5710.0, 2415.0], [5715.0, 2410.0], [5720.0, 2405.0], [5725.0, 2400.0], [5730.0, 2395.0], [5730.0, 2385.0], [5735.0, 2380.0], [5740.0, 2375.0], [5740.0, 2365.0], [5745.0, 2360.0], [5750.0, 2355.0], [5750.0, 2345.0], [5755.0, 2340.0], [5765.0, 2340.0], [5770.0, 2335.0], [5775.0, 2330.0], [5780.0, 2325.0], [5785.0, 2320.0], [5790.0, 2315.0], [5790.0, 2305.0], [5795.0, 2300.0], [5800.0, 2295.0], [5805.0, 2290.0], [5810.0, 2285.0], [5810.0, 2275.0], [5815.0, 2270.0], [5820.0, 2265.0], [5820.0, 2255.0], [5825.0, 2250.0], [5830.0, 2245.0], [5830.0, 2235.0], [5830.0, 2225.0], [5830.0, 2215.0], [5835.0, 2210.0], [5840.0, 2205.0], [5840.0, 2195.0], [5840.0, 2185.0], [5840.0, 2175.0], [5840.0, 2165.0], [5840.0, 2155.0], [5845.0, 2150.0], [5855.0, 2150.0], [5860.0, 2145.0], [5865.0, 2140.0], [5875.0, 2140.0], [5880.0, 2135.0], [5885.0, 2130.0], [5890.0, 2125.0], [5895.0, 2120.0], [5905.0, 2120.0], [5915.0, 2120.0], [5925.0, 2120.0], [5935.0, 2120.0], [5940.0, 2115.0], [5945.0, 2110.0], [5955.0, 2110.0], [5960.0, 2105.0], [5965.0, 2100.0], [5975.0, 2100.0], [5980.0, 2095.0], [5985.0, 2090.0], [5990.0, 2085.0], [5995.0, 2080.0], [6005.0, 2080.0], [6010.0, 2075.0], [6015.0, 2070.0], [6020.0, 2065.0], [6025.0, 2060.0], [6030.0, 2055.0], [6030.0, 2045.0], [6035.0, 2040.0], [6040.0, 2035.0], [6045.0, 2030.0], [6055.0, 2030.0], [6065.0, 2030.0], [6070.0, 2025.0], [6075.0, 2020.0], [6085.0, 2020.0], [6090.0, 2015.0], [6095.0, 2010.0], [6105.0, 2010.0], [6110.0, 2005.0], [6115.0, 2000.0], [6120.0, 1995.0], [6125.0, 1990.0], [6135.0, 1990.0], [6140.0, 1985.0], [6145.0, 1980.0], [6150.0, 1975.0], [6155.0, 1970.0], [6160.0, 1965.0], [6165.0, 1960.0], [6170.0, 1955.0], [6170.0, 1945.0], [6175.0, 1940.0], [6180.0, 1935.0], [6185.0, 1930.0], [6190.0, 1925.0], [6190.0, 1915.0], [6195.0, 1910.0], [6200.0, 1905.0], [6200.0, 1895.0], [6205.0, 1890.0], [6210.0, 1885.0], [6210.0, 1875.0], [6210.0, 1865.0], [6210.0, 1855.0], [6215.0, 1850.0], [6220.0, 1845.0], [6225.0, 1840.0], [6230.0, 1835.0], [6235.0, 1830.0], [6240.0, 1825.0], [6245.0, 1820.0], [6255.0, 1820.0], [6260.0, 1815.0], [6265.0, 1810.0], [6270.0, 1805.0], [6275.0, 1800.0], [6285.0, 1800.0], [6295.0, 1800.0], [6300.0, 1795.0], [6305.0, 1790.0], [6315.0, 1790.0], [6320.0, 1785.0], [6325.0, 1780.0], [6335.0, 1780.0], [6340.0, 1775.0], [6345.0, 1770.0], [6355.0, 1770.0], [6360.0, 1765.0], [6365.0, 1760.0], [6370.0, 1755.0], [6375.0, 1750.0], [6385.0, 1750.0], [6390.0, 1745.0], [6395.0, 1740.0], [6400.0, 1735.0], [6405.0, 1730.0], [6410.0, 1725.0], [6415.0, 1720.0], [6420.0, 1715.0], [6425.0, 1710.0], [6430.0, 1705.0], [6430.0, 1695.0], [6435.0, 1690.0], [6440.0, 1685.0], [6445.0, 1680.0], [6450.0, 1675.0], [6450.0, 1665.0], [6455.0, 1660.0], [6460.0, 1655.0], [6460.0, 1645.0], [6465.0, 1640.0], [6470.0, 1635.0], [6470.0, 1625.0], [6470.0, 1615.0], [6470.0, 1605.0], [6470.0, 1595.0], [6470.0, 1585.0], [6470.0, 1575.0], [6470.0, 1565.0], [6470.0, 1555.0], [6470.0, 1545.0], [6475.0, 1540.0], [6480.0, 1535.0], [6485.0, 1530.0], [6495.0, 1530.0], [6505.0, 1530.0], [6515.0, 1530.0], [6525.0, 1530.0], [6535.0, 1530.0], [6545.0, 1530.0], [6555.0, 1530.0], [6560.0, 1525.0], [6565.0, 1520.0], [6575.0, 1520.0], [6585.0, 1520.0], [6595.0, 1520.0], [6600.0, 1515.0], [6605.0, 1510.0], [6615.0, 1510.0], [6620.0, 1505.0], [6625.0, 1500.0], [6635.0, 1500.0], [6645.0, 1500.0], [6655.0, 1500.0], [6660.0, 1495.0], [6665.0, 1490.0], [6675.0, 1490.0], [6685.0, 1490.0], [6695.0, 1490.0], [6700.0, 1495.0], [6700.0, 1505.0], [6705.0, 1510.0], [6710.0, 1515.0], [6715.0, 1520.0], [6720.0, 1525.0], [6725.0, 1530.0], [6730.0, 1535.0], [6735.0, 1540.0], [6740.0, 1545.0], [6745.0, 1550.0], [6755.0, 1550.0], [6760.0, 1555.0], [6765.0, 1560.0], [6770.0, 1565.0], [6775.0, 1570.0], [6785.0, 1570.0], [6790.0, 1575.0], [6795.0, 1580.0], [6805.0, 1580.0], [6810.0, 1585.0], [6815.0, 1590.0], [6825.0, 1590.0], [6835.0, 1590.0], [6845.0, 1590.0], [6855.0, 1590.0], [6865.0, 1590.0], [6875.0, 1590.0], [6885.0, 1590.0], [6895.0, 1590.0], [6905.0, 1590.0], [6910.0, 1595.0], [6915.0, 1600.0], [6920.0, 1605.0], [6925.0, 1610.0], [6930.0, 1615.0], [6930.0, 1625.0], [6935.0, 1630.0], [6940.0, 1635.0], [6945.0, 1640.0], [6950.0, 1645.0], [6955.0, 1650.0], [6960.0, 1655.0], [6965.0, 1660.0], [6975.0, 1660.0], [6980.0, 1665.0], [6985.0, 1670.0], [6990.0, 1675.0], [6995.0, 1680.0], [7005.0, 1680.0], [7010.0, 1685.0], [7015.0, 1690.0], [7025.0, 1690.0], [7030.0, 1695.0], [7035.0, 1700.0], [7045.0, 1700.0], [7050.0, 1705.0], [7055.0, 1710.0], [7065.0, 1710.0], [7075.0, 1710.0], [7085.0, 1710.0], [7095.0, 1710.0], [7105.0, 1710.0], [7115.0, 1710.0], [7120.0, 1715.0], [7125.0, 1720.0], [7130.0, 1725.0], [7130.0, 1735.0], [7135.0, 1740.0], [7140.0, 1745.0], [7145.0, 1750.0], [7150.0, 1755.0], [7150.0, 1765.0], [7155.0, 1770.0], [7160.0, 1775.0], [7165.0, 1780.0], [7170.0, 1785.0], [7175.0, 1790.0], [7180.0, 1795.0], [7180.0, 1805.0], [7180.0, 1815.0], [7180.0, 1825.0], [7180.0, 1835.0], [7180.0, 1845.0], [7180.0, 1855.0], [7180.0, 1865.0], [7180.0, 1875.0], [7180.0, 1885.0], [7180.0, 1895.0], [7180.0, 1905.0], [7180.0, 1915.0], [7185.0, 1920.0], [7190.0, 1925.0], [7190.0, 1935.0], [7190.0, 1945.0], [7190.0, 1955.0], [7190.0, 1965.0], [7190.0, 1975.0], [7195.0, 1980.0], [7200.0, 1985.0], [7200.0, 1995.0], [7200.0, 2005.0], [7205.0, 2010.0], [7210.0, 2015.0], [7210.0, 2025.0], [7215.0, 2030.0], [7220.0, 2035.0], [7220.0, 2045.0], [7225.0, 2050.0], [7230.0, 2055.0], [7235.0, 2060.0], [7240.0, 2065.0], [7240.0, 2075.0], [7245.0, 2080.0], [7250.0, 2085.0], [7255.0, 2090.0], [7260.0, 2095.0], [7265.0, 2100.0], [7275.0, 2100.0], [7280.0, 2105.0], [7285.0, 2110.0], [7290.0, 2115.0], [7295.0, 2120.0], [7305.0, 2120.0], [7310.0, 2125.0], [7315.0, 2130.0], [7325.0, 2130.0], [7330.0, 2135.0], [7335.0, 2140.0], [7345.0, 2140.0], [7355.0, 2140.0], [7365.0, 2140.0], [7375.0, 2140.0], [7385.0, 2140.0], [7390.0, 2145.0], [7390.0, 2155.0], [7390.0, 2165.0], [7390.0, 2175.0], [7395.0, 2180.0], [7400.0, 2185.0], [7400.0, 2195.0], [7405.0, 2200.0], [7410.0, 2205.0], [7410.0, 2215.0], [7415.0, 2220.0], [7420.0, 2225.0], [7425.0, 2230.0], [7430.0, 2235.0], [7430.0, 2245.0], [7435.0, 2250.0], [7440.0, 2255.0], [7445.0, 2260.0], [7450.0, 2265.0], [7450.0, 2275.0], [7455.0, 2280.0], [7460.0, 2285.0], [7465.0, 2290.0], [7470.0, 2295.0], [7475.0, 2300.0], [7480.0, 2305.0], [7485.0, 2310.0], [7490.0, 2315.0], [7495.0, 2320.0], [7505.0, 2320.0], [7510.0, 2325.0], [7515.0, 2330.0], [7520.0, 2335.0], [7525.0, 2340.0], [7535.0, 2340.0], [7540.0, 2345.0], [7545.0, 2350.0], [7555.0, 2350.0], [7560.0, 2355.0], [7565.0, 2360.0], [7575.0, 2360.0], [7585.0, 2360.0], [7595.0, 2360.0], [7605.0, 2360.0], [7610.0, 2365.0], [7610.0, 2375.0], [7610.0, 2385.0], [7610.0, 2395.0], [7610.0, 2405.0], [7610.0, 2415.0], [7610.0, 2425.0], [7610.0, 2435.0], [7610.0, 2445.0], [7610.0, 2455.0], [7610.0, 2465.0], [7610.0, 2475.0], [7610.0, 2485.0], [7610.0, 2495.0], [7610.0, 2505.0], [7610.0, 2515.0], [7610.0, 2525.0], [7605.0, 2530.0], [7595.0, 2530.0], [7585.0, 2530.0], [7575.0, 2530.0], [7565.0, 2530.0], [7555.0, 2530.0], [7545.0, 2530.0], [7535.0, 2530.0], [7530.0, 2525.0], [7525.0, 2520.0], [7515.0, 2520.0], [7505.0, 2520.0], [7500.0, 2515.0], [7495.0, 2510.0], [7485.0, 2510.0], [7480.0, 2505.0], [7475.0, 2500.0], [7465.0, 2500.0], [7460.0, 2495.0], [7455.0, 2490.0], [7450.0, 2495.0], [7455.0, 2500.0], [7460.0, 2505.0], [7460.0, 2515.0], [7465.0, 2520.0], [7470.0, 2525.0], [7470.0, 2535.0], [7475.0, 2540.0], [7480.0, 2545.0], [7480.0, 2555.0], [7485.0, 2560.0], [7490.0, 2565.0], [7490.0, 2575.0], [7495.0, 2580.0], [7500.0, 2585.0], [7500.0, 2595.0], [7500.0, 2605.0], [7505.0, 2610.0], [7510.0, 2615.0], [7510.0, 2625.0], [7510.0, 2635.0], [7505.0, 2640.0], [7500.0, 2645.0], [7495.0, 2650.0], [7490.0, 2655.0], [7485.0, 2660.0], [7480.0, 2665.0], [7475.0, 2670.0], [7470.0, 2675.0], [7470.0, 2685.0], [7465.0, 2690.0], [7455.0, 2690.0], [7445.0, 2690.0], [7440.0, 2695.0], [7435.0, 2700.0], [7425.0, 2700.0], [7415.0, 2700.0], [7410.0, 2705.0], [7405.0, 2710.0], [7395.0, 2710.0], [7385.0, 2710.0], [7380.0, 2715.0], [7375.0, 2720.0], [7365.0, 2720.0], [7360.0, 2725.0], [7355.0, 2730.0], [7345.0, 2730.0], [7340.0, 2725.0], [7340.0, 2715.0], [7340.0, 2705.0], [7340.0, 2695.0], [7340.0, 2685.0], [7340.0, 2675.0], [7340.0, 2665.0], [7340.0, 2655.0], [7340.0, 2645.0], [7335.0, 2640.0], [7330.0, 2635.0], [7330.0, 2625.0], [7325.0, 2620.0], [7320.0, 2615.0], [7320.0, 2605.0], [7315.0, 2600.0], [7310.0, 2595.0], [7305.0, 2590.0], [7300.0, 2585.0], [7300.0, 2575.0], [7295.0, 2570.0], [7290.0, 2565.0], [7285.0, 2560.0], [7280.0, 2555.0], [7275.0, 2550.0], [7270.0, 2545.0], [7265.0, 2540.0], [7255.0, 2540.0], [7250.0, 2535.0], [7245.0, 2530.0], [7240.0, 2525.0], [7235.0, 2520.0], [7225.0, 2520.0], [7220.0, 2515.0], [7215.0, 2510.0], [7210.0, 2505.0], [7205.0, 2500.0], [7195.0, 2500.0], [7190.0, 2495.0], [7185.0, 2490.0], [7175.0, 2490.0], [7170.0, 2485.0], [7165.0, 2480.0], [7155.0, 2480.0], [7145.0, 2480.0], [7135.0, 2480.0], [7125.0, 2480.0], [7115.0, 2480.0], [7105.0, 2480.0], [7095.0, 2480.0], [7085.0, 2480.0], [7075.0, 2480.0], [7065.0, 2480.0], [7060.0, 2485.0], [7055.0, 2490.0], [7045.0, 2490.0], [7040.0, 2495.0], [7035.0, 2500.0], [7025.0, 2500.0], [7020.0, 2505.0], [7015.0, 2510.0], [7010.0, 2515.0], [7005.0, 2520.0], [6995.0, 2520.0], [6990.0, 2525.0], [6985.0, 2530.0], [6980.0, 2535.0], [6975.0, 2540.0], [6970.0, 2545.0], [6970.0, 2555.0], [6965.0, 2560.0], [6960.0, 2565.0], [6955.0, 2570.0], [6950.0, 2575.0], [6950.0, 2585.0], [6945.0, 2590.0], [6940.0, 2595.0], [6940.0, 2605.0], [6935.0, 2610.0], [6930.0, 2615.0], [6930.0, 2625.0], [6925.0, 2630.0], [6920.0, 2635.0], [6920.0, 2645.0], [6915.0, 2650.0], [6910.0, 2655.0], [6910.0, 2665.0], [6910.0, 2675.0], [6910.0, 2685.0], [6910.0, 2695.0], [6910.0, 2705.0], [6910.0, 2715.0], [6910.0, 2725.0], [6910.0, 2735.0], [6910.0, 2745.0], [6910.0, 2755.0], [6915.0, 2760.0], [6920.0, 2765.0], [6920.0, 2775.0], [6925.0, 2780.0], [6930.0, 2785.0], [6930.0, 2795.0], [6935.0, 2800.0], [6940.0, 2805.0], [6945.0, 2810.0], [6950.0, 2815.0], [6950.0, 2825.0], [6955.0, 2830.0], [6960.0, 2835.0], [6965.0, 2840.0], [6970.0, 2845.0], [6975.0, 2850.0], [6985.0, 2850.0], [6990.0, 2855.0], [6995.0, 2860.0], [7000.0, 2865.0], [7005.0, 2870.0], [7015.0, 2870.0], [7020.0, 2875.0], [7025.0, 2880.0], [7035.0, 2880.0], [7040.0, 2885.0], [7045.0, 2890.0], [7055.0, 2890.0], [7060.0, 2895.0], [7065.0, 2900.0], [7075.0, 2900.0], [7080.0, 2905.0], [7085.0, 2910.0], [7095.0, 2910.0], [7100.0, 2915.0], [7095.0, 2920.0], [7090.0, 2925.0], [7090.0, 2935.0], [7095.0, 2940.0], [7100.0, 2945.0], [7095.0, 2950.0], [7090.0, 2955.0], [7090.0, 2965.0], [7095.0, 2970.0], [7100.0, 2975.0], [7100.0, 2985.0], [7100.0, 2995.0], [7095.0, 3000.0], [7090.0, 3005.0], [7085.0, 3010.0], [7080.0, 3015.0], [7075.0, 3020.0], [7070.0, 3025.0], [7065.0, 3030.0], [7060.0, 3035.0], [7055.0, 3040.0], [7050.0, 3045.0], [7045.0, 3050.0], [7035.0, 3050.0], [7030.0, 3055.0], [7025.0, 3060.0], [7015.0, 3060.0], [7005.0, 3060.0], [7000.0, 3055.0], [6995.0, 3050.0], [6985.0, 3050.0], [6980.0, 3045.0], [6975.0, 3040.0], [6965.0, 3040.0], [6960.0, 3035.0], [6955.0, 3030.0], [6945.0, 3030.0], [6940.0, 3025.0], [6935.0, 3020.0], [6925.0, 3020.0], [6920.0, 3015.0], [6915.0, 3010.0], [6905.0, 3010.0], [6900.0, 3005.0], [6895.0, 3000.0], [6890.0, 2995.0], [6885.0, 2990.0], [6880.0, 2985.0], [6875.0, 2980.0], [6865.0, 2980.0], [6860.0, 2975.0], [6855.0, 2970.0], [6850.0, 2965.0], [6845.0, 2960.0], [6840.0, 2955.0], [6835.0, 2950.0], [6830.0, 2945.0], [6825.0, 2940.0], [6820.0, 2935.0], [6820.0, 2925.0], [6815.0, 2920.0], [6810.0, 2915.0], [6805.0, 2910.0], [6800.0, 2905.0], [6795.0, 2900.0], [6790.0, 2895.0], [6790.0, 2885.0], [6785.0, 2880.0], [6780.0, 2875.0], [6780.0, 2865.0], [6775.0, 2860.0], [6770.0, 2855.0], [6770.0, 2845.0], [6765.0, 2840.0], [6760.0, 2835.0], [6760.0, 2825.0], [6755.0, 2820.0], [6750.0, 2815.0], [6750.0, 2805.0], [6750.0, 2795.0], [6745.0, 2790.0], [6740.0, 2785.0], [6740.0, 2775.0], [6740.0, 2765.0], [6740.0, 2755.0], [6740.0, 2745.0], [6740.0, 2735.0], [6740.0, 2725.0], [6740.0, 2715.0], [6740.0, 2705.0], [6740.0, 2695.0], [6740.0, 2685.0], [6740.0, 2675.0], [6740.0, 2665.0], [6740.0, 2655.0], [6740.0, 2645.0], [6740.0, 2635.0], [6740.0, 2625.0], [6745.0, 2620.0], [6750.0, 2615.0], [6750.0, 2605.0], [6750.0, 2595.0], [6755.0, 2590.0], [6760.0, 2585.0], [6760.0, 2575.0], [6765.0, 2570.0], [6770.0, 2565.0], [6770.0, 2555.0], [6775.0, 2550.0], [6780.0, 2545.0], [6780.0, 2535.0], [6785.0, 2530.0], [6790.0, 2525.0], [6790.0, 2515.0], [6795.0, 2510.0], [6800.0, 2505.0], [6800.0, 2495.0], [6805.0, 2490.0], [6810.0, 2485.0], [6810.0, 2475.0], [6815.0, 2470.0], [6820.0, 2465.0], [6825.0, 2460.0], [6830.0, 2455.0], [6835.0, 2450.0], [6840.0, 2445.0], [6840.0, 2435.0], [6845.0, 2430.0], [6850.0, 2425.0], [6855.0, 2420.0], [6860.0, 2415.0], [6865.0, 2410.0], [6870.0, 2405.0], [6875.0, 2400.0], [6880.0, 2395.0], [6885.0, 2390.0], [6895.0, 2390.0], [6900.0, 2385.0], [6905.0, 2380.0], [6910.0, 2375.0], [6915.0, 2370.0], [6920.0, 2365.0], [6925.0, 2360.0], [6935.0, 2360.0], [6940.0, 2355.0], [6945.0, 2350.0], [6955.0, 2350.0], [6960.0, 2345.0], [6965.0, 2340.0], [6975.0, 2340.0], [6980.0, 2335.0], [6985.0, 2330.0], [6995.0, 2330.0], [7000.0, 2325.0], [7005.0, 2320.0], [7015.0, 2320.0], [7025.0, 2320.0], [7030.0, 2315.0], [7035.0, 2310.0], [7045.0, 2310.0], [7055.0, 2310.0], [7065.0, 2310.0], [7075.0, 2310.0], [7085.0, 2310.0], [7095.0, 2310.0], [7105.0, 2310.0], [7115.0, 2310.0], [7125.0, 2310.0], [7135.0, 2310.0], [7145.0, 2310.0], [7155.0, 2310.0], [7165.0, 2310.0], [7175.0, 2310.0], [7185.0, 2310.0], [7195.0, 2310.0], [7200.0, 2315.0], [7205.0, 2320.0], [7215.0, 2320.0], [7225.0, 2320.0], [7230.0, 2325.0], [7235.0, 2330.0], [7245.0, 2330.0], [7250.0, 2335.0], [7255.0, 2340.0], [7265.0, 2340.0], [7270.0, 2345.0], [7275.0, 2350.0], [7285.0, 2350.0], [7290.0, 2355.0], [7295.0, 2360.0], [7300.0, 2355.0], [7295.0, 2350.0], [7290.0, 2345.0], [7290.0, 2335.0], [7285.0, 2330.0], [7280.0, 2325.0], [7275.0, 2320.0], [7270.0, 2315.0], [7270.0, 2305.0], [7265.0, 2300.0], [7260.0, 2295.0], [7255.0, 2290.0], [7250.0, 2285.0], [7245.0, 2280.0], [7235.0, 2280.0], [7230.0, 2275.0], [7225.0, 2270.0], [7215.0, 2270.0], [7210.0, 2265.0], [7205.0, 2260.0], [7195.0, 2260.0], [7190.0, 2255.0], [7185.0, 2250.0], [7180.0, 2245.0], [7175.0, 2240.0], [7170.0, 2235.0], [7165.0, 2230.0], [7155.0, 2230.0], [7150.0, 2225.0], [7145.0, 2220.0], [7140.0, 2215.0], [7135.0, 2210.0], [7130.0, 2205.0], [7125.0, 2200.0], [7120.0, 2195.0], [7115.0, 2190.0], [7110.0, 2185.0], [7110.0, 2175.0], [7105.0, 2170.0], [7100.0, 2165.0], [7095.0, 2160.0], [7090.0, 2155.0], [7085.0, 2150.0], [7080.0, 2145.0], [7080.0, 2135.0], [7075.0, 2130.0], [7070.0, 2125.0], [7070.0, 2115.0], [7065.0, 2110.0], [7060.0, 2105.0], [7060.0, 2095.0], [7055.0, 2090.0], [7050.0, 2085.0], [7050.0, 2075.0], [7045.0, 2070.0], [7040.0, 2065.0], [7040.0, 2055.0], [7040.0, 2045.0], [7035.0, 2040.0], [7030.0, 2035.0], [7030.0, 2025.0], [7030.0, 2015.0], [7025.0, 2010.0], [7020.0, 2005.0], [7020.0, 1995.0], [7020.0, 1985.0], [7020.0, 1975.0], [7020.0, 1965.0], [7020.0, 1955.0], [7015.0, 1950.0], [7010.0, 1945.0], [7010.0, 1935.0], [7010.0, 1925.0], [7010.0, 1915.0], [7010.0, 1905.0], [7010.0, 1895.0], [7010.0, 1885.0], [7010.0, 1875.0], [7005.0, 1870.0], [6995.0, 1870.0], [6990.0, 1865.0], [6985.0, 1860.0], [6975.0, 1860.0], [6970.0, 1855.0], [6965.0, 1850.0], [6955.0, 1850.0], [6950.0, 1845.0], [6945.0, 1840.0], [6935.0, 1840.0], [6930.0, 1835.0], [6925.0, 1830.0], [6915.0, 1830.0], [6910.0, 1825.0], [6905.0, 1820.0], [6895.0, 1820.0], [6890.0, 1815.0], [6885.0, 1810.0], [6880.0, 1805.0], [6875.0, 1800.0], [6870.0, 1795.0], [6865.0, 1790.0], [6855.0, 1790.0], [6850.0, 1785.0], [6845.0, 1780.0], [6840.0, 1775.0], [6835.0, 1770.0], [6830.0, 1765.0], [6825.0, 1760.0], [6815.0, 1760.0], [6805.0, 1760.0], [6795.0, 1760.0], [6785.0, 1760.0], [6780.0, 1755.0], [6775.0, 1750.0], [6765.0, 1750.0], [6755.0, 1750.0], [6750.0, 1745.0], [6745.0, 1740.0], [6735.0, 1740.0], [6730.0, 1735.0], [6725.0, 1730.0], [6715.0, 1730.0], [6710.0, 1725.0], [6705.0, 1720.0], [6695.0, 1720.0], [6690.0, 1715.0], [6685.0, 1710.0], [6675.0, 1710.0], [6670.0, 1705.0], [6665.0, 1700.0], [6660.0, 1695.0], [6655.0, 1690.0], [6650.0, 1685.0], [6645.0, 1680.0], [6635.0, 1680.0], [6630.0, 1685.0], [6630.0, 1695.0], [6625.0, 1700.0], [6620.0, 1705.0], [6620.0, 1715.0], [6615.0, 1720.0], [6610.0, 1725.0], [6610.0, 1735.0], [6605.0, 1740.0], [6600.0, 1745.0], [6600.0, 1755.0], [6595.0, 1760.0], [6590.0, 1765.0], [6590.0, 1775.0], [6585.0, 1780.0], [6580.0, 1785.0], [6575.0, 1790.0], [6570.0, 1795.0], [6565.0, 1800.0], [6560.0, 1805.0], [6560.0, 1815.0], [6555.0, 1820.0], [6550.0, 1825.0], [6545.0, 1830.0], [6540.0, 1835.0], [6535.0, 1840.0], [6530.0, 1845.0], [6525.0, 1850.0], [6520.0, 1855.0], [6515.0, 1860.0], [6510.0, 1865.0], [6505.0, 1870.0], [6500.0, 1875.0], [6495.0, 1880.0], [6485.0, 1880.0], [6480.0, 1885.0], [6475.0, 1890.0], [6470.0, 1895.0], [6465.0, 1900.0], [6460.0, 1905.0], [6455.0, 1910.0], [6445.0, 1910.0], [6440.0, 1915.0], [6435.0, 1920.0], [6425.0, 1920.0], [6420.0, 1925.0], [6415.0, 1930.0], [6405.0, 1930.0], [6400.0, 1935.0], [6395.0, 1940.0], [6385.0, 1940.0], [6380.0, 1945.0], [6375.0, 1950.0], [6365.0, 1950.0], [6360.0, 1955.0], [6360.0, 1965.0], [6355.0, 1970.0], [6350.0, 1975.0], [6350.0, 1985.0], [6345.0, 1990.0], [6340.0, 1995.0], [6340.0, 2005.0], [6335.0, 2010.0], [6330.0, 2015.0], [6330.0, 2025.0], [6325.0, 2030.0], [6320.0, 2035.0], [6315.0, 2040.0], [6310.0, 2045.0], [6305.0, 2050.0], [6300.0, 2055.0], [6300.0, 2065.0], [6295.0, 2070.0], [6290.0, 2075.0], [6285.0, 2080.0], [6280.0, 2085.0], [6275.0, 2090.0], [6270.0, 2095.0], [6265.0, 2100.0], [6260.0, 2105.0], [6255.0, 2110.0], [6250.0, 2115.0], [6245.0, 2120.0], [6235.0, 2120.0], [6230.0, 2125.0], [6225.0, 2130.0], [6220.0, 2135.0], [6215.0, 2140.0], [6210.0, 2145.0], [6205.0, 2150.0], [6195.0, 2150.0], [6190.0, 2155.0], [6185.0, 2160.0], [6175.0, 2160.0], [6170.0, 2165.0], [6165.0, 2170.0], [6155.0, 2170.0], [6150.0, 2175.0], [6145.0, 2180.0], [6140.0, 2185.0], [6135.0, 2190.0], [6130.0, 2195.0], [6125.0, 2200.0], [6120.0, 2205.0], [6115.0, 2210.0], [6105.0, 2210.0], [6100.0, 2215.0], [6095.0, 2220.0], [6090.0, 2225.0], [6085.0, 2230.0], [6080.0, 2235.0], [6075.0, 2240.0], [6065.0, 2240.0], [6060.0, 2245.0], [6055.0, 2250.0], [6045.0, 2250.0], [6040.0, 2255.0], [6035.0, 2260.0], [6025.0, 2260.0], [6020.0, 2265.0], [6015.0, 2270.0], [6005.0, 2270.0], [6000.0, 2275.0], [5995.0, 2280.0], [5990.0, 2285.0], [5990.0, 2295.0], [5990.0, 2305.0], [5985.0, 2310.0], [5980.0, 2315.0], [5980.0, 2325.0], [5975.0, 2330.0], [5970.0, 2335.0], [5970.0, 2345.0], [5965.0, 2350.0], [5960.0, 2355.0], [5960.0, 2365.0], [5955.0, 2370.0], [5950.0, 2375.0], [5950.0, 2385.0], [5945.0, 2390.0], [5940.0, 2395.0], [5935.0, 2400.0], [5930.0, 2405.0], [5925.0, 2410.0], [5920.0, 2415.0], [5920.0, 2425.0], [5915.0, 2430.0], [5910.0, 2435.0], [5905.0, 2440.0], [5900.0, 2445.0], [5895.0, 2450.0], [5890.0, 2455.0], [5885.0, 2460.0], [5880.0, 2465.0], [5880.0, 2475.0], [5875.0, 2480.0], [5870.0, 2485.0], [5870.0, 2495.0], [5865.0, 2500.0], [5860.0, 2505.0], [5855.0, 2510.0], [5850.0, 2515.0], [5845.0, 2520.0], [5840.0, 2525.0], [5840.0, 2535.0], [5835.0, 2540.0], [5830.0, 2545.0], [5825.0, 2550.0], [5820.0, 2555.0], [5815.0, 2560.0], [5810.0, 2565.0], [5805.0, 2570.0], [5800.0, 2575.0], [5795.0, 2580.0], [5785.0, 2580.0], [5780.0, 2585.0], [5775.0, 2590.0], [5770.0, 2595.0], [5765.0, 2600.0], [5760.0, 2605.0], [5755.0, 2610.0], [5745.0, 2610.0], [5740.0, 2615.0], [5735.0, 2620.0], [5725.0, 2620.0], [5720.0, 2625.0], [5715.0, 2630.0], [5705.0, 2630.0], [5700.0, 2635.0], [5695.0, 2640.0], [5690.0, 2645.0], [5685.0, 2650.0], [5680.0, 2655.0], [5675.0, 2660.0], [5670.0, 2665.0], [5665.0, 2670.0], [5660.0, 2675.0], [5655.0, 2680.0], [5650.0, 2685.0], [5650.0, 2695.0], [5645.0, 2700.0], [5640.0, 2705.0], [5640.0, 2715.0], [5645.0, 2720.0], [5650.0, 2725.0], [5655.0, 2730.0], [5665.0, 2730.0], [5670.0, 2735.0], [5675.0, 2740.0], [5680.0, 2745.0], [5685.0, 2750.0], [5690.0, 2755.0], [5695.0, 2760.0], [5700.0, 2765.0], [5705.0, 2770.0], [5710.0, 2775.0], [5710.0, 2785.0], [5715.0, 2790.0], [5720.0, 2795.0], [5725.0, 2800.0], [5730.0, 2805.0], [5735.0, 2810.0], [5740.0, 2815.0], [5740.0, 2825.0], [5745.0, 2830.0], [5750.0, 2835.0], [5755.0, 2840.0], [5765.0, 2840.0], [5775.0, 2840.0], [5780.0, 2835.0], [5785.0, 2830.0], [5795.0, 2830.0], [5800.0, 2825.0], [5805.0, 2820.0], [5815.0, 2820.0], [5820.0, 2815.0], [5825.0, 2810.0], [5835.0, 2810.0], [5840.0, 2805.0], [5845.0, 2800.0], [5855.0, 2800.0], [5865.0, 2800.0], [5870.0, 2795.0], [5875.0, 2790.0], [5885.0, 2790.0], [5895.0, 2790.0], [5905.0, 2790.0], [5915.0, 2790.0], [5925.0, 2790.0], [5935.0, 2790.0], [5945.0, 2790.0], [5955.0, 2790.0], [5965.0, 2790.0], [5975.0, 2790.0], [5985.0, 2790.0], [5995.0, 2790.0], [6005.0, 2790.0], [6015.0, 2790.0], [6025.0, 2790.0], [6035.0, 2790.0], [6040.0, 2795.0], [6045.0, 2800.0], [6055.0, 2800.0], [6065.0, 2800.0], [6075.0, 2800.0], [6085.0, 2800.0], [6090.0, 2805.0], [6095.0, 2810.0], [6105.0, 2810.0], [6115.0, 2810.0], [6120.0, 2815.0], [6125.0, 2820.0], [6135.0, 2820.0], [6140.0, 2825.0], [6145.0, 2830.0], [6155.0, 2830.0], [6165.0, 2830.0], [6175.0, 2830.0], [6185.0, 2830.0], [6195.0, 2830.0], [6205.0, 2830.0], [6210.0, 2835.0], [6215.0, 2840.0], [6225.0, 2840.0], [6235.0, 2840.0], [6245.0, 2840.0], [6255.0, 2840.0], [6265.0, 2840.0], [6270.0, 2845.0], [6275.0, 2850.0], [6285.0, 2850.0], [6295.0, 2850.0], [6300.0, 2855.0], [6305.0, 2860.0], [6315.0, 2860.0], [6320.0, 2865.0], [6325.0, 2870.0], [6335.0, 2870.0], [6340.0, 2875.0], [6345.0, 2880.0], [6355.0, 2880.0], [6365.0, 2880.0], [6375.0, 2880.0], [6385.0, 2880.0], [6395.0, 2880.0], [6405.0, 2880.0], [6415.0, 2880.0], [6425.0, 2880.0], [6430.0, 2885.0], [6435.0, 2890.0], [6445.0, 2890.0], [6455.0, 2890.0], [6465.0, 2890.0], [6475.0, 2890.0], [6485.0, 2890.0], [6495.0, 2890.0], [6500.0, 2895.0], [6505.0, 2900.0], [6515.0, 2900.0], [6525.0, 2900.0], [6530.0, 2905.0], [6535.0, 2910.0], [6545.0, 2910.0], [6550.0, 2915.0], [6555.0, 2920.0], [6565.0, 2920.0], [6570.0, 2925.0], [6575.0, 2930.0], [6585.0, 2930.0], [6595.0, 2930.0], [6600.0, 2935.0], [6605.0, 2940.0], [6615.0, 2940.0], [6620.0, 2945.0], [6625.0, 2950.0], [6635.0, 2950.0], [6640.0, 2955.0], [6645.0, 2960.0], [6655.0, 2960.0], [6660.0, 2965.0], [6665.0, 2970.0], [6675.0, 2970.0], [6680.0, 2975.0], [6685.0, 2980.0], [6690.0, 2985.0], [6695.0, 2990.0], [6700.0, 2995.0], [6705.0, 3000.0], [6715.0, 3000.0], [6720.0, 3005.0], [6725.0, 3010.0], [6735.0, 3010.0], [6740.0, 3015.0], [6745.0, 3020.0], [6750.0, 3025.0], [6755.0, 3030.0], [6760.0, 3035.0], [6765.0, 3040.0], [6775.0, 3040.0], [6780.0, 3045.0], [6785.0, 3050.0], [6790.0, 3055.0], [6795.0, 3060.0], [6800.0, 3065.0], [6805.0, 3070.0], [6810.0, 3075.0], [6815.0, 3080.0], [6820.0, 3085.0], [6825.0, 3090.0], [6830.0, 3095.0], [6830.0, 3105.0], [6835.0, 3110.0], [6840.0, 3115.0], [6845.0, 3120.0], [6850.0, 3125.0], [6855.0, 3130.0], [6860.0, 3135.0], [6860.0, 3145.0], [6865.0, 3150.0], [6870.0, 3155.0], [6870.0, 3165.0], [6875.0, 3170.0], [6880.0, 3175.0], [6880.0, 3185.0], [6885.0, 3190.0], [6890.0, 3195.0], [6885.0, 3200.0], [6880.0, 3205.0], [6875.0, 3210.0], [6865.0, 3210.0], [6855.0, 3210.0], [6845.0, 3210.0], [6840.0, 3215.0], [6835.0, 3220.0], [6830.0, 3225.0], [6825.0, 3230.0], [6815.0, 3230.0], [6805.0, 3230.0], [6795.0, 3230.0], [6790.0, 3235.0], [6785.0, 3240.0], [6775.0, 3240.0], [6770.0, 3245.0], [6765.0, 3250.0], [6760.0, 3255.0], [6760.0, 3265.0], [6755.0, 3270.0]]]}, "properties": {"objectType": "annotation", "name": "P3_1_C|deep", "classification": {"name": "deep", "color": [144, 133, 233]}, "lesion_id": 0, "section": "P3_1_C", "area_um2": 1062650.0, "lesion_ids": [2, 3, 5, 8, 11, 17, 18, 20]}}, {"type": "Feature", "geometry": {"type": "Polygon", "coordinates": [[[5685.0, 1820.0], [5675.0, 1820.0], [5670.0, 1815.0], [5670.0, 1805.0], [5670.0, 1795.0], [5670.0, 1785.0], [5670.0, 1775.0], [5670.0, 1765.0], [5670.0, 1755.0], [5675.0, 1750.0], [5680.0, 1745.0], [5685.0, 1740.0], [5690.0, 1735.0], [5690.0, 1725.0], [5695.0, 1720.0], [5700.0, 1715.0], [5705.0, 1710.0], [5710.0, 1705.0], [5710.0, 1695.0], [5715.0, 1690.0], [5720.0, 1685.0], [5725.0, 1680.0], [5730.0, 1675.0], [5730.0, 1665.0], [5735.0, 1660.0], [5740.0, 1655.0], [5740.0, 1645.0], [5745.0, 1640.0], [5750.0, 1635.0], [5755.0, 1630.0], [5760.0, 1625.0], [5760.0, 1615.0], [5765.0, 1610.0], [5770.0, 1605.0], [5775.0, 1600.0], [5780.0, 1595.0], [5785.0, 1590.0], [5790.0, 1585.0], [5795.0, 1580.0], [5800.0, 1575.0], [5805.0, 1570.0], [5810.0, 1575.0], [5810.0, 1585.0], [5810.0, 1595.0], [5810.0, 1605.0], [5810.0, 1615.0], [5805.0, 1620.0], [5800.0, 1625.0], [5800.0, 1635.0], [5800.0, 1645.0], [5800.0, 1655.0], [5800.0, 1665.0], [5800.0, 1675.0], [5795.0, 1680.0], [5790.0, 1685.0], [5795.0, 1690.0], [5800.0, 1695.0], [5795.0, 1700.0], [5790.0, 1705.0], [5790.0, 1715.0], [5785.0, 1720.0], [5780.0, 1725.0], [5780.0, 1735.0], [5780.0, 1745.0], [5775.0, 1750.0], [5770.0, 1755.0], [5765.0, 1760.0], [5760.0, 1765.0], [5755.0, 1770.0], [5745.0, 1770.0], [5740.0, 1775.0], [5735.0, 1780.0], [5730.0, 1785.0], [5725.0, 1790.0], [5720.0, 1795.0], [5715.0, 1800.0], [5710.0, 1805.0], [5705.0, 1810.0], [5695.0, 1810.0], [5690.0, 1815.0], [5685.0, 1820.0]]]}, "properties": {"objectType": "annotation", "name": "deep", "classification": {"name": "deep", "color": [144, 133, 233]}, "lesion_id": 0, "section": null, "area_um2": 15350.0, "lesion_ids": [5, 8]}}, {"type": "Feature", "geometry": {"type": "Polygon", "coordinates": [[[5065.0, 2800.0], [5060.0, 2795.0], [5060.0, 2785.0], [5055.0, 2780.0], [5050.0, 2775.0], [5045.0, 2770.0], [5040.0, 2765.0], [5035.0, 2760.0], [5030.0, 2755.0], [5025.0, 2750.0], [5020.0, 2745.0], [5020.0, 2735.0], [5020.0, 2725.0], [5015.0, 2720.0], [5010.0, 2715.0], [5010.0, 2705.0], [5010.0, 2695.0], [5015.0, 2690.0], [5020.0, 2685.0], [5020.0, 2675.0], [5015.0, 2670.0], [5010.0, 2665.0], [5010.0, 2655.0], [5015.0, 2650.0], [5020.0, 2645.0], [5015.0, 2640.0], [5005.0, 2640.0], [5000.0, 2635.0], [4995.0, 2630.0], [4990.0, 2625.0], [4985.0, 2620.0], [4980.0, 2615.0], [4980.0, 2605.0], [4980.0, 2595.0], [4975.0, 2590.0], [4970.0, 2585.0], [4970.0, 2575.0], [4970.0, 2565.0], [4970.0, 2555.0], [4975.0, 2550.0], [4980.0, 2545.0], [4980.0, 2535.0], [4980.0, 2525.0], [4985.0, 2520.0], [4990.0, 2515.0], [4995.0, 2510.0], [5000.0, 2505.0], [5005.0, 2500.0], [5015.0, 2500.0], [5020.0, 2495.0], [5025.0, 2490.0], [5035.0, 2490.0], [5040.0, 2485.0], [5035.0, 2480.0], [5030.0, 2475.0], [5030.0, 2465.0], [5035.0, 2460.0], [5040.0, 2455.0], [5040.0, 2445.0], [5045.0, 2440.0], [5050.0, 2435.0], [5045.0, 2430.0], [5040.0, 2425.0], [5040.0, 2415.0], [5040.0, 2405.0], [5035.0, 2400.0], [5030.0, 2395.0], [5025.0, 2390.0], [5020.0, 2385.0], [5020.0, 2375.0], [5015.0, 2370.0], [5010.0, 2365.0], [5010.0, 2355.0], [5010.0, 2345.0], [5010.0, 2335.0], [5005.0, 2330.0], [5000.0, 2325.0], [5005.0, 2320.0], [5010.0, 2315.0], [5005.0, 2310.0], [5000.0, 2305.0], [5000.0, 2295.0], [5000.0, 2285.0], [5005.0, 2280.0], [5010.0, 2275.0], [5010.0, 2265.0], [5015.0, 2260.0], [5020.0, 2255.0], [5025.0, 2250.0], [5030.0, 2245.0], [5035.0, 2240.0], [5045.0, 2240.0], [5050.0, 2245.0], [5055.0, 2250.0], [5060.0, 2255.0], [5065.0, 2260.0], [5070.0, 2265.0], [5070.0, 2275.0], [5075.0, 2280.0], [5080.0, 2285.0], [5080.0, 2295.0], [5085.0, 2300.0], [5090.0, 2305.0], [5090.0, 2315.0], [5090.0, 2325.0], [5090.0, 2335.0], [5095.0, 2340.0], [5100.0, 2345.0], [5100.0, 2355.0], [5105.0, 2360.0], [5110.0, 2355.0], [5110.0, 2345.0], [5115.0, 2340.0], [5120.0, 2335.0], [5120.0, 2325.0], [5120.0, 2315.0], [5125.0, 2310.0], [5130.0, 2305.0], [5130.0, 2295.0], [5135.0, 2290.0], [5140.0, 2285.0], [5140.0, 2275.0], [5145.0, 2270.0], [5150.0, 2265.0], [5150.0, 2255.0], [5155.0, 2250.0], [5160.0, 2245.0], [5160.0, 2235.0], [5165.0, 2230.0], [5170.0, 2225.0], [5175.0, 2220.0], [5180.0, 2215.0], [5185.0, 2210.0], [5190.0, 2205.0], [5195.0, 2200.0], [5200.0, 2195.0], [5205.0, 2190.0], [5210.0, 2185.0], [5215.0, 2180.0], [5220.0, 2175.0], [5225.0, 2170.0], [5235.0, 2170.0], [5240.0, 2165.0], [5245.0, 2160.0], [5250.0, 2155.0], [5255.0, 2150.0], [5260.0, 2145.0], [5265.0, 2140.0], [5270.0, 2135.0], [5275.0, 2130.0], [5280.0, 2125.0], [5285.0, 2120.0], [5290.0, 2115.0], [5295.0, 2110.0], [5300.0, 2105.0], [5305.0, 2100.0], [5315.0, 2100.0], [5320.0, 2105.0], [5315.0, 2110.0], [5310.0, 2115.0], [5305.0, 2120.0], [5300.0, 2125.0], [5295.0, 2130.0], [5290.0, 2135.0], [5285.0, 2140.0], [5280.0, 2145.0], [5275.0, 2150.0], [5270.0, 2155.0], [5270.0, 2165.0], [5265.0, 2170.0], [5260.0, 2175.0], [5260.0, 2185.0], [5255.0, 2190.0], [5250.0, 2195.0], [5250.0, 2205.0], [5250.0, 2215.0], [5250.0, 2225.0], [5250.0, 2235.0], [5245.0, 2240.0], [5240.0, 2245.0], [5240.0, 2255.0], [5235.0, 2260.0], [5230.0, 2265.0], [5230.0, 2275.0], [5225.0, 2280.0], [5215.0, 2280.0], [5210.0, 2285.0], [5205.0, 2290.0], [5200.0, 2295.0], [5195.0, 2300.0], [5185.0, 2300.0], [5180.0, 2305.0], [5175.0, 2310.0], [5170.0, 2315.0], [5165.0, 2320.0], [5160.0, 2325.0], [5155.0, 2330.0], [5150.0, 2335.0], [5145.0, 2340.0], [5140.0, 2345.0], [5135.0, 2350.0], [5130.0, 2355.0], [5130.0, 2365.0], [5125.0, 2370.0], [5120.0, 2375.0], [5120.0, 2385.0], [5115.0, 2390.0], [5110.0, 2395.0], [5110.0, 2405.0], [5110.0, 2415.0], [5105.0, 2420.0], [5100.0, 2425.0], [5100.0, 2435.0], [5100.0, 2445.0], [5100.0, 2455.0], [5100.0, 2465.0], [5095.0, 2470.0], [5090.0, 2475.0], [5095.0, 2480.0], [5100.0, 2485.0], [5100.0, 2495.0], [5100.0, 2505.0], [5100.0, 2515.0], [5095.0, 2520.0], [5090.0, 2525.0], [5085.0, 2530.0], [5080.0, 2535.0], [5075.0, 2540.0], [5070.0, 2545.0], [5070.0, 2555.0], [5070.0, 2565.0], [5070.0, 2575.0], [5070.0, 2585.0], [5070.0, 2595.0], [5075.0, 2600.0], [5080.0, 2605.0], [5080.0, 2615.0], [5085.0, 2620.0], [5090.0, 2625.0], [5090.0, 2635.0], [5090.0, 2645.0], [5090.0, 2655.0], [5095.0, 2660.0], [5100.0, 2665.0], [5100.0, 2675.0], [5100.0, 2685.0], [5100.0, 2695.0], [5095.0, 2700.0], [5090.0, 2705.0], [5090.0, 2715.0], [5090.0, 2725.0], [5090.0, 2735.0], [5090.0, 2745.0], [5090.0, 2755.0], [5090.0, 2765.0], [5085.0, 2770.0], [5080.0, 2775.0], [5080.0, 2785.0], [5075.0, 2790.0], [5070.0, 2795.0], [5065.0, 2800.0]]]}, "properties": {"objectType": "annotation", "name": "P3_1_L|deep_11", "classification": {"name": "deep", "color": [144, 133, 233]}, "lesion_id": 11, "section": "P3_1_L", "area_um2": 56050.0, "lesion_ids": [11]}}, {"type": "Feature", "geometry": {"type": "Polygon", "coordinates": [[[7685.0, 2490.0], [7675.0, 2490.0], [7665.0, 2490.0], [7655.0, 2490.0], [7645.0, 2490.0], [7635.0, 2490.0], [7630.0, 2485.0], [7630.0, 2475.0], [7630.0, 2465.0], [7630.0, 2455.0], [7635.0, 2450.0], [7640.0, 2445.0], [7640.0, 2435.0], [7635.0, 2430.0], [7630.0, 2425.0], [7630.0, 2415.0], [7630.0, 2405.0], [7630.0, 2395.0], [7630.0, 2385.0], [7635.0, 2380.0], [7640.0, 2375.0], [7640.0, 2365.0], [7640.0, 2355.0], [7640.0, 2345.0], [7645.0, 2340.0], [7655.0, 2340.0], [7665.0, 2340.0], [7670.0, 2335.0], [7675.0, 2330.0], [7685.0, 2330.0], [7690.0, 2325.0], [7695.0, 2320.0], [7705.0, 2320.0], [7710.0, 2315.0], [7715.0, 2310.0], [7720.0, 2305.0], [7725.0, 2300.0], [7730.0, 2295.0], [7735.0, 2290.0], [7740.0, 2285.0], [7745.0, 2280.0], [7750.0, 2275.0], [7755.0, 2270.0], [7760.0, 2265.0], [7760.0, 2255.0], [7765.0, 2250.0], [7770.0, 2245.0], [7770.0, 2235.0], [7775.0, 2230.0], [7780.0, 2225.0], [7780.0, 2215.0], [7780.0, 2205.0], [7785.0, 2200.0], [7790.0, 2205.0], [7790.0, 2215.0], [7790.0, 2225.0], [7790.0, 2235.0], [7785.0, 2240.0], [7780.0, 2245.0], [7780.0, 2255.0], [7775.0, 2260.0], [7770.0, 2265.0], [7770.0, 2275.0], [7765.0, 2280.0], [7760.0, 2285.0], [7760.0, 2295.0], [7755.0, 2300.0], [7750.0, 2305.0], [7750.0, 2315.0], [7745.0, 2320.0], [7740.0, 2325.0], [7740.0, 2335.0], [7735.0, 2340.0], [7730.0, 2345.0], [7730.0, 2355.0], [7725.0, 2360.0], [7720.0, 2365.0], [7720.0, 2375.0], [7720.0, 2385.0], [7715.0, 2390.0], [7710.0, 2395.0], [7710.0, 2405.0], [7710.0, 2415.0], [7710.0, 2425.0], [7715.0, 2430.0], [7720.0, 2435.0], [7720.0, 2445.0], [7715.0, 2450.0], [7710.0, 2455.0], [7710.0, 2465.0], [7710.0, 2475.0], [7705.0, 2480.0], [7695.0, 2480.0], [7690.0, 2485.0], [7685.0, 2490.0]]]}, "properties": {"objectType": "annotation", "name": "deep_3", "classification": {"name": "deep", "color": [144, 133, 233]}, "lesion_id": 3, "section": null, "area_um2": 15550.0, "lesion_ids": [3]}}, {"type": "Feature", "geometry": {"type": "Polygon", "coordinates": [[[5005.0, 2430.0], [5000.0, 2425.0], [5000.0, 2415.0], [5000.0, 2405.0], [5005.0, 2400.0], [5010.0, 2405.0], [5010.0, 2415.0], [5010.0, 2425.0], [5005.0, 2430.0]]]}, "properties": {"objectType": "annotation", "name": "P3_1_L|deep", "classification": {"name": "deep", "color": [144, 133, 233]}, "lesion_id": 0, "section": "P3_1_L", "area_um2": 250.0, "lesion_ids": []}}, {"type": "Feature", "geometry": {"type": "Polygon", "coordinates": [[[4995.0, 2470.0], [4990.0, 2465.0], [4990.0, 2455.0], [4990.0, 2445.0], [4990.0, 2435.0], [4995.0, 2430.0], [5000.0, 2435.0], [5000.0, 2445.0], [5000.0, 2455.0], [5000.0, 2465.0], [4995.0, 2470.0]]]}, "properties": {"objectType": "annotation", "name": "P3_1_L|deep", "classification": {"name": "deep", "color": [144, 133, 233]}, "lesion_id": 0, "section": "P3_1_L", "area_um2": 350.0, "lesion_ids": []}}, {"type": "Feature", "geometry": {"type": "Polygon", "coordinates": [[[7155.0, 3060.0], [7150.0, 3055.0], [7145.0, 3050.0], [7135.0, 3050.0], [7125.0, 3050.0], [7115.0, 3050.0], [7105.0, 3050.0], [7095.0, 3050.0], [7085.0, 3050.0], [7080.0, 3045.0], [7085.0, 3040.0], [7090.0, 3035.0], [7095.0, 3030.0], [7100.0, 3025.0], [7105.0, 3020.0], [7110.0, 3015.0], [7115.0, 3010.0], [7120.0, 3005.0], [7120.0, 2995.0], [7120.0, 2985.0], [7125.0, 2980.0], [7130.0, 2975.0], [7135.0, 2970.0], [7140.0, 2965.0], [7145.0, 2960.0], [7150.0, 2955.0], [7155.0, 2950.0], [7160.0, 2945.0], [7165.0, 2940.0], [7170.0, 2935.0], [7175.0, 2930.0], [7180.0, 2925.0], [7185.0, 2920.0], [7195.0, 2920.0], [7205.0, 2920.0], [7215.0, 2920.0], [7220.0, 2915.0], [7220.0, 2905.0], [7215.0, 2900.0], [7210.0, 2895.0], [7215.0, 2890.0], [7225.0, 2890.0], [7230.0, 2885.0], [7235.0, 2880.0], [7245.0, 2880.0], [7250.0, 2875.0], [7255.0, 2870.0], [7260.0, 2865.0], [7265.0, 2860.0], [7270.0, 2855.0], [7275.0, 2850.0], [7280.0, 2845.0], [7285.0, 2840.0], [7290.0, 2835.0], [7295.0, 2830.0], [7300.0, 2825.0], [7300.0, 2815.0], [7305.0, 2810.0], [7310.0, 2805.0], [7310.0, 2795.0], [7315.0, 2790.0], [7320.0, 2785.0], [7320.0, 2775.0], [7320.0, 2765.0], [7320.0, 2755.0], [7325.0, 2750.0], [7335.0, 2750.0], [7345.0, 2750.0], [7355.0, 2750.0], [7365.0, 2750.0], [7370.0, 2745.0], [7375.0, 2740.0], [7385.0, 2740.0], [7390.0, 2735.0], [7395.0, 2730.0], [7405.0, 2730.0], [7415.0, 2730.0], [7420.0, 2725.0], [7425.0, 2720.0], [7435.0, 2720.0], [7445.0, 2720.0], [7450.0, 2715.0], [7455.0, 2710.0], [7465.0, 2710.0], [7470.0, 2715.0], [7470.0, 2725.0], [7475.0, 2730.0], [7480.0, 2735.0], [7475.0, 2740.0], [7470.0, 2745.0], [7470.0, 2755.0], [7470.0, 2765.0], [7470.0, 2775.0], [7470.0, 2785.0], [7470.0, 2795.0], [7465.0, 2800.0], [7455.0, 2800.0], [7450.0, 2805.0], [7445.0, 2810.0], [7435.0, 2810.0], [7425.0, 2810.0], [7420.0, 2815.0], [7415.0, 2820.0], [7405.0, 2820.0], [7400.0, 2825.0], [7395.0, 2830.0], [7385.0, 2830.0], [7375.0, 2830.0], [7365.0, 2830.0], [7355.0, 2830.0], [7350.0, 2835.0], [7345.0, 2840.0], [7335.0, 2840.0], [7325.0, 2840.0], [7320.0, 2845.0], [7315.0, 2850.0], [7310.0, 2855.0], [7310.0, 2865.0], [7310.0, 2875.0], [7310.0, 2885.0], [7305.0, 2890.0], [7300.0, 2895.0], [7300.0, 2905.0], [7300.0, 2915.0], [7300.0, 2925.0], [7295.0, 2930.0], [7290.0, 2935.0], [7290.0, 2945.0], [7285.0, 2950.0], [7280.0, 2955.0], [7275.0, 2960.0], [7270.0, 2965.0], [7265.0, 2970.0], [7260.0, 2975.0], [7255.0, 2980.0], [7250.0, 2985.0], [7245.0, 2990.0], [7235.0, 2990.0], [7230.0, 2995.0], [7230.0, 3005.0], [7225.0, 3010.0], [7220.0, 3015.0], [7215.0, 3020.0], [7210.0, 3025.0], [7205.0, 3030.0], [7200.0, 3035.0], [7195.0, 3040.0], [7190.0, 3045.0], [7185.0, 3050.0], [7175.0, 3050.0], [7165.0, 3050.0], [7160.0, 3055.0], [7155.0, 3060.0]]]}, "properties": {"objectType": "annotation", "name": "P3_1_C|deep_17", "classification": {"name": "deep", "color": [144, 133, 233]}, "lesion_id": 17, "section": "P3_1_C", "area_um2": 35150.0, "lesion_ids": [17]}}, {"type": "Feature", "geometry": {"type": "Polygon", "coordinates": [[[4985.0, 2980.0], [4980.0, 2975.0], [4980.0, 2965.0], [4980.0, 2955.0], [4980.0, 2945.0], [4980.0, 2935.0], [4985.0, 2930.0], [4990.0, 2925.0], [4990.0, 2915.0], [4990.0, 2905.0], [4995.0, 2900.0], [5000.0, 2895.0], [5000.0, 2885.0], [5000.0, 2875.0], [5005.0, 2870.0], [5010.0, 2865.0], [5015.0, 2860.0], [5020.0, 2855.0], [5020.0, 2845.0], [5025.0, 2840.0], [5030.0, 2835.0], [5030.0, 2825.0], [5035.0, 2820.0], [5040.0, 2815.0], [5045.0, 2810.0], [5050.0, 2805.0], [5055.0, 2800.0], [5060.0, 2805.0], [5060.0, 2815.0], [5055.0, 2820.0], [5050.0, 2825.0], [5050.0, 2835.0], [5050.0, 2845.0], [5045.0, 2850.0], [5040.0, 2855.0], [5040.0, 2865.0], [5040.0, 2875.0], [5035.0, 2880.0], [5030.0, 2885.0], [5030.0, 2895.0], [5030.0, 2905.0], [5030.0, 2915.0], [5025.0, 2920.0], [5020.0, 2925.0], [5020.0, 2935.0], [5015.0, 2940.0], [5010.0, 2945.0], [5010.0, 2955.0], [5005.0, 2960.0], [5000.0, 2965.0], [4995.0, 2970.0], [4990.0, 2975.0], [4985.0, 2980.0]]]}, "properties": {"objectType": "annotation", "name": "deep", "classification": {"name": "deep", "color": [144, 133, 233]}, "lesion_id": 0, "section": null, "area_um2": 4850.0, "lesion_ids": []}}, {"type": "Feature", "geometry": {"type": "Polygon", "coordinates": [[[8025.0, 2990.0], [8020.0, 2985.0], [8015.0, 2980.0], [8010.0, 2975.0], [8010.0, 2965.0], [8010.0, 2955.0], [8010.0, 2945.0], [8005.0, 2940.0], [8000.0, 2935.0], [8000.0, 2925.0], [8000.0, 2915.0], [8000.0, 2905.0], [8000.0, 2895.0], [8000.0, 2885.0], [8000.0, 2875.0], [8000.0, 2865.0], [8000.0, 2855.0], [8000.0, 2845.0], [8005.0, 2840.0], [8010.0, 2845.0], [8010.0, 2855.0], [8015.0, 2860.0], [8020.0, 2865.0], [8025.0, 2870.0], [8030.0, 2875.0], [8035.0, 2880.0], [8040.0, 2885.0], [8045.0, 2890.0], [8050.0, 2895.0], [8055.0, 2900.0], [8065.0, 2900.0], [8070.0, 2905.0], [8075.0, 2910.0], [8085.0, 2910.0], [8090.0, 2915.0], [8085.0, 2920.0], [8080.0, 2925.0], [8085.0, 2930.0], [8090.0, 2935.0], [8090.0, 2945.0], [8085.0, 2950.0], [8080.0, 2955.0], [8075.0, 2960.0], [8065.0, 2960.0], [8060.0, 2965.0], [8055.0, 2970.0], [8045.0, 2970.0], [8040.0, 2975.0], [8035.0, 2980.0], [8030.0, 2985.0], [8025.0, 2990.0]]]}, "properties": {"objectType": "annotation", "name": "deep", "classification": {"name": "deep", "color": [144, 133, 233]}, "lesion_id": 0, "section": null, "area_um2": 7250.0, "lesion_ids": [7, 19]}}, {"type": "Feature", "geometry": {"type": "Polygon", "coordinates": [[[6735.0, 3420.0], [6725.0, 3420.0], [6720.0, 3415.0], [6725.0, 3410.0], [6730.0, 3405.0], [6730.0, 3395.0], [6730.0, 3385.0], [6730.0, 3375.0], [6730.0, 3365.0], [6735.0, 3360.0], [6740.0, 3355.0], [6735.0, 3350.0], [6730.0, 3345.0], [6730.0, 3335.0], [6730.0, 3325.0], [6730.0, 3315.0], [6730.0, 3305.0], [6735.0, 3300.0], [6745.0, 3300.0], [6750.0, 3295.0], [6755.0, 3290.0], [6765.0, 3290.0], [6775.0, 3290.0], [6780.0, 3285.0], [6780.0, 3275.0], [6785.0, 3270.0], [6790.0, 3265.0], [6795.0, 3260.0], [6805.0, 3260.0], [6810.0, 3255.0], [6815.0, 3250.0], [6825.0, 3250.0], [6835.0, 3250.0], [6840.0, 3245.0], [6845.0, 3240.0], [6855.0, 3240.0], [6860.0, 3245.0], [6865.0, 3250.0], [6870.0, 3255.0], [6870.0, 3265.0], [6870.0, 3275.0], [6875.0, 3280.0], [6880.0, 3285.0], [6880.0, 3295.0], [6880.0, 3305.0], [6880.0, 3315.0], [6875.0, 3320.0], [6865.0, 3320.0], [6860.0, 3325.0], [6855.0, 3330.0], [6845.0, 3330.0], [6840.0, 3335.0], [6835.0, 3340.0], [6825.0, 3340.0], [6820.0, 3345.0], [6815.0, 3350.0], [6810.0, 3355.0], [6805.0, 3360.0], [6800.0, 3365.0], [6795.0, 3370.0], [6790.0, 3375.0], [6785.0, 3380.0], [6775.0, 3380.0], [6770.0, 3385.0], [6765.0, 3390.0], [6760.0, 3395.0], [6755.0, 3400.0], [6750.0, 3405.0], [6745.0, 3410.0], [6740.0, 3415.0], [6735.0, 3420.0]]]}, "properties": {"objectType": "annotation", "name": "P3_1_C|deep_20", "classification": {"name": "deep", "color": [144, 133, 233]}, "lesion_id": 20, "section": "P3_1_C", "area_um2": 14150.0, "lesion_ids": [20]}}, {"type": "Feature", "geometry": {"type": "Polygon", "coordinates": [[[5655.0, 3380.0], [5645.0, 3380.0], [5640.0, 3375.0], [5635.0, 3370.0], [5625.0, 3370.0], [5615.0, 3370.0], [5610.0, 3365.0], [5605.0, 3360.0], [5595.0, 3360.0], [5590.0, 3355.0], [5585.0, 3350.0], [5575.0, 3350.0], [5570.0, 3345.0], [5565.0, 3340.0], [5560.0, 3335.0], [5555.0, 3330.0], [5550.0, 3325.0], [5545.0, 3320.0], [5540.0, 3315.0], [5535.0, 3310.0], [5525.0, 3310.0], [5520.0, 3305.0], [5525.0, 3300.0], [5530.0, 3295.0], [5535.0, 3290.0], [5545.0, 3290.0], [5550.0, 3285.0], [5555.0, 3280.0], [5565.0, 3280.0], [5570.0, 3275.0], [5575.0, 3270.0], [5580.0, 3265.0], [5585.0, 3260.0], [5595.0, 3260.0], [5600.0, 3265.0], [5605.0, 3270.0], [5615.0, 3270.0], [5620.0, 3275.0], [5620.0, 3285.0], [5620.0, 3295.0], [5620.0, 3305.0], [5620.0, 3315.0], [5625.0, 3320.0], [5630.0, 3325.0], [5630.0, 3335.0], [5635.0, 3340.0], [5640.0, 3345.0], [5640.0, 3355.0], [5645.0, 3360.0], [5650.0, 3365.0], [5655.0, 3370.0], [5660.0, 3375.0], [5655.0, 3380.0]]]}, "properties": {"objectType": "annotation", "name": "deep", "classification": {"name": "deep", "color": [144, 133, 233]}, "lesion_id": 0, "section": null, "area_um2": 7350.0, "lesion_ids": [18, 20]}}, {"type": "Feature", "geometry": {"type": "Polygon", "coordinates": [[[7915.0, 3370.0], [7910.0, 3365.0], [7910.0, 3355.0], [7910.0, 3345.0], [7915.0, 3340.0], [7920.0, 3345.0], [7920.0, 3355.0], [7920.0, 3365.0], [7915.0, 3370.0]]]}, "properties": {"objectType": "annotation", "name": "deep_21", "classification": {"name": "deep", "color": [144, 133, 233]}, "lesion_id": 21, "section": null, "area_um2": 250.0, "lesion_ids": [21]}}, {"type": "Feature", "geometry": {"type": "Polygon", "coordinates": [[[8505.0, 3940.0], [8495.0, 3940.0], [8485.0, 3940.0], [8475.0, 3940.0], [8465.0, 3940.0], [8455.0, 3940.0], [8445.0, 3940.0], [8440.0, 3935.0], [8435.0, 3930.0], [8430.0, 3925.0], [8425.0, 3920.0], [8420.0, 3915.0], [8415.0, 3910.0], [8410.0, 3905.0], [8405.0, 3900.0], [8400.0, 3895.0], [8400.0, 3885.0], [8395.0, 3880.0], [8385.0, 3880.0], [8380.0, 3875.0], [8375.0, 3870.0], [8365.0, 3870.0], [8360.0, 3865.0], [8355.0, 3860.0], [8350.0, 3855.0], [8345.0, 3850.0], [8340.0, 3845.0], [8335.0, 3840.0], [8330.0, 3835.0], [8325.0, 3830.0], [8320.0, 3825.0], [8315.0, 3820.0], [8305.0, 3820.0], [8295.0, 3820.0], [8285.0, 3820.0], [8280.0, 3815.0], [8275.0, 3810.0], [8265.0, 3810.0], [8260.0, 3805.0], [8255.0, 3800.0], [8250.0, 3795.0], [8245.0, 3790.0], [8240.0, 3785.0], [8235.0, 3780.0], [8230.0, 3775.0], [8230.0, 3765.0], [8225.0, 3760.0], [8220.0, 3755.0], [8215.0, 3750.0], [8205.0, 3750.0], [8195.0, 3750.0], [8190.0, 3745.0], [8190.0, 3735.0], [8190.0, 3725.0], [8190.0, 3715.0], [8190.0, 3705.0], [8190.0, 3695.0], [8185.0, 3690.0], [8175.0, 3690.0], [8165.0, 3690.0], [8160.0, 3695.0], [8155.0, 3700.0], [8145.0, 3700.0], [8135.0, 3700.0], [8125.0, 3700.0], [8115.0, 3700.0], [8105.0, 3700.0], [8095.0, 3700.0], [8085.0, 3700.0], [8080.0, 3695.0], [8075.0, 3690.0], [8070.0, 3685.0], [8065.0, 3680.0], [8060.0, 3675.0], [8055.0, 3670.0], [8050.0, 3665.0], [8045.0, 3660.0], [8040.0, 3655.0], [8035.0, 3650.0], [8030.0, 3645.0], [8025.0, 3640.0], [8020.0, 3635.0], [8020.0, 3625.0], [8015.0, 3620.0], [8010.0, 3615.0], [8010.0, 3605.0], [8005.0, 3600.0], [8000.0, 3595.0], [7995.0, 3590.0], [7990.0, 3595.0], [7985.0, 3600.0], [7980.0, 3605.0], [7975.0, 3610.0], [7965.0, 3610.0], [7955.0, 3610.0], [7950.0, 3605.0], [7945.0, 3600.0], [7940.0, 3595.0], [7935.0, 3590.0], [7930.0, 3585.0], [7925.0, 3580.0], [7920.0, 3575.0], [7915.0, 3570.0], [7910.0, 3565.0], [7910.0, 3555.0], [7910.0, 3545.0], [7910.0, 3535.0], [7905.0, 3530.0], [7900.0, 3525.0], [7895.0, 3520.0], [7890.0, 3515.0], [7890.0, 3505.0], [7885.0, 3500.0], [7880.0, 3495.0], [7880.0, 3485.0], [7880.0, 3475.0], [7885.0, 3470.0], [7890.0, 3465.0], [7895.0, 3460.0], [7900.0, 3455.0], [7905.0, 3450.0], [7910.0, 3445.0], [7915.0, 3440.0], [7925.0, 3440.0], [7930.0, 3445.0], [7930.0, 3455.0], [7935.0, 3460.0], [7940.0, 3465.0], [7940.0, 3475.0], [7945.0, 3480.0], [7950.0, 3485.0], [7955.0, 3490.0], [7960.0, 3495.0], [7965.0, 3500.0], [7970.0, 3505.0], [7975.0, 3510.0], [7980.0, 3515.0], [7985.0, 3520.0], [7990.0, 3525.0], [7995.0, 3530.0], [8005.0, 3530.0], [8010.0, 3535.0], [8015.0, 3540.0], [8025.0, 3540.0], [8030.0, 3545.0], [8035.0, 3550.0], [8045.0, 3550.0], [8055.0, 3550.0], [8065.0, 3550.0], [8075.0, 3550.0], [8080.0, 3555.0], [8085.0, 3560.0], [8090.0, 3565.0], [8090.0, 3575.0], [8095.0, 3580.0], [8100.0, 3585.0], [8100.0, 3595.0], [8105.0, 3600.0], [8110.0, 3605.0], [8115.0, 3610.0], [8120.0, 3615.0], [8125.0, 3620.0], [8130.0, 3625.0], [8130.0, 3635.0], [8135.0, 3640.0], [8140.0, 3645.0], [8145.0, 3650.0], [8150.0, 3655.0], [8155.0, 3660.0], [8160.0, 3665.0], [8165.0, 3670.0], [8170.0, 3675.0], [8175.0, 3680.0], [8185.0, 3680.0], [8190.0, 3675.0], [8195.0, 3670.0], [8205.0, 3670.0], [8215.0, 3670.0], [8220.0, 3675.0], [8225.0, 3680.0], [8235.0, 3680.0], [8245.0, 3680.0], [8250.0, 3685.0], [8255.0, 3690.0], [8265.0, 3690.0], [8270.0, 3695.0], [8275.0, 3700.0], [8280.0, 3705.0], [8285.0, 3710.0], [8290.0, 3715.0], [8290.0, 3725.0], [8290.0, 3735.0], [8295.0, 3740.0], [8300.0, 3735.0], [8305.0, 3730.0], [8310.0, 3735.0], [8310.0, 3745.0], [8315.0, 3750.0], [8320.0, 3755.0], [8325.0, 3760.0], [8335.0, 3760.0], [8345.0, 3760.0], [8350.0, 3765.0], [8355.0, 3770.0], [8360.0, 3775.0], [8365.0, 3780.0], [8370.0, 3785.0], [8370.0, 3795.0], [8375.0, 3800.0], [8380.0, 3795.0], [8385.0, 3790.0], [8390.0, 3795.0], [8395.0, 3800.0], [8400.0, 3805.0], [8405.0, 3810.0], [8410.0, 3815.0], [8415.0, 3820.0], [8425.0, 3820.0], [8430.0, 3825.0], [8435.0, 3830.0], [8445.0, 3830.0], [8450.0, 3835.0], [8455.0, 3840.0], [8465.0, 3840.0], [8470.0, 3845.0], [8470.0, 3855.0], [8475.0, 3860.0], [8480.0, 3865.0], [8480.0, 3875.0], [8485.0, 3880.0], [8490.0, 3885.0], [8495.0, 3890.0], [8500.0, 3895.0], [8505.0, 3900.0], [8510.0, 3905.0], [8515.0, 3910.0], [8520.0, 3915.0], [8520.0, 3925.0], [8515.0, 3930.0], [8510.0, 3935.0], [8505.0, 3940.0]]]}, "properties": {"objectType": "annotation", "name": "R1_2_T|deep", "classification": {"name": "deep", "color": [144, 133, 233]}, "lesion_id": 0, "section": "R1_2_T", "area_um2": 55450.0, "lesion_ids": [21, 29, 30]}}, {"type": "Feature", "geometry": {"type": "Polygon", "coordinates": [[[6235.0, 3520.0], [6225.0, 3520.0], [6215.0, 3520.0], [6210.0, 3515.0], [6205.0, 3510.0], [6195.0, 3510.0], [6185.0, 3510.0], [6175.0, 3510.0], [6165.0, 3510.0], [6155.0, 3510.0], [6145.0, 3510.0], [6140.0, 3505.0], [6145.0, 3500.0], [6150.0, 3495.0], [6155.0, 3490.0], [6165.0, 3490.0], [6170.0, 3485.0], [6175.0, 3480.0], [6185.0, 3480.0], [6190.0, 3475.0], [6195.0, 3470.0], [6200.0, 3465.0], [6205.0, 3460.0], [6210.0, 3465.0], [6215.0, 3470.0], [6220.0, 3475.0], [6220.0, 3485.0], [6225.0, 3490.0], [6230.0, 3495.0], [6230.0, 3505.0], [6235.0, 3510.0], [6240.0, 3515.0], [6235.0, 3520.0]]]}, "properties": {"objectType": "annotation", "name": "deep", "classification": {"name": "deep", "color": [144, 133, 233]}, "lesion_id": 0, "section": null, "area_um2": 2850.0, "lesion_ids": [20, 23, 24]}}, {"type": "Feature", "geometry": {"type": "Polygon", "coordinates": [[[5985.0, 3550.0], [5975.0, 3550.0], [5965.0, 3550.0], [5955.0, 3550.0], [5950.0, 3545.0], [5945.0, 3540.0], [5935.0, 3540.0], [5930.0, 3535.0], [5925.0, 3530.0], [5920.0, 3525.0], [5925.0, 3520.0], [5935.0, 3520.0], [5945.0, 3520.0], [5950.0, 3525.0], [5955.0, 3530.0], [5960.0, 3525.0], [5965.0, 3520.0], [5975.0, 3520.0], [5985.0, 3520.0], [5995.0, 3520.0], [6005.0, 3520.0], [6015.0, 3520.0], [6020.0, 3525.0], [6015.0, 3530.0], [6010.0, 3535.0], [6005.0, 3540.0], [5995.0, 3540.0], [5990.0, 3545.0], [5985.0, 3550.0]]]}, "properties": {"objectType": "annotation", "name": "deep", "classification": {"name": "deep", "color": [144, 133, 233]}, "lesion_id": 0, "section": null, "area_um2": 2050.0, "lesion_ids": [20, 25]}}, {"type": "Feature", "geometry": {"type": "Polygon", "coordinates": [[[9795.0, 3800.0], [9790.0, 3795.0], [9790.0, 3785.0], [9785.0, 3780.0], [9780.0, 3775.0], [9780.0, 3765.0], [9780.0, 3755.0], [9775.0, 3750.0], [9770.0, 3745.0], [9770.0, 3735.0], [9770.0, 3725.0], [9770.0, 3715.0], [9770.0, 3705.0], [9775.0, 3700.0], [9785.0, 3700.0], [9790.0, 3695.0], [9795.0, 3690.0], [9800.0, 3685.0], [9805.0, 3680.0], [9810.0, 3675.0], [9815.0, 3670.0], [9820.0, 3665.0], [9820.0, 3655.0], [9825.0, 3650.0], [9830.0, 3645.0], [9835.0, 3640.0], [9845.0, 3640.0], [9850.0, 3635.0], [9855.0, 3630.0], [9865.0, 3630.0], [9870.0, 3625.0], [9875.0, 3620.0], [9885.0, 3620.0], [9890.0, 3615.0], [9895.0, 3610.0], [9900.0, 3605.0], [9905.0, 3600.0], [9910.0, 3595.0], [9915.0, 3590.0], [9925.0, 3590.0], [9930.0, 3585.0], [9935.0, 3580.0], [9940.0, 3575.0], [9945.0, 3570.0], [9950.0, 3565.0], [9955.0, 3560.0], [9960.0, 3565.0], [9960.0, 3575.0], [9960.0, 3585.0], [9960.0, 3595.0], [9955.0, 3600.0], [9950.0, 3605.0], [9950.0, 3615.0], [9950.0, 3625.0], [9945.0, 3630.0], [9940.0, 3635.0], [9935.0, 3640.0], [9930.0, 3645.0], [9930.0, 3655.0], [9925.0, 3660.0], [9920.0, 3665.0], [9915.0, 3670.0], [9910.0, 3675.0], [9905.0, 3680.0], [9900.0, 3685.0], [9900.0, 3695.0], [9895.0, 3700.0], [9890.0, 3705.0], [9885.0, 3710.0], [9880.0, 3715.0], [9875.0, 3720.0], [9870.0, 3725.0], [9870.0, 3735.0], [9870.0, 3745.0], [9870.0, 3755.0], [9870.0, 3765.0], [9870.0, 3775.0], [9870.0, 3785.0], [9865.0, 3790.0], [9855.0, 3790.0], [9845.0, 3790.0], [9835.0, 3790.0], [9825.0, 3790.0], [9815.0, 3790.0], [9805.0, 3790.0], [9800.0, 3795.0], [9795.0, 3800.0]]]}, "properties": {"objectType": "annotation", "name": "R1_2_T|deep_22", "classification": {"name": "deep", "color": [144, 133, 233]}, "lesion_id": 22, "section": "R1_2_T", "area_um2": 18950.0, "lesion_ids": [22]}}, {"type": "Feature", "geometry": {"type": "Polygon", "coordinates": [[[9645.0, 3950.0], [9635.0, 3950.0], [9625.0, 3950.0], [9615.0, 3950.0], [9605.0, 3950.0], [9595.0, 3950.0], [9590.0, 3945.0], [9585.0, 3940.0], [9575.0, 3940.0], [9565.0, 3940.0], [9560.0, 3935.0], [9555.0, 3930.0], [9545.0, 3930.0], [9535.0, 3930.0], [9530.0, 3925.0], [9525.0, 3920.0], [9520.0, 3915.0], [9515.0, 3910.0], [9505.0, 3910.0], [9495.0, 3910.0], [9490.0, 3905.0], [9485.0, 3900.0], [9475.0, 3900.0], [9470.0, 3895.0], [9465.0, 3890.0], [9455.0, 3890.0], [9445.0, 3890.0], [9440.0, 3885.0], [9445.0, 3880.0], [9455.0, 3880.0], [9465.0, 3880.0], [9470.0, 3875.0], [9475.0, 3870.0], [9485.0, 3870.0], [9495.0, 3870.0], [9500.0, 3865.0], [9505.0, 3860.0], [9515.0, 3860.0], [9520.0, 3855.0], [9525.0, 3850.0], [9535.0, 3850.0], [9540.0, 3845.0], [9545.0, 3840.0], [9550.0, 3835.0], [9555.0, 3830.0], [9565.0, 3830.0], [9570.0, 3825.0], [9575.0, 3820.0], [9580.0, 3815.0], [9585.0, 3810.0], [9590.0, 3805.0], [9595.0, 3800.0], [9600.0, 3795.0], [9605.0, 3790.0], [9610.0, 3785.0], [9615.0, 3780.0], [9620.0, 3775.0], [9625.0, 3770.0], [9630.0, 3765.0], [9635.0, 3760.0], [9640.0, 3755.0], [9640.0, 3745.0], [9645.0, 3740.0], [9650.0, 3735.0], [9655.0, 3730.0], [9660.0, 3725.0], [9660.0, 3715.0], [9665.0, 3710.0], [9670.0, 3705.0], [9670.0, 3695.0], [9675.0, 3690.0], [9680.0, 3685.0], [9685.0, 3680.0], [9690.0, 3675.0], [9690.0, 3665.0], [9695.0, 3660.0], [9705.0, 3660.0], [9710.0, 3665.0], [9715.0, 3670.0], [9725.0, 3670.0], [9735.0, 3670.0], [9740.0, 3675.0], [9745.0, 3680.0], [9755.0, 3680.0], [9760.0, 3685.0], [9755.0, 3690.0], [9750.0, 3695.0], [9745.0, 3700.0], [9740.0, 3705.0], [9740.0, 3715.0], [9740.0, 3725.0], [9740.0, 3735.0], [9745.0, 3740.0], [9750.0, 3745.0], [9750.0, 3755.0], [9755.0, 3760.0], [9760.0, 3765.0], [9760.0, 3775.0], [9760.0, 3785.0], [9765.0, 3790.0], [9770.0, 3795.0], [9770.0, 3805.0], [9770.0, 3815.0], [9770.0, 3825.0], [9770.0, 3835.0], [9770.0, 3845.0], [9770.0, 3855.0], [9765.0, 3860.0], [9760.0, 3865.0], [9760.0, 3875.0], [9755.0, 3880.0], [9750.0, 3885.0], [9750.0, 3895.0], [9745.0, 3900.0], [9740.0, 3905.0], [9735.0, 3910.0], [9730.0, 3915.0], [9725.0, 3920.0], [9720.0, 3925.0], [9715.0, 3930.0], [9705.0, 3930.0], [9695.0, 3930.0], [9690.0, 3935.0], [9685.0, 3940.0], [9675.0, 3940.0], [9665.0, 3940.0], [9655.0, 3940.0], [9650.0, 3945.0], [9645.0, 3950.0]]]}, "properties": {"objectType": "annotation", "name": "R1_2_T|deep", "classification": {"name": "deep", "color": [144, 133, 233]}, "lesion_id": 0, "section": "R1_2_T", "area_um2": 46050.0, "lesion_ids": [22, 26]}}, {"type": "Feature", "geometry": {"type": "Polygon", "coordinates": [[[9495.0, 3990.0], [9485.0, 3990.0], [9475.0, 3990.0], [9465.0, 3990.0], [9455.0, 3990.0], [9445.0, 3990.0], [9440.0, 3985.0], [9435.0, 3980.0], [9425.0, 3980.0], [9415.0, 3980.0], [9405.0, 3980.0], [9400.0, 3975.0], [9395.0, 3970.0], [9385.0, 3970.0], [9380.0, 3965.0], [9375.0, 3960.0], [9370.0, 3955.0], [9365.0, 3950.0], [9355.0, 3950.0], [9350.0, 3945.0], [9345.0, 3940.0], [9340.0, 3935.0], [9335.0, 3930.0], [9330.0, 3925.0], [9325.0, 3920.0], [9320.0, 3915.0], [9320.0, 3905.0], [9315.0, 3900.0], [9310.0, 3895.0], [9305.0, 3890.0], [9300.0, 3885.0], [9300.0, 3875.0], [9300.0, 3865.0], [9305.0, 3860.0], [9315.0, 3860.0], [9320.0, 3855.0], [9325.0, 3850.0], [9335.0, 3850.0], [9340.0, 3845.0], [9345.0, 3840.0], [9355.0, 3840.0], [9360.0, 3845.0], [9365.0, 3850.0], [9375.0, 3850.0], [9380.0, 3855.0], [9380.0, 3865.0], [9385.0, 3870.0], [9390.0, 3875.0], [9395.0, 3880.0], [9400.0, 3885.0], [9405.0, 3890.0], [9410.0, 3895.0], [9415.0, 3900.0], [9420.0, 3905.0], [9420.0, 3915.0], [9425.0, 3920.0], [9430.0, 3915.0], [9435.0, 3910.0], [9445.0, 3910.0], [9450.0, 3915.0], [9455.0, 3920.0], [9465.0, 3920.0], [9475.0, 3920.0], [9480.0, 3925.0], [9485.0, 3930.0], [9495.0, 3930.0], [9505.0, 3930.0], [9510.0, 3935.0], [9515.0, 3940.0], [9520.0, 3945.0], [9525.0, 3950.0], [9530.0, 3955.0], [9535.0, 3960.0], [9540.0, 3955.0], [9545.0, 3950.0], [9550.0, 3955.0], [9555.0, 3960.0], [9560.0, 3965.0], [9555.0, 3970.0], [9545.0, 3970.0], [9535.0, 3970.0], [9530.0, 3975.0], [9525.0, 3980.0], [9515.0, 3980.0], [9505.0, 3980.0], [9500.0, 3985.0], [9495.0, 3990.0]]]}, "properties": {"objectType": "annotation", "name": "deep_26", "classification": {"name": "deep", "color": [144, 133, 233]}, "lesion_id": 26, "section": null, "area_um2": 16950.0, "lesion_ids": [26]}}, {"type": "Feature", "geometry": {"type": "Polygon", "coordinates": [[[9005.0, 3960.0], [8995.0, 3960.0], [8985.0, 3960.0], [8975.0, 3960.0], [8965.0, 3960.0], [8955.0, 3960.0], [8945.0, 3960.0], [8935.0, 3960.0], [8925.0, 3960.0], [8915.0, 3960.0], [8905.0, 3960.0], [8900.0, 3955.0], [8905.0, 3950.0], [8915.0, 3950.0], [8920.0, 3945.0], [8925.0, 3940.0], [8935.0, 3940.0], [8940.0, 3935.0], [8945.0, 3930.0], [8950.0, 3925.0], [8955.0, 3920.0], [8960.0, 3915.0], [8965.0, 3910.0], [8970.0, 3905.0], [8975.0, 3900.0], [8985.0, 3900.0], [8990.0, 3905.0], [8995.0, 3910.0], [9005.0, 3910.0], [9010.0, 3915.0], [9015.0, 3920.0], [9025.0, 3920.0], [9035.0, 3920.0], [9045.0, 3920.0], [9055.0, 3920.0], [9060.0, 3925.0], [9060.0, 3935.0], [9055.0, 3940.0], [9045.0, 3940.0], [9040.0, 3945.0], [9035.0, 3950.0], [9025.0, 3950.0], [9015.0, 3950.0], [9010.0, 3955.0], [9005.0, 3960.0]]]}, "properties": {"objectType": "annotation", "name": "deep", "classification": {"name": "deep", "color": [144, 133, 233]}, "lesion_id": 0, "section": null, "area_um2": 5250.0, "lesion_ids": [26, 30]}}, {"type": "Feature", "geometry": {"type": "Polygon", "coordinates": [[[665.0, 7250.0], [655.0, 7250.0], [645.0, 7250.0], [635.0, 7250.0], [630.0, 7245.0], [625.0, 7240.0], [620.0, 7245.0], [615.0, 7250.0], [605.0, 7250.0], [595.0, 7250.0], [585.0, 7250.0], [575.0, 7250.0], [570.0, 7245.0], [575.0, 7240.0], [580.0, 7235.0], [580.0, 7225.0], [580.0, 7215.0], [585.0, 7210.0], [590.0, 7205.0], [590.0, 7195.0], [595.0, 7190.0], [600.0, 7185.0], [600.0, 7175.0], [605.0, 7170.0], [610.0, 7165.0], [610.0, 7155.0], [615.0, 7150.0], [620.0, 7145.0], [620.0, 7135.0], [625.0, 7130.0], [630.0, 7125.0], [630.0, 7115.0], [630.0, 7105.0], [635.0, 7100.0], [645.0, 7100.0], [655.0, 7100.0], [665.0, 7100.0], [675.0, 7100.0], [685.0, 7100.0], [695.0, 7100.0], [700.0, 7105.0], [705.0, 7110.0], [715.0, 7110.0], [720.0, 7115.0], [720.0, 7125.0], [720.0, 7135.0], [715.0, 7140.0], [710.0, 7145.0], [710.0, 7155.0], [710.0, 7165.0], [705.0, 7170.0], [700.0, 7175.0], [700.0, 7185.0], [700.0, 7195.0], [695.0, 7200.0], [690.0, 7205.0], [690.0, 7215.0], [685.0, 7220.0], [680.0, 7225.0], [680.0, 7235.0], [675.0, 7240.0], [670.0, 7245.0], [665.0, 7250.0]]]}, "properties": {"objectType": "annotation", "name": "deep_31", "classification": {"name": "deep", "color": [144, 133, 233]}, "lesion_id": 31, "section": null, "area_um2": 14450.0, "lesion_ids": [31]}}, {"type": "Feature", "geometry": {"type": "Polygon", "coordinates": [[[1065.0, 8610.0], [1055.0, 8610.0], [1045.0, 8610.0], [1035.0, 8610.0], [1025.0, 8610.0], [1015.0, 8610.0], [1010.0, 8605.0], [1005.0, 8600.0], [995.0, 8600.0], [990.0, 8595.0], [985.0, 8590.0], [980.0, 8585.0], [975.0, 8580.0], [970.0, 8575.0], [965.0, 8570.0], [960.0, 8565.0], [960.0, 8555.0], [955.0, 8550.0], [950.0, 8545.0], [945.0, 8540.0], [940.0, 8535.0], [935.0, 8530.0], [930.0, 8525.0], [925.0, 8520.0], [920.0, 8515.0], [915.0, 8510.0], [910.0, 8505.0], [915.0, 8500.0], [925.0, 8500.0], [935.0, 8500.0], [940.0, 8495.0], [945.0, 8490.0], [955.0, 8490.0], [960.0, 8485.0], [965.0, 8480.0], [975.0, 8480.0], [980.0, 8475.0], [985.0, 8470.0], [990.0, 8465.0], [995.0, 8460.0], [1000.0, 8455.0], [1005.0, 8450.0], [1010.0, 8445.0], [1015.0, 8440.0], [1020.0, 8435.0], [1025.0, 8430.0], [1030.0, 8425.0], [1035.0, 8420.0], [1040.0, 8415.0], [1040.0, 8405.0], [1045.0, 8400.0], [1050.0, 8395.0], [1050.0, 8385.0], [1055.0, 8380.0], [1060.0, 8375.0], [1060.0, 8365.0], [1060.0, 8355.0], [1060.0, 8345.0], [1060.0, 8335.0], [1060.0, 8325.0], [1060.0, 8315.0], [1060.0, 8305.0], [1060.0, 8295.0], [1060.0, 8285.0], [1060.0, 8275.0], [1060.0, 8265.0], [1055.0, 8260.0], [1050.0, 8255.0], [1050.0, 8245.0], [1045.0, 8240.0], [1040.0, 8235.0], [1040.0, 8225.0], [1035.0, 8220.0], [1030.0, 8215.0], [1025.0, 8210.0], [1020.0, 8205.0], [1020.0, 8195.0], [1015.0, 8190.0], [1010.0, 8185.0], [1005.0, 8180.0], [1000.0, 8175.0], [995.0, 8170.0], [990.0, 8165.0], [985.0, 8160.0], [980.0, 8155.0], [975.0, 8150.0], [970.0, 8145.0], [965.0, 8140.0], [960.0, 8135.0], [955.0, 8130.0], [950.0, 8125.0], [945.0, 8120.0], [935.0, 8120.0], [930.0, 8115.0], [925.0, 8110.0], [915.0, 8110.0], [910.0, 8105.0], [905.0, 8100.0], [900.0, 8095.0], [900.0, 8085.0], [900.0, 8075.0], [900.0, 8065.0], [900.0, 8055.0], [900.0, 8045.0], [900.0, 8035.0], [900.0, 8025.0], [900.0, 8015.0], [900.0, 8005.0], [900.0, 7995.0], [900.0, 7985.0], [895.0, 7980.0], [890.0, 7975.0], [890.0, 7965.0], [885.0, 7960.0], [880.0, 7955.0], [880.0, 7945.0], [880.0, 7935.0], [885.0, 7930.0], [895.0, 7930.0], [900.0, 7925.0], [905.0, 7920.0], [915.0, 7920.0], [920.0, 7915.0], [925.0, 7910.0], [935.0, 7910.0], [945.0, 7910.0], [950.0, 7905.0], [955.0, 7900.0], [965.0, 7900.0], [970.0, 7895.0], [975.0, 7890.0], [985.0, 7890.0], [990.0, 7885.0], [995.0, 7880.0], [1005.0, 7880.0], [1010.0, 7875.0], [1015.0, 7870.0], [1025.0, 7870.0], [1030.0, 7865.0], [1035.0, 7860.0], [1040.0, 7855.0], [1045.0, 7850.0], [1055.0, 7850.0], [1060.0, 7845.0], [1065.0, 7840.0], [1075.0, 7840.0], [1080.0, 7835.0], [1085.0, 7830.0], [1095.0, 7830.0], [1100.0, 7825.0], [1105.0, 7820.0], [1115.0, 7820.0], [1120.0, 7815.0], [1125.0, 7810.0], [1130.0, 7805.0], [1135.0, 7800.0], [1140.0, 7795.0], [1145.0, 7790.0], [1150.0, 7785.0], [1155.0, 7780.0], [1160.0, 7775.0], [1165.0, 7770.0], [1170.0, 7765.0], [1175.0, 7760.0], [1180.0, 7755.0], [1185.0, 7750.0], [1190.0, 7745.0], [1190.0, 7735.0], [1195.0, 7730.0], [1200.0, 7725.0], [1200.0, 7715.0], [1205.0, 7710.0], [1210.0, 7705.0], [1210.0, 7695.0], [1210.0, 7685.0], [1210.0, 7675.0], [1210.0, 7665.0], [1210.0, 7655.0], [1210.0, 7645.0], [1210.0, 7635.0], [1210.0, 7625.0], [1210.0, 7615.0], [1210.0, 7605.0], [1210.0, 7595.0], [1205.0, 7590.0], [1200.0, 7585.0], [1200.0, 7575.0], [1195.0, 7570.0], [1190.0, 7565.0], [1190.0, 7555.0], [1185.0, 7550.0], [1180.0, 7545.0], [1175.0, 7540.0], [1170.0, 7535.0], [1165.0, 7530.0], [1160.0, 7525.0], [1155.0, 7520.0], [1150.0, 7515.0], [1145.0, 7510.0], [1140.0, 7505.0], [1135.0, 7500.0], [1130.0, 7495.0], [1125.0, 7490.0], [1120.0, 7485.0], [1115.0, 7480.0], [1110.0, 7475.0], [1105.0, 7470.0], [1095.0, 7470.0], [1090.0, 7465.0], [1085.0, 7460.0], [1075.0, 7460.0], [1070.0, 7455.0], [1065.0, 7450.0], [1055.0, 7450.0], [1050.0, 7445.0], [1045.0, 7440.0], [1040.0, 7435.0], [1035.0, 7430.0], [1030.0, 7425.0], [1025.0, 7420.0], [1020.0, 7415.0], [1015.0, 7410.0], [1010.0, 7405.0], [1005.0, 7400.0], [1000.0, 7395.0], [995.0, 7390.0], [990.0, 7385.0], [985.0, 7380.0], [975.0, 7380.0], [970.0, 7375.0], [965.0, 7370.0], [955.0, 7370.0], [950.0, 7365.0], [945.0, 7360.0], [935.0, 7360.0], [925.0, 7360.0], [920.0, 7355.0], [915.0, 7350.0], [905.0, 7350.0], [895.0, 7350.0], [885.0, 7350.0], [875.0, 7350.0], [865.0, 7350.0], [860.0, 7345.0], [855.0, 7340.0], [845.0, 7340.0], [840.0, 7335.0], [835.0, 7330.0], [825.0, 7330.0], [820.0, 7325.0], [815.0, 7320.0], [805.0, 7320.0], [795.0, 7320.0], [785.0, 7320.0], [780.0, 7315.0], [775.0, 7310.0], [770.0, 7305.0], [765.0, 7300.0], [760.0, 7295.0], [755.0, 7290.0], [750.0, 7285.0], [745.0, 7280.0], [735.0, 7280.0], [730.0, 7275.0], [725.0, 7270.0], [720.0, 7265.0], [715.0, 7260.0], [705.0, 7260.0], [700.0, 7255.0], [700.0, 7245.0], [700.0, 7235.0], [705.0, 7230.0], [710.0, 7225.0], [710.0, 7215.0], [715.0, 7210.0], [720.0, 7205.0], [720.0, 7195.0], [720.0, 7185.0], [725.0, 7180.0], [730.0, 7175.0], [730.0, 7165.0], [730.0, 7155.0], [735.0, 7150.0], [740.0, 7145.0], [740.0, 7135.0], [740.0, 7125.0], [740.0, 7115.0], [745.0, 7110.0], [750.0, 7105.0], [755.0, 7100.0], [760.0, 7105.0], [765.0, 7110.0], [775.0, 7110.0], [780.0, 7115.0], [785.0, 7120.0], [790.0, 7125.0], [795.0, 7130.0], [805.0, 7130.0], [810.0, 7135.0], [815.0, 7140.0], [820.0, 7145.0], [825.0, 7150.0], [835.0, 7150.0], [840.0, 7155.0], [845.0, 7160.0], [850.0, 7165.0], [855.0, 7170.0], [865.0, 7170.0], [870.0, 7175.0], [875.0, 7180.0], [885.0, 7180.0], [895.0, 7180.0], [900.0, 7185.0], [905.0, 7190.0], [915.0, 7190.0], [925.0, 7190.0], [935.0, 7190.0], [940.0, 7195.0], [945.0, 7200.0], [955.0, 7200.0], [965.0, 7200.0], [970.0, 7205.0], [975.0, 7210.0], [985.0, 7210.0], [995.0, 7210.0], [1000.0, 7215.0], [1005.0, 7220.0], [1015.0, 7220.0], [1025.0, 7220.0], [1030.0, 7225.0], [1035.0, 7230.0], [1045.0, 7230.0], [1050.0, 7235.0], [1055.0, 7240.0], [1060.0, 7245.0], [1065.0, 7250.0], [1075.0, 7250.0], [1080.0, 7255.0], [1085.0, 7260.0], [1090.0, 7265.0], [1095.0, 7270.0], [1100.0, 7275.0], [1105.0, 7280.0], [1115.0, 7280.0], [1120.0, 7285.0], [1125.0, 7290.0], [1130.0, 7295.0], [1135.0, 7300.0], [1140.0, 7305.0], [1145.0, 7310.0], [1150.0, 7315.0], [1155.0, 7320.0], [1165.0, 7320.0], [1170.0, 7325.0], [1175.0, 7330.0], [1180.0, 7335.0], [1185.0, 7340.0], [1195.0, 7340.0], [1200.0, 7345.0], [1205.0, 7350.0], [1210.0, 7355.0], [1215.0, 7360.0], [1220.0, 7365.0], [1225.0, 7370.0], [1235.0, 7370.0], [1240.0, 7375.0], [1245.0, 7380.0], [1250.0, 7385.0], [1255.0, 7390.0], [1260.0, 7395.0], [1265.0, 7400.0], [1270.0, 7405.0], [1275.0, 7410.0], [1280.0, 7415.0], [1285.0, 7420.0], [1290.0, 7425.0], [1290.0, 7435.0], [1295.0, 7440.0], [1300.0, 7445.0], [1305.0, 7450.0], [1310.0, 7455.0], [1315.0, 7460.0], [1320.0, 7465.0], [1320.0, 7475.0], [1325.0, 7480.0], [1330.0, 7485.0], [1335.0, 7490.0], [1340.0, 7495.0], [1340.0, 7505.0], [1345.0, 7510.0], [1350.0, 7515.0], [1350.0, 7525.0], [1350.0, 7535.0], [1355.0, 7540.0], [1360.0, 7545.0], [1360.0, 7555.0], [1360.0, 7565.0], [1365.0, 7570.0], [1370.0, 7575.0], [1370.0, 7585.0], [1370.0, 7595.0], [1370.0, 7605.0], [1370.0, 7615.0], [1370.0, 7625.0], [1370.0, 7635.0], [1370.0, 7645.0], [1370.0, 7655.0], [1370.0, 7665.0], [1370.0, 7675.0], [1370.0, 7685.0], [1370.0, 7695.0], [1370.0, 7705.0], [1370.0, 7715.0], [1370.0, 7725.0], [1365.0, 7730.0], [1360.0, 7735.0], [1360.0, 7745.0], [1360.0, 7755.0], [1355.0, 7760.0], [1350.0, 7765.0], [1350.0, 7775.0], [1350.0, 7785.0], [1345.0, 7790.0], [1340.0, 7795.0], [1340.0, 7805.0], [1335.0, 7810.0], [1330.0, 7815.0], [1325.0, 7820.0], [1320.0, 7825.0], [1320.0, 7835.0], [1315.0, 7840.0], [1310.0, 7845.0], [1305.0, 7850.0], [1300.0, 7855.0], [1295.0, 7860.0], [1290.0, 7865.0], [1290.0, 7875.0], [1285.0, 7880.0], [1280.0, 7885.0], [1275.0, 7890.0], [1270.0, 7895.0], [1265.0, 7900.0], [1260.0, 7905.0], [1255.0, 7910.0], [1250.0, 7915.0], [1245.0, 7920.0], [1235.0, 7920.0], [1230.0, 7925.0], [1225.0, 7930.0], [1220.0, 7935.0], [1215.0, 7940.0], [1210.0, 7945.0], [1205.0, 7950.0], [1195.0, 7950.0], [1190.0, 7955.0], [1185.0, 7960.0], [1180.0, 7965.0], [1175.0, 7970.0], [1165.0, 7970.0], [1160.0, 7975.0], [1155.0, 7980.0], [1145.0, 7980.0], [1135.0, 7980.0], [1130.0, 7985.0], [1125.0, 7990.0], [1120.0, 7995.0], [1115.0, 8000.0], [1105.0, 8000.0], [1100.0, 8005.0], [1095.0, 8010.0], [1090.0, 8015.0], [1085.0, 8020.0], [1080.0, 8025.0], [1085.0, 8030.0], [1090.0, 8035.0], [1095.0, 8040.0], [1100.0, 8045.0], [1105.0, 8050.0], [1110.0, 8055.0], [1115.0, 8060.0], [1120.0, 8065.0], [1120.0, 8075.0], [1125.0, 8080.0], [1130.0, 8085.0], [1135.0, 8090.0], [1140.0, 8095.0], [1145.0, 8100.0], [1150.0, 8105.0], [1150.0, 8115.0], [1155.0, 8120.0], [1160.0, 8125.0], [1165.0, 8130.0], [1170.0, 8135.0], [1170.0, 8145.0], [1175.0, 8150.0], [1180.0, 8155.0], [1185.0, 8160.0], [1190.0, 8165.0], [1190.0, 8175.0], [1195.0, 8180.0], [1200.0, 8185.0], [1200.0, 8195.0], [1200.0, 8205.0], [1205.0, 8210.0], [1210.0, 8215.0], [1210.0, 8225.0], [1210.0, 8235.0], [1215.0, 8240.0], [1220.0, 8245.0], [1220.0, 8255.0], [1220.0, 8265.0], [1220.0, 8275.0], [1220.0, 8285.0], [1220.0, 8295.0], [1220.0, 8305.0], [1220.0, 8315.0], [1220.0, 8325.0], [1220.0, 8335.0], [1220.0, 8345.0], [1220.0, 8355.0], [1220.0, 8365.0], [1220.0, 8375.0], [1220.0, 8385.0], [1220.0, 8395.0], [1215.0, 8400.0], [1210.0, 8405.0], [1210.0, 8415.0], [1210.0, 8425.0], [1205.0, 8430.0], [1200.0, 8435.0], [1200.0, 8445.0], [1200.0, 8455.0], [1195.0, 8460.0], [1190.0, 8465.0], [1190.0, 8475.0], [1185.0, 8480.0], [1180.0, 8485.0], [1175.0, 8490.0], [1170.0, 8495.0], [1170.0, 8505.0], [1165.0, 8510.0], [1160.0, 8515.0], [1155.0, 8520.0], [1150.0, 8525.0], [1145.0, 8530.0], [1140.0, 8535.0], [1140.0, 8545.0], [1135.0, 8550.0], [1130.0, 8555.0], [1125.0, 8560.0], [1120.0, 8565.0], [1115.0, 8570.0], [1110.0, 8575.0], [1105.0, 8580.0], [1095.0, 8580.0], [1090.0, 8585.0], [1085.0, 8590.0], [1080.0, 8595.0], [1075.0, 8600.0], [1070.0, 8605.0], [1065.0, 8610.0]]]}, "properties": {"objectType": "annotation", "name": "P3_1_T|deep", "classification": {"name": "deep", "color": [144, 133, 233]}, "lesion_id": 0, "section": "P3_1_T", "area_um2": 318150.0, "lesion_ids": [31, 33, 34]}}, {"type": "Feature", "geometry": {"type": "Polygon", "coordinates": [[[2515.0, 7880.0], [2505.0, 7880.0], [2495.0, 7880.0], [2485.0, 7880.0], [2475.0, 7880.0], [2465.0, 7880.0], [2455.0, 7880.0], [2445.0, 7880.0], [2435.0, 7880.0], [2425.0, 7880.0], [2420.0, 7875.0], [2415.0, 7870.0], [2405.0, 7870.0], [2395.0, 7870.0], [2390.0, 7865.0], [2385.0, 7860.0], [2375.0, 7860.0], [2365.0, 7860.0], [2360.0, 7855.0], [2355.0, 7850.0], [2345.0, 7850.0], [2335.0, 7850.0], [2330.0, 7845.0], [2325.0, 7840.0], [2315.0, 7840.0], [2310.0, 7835.0], [2305.0, 7830.0], [2295.0, 7830.0], [2290.0, 7825.0], [2285.0, 7820.0], [2280.0, 7815.0], [2275.0, 7810.0], [2265.0, 7810.0], [2260.0, 7805.0], [2255.0, 7800.0], [2250.0, 7795.0], [2245.0, 7790.0], [2240.0, 7785.0], [2235.0, 7780.0], [2225.0, 7780.0], [2220.0, 7775.0], [2215.0, 7770.0], [2210.0, 7765.0], [2205.0, 7760.0], [2200.0, 7755.0], [2195.0, 7750.0], [2190.0, 7745.0], [2190.0, 7735.0], [2185.0, 7730.0], [2180.0, 7725.0], [2175.0, 7720.0], [2170.0, 7715.0], [2165.0, 7710.0], [2160.0, 7705.0], [2160.0, 7695.0], [2155.0, 7690.0], [2150.0, 7685.0], [2145.0, 7680.0], [2140.0, 7675.0], [2140.0, 7665.0], [2135.0, 7660.0], [2130.0, 7655.0], [2130.0, 7645.0], [2130.0, 7635.0], [2125.0, 7630.0], [2120.0, 7625.0], [2120.0, 7615.0], [2120.0, 7605.0], [2115.0, 7600.0], [2110.0, 7595.0], [2110.0, 7585.0], [2110.0, 7575.0], [2110.0, 7565.0], [2110.0, 7555.0], [2110.0, 7545.0], [2110.0, 7535.0], [2110.0, 7525.0], [2110.0, 7515.0], [2110.0, 7505.0], [2110.0, 7495.0], [2110.0, 7485.0], [2110.0, 7475.0], [2110.0, 7465.0], [2110.0, 7455.0], [2110.0, 7445.0], [2115.0, 7440.0], [2120.0, 7435.0], [2120.0, 7425.0], [2120.0, 7415.0], [2125.0, 7410.0], [2130.0, 7405.0], [2130.0, 7395.0], [2130.0, 7385.0], [2135.0, 7380.0], [2140.0, 7375.0], [2140.0, 7365.0], [2145.0, 7360.0], [2150.0, 7355.0], [2150.0, 7345.0], [2155.0, 7340.0], [2160.0, 7335.0], [2165.0, 7330.0], [2170.0, 7325.0], [2170.0, 7315.0], [2175.0, 7310.0], [2180.0, 7305.0], [2185.0, 7300.0], [2190.0, 7295.0], [2195.0, 7290.0], [2200.0, 7285.0], [2200.0, 7275.0], [2205.0, 7270.0], [2210.0, 7265.0], [2215.0, 7260.0], [2220.0, 7255.0], [2225.0, 7250.0], [2230.0, 7245.0], [2235.0, 7240.0], [2245.0, 7240.0], [2250.0, 7235.0], [2255.0, 7230.0], [2260.0, 7225.0], [2265.0, 7220.0], [2270.0, 7215.0], [2275.0, 7210.0], [2285.0, 7210.0], [2290.0, 7205.0], [2295.0, 7200.0], [2300.0, 7195.0], [2305.0, 7190.0], [2315.0, 7190.0], [2320.0, 7185.0], [2325.0, 7180.0], [2335.0, 7180.0], [2340.0, 7175.0], [2345.0, 7170.0], [2355.0, 7170.0], [2365.0, 7170.0], [2370.0, 7165.0], [2375.0, 7160.0], [2385.0, 7160.0], [2395.0, 7160.0], [2400.0, 7155.0], [2405.0, 7150.0], [2415.0, 7150.0], [2425.0, 7150.0], [2435.0, 7150.0], [2445.0, 7150.0], [2455.0, 7150.0], [2465.0, 7150.0], [2475.0, 7150.0], [2485.0, 7150.0], [2495.0, 7150.0], [2505.0, 7150.0], [2515.0, 7150.0], [2525.0, 7150.0], [2535.0, 7150.0], [2545.0, 7150.0], [2555.0, 7150.0], [2565.0, 7150.0], [2570.0, 7155.0], [2575.0, 7160.0], [2585.0, 7160.0], [2595.0, 7160.0], [2600.0, 7165.0], [2605.0, 7170.0], [2615.0, 7170.0], [2625.0, 7170.0], [2635.0, 7170.0], [2645.0, 7170.0], [2650.0, 7175.0], [2655.0, 7180.0], [2665.0, 7180.0], [2670.0, 7185.0], [2670.0, 7195.0], [2675.0, 7200.0], [2680.0, 7205.0], [2680.0, 7215.0], [2685.0, 7220.0], [2690.0, 7225.0], [2690.0, 7235.0], [2690.0, 7245.0], [2690.0, 7255.0], [2690.0, 7265.0], [2685.0, 7270.0], [2680.0, 7275.0], [2680.0, 7285.0], [2680.0, 7295.0], [2680.0, 7305.0], [2680.0, 7315.0], [2680.0, 7325.0], [2685.0, 7330.0], [2690.0, 7335.0], [2685.0, 7340.0], [2680.0, 7345.0], [2680.0, 7355.0], [2675.0, 7360.0], [2670.0, 7355.0], [2665.0, 7350.0], [2655.0, 7350.0], [2650.0, 7345.0], [2645.0, 7340.0], [2635.0, 7340.0], [2630.0, 7335.0], [2625.0, 7330.0], [2615.0, 7330.0], [2605.0, 7330.0], [2595.0, 7330.0], [2585.0, 7330.0], [2575.0, 7330.0], [2570.0, 7325.0], [2565.0, 7320.0], [2555.0, 7320.0], [2550.0, 7315.0], [2545.0, 7310.0], [2535.0, 7310.0], [2525.0, 7310.0], [2515.0, 7310.0], [2505.0, 7310.0], [2495.0, 7310.0], [2485.0, 7310.0], [2475.0, 7310.0], [2465.0, 7310.0], [2455.0, 7310.0], [2445.0, 7310.0], [2435.0, 7310.0], [2425.0, 7310.0], [2420.0, 7315.0], [2415.0, 7320.0], [2405.0, 7320.0], [2400.0, 7325.0], [2395.0, 7330.0], [2385.0, 7330.0], [2380.0, 7335.0], [2375.0, 7340.0], [2365.0, 7340.0], [2360.0, 7345.0], [2355.0, 7350.0], [2350.0, 7355.0], [2345.0, 7360.0], [2340.0, 7365.0], [2335.0, 7370.0], [2330.0, 7375.0], [2325.0, 7380.0], [2320.0, 7385.0], [2315.0, 7390.0], [2310.0, 7395.0], [2305.0, 7400.0], [2300.0, 7405.0], [2300.0, 7415.0], [2295.0, 7420.0], [2290.0, 7425.0], [2290.0, 7435.0], [2285.0, 7440.0], [2280.0, 7445.0], [2280.0, 7455.0], [2275.0, 7460.0], [2270.0, 7465.0], [2270.0, 7475.0], [2270.0, 7485.0], [2270.0, 7495.0], [2270.0, 7505.0], [2270.0, 7515.0], [2270.0, 7525.0], [2270.0, 7535.0], [2270.0, 7545.0], [2270.0, 7555.0], [2270.0, 7565.0], [2270.0, 7575.0], [2275.0, 7580.0], [2280.0, 7585.0], [2280.0, 7595.0], [2285.0, 7600.0], [2290.0, 7605.0], [2290.0, 7615.0], [2295.0, 7620.0], [2300.0, 7625.0], [2305.0, 7630.0], [2310.0, 7635.0], [2315.0, 7640.0], [2320.0, 7645.0], [2325.0, 7650.0], [2330.0, 7655.0], [2335.0, 7660.0], [2340.0, 7665.0], [2345.0, 7670.0], [2350.0, 7675.0], [2355.0, 7680.0], [2365.0, 7680.0], [2370.0, 7685.0], [2375.0, 7690.0], [2385.0, 7690.0], [2390.0, 7695.0], [2395.0, 7700.0], [2405.0, 7700.0], [2410.0, 7705.0], [2415.0, 7710.0], [2425.0, 7710.0], [2435.0, 7710.0], [2440.0, 7715.0], [2445.0, 7720.0], [2455.0, 7720.0], [2465.0, 7720.0], [2475.0, 7720.0], [2485.0, 7720.0], [2495.0, 7720.0], [2505.0, 7720.0], [2515.0, 7720.0], [2525.0, 7720.0], [2535.0, 7720.0], [2545.0, 7720.0], [2550.0, 7715.0], [2555.0, 7710.0], [2565.0, 7710.0], [2575.0, 7710.0], [2580.0, 7715.0], [2580.0, 7725.0], [2580.0, 7735.0], [2580.0, 7745.0], [2580.0, 7755.0], [2575.0, 7760.0], [2570.0, 7765.0], [2570.0, 7775.0], [2565.0, 7780.0], [2560.0, 7785.0], [2560.0, 7795.0], [2555.0, 7800.0], [2550.0, 7805.0], [2545.0, 7810.0], [2540.0, 7815.0], [2540.0, 7825.0], [2540.0, 7835.0], [2535.0, 7840.0], [2530.0, 7845.0], [2530.0, 7855.0], [2530.0, 7865.0], [2525.0, 7870.0], [2520.0, 7875.0], [2515.0, 7880.0]]]}, "properties": {"objectType": "annotation", "name": "P3_1_T|deep_32", "classification": {"name": "deep", "color": [144, 133, 233]}, "lesion_id": 32, "section": "P3_1_T", "area_um2": 189950.0, "lesion_ids": [32]}}, {"type": "Feature", "geometry": {"type": "Polygon", "coordinates": [[[2745.0, 7500.0], [2740.0, 7495.0], [2740.0, 7485.0], [2740.0, 7475.0], [2740.0, 7465.0], [2740.0, 7455.0], [2735.0, 7450.0], [2730.0, 7445.0], [2730.0, 7435.0], [2725.0, 7430.0], [2720.0, 7425.0], [2720.0, 7415.0], [2715.0, 7410.0], [2710.0, 7405.0], [2710.0, 7395.0], [2705.0, 7390.0], [2700.0, 7385.0], [2700.0, 7375.0], [2700.0, 7365.0], [2705.0, 7360.0], [2710.0, 7355.0], [2710.0, 7345.0], [2715.0, 7340.0], [2720.0, 7335.0], [2715.0, 7330.0], [2710.0, 7325.0], [2705.0, 7320.0], [2700.0, 7315.0], [2700.0, 7305.0], [2700.0, 7295.0], [2705.0, 7290.0], [2710.0, 7285.0], [2715.0, 7280.0], [2720.0, 7275.0], [2720.0, 7265.0], [2720.0, 7255.0], [2725.0, 7250.0], [2730.0, 7245.0], [2730.0, 7235.0], [2735.0, 7230.0], [2740.0, 7235.0], [2745.0, 7240.0], [2755.0, 7240.0], [2760.0, 7245.0], [2765.0, 7250.0], [2770.0, 7255.0], [2775.0, 7260.0], [2780.0, 7265.0], [2785.0, 7270.0], [2790.0, 7275.0], [2790.0, 7285.0], [2790.0, 7295.0], [2785.0, 7300.0], [2780.0, 7305.0], [2780.0, 7315.0], [2780.0, 7325.0], [2780.0, 7335.0], [2780.0, 7345.0], [2780.0, 7355.0], [2780.0, 7365.0], [2780.0, 7375.0], [2780.0, 7385.0], [2780.0, 7395.0], [2780.0, 7405.0], [2780.0, 7415.0], [2780.0, 7425.0], [2780.0, 7435.0], [2780.0, 7445.0], [2775.0, 7450.0], [2770.0, 7455.0], [2770.0, 7465.0], [2765.0, 7470.0], [2760.0, 7475.0], [2755.0, 7480.0], [2750.0, 7485.0], [2750.0, 7495.0], [2745.0, 7500.0]]]}, "properties": {"objectType": "annotation", "name": "P3_1_T|deep_32", "classification": {"name": "deep", "color": [144, 133, 233]}, "lesion_id": 32, "section": "P3_1_T", "area_um2": 15150.0, "lesion_ids": [32]}}, {"type": "Feature", "geometry": {"type": "Polygon", "coordinates": [[[2575.0, 7860.0], [2565.0, 7860.0], [2555.0, 7860.0], [2550.0, 7855.0], [2555.0, 7850.0], [2560.0, 7845.0], [2560.0, 7835.0], [2560.0, 7825.0], [2565.0, 7820.0], [2570.0, 7815.0], [2575.0, 7810.0], [2580.0, 7805.0], [2580.0, 7795.0], [2585.0, 7790.0], [2590.0, 7785.0], [2590.0, 7775.0], [2595.0, 7770.0], [2600.0, 7765.0], [2600.0, 7755.0], [2605.0, 7750.0], [2610.0, 7745.0], [2610.0, 7735.0], [2605.0, 7730.0], [2600.0, 7725.0], [2605.0, 7720.0], [2610.0, 7715.0], [2610.0, 7705.0], [2615.0, 7700.0], [2625.0, 7700.0], [2630.0, 7695.0], [2635.0, 7690.0], [2645.0, 7690.0], [2650.0, 7685.0], [2655.0, 7680.0], [2665.0, 7680.0], [2670.0, 7675.0], [2675.0, 7670.0], [2680.0, 7665.0], [2685.0, 7660.0], [2690.0, 7655.0], [2695.0, 7650.0], [2700.0, 7645.0], [2705.0, 7640.0], [2710.0, 7635.0], [2715.0, 7630.0], [2720.0, 7625.0], [2720.0, 7615.0], [2725.0, 7610.0], [2730.0, 7605.0], [2730.0, 7595.0], [2735.0, 7590.0], [2745.0, 7590.0], [2750.0, 7595.0], [2750.0, 7605.0], [2750.0, 7615.0], [2750.0, 7625.0], [2750.0, 7635.0], [2745.0, 7640.0], [2740.0, 7645.0], [2735.0, 7650.0], [2730.0, 7655.0], [2725.0, 7660.0], [2720.0, 7665.0], [2715.0, 7670.0], [2710.0, 7675.0], [2705.0, 7680.0], [2700.0, 7685.0], [2700.0, 7695.0], [2695.0, 7700.0], [2690.0, 7705.0], [2690.0, 7715.0], [2690.0, 7725.0], [2690.0, 7735.0], [2690.0, 7745.0], [2690.0, 7755.0], [2685.0, 7760.0], [2680.0, 7765.0], [2680.0, 7775.0], [2680.0, 7785.0], [2675.0, 7790.0], [2670.0, 7795.0], [2670.0, 7805.0], [2665.0, 7810.0], [2660.0, 7815.0], [2660.0, 7825.0], [2655.0, 7830.0], [2650.0, 7835.0], [2650.0, 7845.0], [2645.0, 7850.0], [2635.0, 7850.0], [2625.0, 7850.0], [2615.0, 7850.0], [2605.0, 7850.0], [2595.0, 7850.0], [2585.0, 7850.0], [2580.0, 7855.0], [2575.0, 7860.0]]]}, "properties": {"objectType": "annotation", "name": "deep_32", "classification": {"name": "deep", "color": [144, 133, 233]}, "lesion_id": 32, "section": null, "area_um2": 17550.0, "lesion_ids": [32]}}, {"type": "Feature", "geometry": {"type": "Polygon", "coordinates": [[[515.0, 8000.0], [510.0, 7995.0], [510.0, 7985.0], [510.0, 7975.0], [515.0, 7970.0], [520.0, 7975.0], [520.0, 7985.0], [520.0, 7995.0], [515.0, 8000.0]]]}, "properties": {"objectType": "annotation", "name": "deep_33", "classification": {"name": "deep", "color": [144, 133, 233]}, "lesion_id": 33, "section": null, "area_um2": 250.0, "lesion_ids": [33]}}, {"type": "Feature", "geometry": {"type": "Polygon", "coordinates": [[[955.0, 8640.0], [945.0, 8640.0], [935.0, 8640.0], [925.0, 8640.0], [915.0, 8640.0], [905.0, 8640.0], [895.0, 8640.0], [885.0, 8640.0], [880.0, 8635.0], [875.0, 8630.0], [870.0, 8625.0], [865.0, 8620.0], [860.0, 8615.0], [860.0, 8605.0], [855.0, 8600.0], [850.0, 8595.0], [845.0, 8590.0], [840.0, 8585.0], [835.0, 8580.0], [830.0, 8575.0], [825.0, 8570.0], [820.0, 8565.0], [815.0, 8560.0], [810.0, 8555.0], [805.0, 8550.0], [800.0, 8545.0], [795.0, 8540.0], [790.0, 8535.0], [785.0, 8530.0], [780.0, 8525.0], [780.0, 8515.0], [775.0, 8510.0], [770.0, 8505.0], [770.0, 8495.0], [765.0, 8490.0], [760.0, 8485.0], [760.0, 8475.0], [765.0, 8470.0], [770.0, 8475.0], [775.0, 8480.0], [785.0, 8480.0], [790.0, 8485.0], [795.0, 8490.0], [805.0, 8490.0], [815.0, 8490.0], [825.0, 8490.0], [835.0, 8490.0], [840.0, 8495.0], [845.0, 8500.0], [855.0, 8500.0], [860.0, 8495.0], [865.0, 8490.0], [870.0, 8495.0], [875.0, 8500.0], [880.0, 8505.0], [880.0, 8515.0], [885.0, 8520.0], [895.0, 8520.0], [900.0, 8525.0], [905.0, 8530.0], [910.0, 8535.0], [915.0, 8540.0], [920.0, 8545.0], [925.0, 8550.0], [930.0, 8555.0], [935.0, 8560.0], [940.0, 8565.0], [940.0, 8575.0], [940.0, 8585.0], [945.0, 8590.0], [955.0, 8590.0], [960.0, 8595.0], [965.0, 8600.0], [970.0, 8605.0], [975.0, 8610.0], [980.0, 8615.0], [985.0, 8620.0], [990.0, 8625.0], [985.0, 8630.0], [975.0, 8630.0], [965.0, 8630.0], [960.0, 8635.0], [955.0, 8640.0]]]}, "properties": {"objectType": "annotation", "name": "deep_34", "classification": {"name": "deep", "color": [144, 133, 233]}, "lesion_id": 34, "section": null, "area_um2": 16750.0, "lesion_ids": [34]}}]}