zone,lesion_id,section,lesion_ids,area_um2,n_parts,centroid_x_um,centroid_y_um,wkt_um
lesion,1,R1_2_T,,20150.0,1,8824.853184449958,1226.1393713813068,"POLYGON ((8825 1340, 8820 1335, 8815 1330, 8810 1325, 8805 1320, 8800 1315, 8795 1310, 8790 1305, 8785 1300, 8780 1295, 8775 1290, 8770 1285, 8765 1280, 8760 1275, 8760 1265, 8755 1260, 8750 1255, 8750 1245, 8750 1235, 8750 1225, 8745 1220, 8740 1215, 8735 1210, 8730 1205, 8725 1200, 8720 1195, 8715 1190, 8710 1185, 8715 1180, 8725 1180, 8730 1175, 8735 1170, 8745 1170, 8755 1170, 8765 1170, 8775 1170, 8785 1170, 8795 1170, 8805 1170, 8815 1170, 8825 1170, 8830 1175, 8835 1180, 8845 1180, 8855 1180, 8865 1180, 8875 1180, 8880 1175, 8885 1170, 8895 1170, 8905 1170, 8910 1165, 8915 1160, 8925 1160, 8935 1160, 8945 1160, 8950 1155, 8955 1150, 8960 1155, 8960 1165, 8960 1175, 8955 1180, 8950 1185, 8945 1190, 8940 1195, 8935 1200, 8925 1200, 8915 1200, 8910 1205, 8905 1210, 8900 1215, 8895 1220, 8890 1225, 8890 1235, 8885 1240, 8880 1245, 8875 1250, 8870 1255, 8865 1260, 8860 1265, 8855 1270, 8850 1275, 8845 1280, 8840 1285, 8835 1290, 8830 1295, 8835 1300, 8840 1305, 8845 1310, 8850 1315, 8845 1320, 8840 1325, 8835 1330, 8830 1335, 8825 1340))"
core,1,R1_2_T,,850.0,1,8821.764705882353,1207.1568627450981,"POLYGON ((8815 1230, 8810 1225, 8810 1215, 8805 1210, 8800 1205, 8805 1200, 8815 1200, 8820 1195, 8825 1190, 8835 1190, 8840 1195, 8840 1205, 8835 1210, 8830 1215, 8825 1220, 8820 1225, 8815 1230))"
rim,1,R1_2_T,,19300.0,1,8824.98920552677,1226.9753886010362,"POLYGON ((8825 1340, 8820 1335, 8815 1330, 8810 1325, 8805 1320, 8800 1315, 8795 1310, 8790 1305, 8785 1300, 8780 1295, 8775 1290, 8770 1285, 8765 1280, 8760 1275, 8760 1265, 8755 1260, 8750 1255, 8750 1245, 8750 1235, 8750 1225, 8745 1220, 8740 1215, 8735 1210, 8730 1205, 8725 1200, 8720 1195, 8715 1190, 8710 1185, 8715 1180, 8725 1180, 8730 1175, 8735 1170, 8745 1170, 8755 1170, 8765 1170, 8775 1170, 8785 1170, 8795 1170, 8805 1170, 8815 1170, 8825 1170, 8830 1175, 8835 1180, 8845 1180, 8855 1180, 8865 1180, 8875 1180, 8880 1175, 8885 1170, 8895 1170, 8905 1170, 8910 1165, 8915 1160, 8925 1160, 8935 1160, 8945 1160, 8950 1155, 8955 1150, 8960 1155, 8960 1165, 8960 1175, 8955 1180, 8950 1185, 8945 1190, 8940 1195, 8935 1200, 8925 1200, 8915 1200, 8910 1205, 8905 1210, 8900 1215, 8895 1220, 8890 1225, 8890 1235, 8885 1240, 8880 1245, 8875 1250, 8870 1255, 8865 1260, 8860 1265, 8855 1270, 8850 1275, 8845 1280, 8840 1285, 8835 1290, 8830 1295, 8835 1300, 8840 1305, 8845 1310, 8850 1315, 8845 1320, 8840 1325, 8835 1330, 8830 1335, 8825 1340), (8820 1225, 8825 1220, 8830 1215, 8835 1210, 8840 1205, 8840 1195, 8835 1190, 8825 1190, 8820 1195, 8815 1200, 8805 1200, 8800 1205, 8805 1210, 8810 1215, 8810 1225, 8815 1230, 8820 1225))"
lesion,2,P3_1_C,,38650.0,1,6566.011211729194,1270.7934454506253,"POLYGON ((6505 1370, 6495 1370, 6490 1365, 6485 1360, 6475 1360, 6470 1355, 6465 1350, 6460 1345, 6455 1340, 6450 1335, 6445 1330, 6435 1330, 6430 1325, 6425 1320, 6420 1315, 6415 1310, 6410 1305, 6405 1300, 6400 1295, 6405 1290, 6410 1285, 6415 1280, 6420 1275, 6420 1265, 6425 1260, 6430 1255, 6435 1250, 6440 1245, 6440 1235, 6445 1230, 6455 1230, 6460 1225, 6465 1220, 6470 1215, 6475 1210, 6485 1210, 6495 1210, 6505 1210, 6515 1210, 6520 1215, 6525 1220, 6535 1220, 6540 1215, 6545 1210, 6555 1210, 6565 1210, 6570 1205, 6575 1200, 6585 1200, 6590 1195, 6595 1190, 6605 1190, 6615 1190, 6625 1190, 6630 1185, 6635 1180, 6645 1180, 6655 1180, 6665 1180, 6675 1180, 6680 1185, 6685 1190, 6695 1190, 6705 1190, 6710 1195, 6715 1200, 6720 1205, 6720 1215, 6720 1225, 6720 1235, 6715 1240, 6710 1245, 6710 1255, 6705 1260, 6700 1265, 6700 1275, 6695 1280, 6690 1285, 6685 1290, 6680 1295, 6680 1305, 6675 1310, 6670 1315, 6665 1320, 6660 1325, 6655 1330, 6645 1330, 6635 1330, 6625 1330, 6615 1330, 6610 1335, 6605 1340, 6595 1340, 6585 1340, 6575 1340, 6565 1340, 6560 1345, 6555 1350, 6550 1355, 6545 1360, 6535 1360, 6525 1360, 6515 1360, 6510 1365, 6505 1370))"
core,2,P3_1_C,,8650.0,1,6567.28323699422,1262.5818882466283,"POLYGON ((6515 1310, 6505 1310, 6500 1305, 6495 1300, 6490 1295, 6485 1290, 6480 1285, 6480 1275, 6485 1270, 6490 1265, 6495 1260, 6500 1255, 6505 1250, 6515 1250, 6525 1250, 6530 1245, 6535 1240, 6545 1240, 6555 1240, 6565 1240, 6570 1235, 6575 1230, 6585 1230, 6595 1230, 6600 1225, 6605 1220, 6615 1220, 6625 1220, 6635 1220, 6640 1225, 6645 1230, 6655 1230, 6660 1235, 6655 1240, 6650 1245, 6645 1250, 6640 1255, 6640 1265, 6635 1270, 6630 1275, 6625 1280, 6615 1280, 6605 1280, 6595 1280, 6590 1285, 6585 1290, 6575 1290, 6565 1290, 6555 1290, 6545 1290, 6540 1295, 6535 1300, 6525 1300, 6520 1305, 6515 1310))"
rim,2,P3_1_C,,30000.0,1,6565.644444444445,1273.1611111111113,"POLYGON ((6505 1370, 6495 1370, 6490 1365, 6485 1360, 6475 1360, 6470 1355, 6465 1350, 6460 1345, 6455 1340, 6450 1335, 6445 1330, 6435 1330, 6430 1325, 6425 1320, 6420 1315, 6415 1310, 6410 1305, 6405 1300, 6400 1295, 6405 1290, 6410 1285, 6415 1280, 6420 1275, 6420 1265, 6425 1260, 6430 1255, 6435 1250, 6440 1245, 6440 1235, 6445 1230, 6455 1230, 6460 1225, 6465 1220, 6470 1215, 6475 1210, 6485 1210, 6495 1210, 6505 1210, 6515 1210, 6520 1215, 6525 1220, 6535 1220, 6540 1215, 6545 1210, 6555 1210, 6565 1210, 6570 1205, 6575 1200, 6585 1200, 6590 1195, 6595 1190, 6605 1190, 6615 1190, 6625 1190, 6630 1185, 6635 1180, 6645 1180, 6655 1180, 6665 1180, 6675 1180, 6680 1185, 6685 1190, 6695 1190, 6705 1190, 6710 1195, 6715 1200, 6720 1205, 6720 1215, 6720 1225, 6720 1235, 6715 1240, 6710 1245, 6710 1255, 6705 1260, 6700 1265, 6700 1275, 6695 1280, 6690 1285, 6685 1290, 6680 1295, 6680 1305, 6675 1310, 6670 1315, 6665 1320, 6660 1325, 6655 1330, 6645 1330, 6635 1330, 6625 1330, 6615 1330, 6610 1335, 6605 1340, 6595 1340, 6585 1340, 6575 1340, 6565 1340, 6560 1345, 6555 1350, 6550 1355, 6545 1360, 6535 1360, 6525 1360, 6515 1360, 6510 1365, 6505 1370), (6520 1305, 6525 1300, 6535 1300, 6540 1295, 6545 1290, 6555 1290, 6565 1290, 6575 1290, 6585 1290, 6590 1285, 6595 1280, 6605 1280, 6615 1280, 6625 1280, 6630 1275, 6635 1270, 6640 1265, 6640 1255, 6645 1250, 6650 1245, 6655 1240, 6660 1235, 6655 1230, 6645 1230, 6640 1225, 6635 1220, 6625 1220, 6615 1220, 6605 1220, 6600 1225, 6595 1230, 6585 1230, 6575 1230, 6570 1235, 6565 1240, 6555 1240, 6545 1240, 6535 1240, 6530 1245, 6525 1250, 6515 1250, 6505 1250, 6500 1255, 6495 1260, 6490 1265, 6485 1270, 6480 1275, 6480 1285, 6485 1290, 6490 1295, 6495 1300, 6500 1305, 6505 1310, 6515 1310, 6520 1305))"
lesion,3,P3_1_C,,175550.0,1,7237.720972182665,1594.7569543339978,"POLYGON ((7615 2200, 7610 2195, 7605 2190, 7600 2185, 7595 2180, 7590 2175, 7585 2170, 7580 2165, 7575 2160, 7570 2155, 7570 2145, 7565 2140, 7560 2135, 7555 2130, 7550 2125, 7550 2115, 7550 2105, 7550 2095, 7550 2085, 7550 2075, 7550 2065, 7545 2060, 7540 2055, 7540 2045, 7540 2035, 7535 2030, 7530 2025, 7530 2015, 7525 2010, 7520 2005, 7515 2000, 7510 1995, 7505 1990, 7500 1985, 7495 1980, 7485 1980, 7475 1980, 7465 1980, 7460 1975, 7455 1970, 7445 1970, 7435 1970, 7425 1970, 7420 1975, 7415 1980, 7405 1980, 7395 1980, 7385 1980, 7380 1975, 7375 1970, 7370 1965, 7365 1960, 7360 1955, 7365 1950, 7370 1945, 7365 1940, 7360 1935, 7355 1930, 7350 1925, 7355 1920, 7360 1915, 7355 1910, 7350 1905, 7350 1895, 7350 1885, 7350 1875, 7345 1870, 7340 1865, 7340 1855, 7345 1850, 7350 1845, 7355 1840, 7360 1835, 7365 1830, 7370 1825, 7375 1820, 7380 1815, 7385 1810, 7390 1805, 7390 1795, 7385 1790, 7380 1785, 7380 1775, 7375 1770, 7370 1765, 7370 1755, 7365 1750, 7360 1745, 7355 1740, 7350 1735, 7345 1730, 7340 1725, 7335 1720, 7330 1715, 7325 1710, 7320 1705, 7320 1695, 7315 1690, 7310 1685, 7305 1680, 7300 1675, 7295 1670, 7290 1665, 7285 1660, 7280 1655, 7275 1650, 7270 1645, 7270 1635, 7270 1625, 7270 1615, 7265 1610, 7260 1605, 7260 1595, 7255 1590, 7250 1585, 7245 1580, 7240 1575, 7235 1570, 7225 1570, 7220 1565, 7215 1560, 7210 1555, 7205 1550, 7195 1550, 7190 1545, 7185 1540, 7175 1540, 7165 1540, 7160 1535, 7155 1530, 7145 1530, 7140 1535, 7135 1540, 7130 1545, 7125 1550, 7115 1550, 7105 1550, 7100 1545, 7095 1540, 7085 1540, 7080 1535, 7075 1530, 7070 1525, 7065 1520, 7060 1515, 7055 1510, 7050 1505, 7050 1495, 7045 1490, 7040 1485, 7035 1480, 7030 1475, 7030 1465, 7035 1460, 7040 1455, 7045 1450, 7050 1445, 7050 1435, 7055 1430, 7060 1425, 7060 1415, 7055 1410, 7050 1405, 7045 1400, 7040 1395, 7035 1390, 7030 1385, 7025 1380, 7015 1380, 7005 1380, 6995 1380, 6985 1380, 6975 1380, 6970 1385, 6965 1390, 6960 1385, 6955 1380, 6950 1385, 6945 1390, 6940 1395, 6935 1400, 6930 1405, 6925 1410, 6920 1415, 6915 1420, 6905 1420, 6895 1420, 6890 1425, 6885 1430, 6875 1430, 6865 1430, 6860 1425, 6855 1420, 6850 1415, 6845 1410, 6840 1405, 6835 1400, 6830 1395, 6825 1390, 6820 1385, 6825 1380, 6830 1375, 6830 1365, 6825 1360, 6820 1355, 6825 1350, 6830 1345, 6835 1340, 6840 1335, 6835 1330, 6830 1325, 6830 1315, 6830 1305, 6830 1295, 6825 1290, 6820 1285, 6820 1275, 6815 1270, 6810 1265, 6810 1255, 6810 1245, 6810 1235, 6810 1225, 6810 1215, 6810 1205, 6815 1200, 6825 1200, 6835 1200, 6845 1200, 6850 1205, 6855 1210, 6865 1210, 6870 1205, 6875 1200, 6880 1205, 6885 1210, 6895 1210, 6900 1215, 6905 1220, 6910 1225, 6915 1230, 6920 1225, 6925 1220, 6930 1225, 6935 1230, 6945 1230, 6955 1230, 6960 1235, 6965 1240, 6975 1240, 6985 1240, 6995 1240, 7005 1240, 7015 1240, 7025 1240, 7030 1245, 7035 1250, 7045 1250, 7055 1250, 7060 1245, 7065 1240, 7075 1240, 7080 1245, 7085 1250, 7095 1250, 7100 1255, 7105 1260, 7110 1265, 7115 1270, 7125 1270, 7130 1275, 7135 1280, 7140 1285, 7145 1290, 7150 1295, 7155 1300, 7160 1305, 7165 1310, 7170 1315, 7175 1320, 7180 1325, 7185 1330, 7190 1335, 7195 1340, 7200 1345, 7200 1355, 7205 1360, 7210 1365, 7210 1375, 7215 1380, 7220 1385, 7220 1395, 7225 1400, 7230 1405, 7235 1410, 7240 1415, 7245 1420, 7255 1420, 7265 1420, 7270 1425, 7275 1430, 7280 1435, 7280 1445, 7285 1450, 7290 1455, 7295 1460, 7300 1465, 7305 1470, 7310 1475, 7315 1480, 7320 1485, 7325 1490, 7330 1495, 7335 1500, 7340 1505, 7340 1515, 7345 1520, 7350 1525, 7350 1535, 7350 1545, 7355 1550, 7360 1555, 7360 1565, 7365 1570, 7370 1575, 7370 1585, 7375 1590, 7380 1595, 7385 1600, 7390 1605, 7390 1615, 7395 1620, 7400 1625, 7405 1630, 7410 1635, 7405 1640, 7395 1640, 7390 1645, 7385 1650, 7380 1655, 7385 1660, 7395 1660, 7405 1660, 7410 1655, 7415 1650, 7420 1655, 7420 1665, 7425 1670, 7430 1675, 7435 1680, 7440 1685, 7440 1695, 7445 1700, 7450 1705, 7450 1715, 7455 1720, 7460 1725, 7460 1735, 7465 1740, 7470 1745, 7470 1755, 7475 1760, 7480 1765, 7485 1770, 7490 1775, 7490 1785, 7495 1790, 7500 1795, 7505 1800, 7510 1805, 7510 1815, 7510 1825, 7515 1830, 7520 1835, 7520 1845, 7520 1855, 7525 1860, 7530 1865, 7530 1875, 7535 1880, 7540 1885, 7545 1890, 7550 1895, 7550 1905, 7550 1915, 7555 1920, 7560 1925, 7560 1935, 7560 1945, 7560 1955, 7560 1965, 7565 1970, 7570 1975, 7575 1980, 7580 1985, 7585 1990, 7590 1995, 7595 2000, 7605 2000, 7610 2005, 7610 2015, 7615 2020, 7620 2025, 7625 2030, 7630 2035, 7630 2045, 7635 2050, 7640 2055, 7640 2065, 7640 2075, 7645 2080, 7650 2085, 7650 2095, 7650 2105, 7650 2115, 7650 2125, 7650 2135, 7650 2145, 7645 2150, 7640 2155, 7640 2165, 7640 2175, 7635 2180, 7630 2185, 7625 2190, 7620 2195, 7615 2200))"
core,3,P3_1_C,,60950.0,1,7185.429997265518,1481.1313918512442,"POLYGON ((7495 1930, 7485 1930, 7480 1925, 7475 1920, 7465 1920, 7455 1920, 7445 1920, 7435 1920, 7425 1920, 7415 1920, 7410 1915, 7410 1905, 7410 1895, 7405 1890, 7400 1885, 7400 1875, 7405 1870, 7410 1865, 7415 1860, 7420 1855, 7425 1850, 7430 1845, 7430 1835, 7435 1830, 7440 1825, 7440 1815, 7440 1805, 7440 1795, 7440 1785, 7440 1775, 7435 1770, 7430 1765, 7430 1755, 7425 1750, 7420 1745, 7420 1735, 7415 1730, 7410 1725, 7410 1715, 7405 1710, 7400 1705, 7395 1700, 7390 1695, 7385 1690, 7380 1685, 7375 1680, 7370 1675, 7365 1670, 7360 1665, 7360 1655, 7355 1650, 7350 1645, 7345 1640, 7340 1635, 7335 1630, 7330 1625, 7325 1620, 7320 1615, 7320 1605, 7320 1595, 7315 1590, 7310 1585, 7310 1575, 7305 1570, 7300 1565, 7300 1555, 7295 1550, 7290 1545, 7285 1540, 7280 1535, 7275 1530, 7265 1530, 7260 1525, 7255 1520, 7250 1515, 7245 1510, 7235 1510, 7230 1505, 7225 1500, 7215 1500, 7210 1495, 7205 1490, 7195 1490, 7185 1490, 7180 1485, 7175 1480, 7165 1480, 7155 1480, 7145 1480, 7135 1480, 7125 1480, 7120 1485, 7115 1490, 7110 1485, 7105 1480, 7100 1475, 7100 1465, 7100 1455, 7105 1450, 7110 1445, 7110 1435, 7110 1425, 7110 1415, 7110 1405, 7110 1395, 7105 1390, 7100 1385, 7100 1375, 7095 1370, 7090 1365, 7085 1360, 7080 1355, 7075 1350, 7070 1345, 7065 1340, 7055 1340, 7050 1335, 7045 1330, 7035 1330, 7025 1330, 7015 1330, 7005 1330, 6995 1330, 6985 1330, 6975 1330, 6965 1330, 6955 1330, 6945 1330, 6935 1330, 6930 1335, 6925 1340, 6915 1340, 6910 1345, 6905 1350, 6900 1355, 6895 1360, 6890 1355, 6890 1345, 6890 1335, 6890 1325, 6890 1315, 6885 1310, 6880 1305, 6880 1295, 6880 1285, 6880 1275, 6875 1270, 6870 1265, 6870 1255, 6865 1250, 6860 1245, 6860 1235, 6865 1230, 6875 1230, 6885 1230, 6895 1230, 6905 1230, 6915 1230, 6920 1225, 6925 1220, 6930 1225, 6935 1230, 6945 1230, 6955 1230, 6960 1235, 6965 1240, 6975 1240, 6985 1240, 6995 1240, 7005 1240, 7015 1240, 7020 1245, 7025 1250, 7030 1255, 7035 1260, 7045 1260, 7050 1265, 7055 1270, 7065 1270, 7070 1275, 7075 1280, 7080 1285, 7085 1290, 7095 1290, 7100 1295, 7105 1300, 7110 1305, 7115 1310, 7120 1315, 7125 1320, 7130 1325, 7135 1330, 7140 1335, 7145 1340, 7150 1345, 7155 1350, 7160 1355, 7165 1360, 7170 1365, 7175 1370, 7180 1375, 7185 1380, 7190 1385, 7195 1390, 7205 1390, 7210 1395, 7215 1400, 7220 1405, 7225 1410, 7230 1415, 7235 1420, 7240 1425, 7245 1430, 7250 1435, 7250 1445, 7255 1450, 7260 1455, 7265 1460, 7270 1465, 7275 1470, 7280 1475, 7285 1480, 7290 1485, 7295 1490, 7300 1495, 7305 1500, 7310 1505, 7310 1515, 7315 1520, 7320 1525, 7320 1535, 7325 1540, 7330 1545, 7335 1550, 7340 1555, 7345 1560, 7350 1565, 7355 1570, 7360 1575, 7365 1580, 7370 1585, 7375 1590, 7380 1595, 7385 1600, 7390 1605, 7390 1615, 7395 1620, 7400 1625, 7405 1630, 7410 1635, 7405 1640, 7395 1640, 7390 1645, 7385 1650, 7380 1655, 7385 1660, 7395 1660, 7405 1660, 7410 1655, 7415 1650, 7420 1655, 7420 1665, 7425 1670, 7430 1675, 7435 1680, 7440 1685, 7440 1695, 7445 1700, 7450 1705, 7450 1715, 7450 1725, 7450 1735, 7450 1745, 7450 1755, 7450 1765, 7455 1770, 7460 1775, 7460 1785, 7460 1795, 7465 1800, 7470 1805, 7470 1815, 7475 1820, 7480 1825, 7480 1835, 7480 1845, 7480 1855, 7480 1865, 7480 1875, 7480 1885, 7480 1895, 7485 1900, 7490 1905, 7490 1915, 7495 1920, 7500 1925, 7495 1930))"
rim,3,P3_1_C,,113950.0,3,7266.133903758959,1656.6004826678368,"MULTIPOLYGON (((7220 1395, 7220 1385, 7215 1380, 7210 1375, 7210 1365, 7205 1360, 7200 1355, 7200 1345, 7195 1340, 7190 1335, 7185 1330, 7180 1325, 7175 1320, 7170 1315, 7165 1310, 7160 1305, 7155 1300, 7150 1295, 7145 1290, 7140 1285, 7135 1280, 7130 1275, 7125 1270, 7115 1270, 7110 1265, 7105 1260, 7100 1255, 7095 1250, 7085 1250, 7080 1245, 7075 1240, 7065 1240, 7060 1245, 7055 1250, 7045 1250, 7035 1250, 7030 1255, 7035 1260, 7045 1260, 7050 1265, 7055 1270, 7065 1270, 7070 1275, 7075 1280, 7080 1285, 7085 1290, 7095 1290, 7100 1295, 7105 1300, 7110 1305, 7115 1310, 7120 1315, 7125 1320, 7130 1325, 7135 1330, 7140 1335, 7145 1340, 7150 1345, 7155 1350, 7160 1355, 7165 1360, 7170 1365, 7175 1370, 7180 1375, 7185 1380, 7190 1385, 7195 1390, 7205 1390, 7210 1395, 7215 1400, 7220 1395)), ((7360 1555, 7355 1550, 7350 1545, 7350 1535, 7350 1525, 7345 1520, 7340 1515, 7340 1505, 7335 1500, 7330 1495, 7325 1490, 7320 1485, 7315 1480, 7310 1475, 7305 1470, 7300 1465, 7295 1460, 7290 1455, 7285 1450, 7280 1445, 7280 1435, 7275 1430, 7270 1425, 7265 1420, 7255 1420, 7245 1420, 7240 1425, 7245 1430, 7250 1435, 7250 1445, 7255 1450, 7260 1455, 7265 1460, 7270 1465, 7275 1470, 7280 1475, 7285 1480, 7290 1485, 7295 1490, 7300 1495, 7305 1500, 7310 1505, 7310 1515, 7315 1520, 7320 1525, 7320 1535, 7325 1540, 7330 1545, 7335 1550, 7340 1555, 7345 1560, 7350 1565, 7355 1570, 7360 1565, 7360 1555)), ((7625 2190, 7630 2185, 7635 2180, 7640 2175, 7640 2165, 7640 2155, 7645 2150, 7650 2145, 7650 2135, 7650 2125, 7650 2115, 7650 2105, 7650 2095, 7650 2085, 7645 2080, 7640 2075, 7640 2065, 7640 2055, 7635 2050, 7630 2045, 7630 2035, 7625 2030, 7620 2025, 7615 2020, 7610 2015, 7610 2005, 7605 2000, 7595 2000, 7590 1995, 7585 1990, 7580 1985, 7575 1980, 7570 1975, 7565 1970, 7560 1965, 7560 1955, 7560 1945, 7560 1935, 7560 1925, 7555 1920, 7550 1915, 7550 1905, 7550 1895, 7545 1890, 7540 1885, 7535 1880, 7530 1875, 7530 1865, 7525 1860, 7520 1855, 7520 1845, 7520 1835, 7515 1830, 7510 1825, 7510 1815, 7510 1805, 7505 1800, 7500 1795, 7495 1790, 7490 1785, 7490 1775, 7485 1770, 7480 1765, 7475 1760, 7470 1755, 7470 1745, 7465 1740, 7460 1735, 7460 1725, 7455 1720, 7450 1725, 7450 1735, 7450 1745, 7450 1755, 7450 1765, 7455 1770, 7460 1775, 7460 1785, 7460 1795, 7465 1800, 7470 1805, 7470 1815, 7475 1820, 7480 1825, 7480 1835, 7480 1845, 7480 1855, 7480 1865, 7480 1875, 7480 1885, 7480 1895, 7485 1900, 7490 1905, 7490 1915, 7495 1920, 7500 1925, 7495 1930, 7485 1930, 7480 1925, 7475 1920, 7465 1920, 7455 1920, 7445 1920, 7435 1920, 7425 1920, 7415 1920, 7410 1915, 7410 1905, 7410 1895, 7405 1890, 7400 1885, 7400 1875, 7405 1870, 7410 1865, 7415 1860, 7420 1855, 7425 1850, 7430 1845, 7430 1835, 7435 1830, 7440 1825, 7440 1815, 7440 1805, 7440 1795, 7440 1785, 7440 1775, 7435 1770, 7430 1765, 7430 1755, 7425 1750, 7420 1745, 7420 1735, 7415 1730, 7410 1725, 7410 1715, 7405 1710, 7400 1705, 7395 1700, 7390 1695, 7385 1690, 7380 1685, 7375 1680, 7370 1675, 7365 1670, 7360 1665, 7360 1655, 7355 1650, 7350 1645, 7345 1640, 7340 1635, 7335 1630, 7330 1625, 7325 1620, 7320 1615, 7320 1605, 7320 1595, 7315 1590, 7310 1585, 7310 1575, 7305 1570, 7300 1565, 7300 1555, 7295 1550, 7290 1545, 7285 1540, 7280 1535, 7275 1530, 7265 1530, 7260 1525, 7255 1520, 7250 1515, 7245 1510, 7235 1510, 7230 1505, 7225 1500, 7215 1500, 7210 1495, 7205 1490, 7195 1490, 7185 1490, 7180 1485, 7175 1480, 7165 1480, 7155 1480, 7145 1480, 7135 1480, 7125 1480, 7120 1485, 7115 1490, 7110 1485, 7105 1480, 7100 1475, 7100 1465, 7100 1455, 7105 1450, 7110 1445, 7110 1435, 7110 1425, 7110 1415, 7110 1405, 7110 1395, 7105 1390, 7100 1385, 7100 1375, 7095 1370, 7090 1365, 7085 1360, 7080 1355, 7075 1350, 7070 1345, 7065 1340, 7055 1340, 7050 1335, 7045 1330, 7035 1330, 7025 1330, 7015 1330, 7005 1330, 6995 1330, 6985 1330, 6975 1330, 6965 1330, 6955 1330, 6945 1330, 6935 1330, 6930 1335, 6925 1340, 6915 1340, 6910 1345, 6905 1350, 6900 1355, 6895 1360, 6890 1365, 6885 1370, 6880 1365, 6885 1360, 6890 1355, 6890 1345, 6890 1335, 6890 1325, 6890 1315, 6885 1310, 6880 1305, 6880 1295, 6880 1285, 6880 1275, 6875 1270, 6870 1265, 6870 1255, 6865 1250, 6860 1245, 6860 1235, 6865 1230, 6875 1230, 6885 1230, 6895 1230, 6905 1230, 6910 1225, 6905 1220, 6900 1215, 6895 1210, 6885 1210, 6880 1205, 6875 1200, 6870 1205, 6865 1210, 6855 1210, 6850 1205, 6845 1200, 6835 1200, 6825 1200, 6815 1200, 6810 1205, 6810 1215, 6810 1225, 6810 1235, 6810 1245, 6810 1255, 6810 1265, 6815 1270, 6820 1275, 6820 1285, 6825 1290, 6830 1295, 6830 1305, 6830 1315, 6830 1325, 6835 1330, 6840 1335, 6835 1340, 6830 1345, 6825 1350, 6820 1355, 6825 1360, 6830 1365, 6830 1375, 6825 1380, 6820 1385, 6825 1390, 6830 1395, 6835 1400, 6840 1405, 6845 1410, 6850 1415, 6855 1420, 6860 1425, 6865 1430, 6875 1430, 6885 1430, 6890 1425, 6895 1420, 6905 1420, 6915 1420, 6920 1415, 6925 1410, 6930 1405, 6935 1400, 6940 1395, 6945 1390, 6950 1385, 6955 1380, 6960 1385, 6965 1390, 6970 1385, 6975 1380, 6985 1380, 6995 1380, 7005 1380, 7015 1380, 7025 1380, 7030 1385, 7035 1390, 7040 1395, 7045 1400, 7050 1405, 7055 1410, 7060 1415, 7060 1425, 7055 1430, 7050 1435, 7050 1445, 7045 1450, 7040 1455, 7035 1460, 7030 1465, 7030 1475, 7035 1480, 7040 1485, 7045 1490, 7050 1495, 7050 1505, 7055 1510, 7060 1515, 7065 1520, 7070 1525, 7075 1530, 7080 1535, 7085 1540, 7095 1540, 7100 1545, 7105 1550, 7115 1550, 7125 1550, 7130 1545, 7135 1540, 7140 1535, 7145 1530, 7155 1530, 7160 1535, 7165 1540, 7175 1540, 7185 1540, 7190 1545, 7195 1550, 7205 1550, 7210 1555, 7215 1560, 7220 1565, 7225 1570, 7235 1570, 7240 1575, 7245 1580, 7250 1585, 7255 1590, 7260 1595, 7260 1605, 7265 1610, 7270 1615, 7270 1625, 7270 1635, 7270 1645, 7275 1650, 7280 1655, 7285 1660, 7290 1665, 7295 1670, 7300 1675, 7305 1680, 7310 1685, 7315 1690, 7320 1695, 7320 1705, 7325 1710, 7330 1715, 7335 1720, 7340 1725, 7345 1730, 7350 1735, 7355 1740, 7360 1745, 7365 1750, 7370 1755, 7370 1765, 7375 1770, 7380 1775, 7380 1785, 7385 1790, 7390 1795, 7390 1805, 7385 1810, 7380 1815, 7375 1820, 7370 1825, 7365 1830, 7360 1835, 7355 1840, 7350 1845, 7345 1850, 7340 1855, 7340 1865, 7345 1870, 7350 1875, 7350 1885, 7350 1895, 7350 1905, 7355 1910, 7360 1915, 7355 1920, 7350 1925, 7355 1930, 7360 1935, 7365 1940, 7370 1945, 7365 1950, 7360 1955, 7365 1960, 7370 1965, 7375 1970, 7380 1975, 7385 1980, 7395 1980, 7405 1980, 7415 1980, 7420 1975, 7425 1970, 7435 1970, 7445 1970, 7455 1970, 7460 1975, 7465 1980, 7475 1980, 7485 1980, 7495 1980, 7500 1985, 7505 1990, 7510 1995, 7515 2000, 7520 2005, 7525 2010, 7530 2015, 7530 2025, 7535 2030, 7540 2035, 7540 2045, 7540 2055, 7545 2060, 7550 2065, 7550 2075, 7550 2085, 7550 2095, 7550 2105, 7550 2115, 7550 2125, 7555 2130, 7560 2135, 7565 2140, 7570 2145, 7570 2155, 7575 2160, 7580 2165, 7585 2170, 7590 2175, 7595 2180, 7600 2185, 7605 2190, 7610 2195, 7615 2200, 7620 2195, 7625 2190)))"
lesion,4,R1_2_T,,80050.0,1,9547.012283989174,1490.0988965230065,"POLYGON ((9485 1660, 9475 1660, 9465 1660, 9455 1660, 9450 1655, 9445 1650, 9440 1645, 9435 1640, 9430 1635, 9430 1625, 9430 1615, 9430 1605, 9430 1595, 9430 1585, 9430 1575, 9430 1565, 9435 1560, 9440 1555, 9440 1545, 9440 1535, 9440 1525, 9440 1515, 9440 1505, 9440 1495, 9440 1485, 9440 1475, 9435 1470, 9430 1465, 9430 1455, 9425 1450, 9420 1445, 9420 1435, 9415 1430, 9410 1425, 9405 1420, 9400 1415, 9400 1405, 9400 1395, 9400 1385, 9400 1375, 9405 1370, 9410 1365, 9415 1360, 9420 1355, 9420 1345, 9415 1340, 9410 1335, 9410 1325, 9410 1315, 9405 1310, 9400 1305, 9405 1300, 9410 1295, 9415 1290, 9420 1285, 9425 1280, 9430 1285, 9435 1290, 9445 1290, 9455 1290, 9465 1290, 9470 1295, 9475 1300, 9480 1305, 9485 1310, 9495 1310, 9500 1315, 9505 1320, 9510 1325, 9515 1330, 9525 1330, 9530 1335, 9535 1340, 9545 1340, 9550 1345, 9555 1350, 9565 1350, 9570 1355, 9575 1360, 9585 1360, 9590 1365, 9595 1370, 9605 1370, 9610 1375, 9610 1385, 9615 1390, 9620 1395, 9625 1400, 9630 1405, 9635 1410, 9640 1415, 9645 1420, 9650 1425, 9655 1430, 9660 1435, 9665 1440, 9670 1445, 9675 1450, 9680 1455, 9685 1460, 9695 1460, 9700 1465, 9705 1470, 9710 1475, 9715 1480, 9725 1480, 9730 1485, 9735 1490, 9740 1495, 9745 1500, 9750 1505, 9745 1510, 9740 1515, 9740 1525, 9735 1530, 9730 1535, 9725 1540, 9720 1545, 9715 1550, 9710 1555, 9705 1560, 9700 1565, 9695 1570, 9690 1575, 9690 1585, 9685 1590, 9680 1595, 9680 1605, 9675 1610, 9670 1615, 9665 1620, 9660 1625, 9655 1630, 9645 1630, 9635 1630, 9630 1635, 9625 1640, 9615 1640, 9605 1640, 9600 1645, 9595 1650, 9585 1650, 9575 1650, 9565 1650, 9555 1650, 9550 1645, 9545 1640, 9535 1640, 9525 1640, 9520 1645, 9515 1650, 9510 1645, 9505 1640, 9500 1645, 9495 1650, 9490 1655, 9485 1660))"
core,4,R1_2_T,,24750.0,1,9554.646464646465,1490.020202020202,"POLYGON ((9585 1590, 9575 1590, 9565 1590, 9560 1585, 9555 1580, 9545 1580, 9535 1580, 9525 1580, 9515 1580, 9505 1580, 9495 1580, 9490 1575, 9495 1570, 9500 1565, 9500 1555, 9500 1545, 9500 1535, 9500 1525, 9500 1515, 9500 1505, 9500 1495, 9500 1485, 9500 1475, 9500 1465, 9495 1460, 9490 1455, 9490 1445, 9485 1440, 9480 1435, 9480 1425, 9475 1420, 9470 1415, 9470 1405, 9465 1400, 9460 1395, 9465 1390, 9470 1385, 9470 1375, 9475 1370, 9480 1365, 9485 1360, 9490 1365, 9495 1370, 9505 1370, 9510 1375, 9515 1380, 9525 1380, 9530 1385, 9535 1390, 9545 1390, 9550 1395, 9555 1400, 9560 1405, 9560 1415, 9565 1420, 9570 1425, 9575 1430, 9580 1435, 9585 1440, 9590 1445, 9595 1450, 9600 1455, 9605 1460, 9610 1465, 9615 1470, 9620 1475, 9625 1480, 9630 1485, 9635 1490, 9640 1495, 9645 1500, 9650 1505, 9655 1510, 9665 1510, 9670 1515, 9665 1520, 9660 1525, 9655 1530, 9650 1535, 9645 1540, 9640 1545, 9640 1555, 9635 1560, 9630 1565, 9625 1570, 9620 1575, 9615 1580, 9605 1580, 9595 1580, 9590 1585, 9585 1590))"
rim,4,R1_2_T,,55300.0,1,9543.595539481616,1490.1341169379145,"POLYGON ((9485 1660, 9475 1660, 9465 1660, 9455 1660, 9450 1655, 9445 1650, 9440 1645, 9435 1640, 9430 1635, 9430 1625, 9430 1615, 9430 1605, 9430 1595, 9430 1585, 9430 1575, 9430 1565, 9435 1560, 9440 1555, 9440 1545, 9440 1535, 9440 1525, 9440 1515, 9440 1505, 9440 1495, 9440 1485, 9440 1475, 9435 1470, 9430 1465, 9430 1455, 9425 1450, 9420 1445, 9420 1435, 9415 1430, 9410 1425, 9405 1420, 9400 1415, 9400 1405, 9400 1395, 9400 1385, 9400 1375, 9405 1370, 9410 1365, 9415 1360, 9420 1355, 9420 1345, 9415 1340, 9410 1335, 9410 1325, 9410 1315, 9405 1310, 9400 1305, 9405 1300, 9410 1295, 9415 1290, 9420 1285, 9425 1280, 9430 1285, 9435 1290, 9445 1290, 9455 1290, 9465 1290, 9470 1295, 9475 1300, 9480 1305, 9485 1310, 9495 1310, 9500 1315, 9505 1320, 9510 1325, 9515 1330, 9525 1330, 9530 1335, 9535 1340, 9545 1340, 9550 1345, 9555 1350, 9565 1350, 9570 1355, 9575 1360, 9585 1360, 9590 1365, 9595 1370, 9605 1370, 9610 1375, 9610 1385, 9615 1390, 9620 1395, 9625 1400, 9630 1405, 9635 1410, 9640 1415, 9645 1420, 9650 1425, 9655 1430, 9660 1435, 9665 1440, 9670 1445, 9675 1450, 9680 1455, 9685 1460, 9695 1460, 9700 1465, 9705 1470, 9710 1475, 9715 1480, 9725 1480, 9730 1485, 9735 1490, 9740 1495, 9745 1500, 9750 1505, 9745 1510, 9740 1515, 9740 1525, 9735 1530, 9730 1535, 9725 1540, 9720 1545, 9715 1550, 9710 1555, 9705 1560, 9700 1565, 9695 1570, 9690 1575, 9690 1585, 9685 1590, 9680 1595, 9680 1605, 9675 1610, 9670 1615, 9665 1620, 9660 1625, 9655 1630, 9645 1630, 9635 1630, 9630 1635, 9625 1640, 9615 1640, 9605 1640, 9600 1645, 9595 1650, 9585 1650, 9575 1650, 9565 1650, 9555 1650, 9550 1645, 9545 1640, 9535 1640, 9525 1640, 9520 1645, 9515 1650, 9510 1645, 9505 1640, 9500 1645, 9495 1650, 9490 1655, 9485 1660), (9590 1585, 9595 1580, 9605 1580, 9615 1580, 9620 1575, 9625 1570, 9630 1565, 9635 1560, 9640 1555, 9640 1545, 9645 1540, 9650 1535, 9655 1530, 9660 1525, 9665 1520, 9670 1515, 9665 1510, 9655 1510, 9650 1505, 9645 1500, 9640 1495, 9635 1490, 9630 1485, 9625 1480, 9620 1475, 9615 1470, 9610 1465, 9605 1460, 9600 1455, 9595 1450, 9590 1445, 9585 1440, 9580 1435, 9575 1430, 9570 1425, 9565 1420, 9560 1415, 9560 1405, 9555 1400, 9550 1395, 9545 1390, 9535 1390, 9530 1385, 9525 1380, 9515 1380, 9510 1375, 9505 1370, 9495 1370, 9490 1365, 9485 1360, 9480 1365, 9475 1370, 9470 1375, 9470 1385, 9465 1390, 9460 1395, 9465 1400, 9470 1405, 9470 1415, 9475 1420, 9480 1425, 9480 1435, 9485 1440, 9490 1445, 9490 1455, 9495 1460, 9500 1465, 9500 1475, 9500 1485, 9500 1495, 9500 1505, 9500 1515, 9500 1525, 9500 1535, 9500 1545, 9500 1555, 9500 1565, 9495 1570, 9490 1575, 9495 1580, 9505 1580, 9515 1580, 9525 1580, 9535 1580, 9545 1580, 9555 1580, 9560 1585, 9565 1590, 9575 1590, 9585 1590, 9590 1585))"
lesion,5,P3_1_C,,102750.0,1,6131.229927007299,1585.249391727494,"POLYGON ((6015 1870, 6010 1865, 6005 1860, 5995 1860, 5990 1855, 5985 1850, 5975 1850, 5970 1845, 5965 1840, 5960 1835, 5955 1830, 5950 1825, 5945 1820, 5940 1815, 5940 1805, 5940 1795, 5940 1785, 5940 1775, 5940 1765, 5940 1755, 5945 1750, 5950 1745, 5950 1735, 5950 1725, 5950 1715, 5950 1705, 5950 1695, 5945 1690, 5940 1685, 5945 1680, 5950 1675, 5950 1665, 5950 1655, 5950 1645, 5950 1635, 5950 1625, 5955 1620, 5960 1615, 5960 1605, 5960 1595, 5965 1590, 5970 1585, 5975 1580, 5980 1575, 5985 1570, 5990 1565, 5995 1560, 6000 1555, 6000 1545, 6005 1540, 6010 1535, 6015 1530, 6020 1525, 6020 1515, 6025 1510, 6035 1510, 6040 1505, 6045 1500, 6050 1495, 6055 1490, 6065 1490, 6070 1485, 6075 1480, 6085 1480, 6090 1475, 6095 1470, 6100 1465, 6105 1460, 6110 1455, 6115 1450, 6120 1445, 6125 1440, 6130 1435, 6135 1430, 6140 1425, 6145 1420, 6150 1415, 6155 1410, 6160 1405, 6165 1400, 6170 1395, 6175 1390, 6185 1390, 6190 1385, 6195 1380, 6205 1380, 6215 1380, 6225 1380, 6235 1380, 6245 1380, 6250 1385, 6255 1390, 6265 1390, 6270 1395, 6275 1400, 6280 1395, 6285 1390, 6290 1385, 6295 1380, 6300 1375, 6305 1370, 6310 1365, 6315 1360, 6320 1355, 6325 1350, 6335 1350, 6340 1345, 6345 1340, 6355 1340, 6360 1345, 6365 1350, 6370 1355, 6375 1360, 6380 1365, 6380 1375, 6375 1380, 6370 1385, 6365 1390, 6360 1395, 6355 1400, 6350 1405, 6350 1415, 6345 1420, 6340 1425, 6345 1430, 6350 1435, 6345 1440, 6340 1445, 6335 1450, 6330 1455, 6325 1460, 6320 1465, 6320 1475, 6315 1480, 6310 1485, 6310 1495, 6305 1500, 6300 1505, 6300 1515, 6300 1525, 6300 1535, 6300 1545, 6300 1555, 6300 1565, 6305 1570, 6310 1575, 6310 1585, 6305 1590, 6300 1595, 6295 1600, 6290 1605, 6285 1610, 6280 1615, 6275 1620, 6270 1625, 6265 1630, 6255 1630, 6250 1635, 6245 1640, 6235 1640, 6225 1640, 6215 1640, 6210 1645, 6205 1650, 6200 1655, 6195 1660, 6185 1660, 6180 1665, 6175 1670, 6165 1670, 6160 1675, 6155 1680, 6150 1685, 6145 1690, 6140 1695, 6135 1700, 6125 1700, 6120 1705, 6115 1710, 6110 1715, 6105 1720, 6100 1725, 6095 1730, 6090 1735, 6085 1740, 6080 1745, 6075 1750, 6070 1755, 6065 1760, 6060 1765, 6060 1775, 6060 1785, 6060 1795, 6055 1800, 6050 1805, 6050 1815, 6050 1825, 6050 1835, 6045 1840, 6040 1845, 6035 1850, 6030 1855, 6025 1860, 6020 1865, 6015 1870))"
core,5,P3_1_C,,34850.0,1,6131.223098995696,1571.5052606408417,"POLYGON ((5995 1790, 5990 1785, 5990 1775, 5995 1770, 6000 1765, 6000 1755, 6000 1745, 6000 1735, 6000 1725, 6000 1715, 6000 1705, 6000 1695, 6000 1685, 6000 1675, 6000 1665, 6000 1655, 6000 1645, 6005 1640, 6010 1635, 6010 1625, 6015 1620, 6020 1615, 6025 1610, 6030 1605, 6035 1600, 6040 1595, 6040 1585, 6045 1580, 6050 1575, 6055 1570, 6060 1565, 6060 1555, 6065 1550, 6070 1545, 6075 1540, 6080 1535, 6085 1530, 6090 1525, 6095 1520, 6100 1515, 6105 1510, 6115 1510, 6120 1505, 6125 1500, 6130 1495, 6135 1490, 6140 1485, 6145 1480, 6150 1475, 6155 1470, 6160 1465, 6165 1460, 6170 1455, 6175 1450, 6180 1445, 6185 1440, 6195 1440, 6205 1440, 6210 1435, 6215 1430, 6225 1430, 6230 1435, 6235 1440, 6245 1440, 6250 1445, 6255 1450, 6265 1450, 6270 1455, 6265 1460, 6260 1465, 6260 1475, 6255 1480, 6250 1485, 6250 1495, 6250 1505, 6250 1515, 6250 1525, 6250 1535, 6250 1545, 6250 1555, 6250 1565, 6245 1570, 6240 1575, 6235 1580, 6230 1585, 6225 1590, 6215 1590, 6205 1590, 6195 1590, 6190 1595, 6185 1600, 6175 1600, 6170 1605, 6165 1610, 6160 1615, 6155 1620, 6145 1620, 6140 1625, 6135 1630, 6125 1630, 6120 1635, 6115 1640, 6110 1645, 6105 1650, 6100 1655, 6095 1660, 6085 1660, 6080 1665, 6075 1670, 6070 1675, 6065 1680, 6060 1685, 6055 1690, 6050 1695, 6045 1700, 6040 1705, 6035 1710, 6030 1715, 6025 1720, 6020 1725, 6020 1735, 6015 1740, 6010 1745, 6010 1755, 6010 1765, 6010 1775, 6005 1780, 6000 1785, 5995 1790))"
rim,5,P3_1_C,,67900.0,1,6131.233431516936,1592.3036327933237,"POLYGON ((6015 1870, 6010 1865, 6005 1860, 5995 1860, 5990 1855, 5985 1850, 5975 1850, 5970 1845, 5965 1840, 5960 1835, 5955 1830, 5950 1825, 5945 1820, 5940 1815, 5940 1805, 5940 1795, 5940 1785, 5940 1775, 5940 1765, 5940 1755, 5945 1750, 5950 1745, 5950 1735, 5950 1725, 5950 1715, 5950 1705, 5950 1695, 5945 1690, 5940 1685, 5945 1680, 5950 1675, 5950 1665, 5950 1655, 5950 1645, 5950 1635, 5950 1625, 5955 1620, 5960 1615, 5960 1605, 5960 1595, 5965 1590, 5970 1585, 5975 1580, 5980 1575, 5985 1570, 5990 1565, 5995 1560, 6000 1555, 6000 1545, 6005 1540, 6010 1535, 6015 1530, 6020 1525, 6020 1515, 6025 1510, 6035 1510, 6040 1505, 6045 1500, 6050 1495, 6055 1490, 6065 1490, 6070 1485, 6075 1480, 6085 1480, 6090 1475, 6095 1470, 6100 1465, 6105 1460, 6110 1455, 6115 1450, 6120 1445, 6125 1440, 6130 1435, 6135 1430, 6140 1425, 6145 1420, 6150 1415, 6155 1410, 6160 1405, 6165 1400, 6170 1395, 6175 1390, 6185 1390, 6190 1385, 6195 1380, 6205 1380, 6215 1380, 6225 1380, 6235 1380, 6245 1380, 6250 1385, 6255 1390, 6265 1390, 6270 1395, 6275 1400, 6280 1395, 6285 1390, 6290 1385, 6295 1380, 6300 1375, 6305 1370, 6310 1365, 6315 1360, 6320 1355, 6325 1350, 6335 1350, 6340 1345, 6345 1340, 6355 1340, 6360 1345, 6365 1350, 6370 1355, 6375 1360, 6380 1365, 6380 1375, 6375 1380, 6370 1385, 6365 1390, 6360 1395, 6355 1400, 6350 1405, 6350 1415, 6345 1420, 6340 1425, 6345 1430, 6350 1435, 6345 1440, 6340 1445, 6335 1450, 6330 1455, 6325 1460, 6320 1465, 6320 1475, 6315 1480, 6310 1485, 6310 1495, 6305 1500, 6300 1505, 6300 1515, 6300 1525, 6300 1535, 6300 1545, 6300 1555, 6300 1565, 6305 1570, 6310 1575, 6310 1585, 6305 1590, 6300 1595, 6295 1600, 6290 1605, 6285 1610, 6280 1615, 6275 1620, 6270 1625, 6265 1630, 6255 1630, 6250 1635, 6245 1640, 6235 1640, 6225 1640, 6215 1640, 6210 1645, 6205 1650, 6200 1655, 6195 1660, 6185 1660, 6180 1665, 6175 1670, 6165 1670, 6160 1675, 6155 1680, 6150 1685, 6145 1690, 6140 1695, 6135 1700, 6125 1700, 6120 1705, 6115 1710, 6110 1715, 6105 1720, 6100 1725, 6095 1730, 6090 1735, 6085 1740, 6080 1745, 6075 1750, 6070 1755, 6065 1760, 6060 1765, 6060 1775, 6060 1785, 6060 1795, 6055 1800, 6050 1805, 6050 1815, 6050 1825, 6050 1835, 6045 1840, 6040 1845, 6035 1850, 6030 1855, 6025 1860, 6020 1865, 6015 1870), (6000 1785, 6005 1780, 6010 1775, 6010 1765, 6010 1755, 6010 1745, 6015 1740, 6020 1735, 6020 1725, 6025 1720, 6030 1715, 6035 1710, 6040 1705, 6045 1700, 6050 1695, 6055 1690, 6060 1685, 6065 1680, 6070 1675, 6075 1670, 6080 1665, 6085 1660, 6095 1660, 6100 1655, 6105 1650, 6110 1645, 6115 1640, 6120 1635, 6125 1630, 6135 1630, 6140 1625, 6145 1620, 6155 1620, 6160 1615, 6165 1610, 6170 1605, 6175 1600, 6185 1600, 6190 1595, 6195 1590, 6205 1590, 6215 1590, 6225 1590, 6230 1585, 6235 1580, 6240 1575, 6245 1570, 6250 1565, 6250 1555, 6250 1545, 6250 1535, 6250 1525, 6250 1515, 6250 1505, 6250 1495, 6250 1485, 6255 1480, 6260 1475, 6260 1465, 6265 1460, 6270 1455, 6265 1450, 6255 1450, 6250 1445, 6245 1440, 6235 1440, 6230 1435, 6225 1430, 6215 1430, 6210 1435, 6205 1440, 6195 1440, 6185 1440, 6180 1445, 6175 1450, 6170 1455, 6165 1460, 6160 1465, 6155 1470, 6150 1475, 6145 1480, 6140 1485, 6135 1490, 6130 1495, 6125 1500, 6120 1505, 6115 1510, 6105 1510, 6100 1515, 6095 1520, 6090 1525, 6085 1530, 6080 1535, 6075 1540, 6070 1545, 6065 1550, 6060 1555, 6060 1565, 6055 1570, 6050 1575, 6045 1580, 6040 1585, 6040 1595, 6035 1600, 6030 1605, 6025 1610, 6020 1615, 6015 1620, 6010 1625, 6010 1635, 6005 1640, 6000 1645, 6000 1655, 6000 1665, 6000 1675, 6000 1685, 6000 1695, 6000 1705, 6000 1715, 6000 1725, 6000 1735, 6000 1745, 6000 1755, 6000 1765, 5995 1770, 5990 1775, 5990 1785, 5995 1790, 6000 1785))"
lesion,6,R1_2_T,,71650.0,1,8464.390555943242,1578.702023726448,"POLYGON ((8365 1820, 8360 1815, 8355 1810, 8350 1805, 8350 1795, 8350 1785, 8350 1775, 8350 1765, 8350 1755, 8350 1745, 8350 1735, 8350 1725, 8350 1715, 8345 1710, 8340 1705, 8345 1700, 8350 1695, 8350 1685, 8350 1675, 8350 1665, 8345 1660, 8340 1655, 8335 1650, 8330 1645, 8330 1635, 8335 1630, 8340 1625, 8345 1620, 8355 1620, 8360 1615, 8360 1605, 8360 1595, 8360 1585, 8365 1580, 8370 1575, 8365 1570, 8360 1565, 8365 1560, 8370 1555, 8370 1545, 8370 1535, 8370 1525, 8365 1520, 8360 1515, 8355 1510, 8350 1505, 8355 1500, 8360 1495, 8365 1490, 8370 1485, 8375 1480, 8380 1475, 8385 1470, 8395 1470, 8400 1465, 8405 1460, 8415 1460, 8420 1455, 8425 1450, 8430 1445, 8435 1440, 8440 1435, 8445 1430, 8450 1425, 8450 1415, 8445 1410, 8440 1405, 8445 1400, 8450 1395, 8455 1390, 8460 1385, 8465 1380, 8470 1375, 8475 1370, 8480 1375, 8485 1380, 8495 1380, 8500 1375, 8505 1370, 8510 1375, 8515 1380, 8520 1375, 8525 1370, 8530 1375, 8535 1380, 8545 1380, 8550 1385, 8555 1390, 8560 1395, 8565 1400, 8570 1405, 8575 1410, 8580 1415, 8580 1425, 8585 1430, 8590 1435, 8595 1440, 8600 1445, 8595 1450, 8590 1455, 8590 1465, 8585 1470, 8580 1475, 8580 1485, 8575 1490, 8570 1495, 8570 1505, 8570 1515, 8565 1520, 8560 1525, 8555 1530, 8550 1535, 8555 1540, 8560 1545, 8555 1550, 8550 1555, 8555 1560, 8560 1565, 8565 1570, 8570 1575, 8575 1580, 8580 1585, 8585 1590, 8590 1595, 8590 1605, 8590 1615, 8590 1625, 8590 1635, 8585 1640, 8580 1645, 8580 1655, 8575 1660, 8570 1665, 8570 1675, 8565 1680, 8560 1685, 8555 1690, 8550 1695, 8545 1700, 8540 1705, 8535 1710, 8525 1710, 8515 1710, 8510 1705, 8505 1700, 8500 1705, 8495 1710, 8490 1715, 8485 1720, 8475 1720, 8465 1720, 8460 1725, 8455 1730, 8445 1730, 8440 1735, 8435 1740, 8430 1745, 8425 1750, 8420 1755, 8415 1760, 8410 1765, 8405 1770, 8400 1775, 8400 1785, 8395 1790, 8390 1795, 8385 1800, 8380 1805, 8375 1810, 8370 1815, 8365 1820))"
core,6,R1_2_T,,21350.0,1,8447.917642466822,1581.508587041374,"POLYGON ((8385 1710, 8380 1705, 8380 1695, 8385 1690, 8390 1685, 8390 1675, 8390 1665, 8390 1655, 8390 1645, 8390 1635, 8385 1630, 8380 1625, 8380 1615, 8380 1605, 8380 1595, 8375 1590, 8370 1585, 8370 1575, 8365 1570, 8360 1565, 8365 1560, 8375 1560, 8380 1555, 8385 1550, 8390 1545, 8395 1540, 8400 1535, 8405 1530, 8410 1525, 8415 1520, 8425 1520, 8430 1515, 8435 1510, 8445 1510, 8450 1505, 8455 1500, 8460 1495, 8465 1490, 8470 1485, 8475 1480, 8480 1475, 8485 1470, 8490 1465, 8495 1460, 8500 1455, 8500 1445, 8505 1440, 8515 1440, 8525 1440, 8530 1445, 8530 1455, 8525 1460, 8520 1465, 8520 1475, 8515 1480, 8510 1485, 8510 1495, 8505 1500, 8500 1505, 8500 1515, 8495 1520, 8490 1525, 8490 1535, 8490 1545, 8490 1555, 8490 1565, 8495 1570, 8500 1575, 8500 1585, 8505 1590, 8510 1595, 8515 1600, 8520 1605, 8525 1610, 8530 1615, 8530 1625, 8525 1630, 8520 1635, 8515 1640, 8505 1640, 8495 1640, 8490 1645, 8485 1650, 8475 1650, 8470 1655, 8465 1660, 8455 1660, 8450 1665, 8445 1670, 8435 1670, 8430 1675, 8425 1680, 8415 1680, 8410 1685, 8405 1690, 8400 1695, 8395 1700, 8390 1705, 8385 1710))"
rim,6,R1_2_T,,50250.0,1,8471.48424543947,1577.519071310116,"POLYGON ((8365 1820, 8360 1815, 8355 1810, 8350 1805, 8350 1795, 8350 1785, 8350 1775, 8350 1765, 8350 1755, 8350 1745, 8350 1735, 8350 1725, 8350 1715, 8345 1710, 8340 1705, 8345 1700, 8350 1695, 8350 1685, 8350 1675, 8350 1665, 8345 1660, 8340 1655, 8335 1650, 8330 1645, 8330 1635, 8335 1630, 8340 1625, 8345 1620, 8355 1620, 8360 1615, 8360 1605, 8360 1595, 8360 1585, 8365 1580, 8370 1585, 8375 1590, 8380 1595, 8380 1605, 8380 1615, 8380 1625, 8385 1630, 8390 1635, 8390 1645, 8390 1655, 8390 1665, 8390 1675, 8390 1685, 8385 1690, 8380 1695, 8380 1705, 8385 1710, 8390 1705, 8395 1700, 8400 1695, 8405 1690, 8410 1685, 8415 1680, 8425 1680, 8430 1675, 8435 1670, 8445 1670, 8450 1665, 8455 1660, 8465 1660, 8470 1655, 8475 1650, 8485 1650, 8490 1645, 8495 1640, 8505 1640, 8515 1640, 8520 1635, 8525 1630, 8530 1625, 8530 1615, 8525 1610, 8520 1605, 8515 1600, 8510 1595, 8505 1590, 8500 1585, 8500 1575, 8495 1570, 8490 1565, 8490 1555, 8490 1545, 8490 1535, 8490 1525, 8495 1520, 8500 1515, 8500 1505, 8505 1500, 8510 1495, 8510 1485, 8515 1480, 8520 1475, 8520 1465, 8525 1460, 8530 1455, 8530 1445, 8525 1440, 8515 1440, 8505 1440, 8500 1445, 8500 1455, 8495 1460, 8490 1465, 8485 1470, 8480 1475, 8475 1480, 8470 1485, 8465 1490, 8460 1495, 8455 1500, 8450 1505, 8445 1510, 8435 1510, 8430 1515, 8425 1520, 8415 1520, 8410 1525, 8405 1530, 8400 1535, 8395 1540, 8390 1545, 8385 1550, 8380 1555, 8375 1560, 8370 1555, 8370 1545, 8370 1535, 8370 1525, 8365 1520, 8360 1515, 8355 1510, 8350 1505, 8355 1500, 8360 1495, 8365 1490, 8370 1485, 8375 1480, 8380 1475, 8385 1470, 8395 1470, 8400 1465, 8405 1460, 8415 1460, 8420 1455, 8425 1450, 8430 1445, 8435 1440, 8440 1435, 8445 1430, 8450 1425, 8450 1415, 8445 1410, 8440 1405, 8445 1400, 8450 1395, 8455 1390, 8460 1385, 8465 1380, 8470 1375, 8475 1370, 8480 1375, 8485 1380, 8495 1380, 8500 1375, 8505 1370, 8510 1375, 8515 1380, 8520 1375, 8525 1370, 8530 1375, 8535 1380, 8545 1380, 8550 1385, 8555 1390, 8560 1395, 8565 1400, 8570 1405, 8575 1410, 8580 1415, 8580 1425, 8585 1430, 8590 1435, 8595 1440, 8600 1445, 8595 1450, 8590 1455, 8590 1465, 8585 1470, 8580 1475, 8580 1485, 8575 1490, 8570 1495, 8570 1505, 8570 1515, 8565 1520, 8560 1525, 8555 1530, 8550 1535, 8555 1540, 8560 1545, 8555 1550, 8550 1555, 8555 1560, 8560 1565, 8565 1570, 8570 1575, 8575 1580, 8580 1585, 8585 1590, 8590 1595, 8590 1605, 8590 1615, 8590 1625, 8590 1635, 8585 1640, 8580 1645, 8580 1655, 8575 1660, 8570 1665, 8570 1675, 8565 1680, 8560 1685, 8555 1690, 8550 1695, 8545 1700, 8540 1705, 8535 1710, 8525 1710, 8515 1710, 8510 1705, 8505 1700, 8500 1705, 8495 1710, 8490 1715, 8485 1720, 8475 1720, 8465 1720, 8460 1725, 8455 1730, 8445 1730, 8440 1735, 8435 1740, 8430 1745, 8425 1750, 8420 1755, 8415 1760, 8410 1765, 8405 1770, 8400 1775, 8400 1785, 8395 1790, 8390 1795, 8385 1800, 8380 1805, 8375 1810, 8370 1815, 8365 1820))"
lesion,7,R1_2_T,,248350.0,1,8356.302932689081,2305.1738138379974,"POLYGON ((8155 2780, 8145 2780, 8140 2775, 8135 2770, 8130 2765, 8130 2755, 8130 2745, 8130 2735, 8130 2725, 8135 2720, 8140 2715, 8140 2705, 8140 2695, 8145 2690, 8150 2685, 8150 2675, 8150 2665, 8145 2660, 8140 2655, 8140 2645, 8140 2635, 8140 2625, 8140 2615, 8145 2610, 8150 2605, 8150 2595, 8155 2590, 8160 2585, 8160 2575, 8160 2565, 8165 2560, 8170 2555, 8170 2545, 8175 2540, 8180 2535, 8180 2525, 8180 2515, 8180 2505, 8180 2495, 8180 2485, 8180 2475, 8180 2465, 8185 2460, 8190 2455, 8190 2445, 8190 2435, 8190 2425, 8195 2420, 8200 2415, 8205 2410, 8210 2405, 8215 2400, 8220 2405, 8225 2410, 8235 2410, 8240 2415, 8245 2420, 8250 2425, 8255 2430, 8260 2435, 8265 2440, 8270 2445, 8275 2450, 8285 2450, 8295 2450, 8305 2450, 8315 2450, 8325 2450, 8335 2450, 8340 2445, 8345 2440, 8355 2440, 8360 2435, 8365 2430, 8370 2425, 8375 2420, 8380 2415, 8380 2405, 8375 2400, 8370 2395, 8375 2390, 8380 2385, 8385 2380, 8390 2375, 8395 2370, 8400 2365, 8405 2360, 8410 2355, 8405 2350, 8400 2345, 8395 2340, 8390 2335, 8385 2330, 8380 2325, 8375 2320, 8365 2320, 8355 2320, 8345 2320, 8340 2315, 8335 2310, 8330 2315, 8325 2320, 8315 2320, 8305 2320, 8300 2325, 8295 2330, 8290 2335, 8285 2340, 8280 2345, 8275 2350, 8270 2345, 8265 2340, 8255 2340, 8245 2340, 8240 2345, 8235 2350, 8230 2345, 8225 2340, 8215 2340, 8210 2335, 8205 2330, 8200 2325, 8195 2320, 8190 2315, 8185 2310, 8180 2305, 8180 2295, 8175 2290, 8170 2285, 8175 2280, 8180 2275, 8175 2270, 8170 2265, 8170 2255, 8170 2245, 8175 2240, 8180 2235, 8185 2230, 8190 2225, 8195 2220, 8200 2215, 8205 2210, 8210 2205, 8210 2195, 8205 2190, 8200 2185, 8195 2180, 8190 2175, 8185 2170, 8180 2165, 8180 2155, 8180 2145, 8180 2135, 8175 2130, 8170 2125, 8170 2115, 8165 2110, 8160 2105, 8160 2095, 8160 2085, 8160 2075, 8160 2065, 8155 2060, 8150 2055, 8145 2050, 8140 2045, 8140 2035, 8140 2025, 8140 2015, 8140 2005, 8140 1995, 8140 1985, 8140 1975, 8145 1970, 8150 1965, 8155 1960, 8160 1955, 8165 1950, 8170 1945, 8170 1935, 8170 1925, 8175 1920, 8180 1915, 8185 1910, 8190 1905, 8195 1900, 8200 1895, 8205 1890, 8210 1885, 8215 1880, 8220 1875, 8225 1870, 8230 1875, 8235 1880, 8245 1880, 8255 1880, 8265 1880, 8275 1880, 8285 1880, 8295 1880, 8300 1875, 8305 1870, 8315 1870, 8325 1870, 8330 1865, 8335 1860, 8340 1855, 8345 1850, 8350 1845, 8355 1840, 8360 1835, 8365 1830, 8370 1835, 8375 1840, 8380 1845, 8385 1850, 8390 1855, 8395 1860, 8400 1865, 8405 1870, 8415 1870, 8420 1875, 8425 1880, 8430 1885, 8435 1890, 8445 1890, 8450 1895, 8455 1900, 8460 1905, 8465 1910, 8470 1905, 8475 1900, 8480 1905, 8485 1910, 8490 1915, 8495 1920, 8500 1925, 8500 1935, 8505 1940, 8510 1945, 8515 1950, 8520 1955, 8525 1960, 8530 1965, 8530 1975, 8530 1985, 8530 1995, 8525 2000, 8520 2005, 8525 2010, 8530 2015, 8525 2020, 8520 2025, 8515 2030, 8510 2035, 8505 2040, 8500 2045, 8495 2050, 8490 2055, 8485 2060, 8475 2060, 8470 2065, 8465 2070, 8460 2075, 8455 2080, 8450 2075, 8445 2070, 8440 2075, 8435 2080, 8425 2080, 8415 2080, 8405 2080, 8400 2085, 8395 2090, 8385 2090, 8375 2090, 8370 2095, 8365 2100, 8360 2105, 8355 2110, 8350 2115, 8345 2120, 8335 2120, 8330 2125, 8325 2130, 8320 2135, 8315 2140, 8310 2145, 8305 2150, 8300 2155, 8295 2160, 8290 2165, 8290 2175, 8285 2180, 8280 2185, 8285 2190, 8290 2195, 8295 2200, 8300 2205, 8305 2210, 8310 2215, 8315 2220, 8320 2225, 8325 2230, 8330 2235, 8335 2240, 8345 2240, 8350 2245, 8355 2250, 8360 2255, 8365 2260, 8375 2260, 8380 2265, 8385 2270, 8395 2270, 8400 2275, 8405 2280, 8415 2280, 8425 2280, 8430 2285, 8435 2290, 8445 2290, 8455 2290, 8465 2290, 8475 2290, 8485 2290, 8490 2295, 8495 2300, 8505 2300, 8515 2300, 8525 2300, 8535 2300, 8545 2300, 8555 2300, 8565 2300, 8570 2295, 8575 2290, 8580 2295, 8585 2300, 8595 2300, 8605 2300, 8615 2300, 8625 2300, 8635 2300, 8645 2300, 8655 2300, 8665 2300, 8675 2300, 8685 2300, 8690 2305, 8695 2310, 8700 2315, 8705 2320, 8710 2325, 8710 2335, 8705 2340, 8700 2345, 8695 2350, 8690 2355, 8685 2360, 8680 2365, 8675 2370, 8670 2375, 8675 2380, 8680 2385, 8680 2395, 8675 2400, 8670 2405, 8670 2415, 8670 2425, 8670 2435, 8670 2445, 8670 2455, 8665 2460, 8660 2465, 8660 2475, 8660 2485, 8665 2490, 8670 2495, 8675 2500, 8680 2505, 8675 2510, 8670 2515, 8665 2520, 8660 2525, 8655 2530, 8650 2535, 8645 2540, 8635 2540, 8625 2540, 8615 2540, 8605 2540, 8600 2535, 8595 2530, 8585 2530, 8575 2530, 8565 2530, 8555 2530, 8545 2530, 8535 2530, 8525 2530, 8515 2530, 8505 2530, 8495 2530, 8485 2530, 8475 2530, 8470 2525, 8465 2520, 8460 2515, 8455 2510, 8445 2510, 8440 2515, 8435 2520, 8430 2525, 8425 2530, 8420 2535, 8415 2540, 8410 2545, 8405 2550, 8400 2555, 8395 2560, 8390 2565, 8385 2570, 8380 2575, 8380 2585, 8380 2595, 8380 2605, 8380 2615, 8380 2625, 8375 2630, 8370 2635, 8365 2640, 8360 2645, 8360 2655, 8355 2660, 8350 2665, 8350 2675, 8355 2680, 8360 2685, 8365 2690, 8370 2695, 8370 2705, 8365 2710, 8360 2715, 8355 2720, 8350 2725, 8345 2730, 8340 2725, 8335 2720, 8330 2715, 8325 2710, 8315 2710, 8305 2710, 8300 2715, 8295 2720, 8285 2720, 8280 2725, 8275 2730, 8270 2735, 8265 2740, 8260 2745, 8255 2750, 8245 2750, 8240 2755, 8235 2760, 8230 2765, 8225 2770, 8215 2770, 8205 2770, 8195 2770, 8190 2765, 8185 2760, 8175 2760, 8170 2765, 8165 2770, 8160 2775, 8155 2780))"
core,7,R1_2_T,,68600.0,4,8349.901603498542,2271.629008746356,"MULTIPOLYGON (((8255 2120, 8260 2115, 8265 2110, 8270 2105, 8275 2100, 8280 2095, 8285 2090, 8290 2085, 8295 2080, 8300 2075, 8305 2070, 8315 2070, 8320 2065, 8325 2060, 8330 2055, 8335 2050, 8340 2045, 8345 2040, 8355 2040, 8360 2035, 8365 2030, 8375 2030, 8385 2030, 8390 2025, 8395 2020, 8405 2020, 8415 2020, 8425 2020, 8430 2015, 8435 2010, 8445 2010, 8455 2010, 8460 2005, 8460 1995, 8465 1990, 8470 1985, 8465 1980, 8460 1975, 8455 1970, 8450 1965, 8445 1960, 8435 1960, 8430 1955, 8425 1950, 8420 1945, 8415 1940, 8405 1940, 8400 1935, 8395 1930, 8390 1925, 8385 1920, 8375 1920, 8370 1915, 8365 1910, 8360 1915, 8355 1920, 8345 1920, 8340 1925, 8335 1930, 8325 1930, 8315 1930, 8310 1935, 8305 1940, 8295 1940, 8285 1940, 8275 1940, 8265 1940, 8255 1940, 8245 1940, 8235 1940, 8230 1945, 8225 1950, 8220 1955, 8215 1960, 8210 1965, 8205 1970, 8200 1975, 8200 1985, 8195 1990, 8190 1995, 8190 2005, 8190 2015, 8190 2025, 8190 2035, 8190 2045, 8195 2050, 8200 2055, 8200 2065, 8205 2070, 8210 2075, 8210 2085, 8215 2090, 8220 2095, 8225 2100, 8230 2105, 8230 2115, 8235 2120, 8240 2125, 8245 2130, 8250 2125, 8255 2120)), ((8275 2270, 8280 2265, 8275 2260, 8270 2255, 8265 2250, 8260 2245, 8255 2240, 8250 2245, 8245 2250, 8240 2255, 8240 2265, 8240 2275, 8245 2280, 8255 2280, 8265 2280, 8270 2275, 8275 2270)), ((8600 2455, 8605 2450, 8610 2445, 8610 2435, 8610 2425, 8610 2415, 8610 2405, 8610 2395, 8610 2385, 8610 2375, 8610 2365, 8605 2360, 8595 2360, 8585 2360, 8575 2360, 8565 2360, 8555 2360, 8545 2360, 8535 2360, 8525 2360, 8515 2360, 8505 2360, 8495 2360, 8485 2360, 8480 2355, 8475 2350, 8470 2355, 8470 2365, 8465 2370, 8460 2375, 8460 2385, 8455 2390, 8450 2395, 8445 2400, 8440 2405, 8440 2415, 8440 2425, 8435 2430, 8430 2435, 8430 2445, 8435 2450, 8445 2450, 8455 2450, 8465 2450, 8470 2455, 8475 2460, 8485 2460, 8490 2465, 8495 2470, 8505 2470, 8515 2470, 8525 2470, 8535 2470, 8545 2470, 8555 2470, 8565 2470, 8575 2470, 8585 2470, 8595 2470, 8600 2465, 8600 2455)), ((8215 2700, 8225 2700, 8230 2695, 8235 2690, 8240 2685, 8245 2680, 8250 2675, 8255 2670, 8265 2670, 8270 2665, 8275 2660, 8285 2660, 8290 2655, 8295 2650, 8300 2645, 8300 2635, 8305 2630, 8310 2625, 8310 2615, 8315 2610, 8320 2605, 8320 2595, 8320 2585, 8320 2575, 8320 2565, 8325 2560, 8330 2555, 8330 2545, 8335 2540, 8340 2535, 8345 2530, 8350 2525, 8355 2520, 8360 2515, 8365 2510, 8370 2505, 8365 2500, 8355 2500, 8350 2505, 8345 2510, 8335 2510, 8325 2510, 8315 2510, 8305 2510, 8295 2510, 8285 2510, 8275 2510, 8265 2510, 8260 2505, 8255 2500, 8245 2500, 8240 2505, 8240 2515, 8240 2525, 8240 2535, 8235 2540, 8230 2545, 8230 2555, 8225 2560, 8220 2565, 8220 2575, 8215 2580, 8210 2585, 8210 2595, 8210 2605, 8210 2615, 8205 2620, 8200 2625, 8200 2635, 8195 2640, 8190 2645, 8190 2655, 8190 2665, 8190 2675, 8190 2685, 8185 2690, 8180 2695, 8185 2700, 8195 2700, 8200 2705, 8205 2710, 8210 2705, 8215 2700)))"
rim,7,R1_2_T,,179550.0,1,8358.699990717534,2317.800983941335,"POLYGON ((8155 2780, 8145 2780, 8140 2775, 8135 2770, 8130 2765, 8130 2755, 8130 2745, 8130 2735, 8130 2725, 8135 2720, 8140 2715, 8140 2705, 8140 2695, 8145 2690, 8150 2685, 8150 2675, 8150 2665, 8145 2660, 8140 2655, 8140 2645, 8140 2635, 8140 2625, 8140 2615, 8145 2610, 8150 2605, 8150 2595, 8155 2590, 8160 2585, 8160 2575, 8160 2565, 8165 2560, 8170 2555, 8170 2545, 8175 2540, 8180 2535, 8180 2525, 8180 2515, 8180 2505, 8180 2495, 8180 2485, 8180 2475, 8180 2465, 8185 2460, 8190 2455, 8190 2445, 8190 2435, 8190 2425, 8195 2420, 8200 2415, 8205 2410, 8210 2405, 8215 2400, 8220 2405, 8225 2410, 8235 2410, 8240 2415, 8245 2420, 8250 2425, 8255 2430, 8260 2435, 8265 2440, 8270 2445, 8275 2450, 8285 2450, 8295 2450, 8305 2450, 8315 2450, 8325 2450, 8335 2450, 8340 2445, 8345 2440, 8355 2440, 8360 2435, 8365 2430, 8370 2425, 8375 2420, 8380 2415, 8380 2405, 8375 2400, 8370 2395, 8375 2390, 8380 2385, 8385 2380, 8390 2375, 8395 2370, 8400 2365, 8405 2360, 8410 2355, 8405 2350, 8400 2345, 8395 2340, 8390 2335, 8385 2330, 8380 2325, 8375 2320, 8365 2320, 8355 2320, 8345 2320, 8340 2315, 8335 2310, 8330 2315, 8325 2320, 8315 2320, 8305 2320, 8300 2325, 8295 2330, 8290 2335, 8285 2340, 8280 2345, 8275 2350, 8270 2345, 8265 2340, 8255 2340, 8245 2340, 8240 2345, 8235 2350, 8230 2345, 8225 2340, 8215 2340, 8210 2335, 8205 2330, 8200 2325, 8195 2320, 8190 2315, 8185 2310, 8180 2305, 8180 2295, 8175 2290, 8170 2285, 8175 2280, 8180 2275, 8175 2270, 8170 2265, 8170 2255, 8170 2245, 8175 2240, 8180 2235, 8185 2230, 8190 2225, 8195 2220, 8200 2215, 8205 2210, 8210 2205, 8210 2195, 8205 2190, 8200 2185, 8195 2180, 8190 2175, 8185 2170, 8180 2165, 8180 2155, 8180 2145, 8180 2135, 8175 2130, 8170 2125, 8170 2115, 8165 2110, 8160 2105, 8160 2095, 8160 2085, 8160 2075, 8160 2065, 8155 2060, 8150 2055, 8145 2050, 8140 2045, 8140 2035, 8140 2025, 8140 2015, 8140 2005, 8140 1995, 8140 1985, 8140 1975, 8145 1970, 8150 1965, 8155 1960, 8160 1955, 8165 1950, 8170 1945, 8170 1935, 8170 1925, 8175 1920, 8180 1915, 8185 1910, 8190 1905, 8195 1900, 8200 1895, 8205 1890, 8210 1885, 8215 1880, 8220 1875, 8225 1870, 8230 1875, 8235 1880, 8245 1880, 8255 1880, 8265 1880, 8275 1880, 8285 1880, 8295 1880, 8300 1875, 8305 1870, 8315 1870, 8325 1870, 8330 1865, 8335 1860, 8340 1855, 8345 1850, 8350 1845, 8355 1840, 8360 1835, 8365 1830, 8370 1835, 8375 1840, 8380 1845, 8385 1850, 8390 1855, 8395 1860, 8400 1865, 8405 1870, 8415 1870, 8420 1875, 8425 1880, 8430 1885, 8435 1890, 8445 1890, 8450 1895, 8455 1900, 8460 1905, 8465 1910, 8470 1905, 8475 1900, 8480 1905, 8485 1910, 8490 1915, 8495 1920, 8500 1925, 8500 1935, 8505 1940, 8510 1945, 8515 1950, 8520 1955, 8525 1960, 8530 1965, 8530 1975, 8530 1985, 8530 1995, 8525 2000, 8520 2005, 8525 2010, 8530 2015, 8525 2020, 8520 2025, 8515 2030, 8510 2035, 8505 2040, 8500 2045, 8495 2050, 8490 2055, 8485 2060, 8475 2060, 8470 2065, 8465 2070, 8460 2075, 8455 2080, 8450 2075, 8445 2070, 8440 2075, 8435 2080, 8425 2080, 8415 2080, 8405 2080, 8400 2085, 8395 2090, 8385 2090, 8375 2090, 8370 2095, 8365 2100, 8360 2105, 8355 2110, 8350 2115, 8345 2120, 8335 2120, 8330 2125, 8325 2130, 8320 2135, 8315 2140, 8310 2145, 8305 2150, 8300 2155, 8295 2160, 8290 2165, 8290 2175, 8285 2180, 8280 2185, 8285 2190, 8290 2195, 8295 2200, 8300 2205, 8305 2210, 8310 2215, 8315 2220, 8320 2225, 8325 2230, 8330 2235, 8335 2240, 8345 2240, 8350 2245, 8355 2250, 8360 2255, 8365 2260, 8375 2260, 8380 2265, 8385 2270, 8395 2270, 8400 2275, 8405 2280, 8415 2280, 8425 2280, 8430 2285, 8435 2290, 8445 2290, 8455 2290, 8465 2290, 8475 2290, 8485 2290, 8490 2295, 8495 2300, 8505 2300, 8515 2300, 8525 2300, 8535 2300, 8545 2300, 8555 2300, 8565 2300, 8570 2295, 8575 2290, 8580 2295, 8585 2300, 8595 2300, 8605 2300, 8615 2300, 8625 2300, 8635 2300, 8645 2300, 8655 2300, 8665 2300, 8675 2300, 8685 2300, 8690 2305, 8695 2310, 8700 2315, 8705 2320, 8710 2325, 8710 2335, 8705 2340, 8700 2345, 8695 2350, 8690 2355, 8685 2360, 8680 2365, 8675 2370, 8670 2375, 8675 2380, 8680 2385, 8680 2395, 8675 2400, 8670 2405, 8670 2415, 8670 2425, 8670 2435, 8670 2445, 8670 2455, 8665 2460, 8660 2465, 8660 2475, 8660 2485, 8665 2490, 8670 2495, 8675 2500, 8680 2505, 8675 2510, 8670 2515, 8665 2520, 8660 2525, 8655 2530, 8650 2535, 8645 2540, 8635 2540, 8625 2540, 8615 2540, 8605 2540, 8600 2535, 8595 2530, 8585 2530, 8575 2530, 8565 2530, 8555 2530, 8545 2530, 8535 2530, 8525 2530, 8515 2530, 8505 2530, 8495 2530, 8485 2530, 8475 2530, 8470 2525, 8465 2520, 8460 2515, 8455 2510, 8445 2510, 8440 2515, 8435 2520, 8430 2525, 8425 2530, 8420 2535, 8415 2540, 8410 2545, 8405 2550, 8400 2555, 8395 2560, 8390 2565, 8385 2570, 8380 2575, 8380 2585, 8380 2595, 8380 2605, 8380 2615, 8380 2625, 8375 2630, 8370 2635, 8365 2640, 8360 2645, 8360 2655, 8355 2660, 8350 2665, 8350 2675, 8355 2680, 8360 2685, 8365 2690, 8370 2695, 8370 2705, 8365 2710, 8360 2715, 8355 2720, 8350 2725, 8345 2730, 8340 2725, 8335 2720, 8330 2715, 8325 2710, 8315 2710, 8305 2710, 8300 2715, 8295 2720, 8285 2720, 8280 2725, 8275 2730, 8270 2735, 8265 2740, 8260 2745, 8255 2750, 8245 2750, 8240 2755, 8235 2760, 8230 2765, 8225 2770, 8215 2770, 8205 2770, 8195 2770, 8190 2765, 8185 2760, 8175 2760, 8170 2765, 8165 2770, 8160 2775, 8155 2780), (8250 2125, 8255 2120, 8260 2115, 8265 2110, 8270 2105, 8275 2100, 8280 2095, 8285 2090, 8290 2085, 8295 2080, 8300 2075, 8305 2070, 8315 2070, 8320 2065, 8325 2060, 8330 2055, 8335 2050, 8340 2045, 8345 2040, 8355 2040, 8360 2035, 8365 2030, 8375 2030, 8385 2030, 8390 2025, 8395 2020, 8405 2020, 8415 2020, 8425 2020, 8430 2015, 8435 2010, 8445 2010, 8455 2010, 8460 2005, 8460 1995, 8465 1990, 8470 1985, 8465 1980, 8460 1975, 8455 1970, 8450 1965, 8445 1960, 8435 1960, 8430 1955, 8425 1950, 8420 1945, 8415 1940, 8405 1940, 8400 1935, 8395 1930, 8390 1925, 8385 1920, 8375 1920, 8370 1915, 8365 1910, 8360 1915, 8355 1920, 8345 1920, 8340 1925, 8335 1930, 8325 1930, 8315 1930, 8310 1935, 8305 1940, 8295 1940, 8285 1940, 8275 1940, 8265 1940, 8255 1940, 8245 1940, 8235 1940, 8230 1945, 8225 1950, 8220 1955, 8215 1960, 8210 1965, 8205 1970, 8200 1975, 8200 1985, 8195 1990, 8190 1995, 8190 2005, 8190 2015, 8190 2025, 8190 2035, 8190 2045, 8195 2050, 8200 2055, 8200 2065, 8205 2070, 8210 2075, 8210 2085, 8215 2090, 8220 2095, 8225 2100, 8230 2105, 8230 2115, 8235 2120, 8240 2125, 8245 2130, 8250 2125), (8210 2705, 8215 2700, 8225 2700, 8230 2695, 8235 2690, 8240 2685, 8245 2680, 8250 2675, 8255 2670, 8265 2670, 8270 2665, 8275 2660, 8285 2660, 8290 2655, 8295 2650, 8300 2645, 8300 2635, 8305 2630, 8310 2625, 8310 2615, 8315 2610, 8320 2605, 8320 2595, 8320 2585, 8320 2575, 8320 2565, 8325 2560, 8330 2555, 8330 2545, 8335 2540, 8340 2535, 8345 2530, 8350 2525, 8355 2520, 8360 2515, 8365 2510, 8370 2505, 8375 2500, 8380 2495, 8375 2490, 8370 2495, 8365 2500, 8355 2500, 8350 2505, 8345 2510, 8335 2510, 8325 2510, 8315 2510, 8305 2510, 8295 2510, 8285 2510, 8275 2510, 8265 2510, 8260 2505, 8255 2500, 8245 2500, 8240 2505, 8240 2515, 8240 2525, 8240 2535, 8235 2540, 8230 2545, 8230 2555, 8225 2560, 8220 2565, 8220 2575, 8215 2580, 8210 2585, 8210 2595, 8210 2605, 8210 2615, 8205 2620, 8200 2625, 8200 2635, 8195 2640, 8190 2645, 8190 2655, 8190 2665, 8190 2675, 8190 2685, 8185 2690, 8180 2695, 8185 2700, 8195 2700, 8200 2705, 8205 2710, 8210 2705), (8600 2465, 8600 2455, 8605 2450, 8610 2445, 8610 2435, 8610 2425, 8610 2415, 8610 2405, 8610 2395, 8610 2385, 8610 2375, 8610 2365, 8605 2360, 8595 2360, 8585 2360, 8575 2360, 8565 2360, 8555 2360, 8545 2360, 8535 2360, 8525 2360, 8515 2360, 8505 2360, 8495 2360, 8485 2360, 8480 2355, 8475 2350, 8470 2355, 8470 2365, 8465 2370, 8460 2375, 8460 2385, 8455 2390, 8450 2395, 8445 2400, 8440 2405, 8440 2415, 8440 2425, 8435 2430, 8430 2435, 8430 2445, 8425 2450, 8420 2455, 8425 2460, 8430 2455, 8435 2450, 8445 2450, 8455 2450, 8465 2450, 8470 2455, 8475 2460, 8485 2460, 8490 2465, 8495 2470, 8505 2470, 8515 2470, 8525 2470, 8535 2470, 8545 2470, 8555 2470, 8565 2470, 8575 2470, 8585 2470, 8595 2470, 8600 2465), (8270 2275, 8275 2270, 8280 2265, 8275 2260, 8270 2255, 8265 2250, 8260 2245, 8255 2240, 8250 2245, 8245 2250, 8240 2255, 8240 2265, 8240 2275, 8245 2280, 8255 2280, 8265 2280, 8270 2275))"
lesion,8,P3_1_C,,7850.0,1,5824.872611464968,1941.507430997877,"POLYGON ((5785 2000, 5775 2000, 5770 1995, 5765 1990, 5760 1985, 5755 1980, 5750 1975, 5745 1970, 5740 1965, 5745 1960, 5750 1955, 5755 1950, 5760 1945, 5765 1940, 5775 1940, 5785 1940, 5795 1940, 5800 1935, 5800 1925, 5805 1920, 5810 1915, 5815 1910, 5820 1905, 5825 1900, 5830 1895, 5835 1890, 5845 1890, 5855 1890, 5860 1895, 5865 1900, 5875 1900, 5880 1905, 5885 1910, 5890 1915, 5895 1920, 5900 1925, 5905 1930, 5910 1935, 5905 1940, 5900 1945, 5895 1950, 5890 1955, 5885 1960, 5875 1960, 5870 1955, 5865 1950, 5855 1950, 5845 1950, 5840 1945, 5835 1940, 5830 1945, 5825 1950, 5820 1955, 5815 1960, 5810 1965, 5810 1975, 5805 1980, 5800 1985, 5795 1990, 5790 1995, 5785 2000))"
rim,8,P3_1_C,,7850.0,1,5824.872611464968,1941.507430997877,"POLYGON ((5785 2000, 5775 2000, 5770 1995, 5765 1990, 5760 1985, 5755 1980, 5750 1975, 5745 1970, 5740 1965, 5745 1960, 5750 1955, 5755 1950, 5760 1945, 5765 1940, 5775 1940, 5785 1940, 5795 1940, 5800 1935, 5800 1925, 5805 1920, 5810 1915, 5815 1910, 5820 1905, 5825 1900, 5830 1895, 5835 1890, 5845 1890, 5855 1890, 5860 1895, 5865 1900, 5875 1900, 5880 1905, 5885 1910, 5890 1915, 5895 1920, 5900 1925, 5905 1930, 5910 1935, 5905 1940, 5900 1945, 5895 1950, 5890 1955, 5885 1960, 5875 1960, 5870 1955, 5865 1950, 5855 1950, 5845 1950, 5840 1945, 5835 1940, 5830 1945, 5825 1950, 5820 1955, 5815 1960, 5810 1965, 5810 1975, 5805 1980, 5800 1985, 5795 1990, 5790 1995, 5785 2000))"
lesion,9,R1_2_T,,9250.0,1,9992.297297297297,1961.945945945946,"POLYGON ((9955 2020, 9950 2015, 9945 2010, 9940 2005, 9935 2000, 9930 1995, 9930 1985, 9930 1975, 9930 1965, 9935 1960, 9940 1955, 9945 1950, 9950 1945, 9955 1940, 9960 1935, 9960 1925, 9965 1920, 9970 1915, 9975 1910, 9980 1905, 9985 1900, 9995 1900, 10000 1905, 10005 1910, 10010 1915, 10015 1920, 10020 1925, 10025 1930, 10035 1930, 10045 1930, 10050 1935, 10050 1945, 10050 1955, 10050 1965, 10050 1975, 10055 1980, 10060 1985, 10055 1990, 10050 1995, 10045 2000, 10040 2005, 10035 2010, 10030 2005, 10025 2000, 10020 1995, 10015 1990, 10005 1990, 9995 1990, 9990 1995, 9985 2000, 9975 2000, 9970 2005, 9965 2010, 9960 2015, 9955 2020))"
rim,9,R1_2_T,,9250.0,1,9992.297297297297,1961.945945945946,"POLYGON ((9955 2020, 9950 2015, 9945 2010, 9940 2005, 9935 2000, 9930 1995, 9930 1985, 9930 1975, 9930 1965, 9935 1960, 9940 1955, 9945 1950, 9950 1945, 9955 1940, 9960 1935, 9960 1925, 9965 1920, 9970 1915, 9975 1910, 9980 1905, 9985 1900, 9995 1900, 10000 1905, 10005 1910, 10010 1915, 10015 1920, 10020 1925, 10025 1930, 10035 1930, 10045 1930, 10050 1935, 10050 1945, 10050 1955, 10050 1965, 10050 1975, 10055 1980, 10060 1985, 10055 1990, 10050 1995, 10045 2000, 10040 2005, 10035 2010, 10030 2005, 10025 2000, 10020 1995, 10015 1990, 10005 1990, 9995 1990, 9990 1995, 9985 2000, 9975 2000, 9970 2005, 9965 2010, 9960 2015, 9955 2020))"
lesion,11,P3_1_C,,70250.0,1,5463.5148279952555,2304.225385527877,"POLYGON ((5295 2590, 5285 2590, 5280 2585, 5275 2580, 5270 2575, 5265 2570, 5260 2565, 5260 2555, 5260 2545, 5260 2535, 5260 2525, 5255 2520, 5250 2515, 5250 2505, 5250 2495, 5250 2485, 5245 2480, 5240 2475, 5245 2470, 5250 2465, 5250 2455, 5250 2445, 5255 2440, 5260 2435, 5265 2430, 5270 2425, 5275 2420, 5285 2420, 5290 2415, 5295 2410, 5300 2405, 5305 2400, 5315 2400, 5325 2400, 5335 2400, 5340 2395, 5345 2390, 5355 2390, 5360 2385, 5365 2380, 5370 2375, 5375 2370, 5380 2365, 5380 2355, 5385 2350, 5390 2345, 5390 2335, 5390 2325, 5390 2315, 5390 2305, 5390 2295, 5390 2285, 5390 2275, 5390 2265, 5390 2255, 5390 2245, 5395 2240, 5400 2235, 5405 2230, 5410 2225, 5415 2220, 5420 2215, 5425 2210, 5435 2210, 5440 2205, 5445 2200, 5455 2200, 5460 2195, 5465 2190, 5475 2190, 5485 2190, 5495 2190, 5500 2185, 5500 2175, 5500 2165, 5500 2155, 5500 2145, 5505 2140, 5510 2135, 5515 2130, 5520 2125, 5525 2120, 5530 2115, 5535 2110, 5540 2105, 5545 2100, 5550 2095, 5555 2090, 5560 2085, 5565 2080, 5570 2075, 5575 2070, 5585 2070, 5595 2070, 5605 2070, 5610 2075, 5615 2080, 5620 2085, 5625 2090, 5630 2095, 5635 2100, 5640 2105, 5645 2110, 5650 2115, 5655 2120, 5660 2125, 5665 2130, 5670 2135, 5675 2140, 5680 2145, 5680 2155, 5675 2160, 5670 2165, 5670 2175, 5665 2180, 5660 2185, 5665 2190, 5670 2195, 5665 2200, 5660 2205, 5655 2210, 5650 2215, 5645 2220, 5635 2220, 5625 2220, 5620 2225, 5615 2230, 5610 2235, 5605 2240, 5600 2245, 5600 2255, 5600 2265, 5595 2270, 5590 2275, 5590 2285, 5585 2290, 5580 2295, 5585 2300, 5590 2305, 5585 2310, 5580 2315, 5575 2320, 5570 2325, 5565 2330, 5555 2330, 5550 2335, 5545 2340, 5535 2340, 5525 2340, 5520 2335, 5515 2330, 5505 2330, 5495 2330, 5485 2330, 5480 2335, 5475 2340, 5470 2345, 5465 2350, 5455 2350, 5450 2355, 5445 2360, 5435 2360, 5430 2365, 5425 2370, 5420 2375, 5415 2380, 5410 2385, 5415 2390, 5420 2395, 5425 2400, 5430 2405, 5435 2410, 5440 2415, 5435 2420, 5430 2425, 5425 2430, 5420 2435, 5415 2440, 5410 2445, 5405 2450, 5400 2455, 5400 2465, 5395 2470, 5390 2475, 5385 2480, 5380 2485, 5375 2490, 5370 2495, 5365 2500, 5360 2505, 5360 2515, 5355 2520, 5350 2525, 5345 2530, 5340 2535, 5335 2540, 5330 2545, 5325 2550, 5320 2555, 5320 2565, 5315 2570, 5310 2575, 5305 2580, 5300 2585, 5295 2590))"
core,11,P3_1_C,,9500.0,2,5522.543859649122,2226.0526315789475,"MULTIPOLYGON (((5460 2285, 5465 2280, 5475 2280, 5485 2280, 5495 2280, 5505 2280, 5515 2280, 5525 2280, 5530 2275, 5535 2270, 5540 2265, 5540 2255, 5545 2250, 5550 2245, 5550 2235, 5550 2225, 5555 2220, 5560 2215, 5560 2205, 5565 2200, 5570 2195, 5575 2190, 5580 2185, 5585 2180, 5595 2180, 5600 2175, 5605 2170, 5610 2165, 5610 2155, 5605 2150, 5600 2145, 5595 2140, 5590 2135, 5585 2130, 5575 2130, 5570 2135, 5565 2140, 5560 2145, 5555 2150, 5550 2155, 5545 2160, 5540 2165, 5535 2170, 5530 2175, 5530 2185, 5525 2190, 5520 2195, 5520 2205, 5515 2210, 5510 2215, 5505 2220, 5500 2225, 5495 2230, 5490 2235, 5485 2240, 5475 2240, 5470 2245, 5465 2250, 5460 2255, 5455 2260, 5450 2265, 5445 2270, 5440 2275, 5440 2285, 5445 2290, 5455 2290, 5460 2285)), ((5310 2485, 5315 2480, 5320 2475, 5320 2465, 5315 2460, 5310 2465, 5305 2470, 5300 2475, 5300 2485, 5305 2490, 5310 2485)))"
rim,11,P3_1_C,,60750.0,1,5454.283950617284,2316.4499314128943,"POLYGON ((5295 2590, 5285 2590, 5280 2585, 5275 2580, 5270 2575, 5265 2570, 5260 2565, 5260 2555, 5260 2545, 5260 2535, 5260 2525, 5255 2520, 5250 2515, 5250 2505, 5250 2495, 5250 2485, 5245 2480, 5240 2475, 5245 2470, 5250 2465, 5250 2455, 5250 2445, 5255 2440, 5260 2435, 5265 2430, 5270 2425, 5275 2420, 5285 2420, 5290 2415, 5295 2410, 5300 2405, 5305 2400, 5315 2400, 5325 2400, 5335 2400, 5340 2395, 5345 2390, 5355 2390, 5360 2385, 5365 2380, 5370 2375, 5375 2370, 5380 2365, 5380 2355, 5385 2350, 5390 2345, 5390 2335, 5390 2325, 5390 2315, 5390 2305, 5390 2295, 5390 2285, 5390 2275, 5390 2265, 5390 2255, 5390 2245, 5395 2240, 5400 2235, 5405 2230, 5410 2225, 5415 2220, 5420 2215, 5425 2210, 5435 2210, 5440 2205, 5445 2200, 5455 2200, 5460 2195, 5465 2190, 5475 2190, 5485 2190, 5495 2190, 5500 2185, 5500 2175, 5500 2165, 5500 2155, 5500 2145, 5505 2140, 5510 2135, 5515 2130, 5520 2125, 5525 2120, 5530 2115, 5535 2110, 5540 2105, 5545 2100, 5550 2095, 5555 2090, 5560 2085, 5565 2080, 5570 2075, 5575 2070, 5585 2070, 5595 2070, 5605 2070, 5610 2075, 5615 2080, 5620 2085, 5625 2090, 5630 2095, 5635 2100, 5640 2105, 5645 2110, 5650 2115, 5655 2120, 5660 2125, 5665 2130, 5670 2135, 5675 2140, 5680 2145, 5680 2155, 5675 2160, 5670 2165, 5670 2175, 5665 2180, 5660 2185, 5665 2190, 5670 2195, 5665 2200, 5660 2205, 5655 2210, 5650 2215, 5645 2220, 5635 2220, 5625 2220, 5620 2225, 5615 2230, 5610 2235, 5605 2240, 5600 2245, 5600 2255, 5600 2265, 5595 2270, 5590 2275, 5590 2285, 5585 2290, 5580 2295, 5585 2300, 5590 2305, 5585 2310, 5580 2315, 5575 2320, 5570 2325, 5565 2330, 5555 2330, 5550 2335, 5545 2340, 5535 2340, 5525 2340, 5520 2335, 5515 2330, 5505 2330, 5495 2330, 5485 2330, 5480 2335, 5475 2340, 5470 2345, 5465 2350, 5455 2350, 5450 2355, 5445 2360, 5435 2360, 5430 2365, 5425 2370, 5420 2375, 5415 2380, 5410 2385, 5415 2390, 5420 2395, 5425 2400, 5430 2405, 5435 2410, 5440 2415, 5435 2420, 5430 2425, 5425 2430, 5420 2435, 5415 2440, 5410 2445, 5405 2450, 5400 2455, 5400 2465, 5395 2470, 5390 2475, 5385 2480, 5380 2485, 5375 2490, 5370 2495, 5365 2500, 5360 2505, 5360 2515, 5355 2520, 5350 2525, 5345 2530, 5340 2535, 5335 2540, 5330 2545, 5325 2550, 5320 2555, 5320 2565, 5315 2570, 5310 2575, 5305 2580, 5300 2585, 5295 2590), (5460 2285, 5465 2280, 5475 2280, 5485 2280, 5495 2280, 5505 2280, 5515 2280, 5525 2280, 5530 2275, 5535 2270, 5540 2265, 5540 2255, 5545 2250, 5550 2245, 5550 2235, 5550 2225, 5555 2220, 5560 2215, 5560 2205, 5565 2200, 5570 2195, 5575 2190, 5580 2185, 5585 2180, 5595 2180, 5600 2175, 5605 2170, 5610 2165, 5610 2155, 5605 2150, 5600 2145, 5595 2140, 5590 2135, 5585 2130, 5575 2130, 5570 2135, 5565 2140, 5560 2145, 5555 2150, 5550 2155, 5545 2160, 5540 2165, 5535 2170, 5530 2175, 5530 2185, 5525 2190, 5520 2195, 5520 2205, 5515 2210, 5510 2215, 5505 2220, 5500 2225, 5495 2230, 5490 2235, 5485 2240, 5475 2240, 5470 2245, 5465 2250, 5460 2255, 5455 2260, 5450 2265, 5445 2270, 5440 2275, 5440 2285, 5445 2290, 5455 2290, 5460 2285), (5310 2485, 5315 2480, 5320 2475, 5320 2465, 5315 2460, 5310 2465, 5305 2470, 5300 2475, 5300 2485, 5305 2490, 5310 2485))"
lesion,12,R1_2_T,,9150.0,1,9999.348816029144,2185.314207650273,"POLYGON ((10015 2240, 10010 2235, 10005 2230, 10000 2235, 9995 2240, 9985 2240, 9980 2235, 9975 2230, 9970 2225, 9965 2220, 9960 2215, 9955 2210, 9950 2205, 9945 2200, 9940 2195, 9940 2185, 9935 2180, 9930 2175, 9935 2170, 9940 2165, 9945 2160, 9950 2155, 9955 2150, 9965 2150, 9975 2150, 9980 2145, 9985 2140, 9995 2140, 10000 2135, 10005 2130, 10015 2130, 10020 2135, 10025 2140, 10030 2145, 10035 2150, 10040 2155, 10045 2160, 10050 2165, 10055 2170, 10060 2175, 10065 2180, 10070 2185, 10065 2190, 10060 2195, 10055 2200, 10050 2205, 10045 2210, 10040 2215, 10035 2220, 10030 2225, 10025 2230, 10020 2235, 10015 2240))"
rim,12,R1_2_T,,9150.0,1,9999.348816029144,2185.314207650273,"POLYGON ((10015 2240, 10010 2235, 10005 2230, 10000 2235, 9995 2240, 9985 2240, 9980 2235, 9975 2230, 9970 2225, 9965 2220, 9960 2215, 9955 2210, 9950 2205, 9945 2200, 9940 2195, 9940 2185, 9935 2180, 9930 2175, 9935 2170, 9940 2165, 9945 2160, 9950 2155, 9955 2150, 9965 2150, 9975 2150, 9980 2145, 9985 2140, 9995 2140, 10000 2135, 10005 2130, 10015 2130, 10020 2135, 10025 2140, 10030 2145, 10035 2150, 10040 2155, 10045 2160, 10050 2165, 10055 2170, 10060 2175, 10065 2180, 10070 2185, 10065 2190, 10060 2195, 10055 2200, 10050 2205, 10045 2210, 10040 2215, 10035 2220, 10030 2225, 10025 2230, 10020 2235, 10015 2240))"
lesion,13,R1_2_T,,180850.0,1,9940.907059257212,2660.7038521795225,"POLYGON ((9985 3150, 9980 3145, 9975 3140, 9970 3135, 9965 3130, 9960 3125, 9960 3115, 9955 3110, 9950 3105, 9950 3095, 9945 3090, 9940 3085, 9935 3080, 9930 3075, 9930 3065, 9930 3055, 9930 3045, 9935 3040, 9940 3035, 9940 3025, 9940 3015, 9940 3005, 9940 2995, 9935 2990, 9930 2985, 9930 2975, 9930 2965, 9925 2960, 9920 2955, 9920 2945, 9915 2940, 9910 2935, 9905 2930, 9900 2925, 9895 2920, 9890 2915, 9885 2910, 9880 2905, 9875 2900, 9870 2895, 9865 2890, 9855 2890, 9845 2890, 9840 2885, 9835 2880, 9830 2875, 9825 2870, 9820 2865, 9815 2860, 9810 2855, 9805 2850, 9800 2845, 9805 2840, 9810 2835, 9810 2825, 9810 2815, 9810 2805, 9805 2800, 9800 2795, 9800 2785, 9800 2775, 9795 2770, 9790 2765, 9790 2755, 9790 2745, 9790 2735, 9790 2725, 9785 2720, 9780 2715, 9780 2705, 9775 2700, 9770 2695, 9770 2685, 9770 2675, 9770 2665, 9765 2660, 9760 2655, 9760 2645, 9760 2635, 9760 2625, 9755 2620, 9750 2615, 9745 2610, 9740 2605, 9735 2600, 9730 2595, 9725 2590, 9720 2585, 9715 2580, 9710 2575, 9705 2570, 9700 2565, 9700 2555, 9705 2550, 9710 2545, 9715 2540, 9720 2535, 9725 2530, 9730 2535, 9735 2540, 9740 2535, 9745 2530, 9750 2525, 9755 2520, 9760 2515, 9765 2510, 9770 2505, 9775 2500, 9780 2495, 9780 2485, 9785 2480, 9790 2475, 9795 2470, 9800 2465, 9805 2460, 9810 2455, 9815 2450, 9820 2445, 9825 2440, 9830 2435, 9835 2430, 9840 2425, 9845 2420, 9855 2420, 9860 2415, 9865 2410, 9870 2405, 9875 2400, 9880 2395, 9885 2390, 9890 2385, 9895 2380, 9900 2375, 9905 2370, 9915 2370, 9925 2370, 9930 2365, 9935 2360, 9945 2360, 9950 2365, 9955 2370, 9960 2365, 9965 2360, 9975 2360, 9980 2355, 9985 2350, 9995 2350, 10005 2350, 10015 2350, 10020 2345, 10025 2340, 10030 2335, 10035 2330, 10040 2325, 10045 2320, 10050 2315, 10055 2310, 10065 2310, 10070 2305, 10075 2300, 10085 2300, 10090 2295, 10095 2290, 10105 2290, 10110 2295, 10115 2300, 10120 2305, 10125 2310, 10130 2315, 10130 2325, 10130 2335, 10130 2345, 10130 2355, 10130 2365, 10125 2370, 10120 2375, 10120 2385, 10120 2395, 10120 2405, 10120 2415, 10120 2425, 10120 2435, 10115 2440, 10110 2445, 10110 2455, 10110 2465, 10110 2475, 10110 2485, 10105 2490, 10100 2495, 10095 2500, 10090 2505, 10090 2515, 10090 2525, 10085 2530, 10080 2535, 10080 2545, 10075 2550, 10070 2555, 10070 2565, 10070 2575, 10070 2585, 10065 2590, 10060 2595, 10060 2605, 10060 2615, 10055 2620, 10050 2625, 10050 2635, 10050 2645, 10050 2655, 10050 2665, 10050 2675, 10050 2685, 10050 2695, 10045 2700, 10040 2705, 10040 2715, 10040 2725, 10040 2735, 10045 2740, 10050 2745, 10050 2755, 10050 2765, 10045 2770, 10040 2775, 10040 2785, 10045 2790, 10050 2795, 10050 2805, 10050 2815, 10050 2825, 10050 2835, 10050 2845, 10050 2855, 10050 2865, 10050 2875, 10050 2885, 10050 2895, 10050 2905, 10050 2915, 10050 2925, 10050 2935, 10050 2945, 10050 2955, 10050 2965, 10050 2975, 10050 2985, 10045 2990, 10035 2990, 10030 2995, 10035 3000, 10040 3005, 10040 3015, 10035 3020, 10030 3025, 10030 3035, 10030 3045, 10030 3055, 10025 3060, 10020 3065, 10020 3075, 10020 3085, 10020 3095, 10020 3105, 10015 3110, 10010 3115, 10010 3125, 10005 3130, 9995 3130, 9990 3135, 9990 3145, 9985 3150))"
core,13,R1_2_T,,89950.0,1,9946.086714841578,2639.9434871224753,"POLYGON ((10005 3000, 10000 2995, 10000 2985, 9995 2980, 9990 2975, 9990 2965, 9990 2955, 9985 2950, 9980 2945, 9980 2935, 9975 2930, 9970 2925, 9970 2915, 9965 2910, 9960 2905, 9955 2900, 9950 2895, 9945 2890, 9940 2885, 9935 2880, 9930 2875, 9925 2870, 9920 2865, 9915 2860, 9910 2855, 9905 2850, 9900 2845, 9895 2840, 9885 2840, 9880 2835, 9875 2830, 9870 2825, 9870 2815, 9870 2805, 9870 2795, 9865 2790, 9860 2785, 9860 2775, 9860 2765, 9855 2760, 9850 2755, 9850 2745, 9850 2735, 9850 2725, 9850 2715, 9845 2710, 9840 2705, 9840 2695, 9835 2690, 9830 2685, 9830 2675, 9830 2665, 9830 2655, 9825 2650, 9820 2645, 9820 2635, 9820 2625, 9820 2615, 9815 2610, 9810 2605, 9810 2595, 9805 2590, 9800 2585, 9795 2580, 9790 2575, 9790 2565, 9795 2560, 9800 2555, 9805 2550, 9810 2545, 9815 2540, 9820 2535, 9825 2530, 9830 2525, 9830 2515, 9835 2510, 9840 2505, 9845 2500, 9850 2495, 9855 2490, 9860 2485, 9865 2480, 9870 2475, 9875 2470, 9885 2470, 9890 2465, 9895 2460, 9900 2455, 9905 2450, 9910 2445, 9915 2440, 9920 2435, 9925 2430, 9935 2430, 9945 2430, 9955 2430, 9965 2430, 9970 2425, 9975 2420, 9985 2420, 9990 2415, 9995 2410, 10005 2410, 10015 2410, 10025 2410, 10030 2405, 10035 2400, 10045 2400, 10050 2395, 10055 2390, 10060 2385, 10065 2380, 10075 2380, 10080 2385, 10080 2395, 10080 2405, 10080 2415, 10080 2425, 10080 2435, 10080 2445, 10080 2455, 10080 2465, 10080 2475, 10075 2480, 10070 2485, 10070 2495, 10065 2500, 10060 2505, 10060 2515, 10055 2520, 10050 2525, 10050 2535, 10050 2545, 10050 2555, 10050 2565, 10050 2575, 10050 2585, 10045 2590, 10040 2595, 10040 2605, 10040 2615, 10035 2620, 10030 2625, 10030 2635, 10025 2640, 10020 2645, 10020 2655, 10015 2660, 10010 2665, 10010 2675, 10005 2680, 10000 2685, 10000 2695, 10000 2705, 10000 2715, 10000 2725, 10000 2735, 10000 2745, 10000 2755, 10005 2760, 10010 2765, 10010 2775, 10015 2780, 10020 2785, 10020 2795, 10020 2805, 10020 2815, 10020 2825, 10025 2830, 10030 2835, 10030 2845, 10030 2855, 10030 2865, 10030 2875, 10030 2885, 10025 2890, 10020 2895, 10020 2905, 10015 2910, 10010 2915, 10010 2925, 10010 2935, 10010 2945, 10010 2955, 10010 2965, 10010 2975, 10010 2985, 10010 2995, 10005 3000))"
rim,13,R1_2_T,,90900.0,1,9935.781536486982,2681.2472497249723,"POLYGON ((9985 3150, 9980 3145, 9975 3140, 9970 3135, 9965 3130, 9960 3125, 9960 3115, 9955 3110, 9950 3105, 9950 3095, 9945 3090, 9940 3085, 9935 3080, 9930 3075, 9930 3065, 9930 3055, 9930 3045, 9935 3040, 9940 3035, 9940 3025, 9940 3015, 9940 3005, 9940 2995, 9935 2990, 9930 2985, 9930 2975, 9930 2965, 9925 2960, 9920 2955, 9920 2945, 9915 2940, 9910 2935, 9905 2930, 9900 2925, 9895 2920, 9890 2915, 9885 2910, 9880 2905, 9875 2900, 9870 2895, 9865 2890, 9855 2890, 9845 2890, 9840 2885, 9835 2880, 9830 2875, 9825 2870, 9820 2865, 9815 2860, 9810 2855, 9805 2850, 9800 2845, 9805 2840, 9810 2835, 9810 2825, 9810 2815, 9810 2805, 9805 2800, 9800 2795, 9800 2785, 9800 2775, 9795 2770, 9790 2765, 9790 2755, 9790 2745, 9790 2735, 9790 2725, 9785 2720, 9780 2715, 9780 2705, 9775 2700, 9770 2695, 9770 2685, 9770 2675, 9770 2665, 9765 2660, 9760 2655, 9760 2645, 9760 2635, 9760 2625, 9755 2620, 9750 2615, 9745 2610, 9740 2605, 9735 2600, 9730 2595, 9725 2590, 9720 2585, 9715 2580, 9710 2575, 9705 2570, 9700 2565, 9700 2555, 9705 2550, 9710 2545, 9715 2540, 9720 2535, 9725 2530, 9730 2535, 9735 2540, 9740 2535, 9745 2530, 9750 2525, 9755 2520, 9760 2515, 9765 2510, 9770 2505, 9775 2500, 9780 2495, 9780 2485, 9785 2480, 9790 2475, 9795 2470, 9800 2465, 9805 2460, 9810 2455, 9815 2450, 9820 2445, 9825 2440, 9830 2435, 9835 2430, 9840 2425, 9845 2420, 9855 2420, 9860 2415, 9865 2410, 9870 2405, 9875 2400, 9880 2395, 9885 2390, 9890 2385, 9895 2380, 9900 2375, 9905 2370, 9915 2370, 9925 2370, 9930 2365, 9935 2360, 9945 2360, 9950 2365, 9955 2370, 9960 2365, 9965 2360, 9975 2360, 9980 2355, 9985 2350, 9995 2350, 10005 2350, 10015 2350, 10020 2345, 10025 2340, 10030 2335, 10035 2330, 10040 2325, 10045 2320, 10050 2315, 10055 2310, 10065 2310, 10070 2305, 10075 2300, 10085 2300, 10090 2295, 10095 2290, 10105 2290, 10110 2295, 10115 2300, 10120 2305, 10125 2310, 10130 2315, 10130 2325, 10130 2335, 10130 2345, 10130 2355, 10130 2365, 10125 2370, 10120 2375, 10120 2385, 10120 2395, 10120 2405, 10120 2415, 10120 2425, 10120 2435, 10115 2440, 10110 2445, 10110 2455, 10110 2465, 10110 2475, 10110 2485, 10105 2490, 10100 2495, 10095 2500, 10090 2505, 10090 2515, 10090 2525, 10085 2530, 10080 2535, 10080 2545, 10075 2550, 10070 2555, 10070 2565, 10070 2575, 10070 2585, 10065 2590, 10060 2595, 10060 2605, 10060 2615, 10055 2620, 10050 2625, 10050 2635, 10050 2645, 10050 2655, 10050 2665, 10050 2675, 10050 2685, 10050 2695, 10045 2700, 10040 2705, 10040 2715, 10040 2725, 10040 2735, 10045 2740, 10050 2745, 10050 2755, 10050 2765, 10045 2770, 10040 2775, 10040 2785, 10045 2790, 10050 2795, 10050 2805, 10050 2815, 10050 2825, 10050 2835, 10050 2845, 10050 2855, 10050 2865, 10050 2875, 10050 2885, 10050 2895, 10050 2905, 10050 2915, 10050 2925, 10050 2935, 10050 2945, 10050 2955, 10050 2965, 10050 2975, 10050 2985, 10045 2990, 10035 2990, 10030 2995, 10035 3000, 10040 3005, 10040 3015, 10035 3020, 10030 3025, 10030 3035, 10030 3045, 10030 3055, 10025 3060, 10020 3065, 10020 3075, 10020 3085, 10020 3095, 10020 3105, 10015 3110, 10010 3115, 10010 3125, 10005 3130, 9995 3130, 9990 3135, 9990 3145, 9985 3150), (10010 2995, 10010 2985, 10010 2975, 10010 2965, 10010 2955, 10010 2945, 10010 2935, 10010 2925, 10010 2915, 10015 2910, 10020 2905, 10020 2895, 10025 2890, 10030 2885, 10030 2875, 10030 2865, 10030 2855, 10030 2845, 10030 2835, 10025 2830, 10020 2825, 10020 2815, 10020 2805, 10020 2795, 10020 2785, 10015 2780, 10010 2775, 10010 2765, 10005 2760, 10000 2755, 10000 2745, 10000 2735, 10000 2725, 10000 2715, 10000 2705, 10000 2695, 10000 2685, 10005 2680, 10010 2675, 10010 2665, 10015 2660, 10020 2655, 10020 2645, 10025 2640, 10030 2635, 10030 2625, 10035 2620, 10040 2615, 10040 2605, 10040 2595, 10045 2590, 10050 2585, 10050 2575, 10050 2565, 10050 2555, 10050 2545, 10050 2535, 10050 2525, 10055 2520, 10060 2515, 10060 2505, 10065 2500, 10070 2495, 10070 2485, 10075 2480, 10080 2475, 10080 2465, 10080 2455, 10080 2445, 10080 2435, 10080 2425, 10080 2415, 10080 2405, 10080 2395, 10080 2385, 10075 2380, 10065 2380, 10060 2385, 10055 2390, 10050 2395, 10045 2400, 10035 2400, 10030 2405, 10025 2410, 10015 2410, 10005 2410, 9995 2410, 9990 2415, 9985 2420, 9975 2420, 9970 2425, 9965 2430, 9955 2430, 9945 2430, 9935 2430, 9925 2430, 9920 2435, 9915 2440, 9910 2445, 9905 2450, 9900 2455, 9895 2460, 9890 2465, 9885 2470, 9875 2470, 9870 2475, 9865 2480, 9860 2485, 9855 2490, 9850 2495, 9845 2500, 9840 2505, 9835 2510, 9830 2515, 9830 2525, 9825 2530, 9820 2535, 9815 2540, 9810 2545, 9805 2550, 9800 2555, 9795 2560, 9790 2565, 9790 2575, 9795 2580, 9800 2585, 9805 2590, 9810 2595, 9810 2605, 9815 2610, 9820 2615, 9820 2625, 9820 2635, 9820 2645, 9825 2650, 9830 2655, 9830 2665, 9830 2675, 9830 2685, 9835 2690, 9840 2695, 9840 2705, 9845 2710, 9850 2715, 9850 2725, 9850 2735, 9850 2745, 9850 2755, 9855 2760, 9860 2765, 9860 2775, 9860 2785, 9865 2790, 9870 2795, 9870 2805, 9870 2815, 9870 2825, 9875 2830, 9880 2835, 9885 2840, 9895 2840, 9900 2845, 9905 2850, 9910 2855, 9915 2860, 9920 2865, 9925 2870, 9930 2875, 9935 2880, 9940 2885, 9945 2890, 9950 2895, 9955 2900, 9960 2905, 9965 2910, 9970 2915, 9970 2925, 9975 2930, 9980 2935, 9980 2945, 9985 2950, 9990 2955, 9990 2965, 9990 2975, 9995 2980, 10000 2985, 10000 2995, 10005 3000, 10010 2995))"
lesion,17,P3_1_C,,6850.0,1,7128.734793187348,2699.4525547445255,"POLYGON ((7155 2760, 7150 2755, 7145 2750, 7140 2745, 7135 2740, 7130 2735, 7125 2730, 7115 2730, 7110 2725, 7105 2720, 7100 2725, 7095 2730, 7090 2725, 7085 2720, 7080 2715, 7075 2710, 7070 2705, 7075 2700, 7080 2695, 7085 2690, 7090 2685, 7090 2675, 7090 2665, 7095 2660, 7100 2655, 7105 2650, 7110 2645, 7115 2640, 7120 2645, 7125 2650, 7130 2655, 7135 2660, 7145 2660, 7150 2665, 7155 2670, 7160 2675, 7165 2680, 7170 2685, 7175 2690, 7180 2695, 7175 2700, 7170 2705, 7165 2710, 7160 2715, 7165 2720, 7170 2725, 7175 2730, 7180 2735, 7175 2740, 7170 2745, 7165 2750, 7160 2755, 7155 2760))"
rim,17,P3_1_C,,6850.0,1,7128.734793187348,2699.4525547445255,"POLYGON ((7155 2760, 7150 2755, 7145 2750, 7140 2745, 7135 2740, 7130 2735, 7125 2730, 7115 2730, 7110 2725, 7105 2720, 7100 2725, 7095 2730, 7090 2725, 7085 2720, 7080 2715, 7075 2710, 7070 2705, 7075 2700, 7080 2695, 7085 2690, 7090 2685, 7090 2675, 7090 2665, 7095 2660, 7100 2655, 7105 2650, 7110 2645, 7115 2640, 7120 2645, 7125 2650, 7130 2655, 7135 2660, 7145 2660, 7150 2665, 7155 2670, 7160 2675, 7165 2680, 7170 2685, 7175 2690, 7180 2695, 7175 2700, 7170 2705, 7165 2710, 7160 2715, 7165 2720, 7170 2725, 7175 2730, 7180 2735, 7175 2740, 7170 2745, 7165 2750, 7160 2755, 7155 2760))"
lesion,18,P3_1_C,,30550.0,1,5387.247681396617,3053.8516093835246,"POLYGON ((5475 3160, 5465 3160, 5455 3160, 5450 3155, 5445 3150, 5435 3150, 5430 3155, 5425 3160, 5420 3155, 5415 3150, 5405 3150, 5395 3150, 5390 3145, 5385 3140, 5375 3140, 5370 3135, 5365 3130, 5360 3125, 5355 3120, 5345 3120, 5340 3115, 5335 3110, 5330 3105, 5330 3095, 5325 3090, 5315 3090, 5310 3085, 5305 3080, 5300 3075, 5300 3065, 5295 3060, 5290 3055, 5285 3050, 5280 3045, 5280 3035, 5275 3030, 5270 3025, 5270 3015, 5270 3005, 5275 3000, 5280 2995, 5285 2990, 5290 2985, 5295 2980, 5305 2980, 5310 2975, 5315 2970, 5320 2965, 5325 2960, 5330 2955, 5335 2950, 5345 2950, 5355 2950, 5365 2950, 5370 2955, 5375 2960, 5380 2965, 5385 2970, 5395 2970, 5400 2965, 5405 2960, 5410 2965, 5415 2970, 5420 2975, 5425 2980, 5435 2980, 5440 2985, 5445 2990, 5450 2995, 5455 3000, 5460 3005, 5460 3015, 5465 3020, 5470 3025, 5475 3030, 5480 3035, 5480 3045, 5475 3050, 5470 3055, 5470 3065, 5470 3075, 5470 3085, 5475 3090, 5480 3095, 5485 3100, 5490 3105, 5490 3115, 5490 3125, 5495 3130, 5500 3135, 5495 3140, 5490 3145, 5485 3150, 5480 3155, 5475 3160))"
core,18,P3_1_C,,4650.0,1,5382.894265232974,3053.700716845878,"POLYGON ((5415 3100, 5410 3095, 5405 3090, 5395 3090, 5385 3090, 5380 3085, 5375 3080, 5365 3080, 5355 3080, 5350 3075, 5350 3065, 5350 3055, 5350 3045, 5345 3040, 5340 3035, 5340 3025, 5345 3020, 5350 3015, 5355 3010, 5360 3015, 5365 3020, 5375 3020, 5385 3020, 5395 3020, 5400 3025, 5405 3030, 5410 3035, 5415 3040, 5420 3045, 5420 3055, 5420 3065, 5420 3075, 5420 3085, 5420 3095, 5415 3100))"
rim,18,P3_1_C,,25900.0,1,5388.02927927928,3053.8787001287,"POLYGON ((5475 3160, 5465 3160, 5455 3160, 5450 3155, 5445 3150, 5435 3150, 5430 3155, 5425 3160, 5420 3155, 5415 3150, 5405 3150, 5395 3150, 5390 3145, 5385 3140, 5375 3140, 5370 3135, 5365 3130, 5360 3125, 5355 3120, 5345 3120, 5340 3115, 5335 3110, 5330 3105, 5330 3095, 5325 3090, 5315 3090, 5310 3085, 5305 3080, 5300 3075, 5300 3065, 5295 3060, 5290 3055, 5285 3050, 5280 3045, 5280 3035, 5275 3030, 5270 3025, 5270 3015, 5270 3005, 5275 3000, 5280 2995, 5285 2990, 5290 2985, 5295 2980, 5305 2980, 5310 2975, 5315 2970, 5320 2965, 5325 2960, 5330 2955, 5335 2950, 5345 2950, 5355 2950, 5365 2950, 5370 2955, 5375 2960, 5380 2965, 5385 2970, 5395 2970, 5400 2965, 5405 2960, 5410 2965, 5415 2970, 5420 2975, 5425 2980, 5435 2980, 5440 2985, 5445 2990, 5450 2995, 5455 3000, 5460 3005, 5460 3015, 5465 3020, 5470 3025, 5475 3030, 5480 3035, 5480 3045, 5475 3050, 5470 3055, 5470 3065, 5470 3075, 5470 3085, 5475 3090, 5480 3095, 5485 3100, 5490 3105, 5490 3115, 5490 3125, 5495 3130, 5500 3135, 5495 3140, 5490 3145, 5485 3150, 5480 3155, 5475 3160), (5420 3095, 5420 3085, 5420 3075, 5420 3065, 5420 3055, 5420 3045, 5415 3040, 5410 3035, 5405 3030, 5400 3025, 5395 3020, 5385 3020, 5375 3020, 5365 3020, 5360 3015, 5355 3010, 5350 3015, 5345 3020, 5340 3025, 5340 3035, 5345 3040, 5350 3045, 5350 3055, 5350 3065, 5350 3075, 5355 3080, 5365 3080, 5375 3080, 5380 3085, 5385 3090, 5395 3090, 5405 3090, 5410 3095, 5415 3100, 5420 3095))"
lesion,19,R1_2_T,,2050.0,1,8138.475609756098,3136.4430894308944,"POLYGON ((8125 3180, 8115 3180, 8110 3175, 8115 3170, 8120 3165, 8120 3155, 8125 3150, 8130 3145, 8130 3135, 8130 3125, 8130 3115, 8130 3105, 8130 3095, 8135 3090, 8140 3095, 8145 3100, 8150 3105, 8155 3110, 8160 3115, 8160 3125, 8160 3135, 8155 3140, 8150 3145, 8150 3155, 8145 3160, 8140 3165, 8135 3170, 8130 3175, 8125 3180))"
rim,19,R1_2_T,,2050.0,1,8138.475609756098,3136.4430894308944,"POLYGON ((8125 3180, 8115 3180, 8110 3175, 8115 3170, 8120 3165, 8120 3155, 8125 3150, 8130 3145, 8130 3135, 8130 3125, 8130 3115, 8130 3105, 8130 3095, 8135 3090, 8140 3095, 8145 3100, 8150 3105, 8155 3110, 8160 3115, 8160 3125, 8160 3135, 8155 3140, 8150 3145, 8150 3155, 8145 3160, 8140 3165, 8135 3170, 8130 3175, 8125 3180))"
lesion,20,P3_1_C,,105350.0,1,6160.983230501503,3267.8326214206613,"POLYGON ((6415 3440, 6405 3440, 6395 3440, 6390 3435, 6385 3430, 6375 3430, 6365 3430, 6360 3425, 6355 3420, 6350 3415, 6350 3405, 6350 3395, 6345 3390, 6340 3385, 6340 3375, 6335 3370, 6330 3365, 6325 3360, 6320 3355, 6315 3350, 6310 3345, 6305 3340, 6295 3340, 6285 3340, 6280 3335, 6275 3330, 6270 3325, 6265 3320, 6260 3315, 6255 3310, 6250 3305, 6245 3300, 6240 3295, 6235 3290, 6225 3290, 6215 3290, 6210 3295, 6205 3300, 6200 3305, 6195 3310, 6185 3310, 6175 3310, 6170 3315, 6165 3320, 6155 3320, 6150 3325, 6145 3330, 6135 3330, 6130 3335, 6125 3340, 6115 3340, 6110 3335, 6110 3325, 6115 3320, 6120 3315, 6115 3310, 6110 3305, 6105 3300, 6095 3300, 6085 3300, 6075 3300, 6065 3300, 6055 3300, 6045 3300, 6035 3300, 6025 3300, 6020 3305, 6015 3310, 6010 3315, 6010 3325, 6010 3335, 6010 3345, 6005 3350, 5995 3350, 5985 3350, 5980 3355, 5975 3360, 5970 3365, 5965 3370, 5960 3375, 5955 3380, 5950 3375, 5945 3370, 5940 3365, 5945 3360, 5950 3355, 5955 3350, 5960 3345, 5960 3335, 5955 3330, 5950 3325, 5955 3320, 5960 3315, 5960 3305, 5955 3300, 5950 3295, 5945 3290, 5935 3290, 5925 3290, 5920 3295, 5915 3300, 5905 3300, 5900 3305, 5895 3310, 5890 3315, 5885 3320, 5880 3325, 5875 3330, 5865 3330, 5855 3330, 5850 3325, 5845 3320, 5835 3320, 5825 3320, 5820 3315, 5815 3310, 5805 3310, 5800 3305, 5795 3300, 5790 3295, 5785 3290, 5780 3285, 5775 3280, 5770 3275, 5765 3270, 5760 3265, 5765 3260, 5770 3255, 5775 3250, 5780 3245, 5785 3240, 5790 3235, 5795 3230, 5805 3230, 5815 3230, 5820 3225, 5825 3220, 5830 3215, 5835 3210, 5840 3205, 5845 3200, 5850 3195, 5855 3190, 5865 3190, 5870 3185, 5875 3180, 5885 3180, 5890 3175, 5895 3170, 5900 3165, 5905 3160, 5910 3155, 5915 3150, 5920 3145, 5925 3140, 5930 3135, 5935 3130, 5945 3130, 5950 3125, 5955 3120, 5960 3125, 5965 3130, 5975 3130, 5985 3130, 5995 3130, 6005 3130, 6010 3135, 6015 3140, 6020 3145, 6025 3150, 6030 3155, 6035 3160, 6040 3165, 6045 3170, 6050 3175, 6055 3180, 6060 3175, 6065 3170, 6070 3175, 6075 3180, 6080 3185, 6085 3190, 6095 3190, 6100 3185, 6105 3180, 6110 3175, 6115 3170, 6120 3165, 6125 3160, 6130 3165, 6135 3170, 6140 3175, 6145 3180, 6150 3185, 6155 3190, 6165 3190, 6170 3185, 6175 3180, 6180 3175, 6185 3170, 6190 3175, 6195 3180, 6205 3180, 6210 3185, 6215 3190, 6220 3195, 6225 3200, 6230 3205, 6235 3210, 6240 3215, 6245 3220, 6250 3225, 6255 3230, 6265 3230, 6270 3235, 6275 3240, 6285 3240, 6290 3235, 6295 3230, 6300 3225, 6305 3220, 6315 3220, 6320 3215, 6325 3210, 6335 3210, 6345 3210, 6350 3215, 6355 3220, 6360 3225, 6365 3230, 6370 3235, 6375 3240, 6380 3235, 6385 3230, 6390 3225, 6395 3220, 6405 3220, 6415 3220, 6420 3225, 6425 3230, 6430 3235, 6435 3240, 6445 3240, 6455 3240, 6460 3245, 6465 3250, 6475 3250, 6485 3250, 6490 3255, 6495 3260, 6500 3265, 6505 3270, 6510 3275, 6515 3280, 6525 3280, 6530 3285, 6535 3290, 6545 3290, 6550 3295, 6555 3300, 6560 3305, 6565 3310, 6570 3315, 6575 3320, 6580 3325, 6580 3335, 6580 3345, 6585 3350, 6590 3355, 6585 3360, 6580 3365, 6575 3370, 6570 3375, 6570 3385, 6570 3395, 6565 3400, 6555 3400, 6545 3400, 6535 3400, 6525 3400, 6520 3405, 6515 3410, 6510 3415, 6505 3420, 6500 3415, 6500 3405, 6500 3395, 6505 3390, 6510 3385, 6515 3380, 6520 3375, 6525 3370, 6530 3365, 6530 3355, 6535 3350, 6540 3345, 6540 3335, 6535 3330, 6525 3330, 6515 3330, 6510 3335, 6505 3340, 6495 3340, 6490 3345, 6485 3350, 6475 3350, 6470 3355, 6465 3360, 6455 3360, 6445 3360, 6435 3360, 6430 3365, 6425 3370, 6415 3370, 6405 3370, 6400 3365, 6395 3360, 6385 3360, 6375 3360, 6365 3360, 6360 3365, 6355 3370, 6350 3375, 6355 3380, 6360 3385, 6365 3390, 6375 3390, 6380 3395, 6385 3400, 6390 3405, 6390 3415, 6395 3420, 6405 3420, 6410 3425, 6415 3430, 6420 3435, 6415 3440))"
core,20,P3_1_C,,31200.0,2,6111.0283119658125,3277.58547008547,"MULTIPOLYGON (((6010 3325, 6010 3315, 6015 3310, 6020 3305, 6025 3300, 6035 3300, 6045 3300, 6055 3300, 6065 3300, 6075 3300, 6085 3300, 6090 3295, 6095 3290, 6105 3290, 6110 3285, 6115 3280, 6125 3280, 6130 3275, 6135 3270, 6145 3270, 6150 3265, 6155 3260, 6165 3260, 6170 3255, 6175 3250, 6185 3250, 6190 3245, 6185 3240, 6175 3240, 6165 3240, 6155 3240, 6145 3240, 6135 3240, 6130 3235, 6125 3230, 6120 3235, 6115 3240, 6105 3240, 6095 3240, 6085 3240, 6075 3240, 6065 3240, 6060 3235, 6055 3230, 6045 3230, 6035 3230, 6030 3225, 6025 3220, 6015 3220, 6010 3215, 6005 3210, 6000 3205, 5995 3200, 5990 3195, 5985 3190, 5980 3185, 5975 3180, 5965 3180, 5960 3185, 5955 3190, 5950 3195, 5945 3200, 5940 3205, 5935 3210, 5930 3215, 5925 3220, 5915 3220, 5910 3225, 5905 3230, 5895 3230, 5890 3235, 5885 3240, 5880 3245, 5875 3250, 5870 3255, 5865 3260, 5860 3265, 5855 3270, 5850 3275, 5855 3280, 5860 3285, 5865 3290, 5870 3295, 5875 3300, 5885 3300, 5895 3300, 5905 3300, 5915 3300, 5920 3295, 5925 3290, 5935 3290, 5945 3290, 5950 3295, 5955 3300, 5960 3305, 5960 3315, 5960 3325, 5965 3330, 5975 3330, 5985 3330, 5995 3330, 6005 3330, 6010 3325)), ((6430 3365, 6435 3360, 6445 3360, 6455 3360, 6465 3360, 6470 3355, 6475 3350, 6485 3350, 6490 3345, 6495 3340, 6505 3340, 6510 3335, 6505 3330, 6495 3330, 6490 3325, 6485 3320, 6475 3320, 6470 3315, 6465 3310, 6460 3305, 6455 3300, 6445 3300, 6440 3295, 6435 3290, 6425 3290, 6415 3290, 6410 3285, 6405 3280, 6400 3285, 6395 3290, 6385 3290, 6375 3290, 6365 3290, 6355 3290, 6350 3285, 6345 3280, 6335 3280, 6325 3280, 6315 3280, 6310 3285, 6315 3290, 6325 3290, 6330 3295, 6335 3300, 6345 3300, 6350 3305, 6355 3310, 6360 3315, 6365 3320, 6370 3325, 6375 3330, 6380 3335, 6380 3345, 6385 3350, 6390 3355, 6395 3360, 6400 3365, 6405 3370, 6415 3370, 6425 3370, 6430 3365)))"
rim,20,P3_1_C,,73900.0,2,6182.386107352278,3263.521650879567,"MULTIPOLYGON (((6420 3435, 6415 3430, 6410 3425, 6405 3420, 6395 3420, 6390 3415, 6390 3405, 6385 3400, 6380 3395, 6375 3390, 6365 3390, 6360 3385, 6355 3380, 6350 3375, 6355 3370, 6360 3365, 6365 3360, 6375 3360, 6385 3360, 6390 3355, 6385 3350, 6380 3345, 6380 3335, 6375 3330, 6370 3325, 6365 3320, 6360 3315, 6355 3310, 6350 3305, 6345 3300, 6335 3300, 6330 3295, 6325 3290, 6315 3290, 6310 3285, 6315 3280, 6325 3280, 6335 3280, 6345 3280, 6350 3285, 6355 3290, 6365 3290, 6375 3290, 6385 3290, 6395 3290, 6400 3285, 6405 3280, 6410 3285, 6415 3290, 6425 3290, 6435 3290, 6440 3295, 6445 3300, 6455 3300, 6460 3305, 6465 3310, 6470 3315, 6475 3320, 6485 3320, 6490 3325, 6495 3330, 6505 3330, 6515 3330, 6525 3330, 6535 3330, 6540 3335, 6540 3345, 6535 3350, 6530 3355, 6530 3365, 6525 3370, 6520 3375, 6515 3380, 6510 3385, 6505 3390, 6500 3395, 6500 3405, 6500 3415, 6505 3420, 6510 3415, 6515 3410, 6520 3405, 6525 3400, 6535 3400, 6545 3400, 6555 3400, 6565 3400, 6570 3395, 6570 3385, 6570 3375, 6575 3370, 6580 3365, 6585 3360, 6590 3355, 6585 3350, 6580 3345, 6580 3335, 6580 3325, 6575 3320, 6570 3315, 6565 3310, 6560 3305, 6555 3300, 6550 3295, 6545 3290, 6535 3290, 6530 3285, 6525 3280, 6515 3280, 6510 3275, 6505 3270, 6500 3265, 6495 3260, 6490 3255, 6485 3250, 6475 3250, 6465 3250, 6460 3245, 6455 3240, 6445 3240, 6435 3240, 6430 3235, 6425 3230, 6420 3225, 6415 3220, 6405 3220, 6395 3220, 6390 3225, 6385 3230, 6380 3235, 6375 3240, 6370 3235, 6365 3230, 6360 3225, 6355 3220, 6350 3215, 6345 3210, 6335 3210, 6325 3210, 6320 3215, 6315 3220, 6305 3220, 6300 3225, 6295 3230, 6290 3235, 6285 3240, 6275 3240, 6270 3235, 6265 3230, 6255 3230, 6250 3225, 6245 3220, 6240 3215, 6235 3210, 6230 3205, 6225 3200, 6220 3195, 6215 3190, 6210 3185, 6205 3180, 6195 3180, 6190 3175, 6185 3170, 6180 3175, 6175 3180, 6170 3185, 6165 3190, 6155 3190, 6150 3185, 6145 3180, 6140 3175, 6135 3170, 6130 3165, 6125 3160, 6120 3165, 6115 3170, 6110 3175, 6105 3180, 6100 3185, 6095 3190, 6085 3190, 6080 3185, 6075 3180, 6070 3175, 6065 3170, 6060 3175, 6055 3180, 6050 3175, 6045 3170, 6040 3165, 6035 3160, 6030 3155, 6025 3150, 6020 3145, 6015 3140, 6010 3135, 6005 3130, 5995 3130, 5985 3130, 5975 3130, 5965 3130, 5960 3125, 5955 3120, 5950 3125, 5945 3130, 5935 3130, 5930 3135, 5925 3140, 5920 3145, 5915 3150, 5910 3155, 5905 3160, 5900 3165, 5895 3170, 5890 3175, 5885 3180, 5875 3180, 5870 3185, 5865 3190, 5855 3190, 5850 3195, 5845 3200, 5840 3205, 5835 3210, 5830 3215, 5825 3220, 5820 3225, 5815 3230, 5805 3230, 5795 3230, 5790 3235, 5785 3240, 5780 3245, 5775 3250, 5770 3255, 5765 3260, 5760 3265, 5765 3270, 5770 3275, 5775 3280, 5780 3285, 5785 3290, 5790 3295, 5795 3300, 5800 3305, 5805 3310, 5815 3310, 5820 3315, 5825 3320, 5835 3320, 5845 3320, 5850 3325, 5855 3330, 5865 3330, 5875 3330, 5880 3325, 5885 3320, 5890 3315, 5895 3310, 5900 3305, 5895 3300, 5885 3300, 5875 3300, 5870 3295, 5865 3290, 5860 3285, 5855 3280, 5850 3275, 5855 3270, 5860 3265, 5865 3260, 5870 3255, 5875 3250, 5880 3245, 5885 3240, 5890 3235, 5895 3230, 5905 3230, 5910 3225, 5915 3220, 5925 3220, 5930 3215, 5935 3210, 5940 3205, 5945 3200, 5950 3195, 5955 3190, 5960 3185, 5965 3180, 5975 3180, 5980 3185, 5985 3190, 5990 3195, 5995 3200, 6000 3205, 6005 3210, 6010 3215, 6015 3220, 6025 3220, 6030 3225, 6035 3230, 6045 3230, 6055 3230, 6060 3235, 6065 3240, 6075 3240, 6085 3240, 6095 3240, 6105 3240, 6115 3240, 6120 3235, 6125 3230, 6130 3235, 6135 3240, 6145 3240, 6155 3240, 6165 3240, 6175 3240, 6185 3240, 6190 3245, 6185 3250, 6175 3250, 6170 3255, 6165 3260, 6155 3260, 6150 3265, 6145 3270, 6135 3270, 6130 3275, 6125 3280, 6115 3280, 6110 3285, 6105 3290, 6095 3290, 6090 3295, 6095 3300, 6105 3300, 6110 3305, 6115 3310, 6120 3315, 6115 3320, 6110 3325, 6110 3335, 6115 3340, 6125 3340, 6130 3335, 6135 3330, 6145 3330, 6150 3325, 6155 3320, 6165 3320, 6170 3315, 6175 3310, 6185 3310, 6195 3310, 6200 3305, 6205 3300, 6210 3295, 6215 3290, 6225 3290, 6235 3290, 6240 3295, 6245 3300, 6250 3305, 6255 3310, 6260 3315, 6265 3320, 6270 3325, 6275 3330, 6280 3335, 6285 3340, 6295 3340, 6305 3340, 6310 3345, 6315 3350, 6320 3355, 6325 3360, 6330 3365, 6335 3370, 6340 3375, 6340 3385, 6345 3390, 6350 3395, 6350 3405, 6350 3415, 6355 3420, 6360 3425, 6365 3430, 6375 3430, 6385 3430, 6390 3435, 6395 3440, 6405 3440, 6415 3440, 6420 3435)), ((5960 3375, 5965 3370, 5970 3365, 5975 3360, 5980 3355, 5985 3350, 5995 3350, 6005 3350, 6010 3345, 6010 3335, 6005 3330, 5995 3330, 5985 3330, 5975 3330, 5965 3330, 5960 3335, 5960 3345, 5955 3350, 5950 3355, 5945 3360, 5940 3365, 5945 3370, 5950 3375, 5955 3380, 5960 3375)))"
lesion,21,R1_2_T,,12950.0,1,8090.376447876448,3292.6158301158302,"POLYGON ((8085 3410, 8080 3405, 8075 3400, 8070 3395, 8065 3390, 8060 3385, 8060 3375, 8065 3370, 8070 3365, 8075 3360, 8080 3355, 8080 3345, 8075 3340, 8070 3335, 8065 3330, 8060 3325, 8060 3315, 8060 3305, 8060 3295, 8055 3290, 8050 3285, 8050 3275, 8050 3265, 8045 3260, 8040 3255, 8040 3245, 8040 3235, 8045 3230, 8050 3225, 8050 3215, 8055 3210, 8065 3210, 8070 3205, 8075 3200, 8080 3195, 8080 3185, 8085 3180, 8095 3180, 8105 3180, 8110 3185, 8105 3190, 8100 3195, 8095 3200, 8090 3205, 8095 3210, 8100 3215, 8105 3220, 8110 3225, 8115 3230, 8120 3235, 8120 3245, 8120 3255, 8120 3265, 8120 3275, 8120 3285, 8125 3290, 8130 3295, 8135 3300, 8140 3305, 8145 3310, 8150 3315, 8150 3325, 8145 3330, 8140 3335, 8135 3340, 8130 3345, 8125 3350, 8120 3355, 8115 3360, 8110 3365, 8110 3375, 8110 3385, 8105 3390, 8100 3395, 8095 3400, 8090 3405, 8085 3410))"
rim,21,R1_2_T,,12950.0,1,8090.376447876448,3292.6158301158302,"POLYGON ((8085 3410, 8080 3405, 8075 3400, 8070 3395, 8065 3390, 8060 3385, 8060 3375, 8065 3370, 8070 3365, 8075 3360, 8080 3355, 8080 3345, 8075 3340, 8070 3335, 8065 3330, 8060 3325, 8060 3315, 8060 3305, 8060 3295, 8055 3290, 8050 3285, 8050 3275, 8050 3265, 8045 3260, 8040 3255, 8040 3245, 8040 3235, 8045 3230, 8050 3225, 8050 3215, 8055 3210, 8065 3210, 8070 3205, 8075 3200, 8080 3195, 8080 3185, 8085 3180, 8095 3180, 8105 3180, 8110 3185, 8105 3190, 8100 3195, 8095 3200, 8090 3205, 8095 3210, 8100 3215, 8105 3220, 8110 3225, 8115 3230, 8120 3235, 8120 3245, 8120 3255, 8120 3265, 8120 3275, 8120 3285, 8125 3290, 8130 3295, 8135 3300, 8140 3305, 8145 3310, 8150 3315, 8150 3325, 8145 3330, 8140 3335, 8135 3340, 8130 3345, 8125 3350, 8120 3355, 8115 3360, 8110 3365, 8110 3375, 8110 3385, 8105 3390, 8100 3395, 8095 3400, 8090 3405, 8085 3410))"
lesion,22,R1_2_T,,22450.0,1,9783.710096510764,3410.3247958426136,"POLYGON ((9795 3500, 9785 3500, 9780 3495, 9775 3490, 9770 3485, 9765 3480, 9760 3475, 9755 3470, 9745 3470, 9735 3470, 9730 3465, 9725 3460, 9715 3460, 9705 3460, 9700 3465, 9695 3470, 9690 3465, 9685 3460, 9680 3455, 9675 3450, 9670 3445, 9670 3435, 9670 3425, 9670 3415, 9670 3405, 9675 3400, 9680 3395, 9685 3390, 9690 3385, 9695 3380, 9705 3380, 9715 3380, 9720 3375, 9725 3370, 9735 3370, 9740 3365, 9745 3360, 9755 3360, 9765 3360, 9775 3360, 9785 3360, 9790 3355, 9795 3350, 9805 3350, 9810 3345, 9815 3340, 9825 3340, 9835 3340, 9840 3335, 9845 3330, 9855 3330, 9865 3330, 9875 3330, 9885 3330, 9890 3325, 9895 3320, 9900 3325, 9905 3330, 9910 3335, 9915 3340, 9920 3345, 9915 3350, 9910 3355, 9905 3360, 9895 3360, 9890 3355, 9885 3350, 9880 3355, 9875 3360, 9870 3365, 9865 3370, 9860 3375, 9855 3380, 9850 3385, 9850 3395, 9850 3405, 9850 3415, 9855 3420, 9860 3425, 9865 3430, 9870 3435, 9865 3440, 9860 3445, 9855 3450, 9850 3455, 9845 3460, 9840 3465, 9835 3470, 9825 3470, 9820 3475, 9815 3480, 9810 3485, 9805 3490, 9800 3495, 9795 3500))"
rim,22,R1_2_T,,22450.0,1,9783.710096510764,3410.3247958426136,"POLYGON ((9795 3500, 9785 3500, 9780 3495, 9775 3490, 9770 3485, 9765 3480, 9760 3475, 9755 3470, 9745 3470, 9735 3470, 9730 3465, 9725 3460, 9715 3460, 9705 3460, 9700 3465, 9695 3470, 9690 3465, 9685 3460, 9680 3455, 9675 3450, 9670 3445, 9670 3435, 9670 3425, 9670 3415, 9670 3405, 9675 3400, 9680 3395, 9685 3390, 9690 3385, 9695 3380, 9705 3380, 9715 3380, 9720 3375, 9725 3370, 9735 3370, 9740 3365, 9745 3360, 9755 3360, 9765 3360, 9775 3360, 9785 3360, 9790 3355, 9795 3350, 9805 3350, 9810 3345, 9815 3340, 9825 3340, 9835 3340, 9840 3335, 9845 3330, 9855 3330, 9865 3330, 9875 3330, 9885 3330, 9890 3325, 9895 3320, 9900 3325, 9905 3330, 9910 3335, 9915 3340, 9920 3345, 9915 3350, 9910 3355, 9905 3360, 9895 3360, 9890 3355, 9885 3350, 9880 3355, 9875 3360, 9870 3365, 9865 3370, 9860 3375, 9855 3380, 9850 3385, 9850 3395, 9850 3405, 9850 3415, 9855 3420, 9860 3425, 9865 3430, 9870 3435, 9865 3440, 9860 3445, 9855 3450, 9850 3455, 9845 3460, 9840 3465, 9835 3470, 9825 3470, 9820 3475, 9815 3480, 9810 3485, 9805 3490, 9800 3495, 9795 3500))"
lesion,26,R1_2_T,,142650.0,1,9257.754702652179,3573.4212524827667,"POLYGON ((9065 3780, 9060 3775, 9055 3770, 9050 3765, 9045 3760, 9040 3755, 9040 3745, 9040 3735, 9035 3730, 9030 3725, 9025 3720, 9020 3715, 9015 3710, 9010 3705, 9005 3700, 9000 3705, 8995 3710, 8990 3715, 8985 3720, 8980 3715, 8975 3710, 8970 3705, 8965 3700, 8960 3695, 8965 3690, 8970 3685, 8975 3680, 8980 3675, 8985 3670, 8990 3665, 8995 3660, 9000 3655, 9005 3650, 9010 3645, 9005 3640, 9000 3635, 9000 3625, 9005 3620, 9010 3615, 9010 3605, 9015 3600, 9020 3595, 9025 3590, 9030 3585, 9025 3580, 9020 3575, 9025 3570, 9030 3565, 9030 3555, 9035 3550, 9040 3545, 9045 3540, 9050 3535, 9055 3530, 9060 3525, 9065 3520, 9070 3515, 9065 3510, 9060 3505, 9065 3500, 9070 3495, 9075 3490, 9080 3485, 9080 3475, 9080 3465, 9085 3460, 9090 3455, 9090 3445, 9095 3440, 9100 3435, 9105 3430, 9110 3425, 9115 3420, 9120 3415, 9125 3410, 9135 3410, 9145 3410, 9150 3405, 9155 3400, 9165 3400, 9170 3405, 9175 3410, 9185 3410, 9195 3410, 9200 3415, 9205 3420, 9210 3425, 9215 3430, 9225 3430, 9235 3430, 9245 3430, 9250 3425, 9255 3420, 9265 3420, 9275 3420, 9285 3420, 9290 3415, 9295 3410, 9305 3410, 9310 3405, 9315 3400, 9325 3400, 9335 3400, 9345 3400, 9350 3395, 9355 3390, 9365 3390, 9370 3395, 9375 3400, 9385 3400, 9395 3400, 9400 3405, 9405 3410, 9410 3415, 9415 3420, 9425 3420, 9435 3420, 9440 3425, 9445 3430, 9455 3430, 9465 3430, 9470 3435, 9475 3440, 9480 3445, 9485 3450, 9490 3455, 9495 3460, 9500 3465, 9505 3470, 9510 3475, 9515 3480, 9520 3485, 9520 3495, 9525 3500, 9530 3505, 9530 3515, 9530 3525, 9530 3535, 9535 3540, 9540 3545, 9540 3555, 9540 3565, 9535 3570, 9530 3575, 9530 3585, 9525 3590, 9520 3595, 9515 3600, 9510 3605, 9505 3610, 9500 3615, 9500 3625, 9500 3635, 9495 3640, 9490 3645, 9485 3650, 9480 3655, 9475 3660, 9470 3665, 9465 3670, 9460 3675, 9455 3680, 9450 3685, 9445 3690, 9435 3690, 9430 3695, 9425 3700, 9420 3695, 9415 3690, 9405 3690, 9400 3695, 9395 3700, 9385 3700, 9375 3700, 9365 3700, 9360 3695, 9355 3690, 9345 3690, 9335 3690, 9325 3690, 9320 3695, 9315 3700, 9305 3700, 9295 3700, 9290 3705, 9285 3710, 9275 3710, 9265 3710, 9260 3715, 9255 3720, 9250 3725, 9245 3730, 9235 3730, 9225 3730, 9220 3725, 9215 3720, 9210 3715, 9205 3710, 9195 3710, 9190 3715, 9185 3720, 9180 3725, 9175 3730, 9165 3730, 9160 3735, 9155 3740, 9145 3740, 9135 3740, 9130 3745, 9125 3750, 9115 3750, 9105 3750, 9100 3755, 9095 3760, 9090 3765, 9085 3770, 9075 3770, 9070 3775, 9065 3780))"
core,26,R1_2_T,,66750.0,1,9263.622347066166,3574.8483146067415,"POLYGON ((9105 3700, 9095 3700, 9085 3700, 9080 3695, 9075 3690, 9070 3685, 9065 3680, 9060 3675, 9060 3665, 9065 3660, 9070 3655, 9070 3645, 9070 3635, 9070 3625, 9075 3620, 9080 3615, 9080 3605, 9085 3600, 9090 3595, 9090 3585, 9090 3575, 9095 3570, 9100 3565, 9105 3560, 9110 3555, 9115 3550, 9120 3545, 9120 3535, 9125 3530, 9130 3525, 9130 3515, 9130 3505, 9135 3500, 9140 3495, 9140 3485, 9140 3475, 9145 3470, 9155 3470, 9165 3470, 9175 3470, 9180 3475, 9185 3480, 9195 3480, 9200 3485, 9205 3490, 9215 3490, 9225 3490, 9235 3490, 9245 3490, 9255 3490, 9260 3485, 9265 3480, 9275 3480, 9285 3480, 9295 3480, 9300 3475, 9305 3470, 9315 3470, 9320 3465, 9325 3460, 9335 3460, 9345 3460, 9355 3460, 9365 3460, 9375 3460, 9380 3465, 9385 3470, 9395 3470, 9400 3475, 9405 3480, 9415 3480, 9425 3480, 9430 3485, 9435 3490, 9445 3490, 9450 3495, 9455 3500, 9460 3505, 9465 3510, 9470 3515, 9470 3525, 9470 3535, 9470 3545, 9475 3550, 9480 3555, 9475 3560, 9470 3565, 9465 3570, 9460 3575, 9455 3580, 9450 3585, 9450 3595, 9445 3600, 9440 3605, 9440 3615, 9435 3620, 9430 3625, 9425 3630, 9415 3630, 9405 3630, 9395 3630, 9390 3635, 9385 3640, 9375 3640, 9365 3640, 9355 3640, 9345 3640, 9335 3640, 9325 3640, 9315 3640, 9310 3645, 9305 3650, 9295 3650, 9290 3655, 9285 3660, 9275 3660, 9270 3665, 9265 3670, 9255 3670, 9250 3675, 9245 3680, 9240 3685, 9235 3690, 9225 3690, 9215 3690, 9205 3690, 9195 3690, 9190 3685, 9185 3680, 9175 3680, 9165 3680, 9155 3680, 9145 3680, 9135 3680, 9130 3685, 9125 3690, 9115 3690, 9110 3695, 9105 3700))"
rim,26,R1_2_T,,75900.0,1,9252.594422485727,3572.1662274923146,"POLYGON ((9065 3780, 9060 3775, 9055 3770, 9050 3765, 9045 3760, 9040 3755, 9040 3745, 9040 3735, 9035 3730, 9030 3725, 9025 3720, 9020 3715, 9015 3710, 9010 3705, 9005 3700, 9000 3705, 8995 3710, 8990 3715, 8985 3720, 8980 3715, 8975 3710, 8970 3705, 8965 3700, 8960 3695, 8965 3690, 8970 3685, 8975 3680, 8980 3675, 8985 3670, 8990 3665, 8995 3660, 9000 3655, 9005 3650, 9010 3645, 9005 3640, 9000 3635, 9000 3625, 9005 3620, 9010 3615, 9010 3605, 9015 3600, 9020 3595, 9025 3590, 9030 3585, 9025 3580, 9020 3575, 9025 3570, 9030 3565, 9030 3555, 9035 3550, 9040 3545, 9045 3540, 9050 3535, 9055 3530, 9060 3525, 9065 3520, 9070 3515, 9065 3510, 9060 3505, 9065 3500, 9070 3495, 9075 3490, 9080 3485, 9080 3475, 9080 3465, 9085 3460, 9090 3455, 9090 3445, 9095 3440, 9100 3435, 9105 3430, 9110 3425, 9115 3420, 9120 3415, 9125 3410, 9135 3410, 9145 3410, 9150 3405, 9155 3400, 9165 3400, 9170 3405, 9175 3410, 9185 3410, 9195 3410, 9200 3415, 9205 3420, 9210 3425, 9215 3430, 9225 3430, 9235 3430, 9245 3430, 9250 3425, 9255 3420, 9265 3420, 9275 3420, 9285 3420, 9290 3415, 9295 3410, 9305 3410, 9310 3405, 9315 3400, 9325 3400, 9335 3400, 9345 3400, 9350 3395, 9355 3390, 9365 3390, 9370 3395, 9375 3400, 9385 3400, 9395 3400, 9400 3405, 9405 3410, 9410 3415, 9415 3420, 9425 3420, 9435 3420, 9440 3425, 9445 3430, 9455 3430, 9465 3430, 9470 3435, 9475 3440, 9480 3445, 9485 3450, 9490 3455, 9495 3460, 9500 3465, 9505 3470, 9510 3475, 9515 3480, 9520 3485, 9520 3495, 9525 3500, 9530 3505, 9530 3515, 9530 3525, 9530 3535, 9535 3540, 9540 3545, 9540 3555, 9540 3565, 9535 3570, 9530 3575, 9530 3585, 9525 3590, 9520 3595, 9515 3600, 9510 3605, 9505 3610, 9500 3615, 9500 3625, 9500 3635, 9495 3640, 9490 3645, 9485 3650, 9480 3655, 9475 3660, 9470 3665, 9465 3670, 9460 3675, 9455 3680, 9450 3685, 9445 3690, 9435 3690, 9430 3695, 9425 3700, 9420 3695, 9415 3690, 9405 3690, 9400 3695, 9395 3700, 9385 3700, 9375 3700, 9365 3700, 9360 3695, 9355 3690, 9345 3690, 9335 3690, 9325 3690, 9320 3695, 9315 3700, 9305 3700, 9295 3700, 9290 3705, 9285 3710, 9275 3710, 9265 3710, 9260 3715, 9255 3720, 9250 3725, 9245 3730, 9235 3730, 9225 3730, 9220 3725, 9215 3720, 9210 3715, 9205 3710, 9195 3710, 9190 3715, 9185 3720, 9180 3725, 9175 3730, 9165 3730, 9160 3735, 9155 3740, 9145 3740, 9135 3740, 9130 3745, 9125 3750, 9115 3750, 9105 3750, 9100 3755, 9095 3760, 9090 3765, 9085 3770, 9075 3770, 9070 3775, 9065 3780), (9110 3695, 9115 3690, 9125 3690, 9130 3685, 9135 3680, 9145 3680, 9155 3680, 9165 3680, 9175 3680, 9185 3680, 9190 3685, 9195 3690, 9205 3690, 9215 3690, 9225 3690, 9235 3690, 9240 3685, 9245 3680, 9250 3675, 9255 3670, 9265 3670, 9270 3665, 9275 3660, 9285 3660, 9290 3655, 9295 3650, 9305 3650, 9310 3645, 9315 3640, 9325 3640, 9335 3640, 9345 3640, 9355 3640, 9365 3640, 9375 3640, 9385 3640, 9390 3635, 9395 3630, 9405 3630, 9415 3630, 9425 3630, 9430 3625, 9435 3620, 9440 3615, 9440 3605, 9445 3600, 9450 3595, 9450 3585, 9455 3580, 9460 3575, 9465 3570, 9470 3565, 9475 3560, 9480 3555, 9475 3550, 9470 3545, 9470 3535, 9470 3525, 9470 3515, 9465 3510, 9460 3505, 9455 3500, 9450 3495, 9445 3490, 9435 3490, 9430 3485, 9425 3480, 9415 3480, 9405 3480, 9400 3475, 9395 3470, 9385 3470, 9380 3465, 9375 3460, 9365 3460, 9355 3460, 9345 3460, 9335 3460, 9325 3460, 9320 3465, 9315 3470, 9305 3470, 9300 3475, 9295 3480, 9285 3480, 9275 3480, 9265 3480, 9260 3485, 9255 3490, 9245 3490, 9235 3490, 9225 3490, 9215 3490, 9205 3490, 9200 3485, 9195 3480, 9185 3480, 9180 3475, 9175 3470, 9165 3470, 9155 3470, 9145 3470, 9140 3475, 9140 3485, 9140 3495, 9135 3500, 9130 3505, 9130 3515, 9130 3525, 9125 3530, 9120 3535, 9120 3545, 9115 3550, 9110 3555, 9105 3560, 9100 3565, 9095 3570, 9090 3575, 9090 3585, 9090 3595, 9085 3600, 9080 3605, 9080 3615, 9075 3620, 9070 3625, 9070 3635, 9070 3645, 9070 3655, 9065 3660, 9060 3665, 9060 3675, 9065 3680, 9070 3685, 9075 3690, 9080 3695, 9085 3700, 9095 3700, 9105 3700, 9110 3695))"
lesion,29,R1_2_T,,6850.0,1,8532.93795620438,3656.1496350364964,"POLYGON ((8535 3700, 8530 3695, 8525 3690, 8520 3695, 8515 3700, 8505 3700, 8500 3695, 8495 3690, 8490 3685, 8485 3680, 8480 3675, 8480 3665, 8480 3655, 8480 3645, 8485 3640, 8490 3635, 8495 3630, 8500 3625, 8505 3620, 8515 3620, 8525 3620, 8535 3620, 8545 3620, 8555 3620, 8560 3625, 8565 3630, 8570 3625, 8575 3620, 8580 3625, 8585 3630, 8590 3635, 8595 3640, 8600 3645, 8595 3650, 8590 3655, 8585 3660, 8580 3665, 8575 3670, 8570 3675, 8565 3680, 8560 3685, 8555 3690, 8545 3690, 8540 3695, 8535 3700))"
rim,29,R1_2_T,,6850.0,1,8532.93795620438,3656.1496350364964,"POLYGON ((8535 3700, 8530 3695, 8525 3690, 8520 3695, 8515 3700, 8505 3700, 8500 3695, 8495 3690, 8490 3685, 8485 3680, 8480 3675, 8480 3665, 8480 3655, 8480 3645, 8485 3640, 8490 3635, 8495 3630, 8500 3625, 8505 3620, 8515 3620, 8525 3620, 8535 3620, 8545 3620, 8555 3620, 8560 3625, 8565 3630, 8570 3625, 8575 3620, 8580 3625, 8585 3630, 8590 3635, 8595 3640, 8600 3645, 8595 3650, 8590 3655, 8585 3660, 8580 3665, 8575 3670, 8570 3675, 8565 3680, 8560 3685, 8555 3690, 8545 3690, 8540 3695, 8535 3700))"
lesion,30,R1_2_T,,20550.0,1,8721.76804541768,3744.314679643147,"POLYGON ((8845 3820, 8840 3815, 8835 3810, 8825 3810, 8815 3810, 8805 3810, 8800 3805, 8795 3800, 8785 3800, 8780 3795, 8775 3790, 8770 3785, 8765 3780, 8755 3780, 8745 3780, 8735 3780, 8725 3780, 8715 3780, 8705 3780, 8695 3780, 8690 3785, 8685 3790, 8675 3790, 8665 3790, 8655 3790, 8645 3790, 8640 3795, 8635 3800, 8625 3800, 8615 3800, 8610 3795, 8605 3790, 8600 3785, 8605 3780, 8610 3775, 8615 3770, 8620 3765, 8625 3760, 8630 3755, 8635 3750, 8640 3745, 8640 3735, 8640 3725, 8645 3720, 8650 3715, 8650 3705, 8645 3700, 8640 3695, 8635 3690, 8630 3685, 8625 3680, 8620 3675, 8615 3670, 8610 3665, 8615 3660, 8620 3655, 8625 3650, 8630 3645, 8635 3640, 8640 3645, 8645 3650, 8655 3650, 8660 3655, 8665 3660, 8670 3665, 8675 3670, 8680 3675, 8685 3680, 8695 3680, 8700 3685, 8705 3690, 8715 3690, 8720 3695, 8725 3700, 8730 3705, 8735 3710, 8745 3710, 8750 3715, 8755 3720, 8765 3720, 8775 3720, 8785 3720, 8795 3720, 8800 3725, 8805 3730, 8810 3735, 8815 3740, 8820 3745, 8825 3750, 8830 3755, 8835 3760, 8845 3760, 8850 3765, 8855 3770, 8860 3775, 8865 3780, 8870 3785, 8865 3790, 8860 3795, 8860 3805, 8855 3810, 8850 3815, 8845 3820))"
rim,30,R1_2_T,,20250.0,1,8721.843621399177,3743.938271604938,"POLYGON ((8845 3820, 8840 3815, 8835 3810, 8825 3810, 8815 3810, 8805 3810, 8800 3805, 8795 3800, 8785 3800, 8780 3795, 8775 3790, 8770 3785, 8765 3780, 8755 3780, 8745 3780, 8735 3780, 8730 3775, 8725 3770, 8720 3765, 8715 3760, 8705 3760, 8700 3765, 8705 3770, 8715 3770, 8720 3775, 8715 3780, 8705 3780, 8695 3780, 8690 3785, 8685 3790, 8675 3790, 8665 3790, 8655 3790, 8645 3790, 8640 3795, 8635 3800, 8625 3800, 8615 3800, 8610 3795, 8605 3790, 8600 3785, 8605 3780, 8610 3775, 8615 3770, 8620 3765, 8625 3760, 8630 3755, 8635 3750, 8640 3745, 8640 3735, 8640 3725, 8645 3720, 8650 3715, 8650 3705, 8645 3700, 8640 3695, 8635 3690, 8630 3685, 8625 3680, 8620 3675, 8615 3670, 8610 3665, 8615 3660, 8620 3655, 8625 3650, 8630 3645, 8635 3640, 8640 3645, 8645 3650, 8655 3650, 8660 3655, 8665 3660, 8670 3665, 8675 3670, 8680 3675, 8685 3680, 8695 3680, 8700 3685, 8705 3690, 8715 3690, 8720 3695, 8725 3700, 8730 3705, 8735 3710, 8745 3710, 8750 3715, 8755 3720, 8765 3720, 8775 3720, 8785 3720, 8795 3720, 8800 3725, 8805 3730, 8810 3735, 8815 3740, 8820 3745, 8825 3750, 8830 3755, 8835 3760, 8845 3760, 8850 3765, 8855 3770, 8860 3775, 8865 3780, 8870 3785, 8865 3790, 8860 3795, 8860 3805, 8855 3810, 8850 3815, 8845 3820))"
lesion,31,P3_1_T,,136550.0,1,752.480165995362,7639.30733553033,"POLYGON ((615 7860, 610 7855, 605 7850, 595 7850, 590 7845, 585 7840, 580 7835, 580 7825, 585 7820, 590 7815, 585 7810, 575 7810, 570 7805, 570 7795, 570 7785, 565 7780, 560 7775, 560 7765, 560 7755, 560 7745, 560 7735, 560 7725, 560 7715, 560 7705, 560 7695, 560 7685, 560 7675, 560 7665, 560 7655, 560 7645, 560 7635, 560 7625, 560 7615, 560 7605, 560 7595, 560 7585, 560 7575, 560 7565, 560 7555, 565 7550, 570 7545, 570 7535, 570 7525, 570 7515, 570 7505, 575 7500, 580 7495, 580 7485, 580 7475, 585 7470, 590 7465, 590 7455, 595 7450, 600 7445, 600 7435, 605 7430, 610 7425, 615 7420, 620 7415, 620 7405, 620 7395, 625 7390, 630 7395, 635 7400, 640 7405, 645 7410, 655 7410, 660 7415, 665 7420, 670 7425, 675 7430, 680 7435, 685 7440, 690 7445, 695 7450, 705 7450, 710 7455, 715 7460, 725 7460, 730 7465, 735 7470, 745 7470, 755 7470, 765 7470, 770 7475, 775 7480, 780 7485, 785 7490, 790 7495, 795 7500, 805 7500, 815 7500, 825 7500, 835 7500, 845 7500, 855 7500, 865 7500, 870 7505, 875 7510, 885 7510, 895 7510, 900 7515, 905 7520, 910 7525, 915 7530, 920 7535, 925 7540, 930 7545, 935 7550, 940 7555, 945 7560, 950 7565, 955 7570, 960 7575, 965 7580, 975 7580, 980 7585, 985 7590, 995 7590, 1000 7595, 1005 7600, 1015 7600, 1020 7605, 1025 7610, 1030 7615, 1035 7620, 1040 7625, 1045 7630, 1050 7635, 1055 7640, 1060 7645, 1060 7655, 1055 7660, 1050 7665, 1045 7670, 1040 7675, 1035 7680, 1030 7685, 1025 7690, 1015 7690, 1005 7690, 1000 7695, 995 7700, 985 7700, 980 7705, 975 7710, 970 7715, 965 7720, 955 7720, 950 7725, 945 7730, 940 7735, 935 7740, 925 7740, 920 7745, 915 7750, 905 7750, 900 7755, 895 7760, 885 7760, 875 7760, 870 7765, 865 7770, 855 7770, 850 7775, 845 7780, 835 7780, 825 7780, 820 7785, 815 7790, 810 7795, 805 7800, 795 7800, 785 7800, 775 7800, 765 7800, 755 7800, 745 7800, 740 7805, 735 7810, 725 7810, 720 7815, 715 7820, 710 7825, 705 7830, 695 7830, 690 7835, 685 7840, 675 7840, 665 7840, 660 7845, 655 7850, 645 7850, 635 7850, 625 7850, 620 7855, 615 7860))"
core,31,P3_1_T,,76450.0,1,734.9078918683235,7636.808916503161,"POLYGON ((645 7800, 635 7800, 625 7800, 615 7800, 610 7795, 605 7790, 600 7785, 600 7775, 595 7770, 590 7765, 590 7755, 590 7745, 590 7735, 590 7725, 590 7715, 590 7705, 590 7695, 590 7685, 595 7680, 600 7675, 600 7665, 605 7660, 610 7655, 610 7645, 610 7635, 610 7625, 605 7620, 600 7615, 600 7605, 600 7595, 595 7590, 590 7585, 590 7575, 590 7565, 590 7555, 590 7545, 590 7535, 590 7525, 585 7520, 580 7515, 580 7505, 585 7500, 590 7495, 590 7485, 595 7480, 600 7475, 605 7470, 610 7465, 615 7460, 620 7455, 625 7450, 630 7455, 635 7460, 640 7465, 645 7470, 650 7475, 655 7480, 660 7485, 665 7490, 675 7490, 680 7495, 685 7500, 695 7500, 700 7505, 705 7510, 715 7510, 720 7515, 725 7520, 735 7520, 745 7520, 750 7525, 755 7530, 760 7535, 765 7540, 775 7540, 780 7545, 785 7550, 795 7550, 805 7550, 815 7550, 825 7550, 835 7550, 845 7550, 855 7550, 860 7555, 865 7560, 875 7560, 880 7565, 885 7570, 890 7575, 895 7580, 900 7585, 905 7590, 910 7595, 915 7600, 920 7605, 925 7610, 930 7615, 935 7620, 945 7620, 950 7625, 955 7630, 965 7630, 970 7635, 975 7640, 985 7640, 990 7645, 985 7650, 975 7650, 970 7655, 965 7660, 955 7660, 950 7665, 945 7670, 940 7675, 935 7680, 925 7680, 920 7685, 915 7690, 910 7695, 905 7700, 895 7700, 890 7705, 885 7710, 875 7710, 865 7710, 860 7715, 855 7720, 845 7720, 840 7725, 835 7730, 825 7730, 815 7730, 810 7735, 805 7740, 795 7740, 790 7745, 785 7750, 775 7750, 765 7750, 755 7750, 745 7750, 735 7750, 730 7755, 725 7760, 715 7760, 710 7765, 705 7770, 695 7770, 690 7775, 685 7780, 680 7785, 675 7790, 665 7790, 655 7790, 650 7795, 645 7800))"
rim,31,P3_1_T,,60050.0,1,774.9951429364419,7642.604079933389,"POLYGON ((615 7860, 610 7855, 605 7850, 595 7850, 590 7845, 585 7840, 580 7835, 580 7825, 585 7820, 590 7815, 585 7810, 575 7810, 570 7805, 570 7795, 570 7785, 565 7780, 560 7775, 560 7765, 560 7755, 560 7745, 560 7735, 560 7725, 560 7715, 560 7705, 560 7695, 560 7685, 560 7675, 560 7665, 560 7655, 560 7645, 560 7635, 560 7625, 560 7615, 560 7605, 560 7595, 560 7585, 560 7575, 560 7565, 560 7555, 565 7550, 570 7545, 570 7535, 570 7525, 570 7515, 570 7505, 575 7500, 580 7505, 580 7515, 585 7520, 590 7525, 590 7535, 590 7545, 590 7555, 590 7565, 590 7575, 590 7585, 595 7590, 600 7595, 600 7605, 600 7615, 605 7620, 610 7625, 610 7635, 610 7645, 610 7655, 605 7660, 600 7665, 600 7675, 595 7680, 590 7685, 590 7695, 590 7705, 590 7715, 590 7725, 590 7735, 590 7745, 590 7755, 590 7765, 595 7770, 600 7775, 600 7785, 605 7790, 610 7795, 615 7800, 625 7800, 635 7800, 645 7800, 650 7795, 655 7790, 665 7790, 675 7790, 680 7785, 685 7780, 690 7775, 695 7770, 705 7770, 710 7765, 715 7760, 725 7760, 730 7755, 735 7750, 745 7750, 755 7750, 765 7750, 775 7750, 785 7750, 790 7745, 795 7740, 805 7740, 810 7735, 815 7730, 825 7730, 835 7730, 840 7725, 845 7720, 855 7720, 860 7715, 865 7710, 875 7710, 885 7710, 890 7705, 895 7700, 905 7700, 910 7695, 915 7690, 920 7685, 925 7680, 935 7680, 940 7675, 945 7670, 950 7665, 955 7660, 965 7660, 970 7655, 975 7650, 985 7650, 990 7645, 985 7640, 975 7640, 970 7635, 965 7630, 955 7630, 950 7625, 945 7620, 935 7620, 930 7615, 925 7610, 920 7605, 915 7600, 910 7595, 905 7590, 900 7585, 895 7580, 890 7575, 885 7570, 880 7565, 875 7560, 865 7560, 860 7555, 855 7550, 845 7550, 835 7550, 825 7550, 815 7550, 805 7550, 795 7550, 785 7550, 780 7545, 775 7540, 765 7540, 760 7535, 755 7530, 750 7525, 745 7520, 735 7520, 725 7520, 720 7515, 715 7510, 705 7510, 700 7505, 695 7500, 685 7500, 680 7495, 675 7490, 665 7490, 660 7485, 655 7480, 650 7475, 645 7470, 640 7465, 635 7460, 630 7455, 625 7450, 620 7455, 615 7460, 610 7465, 605 7470, 600 7475, 595 7480, 590 7485, 590 7495, 585 7500, 580 7495, 580 7485, 580 7475, 585 7470, 590 7465, 590 7455, 595 7450, 600 7445, 600 7435, 605 7430, 610 7425, 615 7420, 620 7415, 620 7405, 620 7395, 625 7390, 630 7395, 635 7400, 640 7405, 645 7410, 655 7410, 660 7415, 665 7420, 670 7425, 675 7430, 680 7435, 685 7440, 690 7445, 695 7450, 705 7450, 710 7455, 715 7460, 725 7460, 730 7465, 735 7470, 745 7470, 755 7470, 765 7470, 770 7475, 775 7480, 780 7485, 785 7490, 790 7495, 795 7500, 805 7500, 815 7500, 825 7500, 835 7500, 845 7500, 855 7500, 865 7500, 870 7505, 875 7510, 885 7510, 895 7510, 900 7515, 905 7520, 910 7525, 915 7530, 920 7535, 925 7540, 930 7545, 935 7550, 940 7555, 945 7560, 950 7565, 955 7570, 960 7575, 965 7580, 975 7580, 980 7585, 985 7590, 995 7590, 1000 7595, 1005 7600, 1015 7600, 1020 7605, 1025 7610, 1030 7615, 1035 7620, 1040 7625, 1045 7630, 1050 7635, 1055 7640, 1060 7645, 1060 7655, 1055 7660, 1050 7665, 1045 7670, 1040 7675, 1035 7680, 1030 7685, 1025 7690, 1015 7690, 1005 7690, 1000 7695, 995 7700, 985 7700, 980 7705, 975 7710, 970 7715, 965 7720, 955 7720, 950 7725, 945 7730, 940 7735, 935 7740, 925 7740, 920 7745, 915 7750, 905 7750, 900 7755, 895 7760, 885 7760, 875 7760, 870 7765, 865 7770, 855 7770, 850 7775, 845 7780, 835 7780, 825 7780, 820 7785, 815 7790, 810 7795, 805 7800, 795 7800, 785 7800, 775 7800, 765 7800, 755 7800, 745 7800, 740 7805, 735 7810, 725 7810, 720 7815, 715 7820, 710 7825, 705 7830, 695 7830, 690 7835, 685 7840, 675 7840, 665 7840, 660 7845, 655 7850, 645 7850, 635 7850, 625 7850, 620 7855, 615 7860))"
lesion,32,P3_1_T,,13050.0,1,2509.5753512132824,7515.22669220945,"POLYGON ((2495 7570, 2490 7565, 2485 7560, 2475 7560, 2465 7560, 2460 7555, 2455 7550, 2445 7550, 2440 7545, 2435 7540, 2430 7535, 2425 7530, 2420 7525, 2420 7515, 2425 7510, 2430 7505, 2430 7495, 2435 7490, 2440 7485, 2445 7480, 2450 7475, 2455 7470, 2465 7470, 2470 7465, 2475 7460, 2485 7460, 2495 7460, 2500 7465, 2505 7470, 2510 7475, 2515 7480, 2525 7480, 2530 7485, 2535 7490, 2540 7485, 2545 7480, 2555 7480, 2565 7480, 2575 7480, 2580 7485, 2585 7490, 2590 7495, 2595 7500, 2600 7505, 2600 7515, 2600 7525, 2600 7535, 2595 7540, 2590 7545, 2585 7550, 2580 7555, 2575 7560, 2565 7560, 2560 7555, 2555 7550, 2545 7550, 2535 7550, 2525 7550, 2515 7550, 2510 7555, 2505 7560, 2500 7565, 2495 7570))"
rim,32,P3_1_T,,13050.0,1,2509.5753512132824,7515.22669220945,"POLYGON ((2495 7570, 2490 7565, 2485 7560, 2475 7560, 2465 7560, 2460 7555, 2455 7550, 2445 7550, 2440 7545, 2435 7540, 2430 7535, 2425 7530, 2420 7525, 2420 7515, 2425 7510, 2430 7505, 2430 7495, 2435 7490, 2440 7485, 2445 7480, 2450 7475, 2455 7470, 2465 7470, 2470 7465, 2475 7460, 2485 7460, 2495 7460, 2500 7465, 2505 7470, 2510 7475, 2515 7480, 2525 7480, 2530 7485, 2535 7490, 2540 7485, 2545 7480, 2555 7480, 2565 7480, 2575 7480, 2580 7485, 2585 7490, 2590 7495, 2595 7500, 2600 7505, 2600 7515, 2600 7525, 2600 7535, 2595 7540, 2590 7545, 2585 7550, 2580 7555, 2575 7560, 2565 7560, 2560 7555, 2555 7550, 2545 7550, 2535 7550, 2525 7550, 2515 7550, 2510 7555, 2505 7560, 2500 7565, 2495 7570))"
lesion,33,P3_1_T,,6750.0,1,711.6604938271604,8062.783950617283,"POLYGON ((715 8130, 705 8130, 700 8125, 700 8115, 695 8110, 690 8105, 690 8095, 685 8090, 680 8085, 680 8075, 680 8065, 675 8060, 670 8055, 670 8045, 665 8040, 660 8035, 665 8030, 675 8030, 685 8030, 690 8025, 695 8020, 700 8015, 705 8010, 710 8005, 715 8000, 720 8005, 725 8010, 730 8015, 735 8020, 740 8025, 745 8030, 750 8035, 750 8045, 750 8055, 750 8065, 750 8075, 745 8080, 740 8085, 740 8095, 735 8100, 730 8105, 730 8115, 725 8120, 720 8125, 715 8130))"
rim,33,P3_1_T,,6750.0,1,711.6604938271604,8062.783950617283,"POLYGON ((715 8130, 705 8130, 700 8125, 700 8115, 695 8110, 690 8105, 690 8095, 685 8090, 680 8085, 680 8075, 680 8065, 675 8060, 670 8055, 670 8045, 665 8040, 660 8035, 665 8030, 675 8030, 685 8030, 690 8025, 695 8020, 700 8015, 705 8010, 710 8005, 715 8000, 720 8005, 725 8010, 730 8015, 735 8020, 740 8025, 745 8030, 750 8035, 750 8045, 750 8055, 750 8065, 750 8075, 745 8080, 740 8085, 740 8095, 735 8100, 730 8105, 730 8115, 725 8120, 720 8125, 715 8130))"
lesion,34,P3_1_T,,9550.0,1,839.7905759162304,8291.029668411868,"POLYGON ((885 8350, 880 8345, 875 8340, 865 8340, 860 8345, 855 8350, 845 8350, 840 8345, 835 8340, 830 8335, 825 8330, 820 8325, 815 8320, 810 8315, 805 8310, 800 8305, 795 8300, 790 8295, 790 8285, 785 8280, 780 8275, 775 8270, 770 8265, 770 8255, 775 8250, 780 8245, 785 8240, 790 8235, 795 8230, 805 8230, 810 8235, 815 8240, 825 8240, 835 8240, 840 8245, 845 8250, 855 8250, 860 8255, 865 8260, 870 8265, 875 8270, 880 8275, 885 8280, 890 8285, 890 8295, 895 8300, 900 8305, 905 8310, 910 8315, 910 8325, 905 8330, 900 8335, 895 8340, 890 8345, 885 8350))"
rim,34,P3_1_T,,9550.0,1,839.7905759162304,8291.029668411868,"POLYGON ((885 8350, 880 8345, 875 8340, 865 8340, 860 8345, 855 8350, 845 8350, 840 8345, 835 8340, 830 8335, 825 8330, 820 8325, 815 8320, 810 8315, 805 8310, 800 8305, 795 8300, 790 8295, 790 8285, 785 8280, 780 8275, 775 8270, 770 8265, 770 8255, 775 8250, 780 8245, 785 8240, 790 8235, 795 8230, 805 8230, 810 8235, 815 8240, 825 8240, 835 8240, 840 8245, 845 8250, 855 8250, 860 8255, 865 8260, 870 8265, 875 8270, 880 8275, 885 8280, 890 8285, 890 8295, 895 8300, 900 8305, 905 8310, 910 8315, 910 8325, 905 8330, 900 8335, 895 8340, 890 8345, 885 8350))"
peri,0,R1_2_T,1;6;7;19;21,791200.0,1,8562.502317155375,2138.848584428716,"POLYGON ((8125 3590, 8120 3585, 8120 3575, 8120 3565, 8120 3555, 8120 3545, 8120 3535, 8115 3530, 8110 3525, 8110 3515, 8105 3510, 8100 3505, 8100 3495, 8100 3485, 8100 3475, 8095 3470, 8090 3465, 8090 3455, 8090 3445, 8085 3440, 8080 3435, 8075 3430, 8070 3425, 8065 3420, 8055 3420, 8050 3415, 8050 3405, 8045 3400, 8040 3395, 8035 3390, 8030 3385, 8030 3375, 8030 3365, 8030 3355, 8030 3345, 8025 3340, 8020 3335, 8025 3330, 8030 3325, 8035 3320, 8040 3315, 8040 3305, 8040 3295, 8040 3285, 8040 3275, 8040 3265, 8045 3260, 8050 3265, 8050 3275, 8050 3285, 8055 3290, 8060 3295, 8060 3305, 8060 3315, 8060 3325, 8065 3330, 8070 3335, 8075 3340, 8080 3345, 8080 3355, 8075 3360, 8070 3365, 8065 3370, 8060 3375, 8060 3385, 8065 3390, 8070 3395, 8075 3400, 8080 3405, 8085 3410, 8090 3405, 8095 3400, 8100 3395, 8105 3390, 8110 3385, 8110 3375, 8110 3365, 8115 3360, 8120 3355, 8125 3350, 8130 3345, 8135 3340, 8140 3335, 8145 3330, 8150 3325, 8150 3315, 8145 3310, 8140 3305, 8135 3300, 8130 3295, 8125 3290, 8120 3285, 8120 3275, 8120 3265, 8120 3255, 8120 3245, 8120 3235, 8115 3230, 8110 3225, 8105 3220, 8100 3215, 8095 3210, 8090 3205, 8095 3200, 8100 3195, 8105 3190, 8110 3185, 8115 3180, 8125 3180, 8130 3175, 8135 3170, 8140 3165, 8145 3160, 8150 3155, 8150 3145, 8155 3140, 8160 3135, 8160 3125, 8160 3115, 8155 3110, 8150 3105, 8145 3100, 8140 3095, 8135 3090, 8130 3085, 8125 3080, 8120 3075, 8120 3065, 8120 3055, 8120 3045, 8120 3035, 8125 3030, 8130 3025, 8130 3015, 8130 3005, 8125 3000, 8120 2995, 8120 2985, 8120 2975, 8115 2970, 8110 2965, 8110 2955, 8110 2945, 8110 2935, 8110 2925, 8110 2915, 8110 2905, 8110 2895, 8110 2885, 8110 2875, 8110 2865, 8110 2855, 8115 2850, 8120 2845, 8120 2835, 8120 2825, 8120 2815, 8120 2805, 8125 2800, 8130 2795, 8130 2785, 8130 2775, 8135 2770, 8140 2775, 8145 2780, 8155 2780, 8160 2775, 8165 2770, 8170 2765, 8175 2760, 8185 2760, 8190 2765, 8195 2770, 8205 2770, 8215 2770, 8225 2770, 8230 2765, 8235 2760, 8240 2755, 8245 2750, 8255 2750, 8260 2745, 8265 2740, 8270 2735, 8275 2730, 8280 2725, 8285 2720, 8295 2720, 8300 2715, 8305 2710, 8315 2710, 8325 2710, 8330 2715, 8335 2720, 8340 2725, 8345 2730, 8350 2725, 8355 2720, 8360 2715, 8365 2710, 8370 2705, 8370 2695, 8365 2690, 8360 2685, 8355 2680, 8350 2675, 8350 2665, 8355 2660, 8360 2655, 8360 2645, 8365 2640, 8370 2635, 8375 2630, 8380 2625, 8380 2615, 8380 2605, 8380 2595, 8380 2585, 8380 2575, 8385 2570, 8390 2565, 8395 2560, 8400 2555, 8405 2550, 8410 2545, 8415 2540, 8420 2535, 8425 2530, 8430 2525, 8435 2520, 8440 2515, 8445 2510, 8455 2510, 8460 2515, 8465 2520, 8470 2525, 8475 2530, 8485 2530, 8495 2530, 8505 2530, 8515 2530, 8525 2530, 8535 2530, 8545 2530, 8555 2530, 8565 2530, 8575 2530, 8585 2530, 8595 2530, 8600 2535, 8605 2540, 8615 2540, 8625 2540, 8635 2540, 8645 2540, 8650 2535, 8655 2530, 8660 2525, 8665 2520, 8670 2515, 8675 2510, 8680 2505, 8675 2500, 8670 2495, 8665 2490, 8660 2485, 8660 2475, 8660 2465, 8665 2460, 8670 2455, 8670 2445, 8670 2435, 8670 2425, 8670 2415, 8670 2405, 8675 2400, 8680 2395, 8680 2385, 8675 2380, 8670 2375, 8675 2370, 8680 2365, 8685 2360, 8690 2355, 8695 2350, 8700 2345, 8705 2340, 8710 2335, 8710 2325, 8705 2320, 8700 2315, 8695 2310, 8690 2305, 8685 2300, 8675 2300, 8665 2300, 8655 2300, 8645 2300, 8635 2300, 8625 2300, 8615 2300, 8605 2300, 8595 2300, 8585 2300, 8580 2295, 8575 2290, 8570 2295, 8565 2300, 8555 2300, 8545 2300, 8535 2300, 8525 2300, 8515 2300, 8505 2300, 8495 2300, 8490 2295, 8485 2290, 8475 2290, 8465 2290, 8455 2290, 8445 2290, 8435 2290, 8430 2285, 8425 2280, 8415 2280, 8405 2280, 8400 2275, 8395 2270, 8385 2270, 8380 2265, 8375 2260, 8365 2260, 8360 2255, 8355 2250, 8350 2245, 8345 2240, 8335 2240, 8330 2235, 8325 2230, 8320 2225, 8315 2220, 8310 2215, 8305 2210, 8300 2205, 8295 2200, 8290 2195, 8285 2190, 8280 2185, 8285 2180, 8290 2175, 8290 2165, 8295 2160, 8300 2155, 8305 2150, 8310 2145, 8315 2140, 8320 2135, 8325 2130, 8330 2125, 8335 2120, 8345 2120, 8350 2115, 8355 2110, 8360 2105, 8365 2100, 8370 2095, 8375 2090, 8385 2090, 8395 2090, 8400 2085, 8405 2080, 8415 2080, 8425 2080, 8435 2080, 8440 2075, 8445 2070, 8450 2075, 8455 2080, 8460 2075, 8465 2070, 8470 2065, 8475 2060, 8485 2060, 8490 2055, 8495 2050, 8500 2045, 8505 2040, 8510 2035, 8515 2030, 8520 2025, 8525 2020, 8530 2015, 8525 2010, 8520 2005, 8525 2000, 8530 1995, 8530 1985, 8530 1975, 8530 1965, 8525 1960, 8520 1955, 8515 1950, 8510 1945, 8505 1940, 8500 1935, 8500 1925, 8495 1920, 8490 1915, 8485 1910, 8480 1905, 8475 1900, 8470 1905, 8465 1910, 8460 1905, 8455 1900, 8450 1895, 8445 1890, 8435 1890, 8430 1885, 8425 1880, 8420 1875, 8415 1870, 8405 1870, 8400 1865, 8395 1860, 8390 1855, 8385 1850, 8380 1845, 8375 1840, 8370 1835, 8365 1830, 8360 1835, 8355 1840, 8350 1845, 8345 1850, 8340 1855, 8335 1860, 8330 1865, 8325 1870, 8315 1870, 8305 1870, 8300 1875, 8295 1880, 8285 1880, 8275 1880, 8265 1880, 8255 1880, 8245 1880, 8235 1880, 8230 1875, 8235 1870, 8245 1870, 8255 1870, 8265 1870, 8275 1870, 8285 1870, 8290 1865, 8295 1860, 8305 1860, 8315 1860, 8320 1855, 8325 1850, 8330 1845, 8335 1840, 8340 1835, 8345 1830, 8350 1825, 8350 1815, 8355 1810, 8360 1815, 8365 1820, 8370 1815, 8375 1810, 8380 1805, 8385 1800, 8390 1795, 8395 1790, 8400 1785, 8400 1775, 8405 1770, 8410 1765, 8415 1760, 8420 1755, 8425 1750, 8430 1745, 8435 1740, 8440 1735, 8445 1730, 8455 1730, 8460 1725, 8465 1720, 8475 1720, 8485 1720, 8490 1715, 8495 1710, 8500 1705, 8505 1700, 8510 1705, 8515 1710, 8525 1710, 8535 1710, 8540 1705, 8545 1700, 8550 1695, 8555 1690, 8560 1685, 8565 1680, 8570 1675, 8570 1665, 8575 1660, 8580 1655, 8580 1645, 8585 1640, 8590 1635, 8590 1625, 8590 1615, 8590 1605, 8590 1595, 8585 1590, 8580 1585, 8575 1580, 8570 1575, 8565 1570, 8560 1565, 8555 1560, 8550 1555, 8555 1550, 8560 1545, 8555 1540, 8550 1535, 8555 1530, 8560 1525, 8565 1520, 8570 1515, 8570 1505, 8570 1495, 8575 1490, 8580 1485, 8580 1475, 8585 1470, 8590 1465, 8590 1455, 8595 1450, 8600 1445, 8595 1440, 8590 1435, 8585 1430, 8580 1425, 8580 1415, 8575 1410, 8570 1405, 8565 1400, 8560 1395, 8555 1390, 8550 1385, 8545 1380, 8535 1380, 8530 1375, 8525 1370, 8520 1375, 8515 1380, 8510 1375, 8505 1370, 8500 1375, 8495 1380, 8485 1380, 8480 1375, 8475 1370, 8470 1375, 8465 1380, 8460 1385, 8455 1390, 8450 1395, 8445 1400, 8440 1405, 8445 1410, 8450 1415, 8450 1425, 8445 1430, 8440 1435, 8435 1440, 8430 1445, 8425 1450, 8420 1455, 8415 1460, 8405 1460, 8400 1465, 8395 1470, 8385 1470, 8380 1475, 8375 1480, 8370 1485, 8365 1490, 8360 1495, 8355 1500, 8350 1505, 8345 1510, 8335 1510, 8330 1515, 8325 1520, 8320 1515, 8315 1510, 8310 1505, 8310 1495, 8310 1485, 8305 1480, 8300 1475, 8295 1470, 8290 1465, 8290 1455, 8285 1450, 8280 1445, 8280 1435, 8280 1425, 8280 1415, 8280 1405, 8285 1400, 8290 1395, 8290 1385, 8290 1375, 8295 1370, 8300 1365, 8300 1355, 8300 1345, 8300 1335, 8300 1325, 8305 1320, 8310 1315, 8315 1310, 8320 1305, 8325 1300, 8330 1295, 8335 1290, 8340 1285, 8345 1280, 8350 1275, 8355 1270, 8365 1270, 8370 1265, 8375 1260, 8385 1260, 8395 1260, 8405 1260, 8415 1260, 8420 1255, 8425 1250, 8430 1255, 8435 1260, 8445 1260, 8450 1265, 8455 1270, 8465 1270, 8475 1270, 8485 1270, 8490 1265, 8495 1260, 8505 1260, 8515 1260, 8520 1255, 8525 1250, 8530 1255, 8535 1260, 8545 1260, 8555 1260, 8565 1260, 8575 1260, 8585 1260, 8595 1260, 8600 1255, 8605 1250, 8610 1245, 8615 1240, 8625 1240, 8630 1235, 8635 1230, 8640 1225, 8640 1215, 8645 1210, 8650 1205, 8655 1200, 8660 1195, 8655 1190, 8650 1195, 8645 1200, 8640 1205, 8635 1210, 8625 1210, 8620 1215, 8615 1220, 8605 1220, 8600 1225, 8595 1230, 8585 1230, 8580 1235, 8575 1240, 8565 1240, 8555 1240, 8550 1235, 8545 1230, 8540 1225, 8535 1220, 8525 1220, 8515 1220, 8510 1225, 8505 1230, 8500 1235, 8495 1240, 8485 1240, 8475 1240, 8465 1240, 8460 1235, 8465 1230, 8470 1225, 8475 1220, 8485 1220, 8495 1220, 8500 1215, 8505 1210, 8510 1205, 8515 1200, 8525 1200, 8535 1200, 8540 1205, 8545 1210, 8550 1215, 8555 1220, 8565 1220, 8570 1215, 8570 1205, 8570 1195, 8565 1190, 8560 1185, 8565 1180, 8570 1175, 8570 1165, 8570 1155, 8575 1150, 8585 1150, 8590 1145, 8595 1140, 8600 1135, 8605 1130, 8610 1125, 8615 1120, 8625 1120, 8630 1115, 8635 1110, 8640 1105, 8645 1100, 8655 1100, 8660 1095, 8665 1090, 8670 1085, 8675 1080, 8685 1080, 8690 1075, 8695 1070, 8705 1070, 8715 1070, 8720 1065, 8725 1060, 8735 1060, 8745 1060, 8755 1060, 8760 1055, 8765 1050, 8775 1050, 8785 1050, 8795 1050, 8800 1045, 8805 1040, 8815 1040, 8825 1040, 8835 1040, 8845 1040, 8855 1040, 8865 1040, 8875 1040, 8885 1040, 8895 1040, 8905 1040, 8915 1040, 8925 1040, 8935 1040, 8945 1040, 8955 1040, 8965 1040, 8970 1045, 8975 1050, 8985 1050, 8995 1050, 9005 1050, 9015 1050, 9025 1050, 9035 1050, 9045 1050, 9050 1055, 9055 1060, 9065 1060, 9075 1060, 9080 1065, 9080 1075, 9085 1080, 9090 1085, 9090 1095, 9095 1100, 9100 1105, 9100 1115, 9100 1125, 9100 1135, 9100 1145, 9100 1155, 9095 1160, 9090 1155, 9085 1150, 9080 1155, 9080 1165, 9085 1170, 9095 1170, 9105 1170, 9110 1175, 9115 1180, 9120 1185, 9125 1190, 9135 1190, 9140 1195, 9140 1205, 9140 1215, 9135 1220, 9130 1225, 9130 1235, 9130 1245, 9125 1250, 9120 1255, 9120 1265, 9115 1270, 9110 1275, 9105 1280, 9100 1285, 9100 1295, 9095 1300, 9090 1305, 9085 1310, 9080 1315, 9075 1320, 9070 1325, 9065 1330, 9060 1335, 9055 1340, 9045 1340, 9040 1345, 9035 1350, 9030 1355, 9025 1360, 9020 1365, 9020 1375, 9020 1385, 9015 1390, 9010 1395, 9010 1405, 9005 1410, 9000 1415, 8995 1420, 8990 1425, 8990 1435, 8985 1440, 8980 1445, 8975 1450, 8970 1455, 8965 1460, 8960 1465, 8955 1470, 8950 1475, 8945 1480, 8935 1480, 8930 1485, 8925 1490, 8920 1495, 8915 1500, 8905 1500, 8900 1505, 8895 1510, 8885 1510, 8875 1510, 8870 1515, 8865 1520, 8855 1520, 8845 1520, 8835 1520, 8825 1520, 8815 1520, 8805 1520, 8795 1520, 8785 1520, 8780 1515, 8775 1510, 8770 1515, 8765 1520, 8760 1525, 8760 1535, 8760 1545, 8765 1550, 8770 1555, 8770 1565, 8770 1575, 8770 1585, 8770 1595, 8770 1605, 8770 1615, 8770 1625, 8770 1635, 8770 1645, 8770 1655, 8770 1665, 8770 1675, 8765 1680, 8760 1685, 8760 1695, 8760 1705, 8755 1710, 8750 1715, 8750 1725, 8745 1730, 8740 1735, 8740 1745, 8735 1750, 8730 1755, 8730 1765, 8725 1770, 8720 1775, 8715 1780, 8710 1785, 8710 1795, 8705 1800, 8700 1805, 8695 1810, 8690 1815, 8685 1820, 8680 1825, 8675 1830, 8670 1835, 8670 1845, 8670 1855, 8675 1860, 8680 1865, 8685 1870, 8690 1875, 8690 1885, 8695 1890, 8700 1895, 8700 1905, 8700 1915, 8705 1920, 8710 1925, 8710 1935, 8710 1945, 8710 1955, 8710 1965, 8710 1975, 8710 1985, 8710 1995, 8710 2005, 8710 2015, 8710 2025, 8710 2035, 8710 2045, 8710 2055, 8705 2060, 8700 2065, 8700 2075, 8700 2085, 8695 2090, 8690 2095, 8690 2105, 8685 2110, 8680 2115, 8685 2120, 8695 2120, 8705 2120, 8715 2120, 8725 2120, 8730 2125, 8735 2130, 8745 2130, 8755 2130, 8760 2135, 8765 2140, 8775 2140, 8780 2145, 8785 2150, 8790 2155, 8795 2160, 8805 2160, 8810 2165, 8815 2170, 8820 2175, 8825 2180, 8830 2185, 8835 2190, 8840 2195, 8845 2200, 8850 2205, 8850 2215, 8855 2220, 8860 2225, 8865 2230, 8870 2235, 8870 2245, 8875 2250, 8880 2255, 8880 2265, 8880 2275, 8885 2280, 8890 2285, 8890 2295, 8890 2305, 8890 2315, 8890 2325, 8890 2335, 8890 2345, 8890 2355, 8890 2365, 8890 2375, 8885 2380, 8880 2385, 8880 2395, 8880 2405, 8875 2410, 8870 2415, 8870 2425, 8865 2430, 8860 2435, 8855 2440, 8850 2445, 8850 2455, 8855 2460, 8860 2465, 8860 2475, 8860 2485, 8860 2495, 8860 2505, 8860 2515, 8860 2525, 8860 2535, 8860 2545, 8855 2550, 8850 2555, 8850 2565, 8850 2575, 8845 2580, 8840 2585, 8840 2595, 8835 2600, 8830 2605, 8825 2610, 8820 2615, 8820 2625, 8815 2630, 8810 2635, 8805 2640, 8800 2645, 8795 2650, 8790 2655, 8785 2660, 8780 2665, 8775 2670, 8770 2675, 8765 2680, 8755 2680, 8750 2685, 8745 2690, 8740 2695, 8735 2700, 8725 2700, 8720 2705, 8715 2710, 8705 2710, 8695 2710, 8690 2715, 8685 2720, 8675 2720, 8665 2720, 8655 2720, 8645 2720, 8635 2720, 8625 2720, 8615 2720, 8605 2720, 8595 2720, 8585 2720, 8575 2720, 8565 2720, 8560 2715, 8555 2710, 8550 2715, 8550 2725, 8550 2735, 8550 2745, 8545 2750, 8540 2755, 8540 2765, 8540 2775, 8535 2780, 8530 2785, 8530 2795, 8525 2800, 8520 2805, 8515 2810, 8510 2815, 8510 2825, 8505 2830, 8500 2835, 8495 2840, 8490 2845, 8485 2850, 8480 2855, 8475 2860, 8470 2865, 8465 2870, 8455 2870, 8450 2875, 8445 2880, 8440 2885, 8435 2890, 8425 2890, 8420 2895, 8415 2900, 8405 2900, 8395 2900, 8390 2905, 8385 2910, 8375 2910, 8365 2910, 8355 2910, 8345 2910, 8335 2910, 8330 2915, 8325 2920, 8320 2925, 8315 2930, 8305 2930, 8300 2935, 8295 2940, 8285 2940, 8275 2940, 8270 2945, 8265 2950, 8260 2955, 8265 2960, 8270 2965, 8275 2970, 8280 2975, 8285 2980, 8290 2985, 8295 2990, 8300 2995, 8300 3005, 8305 3010, 8310 3015, 8315 3020, 8320 3025, 8320 3035, 8325 3040, 8330 3045, 8330 3055, 8330 3065, 8335 3070, 8340 3075, 8340 3085, 8340 3095, 8340 3105, 8340 3115, 8340 3125, 8340 3135, 8340 3145, 8340 3155, 8340 3165, 8340 3175, 8335 3180, 8330 3185, 8330 3195, 8330 3205, 8325 3210, 8320 3215, 8320 3225, 8315 3230, 8310 3235, 8315 3240, 8320 3245, 8320 3255, 8320 3265, 8325 3270, 8330 3275, 8330 3285, 8330 3295, 8330 3305, 8330 3315, 8330 3325, 8330 3335, 8330 3345, 8330 3355, 8330 3365, 8325 3370, 8320 3375, 8320 3385, 8320 3395, 8315 3400, 8310 3405, 8310 3415, 8305 3420, 8300 3425, 8295 3430, 8290 3435, 8290 3445, 8285 3450, 8280 3455, 8275 3460, 8270 3465, 8270 3475, 8265 3480, 8260 3485, 8255 3490, 8250 3495, 8250 3505, 8245 3510, 8240 3515, 8235 3520, 8230 3525, 8225 3530, 8220 3535, 8215 3540, 8210 3545, 8205 3550, 8195 3550, 8190 3555, 8185 3560, 8180 3565, 8175 3570, 8165 3570, 8160 3575, 8155 3580, 8145 3580, 8135 3580, 8130 3585, 8125 3590), (8830 1335, 8835 1330, 8840 1325, 8845 1320, 8850 1315, 8845 1310, 8840 1305, 8835 1300, 8830 1295, 8835 1290, 8840 1285, 8845 1280, 8850 1275, 8855 1270, 8860 1265, 8865 1260, 8870 1255, 8875 1250, 8880 1245, 8885 1240, 8890 1235, 8890 1225, 8895 1220, 8900 1215, 8905 1210, 8910 1205, 8915 1200, 8925 1200, 8935 1200, 8940 1195, 8945 1190, 8950 1185, 8955 1180, 8960 1175, 8960 1165, 8960 1155, 8965 1150, 8975 1150, 8985 1150, 8995 1150, 9005 1150, 9015 1150, 9020 1155, 9025 1160, 9035 1160, 9045 1160, 9055 1160, 9065 1160, 9070 1155, 9065 1150, 9055 1150, 9045 1150, 9035 1150, 9025 1150, 9020 1145, 9015 1140, 9005 1140, 8995 1140, 8985 1140, 8975 1140, 8965 1140, 8960 1135, 8955 1130, 8950 1135, 8945 1140, 8940 1135, 8935 1130, 8925 1130, 8915 1130, 8910 1135, 8905 1140, 8900 1135, 8895 1130, 8885 1130, 8875 1130, 8865 1130, 8855 1130, 8845 1130, 8835 1130, 8825 1130, 8815 1130, 8810 1135, 8805 1140, 8795 1140, 8785 1140, 8780 1145, 8775 1150, 8765 1150, 8755 1150, 8745 1150, 8735 1150, 8730 1155, 8725 1160, 8720 1155, 8715 1150, 8710 1155, 8705 1160, 8700 1165, 8695 1170, 8690 1175, 8685 1180, 8680 1185, 8685 1190, 8690 1185, 8695 1180, 8705 1180, 8710 1185, 8715 1190, 8720 1195, 8725 1200, 8730 1205, 8735 1210, 8740 1215, 8745 1220, 8750 1225, 8750 1235, 8750 1245, 8750 1255, 8755 1260, 8760 1265, 8760 1275, 8765 1280, 8770 1285, 8775 1290, 8780 1295, 8785 1300, 8790 1305, 8795 1310, 8800 1315, 8805 1320, 8810 1325, 8815 1330, 8820 1335, 8825 1340, 8830 1335))"
peri,0,P3_1_C,2;3;5,192750.0,1,7203.861219195849,1484.8145265888456,"POLYGON ((7665 2340, 7655 2340, 7650 2335, 7650 2325, 7650 2315, 7655 2310, 7660 2305, 7665 2300, 7670 2295, 7670 2285, 7670 2275, 7675 2270, 7680 2265, 7685 2260, 7690 2255, 7695 2250, 7700 2245, 7700 2235, 7705 2230, 7710 2225, 7710 2215, 7705 2210, 7700 2205, 7700 2195, 7705 2190, 7710 2185, 7710 2175, 7710 2165, 7705 2160, 7700 2155, 7700 2145, 7700 2135, 7700 2125, 7700 2115, 7705 2110, 7710 2105, 7705 2100, 7700 2095, 7700 2085, 7695 2080, 7690 2075, 7690 2065, 7690 2055, 7685 2050, 7680 2045, 7680 2035, 7680 2025, 7680 2015, 7675 2010, 7665 2010, 7655 2010, 7650 2005, 7645 2000, 7640 1995, 7635 1990, 7625 1990, 7620 1985, 7615 1980, 7610 1975, 7605 1970, 7600 1965, 7595 1960, 7590 1955, 7585 1950, 7580 1945, 7585 1940, 7590 1935, 7590 1925, 7585 1920, 7580 1915, 7585 1910, 7590 1905, 7585 1900, 7580 1895, 7585 1890, 7590 1885, 7585 1880, 7580 1875, 7575 1870, 7565 1870, 7560 1865, 7555 1860, 7550 1855, 7545 1850, 7540 1845, 7540 1835, 7540 1825, 7535 1820, 7530 1815, 7530 1805, 7530 1795, 7525 1790, 7520 1785, 7515 1780, 7510 1775, 7510 1765, 7510 1755, 7505 1750, 7500 1745, 7500 1735, 7500 1725, 7500 1715, 7495 1710, 7490 1705, 7490 1695, 7490 1685, 7485 1680, 7480 1675, 7480 1665, 7480 1655, 7480 1645, 7475 1640, 7470 1635, 7465 1630, 7460 1625, 7460 1615, 7455 1610, 7450 1605, 7445 1600, 7440 1595, 7440 1585, 7435 1580, 7430 1575, 7425 1570, 7420 1565, 7415 1560, 7410 1555, 7410 1545, 7405 1540, 7395 1540, 7390 1535, 7385 1530, 7380 1525, 7375 1520, 7370 1515, 7365 1510, 7360 1505, 7360 1495, 7360 1485, 7355 1480, 7350 1475, 7345 1470, 7340 1465, 7335 1460, 7330 1455, 7325 1450, 7320 1445, 7315 1440, 7310 1435, 7305 1430, 7300 1425, 7295 1420, 7290 1415, 7290 1405, 7290 1395, 7285 1390, 7280 1385, 7275 1380, 7270 1375, 7265 1370, 7260 1365, 7255 1360, 7250 1355, 7245 1350, 7235 1350, 7230 1345, 7225 1340, 7220 1335, 7215 1330, 7210 1325, 7205 1320, 7200 1315, 7195 1310, 7190 1305, 7185 1300, 7180 1295, 7175 1290, 7170 1285, 7165 1280, 7160 1275, 7155 1270, 7150 1265, 7145 1260, 7140 1255, 7135 1250, 7125 1250, 7120 1245, 7115 1240, 7110 1235, 7105 1230, 7095 1230, 7090 1225, 7085 1220, 7075 1220, 7065 1220, 7060 1215, 7055 1210, 7045 1210, 7040 1205, 7035 1200, 7025 1200, 7015 1200, 7005 1200, 7000 1195, 6995 1190, 6985 1190, 6975 1190, 6970 1185, 6965 1180, 6955 1180, 6945 1180, 6935 1180, 6925 1180, 6915 1180, 6905 1180, 6895 1180, 6885 1180, 6880 1175, 6875 1170, 6865 1170, 6855 1170, 6850 1175, 6845 1180, 6840 1175, 6835 1170, 6825 1170, 6820 1175, 6815 1180, 6810 1175, 6805 1170, 6800 1175, 6795 1180, 6785 1180, 6780 1175, 6775 1170, 6765 1170, 6760 1175, 6755 1180, 6750 1175, 6745 1170, 6735 1170, 6725 1170, 6715 1170, 6710 1165, 6705 1160, 6695 1160, 6685 1160, 6675 1160, 6665 1160, 6655 1160, 6645 1160, 6640 1165, 6635 1170, 6625 1170, 6620 1165, 6615 1160, 6610 1165, 6605 1170, 6595 1170, 6585 1170, 6580 1175, 6575 1180, 6570 1175, 6565 1170, 6560 1175, 6555 1180, 6545 1180, 6535 1180, 6525 1180, 6520 1185, 6515 1190, 6510 1185, 6505 1180, 6500 1185, 6495 1190, 6485 1190, 6475 1190, 6465 1190, 6460 1195, 6455 1200, 6450 1205, 6445 1210, 6435 1210, 6425 1210, 6420 1215, 6415 1220, 6410 1215, 6405 1210, 6395 1210, 6385 1210, 6380 1205, 6375 1200, 6370 1205, 6365 1210, 6360 1205, 6355 1200, 6345 1200, 6335 1200, 6330 1195, 6325 1190, 6315 1190, 6310 1185, 6305 1180, 6300 1175, 6305 1170, 6310 1165, 6315 1160, 6320 1155, 6320 1145, 6325 1140, 6330 1135, 6335 1130, 6340 1125, 6345 1120, 6355 1120, 6365 1120, 6375 1120, 6385 1120, 6390 1125, 6395 1130, 6400 1125, 6405 1120, 6415 1120, 6425 1120, 6435 1120, 6440 1115, 6445 1110, 6455 1110, 6460 1105, 6465 1100, 6475 1100, 6485 1100, 6490 1095, 6495 1090, 6505 1090, 6515 1090, 6525 1090, 6535 1090, 6540 1085, 6545 1080, 6555 1080, 6565 1080, 6575 1080, 6585 1080, 6590 1075, 6595 1070, 6605 1070, 6615 1070, 6625 1070, 6635 1070, 6645 1070, 6655 1070, 6665 1070, 6675 1070, 6685 1070, 6695 1070, 6705 1070, 6715 1070, 6725 1070, 6730 1075, 6735 1080, 6745 1080, 6755 1080, 6765 1080, 6775 1080, 6785 1080, 6795 1080, 6805 1080, 6815 1080, 6825 1080, 6835 1080, 6845 1080, 6855 1080, 6865 1080, 6875 1080, 6885 1080, 6895 1080, 6905 1080, 6915 1080, 6925 1080, 6935 1080, 6945 1080, 6955 1080, 6960 1085, 6965 1090, 6975 1090, 6985 1090, 6995 1090, 7000 1095, 7005 1100, 7015 1100, 7025 1100, 7030 1105, 7035 1110, 7045 1110, 7055 1110, 7065 1110, 7070 1115, 7075 1120, 7085 1120, 7090 1125, 7095 1130, 7105 1130, 7110 1135, 7115 1140, 7120 1145, 7125 1150, 7135 1150, 7140 1155, 7145 1160, 7150 1165, 7155 1170, 7165 1170, 7170 1175, 7175 1180, 7180 1185, 7185 1190, 7195 1190, 7200 1195, 7205 1200, 7210 1205, 7215 1210, 7220 1215, 7225 1220, 7230 1225, 7235 1230, 7240 1235, 7245 1240, 7250 1245, 7255 1250, 7265 1250, 7270 1255, 7275 1260, 7280 1265, 7285 1270, 7290 1275, 7295 1280, 7300 1285, 7305 1290, 7310 1295, 7315 1300, 7320 1305, 7325 1310, 7330 1315, 7335 1320, 7340 1325, 7345 1330, 7350 1335, 7355 1340, 7360 1345, 7360 1355, 7365 1360, 7370 1365, 7375 1370, 7380 1375, 7385 1380, 7390 1385, 7390 1395, 7395 1400, 7400 1405, 7405 1410, 7410 1415, 7415 1420, 7420 1425, 7425 1430, 7430 1435, 7435 1440, 7440 1445, 7445 1450, 7450 1455, 7450 1465, 7455 1470, 7460 1475, 7465 1480, 7470 1485, 7475 1490, 7480 1495, 7485 1500, 7490 1505, 7495 1510, 7500 1515, 7505 1520, 7510 1525, 7510 1535, 7515 1540, 7520 1545, 7525 1550, 7530 1555, 7535 1560, 7540 1565, 7540 1575, 7545 1580, 7550 1585, 7550 1595, 7555 1600, 7560 1605, 7560 1615, 7565 1620, 7570 1625, 7570 1635, 7570 1645, 7575 1650, 7580 1655, 7580 1665, 7580 1675, 7580 1685, 7585 1690, 7590 1695, 7590 1705, 7590 1715, 7595 1720, 7600 1725, 7600 1735, 7600 1745, 7605 1750, 7610 1755, 7610 1765, 7610 1775, 7615 1780, 7620 1785, 7620 1795, 7620 1805, 7625 1810, 7630 1815, 7635 1820, 7640 1825, 7640 1835, 7645 1840, 7650 1845, 7655 1850, 7660 1855, 7660 1865, 7660 1875, 7665 1880, 7670 1885, 7670 1895, 7670 1905, 7670 1915, 7675 1920, 7680 1925, 7685 1930, 7695 1930, 7700 1935, 7705 1940, 7715 1940, 7720 1945, 7725 1950, 7730 1955, 7735 1960, 7740 1965, 7745 1970, 7750 1975, 7750 1985, 7755 1990, 7760 1995, 7760 2005, 7765 2010, 7770 2015, 7770 2025, 7770 2035, 7770 2045, 7770 2055, 7775 2060, 7780 2065, 7780 2075, 7780 2085, 7780 2095, 7780 2105, 7780 2115, 7785 2120, 7790 2125, 7790 2135, 7790 2145, 7790 2155, 7790 2165, 7790 2175, 7790 2185, 7790 2195, 7785 2200, 7780 2205, 7780 2215, 7780 2225, 7775 2230, 7770 2235, 7770 2245, 7765 2250, 7760 2255, 7760 2265, 7755 2270, 7750 2275, 7745 2280, 7740 2285, 7735 2290, 7730 2295, 7725 2300, 7720 2305, 7715 2310, 7710 2315, 7705 2320, 7695 2320, 7690 2325, 7685 2330, 7675 2330, 7670 2335, 7665 2340))"
peri,4,,4,57250.0,1,9607.572780203784,1323.3296943231442,"POLYGON ((9885 1560, 9875 1560, 9870 1555, 9865 1550, 9860 1545, 9855 1540, 9850 1535, 9845 1530, 9840 1525, 9835 1520, 9830 1515, 9825 1510, 9815 1510, 9810 1505, 9805 1500, 9795 1500, 9790 1495, 9785 1490, 9780 1485, 9775 1480, 9770 1475, 9765 1470, 9760 1465, 9755 1460, 9750 1455, 9745 1450, 9735 1450, 9730 1445, 9725 1440, 9720 1435, 9715 1430, 9705 1430, 9700 1425, 9695 1420, 9690 1415, 9685 1410, 9680 1405, 9680 1395, 9675 1390, 9665 1390, 9655 1390, 9650 1385, 9645 1380, 9635 1380, 9625 1380, 9620 1375, 9615 1370, 9610 1365, 9605 1360, 9595 1360, 9590 1355, 9585 1350, 9580 1345, 9575 1340, 9565 1340, 9560 1335, 9555 1330, 9545 1330, 9540 1325, 9535 1320, 9530 1315, 9525 1310, 9515 1310, 9505 1310, 9500 1305, 9495 1300, 9490 1295, 9485 1290, 9475 1290, 9470 1285, 9465 1280, 9455 1280, 9450 1275, 9445 1270, 9440 1265, 9435 1260, 9425 1260, 9420 1255, 9415 1250, 9405 1250, 9395 1250, 9390 1245, 9385 1240, 9375 1240, 9365 1240, 9360 1235, 9355 1230, 9345 1230, 9335 1230, 9330 1225, 9325 1220, 9315 1220, 9305 1220, 9295 1220, 9290 1215, 9290 1205, 9295 1200, 9300 1195, 9305 1190, 9310 1185, 9315 1180, 9320 1175, 9325 1170, 9330 1165, 9335 1160, 9345 1160, 9350 1155, 9355 1150, 9365 1150, 9375 1150, 9385 1150, 9395 1150, 9400 1155, 9405 1160, 9415 1160, 9425 1160, 9435 1160, 9440 1165, 9445 1170, 9455 1170, 9460 1175, 9465 1180, 9475 1180, 9480 1185, 9485 1190, 9495 1190, 9500 1195, 9505 1200, 9515 1200, 9520 1205, 9525 1210, 9530 1215, 9535 1220, 9545 1220, 9555 1220, 9560 1225, 9565 1230, 9570 1235, 9575 1240, 9585 1240, 9590 1245, 9595 1250, 9605 1250, 9610 1255, 9615 1260, 9620 1265, 9625 1270, 9630 1275, 9635 1280, 9645 1280, 9650 1285, 9655 1290, 9660 1295, 9665 1300, 9670 1305, 9675 1310, 9685 1310, 9690 1315, 9695 1320, 9700 1325, 9705 1330, 9715 1330, 9720 1335, 9725 1340, 9730 1345, 9735 1350, 9740 1355, 9745 1360, 9755 1360, 9760 1365, 9765 1370, 9775 1370, 9780 1375, 9785 1380, 9790 1385, 9795 1390, 9800 1395, 9805 1400, 9810 1405, 9815 1410, 9820 1415, 9825 1420, 9830 1425, 9835 1430, 9845 1430, 9850 1435, 9855 1440, 9860 1445, 9865 1450, 9875 1450, 9880 1455, 9885 1460, 9890 1465, 9890 1475, 9890 1485, 9890 1495, 9895 1500, 9900 1505, 9895 1510, 9890 1515, 9890 1525, 9890 1535, 9890 1545, 9890 1555, 9885 1560))"
peri,0,P3_1_C,2;3;5;8;11,756550.0,1,6382.6216046527,1903.7848897407089,"POLYGON ((5345 2750, 5335 2750, 5325 2750, 5315 2750, 5305 2750, 5295 2750, 5285 2750, 5275 2750, 5265 2750, 5255 2750, 5245 2750, 5235 2750, 5230 2745, 5225 2740, 5215 2740, 5210 2735, 5210 2725, 5210 2715, 5205 2710, 5195 2710, 5190 2705, 5185 2700, 5180 2695, 5175 2690, 5170 2685, 5165 2680, 5160 2675, 5155 2670, 5150 2665, 5145 2660, 5140 2655, 5140 2645, 5135 2640, 5130 2635, 5130 2625, 5130 2615, 5130 2605, 5130 2595, 5130 2585, 5130 2575, 5135 2570, 5140 2565, 5140 2555, 5140 2545, 5135 2540, 5130 2535, 5130 2525, 5125 2520, 5120 2515, 5115 2510, 5110 2505, 5105 2500, 5100 2495, 5100 2485, 5095 2480, 5090 2475, 5095 2470, 5100 2465, 5100 2455, 5100 2445, 5100 2435, 5100 2425, 5105 2420, 5110 2415, 5110 2405, 5110 2395, 5115 2390, 5120 2385, 5120 2375, 5125 2370, 5130 2365, 5130 2355, 5135 2350, 5140 2345, 5145 2340, 5150 2335, 5155 2330, 5160 2325, 5165 2320, 5170 2315, 5175 2310, 5180 2305, 5185 2300, 5195 2300, 5200 2295, 5205 2290, 5210 2285, 5215 2280, 5220 2285, 5220 2295, 5215 2300, 5210 2305, 5205 2310, 5200 2315, 5200 2325, 5200 2335, 5195 2340, 5190 2345, 5185 2350, 5180 2355, 5175 2360, 5170 2365, 5175 2370, 5180 2375, 5180 2385, 5180 2395, 5185 2400, 5190 2405, 5185 2410, 5180 2415, 5185 2420, 5190 2425, 5185 2430, 5180 2435, 5185 2440, 5190 2445, 5190 2455, 5185 2460, 5180 2465, 5180 2475, 5185 2480, 5195 2480, 5200 2485, 5205 2490, 5215 2490, 5220 2495, 5225 2500, 5230 2505, 5230 2515, 5230 2525, 5230 2535, 5230 2545, 5225 2550, 5220 2555, 5225 2560, 5230 2565, 5225 2570, 5220 2575, 5220 2585, 5220 2595, 5220 2605, 5215 2610, 5210 2615, 5210 2625, 5215 2630, 5220 2635, 5225 2640, 5230 2635, 5235 2630, 5240 2625, 5240 2615, 5240 2605, 5240 2595, 5240 2585, 5240 2575, 5240 2565, 5240 2555, 5240 2545, 5245 2540, 5250 2535, 5250 2525, 5255 2520, 5260 2525, 5260 2535, 5260 2545, 5260 2555, 5260 2565, 5265 2570, 5270 2575, 5275 2580, 5280 2585, 5285 2590, 5295 2590, 5300 2585, 5305 2580, 5310 2575, 5315 2570, 5320 2565, 5320 2555, 5325 2550, 5330 2545, 5335 2540, 5340 2535, 5345 2530, 5350 2525, 5355 2520, 5360 2515, 5360 2505, 5365 2500, 5370 2495, 5375 2490, 5380 2485, 5385 2480, 5390 2475, 5395 2470, 5400 2465, 5400 2455, 5405 2450, 5410 2445, 5415 2440, 5420 2435, 5425 2430, 5430 2425, 5435 2420, 5440 2415, 5435 2410, 5430 2405, 5425 2400, 5420 2395, 5415 2390, 5410 2385, 5415 2380, 5420 2375, 5425 2370, 5430 2365, 5435 2360, 5445 2360, 5450 2355, 5455 2350, 5465 2350, 5470 2345, 5475 2340, 5480 2335, 5485 2330, 5495 2330, 5505 2330, 5515 2330, 5520 2335, 5525 2340, 5535 2340, 5545 2340, 5550 2335, 5555 2330, 5565 2330, 5570 2325, 5575 2320, 5580 2315, 5585 2310, 5590 2305, 5585 2300, 5580 2295, 5585 2290, 5590 2285, 5590 2275, 5595 2270, 5600 2265, 5600 2255, 5600 2245, 5605 2240, 5610 2235, 5615 2230, 5620 2225, 5625 2220, 5635 2220, 5645 2220, 5650 2215, 5655 2210, 5660 2205, 5665 2200, 5670 2195, 5665 2190, 5660 2185, 5665 2180, 5670 2175, 5670 2165, 5675 2160, 5680 2155, 5680 2145, 5675 2140, 5670 2135, 5665 2130, 5660 2125, 5655 2120, 5650 2115, 5645 2110, 5640 2105, 5635 2100, 5630 2095, 5625 2090, 5620 2085, 5615 2080, 5610 2075, 5605 2070, 5595 2070, 5585 2070, 5580 2065, 5585 2060, 5595 2060, 5600 2055, 5605 2050, 5610 2045, 5615 2040, 5625 2040, 5630 2035, 5635 2030, 5640 2025, 5645 2020, 5650 2015, 5655 2010, 5660 2005, 5665 2000, 5670 1995, 5675 1990, 5685 1990, 5690 1985, 5695 1980, 5700 1975, 5705 1970, 5715 1970, 5720 1965, 5725 1960, 5735 1960, 5740 1965, 5745 1970, 5750 1975, 5755 1980, 5760 1985, 5765 1990, 5770 1995, 5775 2000, 5785 2000, 5790 1995, 5795 1990, 5800 1985, 5805 1980, 5810 1975, 5810 1965, 5815 1960, 5820 1955, 5825 1950, 5830 1945, 5835 1940, 5840 1945, 5845 1950, 5855 1950, 5865 1950, 5870 1955, 5875 1960, 5885 1960, 5890 1955, 5895 1950, 5900 1945, 5905 1940, 5910 1935, 5905 1930, 5900 1925, 5895 1920, 5890 1915, 5885 1910, 5880 1905, 5875 1900, 5865 1900, 5860 1895, 5855 1890, 5845 1890, 5840 1885, 5840 1875, 5840 1865, 5840 1855, 5840 1845, 5840 1835, 5835 1830, 5830 1825, 5830 1815, 5830 1805, 5825 1800, 5820 1795, 5815 1790, 5810 1785, 5810 1775, 5810 1765, 5810 1755, 5810 1745, 5810 1735, 5810 1725, 5810 1715, 5815 1710, 5820 1705, 5825 1700, 5830 1695, 5830 1685, 5835 1680, 5840 1675, 5840 1665, 5840 1655, 5845 1650, 5850 1645, 5855 1640, 5865 1640, 5870 1635, 5875 1630, 5885 1630, 5895 1630, 5900 1625, 5905 1620, 5910 1615, 5915 1610, 5920 1605, 5920 1595, 5925 1590, 5935 1590, 5945 1590, 5955 1590, 5960 1595, 5960 1605, 5960 1615, 5955 1620, 5950 1625, 5950 1635, 5950 1645, 5950 1655, 5950 1665, 5950 1675, 5945 1680, 5940 1685, 5945 1690, 5950 1695, 5950 1705, 5950 1715, 5950 1725, 5950 1735, 5950 1745, 5945 1750, 5940 1755, 5940 1765, 5940 1775, 5940 1785, 5940 1795, 5940 1805, 5940 1815, 5945 1820, 5950 1825, 5955 1830, 5960 1835, 5965 1840, 5970 1845, 5975 1850, 5985 1850, 5990 1855, 5995 1860, 6005 1860, 6010 1865, 6015 1870, 6020 1865, 6025 1860, 6030 1855, 6035 1850, 6040 1845, 6045 1840, 6050 1835, 6050 1825, 6050 1815, 6050 1805, 6055 1800, 6060 1795, 6060 1785, 6060 1775, 6060 1765, 6065 1760, 6070 1755, 6075 1750, 6080 1745, 6085 1740, 6090 1735, 6095 1730, 6100 1725, 6105 1720, 6110 1715, 6115 1710, 6120 1705, 6125 1700, 6135 1700, 6140 1695, 6145 1690, 6150 1685, 6155 1680, 6160 1675, 6165 1670, 6175 1670, 6180 1665, 6185 1660, 6195 1660, 6200 1655, 6205 1650, 6210 1645, 6215 1640, 6225 1640, 6235 1640, 6245 1640, 6250 1635, 6255 1630, 6265 1630, 6270 1625, 6275 1620, 6280 1615, 6285 1610, 6290 1605, 6295 1600, 6300 1595, 6305 1590, 6310 1585, 6310 1575, 6305 1570, 6300 1565, 6300 1555, 6300 1545, 6300 1535, 6300 1525, 6300 1515, 6300 1505, 6305 1500, 6310 1495, 6310 1485, 6315 1480, 6320 1475, 6320 1465, 6325 1460, 6330 1455, 6335 1450, 6340 1445, 6345 1440, 6350 1435, 6345 1430, 6340 1425, 6345 1420, 6350 1415, 6350 1405, 6355 1400, 6360 1395, 6365 1390, 6370 1385, 6375 1380, 6380 1375, 6380 1365, 6375 1360, 6370 1355, 6365 1350, 6360 1345, 6355 1340, 6345 1340, 6340 1345, 6335 1350, 6325 1350, 6320 1355, 6315 1360, 6310 1365, 6305 1370, 6300 1375, 6295 1380, 6290 1385, 6285 1390, 6280 1395, 6275 1400, 6270 1395, 6265 1390, 6255 1390, 6250 1385, 6245 1380, 6235 1380, 6225 1380, 6215 1380, 6205 1380, 6195 1380, 6190 1385, 6185 1390, 6175 1390, 6170 1385, 6170 1375, 6175 1370, 6180 1365, 6175 1360, 6170 1355, 6170 1345, 6170 1335, 6170 1325, 6170 1315, 6170 1305, 6175 1300, 6180 1295, 6180 1285, 6185 1280, 6190 1275, 6190 1265, 6195 1260, 6200 1255, 6205 1250, 6210 1245, 6215 1240, 6225 1240, 6230 1235, 6235 1230, 6240 1225, 6245 1220, 6255 1220, 6265 1220, 6270 1215, 6275 1210, 6285 1210, 6295 1210, 6305 1210, 6315 1210, 6320 1215, 6325 1220, 6335 1220, 6345 1220, 6350 1225, 6355 1230, 6365 1230, 6375 1230, 6385 1230, 6395 1230, 6400 1235, 6405 1240, 6415 1240, 6425 1240, 6430 1235, 6435 1230, 6440 1235, 6440 1245, 6435 1250, 6430 1255, 6425 1260, 6420 1265, 6420 1275, 6415 1280, 6410 1285, 6405 1290, 6400 1295, 6405 1300, 6410 1305, 6415 1310, 6420 1315, 6425 1320, 6430 1325, 6435 1330, 6445 1330, 6450 1335, 6455 1340, 6460 1345, 6465 1350, 6470 1355, 6475 1360, 6485 1360, 6490 1365, 6495 1370, 6505 1370, 6510 1365, 6515 1360, 6525 1360, 6535 1360, 6545 1360, 6550 1355, 6555 1350, 6560 1345, 6565 1340, 6575 1340, 6585 1340, 6595 1340, 6605 1340, 6610 1335, 6615 1330, 6625 1330, 6635 1330, 6645 1330, 6655 1330, 6660 1325, 6665 1320, 6670 1315, 6675 1310, 6680 1305, 6680 1295, 6685 1290, 6690 1285, 6695 1280, 6700 1275, 6700 1265, 6705 1260, 6710 1255, 6710 1245, 6715 1240, 6720 1235, 6720 1225, 6720 1215, 6720 1205, 6715 1200, 6710 1195, 6715 1190, 6725 1190, 6735 1190, 6740 1195, 6745 1200, 6755 1200, 6765 1200, 6775 1200, 6785 1200, 6795 1200, 6805 1200, 6810 1205, 6810 1215, 6810 1225, 6810 1235, 6810 1245, 6810 1255, 6810 1265, 6815 1270, 6820 1275, 6820 1285, 6825 1290, 6830 1295, 6830 1305, 6830 1315, 6830 1325, 6835 1330, 6840 1335, 6835 1340, 6830 1345, 6825 1350, 6820 1355, 6825 1360, 6830 1365, 6830 1375, 6825 1380, 6820 1385, 6825 1390, 6830 1395, 6835 1400, 6840 1405, 6845 1410, 6850 1415, 6855 1420, 6860 1425, 6865 1430, 6875 1430, 6885 1430, 6890 1425, 6895 1420, 6905 1420, 6915 1420, 6920 1415, 6925 1410, 6930 1405, 6935 1400, 6940 1395, 6945 1390, 6950 1385, 6955 1380, 6960 1385, 6965 1390, 6970 1385, 6975 1380, 6985 1380, 6995 1380, 7005 1380, 7015 1380, 7025 1380, 7030 1385, 7035 1390, 7040 1395, 7045 1400, 7050 1405, 7055 1410, 7060 1415, 7060 1425, 7055 1430, 7050 1435, 7050 1445, 7045 1450, 7040 1455, 7035 1460, 7030 1465, 7030 1475, 7035 1480, 7040 1485, 7045 1490, 7050 1495, 7050 1505, 7055 1510, 7060 1515, 7065 1520, 7070 1525, 7075 1530, 7080 1535, 7085 1540, 7095 1540, 7100 1545, 7105 1550, 7115 1550, 7125 1550, 7130 1545, 7135 1540, 7140 1535, 7145 1530, 7155 1530, 7160 1535, 7165 1540, 7175 1540, 7185 1540, 7190 1545, 7195 1550, 7205 1550, 7210 1555, 7215 1560, 7220 1565, 7225 1570, 7235 1570, 7240 1575, 7245 1580, 7250 1585, 7255 1590, 7260 1595, 7260 1605, 7265 1610, 7270 1615, 7270 1625, 7270 1635, 7270 1645, 7275 1650, 7280 1655, 7285 1660, 7290 1665, 7295 1670, 7300 1675, 7305 1680, 7310 1685, 7315 1690, 7320 1695, 7320 1705, 7325 1710, 7330 1715, 7335 1720, 7340 1725, 7345 1730, 7350 1735, 7355 1740, 7360 1745, 7365 1750, 7370 1755, 7370 1765, 7375 1770, 7380 1775, 7380 1785, 7385 1790, 7390 1795, 7390 1805, 7385 1810, 7380 1815, 7375 1820, 7370 1825, 7365 1830, 7360 1835, 7355 1840, 7350 1845, 7345 1850, 7340 1855, 7340 1865, 7345 1870, 7350 1875, 7350 1885, 7350 1895, 7350 1905, 7355 1910, 7360 1915, 7355 1920, 7350 1925, 7355 1930, 7360 1935, 7365 1940, 7370 1945, 7365 1950, 7360 1955, 7365 1960, 7370 1965, 7375 1970, 7380 1975, 7385 1980, 7395 1980, 7405 1980, 7415 1980, 7420 1975, 7425 1970, 7435 1970, 7445 1970, 7455 1970, 7460 1975, 7465 1980, 7475 1980, 7485 1980, 7495 1980, 7500 1985, 7505 1990, 7510 1995, 7515 2000, 7520 2005, 7525 2010, 7530 2015, 7530 2025, 7535 2030, 7540 2035, 7540 2045, 7540 2055, 7545 2060, 7550 2065, 7550 2075, 7550 2085, 7550 2095, 7550 2105, 7550 2115, 7550 2125, 7555 2130, 7560 2135, 7565 2140, 7570 2145, 7570 2155, 7575 2160, 7580 2165, 7585 2170, 7590 2175, 7595 2180, 7600 2185, 7605 2190, 7610 2195, 7615 2200, 7620 2195, 7625 2190, 7630 2185, 7635 2180, 7640 2175, 7640 2165, 7640 2155, 7645 2150, 7650 2145, 7650 2135, 7650 2125, 7650 2115, 7650 2105, 7650 2095, 7650 2085, 7645 2080, 7640 2075, 7640 2065, 7640 2055, 7635 2050, 7630 2045, 7630 2035, 7625 2030, 7620 2025, 7615 2020, 7610 2015, 7615 2010, 7625 2010, 7630 2015, 7635 2020, 7640 2025, 7645 2030, 7655 2030, 7660 2035, 7660 2045, 7660 2055, 7665 2060, 7670 2065, 7670 2075, 7670 2085, 7675 2090, 7680 2095, 7680 2105, 7680 2115, 7680 2125, 7680 2135, 7680 2145, 7680 2155, 7680 2165, 7685 2170, 7690 2175, 7685 2180, 7680 2185, 7680 2195, 7680 2205, 7680 2215, 7680 2225, 7680 2235, 7675 2240, 7670 2245, 7665 2250, 7660 2255, 7655 2260, 7650 2265, 7650 2275, 7650 2285, 7645 2290, 7640 2295, 7635 2300, 7630 2305, 7630 2315, 7630 2325, 7625 2330, 7620 2335, 7620 2345, 7615 2350, 7610 2355, 7605 2360, 7595 2360, 7585 2360, 7575 2360, 7565 2360, 7560 2355, 7555 2350, 7545 2350, 7540 2345, 7535 2340, 7525 2340, 7520 2335, 7515 2330, 7510 2325, 7505 2320, 7495 2320, 7490 2315, 7485 2310, 7480 2305, 7475 2300, 7470 2295, 7465 2290, 7460 2285, 7455 2280, 7450 2275, 7450 2265, 7445 2260, 7440 2255, 7435 2250, 7430 2245, 7430 2235, 7425 2230, 7420 2225, 7415 2220, 7410 2215, 7410 2205, 7405 2200, 7400 2195, 7400 2185, 7395 2180, 7390 2175, 7390 2165, 7390 2155, 7390 2145, 7385 2140, 7375 2140, 7365 2140, 7355 2140, 7345 2140, 7335 2140, 7330 2135, 7325 2130, 7315 2130, 7310 2125, 7305 2120, 7295 2120, 7290 2115, 7285 2110, 7280 2105, 7275 2100, 7265 2100, 7260 2095, 7255 2090, 7250 2085, 7245 2080, 7240 2075, 7240 2065, 7235 2060, 7230 2055, 7225 2050, 7220 2045, 7220 2035, 7215 2030, 7210 2025, 7210 2015, 7205 2010, 7200 2005, 7200 1995, 7200 1985, 7195 1980, 7190 1975, 7190 1965, 7190 1955, 7190 1945, 7190 1935, 7190 1925, 7185 1920, 7180 1915, 7180 1905, 7180 1895, 7180 1885, 7180 1875, 7180 1865, 7180 1855, 7180 1845, 7180 1835, 7180 1825, 7180 1815, 7180 1805, 7180 1795, 7175 1790, 7170 1785, 7165 1780, 7160 1775, 7155 1770, 7150 1765, 7150 1755, 7145 1750, 7140 1745, 7135 1740, 7130 1735, 7130 1725, 7125 1720, 7120 1715, 7115 1710, 7105 1710, 7095 1710, 7085 1710, 7075 1710, 7065 1710, 7055 1710, 7050 1705, 7045 1700, 7035 1700, 7030 1695, 7025 1690, 7015 1690, 7010 1685, 7005 1680, 6995 1680, 6990 1675, 6985 1670, 6980 1665, 6975 1660, 6965 1660, 6960 1655, 6955 1650, 6950 1645, 6945 1640, 6940 1635, 6935 1630, 6930 1625, 6930 1615, 6925 1610, 6920 1605, 6915 1600, 6910 1595, 6905 1590, 6895 1590, 6885 1590, 6875 1590, 6865 1590, 6855 1590, 6845 1590, 6835 1590, 6825 1590, 6815 1590, 6810 1585, 6805 1580, 6795 1580, 6790 1575, 6785 1570, 6775 1570, 6770 1565, 6765 1560, 6760 1555, 6755 1550, 6745 1550, 6740 1545, 6735 1540, 6730 1535, 6725 1530, 6720 1525, 6715 1520, 6710 1515, 6705 1510, 6700 1505, 6700 1495, 6695 1490, 6685 1490, 6675 1490, 6665 1490, 6660 1495, 6655 1500, 6645 1500, 6635 1500, 6625 1500, 6620 1505, 6615 1510, 6605 1510, 6600 1515, 6595 1520, 6585 1520, 6575 1520, 6565 1520, 6560 1525, 6555 1530, 6545 1530, 6535 1530, 6525 1530, 6515 1530, 6505 1530, 6495 1530, 6485 1530, 6480 1535, 6475 1540, 6470 1545, 6470 1555, 6470 1565, 6470 1575, 6470 1585, 6470 1595, 6470 1605, 6470 1615, 6470 1625, 6470 1635, 6465 1640, 6460 1645, 6460 1655, 6455 1660, 6450 1665, 6450 1675, 6445 1680, 6440 1685, 6435 1690, 6430 1695, 6430 1705, 6425 1710, 6420 1715, 6415 1720, 6410 1725, 6405 1730, 6400 1735, 6395 1740, 6390 1745, 6385 1750, 6375 1750, 6370 1755, 6365 1760, 6360 1765, 6355 1770, 6345 1770, 6340 1775, 6335 1780, 6325 1780, 6320 1785, 6315 1790, 6305 1790, 6300 1795, 6295 1800, 6285 1800, 6275 1800, 6270 1805, 6265 1810, 6260 1815, 6255 1820, 6245 1820, 6240 1825, 6235 1830, 6230 1835, 6225 1840, 6220 1845, 6215 1850, 6210 1855, 6210 1865, 6210 1875, 6210 1885, 6205 1890, 6200 1895, 6200 1905, 6195 1910, 6190 1915, 6190 1925, 6185 1930, 6180 1935, 6175 1940, 6170 1945, 6170 1955, 6165 1960, 6160 1965, 6155 1970, 6150 1975, 6145 1980, 6140 1985, 6135 1990, 6125 1990, 6120 1995, 6115 2000, 6110 2005, 6105 2010, 6095 2010, 6090 2015, 6085 2020, 6075 2020, 6070 2025, 6065 2030, 6055 2030, 6045 2030, 6040 2035, 6035 2040, 6030 2045, 6030 2055, 6025 2060, 6020 2065, 6015 2070, 6010 2075, 6005 2080, 5995 2080, 5990 2085, 5985 2090, 5980 2095, 5975 2100, 5965 2100, 5960 2105, 5955 2110, 5945 2110, 5940 2115, 5935 2120, 5925 2120, 5915 2120, 5905 2120, 5895 2120, 5890 2125, 5885 2130, 5880 2135, 5875 2140, 5865 2140, 5860 2145, 5855 2150, 5845 2150, 5840 2155, 5840 2165, 5840 2175, 5840 2185, 5840 2195, 5840 2205, 5835 2210, 5830 2215, 5830 2225, 5830 2235, 5830 2245, 5825 2250, 5820 2255, 5820 2265, 5815 2270, 5810 2275, 5810 2285, 5805 2290, 5800 2295, 5795 2300, 5790 2305, 5790 2315, 5785 2320, 5780 2325, 5775 2330, 5770 2335, 5765 2340, 5755 2340, 5750 2345, 5750 2355, 5745 2360, 5740 2365, 5740 2375, 5735 2380, 5730 2385, 5730 2395, 5725 2400, 5720 2405, 5715 2410, 5710 2415, 5710 2425, 5705 2430, 5700 2435, 5695 2440, 5690 2445, 5685 2450, 5675 2450, 5670 2455, 5665 2460, 5660 2465, 5655 2470, 5645 2470, 5640 2475, 5635 2480, 5625 2480, 5620 2485, 5615 2490, 5605 2490, 5600 2495, 5595 2500, 5585 2500, 5580 2505, 5575 2510, 5570 2515, 5565 2520, 5560 2525, 5560 2535, 5555 2540, 5550 2545, 5545 2550, 5540 2555, 5535 2560, 5530 2565, 5525 2570, 5520 2575, 5520 2585, 5515 2590, 5510 2595, 5505 2600, 5500 2605, 5495 2610, 5490 2615, 5485 2620, 5480 2625, 5480 2635, 5475 2640, 5470 2645, 5465 2650, 5460 2655, 5455 2660, 5450 2665, 5445 2670, 5440 2675, 5440 2685, 5435 2690, 5430 2695, 5425 2700, 5420 2705, 5415 2710, 5405 2710, 5400 2715, 5395 2720, 5390 2725, 5385 2730, 5375 2730, 5370 2735, 5365 2740, 5355 2740, 5350 2745, 5345 2750))"
peri,4,R1_2_T,4,193050.0,1,9486.449322282657,1597.616118449452,"POLYGON ((9525 1840, 9515 1840, 9505 1840, 9495 1840, 9485 1840, 9475 1840, 9465 1840, 9455 1840, 9445 1840, 9435 1840, 9425 1840, 9415 1840, 9410 1835, 9405 1830, 9395 1830, 9385 1830, 9380 1825, 9375 1820, 9365 1820, 9360 1815, 9355 1810, 9350 1805, 9345 1800, 9335 1800, 9330 1795, 9325 1790, 9320 1785, 9315 1780, 9310 1775, 9305 1770, 9300 1765, 9295 1760, 9290 1755, 9290 1745, 9285 1740, 9280 1735, 9275 1730, 9270 1725, 9270 1715, 9265 1710, 9260 1705, 9260 1695, 9260 1685, 9255 1680, 9250 1675, 9250 1665, 9250 1655, 9250 1645, 9250 1635, 9250 1625, 9250 1615, 9250 1605, 9250 1595, 9250 1585, 9250 1575, 9250 1565, 9250 1555, 9250 1545, 9250 1535, 9250 1525, 9250 1515, 9245 1510, 9240 1505, 9240 1495, 9235 1490, 9230 1485, 9230 1475, 9230 1465, 9225 1460, 9220 1455, 9220 1445, 9220 1435, 9220 1425, 9220 1415, 9220 1405, 9220 1395, 9220 1385, 9220 1375, 9220 1365, 9220 1355, 9220 1345, 9220 1335, 9220 1325, 9220 1315, 9220 1305, 9220 1295, 9220 1285, 9220 1275, 9220 1265, 9225 1260, 9230 1255, 9230 1245, 9230 1235, 9235 1230, 9240 1225, 9245 1220, 9250 1225, 9255 1230, 9265 1230, 9275 1230, 9280 1235, 9285 1240, 9295 1240, 9305 1240, 9315 1240, 9320 1245, 9325 1250, 9335 1250, 9345 1250, 9350 1255, 9355 1260, 9365 1260, 9375 1260, 9385 1260, 9390 1265, 9395 1270, 9405 1270, 9410 1275, 9415 1280, 9420 1285, 9415 1290, 9410 1295, 9405 1300, 9400 1305, 9405 1310, 9410 1315, 9410 1325, 9410 1335, 9415 1340, 9420 1345, 9420 1355, 9415 1360, 9410 1365, 9405 1370, 9400 1375, 9400 1385, 9400 1395, 9400 1405, 9400 1415, 9405 1420, 9410 1425, 9415 1430, 9420 1435, 9420 1445, 9425 1450, 9430 1455, 9430 1465, 9435 1470, 9440 1475, 9440 1485, 9440 1495, 9440 1505, 9440 1515, 9440 1525, 9440 1535, 9440 1545, 9440 1555, 9435 1560, 9430 1565, 9430 1575, 9430 1585, 9430 1595, 9430 1605, 9430 1615, 9430 1625, 9430 1635, 9435 1640, 9440 1645, 9445 1650, 9450 1655, 9455 1660, 9465 1660, 9475 1660, 9485 1660, 9490 1655, 9495 1650, 9500 1645, 9505 1640, 9510 1645, 9515 1650, 9520 1645, 9525 1640, 9535 1640, 9545 1640, 9550 1645, 9555 1650, 9565 1650, 9575 1650, 9585 1650, 9595 1650, 9600 1645, 9605 1640, 9615 1640, 9625 1640, 9630 1635, 9635 1630, 9645 1630, 9655 1630, 9660 1625, 9665 1620, 9670 1615, 9675 1610, 9680 1605, 9680 1595, 9685 1590, 9690 1585, 9690 1575, 9695 1570, 9700 1565, 9705 1560, 9710 1555, 9715 1550, 9720 1545, 9725 1540, 9730 1535, 9735 1530, 9740 1525, 9740 1515, 9745 1510, 9750 1505, 9745 1500, 9740 1495, 9735 1490, 9730 1485, 9725 1480, 9715 1480, 9710 1475, 9705 1470, 9700 1465, 9695 1460, 9685 1460, 9680 1455, 9675 1450, 9670 1445, 9665 1440, 9660 1435, 9655 1430, 9650 1425, 9645 1420, 9640 1415, 9635 1410, 9630 1405, 9635 1400, 9645 1400, 9650 1405, 9655 1410, 9660 1415, 9665 1420, 9675 1420, 9680 1425, 9685 1430, 9695 1430, 9700 1435, 9705 1440, 9710 1445, 9715 1450, 9720 1455, 9725 1460, 9730 1465, 9735 1470, 9740 1475, 9745 1480, 9750 1485, 9755 1490, 9760 1495, 9765 1500, 9770 1505, 9775 1510, 9780 1515, 9785 1520, 9795 1520, 9800 1525, 9805 1530, 9815 1530, 9820 1535, 9825 1540, 9830 1545, 9835 1550, 9840 1555, 9845 1560, 9850 1565, 9855 1570, 9860 1575, 9865 1580, 9875 1580, 9880 1585, 9880 1595, 9885 1600, 9890 1605, 9895 1610, 9900 1615, 9895 1620, 9890 1625, 9885 1630, 9880 1635, 9880 1645, 9875 1650, 9870 1655, 9865 1660, 9860 1665, 9855 1670, 9850 1675, 9845 1680, 9840 1685, 9840 1695, 9835 1700, 9830 1705, 9825 1710, 9820 1715, 9820 1725, 9815 1730, 9810 1735, 9805 1740, 9800 1745, 9795 1750, 9790 1755, 9785 1760, 9780 1765, 9775 1770, 9765 1770, 9760 1775, 9755 1780, 9750 1785, 9745 1790, 9735 1790, 9730 1795, 9725 1800, 9715 1800, 9705 1800, 9700 1805, 9695 1810, 9685 1810, 9675 1810, 9670 1815, 9665 1820, 9655 1820, 9645 1820, 9640 1825, 9635 1830, 9625 1830, 9615 1830, 9605 1830, 9595 1830, 9585 1830, 9575 1830, 9565 1830, 9555 1830, 9545 1830, 9535 1830, 9530 1835, 9525 1840))"
peri,5,P3_1_C,5,39250.0,1,5991.9787685774945,1454.3418259023354,"POLYGON ((5805 1690, 5795 1690, 5790 1685, 5795 1680, 5800 1675, 5800 1665, 5800 1655, 5800 1645, 5800 1635, 5800 1625, 5805 1620, 5810 1615, 5810 1605, 5810 1595, 5810 1585, 5810 1575, 5815 1570, 5820 1565, 5820 1555, 5825 1550, 5835 1550, 5840 1545, 5845 1540, 5850 1535, 5855 1530, 5860 1525, 5865 1520, 5870 1515, 5875 1510, 5880 1505, 5885 1500, 5895 1500, 5900 1495, 5905 1490, 5910 1485, 5910 1475, 5910 1465, 5915 1460, 5920 1455, 5920 1445, 5925 1440, 5930 1435, 5935 1430, 5940 1425, 5945 1420, 5955 1420, 5960 1415, 5965 1410, 5975 1410, 5985 1410, 5995 1410, 6000 1405, 6005 1400, 6015 1400, 6020 1395, 6025 1390, 6030 1385, 6035 1380, 6040 1375, 6045 1370, 6050 1365, 6055 1360, 6060 1355, 6060 1345, 6065 1340, 6070 1335, 6070 1325, 6070 1315, 6070 1305, 6070 1295, 6070 1285, 6075 1280, 6080 1275, 6085 1270, 6095 1270, 6100 1265, 6105 1260, 6115 1260, 6125 1260, 6130 1265, 6135 1270, 6140 1275, 6145 1280, 6150 1285, 6150 1295, 6150 1305, 6150 1315, 6145 1320, 6140 1325, 6145 1330, 6150 1335, 6145 1340, 6140 1345, 6145 1350, 6150 1355, 6150 1365, 6150 1375, 6145 1380, 6140 1385, 6140 1395, 6135 1400, 6130 1405, 6125 1410, 6120 1415, 6115 1420, 6110 1425, 6110 1435, 6105 1440, 6100 1445, 6095 1450, 6090 1455, 6085 1460, 6075 1460, 6065 1460, 6060 1465, 6055 1470, 6045 1470, 6040 1475, 6035 1480, 6025 1480, 6020 1485, 6015 1490, 6005 1490, 5995 1490, 5990 1485, 5985 1480, 5975 1480, 5970 1475, 5965 1470, 5960 1475, 5965 1480, 5970 1485, 5975 1490, 5980 1495, 5980 1505, 5980 1515, 5980 1525, 5975 1530, 5970 1535, 5965 1540, 5960 1545, 5955 1550, 5950 1555, 5945 1560, 5940 1565, 5935 1570, 5930 1565, 5925 1560, 5915 1560, 5905 1560, 5900 1565, 5900 1575, 5900 1585, 5895 1590, 5890 1595, 5885 1600, 5880 1605, 5875 1610, 5865 1610, 5860 1615, 5855 1620, 5845 1620, 5840 1625, 5835 1630, 5830 1635, 5825 1640, 5820 1645, 5820 1655, 5820 1665, 5815 1670, 5810 1675, 5810 1685, 5805 1690))"
peri,6,R1_2_T,6,850.0,1,8261.862745098038,1360.5882352941176,"POLYGON ((8265 1390, 8260 1385, 8255 1380, 8250 1375, 8250 1365, 8255 1360, 8260 1355, 8255 1350, 8250 1345, 8255 1340, 8260 1335, 8265 1330, 8270 1335, 8270 1345, 8270 1355, 8270 1365, 8270 1375, 8270 1385, 8265 1390))"
peri,0,R1_2_T,6;7,145250.0,1,8136.1936316695355,2134.100114744693,"POLYGON ((8075 2910, 8070 2905, 8065 2900, 8055 2900, 8050 2895, 8045 2890, 8040 2885, 8035 2880, 8030 2875, 8025 2870, 8020 2865, 8015 2860, 8010 2855, 8010 2845, 8005 2840, 8000 2835, 8000 2825, 8005 2820, 8010 2815, 8010 2805, 8010 2795, 8010 2785, 8010 2775, 8015 2770, 8020 2765, 8020 2755, 8020 2745, 8020 2735, 8020 2725, 8020 2715, 8020 2705, 8020 2695, 8020 2685, 8025 2680, 8030 2675, 8030 2665, 8030 2655, 8030 2645, 8030 2635, 8030 2625, 8030 2615, 8030 2605, 8030 2595, 8030 2585, 8035 2580, 8040 2575, 8040 2565, 8040 2555, 8045 2550, 8050 2545, 8050 2535, 8050 2525, 8050 2515, 8050 2505, 8055 2500, 8060 2495, 8060 2485, 8060 2475, 8060 2465, 8065 2460, 8070 2455, 8070 2445, 8070 2435, 8075 2430, 8080 2425, 8080 2415, 8080 2405, 8080 2395, 8080 2385, 8080 2375, 8080 2365, 8080 2355, 8080 2345, 8080 2335, 8075 2330, 8070 2325, 8070 2315, 8065 2310, 8060 2305, 8060 2295, 8060 2285, 8055 2280, 8050 2275, 8050 2265, 8050 2255, 8050 2245, 8050 2235, 8050 2225, 8050 2215, 8050 2205, 8055 2200, 8060 2195, 8060 2185, 8060 2175, 8060 2165, 8060 2155, 8060 2145, 8060 2135, 8055 2130, 8050 2125, 8050 2115, 8045 2110, 8040 2105, 8040 2095, 8035 2090, 8030 2085, 8025 2080, 8020 2075, 8020 2065, 8015 2060, 8010 2055, 8010 2045, 8010 2035, 8010 2025, 8010 2015, 8010 2005, 8010 1995, 8010 1985, 8010 1975, 8010 1965, 8010 1955, 8010 1945, 8010 1935, 8010 1925, 8015 1920, 8020 1915, 8025 1910, 8030 1905, 8035 1900, 8040 1895, 8045 1890, 8050 1885, 8055 1880, 8060 1875, 8065 1870, 8070 1865, 8075 1860, 8080 1855, 8080 1845, 8080 1835, 8085 1830, 8090 1825, 8090 1815, 8095 1810, 8100 1805, 8100 1795, 8105 1790, 8110 1785, 8115 1780, 8120 1775, 8125 1770, 8130 1765, 8135 1760, 8140 1755, 8145 1750, 8150 1745, 8155 1740, 8165 1740, 8170 1735, 8175 1730, 8185 1730, 8195 1730, 8205 1730, 8215 1730, 8220 1725, 8220 1715, 8220 1705, 8215 1700, 8210 1695, 8210 1685, 8210 1675, 8210 1665, 8210 1655, 8210 1645, 8210 1635, 8210 1625, 8210 1615, 8210 1605, 8210 1595, 8205 1590, 8200 1585, 8200 1575, 8200 1565, 8205 1560, 8210 1555, 8210 1545, 8210 1535, 8210 1525, 8210 1515, 8205 1510, 8200 1505, 8205 1500, 8210 1495, 8210 1485, 8210 1475, 8210 1465, 8210 1455, 8215 1450, 8220 1445, 8220 1435, 8225 1430, 8230 1425, 8230 1415, 8235 1410, 8240 1405, 8245 1400, 8250 1405, 8250 1415, 8250 1425, 8255 1430, 8260 1435, 8260 1445, 8260 1455, 8265 1460, 8270 1465, 8270 1475, 8275 1480, 8280 1485, 8285 1490, 8290 1495, 8290 1505, 8290 1515, 8295 1520, 8300 1525, 8295 1530, 8290 1535, 8295 1540, 8300 1545, 8300 1555, 8295 1560, 8290 1565, 8295 1570, 8300 1575, 8300 1585, 8300 1595, 8300 1605, 8305 1610, 8310 1615, 8310 1625, 8310 1635, 8310 1645, 8310 1655, 8305 1660, 8300 1665, 8300 1675, 8300 1685, 8305 1690, 8310 1695, 8315 1700, 8320 1705, 8320 1715, 8320 1725, 8325 1730, 8330 1735, 8330 1745, 8325 1750, 8320 1755, 8325 1760, 8330 1765, 8325 1770, 8320 1775, 8325 1780, 8330 1785, 8330 1795, 8330 1805, 8325 1810, 8320 1815, 8315 1820, 8310 1825, 8305 1830, 8300 1835, 8295 1840, 8285 1840, 8275 1840, 8270 1845, 8265 1850, 8260 1845, 8260 1835, 8260 1825, 8255 1820, 8245 1820, 8235 1820, 8225 1820, 8220 1815, 8215 1810, 8205 1810, 8200 1815, 8195 1820, 8185 1820, 8180 1825, 8175 1830, 8170 1835, 8170 1845, 8170 1855, 8165 1860, 8160 1865, 8160 1875, 8160 1885, 8155 1890, 8150 1895, 8150 1905, 8150 1915, 8150 1925, 8145 1930, 8140 1935, 8135 1940, 8130 1945, 8125 1950, 8115 1950, 8110 1945, 8105 1940, 8095 1940, 8090 1935, 8085 1930, 8080 1935, 8080 1945, 8085 1950, 8090 1955, 8095 1960, 8100 1965, 8105 1970, 8110 1975, 8110 1985, 8110 1995, 8105 2000, 8100 2005, 8100 2015, 8095 2020, 8090 2025, 8090 2035, 8095 2040, 8105 2040, 8110 2045, 8115 2050, 8120 2055, 8125 2060, 8130 2065, 8130 2075, 8135 2080, 8140 2085, 8140 2095, 8140 2105, 8140 2115, 8145 2120, 8150 2125, 8145 2130, 8140 2135, 8145 2140, 8150 2145, 8145 2150, 8140 2155, 8145 2160, 8150 2165, 8150 2175, 8150 2185, 8145 2190, 8140 2195, 8140 2205, 8140 2215, 8140 2225, 8140 2235, 8135 2240, 8130 2245, 8130 2255, 8135 2260, 8140 2265, 8140 2275, 8140 2285, 8145 2290, 8150 2295, 8155 2300, 8160 2305, 8160 2315, 8160 2325, 8165 2330, 8170 2335, 8170 2345, 8170 2355, 8175 2360, 8180 2365, 8175 2370, 8170 2375, 8175 2380, 8180 2385, 8180 2395, 8180 2405, 8180 2415, 8175 2420, 8170 2425, 8170 2435, 8170 2445, 8165 2450, 8160 2455, 8160 2465, 8160 2475, 8155 2480, 8150 2485, 8150 2495, 8150 2505, 8150 2515, 8150 2525, 8150 2535, 8150 2545, 8145 2550, 8140 2555, 8140 2565, 8140 2575, 8135 2580, 8130 2585, 8125 2590, 8120 2595, 8115 2600, 8105 2600, 8100 2605, 8100 2615, 8105 2620, 8110 2625, 8110 2635, 8115 2640, 8120 2645, 8120 2655, 8120 2665, 8125 2670, 8130 2675, 8125 2680, 8120 2685, 8120 2695, 8120 2705, 8115 2710, 8110 2715, 8110 2725, 8110 2735, 8110 2745, 8105 2750, 8100 2755, 8105 2760, 8110 2765, 8110 2775, 8105 2780, 8100 2785, 8100 2795, 8100 2805, 8095 2810, 8090 2815, 8095 2820, 8100 2825, 8100 2835, 8095 2840, 8090 2845, 8090 2855, 8090 2865, 8090 2875, 8090 2885, 8090 2895, 8085 2900, 8080 2905, 8075 2910))"
peri,5,P3_1_C,5,350.0,1,6010.0,1525.0,"POLYGON ((6005 1540, 6000 1535, 6000 1525, 6005 1520, 6010 1515, 6015 1510, 6020 1515, 6020 1525, 6015 1530, 6010 1535, 6005 1540))"
peri,0,R1_2_T,9;10;12;13;14;15;16;22;26;29;30,1025150.0,1,9539.396023346178,3010.6161699913832,"POLYGON ((9465 3880, 9455 3880, 9445 3880, 9440 3875, 9435 3870, 9430 3865, 9425 3860, 9420 3855, 9420 3845, 9415 3840, 9410 3835, 9410 3825, 9410 3815, 9410 3805, 9410 3795, 9410 3785, 9410 3775, 9410 3765, 9405 3760, 9400 3755, 9400 3745, 9400 3735, 9395 3730, 9390 3725, 9385 3720, 9380 3715, 9375 3710, 9370 3705, 9375 3700, 9385 3700, 9395 3700, 9400 3695, 9405 3690, 9415 3690, 9420 3695, 9425 3700, 9430 3695, 9435 3690, 9445 3690, 9450 3685, 9455 3680, 9460 3675, 9465 3670, 9470 3665, 9475 3660, 9480 3655, 9485 3650, 9490 3645, 9495 3640, 9500 3635, 9500 3625, 9500 3615, 9505 3610, 9510 3605, 9515 3600, 9520 3595, 9525 3590, 9530 3585, 9530 3575, 9535 3570, 9540 3565, 9540 3555, 9540 3545, 9535 3540, 9530 3535, 9530 3525, 9530 3515, 9530 3505, 9525 3500, 9520 3495, 9520 3485, 9515 3480, 9510 3475, 9505 3470, 9500 3465, 9495 3460, 9490 3455, 9485 3450, 9480 3445, 9475 3440, 9470 3435, 9465 3430, 9455 3430, 9445 3430, 9440 3425, 9435 3420, 9425 3420, 9415 3420, 9410 3415, 9405 3410, 9400 3405, 9395 3400, 9385 3400, 9375 3400, 9370 3395, 9365 3390, 9355 3390, 9350 3395, 9345 3400, 9335 3400, 9325 3400, 9315 3400, 9310 3405, 9305 3410, 9295 3410, 9290 3415, 9285 3420, 9275 3420, 9265 3420, 9255 3420, 9250 3425, 9245 3430, 9235 3430, 9225 3430, 9215 3430, 9210 3425, 9205 3420, 9200 3415, 9195 3410, 9185 3410, 9175 3410, 9170 3405, 9165 3400, 9155 3400, 9150 3405, 9145 3410, 9135 3410, 9125 3410, 9120 3415, 9115 3420, 9110 3425, 9105 3430, 9100 3435, 9095 3440, 9090 3445, 9090 3455, 9085 3460, 9080 3465, 9080 3475, 9080 3485, 9075 3490, 9070 3495, 9065 3500, 9060 3505, 9065 3510, 9070 3515, 9065 3520, 9060 3525, 9055 3530, 9050 3535, 9045 3540, 9040 3545, 9035 3550, 9030 3555, 9030 3565, 9025 3570, 9020 3575, 9025 3580, 9030 3585, 9025 3590, 9020 3595, 9015 3600, 9010 3605, 9010 3615, 9005 3620, 9000 3625, 9000 3635, 9005 3640, 9010 3645, 9005 3650, 9000 3655, 8995 3660, 8990 3665, 8985 3670, 8980 3675, 8975 3680, 8970 3685, 8965 3690, 8960 3695, 8965 3700, 8970 3705, 8975 3710, 8980 3715, 8985 3720, 8990 3715, 8995 3710, 9000 3705, 9005 3700, 9010 3705, 9015 3710, 9020 3715, 9025 3720, 9030 3725, 9035 3730, 9040 3735, 9040 3745, 9040 3755, 9045 3760, 9050 3765, 9055 3770, 9060 3775, 9055 3780, 9050 3785, 9045 3790, 9040 3795, 9040 3805, 9040 3815, 9035 3820, 9025 3820, 9020 3825, 9015 3830, 9010 3835, 9005 3840, 8995 3840, 8985 3840, 8975 3840, 8965 3840, 8955 3840, 8945 3840, 8935 3840, 8925 3840, 8915 3840, 8910 3845, 8905 3850, 8900 3845, 8895 3840, 8885 3840, 8875 3840, 8870 3835, 8865 3830, 8855 3830, 8850 3825, 8850 3815, 8855 3810, 8860 3805, 8860 3795, 8865 3790, 8870 3785, 8865 3780, 8860 3775, 8855 3770, 8850 3765, 8845 3760, 8835 3760, 8830 3755, 8825 3750, 8820 3745, 8815 3740, 8810 3735, 8805 3730, 8800 3725, 8795 3720, 8785 3720, 8775 3720, 8765 3720, 8755 3720, 8750 3715, 8745 3710, 8735 3710, 8730 3705, 8725 3700, 8720 3695, 8715 3690, 8705 3690, 8700 3685, 8695 3680, 8685 3680, 8680 3675, 8675 3670, 8670 3665, 8665 3660, 8660 3655, 8655 3650, 8645 3650, 8640 3645, 8635 3640, 8630 3645, 8625 3650, 8620 3655, 8615 3660, 8610 3665, 8615 3670, 8620 3675, 8625 3680, 8630 3685, 8635 3690, 8640 3695, 8645 3700, 8650 3705, 8650 3715, 8645 3720, 8640 3725, 8640 3735, 8640 3745, 8635 3750, 8630 3755, 8625 3760, 8620 3765, 8615 3770, 8610 3775, 8605 3780, 8600 3785, 8605 3790, 8610 3795, 8605 3800, 8595 3800, 8585 3800, 8575 3800, 8565 3800, 8560 3795, 8555 3790, 8545 3790, 8535 3790, 8525 3790, 8520 3795, 8515 3800, 8505 3800, 8495 3800, 8485 3800, 8480 3795, 8475 3790, 8465 3790, 8455 3790, 8445 3790, 8440 3785, 8435 3780, 8425 3780, 8415 3780, 8410 3775, 8405 3770, 8400 3765, 8400 3755, 8395 3750, 8390 3745, 8385 3740, 8380 3735, 8375 3730, 8370 3725, 8365 3720, 8355 3720, 8345 3720, 8340 3715, 8335 3710, 8325 3710, 8320 3705, 8315 3700, 8305 3700, 8300 3695, 8300 3685, 8300 3675, 8300 3665, 8300 3655, 8300 3645, 8300 3635, 8300 3625, 8300 3615, 8300 3605, 8305 3600, 8310 3595, 8310 3585, 8310 3575, 8315 3570, 8320 3565, 8320 3555, 8325 3550, 8330 3545, 8335 3540, 8340 3535, 8340 3525, 8345 3520, 8350 3515, 8355 3510, 8360 3505, 8365 3500, 8370 3495, 8375 3490, 8380 3485, 8385 3480, 8395 3480, 8400 3475, 8405 3470, 8410 3465, 8415 3460, 8425 3460, 8430 3455, 8435 3450, 8445 3450, 8455 3450, 8460 3445, 8465 3440, 8475 3440, 8485 3440, 8495 3440, 8505 3440, 8515 3440, 8525 3440, 8535 3440, 8545 3440, 8555 3440, 8565 3440, 8575 3440, 8585 3440, 8595 3440, 8605 3440, 8615 3440, 8620 3445, 8625 3450, 8635 3450, 8645 3450, 8650 3455, 8655 3460, 8665 3460, 8675 3460, 8680 3465, 8685 3470, 8695 3470, 8705 3470, 8710 3475, 8715 3480, 8725 3480, 8730 3485, 8735 3490, 8745 3490, 8750 3495, 8755 3500, 8760 3505, 8765 3510, 8775 3510, 8780 3515, 8785 3520, 8790 3525, 8795 3530, 8805 3530, 8810 3535, 8815 3540, 8825 3540, 8835 3540, 8840 3535, 8845 3530, 8850 3525, 8850 3515, 8850 3505, 8855 3500, 8860 3495, 8860 3485, 8865 3480, 8870 3475, 8870 3465, 8875 3460, 8880 3455, 8885 3450, 8890 3445, 8890 3435, 8895 3430, 8900 3425, 8900 3415, 8905 3410, 8910 3405, 8910 3395, 8915 3390, 8920 3385, 8920 3375, 8925 3370, 8930 3365, 8930 3355, 8935 3350, 8940 3345, 8945 3340, 8950 3335, 8950 3325, 8955 3320, 8960 3315, 8965 3310, 8970 3305, 8975 3300, 8980 3295, 8985 3290, 8990 3285, 8995 3280, 9000 3275, 9005 3270, 9015 3270, 9020 3265, 9025 3260, 9030 3255, 9035 3250, 9045 3250, 9050 3245, 9055 3240, 9065 3240, 9075 3240, 9080 3235, 9085 3230, 9095 3230, 9105 3230, 9110 3225, 9115 3220, 9125 3220, 9135 3220, 9145 3220, 9155 3220, 9165 3220, 9175 3220, 9185 3220, 9195 3220, 9205 3220, 9210 3225, 9215 3230, 9225 3230, 9235 3230, 9245 3230, 9255 3230, 9265 3230, 9270 3225, 9275 3220, 9285 3220, 9295 3220, 9305 3220, 9310 3215, 9315 3210, 9325 3210, 9335 3210, 9345 3210, 9355 3210, 9365 3210, 9375 3210, 9385 3210, 9395 3210, 9405 3210, 9410 3215, 9415 3220, 9425 3220, 9435 3220, 9440 3225, 9445 3230, 9455 3230, 9465 3230, 9470 3235, 9475 3240, 9485 3240, 9490 3245, 9495 3250, 9505 3250, 9510 3255, 9515 3260, 9525 3260, 9535 3260, 9540 3265, 9545 3270, 9550 3265, 9555 3260, 9560 3255, 9565 3250, 9570 3245, 9575 3240, 9585 3240, 9590 3235, 9595 3230, 9600 3225, 9605 3220, 9615 3220, 9620 3215, 9625 3210, 9635 3210, 9645 3210, 9650 3205, 9655 3200, 9665 3200, 9670 3195, 9675 3190, 9685 3190, 9695 3190, 9700 3185, 9705 3180, 9715 3180, 9725 3180, 9735 3180, 9740 3175, 9745 3170, 9755 3170, 9765 3170, 9770 3165, 9770 3155, 9765 3150, 9760 3145, 9760 3135, 9760 3125, 9755 3120, 9750 3115, 9750 3105, 9750 3095, 9750 3085, 9750 3075, 9750 3065, 9750 3055, 9750 3045, 9745 3040, 9740 3035, 9735 3030, 9725 3030, 9720 3025, 9715 3020, 9710 3015, 9705 3010, 9700 3005, 9695 3000, 9690 2995, 9685 2990, 9680 2985, 9675 2980, 9670 2975, 9665 2970, 9660 2965, 9660 2955, 9655 2950, 9650 2945, 9645 2940, 9640 2935, 9640 2925, 9635 2920, 9630 2915, 9630 2905, 9630 2895, 9625 2890, 9620 2885, 9620 2875, 9620 2865, 9620 2855, 9620 2845, 9620 2835, 9620 2825, 9620 2815, 9615 2810, 9610 2805, 9610 2795, 9610 2785, 9610 2775, 9605 2770, 9600 2765, 9600 2755, 9600 2745, 9595 2740, 9590 2735, 9590 2725, 9590 2715, 9585 2710, 9580 2705, 9575 2700, 9570 2695, 9565 2690, 9560 2685, 9560 2675, 9555 2670, 9550 2665, 9545 2660, 9540 2655, 9540 2645, 9535 2640, 9530 2635, 9530 2625, 9530 2615, 9525 2610, 9520 2605, 9520 2595, 9520 2585, 9520 2575, 9520 2565, 9520 2555, 9520 2545, 9520 2535, 9520 2525, 9520 2515, 9525 2510, 9530 2505, 9530 2495, 9530 2485, 9535 2480, 9540 2475, 9540 2465, 9545 2460, 9550 2455, 9555 2450, 9560 2445, 9560 2435, 9565 2430, 9570 2425, 9575 2420, 9580 2415, 9585 2410, 9590 2405, 9595 2400, 9600 2395, 9605 2390, 9615 2390, 9620 2385, 9625 2380, 9630 2375, 9635 2370, 9640 2365, 9645 2360, 9650 2355, 9655 2350, 9660 2345, 9665 2340, 9670 2335, 9675 2330, 9680 2325, 9685 2320, 9690 2315, 9695 2310, 9700 2305, 9705 2300, 9710 2295, 9715 2290, 9720 2285, 9725 2280, 9735 2280, 9740 2275, 9745 2270, 9750 2265, 9755 2260, 9760 2255, 9760 2245, 9760 2235, 9760 2225, 9755 2220, 9750 2215, 9750 2205, 9750 2195, 9750 2185, 9750 2175, 9750 2165, 9750 2155, 9750 2145, 9750 2135, 9755 2130, 9760 2125, 9760 2115, 9760 2105, 9765 2100, 9770 2095, 9770 2085, 9770 2075, 9765 2070, 9760 2065, 9760 2055, 9760 2045, 9755 2040, 9750 2035, 9750 2025, 9750 2015, 9750 2005, 9750 1995, 9750 1985, 9750 1975, 9750 1965, 9750 1955, 9750 1945, 9750 1935, 9750 1925, 9755 1920, 9760 1915, 9760 1905, 9760 1895, 9765 1890, 9770 1885, 9770 1875, 9775 1870, 9780 1865, 9785 1860, 9790 1855, 9790 1845, 9795 1840, 9800 1835, 9805 1830, 9810 1825, 9815 1820, 9820 1815, 9820 1805, 9825 1800, 9830 1795, 9835 1790, 9840 1785, 9845 1780, 9850 1775, 9855 1770, 9860 1765, 9865 1760, 9875 1760, 9880 1755, 9885 1750, 9890 1745, 9895 1740, 9905 1740, 9910 1735, 9915 1730, 9925 1730, 9935 1730, 9940 1725, 9945 1720, 9955 1720, 9965 1720, 9975 1720, 9980 1725, 9985 1730, 9990 1735, 9990 1745, 9990 1755, 9990 1765, 9995 1770, 10000 1775, 10005 1780, 10010 1785, 10015 1790, 10020 1795, 10020 1805, 10020 1815, 10020 1825, 10020 1835, 10025 1840, 10030 1845, 10030 1855, 10035 1860, 10040 1865, 10040 1875, 10040 1885, 10045 1890, 10050 1895, 10050 1905, 10055 1910, 10060 1915, 10060 1925, 10060 1935, 10055 1940, 10050 1935, 10045 1930, 10035 1930, 10025 1930, 10020 1925, 10015 1920, 10010 1915, 10005 1910, 10000 1905, 9995 1900, 9985 1900, 9980 1905, 9975 1910, 9970 1915, 9965 1920, 9960 1925, 9960 1935, 9955 1940, 9950 1945, 9945 1950, 9940 1955, 9935 1960, 9930 1965, 9930 1975, 9930 1985, 9930 1995, 9935 2000, 9940 2005, 9945 2010, 9950 2015, 9955 2020, 9960 2015, 9965 2010, 9970 2005, 9975 2000, 9985 2000, 9990 1995, 9995 1990, 10005 1990, 10015 1990, 10020 1995, 10025 2000, 10030 2005, 10035 2010, 10040 2005, 10045 2000, 10050 1995, 10055 1990, 10060 1995, 10060 2005, 10060 2015, 10060 2025, 10060 2035, 10060 2045, 10060 2055, 10055 2060, 10050 2065, 10045 2070, 10040 2075, 10040 2085, 10040 2095, 10040 2105, 10045 2110, 10050 2115, 10050 2125, 10055 2130, 10060 2135, 10065 2140, 10075 2140, 10080 2145, 10080 2155, 10085 2160, 10090 2165, 10090 2175, 10090 2185, 10095 2190, 10100 2195, 10105 2200, 10110 2205, 10110 2215, 10110 2225, 10110 2235, 10110 2245, 10115 2250, 10120 2255, 10125 2260, 10130 2265, 10135 2270, 10140 2265, 10135 2260, 10130 2255, 10135 2250, 10140 2245, 10135 2240, 10130 2235, 10130 2225, 10135 2220, 10140 2215, 10135 2210, 10130 2205, 10130 2195, 10125 2190, 10120 2185, 10115 2180, 10110 2175, 10110 2165, 10110 2155, 10105 2150, 10100 2145, 10100 2135, 10100 2125, 10095 2120, 10085 2120, 10080 2115, 10080 2105, 10075 2100, 10070 2095, 10070 2085, 10070 2075, 10075 2070, 10080 2065, 10085 2060, 10090 2055, 10085 2050, 10080 2045, 10085 2040, 10090 2035, 10090 2025, 10085 2020, 10080 2015, 10085 2010, 10090 2005, 10090 1995, 10090 1985, 10095 1980, 10100 1975, 10095 1970, 10090 1965, 10090 1955, 10090 1945, 10085 1940, 10080 1935, 10080 1925, 10080 1915, 10080 1905, 10080 1895, 10075 1890, 10070 1885, 10065 1880, 10060 1875, 10060 1865, 10060 1855, 10055 1850, 10050 1845, 10050 1835, 10050 1825, 10045 1820, 10040 1815, 10040 1805, 10040 1795, 10040 1785, 10040 1775, 10035 1770, 10030 1765, 10035 1760, 10045 1760, 10050 1765, 10055 1770, 10065 1770, 10070 1775, 10075 1780, 10085 1780, 10090 1785, 10095 1790, 10100 1795, 10105 1800, 10115 1800, 10120 1805, 10125 1810, 10135 1810, 10140 1815, 10140 1825, 10145 1830, 10150 1835, 10150 1845, 10150 1855, 10155 1860, 10160 1865, 10160 1875, 10160 1885, 10165 1890, 10170 1895, 10170 1905, 10170 1915, 10170 1925, 10175 1930, 10180 1935, 10180 1945, 10180 1955, 10180 1965, 10180 1975, 10180 1985, 10180 1995, 10175 2000, 10170 2005, 10170 2015, 10170 2025, 10170 2035, 10170 2045, 10170 2055, 10165 2060, 10160 2065, 10160 2075, 10165 2080, 10170 2085, 10170 2095, 10175 2100, 10180 2105, 10180 2115, 10185 2120, 10190 2125, 10195 2130, 10200 2135, 10200 2145, 10205 2150, 10210 2155, 10210 2165, 10210 2175, 10215 2180, 10220 2185, 10220 2195, 10220 2205, 10220 2215, 10220 2225, 10225 2230, 10230 2235, 10230 2245, 10230 2255, 10230 2265, 10230 2275, 10230 2285, 10230 2295, 10230 2305, 10230 2315, 10230 2325, 10230 2335, 10230 2345, 10230 2355, 10230 2365, 10230 2375, 10230 2385, 10230 2395, 10230 2405, 10230 2415, 10230 2425, 10230 2435, 10230 2445, 10230 2455, 10230 2465, 10230 2475, 10225 2480, 10220 2485, 10220 2495, 10220 2505, 10215 2510, 10210 2515, 10210 2525, 10210 2535, 10205 2540, 10200 2545, 10200 2555, 10195 2560, 10190 2565, 10190 2575, 10190 2585, 10190 2595, 10190 2605, 10185 2610, 10180 2615, 10180 2625, 10180 2635, 10175 2640, 10170 2645, 10170 2655, 10170 2665, 10165 2670, 10160 2675, 10160 2685, 10160 2695, 10155 2700, 10150 2705, 10155 2710, 10160 2715, 10160 2725, 10160 2735, 10160 2745, 10165 2750, 10170 2755, 10170 2765, 10170 2775, 10170 2785, 10170 2795, 10170 2805, 10170 2815, 10170 2825, 10170 2835, 10170 2845, 10170 2855, 10170 2865, 10170 2875, 10170 2885, 10170 2895, 10165 2900, 10160 2905, 10160 2915, 10160 2925, 10160 2935, 10160 2945, 10160 2955, 10160 2965, 10160 2975, 10160 2985, 10155 2990, 10150 2995, 10150 3005, 10150 3015, 10150 3025, 10150 3035, 10150 3045, 10145 3050, 10140 3055, 10140 3065, 10140 3075, 10140 3085, 10135 3090, 10130 3095, 10130 3105, 10125 3110, 10120 3115, 10120 3125, 10115 3130, 10110 3135, 10110 3145, 10105 3150, 10100 3155, 10100 3165, 10095 3170, 10090 3175, 10090 3185, 10090 3195, 10085 3200, 10080 3205, 10080 3215, 10075 3220, 10070 3225, 10070 3235, 10065 3240, 10060 3245, 10060 3255, 10055 3260, 10050 3265, 10050 3275, 10045 3280, 10040 3285, 10040 3295, 10040 3305, 10040 3315, 10035 3320, 10030 3325, 10030 3335, 10030 3345, 10030 3355, 10030 3365, 10025 3370, 10020 3375, 10020 3385, 10020 3395, 10015 3400, 10010 3405, 10010 3415, 10005 3420, 10000 3425, 10000 3435, 9995 3440, 9990 3445, 9990 3455, 9985 3460, 9980 3465, 9975 3470, 9970 3475, 9970 3485, 9970 3495, 9965 3500, 9960 3505, 9960 3515, 9960 3525, 9960 3535, 9960 3545, 9960 3555, 9955 3560, 9950 3565, 9945 3570, 9940 3575, 9935 3580, 9930 3585, 9925 3590, 9915 3590, 9910 3595, 9905 3600, 9900 3605, 9895 3610, 9890 3615, 9885 3620, 9875 3620, 9870 3625, 9865 3630, 9855 3630, 9850 3625, 9850 3615, 9855 3610, 9860 3605, 9860 3595, 9865 3590, 9870 3585, 9870 3575, 9870 3565, 9870 3555, 9865 3550, 9860 3545, 9865 3540, 9870 3535, 9870 3525, 9870 3515, 9870 3505, 9870 3495, 9875 3490, 9880 3485, 9880 3475, 9880 3465, 9885 3460, 9890 3455, 9890 3445, 9890 3435, 9895 3430, 9900 3425, 9905 3420, 9910 3415, 9910 3405, 9910 3395, 9915 3390, 9920 3385, 9925 3380, 9930 3375, 9930 3365, 9935 3360, 9940 3355, 9940 3345, 9940 3335, 9945 3330, 9950 3325, 9950 3315, 9955 3310, 9960 3305, 9960 3295, 9960 3285, 9960 3275, 9965 3270, 9970 3265, 9970 3255, 9970 3245, 9975 3240, 9980 3235, 9985 3230, 9990 3225, 9990 3215, 9990 3205, 9995 3200, 10000 3195, 10000 3185, 10005 3180, 10010 3175, 10010 3165, 10010 3155, 10010 3145, 10015 3140, 10020 3135, 10020 3125, 10020 3115, 10025 3110, 10030 3105, 10030 3095, 10035 3090, 10040 3085, 10040 3075, 10045 3070, 10050 3065, 10055 3060, 10060 3055, 10055 3050, 10050 3045, 10050 3035, 10055 3030, 10060 3025, 10060 3015, 10055 3010, 10050 3005, 10055 3000, 10060 2995, 10060 2985, 10060 2975, 10060 2965, 10060 2955, 10060 2945, 10060 2935, 10060 2925, 10065 2920, 10070 2915, 10065 2910, 10060 2905, 10065 2900, 10070 2895, 10070 2885, 10070 2875, 10070 2865, 10070 2855, 10070 2845, 10075 2840, 10080 2835, 10080 2825, 10080 2815, 10080 2805, 10080 2795, 10080 2785, 10085 2780, 10090 2775, 10085 2770, 10080 2765, 10075 2760, 10070 2755, 10070 2745, 10070 2735, 10065 2730, 10060 2725, 10065 2720, 10070 2715, 10070 2705, 10070 2695, 10075 2690, 10080 2685, 10075 2680, 10070 2675, 10070 2665, 10070 2655, 10075 2650, 10080 2645, 10080 2635, 10080 2625, 10080 2615, 10085 2610, 10090 2605, 10090 2595, 10090 2585, 10095 2580, 10100 2575, 10100 2565, 10100 2555, 10105 2550, 10110 2545, 10110 2535, 10115 2530, 10120 2525, 10125 2520, 10130 2515, 10135 2510, 10140 2505, 10135 2500, 10130 2495, 10130 2485, 10130 2475, 10130 2465, 10130 2455, 10135 2450, 10140 2445, 10140 2435, 10140 2425, 10140 2415, 10140 2405, 10140 2395, 10140 2385, 10140 2375, 10135 2370, 10130 2365, 10135 2360, 10140 2355, 10140 2345, 10140 2335, 10140 2325, 10140 2315, 10140 2305, 10140 2295, 10140 2285, 10135 2280, 10130 2285, 10130 2295, 10130 2305, 10125 2310, 10120 2305, 10115 2300, 10110 2295, 10105 2290, 10095 2290, 10090 2295, 10085 2300, 10075 2300, 10070 2305, 10065 2310, 10055 2310, 10050 2315, 10045 2320, 10040 2325, 10035 2330, 10030 2335, 10025 2340, 10020 2345, 10015 2350, 10005 2350, 9995 2350, 9985 2350, 9980 2355, 9975 2360, 9965 2360, 9960 2365, 9955 2370, 9950 2365, 9945 2360, 9935 2360, 9930 2365, 9925 2370, 9915 2370, 9905 2370, 9900 2375, 9895 2380, 9890 2385, 9885 2390, 9880 2395, 9875 2400, 9870 2405, 9865 2410, 9860 2415, 9855 2420, 9845 2420, 9840 2425, 9835 2430, 9830 2435, 9825 2440, 9820 2445, 9815 2450, 9810 2455, 9805 2460, 9800 2465, 9795 2470, 9790 2475, 9785 2480, 9780 2485, 9780 2495, 9775 2500, 9770 2505, 9765 2510, 9760 2515, 9755 2520, 9750 2525, 9745 2530, 9740 2535, 9735 2540, 9730 2535, 9725 2530, 9720 2535, 9715 2540, 9710 2545, 9705 2550, 9700 2555, 9700 2565, 9705 2570, 9710 2575, 9715 2580, 9720 2585, 9725 2590, 9730 2595, 9735 2600, 9740 2605, 9745 2610, 9750 2615, 9755 2620, 9760 2625, 9760 2635, 9760 2645, 9760 2655, 9765 2660, 9770 2665, 9770 2675, 9770 2685, 9770 2695, 9775 2700, 9780 2705, 9780 2715, 9785 2720, 9790 2725, 9790 2735, 9790 2745, 9790 2755, 9790 2765, 9795 2770, 9800 2775, 9800 2785, 9800 2795, 9805 2800, 9810 2805, 9810 2815, 9810 2825, 9810 2835, 9805 2840, 9800 2845, 9805 2850, 9810 2855, 9815 2860, 9820 2865, 9825 2870, 9830 2875, 9835 2880, 9840 2885, 9845 2890, 9855 2890, 9865 2890, 9870 2895, 9875 2900, 9880 2905, 9885 2910, 9890 2915, 9895 2920, 9900 2925, 9905 2930, 9910 2935, 9915 2940, 9920 2945, 9920 2955, 9925 2960, 9930 2965, 9930 2975, 9930 2985, 9935 2990, 9940 2995, 9940 3005, 9940 3015, 9940 3025, 9940 3035, 9935 3040, 9930 3045, 9930 3055, 9930 3065, 9930 3075, 9935 3080, 9940 3085, 9945 3090, 9950 3095, 9950 3105, 9955 3110, 9960 3115, 9960 3125, 9965 3130, 9970 3135, 9975 3140, 9980 3145, 9985 3150, 9990 3155, 9990 3165, 9985 3170, 9980 3175, 9980 3185, 9975 3190, 9970 3195, 9970 3205, 9970 3215, 9965 3220, 9960 3225, 9955 3230, 9950 3235, 9950 3245, 9950 3255, 9945 3260, 9940 3265, 9940 3275, 9940 3285, 9940 3295, 9935 3300, 9930 3305, 9930 3315, 9925 3320, 9920 3325, 9920 3335, 9915 3340, 9910 3335, 9905 3330, 9900 3325, 9895 3320, 9890 3325, 9885 3330, 9875 3330, 9865 3330, 9855 3330, 9845 3330, 9840 3335, 9835 3340, 9825 3340, 9815 3340, 9810 3345, 9805 3350, 9795 3350, 9790 3355, 9785 3360, 9775 3360, 9765 3360, 9755 3360, 9745 3360, 9740 3365, 9735 3370, 9725 3370, 9720 3375, 9715 3380, 9705 3380, 9695 3380, 9690 3385, 9685 3390, 9680 3395, 9675 3400, 9670 3405, 9670 3415, 9670 3425, 9670 3435, 9670 3445, 9675 3450, 9680 3455, 9685 3460, 9690 3465, 9695 3470, 9700 3465, 9705 3460, 9715 3460, 9725 3460, 9730 3465, 9735 3470, 9745 3470, 9755 3470, 9760 3475, 9765 3480, 9770 3485, 9775 3490, 9780 3495, 9785 3500, 9795 3500, 9800 3495, 9805 3490, 9810 3485, 9815 3480, 9820 3475, 9825 3470, 9835 3470, 9840 3465, 9845 3460, 9850 3455, 9855 3450, 9860 3455, 9860 3465, 9860 3475, 9855 3480, 9850 3485, 9850 3495, 9850 3505, 9850 3515, 9850 3525, 9845 3530, 9840 3535, 9840 3545, 9840 3555, 9845 3560, 9850 3565, 9850 3575, 9845 3580, 9840 3585, 9840 3595, 9835 3600, 9830 3605, 9830 3615, 9825 3620, 9820 3625, 9815 3630, 9810 3635, 9805 3640, 9800 3645, 9800 3655, 9795 3660, 9785 3660, 9780 3665, 9775 3670, 9770 3675, 9765 3680, 9755 3680, 9745 3680, 9740 3675, 9735 3670, 9725 3670, 9715 3670, 9710 3665, 9705 3660, 9695 3660, 9690 3665, 9690 3675, 9685 3680, 9680 3685, 9675 3690, 9670 3695, 9670 3705, 9665 3710, 9660 3715, 9660 3725, 9655 3730, 9650 3735, 9645 3740, 9640 3745, 9640 3755, 9635 3760, 9630 3765, 9625 3770, 9620 3775, 9615 3780, 9610 3785, 9605 3790, 9600 3795, 9595 3800, 9590 3805, 9585 3810, 9580 3815, 9575 3820, 9570 3825, 9565 3830, 9555 3830, 9550 3835, 9545 3840, 9540 3845, 9535 3850, 9525 3850, 9520 3855, 9515 3860, 9505 3860, 9500 3865, 9495 3870, 9485 3870, 9475 3870, 9470 3875, 9465 3880), (10020 2235, 10025 2230, 10030 2225, 10035 2220, 10040 2215, 10045 2210, 10050 2205, 10055 2200, 10060 2195, 10065 2190, 10070 2185, 10065 2180, 10060 2175, 10055 2170, 10050 2165, 10045 2160, 10040 2155, 10035 2150, 10030 2145, 10025 2140, 10020 2135, 10015 2130, 10005 2130, 10000 2135, 9995 2140, 9985 2140, 9980 2145, 9975 2150, 9965 2150, 9955 2150, 9950 2155, 9945 2160, 9940 2165, 9935 2170, 9930 2175, 9935 2180, 9940 2185, 9940 2195, 9945 2200, 9950 2205, 9955 2210, 9960 2215, 9965 2220, 9970 2225, 9975 2230, 9980 2235, 9985 2240, 9995 2240, 10000 2235, 10005 2230, 10010 2235, 10015 2240, 10020 2235), (8540 3695, 8545 3690, 8555 3690, 8560 3685, 8565 3680, 8570 3675, 8575 3670, 8580 3665, 8585 3660, 8590 3655, 8595 3650, 8600 3645, 8595 3640, 8590 3635, 8585 3630, 8580 3625, 8575 3620, 8570 3625, 8565 3630, 8560 3625, 8555 3620, 8545 3620, 8535 3620, 8525 3620, 8515 3620, 8505 3620, 8500 3625, 8495 3630, 8490 3635, 8485 3640, 8480 3645, 8480 3655, 8480 3665, 8480 3675, 8485 3680, 8490 3685, 8495 3690, 8500 3695, 8505 3700, 8515 3700, 8520 3695, 8525 3690, 8530 3695, 8535 3700, 8540 3695))"
peri,0,P3_1_C,5;8;11,59150.0,1,5546.670188785573,2013.7200619892928,"POLYGON ((5275 2240, 5265 2240, 5255 2240, 5250 2235, 5250 2225, 5250 2215, 5250 2205, 5250 2195, 5255 2190, 5260 2185, 5260 2175, 5265 2170, 5270 2165, 5270 2155, 5275 2150, 5280 2145, 5285 2140, 5290 2135, 5295 2130, 5300 2125, 5305 2120, 5310 2115, 5315 2110, 5320 2105, 5325 2100, 5330 2095, 5335 2090, 5345 2090, 5355 2090, 5365 2090, 5375 2090, 5385 2090, 5395 2090, 5405 2090, 5410 2085, 5415 2080, 5420 2075, 5425 2070, 5430 2065, 5435 2060, 5440 2055, 5445 2050, 5455 2050, 5460 2045, 5465 2040, 5470 2035, 5475 2030, 5480 2025, 5485 2020, 5490 2015, 5495 2010, 5500 2005, 5505 2000, 5510 1995, 5515 1990, 5520 1985, 5525 1980, 5535 1980, 5540 1975, 5545 1970, 5550 1965, 5555 1960, 5560 1955, 5565 1950, 5570 1945, 5575 1940, 5585 1940, 5590 1935, 5595 1930, 5600 1925, 5605 1920, 5610 1915, 5615 1910, 5620 1905, 5625 1900, 5630 1895, 5635 1890, 5640 1885, 5645 1880, 5655 1880, 5660 1875, 5665 1870, 5670 1865, 5675 1860, 5685 1860, 5690 1855, 5690 1845, 5690 1835, 5685 1830, 5680 1825, 5685 1820, 5690 1815, 5695 1810, 5705 1810, 5710 1805, 5715 1800, 5720 1795, 5725 1790, 5730 1785, 5735 1780, 5740 1785, 5740 1795, 5745 1800, 5755 1800, 5765 1800, 5775 1800, 5785 1800, 5790 1805, 5795 1810, 5800 1815, 5805 1820, 5810 1825, 5810 1835, 5810 1845, 5815 1850, 5820 1855, 5820 1865, 5815 1870, 5810 1875, 5810 1885, 5805 1890, 5795 1890, 5790 1895, 5785 1900, 5780 1905, 5775 1910, 5770 1915, 5765 1920, 5755 1920, 5750 1925, 5745 1930, 5735 1930, 5730 1935, 5725 1940, 5715 1940, 5710 1945, 5705 1950, 5695 1950, 5690 1955, 5685 1960, 5680 1965, 5675 1970, 5665 1970, 5660 1975, 5655 1980, 5650 1985, 5645 1990, 5640 1995, 5635 2000, 5630 2005, 5625 2010, 5620 2015, 5615 2020, 5605 2020, 5600 2025, 5595 2030, 5590 2035, 5585 2040, 5575 2040, 5570 2045, 5565 2050, 5560 2055, 5560 2065, 5555 2070, 5550 2075, 5545 2080, 5540 2085, 5535 2090, 5525 2090, 5520 2095, 5520 2105, 5515 2110, 5510 2115, 5505 2120, 5500 2125, 5495 2130, 5485 2130, 5480 2135, 5475 2140, 5470 2145, 5465 2150, 5460 2155, 5455 2160, 5450 2165, 5445 2170, 5440 2175, 5435 2180, 5425 2180, 5420 2185, 5415 2190, 5410 2195, 5405 2200, 5395 2200, 5385 2200, 5380 2195, 5380 2185, 5375 2180, 5365 2180, 5360 2175, 5355 2170, 5350 2165, 5345 2160, 5340 2165, 5335 2170, 5330 2175, 5325 2180, 5320 2185, 5320 2195, 5315 2200, 5310 2205, 5305 2210, 5300 2215, 5295 2220, 5290 2225, 5285 2230, 5280 2235, 5275 2240))"
peri,3,P3_1_C,3,250.0,1,7555.0,1905.0,"POLYGON ((7555 1920, 7550 1915, 7550 1905, 7550 1895, 7555 1890, 7560 1895, 7560 1905, 7560 1915, 7555 1920))"
peri,7,R1_2_T,7,3150.0,1,8178.6640211640215,2207.2089947089944,"POLYGON ((8175 2280, 8165 2280, 8160 2275, 8160 2265, 8160 2255, 8160 2245, 8160 2235, 8160 2225, 8160 2215, 8160 2205, 8165 2200, 8170 2195, 8170 2185, 8170 2175, 8170 2165, 8170 2155, 8170 2145, 8170 2135, 8175 2130, 8180 2135, 8180 2145, 8180 2155, 8180 2165, 8185 2170, 8190 2175, 8195 2180, 8200 2185, 8205 2190, 8210 2195, 8210 2205, 8205 2210, 8200 2215, 8195 2220, 8190 2225, 8185 2230, 8180 2235, 8175 2240, 8170 2245, 8170 2255, 8170 2265, 8175 2270, 8180 2275, 8175 2280))"
peri,11,P3_1_C,11,29250.0,1,5301.374643874644,2332.559829059829,"POLYGON ((5245 2470, 5235 2470, 5225 2470, 5220 2465, 5220 2455, 5215 2450, 5210 2445, 5210 2435, 5210 2425, 5210 2415, 5210 2405, 5210 2395, 5205 2390, 5200 2385, 5200 2375, 5205 2370, 5210 2365, 5210 2355, 5215 2350, 5220 2345, 5220 2335, 5220 2325, 5225 2320, 5230 2315, 5235 2310, 5240 2305, 5240 2295, 5245 2290, 5250 2285, 5250 2275, 5255 2270, 5260 2265, 5265 2260, 5275 2260, 5285 2260, 5290 2255, 5295 2250, 5300 2245, 5305 2240, 5310 2235, 5315 2230, 5320 2225, 5325 2220, 5335 2220, 5345 2220, 5355 2220, 5365 2220, 5375 2220, 5385 2220, 5395 2220, 5405 2220, 5410 2225, 5405 2230, 5400 2235, 5395 2240, 5390 2245, 5390 2255, 5390 2265, 5390 2275, 5390 2285, 5390 2295, 5390 2305, 5390 2315, 5390 2325, 5390 2335, 5390 2345, 5385 2350, 5380 2355, 5380 2365, 5375 2370, 5370 2375, 5365 2380, 5360 2385, 5355 2390, 5345 2390, 5340 2395, 5335 2400, 5325 2400, 5315 2400, 5305 2400, 5300 2405, 5295 2410, 5290 2415, 5285 2420, 5275 2420, 5270 2425, 5265 2430, 5260 2435, 5255 2440, 5250 2445, 5250 2455, 5250 2465, 5245 2470))"
peri,7,R1_2_T,7,19550.0,1,8301.585677749361,2380.6521739130435,"POLYGON ((8335 2450, 8325 2450, 8315 2450, 8305 2450, 8295 2450, 8285 2450, 8275 2450, 8270 2445, 8265 2440, 8260 2435, 8255 2430, 8250 2425, 8245 2420, 8240 2415, 8235 2410, 8225 2410, 8220 2405, 8215 2400, 8210 2405, 8205 2410, 8200 2405, 8200 2395, 8200 2385, 8200 2375, 8200 2365, 8200 2355, 8195 2350, 8190 2345, 8190 2335, 8190 2325, 8195 2320, 8200 2325, 8205 2330, 8210 2335, 8215 2340, 8225 2340, 8230 2345, 8235 2350, 8240 2345, 8245 2340, 8255 2340, 8265 2340, 8270 2345, 8275 2350, 8280 2345, 8285 2340, 8290 2335, 8295 2330, 8300 2325, 8305 2320, 8315 2320, 8325 2320, 8330 2315, 8335 2310, 8340 2315, 8345 2320, 8355 2320, 8365 2320, 8375 2320, 8380 2325, 8385 2330, 8390 2335, 8395 2340, 8400 2345, 8405 2350, 8410 2355, 8405 2360, 8400 2365, 8395 2370, 8390 2375, 8385 2380, 8380 2385, 8375 2390, 8370 2395, 8375 2400, 8380 2405, 8380 2415, 8375 2420, 8370 2425, 8365 2430, 8360 2435, 8355 2440, 8345 2440, 8340 2445, 8335 2450))"
peri,17,P3_1_C,17,123400.0,1,7109.57320367369,2683.8641274986494,"POLYGON ((7145 2920, 7135 2920, 7130 2915, 7125 2910, 7120 2905, 7115 2900, 7110 2905, 7105 2910, 7095 2910, 7085 2910, 7080 2905, 7075 2900, 7065 2900, 7060 2895, 7055 2890, 7045 2890, 7040 2885, 7035 2880, 7025 2880, 7020 2875, 7015 2870, 7005 2870, 7000 2865, 6995 2860, 6990 2855, 6985 2850, 6975 2850, 6970 2845, 6965 2840, 6960 2835, 6955 2830, 6950 2825, 6950 2815, 6945 2810, 6940 2805, 6935 2800, 6930 2795, 6930 2785, 6925 2780, 6920 2775, 6920 2765, 6915 2760, 6910 2755, 6910 2745, 6910 2735, 6910 2725, 6910 2715, 6910 2705, 6910 2695, 6910 2685, 6910 2675, 6910 2665, 6910 2655, 6915 2650, 6920 2645, 6920 2635, 6925 2630, 6930 2625, 6930 2615, 6935 2610, 6940 2605, 6940 2595, 6945 2590, 6950 2585, 6950 2575, 6955 2570, 6960 2565, 6965 2560, 6970 2555, 6970 2545, 6975 2540, 6980 2535, 6985 2530, 6990 2525, 6995 2520, 7005 2520, 7010 2515, 7015 2510, 7020 2505, 7025 2500, 7035 2500, 7040 2495, 7045 2490, 7055 2490, 7060 2485, 7065 2480, 7075 2480, 7085 2480, 7095 2480, 7105 2480, 7115 2480, 7125 2480, 7135 2480, 7145 2480, 7155 2480, 7165 2480, 7170 2485, 7175 2490, 7185 2490, 7190 2495, 7195 2500, 7205 2500, 7210 2505, 7215 2510, 7220 2515, 7225 2520, 7235 2520, 7240 2525, 7245 2530, 7250 2535, 7255 2540, 7265 2540, 7270 2545, 7275 2550, 7280 2555, 7285 2560, 7290 2565, 7295 2570, 7300 2575, 7300 2585, 7305 2590, 7310 2595, 7315 2600, 7320 2605, 7320 2615, 7325 2620, 7330 2625, 7330 2635, 7335 2640, 7340 2645, 7340 2655, 7340 2665, 7340 2675, 7340 2685, 7340 2695, 7340 2705, 7340 2715, 7340 2725, 7335 2730, 7325 2730, 7315 2730, 7310 2735, 7305 2740, 7295 2740, 7290 2735, 7285 2730, 7275 2730, 7265 2730, 7255 2730, 7250 2735, 7245 2740, 7240 2745, 7235 2750, 7230 2755, 7225 2760, 7220 2765, 7220 2775, 7220 2785, 7220 2795, 7220 2805, 7220 2815, 7215 2820, 7210 2825, 7205 2830, 7200 2835, 7200 2845, 7200 2855, 7195 2860, 7190 2865, 7190 2875, 7190 2885, 7185 2890, 7180 2895, 7175 2900, 7165 2900, 7160 2905, 7155 2910, 7150 2915, 7145 2920), (7160 2755, 7165 2750, 7170 2745, 7175 2740, 7180 2735, 7175 2730, 7170 2725, 7165 2720, 7160 2715, 7165 2710, 7170 2705, 7175 2700, 7180 2695, 7175 2690, 7170 2685, 7165 2680, 7160 2675, 7155 2670, 7150 2665, 7145 2660, 7135 2660, 7130 2655, 7125 2650, 7120 2645, 7115 2640, 7110 2645, 7105 2650, 7100 2655, 7095 2660, 7090 2665, 7090 2675, 7090 2685, 7085 2690, 7080 2695, 7075 2700, 7070 2705, 7075 2710, 7080 2715, 7085 2720, 7090 2725, 7095 2730, 7100 2725, 7105 2720, 7110 2725, 7115 2730, 7125 2730, 7130 2735, 7135 2740, 7140 2745, 7145 2750, 7150 2755, 7155 2760, 7160 2755))"
peri,7,R1_2_T,7,350.0,1,8175.0,2510.0,"POLYGON ((8175 2530, 8170 2525, 8170 2515, 8170 2505, 8170 2495, 8175 2490, 8180 2495, 8180 2505, 8180 2515, 8180 2525, 8175 2530))"
peri,17,P3_1_C,17,7350.0,1,7265.833333333333,2816.4455782312925,"POLYGON ((7225 2890, 7215 2890, 7210 2885, 7210 2875, 7215 2870, 7220 2865, 7220 2855, 7220 2845, 7225 2840, 7230 2835, 7235 2830, 7240 2825, 7240 2815, 7240 2805, 7240 2795, 7240 2785, 7245 2780, 7250 2775, 7255 2770, 7260 2765, 7265 2760, 7275 2760, 7285 2760, 7295 2760, 7305 2760, 7315 2760, 7320 2765, 7320 2775, 7320 2785, 7315 2790, 7310 2795, 7310 2805, 7305 2810, 7300 2815, 7300 2825, 7295 2830, 7290 2835, 7285 2840, 7280 2845, 7275 2850, 7270 2855, 7265 2860, 7260 2865, 7255 2870, 7250 2875, 7245 2880, 7235 2880, 7230 2885, 7225 2890))"
peri,0,P3_1_C,18;20;23;24;27;28,297250.0,1,5939.669890664424,3081.2417998317915,"POLYGON ((6575 3400, 6570 3395, 6570 3385, 6570 3375, 6575 3370, 6580 3365, 6585 3360, 6590 3355, 6585 3350, 6580 3345, 6580 3335, 6580 3325, 6575 3320, 6570 3315, 6565 3310, 6560 3305, 6555 3300, 6550 3295, 6545 3290, 6535 3290, 6530 3285, 6525 3280, 6515 3280, 6510 3275, 6505 3270, 6500 3265, 6495 3260, 6490 3255, 6485 3250, 6475 3250, 6465 3250, 6460 3245, 6455 3240, 6445 3240, 6435 3240, 6430 3235, 6425 3230, 6420 3225, 6415 3220, 6405 3220, 6395 3220, 6390 3225, 6385 3230, 6380 3235, 6375 3240, 6370 3235, 6365 3230, 6360 3225, 6355 3220, 6350 3215, 6345 3210, 6335 3210, 6325 3210, 6320 3215, 6315 3220, 6305 3220, 6300 3225, 6295 3230, 6290 3235, 6285 3240, 6275 3240, 6270 3235, 6265 3230, 6255 3230, 6250 3225, 6245 3220, 6240 3215, 6235 3210, 6230 3205, 6225 3200, 6220 3195, 6215 3190, 6210 3185, 6205 3180, 6195 3180, 6190 3175, 6185 3170, 6180 3175, 6175 3180, 6170 3185, 6165 3190, 6155 3190, 6150 3185, 6145 3180, 6140 3175, 6135 3170, 6130 3165, 6125 3160, 6120 3165, 6115 3170, 6110 3175, 6105 3180, 6100 3185, 6095 3190, 6085 3190, 6080 3185, 6075 3180, 6070 3175, 6065 3170, 6060 3175, 6055 3180, 6050 3175, 6045 3170, 6040 3165, 6035 3160, 6030 3155, 6025 3150, 6020 3145, 6015 3140, 6010 3135, 6005 3130, 5995 3130, 5985 3130, 5975 3130, 5965 3130, 5960 3125, 5955 3120, 5950 3125, 5945 3130, 5935 3130, 5930 3135, 5925 3140, 5920 3145, 5915 3150, 5910 3155, 5905 3160, 5900 3165, 5895 3170, 5890 3175, 5885 3180, 5875 3180, 5870 3185, 5865 3190, 5855 3190, 5850 3195, 5845 3200, 5840 3205, 5835 3210, 5830 3215, 5825 3220, 5820 3225, 5815 3230, 5805 3230, 5795 3230, 5790 3235, 5785 3240, 5780 3245, 5775 3250, 5770 3255, 5765 3260, 5760 3265, 5765 3270, 5770 3275, 5775 3280, 5780 3285, 5775 3290, 5765 3290, 5760 3285, 5755 3280, 5745 3280, 5735 3280, 5725 3280, 5715 3280, 5710 3275, 5705 3270, 5700 3275, 5695 3280, 5685 3280, 5675 3280, 5670 3275, 5670 3265, 5670 3255, 5665 3250, 5660 3245, 5655 3240, 5650 3235, 5645 3230, 5640 3225, 5635 3220, 5630 3215, 5625 3210, 5620 3205, 5615 3200, 5605 3200, 5600 3195, 5595 3190, 5585 3190, 5575 3190, 5565 3190, 5555 3190, 5545 3190, 5540 3185, 5535 3180, 5525 3180, 5515 3180, 5505 3180, 5500 3175, 5495 3170, 5485 3170, 5475 3170, 5465 3170, 5455 3170, 5450 3165, 5455 3160, 5465 3160, 5475 3160, 5480 3155, 5485 3150, 5490 3145, 5495 3140, 5500 3135, 5495 3130, 5490 3125, 5490 3115, 5490 3105, 5485 3100, 5480 3095, 5475 3090, 5470 3085, 5470 3075, 5470 3065, 5470 3055, 5475 3050, 5480 3045, 5480 3035, 5475 3030, 5470 3025, 5465 3020, 5460 3015, 5460 3005, 5455 3000, 5450 2995, 5445 2990, 5440 2985, 5435 2980, 5425 2980, 5420 2975, 5415 2970, 5410 2965, 5405 2960, 5400 2965, 5395 2970, 5385 2970, 5380 2965, 5375 2960, 5370 2955, 5365 2950, 5355 2950, 5345 2950, 5335 2950, 5330 2955, 5325 2960, 5320 2965, 5315 2970, 5310 2975, 5305 2980, 5295 2980, 5290 2985, 5285 2990, 5280 2995, 5275 3000, 5270 3005, 5265 3010, 5260 3005, 5255 3000, 5250 2995, 5245 2990, 5240 2985, 5240 2975, 5235 2970, 5230 2965, 5225 2960, 5220 2955, 5220 2945, 5220 2935, 5220 2925, 5220 2915, 5215 2910, 5210 2905, 5215 2900, 5220 2895, 5220 2885, 5220 2875, 5220 2865, 5215 2860, 5210 2855, 5215 2850, 5220 2845, 5215 2840, 5210 2835, 5215 2830, 5225 2830, 5230 2825, 5235 2820, 5240 2815, 5245 2810, 5255 2810, 5260 2805, 5265 2800, 5275 2800, 5280 2795, 5285 2790, 5295 2790, 5305 2790, 5315 2790, 5325 2790, 5335 2790, 5345 2790, 5355 2790, 5365 2790, 5375 2790, 5385 2790, 5395 2790, 5405 2790, 5415 2790, 5420 2795, 5425 2800, 5435 2800, 5445 2800, 5455 2800, 5460 2805, 5465 2810, 5475 2810, 5480 2815, 5485 2820, 5495 2820, 5500 2825, 5505 2830, 5510 2835, 5515 2840, 5525 2840, 5530 2845, 5535 2850, 5540 2855, 5545 2860, 5555 2860, 5560 2865, 5565 2870, 5570 2875, 5575 2880, 5580 2885, 5580 2895, 5585 2900, 5590 2905, 5595 2910, 5600 2915, 5600 2925, 5605 2930, 5610 2935, 5615 2940, 5620 2945, 5620 2955, 5625 2960, 5630 2965, 5630 2975, 5635 2980, 5640 2985, 5640 2995, 5640 3005, 5640 3015, 5640 3025, 5640 3035, 5640 3045, 5645 3050, 5650 3055, 5650 3065, 5650 3075, 5655 3080, 5660 3085, 5660 3095, 5660 3105, 5660 3115, 5665 3120, 5670 3115, 5675 3110, 5685 3110, 5690 3105, 5695 3100, 5700 3095, 5705 3090, 5715 3090, 5720 3085, 5725 3080, 5730 3075, 5735 3070, 5745 3070, 5750 3065, 5755 3060, 5760 3055, 5765 3050, 5775 3050, 5780 3045, 5785 3040, 5790 3035, 5795 3030, 5800 3025, 5805 3020, 5810 3015, 5815 3010, 5825 3010, 5830 3005, 5835 3000, 5840 2995, 5845 2990, 5855 2990, 5860 2985, 5865 2980, 5875 2980, 5880 2975, 5885 2970, 5895 2970, 5900 2965, 5905 2960, 5915 2960, 5925 2960, 5935 2960, 5945 2960, 5955 2960, 5965 2960, 5975 2960, 5985 2960, 5995 2960, 6005 2960, 6010 2965, 6015 2970, 6025 2970, 6035 2970, 6045 2970, 6055 2970, 6060 2975, 6065 2980, 6075 2980, 6080 2985, 6085 2990, 6095 2990, 6100 2995, 6105 3000, 6115 3000, 6125 3000, 6135 3000, 6145 3000, 6155 3000, 6165 3000, 6175 3000, 6180 3005, 6185 3010, 6195 3010, 6205 3010, 6215 3010, 6225 3010, 6235 3010, 6240 3015, 6245 3020, 6255 3020, 6260 3025, 6265 3030, 6275 3030, 6280 3035, 6285 3040, 6295 3040, 6300 3045, 6305 3050, 6315 3050, 6325 3050, 6335 3050, 6345 3050, 6355 3050, 6365 3050, 6375 3050, 6385 3050, 6395 3050, 6400 3055, 6405 3060, 6415 3060, 6425 3060, 6435 3060, 6445 3060, 6455 3060, 6465 3060, 6470 3065, 6475 3070, 6485 3070, 6490 3075, 6495 3080, 6505 3080, 6510 3085, 6515 3090, 6525 3090, 6535 3090, 6540 3095, 6545 3100, 6555 3100, 6560 3105, 6565 3110, 6575 3110, 6580 3115, 6585 3120, 6590 3125, 6595 3130, 6605 3130, 6610 3135, 6615 3140, 6620 3145, 6625 3150, 6635 3150, 6640 3155, 6645 3160, 6650 3165, 6655 3170, 6665 3170, 6670 3175, 6675 3180, 6680 3185, 6685 3190, 6690 3195, 6695 3200, 6700 3205, 6700 3215, 6705 3220, 6710 3225, 6715 3230, 6720 3235, 6720 3245, 6725 3250, 6730 3255, 6730 3265, 6735 3270, 6740 3275, 6735 3280, 6725 3280, 6720 3285, 6715 3290, 6710 3295, 6705 3300, 6700 3305, 6695 3310, 6690 3315, 6685 3320, 6680 3325, 6675 3330, 6670 3335, 6665 3340, 6655 3340, 6650 3345, 6645 3350, 6640 3355, 6635 3360, 6630 3365, 6625 3370, 6615 3370, 6605 3370, 6600 3375, 6595 3380, 6590 3385, 6585 3390, 6580 3395, 6575 3400))"
peri,0,,18;20,48650.0,1,5325.489037341556,3137.743233984241,"POLYGON ((5525 3300, 5515 3300, 5505 3300, 5500 3295, 5495 3290, 5485 3290, 5480 3285, 5475 3280, 5465 3280, 5455 3280, 5445 3280, 5440 3275, 5435 3270, 5425 3270, 5415 3270, 5410 3265, 5405 3260, 5395 3260, 5385 3260, 5380 3255, 5375 3250, 5365 3250, 5355 3250, 5350 3245, 5345 3240, 5335 3240, 5330 3235, 5325 3230, 5320 3225, 5315 3220, 5305 3220, 5300 3215, 5295 3210, 5290 3205, 5285 3200, 5275 3200, 5270 3195, 5265 3190, 5260 3185, 5255 3180, 5250 3175, 5245 3170, 5240 3165, 5235 3160, 5230 3155, 5225 3150, 5220 3145, 5215 3140, 5210 3135, 5210 3125, 5205 3120, 5200 3115, 5195 3110, 5190 3105, 5190 3095, 5185 3090, 5180 3085, 5180 3075, 5175 3070, 5170 3065, 5165 3060, 5160 3055, 5160 3045, 5155 3040, 5150 3035, 5150 3025, 5145 3020, 5140 3015, 5135 3010, 5130 3005, 5130 2995, 5130 2985, 5130 2975, 5130 2965, 5130 2955, 5135 2950, 5140 2945, 5140 2935, 5145 2930, 5150 2925, 5150 2915, 5155 2910, 5160 2905, 5165 2900, 5170 2895, 5175 2890, 5180 2885, 5185 2880, 5190 2875, 5195 2870, 5200 2875, 5200 2885, 5195 2890, 5190 2895, 5190 2905, 5190 2915, 5195 2920, 5200 2925, 5195 2930, 5190 2935, 5195 2940, 5200 2945, 5200 2955, 5200 2965, 5205 2970, 5210 2975, 5215 2980, 5220 2985, 5220 2995, 5225 3000, 5230 3005, 5235 3010, 5240 3015, 5245 3020, 5250 3025, 5250 3035, 5250 3045, 5255 3050, 5260 3055, 5265 3060, 5270 3065, 5270 3075, 5275 3080, 5280 3085, 5285 3090, 5290 3095, 5295 3100, 5300 3105, 5300 3115, 5305 3120, 5315 3120, 5320 3125, 5325 3130, 5330 3135, 5335 3140, 5345 3140, 5350 3145, 5355 3150, 5360 3155, 5365 3160, 5370 3165, 5375 3170, 5385 3170, 5395 3170, 5405 3170, 5410 3175, 5415 3180, 5425 3180, 5435 3180, 5440 3185, 5445 3190, 5455 3190, 5465 3190, 5475 3190, 5485 3190, 5490 3195, 5495 3200, 5505 3200, 5515 3200, 5520 3205, 5525 3210, 5535 3210, 5540 3215, 5545 3220, 5555 3220, 5565 3220, 5570 3225, 5575 3230, 5580 3235, 5585 3240, 5590 3245, 5590 3255, 5585 3260, 5580 3265, 5575 3270, 5570 3275, 5565 3280, 5555 3280, 5550 3285, 5545 3290, 5535 3290, 5530 3295, 5525 3300))"
peri,0,R1_2_T,19;21,55550.0,1,8004.858985898591,3262.8652865286526,"POLYGON ((8075 3550, 8065 3550, 8055 3550, 8045 3550, 8035 3550, 8030 3545, 8025 3540, 8015 3540, 8010 3535, 8005 3530, 7995 3530, 7990 3525, 7985 3520, 7980 3515, 7975 3510, 7970 3505, 7965 3500, 7960 3495, 7955 3490, 7950 3485, 7945 3480, 7940 3475, 7940 3465, 7935 3460, 7930 3455, 7930 3445, 7925 3440, 7920 3435, 7925 3430, 7930 3425, 7930 3415, 7930 3405, 7925 3400, 7920 3395, 7920 3385, 7920 3375, 7920 3365, 7920 3355, 7920 3345, 7915 3340, 7910 3335, 7910 3325, 7910 3315, 7910 3305, 7910 3295, 7915 3290, 7920 3285, 7920 3275, 7920 3265, 7920 3255, 7925 3250, 7930 3245, 7930 3235, 7930 3225, 7935 3220, 7940 3215, 7940 3205, 7945 3200, 7950 3195, 7950 3185, 7955 3180, 7960 3175, 7965 3170, 7970 3165, 7970 3155, 7970 3145, 7975 3140, 7980 3135, 7980 3125, 7985 3120, 7990 3115, 7990 3105, 7990 3095, 7990 3085, 7995 3080, 8000 3075, 8000 3065, 8000 3055, 8000 3045, 8005 3040, 8010 3035, 8010 3025, 8010 3015, 8015 3010, 8020 3005, 8020 2995, 8025 2990, 8030 2985, 8035 2980, 8040 2975, 8045 2970, 8055 2970, 8060 2965, 8065 2960, 8075 2960, 8085 2960, 8090 2965, 8090 2975, 8095 2980, 8100 2985, 8100 2995, 8100 3005, 8105 3010, 8110 3015, 8105 3020, 8100 3025, 8100 3035, 8100 3045, 8095 3050, 8090 3055, 8090 3065, 8090 3075, 8090 3085, 8090 3095, 8090 3105, 8085 3110, 8080 3115, 8080 3125, 8080 3135, 8075 3140, 8070 3145, 8070 3155, 8070 3165, 8065 3170, 8060 3175, 8060 3185, 8055 3190, 8050 3195, 8050 3205, 8050 3215, 8045 3220, 8040 3225, 8035 3230, 8030 3235, 8025 3240, 8020 3245, 8020 3255, 8015 3260, 8010 3265, 8015 3270, 8020 3275, 8015 3280, 8010 3285, 8010 3295, 8010 3305, 8010 3315, 8005 3320, 8000 3325, 8000 3335, 8000 3345, 8005 3350, 8010 3355, 8010 3365, 8010 3375, 8010 3385, 8010 3395, 8015 3400, 8020 3405, 8020 3415, 8025 3420, 8030 3425, 8030 3435, 8030 3445, 8035 3450, 8045 3450, 8055 3450, 8060 3455, 8065 3460, 8070 3465, 8070 3475, 8070 3485, 8075 3490, 8080 3495, 8075 3500, 8065 3500, 8060 3505, 8060 3515, 8065 3520, 8070 3525, 8075 3530, 8080 3535, 8080 3545, 8075 3550))"
peri,0,P3_1_C,20;23;24;25;27;28,97050.0,1,6179.3568607247125,3440.1657221363557,"POLYGON ((6485 3550, 6475 3550, 6465 3550, 6455 3550, 6445 3550, 6435 3550, 6425 3550, 6415 3550, 6410 3545, 6405 3540, 6395 3540, 6385 3540, 6375 3540, 6365 3540, 6355 3540, 6345 3540, 6335 3540, 6325 3540, 6315 3540, 6305 3540, 6295 3540, 6285 3540, 6275 3540, 6265 3540, 6260 3535, 6255 3530, 6250 3525, 6245 3520, 6240 3515, 6235 3510, 6230 3505, 6230 3495, 6225 3490, 6220 3485, 6220 3475, 6215 3470, 6210 3465, 6205 3460, 6200 3465, 6195 3470, 6190 3475, 6185 3480, 6175 3480, 6170 3485, 6165 3490, 6155 3490, 6150 3495, 6145 3500, 6135 3500, 6125 3500, 6120 3495, 6115 3490, 6105 3490, 6095 3490, 6085 3490, 6075 3490, 6065 3490, 6055 3490, 6050 3495, 6045 3500, 6040 3505, 6035 3510, 6030 3515, 6025 3520, 6015 3520, 6005 3520, 5995 3520, 5985 3520, 5975 3520, 5965 3520, 5960 3525, 5955 3530, 5950 3525, 5945 3520, 5935 3520, 5925 3520, 5915 3520, 5910 3515, 5905 3510, 5900 3505, 5895 3500, 5890 3495, 5885 3490, 5880 3485, 5875 3480, 5870 3475, 5865 3470, 5860 3465, 5855 3460, 5850 3455, 5845 3450, 5840 3445, 5835 3440, 5825 3440, 5820 3435, 5815 3430, 5805 3430, 5800 3425, 5795 3420, 5790 3415, 5785 3410, 5775 3410, 5770 3405, 5765 3400, 5755 3400, 5750 3395, 5745 3390, 5735 3390, 5725 3390, 5720 3385, 5715 3380, 5705 3380, 5695 3380, 5685 3380, 5675 3380, 5665 3380, 5660 3375, 5655 3370, 5650 3365, 5645 3360, 5640 3355, 5640 3345, 5635 3340, 5630 3335, 5630 3325, 5625 3320, 5620 3315, 5620 3305, 5620 3295, 5620 3285, 5620 3275, 5625 3270, 5630 3275, 5635 3280, 5645 3280, 5650 3285, 5655 3290, 5660 3295, 5665 3300, 5670 3305, 5675 3310, 5680 3305, 5685 3300, 5695 3300, 5705 3300, 5715 3300, 5725 3300, 5730 3305, 5735 3310, 5740 3305, 5745 3300, 5750 3305, 5755 3310, 5765 3310, 5775 3310, 5780 3315, 5785 3320, 5790 3325, 5795 3330, 5805 3330, 5810 3335, 5815 3340, 5825 3340, 5835 3340, 5840 3345, 5845 3350, 5855 3350, 5865 3350, 5870 3355, 5875 3360, 5880 3365, 5885 3370, 5895 3370, 5900 3375, 5905 3380, 5910 3385, 5915 3390, 5920 3395, 5925 3400, 5930 3405, 5930 3415, 5930 3425, 5930 3435, 5935 3440, 5940 3445, 5945 3450, 5950 3455, 5955 3460, 5960 3465, 5965 3470, 5970 3475, 5975 3480, 5980 3475, 5980 3465, 5985 3460, 5990 3455, 5990 3445, 5990 3435, 5995 3430, 6000 3425, 6000 3415, 6005 3410, 6015 3410, 6020 3405, 6025 3400, 6035 3400, 6045 3400, 6050 3395, 6055 3390, 6060 3395, 6065 3400, 6075 3400, 6080 3395, 6085 3390, 6095 3390, 6105 3390, 6115 3390, 6120 3395, 6125 3400, 6130 3405, 6135 3410, 6140 3415, 6140 3425, 6145 3430, 6155 3430, 6160 3435, 6165 3440, 6170 3435, 6175 3430, 6185 3430, 6195 3430, 6205 3430, 6215 3430, 6225 3430, 6235 3430, 6240 3435, 6245 3440, 6250 3445, 6255 3450, 6265 3450, 6270 3455, 6275 3460, 6285 3460, 6295 3460, 6305 3460, 6315 3460, 6320 3455, 6325 3450, 6335 3450, 6340 3455, 6345 3460, 6355 3460, 6365 3460, 6370 3455, 6375 3450, 6380 3455, 6385 3460, 6395 3460, 6405 3460, 6410 3465, 6415 3470, 6420 3465, 6425 3460, 6435 3460, 6445 3460, 6450 3455, 6455 3450, 6460 3455, 6465 3460, 6475 3460, 6485 3460, 6490 3465, 6495 3470, 6500 3465, 6505 3460, 6510 3455, 6515 3450, 6520 3445, 6525 3440, 6530 3435, 6535 3430, 6545 3430, 6555 3430, 6565 3430, 6570 3435, 6575 3440, 6580 3445, 6585 3450, 6590 3445, 6590 3435, 6590 3425, 6595 3420, 6600 3415, 6605 3410, 6610 3405, 6615 3400, 6620 3395, 6625 3390, 6635 3390, 6640 3385, 6645 3380, 6650 3375, 6655 3370, 6660 3365, 6665 3360, 6675 3360, 6680 3355, 6685 3350, 6690 3345, 6695 3340, 6700 3335, 6705 3330, 6710 3325, 6715 3320, 6720 3315, 6725 3310, 6730 3315, 6730 3325, 6730 3335, 6730 3345, 6735 3350, 6740 3355, 6735 3360, 6730 3365, 6730 3375, 6730 3385, 6730 3395, 6730 3405, 6725 3410, 6720 3415, 6720 3425, 6715 3430, 6710 3435, 6705 3440, 6700 3445, 6695 3450, 6685 3450, 6680 3455, 6675 3460, 6670 3465, 6665 3470, 6655 3470, 6650 3475, 6645 3480, 6640 3485, 6635 3490, 6625 3490, 6620 3495, 6615 3500, 6605 3500, 6600 3505, 6595 3510, 6585 3510, 6575 3510, 6565 3510, 6560 3515, 6555 3520, 6545 3520, 6540 3525, 6535 3530, 6525 3530, 6520 3535, 6515 3540, 6505 3540, 6495 3540, 6490 3545, 6485 3550))"
peri,0,P3_1_C,20;23;24;25;27;28,20650.0,1,6236.698950766747,3368.2526230831318,"POLYGON ((6355 3440, 6350 3435, 6345 3430, 6335 3430, 6325 3430, 6315 3430, 6310 3435, 6305 3440, 6295 3440, 6285 3440, 6280 3435, 6275 3430, 6265 3430, 6260 3425, 6255 3420, 6250 3415, 6245 3410, 6235 3410, 6230 3405, 6225 3400, 6215 3400, 6210 3405, 6205 3410, 6200 3405, 6195 3400, 6190 3405, 6185 3410, 6175 3410, 6170 3405, 6165 3400, 6155 3400, 6150 3395, 6145 3390, 6140 3385, 6135 3380, 6130 3375, 6125 3370, 6120 3365, 6115 3360, 6105 3360, 6100 3355, 6105 3350, 6110 3345, 6115 3340, 6125 3340, 6130 3335, 6135 3330, 6145 3330, 6150 3325, 6155 3320, 6165 3320, 6170 3315, 6175 3310, 6185 3310, 6195 3310, 6200 3305, 6205 3300, 6210 3295, 6215 3290, 6225 3290, 6235 3290, 6240 3295, 6245 3300, 6250 3305, 6255 3310, 6260 3315, 6265 3320, 6270 3325, 6275 3330, 6280 3335, 6285 3340, 6295 3340, 6305 3340, 6310 3345, 6315 3350, 6320 3355, 6325 3360, 6330 3365, 6335 3370, 6340 3375, 6340 3385, 6345 3390, 6350 3395, 6350 3405, 6350 3415, 6355 3420, 6360 3425, 6360 3435, 6355 3440))"
peri,0,R1_2_T,26;29;30,83550.0,1,8935.332635148614,3851.321065230401,"POLYGON ((8895 3960, 8890 3955, 8885 3950, 8875 3950, 8865 3950, 8855 3950, 8850 3945, 8845 3940, 8835 3940, 8825 3940, 8815 3940, 8805 3940, 8795 3940, 8790 3935, 8785 3930, 8775 3930, 8765 3930, 8755 3930, 8745 3930, 8735 3930, 8725 3930, 8715 3930, 8705 3930, 8695 3930, 8685 3930, 8680 3925, 8675 3920, 8665 3920, 8655 3920, 8645 3920, 8635 3920, 8625 3920, 8615 3920, 8610 3915, 8605 3910, 8595 3910, 8585 3910, 8575 3910, 8565 3910, 8555 3910, 8545 3910, 8535 3910, 8530 3915, 8525 3920, 8520 3915, 8515 3910, 8510 3905, 8505 3900, 8500 3895, 8495 3890, 8490 3885, 8485 3880, 8480 3875, 8480 3865, 8475 3860, 8470 3855, 8470 3845, 8465 3840, 8455 3840, 8450 3835, 8445 3830, 8435 3830, 8430 3825, 8425 3820, 8415 3820, 8410 3815, 8405 3810, 8400 3805, 8405 3800, 8415 3800, 8425 3800, 8430 3805, 8435 3810, 8445 3810, 8455 3810, 8460 3815, 8465 3820, 8470 3825, 8475 3830, 8480 3835, 8485 3840, 8490 3835, 8495 3830, 8500 3825, 8505 3820, 8515 3820, 8525 3820, 8530 3815, 8535 3810, 8545 3810, 8550 3815, 8555 3820, 8565 3820, 8575 3820, 8585 3820, 8590 3825, 8595 3830, 8605 3830, 8610 3825, 8615 3820, 8625 3820, 8630 3825, 8635 3830, 8645 3830, 8655 3830, 8665 3830, 8675 3830, 8685 3830, 8695 3830, 8705 3830, 8710 3835, 8715 3840, 8725 3840, 8735 3840, 8740 3835, 8745 3830, 8750 3835, 8755 3840, 8765 3840, 8775 3840, 8780 3845, 8785 3850, 8790 3845, 8795 3840, 8805 3840, 8815 3840, 8825 3840, 8830 3845, 8835 3850, 8845 3850, 8855 3850, 8860 3855, 8865 3860, 8875 3860, 8885 3860, 8890 3865, 8895 3870, 8905 3870, 8915 3870, 8920 3865, 8925 3860, 8935 3860, 8940 3865, 8945 3870, 8955 3870, 8965 3870, 8970 3865, 8975 3860, 8980 3865, 8985 3870, 8990 3865, 8995 3860, 9005 3860, 9015 3860, 9025 3860, 9030 3855, 9035 3850, 9040 3845, 9045 3840, 9050 3835, 9055 3830, 9060 3825, 9060 3815, 9065 3810, 9070 3805, 9075 3800, 9080 3795, 9085 3790, 9095 3790, 9100 3785, 9105 3780, 9110 3775, 9115 3770, 9125 3770, 9135 3770, 9140 3765, 9145 3760, 9155 3760, 9165 3760, 9170 3755, 9175 3750, 9185 3750, 9190 3755, 9195 3760, 9205 3760, 9215 3760, 9220 3755, 9225 3750, 9235 3750, 9245 3750, 9255 3750, 9260 3745, 9265 3740, 9270 3735, 9275 3730, 9285 3730, 9295 3730, 9300 3725, 9305 3720, 9315 3720, 9325 3720, 9335 3720, 9345 3720, 9350 3725, 9355 3730, 9360 3735, 9365 3740, 9370 3745, 9370 3755, 9370 3765, 9375 3770, 9380 3775, 9375 3780, 9370 3785, 9365 3790, 9360 3795, 9365 3800, 9370 3805, 9370 3815, 9370 3825, 9375 3830, 9380 3835, 9375 3840, 9370 3845, 9365 3850, 9360 3845, 9355 3840, 9345 3840, 9340 3845, 9335 3850, 9325 3850, 9320 3855, 9315 3860, 9305 3860, 9300 3855, 9300 3845, 9300 3835, 9295 3830, 9285 3830, 9275 3830, 9270 3835, 9265 3840, 9255 3840, 9245 3840, 9240 3845, 9235 3850, 9225 3850, 9215 3850, 9205 3850, 9195 3850, 9185 3850, 9175 3850, 9170 3855, 9165 3860, 9155 3860, 9150 3865, 9145 3870, 9135 3870, 9130 3875, 9125 3880, 9120 3885, 9115 3890, 9110 3895, 9105 3900, 9100 3905, 9095 3910, 9090 3915, 9085 3920, 9075 3920, 9070 3925, 9065 3930, 9060 3925, 9055 3920, 9045 3920, 9035 3920, 9025 3920, 9015 3920, 9010 3915, 9005 3910, 8995 3910, 8990 3905, 8985 3900, 8975 3900, 8970 3905, 8965 3910, 8960 3915, 8955 3920, 8950 3925, 8945 3930, 8940 3935, 8935 3940, 8925 3940, 8920 3945, 8915 3950, 8905 3950, 8900 3955, 8895 3960))"
peri,0,R1_2_T,,1150.0,1,8340.0,3753.2608695652175,"POLYGON ((8365 3780, 8360 3775, 8355 3770, 8350 3765, 8345 3760, 8335 3760, 8325 3760, 8320 3755, 8315 3750, 8310 3745, 8310 3735, 8315 3730, 8320 3735, 8325 3740, 8335 3740, 8345 3740, 8350 3745, 8355 3750, 8360 3755, 8365 3760, 8370 3765, 8370 3775, 8365 3780))"
peri,0,,31;33;34,122750.0,1,594.3027834351664,7870.586558044806,"POLYGON ((855 8500, 845 8500, 840 8495, 835 8490, 825 8490, 815 8490, 805 8490, 795 8490, 790 8485, 785 8480, 775 8480, 770 8475, 765 8470, 755 8470, 750 8465, 750 8455, 750 8445, 745 8440, 740 8435, 735 8430, 730 8425, 730 8415, 725 8410, 720 8405, 715 8400, 710 8395, 710 8385, 705 8380, 700 8375, 695 8370, 690 8365, 690 8355, 685 8350, 680 8345, 675 8340, 670 8335, 670 8325, 670 8315, 665 8310, 660 8305, 660 8295, 660 8285, 660 8275, 655 8270, 650 8265, 650 8255, 650 8245, 645 8240, 640 8235, 640 8225, 635 8220, 630 8215, 625 8210, 620 8205, 615 8200, 610 8195, 610 8185, 605 8180, 600 8175, 595 8170, 590 8165, 590 8155, 585 8150, 580 8145, 580 8135, 575 8130, 570 8125, 570 8115, 565 8110, 560 8105, 560 8095, 555 8090, 550 8085, 550 8075, 545 8070, 540 8065, 540 8055, 535 8050, 530 8045, 530 8035, 530 8025, 525 8020, 520 8015, 520 8005, 520 7995, 520 7985, 520 7975, 515 7970, 510 7965, 505 7960, 500 7955, 500 7945, 500 7935, 500 7925, 495 7920, 490 7915, 490 7905, 490 7895, 485 7890, 480 7885, 480 7875, 475 7870, 470 7865, 470 7855, 470 7845, 465 7840, 460 7835, 460 7825, 460 7815, 460 7805, 455 7800, 450 7795, 450 7785, 450 7775, 450 7765, 450 7755, 450 7745, 450 7735, 450 7725, 450 7715, 450 7705, 450 7695, 450 7685, 450 7675, 455 7670, 460 7665, 460 7655, 460 7645, 460 7635, 460 7625, 460 7615, 460 7605, 460 7595, 455 7590, 450 7585, 450 7575, 450 7565, 450 7555, 455 7550, 460 7545, 460 7535, 460 7525, 460 7515, 460 7505, 460 7495, 460 7485, 465 7480, 470 7475, 470 7465, 470 7455, 475 7450, 480 7445, 480 7435, 480 7425, 485 7420, 490 7415, 490 7405, 490 7395, 495 7390, 500 7385, 500 7375, 505 7370, 510 7365, 510 7355, 515 7350, 520 7345, 525 7340, 530 7335, 535 7330, 540 7325, 540 7315, 545 7310, 550 7305, 550 7295, 555 7290, 560 7285, 560 7275, 565 7270, 570 7265, 570 7255, 575 7250, 585 7250, 595 7250, 605 7250, 615 7250, 620 7245, 625 7240, 630 7245, 635 7250, 645 7250, 655 7250, 665 7250, 670 7255, 665 7260, 660 7265, 660 7275, 660 7285, 655 7290, 650 7295, 650 7305, 650 7315, 645 7320, 640 7325, 635 7330, 630 7335, 630 7345, 625 7350, 620 7355, 620 7365, 615 7370, 610 7375, 605 7380, 600 7385, 595 7390, 590 7395, 590 7405, 585 7410, 580 7415, 585 7420, 590 7425, 585 7430, 580 7435, 580 7445, 580 7455, 575 7460, 570 7465, 570 7475, 565 7480, 560 7485, 560 7495, 560 7505, 560 7515, 555 7520, 550 7525, 555 7530, 560 7535, 555 7540, 550 7545, 550 7555, 550 7565, 550 7575, 550 7585, 550 7595, 550 7605, 550 7615, 550 7625, 555 7630, 560 7635, 560 7645, 555 7650, 550 7655, 550 7665, 550 7675, 550 7685, 550 7695, 550 7705, 545 7710, 540 7715, 540 7725, 540 7735, 540 7745, 540 7755, 545 7760, 550 7765, 550 7775, 550 7785, 550 7795, 555 7800, 560 7805, 560 7815, 560 7825, 560 7835, 560 7845, 565 7850, 570 7855, 570 7865, 570 7875, 570 7885, 575 7890, 580 7895, 580 7905, 580 7915, 585 7920, 590 7925, 590 7935, 590 7945, 595 7950, 600 7955, 600 7965, 600 7975, 605 7980, 610 7985, 610 7995, 615 8000, 620 8005, 620 8015, 625 8020, 630 8025, 630 8035, 635 8040, 640 8045, 640 8055, 645 8060, 650 8065, 655 8070, 660 8075, 660 8085, 660 8095, 665 8100, 670 8105, 670 8115, 675 8120, 680 8125, 680 8135, 685 8140, 690 8145, 690 8155, 695 8160, 700 8165, 705 8170, 710 8175, 710 8185, 715 8190, 720 8195, 720 8205, 725 8210, 730 8215, 735 8220, 740 8225, 740 8235, 740 8245, 745 8250, 750 8255, 750 8265, 750 8275, 750 8285, 755 8290, 760 8295, 765 8300, 770 8305, 770 8315, 775 8320, 780 8325, 780 8335, 785 8340, 790 8345, 790 8355, 795 8360, 800 8365, 800 8375, 805 8380, 810 8385, 815 8390, 820 8395, 820 8405, 825 8410, 830 8415, 830 8425, 835 8430, 840 8435, 840 8445, 840 8455, 845 8460, 850 8465, 855 8470, 860 8475, 860 8485, 860 8495, 855 8500))"
peri,0,P3_1_T,31;33;34,296450.0,1,904.1729915106539,7847.930511047394,"POLYGON ((935 8500, 925 8500, 915 8500, 905 8500, 900 8495, 895 8490, 890 8485, 885 8480, 880 8475, 880 8465, 875 8460, 870 8455, 865 8450, 860 8445, 860 8435, 860 8425, 855 8420, 850 8415, 850 8405, 845 8400, 840 8395, 840 8385, 835 8380, 830 8375, 825 8370, 820 8365, 820 8355, 815 8350, 810 8345, 810 8335, 810 8325, 815 8320, 820 8325, 825 8330, 830 8335, 835 8340, 840 8345, 845 8350, 855 8350, 860 8345, 865 8340, 875 8340, 880 8345, 885 8350, 890 8345, 895 8340, 900 8335, 905 8330, 910 8325, 910 8315, 905 8310, 900 8305, 895 8300, 890 8295, 890 8285, 885 8280, 880 8275, 875 8270, 870 8265, 865 8260, 860 8255, 855 8250, 845 8250, 840 8245, 835 8240, 825 8240, 815 8240, 810 8235, 805 8230, 795 8230, 790 8235, 785 8240, 780 8245, 775 8250, 770 8245, 765 8240, 760 8235, 760 8225, 760 8215, 755 8210, 750 8205, 745 8200, 740 8195, 740 8185, 735 8180, 730 8175, 730 8165, 725 8160, 720 8155, 715 8150, 710 8145, 710 8135, 715 8130, 720 8125, 725 8120, 730 8115, 730 8105, 735 8100, 740 8095, 740 8085, 745 8080, 750 8075, 750 8065, 750 8055, 750 8045, 750 8035, 745 8030, 740 8025, 735 8020, 730 8015, 725 8010, 720 8005, 715 8000, 710 8005, 705 8010, 700 8015, 695 8020, 690 8025, 685 8030, 675 8030, 665 8030, 655 8030, 650 8025, 650 8015, 645 8010, 640 8005, 640 7995, 635 7990, 630 7985, 630 7975, 625 7970, 620 7965, 620 7955, 620 7945, 615 7940, 610 7935, 610 7925, 610 7915, 605 7910, 600 7905, 600 7895, 600 7885, 595 7880, 590 7875, 590 7865, 590 7855, 595 7850, 605 7850, 610 7855, 615 7860, 620 7855, 625 7850, 635 7850, 645 7850, 655 7850, 660 7845, 665 7840, 675 7840, 685 7840, 690 7835, 695 7830, 705 7830, 710 7825, 715 7820, 720 7815, 725 7810, 735 7810, 740 7805, 745 7800, 755 7800, 765 7800, 775 7800, 785 7800, 795 7800, 805 7800, 810 7795, 815 7790, 820 7785, 825 7780, 835 7780, 845 7780, 850 7775, 855 7770, 865 7770, 870 7765, 875 7760, 885 7760, 895 7760, 900 7755, 905 7750, 915 7750, 920 7745, 925 7740, 935 7740, 940 7735, 945 7730, 950 7725, 955 7720, 965 7720, 970 7715, 975 7710, 980 7705, 985 7700, 995 7700, 1000 7695, 1005 7690, 1015 7690, 1025 7690, 1030 7685, 1035 7680, 1040 7675, 1045 7670, 1050 7665, 1055 7660, 1060 7655, 1060 7645, 1055 7640, 1050 7635, 1045 7630, 1040 7625, 1035 7620, 1030 7615, 1025 7610, 1020 7605, 1015 7600, 1005 7600, 1000 7595, 995 7590, 985 7590, 980 7585, 975 7580, 965 7580, 960 7575, 955 7570, 950 7565, 945 7560, 940 7555, 935 7550, 930 7545, 925 7540, 920 7535, 915 7530, 910 7525, 905 7520, 900 7515, 895 7510, 885 7510, 875 7510, 870 7505, 865 7500, 855 7500, 845 7500, 835 7500, 825 7500, 815 7500, 805 7500, 795 7500, 790 7495, 785 7490, 780 7485, 775 7480, 770 7475, 765 7470, 755 7470, 745 7470, 735 7470, 730 7465, 725 7460, 715 7460, 710 7455, 705 7450, 695 7450, 690 7445, 685 7440, 680 7435, 675 7430, 670 7425, 665 7420, 660 7415, 655 7410, 645 7410, 640 7405, 635 7400, 630 7395, 630 7385, 635 7380, 640 7375, 640 7365, 645 7360, 650 7355, 650 7345, 655 7340, 660 7335, 665 7330, 670 7325, 670 7315, 670 7305, 675 7300, 680 7295, 680 7285, 680 7275, 685 7270, 690 7265, 690 7255, 695 7250, 700 7255, 705 7260, 715 7260, 720 7265, 725 7270, 730 7275, 735 7280, 745 7280, 750 7285, 755 7290, 760 7295, 765 7300, 770 7305, 775 7310, 780 7315, 785 7320, 795 7320, 805 7320, 815 7320, 820 7325, 825 7330, 835 7330, 840 7335, 845 7340, 855 7340, 860 7345, 865 7350, 875 7350, 885 7350, 895 7350, 905 7350, 915 7350, 920 7355, 925 7360, 935 7360, 945 7360, 950 7365, 955 7370, 965 7370, 970 7375, 975 7380, 985 7380, 990 7385, 995 7390, 1000 7395, 1005 7400, 1010 7405, 1015 7410, 1020 7415, 1025 7420, 1030 7425, 1035 7430, 1040 7435, 1045 7440, 1050 7445, 1055 7450, 1065 7450, 1070 7455, 1075 7460, 1085 7460, 1090 7465, 1095 7470, 1105 7470, 1110 7475, 1115 7480, 1120 7485, 1125 7490, 1130 7495, 1135 7500, 1140 7505, 1145 7510, 1150 7515, 1155 7520, 1160 7525, 1165 7530, 1170 7535, 1175 7540, 1180 7545, 1185 7550, 1190 7555, 1190 7565, 1195 7570, 1200 7575, 1200 7585, 1205 7590, 1210 7595, 1210 7605, 1210 7615, 1210 7625, 1210 7635, 1210 7645, 1210 7655, 1210 7665, 1210 7675, 1210 7685, 1210 7695, 1210 7705, 1205 7710, 1200 7715, 1200 7725, 1195 7730, 1190 7735, 1190 7745, 1185 7750, 1180 7755, 1175 7760, 1170 7765, 1165 7770, 1160 7775, 1155 7780, 1150 7785, 1145 7790, 1140 7795, 1135 7800, 1130 7805, 1125 7810, 1120 7815, 1115 7820, 1105 7820, 1100 7825, 1095 7830, 1085 7830, 1080 7835, 1075 7840, 1065 7840, 1060 7845, 1055 7850, 1045 7850, 1040 7855, 1035 7860, 1030 7865, 1025 7870, 1015 7870, 1010 7875, 1005 7880, 995 7880, 990 7885, 985 7890, 975 7890, 970 7895, 965 7900, 955 7900, 950 7905, 945 7910, 935 7910, 925 7910, 920 7915, 915 7920, 905 7920, 900 7925, 895 7930, 885 7930, 880 7935, 880 7945, 880 7955, 885 7960, 890 7965, 890 7975, 895 7980, 900 7985, 900 7995, 900 8005, 900 8015, 900 8025, 900 8035, 900 8045, 900 8055, 900 8065, 900 8075, 900 8085, 900 8095, 905 8100, 910 8105, 915 8110, 925 8110, 930 8115, 935 8120, 945 8120, 950 8125, 955 8130, 960 8135, 965 8140, 970 8145, 975 8150, 980 8155, 985 8160, 990 8165, 995 8170, 1000 8175, 1005 8180, 1010 8185, 1015 8190, 1020 8195, 1020 8205, 1025 8210, 1030 8215, 1035 8220, 1040 8225, 1040 8235, 1045 8240, 1050 8245, 1050 8255, 1055 8260, 1060 8265, 1060 8275, 1060 8285, 1060 8295, 1060 8305, 1060 8315, 1060 8325, 1060 8335, 1060 8345, 1060 8355, 1060 8365, 1060 8375, 1055 8380, 1050 8385, 1050 8395, 1045 8400, 1040 8405, 1040 8415, 1035 8420, 1030 8425, 1025 8430, 1020 8435, 1015 8440, 1010 8445, 1005 8450, 1000 8455, 995 8460, 990 8465, 985 8470, 980 8475, 975 8480, 965 8480, 960 8485, 955 8490, 945 8490, 940 8495, 935 8500))"
peri,32,P3_1_T,32,110850.0,1,2458.271312584574,7505.155239813562,"POLYGON ((2545 7720, 2535 7720, 2525 7720, 2515 7720, 2505 7720, 2495 7720, 2485 7720, 2475 7720, 2465 7720, 2455 7720, 2445 7720, 2440 7715, 2435 7710, 2425 7710, 2415 7710, 2410 7705, 2405 7700, 2395 7700, 2390 7695, 2385 7690, 2375 7690, 2370 7685, 2365 7680, 2355 7680, 2350 7675, 2345 7670, 2340 7665, 2335 7660, 2330 7655, 2325 7650, 2320 7645, 2315 7640, 2310 7635, 2305 7630, 2300 7625, 2295 7620, 2290 7615, 2290 7605, 2285 7600, 2280 7595, 2280 7585, 2275 7580, 2270 7575, 2270 7565, 2270 7555, 2270 7545, 2270 7535, 2270 7525, 2270 7515, 2270 7505, 2270 7495, 2270 7485, 2270 7475, 2270 7465, 2275 7460, 2280 7455, 2280 7445, 2285 7440, 2290 7435, 2290 7425, 2295 7420, 2300 7415, 2300 7405, 2305 7400, 2310 7395, 2315 7390, 2320 7385, 2325 7380, 2330 7375, 2335 7370, 2340 7365, 2345 7360, 2350 7355, 2355 7350, 2360 7345, 2365 7340, 2375 7340, 2380 7335, 2385 7330, 2395 7330, 2400 7325, 2405 7320, 2415 7320, 2420 7315, 2425 7310, 2435 7310, 2445 7310, 2455 7310, 2465 7310, 2475 7310, 2485 7310, 2495 7310, 2505 7310, 2515 7310, 2525 7310, 2535 7310, 2545 7310, 2550 7315, 2555 7320, 2565 7320, 2570 7325, 2575 7330, 2585 7330, 2595 7330, 2605 7330, 2615 7330, 2625 7330, 2630 7335, 2635 7340, 2645 7340, 2650 7345, 2655 7350, 2665 7350, 2670 7355, 2670 7365, 2670 7375, 2670 7385, 2670 7395, 2675 7400, 2680 7405, 2675 7410, 2670 7415, 2665 7420, 2660 7425, 2655 7430, 2650 7435, 2650 7445, 2650 7455, 2645 7460, 2640 7465, 2635 7470, 2625 7470, 2620 7475, 2615 7480, 2610 7485, 2615 7490, 2620 7495, 2615 7500, 2610 7505, 2605 7510, 2600 7505, 2595 7500, 2590 7495, 2585 7490, 2580 7485, 2575 7480, 2565 7480, 2555 7480, 2545 7480, 2540 7485, 2535 7490, 2530 7485, 2525 7480, 2515 7480, 2510 7475, 2505 7470, 2500 7465, 2495 7460, 2485 7460, 2475 7460, 2470 7465, 2465 7470, 2455 7470, 2450 7475, 2445 7480, 2440 7485, 2435 7490, 2430 7495, 2430 7505, 2425 7510, 2420 7515, 2420 7525, 2425 7530, 2430 7535, 2435 7540, 2440 7545, 2445 7550, 2455 7550, 2460 7555, 2465 7560, 2475 7560, 2485 7560, 2490 7565, 2495 7570, 2500 7565, 2505 7560, 2510 7555, 2515 7550, 2525 7550, 2535 7550, 2545 7550, 2555 7550, 2560 7555, 2565 7560, 2575 7560, 2580 7555, 2585 7550, 2590 7545, 2595 7540, 2600 7545, 2600 7555, 2595 7560, 2590 7565, 2590 7575, 2590 7585, 2595 7590, 2600 7595, 2600 7605, 2605 7610, 2610 7615, 2605 7620, 2600 7625, 2600 7635, 2600 7645, 2600 7655, 2595 7660, 2590 7665, 2590 7675, 2590 7685, 2590 7695, 2590 7705, 2585 7710, 2575 7710, 2565 7710, 2555 7710, 2550 7715, 2545 7720))"
peri,32,P3_1_T,32,22450.0,1,2678.524498886414,7557.169636228657,"POLYGON ((2625 7700, 2615 7700, 2610 7695, 2610 7685, 2610 7675, 2615 7670, 2620 7665, 2620 7655, 2620 7645, 2625 7640, 2630 7635, 2635 7630, 2640 7625, 2640 7615, 2635 7610, 2630 7605, 2630 7595, 2625 7590, 2620 7585, 2620 7575, 2620 7565, 2620 7555, 2620 7545, 2625 7540, 2630 7535, 2630 7525, 2630 7515, 2635 7510, 2640 7505, 2640 7495, 2645 7490, 2650 7485, 2655 7480, 2660 7475, 2665 7470, 2670 7465, 2670 7455, 2670 7445, 2675 7440, 2680 7435, 2685 7430, 2690 7425, 2695 7420, 2705 7420, 2715 7420, 2720 7425, 2725 7430, 2730 7435, 2730 7445, 2735 7450, 2740 7455, 2740 7465, 2740 7475, 2740 7485, 2740 7495, 2740 7505, 2740 7515, 2735 7520, 2730 7525, 2725 7530, 2720 7535, 2720 7545, 2720 7555, 2720 7565, 2725 7570, 2730 7575, 2735 7580, 2740 7585, 2735 7590, 2730 7595, 2730 7605, 2725 7610, 2720 7615, 2720 7625, 2715 7630, 2710 7635, 2705 7640, 2700 7645, 2695 7650, 2690 7655, 2685 7660, 2680 7665, 2675 7670, 2670 7675, 2665 7680, 2655 7680, 2650 7685, 2645 7690, 2635 7690, 2630 7695, 2625 7700))"
deep,0,,1;4,19750.0,1,9206.784810126583,1140.168776371308,"POLYGON ((9285 1210, 9275 1210, 9265 1210, 9260 1205, 9255 1200, 9250 1195, 9245 1190, 9240 1195, 9235 1200, 9230 1195, 9225 1190, 9215 1190, 9205 1190, 9200 1185, 9195 1180, 9185 1180, 9175 1180, 9165 1180, 9160 1175, 9155 1170, 9145 1170, 9135 1170, 9130 1165, 9125 1160, 9115 1160, 9110 1155, 9105 1150, 9100 1145, 9100 1135, 9100 1125, 9100 1115, 9100 1105, 9095 1100, 9090 1095, 9090 1085, 9085 1080, 9080 1075, 9080 1065, 9085 1060, 9095 1060, 9105 1060, 9110 1065, 9115 1070, 9125 1070, 9135 1070, 9140 1075, 9145 1080, 9155 1080, 9160 1085, 9165 1090, 9175 1090, 9180 1095, 9185 1100, 9195 1100, 9205 1100, 9210 1105, 9215 1110, 9225 1110, 9235 1110, 9245 1110, 9250 1115, 9255 1120, 9265 1120, 9275 1120, 9280 1125, 9285 1130, 9295 1130, 9305 1130, 9315 1130, 9320 1135, 9325 1140, 9335 1140, 9345 1140, 9355 1140, 9365 1140, 9370 1145, 9365 1150, 9355 1150, 9350 1155, 9345 1160, 9335 1160, 9330 1165, 9325 1170, 9320 1175, 9315 1180, 9310 1185, 9305 1190, 9300 1195, 9295 1200, 9290 1205, 9285 1210))"
deep,5,P3_1_C,5,24350.0,1,6182.513689253936,1167.7737850787132,"POLYGON ((6065 1290, 6060 1285, 6060 1275, 6060 1265, 6055 1260, 6050 1255, 6050 1245, 6050 1235, 6050 1225, 6055 1220, 6060 1215, 6060 1205, 6060 1195, 6065 1190, 6070 1185, 6070 1175, 6075 1170, 6080 1165, 6085 1160, 6090 1155, 6095 1150, 6100 1145, 6105 1140, 6115 1140, 6120 1135, 6125 1130, 6130 1125, 6135 1120, 6145 1120, 6155 1120, 6160 1115, 6165 1110, 6175 1110, 6185 1110, 6195 1110, 6205 1110, 6215 1110, 6225 1110, 6235 1110, 6240 1105, 6245 1100, 6255 1100, 6265 1100, 6270 1095, 6275 1090, 6285 1090, 6295 1090, 6300 1095, 6305 1100, 6315 1100, 6325 1100, 6330 1105, 6335 1110, 6345 1110, 6350 1115, 6345 1120, 6340 1125, 6335 1130, 6330 1135, 6325 1140, 6320 1145, 6320 1155, 6315 1160, 6310 1165, 6305 1170, 6295 1170, 6285 1170, 6275 1170, 6270 1175, 6265 1180, 6260 1185, 6255 1190, 6245 1190, 6240 1195, 6235 1200, 6225 1200, 6215 1200, 6210 1195, 6205 1190, 6195 1190, 6190 1185, 6185 1180, 6180 1185, 6175 1190, 6170 1195, 6165 1200, 6155 1200, 6145 1200, 6140 1205, 6135 1210, 6130 1215, 6130 1225, 6130 1235, 6125 1240, 6120 1245, 6115 1250, 6110 1255, 6105 1260, 6100 1265, 6095 1270, 6085 1270, 6080 1275, 6075 1280, 6070 1285, 6065 1290))"
deep,0,R1_2_T,1;6,43750.0,1,8312.227619047619,1263.6142857142856,"POLYGON ((8205 1560, 8200 1555, 8200 1545, 8200 1535, 8200 1525, 8195 1520, 8190 1515, 8190 1505, 8185 1500, 8180 1495, 8180 1485, 8180 1475, 8175 1470, 8170 1465, 8170 1455, 8170 1445, 8170 1435, 8170 1425, 8170 1415, 8170 1405, 8170 1395, 8170 1385, 8170 1375, 8170 1365, 8170 1355, 8170 1345, 8165 1340, 8160 1335, 8160 1325, 8160 1315, 8155 1310, 8150 1305, 8150 1295, 8150 1285, 8155 1280, 8160 1275, 8165 1270, 8170 1265, 8175 1260, 8180 1255, 8185 1250, 8190 1245, 8195 1240, 8200 1235, 8200 1225, 8205 1220, 8210 1215, 8215 1210, 8220 1205, 8225 1200, 8230 1195, 8235 1190, 8245 1190, 8255 1190, 8265 1190, 8275 1190, 8285 1190, 8295 1190, 8300 1185, 8305 1180, 8310 1175, 8315 1170, 8320 1165, 8325 1160, 8335 1160, 8340 1155, 8345 1150, 8355 1150, 8360 1145, 8365 1140, 8375 1140, 8385 1140, 8395 1140, 8405 1140, 8415 1140, 8425 1140, 8435 1140, 8440 1145, 8445 1150, 8455 1150, 8465 1150, 8475 1150, 8485 1150, 8495 1150, 8505 1150, 8510 1145, 8515 1140, 8525 1140, 8535 1140, 8545 1140, 8550 1145, 8555 1150, 8565 1150, 8570 1155, 8570 1165, 8570 1175, 8565 1180, 8560 1185, 8565 1190, 8570 1195, 8570 1205, 8570 1215, 8565 1220, 8555 1220, 8550 1215, 8545 1210, 8540 1205, 8535 1200, 8530 1195, 8525 1190, 8520 1195, 8515 1200, 8510 1205, 8505 1210, 8500 1215, 8495 1220, 8485 1220, 8475 1220, 8470 1225, 8465 1230, 8460 1225, 8455 1220, 8445 1220, 8435 1220, 8430 1215, 8425 1210, 8420 1215, 8415 1220, 8405 1220, 8395 1220, 8390 1215, 8385 1210, 8375 1210, 8370 1215, 8370 1225, 8365 1230, 8360 1225, 8355 1220, 8345 1220, 8340 1225, 8345 1230, 8350 1235, 8345 1240, 8340 1245, 8335 1250, 8330 1255, 8325 1260, 8320 1265, 8315 1270, 8305 1270, 8295 1270, 8285 1270, 8280 1265, 8275 1260, 8270 1255, 8265 1250, 8260 1255, 8255 1260, 8250 1265, 8245 1270, 8240 1275, 8235 1280, 8230 1285, 8225 1290, 8220 1295, 8225 1300, 8230 1305, 8235 1310, 8240 1315, 8245 1320, 8255 1320, 8265 1320, 8270 1325, 8265 1330, 8260 1335, 8255 1340, 8250 1345, 8255 1350, 8260 1355, 8255 1360, 8250 1365, 8250 1375, 8250 1385, 8245 1390, 8240 1395, 8240 1405, 8235 1410, 8230 1415, 8230 1425, 8225 1430, 8220 1435, 8220 1445, 8215 1450, 8210 1455, 8210 1465, 8210 1475, 8210 1485, 8210 1495, 8205 1500, 8200 1505, 8205 1510, 8210 1515, 8210 1525, 8210 1535, 8210 1545, 8210 1555, 8205 1560))"
deep,0,R1_2_T,1;4;6;7;9;12;13;19;21;22;26;29;30,1197800.0,1,9072.93760783659,2517.061557299494,"POLYGON ((8295 3690, 8290 3685, 8285 3680, 8280 3675, 8275 3670, 8265 3670, 8260 3665, 8255 3660, 8245 3660, 8240 3655, 8235 3650, 8225 3650, 8215 3650, 8205 3650, 8195 3650, 8185 3650, 8180 3645, 8175 3640, 8165 3640, 8160 3635, 8155 3630, 8150 3625, 8150 3615, 8145 3610, 8140 3605, 8135 3600, 8130 3595, 8130 3585, 8135 3580, 8145 3580, 8155 3580, 8160 3575, 8165 3570, 8175 3570, 8180 3565, 8185 3560, 8190 3555, 8195 3550, 8205 3550, 8210 3545, 8215 3540, 8220 3535, 8225 3530, 8230 3525, 8235 3520, 8240 3515, 8245 3510, 8250 3505, 8250 3495, 8255 3490, 8260 3485, 8265 3480, 8270 3475, 8270 3465, 8275 3460, 8280 3455, 8285 3450, 8290 3445, 8290 3435, 8295 3430, 8300 3425, 8305 3420, 8310 3415, 8310 3405, 8315 3400, 8320 3395, 8320 3385, 8320 3375, 8325 3370, 8330 3365, 8330 3355, 8330 3345, 8330 3335, 8330 3325, 8330 3315, 8330 3305, 8330 3295, 8330 3285, 8330 3275, 8325 3270, 8320 3265, 8320 3255, 8320 3245, 8315 3240, 8310 3235, 8315 3230, 8320 3225, 8320 3215, 8325 3210, 8330 3205, 8330 3195, 8330 3185, 8335 3180, 8340 3175, 8340 3165, 8340 3155, 8340 3145, 8340 3135, 8340 3125, 8340 3115, 8340 3105, 8340 3095, 8340 3085, 8340 3075, 8335 3070, 8330 3065, 8330 3055, 8330 3045, 8325 3040, 8320 3035, 8320 3025, 8315 3020, 8310 3015, 8305 3010, 8300 3005, 8300 2995, 8295 2990, 8290 2985, 8285 2980, 8280 2975, 8275 2970, 8270 2965, 8265 2960, 8260 2955, 8265 2950, 8270 2945, 8275 2940, 8285 2940, 8295 2940, 8300 2935, 8305 2930, 8315 2930, 8320 2925, 8325 2920, 8330 2915, 8335 2910, 8345 2910, 8355 2910, 8365 2910, 8375 2910, 8385 2910, 8390 2905, 8395 2900, 8405 2900, 8415 2900, 8420 2895, 8425 2890, 8435 2890, 8440 2885, 8445 2880, 8450 2875, 8455 2870, 8465 2870, 8470 2865, 8475 2860, 8480 2855, 8485 2850, 8490 2845, 8495 2840, 8500 2835, 8505 2830, 8510 2825, 8510 2815, 8515 2810, 8520 2805, 8525 2800, 8530 2795, 8530 2785, 8535 2780, 8540 2775, 8540 2765, 8540 2755, 8545 2750, 8550 2745, 8550 2735, 8550 2725, 8550 2715, 8555 2710, 8560 2715, 8565 2720, 8575 2720, 8585 2720, 8595 2720, 8605 2720, 8615 2720, 8625 2720, 8635 2720, 8645 2720, 8655 2720, 8665 2720, 8675 2720, 8685 2720, 8690 2715, 8695 2710, 8705 2710, 8715 2710, 8720 2705, 8725 2700, 8735 2700, 8740 2695, 8745 2690, 8750 2685, 8755 2680, 8765 2680, 8770 2675, 8775 2670, 8780 2665, 8785 2660, 8790 2655, 8795 2650, 8800 2645, 8805 2640, 8810 2635, 8815 2630, 8820 2625, 8820 2615, 8825 2610, 8830 2605, 8835 2600, 8840 2595, 8840 2585, 8845 2580, 8850 2575, 8850 2565, 8850 2555, 8855 2550, 8860 2545, 8860 2535, 8860 2525, 8860 2515, 8860 2505, 8860 2495, 8860 2485, 8860 2475, 8860 2465, 8855 2460, 8850 2455, 8850 2445, 8855 2440, 8860 2435, 8865 2430, 8870 2425, 8870 2415, 8875 2410, 8880 2405, 8880 2395, 8880 2385, 8885 2380, 8890 2375, 8890 2365, 8890 2355, 8890 2345, 8890 2335, 8890 2325, 8890 2315, 8890 2305, 8890 2295, 8890 2285, 8885 2280, 8880 2275, 8880 2265, 8880 2255, 8875 2250, 8870 2245, 8870 2235, 8865 2230, 8860 2225, 8855 2220, 8850 2215, 8850 2205, 8845 2200, 8840 2195, 8835 2190, 8830 2185, 8825 2180, 8820 2175, 8815 2170, 8810 2165, 8805 2160, 8795 2160, 8790 2155, 8785 2150, 8780 2145, 8775 2140, 8765 2140, 8760 2135, 8755 2130, 8745 2130, 8735 2130, 8730 2125, 8725 2120, 8715 2120, 8705 2120, 8695 2120, 8685 2120, 8680 2115, 8685 2110, 8690 2105, 8690 2095, 8695 2090, 8700 2085, 8700 2075, 8700 2065, 8705 2060, 8710 2055, 8710 2045, 8710 2035, 8710 2025, 8710 2015, 8710 2005, 8710 1995, 8710 1985, 8710 1975, 8710 1965, 8710 1955, 8710 1945, 8710 1935, 8710 1925, 8705 1920, 8700 1915, 8700 1905, 8700 1895, 8695 1890, 8690 1885, 8690 1875, 8685 1870, 8680 1865, 8675 1860, 8670 1855, 8670 1845, 8670 1835, 8675 1830, 8680 1825, 8685 1820, 8690 1815, 8695 1810, 8700 1805, 8705 1800, 8710 1795, 8710 1785, 8715 1780, 8720 1775, 8725 1770, 8730 1765, 8730 1755, 8735 1750, 8740 1745, 8740 1735, 8745 1730, 8750 1725, 8750 1715, 8755 1710, 8760 1705, 8760 1695, 8760 1685, 8765 1680, 8770 1675, 8770 1665, 8770 1655, 8770 1645, 8770 1635, 8770 1625, 8770 1615, 8770 1605, 8770 1595, 8770 1585, 8770 1575, 8770 1565, 8770 1555, 8765 1550, 8760 1545, 8760 1535, 8760 1525, 8765 1520, 8770 1515, 8775 1510, 8780 1515, 8785 1520, 8795 1520, 8805 1520, 8815 1520, 8825 1520, 8835 1520, 8845 1520, 8855 1520, 8865 1520, 8870 1515, 8875 1510, 8885 1510, 8895 1510, 8900 1505, 8905 1500, 8915 1500, 8920 1495, 8925 1490, 8930 1485, 8935 1480, 8945 1480, 8950 1475, 8955 1470, 8960 1465, 8965 1460, 8970 1455, 8975 1450, 8980 1445, 8985 1440, 8990 1435, 8990 1425, 8995 1420, 9000 1415, 9005 1410, 9010 1405, 9010 1395, 9015 1390, 9020 1385, 9020 1375, 9020 1365, 9025 1360, 9030 1355, 9035 1350, 9040 1345, 9045 1340, 9055 1340, 9060 1335, 9065 1330, 9070 1325, 9075 1320, 9080 1315, 9085 1310, 9090 1305, 9095 1300, 9100 1295, 9100 1285, 9105 1280, 9110 1275, 9115 1270, 9120 1265, 9120 1255, 9125 1250, 9130 1245, 9130 1235, 9130 1225, 9135 1220, 9140 1215, 9140 1205, 9140 1195, 9145 1190, 9150 1195, 9155 1200, 9165 1200, 9175 1200, 9185 1200, 9190 1205, 9195 1210, 9205 1210, 9215 1210, 9220 1215, 9225 1220, 9235 1220, 9240 1225, 9235 1230, 9230 1235, 9230 1245, 9230 1255, 9225 1260, 9220 1265, 9220 1275, 9220 1285, 9220 1295, 9220 1305, 9220 1315, 9220 1325, 9220 1335, 9220 1345, 9220 1355, 9220 1365, 9220 1375, 9220 1385, 9220 1395, 9220 1405, 9220 1415, 9220 1425, 9220 1435, 9220 1445, 9220 1455, 9225 1460, 9230 1465, 9230 1475, 9230 1485, 9235 1490, 9240 1495, 9240 1505, 9245 1510, 9250 1515, 9250 1525, 9250 1535, 9250 1545, 9250 1555, 9250 1565, 9250 1575, 9250 1585, 9250 1595, 9250 1605, 9250 1615, 9250 1625, 9250 1635, 9250 1645, 9250 1655, 9250 1665, 9250 1675, 9255 1680, 9260 1685, 9260 1695, 9260 1705, 9265 1710, 9270 1715, 9270 1725, 9275 1730, 9280 1735, 9285 1740, 9290 1745, 9290 1755, 9295 1760, 9300 1765, 9305 1770, 9310 1775, 9315 1780, 9320 1785, 9325 1790, 9330 1795, 9335 1800, 9345 1800, 9350 1805, 9355 1810, 9360 1815, 9365 1820, 9375 1820, 9380 1825, 9385 1830, 9395 1830, 9405 1830, 9410 1835, 9415 1840, 9425 1840, 9435 1840, 9445 1840, 9455 1840, 9465 1840, 9475 1840, 9485 1840, 9495 1840, 9505 1840, 9515 1840, 9525 1840, 9530 1835, 9535 1830, 9545 1830, 9555 1830, 9565 1830, 9575 1830, 9585 1830, 9595 1830, 9605 1830, 9615 1830, 9625 1830, 9635 1830, 9640 1825, 9645 1820, 9655 1820, 9665 1820, 9670 1815, 9675 1810, 9685 1810, 9695 1810, 9700 1805, 9705 1800, 9715 1800, 9725 1800, 9730 1795, 9735 1790, 9745 1790, 9750 1785, 9755 1780, 9760 1775, 9765 1770, 9775 1770, 9780 1765, 9785 1760, 9790 1755, 9795 1750, 9800 1745, 9805 1740, 9810 1735, 9815 1730, 9820 1725, 9820 1715, 9825 1710, 9830 1705, 9835 1700, 9840 1695, 9840 1685, 9845 1680, 9850 1675, 9855 1670, 9860 1665, 9865 1660, 9870 1655, 9875 1650, 9880 1645, 9880 1635, 9885 1630, 9890 1625, 9895 1620, 9905 1620, 9910 1625, 9915 1630, 9920 1635, 9925 1640, 9930 1645, 9930 1655, 9930 1665, 9935 1670, 9940 1675, 9945 1680, 9950 1685, 9955 1690, 9965 1690, 9970 1695, 9975 1700, 9980 1705, 9980 1715, 9975 1720, 9965 1720, 9955 1720, 9945 1720, 9940 1725, 9935 1730, 9925 1730, 9915 1730, 9910 1735, 9905 1740, 9895 1740, 9890 1745, 9885 1750, 9880 1755, 9875 1760, 9865 1760, 9860 1765, 9855 1770, 9850 1775, 9845 1780, 9840 1785, 9835 1790, 9830 1795, 9825 1800, 9820 1805, 9820 1815, 9815 1820, 9810 1825, 9805 1830, 9800 1835, 9795 1840, 9790 1845, 9790 1855, 9785 1860, 9780 1865, 9775 1870, 9770 1875, 9770 1885, 9765 1890, 9760 1895, 9760 1905, 9760 1915, 9755 1920, 9750 1925, 9750 1935, 9750 1945, 9750 1955, 9750 1965, 9750 1975, 9750 1985, 9750 1995, 9750 2005, 9750 2015, 9750 2025, 9750 2035, 9755 2040, 9760 2045, 9760 2055, 9760 2065, 9765 2070, 9770 2075, 9770 2085, 9770 2095, 9765 2100, 9760 2105, 9760 2115, 9760 2125, 9755 2130, 9750 2135, 9750 2145, 9750 2155, 9750 2165, 9750 2175, 9750 2185, 9750 2195, 9750 2205, 9750 2215, 9755 2220, 9760 2225, 9760 2235, 9760 2245, 9760 2255, 9755 2260, 9750 2265, 9745 2270, 9740 2275, 9735 2280, 9725 2280, 9720 2285, 9715 2290, 9710 2295, 9705 2300, 9700 2305, 9695 2310, 9690 2315, 9685 2320, 9680 2325, 9675 2330, 9670 2335, 9665 2340, 9660 2345, 9655 2350, 9650 2355, 9645 2360, 9640 2365, 9635 2370, 9630 2375, 9625 2380, 9620 2385, 9615 2390, 9605 2390, 9600 2395, 9595 2400, 9590 2405, 9585 2410, 9580 2415, 9575 2420, 9570 2425, 9565 2430, 9560 2435, 9560 2445, 9555 2450, 9550 2455, 9545 2460, 9540 2465, 9540 2475, 9535 2480, 9530 2485, 9530 2495, 9530 2505, 9525 2510, 9520 2515, 9520 2525, 9520 2535, 9520 2545, 9520 2555, 9520 2565, 9520 2575, 9520 2585, 9520 2595, 9520 2605, 9525 2610, 9530 2615, 9530 2625, 9530 2635, 9535 2640, 9540 2645, 9540 2655, 9545 2660, 9550 2665, 9555 2670, 9560 2675, 9560 2685, 9565 2690, 9570 2695, 9575 2700, 9580 2705, 9585 2710, 9590 2715, 9590 2725, 9590 2735, 9595 2740, 9600 2745, 9600 2755, 9600 2765, 9605 2770, 9610 2775, 9610 2785, 9610 2795, 9610 2805, 9615 2810, 9620 2815, 9620 2825, 9620 2835, 9620 2845, 9620 2855, 9620 2865, 9620 2875, 9620 2885, 9625 2890, 9630 2895, 9630 2905, 9630 2915, 9635 2920, 9640 2925, 9640 2935, 9645 2940, 9650 2945, 9655 2950, 9660 2955, 9660 2965, 9665 2970, 9670 2975, 9675 2980, 9680 2985, 9685 2990, 9690 2995, 9695 3000, 9700 3005, 9705 3010, 9710 3015, 9715 3020, 9720 3025, 9725 3030, 9735 3030, 9740 3035, 9745 3040, 9750 3045, 9750 3055, 9750 3065, 9750 3075, 9750 3085, 9750 3095, 9750 3105, 9750 3115, 9755 3120, 9760 3125, 9760 3135, 9760 3145, 9765 3150, 9770 3155, 9770 3165, 9765 3170, 9755 3170, 9745 3170, 9740 3175, 9735 3180, 9725 3180, 9715 3180, 9705 3180, 9700 3185, 9695 3190, 9685 3190, 9675 3190, 9670 3195, 9665 3200, 9655 3200, 9650 3205, 9645 3210, 9635 3210, 9625 3210, 9620 3215, 9615 3220, 9605 3220, 9600 3225, 9595 3230, 9590 3235, 9585 3240, 9575 3240, 9570 3245, 9565 3250, 9560 3255, 9555 3260, 9550 3265, 9545 3270, 9540 3265, 9535 3260, 9525 3260, 9515 3260, 9510 3255, 9505 3250, 9495 3250, 9490 3245, 9485 3240, 9475 3240, 9470 3235, 9465 3230, 9455 3230, 9445 3230, 9440 3225, 9435 3220, 9425 3220, 9415 3220, 9410 3215, 9405 3210, 9395 3210, 9385 3210, 9375 3210, 9365 3210, 9355 3210, 9345 3210, 9335 3210, 9325 3210, 9315 3210, 9310 3215, 9305 3220, 9295 3220, 9285 3220, 9275 3220, 9270 3225, 9265 3230, 9255 3230, 9245 3230, 9235 3230, 9225 3230, 9215 3230, 9210 3225, 9205 3220, 9195 3220, 9185 3220, 9175 3220, 9165 3220, 9155 3220, 9145 3220, 9135 3220, 9125 3220, 9115 3220, 9110 3225, 9105 3230, 9095 3230, 9085 3230, 9080 3235, 9075 3240, 9065 3240, 9055 3240, 9050 3245, 9045 3250, 9035 3250, 9030 3255, 9025 3260, 9020 3265, 9015 3270, 9005 3270, 9000 3275, 8995 3280, 8990 3285, 8985 3290, 8980 3295, 8975 3300, 8970 3305, 8965 3310, 8960 3315, 8955 3320, 8950 3325, 8950 3335, 8945 3340, 8940 3345, 8935 3350, 8930 3355, 8930 3365, 8925 3370, 8920 3375, 8920 3385, 8915 3390, 8910 3395, 8910 3405, 8905 3410, 8900 3415, 8900 3425, 8895 3430, 8890 3435, 8890 3445, 8885 3450, 8880 3455, 8875 3460, 8870 3465, 8870 3475, 8865 3480, 8860 3485, 8860 3495, 8855 3500, 8850 3505, 8850 3515, 8850 3525, 8845 3530, 8840 3535, 8835 3540, 8825 3540, 8815 3540, 8810 3535, 8805 3530, 8795 3530, 8790 3525, 8785 3520, 8780 3515, 8775 3510, 8765 3510, 8760 3505, 8755 3500, 8750 3495, 8745 3490, 8735 3490, 8730 3485, 8725 3480, 8715 3480, 8710 3475, 8705 3470, 8695 3470, 8685 3470, 8680 3465, 8675 3460, 8665 3460, 8655 3460, 8650 3455, 8645 3450, 8635 3450, 8625 3450, 8620 3445, 8615 3440, 8605 3440, 8595 3440, 8585 3440, 8575 3440, 8565 3440, 8555 3440, 8545 3440, 8535 3440, 8525 3440, 8515 3440, 8505 3440, 8495 3440, 8485 3440, 8475 3440, 8465 3440, 8460 3445, 8455 3450, 8445 3450, 8435 3450, 8430 3455, 8425 3460, 8415 3460, 8410 3465, 8405 3470, 8400 3475, 8395 3480, 8385 3480, 8380 3485, 8375 3490, 8370 3495, 8365 3500, 8360 3505, 8355 3510, 8350 3515, 8345 3520, 8340 3525, 8340 3535, 8335 3540, 8330 3545, 8325 3550, 8320 3555, 8320 3565, 8315 3570, 8310 3575, 8310 3585, 8310 3595, 8305 3600, 8300 3605, 8300 3615, 8300 3625, 8300 3635, 8300 3645, 8300 3655, 8300 3665, 8300 3675, 8300 3685, 8295 3690), (8760 3285, 8765 3280, 8770 3275, 8770 3265, 8775 3260, 8780 3255, 8780 3245, 8785 3240, 8790 3235, 8795 3230, 8800 3225, 8800 3215, 8805 3210, 8810 3205, 8815 3200, 8820 3195, 8825 3190, 8830 3185, 8835 3180, 8840 3175, 8845 3170, 8850 3165, 8855 3160, 8860 3155, 8865 3150, 8870 3145, 8875 3140, 8880 3135, 8885 3130, 8890 3125, 8895 3120, 8905 3120, 8910 3115, 8915 3110, 8920 3105, 8925 3100, 8935 3100, 8940 3095, 8945 3090, 8955 3090, 8960 3085, 8965 3080, 8975 3080, 8980 3075, 8985 3070, 8995 3070, 9000 3065, 9005 3060, 9015 3060, 9025 3060, 9030 3055, 9035 3050, 9045 3050, 9055 3050, 9065 3050, 9070 3045, 9075 3040, 9085 3040, 9095 3040, 9105 3040, 9115 3040, 9125 3040, 9135 3040, 9140 3035, 9145 3030, 9155 3030, 9165 3030, 9175 3030, 9180 3035, 9185 3040, 9195 3040, 9205 3040, 9215 3040, 9225 3040, 9235 3040, 9245 3040, 9255 3040, 9265 3040, 9270 3035, 9275 3030, 9285 3030, 9295 3030, 9305 3030, 9315 3030, 9325 3030, 9335 3030, 9340 3025, 9345 3020, 9355 3020, 9365 3020, 9375 3020, 9380 3025, 9385 3030, 9395 3030, 9405 3030, 9415 3030, 9425 3030, 9435 3030, 9445 3030, 9450 3035, 9455 3040, 9465 3040, 9475 3040, 9485 3040, 9490 3035, 9485 3030, 9480 3025, 9480 3015, 9475 3010, 9470 3005, 9470 2995, 9465 2990, 9460 2985, 9460 2975, 9455 2970, 9450 2965, 9450 2955, 9450 2945, 9450 2935, 9445 2930, 9440 2925, 9440 2915, 9440 2905, 9440 2895, 9440 2885, 9440 2875, 9440 2865, 9435 2860, 9430 2855, 9430 2845, 9430 2835, 9430 2825, 9425 2820, 9420 2815, 9420 2805, 9415 2800, 9410 2795, 9410 2785, 9405 2780, 9400 2775, 9395 2770, 9390 2765, 9390 2755, 9385 2750, 9380 2745, 9380 2735, 9375 2730, 9370 2725, 9370 2715, 9365 2710, 9360 2705, 9360 2695, 9355 2690, 9350 2685, 9350 2675, 9350 2665, 9350 2655, 9345 2650, 9340 2645, 9340 2635, 9340 2625, 9340 2615, 9340 2605, 9340 2595, 9340 2585, 9335 2580, 9330 2575, 9330 2565, 9330 2555, 9330 2545, 9335 2540, 9340 2535, 9340 2525, 9340 2515, 9340 2505, 9340 2495, 9340 2485, 9340 2475, 9345 2470, 9350 2465, 9350 2455, 9350 2445, 9350 2435, 9355 2430, 9360 2425, 9360 2415, 9365 2410, 9370 2405, 9370 2395, 9375 2390, 9380 2385, 9380 2375, 9385 2370, 9390 2365, 9390 2355, 9395 2350, 9400 2345, 9405 2340, 9410 2335, 9410 2325, 9415 2320, 9420 2315, 9425 2310, 9430 2305, 9435 2300, 9440 2295, 9445 2290, 9450 2285, 9455 2280, 9460 2275, 9465 2270, 9470 2265, 9475 2260, 9480 2255, 9485 2250, 9490 2245, 9495 2240, 9505 2240, 9510 2235, 9515 2230, 9520 2225, 9525 2220, 9530 2215, 9535 2210, 9540 2205, 9545 2200, 9550 2195, 9555 2190, 9560 2185, 9560 2175, 9560 2165, 9565 2160, 9570 2155, 9570 2145, 9570 2135, 9570 2125, 9570 2115, 9570 2105, 9570 2095, 9575 2090, 9580 2085, 9575 2080, 9570 2075, 9570 2065, 9570 2055, 9570 2045, 9570 2035, 9570 2025, 9565 2020, 9555 2020, 9545 2020, 9535 2020, 9525 2020, 9515 2020, 9505 2020, 9500 2025, 9495 2030, 9485 2030, 9475 2030, 9465 2030, 9455 2030, 9445 2030, 9440 2025, 9435 2020, 9425 2020, 9415 2020, 9405 2020, 9395 2020, 9385 2020, 9375 2020, 9370 2015, 9365 2010, 9355 2010, 9345 2010, 9335 2010, 9330 2005, 9325 2000, 9315 2000, 9310 1995, 9305 1990, 9295 1990, 9290 1985, 9285 1980, 9275 1980, 9270 1975, 9265 1970, 9255 1970, 9250 1965, 9245 1960, 9240 1955, 9235 1950, 9225 1950, 9220 1945, 9215 1940, 9210 1935, 9205 1930, 9200 1925, 9195 1920, 9190 1915, 9185 1910, 9180 1905, 9175 1900, 9170 1895, 9165 1890, 9160 1885, 9155 1880, 9150 1875, 9145 1870, 9140 1865, 9140 1855, 9135 1850, 9130 1845, 9125 1840, 9120 1835, 9120 1825, 9115 1820, 9110 1815, 9110 1805, 9105 1800, 9100 1795, 9100 1785, 9095 1780, 9090 1775, 9090 1765, 9085 1760, 9080 1755, 9080 1745, 9080 1735, 9080 1725, 9075 1720, 9070 1715, 9070 1705, 9070 1695, 9070 1685, 9070 1675, 9070 1665, 9070 1655, 9065 1650, 9060 1645, 9060 1635, 9055 1630, 9045 1630, 9040 1635, 9035 1640, 9030 1645, 9025 1650, 9015 1650, 9010 1655, 9005 1660, 8995 1660, 8990 1665, 8985 1670, 8975 1670, 8970 1675, 8965 1680, 8955 1680, 8950 1685, 8950 1695, 8950 1705, 8950 1715, 8945 1720, 8940 1725, 8940 1735, 8940 1745, 8940 1755, 8935 1760, 8930 1765, 8930 1775, 8925 1780, 8920 1785, 8920 1795, 8915 1800, 8910 1805, 8910 1815, 8905 1820, 8900 1825, 8900 1835, 8895 1840, 8890 1845, 8890 1855, 8885 1860, 8880 1865, 8880 1875, 8885 1880, 8890 1885, 8890 1895, 8890 1905, 8890 1915, 8890 1925, 8890 1935, 8890 1945, 8895 1950, 8900 1955, 8900 1965, 8900 1975, 8900 1985, 8900 1995, 8900 2005, 8905 2010, 8915 2010, 8920 2015, 8925 2020, 8930 2025, 8935 2030, 8940 2035, 8945 2040, 8950 2045, 8955 2050, 8960 2055, 8965 2060, 8970 2065, 8975 2070, 8980 2075, 8985 2080, 8990 2085, 8995 2090, 9000 2095, 9000 2105, 9005 2110, 9010 2115, 9015 2120, 9020 2125, 9020 2135, 9025 2140, 9030 2145, 9030 2155, 9035 2160, 9040 2165, 9040 2175, 9045 2180, 9050 2185, 9050 2195, 9055 2200, 9060 2205, 9060 2215, 9060 2225, 9060 2235, 9065 2240, 9070 2245, 9070 2255, 9070 2265, 9070 2275, 9070 2285, 9070 2295, 9070 2305, 9075 2310, 9080 2315, 9080 2325, 9080 2335, 9080 2345, 9075 2350, 9070 2355, 9070 2365, 9070 2375, 9070 2385, 9070 2395, 9070 2405, 9070 2415, 9065 2420, 9060 2425, 9060 2435, 9060 2445, 9060 2455, 9055 2460, 9050 2465, 9050 2475, 9045 2480, 9040 2485, 9045 2490, 9050 2495, 9050 2505, 9050 2515, 9045 2520, 9040 2525, 9040 2535, 9040 2545, 9040 2555, 9040 2565, 9040 2575, 9040 2585, 9035 2590, 9030 2595, 9030 2605, 9030 2615, 9030 2625, 9025 2630, 9020 2635, 9020 2645, 9015 2650, 9010 2655, 9010 2665, 9005 2670, 9000 2675, 9000 2685, 8995 2690, 8990 2695, 8990 2705, 8985 2710, 8980 2715, 8975 2720, 8970 2725, 8970 2735, 8965 2740, 8960 2745, 8955 2750, 8950 2755, 8945 2760, 8940 2765, 8935 2770, 8930 2775, 8925 2780, 8920 2785, 8915 2790, 8910 2795, 8905 2800, 8900 2805, 8895 2810, 8890 2815, 8885 2820, 8880 2825, 8875 2830, 8865 2830, 8860 2835, 8855 2840, 8850 2845, 8845 2850, 8835 2850, 8830 2855, 8825 2860, 8815 2860, 8810 2865, 8805 2870, 8795 2870, 8790 2875, 8785 2880, 8775 2880, 8770 2885, 8765 2890, 8755 2890, 8745 2890, 8735 2890, 8730 2895, 8725 2900, 8715 2900, 8705 2900, 8695 2900, 8685 2900, 8680 2905, 8675 2910, 8670 2915, 8665 2920, 8660 2925, 8660 2935, 8655 2940, 8650 2945, 8645 2950, 8640 2955, 8635 2960, 8630 2965, 8625 2970, 8620 2975, 8615 2980, 8610 2985, 8605 2990, 8600 2995, 8595 3000, 8590 3005, 8585 3010, 8580 3015, 8575 3020, 8565 3020, 8560 3025, 8555 3030, 8550 3035, 8545 3040, 8535 3040, 8530 3045, 8525 3050, 8520 3055, 8520 3065, 8520 3075, 8520 3085, 8520 3095, 8525 3100, 8530 3105, 8530 3115, 8530 3125, 8530 3135, 8530 3145, 8525 3150, 8520 3155, 8520 3165, 8520 3175, 8520 3185, 8520 3195, 8520 3205, 8520 3215, 8515 3220, 8510 3225, 8510 3235, 8510 3245, 8515 3250, 8525 3250, 8535 3250, 8545 3250, 8555 3250, 8565 3250, 8575 3250, 8585 3250, 8590 3255, 8595 3260, 8605 3260, 8615 3260, 8625 3260, 8635 3260, 8645 3260, 8655 3260, 8660 3265, 8665 3270, 8675 3270, 8685 3270, 8695 3270, 8700 3275, 8705 3280, 8715 3280, 8720 3285, 8725 3290, 8735 3290, 8745 3290, 8755 3290, 8760 3285))"
deep,0,,4;9,24450.0,1,9998.994546693933,1645.0,"POLYGON ((10125 1810, 10120 1805, 10115 1800, 10105 1800, 10100 1795, 10095 1790, 10090 1785, 10085 1780, 10075 1780, 10070 1775, 10065 1770, 10055 1770, 10050 1765, 10045 1760, 10035 1760, 10025 1760, 10020 1755, 10015 1750, 10010 1745, 10010 1735, 10010 1725, 10005 1720, 10000 1715, 10000 1705, 10000 1695, 9995 1690, 9990 1685, 9985 1680, 9980 1675, 9975 1670, 9970 1665, 9965 1660, 9960 1655, 9955 1650, 9950 1645, 9950 1635, 9950 1625, 9945 1620, 9935 1620, 9930 1615, 9925 1610, 9920 1605, 9915 1600, 9910 1595, 9905 1590, 9900 1585, 9900 1575, 9895 1570, 9890 1565, 9890 1555, 9890 1545, 9890 1535, 9890 1525, 9890 1515, 9895 1510, 9900 1505, 9895 1500, 9890 1495, 9890 1485, 9890 1475, 9895 1470, 9900 1475, 9905 1480, 9910 1485, 9915 1490, 9920 1495, 9925 1500, 9930 1505, 9935 1510, 9940 1515, 9945 1520, 9950 1525, 9955 1530, 9960 1535, 9965 1540, 9970 1545, 9975 1550, 9980 1555, 9980 1565, 9985 1570, 9990 1575, 9995 1580, 10000 1585, 10005 1590, 10010 1595, 10015 1600, 10020 1605, 10020 1615, 10025 1620, 10030 1625, 10035 1630, 10040 1635, 10045 1640, 10050 1645, 10055 1650, 10060 1655, 10060 1665, 10065 1670, 10070 1675, 10070 1685, 10075 1690, 10080 1695, 10080 1705, 10085 1710, 10090 1715, 10090 1725, 10095 1730, 10100 1735, 10105 1740, 10110 1745, 10110 1755, 10115 1760, 10120 1765, 10120 1775, 10125 1780, 10130 1785, 10130 1795, 10130 1805, 10125 1810))"
deep,0,P3_1_C,2;3;5;8;11;17;18;20,1062650.0,1,6516.992032497373,2439.278219545476,"POLYGON ((6755 3270, 6745 3270, 6735 3270, 6730 3265, 6730 3255, 6725 3250, 6720 3245, 6720 3235, 6715 3230, 6710 3225, 6705 3220, 6700 3215, 6700 3205, 6695 3200, 6690 3195, 6685 3190, 6680 3185, 6675 3180, 6670 3175, 6665 3170, 6655 3170, 6650 3165, 6645 3160, 6640 3155, 6635 3150, 6625 3150, 6620 3145, 6615 3140, 6610 3135, 6605 3130, 6595 3130, 6590 3125, 6585 3120, 6580 3115, 6575 3110, 6565 3110, 6560 3105, 6555 3100, 6545 3100, 6540 3095, 6535 3090, 6525 3090, 6515 3090, 6510 3085, 6505 3080, 6495 3080, 6490 3075, 6485 3070, 6475 3070, 6470 3065, 6465 3060, 6455 3060, 6445 3060, 6435 3060, 6425 3060, 6415 3060, 6405 3060, 6400 3055, 6395 3050, 6385 3050, 6375 3050, 6365 3050, 6355 3050, 6345 3050, 6335 3050, 6325 3050, 6315 3050, 6305 3050, 6300 3045, 6295 3040, 6285 3040, 6280 3035, 6275 3030, 6265 3030, 6260 3025, 6255 3020, 6245 3020, 6240 3015, 6235 3010, 6225 3010, 6215 3010, 6205 3010, 6195 3010, 6185 3010, 6180 3005, 6175 3000, 6165 3000, 6155 3000, 6145 3000, 6135 3000, 6125 3000, 6115 3000, 6105 3000, 6100 2995, 6095 2990, 6085 2990, 6080 2985, 6075 2980, 6065 2980, 6060 2975, 6055 2970, 6045 2970, 6035 2970, 6025 2970, 6015 2970, 6010 2965, 6005 2960, 5995 2960, 5985 2960, 5975 2960, 5965 2960, 5955 2960, 5945 2960, 5935 2960, 5925 2960, 5915 2960, 5905 2960, 5900 2965, 5895 2970, 5885 2970, 5880 2975, 5875 2980, 5865 2980, 5860 2985, 5855 2990, 5845 2990, 5840 2995, 5835 3000, 5830 3005, 5825 3010, 5815 3010, 5810 3015, 5805 3020, 5800 3025, 5795 3030, 5790 3035, 5785 3040, 5780 3045, 5775 3050, 5765 3050, 5760 3055, 5755 3060, 5750 3065, 5745 3070, 5735 3070, 5730 3075, 5725 3080, 5720 3085, 5715 3090, 5705 3090, 5700 3095, 5695 3100, 5690 3105, 5685 3110, 5675 3110, 5670 3115, 5665 3120, 5660 3115, 5660 3105, 5660 3095, 5660 3085, 5655 3080, 5650 3075, 5650 3065, 5650 3055, 5645 3050, 5640 3045, 5640 3035, 5640 3025, 5640 3015, 5640 3005, 5640 2995, 5640 2985, 5635 2980, 5630 2975, 5630 2965, 5625 2960, 5620 2955, 5620 2945, 5615 2940, 5610 2935, 5605 2930, 5600 2925, 5600 2915, 5595 2910, 5590 2905, 5585 2900, 5580 2895, 5580 2885, 5575 2880, 5570 2875, 5565 2870, 5560 2865, 5555 2860, 5545 2860, 5540 2855, 5535 2850, 5530 2845, 5525 2840, 5515 2840, 5510 2835, 5505 2830, 5500 2825, 5495 2820, 5485 2820, 5480 2815, 5475 2810, 5465 2810, 5460 2805, 5455 2800, 5445 2800, 5435 2800, 5425 2800, 5420 2795, 5415 2790, 5405 2790, 5395 2790, 5385 2790, 5375 2790, 5365 2790, 5355 2790, 5345 2790, 5335 2790, 5325 2790, 5315 2790, 5305 2790, 5295 2790, 5285 2790, 5280 2795, 5275 2800, 5265 2800, 5260 2805, 5255 2810, 5245 2810, 5240 2815, 5235 2820, 5230 2825, 5225 2830, 5215 2830, 5210 2825, 5210 2815, 5210 2805, 5210 2795, 5210 2785, 5210 2775, 5210 2765, 5210 2755, 5205 2750, 5200 2755, 5200 2765, 5200 2775, 5195 2780, 5190 2785, 5190 2795, 5190 2805, 5190 2815, 5190 2825, 5195 2830, 5200 2835, 5195 2840, 5190 2845, 5190 2855, 5190 2865, 5190 2875, 5185 2880, 5180 2885, 5175 2890, 5170 2895, 5165 2900, 5160 2905, 5155 2910, 5150 2915, 5150 2925, 5145 2930, 5140 2935, 5140 2945, 5135 2950, 5130 2955, 5130 2965, 5130 2975, 5130 2985, 5125 2990, 5120 2985, 5120 2975, 5120 2965, 5115 2960, 5110 2955, 5110 2945, 5110 2935, 5110 2925, 5110 2915, 5110 2905, 5105 2900, 5100 2895, 5100 2885, 5100 2875, 5100 2865, 5100 2855, 5100 2845, 5100 2835, 5100 2825, 5100 2815, 5100 2805, 5100 2795, 5100 2785, 5105 2780, 5110 2775, 5110 2765, 5110 2755, 5110 2745, 5115 2740, 5120 2735, 5120 2725, 5120 2715, 5120 2705, 5120 2695, 5120 2685, 5120 2675, 5125 2670, 5130 2665, 5130 2655, 5130 2645, 5135 2640, 5140 2645, 5140 2655, 5145 2660, 5150 2665, 5155 2670, 5160 2675, 5165 2680, 5170 2685, 5175 2690, 5180 2695, 5185 2700, 5190 2705, 5195 2710, 5205 2710, 5210 2715, 5205 2720, 5200 2725, 5200 2735, 5205 2740, 5215 2740, 5225 2740, 5230 2745, 5235 2750, 5245 2750, 5255 2750, 5265 2750, 5275 2750, 5285 2750, 5295 2750, 5305 2750, 5315 2750, 5325 2750, 5335 2750, 5345 2750, 5350 2745, 5355 2740, 5365 2740, 5370 2735, 5375 2730, 5385 2730, 5390 2725, 5395 2720, 5400 2715, 5405 2710, 5415 2710, 5420 2705, 5425 2700, 5430 2695, 5435 2690, 5440 2685, 5440 2675, 5445 2670, 5450 2665, 5455 2660, 5460 2655, 5465 2650, 5470 2645, 5475 2640, 5480 2635, 5480 2625, 5485 2620, 5490 2615, 5495 2610, 5500 2605, 5505 2600, 5510 2595, 5515 2590, 5520 2585, 5520 2575, 5525 2570, 5530 2565, 5535 2560, 5540 2555, 5545 2550, 5550 2545, 5555 2540, 5560 2535, 5560 2525, 5565 2520, 5570 2515, 5575 2510, 5580 2505, 5585 2500, 5595 2500, 5600 2495, 5605 2490, 5615 2490, 5620 2485, 5625 2480, 5635 2480, 5640 2475, 5645 2470, 5655 2470, 5660 2465, 5665 2460, 5670 2455, 5675 2450, 5685 2450, 5690 2445, 5695 2440, 5700 2435, 5705 2430, 5710 2425, 5710 2415, 5715 2410, 5720 2405, 5725 2400, 5730 2395, 5730 2385, 5735 2380, 5740 2375, 5740 2365, 5745 2360, 5750 2355, 5750 2345, 5755 2340, 5765 2340, 5770 2335, 5775 2330, 5780 2325, 5785 2320, 5790 2315, 5790 2305, 5795 2300, 5800 2295, 5805 2290, 5810 2285, 5810 2275, 5815 2270, 5820 2265, 5820 2255, 5825 2250, 5830 2245, 5830 2235, 5830 2225, 5830 2215, 5835 2210, 5840 2205, 5840 2195, 5840 2185, 5840 2175, 5840 2165, 5840 2155, 5845 2150, 5855 2150, 5860 2145, 5865 2140, 5875 2140, 5880 2135, 5885 2130, 5890 2125, 5895 2120, 5905 2120, 5915 2120, 5925 2120, 5935 2120, 5940 2115, 5945 2110, 5955 2110, 5960 2105, 5965 2100, 5975 2100, 5980 2095, 5985 2090, 5990 2085, 5995 2080, 6005 2080, 6010 2075, 6015 2070, 6020 2065, 6025 2060, 6030 2055, 6030 2045, 6035 2040, 6040 2035, 6045 2030, 6055 2030, 6065 2030, 6070 2025, 6075 2020, 6085 2020, 6090 2015, 6095 2010, 6105 2010, 6110 2005, 6115 2000, 6120 1995, 6125 1990, 6135 1990, 6140 1985, 6145 1980, 6150 1975, 6155 1970, 6160 1965, 6165 1960, 6170 1955, 6170 1945, 6175 1940, 6180 1935, 6185 1930, 6190 1925, 6190 1915, 6195 1910, 6200 1905, 6200 1895, 6205 1890, 6210 1885, 6210 1875, 6210 1865, 6210 1855, 6215 1850, 6220 1845, 6225 1840, 6230 1835, 6235 1830, 6240 1825, 6245 1820, 6255 1820, 6260 1815, 6265 1810, 6270 1805, 6275 1800, 6285 1800, 6295 1800, 6300 1795, 6305 1790, 6315 1790, 6320 1785, 6325 1780, 6335 1780, 6340 1775, 6345 1770, 6355 1770, 6360 1765, 6365 1760, 6370 1755, 6375 1750, 6385 1750, 6390 1745, 6395 1740, 6400 1735, 6405 1730, 6410 1725, 6415 1720, 6420 1715, 6425 1710, 6430 1705, 6430 1695, 6435 1690, 6440 1685, 6445 1680, 6450 1675, 6450 1665, 6455 1660, 6460 1655, 6460 1645, 6465 1640, 6470 1635, 6470 1625, 6470 1615, 6470 1605, 6470 1595, 6470 1585, 6470 1575, 6470 1565, 6470 1555, 6470 1545, 6475 1540, 6480 1535, 6485 1530, 6495 1530, 6505 1530, 6515 1530, 6525 1530, 6535 1530, 6545 1530, 6555 1530, 6560 1525, 6565 1520, 6575 1520, 6585 1520, 6595 1520, 6600 1515, 6605 1510, 6615 1510, 6620 1505, 6625 1500, 6635 1500, 6645 1500, 6655 1500, 6660 1495, 6665 1490, 6675 1490, 6685 1490, 6695 1490, 6700 1495, 6700 1505, 6705 1510, 6710 1515, 6715 1520, 6720 1525, 6725 1530, 6730 1535, 6735 1540, 6740 1545, 6745 1550, 6755 1550, 6760 1555, 6765 1560, 6770 1565, 6775 1570, 6785 1570, 6790 1575, 6795 1580, 6805 1580, 6810 1585, 6815 1590, 6825 1590, 6835 1590, 6845 1590, 6855 1590, 6865 1590, 6875 1590, 6885 1590, 6895 1590, 6905 1590, 6910 1595, 6915 1600, 6920 1605, 6925 1610, 6930 1615, 6930 1625, 6935 1630, 6940 1635, 6945 1640, 6950 1645, 6955 1650, 6960 1655, 6965 1660, 6975 1660, 6980 1665, 6985 1670, 6990 1675, 6995 1680, 7005 1680, 7010 1685, 7015 1690, 7025 1690, 7030 1695, 7035 1700, 7045 1700, 7050 1705, 7055 1710, 7065 1710, 7075 1710, 7085 1710, 7095 1710, 7105 1710, 7115 1710, 7120 1715, 7125 1720, 7130 1725, 7130 1735, 7135 1740, 7140 1745, 7145 1750, 7150 1755, 7150 1765, 7155 1770, 7160 1775, 7165 1780, 7170 1785, 7175 1790, 7180 1795, 7180 1805, 7180 1815, 7180 1825, 7180 1835, 7180 1845, 7180 1855, 7180 1865, 7180 1875, 7180 1885, 7180 1895, 7180 1905, 7180 1915, 7185 1920, 7190 1925, 7190 1935, 7190 1945, 7190 1955, 7190 1965, 7190 1975, 7195 1980, 7200 1985, 7200 1995, 7200 2005, 7205 2010, 7210 2015, 7210 2025, 7215 2030, 7220 2035, 7220 2045, 7225 2050, 7230 2055, 7235 2060, 7240 2065, 7240 2075, 7245 2080, 7250 2085, 7255 2090, 7260 2095, 7265 2100, 7275 2100, 7280 2105, 7285 2110, 7290 2115, 7295 2120, 7305 2120, 7310 2125, 7315 2130, 7325 2130, 7330 2135, 7335 2140, 7345 2140, 7355 2140, 7365 2140, 7375 2140, 7385 2140, 7390 2145, 7390 2155, 7390 2165, 7390 2175, 7395 2180, 7400 2185, 7400 2195, 7405 2200, 7410 2205, 7410 2215, 7415 2220, 7420 2225, 7425 2230, 7430 2235, 7430 2245, 7435 2250, 7440 2255, 7445 2260, 7450 2265, 7450 2275, 7455 2280, 7460 2285, 7465 2290, 7470 2295, 7475 2300, 7480 2305, 7485 2310, 7490 2315, 7495 2320, 7505 2320, 7510 2325, 7515 2330, 7520 2335, 7525 2340, 7535 2340, 7540 2345, 7545 2350, 7555 2350, 7560 2355, 7565 2360, 7575 2360, 7585 2360, 7595 2360, 7605 2360, 7610 2365, 7610 2375, 7610 2385, 7610 2395, 7610 2405, 7610 2415, 7610 2425, 7610 2435, 7610 2445, 7610 2455, 7610 2465, 7610 2475, 7610 2485, 7610 2495, 7610 2505, 7610 2515, 7610 2525, 7605 2530, 7595 2530, 7585 2530, 7575 2530, 7565 2530, 7555 2530, 7545 2530, 7535 2530, 7530 2525, 7525 2520, 7515 2520, 7505 2520, 7500 2515, 7495 2510, 7485 2510, 7480 2505, 7475 2500, 7465 2500, 7460 2495, 7455 2490, 7450 2495, 7455 2500, 7460 2505, 7460 2515, 7465 2520, 7470 2525, 7470 2535, 7475 2540, 7480 2545, 7480 2555, 7485 2560, 7490 2565, 7490 2575, 7495 2580, 7500 2585, 7500 2595, 7500 2605, 7505 2610, 7510 2615, 7510 2625, 7510 2635, 7505 2640, 7500 2645, 7495 2650, 7490 2655, 7485 2660, 7480 2665, 7475 2670, 7470 2675, 7470 2685, 7465 2690, 7455 2690, 7445 2690, 7440 2695, 7435 2700, 7425 2700, 7415 2700, 7410 2705, 7405 2710, 7395 2710, 7385 2710, 7380 2715, 7375 2720, 7365 2720, 7360 2725, 7355 2730, 7345 2730, 7340 2725, 7340 2715, 7340 2705, 7340 2695, 7340 2685, 7340 2675, 7340 2665, 7340 2655, 7340 2645, 7335 2640, 7330 2635, 7330 2625, 7325 2620, 7320 2615, 7320 2605, 7315 2600, 7310 2595, 7305 2590, 7300 2585, 7300 2575, 7295 2570, 7290 2565, 7285 2560, 7280 2555, 7275 2550, 7270 2545, 7265 2540, 7255 2540, 7250 2535, 7245 2530, 7240 2525, 7235 2520, 7225 2520, 7220 2515, 7215 2510, 7210 2505, 7205 2500, 7195 2500, 7190 2495, 7185 2490, 7175 2490, 7170 2485, 7165 2480, 7155 2480, 7145 2480, 7135 2480, 7125 2480, 7115 2480, 7105 2480, 7095 2480, 7085 2480, 7075 2480, 7065 2480, 7060 2485, 7055 2490, 7045 2490, 7040 2495, 7035 2500, 7025 2500, 7020 2505, 7015 2510, 7010 2515, 7005 2520, 6995 2520, 6990 2525, 6985 2530, 6980 2535, 6975 2540, 6970 2545, 6970 2555, 6965 2560, 6960 2565, 6955 2570, 6950 2575, 6950 2585, 6945 2590, 6940 2595, 6940 2605, 6935 2610, 6930 2615, 6930 2625, 6925 2630, 6920 2635, 6920 2645, 6915 2650, 6910 2655, 6910 2665, 6910 2675, 6910 2685, 6910 2695, 6910 2705, 6910 2715, 6910 2725, 6910 2735, 6910 2745, 6910 2755, 6915 2760, 6920 2765, 6920 2775, 6925 2780, 6930 2785, 6930 2795, 6935 2800, 6940 2805, 6945 2810, 6950 2815, 6950 2825, 6955 2830, 6960 2835, 6965 2840, 6970 2845, 6975 2850, 6985 2850, 6990 2855, 6995 2860, 7000 2865, 7005 2870, 7015 2870, 7020 2875, 7025 2880, 7035 2880, 7040 2885, 7045 2890, 7055 2890, 7060 2895, 7065 2900, 7075 2900, 7080 2905, 7085 2910, 7095 2910, 7100 2915, 7095 2920, 7090 2925, 7090 2935, 7095 2940, 7100 2945, 7095 2950, 7090 2955, 7090 2965, 7095 2970, 7100 2975, 7100 2985, 7100 2995, 7095 3000, 7090 3005, 7085 3010, 7080 3015, 7075 3020, 7070 3025, 7065 3030, 7060 3035, 7055 3040, 7050 3045, 7045 3050, 7035 3050, 7030 3055, 7025 3060, 7015 3060, 7005 3060, 7000 3055, 6995 3050, 6985 3050, 6980 3045, 6975 3040, 6965 3040, 6960 3035, 6955 3030, 6945 3030, 6940 3025, 6935 3020, 6925 3020, 6920 3015, 6915 3010, 6905 3010, 6900 3005, 6895 3000, 6890 2995, 6885 2990, 6880 2985, 6875 2980, 6865 2980, 6860 2975, 6855 2970, 6850 2965, 6845 2960, 6840 2955, 6835 2950, 6830 2945, 6825 2940, 6820 2935, 6820 2925, 6815 2920, 6810 2915, 6805 2910, 6800 2905, 6795 2900, 6790 2895, 6790 2885, 6785 2880, 6780 2875, 6780 2865, 6775 2860, 6770 2855, 6770 2845, 6765 2840, 6760 2835, 6760 2825, 6755 2820, 6750 2815, 6750 2805, 6750 2795, 6745 2790, 6740 2785, 6740 2775, 6740 2765, 6740 2755, 6740 2745, 6740 2735, 6740 2725, 6740 2715, 6740 2705, 6740 2695, 6740 2685, 6740 2675, 6740 2665, 6740 2655, 6740 2645, 6740 2635, 6740 2625, 6745 2620, 6750 2615, 6750 2605, 6750 2595, 6755 2590, 6760 2585, 6760 2575, 6765 2570, 6770 2565, 6770 2555, 6775 2550, 6780 2545, 6780 2535, 6785 2530, 6790 2525, 6790 2515, 6795 2510, 6800 2505, 6800 2495, 6805 2490, 6810 2485, 6810 2475, 6815 2470, 6820 2465, 6825 2460, 6830 2455, 6835 2450, 6840 2445, 6840 2435, 6845 2430, 6850 2425, 6855 2420, 6860 2415, 6865 2410, 6870 2405, 6875 2400, 6880 2395, 6885 2390, 6895 2390, 6900 2385, 6905 2380, 6910 2375, 6915 2370, 6920 2365, 6925 2360, 6935 2360, 6940 2355, 6945 2350, 6955 2350, 6960 2345, 6965 2340, 6975 2340, 6980 2335, 6985 2330, 6995 2330, 7000 2325, 7005 2320, 7015 2320, 7025 2320, 7030 2315, 7035 2310, 7045 2310, 7055 2310, 7065 2310, 7075 2310, 7085 2310, 7095 2310, 7105 2310, 7115 2310, 7125 2310, 7135 2310, 7145 2310, 7155 2310, 7165 2310, 7175 2310, 7185 2310, 7195 2310, 7200 2315, 7205 2320, 7215 2320, 7225 2320, 7230 2325, 7235 2330, 7245 2330, 7250 2335, 7255 2340, 7265 2340, 7270 2345, 7275 2350, 7285 2350, 7290 2355, 7295 2360, 7300 2355, 7295 2350, 7290 2345, 7290 2335, 7285 2330, 7280 2325, 7275 2320, 7270 2315, 7270 2305, 7265 2300, 7260 2295, 7255 2290, 7250 2285, 7245 2280, 7235 2280, 7230 2275, 7225 2270, 7215 2270, 7210 2265, 7205 2260, 7195 2260, 7190 2255, 7185 2250, 7180 2245, 7175 2240, 7170 2235, 7165 2230, 7155 2230, 7150 2225, 7145 2220, 7140 2215, 7135 2210, 7130 2205, 7125 2200, 7120 2195, 7115 2190, 7110 2185, 7110 2175, 7105 2170, 7100 2165, 7095 2160, 7090 2155, 7085 2150, 7080 2145, 7080 2135, 7075 2130, 7070 2125, 7070 2115, 7065 2110, 7060 2105, 7060 2095, 7055 2090, 7050 2085, 7050 2075, 7045 2070, 7040 2065, 7040 2055, 7040 2045, 7035 2040, 7030 2035, 7030 2025, 7030 2015, 7025 2010, 7020 2005, 7020 1995, 7020 1985, 7020 1975, 7020 1965, 7020 1955, 7015 1950, 7010 1945, 7010 1935, 7010 1925, 7010 1915, 7010 1905, 7010 1895, 7010 1885, 7010 1875, 7005 1870, 6995 1870, 6990 1865, 6985 1860, 6975 1860, 6970 1855, 6965 1850, 6955 1850, 6950 1845, 6945 1840, 6935 1840, 6930 1835, 6925 1830, 6915 1830, 6910 1825, 6905 1820, 6895 1820, 6890 1815, 6885 1810, 6880 1805, 6875 1800, 6870 1795, 6865 1790, 6855 1790, 6850 1785, 6845 1780, 6840 1775, 6835 1770, 6830 1765, 6825 1760, 6815 1760, 6805 1760, 6795 1760, 6785 1760, 6780 1755, 6775 1750, 6765 1750, 6755 1750, 6750 1745, 6745 1740, 6735 1740, 6730 1735, 6725 1730, 6715 1730, 6710 1725, 6705 1720, 6695 1720, 6690 1715, 6685 1710, 6675 1710, 6670 1705, 6665 1700, 6660 1695, 6655 1690, 6650 1685, 6645 1680, 6635 1680, 6630 1685, 6630 1695, 6625 1700, 6620 1705, 6620 1715, 6615 1720, 6610 1725, 6610 1735, 6605 1740, 6600 1745, 6600 1755, 6595 1760, 6590 1765, 6590 1775, 6585 1780, 6580 1785, 6575 1790, 6570 1795, 6565 1800, 6560 1805, 6560 1815, 6555 1820, 6550 1825, 6545 1830, 6540 1835, 6535 1840, 6530 1845, 6525 1850, 6520 1855, 6515 1860, 6510 1865, 6505 1870, 6500 1875, 6495 1880, 6485 1880, 6480 1885, 6475 1890, 6470 1895, 6465 1900, 6460 1905, 6455 1910, 6445 1910, 6440 1915, 6435 1920, 6425 1920, 6420 1925, 6415 1930, 6405 1930, 6400 1935, 6395 1940, 6385 1940, 6380 1945, 6375 1950, 6365 1950, 6360 1955, 6360 1965, 6355 1970, 6350 1975, 6350 1985, 6345 1990, 6340 1995, 6340 2005, 6335 2010, 6330 2015, 6330 2025, 6325 2030, 6320 2035, 6315 2040, 6310 2045, 6305 2050, 6300 2055, 6300 2065, 6295 2070, 6290 2075, 6285 2080, 6280 2085, 6275 2090, 6270 2095, 6265 2100, 6260 2105, 6255 2110, 6250 2115, 6245 2120, 6235 2120, 6230 2125, 6225 2130, 6220 2135, 6215 2140, 6210 2145, 6205 2150, 6195 2150, 6190 2155, 6185 2160, 6175 2160, 6170 2165, 6165 2170, 6155 2170, 6150 2175, 6145 2180, 6140 2185, 6135 2190, 6130 2195, 6125 2200, 6120 2205, 6115 2210, 6105 2210, 6100 2215, 6095 2220, 6090 2225, 6085 2230, 6080 2235, 6075 2240, 6065 2240, 6060 2245, 6055 2250, 6045 2250, 6040 2255, 6035 2260, 6025 2260, 6020 2265, 6015 2270, 6005 2270, 6000 2275, 5995 2280, 5990 2285, 5990 2295, 5990 2305, 5985 2310, 5980 2315, 5980 2325, 5975 2330, 5970 2335, 5970 2345, 5965 2350, 5960 2355, 5960 2365, 5955 2370, 5950 2375, 5950 2385, 5945 2390, 5940 2395, 5935 2400, 5930 2405, 5925 2410, 5920 2415, 5920 2425, 5915 2430, 5910 2435, 5905 2440, 5900 2445, 5895 2450, 5890 2455, 5885 2460, 5880 2465, 5880 2475, 5875 2480, 5870 2485, 5870 2495, 5865 2500, 5860 2505, 5855 2510, 5850 2515, 5845 2520, 5840 2525, 5840 2535, 5835 2540, 5830 2545, 5825 2550, 5820 2555, 5815 2560, 5810 2565, 5805 2570, 5800 2575, 5795 2580, 5785 2580, 5780 2585, 5775 2590, 5770 2595, 5765 2600, 5760 2605, 5755 2610, 5745 2610, 5740 2615, 5735 2620, 5725 2620, 5720 2625, 5715 2630, 5705 2630, 5700 2635, 5695 2640, 5690 2645, 5685 2650, 5680 2655, 5675 2660, 5670 2665, 5665 2670, 5660 2675, 5655 2680, 5650 2685, 5650 2695, 5645 2700, 5640 2705, 5640 2715, 5645 2720, 5650 2725, 5655 2730, 5665 2730, 5670 2735, 5675 2740, 5680 2745, 5685 2750, 5690 2755, 5695 2760, 5700 2765, 5705 2770, 5710 2775, 5710 2785, 5715 2790, 5720 2795, 5725 2800, 5730 2805, 5735 2810, 5740 2815, 5740 2825, 5745 2830, 5750 2835, 5755 2840, 5765 2840, 5775 2840, 5780 2835, 5785 2830, 5795 2830, 5800 2825, 5805 2820, 5815 2820, 5820 2815, 5825 2810, 5835 2810, 5840 2805, 5845 2800, 5855 2800, 5865 2800, 5870 2795, 5875 2790, 5885 2790, 5895 2790, 5905 2790, 5915 2790, 5925 2790, 5935 2790, 5945 2790, 5955 2790, 5965 2790, 5975 2790, 5985 2790, 5995 2790, 6005 2790, 6015 2790, 6025 2790, 6035 2790, 6040 2795, 6045 2800, 6055 2800, 6065 2800, 6075 2800, 6085 2800, 6090 2805, 6095 2810, 6105 2810, 6115 2810, 6120 2815, 6125 2820, 6135 2820, 6140 2825, 6145 2830, 6155 2830, 6165 2830, 6175 2830, 6185 2830, 6195 2830, 6205 2830, 6210 2835, 6215 2840, 6225 2840, 6235 2840, 6245 2840, 6255 2840, 6265 2840, 6270 2845, 6275 2850, 6285 2850, 6295 2850, 6300 2855, 6305 2860, 6315 2860, 6320 2865, 6325 2870, 6335 2870, 6340 2875, 6345 2880, 6355 2880, 6365 2880, 6375 2880, 6385 2880, 6395 2880, 6405 2880, 6415 2880, 6425 2880, 6430 2885, 6435 2890, 6445 2890, 6455 2890, 6465 2890, 6475 2890, 6485 2890, 6495 2890, 6500 2895, 6505 2900, 6515 2900, 6525 2900, 6530 2905, 6535 2910, 6545 2910, 6550 2915, 6555 2920, 6565 2920, 6570 2925, 6575 2930, 6585 2930, 6595 2930, 6600 2935, 6605 2940, 6615 2940, 6620 2945, 6625 2950, 6635 2950, 6640 2955, 6645 2960, 6655 2960, 6660 2965, 6665 2970, 6675 2970, 6680 2975, 6685 2980, 6690 2985, 6695 2990, 6700 2995, 6705 3000, 6715 3000, 6720 3005, 6725 3010, 6735 3010, 6740 3015, 6745 3020, 6750 3025, 6755 3030, 6760 3035, 6765 3040, 6775 3040, 6780 3045, 6785 3050, 6790 3055, 6795 3060, 6800 3065, 6805 3070, 6810 3075, 6815 3080, 6820 3085, 6825 3090, 6830 3095, 6830 3105, 6835 3110, 6840 3115, 6845 3120, 6850 3125, 6855 3130, 6860 3135, 6860 3145, 6865 3150, 6870 3155, 6870 3165, 6875 3170, 6880 3175, 6880 3185, 6885 3190, 6890 3195, 6885 3200, 6880 3205, 6875 3210, 6865 3210, 6855 3210, 6845 3210, 6840 3215, 6835 3220, 6830 3225, 6825 3230, 6815 3230, 6805 3230, 6795 3230, 6790 3235, 6785 3240, 6775 3240, 6770 3245, 6765 3250, 6760 3255, 6760 3265, 6755 3270))"
deep,0,,5;8,15350.0,1,5743.49891422367,1707.7605863192182,"POLYGON ((5685 1820, 5675 1820, 5670 1815, 5670 1805, 5670 1795, 5670 1785, 5670 1775, 5670 1765, 5670 1755, 5675 1750, 5680 1745, 5685 1740, 5690 1735, 5690 1725, 5695 1720, 5700 1715, 5705 1710, 5710 1705, 5710 1695, 5715 1690, 5720 1685, 5725 1680, 5730 1675, 5730 1665, 5735 1660, 5740 1655, 5740 1645, 5745 1640, 5750 1635, 5755 1630, 5760 1625, 5760 1615, 5765 1610, 5770 1605, 5775 1600, 5780 1595, 5785 1590, 5790 1585, 5795 1580, 5800 1575, 5805 1570, 5810 1575, 5810 1585, 5810 1595, 5810 1605, 5810 1615, 5805 1620, 5800 1625, 5800 1635, 5800 1645, 5800 1655, 5800 1665, 5800 1675, 5795 1680, 5790 1685, 5795 1690, 5800 1695, 5795 1700, 5790 1705, 5790 1715, 5785 1720, 5780 1725, 5780 1735, 5780 1745, 5775 1750, 5770 1755, 5765 1760, 5760 1765, 5755 1770, 5745 1770, 5740 1775, 5735 1780, 5730 1785, 5725 1790, 5720 1795, 5715 1800, 5710 1805, 5705 1810, 5695 1810, 5690 1815, 5685 1820))"
deep,11,P3_1_L,11,56050.0,1,5083.85370205174,2452.258400237883,"POLYGON ((5065 2800, 5060 2795, 5060 2785, 5055 2780, 5050 2775, 5045 2770, 5040 2765, 5035 2760, 5030 2755, 5025 2750, 5020 2745, 5020 2735, 5020 2725, 5015 2720, 5010 2715, 5010 2705, 5010 2695, 5015 2690, 5020 2685, 5020 2675, 5015 2670, 5010 2665, 5010 2655, 5015 2650, 5020 2645, 5015 2640, 5005 2640, 5000 2635, 4995 2630, 4990 2625, 4985 2620, 4980 2615, 4980 2605, 4980 2595, 4975 2590, 4970 2585, 4970 2575, 4970 2565, 4970 2555, 4975 2550, 4980 2545, 4980 2535, 4980 2525, 4985 2520, 4990 2515, 4995 2510, 5000 2505, 5005 2500, 5015 2500, 5020 2495, 5025 2490, 5035 2490, 5040 2485, 5035 2480, 5030 2475, 5030 2465, 5035 2460, 5040 2455, 5040 2445, 5045 2440, 5050 2435, 5045 2430, 5040 2425, 5040 2415, 5040 2405, 5035 2400, 5030 2395, 5025 2390, 5020 2385, 5020 2375, 5015 2370, 5010 2365, 5010 2355, 5010 2345, 5010 2335, 5005 2330, 5000 2325, 5005 2320, 5010 2315, 5005 2310, 5000 2305, 5000 2295, 5000 2285, 5005 2280, 5010 2275, 5010 2265, 5015 2260, 5020 2255, 5025 2250, 5030 2245, 5035 2240, 5045 2240, 5050 2245, 5055 2250, 5060 2255, 5065 2260, 5070 2265, 5070 2275, 5075 2280, 5080 2285, 5080 2295, 5085 2300, 5090 2305, 5090 2315, 5090 2325, 5090 2335, 5095 2340, 5100 2345, 5100 2355, 5105 2360, 5110 2355, 5110 2345, 5115 2340, 5120 2335, 5120 2325, 5120 2315, 5125 2310, 5130 2305, 5130 2295, 5135 2290, 5140 2285, 5140 2275, 5145 2270, 5150 2265, 5150 2255, 5155 2250, 5160 2245, 5160 2235, 5165 2230, 5170 2225, 5175 2220, 5180 2215, 5185 2210, 5190 2205, 5195 2200, 5200 2195, 5205 2190, 5210 2185, 5215 2180, 5220 2175, 5225 2170, 5235 2170, 5240 2165, 5245 2160, 5250 2155, 5255 2150, 5260 2145, 5265 2140, 5270 2135, 5275 2130, 5280 2125, 5285 2120, 5290 2115, 5295 2110, 5300 2105, 5305 2100, 5315 2100, 5320 2105, 5315 2110, 5310 2115, 5305 2120, 5300 2125, 5295 2130, 5290 2135, 5285 2140, 5280 2145, 5275 2150, 5270 2155, 5270 2165, 5265 2170, 5260 2175, 5260 2185, 5255 2190, 5250 2195, 5250 2205, 5250 2215, 5250 2225, 5250 2235, 5245 2240, 5240 2245, 5240 2255, 5235 2260, 5230 2265, 5230 2275, 5225 2280, 5215 2280, 5210 2285, 5205 2290, 5200 2295, 5195 2300, 5185 2300, 5180 2305, 5175 2310, 5170 2315, 5165 2320, 5160 2325, 5155 2330, 5150 2335, 5145 2340, 5140 2345, 5135 2350, 5130 2355, 5130 2365, 5125 2370, 5120 2375, 5120 2385, 5115 2390, 5110 2395, 5110 2405, 5110 2415, 5105 2420, 5100 2425, 5100 2435, 5100 2445, 5100 2455, 5100 2465, 5095 2470, 5090 2475, 5095 2480, 5100 2485, 5100 2495, 5100 2505, 5100 2515, 5095 2520, 5090 2525, 5085 2530, 5080 2535, 5075 2540, 5070 2545, 5070 2555, 5070 2565, 5070 2575, 5070 2585, 5070 2595, 5075 2600, 5080 2605, 5080 2615, 5085 2620, 5090 2625, 5090 2635, 5090 2645, 5090 2655, 5095 2660, 5100 2665, 5100 2675, 5100 2685, 5100 2695, 5095 2700, 5090 2705, 5090 2715, 5090 2725, 5090 2735, 5090 2745, 5090 2755, 5090 2765, 5085 2770, 5080 2775, 5080 2785, 5075 2790, 5070 2795, 5065 2800))"
deep,3,,3,15550.0,1,7689.22293676313,2386.023579849946,"POLYGON ((7685 2490, 7675 2490, 7665 2490, 7655 2490, 7645 2490, 7635 2490, 7630 2485, 7630 2475, 7630 2465, 7630 2455, 7635 2450, 7640 2445, 7640 2435, 7635 2430, 7630 2425, 7630 2415, 7630 2405, 7630 2395, 7630 2385, 7635 2380, 7640 2375, 7640 2365, 7640 2355, 7640 2345, 7645 2340, 7655 2340, 7665 2340, 7670 2335, 7675 2330, 7685 2330, 7690 2325, 7695 2320, 7705 2320, 7710 2315, 7715 2310, 7720 2305, 7725 2300, 7730 2295, 7735 2290, 7740 2285, 7745 2280, 7750 2275, 7755 2270, 7760 2265, 7760 2255, 7765 2250, 7770 2245, 7770 2235, 7775 2230, 7780 2225, 7780 2215, 7780 2205, 7785 2200, 7790 2205, 7790 2215, 7790 2225, 7790 2235, 7785 2240, 7780 2245, 7780 2255, 7775 2260, 7770 2265, 7770 2275, 7765 2280, 7760 2285, 7760 2295, 7755 2300, 7750 2305, 7750 2315, 7745 2320, 7740 2325, 7740 2335, 7735 2340, 7730 2345, 7730 2355, 7725 2360, 7720 2365, 7720 2375, 7720 2385, 7715 2390, 7710 2395, 7710 2405, 7710 2415, 7710 2425, 7715 2430, 7720 2435, 7720 2445, 7715 2450, 7710 2455, 7710 2465, 7710 2475, 7705 2480, 7695 2480, 7690 2485, 7685 2490))"
deep,0,P3_1_L,,250.0,1,5005.0,2415.0,"POLYGON ((5005 2430, 5000 2425, 5000 2415, 5000 2405, 5005 2400, 5010 2405, 5010 2415, 5010 2425, 5005 2430))"
deep,0,P3_1_L,,350.0,1,4995.0,2450.0,"POLYGON ((4995 2470, 4990 2465, 4990 2455, 4990 2445, 4990 2435, 4995 2430, 5000 2435, 5000 2445, 5000 2455, 5000 2465, 4995 2470))"
deep,17,P3_1_C,17,35150.0,1,7283.840682788051,2885.90564248459,"POLYGON ((7155 3060, 7150 3055, 7145 3050, 7135 3050, 7125 3050, 7115 3050, 7105 3050, 7095 3050, 7085 3050, 7080 3045, 7085 3040, 7090 3035, 7095 3030, 7100 3025, 7105 3020, 7110 3015, 7115 3010, 7120 3005, 7120 2995, 7120 2985, 7125 2980, 7130 2975, 7135 2970, 7140 2965, 7145 2960, 7150 2955, 7155 2950, 7160 2945, 7165 2940, 7170 2935, 7175 2930, 7180 2925, 7185 2920, 7195 2920, 7205 2920, 7215 2920, 7220 2915, 7220 2905, 7215 2900, 7210 2895, 7215 2890, 7225 2890, 7230 2885, 7235 2880, 7245 2880, 7250 2875, 7255 2870, 7260 2865, 7265 2860, 7270 2855, 7275 2850, 7280 2845, 7285 2840, 7290 2835, 7295 2830, 7300 2825, 7300 2815, 7305 2810, 7310 2805, 7310 2795, 7315 2790, 7320 2785, 7320 2775, 7320 2765, 7320 2755, 7325 2750, 7335 2750, 7345 2750, 7355 2750, 7365 2750, 7370 2745, 7375 2740, 7385 2740, 7390 2735, 7395 2730, 7405 2730, 7415 2730, 7420 2725, 7425 2720, 7435 2720, 7445 2720, 7450 2715, 7455 2710, 7465 2710, 7470 2715, 7470 2725, 7475 2730, 7480 2735, 7475 2740, 7470 2745, 7470 2755, 7470 2765, 7470 2775, 7470 2785, 7470 2795, 7465 2800, 7455 2800, 7450 2805, 7445 2810, 7435 2810, 7425 2810, 7420 2815, 7415 2820, 7405 2820, 7400 2825, 7395 2830, 7385 2830, 7375 2830, 7365 2830, 7355 2830, 7350 2835, 7345 2840, 7335 2840, 7325 2840, 7320 2845, 7315 2850, 7310 2855, 7310 2865, 7310 2875, 7310 2885, 7305 2890, 7300 2895, 7300 2905, 7300 2915, 7300 2925, 7295 2930, 7290 2935, 7290 2945, 7285 2950, 7280 2955, 7275 2960, 7270 2965, 7265 2970, 7260 2975, 7255 2980, 7250 2985, 7245 2990, 7235 2990, 7230 2995, 7230 3005, 7225 3010, 7220 3015, 7215 3020, 7210 3025, 7205 3030, 7200 3035, 7195 3040, 7190 3045, 7185 3050, 7175 3050, 7165 3050, 7160 3055, 7155 3060))"
deep,0,,,4850.0,1,5015.360824742268,2894.639175257732,"POLYGON ((4985 2980, 4980 2975, 4980 2965, 4980 2955, 4980 2945, 4980 2935, 4985 2930, 4990 2925, 4990 2915, 4990 2905, 4995 2900, 5000 2895, 5000 2885, 5000 2875, 5005 2870, 5010 2865, 5015 2860, 5020 2855, 5020 2845, 5025 2840, 5030 2835, 5030 2825, 5035 2820, 5040 2815, 5045 2810, 5050 2805, 5055 2800, 5060 2805, 5060 2815, 5055 2820, 5050 2825, 5050 2835, 5050 2845, 5045 2850, 5040 2855, 5040 2865, 5040 2875, 5035 2880, 5030 2885, 5030 2895, 5030 2905, 5030 2915, 5025 2920, 5020 2925, 5020 2935, 5015 2940, 5010 2945, 5010 2955, 5005 2960, 5000 2965, 4995 2970, 4990 2975, 4985 2980))"
deep,0,,7;19,7250.0,1,8036.19540229885,2923.8275862068967,"POLYGON ((8025 2990, 8020 2985, 8015 2980, 8010 2975, 8010 2965, 8010 2955, 8010 2945, 8005 2940, 8000 2935, 8000 2925, 8000 2915, 8000 2905, 8000 2895, 8000 2885, 8000 2875, 8000 2865, 8000 2855, 8000 2845, 8005 2840, 8010 2845, 8010 2855, 8015 2860, 8020 2865, 8025 2870, 8030 2875, 8035 2880, 8040 2885, 8045 2890, 8050 2895, 8055 2900, 8065 2900, 8070 2905, 8075 2910, 8085 2910, 8090 2915, 8085 2920, 8080 2925, 8085 2930, 8090 2935, 8090 2945, 8085 2950, 8080 2955, 8075 2960, 8065 2960, 8060 2965, 8055 2970, 8045 2970, 8040 2975, 8035 2980, 8030 2985, 8025 2990))"
deep,20,P3_1_C,20,14150.0,1,6797.979976442874,3318.7691401649,"POLYGON ((6735 3420, 6725 3420, 6720 3415, 6725 3410, 6730 3405, 6730 3395, 6730 3385, 6730 3375, 6730 3365, 6735 3360, 6740 3355, 6735 3350, 6730 3345, 6730 3335, 6730 3325, 6730 3315, 6730 3305, 6735 3300, 6745 3300, 6750 3295, 6755 3290, 6765 3290, 6775 3290, 6780 3285, 6780 3275, 6785 3270, 6790 3265, 6795 3260, 6805 3260, 6810 3255, 6815 3250, 6825 3250, 6835 3250, 6840 3245, 6845 3240, 6855 3240, 6860 3245, 6865 3250, 6870 3255, 6870 3265, 6870 3275, 6875 3280, 6880 3285, 6880 3295, 6880 3305, 6880 3315, 6875 3320, 6865 3320, 6860 3325, 6855 3330, 6845 3330, 6840 3335, 6835 3340, 6825 3340, 6820 3345, 6815 3350, 6810 3355, 6805 3360, 6800 3365, 6795 3370, 6790 3375, 6785 3380, 6775 3380, 6770 3385, 6765 3390, 6760 3395, 6755 3400, 6750 3405, 6745 3410, 6740 3415, 6735 3420))"
deep,0,,18;20,7350.0,1,5591.598639455782,3317.1315192743764,"POLYGON ((5655 3380, 5645 3380, 5640 3375, 5635 3370, 5625 3370, 5615 3370, 5610 3365, 5605 3360, 5595 3360, 5590 3355, 5585 3350, 5575 3350, 5570 3345, 5565 3340, 5560 3335, 5555 3330, 5550 3325, 5545 3320, 5540 3315, 5535 3310, 5525 3310, 5520 3305, 5525 3300, 5530 3295, 5535 3290, 5545 3290, 5550 3285, 5555 3280, 5565 3280, 5570 3275, 5575 3270, 5580 3265, 5585 3260, 5595 3260, 5600 3265, 5605 3270, 5615 3270, 5620 3275, 5620 3285, 5620 3295, 5620 3305, 5620 3315, 5625 3320, 5630 3325, 5630 3335, 5635 3340, 5640 3345, 5640 3355, 5645 3360, 5650 3365, 5655 3370, 5660 3375, 5655 3380))"
deep,21,,21,250.0,1,7915.0,3355.0,"POLYGON ((7915 3370, 7910 3365, 7910 3355, 7910 3345, 7915 3340, 7920 3345, 7920 3355, 7920 3365, 7915 3370))"
deep,0,R1_2_T,21;29;30,55450.0,1,8184.970694319207,3698.678238653442,"POLYGON ((8505 3940, 8495 3940, 8485 3940, 8475 3940, 8465 3940, 8455 3940, 8445 3940, 8440 3935, 8435 3930, 8430 3925, 8425 3920, 8420 3915, 8415 3910, 8410 3905, 8405 3900, 8400 3895, 8400 3885, 8395 3880, 8385 3880, 8380 3875, 8375 3870, 8365 3870, 8360 3865, 8355 3860, 8350 3855, 8345 3850, 8340 3845, 8335 3840, 8330 3835, 8325 3830, 8320 3825, 8315 3820, 8305 3820, 8295 3820, 8285 3820, 8280 3815, 8275 3810, 8265 3810, 8260 3805, 8255 3800, 8250 3795, 8245 3790, 8240 3785, 8235 3780, 8230 3775, 8230 3765, 8225 3760, 8220 3755, 8215 3750, 8205 3750, 8195 3750, 8190 3745, 8190 3735, 8190 3725, 8190 3715, 8190 3705, 8190 3695, 8185 3690, 8175 3690, 8165 3690, 8160 3695, 8155 3700, 8145 3700, 8135 3700, 8125 3700, 8115 3700, 8105 3700, 8095 3700, 8085 3700, 8080 3695, 8075 3690, 8070 3685, 8065 3680, 8060 3675, 8055 3670, 8050 3665, 8045 3660, 8040 3655, 8035 3650, 8030 3645, 8025 3640, 8020 3635, 8020 3625, 8015 3620, 8010 3615, 8010 3605, 8005 3600, 8000 3595, 7995 3590, 7990 3595, 7985 3600, 7980 3605, 7975 3610, 7965 3610, 7955 3610, 7950 3605, 7945 3600, 7940 3595, 7935 3590, 7930 3585, 7925 3580, 7920 3575, 7915 3570, 7910 3565, 7910 3555, 7910 3545, 7910 3535, 7905 3530, 7900 3525, 7895 3520, 7890 3515, 7890 3505, 7885 3500, 7880 3495, 7880 3485, 7880 3475, 7885 3470, 7890 3465, 7895 3460, 7900 3455, 7905 3450, 7910 3445, 7915 3440, 7925 3440, 7930 3445, 7930 3455, 7935 3460, 7940 3465, 7940 3475, 7945 3480, 7950 3485, 7955 3490, 7960 3495, 7965 3500, 7970 3505, 7975 3510, 7980 3515, 7985 3520, 7990 3525, 7995 3530, 8005 3530, 8010 3535, 8015 3540, 8025 3540, 8030 3545, 8035 3550, 8045 3550, 8055 3550, 8065 3550, 8075 3550, 8080 3555, 8085 3560, 8090 3565, 8090 3575, 8095 3580, 8100 3585, 8100 3595, 8105 3600, 8110 3605, 8115 3610, 8120 3615, 8125 3620, 8130 3625, 8130 3635, 8135 3640, 8140 3645, 8145 3650, 8150 3655, 8155 3660, 8160 3665, 8165 3670, 8170 3675, 8175 3680, 8185 3680, 8190 3675, 8195 3670, 8205 3670, 8215 3670, 8220 3675, 8225 3680, 8235 3680, 8245 3680, 8250 3685, 8255 3690, 8265 3690, 8270 3695, 8275 3700, 8280 3705, 8285 3710, 8290 3715, 8290 3725, 8290 3735, 8295 3740, 8300 3735, 8305 3730, 8310 3735, 8310 3745, 8315 3750, 8320 3755, 8325 3760, 8335 3760, 8345 3760, 8350 3765, 8355 3770, 8360 3775, 8365 3780, 8370 3785, 8370 3795, 8375 3800, 8380 3795, 8385 3790, 8390 3795, 8395 3800, 8400 3805, 8405 3810, 8410 3815, 8415 3820, 8425 3820, 8430 3825, 8435 3830, 8445 3830, 8450 3835, 8455 3840, 8465 3840, 8470 3845, 8470 3855, 8475 3860, 8480 3865, 8480 3875, 8485 3880, 8490 3885, 8495 3890, 8500 3895, 8505 3900, 8510 3905, 8515 3910, 8520 3915, 8520 3925, 8515 3930, 8510 3935, 8505 3940))"
deep,0,,20;23;24,2850.0,1,6195.058479532164,3495.3508771929824,"POLYGON ((6235 3520, 6225 3520, 6215 3520, 6210 3515, 6205 3510, 6195 3510, 6185 3510, 6175 3510, 6165 3510, 6155 3510, 6145 3510, 6140 3505, 6145 3500, 6150 3495, 6155 3490, 6165 3490, 6170 3485, 6175 3480, 6185 3480, 6190 3475, 6195 3470, 6200 3465, 6205 3460, 6210 3465, 6215 3470, 6220 3475, 6220 3485, 6225 3490, 6230 3495, 6230 3505, 6235 3510, 6240 3515, 6235 3520))"
deep,0,,20;25,2050.0,1,5970.731707317073,3532.723577235772,"POLYGON ((5985 3550, 5975 3550, 5965 3550, 5955 3550, 5950 3545, 5945 3540, 5935 3540, 5930 3535, 5925 3530, 5920 3525, 5925 3520, 5935 3520, 5945 3520, 5950 3525, 5955 3530, 5960 3525, 5965 3520, 5975 3520, 5985 3520, 5995 3520, 6005 3520, 6015 3520, 6020 3525, 6015 3530, 6010 3535, 6005 3540, 5995 3540, 5990 3545, 5985 3550))"
deep,22,R1_2_T,22,18950.0,1,9856.334652594547,3692.2933157431835,"POLYGON ((9795 3800, 9790 3795, 9790 3785, 9785 3780, 9780 3775, 9780 3765, 9780 3755, 9775 3750, 9770 3745, 9770 3735, 9770 3725, 9770 3715, 9770 3705, 9775 3700, 9785 3700, 9790 3695, 9795 3690, 9800 3685, 9805 3680, 9810 3675, 9815 3670, 9820 3665, 9820 3655, 9825 3650, 9830 3645, 9835 3640, 9845 3640, 9850 3635, 9855 3630, 9865 3630, 9870 3625, 9875 3620, 9885 3620, 9890 3615, 9895 3610, 9900 3605, 9905 3600, 9910 3595, 9915 3590, 9925 3590, 9930 3585, 9935 3580, 9940 3575, 9945 3570, 9950 3565, 9955 3560, 9960 3565, 9960 3575, 9960 3585, 9960 3595, 9955 3600, 9950 3605, 9950 3615, 9950 3625, 9945 3630, 9940 3635, 9935 3640, 9930 3645, 9930 3655, 9925 3660, 9920 3665, 9915 3670, 9910 3675, 9905 3680, 9900 3685, 9900 3695, 9895 3700, 9890 3705, 9885 3710, 9880 3715, 9875 3720, 9870 3725, 9870 3735, 9870 3745, 9870 3755, 9870 3765, 9870 3775, 9870 3785, 9865 3790, 9855 3790, 9845 3790, 9835 3790, 9825 3790, 9815 3790, 9805 3790, 9800 3795, 9795 3800))"
deep,0,R1_2_T,22;26,46050.0,1,9652.62395946435,3834.4173000361925,"POLYGON ((9645 3950, 9635 3950, 9625 3950, 9615 3950, 9605 3950, 9595 3950, 9590 3945, 9585 3940, 9575 3940, 9565 3940, 9560 3935, 9555 3930, 9545 3930, 9535 3930, 9530 3925, 9525 3920, 9520 3915, 9515 3910, 9505 3910, 9495 3910, 9490 3905, 9485 3900, 9475 3900, 9470 3895, 9465 3890, 9455 3890, 9445 3890, 9440 3885, 9445 3880, 9455 3880, 9465 3880, 9470 3875, 9475 3870, 9485 3870, 9495 3870, 9500 3865, 9505 3860, 9515 3860, 9520 3855, 9525 3850, 9535 3850, 9540 3845, 9545 3840, 9550 3835, 9555 3830, 9565 3830, 9570 3825, 9575 3820, 9580 3815, 9585 3810, 9590 3805, 9595 3800, 9600 3795, 9605 3790, 9610 3785, 9615 3780, 9620 3775, 9625 3770, 9630 3765, 9635 3760, 9640 3755, 9640 3745, 9645 3740, 9650 3735, 9655 3730, 9660 3725, 9660 3715, 9665 3710, 9670 3705, 9670 3695, 9675 3690, 9680 3685, 9685 3680, 9690 3675, 9690 3665, 9695 3660, 9705 3660, 9710 3665, 9715 3670, 9725 3670, 9735 3670, 9740 3675, 9745 3680, 9755 3680, 9760 3685, 9755 3690, 9750 3695, 9745 3700, 9740 3705, 9740 3715, 9740 3725, 9740 3735, 9745 3740, 9750 3745, 9750 3755, 9755 3760, 9760 3765, 9760 3775, 9760 3785, 9765 3790, 9770 3795, 9770 3805, 9770 3815, 9770 3825, 9770 3835, 9770 3845, 9770 3855, 9765 3860, 9760 3865, 9760 3875, 9755 3880, 9750 3885, 9750 3895, 9745 3900, 9740 3905, 9735 3910, 9730 3915, 9725 3920, 9720 3925, 9715 3930, 9705 3930, 9695 3930, 9690 3935, 9685 3940, 9675 3940, 9665 3940, 9655 3940, 9650 3945, 9645 3950))"
deep,26,,26,16950.0,1,9410.356440511307,3926.3446411012783,"POLYGON ((9495 3990, 9485 3990, 9475 3990, 9465 3990, 9455 3990, 9445 3990, 9440 3985, 9435 3980, 9425 3980, 9415 3980, 9405 3980, 9400 3975, 9395 3970, 9385 3970, 9380 3965, 9375 3960, 9370 3955, 9365 3950, 9355 3950, 9350 3945, 9345 3940, 9340 3935, 9335 3930, 9330 3925, 9325 3920, 9320 3915, 9320 3905, 9315 3900, 9310 3895, 9305 3890, 9300 3885, 9300 3875, 9300 3865, 9305 3860, 9315 3860, 9320 3855, 9325 3850, 9335 3850, 9340 3845, 9345 3840, 9355 3840, 9360 3845, 9365 3850, 9375 3850, 9380 3855, 9380 3865, 9385 3870, 9390 3875, 9395 3880, 9400 3885, 9405 3890, 9410 3895, 9415 3900, 9420 3905, 9420 3915, 9425 3920, 9430 3915, 9435 3910, 9445 3910, 9450 3915, 9455 3920, 9465 3920, 9475 3920, 9480 3925, 9485 3930, 9495 3930, 9505 3930, 9510 3935, 9515 3940, 9520 3945, 9525 3950, 9530 3955, 9535 3960, 9540 3955, 9545 3950, 9550 3955, 9555 3960, 9560 3965, 9555 3970, 9545 3970, 9535 3970, 9530 3975, 9525 3980, 9515 3980, 9505 3980, 9500 3985, 9495 3990))"
deep,0,,26;30,5250.0,1,8985.039682539684,3936.34126984127,"POLYGON ((9005 3960, 8995 3960, 8985 3960, 8975 3960, 8965 3960, 8955 3960, 8945 3960, 8935 3960, 8925 3960, 8915 3960, 8905 3960, 8900 3955, 8905 3950, 8915 3950, 8920 3945, 8925 3940, 8935 3940, 8940 3935, 8945 3930, 8950 3925, 8955 3920, 8960 3915, 8965 3910, 8970 3905, 8975 3900, 8985 3900, 8990 3905, 8995 3910, 9005 3910, 9010 3915, 9015 3920, 9025 3920, 9035 3920, 9045 3920, 9055 3920, 9060 3925, 9060 3935, 9055 3940, 9045 3940, 9040 3945, 9035 3950, 9025 3950, 9015 3950, 9010 3955, 9005 3960))"
deep,31,,31,14450.0,1,650.6747404844291,7177.335640138408,"POLYGON ((665 7250, 655 7250, 645 7250, 635 7250, 630 7245, 625 7240, 620 7245, 615 7250, 605 7250, 595 7250, 585 7250, 575 7250, 570 7245, 575 7240, 580 7235, 580 7225, 580 7215, 585 7210, 590 7205, 590 7195, 595 7190, 600 7185, 600 7175, 605 7170, 610 7165, 610 7155, 615 7150, 620 7145, 620 7135, 625 7130, 630 7125, 630 7115, 630 7105, 635 7100, 645 7100, 655 7100, 665 7100, 675 7100, 685 7100, 695 7100, 700 7105, 705 7110, 715 7110, 720 7115, 720 7125, 720 7135, 715 7140, 710 7145, 710 7155, 710 7165, 705 7170, 700 7175, 700 7185, 700 7195, 695 7200, 690 7205, 690 7215, 685 7220, 680 7225, 680 7235, 675 7240, 670 7245, 665 7250))"
deep,0,P3_1_T,31;33;34,318150.0,1,1089.8652365236524,7816.854864057835,"POLYGON ((1065 8610, 1055 8610, 1045 8610, 1035 8610, 1025 8610, 1015 8610, 1010 8605, 1005 8600, 995 8600, 990 8595, 985 8590, 980 8585, 975 8580, 970 8575, 965 8570, 960 8565, 960 8555, 955 8550, 950 8545, 945 8540, 940 8535, 935 8530, 930 8525, 925 8520, 920 8515, 915 8510, 910 8505, 915 8500, 925 8500, 935 8500, 940 8495, 945 8490, 955 8490, 960 8485, 965 8480, 975 8480, 980 8475, 985 8470, 990 8465, 995 8460, 1000 8455, 1005 8450, 1010 8445, 1015 8440, 1020 8435, 1025 8430, 1030 8425, 1035 8420, 1040 8415, 1040 8405, 1045 8400, 1050 8395, 1050 8385, 1055 8380, 1060 8375, 1060 8365, 1060 8355, 1060 8345, 1060 8335, 1060 8325, 1060 8315, 1060 8305, 1060 8295, 1060 8285, 1060 8275, 1060 8265, 1055 8260, 1050 8255, 1050 8245, 1045 8240, 1040 8235, 1040 8225, 1035 8220, 1030 8215, 1025 8210, 1020 8205, 1020 8195, 1015 8190, 1010 8185, 1005 8180, 1000 8175, 995 8170, 990 8165, 985 8160, 980 8155, 975 8150, 970 8145, 965 8140, 960 8135, 955 8130, 950 8125, 945 8120, 935 8120, 930 8115, 925 8110, 915 8110, 910 8105, 905 8100, 900 8095, 900 8085, 900 8075, 900 8065, 900 8055, 900 8045, 900 8035, 900 8025, 900 8015, 900 8005, 900 7995, 900 7985, 895 7980, 890 7975, 890 7965, 885 7960, 880 7955, 880 7945, 880 7935, 885 7930, 895 7930, 900 7925, 905 7920, 915 7920, 920 7915, 925 7910, 935 7910, 945 7910, 950 7905, 955 7900, 965 7900, 970 7895, 975 7890, 985 7890, 990 7885, 995 7880, 1005 7880, 1010 7875, 1015 7870, 1025 7870, 1030 7865, 1035 7860, 1040 7855, 1045 7850, 1055 7850, 1060 7845, 1065 7840, 1075 7840, 1080 7835, 1085 7830, 1095 7830, 1100 7825, 1105 7820, 1115 7820, 1120 7815, 1125 7810, 1130 7805, 1135 7800, 1140 7795, 1145 7790, 1150 7785, 1155 7780, 1160 7775, 1165 7770, 1170 7765, 1175 7760, 1180 7755, 1185 7750, 1190 7745, 1190 7735, 1195 7730, 1200 7725, 1200 7715, 1205 7710, 1210 7705, 1210 7695, 1210 7685, 1210 7675, 1210 7665, 1210 7655, 1210 7645, 1210 7635, 1210 7625, 1210 7615, 1210 7605, 1210 7595, 1205 7590, 1200 7585, 1200 7575, 1195 7570, 1190 7565, 1190 7555, 1185 7550, 1180 7545, 1175 7540, 1170 7535, 1165 7530, 1160 7525, 1155 7520, 1150 7515, 1145 7510, 1140 7505, 1135 7500, 1130 7495, 1125 7490, 1120 7485, 1115 7480, 1110 7475, 1105 7470, 1095 7470, 1090 7465, 1085 7460, 1075 7460, 1070 7455, 1065 7450, 1055 7450, 1050 7445, 1045 7440, 1040 7435, 1035 7430, 1030 7425, 1025 7420, 1020 7415, 1015 7410, 1010 7405, 1005 7400, 1000 7395, 995 7390, 990 7385, 985 7380, 975 7380, 970 7375, 965 7370, 955 7370, 950 7365, 945 7360, 935 7360, 925 7360, 920 7355, 915 7350, 905 7350, 895 7350, 885 7350, 875 7350, 865 7350, 860 7345, 855 7340, 845 7340, 840 7335, 835 7330, 825 7330, 820 7325, 815 7320, 805 7320, 795 7320, 785 7320, 780 7315, 775 7310, 770 7305, 765 7300, 760 7295, 755 7290, 750 7285, 745 7280, 735 7280, 730 7275, 725 7270, 720 7265, 715 7260, 705 7260, 700 7255, 700 7245, 700 7235, 705 7230, 710 7225, 710 7215, 715 7210, 720 7205, 720 7195, 720 7185, 725 7180, 730 7175, 730 7165, 730 7155, 735 7150, 740 7145, 740 7135, 740 7125, 740 7115, 745 7110, 750 7105, 755 7100, 760 7105, 765 7110, 775 7110, 780 7115, 785 7120, 790 7125, 795 7130, 805 7130, 810 7135, 815 7140, 820 7145, 825 7150, 835 7150, 840 7155, 845 7160, 850 7165, 855 7170, 865 7170, 870 7175, 875 7180, 885 7180, 895 7180, 900 7185, 905 7190, 915 7190, 925 7190, 935 7190, 940 7195, 945 7200, 955 7200, 965 7200, 970 7205, 975 7210, 985 7210, 995 7210, 1000 7215, 1005 7220, 1015 7220, 1025 7220, 1030 7225, 1035 7230, 1045 7230, 1050 7235, 1055 7240, 1060 7245, 1065 7250, 1075 7250, 1080 7255, 1085 7260, 1090 7265, 1095 7270, 1100 7275, 1105 7280, 1115 7280, 1120 7285, 1125 7290, 1130 7295, 1135 7300, 1140 7305, 1145 7310, 1150 7315, 1155 7320, 1165 7320, 1170 7325, 1175 7330, 1180 7335, 1185 7340, 1195 7340, 1200 7345, 1205 7350, 1210 7355, 1215 7360, 1220 7365, 1225 7370, 1235 7370, 1240 7375, 1245 7380, 1250 7385, 1255 7390, 1260 7395, 1265 7400, 1270 7405, 1275 7410, 1280 7415, 1285 7420, 1290 7425, 1290 7435, 1295 7440, 1300 7445, 1305 7450, 1310 7455, 1315 7460, 1320 7465, 1320 7475, 1325 7480, 1330 7485, 1335 7490, 1340 7495, 1340 7505, 1345 7510, 1350 7515, 1350 7525, 1350 7535, 1355 7540, 1360 7545, 1360 7555, 1360 7565, 1365 7570, 1370 7575, 1370 7585, 1370 7595, 1370 7605, 1370 7615, 1370 7625, 1370 7635, 1370 7645, 1370 7655, 1370 7665, 1370 7675, 1370 7685, 1370 7695, 1370 7705, 1370 7715, 1370 7725, 1365 7730, 1360 7735, 1360 7745, 1360 7755, 1355 7760, 1350 7765, 1350 7775, 1350 7785, 1345 7790, 1340 7795, 1340 7805, 1335 7810, 1330 7815, 1325 7820, 1320 7825, 1320 7835, 1315 7840, 1310 7845, 1305 7850, 1300 7855, 1295 7860, 1290 7865, 1290 7875, 1285 7880, 1280 7885, 1275 7890, 1270 7895, 1265 7900, 1260 7905, 1255 7910, 1250 7915, 1245 7920, 1235 7920, 1230 7925, 1225 7930, 1220 7935, 1215 7940, 1210 7945, 1205 7950, 1195 7950, 1190 7955, 1185 7960, 1180 7965, 1175 7970, 1165 7970, 1160 7975, 1155 7980, 1145 7980, 1135 7980, 1130 7985, 1125 7990, 1120 7995, 1115 8000, 1105 8000, 1100 8005, 1095 8010, 1090 8015, 1085 8020, 1080 8025, 1085 8030, 1090 8035, 1095 8040, 1100 8045, 1105 8050, 1110 8055, 1115 8060, 1120 8065, 1120 8075, 1125 8080, 1130 8085, 1135 8090, 1140 8095, 1145 8100, 1150 8105, 1150 8115, 1155 8120, 1160 8125, 1165 8130, 1170 8135, 1170 8145, 1175 8150, 1180 8155, 1185 8160, 1190 8165, 1190 8175, 1195 8180, 1200 8185, 1200 8195, 1200 8205, 1205 8210, 1210 8215, 1210 8225, 1210 8235, 1215 8240, 1220 8245, 1220 8255, 1220 8265, 1220 8275, 1220 8285, 1220 8295, 1220 8305, 1220 8315, 1220 8325, 1220 8335, 1220 8345, 1220 8355, 1220 8365, 1220 8375, 1220 8385, 1220 8395, 1215 8400, 1210 8405, 1210 8415, 1210 8425, 1205 8430, 1200 8435, 1200 8445, 1200 8455, 1195 8460, 1190 8465, 1190 8475, 1185 8480, 1180 8485, 1175 8490, 1170 8495, 1170 8505, 1165 8510, 1160 8515, 1155 8520, 1150 8525, 1145 8530, 1140 8535, 1140 8545, 1135 8550, 1130 8555, 1125 8560, 1120 8565, 1115 8570, 1110 8575, 1105 8580, 1095 8580, 1090 8585, 1085 8590, 1080 8595, 1075 8600, 1070 8605, 1065 8610))"
deep,32,P3_1_T,32,189950.0,1,2356.7026410458893,7483.656225322453,"POLYGON ((2515 7880, 2505 7880, 2495 7880, 2485 7880, 2475 7880, 2465 7880, 2455 7880, 2445 7880, 2435 7880, 2425 7880, 2420 7875, 2415 7870, 2405 7870, 2395 7870, 2390 7865, 2385 7860, 2375 7860, 2365 7860, 2360 7855, 2355 7850, 2345 7850, 2335 7850, 2330 7845, 2325 7840, 2315 7840, 2310 7835, 2305 7830, 2295 7830, 2290 7825, 2285 7820, 2280 7815, 2275 7810, 2265 7810, 2260 7805, 2255 7800, 2250 7795, 2245 7790, 2240 7785, 2235 7780, 2225 7780, 2220 7775, 2215 7770, 2210 7765, 2205 7760, 2200 7755, 2195 7750, 2190 7745, 2190 7735, 2185 7730, 2180 7725, 2175 7720, 2170 7715, 2165 7710, 2160 7705, 2160 7695, 2155 7690, 2150 7685, 2145 7680, 2140 7675, 2140 7665, 2135 7660, 2130 7655, 2130 7645, 2130 7635, 2125 7630, 2120 7625, 2120 7615, 2120 7605, 2115 7600, 2110 7595, 2110 7585, 2110 7575, 2110 7565, 2110 7555, 2110 7545, 2110 7535, 2110 7525, 2110 7515, 2110 7505, 2110 7495, 2110 7485, 2110 7475, 2110 7465, 2110 7455, 2110 7445, 2115 7440, 2120 7435, 2120 7425, 2120 7415, 2125 7410, 2130 7405, 2130 7395, 2130 7385, 2135 7380, 2140 7375, 2140 7365, 2145 7360, 2150 7355, 2150 7345, 2155 7340, 2160 7335, 2165 7330, 2170 7325, 2170 7315, 2175 7310, 2180 7305, 2185 7300, 2190 7295, 2195 7290, 2200 7285, 2200 7275, 2205 7270, 2210 7265, 2215 7260, 2220 7255, 2225 7250, 2230 7245, 2235 7240, 2245 7240, 2250 7235, 2255 7230, 2260 7225, 2265 7220, 2270 7215, 2275 7210, 2285 7210, 2290 7205, 2295 7200, 2300 7195, 2305 7190, 2315 7190, 2320 7185, 2325 7180, 2335 7180, 2340 7175, 2345 7170, 2355 7170, 2365 7170, 2370 7165, 2375 7160, 2385 7160, 2395 7160, 2400 7155, 2405 7150, 2415 7150, 2425 7150, 2435 7150, 2445 7150, 2455 7150, 2465 7150, 2475 7150, 2485 7150, 2495 7150, 2505 7150, 2515 7150, 2525 7150, 2535 7150, 2545 7150, 2555 7150, 2565 7150, 2570 7155, 2575 7160, 2585 7160, 2595 7160, 2600 7165, 2605 7170, 2615 7170, 2625 7170, 2635 7170, 2645 7170, 2650 7175, 2655 7180, 2665 7180, 2670 7185, 2670 7195, 2675 7200, 2680 7205, 2680 7215, 2685 7220, 2690 7225, 2690 7235, 2690 7245, 2690 7255, 2690 7265, 2685 7270, 2680 7275, 2680 7285, 2680 7295, 2680 7305, 2680 7315, 2680 7325, 2685 7330, 2690 7335, 2685 7340, 2680 7345, 2680 7355, 2675 7360, 2670 7355, 2665 7350, 2655 7350, 2650 7345, 2645 7340, 2635 7340, 2630 7335, 2625 7330, 2615 7330, 2605 7330, 2595 7330, 2585 7330, 2575 7330, 2570 7325, 2565 7320, 2555 7320, 2550 7315, 2545 7310, 2535 7310, 2525 7310, 2515 7310, 2505 7310, 2495 7310, 2485 7310, 2475 7310, 2465 7310, 2455 7310, 2445 7310, 2435 7310, 2425 7310, 2420 7315, 2415 7320, 2405 7320, 2400 7325, 2395 7330, 2385 7330, 2380 7335, 2375 7340, 2365 7340, 2360 7345, 2355 7350, 2350 7355, 2345 7360, 2340 7365, 2335 7370, 2330 7375, 2325 7380, 2320 7385, 2315 7390, 2310 7395, 2305 7400, 2300 7405, 2300 7415, 2295 7420, 2290 7425, 2290 7435, 2285 7440, 2280 7445, 2280 7455, 2275 7460, 2270 7465, 2270 7475, 2270 7485, 2270 7495, 2270 7505, 2270 7515, 2270 7525, 2270 7535, 2270 7545, 2270 7555, 2270 7565, 2270 7575, 2275 7580, 2280 7585, 2280 7595, 2285 7600, 2290 7605, 2290 7615, 2295 7620, 2300 7625, 2305 7630, 2310 7635, 2315 7640, 2320 7645, 2325 7650, 2330 7655, 2335 7660, 2340 7665, 2345 7670, 2350 7675, 2355 7680, 2365 7680, 2370 7685, 2375 7690, 2385 7690, 2390 7695, 2395 7700, 2405 7700, 2410 7705, 2415 7710, 2425 7710, 2435 7710, 2440 7715, 2445 7720, 2455 7720, 2465 7720, 2475 7720, 2485 7720, 2495 7720, 2505 7720, 2515 7720, 2525 7720, 2535 7720, 2545 7720, 2550 7715, 2555 7710, 2565 7710, 2575 7710, 2580 7715, 2580 7725, 2580 7735, 2580 7745, 2580 7755, 2575 7760, 2570 7765, 2570 7775, 2565 7780, 2560 7785, 2560 7795, 2555 7800, 2550 7805, 2545 7810, 2540 7815, 2540 7825, 2540 7835, 2535 7840, 2530 7845, 2530 7855, 2530 7865, 2525 7870, 2520 7875, 2515 7880))"
deep,32,P3_1_T,32,15150.0,1,2746.278877887789,7352.395489548955,"POLYGON ((2745 7500, 2740 7495, 2740 7485, 2740 7475, 2740 7465, 2740 7455, 2735 7450, 2730 7445, 2730 7435, 2725 7430, 2720 7425, 2720 7415, 2715 7410, 2710 7405, 2710 7395, 2705 7390, 2700 7385, 2700 7375, 2700 7365, 2705 7360, 2710 7355, 2710 7345, 2715 7340, 2720 7335, 2715 7330, 2710 7325, 2705 7320, 2700 7315, 2700 7305, 2700 7295, 2705 7290, 2710 7285, 2715 7280, 2720 7275, 2720 7265, 2720 7255, 2725 7250, 2730 7245, 2730 7235, 2735 7230, 2740 7235, 2745 7240, 2755 7240, 2760 7245, 2765 7250, 2770 7255, 2775 7260, 2780 7265, 2785 7270, 2790 7275, 2790 7285, 2790 7295, 2785 7300, 2780 7305, 2780 7315, 2780 7325, 2780 7335, 2780 7345, 2780 7355, 2780 7365, 2780 7375, 2780 7385, 2780 7395, 2780 7405, 2780 7415, 2780 7425, 2780 7435, 2780 7445, 2775 7450, 2770 7455, 2770 7465, 2765 7470, 2760 7475, 2755 7480, 2750 7485, 2750 7495, 2745 7500))"
deep,32,,32,17550.0,1,2647.891737891738,7749.264007597341,"POLYGON ((2575 7860, 2565 7860, 2555 7860, 2550 7855, 2555 7850, 2560 7845, 2560 7835, 2560 7825, 2565 7820, 2570 7815, 2575 7810, 2580 7805, 2580 7795, 2585 7790, 2590 7785, 2590 7775, 2595 7770, 2600 7765, 2600 7755, 2605 7750, 2610 7745, 2610 7735, 2605 7730, 2600 7725, 2605 7720, 2610 7715, 2610 7705, 2615 7700, 2625 7700, 2630 7695, 2635 7690, 2645 7690, 2650 7685, 2655 7680, 2665 7680, 2670 7675, 2675 7670, 2680 7665, 2685 7660, 2690 7655, 2695 7650, 2700 7645, 2705 7640, 2710 7635, 2715 7630, 2720 7625, 2720 7615, 2725 7610, 2730 7605, 2730 7595, 2735 7590, 2745 7590, 2750 7595, 2750 7605, 2750 7615, 2750 7625, 2750 7635, 2745 7640, 2740 7645, 2735 7650, 2730 7655, 2725 7660, 2720 7665, 2715 7670, 2710 7675, 2705 7680, 2700 7685, 2700 7695, 2695 7700, 2690 7705, 2690 7715, 2690 7725, 2690 7735, 2690 7745, 2690 7755, 2685 7760, 2680 7765, 2680 7775, 2680 7785, 2675 7790, 2670 7795, 2670 7805, 2665 7810, 2660 7815, 2660 7825, 2655 7830, 2650 7835, 2650 7845, 2645 7850, 2635 7850, 2625 7850, 2615 7850, 2605 7850, 2595 7850, 2585 7850, 2580 7855, 2575 7860))"
deep,33,,33,250.0,1,515.0,7985.0,"POLYGON ((515 8000, 510 7995, 510 7985, 510 7975, 515 7970, 520 7975, 520 7985, 520 7995, 515 8000))"
deep,34,,34,16750.0,1,873.6890547263681,8563.310945273632,"POLYGON ((955 8640, 945 8640, 935 8640, 925 8640, 915 8640, 905 8640, 895 8640, 885 8640, 880 8635, 875 8630, 870 8625, 865 8620, 860 8615, 860 8605, 855 8600, 850 8595, 845 8590, 840 8585, 835 8580, 830 8575, 825 8570, 820 8565, 815 8560, 810 8555, 805 8550, 800 8545, 795 8540, 790 8535, 785 8530, 780 8525, 780 8515, 775 8510, 770 8505, 770 8495, 765 8490, 760 8485, 760 8475, 765 8470, 770 8475, 775 8480, 785 8480, 790 8485, 795 8490, 805 8490, 815 8490, 825 8490, 835 8490, 840 8495, 845 8500, 855 8500, 860 8495, 865 8490, 870 8495, 875 8500, 880 8505, 880 8515, 885 8520, 895 8520, 900 8525, 905 8530, 910 8535, 915 8540, 920 8545, 925 8550, 930 8555, 935 8560, 940 8565, 940 8575, 940 8585, 945 8590, 955 8590, 960 8595, 965 8600, 970 8605, 975 8610, 980 8615, 985 8620, 990 8625, 985 8630, 975 8630, 965 8630, 960 8635, 955 8640))"
