{"type": "FeatureCollection", "features": [{"type": "Feature", "geometry": {"type": "Polygon", "coordinates": [[[27145.72715384615, 4675.524676923076], [27130.347138461533, 4660.14466153846], [27114.967123076916, 4644.764646153845], [27084.207092307686, 4644.764646153845], [27053.447061538456, 4644.764646153845], [27022.687030769226, 4644.764646153845], [27007.30701538461, 4629.38463076923], [26991.926999999996, 4614.004615384614], [26976.54698461538, 4598.624599999999], [26961.166969230762, 4583.244584615383], [26945.78695384615, 4567.864569230768], [26930.406938461532, 4552.484553846153], [26915.02692307692, 4537.104538461537], [26899.646907692302, 4521.724523076922], [26884.266892307685, 4506.344507692307], [26868.886876923072, 4490.964492307691], [26853.506861538455, 4475.584476923076], [26853.506861538455, 4444.824446153845], [26853.506861538455, 4414.064415384614], [26868.886876923072, 4398.684399999999], [26884.266892307685, 4383.304384615384], [26899.646907692302, 4367.924369230768], [26915.02692307692, 4352.544353846153], [26930.406938461532, 4337.164338461537], [26945.78695384615, 4321.784323076922], [26945.78695384615, 4291.024292307691], [26930.406938461532, 4275.644276923076], [26915.02692307692, 4260.26426153846], [26899.646907692302, 4244.884246153845], [26884.266892307685, 4229.50423076923], [26868.886876923072, 4214.124215384614], [26853.506861538455, 4198.744199999999], [26838.126846153842, 4183.364184615384], [26822.746830769225, 4167.984169230768], [26807.36681538461, 4152.604153846153], [26791.986799999995, 4137.224138461537], [26807.36681538461, 4121.844123076922], [26822.746830769225, 4106.464107692307], [26838.126846153842, 4091.0840923076917], [26853.506861538455, 4075.704076923076], [26868.886876923072, 4060.3240615384607], [26884.266892307685, 4044.944046153845], [26899.646907692302, 4029.56403076923], [26915.02692307692, 4014.1840153846147], [26930.406938461532, 3998.803999999999], [26945.78695384615, 3983.4239846153837], [26945.78695384615, 3952.663953846153], [26961.166969230762, 3937.2839384615377], [26976.54698461538, 3921.903923076922], [26991.926999999996, 3906.5239076923067], [27007.30701538461, 3891.1438923076917], [27022.687030769226, 3875.763876923076], [27038.06704615384, 3860.3838615384607], [27053.447061538456, 3845.003846153845], [27084.207092307686, 3845.003846153845], [27099.587107692303, 3829.62383076923], [27114.967123076916, 3814.2438153846147], [27145.72715384615, 3814.2438153846147], [27176.48718461538, 3814.2438153846147], [27207.24721538461, 3814.2438153846147], [27222.627230769227, 3798.863799999999], [27238.00724615384, 3783.4837846153837], [27253.387261538457, 3798.863799999999], [27268.76727692307, 3814.2438153846147], [27299.527307692304, 3814.2438153846147], [27330.287338461534, 3814.2438153846147], [27345.667353846147, 3798.863799999999], [27361.047369230764, 3783.4837846153837], [27391.807399999994, 3783.4837846153837], [27422.567430769224, 3783.4837846153837], [27453.327461538454, 3783.4837846153837], [27484.087492307688, 3783.4837846153837], [27514.847523076918, 3783.4837846153837], [27530.22753846153, 3798.863799999999], [27545.60755384615, 3814.2438153846147], [27560.987569230765, 3829.62383076923], [27576.36758461538, 3845.003846153845], [27591.747599999995, 3860.3838615384607], [27591.747599999995, 3891.1438923076917], [27591.747599999995, 3921.903923076922], [27591.747599999995, 3952.663953846153], [27607.12761538461, 3968.0439692307687], [27622.507630769225, 3983.4239846153837], [27637.887646153842, 3998.803999999999], [27653.267661538455, 4014.1840153846147], [27653.267661538455, 4044.944046153845], [27653.267661538455, 4075.704076923076], [27668.647676923072, 4091.0840923076917], [27684.027692307685, 4106.464107692307], [27699.407707692302, 4121.844123076922], [27714.78772307692, 4137.224138461537], [27730.167738461532, 4152.604153846153], [27760.927769230762, 4152.604153846153], [27791.687799999996, 4152.604153846153], [27822.447830769226, 4152.604153846153], [27853.207861538456, 4152.604153846153], [27883.967892307686, 4152.604153846153], [27914.727923076916, 4152.604153846153], [27945.48795384615, 4152.604153846153], [27960.867969230763, 4167.984169230768], [27976.24798461538, 4183.364184615384], [27991.627999999993, 4198.744199999999], [28007.00801538461, 4214.124215384614], [28022.388030769223, 4229.50423076923], [28007.00801538461, 4244.884246153845], [27991.627999999993, 4260.26426153846], [27976.24798461538, 4275.644276923076], [27960.867969230763, 4291.024292307691], [27945.48795384615, 4306.404307692307], [27930.107938461533, 4321.784323076922], [27914.727923076916, 4337.164338461537], [27883.967892307686, 4337.164338461537], [27853.207861538456, 4337.164338461537], [27837.82784615384, 4352.544353846153], [27822.447830769226, 4367.924369230768], [27807.06781538461, 4352.544353846153], [27791.687799999996, 4337.164338461537], [27776.30778461538, 4352.544353846153], [27760.927769230762, 4367.924369230768], [27730.167738461532, 4367.924369230768], [27699.407707692302, 4367.924369230768], [27668.647676923072, 4367.924369230768], [27637.887646153842, 4367.924369230768], [27607.12761538461, 4367.924369230768], [27576.36758461538, 4367.924369230768], [27545.60755384615, 4367.924369230768], [27530.22753846153, 4352.544353846153], [27514.847523076918, 4337.164338461537], [27499.4675076923, 4352.544353846153], [27484.087492307688, 4367.924369230768], [27468.70747692307, 4383.304384615384], [27453.327461538454, 4398.684399999999], [27437.94744615384, 4414.064415384614], [27422.567430769224, 4429.44443076923], [27407.18741538461, 4444.824446153845], [27407.18741538461, 4475.584476923076], [27391.807399999994, 4490.964492307691], [27376.427384615377, 4506.344507692307], [27361.047369230764, 4521.724523076922], [27345.667353846147, 4537.104538461537], [27330.287338461534, 4552.484553846153], [27314.907323076917, 4567.864569230768], [27299.527307692304, 4583.244584615383], [27284.147292307687, 4598.624599999999], [27268.76727692307, 4614.004615384614], [27253.387261538457, 4629.38463076923], [27238.00724615384, 4644.764646153845], [27207.24721538461, 4644.764646153845], [27176.48718461538, 4644.764646153845], [27161.107169230763, 4660.14466153846], [27145.72715384615, 4675.524676923076]]]}, "properties": {"objectType": "annotation", "name": "R1_2_T|lesion_1", "classification": {"name": "lesion", "color": [255, 0, 0]}, "lesion_id": 1, "section": "R1_2_T", "area_um2": 62849.99999999999}}, {"type": "Feature", "geometry": {"type": "Polygon", "coordinates": [[[27145.72715384615, 4429.44443076923], [27130.347138461533, 4414.064415384614], [27130.347138461533, 4383.304384615384], [27145.72715384615, 4367.924369230768], [27161.107169230763, 4352.544353846153], [27161.107169230763, 4321.784323076922], [27161.107169230763, 4291.024292307691], [27161.107169230763, 4260.26426153846], [27145.72715384615, 4244.884246153845], [27130.347138461533, 4229.50423076923], [27130.347138461533, 4198.744199999999], [27114.967123076916, 4183.364184615384], [27099.587107692303, 4167.984169230768], [27099.587107692303, 4137.224138461537], [27099.587107692303, 4106.464107692307], [27114.967123076916, 4091.0840923076917], [27130.347138461533, 4075.704076923076], [27145.72715384615, 4060.3240615384607], [27161.107169230763, 4044.944046153845], [27176.48718461538, 4029.56403076923], [27207.24721538461, 4029.56403076923], [27238.00724615384, 4029.56403076923], [27268.76727692307, 4029.56403076923], [27299.527307692304, 4029.56403076923], [27330.287338461534, 4029.56403076923], [27361.047369230764, 4029.56403076923], [27376.427384615377, 4014.1840153846147], [27391.807399999994, 3998.803999999999], [27407.18741538461, 4014.1840153846147], [27407.18741538461, 4044.944046153845], [27422.567430769224, 4060.3240615384607], [27437.94744615384, 4075.704076923076], [27437.94744615384, 4106.464107692307], [27453.327461538454, 4121.844123076922], [27468.70747692307, 4137.224138461537], [27453.327461538454, 4152.604153846153], [27422.567430769224, 4152.604153846153], [27407.18741538461, 4167.984169230768], [27391.807399999994, 4183.364184615384], [27361.047369230764, 4183.364184615384], [27345.667353846147, 4198.744199999999], [27330.287338461534, 4214.124215384614], [27314.907323076917, 4229.50423076923], [27299.527307692304, 4244.884246153845], [27284.147292307687, 4260.26426153846], [27268.76727692307, 4275.644276923076], [27253.387261538457, 4291.024292307691], [27253.387261538457, 4321.784323076922], [27238.00724615384, 4337.164338461537], [27222.627230769227, 4352.544353846153], [27207.24721538461, 4367.924369230768], [27191.867199999993, 4383.304384615384], [27176.48718461538, 4398.684399999999], [27161.107169230763, 4414.064415384614], [27145.72715384615, 4429.44443076923]]]}, "properties": {"objectType": "annotation", "name": "R1_2_T|core_1", "classification": {"name": "core", "color": [230, 103, 103]}, "lesion_id": 1, "section": "R1_2_T", "area_um2": 7950.000000000006}}, {"type": "Feature", "geometry": {"type": "Polygon", "coordinates": [[[27161.107169230763, 4660.14466153846], [27176.48718461538, 4644.764646153845], [27207.24721538461, 4644.764646153845], [27238.00724615384, 4644.764646153845], [27253.387261538457, 4629.38463076923], [27268.76727692307, 4614.004615384614], [27284.147292307687, 4598.624599999999], [27299.527307692304, 4583.244584615383], [27314.907323076917, 4567.864569230768], [27330.287338461534, 4552.484553846153], [27345.667353846147, 4537.104538461537], [27361.047369230764, 4521.724523076922], [27376.427384615377, 4506.344507692307], [27391.807399999994, 4490.964492307691], [27407.18741538461, 4475.584476923076], [27407.18741538461, 4444.824446153845], [27422.567430769224, 4429.44443076923], [27437.94744615384, 4414.064415384614], [27453.327461538454, 4398.684399999999], [27468.70747692307, 4383.304384615384], [27484.087492307688, 4367.924369230768], [27499.4675076923, 4352.544353846153], [27514.847523076918, 4337.164338461537], [27530.22753846153, 4352.544353846153], [27545.60755384615, 4367.924369230768], [27576.36758461538, 4367.924369230768], [27607.12761538461, 4367.924369230768], [27637.887646153842, 4367.924369230768], [27668.647676923072, 4367.924369230768], [27699.407707692302, 4367.924369230768], [27730.167738461532, 4367.924369230768], [27760.927769230762, 4367.924369230768], [27776.30778461538, 4352.544353846153], [27791.687799999996, 4337.164338461537], [27807.06781538461, 4352.544353846153], [27822.447830769226, 4367.924369230768], [27837.82784615384, 4352.544353846153], [27853.207861538456, 4337.164338461537], [27883.967892307686, 4337.164338461537], [27914.727923076916, 4337.164338461537], [27930.107938461533, 4321.784323076922], [27945.48795384615, 4306.404307692307], [27960.867969230763, 4291.024292307691], [27976.24798461538, 4275.644276923076], [27991.627999999993, 4260.26426153846], [28007.00801538461, 4244.884246153845], [28022.388030769223, 4229.50423076923], [28007.00801538461, 4214.124215384614], [27991.627999999993, 4198.744199999999], [27976.24798461538, 4183.364184615384], [27960.867969230763, 4167.984169230768], [27945.48795384615, 4152.604153846153], [27914.727923076916, 4152.604153846153], [27883.967892307686, 4152.604153846153], [27853.207861538456, 4152.604153846153], [27822.447830769226, 4152.604153846153], [27791.687799999996, 4152.604153846153], [27760.927769230762, 4152.604153846153], [27730.167738461532, 4152.604153846153], [27714.78772307692, 4137.224138461537], [27699.407707692302, 4121.844123076922], [27684.027692307685, 4106.464107692307], [27668.647676923072, 4091.0840923076917], [27653.267661538455, 4075.704076923076], [27653.267661538455, 4044.944046153845], [27653.267661538455, 4014.1840153846147], [27637.887646153842, 3998.803999999999], [27622.507630769225, 3983.4239846153837], [27607.12761538461, 3968.0439692307687], [27591.747599999995, 3952.663953846153], [27591.747599999995, 3921.903923076922], [27591.747599999995, 3891.1438923076917], [27591.747599999995, 3860.3838615384607], [27576.36758461538, 3845.003846153845], [27560.987569230765, 3829.62383076923], [27545.60755384615, 3814.2438153846147], [27530.22753846153, 3798.863799999999], [27514.847523076918, 3783.4837846153837], [27484.087492307688, 3783.4837846153837], [27453.327461538454, 3783.4837846153837], [27422.567430769224, 3783.4837846153837], [27391.807399999994, 3783.4837846153837], [27361.047369230764, 3783.4837846153837], [27345.667353846147, 3798.863799999999], [27330.287338461534, 3814.2438153846147], [27299.527307692304, 3814.2438153846147], [27268.76727692307, 3814.2438153846147], [27253.387261538457, 3798.863799999999], [27238.00724615384, 3783.4837846153837], [27222.627230769227, 3798.863799999999], [27207.24721538461, 3814.2438153846147], [27176.48718461538, 3814.2438153846147], [27145.72715384615, 3814.2438153846147], [27114.967123076916, 3814.2438153846147], [27099.587107692303, 3829.62383076923], [27084.207092307686, 3845.003846153845], [27053.447061538456, 3845.003846153845], [27038.06704615384, 3860.3838615384607], [27022.687030769226, 3875.763876923076], [27007.30701538461, 3891.1438923076917], [26991.926999999996, 3906.5239076923067], [26976.54698461538, 3921.903923076922], [26961.166969230762, 3937.2839384615377], [26945.78695384615, 3952.663953846153], [26945.78695384615, 3983.4239846153837], [26930.406938461532, 3998.803999999999], [26915.02692307692, 4014.1840153846147], [26899.646907692302, 4029.56403076923], [26884.266892307685, 4044.944046153845], [26868.886876923072, 4060.3240615384607], [26853.506861538455, 4075.704076923076], [26838.126846153842, 4091.0840923076917], [26822.746830769225, 4106.464107692307], [26807.36681538461, 4121.844123076922], [26791.986799999995, 4137.224138461537], [26807.36681538461, 4152.604153846153], [26822.746830769225, 4167.984169230768], [26838.126846153842, 4183.364184615384], [26853.506861538455, 4198.744199999999], [26868.886876923072, 4214.124215384614], [26884.266892307685, 4229.50423076923], [26899.646907692302, 4244.884246153845], [26915.02692307692, 4260.26426153846], [26930.406938461532, 4275.644276923076], [26945.78695384615, 4291.024292307691], [26945.78695384615, 4321.784323076922], [26930.406938461532, 4337.164338461537], [26915.02692307692, 4352.544353846153], [26899.646907692302, 4367.924369230768], [26884.266892307685, 4383.304384615384], [26868.886876923072, 4398.684399999999], [26853.506861538455, 4414.064415384614], [26853.506861538455, 4444.824446153845], [26853.506861538455, 4475.584476923076], [26868.886876923072, 4490.964492307691], [26884.266892307685, 4506.344507692307], [26899.646907692302, 4521.724523076922], [26915.02692307692, 4537.104538461537], [26930.406938461532, 4552.484553846153], [26945.78695384615, 4567.864569230768], [26961.166969230762, 4583.244584615383], [26976.54698461538, 4598.624599999999], [26991.926999999996, 4614.004615384614], [27007.30701538461, 4629.38463076923], [27022.687030769226, 4644.764646153845], [27053.447061538456, 4644.764646153845], [27084.207092307686, 4644.764646153845], [27114.967123076916, 4644.764646153845], [27130.347138461533, 4660.14466153846], [27145.72715384615, 4675.524676923076], [27161.107169230763, 4660.14466153846]]]}, "properties": {"objectType": "annotation", "name": "R1_2_T|rim_1", "classification": {"name": "rim", "color": [201, 133, 0]}, "lesion_id": 1, "section": "R1_2_T", "area_um2": 62850.000000000015}}, {"type": "Feature", "geometry": {"type": "Polygon", "coordinates": [[[30652.370661538454, 6674.926676923075], [30636.99064615384, 6659.54666153846], [30621.610630769224, 6644.166646153845], [30606.230615384608, 6628.786630769229], [30590.850599999994, 6613.406615384614], [30575.470584615377, 6628.786630769229], [30560.090569230764, 6644.166646153845], [30529.330538461534, 6644.166646153845], [30513.950523076917, 6628.786630769229], [30498.5705076923, 6613.406615384614], [30483.190492307687, 6598.026599999998], [30467.81047692307, 6582.646584615383], [30452.430461538457, 6567.266569230768], [30452.430461538457, 6536.506538461537], [30452.430461538457, 6505.746507692306], [30467.81047692307, 6490.366492307691], [30483.190492307687, 6474.986476923075], [30483.190492307687, 6444.226446153845], [30467.81047692307, 6428.846430769229], [30452.430461538457, 6413.466415384614], [30437.05044615384, 6398.086399999998], [30421.670430769223, 6382.706384615383], [30421.670430769223, 6351.946353846152], [30421.670430769223, 6321.186323076922], [30421.670430769223, 6290.426292307691], [30421.670430769223, 6259.66626153846], [30421.670430769223, 6228.906230769229], [30406.29041538461, 6213.526215384614], [30390.910399999993, 6198.146199999998], [30375.53038461538, 6182.766184615383], [30360.150369230763, 6167.386169230768], [30344.770353846146, 6152.006153846152], [30329.390338461533, 6136.626138461537], [30314.010323076916, 6121.246123076922], [30283.250292307686, 6121.246123076922], [30267.87027692307, 6105.866107692306], [30252.490261538456, 6090.486092307691], [30237.11024615384, 6075.106076923075], [30221.730230769226, 6059.72606153846], [30206.35021538461, 6044.346046153845], [30190.970199999992, 6028.966030769229], [30175.59018461538, 6013.586015384614], [30175.59018461538, 5982.825984615383], [30175.59018461538, 5952.065953846152], [30160.210169230762, 5936.685938461537], [30144.83015384615, 5921.305923076922], [30160.210169230762, 5905.925907692306], [30175.59018461538, 5890.545892307691], [30175.59018461538, 5859.78586153846], [30190.970199999992, 5844.405846153845], [30206.35021538461, 5829.025830769229], [30221.730230769226, 5813.645815384614], [30237.11024615384, 5798.265799999999], [30237.11024615384, 5767.505769230768], [30221.730230769226, 5752.125753846152], [30206.35021538461, 5736.745738461537], [30190.970199999992, 5721.365723076922], [30175.59018461538, 5705.985707692306], [30160.210169230762, 5690.605692307691], [30144.83015384615, 5675.225676923076], [30129.450138461532, 5659.84566153846], [30114.070123076915, 5644.465646153845], [30098.690107692302, 5629.085630769229], [30083.310092307685, 5613.705615384614], [30083.310092307685, 5582.945584615383], [30067.930076923072, 5567.565569230768], [30052.550061538455, 5552.185553846152], [30037.17004615384, 5536.805538461537], [30021.790030769225, 5521.425523076922], [30021.790030769225, 5490.665492307691], [30006.41001538461, 5475.285476923076], [29991.029999999995, 5459.90546153846], [29975.64998461538, 5444.525446153845], [29960.26996923076, 5429.145430769229], [29960.26996923076, 5398.385399999999], [29944.88995384615, 5383.005384615383], [29929.50993846153, 5367.625369230768], [29914.12992307692, 5352.245353846153], [29898.7499076923, 5336.865338461537], [29883.369892307688, 5321.485323076922], [29867.98987692307, 5306.105307692306], [29852.609861538454, 5290.725292307691], [29837.22984615384, 5306.105307692306], [29821.849830769224, 5321.485323076922], [29806.46981538461, 5306.105307692306], [29791.089799999994, 5290.725292307691], [29760.329769230764, 5290.725292307691], [29729.569738461534, 5290.725292307691], [29698.8097076923, 5290.725292307691], [29668.04967692307, 5290.725292307691], [29637.28964615384, 5290.725292307691], [29621.909630769223, 5275.345276923076], [29606.52961538461, 5259.96526153846], [29591.149599999993, 5275.345276923076], [29575.76958461538, 5290.725292307691], [29560.389569230763, 5275.345276923076], [29545.009553846146, 5259.96526153846], [29514.249523076916, 5259.96526153846], [29483.489492307686, 5259.96526153846], [29468.10947692307, 5244.585246153845], [29452.729461538456, 5229.205230769229], [29421.969430769226, 5229.205230769229], [29391.209399999992, 5229.205230769229], [29360.449369230762, 5229.205230769229], [29329.689338461532, 5229.205230769229], [29314.309323076915, 5213.825215384614], [29298.929307692302, 5198.445199999999], [29268.169276923072, 5198.445199999999], [29237.409246153842, 5198.445199999999], [29206.64921538461, 5198.445199999999], [29191.269199999995, 5183.065184615383], [29175.88918461538, 5167.685169230768], [29160.509169230765, 5152.305153846153], [29145.12915384615, 5136.925138461537], [29129.74913846153, 5121.545123076922], [29114.36912307692, 5106.165107692306], [29098.9891076923, 5090.785092307691], [29083.609092307688, 5075.405076923076], [29068.22907692307, 5060.02506153846], [29068.22907692307, 5029.26503076923], [29052.849061538454, 5013.885015384614], [29037.46904615384, 4998.504999999999], [29037.46904615384, 4967.744969230768], [29037.46904615384, 4936.984938461537], [29022.089030769224, 4921.604923076922], [29006.70901538461, 4906.224907692306], [28991.328999999994, 4890.844892307691], [28975.948984615377, 4875.464876923076], [28975.948984615377, 4844.704846153845], [28960.568969230764, 4829.32483076923], [28945.188953846147, 4813.944815384614], [28945.188953846147, 4783.184784615383], [28929.808938461534, 4767.804769230768], [28914.428923076917, 4752.424753846153], [28899.0489076923, 4737.044738461537], [28883.668892307687, 4721.664723076922], [28868.28887692307, 4706.284707692307], [28852.908861538457, 4690.904692307691], [28837.52884615384, 4675.524676923076], [28822.148830769223, 4660.14466153846], [28806.76881538461, 4644.764646153845], [28791.388799999993, 4629.38463076923], [28776.00878461538, 4614.004615384614], [28760.628769230763, 4598.624599999999], [28760.628769230763, 4567.864569230768], [28745.248753846146, 4552.484553846153], [28729.868738461533, 4537.104538461537], [28729.868738461533, 4506.344507692307], [28729.868738461533, 4475.584476923076], [28729.868738461533, 4444.824446153845], [28729.868738461533, 4414.064415384614], [28729.868738461533, 4383.304384615384], [28745.248753846146, 4367.924369230768], [28760.628769230763, 4352.544353846153], [28776.00878461538, 4337.164338461537], [28791.388799999993, 4321.784323076922], [28806.76881538461, 4306.404307692307], [28822.148830769223, 4321.784323076922], [28837.52884615384, 4337.164338461537], [28852.908861538457, 4352.544353846153], [28868.28887692307, 4367.924369230768], [28899.0489076923, 4367.924369230768], [28914.428923076917, 4352.544353846153], [28929.808938461534, 4337.164338461537], [28945.188953846147, 4321.784323076922], [28960.568969230764, 4306.404307692307], [28975.948984615377, 4291.024292307691], [28991.328999999994, 4275.644276923076], [29006.70901538461, 4260.26426153846], [29006.70901538461, 4229.50423076923], [29006.70901538461, 4198.744199999999], [29022.089030769224, 4183.364184615384], [29037.46904615384, 4167.984169230768], [29037.46904615384, 4137.224138461537], [29052.849061538454, 4121.844123076922], [29068.22907692307, 4106.464107692307], [29083.609092307688, 4091.0840923076917], [29098.9891076923, 4075.704076923076], [29114.36912307692, 4060.3240615384607], [29145.12915384615, 4060.3240615384607], [29175.88918461538, 4060.3240615384607], [29191.269199999995, 4075.704076923076], [29206.64921538461, 4091.0840923076917], [29237.409246153842, 4091.0840923076917], [29268.169276923072, 4091.0840923076917], [29283.549292307685, 4106.464107692307], [29298.929307692302, 4121.844123076922], [29329.689338461532, 4121.844123076922], [29360.449369230762, 4121.844123076922], [29375.82938461538, 4137.224138461537], [29391.209399999992, 4152.604153846153], [29421.969430769226, 4152.604153846153], [29437.34944615384, 4167.984169230768], [29452.729461538456, 4183.364184615384], [29468.10947692307, 4198.744199999999], [29483.489492307686, 4214.124215384614], [29498.869507692303, 4229.50423076923], [29514.249523076916, 4244.884246153845], [29529.629538461533, 4260.26426153846], [29545.009553846146, 4275.644276923076], [29560.389569230763, 4291.024292307691], [29575.76958461538, 4306.404307692307], [29591.149599999993, 4321.784323076922], [29591.149599999993, 4352.544353846153], [29606.52961538461, 4367.924369230768], [29621.909630769223, 4383.304384615384], [29637.28964615384, 4398.684399999999], [29652.669661538457, 4414.064415384614], [29668.04967692307, 4429.44443076923], [29683.429692307687, 4444.824446153845], [29698.8097076923, 4460.20446153846], [29729.569738461534, 4460.20446153846], [29744.949753846147, 4475.584476923076], [29760.329769230764, 4490.964492307691], [29775.709784615377, 4506.344507692307], [29791.089799999994, 4521.724523076922], [29806.46981538461, 4537.104538461537], [29821.849830769224, 4552.484553846153], [29837.22984615384, 4567.864569230768], [29852.609861538454, 4583.244584615383], [29867.98987692307, 4598.624599999999], [29867.98987692307, 4629.38463076923], [29852.609861538454, 4644.764646153845], [29837.22984615384, 4660.14466153846], [29821.849830769224, 4675.524676923076], [29806.46981538461, 4690.904692307691], [29821.849830769224, 4706.284707692307], [29837.22984615384, 4721.664723076922], [29852.609861538454, 4737.044738461537], [29867.98987692307, 4752.424753846153], [29883.369892307688, 4767.804769230768], [29914.12992307692, 4767.804769230768], [29929.50993846153, 4783.184784615383], [29914.12992307692, 4798.564799999999], [29898.7499076923, 4813.944815384614], [29883.369892307688, 4829.32483076923], [29867.98987692307, 4844.704846153845], [29883.369892307688, 4860.08486153846], [29898.7499076923, 4875.464876923076], [29914.12992307692, 4890.844892307691], [29929.50993846153, 4906.224907692306], [29944.88995384615, 4921.604923076922], [29960.26996923076, 4906.224907692306], [29975.64998461538, 4890.844892307691], [29991.029999999995, 4875.464876923076], [30006.41001538461, 4860.08486153846], [30037.17004615384, 4860.08486153846], [30052.550061538455, 4875.464876923076], [30067.930076923072, 4890.844892307691], [30083.310092307685, 4906.224907692306], [30098.690107692302, 4921.604923076922], [30114.070123076915, 4936.984938461537], [30129.450138461532, 4952.364953846153], [30144.83015384615, 4967.744969230768], [30144.83015384615, 4998.504999999999], [30129.450138461532, 5013.885015384614], [30114.070123076915, 5029.26503076923], [30129.450138461532, 5044.645046153845], [30144.83015384615, 5060.02506153846], [30144.83015384615, 5090.785092307691], [30129.450138461532, 5106.165107692306], [30114.070123076915, 5121.545123076922], [30129.450138461532, 5136.925138461537], [30144.83015384615, 5152.305153846153], [30160.210169230762, 5167.685169230768], [30175.59018461538, 5183.065184615383], [30190.970199999992, 5198.445199999999], [30206.35021538461, 5213.825215384614], [30190.970199999992, 5229.205230769229], [30175.59018461538, 5244.585246153845], [30160.210169230762, 5259.96526153846], [30144.83015384615, 5275.345276923076], [30144.83015384615, 5306.105307692306], [30160.210169230762, 5321.485323076922], [30175.59018461538, 5336.865338461537], [30190.970199999992, 5352.245353846153], [30206.35021538461, 5367.625369230768], [30221.730230769226, 5383.005384615383], [30237.11024615384, 5398.385399999999], [30237.11024615384, 5429.145430769229], [30252.490261538456, 5444.525446153845], [30267.87027692307, 5459.90546153846], [30283.250292307686, 5475.285476923076], [30298.630307692303, 5490.665492307691], [30314.010323076916, 5506.045507692306], [30329.390338461533, 5521.425523076922], [30344.770353846146, 5536.805538461537], [30360.150369230763, 5552.185553846152], [30375.53038461538, 5567.565569230768], [30390.910399999993, 5582.945584615383], [30406.29041538461, 5598.325599999999], [30437.05044615384, 5598.325599999999], [30452.430461538457, 5613.705615384614], [30467.81047692307, 5629.085630769229], [30483.190492307687, 5644.465646153845], [30498.5705076923, 5659.84566153846], [30513.950523076917, 5675.225676923076], [30513.950523076917, 5705.985707692306], [30529.330538461534, 5721.365723076922], [30544.710553846147, 5736.745738461537], [30560.090569230764, 5752.125753846152], [30575.470584615377, 5767.505769230768], [30590.850599999994, 5782.885784615383], [30621.610630769224, 5782.885784615383], [30652.370661538454, 5782.885784615383], [30683.130692307685, 5782.885784615383], [30713.89072307692, 5782.885784615383], [30729.27073846153, 5798.265799999999], [30744.65075384615, 5813.645815384614], [30775.41078461538, 5813.645815384614], [30790.790799999995, 5829.025830769229], [30806.17081538461, 5844.405846153845], [30821.550830769225, 5859.78586153846], [30836.93084615384, 5875.165876923075], [30852.310861538455, 5890.545892307691], [30867.690876923072, 5905.925907692306], [30883.070892307685, 5921.305923076922], [30898.450907692302, 5936.685938461537], [30913.830923076915, 5952.065953846152], [30929.210938461532, 5967.445969230768], [30944.59095384615, 5982.825984615383], [30944.59095384615, 6013.586015384614], [30929.210938461532, 6028.966030769229], [30913.830923076915, 6044.346046153845], [30929.210938461532, 6059.72606153846], [30944.59095384615, 6075.106076923075], [30959.970969230762, 6090.486092307691], [30975.35098461538, 6105.866107692306], [30975.35098461538, 6136.626138461537], [30990.730999999992, 6152.006153846152], [31006.11101538461, 6167.386169230768], [31021.491030769226, 6182.766184615383], [31036.87104615384, 6198.146199999998], [31036.87104615384, 6228.906230769229], [31036.87104615384, 6259.66626153846], [31036.87104615384, 6290.426292307691], [31036.87104615384, 6321.186323076922], [31036.87104615384, 6351.946353846152], [31052.251061538456, 6367.326369230768], [31067.63107692307, 6382.706384615383], [31067.63107692307, 6413.466415384614], [31052.251061538456, 6428.846430769229], [31036.87104615384, 6444.226446153845], [31036.87104615384, 6474.986476923075], [31021.491030769226, 6490.366492307691], [31006.11101538461, 6505.746507692306], [30990.730999999992, 6521.126523076921], [30975.35098461538, 6536.506538461537], [30959.970969230762, 6551.886553846152], [30944.59095384615, 6567.266569230768], [30929.210938461532, 6582.646584615383], [30913.830923076915, 6598.026599999998], [30898.450907692302, 6613.406615384614], [30867.690876923072, 6613.406615384614], [30836.93084615384, 6613.406615384614], [30806.17081538461, 6613.406615384614], [30775.41078461538, 6613.406615384614], [30760.03076923076, 6628.786630769229], [30744.65075384615, 6644.166646153845], [30729.27073846153, 6628.786630769229], [30713.89072307692, 6613.406615384614], [30698.5107076923, 6628.786630769229], [30683.130692307685, 6644.166646153845], [30667.75067692307, 6659.54666153846], [30652.370661538454, 6674.926676923075]]]}, "properties": {"objectType": "annotation", "name": "R1_2_T|lesion_2", "classification": {"name": "lesion", "color": [255, 0, 0]}, "lesion_id": 2, "section": "R1_2_T", "area_um2": 182550.0000000001}}, {"type": "Feature", "geometry": {"type": "MultiPolygon", "coordinates": [[[[29760.329769230764, 5044.645046153845], [29744.949753846147, 5029.26503076923], [29729.569738461534, 5013.885015384614], [29714.189723076917, 4998.504999999999], [29714.189723076917, 4967.744969230768], [29698.8097076923, 4952.364953846153], [29683.429692307687, 4936.984938461537], [29683.429692307687, 4906.224907692306], [29668.04967692307, 4890.844892307691], [29652.669661538457, 4875.464876923076], [29652.669661538457, 4844.704846153845], [29652.669661538457, 4813.944815384614], [29637.28964615384, 4798.564799999999], [29621.909630769223, 4783.184784615383], [29621.909630769223, 4752.424753846153], [29606.52961538461, 4737.044738461537], [29591.149599999993, 4721.664723076922], [29591.149599999993, 4690.904692307691], [29591.149599999993, 4660.14466153846], [29591.149599999993, 4629.38463076923], [29575.76958461538, 4614.004615384614], [29545.009553846146, 4614.004615384614], [29529.629538461533, 4598.624599999999], [29514.249523076916, 4583.244584615383], [29498.869507692303, 4567.864569230768], [29483.489492307686, 4552.484553846153], [29468.10947692307, 4537.104538461537], [29452.729461538456, 4521.724523076922], [29437.34944615384, 4506.344507692307], [29437.34944615384, 4475.584476923076], [29421.969430769226, 4460.20446153846], [29406.58941538461, 4444.824446153845], [29391.209399999992, 4429.44443076923], [29375.82938461538, 4414.064415384614], [29360.449369230762, 4398.684399999999], [29345.06935384615, 4383.304384615384], [29329.689338461532, 4367.924369230768], [29314.309323076915, 4352.544353846153], [29298.929307692302, 4337.164338461537], [29268.169276923072, 4337.164338461537], [29252.789261538455, 4321.784323076922], [29237.409246153842, 4306.404307692307], [29206.64921538461, 4306.404307692307], [29191.269199999995, 4321.784323076922], [29191.269199999995, 4352.544353846153], [29175.88918461538, 4367.924369230768], [29160.509169230765, 4383.304384615384], [29160.509169230765, 4414.064415384614], [29145.12915384615, 4429.44443076923], [29129.74913846153, 4444.824446153845], [29114.36912307692, 4460.20446153846], [29098.9891076923, 4475.584476923076], [29083.609092307688, 4490.964492307691], [29068.22907692307, 4506.344507692307], [29052.849061538454, 4521.724523076922], [29022.089030769224, 4521.724523076922], [29006.70901538461, 4537.104538461537], [29022.089030769224, 4552.484553846153], [29037.46904615384, 4567.864569230768], [29052.849061538454, 4583.244584615383], [29068.22907692307, 4598.624599999999], [29083.609092307688, 4614.004615384614], [29098.9891076923, 4629.38463076923], [29098.9891076923, 4660.14466153846], [29114.36912307692, 4675.524676923076], [29129.74913846153, 4690.904692307691], [29129.74913846153, 4721.664723076922], [29145.12915384615, 4737.044738461537], [29160.509169230765, 4752.424753846153], [29175.88918461538, 4767.804769230768], [29191.269199999995, 4783.184784615383], [29191.269199999995, 4813.944815384614], [29206.64921538461, 4829.32483076923], [29222.029230769225, 4844.704846153845], [29222.029230769225, 4875.464876923076], [29237.409246153842, 4890.844892307691], [29252.789261538455, 4906.224907692306], [29252.789261538455, 4936.984938461537], [29268.169276923072, 4952.364953846153], [29283.549292307685, 4967.744969230768], [29298.929307692302, 4983.124984615383], [29329.689338461532, 4983.124984615383], [29345.06935384615, 4998.504999999999], [29360.449369230762, 5013.885015384614], [29391.209399999992, 5013.885015384614], [29421.969430769226, 5013.885015384614], [29452.729461538456, 5013.885015384614], [29483.489492307686, 5013.885015384614], [29498.869507692303, 5029.26503076923], [29514.249523076916, 5044.645046153845], [29545.009553846146, 5044.645046153845], [29575.76958461538, 5044.645046153845], [29606.52961538461, 5044.645046153845], [29637.28964615384, 5044.645046153845], [29652.669661538457, 5060.02506153846], [29668.04967692307, 5075.405076923076], [29698.8097076923, 5075.405076923076], [29729.569738461534, 5075.405076923076], [29760.329769230764, 5075.405076923076], [29775.709784615377, 5060.02506153846], [29760.329769230764, 5044.645046153845]]], [[[30406.29041538461, 5905.925907692306], [30390.910399999993, 5921.305923076922], [30406.29041538461, 5936.685938461537], [30421.670430769223, 5921.305923076922], [30406.29041538461, 5905.925907692306]]], [[[30467.81047692307, 5936.685938461537], [30437.05044615384, 5936.685938461537], [30421.670430769223, 5952.065953846152], [30437.05044615384, 5967.445969230768], [30467.81047692307, 5967.445969230768], [30483.190492307687, 5952.065953846152], [30467.81047692307, 5936.685938461537]]], [[[30821.550830769225, 6351.946353846152], [30821.550830769225, 6321.186323076922], [30821.550830769225, 6290.426292307691], [30821.550830769225, 6259.66626153846], [30806.17081538461, 6244.286246153845], [30790.790799999995, 6228.906230769229], [30775.41078461538, 6213.526215384614], [30760.03076923076, 6198.146199999998], [30760.03076923076, 6167.386169230768], [30744.65075384615, 6152.006153846152], [30729.27073846153, 6136.626138461537], [30729.27073846153, 6105.866107692306], [30713.89072307692, 6090.486092307691], [30698.5107076923, 6075.106076923075], [30698.5107076923, 6044.346046153845], [30683.130692307685, 6028.966030769229], [30667.75067692307, 6013.586015384614], [30652.370661538454, 5998.205999999999], [30621.610630769224, 5998.205999999999], [30590.850599999994, 5998.205999999999], [30560.090569230764, 5998.205999999999], [30544.710553846147, 5982.825984615383], [30529.330538461534, 5967.445969230768], [30498.5705076923, 5967.445969230768], [30483.190492307687, 5982.825984615383], [30498.5705076923, 5998.205999999999], [30513.950523076917, 6013.586015384614], [30529.330538461534, 6028.966030769229], [30544.710553846147, 6044.346046153845], [30560.090569230764, 6059.72606153846], [30575.470584615377, 6075.106076923075], [30575.470584615377, 6105.866107692306], [30590.850599999994, 6121.246123076922], [30606.230615384608, 6136.626138461537], [30606.230615384608, 6167.386169230768], [30621.610630769224, 6182.766184615383], [30636.99064615384, 6198.146199999998], [30636.99064615384, 6228.906230769229], [30636.99064615384, 6259.66626153846], [30636.99064615384, 6290.426292307691], [30636.99064615384, 6321.186323076922], [30652.370661538454, 6336.566338461537], [30667.75067692307, 6351.946353846152], [30667.75067692307, 6382.706384615383], [30683.130692307685, 6398.086399999998], [30713.89072307692, 6398.086399999998], [30744.65075384615, 6398.086399999998], [30775.41078461538, 6398.086399999998], [30806.17081538461, 6398.086399999998], [30821.550830769225, 6382.706384615383], [30821.550830769225, 6351.946353846152]]]]}, "properties": {"objectType": "annotation", "name": "R1_2_T|core_2", "classification": {"name": "core", "color": [230, 103, 103]}, "lesion_id": 2, "section": "R1_2_T", "area_um2": 36399.99999999996}}, {"type": "Feature", "geometry": {"type": "Polygon", "coordinates": [[[30683.130692307685, 6644.166646153845], [30698.5107076923, 6628.786630769229], [30713.89072307692, 6613.406615384614], [30729.27073846153, 6628.786630769229], [30744.65075384615, 6644.166646153845], [30760.03076923076, 6628.786630769229], [30775.41078461538, 6613.406615384614], [30806.17081538461, 6613.406615384614], [30836.93084615384, 6613.406615384614], [30867.690876923072, 6613.406615384614], [30898.450907692302, 6613.406615384614], [30913.830923076915, 6598.026599999998], [30929.210938461532, 6582.646584615383], [30944.59095384615, 6567.266569230768], [30959.970969230762, 6551.886553846152], [30975.35098461538, 6536.506538461537], [30990.730999999992, 6521.126523076921], [31006.11101538461, 6505.746507692306], [31021.491030769226, 6490.366492307691], [31036.87104615384, 6474.986476923075], [31036.87104615384, 6444.226446153845], [31052.251061538456, 6428.846430769229], [31067.63107692307, 6413.466415384614], [31067.63107692307, 6382.706384615383], [31052.251061538456, 6367.326369230768], [31036.87104615384, 6351.946353846152], [31036.87104615384, 6321.186323076922], [31036.87104615384, 6290.426292307691], [31036.87104615384, 6259.66626153846], [31036.87104615384, 6228.906230769229], [31036.87104615384, 6198.146199999998], [31021.491030769226, 6182.766184615383], [31006.11101538461, 6167.386169230768], [30990.730999999992, 6152.006153846152], [30975.35098461538, 6136.626138461537], [30975.35098461538, 6105.866107692306], [30959.970969230762, 6090.486092307691], [30944.59095384615, 6075.106076923075], [30929.210938461532, 6059.72606153846], [30913.830923076915, 6044.346046153845], [30929.210938461532, 6028.966030769229], [30944.59095384615, 6013.586015384614], [30944.59095384615, 5982.825984615383], [30929.210938461532, 5967.445969230768], [30913.830923076915, 5952.065953846152], [30898.450907692302, 5936.685938461537], [30883.070892307685, 5921.305923076922], [30867.690876923072, 5905.925907692306], [30852.310861538455, 5890.545892307691], [30836.93084615384, 5875.165876923075], [30821.550830769225, 5859.78586153846], [30806.17081538461, 5844.405846153845], [30790.790799999995, 5829.025830769229], [30775.41078461538, 5813.645815384614], [30744.65075384615, 5813.645815384614], [30729.27073846153, 5798.265799999999], [30713.89072307692, 5782.885784615383], [30683.130692307685, 5782.885784615383], [30652.370661538454, 5782.885784615383], [30621.610630769224, 5782.885784615383], [30590.850599999994, 5782.885784615383], [30575.470584615377, 5767.505769230768], [30560.090569230764, 5752.125753846152], [30544.710553846147, 5736.745738461537], [30529.330538461534, 5721.365723076922], [30513.950523076917, 5705.985707692306], [30513.950523076917, 5675.225676923076], [30498.5705076923, 5659.84566153846], [30483.190492307687, 5644.465646153845], [30467.81047692307, 5629.085630769229], [30452.430461538457, 5613.705615384614], [30437.05044615384, 5598.325599999999], [30406.29041538461, 5598.325599999999], [30390.910399999993, 5582.945584615383], [30375.53038461538, 5567.565569230768], [30360.150369230763, 5552.185553846152], [30344.770353846146, 5536.805538461537], [30329.390338461533, 5521.425523076922], [30314.010323076916, 5506.045507692306], [30298.630307692303, 5490.665492307691], [30283.250292307686, 5475.285476923076], [30267.87027692307, 5459.90546153846], [30252.490261538456, 5444.525446153845], [30237.11024615384, 5429.145430769229], [30237.11024615384, 5398.385399999999], [30221.730230769226, 5383.005384615383], [30206.35021538461, 5367.625369230768], [30190.970199999992, 5352.245353846153], [30175.59018461538, 5336.865338461537], [30160.210169230762, 5321.485323076922], [30144.83015384615, 5306.105307692306], [30144.83015384615, 5275.345276923076], [30160.210169230762, 5259.96526153846], [30175.59018461538, 5244.585246153845], [30190.970199999992, 5229.205230769229], [30206.35021538461, 5213.825215384614], [30190.970199999992, 5198.445199999999], [30175.59018461538, 5183.065184615383], [30160.210169230762, 5167.685169230768], [30144.83015384615, 5152.305153846153], [30129.450138461532, 5136.925138461537], [30114.070123076915, 5121.545123076922], [30129.450138461532, 5106.165107692306], [30144.83015384615, 5090.785092307691], [30144.83015384615, 5060.02506153846], [30129.450138461532, 5044.645046153845], [30114.070123076915, 5029.26503076923], [30129.450138461532, 5013.885015384614], [30144.83015384615, 4998.504999999999], [30144.83015384615, 4967.744969230768], [30129.450138461532, 4952.364953846153], [30114.070123076915, 4936.984938461537], [30098.690107692302, 4921.604923076922], [30083.310092307685, 4906.224907692306], [30067.930076923072, 4890.844892307691], [30052.550061538455, 4875.464876923076], [30037.17004615384, 4860.08486153846], [30006.41001538461, 4860.08486153846], [29991.029999999995, 4875.464876923076], [29975.64998461538, 4890.844892307691], [29960.26996923076, 4906.224907692306], [29944.88995384615, 4921.604923076922], [29929.50993846153, 4906.224907692306], [29914.12992307692, 4890.844892307691], [29898.7499076923, 4875.464876923076], [29883.369892307688, 4860.08486153846], [29867.98987692307, 4844.704846153845], [29883.369892307688, 4829.32483076923], [29898.7499076923, 4813.944815384614], [29914.12992307692, 4798.564799999999], [29929.50993846153, 4783.184784615383], [29914.12992307692, 4767.804769230768], [29883.369892307688, 4767.804769230768], [29867.98987692307, 4752.424753846153], [29852.609861538454, 4737.044738461537], [29837.22984615384, 4721.664723076922], [29821.849830769224, 4706.284707692307], [29806.46981538461, 4690.904692307691], [29821.849830769224, 4675.524676923076], [29837.22984615384, 4660.14466153846], [29852.609861538454, 4644.764646153845], [29867.98987692307, 4629.38463076923], [29867.98987692307, 4598.624599999999], [29852.609861538454, 4583.244584615383], [29837.22984615384, 4567.864569230768], [29821.849830769224, 4552.484553846153], [29806.46981538461, 4537.104538461537], [29791.089799999994, 4521.724523076922], [29775.709784615377, 4506.344507692307], [29760.329769230764, 4490.964492307691], [29744.949753846147, 4475.584476923076], [29729.569738461534, 4460.20446153846], [29698.8097076923, 4460.20446153846], [29683.429692307687, 4444.824446153845], [29668.04967692307, 4429.44443076923], [29652.669661538457, 4414.064415384614], [29637.28964615384, 4398.684399999999], [29621.909630769223, 4383.304384615384], [29606.52961538461, 4367.924369230768], [29591.149599999993, 4352.544353846153], [29591.149599999993, 4321.784323076922], [29575.76958461538, 4306.404307692307], [29560.389569230763, 4291.024292307691], [29545.009553846146, 4275.644276923076], [29529.629538461533, 4260.26426153846], [29514.249523076916, 4244.884246153845], [29498.869507692303, 4229.50423076923], [29483.489492307686, 4214.124215384614], [29468.10947692307, 4198.744199999999], [29452.729461538456, 4183.364184615384], [29437.34944615384, 4167.984169230768], [29421.969430769226, 4152.604153846153], [29391.209399999992, 4152.604153846153], [29375.82938461538, 4137.224138461537], [29360.449369230762, 4121.844123076922], [29329.689338461532, 4121.844123076922], [29298.929307692302, 4121.844123076922], [29283.549292307685, 4106.464107692307], [29268.169276923072, 4091.0840923076917], [29237.409246153842, 4091.0840923076917], [29206.64921538461, 4091.0840923076917], [29191.269199999995, 4075.704076923076], [29175.88918461538, 4060.3240615384607], [29145.12915384615, 4060.3240615384607], [29114.36912307692, 4060.3240615384607], [29098.9891076923, 4075.704076923076], [29083.609092307688, 4091.0840923076917], [29068.22907692307, 4106.464107692307], [29052.849061538454, 4121.844123076922], [29037.46904615384, 4137.224138461537], [29037.46904615384, 4167.984169230768], [29022.089030769224, 4183.364184615384], [29006.70901538461, 4198.744199999999], [29006.70901538461, 4229.50423076923], [29006.70901538461, 4260.26426153846], [28991.328999999994, 4275.644276923076], [28975.948984615377, 4291.024292307691], [28960.568969230764, 4306.404307692307], [28945.188953846147, 4321.784323076922], [28929.808938461534, 4337.164338461537], [28914.428923076917, 4352.544353846153], [28899.0489076923, 4367.924369230768], [28868.28887692307, 4367.924369230768], [28852.908861538457, 4352.544353846153], [28837.52884615384, 4337.164338461537], [28822.148830769223, 4321.784323076922], [28806.76881538461, 4306.404307692307], [28791.388799999993, 4321.784323076922], [28776.00878461538, 4337.164338461537], [28760.628769230763, 4352.544353846153], [28745.248753846146, 4367.924369230768], [28729.868738461533, 4383.304384615384], [28729.868738461533, 4414.064415384614], [28729.868738461533, 4444.824446153845], [28729.868738461533, 4475.584476923076], [28729.868738461533, 4506.344507692307], [28729.868738461533, 4537.104538461537], [28745.248753846146, 4552.484553846153], [28760.628769230763, 4567.864569230768], [28760.628769230763, 4598.624599999999], [28776.00878461538, 4614.004615384614], [28791.388799999993, 4629.38463076923], [28806.76881538461, 4644.764646153845], [28822.148830769223, 4660.14466153846], [28837.52884615384, 4675.524676923076], [28852.908861538457, 4690.904692307691], [28868.28887692307, 4706.284707692307], [28883.668892307687, 4721.664723076922], [28899.0489076923, 4737.044738461537], [28914.428923076917, 4752.424753846153], [28929.808938461534, 4767.804769230768], [28945.188953846147, 4783.184784615383], [28945.188953846147, 4813.944815384614], [28960.568969230764, 4829.32483076923], [28975.948984615377, 4844.704846153845], [28975.948984615377, 4875.464876923076], [28991.328999999994, 4890.844892307691], [29006.70901538461, 4906.224907692306], [29022.089030769224, 4921.604923076922], [29037.46904615384, 4936.984938461537], [29037.46904615384, 4967.744969230768], [29037.46904615384, 4998.504999999999], [29052.849061538454, 5013.885015384614], [29068.22907692307, 5029.26503076923], [29068.22907692307, 5060.02506153846], [29083.609092307688, 5075.405076923076], [29098.9891076923, 5090.785092307691], [29114.36912307692, 5106.165107692306], [29129.74913846153, 5121.545123076922], [29145.12915384615, 5136.925138461537], [29160.509169230765, 5152.305153846153], [29175.88918461538, 5167.685169230768], [29191.269199999995, 5183.065184615383], [29206.64921538461, 5198.445199999999], [29237.409246153842, 5198.445199999999], [29268.169276923072, 5198.445199999999], [29298.929307692302, 5198.445199999999], [29314.309323076915, 5213.825215384614], [29329.689338461532, 5229.205230769229], [29360.449369230762, 5229.205230769229], [29391.209399999992, 5229.205230769229], [29421.969430769226, 5229.205230769229], [29452.729461538456, 5229.205230769229], [29468.10947692307, 5244.585246153845], [29483.489492307686, 5259.96526153846], [29514.249523076916, 5259.96526153846], [29545.009553846146, 5259.96526153846], [29560.389569230763, 5275.345276923076], [29575.76958461538, 5290.725292307691], [29591.149599999993, 5275.345276923076], [29606.52961538461, 5259.96526153846], [29621.909630769223, 5275.345276923076], [29637.28964615384, 5290.725292307691], [29668.04967692307, 5290.725292307691], [29698.8097076923, 5290.725292307691], [29729.569738461534, 5290.725292307691], [29760.329769230764, 5290.725292307691], [29791.089799999994, 5290.725292307691], [29806.46981538461, 5306.105307692306], [29821.849830769224, 5321.485323076922], [29837.22984615384, 5306.105307692306], [29852.609861538454, 5290.725292307691], [29867.98987692307, 5306.105307692306], [29883.369892307688, 5321.485323076922], [29898.7499076923, 5336.865338461537], [29914.12992307692, 5352.245353846153], [29929.50993846153, 5367.625369230768], [29944.88995384615, 5383.005384615383], [29960.26996923076, 5398.385399999999], [29960.26996923076, 5429.145430769229], [29975.64998461538, 5444.525446153845], [29991.029999999995, 5459.90546153846], [30006.41001538461, 5475.285476923076], [30021.790030769225, 5490.665492307691], [30021.790030769225, 5521.425523076922], [30037.17004615384, 5536.805538461537], [30052.550061538455, 5552.185553846152], [30067.930076923072, 5567.565569230768], [30083.310092307685, 5582.945584615383], [30083.310092307685, 5613.705615384614], [30098.690107692302, 5629.085630769229], [30114.070123076915, 5644.465646153845], [30129.450138461532, 5659.84566153846], [30144.83015384615, 5675.225676923076], [30160.210169230762, 5690.605692307691], [30175.59018461538, 5705.985707692306], [30190.970199999992, 5721.365723076922], [30206.35021538461, 5736.745738461537], [30221.730230769226, 5752.125753846152], [30237.11024615384, 5767.505769230768], [30237.11024615384, 5798.265799999999], [30221.730230769226, 5813.645815384614], [30206.35021538461, 5829.025830769229], [30190.970199999992, 5844.405846153845], [30175.59018461538, 5859.78586153846], [30175.59018461538, 5890.545892307691], [30160.210169230762, 5905.925907692306], [30144.83015384615, 5921.305923076922], [30160.210169230762, 5936.685938461537], [30175.59018461538, 5952.065953846152], [30175.59018461538, 5982.825984615383], [30175.59018461538, 6013.586015384614], [30190.970199999992, 6028.966030769229], [30206.35021538461, 6044.346046153845], [30221.730230769226, 6059.72606153846], [30237.11024615384, 6075.106076923075], [30252.490261538456, 6090.486092307691], [30267.87027692307, 6105.866107692306], [30283.250292307686, 6121.246123076922], [30314.010323076916, 6121.246123076922], [30329.390338461533, 6136.626138461537], [30344.770353846146, 6152.006153846152], [30360.150369230763, 6167.386169230768], [30375.53038461538, 6182.766184615383], [30390.910399999993, 6198.146199999998], [30406.29041538461, 6213.526215384614], [30421.670430769223, 6228.906230769229], [30421.670430769223, 6259.66626153846], [30421.670430769223, 6290.426292307691], [30421.670430769223, 6321.186323076922], [30421.670430769223, 6351.946353846152], [30421.670430769223, 6382.706384615383], [30437.05044615384, 6398.086399999998], [30452.430461538457, 6413.466415384614], [30467.81047692307, 6428.846430769229], [30483.190492307687, 6444.226446153845], [30483.190492307687, 6474.986476923075], [30467.81047692307, 6490.366492307691], [30452.430461538457, 6505.746507692306], [30452.430461538457, 6536.506538461537], [30452.430461538457, 6567.266569230768], [30467.81047692307, 6582.646584615383], [30483.190492307687, 6598.026599999998], [30498.5705076923, 6613.406615384614], [30513.950523076917, 6628.786630769229], [30529.330538461534, 6644.166646153845], [30560.090569230764, 6644.166646153845], [30575.470584615377, 6628.786630769229], [30590.850599999994, 6613.406615384614], [30606.230615384608, 6628.786630769229], [30621.610630769224, 6644.166646153845], [30636.99064615384, 6659.54666153846], [30652.370661538454, 6674.926676923075], [30667.75067692307, 6659.54666153846], [30683.130692307685, 6644.166646153845]]]}, "properties": {"objectType": "annotation", "name": "R1_2_T|rim_2", "classification": {"name": "rim", "color": [201, 133, 0]}, "lesion_id": 2, "section": "R1_2_T", "area_um2": 182550.0}}, {"type": "Feature", "geometry": {"type": "Polygon", "coordinates": [[[25823.045830769224, 6305.806307692306], [25792.285799999994, 6305.806307692306], [25761.525769230764, 6305.806307692306], [25730.765738461534, 6305.806307692306], [25715.385723076917, 6290.426292307691], [25700.005707692304, 6275.046276923075], [25684.625692307687, 6259.66626153846], [25669.24567692307, 6244.286246153845], [25653.865661538457, 6228.906230769229], [25669.24567692307, 6213.526215384614], [25684.625692307687, 6198.146199999998], [25684.625692307687, 6167.386169230768], [25684.625692307687, 6136.626138461537], [25700.005707692304, 6121.246123076922], [25715.385723076917, 6105.866107692306], [25715.385723076917, 6075.106076923075], [25715.385723076917, 6044.346046153845], [25730.765738461534, 6028.966030769229], [25746.145753846147, 6013.586015384614], [25746.145753846147, 5982.825984615383], [25746.145753846147, 5952.065953846152], [25730.765738461534, 5936.685938461537], [25715.385723076917, 5921.305923076922], [25715.385723076917, 5890.545892307691], [25700.005707692304, 5875.165876923075], [25684.625692307687, 5859.78586153846], [25684.625692307687, 5829.025830769229], [25700.005707692304, 5813.645815384614], [25715.385723076917, 5798.265799999999], [25715.385723076917, 5767.505769230768], [25715.385723076917, 5736.745738461537], [25715.385723076917, 5705.985707692306], [25715.385723076917, 5675.225676923076], [25715.385723076917, 5644.465646153845], [25715.385723076917, 5613.705615384614], [25715.385723076917, 5582.945584615383], [25715.385723076917, 5552.185553846152], [25715.385723076917, 5521.425523076922], [25715.385723076917, 5490.665492307691], [25715.385723076917, 5459.90546153846], [25715.385723076917, 5429.145430769229], [25715.385723076917, 5398.385399999999], [25715.385723076917, 5367.625369230768], [25715.385723076917, 5336.865338461537], [25730.765738461534, 5321.485323076922], [25746.145753846147, 5306.105307692306], [25746.145753846147, 5275.345276923076], [25761.525769230764, 5259.96526153846], [25776.90578461538, 5244.585246153845], [25792.285799999994, 5229.205230769229], [25807.66581538461, 5213.825215384614], [25823.045830769224, 5198.445199999999], [25838.42584615384, 5183.065184615383], [25853.805861538458, 5167.685169230768], [25869.18587692307, 5152.305153846153], [25884.565892307688, 5136.925138461537], [25899.9459076923, 5121.545123076922], [25915.325923076918, 5106.165107692306], [25930.705938461535, 5090.785092307691], [25946.08595384615, 5075.405076923076], [25961.465969230765, 5060.02506153846], [25976.84598461538, 5044.645046153845], [25992.225999999995, 5029.26503076923], [26007.606015384612, 5013.885015384614], [26022.986030769225, 4998.504999999999], [26038.366046153842, 4983.124984615383], [26053.746061538455, 4967.744969230768], [26069.126076923072, 4952.364953846153], [26084.506092307685, 4936.984938461537], [26084.506092307685, 4906.224907692306], [26099.886107692302, 4890.844892307691], [26115.26612307692, 4875.464876923076], [26115.26612307692, 4844.704846153845], [26130.646138461532, 4829.32483076923], [26146.02615384615, 4813.944815384614], [26161.406169230762, 4798.564799999999], [26176.78618461538, 4783.184784615383], [26192.166199999996, 4767.804769230768], [26222.926230769226, 4767.804769230768], [26238.30624615384, 4752.424753846153], [26253.686261538456, 4737.044738461537], [26269.066276923073, 4721.664723076922], [26284.446292307686, 4706.284707692307], [26315.206323076916, 4706.284707692307], [26345.96635384615, 4706.284707692307], [26376.72638461538, 4706.284707692307], [26392.106399999993, 4721.664723076922], [26407.48641538461, 4737.044738461537], [26422.866430769227, 4752.424753846153], [26438.24644615384, 4767.804769230768], [26453.626461538457, 4783.184784615383], [26469.00647692307, 4798.564799999999], [26484.386492307687, 4813.944815384614], [26499.766507692304, 4829.32483076923], [26515.146523076917, 4844.704846153845], [26530.526538461534, 4860.08486153846], [26561.286569230764, 4860.08486153846], [26576.66658461538, 4875.464876923076], [26592.046599999994, 4890.844892307691], [26607.42661538461, 4906.224907692306], [26622.806630769224, 4921.604923076922], [26638.18664615384, 4936.984938461537], [26638.18664615384, 4967.744969230768], [26622.806630769224, 4983.124984615383], [26607.42661538461, 4998.504999999999], [26607.42661538461, 5029.26503076923], [26622.806630769224, 5044.645046153845], [26638.18664615384, 5060.02506153846], [26622.806630769224, 5075.405076923076], [26607.42661538461, 5090.785092307691], [26607.42661538461, 5121.545123076922], [26607.42661538461, 5152.305153846153], [26607.42661538461, 5183.065184615383], [26592.046599999994, 5198.445199999999], [26576.66658461538, 5213.825215384614], [26576.66658461538, 5244.585246153845], [26592.046599999994, 5259.96526153846], [26607.42661538461, 5275.345276923076], [26607.42661538461, 5306.105307692306], [26607.42661538461, 5336.865338461537], [26607.42661538461, 5367.625369230768], [26622.806630769224, 5383.005384615383], [26638.18664615384, 5398.385399999999], [26638.18664615384, 5429.145430769229], [26638.18664615384, 5459.90546153846], [26638.18664615384, 5490.665492307691], [26653.566661538458, 5506.045507692306], [26668.94667692307, 5521.425523076922], [26653.566661538458, 5536.805538461537], [26638.18664615384, 5552.185553846152], [26638.18664615384, 5582.945584615383], [26638.18664615384, 5613.705615384614], [26638.18664615384, 5644.465646153845], [26638.18664615384, 5675.225676923076], [26622.806630769224, 5690.605692307691], [26607.42661538461, 5705.985707692306], [26607.42661538461, 5736.745738461537], [26592.046599999994, 5752.125753846152], [26576.66658461538, 5767.505769230768], [26576.66658461538, 5798.265799999999], [26576.66658461538, 5829.025830769229], [26592.046599999994, 5844.405846153845], [26607.42661538461, 5859.78586153846], [26607.42661538461, 5890.545892307691], [26592.046599999994, 5905.925907692306], [26576.66658461538, 5921.305923076922], [26561.286569230764, 5936.685938461537], [26545.906553846147, 5952.065953846152], [26530.526538461534, 5967.445969230768], [26515.146523076917, 5982.825984615383], [26499.766507692304, 5998.205999999999], [26484.386492307687, 5982.825984615383], [26469.00647692307, 5967.445969230768], [26453.626461538457, 5952.065953846152], [26438.24644615384, 5936.685938461537], [26422.866430769227, 5952.065953846152], [26407.48641538461, 5967.445969230768], [26376.72638461538, 5967.445969230768], [26345.96635384615, 5967.445969230768], [26315.206323076916, 5967.445969230768], [26284.446292307686, 5967.445969230768], [26269.066276923073, 5982.825984615383], [26253.686261538456, 5998.205999999999], [26238.30624615384, 6013.586015384614], [26222.926230769226, 6028.966030769229], [26207.54621538461, 6044.346046153845], [26192.166199999996, 6059.72606153846], [26176.78618461538, 6075.106076923075], [26161.406169230762, 6090.486092307691], [26146.02615384615, 6105.866107692306], [26130.646138461532, 6121.246123076922], [26115.26612307692, 6136.626138461537], [26099.886107692302, 6152.006153846152], [26069.126076923072, 6152.006153846152], [26038.366046153842, 6152.006153846152], [26007.606015384612, 6152.006153846152], [25976.84598461538, 6152.006153846152], [25961.465969230765, 6167.386169230768], [25946.08595384615, 6182.766184615383], [25930.705938461535, 6198.146199999998], [25915.325923076918, 6213.526215384614], [25899.9459076923, 6228.906230769229], [25884.565892307688, 6244.286246153845], [25869.18587692307, 6259.66626153846], [25853.805861538458, 6275.046276923075], [25838.42584615384, 6290.426292307691], [25823.045830769224, 6305.806307692306]]]}, "properties": {"objectType": "annotation", "name": "R1_2_T|lesion_3", "classification": {"name": "lesion", "color": [255, 0, 0]}, "lesion_id": 3, "section": "R1_2_T", "area_um2": 111550.00000000016}}, {"type": "Feature", "geometry": {"type": "Polygon", "coordinates": [[[26007.606015384612, 5936.685938461537], [25976.84598461538, 5936.685938461537], [25961.465969230765, 5921.305923076922], [25946.08595384615, 5905.925907692306], [25930.705938461535, 5890.545892307691], [25930.705938461535, 5859.78586153846], [25930.705938461535, 5829.025830769229], [25930.705938461535, 5798.265799999999], [25930.705938461535, 5767.505769230768], [25930.705938461535, 5736.745738461537], [25930.705938461535, 5705.985707692306], [25930.705938461535, 5675.225676923076], [25930.705938461535, 5644.465646153845], [25930.705938461535, 5613.705615384614], [25930.705938461535, 5582.945584615383], [25930.705938461535, 5552.185553846152], [25930.705938461535, 5521.425523076922], [25930.705938461535, 5490.665492307691], [25930.705938461535, 5459.90546153846], [25930.705938461535, 5429.145430769229], [25930.705938461535, 5398.385399999999], [25946.08595384615, 5383.005384615383], [25961.465969230765, 5367.625369230768], [25976.84598461538, 5352.245353846153], [25992.225999999995, 5336.865338461537], [26007.606015384612, 5321.485323076922], [26022.986030769225, 5306.105307692306], [26038.366046153842, 5290.725292307691], [26053.746061538455, 5275.345276923076], [26069.126076923072, 5259.96526153846], [26084.506092307685, 5244.585246153845], [26099.886107692302, 5229.205230769229], [26115.26612307692, 5213.825215384614], [26130.646138461532, 5198.445199999999], [26146.02615384615, 5183.065184615383], [26161.406169230762, 5167.685169230768], [26176.78618461538, 5152.305153846153], [26192.166199999996, 5136.925138461537], [26207.54621538461, 5121.545123076922], [26222.926230769226, 5106.165107692306], [26238.30624615384, 5090.785092307691], [26238.30624615384, 5060.02506153846], [26253.686261538456, 5044.645046153845], [26269.066276923073, 5029.26503076923], [26269.066276923073, 4998.504999999999], [26284.446292307686, 4983.124984615383], [26299.826307692303, 4967.744969230768], [26315.206323076916, 4952.364953846153], [26330.586338461533, 4967.744969230768], [26345.96635384615, 4983.124984615383], [26361.346369230763, 4998.504999999999], [26376.72638461538, 5013.885015384614], [26392.106399999993, 5029.26503076923], [26392.106399999993, 5060.02506153846], [26392.106399999993, 5090.785092307691], [26392.106399999993, 5121.545123076922], [26392.106399999993, 5152.305153846153], [26376.72638461538, 5167.685169230768], [26361.346369230763, 5183.065184615383], [26361.346369230763, 5213.825215384614], [26361.346369230763, 5244.585246153845], [26361.346369230763, 5275.345276923076], [26376.72638461538, 5290.725292307691], [26392.106399999993, 5306.105307692306], [26392.106399999993, 5336.865338461537], [26392.106399999993, 5367.625369230768], [26392.106399999993, 5398.385399999999], [26407.48641538461, 5413.765415384614], [26422.866430769227, 5429.145430769229], [26422.866430769227, 5459.90546153846], [26422.866430769227, 5490.665492307691], [26422.866430769227, 5521.425523076922], [26422.866430769227, 5552.185553846152], [26422.866430769227, 5582.945584615383], [26422.866430769227, 5613.705615384614], [26422.866430769227, 5644.465646153845], [26407.48641538461, 5659.84566153846], [26392.106399999993, 5675.225676923076], [26392.106399999993, 5705.985707692306], [26376.72638461538, 5721.365723076922], [26361.346369230763, 5736.745738461537], [26345.96635384615, 5752.125753846152], [26315.206323076916, 5752.125753846152], [26284.446292307686, 5752.125753846152], [26253.686261538456, 5752.125753846152], [26238.30624615384, 5767.505769230768], [26222.926230769226, 5782.885784615383], [26192.166199999996, 5782.885784615383], [26176.78618461538, 5798.265799999999], [26161.406169230762, 5813.645815384614], [26130.646138461532, 5813.645815384614], [26115.26612307692, 5829.025830769229], [26099.886107692302, 5844.405846153845], [26084.506092307685, 5859.78586153846], [26069.126076923072, 5875.165876923075], [26053.746061538455, 5890.545892307691], [26038.366046153842, 5905.925907692306], [26022.986030769225, 5921.305923076922], [26007.606015384612, 5936.685938461537]]]}, "properties": {"objectType": "annotation", "name": "R1_2_T|core_3", "classification": {"name": "core", "color": [230, 103, 103]}, "lesion_id": 3, "section": "R1_2_T", "area_um2": 32549.99999999991}}, {"type": "Feature", "geometry": {"type": "Polygon", "coordinates": [[[25838.42584615384, 6290.426292307691], [25853.805861538458, 6275.046276923075], [25869.18587692307, 6259.66626153846], [25884.565892307688, 6244.286246153845], [25899.9459076923, 6228.906230769229], [25915.325923076918, 6213.526215384614], [25930.705938461535, 6198.146199999998], [25946.08595384615, 6182.766184615383], [25961.465969230765, 6167.386169230768], [25976.84598461538, 6152.006153846152], [26007.606015384612, 6152.006153846152], [26038.366046153842, 6152.006153846152], [26069.126076923072, 6152.006153846152], [26099.886107692302, 6152.006153846152], [26115.26612307692, 6136.626138461537], [26130.646138461532, 6121.246123076922], [26146.02615384615, 6105.866107692306], [26161.406169230762, 6090.486092307691], [26176.78618461538, 6075.106076923075], [26192.166199999996, 6059.72606153846], [26207.54621538461, 6044.346046153845], [26222.926230769226, 6028.966030769229], [26238.30624615384, 6013.586015384614], [26253.686261538456, 5998.205999999999], [26269.066276923073, 5982.825984615383], [26284.446292307686, 5967.445969230768], [26315.206323076916, 5967.445969230768], [26345.96635384615, 5967.445969230768], [26376.72638461538, 5967.445969230768], [26407.48641538461, 5967.445969230768], [26422.866430769227, 5952.065953846152], [26438.24644615384, 5936.685938461537], [26453.626461538457, 5952.065953846152], [26469.00647692307, 5967.445969230768], [26484.386492307687, 5982.825984615383], [26499.766507692304, 5998.205999999999], [26515.146523076917, 5982.825984615383], [26530.526538461534, 5967.445969230768], [26545.906553846147, 5952.065953846152], [26561.286569230764, 5936.685938461537], [26576.66658461538, 5921.305923076922], [26592.046599999994, 5905.925907692306], [26607.42661538461, 5890.545892307691], [26607.42661538461, 5859.78586153846], [26592.046599999994, 5844.405846153845], [26576.66658461538, 5829.025830769229], [26576.66658461538, 5798.265799999999], [26576.66658461538, 5767.505769230768], [26592.046599999994, 5752.125753846152], [26607.42661538461, 5736.745738461537], [26607.42661538461, 5705.985707692306], [26622.806630769224, 5690.605692307691], [26638.18664615384, 5675.225676923076], [26638.18664615384, 5644.465646153845], [26638.18664615384, 5613.705615384614], [26638.18664615384, 5582.945584615383], [26638.18664615384, 5552.185553846152], [26653.566661538458, 5536.805538461537], [26668.94667692307, 5521.425523076922], [26653.566661538458, 5506.045507692306], [26638.18664615384, 5490.665492307691], [26638.18664615384, 5459.90546153846], [26638.18664615384, 5429.145430769229], [26638.18664615384, 5398.385399999999], [26622.806630769224, 5383.005384615383], [26607.42661538461, 5367.625369230768], [26607.42661538461, 5336.865338461537], [26607.42661538461, 5306.105307692306], [26607.42661538461, 5275.345276923076], [26592.046599999994, 5259.96526153846], [26576.66658461538, 5244.585246153845], [26576.66658461538, 5213.825215384614], [26592.046599999994, 5198.445199999999], [26607.42661538461, 5183.065184615383], [26607.42661538461, 5152.305153846153], [26607.42661538461, 5121.545123076922], [26607.42661538461, 5090.785092307691], [26622.806630769224, 5075.405076923076], [26638.18664615384, 5060.02506153846], [26622.806630769224, 5044.645046153845], [26607.42661538461, 5029.26503076923], [26607.42661538461, 4998.504999999999], [26622.806630769224, 4983.124984615383], [26638.18664615384, 4967.744969230768], [26638.18664615384, 4936.984938461537], [26622.806630769224, 4921.604923076922], [26607.42661538461, 4906.224907692306], [26592.046599999994, 4890.844892307691], [26576.66658461538, 4875.464876923076], [26561.286569230764, 4860.08486153846], [26530.526538461534, 4860.08486153846], [26515.146523076917, 4844.704846153845], [26499.766507692304, 4829.32483076923], [26484.386492307687, 4813.944815384614], [26469.00647692307, 4798.564799999999], [26453.626461538457, 4783.184784615383], [26438.24644615384, 4767.804769230768], [26422.866430769227, 4752.424753846153], [26407.48641538461, 4737.044738461537], [26392.106399999993, 4721.664723076922], [26376.72638461538, 4706.284707692307], [26345.96635384615, 4706.284707692307], [26315.206323076916, 4706.284707692307], [26284.446292307686, 4706.284707692307], [26269.066276923073, 4721.664723076922], [26253.686261538456, 4737.044738461537], [26238.30624615384, 4752.424753846153], [26222.926230769226, 4767.804769230768], [26192.166199999996, 4767.804769230768], [26176.78618461538, 4783.184784615383], [26161.406169230762, 4798.564799999999], [26146.02615384615, 4813.944815384614], [26130.646138461532, 4829.32483076923], [26115.26612307692, 4844.704846153845], [26115.26612307692, 4875.464876923076], [26099.886107692302, 4890.844892307691], [26084.506092307685, 4906.224907692306], [26084.506092307685, 4936.984938461537], [26069.126076923072, 4952.364953846153], [26053.746061538455, 4967.744969230768], [26038.366046153842, 4983.124984615383], [26022.986030769225, 4998.504999999999], [26007.606015384612, 5013.885015384614], [25992.225999999995, 5029.26503076923], [25976.84598461538, 5044.645046153845], [25961.465969230765, 5060.02506153846], [25946.08595384615, 5075.405076923076], [25930.705938461535, 5090.785092307691], [25915.325923076918, 5106.165107692306], [25899.9459076923, 5121.545123076922], [25884.565892307688, 5136.925138461537], [25869.18587692307, 5152.305153846153], [25853.805861538458, 5167.685169230768], [25838.42584615384, 5183.065184615383], [25823.045830769224, 5198.445199999999], [25807.66581538461, 5213.825215384614], [25792.285799999994, 5229.205230769229], [25776.90578461538, 5244.585246153845], [25761.525769230764, 5259.96526153846], [25746.145753846147, 5275.345276923076], [25746.145753846147, 5306.105307692306], [25730.765738461534, 5321.485323076922], [25715.385723076917, 5336.865338461537], [25715.385723076917, 5367.625369230768], [25715.385723076917, 5398.385399999999], [25715.385723076917, 5429.145430769229], [25715.385723076917, 5459.90546153846], [25715.385723076917, 5490.665492307691], [25715.385723076917, 5521.425523076922], [25715.385723076917, 5552.185553846152], [25715.385723076917, 5582.945584615383], [25715.385723076917, 5613.705615384614], [25715.385723076917, 5644.465646153845], [25715.385723076917, 5675.225676923076], [25715.385723076917, 5705.985707692306], [25715.385723076917, 5736.745738461537], [25715.385723076917, 5767.505769230768], [25715.385723076917, 5798.265799999999], [25700.005707692304, 5813.645815384614], [25684.625692307687, 5829.025830769229], [25684.625692307687, 5859.78586153846], [25700.005707692304, 5875.165876923075], [25715.385723076917, 5890.545892307691], [25715.385723076917, 5921.305923076922], [25730.765738461534, 5936.685938461537], [25746.145753846147, 5952.065953846152], [25746.145753846147, 5982.825984615383], [25746.145753846147, 6013.586015384614], [25730.765738461534, 6028.966030769229], [25715.385723076917, 6044.346046153845], [25715.385723076917, 6075.106076923075], [25715.385723076917, 6105.866107692306], [25700.005707692304, 6121.246123076922], [25684.625692307687, 6136.626138461537], [25684.625692307687, 6167.386169230768], [25684.625692307687, 6198.146199999998], [25669.24567692307, 6213.526215384614], [25653.865661538457, 6228.906230769229], [25669.24567692307, 6244.286246153845], [25684.625692307687, 6259.66626153846], [25700.005707692304, 6275.046276923075], [25715.385723076917, 6290.426292307691], [25730.765738461534, 6305.806307692306], [25761.525769230764, 6305.806307692306], [25792.285799999994, 6305.806307692306], [25823.045830769224, 6305.806307692306], [25838.42584615384, 6290.426292307691]]]}, "properties": {"objectType": "annotation", "name": "R1_2_T|rim_3", "classification": {"name": "rim", "color": [201, 133, 0]}, "lesion_id": 3, "section": "R1_2_T", "area_um2": 111550.00000000016}}, {"type": "Feature", "geometry": {"type": "Polygon", "coordinates": [[[23023.883030769226, 7997.607999999998], [23008.50301538461, 7982.227984615383], [22993.122999999996, 7966.847969230767], [22977.74298461538, 7951.467953846152], [22962.362969230766, 7936.087938461537], [22946.98295384615, 7920.707923076921], [22931.602938461532, 7905.327907692306], [22916.22292307692, 7889.94789230769], [22916.22292307692, 7859.18786153846], [22916.22292307692, 7828.427830769229], [22916.22292307692, 7797.667799999998], [22900.842907692302, 7782.287784615383], [22885.46289230769, 7766.907769230767], [22885.46289230769, 7736.147738461537], [22870.082876923072, 7720.767723076921], [22854.702861538455, 7705.387707692306], [22839.322846153842, 7690.00769230769], [22823.942830769225, 7674.627676923075], [22823.942830769225, 7643.867646153844], [22823.942830769225, 7613.107615384614], [22823.942830769225, 7582.347584615383], [22839.322846153842, 7566.967569230767], [22854.702861538455, 7551.587553846152], [22854.702861538455, 7520.827523076921], [22839.322846153842, 7505.447507692306], [22823.942830769225, 7490.06749230769], [22808.562815384612, 7474.687476923075], [22793.182799999995, 7459.30746153846], [22777.802784615382, 7443.927446153844], [22762.422769230765, 7428.547430769229], [22747.042753846148, 7413.167415384614], [22731.662738461535, 7397.787399999998], [22716.282723076918, 7382.407384615383], [22685.522692307688, 7382.407384615383], [22654.762661538458, 7382.407384615383], [22639.38264615384, 7367.027369230767], [22624.002630769228, 7351.647353846152], [22608.62261538461, 7367.027369230767], [22593.242599999994, 7382.407384615383], [22577.86258461538, 7367.027369230767], [22562.482569230764, 7351.647353846152], [22531.722538461534, 7351.647353846152], [22516.342523076917, 7336.267338461537], [22500.962507692304, 7320.887323076921], [22485.582492307687, 7305.507307692306], [22470.202476923074, 7290.127292307691], [22454.822461538457, 7274.747276923075], [22439.44244615384, 7259.36726153846], [22408.68241538461, 7259.36726153846], [22393.302399999997, 7243.987246153844], [22377.92238461538, 7228.607230769229], [22362.542369230763, 7213.227215384614], [22347.16235384615, 7197.847199999998], [22331.782338461533, 7182.467184615383], [22316.40232307692, 7167.087169230767], [22301.022307692303, 7151.707153846152], [22285.642292307686, 7136.327138461537], [22270.262276923073, 7120.947123076921], [22254.882261538456, 7105.567107692306], [22239.502246153843, 7090.187092307691], [22224.122230769226, 7074.807076923075], [22208.74221538461, 7059.42706153846], [22193.362199999996, 7044.047046153844], [22177.98218461538, 7028.667030769229], [22177.98218461538, 6997.906999999998], [22177.98218461538, 6967.146969230768], [22177.98218461538, 6936.386938461537], [22177.98218461538, 6905.626907692306], [22193.362199999996, 6890.246892307691], [22208.74221538461, 6874.866876923075], [22193.362199999996, 6859.48686153846], [22177.98218461538, 6844.106846153844], [22177.98218461538, 6813.346815384614], [22193.362199999996, 6797.966799999998], [22208.74221538461, 6782.586784615383], [22208.74221538461, 6751.826753846152], [22208.74221538461, 6721.066723076921], [22208.74221538461, 6690.306692307691], [22208.74221538461, 6659.54666153846], [22193.362199999996, 6644.166646153845], [22177.98218461538, 6628.786630769229], [22177.98218461538, 6598.026599999998], [22162.602169230766, 6582.646584615383], [22147.22215384615, 6567.266569230768], [22131.842138461536, 6551.886553846152], [22116.46212307692, 6536.506538461537], [22101.082107692302, 6521.126523076921], [22085.70209230769, 6505.746507692306], [22070.322076923072, 6490.366492307691], [22039.562046153842, 6490.366492307691], [22024.182030769225, 6474.986476923075], [22008.802015384612, 6459.60646153846], [21993.421999999995, 6444.226446153845], [21978.04198461538, 6428.846430769229], [21962.661969230765, 6413.466415384614], [21947.281953846148, 6398.086399999998], [21931.901938461535, 6382.706384615383], [21916.521923076918, 6367.326369230768], [21901.141907692305, 6351.946353846152], [21885.761892307688, 6336.566338461537], [21870.38187692307, 6321.186323076922], [21855.001861538458, 6305.806307692306], [21839.62184615384, 6290.426292307691], [21824.241830769228, 6275.046276923075], [21808.86181538461, 6259.66626153846], [21793.481799999994, 6244.286246153845], [21778.10178461538, 6228.906230769229], [21778.10178461538, 6198.146199999998], [21762.721769230764, 6182.766184615383], [21747.34175384615, 6167.386169230768], [21731.961738461534, 6152.006153846152], [21716.581723076917, 6136.626138461537], [21701.201707692304, 6121.246123076922], [21685.821692307687, 6105.866107692306], [21670.441676923074, 6090.486092307691], [21655.061661538457, 6075.106076923075], [21639.68164615384, 6059.72606153846], [21624.301630769227, 6044.346046153845], [21608.92161538461, 6028.966030769229], [21578.16158461538, 6028.966030769229], [21562.781569230763, 6013.586015384614], [21547.40155384615, 5998.205999999999], [21532.021538461533, 5982.825984615383], [21516.64152307692, 5967.445969230768], [21485.88149230769, 5967.445969230768], [21455.121461538456, 5967.445969230768], [21439.741446153843, 5952.065953846152], [21424.361430769226, 5936.685938461537], [21408.981415384613, 5921.305923076922], [21393.601399999996, 5905.925907692306], [21362.841369230766, 5905.925907692306], [21347.46135384615, 5890.545892307691], [21332.081338461536, 5875.165876923075], [21316.70132307692, 5859.78586153846], [21301.321307692302, 5844.405846153845], [21285.94129230769, 5829.025830769229], [21285.94129230769, 5798.265799999999], [21270.561276923072, 5782.885784615383], [21255.18126153846, 5767.505769230768], [21255.18126153846, 5736.745738461537], [21239.801246153842, 5721.365723076922], [21224.421230769225, 5705.985707692306], [21209.041215384612, 5690.605692307691], [21193.661199999995, 5675.225676923076], [21193.661199999995, 5644.465646153845], [21178.28118461538, 5629.085630769229], [21162.901169230765, 5613.705615384614], [21147.521153846148, 5598.325599999999], [21132.141138461535, 5582.945584615383], [21116.761123076918, 5567.565569230768], [21086.001092307688, 5567.565569230768], [21055.241061538458, 5567.565569230768], [21024.481030769228, 5567.565569230768], [20993.720999999994, 5567.565569230768], [20978.34098461538, 5552.185553846152], [20962.960969230764, 5536.805538461537], [20932.200938461534, 5536.805538461537], [20916.820923076917, 5521.425523076922], [20901.440907692304, 5506.045507692306], [20870.680876923074, 5506.045507692306], [20839.920846153844, 5506.045507692306], [20809.16081538461, 5506.045507692306], [20778.40078461538, 5506.045507692306], [20747.64075384615, 5506.045507692306], [20732.260738461533, 5490.665492307691], [20716.88072307692, 5475.285476923076], [20701.500707692303, 5459.90546153846], [20686.12069230769, 5444.525446153845], [20670.740676923073, 5429.145430769229], [20655.360661538456, 5413.765415384614], [20639.980646153843, 5398.385399999999], [20624.600630769226, 5383.005384615383], [20609.220615384613, 5367.625369230768], [20609.220615384613, 5336.865338461537], [20609.220615384613, 5306.105307692306], [20593.840599999996, 5290.725292307691], [20578.46058461538, 5275.345276923076], [20563.080569230766, 5259.96526153846], [20547.70055384615, 5244.585246153845], [20547.70055384615, 5213.825215384614], [20532.320538461536, 5198.445199999999], [20516.94052307692, 5183.065184615383], [20516.94052307692, 5152.305153846153], [20501.560507692302, 5136.925138461537], [20486.18049230769, 5121.545123076922], [20486.18049230769, 5090.785092307691], [20470.800476923072, 5075.405076923076], [20455.42046153846, 5060.02506153846], [20455.42046153846, 5029.26503076923], [20440.040446153842, 5013.885015384614], [20424.660430769225, 4998.504999999999], [20440.040446153842, 4983.124984615383], [20455.42046153846, 4967.744969230768], [20470.800476923072, 4952.364953846153], [20486.18049230769, 4936.984938461537], [20486.18049230769, 4906.224907692306], [20501.560507692302, 4890.844892307691], [20516.94052307692, 4875.464876923076], [20532.320538461536, 4860.08486153846], [20547.70055384615, 4844.704846153845], [20563.080569230766, 4829.32483076923], [20578.46058461538, 4813.944815384614], [20593.840599999996, 4798.564799999999], [20624.600630769226, 4798.564799999999], [20655.360661538456, 4798.564799999999], [20686.12069230769, 4798.564799999999], [20701.500707692303, 4783.184784615383], [20716.88072307692, 4767.804769230768], [20732.260738461533, 4752.424753846153], [20747.64075384615, 4737.044738461537], [20763.020769230767, 4752.424753846153], [20778.40078461538, 4767.804769230768], [20793.780799999997, 4783.184784615383], [20809.16081538461, 4798.564799999999], [20839.920846153844, 4798.564799999999], [20855.300861538457, 4783.184784615383], [20870.680876923074, 4767.804769230768], [20901.440907692304, 4767.804769230768], [20916.820923076917, 4783.184784615383], [20932.200938461534, 4798.564799999999], [20962.960969230764, 4798.564799999999], [20993.720999999994, 4798.564799999999], [21024.481030769228, 4798.564799999999], [21055.241061538458, 4798.564799999999], [21070.62107692307, 4813.944815384614], [21086.001092307688, 4829.32483076923], [21116.761123076918, 4829.32483076923], [21132.141138461535, 4844.704846153845], [21147.521153846148, 4860.08486153846], [21178.28118461538, 4860.08486153846], [21209.041215384612, 4860.08486153846], [21239.801246153842, 4860.08486153846], [21255.18126153846, 4875.464876923076], [21270.561276923072, 4890.844892307691], [21285.94129230769, 4906.224907692306], [21301.321307692302, 4921.604923076922], [21316.70132307692, 4936.984938461537], [21332.081338461536, 4952.364953846153], [21362.841369230766, 4952.364953846153], [21378.22138461538, 4967.744969230768], [21393.601399999996, 4983.124984615383], [21408.981415384613, 4998.504999999999], [21424.361430769226, 5013.885015384614], [21439.741446153843, 5029.26503076923], [21455.121461538456, 5044.645046153845], [21470.501476923073, 5060.02506153846], [21485.88149230769, 5075.405076923076], [21516.64152307692, 5075.405076923076], [21532.021538461533, 5090.785092307691], [21547.40155384615, 5106.165107692306], [21562.781569230763, 5121.545123076922], [21578.16158461538, 5136.925138461537], [21608.92161538461, 5136.925138461537], [21624.301630769227, 5152.305153846153], [21639.68164615384, 5167.685169230768], [21670.441676923074, 5167.685169230768], [21685.821692307687, 5183.065184615383], [21701.201707692304, 5198.445199999999], [21716.581723076917, 5213.825215384614], [21731.961738461534, 5229.205230769229], [21762.721769230764, 5229.205230769229], [21778.10178461538, 5244.585246153845], [21793.481799999994, 5259.96526153846], [21824.241830769228, 5259.96526153846], [21839.62184615384, 5275.345276923076], [21855.001861538458, 5290.725292307691], [21885.761892307688, 5290.725292307691], [21901.141907692305, 5306.105307692306], [21916.521923076918, 5321.485323076922], [21931.901938461535, 5336.865338461537], [21947.281953846148, 5352.245353846153], [21962.661969230765, 5367.625369230768], [21978.04198461538, 5383.005384615383], [21993.421999999995, 5398.385399999999], [22008.802015384612, 5413.765415384614], [22024.182030769225, 5429.145430769229], [22039.562046153842, 5444.525446153845], [22054.94206153846, 5459.90546153846], [22070.322076923072, 5475.285476923076], [22085.70209230769, 5490.665492307691], [22101.082107692302, 5506.045507692306], [22116.46212307692, 5521.425523076922], [22131.842138461536, 5536.805538461537], [22147.22215384615, 5552.185553846152], [22147.22215384615, 5582.945584615383], [22162.602169230766, 5598.325599999999], [22177.98218461538, 5613.705615384614], [22177.98218461538, 5644.465646153845], [22193.362199999996, 5659.84566153846], [22208.74221538461, 5675.225676923076], [22208.74221538461, 5705.985707692306], [22224.122230769226, 5721.365723076922], [22239.502246153843, 5736.745738461537], [22254.882261538456, 5752.125753846152], [22270.262276923073, 5767.505769230768], [22285.642292307686, 5782.885784615383], [22301.022307692303, 5798.265799999999], [22316.40232307692, 5813.645815384614], [22331.782338461533, 5829.025830769229], [22347.16235384615, 5844.405846153845], [22377.92238461538, 5844.405846153845], [22393.302399999997, 5859.78586153846], [22408.68241538461, 5875.165876923075], [22439.44244615384, 5875.165876923075], [22454.822461538457, 5890.545892307691], [22470.202476923074, 5905.925907692306], [22485.582492307687, 5921.305923076922], [22500.962507692304, 5936.685938461537], [22516.342523076917, 5952.065953846152], [22531.722538461534, 5967.445969230768], [22547.10255384615, 5982.825984615383], [22562.482569230764, 5998.205999999999], [22577.86258461538, 6013.586015384614], [22593.242599999994, 6028.966030769229], [22608.62261538461, 6044.346046153845], [22624.002630769228, 6059.72606153846], [22639.38264615384, 6075.106076923075], [22639.38264615384, 6105.866107692306], [22639.38264615384, 6136.626138461537], [22654.762661538458, 6152.006153846152], [22670.14267692307, 6167.386169230768], [22685.522692307688, 6182.766184615383], [22700.902707692305, 6198.146199999998], [22700.902707692305, 6228.906230769229], [22716.282723076918, 6244.286246153845], [22731.662738461535, 6259.66626153846], [22747.042753846148, 6275.046276923075], [22762.422769230765, 6290.426292307691], [22762.422769230765, 6321.186323076922], [22762.422769230765, 6351.946353846152], [22777.802784615382, 6367.326369230768], [22793.182799999995, 6382.706384615383], [22793.182799999995, 6413.466415384614], [22793.182799999995, 6444.226446153845], [22793.182799999995, 6474.986476923075], [22793.182799999995, 6505.746507692306], [22793.182799999995, 6536.506538461537], [22793.182799999995, 6567.266569230768], [22777.802784615382, 6582.646584615383], [22762.422769230765, 6598.026599999998], [22777.802784615382, 6613.406615384614], [22793.182799999995, 6628.786630769229], [22777.802784615382, 6644.166646153845], [22762.422769230765, 6659.54666153846], [22777.802784615382, 6674.926676923075], [22793.182799999995, 6690.306692307691], [22793.182799999995, 6721.066723076921], [22793.182799999995, 6751.826753846152], [22777.802784615382, 6767.206769230768], [22762.422769230765, 6782.586784615383], [22777.802784615382, 6797.966799999998], [22793.182799999995, 6813.346815384614], [22793.182799999995, 6844.106846153844], [22808.562815384612, 6859.48686153846], [22823.942830769225, 6874.866876923075], [22839.322846153842, 6890.246892307691], [22854.702861538455, 6905.626907692306], [22854.702861538455, 6936.386938461537], [22870.082876923072, 6951.766953846152], [22885.46289230769, 6967.146969230768], [22900.842907692302, 6982.526984615383], [22916.22292307692, 6997.906999999998], [22931.602938461532, 7013.287015384614], [22946.98295384615, 7028.667030769229], [22946.98295384615, 7059.42706153846], [22946.98295384615, 7090.187092307691], [22946.98295384615, 7120.947123076921], [22946.98295384615, 7151.707153846152], [22962.362969230766, 7167.087169230767], [22977.74298461538, 7182.467184615383], [22962.362969230766, 7197.847199999998], [22946.98295384615, 7213.227215384614], [22946.98295384615, 7243.987246153844], [22931.602938461532, 7259.36726153846], [22916.22292307692, 7274.747276923075], [22916.22292307692, 7305.507307692306], [22916.22292307692, 7336.267338461537], [22916.22292307692, 7367.027369230767], [22931.602938461532, 7382.407384615383], [22946.98295384615, 7397.787399999998], [22962.362969230766, 7413.167415384614], [22977.74298461538, 7428.547430769229], [22993.122999999996, 7443.927446153844], [23008.50301538461, 7459.30746153846], [23023.883030769226, 7474.687476923075], [23039.263046153843, 7490.06749230769], [23054.643061538456, 7505.447507692306], [23070.023076923073, 7520.827523076921], [23070.023076923073, 7551.587553846152], [23085.403092307686, 7566.967569230767], [23100.783107692303, 7582.347584615383], [23100.783107692303, 7613.107615384614], [23116.16312307692, 7628.487630769229], [23131.543138461533, 7643.867646153844], [23131.543138461533, 7674.627676923075], [23131.543138461533, 7705.387707692306], [23131.543138461533, 7736.147738461537], [23131.543138461533, 7766.907769230767], [23146.92315384615, 7782.287784615383], [23162.303169230763, 7797.667799999998], [23146.92315384615, 7813.047815384613], [23131.543138461533, 7828.427830769229], [23131.543138461533, 7859.18786153846], [23131.543138461533, 7889.94789230769], [23116.16312307692, 7905.327907692306], [23100.783107692303, 7920.707923076921], [23085.403092307686, 7936.087938461537], [23070.023076923073, 7951.467953846152], [23054.643061538456, 7966.847969230767], [23039.263046153843, 7982.227984615383], [23023.883030769226, 7997.607999999998]]]}, "properties": {"objectType": "annotation", "name": "P3_1_C|lesion_4", "classification": {"name": "lesion", "color": [255, 0, 0]}, "lesion_id": 4, "section": "P3_1_C", "area_um2": 254550.00000000032}}, {"type": "Feature", "geometry": {"type": "Polygon", "coordinates": [[[22747.042753846148, 7197.847199999998], [22716.282723076918, 7197.847199999998], [22700.902707692305, 7182.467184615383], [22685.522692307688, 7167.087169230767], [22654.762661538458, 7167.087169230767], [22624.002630769228, 7167.087169230767], [22593.242599999994, 7167.087169230767], [22577.86258461538, 7151.707153846152], [22562.482569230764, 7136.327138461537], [22547.10255384615, 7120.947123076921], [22531.722538461534, 7105.567107692306], [22516.342523076917, 7090.187092307691], [22500.962507692304, 7074.807076923075], [22470.202476923074, 7074.807076923075], [22454.822461538457, 7059.42706153846], [22439.44244615384, 7044.047046153844], [22424.062430769227, 7028.667030769229], [22408.68241538461, 7013.287015384614], [22393.302399999997, 6997.906999999998], [22377.92238461538, 6982.526984615383], [22362.542369230763, 6967.146969230768], [22377.92238461538, 6951.766953846152], [22393.302399999997, 6936.386938461537], [22393.302399999997, 6905.626907692306], [22393.302399999997, 6874.866876923075], [22393.302399999997, 6844.106846153844], [22393.302399999997, 6813.346815384614], [22393.302399999997, 6782.586784615383], [22393.302399999997, 6751.826753846152], [22393.302399999997, 6721.066723076921], [22393.302399999997, 6690.306692307691], [22393.302399999997, 6659.54666153846], [22393.302399999997, 6628.786630769229], [22393.302399999997, 6598.026599999998], [22377.92238461538, 6582.646584615383], [22362.542369230763, 6567.266569230768], [22362.542369230763, 6536.506538461537], [22347.16235384615, 6521.126523076921], [22331.782338461533, 6505.746507692306], [22316.40232307692, 6490.366492307691], [22301.022307692303, 6474.986476923075], [22285.642292307686, 6459.60646153846], [22270.262276923073, 6444.226446153845], [22254.882261538456, 6428.846430769229], [22239.502246153843, 6413.466415384614], [22224.122230769226, 6398.086399999998], [22208.74221538461, 6382.706384615383], [22193.362199999996, 6367.326369230768], [22177.98218461538, 6351.946353846152], [22162.602169230766, 6336.566338461537], [22147.22215384615, 6321.186323076922], [22131.842138461536, 6305.806307692306], [22101.082107692302, 6305.806307692306], [22085.70209230769, 6290.426292307691], [22070.322076923072, 6275.046276923075], [22054.94206153846, 6259.66626153846], [22039.562046153842, 6244.286246153845], [22024.182030769225, 6228.906230769229], [22008.802015384612, 6213.526215384614], [21993.421999999995, 6198.146199999998], [21978.04198461538, 6182.766184615383], [21962.661969230765, 6167.386169230768], [21962.661969230765, 6136.626138461537], [21947.281953846148, 6121.246123076922], [21931.901938461535, 6105.866107692306], [21916.521923076918, 6090.486092307691], [21901.141907692305, 6075.106076923075], [21885.761892307688, 6059.72606153846], [21870.38187692307, 6044.346046153845], [21855.001861538458, 6028.966030769229], [21839.62184615384, 6013.586015384614], [21824.241830769228, 5998.205999999999], [21808.86181538461, 5982.825984615383], [21793.481799999994, 5967.445969230768], [21778.10178461538, 5952.065953846152], [21762.721769230764, 5936.685938461537], [21747.34175384615, 5921.305923076922], [21731.961738461534, 5905.925907692306], [21716.581723076917, 5890.545892307691], [21701.201707692304, 5875.165876923075], [21685.821692307687, 5859.78586153846], [21670.441676923074, 5844.405846153845], [21639.68164615384, 5844.405846153845], [21624.301630769227, 5829.025830769229], [21608.92161538461, 5813.645815384614], [21593.541599999997, 5798.265799999999], [21578.16158461538, 5782.885784615383], [21547.40155384615, 5782.885784615383], [21516.64152307692, 5782.885784615383], [21501.261507692303, 5767.505769230768], [21485.88149230769, 5752.125753846152], [21470.501476923073, 5736.745738461537], [21455.121461538456, 5721.365723076922], [21439.741446153843, 5705.985707692306], [21439.741446153843, 5675.225676923076], [21424.361430769226, 5659.84566153846], [21408.981415384613, 5644.465646153845], [21393.601399999996, 5629.085630769229], [21378.22138461538, 5613.705615384614], [21378.22138461538, 5582.945584615383], [21362.841369230766, 5567.565569230768], [21347.46135384615, 5552.185553846152], [21332.081338461536, 5536.805538461537], [21316.70132307692, 5521.425523076922], [21301.321307692302, 5506.045507692306], [21285.94129230769, 5490.665492307691], [21270.561276923072, 5475.285476923076], [21255.18126153846, 5459.90546153846], [21239.801246153842, 5444.525446153845], [21224.421230769225, 5429.145430769229], [21209.041215384612, 5413.765415384614], [21193.661199999995, 5398.385399999999], [21178.28118461538, 5383.005384615383], [21147.521153846148, 5383.005384615383], [21116.761123076918, 5383.005384615383], [21086.001092307688, 5383.005384615383], [21055.241061538458, 5383.005384615383], [21039.86104615384, 5367.625369230768], [21024.481030769228, 5352.245353846153], [20993.720999999994, 5352.245353846153], [20978.34098461538, 5336.865338461537], [20962.960969230764, 5321.485323076922], [20932.200938461534, 5321.485323076922], [20901.440907692304, 5321.485323076922], [20870.680876923074, 5321.485323076922], [20839.920846153844, 5321.485323076922], [20809.16081538461, 5321.485323076922], [20793.780799999997, 5306.105307692306], [20793.780799999997, 5275.345276923076], [20793.780799999997, 5244.585246153845], [20778.40078461538, 5229.205230769229], [20763.020769230767, 5213.825215384614], [20747.64075384615, 5198.445199999999], [20732.260738461533, 5183.065184615383], [20732.260738461533, 5152.305153846153], [20716.88072307692, 5136.925138461537], [20701.500707692303, 5121.545123076922], [20701.500707692303, 5090.785092307691], [20686.12069230769, 5075.405076923076], [20670.740676923073, 5060.02506153846], [20670.740676923073, 5029.26503076923], [20670.740676923073, 4998.504999999999], [20686.12069230769, 4983.124984615383], [20716.88072307692, 4983.124984615383], [20747.64075384615, 4983.124984615383], [20778.40078461538, 4983.124984615383], [20809.16081538461, 4983.124984615383], [20839.920846153844, 4983.124984615383], [20870.680876923074, 4983.124984615383], [20901.440907692304, 4983.124984615383], [20932.200938461534, 4983.124984615383], [20962.960969230764, 4983.124984615383], [20993.720999999994, 4983.124984615383], [21009.10101538461, 4998.504999999999], [21024.481030769228, 5013.885015384614], [21055.241061538458, 5013.885015384614], [21070.62107692307, 5029.26503076923], [21086.001092307688, 5044.645046153845], [21116.761123076918, 5044.645046153845], [21147.521153846148, 5044.645046153845], [21178.28118461538, 5044.645046153845], [21193.661199999995, 5060.02506153846], [21209.041215384612, 5075.405076923076], [21224.421230769225, 5090.785092307691], [21239.801246153842, 5106.165107692306], [21255.18126153846, 5121.545123076922], [21270.561276923072, 5136.925138461537], [21301.321307692302, 5136.925138461537], [21316.70132307692, 5152.305153846153], [21332.081338461536, 5167.685169230768], [21347.46135384615, 5183.065184615383], [21362.841369230766, 5198.445199999999], [21378.22138461538, 5213.825215384614], [21393.601399999996, 5229.205230769229], [21408.981415384613, 5244.585246153845], [21424.361430769226, 5259.96526153846], [21455.121461538456, 5259.96526153846], [21470.501476923073, 5275.345276923076], [21485.88149230769, 5290.725292307691], [21501.261507692303, 5306.105307692306], [21516.64152307692, 5321.485323076922], [21547.40155384615, 5321.485323076922], [21562.781569230763, 5336.865338461537], [21578.16158461538, 5352.245353846153], [21608.92161538461, 5352.245353846153], [21624.301630769227, 5367.625369230768], [21639.68164615384, 5383.005384615383], [21655.061661538457, 5398.385399999999], [21670.441676923074, 5413.765415384614], [21701.201707692304, 5413.765415384614], [21716.581723076917, 5429.145430769229], [21731.961738461534, 5444.525446153845], [21762.721769230764, 5444.525446153845], [21778.10178461538, 5459.90546153846], [21793.481799999994, 5475.285476923076], [21824.241830769228, 5475.285476923076], [21839.62184615384, 5490.665492307691], [21855.001861538458, 5506.045507692306], [21870.38187692307, 5521.425523076922], [21885.761892307688, 5536.805538461537], [21901.141907692305, 5552.185553846152], [21916.521923076918, 5567.565569230768], [21931.901938461535, 5582.945584615383], [21947.281953846148, 5598.325599999999], [21962.661969230765, 5613.705615384614], [21962.661969230765, 5644.465646153845], [21978.04198461538, 5659.84566153846], [21993.421999999995, 5675.225676923076], [21993.421999999995, 5705.985707692306], [22008.802015384612, 5721.365723076922], [22024.182030769225, 5736.745738461537], [22024.182030769225, 5767.505769230768], [22039.562046153842, 5782.885784615383], [22054.94206153846, 5798.265799999999], [22070.322076923072, 5813.645815384614], [22085.70209230769, 5829.025830769229], [22101.082107692302, 5844.405846153845], [22116.46212307692, 5859.78586153846], [22131.842138461536, 5875.165876923075], [22147.22215384615, 5890.545892307691], [22162.602169230766, 5905.925907692306], [22177.98218461538, 5921.305923076922], [22193.362199999996, 5936.685938461537], [22208.74221538461, 5952.065953846152], [22224.122230769226, 5967.445969230768], [22239.502246153843, 5982.825984615383], [22254.882261538456, 5998.205999999999], [22270.262276923073, 6013.586015384614], [22285.642292307686, 6028.966030769229], [22316.40232307692, 6028.966030769229], [22331.782338461533, 6044.346046153845], [22347.16235384615, 6059.72606153846], [22377.92238461538, 6059.72606153846], [22393.302399999997, 6075.106076923075], [22408.68241538461, 6090.486092307691], [22424.062430769227, 6105.866107692306], [22439.44244615384, 6121.246123076922], [22454.822461538457, 6136.626138461537], [22454.822461538457, 6167.386169230768], [22454.822461538457, 6198.146199999998], [22470.202476923074, 6213.526215384614], [22485.582492307687, 6228.906230769229], [22500.962507692304, 6244.286246153845], [22516.342523076917, 6259.66626153846], [22516.342523076917, 6290.426292307691], [22531.722538461534, 6305.806307692306], [22547.10255384615, 6321.186323076922], [22562.482569230764, 6336.566338461537], [22577.86258461538, 6351.946353846152], [22577.86258461538, 6382.706384615383], [22577.86258461538, 6413.466415384614], [22593.242599999994, 6428.846430769229], [22608.62261538461, 6444.226446153845], [22608.62261538461, 6474.986476923075], [22608.62261538461, 6505.746507692306], [22593.242599999994, 6521.126523076921], [22577.86258461538, 6536.506538461537], [22577.86258461538, 6567.266569230768], [22577.86258461538, 6598.026599999998], [22577.86258461538, 6628.786630769229], [22577.86258461538, 6659.54666153846], [22577.86258461538, 6690.306692307691], [22577.86258461538, 6721.066723076921], [22577.86258461538, 6751.826753846152], [22577.86258461538, 6782.586784615383], [22577.86258461538, 6813.346815384614], [22577.86258461538, 6844.106846153844], [22593.242599999994, 6859.48686153846], [22608.62261538461, 6874.866876923075], [22608.62261538461, 6905.626907692306], [22624.002630769228, 6921.006923076921], [22639.38264615384, 6936.386938461537], [22654.762661538458, 6951.766953846152], [22670.14267692307, 6967.146969230768], [22670.14267692307, 6997.906999999998], [22685.522692307688, 7013.287015384614], [22700.902707692305, 7028.667030769229], [22716.282723076918, 7044.047046153844], [22731.662738461535, 7059.42706153846], [22747.042753846148, 7074.807076923075], [22762.422769230765, 7090.187092307691], [22762.422769230765, 7120.947123076921], [22762.422769230765, 7151.707153846152], [22762.422769230765, 7182.467184615383], [22747.042753846148, 7197.847199999998]]]}, "properties": {"objectType": "annotation", "name": "P3_1_C|core_4", "classification": {"name": "core", "color": [230, 103, 103]}, "lesion_id": 4, "section": "P3_1_C", "area_um2": 94649.99999999996}}, {"type": "Feature", "geometry": {"type": "Polygon", "coordinates": [[[23039.263046153843, 7982.227984615383], [23054.643061538456, 7966.847969230767], [23070.023076923073, 7951.467953846152], [23085.403092307686, 7936.087938461537], [23100.783107692303, 7920.707923076921], [23116.16312307692, 7905.327907692306], [23131.543138461533, 7889.94789230769], [23131.543138461533, 7859.18786153846], [23131.543138461533, 7828.427830769229], [23146.92315384615, 7813.047815384613], [23162.303169230763, 7797.667799999998], [23146.92315384615, 7782.287784615383], [23131.543138461533, 7766.907769230767], [23131.543138461533, 7736.147738461537], [23131.543138461533, 7705.387707692306], [23131.543138461533, 7674.627676923075], [23131.543138461533, 7643.867646153844], [23116.16312307692, 7628.487630769229], [23100.783107692303, 7613.107615384614], [23100.783107692303, 7582.347584615383], [23085.403092307686, 7566.967569230767], [23070.023076923073, 7551.587553846152], [23070.023076923073, 7520.827523076921], [23054.643061538456, 7505.447507692306], [23039.263046153843, 7490.06749230769], [23023.883030769226, 7474.687476923075], [23008.50301538461, 7459.30746153846], [22993.122999999996, 7443.927446153844], [22977.74298461538, 7428.547430769229], [22962.362969230766, 7413.167415384614], [22946.98295384615, 7397.787399999998], [22931.602938461532, 7382.407384615383], [22916.22292307692, 7367.027369230767], [22916.22292307692, 7336.267338461537], [22916.22292307692, 7305.507307692306], [22916.22292307692, 7274.747276923075], [22931.602938461532, 7259.36726153846], [22946.98295384615, 7243.987246153844], [22946.98295384615, 7213.227215384614], [22962.362969230766, 7197.847199999998], [22977.74298461538, 7182.467184615383], [22962.362969230766, 7167.087169230767], [22946.98295384615, 7151.707153846152], [22946.98295384615, 7120.947123076921], [22946.98295384615, 7090.187092307691], [22946.98295384615, 7059.42706153846], [22946.98295384615, 7028.667030769229], [22931.602938461532, 7013.287015384614], [22916.22292307692, 6997.906999999998], [22900.842907692302, 6982.526984615383], [22885.46289230769, 6967.146969230768], [22870.082876923072, 6951.766953846152], [22854.702861538455, 6936.386938461537], [22854.702861538455, 6905.626907692306], [22839.322846153842, 6890.246892307691], [22823.942830769225, 6874.866876923075], [22808.562815384612, 6859.48686153846], [22793.182799999995, 6844.106846153844], [22793.182799999995, 6813.346815384614], [22777.802784615382, 6797.966799999998], [22762.422769230765, 6782.586784615383], [22777.802784615382, 6767.206769230768], [22793.182799999995, 6751.826753846152], [22793.182799999995, 6721.066723076921], [22793.182799999995, 6690.306692307691], [22777.802784615382, 6674.926676923075], [22762.422769230765, 6659.54666153846], [22777.802784615382, 6644.166646153845], [22793.182799999995, 6628.786630769229], [22777.802784615382, 6613.406615384614], [22762.422769230765, 6598.026599999998], [22777.802784615382, 6582.646584615383], [22793.182799999995, 6567.266569230768], [22793.182799999995, 6536.506538461537], [22793.182799999995, 6505.746507692306], [22793.182799999995, 6474.986476923075], [22793.182799999995, 6444.226446153845], [22793.182799999995, 6413.466415384614], [22793.182799999995, 6382.706384615383], [22777.802784615382, 6367.326369230768], [22762.422769230765, 6351.946353846152], [22762.422769230765, 6321.186323076922], [22762.422769230765, 6290.426292307691], [22747.042753846148, 6275.046276923075], [22731.662738461535, 6259.66626153846], [22716.282723076918, 6244.286246153845], [22700.902707692305, 6228.906230769229], [22700.902707692305, 6198.146199999998], [22685.522692307688, 6182.766184615383], [22670.14267692307, 6167.386169230768], [22654.762661538458, 6152.006153846152], [22639.38264615384, 6136.626138461537], [22639.38264615384, 6105.866107692306], [22639.38264615384, 6075.106076923075], [22624.002630769228, 6059.72606153846], [22608.62261538461, 6044.346046153845], [22593.242599999994, 6028.966030769229], [22577.86258461538, 6013.586015384614], [22562.482569230764, 5998.205999999999], [22547.10255384615, 5982.825984615383], [22531.722538461534, 5967.445969230768], [22516.342523076917, 5952.065953846152], [22500.962507692304, 5936.685938461537], [22485.582492307687, 5921.305923076922], [22470.202476923074, 5905.925907692306], [22454.822461538457, 5890.545892307691], [22439.44244615384, 5875.165876923075], [22408.68241538461, 5875.165876923075], [22393.302399999997, 5859.78586153846], [22377.92238461538, 5844.405846153845], [22347.16235384615, 5844.405846153845], [22331.782338461533, 5829.025830769229], [22316.40232307692, 5813.645815384614], [22301.022307692303, 5798.265799999999], [22285.642292307686, 5782.885784615383], [22270.262276923073, 5767.505769230768], [22254.882261538456, 5752.125753846152], [22239.502246153843, 5736.745738461537], [22224.122230769226, 5721.365723076922], [22208.74221538461, 5705.985707692306], [22208.74221538461, 5675.225676923076], [22193.362199999996, 5659.84566153846], [22177.98218461538, 5644.465646153845], [22177.98218461538, 5613.705615384614], [22162.602169230766, 5598.325599999999], [22147.22215384615, 5582.945584615383], [22147.22215384615, 5552.185553846152], [22131.842138461536, 5536.805538461537], [22116.46212307692, 5521.425523076922], [22101.082107692302, 5506.045507692306], [22085.70209230769, 5490.665492307691], [22070.322076923072, 5475.285476923076], [22054.94206153846, 5459.90546153846], [22039.562046153842, 5444.525446153845], [22024.182030769225, 5429.145430769229], [22008.802015384612, 5413.765415384614], [21993.421999999995, 5398.385399999999], [21978.04198461538, 5383.005384615383], [21962.661969230765, 5367.625369230768], [21947.281953846148, 5352.245353846153], [21931.901938461535, 5336.865338461537], [21916.521923076918, 5321.485323076922], [21901.141907692305, 5306.105307692306], [21885.761892307688, 5290.725292307691], [21855.001861538458, 5290.725292307691], [21839.62184615384, 5275.345276923076], [21824.241830769228, 5259.96526153846], [21793.481799999994, 5259.96526153846], [21778.10178461538, 5244.585246153845], [21762.721769230764, 5229.205230769229], [21731.961738461534, 5229.205230769229], [21716.581723076917, 5213.825215384614], [21701.201707692304, 5198.445199999999], [21685.821692307687, 5183.065184615383], [21670.441676923074, 5167.685169230768], [21639.68164615384, 5167.685169230768], [21624.301630769227, 5152.305153846153], [21608.92161538461, 5136.925138461537], [21578.16158461538, 5136.925138461537], [21562.781569230763, 5121.545123076922], [21547.40155384615, 5106.165107692306], [21532.021538461533, 5090.785092307691], [21516.64152307692, 5075.405076923076], [21485.88149230769, 5075.405076923076], [21470.501476923073, 5060.02506153846], [21455.121461538456, 5044.645046153845], [21439.741446153843, 5029.26503076923], [21424.361430769226, 5013.885015384614], [21408.981415384613, 4998.504999999999], [21393.601399999996, 4983.124984615383], [21378.22138461538, 4967.744969230768], [21362.841369230766, 4952.364953846153], [21332.081338461536, 4952.364953846153], [21316.70132307692, 4936.984938461537], [21301.321307692302, 4921.604923076922], [21285.94129230769, 4906.224907692306], [21270.561276923072, 4890.844892307691], [21255.18126153846, 4875.464876923076], [21239.801246153842, 4860.08486153846], [21209.041215384612, 4860.08486153846], [21178.28118461538, 4860.08486153846], [21147.521153846148, 4860.08486153846], [21132.141138461535, 4844.704846153845], [21116.761123076918, 4829.32483076923], [21086.001092307688, 4829.32483076923], [21070.62107692307, 4813.944815384614], [21055.241061538458, 4798.564799999999], [21024.481030769228, 4798.564799999999], [20993.720999999994, 4798.564799999999], [20962.960969230764, 4798.564799999999], [20932.200938461534, 4798.564799999999], [20916.820923076917, 4783.184784615383], [20901.440907692304, 4767.804769230768], [20870.680876923074, 4767.804769230768], [20855.300861538457, 4783.184784615383], [20839.920846153844, 4798.564799999999], [20809.16081538461, 4798.564799999999], [20793.780799999997, 4783.184784615383], [20778.40078461538, 4767.804769230768], [20763.020769230767, 4752.424753846153], [20747.64075384615, 4737.044738461537], [20732.260738461533, 4752.424753846153], [20716.88072307692, 4767.804769230768], [20701.500707692303, 4783.184784615383], [20686.12069230769, 4798.564799999999], [20655.360661538456, 4798.564799999999], [20624.600630769226, 4798.564799999999], [20593.840599999996, 4798.564799999999], [20578.46058461538, 4813.944815384614], [20563.080569230766, 4829.32483076923], [20547.70055384615, 4844.704846153845], [20532.320538461536, 4860.08486153846], [20516.94052307692, 4875.464876923076], [20501.560507692302, 4890.844892307691], [20486.18049230769, 4906.224907692306], [20486.18049230769, 4936.984938461537], [20470.800476923072, 4952.364953846153], [20455.42046153846, 4967.744969230768], [20440.040446153842, 4983.124984615383], [20424.660430769225, 4998.504999999999], [20440.040446153842, 5013.885015384614], [20455.42046153846, 5029.26503076923], [20455.42046153846, 5060.02506153846], [20470.800476923072, 5075.405076923076], [20486.18049230769, 5090.785092307691], [20486.18049230769, 5121.545123076922], [20501.560507692302, 5136.925138461537], [20516.94052307692, 5152.305153846153], [20516.94052307692, 5183.065184615383], [20532.320538461536, 5198.445199999999], [20547.70055384615, 5213.825215384614], [20547.70055384615, 5244.585246153845], [20563.080569230766, 5259.96526153846], [20578.46058461538, 5275.345276923076], [20593.840599999996, 5290.725292307691], [20609.220615384613, 5306.105307692306], [20609.220615384613, 5336.865338461537], [20609.220615384613, 5367.625369230768], [20624.600630769226, 5383.005384615383], [20639.980646153843, 5398.385399999999], [20655.360661538456, 5413.765415384614], [20670.740676923073, 5429.145430769229], [20686.12069230769, 5444.525446153845], [20701.500707692303, 5459.90546153846], [20716.88072307692, 5475.285476923076], [20732.260738461533, 5490.665492307691], [20747.64075384615, 5506.045507692306], [20778.40078461538, 5506.045507692306], [20809.16081538461, 5506.045507692306], [20839.920846153844, 5506.045507692306], [20870.680876923074, 5506.045507692306], [20901.440907692304, 5506.045507692306], [20916.820923076917, 5521.425523076922], [20932.200938461534, 5536.805538461537], [20962.960969230764, 5536.805538461537], [20978.34098461538, 5552.185553846152], [20993.720999999994, 5567.565569230768], [21024.481030769228, 5567.565569230768], [21055.241061538458, 5567.565569230768], [21086.001092307688, 5567.565569230768], [21116.761123076918, 5567.565569230768], [21132.141138461535, 5582.945584615383], [21147.521153846148, 5598.325599999999], [21162.901169230765, 5613.705615384614], [21178.28118461538, 5629.085630769229], [21193.661199999995, 5644.465646153845], [21193.661199999995, 5675.225676923076], [21209.041215384612, 5690.605692307691], [21224.421230769225, 5705.985707692306], [21239.801246153842, 5721.365723076922], [21255.18126153846, 5736.745738461537], [21255.18126153846, 5767.505769230768], [21270.561276923072, 5782.885784615383], [21285.94129230769, 5798.265799999999], [21285.94129230769, 5829.025830769229], [21301.321307692302, 5844.405846153845], [21316.70132307692, 5859.78586153846], [21332.081338461536, 5875.165876923075], [21347.46135384615, 5890.545892307691], [21362.841369230766, 5905.925907692306], [21393.601399999996, 5905.925907692306], [21408.981415384613, 5921.305923076922], [21424.361430769226, 5936.685938461537], [21439.741446153843, 5952.065953846152], [21455.121461538456, 5967.445969230768], [21485.88149230769, 5967.445969230768], [21516.64152307692, 5967.445969230768], [21532.021538461533, 5982.825984615383], [21547.40155384615, 5998.205999999999], [21562.781569230763, 6013.586015384614], [21578.16158461538, 6028.966030769229], [21608.92161538461, 6028.966030769229], [21624.301630769227, 6044.346046153845], [21639.68164615384, 6059.72606153846], [21655.061661538457, 6075.106076923075], [21670.441676923074, 6090.486092307691], [21685.821692307687, 6105.866107692306], [21701.201707692304, 6121.246123076922], [21716.581723076917, 6136.626138461537], [21731.961738461534, 6152.006153846152], [21747.34175384615, 6167.386169230768], [21762.721769230764, 6182.766184615383], [21778.10178461538, 6198.146199999998], [21778.10178461538, 6228.906230769229], [21793.481799999994, 6244.286246153845], [21808.86181538461, 6259.66626153846], [21824.241830769228, 6275.046276923075], [21839.62184615384, 6290.426292307691], [21855.001861538458, 6305.806307692306], [21870.38187692307, 6321.186323076922], [21885.761892307688, 6336.566338461537], [21901.141907692305, 6351.946353846152], [21916.521923076918, 6367.326369230768], [21931.901938461535, 6382.706384615383], [21947.281953846148, 6398.086399999998], [21962.661969230765, 6413.466415384614], [21978.04198461538, 6428.846430769229], [21993.421999999995, 6444.226446153845], [22008.802015384612, 6459.60646153846], [22024.182030769225, 6474.986476923075], [22039.562046153842, 6490.366492307691], [22070.322076923072, 6490.366492307691], [22085.70209230769, 6505.746507692306], [22101.082107692302, 6521.126523076921], [22116.46212307692, 6536.506538461537], [22131.842138461536, 6551.886553846152], [22147.22215384615, 6567.266569230768], [22162.602169230766, 6582.646584615383], [22177.98218461538, 6598.026599999998], [22177.98218461538, 6628.786630769229], [22193.362199999996, 6644.166646153845], [22208.74221538461, 6659.54666153846], [22208.74221538461, 6690.306692307691], [22208.74221538461, 6721.066723076921], [22208.74221538461, 6751.826753846152], [22208.74221538461, 6782.586784615383], [22193.362199999996, 6797.966799999998], [22177.98218461538, 6813.346815384614], [22177.98218461538, 6844.106846153844], [22193.362199999996, 6859.48686153846], [22208.74221538461, 6874.866876923075], [22193.362199999996, 6890.246892307691], [22177.98218461538, 6905.626907692306], [22177.98218461538, 6936.386938461537], [22177.98218461538, 6967.146969230768], [22177.98218461538, 6997.906999999998], [22177.98218461538, 7028.667030769229], [22193.362199999996, 7044.047046153844], [22208.74221538461, 7059.42706153846], [22224.122230769226, 7074.807076923075], [22239.502246153843, 7090.187092307691], [22254.882261538456, 7105.567107692306], [22270.262276923073, 7120.947123076921], [22285.642292307686, 7136.327138461537], [22301.022307692303, 7151.707153846152], [22316.40232307692, 7167.087169230767], [22331.782338461533, 7182.467184615383], [22347.16235384615, 7197.847199999998], [22362.542369230763, 7213.227215384614], [22377.92238461538, 7228.607230769229], [22393.302399999997, 7243.987246153844], [22408.68241538461, 7259.36726153846], [22439.44244615384, 7259.36726153846], [22454.822461538457, 7274.747276923075], [22470.202476923074, 7290.127292307691], [22485.582492307687, 7305.507307692306], [22500.962507692304, 7320.887323076921], [22516.342523076917, 7336.267338461537], [22531.722538461534, 7351.647353846152], [22562.482569230764, 7351.647353846152], [22577.86258461538, 7367.027369230767], [22593.242599999994, 7382.407384615383], [22608.62261538461, 7367.027369230767], [22624.002630769228, 7351.647353846152], [22639.38264615384, 7367.027369230767], [22654.762661538458, 7382.407384615383], [22685.522692307688, 7382.407384615383], [22716.282723076918, 7382.407384615383], [22731.662738461535, 7397.787399999998], [22747.042753846148, 7413.167415384614], [22762.422769230765, 7428.547430769229], [22777.802784615382, 7443.927446153844], [22793.182799999995, 7459.30746153846], [22808.562815384612, 7474.687476923075], [22823.942830769225, 7490.06749230769], [22839.322846153842, 7505.447507692306], [22854.702861538455, 7520.827523076921], [22854.702861538455, 7551.587553846152], [22839.322846153842, 7566.967569230767], [22823.942830769225, 7582.347584615383], [22823.942830769225, 7613.107615384614], [22823.942830769225, 7643.867646153844], [22823.942830769225, 7674.627676923075], [22839.322846153842, 7690.00769230769], [22854.702861538455, 7705.387707692306], [22870.082876923072, 7720.767723076921], [22885.46289230769, 7736.147738461537], [22885.46289230769, 7766.907769230767], [22900.842907692302, 7782.287784615383], [22916.22292307692, 7797.667799999998], [22916.22292307692, 7828.427830769229], [22916.22292307692, 7859.18786153846], [22916.22292307692, 7889.94789230769], [22931.602938461532, 7905.327907692306], [22946.98295384615, 7920.707923076921], [22962.362969230766, 7936.087938461537], [22977.74298461538, 7951.467953846152], [22993.122999999996, 7966.847969230767], [23008.50301538461, 7982.227984615383], [23023.883030769226, 7997.607999999998], [23039.263046153843, 7982.227984615383]]]}, "properties": {"objectType": "annotation", "name": "P3_1_C|rim_4", "classification": {"name": "rim", "color": [201, 133, 0]}, "lesion_id": 4, "section": "P3_1_C", "area_um2": 254550.00000000006}}, {"type": "Feature", "geometry": {"type": "Polygon", "coordinates": [[[17425.557430769226, 7382.407384615383], [17394.797399999996, 7382.407384615383], [17364.037369230766, 7382.407384615383], [17333.277338461536, 7382.407384615383], [17317.89732307692, 7367.027369230767], [17302.517307692306, 7351.647353846152], [17287.13729230769, 7336.267338461537], [17271.757276923072, 7320.887323076921], [17256.37726153846, 7305.507307692306], [17256.37726153846, 7274.747276923075], [17256.37726153846, 7243.987246153844], [17271.757276923072, 7228.607230769229], [17287.13729230769, 7213.227215384614], [17302.517307692306, 7197.847199999998], [17317.89732307692, 7182.467184615383], [17333.277338461536, 7167.087169230767], [17348.65735384615, 7182.467184615383], [17364.037369230766, 7197.847199999998], [17394.797399999996, 7197.847199999998], [17425.557430769226, 7197.847199999998], [17440.937446153843, 7182.467184615383], [17456.31746153846, 7167.087169230767], [17471.697476923073, 7151.707153846152], [17487.07749230769, 7136.327138461537], [17502.457507692303, 7120.947123076921], [17517.83752307692, 7105.567107692306], [17533.217538461537, 7090.187092307691], [17533.217538461537, 7059.42706153846], [17548.59755384615, 7044.047046153844], [17563.977569230767, 7028.667030769229], [17563.977569230767, 6997.906999999998], [17579.35758461538, 6982.526984615383], [17594.737599999997, 6967.146969230768], [17594.737599999997, 6936.386938461537], [17594.737599999997, 6905.626907692306], [17594.737599999997, 6874.866876923075], [17594.737599999997, 6844.106846153844], [17594.737599999997, 6813.346815384614], [17610.117615384614, 6797.966799999998], [17625.497630769227, 6782.586784615383], [17625.497630769227, 6751.826753846152], [17625.497630769227, 6721.066723076921], [17625.497630769227, 6690.306692307691], [17625.497630769227, 6659.54666153846], [17640.877646153844, 6644.166646153845], [17656.257661538457, 6628.786630769229], [17656.257661538457, 6598.026599999998], [17656.257661538457, 6567.266569230768], [17671.637676923074, 6551.886553846152], [17687.017692307687, 6536.506538461537], [17687.017692307687, 6505.746507692306], [17687.017692307687, 6474.986476923075], [17687.017692307687, 6444.226446153845], [17702.397707692304, 6428.846430769229], [17717.77772307692, 6413.466415384614], [17717.77772307692, 6382.706384615383], [17717.77772307692, 6351.946353846152], [17733.157738461534, 6336.566338461537], [17748.53775384615, 6321.186323076922], [17748.53775384615, 6290.426292307691], [17748.53775384615, 6259.66626153846], [17748.53775384615, 6228.906230769229], [17763.917769230764, 6213.526215384614], [17779.29778461538, 6198.146199999998], [17779.29778461538, 6167.386169230768], [17779.29778461538, 6136.626138461537], [17794.677799999998, 6121.246123076922], [17810.05781538461, 6105.866107692306], [17810.05781538461, 6075.106076923075], [17825.437830769228, 6059.72606153846], [17840.81784615384, 6044.346046153845], [17840.81784615384, 6013.586015384614], [17856.197861538458, 5998.205999999999], [17871.577876923075, 5982.825984615383], [17886.957892307688, 5967.445969230768], [17902.337907692305, 5952.065953846152], [17902.337907692305, 5921.305923076922], [17917.717923076918, 5905.925907692306], [17933.097938461535, 5890.545892307691], [17948.47795384615, 5875.165876923075], [17963.857969230765, 5859.78586153846], [17979.23798461538, 5844.405846153845], [17994.617999999995, 5829.025830769229], [18009.99801538461, 5813.645815384614], [18025.37803076923, 5798.265799999999], [18040.758046153842, 5782.885784615383], [18056.13806153846, 5767.505769230768], [18071.518076923072, 5752.125753846152], [18086.89809230769, 5736.745738461537], [18102.278107692306, 5721.365723076922], [18117.65812307692, 5705.985707692306], [18133.038138461536, 5690.605692307691], [18148.41815384615, 5675.225676923076], [18163.798169230766, 5659.84566153846], [18179.178184615383, 5644.465646153845], [18194.558199999996, 5629.085630769229], [18209.938215384613, 5613.705615384614], [18225.318230769226, 5598.325599999999], [18240.698246153843, 5582.945584615383], [18256.07826153846, 5567.565569230768], [18286.83829230769, 5567.565569230768], [18302.218307692303, 5552.185553846152], [18317.59832307692, 5536.805538461537], [18332.978338461533, 5521.425523076922], [18348.35835384615, 5506.045507692306], [18363.738369230767, 5490.665492307691], [18379.11838461538, 5475.285476923076], [18394.498399999997, 5459.90546153846], [18409.87841538461, 5444.525446153845], [18440.638446153844, 5444.525446153845], [18456.018461538457, 5429.145430769229], [18471.398476923074, 5413.765415384614], [18502.158507692304, 5413.765415384614], [18517.53852307692, 5398.385399999999], [18532.918538461534, 5383.005384615383], [18563.678569230764, 5383.005384615383], [18579.05858461538, 5367.625369230768], [18594.438599999998, 5352.245353846153], [18625.198630769228, 5352.245353846153], [18640.57864615384, 5336.865338461537], [18655.958661538458, 5321.485323076922], [18686.718692307688, 5321.485323076922], [18702.098707692305, 5306.105307692306], [18717.478723076918, 5290.725292307691], [18748.23875384615, 5290.725292307691], [18778.99878461538, 5290.725292307691], [18809.75881538461, 5290.725292307691], [18840.518846153842, 5290.725292307691], [18871.278876923072, 5290.725292307691], [18902.038907692306, 5290.725292307691], [18917.41892307692, 5306.105307692306], [18932.798938461536, 5321.485323076922], [18948.17895384615, 5306.105307692306], [18963.558969230766, 5290.725292307691], [18994.318999999996, 5290.725292307691], [19025.079030769226, 5290.725292307691], [19055.839061538456, 5290.725292307691], [19071.219076923073, 5275.345276923076], [19086.59909230769, 5259.96526153846], [19101.979107692303, 5244.585246153845], [19117.35912307692, 5229.205230769229], [19132.739138461533, 5213.825215384614], [19148.11915384615, 5198.445199999999], [19163.499169230767, 5183.065184615383], [19163.499169230767, 5152.305153846153], [19178.87918461538, 5136.925138461537], [19194.259199999997, 5121.545123076922], [19209.63921538461, 5106.165107692306], [19225.019230769227, 5090.785092307691], [19240.399246153844, 5075.405076923076], [19255.779261538457, 5060.02506153846], [19255.779261538457, 5029.26503076923], [19271.159276923074, 5013.885015384614], [19286.539292307687, 4998.504999999999], [19286.539292307687, 4967.744969230768], [19301.919307692304, 4952.364953846153], [19317.29932307692, 4936.984938461537], [19332.679338461534, 4921.604923076922], [19348.05935384615, 4906.224907692306], [19363.439369230764, 4890.844892307691], [19378.81938461538, 4875.464876923076], [19394.199399999998, 4860.08486153846], [19424.959430769228, 4860.08486153846], [19440.33944615384, 4844.704846153845], [19455.719461538458, 4829.32483076923], [19486.479492307688, 4829.32483076923], [19517.239523076918, 4829.32483076923], [19532.619538461535, 4813.944815384614], [19547.99955384615, 4798.564799999999], [19578.75958461538, 4798.564799999999], [19609.519615384612, 4798.564799999999], [19640.279646153842, 4798.564799999999], [19655.65966153846, 4783.184784615383], [19671.039676923072, 4767.804769230768], [19701.799707692302, 4767.804769230768], [19732.559738461536, 4767.804769230768], [19763.319769230766, 4767.804769230768], [19794.079799999996, 4767.804769230768], [19824.839830769226, 4767.804769230768], [19840.219846153843, 4783.184784615383], [19855.599861538456, 4798.564799999999], [19886.35989230769, 4798.564799999999], [19917.11992307692, 4798.564799999999], [19947.87995384615, 4798.564799999999], [19978.63998461538, 4798.564799999999], [20009.40001538461, 4798.564799999999], [20040.160046153844, 4798.564799999999], [20070.920076923074, 4798.564799999999], [20101.680107692304, 4798.564799999999], [20132.440138461534, 4798.564799999999], [20147.82015384615, 4813.944815384614], [20163.200169230764, 4829.32483076923], [20178.58018461538, 4844.704846153845], [20193.960199999998, 4860.08486153846], [20209.34021538461, 4875.464876923076], [20224.720230769228, 4890.844892307691], [20240.10024615384, 4906.224907692306], [20240.10024615384, 4936.984938461537], [20240.10024615384, 4967.744969230768], [20224.720230769228, 4983.124984615383], [20209.34021538461, 4998.504999999999], [20224.720230769228, 5013.885015384614], [20240.10024615384, 5029.26503076923], [20224.720230769228, 5044.645046153845], [20209.34021538461, 5060.02506153846], [20224.720230769228, 5075.405076923076], [20240.10024615384, 5090.785092307691], [20224.720230769228, 5106.165107692306], [20209.34021538461, 5121.545123076922], [20193.960199999998, 5136.925138461537], [20178.58018461538, 5152.305153846153], [20163.200169230764, 5167.685169230768], [20147.82015384615, 5183.065184615383], [20132.440138461534, 5198.445199999999], [20117.06012307692, 5213.825215384614], [20132.440138461534, 5229.205230769229], [20147.82015384615, 5244.585246153845], [20132.440138461534, 5259.96526153846], [20117.06012307692, 5275.345276923076], [20101.680107692304, 5290.725292307691], [20086.300092307687, 5306.105307692306], [20070.920076923074, 5321.485323076922], [20040.160046153844, 5321.485323076922], [20024.780030769227, 5336.865338461537], [20009.40001538461, 5352.245353846153], [19978.63998461538, 5352.245353846153], [19947.87995384615, 5352.245353846153], [19917.11992307692, 5352.245353846153], [19901.739907692303, 5367.625369230768], [19886.35989230769, 5383.005384615383], [19870.979876923073, 5367.625369230768], [19855.599861538456, 5352.245353846153], [19840.219846153843, 5367.625369230768], [19824.839830769226, 5383.005384615383], [19794.079799999996, 5383.005384615383], [19763.319769230766, 5383.005384615383], [19732.559738461536, 5383.005384615383], [19701.799707692302, 5383.005384615383], [19686.41969230769, 5367.625369230768], [19671.039676923072, 5352.245353846153], [19640.279646153842, 5352.245353846153], [19624.899630769225, 5367.625369230768], [19609.519615384612, 5383.005384615383], [19578.75958461538, 5383.005384615383], [19563.379569230765, 5367.625369230768], [19547.99955384615, 5352.245353846153], [19517.239523076918, 5352.245353846153], [19486.479492307688, 5352.245353846153], [19471.099476923075, 5367.625369230768], [19455.719461538458, 5383.005384615383], [19424.959430769228, 5383.005384615383], [19409.57941538461, 5398.385399999999], [19394.199399999998, 5413.765415384614], [19363.439369230764, 5413.765415384614], [19348.05935384615, 5429.145430769229], [19332.679338461534, 5444.525446153845], [19301.919307692304, 5444.525446153845], [19286.539292307687, 5459.90546153846], [19271.159276923074, 5475.285476923076], [19255.779261538457, 5490.665492307691], [19240.399246153844, 5506.045507692306], [19225.019230769227, 5521.425523076922], [19225.019230769227, 5552.185553846152], [19209.63921538461, 5567.565569230768], [19194.259199999997, 5582.945584615383], [19178.87918461538, 5598.325599999999], [19163.499169230767, 5613.705615384614], [19148.11915384615, 5629.085630769229], [19117.35912307692, 5629.085630769229], [19086.59909230769, 5629.085630769229], [19055.839061538456, 5629.085630769229], [19040.459046153843, 5644.465646153845], [19025.079030769226, 5659.84566153846], [19009.699015384613, 5675.225676923076], [18994.318999999996, 5690.605692307691], [18978.93898461538, 5705.985707692306], [18963.558969230766, 5721.365723076922], [18948.17895384615, 5736.745738461537], [18948.17895384615, 5767.505769230768], [18932.798938461536, 5782.885784615383], [18917.41892307692, 5798.265799999999], [18917.41892307692, 5829.025830769229], [18902.038907692306, 5844.405846153845], [18886.65889230769, 5859.78586153846], [18886.65889230769, 5890.545892307691], [18886.65889230769, 5921.305923076922], [18871.278876923072, 5936.685938461537], [18855.89886153846, 5952.065953846152], [18855.89886153846, 5982.825984615383], [18840.518846153842, 5998.205999999999], [18825.13883076923, 6013.586015384614], [18825.13883076923, 6044.346046153845], [18825.13883076923, 6075.106076923075], [18809.75881538461, 6090.486092307691], [18794.378799999995, 6105.866107692306], [18778.99878461538, 6121.246123076922], [18763.618769230765, 6136.626138461537], [18748.23875384615, 6152.006153846152], [18732.858738461535, 6167.386169230768], [18717.478723076918, 6182.766184615383], [18702.098707692305, 6198.146199999998], [18686.718692307688, 6213.526215384614], [18671.338676923075, 6228.906230769229], [18655.958661538458, 6244.286246153845], [18640.57864615384, 6259.66626153846], [18625.198630769228, 6275.046276923075], [18609.81861538461, 6290.426292307691], [18594.438599999998, 6305.806307692306], [18579.05858461538, 6321.186323076922], [18563.678569230764, 6336.566338461537], [18548.29855384615, 6351.946353846152], [18532.918538461534, 6367.326369230768], [18517.53852307692, 6382.706384615383], [18502.158507692304, 6398.086399999998], [18486.778492307687, 6413.466415384614], [18486.778492307687, 6444.226446153845], [18471.398476923074, 6459.60646153846], [18456.018461538457, 6474.986476923075], [18440.638446153844, 6490.366492307691], [18425.258430769227, 6505.746507692306], [18409.87841538461, 6521.126523076921], [18394.498399999997, 6536.506538461537], [18379.11838461538, 6551.886553846152], [18363.738369230767, 6567.266569230768], [18348.35835384615, 6582.646584615383], [18332.978338461533, 6598.026599999998], [18332.978338461533, 6628.786630769229], [18317.59832307692, 6644.166646153845], [18302.218307692303, 6659.54666153846], [18286.83829230769, 6674.926676923075], [18271.458276923073, 6690.306692307691], [18271.458276923073, 6721.066723076921], [18271.458276923073, 6751.826753846152], [18271.458276923073, 6782.586784615383], [18256.07826153846, 6797.966799999998], [18240.698246153843, 6813.346815384614], [18225.318230769226, 6828.726830769229], [18209.938215384613, 6844.106846153844], [18209.938215384613, 6874.866876923075], [18194.558199999996, 6890.246892307691], [18179.178184615383, 6905.626907692306], [18179.178184615383, 6936.386938461537], [18179.178184615383, 6967.146969230768], [18179.178184615383, 6997.906999999998], [18179.178184615383, 7028.667030769229], [18179.178184615383, 7059.42706153846], [18179.178184615383, 7090.187092307691], [18163.798169230766, 7105.567107692306], [18148.41815384615, 7120.947123076921], [18148.41815384615, 7151.707153846152], [18148.41815384615, 7182.467184615383], [18148.41815384615, 7213.227215384614], [18133.038138461536, 7228.607230769229], [18117.65812307692, 7243.987246153844], [18102.278107692306, 7259.36726153846], [18086.89809230769, 7274.747276923075], [18071.518076923072, 7290.127292307691], [18056.13806153846, 7305.507307692306], [18040.758046153842, 7320.887323076921], [18009.99801538461, 7320.887323076921], [17979.23798461538, 7320.887323076921], [17948.47795384615, 7320.887323076921], [17917.717923076918, 7320.887323076921], [17886.957892307688, 7320.887323076921], [17856.197861538458, 7320.887323076921], [17825.437830769228, 7320.887323076921], [17794.677799999998, 7320.887323076921], [17763.917769230764, 7320.887323076921], [17748.53775384615, 7305.507307692306], [17733.157738461534, 7290.127292307691], [17702.397707692304, 7290.127292307691], [17671.637676923074, 7290.127292307691], [17656.257661538457, 7305.507307692306], [17640.877646153844, 7320.887323076921], [17610.117615384614, 7320.887323076921], [17594.737599999997, 7305.507307692306], [17579.35758461538, 7290.127292307691], [17548.59755384615, 7290.127292307691], [17517.83752307692, 7290.127292307691], [17502.457507692303, 7305.507307692306], [17487.07749230769, 7320.887323076921], [17471.697476923073, 7336.267338461537], [17456.31746153846, 7351.647353846152], [17440.937446153843, 7367.027369230767], [17425.557430769226, 7382.407384615383]]]}, "properties": {"objectType": "annotation", "name": "P3_1_C|lesion_5", "classification": {"name": "lesion", "color": [255, 0, 0]}, "lesion_id": 5, "section": "P3_1_C", "area_um2": 227449.9999999998}}, {"type": "Feature", "geometry": {"type": "MultiPolygon", "coordinates": [[[[19778.69978461538, 5183.065184615383], [19794.079799999996, 5167.685169230768], [19824.839830769226, 5167.685169230768], [19855.599861538456, 5167.685169230768], [19886.35989230769, 5167.685169230768], [19917.11992307692, 5167.685169230768], [19932.499938461533, 5152.305153846153], [19947.87995384615, 5136.925138461537], [19963.259969230767, 5121.545123076922], [19978.63998461538, 5106.165107692306], [19994.019999999997, 5090.785092307691], [20009.40001538461, 5075.405076923076], [20024.780030769227, 5060.02506153846], [20024.780030769227, 5029.26503076923], [20024.780030769227, 4998.504999999999], [20009.40001538461, 4983.124984615383], [19978.63998461538, 4983.124984615383], [19947.87995384615, 4983.124984615383], [19917.11992307692, 4983.124984615383], [19886.35989230769, 4983.124984615383], [19855.599861538456, 4983.124984615383], [19824.839830769226, 4983.124984615383], [19794.079799999996, 4983.124984615383], [19778.69978461538, 4967.744969230768], [19763.319769230766, 4952.364953846153], [19732.559738461536, 4952.364953846153], [19717.17972307692, 4967.744969230768], [19701.799707692302, 4983.124984615383], [19671.039676923072, 4983.124984615383], [19640.279646153842, 4983.124984615383], [19609.519615384612, 4983.124984615383], [19594.139599999995, 4998.504999999999], [19578.75958461538, 5013.885015384614], [19547.99955384615, 5013.885015384614], [19517.239523076918, 5013.885015384614], [19501.859507692305, 5029.26503076923], [19486.479492307688, 5044.645046153845], [19471.099476923075, 5060.02506153846], [19455.719461538458, 5075.405076923076], [19440.33944615384, 5090.785092307691], [19440.33944615384, 5121.545123076922], [19424.959430769228, 5136.925138461537], [19409.57941538461, 5152.305153846153], [19424.959430769228, 5167.685169230768], [19455.719461538458, 5167.685169230768], [19486.479492307688, 5167.685169230768], [19517.239523076918, 5167.685169230768], [19547.99955384615, 5167.685169230768], [19578.75958461538, 5167.685169230768], [19609.519615384612, 5167.685169230768], [19640.279646153842, 5167.685169230768], [19671.039676923072, 5167.685169230768], [19701.799707692302, 5167.685169230768], [19732.559738461536, 5167.685169230768], [19747.93975384615, 5183.065184615383], [19763.319769230766, 5198.445199999999], [19778.69978461538, 5183.065184615383]]], [[[19394.199399999998, 5167.685169230768], [19378.81938461538, 5183.065184615383], [19394.199399999998, 5198.445199999999], [19409.57941538461, 5183.065184615383], [19394.199399999998, 5167.685169230768]]], [[[17963.857969230765, 7090.187092307691], [17963.857969230765, 7059.42706153846], [17979.23798461538, 7044.047046153844], [17994.617999999995, 7028.667030769229], [17994.617999999995, 6997.906999999998], [17994.617999999995, 6967.146969230768], [17994.617999999995, 6936.386938461537], [17994.617999999995, 6905.626907692306], [17994.617999999995, 6874.866876923075], [17994.617999999995, 6844.106846153844], [18009.99801538461, 6828.726830769229], [18025.37803076923, 6813.346815384614], [18025.37803076923, 6782.586784615383], [18040.758046153842, 6767.206769230768], [18056.13806153846, 6751.826753846152], [18071.518076923072, 6736.446738461537], [18086.89809230769, 6721.066723076921], [18086.89809230769, 6690.306692307691], [18086.89809230769, 6659.54666153846], [18086.89809230769, 6628.786630769229], [18102.278107692306, 6613.406615384614], [18117.65812307692, 6598.026599999998], [18133.038138461536, 6582.646584615383], [18148.41815384615, 6567.266569230768], [18148.41815384615, 6536.506538461537], [18163.798169230766, 6521.126523076921], [18179.178184615383, 6505.746507692306], [18194.558199999996, 6490.366492307691], [18209.938215384613, 6474.986476923075], [18225.318230769226, 6459.60646153846], [18240.698246153843, 6444.226446153845], [18256.07826153846, 6428.846430769229], [18271.458276923073, 6413.466415384614], [18286.83829230769, 6398.086399999998], [18302.218307692303, 6382.706384615383], [18302.218307692303, 6351.946353846152], [18317.59832307692, 6336.566338461537], [18332.978338461533, 6321.186323076922], [18348.35835384615, 6305.806307692306], [18363.738369230767, 6290.426292307691], [18379.11838461538, 6275.046276923075], [18394.498399999997, 6259.66626153846], [18409.87841538461, 6244.286246153845], [18425.258430769227, 6228.906230769229], [18440.638446153844, 6213.526215384614], [18456.018461538457, 6198.146199999998], [18471.398476923074, 6182.766184615383], [18486.778492307687, 6167.386169230768], [18502.158507692304, 6152.006153846152], [18517.53852307692, 6136.626138461537], [18532.918538461534, 6121.246123076922], [18548.29855384615, 6105.866107692306], [18563.678569230764, 6090.486092307691], [18579.05858461538, 6075.106076923075], [18594.438599999998, 6059.72606153846], [18609.81861538461, 6044.346046153845], [18625.198630769228, 6028.966030769229], [18640.57864615384, 6013.586015384614], [18640.57864615384, 5982.825984615383], [18640.57864615384, 5952.065953846152], [18655.958661538458, 5936.685938461537], [18671.338676923075, 5921.305923076922], [18671.338676923075, 5890.545892307691], [18686.718692307688, 5875.165876923075], [18702.098707692305, 5859.78586153846], [18702.098707692305, 5829.025830769229], [18702.098707692305, 5798.265799999999], [18717.478723076918, 5782.885784615383], [18732.858738461535, 5767.505769230768], [18732.858738461535, 5736.745738461537], [18748.23875384615, 5721.365723076922], [18763.618769230765, 5705.985707692306], [18763.618769230765, 5675.225676923076], [18778.99878461538, 5659.84566153846], [18794.378799999995, 5644.465646153845], [18809.75881538461, 5629.085630769229], [18825.13883076923, 5613.705615384614], [18840.518846153842, 5598.325599999999], [18855.89886153846, 5582.945584615383], [18871.278876923072, 5567.565569230768], [18886.65889230769, 5552.185553846152], [18902.038907692306, 5536.805538461537], [18917.41892307692, 5521.425523076922], [18902.038907692306, 5506.045507692306], [18871.278876923072, 5506.045507692306], [18855.89886153846, 5490.665492307691], [18840.518846153842, 5475.285476923076], [18809.75881538461, 5475.285476923076], [18778.99878461538, 5475.285476923076], [18763.618769230765, 5490.665492307691], [18748.23875384615, 5506.045507692306], [18717.478723076918, 5506.045507692306], [18702.098707692305, 5521.425523076922], [18686.718692307688, 5536.805538461537], [18655.958661538458, 5536.805538461537], [18640.57864615384, 5552.185553846152], [18625.198630769228, 5567.565569230768], [18594.438599999998, 5567.565569230768], [18579.05858461538, 5582.945584615383], [18563.678569230764, 5598.325599999999], [18532.918538461534, 5598.325599999999], [18517.53852307692, 5613.705615384614], [18502.158507692304, 5629.085630769229], [18471.398476923074, 5629.085630769229], [18456.018461538457, 5644.465646153845], [18440.638446153844, 5659.84566153846], [18425.258430769227, 5675.225676923076], [18409.87841538461, 5690.605692307691], [18394.498399999997, 5705.985707692306], [18379.11838461538, 5721.365723076922], [18363.738369230767, 5736.745738461537], [18348.35835384615, 5752.125753846152], [18317.59832307692, 5752.125753846152], [18302.218307692303, 5767.505769230768], [18286.83829230769, 5782.885784615383], [18271.458276923073, 5798.265799999999], [18256.07826153846, 5813.645815384614], [18240.698246153843, 5829.025830769229], [18225.318230769226, 5844.405846153845], [18209.938215384613, 5859.78586153846], [18194.558199999996, 5875.165876923075], [18179.178184615383, 5890.545892307691], [18163.798169230766, 5905.925907692306], [18148.41815384615, 5921.305923076922], [18133.038138461536, 5936.685938461537], [18117.65812307692, 5952.065953846152], [18102.278107692306, 5967.445969230768], [18086.89809230769, 5982.825984615383], [18086.89809230769, 6013.586015384614], [18071.518076923072, 6028.966030769229], [18056.13806153846, 6044.346046153845], [18040.758046153842, 6059.72606153846], [18025.37803076923, 6075.106076923075], [18025.37803076923, 6105.866107692306], [18009.99801538461, 6121.246123076922], [17994.617999999995, 6136.626138461537], [17994.617999999995, 6167.386169230768], [17979.23798461538, 6182.766184615383], [17963.857969230765, 6198.146199999998], [17963.857969230765, 6228.906230769229], [17963.857969230765, 6259.66626153846], [17948.47795384615, 6275.046276923075], [17933.097938461535, 6290.426292307691], [17933.097938461535, 6321.186323076922], [17933.097938461535, 6351.946353846152], [17933.097938461535, 6382.706384615383], [17917.717923076918, 6398.086399999998], [17902.337907692305, 6413.466415384614], [17902.337907692305, 6444.226446153845], [17902.337907692305, 6474.986476923075], [17886.957892307688, 6490.366492307691], [17871.577876923075, 6505.746507692306], [17871.577876923075, 6536.506538461537], [17871.577876923075, 6567.266569230768], [17871.577876923075, 6598.026599999998], [17856.197861538458, 6613.406615384614], [17840.81784615384, 6628.786630769229], [17840.81784615384, 6659.54666153846], [17840.81784615384, 6690.306692307691], [17825.437830769228, 6705.686707692306], [17810.05781538461, 6721.066723076921], [17810.05781538461, 6751.826753846152], [17810.05781538461, 6782.586784615383], [17810.05781538461, 6813.346815384614], [17810.05781538461, 6844.106846153844], [17794.677799999998, 6859.48686153846], [17779.29778461538, 6874.866876923075], [17779.29778461538, 6905.626907692306], [17779.29778461538, 6936.386938461537], [17779.29778461538, 6967.146969230768], [17779.29778461538, 6997.906999999998], [17779.29778461538, 7028.667030769229], [17763.917769230764, 7044.047046153844], [17748.53775384615, 7059.42706153846], [17748.53775384615, 7090.187092307691], [17763.917769230764, 7105.567107692306], [17794.677799999998, 7105.567107692306], [17810.05781538461, 7120.947123076921], [17825.437830769228, 7136.327138461537], [17856.197861538458, 7136.327138461537], [17886.957892307688, 7136.327138461537], [17917.717923076918, 7136.327138461537], [17948.47795384615, 7136.327138461537], [17963.857969230765, 7120.947123076921], [17963.857969230765, 7090.187092307691]]]]}, "properties": {"objectType": "annotation", "name": "P3_1_C|core_5", "classification": {"name": "core", "color": [230, 103, 103]}, "lesion_id": 5, "section": "P3_1_C", "area_um2": 70450.00000000003}}, {"type": "Feature", "geometry": {"type": "Polygon", "coordinates": [[[17456.31746153846, 7351.647353846152], [17471.697476923073, 7336.267338461537], [17487.07749230769, 7320.887323076921], [17502.457507692303, 7305.507307692306], [17517.83752307692, 7290.127292307691], [17548.59755384615, 7290.127292307691], [17579.35758461538, 7290.127292307691], [17594.737599999997, 7305.507307692306], [17610.117615384614, 7320.887323076921], [17640.877646153844, 7320.887323076921], [17656.257661538457, 7305.507307692306], [17671.637676923074, 7290.127292307691], [17702.397707692304, 7290.127292307691], [17733.157738461534, 7290.127292307691], [17748.53775384615, 7305.507307692306], [17763.917769230764, 7320.887323076921], [17794.677799999998, 7320.887323076921], [17825.437830769228, 7320.887323076921], [17856.197861538458, 7320.887323076921], [17886.957892307688, 7320.887323076921], [17917.717923076918, 7320.887323076921], [17948.47795384615, 7320.887323076921], [17979.23798461538, 7320.887323076921], [18009.99801538461, 7320.887323076921], [18040.758046153842, 7320.887323076921], [18056.13806153846, 7305.507307692306], [18071.518076923072, 7290.127292307691], [18086.89809230769, 7274.747276923075], [18102.278107692306, 7259.36726153846], [18117.65812307692, 7243.987246153844], [18133.038138461536, 7228.607230769229], [18148.41815384615, 7213.227215384614], [18148.41815384615, 7182.467184615383], [18148.41815384615, 7151.707153846152], [18148.41815384615, 7120.947123076921], [18163.798169230766, 7105.567107692306], [18179.178184615383, 7090.187092307691], [18179.178184615383, 7059.42706153846], [18179.178184615383, 7028.667030769229], [18179.178184615383, 6997.906999999998], [18179.178184615383, 6967.146969230768], [18179.178184615383, 6936.386938461537], [18179.178184615383, 6905.626907692306], [18194.558199999996, 6890.246892307691], [18209.938215384613, 6874.866876923075], [18209.938215384613, 6844.106846153844], [18225.318230769226, 6828.726830769229], [18240.698246153843, 6813.346815384614], [18256.07826153846, 6797.966799999998], [18271.458276923073, 6782.586784615383], [18271.458276923073, 6751.826753846152], [18271.458276923073, 6721.066723076921], [18271.458276923073, 6690.306692307691], [18286.83829230769, 6674.926676923075], [18302.218307692303, 6659.54666153846], [18317.59832307692, 6644.166646153845], [18332.978338461533, 6628.786630769229], [18332.978338461533, 6598.026599999998], [18348.35835384615, 6582.646584615383], [18363.738369230767, 6567.266569230768], [18379.11838461538, 6551.886553846152], [18394.498399999997, 6536.506538461537], [18409.87841538461, 6521.126523076921], [18425.258430769227, 6505.746507692306], [18440.638446153844, 6490.366492307691], [18456.018461538457, 6474.986476923075], [18471.398476923074, 6459.60646153846], [18486.778492307687, 6444.226446153845], [18486.778492307687, 6413.466415384614], [18502.158507692304, 6398.086399999998], [18517.53852307692, 6382.706384615383], [18532.918538461534, 6367.326369230768], [18548.29855384615, 6351.946353846152], [18563.678569230764, 6336.566338461537], [18579.05858461538, 6321.186323076922], [18594.438599999998, 6305.806307692306], [18609.81861538461, 6290.426292307691], [18625.198630769228, 6275.046276923075], [18640.57864615384, 6259.66626153846], [18655.958661538458, 6244.286246153845], [18671.338676923075, 6228.906230769229], [18686.718692307688, 6213.526215384614], [18702.098707692305, 6198.146199999998], [18717.478723076918, 6182.766184615383], [18732.858738461535, 6167.386169230768], [18748.23875384615, 6152.006153846152], [18763.618769230765, 6136.626138461537], [18778.99878461538, 6121.246123076922], [18794.378799999995, 6105.866107692306], [18809.75881538461, 6090.486092307691], [18825.13883076923, 6075.106076923075], [18825.13883076923, 6044.346046153845], [18825.13883076923, 6013.586015384614], [18840.518846153842, 5998.205999999999], [18855.89886153846, 5982.825984615383], [18855.89886153846, 5952.065953846152], [18871.278876923072, 5936.685938461537], [18886.65889230769, 5921.305923076922], [18886.65889230769, 5890.545892307691], [18886.65889230769, 5859.78586153846], [18902.038907692306, 5844.405846153845], [18917.41892307692, 5829.025830769229], [18917.41892307692, 5798.265799999999], [18932.798938461536, 5782.885784615383], [18948.17895384615, 5767.505769230768], [18948.17895384615, 5736.745738461537], [18963.558969230766, 5721.365723076922], [18978.93898461538, 5705.985707692306], [18994.318999999996, 5690.605692307691], [19009.699015384613, 5675.225676923076], [19025.079030769226, 5659.84566153846], [19040.459046153843, 5644.465646153845], [19055.839061538456, 5629.085630769229], [19086.59909230769, 5629.085630769229], [19117.35912307692, 5629.085630769229], [19148.11915384615, 5629.085630769229], [19163.499169230767, 5613.705615384614], [19178.87918461538, 5598.325599999999], [19194.259199999997, 5582.945584615383], [19209.63921538461, 5567.565569230768], [19225.019230769227, 5552.185553846152], [19225.019230769227, 5521.425523076922], [19240.399246153844, 5506.045507692306], [19255.779261538457, 5490.665492307691], [19271.159276923074, 5475.285476923076], [19286.539292307687, 5459.90546153846], [19301.919307692304, 5444.525446153845], [19332.679338461534, 5444.525446153845], [19348.05935384615, 5429.145430769229], [19363.439369230764, 5413.765415384614], [19394.199399999998, 5413.765415384614], [19409.57941538461, 5398.385399999999], [19424.959430769228, 5383.005384615383], [19455.719461538458, 5383.005384615383], [19471.099476923075, 5367.625369230768], [19486.479492307688, 5352.245353846153], [19517.239523076918, 5352.245353846153], [19547.99955384615, 5352.245353846153], [19563.379569230765, 5367.625369230768], [19578.75958461538, 5383.005384615383], [19609.519615384612, 5383.005384615383], [19624.899630769225, 5367.625369230768], [19640.279646153842, 5352.245353846153], [19671.039676923072, 5352.245353846153], [19686.41969230769, 5367.625369230768], [19701.799707692302, 5383.005384615383], [19732.559738461536, 5383.005384615383], [19763.319769230766, 5383.005384615383], [19794.079799999996, 5383.005384615383], [19824.839830769226, 5383.005384615383], [19840.219846153843, 5367.625369230768], [19855.599861538456, 5352.245353846153], [19870.979876923073, 5367.625369230768], [19886.35989230769, 5383.005384615383], [19901.739907692303, 5367.625369230768], [19917.11992307692, 5352.245353846153], [19947.87995384615, 5352.245353846153], [19978.63998461538, 5352.245353846153], [20009.40001538461, 5352.245353846153], [20024.780030769227, 5336.865338461537], [20040.160046153844, 5321.485323076922], [20070.920076923074, 5321.485323076922], [20086.300092307687, 5306.105307692306], [20101.680107692304, 5290.725292307691], [20117.06012307692, 5275.345276923076], [20132.440138461534, 5259.96526153846], [20147.82015384615, 5244.585246153845], [20132.440138461534, 5229.205230769229], [20117.06012307692, 5213.825215384614], [20132.440138461534, 5198.445199999999], [20147.82015384615, 5183.065184615383], [20163.200169230764, 5167.685169230768], [20178.58018461538, 5152.305153846153], [20193.960199999998, 5136.925138461537], [20209.34021538461, 5121.545123076922], [20224.720230769228, 5106.165107692306], [20240.10024615384, 5090.785092307691], [20224.720230769228, 5075.405076923076], [20209.34021538461, 5060.02506153846], [20224.720230769228, 5044.645046153845], [20240.10024615384, 5029.26503076923], [20224.720230769228, 5013.885015384614], [20209.34021538461, 4998.504999999999], [20224.720230769228, 4983.124984615383], [20240.10024615384, 4967.744969230768], [20240.10024615384, 4936.984938461537], [20240.10024615384, 4906.224907692306], [20224.720230769228, 4890.844892307691], [20209.34021538461, 4875.464876923076], [20193.960199999998, 4860.08486153846], [20178.58018461538, 4844.704846153845], [20163.200169230764, 4829.32483076923], [20147.82015384615, 4813.944815384614], [20132.440138461534, 4798.564799999999], [20101.680107692304, 4798.564799999999], [20070.920076923074, 4798.564799999999], [20040.160046153844, 4798.564799999999], [20009.40001538461, 4798.564799999999], [19978.63998461538, 4798.564799999999], [19947.87995384615, 4798.564799999999], [19917.11992307692, 4798.564799999999], [19886.35989230769, 4798.564799999999], [19855.599861538456, 4798.564799999999], [19840.219846153843, 4783.184784615383], [19824.839830769226, 4767.804769230768], [19794.079799999996, 4767.804769230768], [19763.319769230766, 4767.804769230768], [19732.559738461536, 4767.804769230768], [19701.799707692302, 4767.804769230768], [19671.039676923072, 4767.804769230768], [19655.65966153846, 4783.184784615383], [19640.279646153842, 4798.564799999999], [19609.519615384612, 4798.564799999999], [19578.75958461538, 4798.564799999999], [19547.99955384615, 4798.564799999999], [19532.619538461535, 4813.944815384614], [19517.239523076918, 4829.32483076923], [19486.479492307688, 4829.32483076923], [19455.719461538458, 4829.32483076923], [19440.33944615384, 4844.704846153845], [19424.959430769228, 4860.08486153846], [19394.199399999998, 4860.08486153846], [19378.81938461538, 4875.464876923076], [19363.439369230764, 4890.844892307691], [19348.05935384615, 4906.224907692306], [19332.679338461534, 4921.604923076922], [19317.29932307692, 4936.984938461537], [19301.919307692304, 4952.364953846153], [19286.539292307687, 4967.744969230768], [19286.539292307687, 4998.504999999999], [19271.159276923074, 5013.885015384614], [19255.779261538457, 5029.26503076923], [19255.779261538457, 5060.02506153846], [19240.399246153844, 5075.405076923076], [19225.019230769227, 5090.785092307691], [19209.63921538461, 5106.165107692306], [19194.259199999997, 5121.545123076922], [19178.87918461538, 5136.925138461537], [19163.499169230767, 5152.305153846153], [19163.499169230767, 5183.065184615383], [19148.11915384615, 5198.445199999999], [19132.739138461533, 5213.825215384614], [19117.35912307692, 5229.205230769229], [19101.979107692303, 5244.585246153845], [19086.59909230769, 5259.96526153846], [19071.219076923073, 5275.345276923076], [19055.839061538456, 5290.725292307691], [19025.079030769226, 5290.725292307691], [18994.318999999996, 5290.725292307691], [18963.558969230766, 5290.725292307691], [18948.17895384615, 5306.105307692306], [18932.798938461536, 5321.485323076922], [18917.41892307692, 5306.105307692306], [18902.038907692306, 5290.725292307691], [18871.278876923072, 5290.725292307691], [18840.518846153842, 5290.725292307691], [18809.75881538461, 5290.725292307691], [18778.99878461538, 5290.725292307691], [18748.23875384615, 5290.725292307691], [18717.478723076918, 5290.725292307691], [18702.098707692305, 5306.105307692306], [18686.718692307688, 5321.485323076922], [18655.958661538458, 5321.485323076922], [18640.57864615384, 5336.865338461537], [18625.198630769228, 5352.245353846153], [18594.438599999998, 5352.245353846153], [18579.05858461538, 5367.625369230768], [18563.678569230764, 5383.005384615383], [18532.918538461534, 5383.005384615383], [18517.53852307692, 5398.385399999999], [18502.158507692304, 5413.765415384614], [18471.398476923074, 5413.765415384614], [18456.018461538457, 5429.145430769229], [18440.638446153844, 5444.525446153845], [18409.87841538461, 5444.525446153845], [18394.498399999997, 5459.90546153846], [18379.11838461538, 5475.285476923076], [18363.738369230767, 5490.665492307691], [18348.35835384615, 5506.045507692306], [18332.978338461533, 5521.425523076922], [18317.59832307692, 5536.805538461537], [18302.218307692303, 5552.185553846152], [18286.83829230769, 5567.565569230768], [18256.07826153846, 5567.565569230768], [18240.698246153843, 5582.945584615383], [18225.318230769226, 5598.325599999999], [18209.938215384613, 5613.705615384614], [18194.558199999996, 5629.085630769229], [18179.178184615383, 5644.465646153845], [18163.798169230766, 5659.84566153846], [18148.41815384615, 5675.225676923076], [18133.038138461536, 5690.605692307691], [18117.65812307692, 5705.985707692306], [18102.278107692306, 5721.365723076922], [18086.89809230769, 5736.745738461537], [18071.518076923072, 5752.125753846152], [18056.13806153846, 5767.505769230768], [18040.758046153842, 5782.885784615383], [18025.37803076923, 5798.265799999999], [18009.99801538461, 5813.645815384614], [17994.617999999995, 5829.025830769229], [17979.23798461538, 5844.405846153845], [17963.857969230765, 5859.78586153846], [17948.47795384615, 5875.165876923075], [17933.097938461535, 5890.545892307691], [17917.717923076918, 5905.925907692306], [17902.337907692305, 5921.305923076922], [17902.337907692305, 5952.065953846152], [17886.957892307688, 5967.445969230768], [17871.577876923075, 5982.825984615383], [17856.197861538458, 5998.205999999999], [17840.81784615384, 6013.586015384614], [17840.81784615384, 6044.346046153845], [17825.437830769228, 6059.72606153846], [17810.05781538461, 6075.106076923075], [17810.05781538461, 6105.866107692306], [17794.677799999998, 6121.246123076922], [17779.29778461538, 6136.626138461537], [17779.29778461538, 6167.386169230768], [17779.29778461538, 6198.146199999998], [17763.917769230764, 6213.526215384614], [17748.53775384615, 6228.906230769229], [17748.53775384615, 6259.66626153846], [17748.53775384615, 6290.426292307691], [17748.53775384615, 6321.186323076922], [17733.157738461534, 6336.566338461537], [17717.77772307692, 6351.946353846152], [17717.77772307692, 6382.706384615383], [17717.77772307692, 6413.466415384614], [17702.397707692304, 6428.846430769229], [17687.017692307687, 6444.226446153845], [17687.017692307687, 6474.986476923075], [17687.017692307687, 6505.746507692306], [17687.017692307687, 6536.506538461537], [17671.637676923074, 6551.886553846152], [17656.257661538457, 6567.266569230768], [17656.257661538457, 6598.026599999998], [17656.257661538457, 6628.786630769229], [17640.877646153844, 6644.166646153845], [17625.497630769227, 6659.54666153846], [17625.497630769227, 6690.306692307691], [17625.497630769227, 6721.066723076921], [17625.497630769227, 6751.826753846152], [17625.497630769227, 6782.586784615383], [17610.117615384614, 6797.966799999998], [17594.737599999997, 6813.346815384614], [17594.737599999997, 6844.106846153844], [17594.737599999997, 6874.866876923075], [17594.737599999997, 6905.626907692306], [17594.737599999997, 6936.386938461537], [17594.737599999997, 6967.146969230768], [17579.35758461538, 6982.526984615383], [17563.977569230767, 6997.906999999998], [17563.977569230767, 7028.667030769229], [17548.59755384615, 7044.047046153844], [17533.217538461537, 7059.42706153846], [17533.217538461537, 7090.187092307691], [17517.83752307692, 7105.567107692306], [17502.457507692303, 7120.947123076921], [17487.07749230769, 7136.327138461537], [17471.697476923073, 7151.707153846152], [17456.31746153846, 7167.087169230767], [17440.937446153843, 7182.467184615383], [17425.557430769226, 7197.847199999998], [17394.797399999996, 7197.847199999998], [17364.037369230766, 7197.847199999998], [17348.65735384615, 7182.467184615383], [17333.277338461536, 7167.087169230767], [17317.89732307692, 7182.467184615383], [17302.517307692306, 7197.847199999998], [17287.13729230769, 7213.227215384614], [17271.757276923072, 7228.607230769229], [17256.37726153846, 7243.987246153844], [17256.37726153846, 7274.747276923075], [17256.37726153846, 7305.507307692306], [17271.757276923072, 7320.887323076921], [17287.13729230769, 7336.267338461537], [17302.517307692306, 7351.647353846152], [17317.89732307692, 7367.027369230767], [17333.277338461536, 7382.407384615383], [17364.037369230766, 7382.407384615383], [17394.797399999996, 7382.407384615383], [17425.557430769226, 7382.407384615383], [17440.937446153843, 7367.027369230767], [17456.31746153846, 7351.647353846152]]]}, "properties": {"objectType": "annotation", "name": "P3_1_C|rim_5", "classification": {"name": "rim", "color": [201, 133, 0]}, "lesion_id": 5, "section": "P3_1_C", "area_um2": 227450.0}}, {"type": "Feature", "geometry": {"type": "Polygon", "coordinates": [[[25300.125307692302, 8274.448276923074], [25269.365276923072, 8274.448276923074], [25238.605246153842, 8274.448276923074], [25207.845215384612, 8274.448276923074], [25177.08518461538, 8274.448276923074], [25146.325153846148, 8274.448276923074], [25130.945138461535, 8259.06826153846], [25115.565123076918, 8243.688246153844], [25100.1851076923, 8228.30823076923], [25084.805092307688, 8212.928215384614], [25069.42507692307, 8197.548199999997], [25069.42507692307, 8166.788169230767], [25069.42507692307, 8136.028138461536], [25054.045061538458, 8120.648123076921], [25038.66504615384, 8105.268107692306], [25023.285030769224, 8089.88809230769], [25007.90501538461, 8074.508076923075], [24992.524999999994, 8059.12806153846], [24977.14498461538, 8043.748046153844], [24961.764969230764, 8028.368030769229], [24946.384953846147, 8012.988015384613], [24931.004938461534, 7997.607999999998], [24915.624923076917, 7982.227984615383], [24900.244907692304, 7966.847969230767], [24884.864892307687, 7951.467953846152], [24869.48487692307, 7936.087938461537], [24854.104861538457, 7920.707923076921], [24854.104861538457, 7889.94789230769], [24838.72484615384, 7874.567876923075], [24823.344830769227, 7859.18786153846], [24807.96481538461, 7843.807846153844], [24792.584799999993, 7828.427830769229], [24777.20478461538, 7813.047815384613], [24761.824769230763, 7797.667799999998], [24746.44475384615, 7782.287784615383], [24731.064738461533, 7766.907769230767], [24715.68472307692, 7751.527753846152], [24700.304707692303, 7736.147738461537], [24684.924692307686, 7720.767723076921], [24669.544676923073, 7705.387707692306], [24654.164661538456, 7690.00769230769], [24638.784646153843, 7674.627676923075], [24623.404630769226, 7659.24766153846], [24608.02461538461, 7643.867646153844], [24608.02461538461, 7613.107615384614], [24608.02461538461, 7582.347584615383], [24608.02461538461, 7551.587553846152], [24608.02461538461, 7520.827523076921], [24608.02461538461, 7490.06749230769], [24608.02461538461, 7459.30746153846], [24592.644599999996, 7443.927446153844], [24577.26458461538, 7428.547430769229], [24577.26458461538, 7397.787399999998], [24577.26458461538, 7367.027369230767], [24577.26458461538, 7336.267338461537], [24577.26458461538, 7305.507307692306], [24577.26458461538, 7274.747276923075], [24561.884569230766, 7259.36726153846], [24546.50455384615, 7243.987246153844], [24546.50455384615, 7213.227215384614], [24531.124538461532, 7197.847199999998], [24515.74452307692, 7182.467184615383], [24500.364507692302, 7167.087169230767], [24484.98449230769, 7151.707153846152], [24484.98449230769, 7120.947123076921], [24484.98449230769, 7090.187092307691], [24469.604476923072, 7074.807076923075], [24454.224461538455, 7059.42706153846], [24454.224461538455, 7028.667030769229], [24454.224461538455, 6997.906999999998], [24454.224461538455, 6967.146969230768], [24454.224461538455, 6936.386938461537], [24454.224461538455, 6905.626907692306], [24469.604476923072, 6890.246892307691], [24484.98449230769, 6874.866876923075], [24484.98449230769, 6844.106846153844], [24500.364507692302, 6828.726830769229], [24515.74452307692, 6813.346815384614], [24531.124538461532, 6797.966799999998], [24546.50455384615, 6782.586784615383], [24561.884569230766, 6767.206769230768], [24592.644599999996, 6767.206769230768], [24623.404630769226, 6767.206769230768], [24654.164661538456, 6767.206769230768], [24684.924692307686, 6767.206769230768], [24715.68472307692, 6767.206769230768], [24746.44475384615, 6767.206769230768], [24761.824769230763, 6751.826753846152], [24777.20478461538, 6736.446738461537], [24792.584799999993, 6751.826753846152], [24807.96481538461, 6767.206769230768], [24838.72484615384, 6767.206769230768], [24869.48487692307, 6767.206769230768], [24900.244907692304, 6767.206769230768], [24931.004938461534, 6767.206769230768], [24961.764969230764, 6767.206769230768], [24992.524999999994, 6767.206769230768], [25023.285030769224, 6767.206769230768], [25038.66504615384, 6751.826753846152], [25054.045061538458, 6736.446738461537], [25084.805092307688, 6736.446738461537], [25115.565123076918, 6736.446738461537], [25146.325153846148, 6736.446738461537], [25177.08518461538, 6736.446738461537], [25192.465199999995, 6721.066723076921], [25207.845215384612, 6705.686707692306], [25238.605246153842, 6705.686707692306], [25253.985261538455, 6690.306692307691], [25269.365276923072, 6674.926676923075], [25300.125307692302, 6674.926676923075], [25330.885338461532, 6674.926676923075], [25346.26535384615, 6659.54666153846], [25361.645369230766, 6644.166646153845], [25392.405399999996, 6644.166646153845], [25407.78541538461, 6628.786630769229], [25423.165430769226, 6613.406615384614], [25438.54544615384, 6628.786630769229], [25453.925461538456, 6644.166646153845], [25469.305476923073, 6628.786630769229], [25484.685492307686, 6613.406615384614], [25515.445523076916, 6613.406615384614], [25530.825538461533, 6628.786630769229], [25546.20555384615, 6644.166646153845], [25576.96558461538, 6644.166646153845], [25592.345599999993, 6628.786630769229], [25607.72561538461, 6613.406615384614], [25638.48564615384, 6613.406615384614], [25653.865661538457, 6628.786630769229], [25669.24567692307, 6644.166646153845], [25700.005707692304, 6644.166646153845], [25715.385723076917, 6659.54666153846], [25730.765738461534, 6674.926676923075], [25761.525769230764, 6674.926676923075], [25776.90578461538, 6690.306692307691], [25792.285799999994, 6705.686707692306], [25807.66581538461, 6721.066723076921], [25823.045830769224, 6736.446738461537], [25838.42584615384, 6751.826753846152], [25838.42584615384, 6782.586784615383], [25823.045830769224, 6797.966799999998], [25807.66581538461, 6813.346815384614], [25823.045830769224, 6828.726830769229], [25838.42584615384, 6844.106846153844], [25853.805861538458, 6859.48686153846], [25869.18587692307, 6874.866876923075], [25853.805861538458, 6890.246892307691], [25838.42584615384, 6905.626907692306], [25838.42584615384, 6936.386938461537], [25823.045830769224, 6951.766953846152], [25807.66581538461, 6967.146969230768], [25792.285799999994, 6982.526984615383], [25776.90578461538, 6997.906999999998], [25761.525769230764, 7013.287015384614], [25746.145753846147, 7028.667030769229], [25730.765738461534, 7044.047046153844], [25715.385723076917, 7059.42706153846], [25715.385723076917, 7090.187092307691], [25700.005707692304, 7105.567107692306], [25684.625692307687, 7120.947123076921], [25669.24567692307, 7136.327138461537], [25653.865661538457, 7151.707153846152], [25653.865661538457, 7182.467184615383], [25638.48564615384, 7197.847199999998], [25623.105630769227, 7213.227215384614], [25623.105630769227, 7243.987246153844], [25623.105630769227, 7274.747276923075], [25638.48564615384, 7290.127292307691], [25653.865661538457, 7305.507307692306], [25669.24567692307, 7320.887323076921], [25684.625692307687, 7336.267338461537], [25700.005707692304, 7351.647353846152], [25715.385723076917, 7367.027369230767], [25730.765738461534, 7382.407384615383], [25761.525769230764, 7382.407384615383], [25792.285799999994, 7382.407384615383], [25807.66581538461, 7397.787399999998], [25823.045830769224, 7413.167415384614], [25853.805861538458, 7413.167415384614], [25884.565892307688, 7413.167415384614], [25915.325923076918, 7413.167415384614], [25946.08595384615, 7413.167415384614], [25976.84598461538, 7413.167415384614], [25992.225999999995, 7397.787399999998], [26007.606015384612, 7382.407384615383], [26038.366046153842, 7382.407384615383], [26069.126076923072, 7382.407384615383], [26099.886107692302, 7382.407384615383], [26130.646138461532, 7382.407384615383], [26161.406169230762, 7382.407384615383], [26192.166199999996, 7382.407384615383], [26207.54621538461, 7367.027369230767], [26222.926230769226, 7351.647353846152], [26238.30624615384, 7367.027369230767], [26253.686261538456, 7382.407384615383], [26284.446292307686, 7382.407384615383], [26299.826307692303, 7397.787399999998], [26315.206323076916, 7413.167415384614], [26345.96635384615, 7413.167415384614], [26376.72638461538, 7413.167415384614], [26407.48641538461, 7413.167415384614], [26438.24644615384, 7413.167415384614], [26453.626461538457, 7428.547430769229], [26469.00647692307, 7443.927446153844], [26499.766507692304, 7443.927446153844], [26515.146523076917, 7459.30746153846], [26530.526538461534, 7474.687476923075], [26561.286569230764, 7474.687476923075], [26576.66658461538, 7490.06749230769], [26592.046599999994, 7505.447507692306], [26607.42661538461, 7520.827523076921], [26622.806630769224, 7536.207538461537], [26638.18664615384, 7551.587553846152], [26653.566661538458, 7566.967569230767], [26668.94667692307, 7582.347584615383], [26684.326692307688, 7597.727599999998], [26715.086723076918, 7597.727599999998], [26730.46673846153, 7613.107615384614], [26745.84675384615, 7628.487630769229], [26761.226769230765, 7643.867646153844], [26776.60678461538, 7659.24766153846], [26791.986799999995, 7674.627676923075], [26807.36681538461, 7690.00769230769], [26822.746830769225, 7705.387707692306], [26838.126846153842, 7720.767723076921], [26853.506861538455, 7736.147738461537], [26868.886876923072, 7751.527753846152], [26884.266892307685, 7766.907769230767], [26884.266892307685, 7797.667799999998], [26884.266892307685, 7828.427830769229], [26868.886876923072, 7843.807846153844], [26853.506861538455, 7859.18786153846], [26838.126846153842, 7874.567876923075], [26822.746830769225, 7889.94789230769], [26807.36681538461, 7905.327907692306], [26776.60678461538, 7905.327907692306], [26745.84675384615, 7905.327907692306], [26715.086723076918, 7905.327907692306], [26699.7067076923, 7889.94789230769], [26684.326692307688, 7874.567876923075], [26653.566661538458, 7874.567876923075], [26622.806630769224, 7874.567876923075], [26607.42661538461, 7859.18786153846], [26592.046599999994, 7843.807846153844], [26576.66658461538, 7828.427830769229], [26561.286569230764, 7813.047815384613], [26530.526538461534, 7813.047815384613], [26515.146523076917, 7797.667799999998], [26499.766507692304, 7782.287784615383], [26469.00647692307, 7782.287784615383], [26438.24644615384, 7782.287784615383], [26407.48641538461, 7782.287784615383], [26392.106399999993, 7797.667799999998], [26376.72638461538, 7813.047815384613], [26345.96635384615, 7813.047815384613], [26315.206323076916, 7813.047815384613], [26284.446292307686, 7813.047815384613], [26253.686261538456, 7813.047815384613], [26238.30624615384, 7828.427830769229], [26222.926230769226, 7843.807846153844], [26192.166199999996, 7843.807846153844], [26161.406169230762, 7843.807846153844], [26130.646138461532, 7843.807846153844], [26099.886107692302, 7843.807846153844], [26069.126076923072, 7843.807846153844], [26038.366046153842, 7843.807846153844], [26007.606015384612, 7843.807846153844], [25992.225999999995, 7859.18786153846], [25976.84598461538, 7874.567876923075], [25961.465969230765, 7889.94789230769], [25946.08595384615, 7905.327907692306], [25915.325923076918, 7905.327907692306], [25899.9459076923, 7920.707923076921], [25884.565892307688, 7936.087938461537], [25869.18587692307, 7951.467953846152], [25853.805861538458, 7966.847969230767], [25823.045830769224, 7966.847969230767], [25807.66581538461, 7982.227984615383], [25792.285799999994, 7997.607999999998], [25761.525769230764, 7997.607999999998], [25746.145753846147, 8012.988015384613], [25730.765738461534, 8028.368030769229], [25715.385723076917, 8043.748046153844], [25700.005707692304, 8059.12806153846], [25669.24567692307, 8059.12806153846], [25653.865661538457, 8074.508076923075], [25638.48564615384, 8089.88809230769], [25623.105630769227, 8105.268107692306], [25607.72561538461, 8120.648123076921], [25576.96558461538, 8120.648123076921], [25561.585569230763, 8136.028138461536], [25546.20555384615, 8151.408153846152], [25515.445523076916, 8151.408153846152], [25500.065507692303, 8166.788169230767], [25484.685492307686, 8182.168184615383], [25469.305476923073, 8197.548199999997], [25453.925461538456, 8212.928215384614], [25423.165430769226, 8212.928215384614], [25392.405399999996, 8212.928215384614], [25377.02538461538, 8228.30823076923], [25361.645369230766, 8243.688246153844], [25330.885338461532, 8243.688246153844], [25315.50532307692, 8259.06826153846], [25300.125307692302, 8274.448276923074]]]}, "properties": {"objectType": "annotation", "name": "R1_2_T|lesion_6", "classification": {"name": "lesion", "color": [255, 0, 0]}, "lesion_id": 6, "section": "R1_2_T", "area_um2": 218549.99999999988}}, {"type": "Feature", "geometry": {"type": "MultiPolygon", "coordinates": [[[[25284.74529230769, 8043.748046153844], [25300.125307692302, 8028.368030769229], [25330.885338461532, 8028.368030769229], [25346.26535384615, 8012.988015384613], [25361.645369230766, 7997.607999999998], [25392.405399999996, 7997.607999999998], [25407.78541538461, 7982.227984615383], [25423.165430769226, 7966.847969230767], [25453.925461538456, 7966.847969230767], [25469.305476923073, 7951.467953846152], [25484.685492307686, 7936.087938461537], [25500.065507692303, 7920.707923076921], [25515.445523076916, 7905.327907692306], [25546.20555384615, 7905.327907692306], [25561.585569230763, 7889.94789230769], [25576.96558461538, 7874.567876923075], [25592.345599999993, 7859.18786153846], [25607.72561538461, 7843.807846153844], [25638.48564615384, 7843.807846153844], [25653.865661538457, 7828.427830769229], [25669.24567692307, 7813.047815384613], [25700.005707692304, 7813.047815384613], [25715.385723076917, 7797.667799999998], [25730.765738461534, 7782.287784615383], [25746.145753846147, 7766.907769230767], [25761.525769230764, 7751.527753846152], [25792.285799999994, 7751.527753846152], [25807.66581538461, 7736.147738461537], [25823.045830769224, 7720.767723076921], [25838.42584615384, 7705.387707692306], [25853.805861538458, 7690.00769230769], [25884.565892307688, 7690.00769230769], [25899.9459076923, 7674.627676923075], [25915.325923076918, 7659.24766153846], [25946.08595384615, 7659.24766153846], [25961.465969230765, 7643.867646153844], [25946.08595384615, 7628.487630769229], [25915.325923076918, 7628.487630769229], [25884.565892307688, 7628.487630769229], [25853.805861538458, 7628.487630769229], [25823.045830769224, 7628.487630769229], [25792.285799999994, 7628.487630769229], [25776.90578461538, 7613.107615384614], [25761.525769230764, 7597.727599999998], [25730.765738461534, 7597.727599999998], [25700.005707692304, 7597.727599999998], [25684.625692307687, 7582.347584615383], [25669.24567692307, 7566.967569230767], [25638.48564615384, 7566.967569230767], [25623.105630769227, 7551.587553846152], [25607.72561538461, 7536.207538461537], [25576.96558461538, 7536.207538461537], [25561.585569230763, 7520.827523076921], [25546.20555384615, 7505.447507692306], [25530.825538461533, 7490.06749230769], [25515.445523076916, 7474.687476923075], [25500.065507692303, 7459.30746153846], [25484.685492307686, 7443.927446153844], [25469.305476923073, 7428.547430769229], [25469.305476923073, 7397.787399999998], [25453.925461538456, 7382.407384615383], [25438.54544615384, 7367.027369230767], [25438.54544615384, 7336.267338461537], [25423.165430769226, 7320.887323076921], [25407.78541538461, 7305.507307692306], [25407.78541538461, 7274.747276923075], [25407.78541538461, 7243.987246153844], [25407.78541538461, 7213.227215384614], [25407.78541538461, 7182.467184615383], [25423.165430769226, 7167.087169230767], [25438.54544615384, 7151.707153846152], [25438.54544615384, 7120.947123076921], [25453.925461538456, 7105.567107692306], [25469.305476923073, 7090.187092307691], [25469.305476923073, 7059.42706153846], [25484.685492307686, 7044.047046153844], [25500.065507692303, 7028.667030769229], [25500.065507692303, 6997.906999999998], [25515.445523076916, 6982.526984615383], [25530.825538461533, 6967.146969230768], [25546.20555384615, 6951.766953846152], [25561.585569230763, 6936.386938461537], [25561.585569230763, 6905.626907692306], [25576.96558461538, 6890.246892307691], [25592.345599999993, 6874.866876923075], [25576.96558461538, 6859.48686153846], [25546.20555384615, 6859.48686153846], [25515.445523076916, 6859.48686153846], [25484.685492307686, 6859.48686153846], [25453.925461538456, 6859.48686153846], [25423.165430769226, 6859.48686153846], [25392.405399999996, 6859.48686153846], [25377.02538461538, 6874.866876923075], [25361.645369230766, 6890.246892307691], [25330.885338461532, 6890.246892307691], [25300.125307692302, 6890.246892307691], [25284.74529230769, 6905.626907692306], [25269.365276923072, 6921.006923076921], [25238.605246153842, 6921.006923076921], [25223.225230769225, 6936.386938461537], [25207.845215384612, 6951.766953846152], [25177.08518461538, 6951.766953846152], [25146.325153846148, 6951.766953846152], [25115.565123076918, 6951.766953846152], [25084.805092307688, 6951.766953846152], [25069.42507692307, 6967.146969230768], [25054.045061538458, 6982.526984615383], [25023.285030769224, 6982.526984615383], [24992.524999999994, 6982.526984615383], [24961.764969230764, 6982.526984615383], [24931.004938461534, 6982.526984615383], [24900.244907692304, 6982.526984615383], [24869.48487692307, 6982.526984615383], [24838.72484615384, 6982.526984615383], [24807.96481538461, 6982.526984615383], [24777.20478461538, 6982.526984615383], [24746.44475384615, 6982.526984615383], [24715.68472307692, 6982.526984615383], [24684.924692307686, 6982.526984615383], [24669.544676923073, 6997.906999999998], [24669.544676923073, 7028.667030769229], [24684.924692307686, 7044.047046153844], [24700.304707692303, 7059.42706153846], [24700.304707692303, 7090.187092307691], [24715.68472307692, 7105.567107692306], [24731.064738461533, 7120.947123076921], [24731.064738461533, 7151.707153846152], [24746.44475384615, 7167.087169230767], [24761.824769230763, 7182.467184615383], [24761.824769230763, 7213.227215384614], [24777.20478461538, 7228.607230769229], [24792.584799999993, 7243.987246153844], [24792.584799999993, 7274.747276923075], [24792.584799999993, 7305.507307692306], [24792.584799999993, 7336.267338461537], [24792.584799999993, 7367.027369230767], [24792.584799999993, 7397.787399999998], [24807.96481538461, 7413.167415384614], [24823.344830769227, 7428.547430769229], [24823.344830769227, 7459.30746153846], [24823.344830769227, 7490.06749230769], [24823.344830769227, 7520.827523076921], [24823.344830769227, 7551.587553846152], [24838.72484615384, 7566.967569230767], [24854.104861538457, 7582.347584615383], [24869.48487692307, 7597.727599999998], [24884.864892307687, 7613.107615384614], [24900.244907692304, 7628.487630769229], [24915.624923076917, 7643.867646153844], [24931.004938461534, 7659.24766153846], [24946.384953846147, 7674.627676923075], [24961.764969230764, 7690.00769230769], [24977.14498461538, 7705.387707692306], [24992.524999999994, 7720.767723076921], [25007.90501538461, 7736.147738461537], [25007.90501538461, 7766.907769230767], [25023.285030769224, 7782.287784615383], [25038.66504615384, 7797.667799999998], [25054.045061538458, 7813.047815384613], [25069.42507692307, 7828.427830769229], [25084.805092307688, 7843.807846153844], [25100.1851076923, 7859.18786153846], [25115.565123076918, 7874.567876923075], [25130.945138461535, 7889.94789230769], [25146.325153846148, 7905.327907692306], [25161.705169230765, 7920.707923076921], [25177.08518461538, 7936.087938461537], [25192.465199999995, 7951.467953846152], [25207.845215384612, 7966.847969230767], [25223.225230769225, 7982.227984615383], [25223.225230769225, 8012.988015384613], [25238.605246153842, 8028.368030769229], [25253.985261538455, 8043.748046153844], [25269.365276923072, 8059.12806153846], [25284.74529230769, 8043.748046153844]]], [[[26207.54621538461, 7613.107615384614], [26192.166199999996, 7597.727599999998], [26161.406169230762, 7597.727599999998], [26130.646138461532, 7597.727599999998], [26099.886107692302, 7597.727599999998], [26069.126076923072, 7597.727599999998], [26038.366046153842, 7597.727599999998], [26022.986030769225, 7613.107615384614], [26038.366046153842, 7628.487630769229], [26069.126076923072, 7628.487630769229], [26099.886107692302, 7628.487630769229], [26130.646138461532, 7628.487630769229], [26161.406169230762, 7628.487630769229], [26192.166199999996, 7628.487630769229], [26207.54621538461, 7613.107615384614]]]]}, "properties": {"objectType": "annotation", "name": "R1_2_T|core_6", "classification": {"name": "core", "color": [230, 103, 103]}, "lesion_id": 6, "section": "R1_2_T", "area_um2": 77999.99999999994}}, {"type": "Feature", "geometry": {"type": "Polygon", "coordinates": [[[25315.50532307692, 8259.06826153846], [25330.885338461532, 8243.688246153844], [25361.645369230766, 8243.688246153844], [25377.02538461538, 8228.30823076923], [25392.405399999996, 8212.928215384614], [25423.165430769226, 8212.928215384614], [25453.925461538456, 8212.928215384614], [25469.305476923073, 8197.548199999997], [25484.685492307686, 8182.168184615383], [25500.065507692303, 8166.788169230767], [25515.445523076916, 8151.408153846152], [25546.20555384615, 8151.408153846152], [25561.585569230763, 8136.028138461536], [25576.96558461538, 8120.648123076921], [25607.72561538461, 8120.648123076921], [25623.105630769227, 8105.268107692306], [25638.48564615384, 8089.88809230769], [25653.865661538457, 8074.508076923075], [25669.24567692307, 8059.12806153846], [25700.005707692304, 8059.12806153846], [25715.385723076917, 8043.748046153844], [25730.765738461534, 8028.368030769229], [25746.145753846147, 8012.988015384613], [25761.525769230764, 7997.607999999998], [25792.285799999994, 7997.607999999998], [25807.66581538461, 7982.227984615383], [25823.045830769224, 7966.847969230767], [25853.805861538458, 7966.847969230767], [25869.18587692307, 7951.467953846152], [25884.565892307688, 7936.087938461537], [25899.9459076923, 7920.707923076921], [25915.325923076918, 7905.327907692306], [25946.08595384615, 7905.327907692306], [25961.465969230765, 7889.94789230769], [25976.84598461538, 7874.567876923075], [25992.225999999995, 7859.18786153846], [26007.606015384612, 7843.807846153844], [26038.366046153842, 7843.807846153844], [26069.126076923072, 7843.807846153844], [26099.886107692302, 7843.807846153844], [26130.646138461532, 7843.807846153844], [26161.406169230762, 7843.807846153844], [26192.166199999996, 7843.807846153844], [26222.926230769226, 7843.807846153844], [26238.30624615384, 7828.427830769229], [26253.686261538456, 7813.047815384613], [26284.446292307686, 7813.047815384613], [26315.206323076916, 7813.047815384613], [26345.96635384615, 7813.047815384613], [26376.72638461538, 7813.047815384613], [26392.106399999993, 7797.667799999998], [26407.48641538461, 7782.287784615383], [26438.24644615384, 7782.287784615383], [26469.00647692307, 7782.287784615383], [26499.766507692304, 7782.287784615383], [26515.146523076917, 7797.667799999998], [26530.526538461534, 7813.047815384613], [26561.286569230764, 7813.047815384613], [26576.66658461538, 7828.427830769229], [26592.046599999994, 7843.807846153844], [26607.42661538461, 7859.18786153846], [26622.806630769224, 7874.567876923075], [26653.566661538458, 7874.567876923075], [26684.326692307688, 7874.567876923075], [26699.7067076923, 7889.94789230769], [26715.086723076918, 7905.327907692306], [26745.84675384615, 7905.327907692306], [26776.60678461538, 7905.327907692306], [26807.36681538461, 7905.327907692306], [26822.746830769225, 7889.94789230769], [26838.126846153842, 7874.567876923075], [26853.506861538455, 7859.18786153846], [26868.886876923072, 7843.807846153844], [26884.266892307685, 7828.427830769229], [26884.266892307685, 7797.667799999998], [26884.266892307685, 7766.907769230767], [26868.886876923072, 7751.527753846152], [26853.506861538455, 7736.147738461537], [26838.126846153842, 7720.767723076921], [26822.746830769225, 7705.387707692306], [26807.36681538461, 7690.00769230769], [26791.986799999995, 7674.627676923075], [26776.60678461538, 7659.24766153846], [26761.226769230765, 7643.867646153844], [26745.84675384615, 7628.487630769229], [26730.46673846153, 7613.107615384614], [26715.086723076918, 7597.727599999998], [26684.326692307688, 7597.727599999998], [26668.94667692307, 7582.347584615383], [26653.566661538458, 7566.967569230767], [26638.18664615384, 7551.587553846152], [26622.806630769224, 7536.207538461537], [26607.42661538461, 7520.827523076921], [26592.046599999994, 7505.447507692306], [26576.66658461538, 7490.06749230769], [26561.286569230764, 7474.687476923075], [26530.526538461534, 7474.687476923075], [26515.146523076917, 7459.30746153846], [26499.766507692304, 7443.927446153844], [26469.00647692307, 7443.927446153844], [26453.626461538457, 7428.547430769229], [26438.24644615384, 7413.167415384614], [26407.48641538461, 7413.167415384614], [26376.72638461538, 7413.167415384614], [26345.96635384615, 7413.167415384614], [26315.206323076916, 7413.167415384614], [26299.826307692303, 7397.787399999998], [26284.446292307686, 7382.407384615383], [26253.686261538456, 7382.407384615383], [26238.30624615384, 7367.027369230767], [26222.926230769226, 7351.647353846152], [26207.54621538461, 7367.027369230767], [26192.166199999996, 7382.407384615383], [26161.406169230762, 7382.407384615383], [26130.646138461532, 7382.407384615383], [26099.886107692302, 7382.407384615383], [26069.126076923072, 7382.407384615383], [26038.366046153842, 7382.407384615383], [26007.606015384612, 7382.407384615383], [25992.225999999995, 7397.787399999998], [25976.84598461538, 7413.167415384614], [25946.08595384615, 7413.167415384614], [25915.325923076918, 7413.167415384614], [25884.565892307688, 7413.167415384614], [25853.805861538458, 7413.167415384614], [25823.045830769224, 7413.167415384614], [25807.66581538461, 7397.787399999998], [25792.285799999994, 7382.407384615383], [25761.525769230764, 7382.407384615383], [25730.765738461534, 7382.407384615383], [25715.385723076917, 7367.027369230767], [25700.005707692304, 7351.647353846152], [25684.625692307687, 7336.267338461537], [25669.24567692307, 7320.887323076921], [25653.865661538457, 7305.507307692306], [25638.48564615384, 7290.127292307691], [25623.105630769227, 7274.747276923075], [25623.105630769227, 7243.987246153844], [25623.105630769227, 7213.227215384614], [25638.48564615384, 7197.847199999998], [25653.865661538457, 7182.467184615383], [25653.865661538457, 7151.707153846152], [25669.24567692307, 7136.327138461537], [25684.625692307687, 7120.947123076921], [25700.005707692304, 7105.567107692306], [25715.385723076917, 7090.187092307691], [25715.385723076917, 7059.42706153846], [25730.765738461534, 7044.047046153844], [25746.145753846147, 7028.667030769229], [25761.525769230764, 7013.287015384614], [25776.90578461538, 6997.906999999998], [25792.285799999994, 6982.526984615383], [25807.66581538461, 6967.146969230768], [25823.045830769224, 6951.766953846152], [25838.42584615384, 6936.386938461537], [25838.42584615384, 6905.626907692306], [25853.805861538458, 6890.246892307691], [25869.18587692307, 6874.866876923075], [25853.805861538458, 6859.48686153846], [25838.42584615384, 6844.106846153844], [25823.045830769224, 6828.726830769229], [25807.66581538461, 6813.346815384614], [25823.045830769224, 6797.966799999998], [25838.42584615384, 6782.586784615383], [25838.42584615384, 6751.826753846152], [25823.045830769224, 6736.446738461537], [25807.66581538461, 6721.066723076921], [25792.285799999994, 6705.686707692306], [25776.90578461538, 6690.306692307691], [25761.525769230764, 6674.926676923075], [25730.765738461534, 6674.926676923075], [25715.385723076917, 6659.54666153846], [25700.005707692304, 6644.166646153845], [25669.24567692307, 6644.166646153845], [25653.865661538457, 6628.786630769229], [25638.48564615384, 6613.406615384614], [25607.72561538461, 6613.406615384614], [25592.345599999993, 6628.786630769229], [25576.96558461538, 6644.166646153845], [25546.20555384615, 6644.166646153845], [25530.825538461533, 6628.786630769229], [25515.445523076916, 6613.406615384614], [25484.685492307686, 6613.406615384614], [25469.305476923073, 6628.786630769229], [25453.925461538456, 6644.166646153845], [25438.54544615384, 6628.786630769229], [25423.165430769226, 6613.406615384614], [25407.78541538461, 6628.786630769229], [25392.405399999996, 6644.166646153845], [25361.645369230766, 6644.166646153845], [25346.26535384615, 6659.54666153846], [25330.885338461532, 6674.926676923075], [25300.125307692302, 6674.926676923075], [25269.365276923072, 6674.926676923075], [25253.985261538455, 6690.306692307691], [25238.605246153842, 6705.686707692306], [25207.845215384612, 6705.686707692306], [25192.465199999995, 6721.066723076921], [25177.08518461538, 6736.446738461537], [25146.325153846148, 6736.446738461537], [25115.565123076918, 6736.446738461537], [25084.805092307688, 6736.446738461537], [25054.045061538458, 6736.446738461537], [25038.66504615384, 6751.826753846152], [25023.285030769224, 6767.206769230768], [24992.524999999994, 6767.206769230768], [24961.764969230764, 6767.206769230768], [24931.004938461534, 6767.206769230768], [24900.244907692304, 6767.206769230768], [24869.48487692307, 6767.206769230768], [24838.72484615384, 6767.206769230768], [24807.96481538461, 6767.206769230768], [24792.584799999993, 6751.826753846152], [24777.20478461538, 6736.446738461537], [24761.824769230763, 6751.826753846152], [24746.44475384615, 6767.206769230768], [24715.68472307692, 6767.206769230768], [24684.924692307686, 6767.206769230768], [24654.164661538456, 6767.206769230768], [24623.404630769226, 6767.206769230768], [24592.644599999996, 6767.206769230768], [24561.884569230766, 6767.206769230768], [24546.50455384615, 6782.586784615383], [24531.124538461532, 6797.966799999998], [24515.74452307692, 6813.346815384614], [24500.364507692302, 6828.726830769229], [24484.98449230769, 6844.106846153844], [24484.98449230769, 6874.866876923075], [24469.604476923072, 6890.246892307691], [24454.224461538455, 6905.626907692306], [24454.224461538455, 6936.386938461537], [24454.224461538455, 6967.146969230768], [24454.224461538455, 6997.906999999998], [24454.224461538455, 7028.667030769229], [24454.224461538455, 7059.42706153846], [24469.604476923072, 7074.807076923075], [24484.98449230769, 7090.187092307691], [24484.98449230769, 7120.947123076921], [24484.98449230769, 7151.707153846152], [24500.364507692302, 7167.087169230767], [24515.74452307692, 7182.467184615383], [24531.124538461532, 7197.847199999998], [24546.50455384615, 7213.227215384614], [24546.50455384615, 7243.987246153844], [24561.884569230766, 7259.36726153846], [24577.26458461538, 7274.747276923075], [24577.26458461538, 7305.507307692306], [24577.26458461538, 7336.267338461537], [24577.26458461538, 7367.027369230767], [24577.26458461538, 7397.787399999998], [24577.26458461538, 7428.547430769229], [24592.644599999996, 7443.927446153844], [24608.02461538461, 7459.30746153846], [24608.02461538461, 7490.06749230769], [24608.02461538461, 7520.827523076921], [24608.02461538461, 7551.587553846152], [24608.02461538461, 7582.347584615383], [24608.02461538461, 7613.107615384614], [24608.02461538461, 7643.867646153844], [24623.404630769226, 7659.24766153846], [24638.784646153843, 7674.627676923075], [24654.164661538456, 7690.00769230769], [24669.544676923073, 7705.387707692306], [24684.924692307686, 7720.767723076921], [24700.304707692303, 7736.147738461537], [24715.68472307692, 7751.527753846152], [24731.064738461533, 7766.907769230767], [24746.44475384615, 7782.287784615383], [24761.824769230763, 7797.667799999998], [24777.20478461538, 7813.047815384613], [24792.584799999993, 7828.427830769229], [24807.96481538461, 7843.807846153844], [24823.344830769227, 7859.18786153846], [24838.72484615384, 7874.567876923075], [24854.104861538457, 7889.94789230769], [24854.104861538457, 7920.707923076921], [24869.48487692307, 7936.087938461537], [24884.864892307687, 7951.467953846152], [24900.244907692304, 7966.847969230767], [24915.624923076917, 7982.227984615383], [24931.004938461534, 7997.607999999998], [24946.384953846147, 8012.988015384613], [24961.764969230764, 8028.368030769229], [24977.14498461538, 8043.748046153844], [24992.524999999994, 8059.12806153846], [25007.90501538461, 8074.508076923075], [25023.285030769224, 8089.88809230769], [25038.66504615384, 8105.268107692306], [25054.045061538458, 8120.648123076921], [25069.42507692307, 8136.028138461536], [25069.42507692307, 8166.788169230767], [25069.42507692307, 8197.548199999997], [25084.805092307688, 8212.928215384614], [25100.1851076923, 8228.30823076923], [25115.565123076918, 8243.688246153844], [25130.945138461535, 8259.06826153846], [25146.325153846148, 8274.448276923074], [25177.08518461538, 8274.448276923074], [25207.845215384612, 8274.448276923074], [25238.605246153842, 8274.448276923074], [25269.365276923072, 8274.448276923074], [25300.125307692302, 8274.448276923074], [25315.50532307692, 8259.06826153846]]]}, "properties": {"objectType": "annotation", "name": "R1_2_T|rim_6", "classification": {"name": "rim", "color": [201, 133, 0]}, "lesion_id": 6, "section": "R1_2_T", "area_um2": 218550.00000000003}}, {"type": "Feature", "geometry": {"type": "Polygon", "coordinates": [[[30098.690107692302, 12057.932061538459], [30067.930076923072, 12057.932061538459], [30052.550061538455, 12042.552046153844], [30037.17004615384, 12027.172030769229], [30006.41001538461, 12027.172030769229], [29991.029999999995, 12011.792015384613], [29975.64998461538, 11996.411999999998], [29960.26996923076, 11981.031984615382], [29944.88995384615, 11965.651969230767], [29929.50993846153, 11950.271953846152], [29929.50993846153, 11919.511923076921], [29929.50993846153, 11888.75189230769], [29929.50993846153, 11857.99186153846], [29929.50993846153, 11827.231830769228], [29929.50993846153, 11796.471799999998], [29929.50993846153, 11765.711769230767], [29929.50993846153, 11734.951738461536], [29929.50993846153, 11704.191707692305], [29914.12992307692, 11688.81169230769], [29898.7499076923, 11673.431676923075], [29898.7499076923, 11642.671646153844], [29883.369892307688, 11627.291630769229], [29867.98987692307, 11611.911615384613], [29852.609861538454, 11596.531599999998], [29837.22984615384, 11581.151584615382], [29837.22984615384, 11550.391553846152], [29821.849830769224, 11535.011538461536], [29806.46981538461, 11519.631523076921], [29806.46981538461, 11488.87149230769], [29806.46981538461, 11458.11146153846], [29806.46981538461, 11427.351430769228], [29806.46981538461, 11396.591399999998], [29821.849830769224, 11381.211384615382], [29837.22984615384, 11365.831369230767], [29852.609861538454, 11350.451353846152], [29867.98987692307, 11335.071338461536], [29883.369892307688, 11319.69132307692], [29898.7499076923, 11304.311307692305], [29898.7499076923, 11273.551276923075], [29914.12992307692, 11258.171261538459], [29929.50993846153, 11242.791246153844], [29929.50993846153, 11212.031215384613], [29944.88995384615, 11196.651199999998], [29960.26996923076, 11181.271184615382], [29975.64998461538, 11165.891169230767], [29991.029999999995, 11150.511153846152], [29991.029999999995, 11119.751123076921], [30006.41001538461, 11104.371107692305], [30021.790030769225, 11088.99109230769], [30037.17004615384, 11073.611076923075], [30052.550061538455, 11058.23106153846], [30067.930076923072, 11042.851046153844], [30083.310092307685, 11027.47103076923], [30083.310092307685, 10996.710999999998], [30098.690107692302, 10981.330984615382], [30114.070123076915, 10965.950969230767], [30129.450138461532, 10950.570953846152], [30144.83015384615, 10935.190938461536], [30160.210169230762, 10919.81092307692], [30175.59018461538, 10904.430907692305], [30190.970199999992, 10889.05089230769], [30206.35021538461, 10873.670876923075], [30206.35021538461, 10842.910846153844], [30221.730230769226, 10827.530830769228], [30237.11024615384, 10812.150815384613], [30252.490261538456, 10796.770799999998], [30267.87027692307, 10781.390784615382], [30283.250292307686, 10766.010769230767], [30314.010323076916, 10766.010769230767], [30329.390338461533, 10750.630753846151], [30344.770353846146, 10735.250738461536], [30360.150369230763, 10719.870723076921], [30375.53038461538, 10704.490707692306], [30390.910399999993, 10689.11069230769], [30406.29041538461, 10673.730676923074], [30421.670430769223, 10658.35066153846], [30437.05044615384, 10642.970646153844], [30467.81047692307, 10642.970646153844], [30483.190492307687, 10627.59063076923], [30498.5705076923, 10612.210615384613], [30513.950523076917, 10596.830599999998], [30529.330538461534, 10581.450584615382], [30544.710553846147, 10566.070569230767], [30544.710553846147, 10535.310538461536], [30544.710553846147, 10504.550507692305], [30544.710553846147, 10473.790476923075], [30544.710553846147, 10443.030446153844], [30529.330538461534, 10427.650430769228], [30513.950523076917, 10412.270415384613], [30498.5705076923, 10396.890399999998], [30483.190492307687, 10381.510384615383], [30467.81047692307, 10366.130369230767], [30437.05044615384, 10366.130369230767], [30421.670430769223, 10381.510384615383], [30406.29041538461, 10396.890399999998], [30390.910399999993, 10381.510384615383], [30375.53038461538, 10366.130369230767], [30360.150369230763, 10350.750353846151], [30344.770353846146, 10335.370338461536], [30329.390338461533, 10319.990323076921], [30329.390338461533, 10289.23029230769], [30344.770353846146, 10273.850276923074], [30360.150369230763, 10258.47026153846], [30375.53038461538, 10243.090246153844], [30390.910399999993, 10227.71023076923], [30390.910399999993, 10196.950199999997], [30375.53038461538, 10181.570184615382], [30360.150369230763, 10166.190169230767], [30360.150369230763, 10135.430138461536], [30344.770353846146, 10120.05012307692], [30329.390338461533, 10104.670107692305], [30314.010323076916, 10089.29009230769], [30298.630307692303, 10073.910076923075], [30298.630307692303, 10043.150046153844], [30314.010323076916, 10027.770030769228], [30329.390338461533, 10012.390015384613], [30314.010323076916, 9997.009999999998], [30298.630307692303, 9981.629984615383], [30283.250292307686, 9966.249969230767], [30267.87027692307, 9950.869953846151], [30267.87027692307, 9920.109923076921], [30267.87027692307, 9889.34989230769], [30267.87027692307, 9858.58986153846], [30283.250292307686, 9843.209846153844], [30298.630307692303, 9827.82983076923], [30314.010323076916, 9812.449815384613], [30329.390338461533, 9797.069799999997], [30314.010323076916, 9781.689784615382], [30298.630307692303, 9766.309769230767], [30283.250292307686, 9750.929753846152], [30267.87027692307, 9735.549738461537], [30252.490261538456, 9720.16972307692], [30237.11024615384, 9704.789707692305], [30221.730230769226, 9689.40969230769], [30206.35021538461, 9674.029676923075], [30206.35021538461, 9643.269646153843], [30190.970199999992, 9627.889630769228], [30175.59018461538, 9612.509615384613], [30160.210169230762, 9597.129599999998], [30144.83015384615, 9581.749584615383], [30144.83015384615, 9550.989553846151], [30129.450138461532, 9535.609538461536], [30114.070123076915, 9520.229523076921], [30098.690107692302, 9504.849507692306], [30083.310092307685, 9489.46949230769], [30083.310092307685, 9458.70946153846], [30067.930076923072, 9443.329446153844], [30052.550061538455, 9427.94943076923], [30037.17004615384, 9412.569415384614], [30021.790030769225, 9397.189399999997], [30006.41001538461, 9381.809384615382], [29991.029999999995, 9366.429369230767], [29991.029999999995, 9335.669338461537], [29991.029999999995, 9304.909307692305], [30006.41001538461, 9289.52929230769], [30021.790030769225, 9274.149276923075], [30037.17004615384, 9258.76926153846], [30052.550061538455, 9243.389246153843], [30067.930076923072, 9228.009230769228], [30083.310092307685, 9212.629215384613], [30083.310092307685, 9181.869184615383], [30083.310092307685, 9151.109153846151], [30083.310092307685, 9120.349123076921], [30067.930076923072, 9104.969107692306], [30052.550061538455, 9089.589092307691], [30052.550061538455, 9058.82906153846], [30067.930076923072, 9043.449046153844], [30083.310092307685, 9028.06903076923], [30067.930076923072, 9012.689015384614], [30052.550061538455, 8997.308999999997], [30052.550061538455, 8966.548969230767], [30037.17004615384, 8951.168953846152], [30021.790030769225, 8935.788938461537], [30021.790030769225, 8905.028907692305], [30021.790030769225, 8874.268876923075], [30021.790030769225, 8843.508846153843], [30037.17004615384, 8828.128830769228], [30052.550061538455, 8812.748815384613], [30052.550061538455, 8781.988784615383], [30037.17004615384, 8766.608769230768], [30021.790030769225, 8751.228753846151], [30037.17004615384, 8735.848738461536], [30052.550061538455, 8720.468723076921], [30037.17004615384, 8705.088707692306], [30021.790030769225, 8689.708692307691], [30037.17004615384, 8674.328676923074], [30052.550061538455, 8658.94866153846], [30037.17004615384, 8643.568646153844], [30021.790030769225, 8628.18863076923], [30006.41001538461, 8612.808615384614], [29991.029999999995, 8597.428599999997], [30006.41001538461, 8582.048584615382], [30021.790030769225, 8566.668569230767], [30021.790030769225, 8535.908538461537], [30037.17004615384, 8520.52852307692], [30052.550061538455, 8505.148507692305], [30037.17004615384, 8489.76849230769], [30021.790030769225, 8474.388476923075], [30021.790030769225, 8443.628446153845], [30037.17004615384, 8428.248430769228], [30052.550061538455, 8412.868415384613], [30067.930076923072, 8397.488399999998], [30083.310092307685, 8382.108384615383], [30083.310092307685, 8351.348353846151], [30098.690107692302, 8335.968338461536], [30114.070123076915, 8320.588323076921], [30129.450138461532, 8305.208307692306], [30144.83015384615, 8289.828292307691], [30160.210169230762, 8274.448276923074], [30175.59018461538, 8259.06826153846], [30175.59018461538, 8228.30823076923], [30175.59018461538, 8197.548199999997], [30190.970199999992, 8182.168184615383], [30206.35021538461, 8166.788169230767], [30221.730230769226, 8151.408153846152], [30237.11024615384, 8136.028138461536], [30252.490261538456, 8120.648123076921], [30267.87027692307, 8105.268107692306], [30283.250292307686, 8089.88809230769], [30298.630307692303, 8074.508076923075], [30314.010323076916, 8059.12806153846], [30344.770353846146, 8059.12806153846], [30375.53038461538, 8059.12806153846], [30390.910399999993, 8043.748046153844], [30406.29041538461, 8028.368030769229], [30421.670430769223, 8012.988015384613], [30437.05044615384, 7997.607999999998], [30452.430461538457, 7982.227984615383], [30467.81047692307, 7966.847969230767], [30498.5705076923, 7966.847969230767], [30513.950523076917, 7951.467953846152], [30529.330538461534, 7936.087938461537], [30544.710553846147, 7920.707923076921], [30560.090569230764, 7905.327907692306], [30590.850599999994, 7905.327907692306], [30606.230615384608, 7889.94789230769], [30621.610630769224, 7874.567876923075], [30636.99064615384, 7859.18786153846], [30652.370661538454, 7843.807846153844], [30667.75067692307, 7828.427830769229], [30683.130692307685, 7813.047815384613], [30713.89072307692, 7813.047815384613], [30744.65075384615, 7813.047815384613], [30760.03076923076, 7797.667799999998], [30775.41078461538, 7782.287784615383], [30790.790799999995, 7766.907769230767], [30806.17081538461, 7751.527753846152], [30821.550830769225, 7736.147738461537], [30836.93084615384, 7720.767723076921], [30852.310861538455, 7705.387707692306], [30867.690876923072, 7690.00769230769], [30883.070892307685, 7674.627676923075], [30898.450907692302, 7659.24766153846], [30913.830923076915, 7643.867646153844], [30898.450907692302, 7628.487630769229], [30883.070892307685, 7613.107615384614], [30883.070892307685, 7582.347584615383], [30867.690876923072, 7566.967569230767], [30852.310861538455, 7551.587553846152], [30836.93084615384, 7536.207538461537], [30821.550830769225, 7520.827523076921], [30806.17081538461, 7505.447507692306], [30775.41078461538, 7505.447507692306], [30744.65075384615, 7505.447507692306], [30729.27073846153, 7520.827523076921], [30713.89072307692, 7536.207538461537], [30698.5107076923, 7551.587553846152], [30683.130692307685, 7566.967569230767], [30652.370661538454, 7566.967569230767], [30636.99064615384, 7551.587553846152], [30621.610630769224, 7536.207538461537], [30606.230615384608, 7520.827523076921], [30590.850599999994, 7505.447507692306], [30575.470584615377, 7490.06749230769], [30560.090569230764, 7474.687476923075], [30544.710553846147, 7459.30746153846], [30560.090569230764, 7443.927446153844], [30575.470584615377, 7428.547430769229], [30590.850599999994, 7413.167415384614], [30606.230615384608, 7397.787399999998], [30606.230615384608, 7367.027369230767], [30606.230615384608, 7336.267338461537], [30621.610630769224, 7320.887323076921], [30636.99064615384, 7305.507307692306], [30636.99064615384, 7274.747276923075], [30636.99064615384, 7243.987246153844], [30652.370661538454, 7228.607230769229], [30667.75067692307, 7213.227215384614], [30667.75067692307, 7182.467184615383], [30667.75067692307, 7151.707153846152], [30683.130692307685, 7136.327138461537], [30698.5107076923, 7120.947123076921], [30713.89072307692, 7105.567107692306], [30729.27073846153, 7090.187092307691], [30729.27073846153, 7059.42706153846], [30744.65075384615, 7044.047046153844], [30760.03076923076, 7028.667030769229], [30775.41078461538, 7013.287015384614], [30790.790799999995, 6997.906999999998], [30806.17081538461, 6982.526984615383], [30821.550830769225, 6967.146969230768], [30836.93084615384, 6951.766953846152], [30852.310861538455, 6936.386938461537], [30867.690876923072, 6921.006923076921], [30883.070892307685, 6905.626907692306], [30898.450907692302, 6890.246892307691], [30913.830923076915, 6874.866876923075], [30929.210938461532, 6859.48686153846], [30959.970969230762, 6859.48686153846], [30990.730999999992, 6859.48686153846], [31021.491030769226, 6859.48686153846], [31036.87104615384, 6874.866876923075], [31052.251061538456, 6890.246892307691], [31067.63107692307, 6905.626907692306], [31083.011092307686, 6921.006923076921], [31098.391107692303, 6936.386938461537], [31113.771123076916, 6951.766953846152], [31129.151138461533, 6967.146969230768], [31144.531153846146, 6982.526984615383], [31159.911169230763, 6997.906999999998], [31159.911169230763, 7028.667030769229], [31159.911169230763, 7059.42706153846], [31159.911169230763, 7090.187092307691], [31175.29118461538, 7105.567107692306], [31190.671199999993, 7120.947123076921], [31190.671199999993, 7151.707153846152], [31190.671199999993, 7182.467184615383], [31190.671199999993, 7213.227215384614], [31190.671199999993, 7243.987246153844], [31190.671199999993, 7274.747276923075], [31175.29118461538, 7290.127292307691], [31159.911169230763, 7305.507307692306], [31175.29118461538, 7320.887323076921], [31190.671199999993, 7336.267338461537], [31190.671199999993, 7367.027369230767], [31175.29118461538, 7382.407384615383], [31159.911169230763, 7397.787399999998], [31175.29118461538, 7413.167415384614], [31190.671199999993, 7428.547430769229], [31190.671199999993, 7459.30746153846], [31190.671199999993, 7490.06749230769], [31190.671199999993, 7520.827523076921], [31190.671199999993, 7551.587553846152], [31175.29118461538, 7566.967569230767], [31159.911169230763, 7582.347584615383], [31144.531153846146, 7597.727599999998], [31129.151138461533, 7613.107615384614], [31113.771123076916, 7628.487630769229], [31098.391107692303, 7613.107615384614], [31083.011092307686, 7597.727599999998], [31052.251061538456, 7597.727599999998], [31036.87104615384, 7613.107615384614], [31021.491030769226, 7628.487630769229], [31006.11101538461, 7643.867646153844], [30990.730999999992, 7659.24766153846], [30975.35098461538, 7674.627676923075], [30959.970969230762, 7690.00769230769], [30944.59095384615, 7705.387707692306], [30929.210938461532, 7720.767723076921], [30913.830923076915, 7736.147738461537], [30929.210938461532, 7751.527753846152], [30944.59095384615, 7766.907769230767], [30929.210938461532, 7782.287784615383], [30913.830923076915, 7797.667799999998], [30898.450907692302, 7813.047815384613], [30883.070892307685, 7828.427830769229], [30883.070892307685, 7859.18786153846], [30898.450907692302, 7874.567876923075], [30913.830923076915, 7889.94789230769], [30929.210938461532, 7905.327907692306], [30944.59095384615, 7920.707923076921], [30959.970969230762, 7936.087938461537], [30990.730999999992, 7936.087938461537], [31021.491030769226, 7936.087938461537], [31052.251061538456, 7936.087938461537], [31067.63107692307, 7951.467953846152], [31083.011092307686, 7966.847969230767], [31098.391107692303, 7982.227984615383], [31113.771123076916, 7997.607999999998], [31129.151138461533, 8012.988015384613], [31144.531153846146, 8028.368030769229], [31159.911169230763, 8043.748046153844], [31175.29118461538, 8059.12806153846], [31190.671199999993, 8074.508076923075], [31190.671199999993, 8105.268107692306], [31206.05121538461, 8120.648123076921], [31221.431230769223, 8136.028138461536], [31236.81124615384, 8151.408153846152], [31252.191261538454, 8166.788169230767], [31252.191261538454, 8197.548199999997], [31252.191261538454, 8228.30823076923], [31252.191261538454, 8259.06826153846], [31252.191261538454, 8289.828292307691], [31252.191261538454, 8320.588323076921], [31252.191261538454, 8351.348353846151], [31236.81124615384, 8366.728369230768], [31221.431230769223, 8382.108384615383], [31221.431230769223, 8412.868415384613], [31221.431230769223, 8443.628446153845], [31221.431230769223, 8474.388476923075], [31221.431230769223, 8505.148507692305], [31221.431230769223, 8535.908538461537], [31221.431230769223, 8566.668569230767], [31221.431230769223, 8597.428599999997], [31206.05121538461, 8612.808615384614], [31190.671199999993, 8628.18863076923], [31190.671199999993, 8658.94866153846], [31190.671199999993, 8689.708692307691], [31190.671199999993, 8720.468723076921], [31175.29118461538, 8735.848738461536], [31159.911169230763, 8751.228753846151], [31159.911169230763, 8781.988784615383], [31159.911169230763, 8812.748815384613], [31144.531153846146, 8828.128830769228], [31129.151138461533, 8843.508846153843], [31129.151138461533, 8874.268876923075], [31113.771123076916, 8889.64889230769], [31098.391107692303, 8905.028907692305], [31083.011092307686, 8920.40892307692], [31067.63107692307, 8935.788938461537], [31067.63107692307, 8966.548969230767], [31067.63107692307, 8997.308999999997], [31052.251061538456, 9012.689015384614], [31036.87104615384, 9028.06903076923], [31036.87104615384, 9058.82906153846], [31052.251061538456, 9074.209076923074], [31067.63107692307, 9089.589092307691], [31067.63107692307, 9120.349123076921], [31067.63107692307, 9151.109153846151], [31083.011092307686, 9166.489169230766], [31098.391107692303, 9181.869184615383], [31098.391107692303, 9212.629215384613], [31098.391107692303, 9243.389246153843], [31113.771123076916, 9258.76926153846], [31129.151138461533, 9274.149276923075], [31129.151138461533, 9304.909307692305], [31129.151138461533, 9335.669338461537], [31129.151138461533, 9366.429369230767], [31129.151138461533, 9397.189399999997], [31129.151138461533, 9427.94943076923], [31129.151138461533, 9458.70946153846], [31129.151138461533, 9489.46949230769], [31129.151138461533, 9520.229523076921], [31129.151138461533, 9550.989553846151], [31129.151138461533, 9581.749584615383], [31129.151138461533, 9612.509615384613], [31113.771123076916, 9627.889630769228], [31098.391107692303, 9643.269646153843], [31098.391107692303, 9674.029676923075], [31098.391107692303, 9704.789707692305], [31098.391107692303, 9735.549738461537], [31098.391107692303, 9766.309769230767], [31083.011092307686, 9781.689784615382], [31067.63107692307, 9797.069799999997], [31052.251061538456, 9812.449815384613], [31036.87104615384, 9827.82983076923], [31021.491030769226, 9843.209846153844], [31006.11101538461, 9858.58986153846], [30990.730999999992, 9873.969876923074], [30975.35098461538, 9889.34989230769], [30959.970969230762, 9904.729907692306], [30944.59095384615, 9920.109923076921], [30944.59095384615, 9950.869953846151], [30929.210938461532, 9966.249969230767], [30913.830923076915, 9981.629984615383], [30898.450907692302, 9997.009999999998], [30883.070892307685, 10012.390015384613], [30867.690876923072, 10027.770030769228], [30852.310861538455, 10043.150046153844], [30836.93084615384, 10058.53006153846], [30821.550830769225, 10043.150046153844], [30806.17081538461, 10027.770030769228], [30790.790799999995, 10043.150046153844], [30775.41078461538, 10058.53006153846], [30760.03076923076, 10043.150046153844], [30744.65075384615, 10027.770030769228], [30713.89072307692, 10027.770030769228], [30698.5107076923, 10012.390015384613], [30683.130692307685, 9997.009999999998], [30667.75067692307, 9981.629984615383], [30652.370661538454, 9966.249969230767], [30636.99064615384, 9981.629984615383], [30621.610630769224, 9997.009999999998], [30606.230615384608, 10012.390015384613], [30590.850599999994, 10027.770030769228], [30575.470584615377, 10043.150046153844], [30575.470584615377, 10073.910076923075], [30575.470584615377, 10104.670107692305], [30575.470584615377, 10135.430138461536], [30575.470584615377, 10166.190169230767], [30560.090569230764, 10181.570184615382], [30544.710553846147, 10196.950199999997], [30544.710553846147, 10227.71023076923], [30560.090569230764, 10243.090246153844], [30575.470584615377, 10258.47026153846], [30575.470584615377, 10289.23029230769], [30575.470584615377, 10319.990323076921], [30575.470584615377, 10350.750353846151], [30590.850599999994, 10366.130369230767], [30606.230615384608, 10381.510384615383], [30621.610630769224, 10396.890399999998], [30636.99064615384, 10412.270415384613], [30652.370661538454, 10427.650430769228], [30683.130692307685, 10427.650430769228], [30713.89072307692, 10427.650430769228], [30729.27073846153, 10443.030446153844], [30744.65075384615, 10458.410461538459], [30760.03076923076, 10473.790476923075], [30775.41078461538, 10489.17049230769], [30790.790799999995, 10504.550507692305], [30775.41078461538, 10519.93052307692], [30760.03076923076, 10535.310538461536], [30760.03076923076, 10566.070569230767], [30760.03076923076, 10596.830599999998], [30744.65075384615, 10612.210615384613], [30729.27073846153, 10627.59063076923], [30729.27073846153, 10658.35066153846], [30713.89072307692, 10673.730676923074], [30698.5107076923, 10689.11069230769], [30683.130692307685, 10704.490707692306], [30667.75067692307, 10719.870723076921], [30667.75067692307, 10750.630753846151], [30667.75067692307, 10781.390784615382], [30667.75067692307, 10812.150815384613], [30652.370661538454, 10827.530830769228], [30636.99064615384, 10842.910846153844], [30636.99064615384, 10873.670876923075], [30636.99064615384, 10904.430907692305], [30636.99064615384, 10935.190938461536], [30621.610630769224, 10950.570953846152], [30606.230615384608, 10965.950969230767], [30606.230615384608, 10996.710999999998], [30590.850599999994, 11012.091015384613], [30575.470584615377, 11027.47103076923], [30560.090569230764, 11042.851046153844], [30544.710553846147, 11058.23106153846], [30529.330538461534, 11073.611076923075], [30513.950523076917, 11088.99109230769], [30498.5705076923, 11104.371107692305], [30483.190492307687, 11119.751123076921], [30467.81047692307, 11135.131138461536], [30452.430461538457, 11150.511153846152], [30452.430461538457, 11181.271184615382], [30452.430461538457, 11212.031215384613], [30452.430461538457, 11242.791246153844], [30452.430461538457, 11273.551276923075], [30452.430461538457, 11304.311307692305], [30452.430461538457, 11335.071338461536], [30437.05044615384, 11350.451353846152], [30421.670430769223, 11365.831369230767], [30421.670430769223, 11396.591399999998], [30406.29041538461, 11411.971415384613], [30390.910399999993, 11427.351430769228], [30390.910399999993, 11458.11146153846], [30375.53038461538, 11473.491476923075], [30360.150369230763, 11488.87149230769], [30375.53038461538, 11504.251507692305], [30390.910399999993, 11519.631523076921], [30390.910399999993, 11550.391553846152], [30390.910399999993, 11581.151584615382], [30390.910399999993, 11611.911615384613], [30390.910399999993, 11642.671646153844], [30390.910399999993, 11673.431676923075], [30375.53038461538, 11688.81169230769], [30360.150369230763, 11704.191707692305], [30360.150369230763, 11734.951738461536], [30344.770353846146, 11750.33175384615], [30329.390338461533, 11765.711769230767], [30314.010323076916, 11781.091784615382], [30298.630307692303, 11796.471799999998], [30283.250292307686, 11811.851815384613], [30267.87027692307, 11827.231830769228], [30267.87027692307, 11857.99186153846], [30283.250292307686, 11873.371876923075], [30298.630307692303, 11888.75189230769], [30283.250292307686, 11904.131907692305], [30267.87027692307, 11919.511923076921], [30252.490261538456, 11934.891938461536], [30237.11024615384, 11950.271953846152], [30221.730230769226, 11965.651969230767], [30206.35021538461, 11981.031984615382], [30190.970199999992, 11996.411999999998], [30175.59018461538, 12011.792015384613], [30160.210169230762, 12027.172030769229], [30129.450138461532, 12027.172030769229], [30114.070123076915, 12042.552046153844], [30098.690107692302, 12057.932061538459]]]}, "properties": {"objectType": "annotation", "name": "R1_2_T|lesion_7", "classification": {"name": "lesion", "color": [255, 0, 0]}, "lesion_id": 7, "section": "R1_2_T", "area_um2": 341950.0}}, {"type": "Feature", "geometry": {"type": "MultiPolygon", "coordinates": [[[[30944.59095384615, 7336.267338461537], [30944.59095384615, 7305.507307692306], [30944.59095384615, 7274.747276923075], [30959.970969230762, 7259.36726153846], [30975.35098461538, 7243.987246153844], [30975.35098461538, 7213.227215384614], [30975.35098461538, 7182.467184615383], [30975.35098461538, 7151.707153846152], [30959.970969230762, 7136.327138461537], [30944.59095384615, 7151.707153846152], [30929.210938461532, 7167.087169230767], [30913.830923076915, 7182.467184615383], [30898.450907692302, 7197.847199999998], [30883.070892307685, 7213.227215384614], [30883.070892307685, 7243.987246153844], [30867.690876923072, 7259.36726153846], [30852.310861538455, 7274.747276923075], [30852.310861538455, 7305.507307692306], [30867.690876923072, 7320.887323076921], [30898.450907692302, 7320.887323076921], [30913.830923076915, 7336.267338461537], [30929.210938461532, 7351.647353846152], [30944.59095384615, 7336.267338461537]]], [[[30790.790799999995, 9766.309769230767], [30806.17081538461, 9750.929753846152], [30821.550830769225, 9735.549738461537], [30836.93084615384, 9720.16972307692], [30852.310861538455, 9704.789707692305], [30867.690876923072, 9689.40969230769], [30883.070892307685, 9674.029676923075], [30883.070892307685, 9643.269646153843], [30883.070892307685, 9612.509615384613], [30898.450907692302, 9597.129599999998], [30913.830923076915, 9581.749584615383], [30913.830923076915, 9550.989553846151], [30913.830923076915, 9520.229523076921], [30913.830923076915, 9489.46949230769], [30913.830923076915, 9458.70946153846], [30913.830923076915, 9427.94943076923], [30913.830923076915, 9397.189399999997], [30913.830923076915, 9366.429369230767], [30913.830923076915, 9335.669338461537], [30913.830923076915, 9304.909307692305], [30898.450907692302, 9289.52929230769], [30883.070892307685, 9274.149276923075], [30883.070892307685, 9243.389246153843], [30883.070892307685, 9212.629215384613], [30867.690876923072, 9197.249199999998], [30852.310861538455, 9181.869184615383], [30852.310861538455, 9151.109153846151], [30852.310861538455, 9120.349123076921], [30836.93084615384, 9104.969107692306], [30821.550830769225, 9089.589092307691], [30821.550830769225, 9058.82906153846], [30821.550830769225, 9028.06903076923], [30821.550830769225, 8997.308999999997], [30836.93084615384, 8981.928984615382], [30852.310861538455, 8966.548969230767], [30852.310861538455, 8935.788938461537], [30852.310861538455, 8905.028907692305], [30867.690876923072, 8889.64889230769], [30883.070892307685, 8874.268876923075], [30883.070892307685, 8843.508846153843], [30898.450907692302, 8828.128830769228], [30913.830923076915, 8812.748815384613], [30913.830923076915, 8781.988784615383], [30929.210938461532, 8766.608769230768], [30944.59095384615, 8751.228753846151], [30944.59095384615, 8720.468723076921], [30959.970969230762, 8705.088707692306], [30975.35098461538, 8689.708692307691], [30975.35098461538, 8658.94866153846], [30975.35098461538, 8628.18863076923], [30975.35098461538, 8597.428599999997], [30990.730999999992, 8582.048584615382], [31006.11101538461, 8566.668569230767], [31006.11101538461, 8535.908538461537], [31006.11101538461, 8505.148507692305], [31006.11101538461, 8474.388476923075], [31006.11101538461, 8443.628446153845], [31006.11101538461, 8412.868415384613], [31006.11101538461, 8382.108384615383], [31006.11101538461, 8351.348353846151], [31021.491030769226, 8335.968338461536], [31036.87104615384, 8320.588323076921], [31036.87104615384, 8289.828292307691], [31036.87104615384, 8259.06826153846], [31036.87104615384, 8228.30823076923], [31021.491030769226, 8212.928215384614], [31006.11101538461, 8197.548199999997], [30990.730999999992, 8182.168184615383], [30975.35098461538, 8166.788169230767], [30959.970969230762, 8151.408153846152], [30929.210938461532, 8151.408153846152], [30913.830923076915, 8136.028138461536], [30898.450907692302, 8120.648123076921], [30867.690876923072, 8120.648123076921], [30852.310861538455, 8105.268107692306], [30836.93084615384, 8089.88809230769], [30806.17081538461, 8089.88809230769], [30790.790799999995, 8074.508076923075], [30775.41078461538, 8059.12806153846], [30744.65075384615, 8059.12806153846], [30713.89072307692, 8059.12806153846], [30698.5107076923, 8074.508076923075], [30683.130692307685, 8089.88809230769], [30667.75067692307, 8105.268107692306], [30652.370661538454, 8120.648123076921], [30621.610630769224, 8120.648123076921], [30606.230615384608, 8136.028138461536], [30590.850599999994, 8151.408153846152], [30575.470584615377, 8166.788169230767], [30560.090569230764, 8182.168184615383], [30544.710553846147, 8197.548199999997], [30529.330538461534, 8212.928215384614], [30498.5705076923, 8212.928215384614], [30483.190492307687, 8228.30823076923], [30467.81047692307, 8243.688246153844], [30437.05044615384, 8243.688246153844], [30421.670430769223, 8259.06826153846], [30406.29041538461, 8274.448276923074], [30390.910399999993, 8289.828292307691], [30375.53038461538, 8305.208307692306], [30360.150369230763, 8320.588323076921], [30360.150369230763, 8351.348353846151], [30344.770353846146, 8366.728369230768], [30329.390338461533, 8382.108384615383], [30329.390338461533, 8412.868415384613], [30314.010323076916, 8428.248430769228], [30298.630307692303, 8443.628446153845], [30283.250292307686, 8459.00846153846], [30267.87027692307, 8474.388476923075], [30267.87027692307, 8505.148507692305], [30267.87027692307, 8535.908538461537], [30252.490261538456, 8551.288553846152], [30237.11024615384, 8566.668569230767], [30237.11024615384, 8597.428599999997], [30252.490261538456, 8612.808615384614], [30267.87027692307, 8628.18863076923], [30267.87027692307, 8658.94866153846], [30267.87027692307, 8689.708692307691], [30267.87027692307, 8720.468723076921], [30267.87027692307, 8751.228753846151], [30267.87027692307, 8781.988784615383], [30267.87027692307, 8812.748815384613], [30267.87027692307, 8843.508846153843], [30252.490261538456, 8858.88886153846], [30237.11024615384, 8874.268876923075], [30237.11024615384, 8905.028907692305], [30252.490261538456, 8920.40892307692], [30267.87027692307, 8935.788938461537], [30267.87027692307, 8966.548969230767], [30283.250292307686, 8981.928984615382], [30298.630307692303, 8997.308999999997], [30298.630307692303, 9028.06903076923], [30298.630307692303, 9058.82906153846], [30298.630307692303, 9089.589092307691], [30298.630307692303, 9120.349123076921], [30298.630307692303, 9151.109153846151], [30298.630307692303, 9181.869184615383], [30298.630307692303, 9212.629215384613], [30298.630307692303, 9243.389246153843], [30283.250292307686, 9258.76926153846], [30267.87027692307, 9274.149276923075], [30267.87027692307, 9304.909307692305], [30252.490261538456, 9320.28932307692], [30237.11024615384, 9335.669338461537], [30252.490261538456, 9351.049353846152], [30267.87027692307, 9366.429369230767], [30283.250292307686, 9381.809384615382], [30298.630307692303, 9397.189399999997], [30298.630307692303, 9427.94943076923], [30314.010323076916, 9443.329446153844], [30329.390338461533, 9458.70946153846], [30344.770353846146, 9474.089476923074], [30360.150369230763, 9489.46949230769], [30360.150369230763, 9520.229523076921], [30375.53038461538, 9535.609538461536], [30390.910399999993, 9550.989553846151], [30406.29041538461, 9566.369569230767], [30421.670430769223, 9581.749584615383], [30437.05044615384, 9597.129599999998], [30452.430461538457, 9612.509615384613], [30467.81047692307, 9627.889630769228], [30483.190492307687, 9643.269646153843], [30483.190492307687, 9674.029676923075], [30498.5705076923, 9689.40969230769], [30513.950523076917, 9704.789707692305], [30513.950523076917, 9735.549738461537], [30529.330538461534, 9750.929753846152], [30544.710553846147, 9766.309769230767], [30560.090569230764, 9781.689784615382], [30590.850599999994, 9781.689784615382], [30606.230615384608, 9766.309769230767], [30621.610630769224, 9750.929753846152], [30652.370661538454, 9750.929753846152], [30683.130692307685, 9750.929753846152], [30698.5107076923, 9766.309769230767], [30713.89072307692, 9781.689784615382], [30744.65075384615, 9781.689784615382], [30760.03076923076, 9797.069799999997], [30775.41078461538, 9812.449815384613], [30790.790799999995, 9797.069799999997], [30790.790799999995, 9766.309769230767]]], [[[30160.210169230762, 11627.291630769229], [30175.59018461538, 11611.911615384613], [30175.59018461538, 11581.151584615382], [30175.59018461538, 11550.391553846152], [30160.210169230762, 11535.011538461536], [30144.83015384615, 11519.631523076921], [30144.83015384615, 11488.87149230769], [30144.83015384615, 11458.11146153846], [30160.210169230762, 11442.731446153844], [30175.59018461538, 11427.351430769228], [30175.59018461538, 11396.591399999998], [30190.970199999992, 11381.211384615382], [30206.35021538461, 11365.831369230767], [30206.35021538461, 11335.071338461536], [30221.730230769226, 11319.69132307692], [30237.11024615384, 11304.311307692305], [30237.11024615384, 11273.551276923075], [30237.11024615384, 11242.791246153844], [30237.11024615384, 11212.031215384613], [30221.730230769226, 11196.651199999998], [30206.35021538461, 11212.031215384613], [30190.970199999992, 11227.411230769228], [30175.59018461538, 11242.791246153844], [30160.210169230762, 11258.171261538459], [30144.83015384615, 11273.551276923075], [30144.83015384615, 11304.311307692305], [30129.450138461532, 11319.69132307692], [30114.070123076915, 11335.071338461536], [30098.690107692302, 11350.451353846152], [30083.310092307685, 11365.831369230767], [30083.310092307685, 11396.591399999998], [30067.930076923072, 11411.971415384613], [30052.550061538455, 11427.351430769228], [30052.550061538455, 11458.11146153846], [30052.550061538455, 11488.87149230769], [30052.550061538455, 11519.631523076921], [30067.930076923072, 11535.011538461536], [30083.310092307685, 11550.391553846152], [30083.310092307685, 11581.151584615382], [30098.690107692302, 11596.531599999998], [30114.070123076915, 11611.911615384613], [30114.070123076915, 11642.671646153844], [30129.450138461532, 11658.051661538459], [30144.83015384615, 11642.671646153844], [30160.210169230762, 11627.291630769229]]]]}, "properties": {"objectType": "annotation", "name": "R1_2_T|core_7", "classification": {"name": "core", "color": [230, 103, 103]}, "lesion_id": 7, "section": "R1_2_T", "area_um2": 108549.99999999999}}, {"type": "Feature", "geometry": {"type": "Polygon", "coordinates": [[[30129.450138461532, 12027.172030769229], [30160.210169230762, 12027.172030769229], [30175.59018461538, 12011.792015384613], [30190.970199999992, 11996.411999999998], [30206.35021538461, 11981.031984615382], [30221.730230769226, 11965.651969230767], [30237.11024615384, 11950.271953846152], [30252.490261538456, 11934.891938461536], [30267.87027692307, 11919.511923076921], [30283.250292307686, 11904.131907692305], [30298.630307692303, 11888.75189230769], [30283.250292307686, 11873.371876923075], [30267.87027692307, 11857.99186153846], [30267.87027692307, 11827.231830769228], [30283.250292307686, 11811.851815384613], [30298.630307692303, 11796.471799999998], [30314.010323076916, 11781.091784615382], [30329.390338461533, 11765.711769230767], [30344.770353846146, 11750.33175384615], [30360.150369230763, 11734.951738461536], [30360.150369230763, 11704.191707692305], [30375.53038461538, 11688.81169230769], [30390.910399999993, 11673.431676923075], [30390.910399999993, 11642.671646153844], [30390.910399999993, 11611.911615384613], [30390.910399999993, 11581.151584615382], [30390.910399999993, 11550.391553846152], [30390.910399999993, 11519.631523076921], [30375.53038461538, 11504.251507692305], [30360.150369230763, 11488.87149230769], [30375.53038461538, 11473.491476923075], [30390.910399999993, 11458.11146153846], [30390.910399999993, 11427.351430769228], [30406.29041538461, 11411.971415384613], [30421.670430769223, 11396.591399999998], [30421.670430769223, 11365.831369230767], [30437.05044615384, 11350.451353846152], [30452.430461538457, 11335.071338461536], [30452.430461538457, 11304.311307692305], [30452.430461538457, 11273.551276923075], [30452.430461538457, 11242.791246153844], [30452.430461538457, 11212.031215384613], [30452.430461538457, 11181.271184615382], [30452.430461538457, 11150.511153846152], [30467.81047692307, 11135.131138461536], [30483.190492307687, 11119.751123076921], [30498.5705076923, 11104.371107692305], [30513.950523076917, 11088.99109230769], [30529.330538461534, 11073.611076923075], [30544.710553846147, 11058.23106153846], [30560.090569230764, 11042.851046153844], [30575.470584615377, 11027.47103076923], [30590.850599999994, 11012.091015384613], [30606.230615384608, 10996.710999999998], [30606.230615384608, 10965.950969230767], [30621.610630769224, 10950.570953846152], [30636.99064615384, 10935.190938461536], [30636.99064615384, 10904.430907692305], [30636.99064615384, 10873.670876923075], [30636.99064615384, 10842.910846153844], [30652.370661538454, 10827.530830769228], [30667.75067692307, 10812.150815384613], [30667.75067692307, 10781.390784615382], [30667.75067692307, 10750.630753846151], [30667.75067692307, 10719.870723076921], [30683.130692307685, 10704.490707692306], [30698.5107076923, 10689.11069230769], [30713.89072307692, 10673.730676923074], [30729.27073846153, 10658.35066153846], [30729.27073846153, 10627.59063076923], [30744.65075384615, 10612.210615384613], [30760.03076923076, 10596.830599999998], [30760.03076923076, 10566.070569230767], [30760.03076923076, 10535.310538461536], [30775.41078461538, 10519.93052307692], [30790.790799999995, 10504.550507692305], [30775.41078461538, 10489.17049230769], [30760.03076923076, 10473.790476923075], [30744.65075384615, 10458.410461538459], [30729.27073846153, 10443.030446153844], [30713.89072307692, 10427.650430769228], [30683.130692307685, 10427.650430769228], [30652.370661538454, 10427.650430769228], [30636.99064615384, 10412.270415384613], [30621.610630769224, 10396.890399999998], [30606.230615384608, 10381.510384615383], [30590.850599999994, 10366.130369230767], [30575.470584615377, 10350.750353846151], [30575.470584615377, 10319.990323076921], [30575.470584615377, 10289.23029230769], [30575.470584615377, 10258.47026153846], [30560.090569230764, 10243.090246153844], [30544.710553846147, 10227.71023076923], [30544.710553846147, 10196.950199999997], [30560.090569230764, 10181.570184615382], [30575.470584615377, 10166.190169230767], [30575.470584615377, 10135.430138461536], [30575.470584615377, 10104.670107692305], [30575.470584615377, 10073.910076923075], [30575.470584615377, 10043.150046153844], [30590.850599999994, 10027.770030769228], [30606.230615384608, 10012.390015384613], [30621.610630769224, 9997.009999999998], [30636.99064615384, 9981.629984615383], [30652.370661538454, 9966.249969230767], [30667.75067692307, 9981.629984615383], [30683.130692307685, 9997.009999999998], [30698.5107076923, 10012.390015384613], [30713.89072307692, 10027.770030769228], [30744.65075384615, 10027.770030769228], [30760.03076923076, 10043.150046153844], [30775.41078461538, 10058.53006153846], [30790.790799999995, 10043.150046153844], [30806.17081538461, 10027.770030769228], [30821.550830769225, 10043.150046153844], [30836.93084615384, 10058.53006153846], [30852.310861538455, 10043.150046153844], [30867.690876923072, 10027.770030769228], [30883.070892307685, 10012.390015384613], [30898.450907692302, 9997.009999999998], [30913.830923076915, 9981.629984615383], [30929.210938461532, 9966.249969230767], [30944.59095384615, 9950.869953846151], [30944.59095384615, 9920.109923076921], [30959.970969230762, 9904.729907692306], [30975.35098461538, 9889.34989230769], [30990.730999999992, 9873.969876923074], [31006.11101538461, 9858.58986153846], [31021.491030769226, 9843.209846153844], [31036.87104615384, 9827.82983076923], [31052.251061538456, 9812.449815384613], [31067.63107692307, 9797.069799999997], [31083.011092307686, 9781.689784615382], [31098.391107692303, 9766.309769230767], [31098.391107692303, 9735.549738461537], [31098.391107692303, 9704.789707692305], [31098.391107692303, 9674.029676923075], [31098.391107692303, 9643.269646153843], [31113.771123076916, 9627.889630769228], [31129.151138461533, 9612.509615384613], [31129.151138461533, 9581.749584615383], [31129.151138461533, 9550.989553846151], [31129.151138461533, 9520.229523076921], [31129.151138461533, 9489.46949230769], [31129.151138461533, 9458.70946153846], [31129.151138461533, 9427.94943076923], [31129.151138461533, 9397.189399999997], [31129.151138461533, 9366.429369230767], [31129.151138461533, 9335.669338461537], [31129.151138461533, 9304.909307692305], [31129.151138461533, 9274.149276923075], [31113.771123076916, 9258.76926153846], [31098.391107692303, 9243.389246153843], [31098.391107692303, 9212.629215384613], [31098.391107692303, 9181.869184615383], [31083.011092307686, 9166.489169230766], [31067.63107692307, 9151.109153846151], [31067.63107692307, 9120.349123076921], [31067.63107692307, 9089.589092307691], [31052.251061538456, 9074.209076923074], [31036.87104615384, 9058.82906153846], [31036.87104615384, 9028.06903076923], [31052.251061538456, 9012.689015384614], [31067.63107692307, 8997.308999999997], [31067.63107692307, 8966.548969230767], [31067.63107692307, 8935.788938461537], [31083.011092307686, 8920.40892307692], [31098.391107692303, 8905.028907692305], [31113.771123076916, 8889.64889230769], [31129.151138461533, 8874.268876923075], [31129.151138461533, 8843.508846153843], [31144.531153846146, 8828.128830769228], [31159.911169230763, 8812.748815384613], [31159.911169230763, 8781.988784615383], [31159.911169230763, 8751.228753846151], [31175.29118461538, 8735.848738461536], [31190.671199999993, 8720.468723076921], [31190.671199999993, 8689.708692307691], [31190.671199999993, 8658.94866153846], [31190.671199999993, 8628.18863076923], [31206.05121538461, 8612.808615384614], [31221.431230769223, 8597.428599999997], [31221.431230769223, 8566.668569230767], [31221.431230769223, 8535.908538461537], [31221.431230769223, 8505.148507692305], [31221.431230769223, 8474.388476923075], [31221.431230769223, 8443.628446153845], [31221.431230769223, 8412.868415384613], [31221.431230769223, 8382.108384615383], [31236.81124615384, 8366.728369230768], [31252.191261538454, 8351.348353846151], [31252.191261538454, 8320.588323076921], [31252.191261538454, 8289.828292307691], [31252.191261538454, 8259.06826153846], [31252.191261538454, 8228.30823076923], [31252.191261538454, 8197.548199999997], [31252.191261538454, 8166.788169230767], [31236.81124615384, 8151.408153846152], [31221.431230769223, 8136.028138461536], [31206.05121538461, 8120.648123076921], [31190.671199999993, 8105.268107692306], [31190.671199999993, 8074.508076923075], [31175.29118461538, 8059.12806153846], [31159.911169230763, 8043.748046153844], [31144.531153846146, 8028.368030769229], [31129.151138461533, 8012.988015384613], [31113.771123076916, 7997.607999999998], [31098.391107692303, 7982.227984615383], [31083.011092307686, 7966.847969230767], [31067.63107692307, 7951.467953846152], [31052.251061538456, 7936.087938461537], [31021.491030769226, 7936.087938461537], [30990.730999999992, 7936.087938461537], [30959.970969230762, 7936.087938461537], [30944.59095384615, 7920.707923076921], [30929.210938461532, 7905.327907692306], [30913.830923076915, 7889.94789230769], [30898.450907692302, 7874.567876923075], [30883.070892307685, 7859.18786153846], [30883.070892307685, 7828.427830769229], [30898.450907692302, 7813.047815384613], [30913.830923076915, 7797.667799999998], [30929.210938461532, 7782.287784615383], [30944.59095384615, 7766.907769230767], [30929.210938461532, 7751.527753846152], [30913.830923076915, 7736.147738461537], [30929.210938461532, 7720.767723076921], [30944.59095384615, 7705.387707692306], [30959.970969230762, 7690.00769230769], [30975.35098461538, 7674.627676923075], [30990.730999999992, 7659.24766153846], [31006.11101538461, 7643.867646153844], [31021.491030769226, 7628.487630769229], [31036.87104615384, 7613.107615384614], [31052.251061538456, 7597.727599999998], [31083.011092307686, 7597.727599999998], [31098.391107692303, 7613.107615384614], [31113.771123076916, 7628.487630769229], [31129.151138461533, 7613.107615384614], [31144.531153846146, 7597.727599999998], [31159.911169230763, 7582.347584615383], [31175.29118461538, 7566.967569230767], [31190.671199999993, 7551.587553846152], [31190.671199999993, 7520.827523076921], [31190.671199999993, 7490.06749230769], [31190.671199999993, 7459.30746153846], [31190.671199999993, 7428.547430769229], [31175.29118461538, 7413.167415384614], [31159.911169230763, 7397.787399999998], [31175.29118461538, 7382.407384615383], [31190.671199999993, 7367.027369230767], [31190.671199999993, 7336.267338461537], [31175.29118461538, 7320.887323076921], [31159.911169230763, 7305.507307692306], [31175.29118461538, 7290.127292307691], [31190.671199999993, 7274.747276923075], [31190.671199999993, 7243.987246153844], [31190.671199999993, 7213.227215384614], [31190.671199999993, 7182.467184615383], [31190.671199999993, 7151.707153846152], [31190.671199999993, 7120.947123076921], [31175.29118461538, 7105.567107692306], [31159.911169230763, 7090.187092307691], [31159.911169230763, 7059.42706153846], [31159.911169230763, 7028.667030769229], [31159.911169230763, 6997.906999999998], [31144.531153846146, 6982.526984615383], [31129.151138461533, 6967.146969230768], [31113.771123076916, 6951.766953846152], [31098.391107692303, 6936.386938461537], [31083.011092307686, 6921.006923076921], [31067.63107692307, 6905.626907692306], [31052.251061538456, 6890.246892307691], [31036.87104615384, 6874.866876923075], [31021.491030769226, 6859.48686153846], [30990.730999999992, 6859.48686153846], [30959.970969230762, 6859.48686153846], [30929.210938461532, 6859.48686153846], [30913.830923076915, 6874.866876923075], [30898.450907692302, 6890.246892307691], [30883.070892307685, 6905.626907692306], [30867.690876923072, 6921.006923076921], [30852.310861538455, 6936.386938461537], [30836.93084615384, 6951.766953846152], [30821.550830769225, 6967.146969230768], [30806.17081538461, 6982.526984615383], [30790.790799999995, 6997.906999999998], [30775.41078461538, 7013.287015384614], [30760.03076923076, 7028.667030769229], [30744.65075384615, 7044.047046153844], [30729.27073846153, 7059.42706153846], [30729.27073846153, 7090.187092307691], [30713.89072307692, 7105.567107692306], [30698.5107076923, 7120.947123076921], [30683.130692307685, 7136.327138461537], [30667.75067692307, 7151.707153846152], [30667.75067692307, 7182.467184615383], [30667.75067692307, 7213.227215384614], [30652.370661538454, 7228.607230769229], [30636.99064615384, 7243.987246153844], [30636.99064615384, 7274.747276923075], [30636.99064615384, 7305.507307692306], [30621.610630769224, 7320.887323076921], [30606.230615384608, 7336.267338461537], [30606.230615384608, 7367.027369230767], [30606.230615384608, 7397.787399999998], [30590.850599999994, 7413.167415384614], [30575.470584615377, 7428.547430769229], [30560.090569230764, 7443.927446153844], [30544.710553846147, 7459.30746153846], [30560.090569230764, 7474.687476923075], [30575.470584615377, 7490.06749230769], [30590.850599999994, 7505.447507692306], [30606.230615384608, 7520.827523076921], [30621.610630769224, 7536.207538461537], [30636.99064615384, 7551.587553846152], [30652.370661538454, 7566.967569230767], [30683.130692307685, 7566.967569230767], [30698.5107076923, 7551.587553846152], [30713.89072307692, 7536.207538461537], [30729.27073846153, 7520.827523076921], [30744.65075384615, 7505.447507692306], [30775.41078461538, 7505.447507692306], [30806.17081538461, 7505.447507692306], [30821.550830769225, 7520.827523076921], [30836.93084615384, 7536.207538461537], [30852.310861538455, 7551.587553846152], [30867.690876923072, 7566.967569230767], [30883.070892307685, 7582.347584615383], [30883.070892307685, 7613.107615384614], [30898.450907692302, 7628.487630769229], [30913.830923076915, 7643.867646153844], [30898.450907692302, 7659.24766153846], [30883.070892307685, 7674.627676923075], [30867.690876923072, 7690.00769230769], [30852.310861538455, 7705.387707692306], [30836.93084615384, 7720.767723076921], [30821.550830769225, 7736.147738461537], [30806.17081538461, 7751.527753846152], [30790.790799999995, 7766.907769230767], [30775.41078461538, 7782.287784615383], [30760.03076923076, 7797.667799999998], [30744.65075384615, 7813.047815384613], [30713.89072307692, 7813.047815384613], [30683.130692307685, 7813.047815384613], [30667.75067692307, 7828.427830769229], [30652.370661538454, 7843.807846153844], [30636.99064615384, 7859.18786153846], [30621.610630769224, 7874.567876923075], [30606.230615384608, 7889.94789230769], [30590.850599999994, 7905.327907692306], [30560.090569230764, 7905.327907692306], [30544.710553846147, 7920.707923076921], [30529.330538461534, 7936.087938461537], [30513.950523076917, 7951.467953846152], [30498.5705076923, 7966.847969230767], [30467.81047692307, 7966.847969230767], [30452.430461538457, 7982.227984615383], [30437.05044615384, 7997.607999999998], [30421.670430769223, 8012.988015384613], [30406.29041538461, 8028.368030769229], [30390.910399999993, 8043.748046153844], [30375.53038461538, 8059.12806153846], [30344.770353846146, 8059.12806153846], [30314.010323076916, 8059.12806153846], [30298.630307692303, 8074.508076923075], [30283.250292307686, 8089.88809230769], [30267.87027692307, 8105.268107692306], [30252.490261538456, 8120.648123076921], [30237.11024615384, 8136.028138461536], [30221.730230769226, 8151.408153846152], [30206.35021538461, 8166.788169230767], [30190.970199999992, 8182.168184615383], [30175.59018461538, 8197.548199999997], [30175.59018461538, 8228.30823076923], [30175.59018461538, 8259.06826153846], [30160.210169230762, 8274.448276923074], [30144.83015384615, 8289.828292307691], [30129.450138461532, 8305.208307692306], [30114.070123076915, 8320.588323076921], [30098.690107692302, 8335.968338461536], [30083.310092307685, 8351.348353846151], [30083.310092307685, 8382.108384615383], [30067.930076923072, 8397.488399999998], [30052.550061538455, 8412.868415384613], [30037.17004615384, 8428.248430769228], [30021.790030769225, 8443.628446153845], [30021.790030769225, 8474.388476923075], [30037.17004615384, 8489.76849230769], [30052.550061538455, 8505.148507692305], [30037.17004615384, 8520.52852307692], [30021.790030769225, 8535.908538461537], [30021.790030769225, 8566.668569230767], [30006.41001538461, 8582.048584615382], [29991.029999999995, 8597.428599999997], [30006.41001538461, 8612.808615384614], [30021.790030769225, 8628.18863076923], [30037.17004615384, 8643.568646153844], [30052.550061538455, 8658.94866153846], [30037.17004615384, 8674.328676923074], [30021.790030769225, 8689.708692307691], [30037.17004615384, 8705.088707692306], [30052.550061538455, 8720.468723076921], [30037.17004615384, 8735.848738461536], [30021.790030769225, 8751.228753846151], [30037.17004615384, 8766.608769230768], [30052.550061538455, 8781.988784615383], [30052.550061538455, 8812.748815384613], [30037.17004615384, 8828.128830769228], [30021.790030769225, 8843.508846153843], [30021.790030769225, 8874.268876923075], [30021.790030769225, 8905.028907692305], [30021.790030769225, 8935.788938461537], [30037.17004615384, 8951.168953846152], [30052.550061538455, 8966.548969230767], [30052.550061538455, 8997.308999999997], [30067.930076923072, 9012.689015384614], [30083.310092307685, 9028.06903076923], [30067.930076923072, 9043.449046153844], [30052.550061538455, 9058.82906153846], [30052.550061538455, 9089.589092307691], [30067.930076923072, 9104.969107692306], [30083.310092307685, 9120.349123076921], [30083.310092307685, 9151.109153846151], [30083.310092307685, 9181.869184615383], [30083.310092307685, 9212.629215384613], [30067.930076923072, 9228.009230769228], [30052.550061538455, 9243.389246153843], [30037.17004615384, 9258.76926153846], [30021.790030769225, 9274.149276923075], [30006.41001538461, 9289.52929230769], [29991.029999999995, 9304.909307692305], [29991.029999999995, 9335.669338461537], [29991.029999999995, 9366.429369230767], [30006.41001538461, 9381.809384615382], [30021.790030769225, 9397.189399999997], [30037.17004615384, 9412.569415384614], [30052.550061538455, 9427.94943076923], [30067.930076923072, 9443.329446153844], [30083.310092307685, 9458.70946153846], [30083.310092307685, 9489.46949230769], [30098.690107692302, 9504.849507692306], [30114.070123076915, 9520.229523076921], [30129.450138461532, 9535.609538461536], [30144.83015384615, 9550.989553846151], [30144.83015384615, 9581.749584615383], [30160.210169230762, 9597.129599999998], [30175.59018461538, 9612.509615384613], [30190.970199999992, 9627.889630769228], [30206.35021538461, 9643.269646153843], [30206.35021538461, 9674.029676923075], [30221.730230769226, 9689.40969230769], [30237.11024615384, 9704.789707692305], [30252.490261538456, 9720.16972307692], [30267.87027692307, 9735.549738461537], [30283.250292307686, 9750.929753846152], [30298.630307692303, 9766.309769230767], [30314.010323076916, 9781.689784615382], [30329.390338461533, 9797.069799999997], [30314.010323076916, 9812.449815384613], [30298.630307692303, 9827.82983076923], [30283.250292307686, 9843.209846153844], [30267.87027692307, 9858.58986153846], [30267.87027692307, 9889.34989230769], [30267.87027692307, 9920.109923076921], [30267.87027692307, 9950.869953846151], [30283.250292307686, 9966.249969230767], [30298.630307692303, 9981.629984615383], [30314.010323076916, 9997.009999999998], [30329.390338461533, 10012.390015384613], [30314.010323076916, 10027.770030769228], [30298.630307692303, 10043.150046153844], [30298.630307692303, 10073.910076923075], [30314.010323076916, 10089.29009230769], [30329.390338461533, 10104.670107692305], [30344.770353846146, 10120.05012307692], [30360.150369230763, 10135.430138461536], [30360.150369230763, 10166.190169230767], [30375.53038461538, 10181.570184615382], [30390.910399999993, 10196.950199999997], [30390.910399999993, 10227.71023076923], [30375.53038461538, 10243.090246153844], [30360.150369230763, 10258.47026153846], [30344.770353846146, 10273.850276923074], [30329.390338461533, 10289.23029230769], [30329.390338461533, 10319.990323076921], [30344.770353846146, 10335.370338461536], [30360.150369230763, 10350.750353846151], [30375.53038461538, 10366.130369230767], [30390.910399999993, 10381.510384615383], [30406.29041538461, 10396.890399999998], [30421.670430769223, 10381.510384615383], [30437.05044615384, 10366.130369230767], [30467.81047692307, 10366.130369230767], [30483.190492307687, 10381.510384615383], [30498.5705076923, 10396.890399999998], [30513.950523076917, 10412.270415384613], [30529.330538461534, 10427.650430769228], [30544.710553846147, 10443.030446153844], [30544.710553846147, 10473.790476923075], [30544.710553846147, 10504.550507692305], [30544.710553846147, 10535.310538461536], [30544.710553846147, 10566.070569230767], [30529.330538461534, 10581.450584615382], [30513.950523076917, 10596.830599999998], [30498.5705076923, 10612.210615384613], [30483.190492307687, 10627.59063076923], [30467.81047692307, 10642.970646153844], [30437.05044615384, 10642.970646153844], [30421.670430769223, 10658.35066153846], [30406.29041538461, 10673.730676923074], [30390.910399999993, 10689.11069230769], [30375.53038461538, 10704.490707692306], [30360.150369230763, 10719.870723076921], [30344.770353846146, 10735.250738461536], [30329.390338461533, 10750.630753846151], [30314.010323076916, 10766.010769230767], [30283.250292307686, 10766.010769230767], [30267.87027692307, 10781.390784615382], [30252.490261538456, 10796.770799999998], [30237.11024615384, 10812.150815384613], [30221.730230769226, 10827.530830769228], [30206.35021538461, 10842.910846153844], [30206.35021538461, 10873.670876923075], [30190.970199999992, 10889.05089230769], [30175.59018461538, 10904.430907692305], [30160.210169230762, 10919.81092307692], [30144.83015384615, 10935.190938461536], [30129.450138461532, 10950.570953846152], [30114.070123076915, 10965.950969230767], [30098.690107692302, 10981.330984615382], [30083.310092307685, 10996.710999999998], [30083.310092307685, 11027.47103076923], [30067.930076923072, 11042.851046153844], [30052.550061538455, 11058.23106153846], [30037.17004615384, 11073.611076923075], [30021.790030769225, 11088.99109230769], [30006.41001538461, 11104.371107692305], [29991.029999999995, 11119.751123076921], [29991.029999999995, 11150.511153846152], [29975.64998461538, 11165.891169230767], [29960.26996923076, 11181.271184615382], [29944.88995384615, 11196.651199999998], [29929.50993846153, 11212.031215384613], [29929.50993846153, 11242.791246153844], [29914.12992307692, 11258.171261538459], [29898.7499076923, 11273.551276923075], [29898.7499076923, 11304.311307692305], [29883.369892307688, 11319.69132307692], [29867.98987692307, 11335.071338461536], [29852.609861538454, 11350.451353846152], [29837.22984615384, 11365.831369230767], [29821.849830769224, 11381.211384615382], [29806.46981538461, 11396.591399999998], [29806.46981538461, 11427.351430769228], [29806.46981538461, 11458.11146153846], [29806.46981538461, 11488.87149230769], [29806.46981538461, 11519.631523076921], [29821.849830769224, 11535.011538461536], [29837.22984615384, 11550.391553846152], [29837.22984615384, 11581.151584615382], [29852.609861538454, 11596.531599999998], [29867.98987692307, 11611.911615384613], [29883.369892307688, 11627.291630769229], [29898.7499076923, 11642.671646153844], [29898.7499076923, 11673.431676923075], [29914.12992307692, 11688.81169230769], [29929.50993846153, 11704.191707692305], [29929.50993846153, 11734.951738461536], [29929.50993846153, 11765.711769230767], [29929.50993846153, 11796.471799999998], [29929.50993846153, 11827.231830769228], [29929.50993846153, 11857.99186153846], [29929.50993846153, 11888.75189230769], [29929.50993846153, 11919.511923076921], [29929.50993846153, 11950.271953846152], [29944.88995384615, 11965.651969230767], [29960.26996923076, 11981.031984615382], [29975.64998461538, 11996.411999999998], [29991.029999999995, 12011.792015384613], [30006.41001538461, 12027.172030769229], [30037.17004615384, 12027.172030769229], [30052.550061538455, 12042.552046153844], [30067.930076923072, 12057.932061538459], [30098.690107692302, 12057.932061538459], [30114.070123076915, 12042.552046153844], [30129.450138461532, 12027.172030769229]]]}, "properties": {"objectType": "annotation", "name": "R1_2_T|rim_7", "classification": {"name": "rim", "color": [201, 133, 0]}, "lesion_id": 7, "section": "R1_2_T", "area_um2": 341949.9999999996}}, {"type": "Feature", "geometry": {"type": "Polygon", "coordinates": [[[16348.95635384615, 8766.608769230768], [16318.19632307692, 8766.608769230768], [16302.816307692305, 8751.228753846151], [16287.43629230769, 8735.848738461536], [16272.056276923073, 8720.468723076921], [16256.676261538458, 8705.088707692306], [16225.916230769228, 8705.088707692306], [16210.536215384613, 8689.708692307691], [16195.156199999998, 8674.328676923074], [16179.77618461538, 8658.94866153846], [16164.396169230766, 8643.568646153844], [16149.01615384615, 8628.18863076923], [16164.396169230766, 8612.808615384614], [16179.77618461538, 8597.428599999997], [16164.396169230766, 8582.048584615382], [16149.01615384615, 8566.668569230767], [16149.01615384615, 8535.908538461537], [16149.01615384615, 8505.148507692305], [16149.01615384615, 8474.388476923075], [16149.01615384615, 8443.628446153845], [16149.01615384615, 8412.868415384613], [16149.01615384615, 8382.108384615383], [16149.01615384615, 8351.348353846151], [16149.01615384615, 8320.588323076921], [16149.01615384615, 8289.828292307691], [16164.396169230766, 8274.448276923074], [16179.77618461538, 8259.06826153846], [16195.156199999998, 8243.688246153844], [16210.536215384613, 8228.30823076923], [16225.916230769228, 8212.928215384614], [16241.296246153843, 8197.548199999997], [16256.676261538458, 8182.168184615383], [16272.056276923073, 8166.788169230767], [16272.056276923073, 8136.028138461536], [16287.43629230769, 8120.648123076921], [16302.816307692305, 8105.268107692306], [16302.816307692305, 8074.508076923075], [16318.19632307692, 8059.12806153846], [16333.576338461535, 8043.748046153844], [16348.95635384615, 8028.368030769229], [16364.336369230767, 8012.988015384613], [16379.716384615382, 7997.607999999998], [16395.096399999995, 7982.227984615383], [16410.47641538461, 7966.847969230767], [16425.85643076923, 7951.467953846152], [16441.236446153842, 7936.087938461537], [16456.61646153846, 7920.707923076921], [16471.996476923072, 7905.327907692306], [16487.37649230769, 7889.94789230769], [16502.756507692306, 7874.567876923075], [16518.13652307692, 7859.18786153846], [16533.516538461536, 7843.807846153844], [16548.89655384615, 7828.427830769229], [16564.276569230766, 7813.047815384613], [16595.036599999996, 7813.047815384613], [16610.416615384613, 7797.667799999998], [16625.796630769226, 7782.287784615383], [16641.176646153843, 7766.907769230767], [16656.55666153846, 7751.527753846152], [16687.31669230769, 7751.527753846152], [16718.07672307692, 7751.527753846152], [16733.456738461537, 7736.147738461537], [16748.83675384615, 7720.767723076921], [16779.59678461538, 7720.767723076921], [16794.976799999997, 7705.387707692306], [16810.356815384614, 7690.00769230769], [16841.116846153844, 7690.00769230769], [16871.876876923074, 7690.00769230769], [16887.25689230769, 7674.627676923075], [16902.636907692304, 7659.24766153846], [16918.01692307692, 7674.627676923075], [16933.396938461534, 7690.00769230769], [16948.77695384615, 7705.387707692306], [16964.156969230768, 7720.767723076921], [16979.53698461538, 7736.147738461537], [16994.916999999998, 7751.527753846152], [17010.29701538461, 7766.907769230767], [17025.677030769228, 7782.287784615383], [17041.05704615384, 7797.667799999998], [17025.677030769228, 7813.047815384613], [17010.29701538461, 7828.427830769229], [17010.29701538461, 7859.18786153846], [16994.916999999998, 7874.567876923075], [16979.53698461538, 7889.94789230769], [16979.53698461538, 7920.707923076921], [16979.53698461538, 7951.467953846152], [16979.53698461538, 7982.227984615383], [16964.156969230768, 7997.607999999998], [16948.77695384615, 8012.988015384613], [16948.77695384615, 8043.748046153844], [16948.77695384615, 8074.508076923075], [16933.396938461534, 8089.88809230769], [16918.01692307692, 8105.268107692306], [16918.01692307692, 8136.028138461536], [16918.01692307692, 8166.788169230767], [16902.636907692304, 8182.168184615383], [16887.25689230769, 8197.548199999997], [16887.25689230769, 8228.30823076923], [16887.25689230769, 8259.06826153846], [16887.25689230769, 8289.828292307691], [16887.25689230769, 8320.588323076921], [16887.25689230769, 8351.348353846151], [16871.876876923074, 8366.728369230768], [16856.496861538457, 8382.108384615383], [16856.496861538457, 8412.868415384613], [16841.116846153844, 8428.248430769228], [16825.736830769227, 8443.628446153845], [16825.736830769227, 8474.388476923075], [16810.356815384614, 8489.76849230769], [16794.976799999997, 8505.148507692305], [16779.59678461538, 8520.52852307692], [16764.216769230767, 8535.908538461537], [16748.83675384615, 8551.288553846152], [16733.456738461537, 8566.668569230767], [16718.07672307692, 8582.048584615382], [16687.31669230769, 8582.048584615382], [16656.55666153846, 8582.048584615382], [16641.176646153843, 8597.428599999997], [16625.796630769226, 8612.808615384614], [16610.416615384613, 8628.18863076923], [16595.036599999996, 8643.568646153844], [16564.276569230766, 8643.568646153844], [16548.89655384615, 8658.94866153846], [16533.516538461536, 8674.328676923074], [16502.756507692306, 8674.328676923074], [16487.37649230769, 8689.708692307691], [16471.996476923072, 8705.088707692306], [16441.236446153842, 8705.088707692306], [16425.85643076923, 8720.468723076921], [16410.47641538461, 8735.848738461536], [16379.716384615382, 8735.848738461536], [16364.336369230767, 8751.228753846151], [16348.95635384615, 8766.608769230768]]]}, "properties": {"objectType": "annotation", "name": "P3_1_C|lesion_8", "classification": {"name": "lesion", "color": [255, 0, 0]}, "lesion_id": 8, "section": "P3_1_C", "area_um2": 60850.00000000004}}, {"type": "Feature", "geometry": {"type": "Polygon", "coordinates": [[[16410.47641538461, 8520.52852307692], [16379.716384615382, 8520.52852307692], [16348.95635384615, 8520.52852307692], [16333.576338461535, 8505.148507692305], [16333.576338461535, 8474.388476923075], [16333.576338461535, 8443.628446153845], [16333.576338461535, 8412.868415384613], [16333.576338461535, 8382.108384615383], [16333.576338461535, 8351.348353846151], [16348.95635384615, 8335.968338461536], [16364.336369230767, 8320.588323076921], [16379.716384615382, 8305.208307692306], [16395.096399999995, 8289.828292307691], [16410.47641538461, 8274.448276923074], [16425.85643076923, 8259.06826153846], [16441.236446153842, 8243.688246153844], [16456.61646153846, 8228.30823076923], [16456.61646153846, 8197.548199999997], [16471.996476923072, 8182.168184615383], [16487.37649230769, 8166.788169230767], [16487.37649230769, 8136.028138461536], [16502.756507692306, 8120.648123076921], [16518.13652307692, 8105.268107692306], [16533.516538461536, 8089.88809230769], [16548.89655384615, 8074.508076923075], [16564.276569230766, 8059.12806153846], [16579.656584615383, 8043.748046153844], [16595.036599999996, 8028.368030769229], [16610.416615384613, 8012.988015384613], [16625.796630769226, 7997.607999999998], [16656.55666153846, 7997.607999999998], [16671.936676923073, 7982.227984615383], [16687.31669230769, 7966.847969230767], [16702.696707692303, 7951.467953846152], [16718.07672307692, 7936.087938461537], [16748.83675384615, 7936.087938461537], [16764.216769230767, 7951.467953846152], [16764.216769230767, 7982.227984615383], [16764.216769230767, 8012.988015384613], [16748.83675384615, 8028.368030769229], [16733.456738461537, 8043.748046153844], [16733.456738461537, 8074.508076923075], [16733.456738461537, 8105.268107692306], [16718.07672307692, 8120.648123076921], [16702.696707692303, 8136.028138461536], [16702.696707692303, 8166.788169230767], [16702.696707692303, 8197.548199999997], [16702.696707692303, 8228.30823076923], [16702.696707692303, 8259.06826153846], [16702.696707692303, 8289.828292307691], [16687.31669230769, 8305.208307692306], [16671.936676923073, 8320.588323076921], [16671.936676923073, 8351.348353846151], [16656.55666153846, 8366.728369230768], [16641.176646153843, 8382.108384615383], [16625.796630769226, 8397.488399999998], [16595.036599999996, 8397.488399999998], [16579.656584615383, 8412.868415384613], [16564.276569230766, 8428.248430769228], [16548.89655384615, 8443.628446153845], [16533.516538461536, 8459.00846153846], [16502.756507692306, 8459.00846153846], [16487.37649230769, 8474.388476923075], [16471.996476923072, 8489.76849230769], [16441.236446153842, 8489.76849230769], [16425.85643076923, 8505.148507692305], [16410.47641538461, 8520.52852307692]]]}, "properties": {"objectType": "annotation", "name": "P3_1_C|core_8", "classification": {"name": "core", "color": [230, 103, 103]}, "lesion_id": 8, "section": "P3_1_C", "area_um2": 13050.000000000002}}, {"type": "Feature", "geometry": {"type": "Polygon", "coordinates": [[[16364.336369230767, 8751.228753846151], [16379.716384615382, 8735.848738461536], [16410.47641538461, 8735.848738461536], [16425.85643076923, 8720.468723076921], [16441.236446153842, 8705.088707692306], [16471.996476923072, 8705.088707692306], [16487.37649230769, 8689.708692307691], [16502.756507692306, 8674.328676923074], [16533.516538461536, 8674.328676923074], [16548.89655384615, 8658.94866153846], [16564.276569230766, 8643.568646153844], [16595.036599999996, 8643.568646153844], [16610.416615384613, 8628.18863076923], [16625.796630769226, 8612.808615384614], [16641.176646153843, 8597.428599999997], [16656.55666153846, 8582.048584615382], [16687.31669230769, 8582.048584615382], [16718.07672307692, 8582.048584615382], [16733.456738461537, 8566.668569230767], [16748.83675384615, 8551.288553846152], [16764.216769230767, 8535.908538461537], [16779.59678461538, 8520.52852307692], [16794.976799999997, 8505.148507692305], [16810.356815384614, 8489.76849230769], [16825.736830769227, 8474.388476923075], [16825.736830769227, 8443.628446153845], [16841.116846153844, 8428.248430769228], [16856.496861538457, 8412.868415384613], [16856.496861538457, 8382.108384615383], [16871.876876923074, 8366.728369230768], [16887.25689230769, 8351.348353846151], [16887.25689230769, 8320.588323076921], [16887.25689230769, 8289.828292307691], [16887.25689230769, 8259.06826153846], [16887.25689230769, 8228.30823076923], [16887.25689230769, 8197.548199999997], [16902.636907692304, 8182.168184615383], [16918.01692307692, 8166.788169230767], [16918.01692307692, 8136.028138461536], [16918.01692307692, 8105.268107692306], [16933.396938461534, 8089.88809230769], [16948.77695384615, 8074.508076923075], [16948.77695384615, 8043.748046153844], [16948.77695384615, 8012.988015384613], [16964.156969230768, 7997.607999999998], [16979.53698461538, 7982.227984615383], [16979.53698461538, 7951.467953846152], [16979.53698461538, 7920.707923076921], [16979.53698461538, 7889.94789230769], [16994.916999999998, 7874.567876923075], [17010.29701538461, 7859.18786153846], [17010.29701538461, 7828.427830769229], [17025.677030769228, 7813.047815384613], [17041.05704615384, 7797.667799999998], [17025.677030769228, 7782.287784615383], [17010.29701538461, 7766.907769230767], [16994.916999999998, 7751.527753846152], [16979.53698461538, 7736.147738461537], [16964.156969230768, 7720.767723076921], [16948.77695384615, 7705.387707692306], [16933.396938461534, 7690.00769230769], [16918.01692307692, 7674.627676923075], [16902.636907692304, 7659.24766153846], [16887.25689230769, 7674.627676923075], [16871.876876923074, 7690.00769230769], [16841.116846153844, 7690.00769230769], [16810.356815384614, 7690.00769230769], [16794.976799999997, 7705.387707692306], [16779.59678461538, 7720.767723076921], [16748.83675384615, 7720.767723076921], [16733.456738461537, 7736.147738461537], [16718.07672307692, 7751.527753846152], [16687.31669230769, 7751.527753846152], [16656.55666153846, 7751.527753846152], [16641.176646153843, 7766.907769230767], [16625.796630769226, 7782.287784615383], [16610.416615384613, 7797.667799999998], [16595.036599999996, 7813.047815384613], [16564.276569230766, 7813.047815384613], [16548.89655384615, 7828.427830769229], [16533.516538461536, 7843.807846153844], [16518.13652307692, 7859.18786153846], [16502.756507692306, 7874.567876923075], [16487.37649230769, 7889.94789230769], [16471.996476923072, 7905.327907692306], [16456.61646153846, 7920.707923076921], [16441.236446153842, 7936.087938461537], [16425.85643076923, 7951.467953846152], [16410.47641538461, 7966.847969230767], [16395.096399999995, 7982.227984615383], [16379.716384615382, 7997.607999999998], [16364.336369230767, 8012.988015384613], [16348.95635384615, 8028.368030769229], [16333.576338461535, 8043.748046153844], [16318.19632307692, 8059.12806153846], [16302.816307692305, 8074.508076923075], [16302.816307692305, 8105.268107692306], [16287.43629230769, 8120.648123076921], [16272.056276923073, 8136.028138461536], [16272.056276923073, 8166.788169230767], [16256.676261538458, 8182.168184615383], [16241.296246153843, 8197.548199999997], [16225.916230769228, 8212.928215384614], [16210.536215384613, 8228.30823076923], [16195.156199999998, 8243.688246153844], [16179.77618461538, 8259.06826153846], [16164.396169230766, 8274.448276923074], [16149.01615384615, 8289.828292307691], [16149.01615384615, 8320.588323076921], [16149.01615384615, 8351.348353846151], [16149.01615384615, 8382.108384615383], [16149.01615384615, 8412.868415384613], [16149.01615384615, 8443.628446153845], [16149.01615384615, 8474.388476923075], [16149.01615384615, 8505.148507692305], [16149.01615384615, 8535.908538461537], [16149.01615384615, 8566.668569230767], [16164.396169230766, 8582.048584615382], [16179.77618461538, 8597.428599999997], [16164.396169230766, 8612.808615384614], [16149.01615384615, 8628.18863076923], [16164.396169230766, 8643.568646153844], [16179.77618461538, 8658.94866153846], [16195.156199999998, 8674.328676923074], [16210.536215384613, 8689.708692307691], [16225.916230769228, 8705.088707692306], [16256.676261538458, 8705.088707692306], [16272.056276923073, 8720.468723076921], [16287.43629230769, 8735.848738461536], [16302.816307692305, 8751.228753846151], [16318.19632307692, 8766.608769230768], [16348.95635384615, 8766.608769230768], [16364.336369230767, 8751.228753846151]]]}, "properties": {"objectType": "annotation", "name": "P3_1_C|rim_8", "classification": {"name": "rim", "color": [201, 133, 0]}, "lesion_id": 8, "section": "P3_1_C", "area_um2": 60850.00000000004}}, {"type": "Feature", "geometry": {"type": "Polygon", "coordinates": [[[15979.835984615382, 9843.209846153844], [15949.07595384615, 9843.209846153844], [15918.31592307692, 9843.209846153844], [15902.935907692305, 9827.82983076923], [15887.55589230769, 9812.449815384613], [15872.175876923075, 9797.069799999997], [15856.795861538458, 9781.689784615382], [15841.415846153843, 9766.309769230767], [15841.415846153843, 9735.549738461537], [15856.795861538458, 9720.16972307692], [15872.175876923075, 9704.789707692305], [15887.55589230769, 9689.40969230769], [15902.935907692305, 9674.029676923075], [15918.31592307692, 9658.64966153846], [15933.695938461535, 9643.269646153843], [15949.07595384615, 9627.889630769228], [15964.455969230767, 9612.509615384613], [15979.835984615382, 9597.129599999998], [15995.215999999997, 9581.749584615383], [15979.835984615382, 9566.369569230767], [15964.455969230767, 9550.989553846151], [15949.07595384615, 9535.609538461536], [15933.695938461535, 9520.229523076921], [15918.31592307692, 9504.849507692306], [15902.935907692305, 9489.46949230769], [15887.55589230769, 9474.089476923074], [15872.175876923075, 9458.70946153846], [15872.175876923075, 9427.94943076923], [15872.175876923075, 9397.189399999997], [15872.175876923075, 9366.429369230767], [15872.175876923075, 9335.669338461537], [15872.175876923075, 9304.909307692305], [15872.175876923075, 9274.149276923075], [15872.175876923075, 9243.389246153843], [15887.55589230769, 9228.009230769228], [15902.935907692305, 9212.629215384613], [15902.935907692305, 9181.869184615383], [15902.935907692305, 9151.109153846151], [15918.31592307692, 9135.729138461536], [15933.695938461535, 9120.349123076921], [15949.07595384615, 9104.969107692306], [15964.455969230767, 9089.589092307691], [15979.835984615382, 9074.209076923074], [15995.215999999997, 9058.82906153846], [16010.596015384612, 9043.449046153844], [16025.976030769227, 9028.06903076923], [16041.356046153844, 9012.689015384614], [16056.736061538459, 8997.308999999997], [16072.116076923074, 8981.928984615382], [16102.876107692304, 8981.928984615382], [16118.25612307692, 8966.548969230767], [16133.636138461536, 8951.168953846152], [16149.01615384615, 8935.788938461537], [16164.396169230766, 8920.40892307692], [16179.77618461538, 8905.028907692305], [16195.156199999998, 8889.64889230769], [16225.916230769228, 8889.64889230769], [16241.296246153843, 8905.028907692305], [16256.676261538458, 8920.40892307692], [16272.056276923073, 8935.788938461537], [16287.43629230769, 8951.168953846152], [16302.816307692305, 8966.548969230767], [16302.816307692305, 8997.308999999997], [16302.816307692305, 9028.06903076923], [16302.816307692305, 9058.82906153846], [16318.19632307692, 9074.209076923074], [16333.576338461535, 9089.589092307691], [16333.576338461535, 9120.349123076921], [16333.576338461535, 9151.109153846151], [16348.95635384615, 9166.489169230766], [16364.336369230767, 9181.869184615383], [16348.95635384615, 9197.249199999998], [16333.576338461535, 9212.629215384613], [16333.576338461535, 9243.389246153843], [16333.576338461535, 9274.149276923075], [16318.19632307692, 9289.52929230769], [16302.816307692305, 9304.909307692305], [16287.43629230769, 9320.28932307692], [16272.056276923073, 9335.669338461537], [16272.056276923073, 9366.429369230767], [16256.676261538458, 9381.809384615382], [16241.296246153843, 9397.189399999997], [16241.296246153843, 9427.94943076923], [16225.916230769228, 9443.329446153844], [16210.536215384613, 9458.70946153846], [16225.916230769228, 9474.089476923074], [16241.296246153843, 9489.46949230769], [16225.916230769228, 9504.849507692306], [16210.536215384613, 9520.229523076921], [16195.156199999998, 9535.609538461536], [16179.77618461538, 9550.989553846151], [16164.396169230766, 9566.369569230767], [16149.01615384615, 9581.749584615383], [16133.636138461536, 9597.129599999998], [16118.25612307692, 9612.509615384613], [16102.876107692304, 9627.889630769228], [16087.496092307689, 9643.269646153843], [16072.116076923074, 9658.64966153846], [16056.736061538459, 9674.029676923075], [16041.356046153844, 9689.40969230769], [16025.976030769227, 9704.789707692305], [16041.356046153844, 9720.16972307692], [16056.736061538459, 9735.549738461537], [16056.736061538459, 9766.309769230767], [16041.356046153844, 9781.689784615382], [16025.976030769227, 9797.069799999997], [16010.596015384612, 9812.449815384613], [15995.215999999997, 9827.82983076923], [15979.835984615382, 9843.209846153844]]]}, "properties": {"objectType": "annotation", "name": "P3_1_C|lesion_9", "classification": {"name": "lesion", "color": [255, 0, 0]}, "lesion_id": 9, "section": "P3_1_C", "area_um2": 28549.999999999975}}, {"type": "Feature", "geometry": {"type": "MultiPolygon", "coordinates": [[[[16118.25612307692, 9243.389246153843], [16133.636138461536, 9228.009230769228], [16149.01615384615, 9212.629215384613], [16149.01615384615, 9181.869184615383], [16133.636138461536, 9166.489169230766], [16118.25612307692, 9181.869184615383], [16102.876107692304, 9197.249199999998], [16087.496092307689, 9212.629215384613], [16087.496092307689, 9243.389246153843], [16102.876107692304, 9258.76926153846], [16118.25612307692, 9243.389246153843]]], [[[16087.496092307689, 9304.909307692305], [16072.116076923074, 9289.52929230769], [16056.736061538459, 9304.909307692305], [16072.116076923074, 9320.28932307692], [16087.496092307689, 9304.909307692305]]]]}, "properties": {"objectType": "annotation", "name": "P3_1_C|core_9", "classification": {"name": "core", "color": [230, 103, 103]}, "lesion_id": 9, "section": "P3_1_C", "area_um2": 399.9999999999998}}, {"type": "Feature", "geometry": {"type": "Polygon", "coordinates": [[[16010.596015384612, 9812.449815384613], [16025.976030769227, 9797.069799999997], [16041.356046153844, 9781.689784615382], [16056.736061538459, 9766.309769230767], [16056.736061538459, 9735.549738461537], [16041.356046153844, 9720.16972307692], [16025.976030769227, 9704.789707692305], [16041.356046153844, 9689.40969230769], [16056.736061538459, 9674.029676923075], [16072.116076923074, 9658.64966153846], [16087.496092307689, 9643.269646153843], [16102.876107692304, 9627.889630769228], [16118.25612307692, 9612.509615384613], [16133.636138461536, 9597.129599999998], [16149.01615384615, 9581.749584615383], [16164.396169230766, 9566.369569230767], [16179.77618461538, 9550.989553846151], [16195.156199999998, 9535.609538461536], [16210.536215384613, 9520.229523076921], [16225.916230769228, 9504.849507692306], [16241.296246153843, 9489.46949230769], [16225.916230769228, 9474.089476923074], [16210.536215384613, 9458.70946153846], [16225.916230769228, 9443.329446153844], [16241.296246153843, 9427.94943076923], [16241.296246153843, 9397.189399999997], [16256.676261538458, 9381.809384615382], [16272.056276923073, 9366.429369230767], [16272.056276923073, 9335.669338461537], [16287.43629230769, 9320.28932307692], [16302.816307692305, 9304.909307692305], [16318.19632307692, 9289.52929230769], [16333.576338461535, 9274.149276923075], [16333.576338461535, 9243.389246153843], [16333.576338461535, 9212.629215384613], [16348.95635384615, 9197.249199999998], [16364.336369230767, 9181.869184615383], [16348.95635384615, 9166.489169230766], [16333.576338461535, 9151.109153846151], [16333.576338461535, 9120.349123076921], [16333.576338461535, 9089.589092307691], [16318.19632307692, 9074.209076923074], [16302.816307692305, 9058.82906153846], [16302.816307692305, 9028.06903076923], [16302.816307692305, 8997.308999999997], [16302.816307692305, 8966.548969230767], [16287.43629230769, 8951.168953846152], [16272.056276923073, 8935.788938461537], [16256.676261538458, 8920.40892307692], [16241.296246153843, 8905.028907692305], [16225.916230769228, 8889.64889230769], [16195.156199999998, 8889.64889230769], [16179.77618461538, 8905.028907692305], [16164.396169230766, 8920.40892307692], [16149.01615384615, 8935.788938461537], [16133.636138461536, 8951.168953846152], [16118.25612307692, 8966.548969230767], [16102.876107692304, 8981.928984615382], [16072.116076923074, 8981.928984615382], [16056.736061538459, 8997.308999999997], [16041.356046153844, 9012.689015384614], [16025.976030769227, 9028.06903076923], [16010.596015384612, 9043.449046153844], [15995.215999999997, 9058.82906153846], [15979.835984615382, 9074.209076923074], [15964.455969230767, 9089.589092307691], [15949.07595384615, 9104.969107692306], [15933.695938461535, 9120.349123076921], [15918.31592307692, 9135.729138461536], [15902.935907692305, 9151.109153846151], [15902.935907692305, 9181.869184615383], [15902.935907692305, 9212.629215384613], [15887.55589230769, 9228.009230769228], [15872.175876923075, 9243.389246153843], [15872.175876923075, 9274.149276923075], [15872.175876923075, 9304.909307692305], [15872.175876923075, 9335.669338461537], [15872.175876923075, 9366.429369230767], [15872.175876923075, 9397.189399999997], [15872.175876923075, 9427.94943076923], [15872.175876923075, 9458.70946153846], [15887.55589230769, 9474.089476923074], [15902.935907692305, 9489.46949230769], [15918.31592307692, 9504.849507692306], [15933.695938461535, 9520.229523076921], [15949.07595384615, 9535.609538461536], [15964.455969230767, 9550.989553846151], [15979.835984615382, 9566.369569230767], [15995.215999999997, 9581.749584615383], [15979.835984615382, 9597.129599999998], [15964.455969230767, 9612.509615384613], [15949.07595384615, 9627.889630769228], [15933.695938461535, 9643.269646153843], [15918.31592307692, 9658.64966153846], [15902.935907692305, 9674.029676923075], [15887.55589230769, 9689.40969230769], [15872.175876923075, 9704.789707692305], [15856.795861538458, 9720.16972307692], [15841.415846153843, 9735.549738461537], [15841.415846153843, 9766.309769230767], [15856.795861538458, 9781.689784615382], [15872.175876923075, 9797.069799999997], [15887.55589230769, 9812.449815384613], [15902.935907692305, 9827.82983076923], [15918.31592307692, 9843.209846153844], [15949.07595384615, 9843.209846153844], [15979.835984615382, 9843.209846153844], [15995.215999999997, 9827.82983076923], [16010.596015384612, 9812.449815384613]]]}, "properties": {"objectType": "annotation", "name": "P3_1_C|rim_9", "classification": {"name": "rim", "color": [201, 133, 0]}, "lesion_id": 9, "section": "P3_1_C", "area_um2": 28549.999999999964}}, {"type": "Feature", "geometry": {"type": "Polygon", "coordinates": [[[24592.644599999996, 10427.650430769228], [24561.884569230766, 10427.650430769228], [24546.50455384615, 10412.270415384613], [24531.124538461532, 10396.890399999998], [24515.74452307692, 10412.270415384613], [24500.364507692302, 10427.650430769228], [24484.98449230769, 10412.270415384613], [24469.604476923072, 10396.890399999998], [24438.844446153842, 10396.890399999998], [24408.084415384612, 10396.890399999998], [24392.704399999995, 10381.510384615383], [24377.32438461538, 10366.130369230767], [24361.944369230765, 10350.750353846151], [24346.564353846148, 10335.370338461536], [24331.184338461535, 10319.990323076921], [24331.184338461535, 10289.23029230769], [24331.184338461535, 10258.47026153846], [24331.184338461535, 10227.71023076923], [24331.184338461535, 10196.950199999997], [24315.804323076918, 10181.570184615382], [24300.4243076923, 10166.190169230767], [24315.804323076918, 10150.810153846152], [24331.184338461535, 10135.430138461536], [24346.564353846148, 10120.05012307692], [24361.944369230765, 10104.670107692305], [24361.944369230765, 10073.910076923075], [24346.564353846148, 10058.53006153846], [24331.184338461535, 10043.150046153844], [24331.184338461535, 10012.390015384613], [24331.184338461535, 9981.629984615383], [24331.184338461535, 9950.869953846151], [24331.184338461535, 9920.109923076921], [24331.184338461535, 9889.34989230769], [24331.184338461535, 9858.58986153846], [24331.184338461535, 9827.82983076923], [24331.184338461535, 9797.069799999997], [24331.184338461535, 9766.309769230767], [24331.184338461535, 9735.549738461537], [24331.184338461535, 9704.789707692305], [24346.564353846148, 9689.40969230769], [24361.944369230765, 9674.029676923075], [24361.944369230765, 9643.269646153843], [24361.944369230765, 9612.509615384613], [24361.944369230765, 9581.749584615383], [24361.944369230765, 9550.989553846151], [24377.32438461538, 9535.609538461536], [24392.704399999995, 9520.229523076921], [24392.704399999995, 9489.46949230769], [24408.084415384612, 9474.089476923074], [24423.464430769225, 9458.70946153846], [24423.464430769225, 9427.94943076923], [24438.844446153842, 9412.569415384614], [24454.224461538455, 9397.189399999997], [24454.224461538455, 9366.429369230767], [24469.604476923072, 9351.049353846152], [24484.98449230769, 9335.669338461537], [24500.364507692302, 9320.28932307692], [24515.74452307692, 9304.909307692305], [24531.124538461532, 9289.52929230769], [24546.50455384615, 9304.909307692305], [24561.884569230766, 9320.28932307692], [24577.26458461538, 9304.909307692305], [24592.644599999996, 9289.52929230769], [24623.404630769226, 9289.52929230769], [24654.164661538456, 9289.52929230769], [24684.924692307686, 9289.52929230769], [24700.304707692303, 9274.149276923075], [24715.68472307692, 9258.76926153846], [24746.44475384615, 9258.76926153846], [24761.824769230763, 9243.389246153843], [24777.20478461538, 9228.009230769228], [24792.584799999993, 9243.389246153843], [24807.96481538461, 9258.76926153846], [24838.72484615384, 9258.76926153846], [24854.104861538457, 9243.389246153843], [24869.48487692307, 9228.009230769228], [24900.244907692304, 9228.009230769228], [24915.624923076917, 9243.389246153843], [24931.004938461534, 9258.76926153846], [24946.384953846147, 9243.389246153843], [24961.764969230764, 9228.009230769228], [24992.524999999994, 9228.009230769228], [25023.285030769224, 9228.009230769228], [25054.045061538458, 9228.009230769228], [25069.42507692307, 9212.629215384613], [25084.805092307688, 9197.249199999998], [25115.565123076918, 9197.249199999998], [25146.325153846148, 9197.249199999998], [25161.705169230765, 9181.869184615383], [25177.08518461538, 9166.489169230766], [25207.845215384612, 9166.489169230766], [25238.605246153842, 9166.489169230766], [25269.365276923072, 9166.489169230766], [25284.74529230769, 9181.869184615383], [25300.125307692302, 9197.249199999998], [25330.885338461532, 9197.249199999998], [25361.645369230766, 9197.249199999998], [25392.405399999996, 9197.249199999998], [25423.165430769226, 9197.249199999998], [25438.54544615384, 9181.869184615383], [25453.925461538456, 9166.489169230766], [25469.305476923073, 9181.869184615383], [25484.685492307686, 9197.249199999998], [25515.445523076916, 9197.249199999998], [25546.20555384615, 9197.249199999998], [25576.96558461538, 9197.249199999998], [25592.345599999993, 9212.629215384613], [25607.72561538461, 9228.009230769228], [25638.48564615384, 9228.009230769228], [25669.24567692307, 9228.009230769228], [25684.625692307687, 9212.629215384613], [25700.005707692304, 9197.249199999998], [25730.765738461534, 9197.249199999998], [25746.145753846147, 9181.869184615383], [25761.525769230764, 9166.489169230766], [25776.90578461538, 9151.109153846151], [25792.285799999994, 9135.729138461536], [25823.045830769224, 9135.729138461536], [25838.42584615384, 9120.349123076921], [25853.805861538458, 9104.969107692306], [25884.565892307688, 9104.969107692306], [25915.325923076918, 9104.969107692306], [25946.08595384615, 9104.969107692306], [25976.84598461538, 9104.969107692306], [26007.606015384612, 9104.969107692306], [26038.366046153842, 9104.969107692306], [26053.746061538455, 9120.349123076921], [26069.126076923072, 9135.729138461536], [26099.886107692302, 9135.729138461536], [26115.26612307692, 9151.109153846151], [26130.646138461532, 9166.489169230766], [26161.406169230762, 9166.489169230766], [26176.78618461538, 9181.869184615383], [26192.166199999996, 9197.249199999998], [26222.926230769226, 9197.249199999998], [26253.686261538456, 9197.249199999998], [26269.066276923073, 9212.629215384613], [26284.446292307686, 9228.009230769228], [26299.826307692303, 9243.389246153843], [26315.206323076916, 9258.76926153846], [26330.586338461533, 9274.149276923075], [26330.586338461533, 9304.909307692305], [26315.206323076916, 9320.28932307692], [26299.826307692303, 9335.669338461537], [26299.826307692303, 9366.429369230767], [26284.446292307686, 9381.809384615382], [26269.066276923073, 9397.189399999997], [26253.686261538456, 9412.569415384614], [26238.30624615384, 9427.94943076923], [26222.926230769226, 9443.329446153844], [26207.54621538461, 9458.70946153846], [26207.54621538461, 9489.46949230769], [26192.166199999996, 9504.849507692306], [26176.78618461538, 9520.229523076921], [26161.406169230762, 9535.609538461536], [26146.02615384615, 9550.989553846151], [26130.646138461532, 9566.369569230767], [26099.886107692302, 9566.369569230767], [26069.126076923072, 9566.369569230767], [26038.366046153842, 9566.369569230767], [26022.986030769225, 9550.989553846151], [26007.606015384612, 9535.609538461536], [25976.84598461538, 9535.609538461536], [25961.465969230765, 9520.229523076921], [25946.08595384615, 9504.849507692306], [25930.705938461535, 9489.46949230769], [25915.325923076918, 9474.089476923074], [25899.9459076923, 9458.70946153846], [25884.565892307688, 9443.329446153844], [25853.805861538458, 9443.329446153844], [25838.42584615384, 9458.70946153846], [25823.045830769224, 9474.089476923074], [25807.66581538461, 9489.46949230769], [25792.285799999994, 9504.849507692306], [25776.90578461538, 9520.229523076921], [25761.525769230764, 9535.609538461536], [25730.765738461534, 9535.609538461536], [25700.005707692304, 9535.609538461536], [25669.24567692307, 9535.609538461536], [25638.48564615384, 9535.609538461536], [25623.105630769227, 9550.989553846151], [25607.72561538461, 9566.369569230767], [25576.96558461538, 9566.369569230767], [25561.585569230763, 9581.749584615383], [25546.20555384615, 9597.129599999998], [25515.445523076916, 9597.129599999998], [25500.065507692303, 9612.509615384613], [25484.685492307686, 9627.889630769228], [25469.305476923073, 9643.269646153843], [25453.925461538456, 9658.64966153846], [25438.54544615384, 9674.029676923075], [25423.165430769226, 9689.40969230769], [25392.405399999996, 9689.40969230769], [25377.02538461538, 9704.789707692305], [25361.645369230766, 9720.16972307692], [25346.26535384615, 9735.549738461537], [25330.885338461532, 9750.929753846152], [25315.50532307692, 9766.309769230767], [25300.125307692302, 9781.689784615382], [25284.74529230769, 9797.069799999997], [25284.74529230769, 9827.82983076923], [25269.365276923072, 9843.209846153844], [25253.985261538455, 9858.58986153846], [25238.605246153842, 9873.969876923074], [25223.225230769225, 9889.34989230769], [25207.845215384612, 9904.729907692306], [25192.465199999995, 9920.109923076921], [25177.08518461538, 9935.489938461536], [25161.705169230765, 9950.869953846151], [25146.325153846148, 9966.249969230767], [25130.945138461535, 9981.629984615383], [25115.565123076918, 9997.009999999998], [25084.805092307688, 9997.009999999998], [25054.045061538458, 9997.009999999998], [25038.66504615384, 10012.390015384613], [25023.285030769224, 10027.770030769228], [24992.524999999994, 10027.770030769228], [24977.14498461538, 10043.150046153844], [24961.764969230764, 10058.53006153846], [24931.004938461534, 10058.53006153846], [24915.624923076917, 10073.910076923075], [24900.244907692304, 10089.29009230769], [24884.864892307687, 10104.670107692305], [24869.48487692307, 10120.05012307692], [24854.104861538457, 10135.430138461536], [24838.72484615384, 10150.810153846152], [24823.344830769227, 10166.190169230767], [24807.96481538461, 10181.570184615382], [24792.584799999993, 10196.950199999997], [24792.584799999993, 10227.71023076923], [24777.20478461538, 10243.090246153844], [24761.824769230763, 10258.47026153846], [24746.44475384615, 10273.850276923074], [24731.064738461533, 10289.23029230769], [24715.68472307692, 10304.610307692306], [24700.304707692303, 10319.990323076921], [24684.924692307686, 10335.370338461536], [24669.544676923073, 10350.750353846151], [24654.164661538456, 10366.130369230767], [24638.784646153843, 10381.510384615383], [24623.404630769226, 10396.890399999998], [24608.02461538461, 10412.270415384613], [24592.644599999996, 10427.650430769228]]]}, "properties": {"objectType": "annotation", "name": "R1_2_T|lesion_10", "classification": {"name": "lesion", "color": [255, 0, 0]}, "lesion_id": 10, "section": "R1_2_T", "area_um2": 132650.00000000003}}, {"type": "Feature", "geometry": {"type": "Polygon", "coordinates": [[[24592.644599999996, 10120.05012307692], [24577.26458461538, 10104.670107692305], [24577.26458461538, 10073.910076923075], [24577.26458461538, 10043.150046153844], [24561.884569230766, 10027.770030769228], [24546.50455384615, 10012.390015384613], [24546.50455384615, 9981.629984615383], [24546.50455384615, 9950.869953846151], [24546.50455384615, 9920.109923076921], [24546.50455384615, 9889.34989230769], [24546.50455384615, 9858.58986153846], [24546.50455384615, 9827.82983076923], [24546.50455384615, 9797.069799999997], [24546.50455384615, 9766.309769230767], [24546.50455384615, 9735.549738461537], [24561.884569230766, 9720.16972307692], [24577.26458461538, 9704.789707692305], [24577.26458461538, 9674.029676923075], [24577.26458461538, 9643.269646153843], [24577.26458461538, 9612.509615384613], [24577.26458461538, 9581.749584615383], [24592.644599999996, 9566.369569230767], [24608.02461538461, 9550.989553846151], [24608.02461538461, 9520.229523076921], [24623.404630769226, 9504.849507692306], [24654.164661538456, 9504.849507692306], [24684.924692307686, 9504.849507692306], [24715.68472307692, 9504.849507692306], [24731.064738461533, 9489.46949230769], [24746.44475384615, 9474.089476923074], [24777.20478461538, 9474.089476923074], [24807.96481538461, 9474.089476923074], [24838.72484615384, 9474.089476923074], [24869.48487692307, 9474.089476923074], [24900.244907692304, 9474.089476923074], [24931.004938461534, 9474.089476923074], [24961.764969230764, 9474.089476923074], [24977.14498461538, 9458.70946153846], [24992.524999999994, 9443.329446153844], [25023.285030769224, 9443.329446153844], [25054.045061538458, 9443.329446153844], [25084.805092307688, 9443.329446153844], [25100.1851076923, 9427.94943076923], [25115.565123076918, 9412.569415384614], [25146.325153846148, 9412.569415384614], [25177.08518461538, 9412.569415384614], [25192.465199999995, 9397.189399999997], [25207.845215384612, 9381.809384615382], [25238.605246153842, 9381.809384615382], [25253.985261538455, 9397.189399999997], [25269.365276923072, 9412.569415384614], [25300.125307692302, 9412.569415384614], [25330.885338461532, 9412.569415384614], [25361.645369230766, 9412.569415384614], [25392.405399999996, 9412.569415384614], [25407.78541538461, 9427.94943076923], [25392.405399999996, 9443.329446153844], [25361.645369230766, 9443.329446153844], [25346.26535384615, 9458.70946153846], [25330.885338461532, 9474.089476923074], [25315.50532307692, 9489.46949230769], [25300.125307692302, 9504.849507692306], [25284.74529230769, 9520.229523076921], [25269.365276923072, 9535.609538461536], [25238.605246153842, 9535.609538461536], [25223.225230769225, 9550.989553846151], [25207.845215384612, 9566.369569230767], [25192.465199999995, 9581.749584615383], [25177.08518461538, 9597.129599999998], [25161.705169230765, 9612.509615384613], [25146.325153846148, 9627.889630769228], [25130.945138461535, 9643.269646153843], [25130.945138461535, 9674.029676923075], [25115.565123076918, 9689.40969230769], [25100.1851076923, 9704.789707692305], [25084.805092307688, 9720.16972307692], [25069.42507692307, 9735.549738461537], [25054.045061538458, 9750.929753846152], [25038.66504615384, 9766.309769230767], [25023.285030769224, 9781.689784615382], [25007.90501538461, 9797.069799999997], [24992.524999999994, 9812.449815384613], [24961.764969230764, 9812.449815384613], [24946.384953846147, 9827.82983076923], [24931.004938461534, 9843.209846153844], [24900.244907692304, 9843.209846153844], [24884.864892307687, 9858.58986153846], [24869.48487692307, 9873.969876923074], [24838.72484615384, 9873.969876923074], [24823.344830769227, 9889.34989230769], [24807.96481538461, 9904.729907692306], [24777.20478461538, 9904.729907692306], [24761.824769230763, 9920.109923076921], [24746.44475384615, 9935.489938461536], [24731.064738461533, 9950.869953846151], [24715.68472307692, 9966.249969230767], [24700.304707692303, 9981.629984615383], [24684.924692307686, 9997.009999999998], [24669.544676923073, 10012.390015384613], [24654.164661538456, 10027.770030769228], [24638.784646153843, 10043.150046153844], [24638.784646153843, 10073.910076923075], [24623.404630769226, 10089.29009230769], [24608.02461538461, 10104.670107692305], [24592.644599999996, 10120.05012307692]]]}, "properties": {"objectType": "annotation", "name": "R1_2_T|core_10", "classification": {"name": "core", "color": [230, 103, 103]}, "lesion_id": 10, "section": "R1_2_T", "area_um2": 28450.000000000007}}, {"type": "Feature", "geometry": {"type": "Polygon", "coordinates": [[[24608.02461538461, 10412.270415384613], [24623.404630769226, 10396.890399999998], [24638.784646153843, 10381.510384615383], [24654.164661538456, 10366.130369230767], [24669.544676923073, 10350.750353846151], [24684.924692307686, 10335.370338461536], [24700.304707692303, 10319.990323076921], [24715.68472307692, 10304.610307692306], [24731.064738461533, 10289.23029230769], [24746.44475384615, 10273.850276923074], [24761.824769230763, 10258.47026153846], [24777.20478461538, 10243.090246153844], [24792.584799999993, 10227.71023076923], [24792.584799999993, 10196.950199999997], [24807.96481538461, 10181.570184615382], [24823.344830769227, 10166.190169230767], [24838.72484615384, 10150.810153846152], [24854.104861538457, 10135.430138461536], [24869.48487692307, 10120.05012307692], [24884.864892307687, 10104.670107692305], [24900.244907692304, 10089.29009230769], [24915.624923076917, 10073.910076923075], [24931.004938461534, 10058.53006153846], [24961.764969230764, 10058.53006153846], [24977.14498461538, 10043.150046153844], [24992.524999999994, 10027.770030769228], [25023.285030769224, 10027.770030769228], [25038.66504615384, 10012.390015384613], [25054.045061538458, 9997.009999999998], [25084.805092307688, 9997.009999999998], [25115.565123076918, 9997.009999999998], [25130.945138461535, 9981.629984615383], [25146.325153846148, 9966.249969230767], [25161.705169230765, 9950.869953846151], [25177.08518461538, 9935.489938461536], [25192.465199999995, 9920.109923076921], [25207.845215384612, 9904.729907692306], [25223.225230769225, 9889.34989230769], [25238.605246153842, 9873.969876923074], [25253.985261538455, 9858.58986153846], [25269.365276923072, 9843.209846153844], [25284.74529230769, 9827.82983076923], [25284.74529230769, 9797.069799999997], [25300.125307692302, 9781.689784615382], [25315.50532307692, 9766.309769230767], [25330.885338461532, 9750.929753846152], [25346.26535384615, 9735.549738461537], [25361.645369230766, 9720.16972307692], [25377.02538461538, 9704.789707692305], [25392.405399999996, 9689.40969230769], [25423.165430769226, 9689.40969230769], [25438.54544615384, 9674.029676923075], [25453.925461538456, 9658.64966153846], [25469.305476923073, 9643.269646153843], [25484.685492307686, 9627.889630769228], [25500.065507692303, 9612.509615384613], [25515.445523076916, 9597.129599999998], [25546.20555384615, 9597.129599999998], [25561.585569230763, 9581.749584615383], [25576.96558461538, 9566.369569230767], [25607.72561538461, 9566.369569230767], [25623.105630769227, 9550.989553846151], [25638.48564615384, 9535.609538461536], [25669.24567692307, 9535.609538461536], [25700.005707692304, 9535.609538461536], [25730.765738461534, 9535.609538461536], [25761.525769230764, 9535.609538461536], [25776.90578461538, 9520.229523076921], [25792.285799999994, 9504.849507692306], [25807.66581538461, 9489.46949230769], [25823.045830769224, 9474.089476923074], [25838.42584615384, 9458.70946153846], [25853.805861538458, 9443.329446153844], [25884.565892307688, 9443.329446153844], [25899.9459076923, 9458.70946153846], [25915.325923076918, 9474.089476923074], [25930.705938461535, 9489.46949230769], [25946.08595384615, 9504.849507692306], [25961.465969230765, 9520.229523076921], [25976.84598461538, 9535.609538461536], [26007.606015384612, 9535.609538461536], [26022.986030769225, 9550.989553846151], [26038.366046153842, 9566.369569230767], [26069.126076923072, 9566.369569230767], [26099.886107692302, 9566.369569230767], [26130.646138461532, 9566.369569230767], [26146.02615384615, 9550.989553846151], [26161.406169230762, 9535.609538461536], [26176.78618461538, 9520.229523076921], [26192.166199999996, 9504.849507692306], [26207.54621538461, 9489.46949230769], [26207.54621538461, 9458.70946153846], [26222.926230769226, 9443.329446153844], [26238.30624615384, 9427.94943076923], [26253.686261538456, 9412.569415384614], [26269.066276923073, 9397.189399999997], [26284.446292307686, 9381.809384615382], [26299.826307692303, 9366.429369230767], [26299.826307692303, 9335.669338461537], [26315.206323076916, 9320.28932307692], [26330.586338461533, 9304.909307692305], [26330.586338461533, 9274.149276923075], [26315.206323076916, 9258.76926153846], [26299.826307692303, 9243.389246153843], [26284.446292307686, 9228.009230769228], [26269.066276923073, 9212.629215384613], [26253.686261538456, 9197.249199999998], [26222.926230769226, 9197.249199999998], [26192.166199999996, 9197.249199999998], [26176.78618461538, 9181.869184615383], [26161.406169230762, 9166.489169230766], [26130.646138461532, 9166.489169230766], [26115.26612307692, 9151.109153846151], [26099.886107692302, 9135.729138461536], [26069.126076923072, 9135.729138461536], [26053.746061538455, 9120.349123076921], [26038.366046153842, 9104.969107692306], [26007.606015384612, 9104.969107692306], [25976.84598461538, 9104.969107692306], [25946.08595384615, 9104.969107692306], [25915.325923076918, 9104.969107692306], [25884.565892307688, 9104.969107692306], [25853.805861538458, 9104.969107692306], [25838.42584615384, 9120.349123076921], [25823.045830769224, 9135.729138461536], [25792.285799999994, 9135.729138461536], [25776.90578461538, 9151.109153846151], [25761.525769230764, 9166.489169230766], [25746.145753846147, 9181.869184615383], [25730.765738461534, 9197.249199999998], [25700.005707692304, 9197.249199999998], [25684.625692307687, 9212.629215384613], [25669.24567692307, 9228.009230769228], [25638.48564615384, 9228.009230769228], [25607.72561538461, 9228.009230769228], [25592.345599999993, 9212.629215384613], [25576.96558461538, 9197.249199999998], [25546.20555384615, 9197.249199999998], [25515.445523076916, 9197.249199999998], [25484.685492307686, 9197.249199999998], [25469.305476923073, 9181.869184615383], [25453.925461538456, 9166.489169230766], [25438.54544615384, 9181.869184615383], [25423.165430769226, 9197.249199999998], [25392.405399999996, 9197.249199999998], [25361.645369230766, 9197.249199999998], [25330.885338461532, 9197.249199999998], [25300.125307692302, 9197.249199999998], [25284.74529230769, 9181.869184615383], [25269.365276923072, 9166.489169230766], [25238.605246153842, 9166.489169230766], [25207.845215384612, 9166.489169230766], [25177.08518461538, 9166.489169230766], [25161.705169230765, 9181.869184615383], [25146.325153846148, 9197.249199999998], [25115.565123076918, 9197.249199999998], [25084.805092307688, 9197.249199999998], [25069.42507692307, 9212.629215384613], [25054.045061538458, 9228.009230769228], [25023.285030769224, 9228.009230769228], [24992.524999999994, 9228.009230769228], [24961.764969230764, 9228.009230769228], [24946.384953846147, 9243.389246153843], [24931.004938461534, 9258.76926153846], [24915.624923076917, 9243.389246153843], [24900.244907692304, 9228.009230769228], [24869.48487692307, 9228.009230769228], [24854.104861538457, 9243.389246153843], [24838.72484615384, 9258.76926153846], [24807.96481538461, 9258.76926153846], [24792.584799999993, 9243.389246153843], [24777.20478461538, 9228.009230769228], [24761.824769230763, 9243.389246153843], [24746.44475384615, 9258.76926153846], [24715.68472307692, 9258.76926153846], [24700.304707692303, 9274.149276923075], [24684.924692307686, 9289.52929230769], [24654.164661538456, 9289.52929230769], [24623.404630769226, 9289.52929230769], [24592.644599999996, 9289.52929230769], [24577.26458461538, 9304.909307692305], [24561.884569230766, 9320.28932307692], [24546.50455384615, 9304.909307692305], [24531.124538461532, 9289.52929230769], [24515.74452307692, 9304.909307692305], [24500.364507692302, 9320.28932307692], [24484.98449230769, 9335.669338461537], [24469.604476923072, 9351.049353846152], [24454.224461538455, 9366.429369230767], [24454.224461538455, 9397.189399999997], [24438.844446153842, 9412.569415384614], [24423.464430769225, 9427.94943076923], [24423.464430769225, 9458.70946153846], [24408.084415384612, 9474.089476923074], [24392.704399999995, 9489.46949230769], [24392.704399999995, 9520.229523076921], [24377.32438461538, 9535.609538461536], [24361.944369230765, 9550.989553846151], [24361.944369230765, 9581.749584615383], [24361.944369230765, 9612.509615384613], [24361.944369230765, 9643.269646153843], [24361.944369230765, 9674.029676923075], [24346.564353846148, 9689.40969230769], [24331.184338461535, 9704.789707692305], [24331.184338461535, 9735.549738461537], [24331.184338461535, 9766.309769230767], [24331.184338461535, 9797.069799999997], [24331.184338461535, 9827.82983076923], [24331.184338461535, 9858.58986153846], [24331.184338461535, 9889.34989230769], [24331.184338461535, 9920.109923076921], [24331.184338461535, 9950.869953846151], [24331.184338461535, 9981.629984615383], [24331.184338461535, 10012.390015384613], [24331.184338461535, 10043.150046153844], [24346.564353846148, 10058.53006153846], [24361.944369230765, 10073.910076923075], [24361.944369230765, 10104.670107692305], [24346.564353846148, 10120.05012307692], [24331.184338461535, 10135.430138461536], [24315.804323076918, 10150.810153846152], [24300.4243076923, 10166.190169230767], [24315.804323076918, 10181.570184615382], [24331.184338461535, 10196.950199999997], [24331.184338461535, 10227.71023076923], [24331.184338461535, 10258.47026153846], [24331.184338461535, 10289.23029230769], [24331.184338461535, 10319.990323076921], [24346.564353846148, 10335.370338461536], [24361.944369230765, 10350.750353846151], [24377.32438461538, 10366.130369230767], [24392.704399999995, 10381.510384615383], [24408.084415384612, 10396.890399999998], [24438.844446153842, 10396.890399999998], [24469.604476923072, 10396.890399999998], [24484.98449230769, 10412.270415384613], [24500.364507692302, 10427.650430769228], [24515.74452307692, 10412.270415384613], [24531.124538461532, 10396.890399999998], [24546.50455384615, 10412.270415384613], [24561.884569230766, 10427.650430769228], [24592.644599999996, 10427.650430769228], [24608.02461538461, 10412.270415384613]]]}, "properties": {"objectType": "annotation", "name": "R1_2_T|rim_10", "classification": {"name": "rim", "color": [201, 133, 0]}, "lesion_id": 10, "section": "R1_2_T", "area_um2": 132649.99999999994}}, {"type": "Feature", "geometry": {"type": "Polygon", "coordinates": [[[21547.40155384615, 11073.611076923075], [21532.021538461533, 11058.23106153846], [21516.64152307692, 11042.851046153844], [21501.261507692303, 11027.47103076923], [21485.88149230769, 11012.091015384613], [21470.501476923073, 10996.710999999998], [21485.88149230769, 10981.330984615382], [21501.261507692303, 10965.950969230767], [21485.88149230769, 10950.570953846152], [21470.501476923073, 10935.190938461536], [21470.501476923073, 10904.430907692305], [21485.88149230769, 10889.05089230769], [21501.261507692303, 10873.670876923075], [21485.88149230769, 10858.290861538459], [21470.501476923073, 10842.910846153844], [21485.88149230769, 10827.530830769228], [21501.261507692303, 10812.150815384613], [21516.64152307692, 10796.770799999998], [21532.021538461533, 10781.390784615382], [21547.40155384615, 10766.010769230767], [21562.781569230763, 10750.630753846151], [21578.16158461538, 10735.250738461536], [21593.541599999997, 10719.870723076921], [21593.541599999997, 10689.11069230769], [21593.541599999997, 10658.35066153846], [21608.92161538461, 10642.970646153844], [21624.301630769227, 10627.59063076923], [21639.68164615384, 10612.210615384613], [21655.061661538457, 10596.830599999998], [21670.441676923074, 10581.450584615382], [21685.821692307687, 10566.070569230767], [21685.821692307687, 10535.310538461536], [21701.201707692304, 10519.93052307692], [21716.581723076917, 10504.550507692305], [21716.581723076917, 10473.790476923075], [21716.581723076917, 10443.030446153844], [21701.201707692304, 10427.650430769228], [21685.821692307687, 10412.270415384613], [21670.441676923074, 10396.890399999998], [21655.061661538457, 10381.510384615383], [21655.061661538457, 10350.750353846151], [21655.061661538457, 10319.990323076921], [21655.061661538457, 10289.23029230769], [21639.68164615384, 10273.850276923074], [21624.301630769227, 10258.47026153846], [21624.301630769227, 10227.71023076923], [21639.68164615384, 10212.330215384613], [21655.061661538457, 10196.950199999997], [21670.441676923074, 10181.570184615382], [21685.821692307687, 10166.190169230767], [21670.441676923074, 10150.810153846152], [21655.061661538457, 10135.430138461536], [21639.68164615384, 10120.05012307692], [21624.301630769227, 10104.670107692305], [21608.92161538461, 10089.29009230769], [21593.541599999997, 10073.910076923075], [21578.16158461538, 10058.53006153846], [21562.781569230763, 10043.150046153844], [21562.781569230763, 10012.390015384613], [21562.781569230763, 9981.629984615383], [21562.781569230763, 9950.869953846151], [21562.781569230763, 9920.109923076921], [21578.16158461538, 9904.729907692306], [21593.541599999997, 9889.34989230769], [21608.92161538461, 9873.969876923074], [21624.301630769227, 9858.58986153846], [21639.68164615384, 9843.209846153844], [21670.441676923074, 9843.209846153844], [21701.201707692304, 9843.209846153844], [21731.961738461534, 9843.209846153844], [21762.721769230764, 9843.209846153844], [21778.10178461538, 9858.58986153846], [21793.481799999994, 9873.969876923074], [21808.86181538461, 9889.34989230769], [21824.241830769228, 9904.729907692306], [21839.62184615384, 9920.109923076921], [21855.001861538458, 9935.489938461536], [21870.38187692307, 9950.869953846151], [21885.761892307688, 9966.249969230767], [21901.141907692305, 9981.629984615383], [21885.761892307688, 9997.009999999998], [21870.38187692307, 10012.390015384613], [21885.761892307688, 10027.770030769228], [21901.141907692305, 10043.150046153844], [21916.521923076918, 10058.53006153846], [21931.901938461535, 10073.910076923075], [21931.901938461535, 10104.670107692305], [21916.521923076918, 10120.05012307692], [21901.141907692305, 10135.430138461536], [21885.761892307688, 10150.810153846152], [21870.38187692307, 10166.190169230767], [21855.001861538458, 10181.570184615382], [21839.62184615384, 10196.950199999997], [21824.241830769228, 10212.330215384613], [21808.86181538461, 10227.71023076923], [21808.86181538461, 10258.47026153846], [21793.481799999994, 10273.850276923074], [21778.10178461538, 10289.23029230769], [21793.481799999994, 10304.610307692306], [21808.86181538461, 10319.990323076921], [21808.86181538461, 10350.750353846151], [21808.86181538461, 10381.510384615383], [21824.241830769228, 10396.890399999998], [21839.62184615384, 10412.270415384613], [21855.001861538458, 10427.650430769228], [21870.38187692307, 10443.030446153844], [21885.761892307688, 10458.410461538459], [21901.141907692305, 10473.790476923075], [21916.521923076918, 10489.17049230769], [21931.901938461535, 10504.550507692305], [21931.901938461535, 10535.310538461536], [21916.521923076918, 10550.690553846152], [21901.141907692305, 10566.070569230767], [21901.141907692305, 10596.830599999998], [21901.141907692305, 10627.59063076923], [21901.141907692305, 10658.35066153846], [21901.141907692305, 10689.11069230769], [21901.141907692305, 10719.870723076921], [21885.761892307688, 10735.250738461536], [21870.38187692307, 10750.630753846151], [21870.38187692307, 10781.390784615382], [21855.001861538458, 10796.770799999998], [21839.62184615384, 10812.150815384613], [21824.241830769228, 10827.530830769228], [21808.86181538461, 10842.910846153844], [21793.481799999994, 10858.290861538459], [21762.721769230764, 10858.290861538459], [21747.34175384615, 10873.670876923075], [21731.961738461534, 10889.05089230769], [21716.581723076917, 10904.430907692305], [21701.201707692304, 10919.81092307692], [21685.821692307687, 10935.190938461536], [21670.441676923074, 10950.570953846152], [21655.061661538457, 10965.950969230767], [21639.68164615384, 10981.330984615382], [21624.301630769227, 10996.710999999998], [21608.92161538461, 11012.091015384613], [21593.541599999997, 11027.47103076923], [21578.16158461538, 11042.851046153844], [21562.781569230763, 11058.23106153846], [21547.40155384615, 11073.611076923075]]]}, "properties": {"objectType": "annotation", "name": "P3_1_C|lesion_11", "classification": {"name": "lesion", "color": [255, 0, 0]}, "lesion_id": 11, "section": "P3_1_C", "area_um2": 29950.000000000047}}, {"type": "Feature", "geometry": {"type": "Polygon", "coordinates": [[[21547.40155384615, 11073.611076923075], [21532.021538461533, 11058.23106153846], [21516.64152307692, 11042.851046153844], [21501.261507692303, 11027.47103076923], [21485.88149230769, 11012.091015384613], [21470.501476923073, 10996.710999999998], [21485.88149230769, 10981.330984615382], [21501.261507692303, 10965.950969230767], [21485.88149230769, 10950.570953846152], [21470.501476923073, 10935.190938461536], [21470.501476923073, 10904.430907692305], [21485.88149230769, 10889.05089230769], [21501.261507692303, 10873.670876923075], [21485.88149230769, 10858.290861538459], [21470.501476923073, 10842.910846153844], [21485.88149230769, 10827.530830769228], [21501.261507692303, 10812.150815384613], [21516.64152307692, 10796.770799999998], [21532.021538461533, 10781.390784615382], [21547.40155384615, 10766.010769230767], [21562.781569230763, 10750.630753846151], [21578.16158461538, 10735.250738461536], [21593.541599999997, 10719.870723076921], [21593.541599999997, 10689.11069230769], [21593.541599999997, 10658.35066153846], [21608.92161538461, 10642.970646153844], [21624.301630769227, 10627.59063076923], [21639.68164615384, 10612.210615384613], [21655.061661538457, 10596.830599999998], [21670.441676923074, 10581.450584615382], [21685.821692307687, 10566.070569230767], [21685.821692307687, 10535.310538461536], [21701.201707692304, 10519.93052307692], [21716.581723076917, 10504.550507692305], [21716.581723076917, 10473.790476923075], [21716.581723076917, 10443.030446153844], [21701.201707692304, 10427.650430769228], [21685.821692307687, 10412.270415384613], [21670.441676923074, 10396.890399999998], [21655.061661538457, 10381.510384615383], [21655.061661538457, 10350.750353846151], [21655.061661538457, 10319.990323076921], [21655.061661538457, 10289.23029230769], [21639.68164615384, 10273.850276923074], [21624.301630769227, 10258.47026153846], [21624.301630769227, 10227.71023076923], [21639.68164615384, 10212.330215384613], [21655.061661538457, 10196.950199999997], [21670.441676923074, 10181.570184615382], [21685.821692307687, 10166.190169230767], [21670.441676923074, 10150.810153846152], [21655.061661538457, 10135.430138461536], [21639.68164615384, 10120.05012307692], [21624.301630769227, 10104.670107692305], [21608.92161538461, 10089.29009230769], [21593.541599999997, 10073.910076923075], [21578.16158461538, 10058.53006153846], [21562.781569230763, 10043.150046153844], [21562.781569230763, 10012.390015384613], [21562.781569230763, 9981.629984615383], [21562.781569230763, 9950.869953846151], [21562.781569230763, 9920.109923076921], [21578.16158461538, 9904.729907692306], [21593.541599999997, 9889.34989230769], [21608.92161538461, 9873.969876923074], [21624.301630769227, 9858.58986153846], [21639.68164615384, 9843.209846153844], [21670.441676923074, 9843.209846153844], [21701.201707692304, 9843.209846153844], [21731.961738461534, 9843.209846153844], [21762.721769230764, 9843.209846153844], [21778.10178461538, 9858.58986153846], [21793.481799999994, 9873.969876923074], [21808.86181538461, 9889.34989230769], [21824.241830769228, 9904.729907692306], [21839.62184615384, 9920.109923076921], [21855.001861538458, 9935.489938461536], [21870.38187692307, 9950.869953846151], [21885.761892307688, 9966.249969230767], [21901.141907692305, 9981.629984615383], [21885.761892307688, 9997.009999999998], [21870.38187692307, 10012.390015384613], [21885.761892307688, 10027.770030769228], [21901.141907692305, 10043.150046153844], [21916.521923076918, 10058.53006153846], [21931.901938461535, 10073.910076923075], [21931.901938461535, 10104.670107692305], [21916.521923076918, 10120.05012307692], [21901.141907692305, 10135.430138461536], [21885.761892307688, 10150.810153846152], [21870.38187692307, 10166.190169230767], [21855.001861538458, 10181.570184615382], [21839.62184615384, 10196.950199999997], [21824.241830769228, 10212.330215384613], [21808.86181538461, 10227.71023076923], [21808.86181538461, 10258.47026153846], [21793.481799999994, 10273.850276923074], [21778.10178461538, 10289.23029230769], [21793.481799999994, 10304.610307692306], [21808.86181538461, 10319.990323076921], [21808.86181538461, 10350.750353846151], [21808.86181538461, 10381.510384615383], [21824.241830769228, 10396.890399999998], [21839.62184615384, 10412.270415384613], [21855.001861538458, 10427.650430769228], [21870.38187692307, 10443.030446153844], [21885.761892307688, 10458.410461538459], [21901.141907692305, 10473.790476923075], [21916.521923076918, 10489.17049230769], [21931.901938461535, 10504.550507692305], [21931.901938461535, 10535.310538461536], [21916.521923076918, 10550.690553846152], [21901.141907692305, 10566.070569230767], [21901.141907692305, 10596.830599999998], [21901.141907692305, 10627.59063076923], [21901.141907692305, 10658.35066153846], [21901.141907692305, 10689.11069230769], [21901.141907692305, 10719.870723076921], [21885.761892307688, 10735.250738461536], [21870.38187692307, 10750.630753846151], [21870.38187692307, 10781.390784615382], [21855.001861538458, 10796.770799999998], [21839.62184615384, 10812.150815384613], [21824.241830769228, 10827.530830769228], [21808.86181538461, 10842.910846153844], [21793.481799999994, 10858.290861538459], [21762.721769230764, 10858.290861538459], [21747.34175384615, 10873.670876923075], [21731.961738461534, 10889.05089230769], [21716.581723076917, 10904.430907692305], [21701.201707692304, 10919.81092307692], [21685.821692307687, 10935.190938461536], [21670.441676923074, 10950.570953846152], [21655.061661538457, 10965.950969230767], [21639.68164615384, 10981.330984615382], [21624.301630769227, 10996.710999999998], [21608.92161538461, 11012.091015384613], [21593.541599999997, 11027.47103076923], [21578.16158461538, 11042.851046153844], [21562.781569230763, 11058.23106153846], [21547.40155384615, 11073.611076923075]]]}, "properties": {"objectType": "annotation", "name": "P3_1_C|rim_11", "classification": {"name": "rim", "color": [201, 133, 0]}, "lesion_id": 11, "section": "P3_1_C", "area_um2": 29950.000000000047}}, {"type": "Feature", "geometry": {"type": "Polygon", "coordinates": [[[16625.796630769226, 11319.69132307692], [16595.036599999996, 11319.69132307692], [16564.276569230766, 11319.69132307692], [16533.516538461536, 11319.69132307692], [16502.756507692306, 11319.69132307692], [16471.996476923072, 11319.69132307692], [16456.61646153846, 11304.311307692305], [16441.236446153842, 11288.93129230769], [16410.47641538461, 11288.93129230769], [16395.096399999995, 11273.551276923075], [16379.716384615382, 11258.171261538459], [16364.336369230767, 11242.791246153844], [16348.95635384615, 11227.411230769228], [16318.19632307692, 11227.411230769228], [16302.816307692305, 11212.031215384613], [16287.43629230769, 11196.651199999998], [16272.056276923073, 11181.271184615382], [16256.676261538458, 11165.891169230767], [16241.296246153843, 11150.511153846152], [16225.916230769228, 11135.131138461536], [16210.536215384613, 11119.751123076921], [16195.156199999998, 11104.371107692305], [16179.77618461538, 11088.99109230769], [16164.396169230766, 11073.611076923075], [16149.01615384615, 11058.23106153846], [16133.636138461536, 11042.851046153844], [16118.25612307692, 11027.47103076923], [16102.876107692304, 11012.091015384613], [16087.496092307689, 10996.710999999998], [16072.116076923074, 10981.330984615382], [16056.736061538459, 10965.950969230767], [16056.736061538459, 10935.190938461536], [16056.736061538459, 10904.430907692305], [16072.116076923074, 10889.05089230769], [16087.496092307689, 10873.670876923075], [16102.876107692304, 10858.290861538459], [16118.25612307692, 10842.910846153844], [16118.25612307692, 10812.150815384613], [16118.25612307692, 10781.390784615382], [16133.636138461536, 10766.010769230767], [16149.01615384615, 10750.630753846151], [16149.01615384615, 10719.870723076921], [16133.636138461536, 10704.490707692306], [16118.25612307692, 10689.11069230769], [16118.25612307692, 10658.35066153846], [16102.876107692304, 10642.970646153844], [16087.496092307689, 10627.59063076923], [16102.876107692304, 10612.210615384613], [16118.25612307692, 10596.830599999998], [16133.636138461536, 10581.450584615382], [16149.01615384615, 10566.070569230767], [16164.396169230766, 10550.690553846152], [16195.156199999998, 10550.690553846152], [16225.916230769228, 10550.690553846152], [16256.676261538458, 10550.690553846152], [16272.056276923073, 10535.310538461536], [16287.43629230769, 10519.93052307692], [16302.816307692305, 10535.310538461536], [16318.19632307692, 10550.690553846152], [16348.95635384615, 10550.690553846152], [16379.716384615382, 10550.690553846152], [16395.096399999995, 10566.070569230767], [16410.47641538461, 10581.450584615382], [16441.236446153842, 10581.450584615382], [16456.61646153846, 10596.830599999998], [16471.996476923072, 10612.210615384613], [16487.37649230769, 10627.59063076923], [16502.756507692306, 10642.970646153844], [16518.13652307692, 10658.35066153846], [16518.13652307692, 10689.11069230769], [16533.516538461536, 10704.490707692306], [16548.89655384615, 10719.870723076921], [16564.276569230766, 10735.250738461536], [16579.656584615383, 10750.630753846151], [16579.656584615383, 10781.390784615382], [16595.036599999996, 10796.770799999998], [16610.416615384613, 10812.150815384613], [16610.416615384613, 10842.910846153844], [16625.796630769226, 10858.290861538459], [16641.176646153843, 10873.670876923075], [16656.55666153846, 10889.05089230769], [16671.936676923073, 10904.430907692305], [16687.31669230769, 10919.81092307692], [16702.696707692303, 10935.190938461536], [16702.696707692303, 10965.950969230767], [16718.07672307692, 10981.330984615382], [16733.456738461537, 10996.710999999998], [16748.83675384615, 11012.091015384613], [16764.216769230767, 11027.47103076923], [16779.59678461538, 11042.851046153844], [16794.976799999997, 11058.23106153846], [16810.356815384614, 11073.611076923075], [16825.736830769227, 11088.99109230769], [16825.736830769227, 11119.751123076921], [16810.356815384614, 11135.131138461536], [16794.976799999997, 11150.511153846152], [16794.976799999997, 11181.271184615382], [16779.59678461538, 11196.651199999998], [16764.216769230767, 11212.031215384613], [16748.83675384615, 11227.411230769228], [16733.456738461537, 11242.791246153844], [16718.07672307692, 11258.171261538459], [16702.696707692303, 11273.551276923075], [16687.31669230769, 11288.93129230769], [16656.55666153846, 11288.93129230769], [16641.176646153843, 11304.311307692305], [16625.796630769226, 11319.69132307692]]]}, "properties": {"objectType": "annotation", "name": "P3_1_C|lesion_12", "classification": {"name": "lesion", "color": [255, 0, 0]}, "lesion_id": 12, "section": "P3_1_C", "area_um2": 39449.999999999985}}, {"type": "Feature", "geometry": {"type": "Polygon", "coordinates": [[[16564.276569230766, 11135.131138461536], [16533.516538461536, 11135.131138461536], [16518.13652307692, 11119.751123076921], [16502.756507692306, 11104.371107692305], [16471.996476923072, 11104.371107692305], [16456.61646153846, 11088.99109230769], [16441.236446153842, 11073.611076923075], [16425.85643076923, 11058.23106153846], [16410.47641538461, 11042.851046153844], [16379.716384615382, 11042.851046153844], [16364.336369230767, 11027.47103076923], [16348.95635384615, 11012.091015384613], [16333.576338461535, 10996.710999999998], [16318.19632307692, 10981.330984615382], [16302.816307692305, 10965.950969230767], [16287.43629230769, 10950.570953846152], [16272.056276923073, 10935.190938461536], [16287.43629230769, 10919.81092307692], [16302.816307692305, 10904.430907692305], [16302.816307692305, 10873.670876923075], [16302.816307692305, 10842.910846153844], [16318.19632307692, 10827.530830769228], [16333.576338461535, 10812.150815384613], [16333.576338461535, 10781.390784615382], [16348.95635384615, 10766.010769230767], [16364.336369230767, 10781.390784615382], [16379.716384615382, 10796.770799999998], [16395.096399999995, 10812.150815384613], [16395.096399999995, 10842.910846153844], [16410.47641538461, 10858.290861538459], [16425.85643076923, 10873.670876923075], [16425.85643076923, 10904.430907692305], [16441.236446153842, 10919.81092307692], [16456.61646153846, 10935.190938461536], [16471.996476923072, 10950.570953846152], [16487.37649230769, 10965.950969230767], [16502.756507692306, 10981.330984615382], [16518.13652307692, 10996.710999999998], [16518.13652307692, 11027.47103076923], [16533.516538461536, 11042.851046153844], [16548.89655384615, 11058.23106153846], [16564.276569230766, 11073.611076923075], [16579.656584615383, 11088.99109230769], [16579.656584615383, 11119.751123076921], [16564.276569230766, 11135.131138461536]]]}, "properties": {"objectType": "annotation", "name": "P3_1_C|core_12", "classification": {"name": "core", "color": [230, 103, 103]}, "lesion_id": 12, "section": "P3_1_C", "area_um2": 4650.000000000002}}, {"type": "Feature", "geometry": {"type": "Polygon", "coordinates": [[[16641.176646153843, 11304.311307692305], [16656.55666153846, 11288.93129230769], [16687.31669230769, 11288.93129230769], [16702.696707692303, 11273.551276923075], [16718.07672307692, 11258.171261538459], [16733.456738461537, 11242.791246153844], [16748.83675384615, 11227.411230769228], [16764.216769230767, 11212.031215384613], [16779.59678461538, 11196.651199999998], [16794.976799999997, 11181.271184615382], [16794.976799999997, 11150.511153846152], [16810.356815384614, 11135.131138461536], [16825.736830769227, 11119.751123076921], [16825.736830769227, 11088.99109230769], [16810.356815384614, 11073.611076923075], [16794.976799999997, 11058.23106153846], [16779.59678461538, 11042.851046153844], [16764.216769230767, 11027.47103076923], [16748.83675384615, 11012.091015384613], [16733.456738461537, 10996.710999999998], [16718.07672307692, 10981.330984615382], [16702.696707692303, 10965.950969230767], [16702.696707692303, 10935.190938461536], [16687.31669230769, 10919.81092307692], [16671.936676923073, 10904.430907692305], [16656.55666153846, 10889.05089230769], [16641.176646153843, 10873.670876923075], [16625.796630769226, 10858.290861538459], [16610.416615384613, 10842.910846153844], [16610.416615384613, 10812.150815384613], [16595.036599999996, 10796.770799999998], [16579.656584615383, 10781.390784615382], [16579.656584615383, 10750.630753846151], [16564.276569230766, 10735.250738461536], [16548.89655384615, 10719.870723076921], [16533.516538461536, 10704.490707692306], [16518.13652307692, 10689.11069230769], [16518.13652307692, 10658.35066153846], [16502.756507692306, 10642.970646153844], [16487.37649230769, 10627.59063076923], [16471.996476923072, 10612.210615384613], [16456.61646153846, 10596.830599999998], [16441.236446153842, 10581.450584615382], [16410.47641538461, 10581.450584615382], [16395.096399999995, 10566.070569230767], [16379.716384615382, 10550.690553846152], [16348.95635384615, 10550.690553846152], [16318.19632307692, 10550.690553846152], [16302.816307692305, 10535.310538461536], [16287.43629230769, 10519.93052307692], [16272.056276923073, 10535.310538461536], [16256.676261538458, 10550.690553846152], [16225.916230769228, 10550.690553846152], [16195.156199999998, 10550.690553846152], [16164.396169230766, 10550.690553846152], [16149.01615384615, 10566.070569230767], [16133.636138461536, 10581.450584615382], [16118.25612307692, 10596.830599999998], [16102.876107692304, 10612.210615384613], [16087.496092307689, 10627.59063076923], [16102.876107692304, 10642.970646153844], [16118.25612307692, 10658.35066153846], [16118.25612307692, 10689.11069230769], [16133.636138461536, 10704.490707692306], [16149.01615384615, 10719.870723076921], [16149.01615384615, 10750.630753846151], [16133.636138461536, 10766.010769230767], [16118.25612307692, 10781.390784615382], [16118.25612307692, 10812.150815384613], [16118.25612307692, 10842.910846153844], [16102.876107692304, 10858.290861538459], [16087.496092307689, 10873.670876923075], [16072.116076923074, 10889.05089230769], [16056.736061538459, 10904.430907692305], [16056.736061538459, 10935.190938461536], [16056.736061538459, 10965.950969230767], [16072.116076923074, 10981.330984615382], [16087.496092307689, 10996.710999999998], [16102.876107692304, 11012.091015384613], [16118.25612307692, 11027.47103076923], [16133.636138461536, 11042.851046153844], [16149.01615384615, 11058.23106153846], [16164.396169230766, 11073.611076923075], [16179.77618461538, 11088.99109230769], [16195.156199999998, 11104.371107692305], [16210.536215384613, 11119.751123076921], [16225.916230769228, 11135.131138461536], [16241.296246153843, 11150.511153846152], [16256.676261538458, 11165.891169230767], [16272.056276923073, 11181.271184615382], [16287.43629230769, 11196.651199999998], [16302.816307692305, 11212.031215384613], [16318.19632307692, 11227.411230769228], [16348.95635384615, 11227.411230769228], [16364.336369230767, 11242.791246153844], [16379.716384615382, 11258.171261538459], [16395.096399999995, 11273.551276923075], [16410.47641538461, 11288.93129230769], [16441.236446153842, 11288.93129230769], [16456.61646153846, 11304.311307692305], [16471.996476923072, 11319.69132307692], [16502.756507692306, 11319.69132307692], [16533.516538461536, 11319.69132307692], [16564.276569230766, 11319.69132307692], [16595.036599999996, 11319.69132307692], [16625.796630769226, 11319.69132307692], [16641.176646153843, 11304.311307692305]]]}, "properties": {"objectType": "annotation", "name": "P3_1_C|rim_12", "classification": {"name": "rim", "color": [201, 133, 0]}, "lesion_id": 12, "section": "P3_1_C", "area_um2": 39449.999999999985}}, {"type": "Feature", "geometry": {"type": "Polygon", "coordinates": [[[18379.11838461538, 11811.851815384613], [18348.35835384615, 11811.851815384613], [18317.59832307692, 11811.851815384613], [18286.83829230769, 11811.851815384613], [18271.458276923073, 11796.471799999998], [18256.07826153846, 11781.091784615382], [18240.698246153843, 11765.711769230767], [18225.318230769226, 11750.33175384615], [18209.938215384613, 11734.951738461536], [18194.558199999996, 11719.57172307692], [18163.798169230766, 11719.57172307692], [18148.41815384615, 11704.191707692305], [18133.038138461536, 11688.81169230769], [18117.65812307692, 11673.431676923075], [18102.278107692306, 11658.051661538459], [18071.518076923072, 11658.051661538459], [18056.13806153846, 11642.671646153844], [18040.758046153842, 11627.291630769229], [18009.99801538461, 11627.291630769229], [17979.23798461538, 11627.291630769229], [17948.47795384615, 11627.291630769229], [17917.717923076918, 11627.291630769229], [17886.957892307688, 11627.291630769229], [17871.577876923075, 11642.671646153844], [17856.197861538458, 11658.051661538459], [17825.437830769228, 11658.051661538459], [17794.677799999998, 11658.051661538459], [17779.29778461538, 11673.431676923075], [17763.917769230764, 11688.81169230769], [17748.53775384615, 11673.431676923075], [17733.157738461534, 11658.051661538459], [17702.397707692304, 11658.051661538459], [17687.017692307687, 11642.671646153844], [17671.637676923074, 11627.291630769229], [17640.877646153844, 11627.291630769229], [17625.497630769227, 11611.911615384613], [17610.117615384614, 11596.531599999998], [17594.737599999997, 11581.151584615382], [17579.35758461538, 11565.771569230767], [17563.977569230767, 11550.391553846152], [17563.977569230767, 11519.631523076921], [17548.59755384615, 11504.251507692305], [17533.217538461537, 11488.87149230769], [17548.59755384615, 11473.491476923075], [17563.977569230767, 11458.11146153846], [17579.35758461538, 11442.731446153844], [17594.737599999997, 11427.351430769228], [17594.737599999997, 11396.591399999998], [17610.117615384614, 11381.211384615382], [17625.497630769227, 11365.831369230767], [17640.877646153844, 11350.451353846152], [17656.257661538457, 11335.071338461536], [17656.257661538457, 11304.311307692305], [17656.257661538457, 11273.551276923075], [17671.637676923074, 11258.171261538459], [17687.017692307687, 11242.791246153844], [17702.397707692304, 11227.411230769228], [17717.77772307692, 11212.031215384613], [17733.157738461534, 11196.651199999998], [17763.917769230764, 11196.651199999998], [17779.29778461538, 11181.271184615382], [17794.677799999998, 11165.891169230767], [17825.437830769228, 11165.891169230767], [17840.81784615384, 11150.511153846152], [17856.197861538458, 11135.131138461536], [17871.577876923075, 11119.751123076921], [17886.957892307688, 11104.371107692305], [17902.337907692305, 11088.99109230769], [17917.717923076918, 11073.611076923075], [17933.097938461535, 11058.23106153846], [17948.47795384615, 11042.851046153844], [17963.857969230765, 11027.47103076923], [17979.23798461538, 11012.091015384613], [17994.617999999995, 10996.710999999998], [18009.99801538461, 10981.330984615382], [18025.37803076923, 10965.950969230767], [18040.758046153842, 10950.570953846152], [18056.13806153846, 10935.190938461536], [18071.518076923072, 10919.81092307692], [18102.278107692306, 10919.81092307692], [18133.038138461536, 10919.81092307692], [18163.798169230766, 10919.81092307692], [18194.558199999996, 10919.81092307692], [18225.318230769226, 10919.81092307692], [18240.698246153843, 10935.190938461536], [18256.07826153846, 10950.570953846152], [18286.83829230769, 10950.570953846152], [18302.218307692303, 10965.950969230767], [18317.59832307692, 10981.330984615382], [18348.35835384615, 10981.330984615382], [18363.738369230767, 10996.710999999998], [18379.11838461538, 11012.091015384613], [18409.87841538461, 11012.091015384613], [18425.258430769227, 11027.47103076923], [18440.638446153844, 11042.851046153844], [18456.018461538457, 11058.23106153846], [18471.398476923074, 11073.611076923075], [18486.778492307687, 11088.99109230769], [18486.778492307687, 11119.751123076921], [18502.158507692304, 11135.131138461536], [18517.53852307692, 11150.511153846152], [18517.53852307692, 11181.271184615382], [18517.53852307692, 11212.031215384613], [18517.53852307692, 11242.791246153844], [18517.53852307692, 11273.551276923075], [18517.53852307692, 11304.311307692305], [18502.158507692304, 11319.69132307692], [18486.778492307687, 11335.071338461536], [18502.158507692304, 11350.451353846152], [18517.53852307692, 11365.831369230767], [18502.158507692304, 11381.211384615382], [18486.778492307687, 11396.591399999998], [18502.158507692304, 11411.971415384613], [18517.53852307692, 11427.351430769228], [18502.158507692304, 11442.731446153844], [18486.778492307687, 11458.11146153846], [18486.778492307687, 11488.87149230769], [18471.398476923074, 11504.251507692305], [18456.018461538457, 11519.631523076921], [18440.638446153844, 11535.011538461536], [18425.258430769227, 11550.391553846152], [18425.258430769227, 11581.151584615382], [18425.258430769227, 11611.911615384613], [18440.638446153844, 11627.291630769229], [18456.018461538457, 11642.671646153844], [18471.398476923074, 11658.051661538459], [18486.778492307687, 11673.431676923075], [18486.778492307687, 11704.191707692305], [18471.398476923074, 11719.57172307692], [18456.018461538457, 11734.951738461536], [18440.638446153844, 11750.33175384615], [18425.258430769227, 11765.711769230767], [18409.87841538461, 11781.091784615382], [18394.498399999997, 11796.471799999998], [18379.11838461538, 11811.851815384613]]]}, "properties": {"objectType": "annotation", "name": "P3_1_C|lesion_13", "classification": {"name": "lesion", "color": [255, 0, 0]}, "lesion_id": 13, "section": "P3_1_C", "area_um2": 59950.00000000002}}, {"type": "Feature", "geometry": {"type": "MultiPolygon", "coordinates": [[[[18240.698246153843, 11519.631523076921], [18240.698246153843, 11488.87149230769], [18256.07826153846, 11473.491476923075], [18271.458276923073, 11458.11146153846], [18286.83829230769, 11442.731446153844], [18302.218307692303, 11427.351430769228], [18302.218307692303, 11396.591399999998], [18302.218307692303, 11365.831369230767], [18302.218307692303, 11335.071338461536], [18302.218307692303, 11304.311307692305], [18302.218307692303, 11273.551276923075], [18317.59832307692, 11258.171261538459], [18332.978338461533, 11242.791246153844], [18332.978338461533, 11212.031215384613], [18317.59832307692, 11196.651199999998], [18302.218307692303, 11181.271184615382], [18286.83829230769, 11165.891169230767], [18256.07826153846, 11165.891169230767], [18240.698246153843, 11150.511153846152], [18225.318230769226, 11135.131138461536], [18194.558199999996, 11135.131138461536], [18179.178184615383, 11119.751123076921], [18163.798169230766, 11104.371107692305], [18133.038138461536, 11104.371107692305], [18117.65812307692, 11119.751123076921], [18102.278107692306, 11135.131138461536], [18086.89809230769, 11150.511153846152], [18071.518076923072, 11165.891169230767], [18056.13806153846, 11181.271184615382], [18040.758046153842, 11196.651199999998], [18025.37803076923, 11212.031215384613], [18009.99801538461, 11227.411230769228], [17994.617999999995, 11242.791246153844], [17979.23798461538, 11258.171261538459], [17963.857969230765, 11273.551276923075], [17948.47795384615, 11288.93129230769], [17933.097938461535, 11304.311307692305], [17917.717923076918, 11319.69132307692], [17902.337907692305, 11335.071338461536], [17886.957892307688, 11350.451353846152], [17856.197861538458, 11350.451353846152], [17840.81784615384, 11365.831369230767], [17840.81784615384, 11396.591399999998], [17825.437830769228, 11411.971415384613], [17810.05781538461, 11427.351430769228], [17825.437830769228, 11442.731446153844], [17856.197861538458, 11442.731446153844], [17886.957892307688, 11442.731446153844], [17917.717923076918, 11442.731446153844], [17948.47795384615, 11442.731446153844], [17979.23798461538, 11442.731446153844], [18009.99801538461, 11442.731446153844], [18040.758046153842, 11442.731446153844], [18071.518076923072, 11442.731446153844], [18102.278107692306, 11442.731446153844], [18117.65812307692, 11458.11146153846], [18133.038138461536, 11473.491476923075], [18163.798169230766, 11473.491476923075], [18179.178184615383, 11488.87149230769], [18194.558199999996, 11504.251507692305], [18209.938215384613, 11519.631523076921], [18225.318230769226, 11535.011538461536], [18240.698246153843, 11519.631523076921]]], [[[17810.05781538461, 11458.11146153846], [17794.677799999998, 11442.731446153844], [17779.29778461538, 11458.11146153846], [17794.677799999998, 11473.491476923075], [17810.05781538461, 11458.11146153846]]]]}, "properties": {"objectType": "annotation", "name": "P3_1_C|core_13", "classification": {"name": "core", "color": [230, 103, 103]}, "lesion_id": 13, "section": "P3_1_C", "area_um2": 12600.000000000002}}, {"type": "Feature", "geometry": {"type": "Polygon", "coordinates": [[[18394.498399999997, 11796.471799999998], [18409.87841538461, 11781.091784615382], [18425.258430769227, 11765.711769230767], [18440.638446153844, 11750.33175384615], [18456.018461538457, 11734.951738461536], [18471.398476923074, 11719.57172307692], [18486.778492307687, 11704.191707692305], [18486.778492307687, 11673.431676923075], [18471.398476923074, 11658.051661538459], [18456.018461538457, 11642.671646153844], [18440.638446153844, 11627.291630769229], [18425.258430769227, 11611.911615384613], [18425.258430769227, 11581.151584615382], [18425.258430769227, 11550.391553846152], [18440.638446153844, 11535.011538461536], [18456.018461538457, 11519.631523076921], [18471.398476923074, 11504.251507692305], [18486.778492307687, 11488.87149230769], [18486.778492307687, 11458.11146153846], [18502.158507692304, 11442.731446153844], [18517.53852307692, 11427.351430769228], [18502.158507692304, 11411.971415384613], [18486.778492307687, 11396.591399999998], [18502.158507692304, 11381.211384615382], [18517.53852307692, 11365.831369230767], [18502.158507692304, 11350.451353846152], [18486.778492307687, 11335.071338461536], [18502.158507692304, 11319.69132307692], [18517.53852307692, 11304.311307692305], [18517.53852307692, 11273.551276923075], [18517.53852307692, 11242.791246153844], [18517.53852307692, 11212.031215384613], [18517.53852307692, 11181.271184615382], [18517.53852307692, 11150.511153846152], [18502.158507692304, 11135.131138461536], [18486.778492307687, 11119.751123076921], [18486.778492307687, 11088.99109230769], [18471.398476923074, 11073.611076923075], [18456.018461538457, 11058.23106153846], [18440.638446153844, 11042.851046153844], [18425.258430769227, 11027.47103076923], [18409.87841538461, 11012.091015384613], [18379.11838461538, 11012.091015384613], [18363.738369230767, 10996.710999999998], [18348.35835384615, 10981.330984615382], [18317.59832307692, 10981.330984615382], [18302.218307692303, 10965.950969230767], [18286.83829230769, 10950.570953846152], [18256.07826153846, 10950.570953846152], [18240.698246153843, 10935.190938461536], [18225.318230769226, 10919.81092307692], [18194.558199999996, 10919.81092307692], [18163.798169230766, 10919.81092307692], [18133.038138461536, 10919.81092307692], [18102.278107692306, 10919.81092307692], [18071.518076923072, 10919.81092307692], [18056.13806153846, 10935.190938461536], [18040.758046153842, 10950.570953846152], [18025.37803076923, 10965.950969230767], [18009.99801538461, 10981.330984615382], [17994.617999999995, 10996.710999999998], [17979.23798461538, 11012.091015384613], [17963.857969230765, 11027.47103076923], [17948.47795384615, 11042.851046153844], [17933.097938461535, 11058.23106153846], [17917.717923076918, 11073.611076923075], [17902.337907692305, 11088.99109230769], [17886.957892307688, 11104.371107692305], [17871.577876923075, 11119.751123076921], [17856.197861538458, 11135.131138461536], [17840.81784615384, 11150.511153846152], [17825.437830769228, 11165.891169230767], [17794.677799999998, 11165.891169230767], [17779.29778461538, 11181.271184615382], [17763.917769230764, 11196.651199999998], [17733.157738461534, 11196.651199999998], [17717.77772307692, 11212.031215384613], [17702.397707692304, 11227.411230769228], [17687.017692307687, 11242.791246153844], [17671.637676923074, 11258.171261538459], [17656.257661538457, 11273.551276923075], [17656.257661538457, 11304.311307692305], [17656.257661538457, 11335.071338461536], [17640.877646153844, 11350.451353846152], [17625.497630769227, 11365.831369230767], [17610.117615384614, 11381.211384615382], [17594.737599999997, 11396.591399999998], [17594.737599999997, 11427.351430769228], [17579.35758461538, 11442.731446153844], [17563.977569230767, 11458.11146153846], [17548.59755384615, 11473.491476923075], [17533.217538461537, 11488.87149230769], [17548.59755384615, 11504.251507692305], [17563.977569230767, 11519.631523076921], [17563.977569230767, 11550.391553846152], [17579.35758461538, 11565.771569230767], [17594.737599999997, 11581.151584615382], [17610.117615384614, 11596.531599999998], [17625.497630769227, 11611.911615384613], [17640.877646153844, 11627.291630769229], [17671.637676923074, 11627.291630769229], [17687.017692307687, 11642.671646153844], [17702.397707692304, 11658.051661538459], [17733.157738461534, 11658.051661538459], [17748.53775384615, 11673.431676923075], [17763.917769230764, 11688.81169230769], [17779.29778461538, 11673.431676923075], [17794.677799999998, 11658.051661538459], [17825.437830769228, 11658.051661538459], [17856.197861538458, 11658.051661538459], [17871.577876923075, 11642.671646153844], [17886.957892307688, 11627.291630769229], [17917.717923076918, 11627.291630769229], [17948.47795384615, 11627.291630769229], [17979.23798461538, 11627.291630769229], [18009.99801538461, 11627.291630769229], [18040.758046153842, 11627.291630769229], [18056.13806153846, 11642.671646153844], [18071.518076923072, 11658.051661538459], [18102.278107692306, 11658.051661538459], [18117.65812307692, 11673.431676923075], [18133.038138461536, 11688.81169230769], [18148.41815384615, 11704.191707692305], [18163.798169230766, 11719.57172307692], [18194.558199999996, 11719.57172307692], [18209.938215384613, 11734.951738461536], [18225.318230769226, 11750.33175384615], [18240.698246153843, 11765.711769230767], [18256.07826153846, 11781.091784615382], [18271.458276923073, 11796.471799999998], [18286.83829230769, 11811.851815384613], [18317.59832307692, 11811.851815384613], [18348.35835384615, 11811.851815384613], [18379.11838461538, 11811.851815384613], [18394.498399999997, 11796.471799999998]]]}, "properties": {"objectType": "annotation", "name": "P3_1_C|rim_13", "classification": {"name": "rim", "color": [201, 133, 0]}, "lesion_id": 13, "section": "P3_1_C", "area_um2": 59950.0}}, {"type": "Feature", "geometry": {"type": "Polygon", "coordinates": [[[24715.68472307692, 12242.492246153844], [24700.304707692303, 12227.112230769228], [24684.924692307686, 12211.732215384613], [24669.544676923073, 12196.352199999998], [24654.164661538456, 12180.972184615383], [24638.784646153843, 12165.592169230767], [24623.404630769226, 12150.21215384615], [24608.02461538461, 12134.832138461536], [24592.644599999996, 12119.45212307692], [24577.26458461538, 12104.072107692306], [24561.884569230766, 12088.69209230769], [24546.50455384615, 12073.312076923074], [24531.124538461532, 12057.932061538459], [24515.74452307692, 12042.552046153844], [24500.364507692302, 12027.172030769229], [24484.98449230769, 12011.792015384613], [24469.604476923072, 11996.411999999998], [24454.224461538455, 11981.031984615382], [24454.224461538455, 11950.271953846152], [24438.844446153842, 11934.891938461536], [24423.464430769225, 11919.511923076921], [24423.464430769225, 11888.75189230769], [24423.464430769225, 11857.99186153846], [24423.464430769225, 11827.231830769228], [24423.464430769225, 11796.471799999998], [24438.844446153842, 11781.091784615382], [24454.224461538455, 11765.711769230767], [24438.844446153842, 11750.33175384615], [24423.464430769225, 11734.951738461536], [24423.464430769225, 11704.191707692305], [24423.464430769225, 11673.431676923075], [24423.464430769225, 11642.671646153844], [24408.084415384612, 11627.291630769229], [24392.704399999995, 11611.911615384613], [24392.704399999995, 11581.151584615382], [24377.32438461538, 11565.771569230767], [24361.944369230765, 11550.391553846152], [24361.944369230765, 11519.631523076921], [24346.564353846148, 11504.251507692305], [24331.184338461535, 11488.87149230769], [24331.184338461535, 11458.11146153846], [24331.184338461535, 11427.351430769228], [24331.184338461535, 11396.591399999998], [24315.804323076918, 11381.211384615382], [24300.4243076923, 11365.831369230767], [24300.4243076923, 11335.071338461536], [24300.4243076923, 11304.311307692305], [24315.804323076918, 11288.93129230769], [24331.184338461535, 11273.551276923075], [24331.184338461535, 11242.791246153844], [24331.184338461535, 11212.031215384613], [24346.564353846148, 11196.651199999998], [24361.944369230765, 11181.271184615382], [24361.944369230765, 11150.511153846152], [24377.32438461538, 11135.131138461536], [24392.704399999995, 11119.751123076921], [24408.084415384612, 11104.371107692305], [24423.464430769225, 11088.99109230769], [24438.844446153842, 11073.611076923075], [24454.224461538455, 11058.23106153846], [24469.604476923072, 11042.851046153844], [24500.364507692302, 11042.851046153844], [24531.124538461532, 11042.851046153844], [24561.884569230766, 11042.851046153844], [24577.26458461538, 11027.47103076923], [24592.644599999996, 11012.091015384613], [24608.02461538461, 10996.710999999998], [24623.404630769226, 10981.330984615382], [24638.784646153843, 10996.710999999998], [24654.164661538456, 11012.091015384613], [24669.544676923073, 11027.47103076923], [24684.924692307686, 11042.851046153844], [24700.304707692303, 11058.23106153846], [24700.304707692303, 11088.99109230769], [24700.304707692303, 11119.751123076921], [24700.304707692303, 11150.511153846152], [24700.304707692303, 11181.271184615382], [24700.304707692303, 11212.031215384613], [24700.304707692303, 11242.791246153844], [24684.924692307686, 11258.171261538459], [24669.544676923073, 11273.551276923075], [24669.544676923073, 11304.311307692305], [24669.544676923073, 11335.071338461536], [24654.164661538456, 11350.451353846152], [24638.784646153843, 11365.831369230767], [24654.164661538456, 11381.211384615382], [24669.544676923073, 11396.591399999998], [24654.164661538456, 11411.971415384613], [24638.784646153843, 11427.351430769228], [24654.164661538456, 11442.731446153844], [24669.544676923073, 11458.11146153846], [24669.544676923073, 11488.87149230769], [24684.924692307686, 11504.251507692305], [24700.304707692303, 11519.631523076921], [24715.68472307692, 11535.011538461536], [24731.064738461533, 11550.391553846152], [24746.44475384615, 11565.771569230767], [24761.824769230763, 11581.151584615382], [24777.20478461538, 11596.531599999998], [24792.584799999993, 11611.911615384613], [24807.96481538461, 11627.291630769229], [24823.344830769227, 11642.671646153844], [24838.72484615384, 11658.051661538459], [24854.104861538457, 11673.431676923075], [24869.48487692307, 11688.81169230769], [24884.864892307687, 11704.191707692305], [24900.244907692304, 11719.57172307692], [24915.624923076917, 11734.951738461536], [24931.004938461534, 11750.33175384615], [24961.764969230764, 11750.33175384615], [24992.524999999994, 11750.33175384615], [25023.285030769224, 11750.33175384615], [25038.66504615384, 11765.711769230767], [25054.045061538458, 11781.091784615382], [25069.42507692307, 11796.471799999998], [25084.805092307688, 11811.851815384613], [25100.1851076923, 11827.231830769228], [25115.565123076918, 11842.611846153844], [25130.945138461535, 11857.99186153846], [25115.565123076918, 11873.371876923075], [25100.1851076923, 11888.75189230769], [25100.1851076923, 11919.511923076921], [25084.805092307688, 11934.891938461536], [25069.42507692307, 11950.271953846152], [25054.045061538458, 11965.651969230767], [25038.66504615384, 11981.031984615382], [25023.285030769224, 11996.411999999998], [25007.90501538461, 12011.792015384613], [25007.90501538461, 12042.552046153844], [24992.524999999994, 12057.932061538459], [24977.14498461538, 12073.312076923074], [24977.14498461538, 12104.072107692306], [24961.764969230764, 12119.45212307692], [24946.384953846147, 12134.832138461536], [24931.004938461534, 12150.21215384615], [24915.624923076917, 12165.592169230767], [24900.244907692304, 12180.972184615383], [24884.864892307687, 12165.592169230767], [24869.48487692307, 12150.21215384615], [24854.104861538457, 12134.832138461536], [24838.72484615384, 12119.45212307692], [24823.344830769227, 12134.832138461536], [24807.96481538461, 12150.21215384615], [24792.584799999993, 12165.592169230767], [24777.20478461538, 12180.972184615383], [24761.824769230763, 12196.352199999998], [24746.44475384615, 12211.732215384613], [24731.064738461533, 12227.112230769228], [24715.68472307692, 12242.492246153844]]]}, "properties": {"objectType": "annotation", "name": "R1_2_T|lesion_14", "classification": {"name": "lesion", "color": [255, 0, 0]}, "lesion_id": 14, "section": "R1_2_T", "area_um2": 51950.000000000044}}, {"type": "Feature", "geometry": {"type": "Polygon", "coordinates": [[[24777.20478461538, 11934.891938461536], [24746.44475384615, 11934.891938461536], [24715.68472307692, 11934.891938461536], [24700.304707692303, 11919.511923076921], [24684.924692307686, 11904.131907692305], [24669.544676923073, 11888.75189230769], [24654.164661538456, 11873.371876923075], [24638.784646153843, 11857.99186153846], [24638.784646153843, 11827.231830769228], [24654.164661538456, 11811.851815384613], [24684.924692307686, 11811.851815384613], [24700.304707692303, 11827.231830769228], [24715.68472307692, 11842.611846153844], [24731.064738461533, 11857.99186153846], [24746.44475384615, 11873.371876923075], [24761.824769230763, 11888.75189230769], [24777.20478461538, 11904.131907692305], [24792.584799999993, 11919.511923076921], [24777.20478461538, 11934.891938461536]]]}, "properties": {"objectType": "annotation", "name": "R1_2_T|core_14", "classification": {"name": "core", "color": [230, 103, 103]}, "lesion_id": 14, "section": "R1_2_T", "area_um2": 1049.9999999999986}}, {"type": "Feature", "geometry": {"type": "Polygon", "coordinates": [[[24731.064738461533, 12227.112230769228], [24746.44475384615, 12211.732215384613], [24761.824769230763, 12196.352199999998], [24777.20478461538, 12180.972184615383], [24792.584799999993, 12165.592169230767], [24807.96481538461, 12150.21215384615], [24823.344830769227, 12134.832138461536], [24838.72484615384, 12119.45212307692], [24854.104861538457, 12134.832138461536], [24869.48487692307, 12150.21215384615], [24884.864892307687, 12165.592169230767], [24900.244907692304, 12180.972184615383], [24915.624923076917, 12165.592169230767], [24931.004938461534, 12150.21215384615], [24946.384953846147, 12134.832138461536], [24961.764969230764, 12119.45212307692], [24977.14498461538, 12104.072107692306], [24977.14498461538, 12073.312076923074], [24992.524999999994, 12057.932061538459], [25007.90501538461, 12042.552046153844], [25007.90501538461, 12011.792015384613], [25023.285030769224, 11996.411999999998], [25038.66504615384, 11981.031984615382], [25054.045061538458, 11965.651969230767], [25069.42507692307, 11950.271953846152], [25084.805092307688, 11934.891938461536], [25100.1851076923, 11919.511923076921], [25100.1851076923, 11888.75189230769], [25115.565123076918, 11873.371876923075], [25130.945138461535, 11857.99186153846], [25115.565123076918, 11842.611846153844], [25100.1851076923, 11827.231830769228], [25084.805092307688, 11811.851815384613], [25069.42507692307, 11796.471799999998], [25054.045061538458, 11781.091784615382], [25038.66504615384, 11765.711769230767], [25023.285030769224, 11750.33175384615], [24992.524999999994, 11750.33175384615], [24961.764969230764, 11750.33175384615], [24931.004938461534, 11750.33175384615], [24915.624923076917, 11734.951738461536], [24900.244907692304, 11719.57172307692], [24884.864892307687, 11704.191707692305], [24869.48487692307, 11688.81169230769], [24854.104861538457, 11673.431676923075], [24838.72484615384, 11658.051661538459], [24823.344830769227, 11642.671646153844], [24807.96481538461, 11627.291630769229], [24792.584799999993, 11611.911615384613], [24777.20478461538, 11596.531599999998], [24761.824769230763, 11581.151584615382], [24746.44475384615, 11565.771569230767], [24731.064738461533, 11550.391553846152], [24715.68472307692, 11535.011538461536], [24700.304707692303, 11519.631523076921], [24684.924692307686, 11504.251507692305], [24669.544676923073, 11488.87149230769], [24669.544676923073, 11458.11146153846], [24654.164661538456, 11442.731446153844], [24638.784646153843, 11427.351430769228], [24654.164661538456, 11411.971415384613], [24669.544676923073, 11396.591399999998], [24654.164661538456, 11381.211384615382], [24638.784646153843, 11365.831369230767], [24654.164661538456, 11350.451353846152], [24669.544676923073, 11335.071338461536], [24669.544676923073, 11304.311307692305], [24669.544676923073, 11273.551276923075], [24684.924692307686, 11258.171261538459], [24700.304707692303, 11242.791246153844], [24700.304707692303, 11212.031215384613], [24700.304707692303, 11181.271184615382], [24700.304707692303, 11150.511153846152], [24700.304707692303, 11119.751123076921], [24700.304707692303, 11088.99109230769], [24700.304707692303, 11058.23106153846], [24684.924692307686, 11042.851046153844], [24669.544676923073, 11027.47103076923], [24654.164661538456, 11012.091015384613], [24638.784646153843, 10996.710999999998], [24623.404630769226, 10981.330984615382], [24608.02461538461, 10996.710999999998], [24592.644599999996, 11012.091015384613], [24577.26458461538, 11027.47103076923], [24561.884569230766, 11042.851046153844], [24531.124538461532, 11042.851046153844], [24500.364507692302, 11042.851046153844], [24469.604476923072, 11042.851046153844], [24454.224461538455, 11058.23106153846], [24438.844446153842, 11073.611076923075], [24423.464430769225, 11088.99109230769], [24408.084415384612, 11104.371107692305], [24392.704399999995, 11119.751123076921], [24377.32438461538, 11135.131138461536], [24361.944369230765, 11150.511153846152], [24361.944369230765, 11181.271184615382], [24346.564353846148, 11196.651199999998], [24331.184338461535, 11212.031215384613], [24331.184338461535, 11242.791246153844], [24331.184338461535, 11273.551276923075], [24315.804323076918, 11288.93129230769], [24300.4243076923, 11304.311307692305], [24300.4243076923, 11335.071338461536], [24300.4243076923, 11365.831369230767], [24315.804323076918, 11381.211384615382], [24331.184338461535, 11396.591399999998], [24331.184338461535, 11427.351430769228], [24331.184338461535, 11458.11146153846], [24331.184338461535, 11488.87149230769], [24346.564353846148, 11504.251507692305], [24361.944369230765, 11519.631523076921], [24361.944369230765, 11550.391553846152], [24377.32438461538, 11565.771569230767], [24392.704399999995, 11581.151584615382], [24392.704399999995, 11611.911615384613], [24408.084415384612, 11627.291630769229], [24423.464430769225, 11642.671646153844], [24423.464430769225, 11673.431676923075], [24423.464430769225, 11704.191707692305], [24423.464430769225, 11734.951738461536], [24438.844446153842, 11750.33175384615], [24454.224461538455, 11765.711769230767], [24438.844446153842, 11781.091784615382], [24423.464430769225, 11796.471799999998], [24423.464430769225, 11827.231830769228], [24423.464430769225, 11857.99186153846], [24423.464430769225, 11888.75189230769], [24423.464430769225, 11919.511923076921], [24438.844446153842, 11934.891938461536], [24454.224461538455, 11950.271953846152], [24454.224461538455, 11981.031984615382], [24469.604476923072, 11996.411999999998], [24484.98449230769, 12011.792015384613], [24500.364507692302, 12027.172030769229], [24515.74452307692, 12042.552046153844], [24531.124538461532, 12057.932061538459], [24546.50455384615, 12073.312076923074], [24561.884569230766, 12088.69209230769], [24577.26458461538, 12104.072107692306], [24592.644599999996, 12119.45212307692], [24608.02461538461, 12134.832138461536], [24623.404630769226, 12150.21215384615], [24638.784646153843, 12165.592169230767], [24654.164661538456, 12180.972184615383], [24669.544676923073, 12196.352199999998], [24684.924692307686, 12211.732215384613], [24700.304707692303, 12227.112230769228], [24715.68472307692, 12242.492246153844], [24731.064738461533, 12227.112230769228]]]}, "properties": {"objectType": "annotation", "name": "R1_2_T|rim_14", "classification": {"name": "rim", "color": [201, 133, 0]}, "lesion_id": 14, "section": "R1_2_T", "area_um2": 51950.00000000003}}, {"type": "Feature", "geometry": {"type": "Polygon", "coordinates": [[[19332.679338461534, 11381.211384615382], [19301.919307692304, 11381.211384615382], [19271.159276923074, 11381.211384615382], [19240.399246153844, 11381.211384615382], [19209.63921538461, 11381.211384615382], [19178.87918461538, 11381.211384615382], [19148.11915384615, 11381.211384615382], [19132.739138461533, 11365.831369230767], [19117.35912307692, 11350.451353846152], [19086.59909230769, 11350.451353846152], [19071.219076923073, 11335.071338461536], [19055.839061538456, 11319.69132307692], [19040.459046153843, 11304.311307692305], [19025.079030769226, 11288.93129230769], [19009.699015384613, 11273.551276923075], [19009.699015384613, 11242.791246153844], [19009.699015384613, 11212.031215384613], [19025.079030769226, 11196.651199999998], [19040.459046153843, 11181.271184615382], [19055.839061538456, 11165.891169230767], [19071.219076923073, 11150.511153846152], [19086.59909230769, 11135.131138461536], [19117.35912307692, 11135.131138461536], [19148.11915384615, 11135.131138461536], [19178.87918461538, 11135.131138461536], [19209.63921538461, 11135.131138461536], [19225.019230769227, 11150.511153846152], [19240.399246153844, 11165.891169230767], [19271.159276923074, 11165.891169230767], [19286.539292307687, 11181.271184615382], [19301.919307692304, 11196.651199999998], [19317.29932307692, 11212.031215384613], [19332.679338461534, 11227.411230769228], [19348.05935384615, 11242.791246153844], [19363.439369230764, 11258.171261538459], [19378.81938461538, 11273.551276923075], [19394.199399999998, 11288.93129230769], [19409.57941538461, 11304.311307692305], [19394.199399999998, 11319.69132307692], [19378.81938461538, 11335.071338461536], [19363.439369230764, 11350.451353846152], [19348.05935384615, 11365.831369230767], [19332.679338461534, 11381.211384615382]]]}, "properties": {"objectType": "annotation", "name": "P3_1_C|lesion_15", "classification": {"name": "lesion", "color": [255, 0, 0]}, "lesion_id": 15, "section": "P3_1_C", "area_um2": 7450.000000000009}}, {"type": "Feature", "geometry": {"type": "Polygon", "coordinates": [[[19332.679338461534, 11381.211384615382], [19301.919307692304, 11381.211384615382], [19271.159276923074, 11381.211384615382], [19240.399246153844, 11381.211384615382], [19209.63921538461, 11381.211384615382], [19178.87918461538, 11381.211384615382], [19148.11915384615, 11381.211384615382], [19132.739138461533, 11365.831369230767], [19117.35912307692, 11350.451353846152], [19086.59909230769, 11350.451353846152], [19071.219076923073, 11335.071338461536], [19055.839061538456, 11319.69132307692], [19040.459046153843, 11304.311307692305], [19025.079030769226, 11288.93129230769], [19009.699015384613, 11273.551276923075], [19009.699015384613, 11242.791246153844], [19009.699015384613, 11212.031215384613], [19025.079030769226, 11196.651199999998], [19040.459046153843, 11181.271184615382], [19055.839061538456, 11165.891169230767], [19071.219076923073, 11150.511153846152], [19086.59909230769, 11135.131138461536], [19117.35912307692, 11135.131138461536], [19148.11915384615, 11135.131138461536], [19178.87918461538, 11135.131138461536], [19209.63921538461, 11135.131138461536], [19225.019230769227, 11150.511153846152], [19240.399246153844, 11165.891169230767], [19271.159276923074, 11165.891169230767], [19286.539292307687, 11181.271184615382], [19301.919307692304, 11196.651199999998], [19317.29932307692, 11212.031215384613], [19332.679338461534, 11227.411230769228], [19348.05935384615, 11242.791246153844], [19363.439369230764, 11258.171261538459], [19378.81938461538, 11273.551276923075], [19394.199399999998, 11288.93129230769], [19409.57941538461, 11304.311307692305], [19394.199399999998, 11319.69132307692], [19378.81938461538, 11335.071338461536], [19363.439369230764, 11350.451353846152], [19348.05935384615, 11365.831369230767], [19332.679338461534, 11381.211384615382]]]}, "properties": {"objectType": "annotation", "name": "P3_1_C|rim_15", "classification": {"name": "rim", "color": [201, 133, 0]}, "lesion_id": 15, "section": "P3_1_C", "area_um2": 7450.000000000009}}, {"type": "Feature", "geometry": {"type": "Polygon", "coordinates": [[[27822.447830769226, 12826.932830769229], [27807.06781538461, 12811.552815384613], [27791.687799999996, 12796.172799999997], [27776.30778461538, 12780.792784615382], [27760.927769230762, 12765.412769230767], [27745.54775384615, 12750.032753846152], [27745.54775384615, 12719.27272307692], [27745.54775384615, 12688.51269230769], [27730.167738461532, 12673.132676923075], [27714.78772307692, 12657.75266153846], [27699.407707692302, 12642.372646153844], [27684.027692307685, 12626.992630769228], [27668.647676923072, 12611.612615384613], [27653.267661538455, 12596.232599999998], [27637.887646153842, 12580.852584615383], [27607.12761538461, 12580.852584615383], [27576.36758461538, 12580.852584615383], [27545.60755384615, 12580.852584615383], [27514.847523076918, 12580.852584615383], [27484.087492307688, 12580.852584615383], [27453.327461538454, 12580.852584615383], [27437.94744615384, 12596.232599999998], [27422.567430769224, 12611.612615384613], [27391.807399999994, 12611.612615384613], [27376.427384615377, 12626.992630769228], [27361.047369230764, 12642.372646153844], [27330.287338461534, 12642.372646153844], [27314.907323076917, 12657.75266153846], [27299.527307692304, 12673.132676923075], [27268.76727692307, 12673.132676923075], [27253.387261538457, 12688.51269230769], [27238.00724615384, 12703.892707692305], [27222.627230769227, 12688.51269230769], [27207.24721538461, 12673.132676923075], [27191.867199999993, 12657.75266153846], [27176.48718461538, 12642.372646153844], [27161.107169230763, 12626.992630769228], [27145.72715384615, 12611.612615384613], [27130.347138461533, 12596.232599999998], [27114.967123076916, 12580.852584615383], [27099.587107692303, 12565.472569230767], [27099.587107692303, 12534.712538461536], [27084.207092307686, 12519.33252307692], [27068.827076923073, 12503.952507692306], [27068.827076923073, 12473.192476923074], [27068.827076923073, 12442.432446153844], [27068.827076923073, 12411.672415384613], [27053.447061538456, 12396.292399999997], [27038.06704615384, 12380.912384615382], [27038.06704615384, 12350.152353846152], [27038.06704615384, 12319.392323076921], [27053.447061538456, 12304.012307692305], [27068.827076923073, 12288.63229230769], [27068.827076923073, 12257.87226153846], [27068.827076923073, 12227.112230769228], [27084.207092307686, 12211.732215384613], [27099.587107692303, 12196.352199999998], [27099.587107692303, 12165.592169230767], [27099.587107692303, 12134.832138461536], [27099.587107692303, 12104.072107692306], [27114.967123076916, 12088.69209230769], [27130.347138461533, 12073.312076923074], [27130.347138461533, 12042.552046153844], [27145.72715384615, 12027.172030769229], [27161.107169230763, 12011.792015384613], [27161.107169230763, 11981.031984615382], [27161.107169230763, 11950.271953846152], [27161.107169230763, 11919.511923076921], [27176.48718461538, 11904.131907692305], [27191.867199999993, 11888.75189230769], [27191.867199999993, 11857.99186153846], [27207.24721538461, 11842.611846153844], [27222.627230769227, 11827.231830769228], [27238.00724615384, 11811.851815384613], [27253.387261538457, 11796.471799999998], [27253.387261538457, 11765.711769230767], [27268.76727692307, 11750.33175384615], [27284.147292307687, 11734.951738461536], [27284.147292307687, 11704.191707692305], [27284.147292307687, 11673.431676923075], [27284.147292307687, 11642.671646153844], [27284.147292307687, 11611.911615384613], [27299.527307692304, 11596.531599999998], [27314.907323076917, 11581.151584615382], [27330.287338461534, 11565.771569230767], [27345.667353846147, 11550.391553846152], [27330.287338461534, 11535.011538461536], [27314.907323076917, 11519.631523076921], [27330.287338461534, 11504.251507692305], [27345.667353846147, 11488.87149230769], [27361.047369230764, 11473.491476923075], [27376.427384615377, 11458.11146153846], [27391.807399999994, 11442.731446153844], [27422.567430769224, 11442.731446153844], [27453.327461538454, 11442.731446153844], [27484.087492307688, 11442.731446153844], [27514.847523076918, 11442.731446153844], [27545.60755384615, 11442.731446153844], [27576.36758461538, 11442.731446153844], [27591.747599999995, 11458.11146153846], [27607.12761538461, 11473.491476923075], [27637.887646153842, 11473.491476923075], [27653.267661538455, 11488.87149230769], [27668.647676923072, 11504.251507692305], [27684.027692307685, 11519.631523076921], [27699.407707692302, 11535.011538461536], [27714.78772307692, 11550.391553846152], [27730.167738461532, 11565.771569230767], [27745.54775384615, 11581.151584615382], [27760.927769230762, 11596.531599999998], [27776.30778461538, 11611.911615384613], [27791.687799999996, 11627.291630769229], [27822.447830769226, 11627.291630769229], [27853.207861538456, 11627.291630769229], [27868.587876923073, 11611.911615384613], [27883.967892307686, 11596.531599999998], [27914.727923076916, 11596.531599999998], [27930.107938461533, 11581.151584615382], [27945.48795384615, 11565.771569230767], [27960.867969230763, 11550.391553846152], [27976.24798461538, 11535.011538461536], [27991.627999999993, 11550.391553846152], [28007.00801538461, 11565.771569230767], [28037.76804615384, 11565.771569230767], [28053.148061538457, 11581.151584615382], [28068.52807692307, 11596.531599999998], [28083.908092307687, 11581.151584615382], [28099.2881076923, 11565.771569230767], [28130.048138461534, 11565.771569230767], [28145.428153846147, 11550.391553846152], [28160.808169230764, 11535.011538461536], [28176.188184615377, 11550.391553846152], [28191.568199999994, 11565.771569230767], [28206.94821538461, 11550.391553846152], [28222.328230769224, 11535.011538461536], [28237.70824615384, 11519.631523076921], [28253.088261538454, 11504.251507692305], [28268.46827692307, 11488.87149230769], [28283.848292307688, 11473.491476923075], [28299.2283076923, 11458.11146153846], [28314.608323076918, 11442.731446153844], [28329.98833846153, 11427.351430769228], [28345.36835384615, 11411.971415384613], [28376.12838461538, 11411.971415384613], [28406.88841538461, 11411.971415384613], [28437.648446153842, 11411.971415384613], [28468.408476923072, 11411.971415384613], [28483.788492307685, 11427.351430769228], [28499.168507692302, 11442.731446153844], [28529.928538461532, 11442.731446153844], [28560.688569230762, 11442.731446153844], [28591.448599999996, 11442.731446153844], [28622.208630769226, 11442.731446153844], [28637.58864615384, 11458.11146153846], [28652.968661538456, 11473.491476923075], [28668.34867692307, 11488.87149230769], [28683.728692307686, 11504.251507692305], [28699.108707692303, 11519.631523076921], [28714.488723076916, 11535.011538461536], [28729.868738461533, 11550.391553846152], [28729.868738461533, 11581.151584615382], [28714.488723076916, 11596.531599999998], [28699.108707692303, 11611.911615384613], [28683.728692307686, 11627.291630769229], [28668.34867692307, 11642.671646153844], [28683.728692307686, 11658.051661538459], [28699.108707692303, 11673.431676923075], [28699.108707692303, 11704.191707692305], [28683.728692307686, 11719.57172307692], [28668.34867692307, 11734.951738461536], [28668.34867692307, 11765.711769230767], [28668.34867692307, 11796.471799999998], [28652.968661538456, 11811.851815384613], [28637.58864615384, 11827.231830769228], [28622.208630769226, 11842.611846153844], [28606.82861538461, 11857.99186153846], [28606.82861538461, 11888.75189230769], [28591.448599999996, 11904.131907692305], [28576.06858461538, 11919.511923076921], [28560.688569230762, 11934.891938461536], [28545.30855384615, 11950.271953846152], [28545.30855384615, 11981.031984615382], [28529.928538461532, 11996.411999999998], [28514.54852307692, 12011.792015384613], [28514.54852307692, 12042.552046153844], [28499.168507692302, 12057.932061538459], [28483.788492307685, 12073.312076923074], [28468.408476923072, 12088.69209230769], [28453.028461538455, 12104.072107692306], [28437.648446153842, 12119.45212307692], [28422.268430769225, 12134.832138461536], [28406.88841538461, 12150.21215384615], [28391.508399999995, 12165.592169230767], [28376.12838461538, 12180.972184615383], [28360.748369230765, 12196.352199999998], [28345.36835384615, 12211.732215384613], [28329.98833846153, 12227.112230769228], [28314.608323076918, 12242.492246153844], [28299.2283076923, 12257.87226153846], [28283.848292307688, 12273.252276923075], [28268.46827692307, 12288.63229230769], [28253.088261538454, 12304.012307692305], [28222.328230769224, 12304.012307692305], [28206.94821538461, 12319.392323076921], [28191.568199999994, 12334.772338461536], [28176.188184615377, 12350.152353846152], [28160.808169230764, 12365.532369230767], [28145.428153846147, 12380.912384615382], [28130.048138461534, 12396.292399999997], [28114.668123076917, 12411.672415384613], [28099.2881076923, 12427.052430769229], [28083.908092307687, 12442.432446153844], [28068.52807692307, 12457.812461538459], [28053.148061538457, 12473.192476923074], [28037.76804615384, 12488.57249230769], [28022.388030769223, 12503.952507692306], [28007.00801538461, 12519.33252307692], [27991.627999999993, 12534.712538461536], [27991.627999999993, 12565.472569230767], [27976.24798461538, 12580.852584615383], [27960.867969230763, 12596.232599999998], [27960.867969230763, 12626.992630769228], [27960.867969230763, 12657.75266153846], [27945.48795384615, 12673.132676923075], [27930.107938461533, 12688.51269230769], [27930.107938461533, 12719.27272307692], [27914.727923076916, 12734.652738461537], [27899.347907692303, 12750.032753846152], [27883.967892307686, 12765.412769230767], [27868.587876923073, 12780.792784615382], [27853.207861538456, 12796.172799999997], [27837.82784615384, 12811.552815384613], [27822.447830769226, 12826.932830769229]]]}, "properties": {"objectType": "annotation", "name": "R1_2_T|lesion_16", "classification": {"name": "lesion", "color": [255, 0, 0]}, "lesion_id": 16, "section": "R1_2_T", "area_um2": 152550.0}}, {"type": "Feature", "geometry": {"type": "Polygon", "coordinates": [[[27822.447830769226, 12427.052430769229], [27791.687799999996, 12427.052430769229], [27760.927769230762, 12427.052430769229], [27745.54775384615, 12411.672415384613], [27730.167738461532, 12396.292399999997], [27699.407707692302, 12396.292399999997], [27684.027692307685, 12380.912384615382], [27668.647676923072, 12365.532369230767], [27637.887646153842, 12365.532369230767], [27607.12761538461, 12365.532369230767], [27576.36758461538, 12365.532369230767], [27545.60755384615, 12365.532369230767], [27514.847523076918, 12365.532369230767], [27484.087492307688, 12365.532369230767], [27453.327461538454, 12365.532369230767], [27422.567430769224, 12365.532369230767], [27407.18741538461, 12380.912384615382], [27391.807399999994, 12396.292399999997], [27361.047369230764, 12396.292399999997], [27345.667353846147, 12411.672415384613], [27330.287338461534, 12427.052430769229], [27299.527307692304, 12427.052430769229], [27284.147292307687, 12411.672415384613], [27284.147292307687, 12380.912384615382], [27268.76727692307, 12365.532369230767], [27253.387261538457, 12350.152353846152], [27268.76727692307, 12334.772338461536], [27284.147292307687, 12319.392323076921], [27284.147292307687, 12288.63229230769], [27284.147292307687, 12257.87226153846], [27299.527307692304, 12242.492246153844], [27314.907323076917, 12227.112230769228], [27314.907323076917, 12196.352199999998], [27314.907323076917, 12165.592169230767], [27314.907323076917, 12134.832138461536], [27330.287338461534, 12119.45212307692], [27345.667353846147, 12104.072107692306], [27345.667353846147, 12073.312076923074], [27361.047369230764, 12057.932061538459], [27376.427384615377, 12042.552046153844], [27376.427384615377, 12011.792015384613], [27376.427384615377, 11981.031984615382], [27391.807399999994, 11965.651969230767], [27407.18741538461, 11950.271953846152], [27407.18741538461, 11919.511923076921], [27422.567430769224, 11904.131907692305], [27437.94744615384, 11888.75189230769], [27437.94744615384, 11857.99186153846], [27453.327461538454, 11842.611846153844], [27468.70747692307, 11827.231830769228], [27468.70747692307, 11796.471799999998], [27484.087492307688, 11781.091784615382], [27499.4675076923, 11765.711769230767], [27499.4675076923, 11734.951738461536], [27499.4675076923, 11704.191707692305], [27499.4675076923, 11673.431676923075], [27514.847523076918, 11658.051661538459], [27530.22753846153, 11673.431676923075], [27545.60755384615, 11688.81169230769], [27560.987569230765, 11704.191707692305], [27576.36758461538, 11719.57172307692], [27591.747599999995, 11734.951738461536], [27607.12761538461, 11750.33175384615], [27622.507630769225, 11765.711769230767], [27637.887646153842, 11781.091784615382], [27668.647676923072, 11781.091784615382], [27684.027692307685, 11796.471799999998], [27699.407707692302, 11811.851815384613], [27730.167738461532, 11811.851815384613], [27745.54775384615, 11827.231830769228], [27760.927769230762, 11842.611846153844], [27791.687799999996, 11842.611846153844], [27822.447830769226, 11842.611846153844], [27853.207861538456, 11842.611846153844], [27883.967892307686, 11842.611846153844], [27899.347907692303, 11827.231830769228], [27914.727923076916, 11811.851815384613], [27945.48795384615, 11811.851815384613], [27960.867969230763, 11796.471799999998], [27976.24798461538, 11781.091784615382], [28007.00801538461, 11781.091784615382], [28022.388030769223, 11796.471799999998], [28037.76804615384, 11811.851815384613], [28068.52807692307, 11811.851815384613], [28099.2881076923, 11811.851815384613], [28114.668123076917, 11796.471799999998], [28130.048138461534, 11781.091784615382], [28160.808169230764, 11781.091784615382], [28191.568199999994, 11781.091784615382], [28222.328230769224, 11781.091784615382], [28237.70824615384, 11765.711769230767], [28253.088261538454, 11750.33175384615], [28283.848292307688, 11750.33175384615], [28299.2283076923, 11734.951738461536], [28314.608323076918, 11719.57172307692], [28345.36835384615, 11719.57172307692], [28360.748369230765, 11704.191707692305], [28376.12838461538, 11688.81169230769], [28391.508399999995, 11673.431676923075], [28406.88841538461, 11658.051661538459], [28422.268430769225, 11642.671646153844], [28437.648446153842, 11627.291630769229], [28453.028461538455, 11642.671646153844], [28453.028461538455, 11673.431676923075], [28453.028461538455, 11704.191707692305], [28453.028461538455, 11734.951738461536], [28437.648446153842, 11750.33175384615], [28422.268430769225, 11765.711769230767], [28406.88841538461, 11781.091784615382], [28391.508399999995, 11796.471799999998], [28391.508399999995, 11827.231830769228], [28376.12838461538, 11842.611846153844], [28360.748369230765, 11857.99186153846], [28360.748369230765, 11888.75189230769], [28345.36835384615, 11904.131907692305], [28329.98833846153, 11919.511923076921], [28314.608323076918, 11934.891938461536], [28299.2283076923, 11950.271953846152], [28283.848292307688, 11965.651969230767], [28268.46827692307, 11981.031984615382], [28253.088261538454, 11996.411999999998], [28237.70824615384, 12011.792015384613], [28222.328230769224, 12027.172030769229], [28206.94821538461, 12042.552046153844], [28191.568199999994, 12057.932061538459], [28176.188184615377, 12073.312076923074], [28160.808169230764, 12088.69209230769], [28145.428153846147, 12104.072107692306], [28130.048138461534, 12119.45212307692], [28114.668123076917, 12134.832138461536], [28099.2881076923, 12150.21215384615], [28068.52807692307, 12150.21215384615], [28053.148061538457, 12165.592169230767], [28037.76804615384, 12180.972184615383], [28022.388030769223, 12196.352199999998], [28007.00801538461, 12211.732215384613], [27991.627999999993, 12227.112230769228], [27976.24798461538, 12242.492246153844], [27960.867969230763, 12257.87226153846], [27945.48795384615, 12273.252276923075], [27930.107938461533, 12288.63229230769], [27914.727923076916, 12304.012307692305], [27899.347907692303, 12319.392323076921], [27883.967892307686, 12334.772338461536], [27868.587876923073, 12350.152353846152], [27853.207861538456, 12365.532369230767], [27837.82784615384, 12380.912384615382], [27837.82784615384, 12411.672415384613], [27822.447830769226, 12427.052430769229]]]}, "properties": {"objectType": "annotation", "name": "R1_2_T|core_16", "classification": {"name": "core", "color": [230, 103, 103]}, "lesion_id": 16, "section": "R1_2_T", "area_um2": 51749.999999999985}}, {"type": "Feature", "geometry": {"type": "Polygon", "coordinates": [[[27837.82784615384, 12811.552815384613], [27853.207861538456, 12796.172799999997], [27868.587876923073, 12780.792784615382], [27883.967892307686, 12765.412769230767], [27899.347907692303, 12750.032753846152], [27914.727923076916, 12734.652738461537], [27930.107938461533, 12719.27272307692], [27930.107938461533, 12688.51269230769], [27945.48795384615, 12673.132676923075], [27960.867969230763, 12657.75266153846], [27960.867969230763, 12626.992630769228], [27960.867969230763, 12596.232599999998], [27976.24798461538, 12580.852584615383], [27991.627999999993, 12565.472569230767], [27991.627999999993, 12534.712538461536], [28007.00801538461, 12519.33252307692], [28022.388030769223, 12503.952507692306], [28037.76804615384, 12488.57249230769], [28053.148061538457, 12473.192476923074], [28068.52807692307, 12457.812461538459], [28083.908092307687, 12442.432446153844], [28099.2881076923, 12427.052430769229], [28114.668123076917, 12411.672415384613], [28130.048138461534, 12396.292399999997], [28145.428153846147, 12380.912384615382], [28160.808169230764, 12365.532369230767], [28176.188184615377, 12350.152353846152], [28191.568199999994, 12334.772338461536], [28206.94821538461, 12319.392323076921], [28222.328230769224, 12304.012307692305], [28253.088261538454, 12304.012307692305], [28268.46827692307, 12288.63229230769], [28283.848292307688, 12273.252276923075], [28299.2283076923, 12257.87226153846], [28314.608323076918, 12242.492246153844], [28329.98833846153, 12227.112230769228], [28345.36835384615, 12211.732215384613], [28360.748369230765, 12196.352199999998], [28376.12838461538, 12180.972184615383], [28391.508399999995, 12165.592169230767], [28406.88841538461, 12150.21215384615], [28422.268430769225, 12134.832138461536], [28437.648446153842, 12119.45212307692], [28453.028461538455, 12104.072107692306], [28468.408476923072, 12088.69209230769], [28483.788492307685, 12073.312076923074], [28499.168507692302, 12057.932061538459], [28514.54852307692, 12042.552046153844], [28514.54852307692, 12011.792015384613], [28529.928538461532, 11996.411999999998], [28545.30855384615, 11981.031984615382], [28545.30855384615, 11950.271953846152], [28560.688569230762, 11934.891938461536], [28576.06858461538, 11919.511923076921], [28591.448599999996, 11904.131907692305], [28606.82861538461, 11888.75189230769], [28606.82861538461, 11857.99186153846], [28622.208630769226, 11842.611846153844], [28637.58864615384, 11827.231830769228], [28652.968661538456, 11811.851815384613], [28668.34867692307, 11796.471799999998], [28668.34867692307, 11765.711769230767], [28668.34867692307, 11734.951738461536], [28683.728692307686, 11719.57172307692], [28699.108707692303, 11704.191707692305], [28699.108707692303, 11673.431676923075], [28683.728692307686, 11658.051661538459], [28668.34867692307, 11642.671646153844], [28683.728692307686, 11627.291630769229], [28699.108707692303, 11611.911615384613], [28714.488723076916, 11596.531599999998], [28729.868738461533, 11581.151584615382], [28729.868738461533, 11550.391553846152], [28714.488723076916, 11535.011538461536], [28699.108707692303, 11519.631523076921], [28683.728692307686, 11504.251507692305], [28668.34867692307, 11488.87149230769], [28652.968661538456, 11473.491476923075], [28637.58864615384, 11458.11146153846], [28622.208630769226, 11442.731446153844], [28591.448599999996, 11442.731446153844], [28560.688569230762, 11442.731446153844], [28529.928538461532, 11442.731446153844], [28499.168507692302, 11442.731446153844], [28483.788492307685, 11427.351430769228], [28468.408476923072, 11411.971415384613], [28437.648446153842, 11411.971415384613], [28406.88841538461, 11411.971415384613], [28376.12838461538, 11411.971415384613], [28345.36835384615, 11411.971415384613], [28329.98833846153, 11427.351430769228], [28314.608323076918, 11442.731446153844], [28299.2283076923, 11458.11146153846], [28283.848292307688, 11473.491476923075], [28268.46827692307, 11488.87149230769], [28253.088261538454, 11504.251507692305], [28237.70824615384, 11519.631523076921], [28222.328230769224, 11535.011538461536], [28206.94821538461, 11550.391553846152], [28191.568199999994, 11565.771569230767], [28176.188184615377, 11550.391553846152], [28160.808169230764, 11535.011538461536], [28145.428153846147, 11550.391553846152], [28130.048138461534, 11565.771569230767], [28099.2881076923, 11565.771569230767], [28083.908092307687, 11581.151584615382], [28068.52807692307, 11596.531599999998], [28053.148061538457, 11581.151584615382], [28037.76804615384, 11565.771569230767], [28007.00801538461, 11565.771569230767], [27991.627999999993, 11550.391553846152], [27976.24798461538, 11535.011538461536], [27960.867969230763, 11550.391553846152], [27945.48795384615, 11565.771569230767], [27930.107938461533, 11581.151584615382], [27914.727923076916, 11596.531599999998], [27883.967892307686, 11596.531599999998], [27868.587876923073, 11611.911615384613], [27853.207861538456, 11627.291630769229], [27822.447830769226, 11627.291630769229], [27791.687799999996, 11627.291630769229], [27776.30778461538, 11611.911615384613], [27760.927769230762, 11596.531599999998], [27745.54775384615, 11581.151584615382], [27730.167738461532, 11565.771569230767], [27714.78772307692, 11550.391553846152], [27699.407707692302, 11535.011538461536], [27684.027692307685, 11519.631523076921], [27668.647676923072, 11504.251507692305], [27653.267661538455, 11488.87149230769], [27637.887646153842, 11473.491476923075], [27607.12761538461, 11473.491476923075], [27591.747599999995, 11458.11146153846], [27576.36758461538, 11442.731446153844], [27545.60755384615, 11442.731446153844], [27514.847523076918, 11442.731446153844], [27484.087492307688, 11442.731446153844], [27453.327461538454, 11442.731446153844], [27422.567430769224, 11442.731446153844], [27391.807399999994, 11442.731446153844], [27376.427384615377, 11458.11146153846], [27361.047369230764, 11473.491476923075], [27345.667353846147, 11488.87149230769], [27330.287338461534, 11504.251507692305], [27314.907323076917, 11519.631523076921], [27330.287338461534, 11535.011538461536], [27345.667353846147, 11550.391553846152], [27330.287338461534, 11565.771569230767], [27314.907323076917, 11581.151584615382], [27299.527307692304, 11596.531599999998], [27284.147292307687, 11611.911615384613], [27284.147292307687, 11642.671646153844], [27284.147292307687, 11673.431676923075], [27284.147292307687, 11704.191707692305], [27284.147292307687, 11734.951738461536], [27268.76727692307, 11750.33175384615], [27253.387261538457, 11765.711769230767], [27253.387261538457, 11796.471799999998], [27238.00724615384, 11811.851815384613], [27222.627230769227, 11827.231830769228], [27207.24721538461, 11842.611846153844], [27191.867199999993, 11857.99186153846], [27191.867199999993, 11888.75189230769], [27176.48718461538, 11904.131907692305], [27161.107169230763, 11919.511923076921], [27161.107169230763, 11950.271953846152], [27161.107169230763, 11981.031984615382], [27161.107169230763, 12011.792015384613], [27145.72715384615, 12027.172030769229], [27130.347138461533, 12042.552046153844], [27130.347138461533, 12073.312076923074], [27114.967123076916, 12088.69209230769], [27099.587107692303, 12104.072107692306], [27099.587107692303, 12134.832138461536], [27099.587107692303, 12165.592169230767], [27099.587107692303, 12196.352199999998], [27084.207092307686, 12211.732215384613], [27068.827076923073, 12227.112230769228], [27068.827076923073, 12257.87226153846], [27068.827076923073, 12288.63229230769], [27053.447061538456, 12304.012307692305], [27038.06704615384, 12319.392323076921], [27038.06704615384, 12350.152353846152], [27038.06704615384, 12380.912384615382], [27053.447061538456, 12396.292399999997], [27068.827076923073, 12411.672415384613], [27068.827076923073, 12442.432446153844], [27068.827076923073, 12473.192476923074], [27068.827076923073, 12503.952507692306], [27084.207092307686, 12519.33252307692], [27099.587107692303, 12534.712538461536], [27099.587107692303, 12565.472569230767], [27114.967123076916, 12580.852584615383], [27130.347138461533, 12596.232599999998], [27145.72715384615, 12611.612615384613], [27161.107169230763, 12626.992630769228], [27176.48718461538, 12642.372646153844], [27191.867199999993, 12657.75266153846], [27207.24721538461, 12673.132676923075], [27222.627230769227, 12688.51269230769], [27238.00724615384, 12703.892707692305], [27253.387261538457, 12688.51269230769], [27268.76727692307, 12673.132676923075], [27299.527307692304, 12673.132676923075], [27314.907323076917, 12657.75266153846], [27330.287338461534, 12642.372646153844], [27361.047369230764, 12642.372646153844], [27376.427384615377, 12626.992630769228], [27391.807399999994, 12611.612615384613], [27422.567430769224, 12611.612615384613], [27437.94744615384, 12596.232599999998], [27453.327461538454, 12580.852584615383], [27484.087492307688, 12580.852584615383], [27514.847523076918, 12580.852584615383], [27545.60755384615, 12580.852584615383], [27576.36758461538, 12580.852584615383], [27607.12761538461, 12580.852584615383], [27637.887646153842, 12580.852584615383], [27653.267661538455, 12596.232599999998], [27668.647676923072, 12611.612615384613], [27684.027692307685, 12626.992630769228], [27699.407707692302, 12642.372646153844], [27714.78772307692, 12657.75266153846], [27730.167738461532, 12673.132676923075], [27745.54775384615, 12688.51269230769], [27745.54775384615, 12719.27272307692], [27745.54775384615, 12750.032753846152], [27760.927769230762, 12765.412769230767], [27776.30778461538, 12780.792784615382], [27791.687799999996, 12796.172799999997], [27807.06781538461, 12811.552815384613], [27822.447830769226, 12826.932830769229], [27837.82784615384, 12811.552815384613]]]}, "properties": {"objectType": "annotation", "name": "R1_2_T|rim_16", "classification": {"name": "rim", "color": [201, 133, 0]}, "lesion_id": 16, "section": "R1_2_T", "area_um2": 152549.99999999997}}, {"type": "Feature", "geometry": {"type": "Polygon", "coordinates": [[[19917.11992307692, 12304.012307692305], [19901.739907692303, 12288.63229230769], [19886.35989230769, 12273.252276923075], [19855.599861538456, 12273.252276923075], [19824.839830769226, 12273.252276923075], [19794.079799999996, 12273.252276923075], [19778.69978461538, 12257.87226153846], [19763.319769230766, 12242.492246153844], [19732.559738461536, 12242.492246153844], [19717.17972307692, 12227.112230769228], [19701.799707692302, 12211.732215384613], [19686.41969230769, 12196.352199999998], [19671.039676923072, 12180.972184615383], [19655.65966153846, 12165.592169230767], [19640.279646153842, 12150.21215384615], [19624.899630769225, 12134.832138461536], [19624.899630769225, 12104.072107692306], [19609.519615384612, 12088.69209230769], [19594.139599999995, 12073.312076923074], [19594.139599999995, 12042.552046153844], [19609.519615384612, 12027.172030769229], [19624.899630769225, 12011.792015384613], [19640.279646153842, 11996.411999999998], [19655.65966153846, 11981.031984615382], [19671.039676923072, 11965.651969230767], [19701.799707692302, 11965.651969230767], [19732.559738461536, 11965.651969230767], [19747.93975384615, 11950.271953846152], [19763.319769230766, 11934.891938461536], [19778.69978461538, 11919.511923076921], [19794.079799999996, 11904.131907692305], [19824.839830769226, 11904.131907692305], [19840.219846153843, 11888.75189230769], [19855.599861538456, 11873.371876923075], [19886.35989230769, 11873.371876923075], [19901.739907692303, 11857.99186153846], [19917.11992307692, 11842.611846153844], [19947.87995384615, 11842.611846153844], [19963.259969230767, 11827.231830769228], [19978.63998461538, 11811.851815384613], [20009.40001538461, 11811.851815384613], [20040.160046153844, 11811.851815384613], [20070.920076923074, 11811.851815384613], [20086.300092307687, 11827.231830769228], [20101.680107692304, 11842.611846153844], [20117.06012307692, 11857.99186153846], [20132.440138461534, 11873.371876923075], [20147.82015384615, 11888.75189230769], [20163.200169230764, 11904.131907692305], [20178.58018461538, 11919.511923076921], [20178.58018461538, 11950.271953846152], [20178.58018461538, 11981.031984615382], [20163.200169230764, 11996.411999999998], [20147.82015384615, 12011.792015384613], [20132.440138461534, 12027.172030769229], [20117.06012307692, 12042.552046153844], [20101.680107692304, 12057.932061538459], [20086.300092307687, 12073.312076923074], [20070.920076923074, 12088.69209230769], [20055.540061538457, 12104.072107692306], [20055.540061538457, 12134.832138461536], [20040.160046153844, 12150.21215384615], [20024.780030769227, 12165.592169230767], [20024.780030769227, 12196.352199999998], [20009.40001538461, 12211.732215384613], [19994.019999999997, 12227.112230769228], [19978.63998461538, 12242.492246153844], [19963.259969230767, 12257.87226153846], [19947.87995384615, 12273.252276923075], [19932.499938461533, 12288.63229230769], [19917.11992307692, 12304.012307692305]]]}, "properties": {"objectType": "annotation", "name": "P3_1_C|lesion_17", "classification": {"name": "lesion", "color": [255, 0, 0]}, "lesion_id": 17, "section": "P3_1_C", "area_um2": 18150.00000000003}}, {"type": "Feature", "geometry": {"type": "Polygon", "coordinates": [[[19917.11992307692, 12304.012307692305], [19901.739907692303, 12288.63229230769], [19886.35989230769, 12273.252276923075], [19855.599861538456, 12273.252276923075], [19824.839830769226, 12273.252276923075], [19794.079799999996, 12273.252276923075], [19778.69978461538, 12257.87226153846], [19763.319769230766, 12242.492246153844], [19732.559738461536, 12242.492246153844], [19717.17972307692, 12227.112230769228], [19701.799707692302, 12211.732215384613], [19686.41969230769, 12196.352199999998], [19671.039676923072, 12180.972184615383], [19655.65966153846, 12165.592169230767], [19640.279646153842, 12150.21215384615], [19624.899630769225, 12134.832138461536], [19624.899630769225, 12104.072107692306], [19609.519615384612, 12088.69209230769], [19594.139599999995, 12073.312076923074], [19594.139599999995, 12042.552046153844], [19609.519615384612, 12027.172030769229], [19624.899630769225, 12011.792015384613], [19640.279646153842, 11996.411999999998], [19655.65966153846, 11981.031984615382], [19671.039676923072, 11965.651969230767], [19701.799707692302, 11965.651969230767], [19732.559738461536, 11965.651969230767], [19747.93975384615, 11950.271953846152], [19763.319769230766, 11934.891938461536], [19778.69978461538, 11919.511923076921], [19794.079799999996, 11904.131907692305], [19824.839830769226, 11904.131907692305], [19840.219846153843, 11888.75189230769], [19855.599861538456, 11873.371876923075], [19886.35989230769, 11873.371876923075], [19901.739907692303, 11857.99186153846], [19917.11992307692, 11842.611846153844], [19947.87995384615, 11842.611846153844], [19963.259969230767, 11827.231830769228], [19978.63998461538, 11811.851815384613], [20009.40001538461, 11811.851815384613], [20040.160046153844, 11811.851815384613], [20070.920076923074, 11811.851815384613], [20086.300092307687, 11827.231830769228], [20101.680107692304, 11842.611846153844], [20117.06012307692, 11857.99186153846], [20132.440138461534, 11873.371876923075], [20147.82015384615, 11888.75189230769], [20163.200169230764, 11904.131907692305], [20178.58018461538, 11919.511923076921], [20178.58018461538, 11950.271953846152], [20178.58018461538, 11981.031984615382], [20163.200169230764, 11996.411999999998], [20147.82015384615, 12011.792015384613], [20132.440138461534, 12027.172030769229], [20117.06012307692, 12042.552046153844], [20101.680107692304, 12057.932061538459], [20086.300092307687, 12073.312076923074], [20070.920076923074, 12088.69209230769], [20055.540061538457, 12104.072107692306], [20055.540061538457, 12134.832138461536], [20040.160046153844, 12150.21215384615], [20024.780030769227, 12165.592169230767], [20024.780030769227, 12196.352199999998], [20009.40001538461, 12211.732215384613], [19994.019999999997, 12227.112230769228], [19978.63998461538, 12242.492246153844], [19963.259969230767, 12257.87226153846], [19947.87995384615, 12273.252276923075], [19932.499938461533, 12288.63229230769], [19917.11992307692, 12304.012307692305]]]}, "properties": {"objectType": "annotation", "name": "P3_1_C|rim_17", "classification": {"name": "rim", "color": [201, 133, 0]}, "lesion_id": 17, "section": "P3_1_C", "area_um2": 18150.00000000003}}, {"type": "Feature", "geometry": {"type": "Polygon", "coordinates": [[[26622.806630769224, 13073.013076923075], [26592.046599999994, 13073.013076923075], [26561.286569230764, 13073.013076923075], [26530.526538461534, 13073.013076923075], [26499.766507692304, 13073.013076923075], [26484.386492307687, 13057.63306153846], [26469.00647692307, 13042.253046153843], [26438.24644615384, 13042.253046153843], [26407.48641538461, 13042.253046153843], [26392.106399999993, 13026.873030769228], [26376.72638461538, 13011.493015384613], [26361.346369230763, 13026.873030769228], [26345.96635384615, 13042.253046153843], [26330.586338461533, 13057.63306153846], [26315.206323076916, 13073.013076923075], [26299.826307692303, 13057.63306153846], [26284.446292307686, 13042.253046153843], [26253.686261538456, 13042.253046153843], [26238.30624615384, 13026.873030769228], [26222.926230769226, 13011.493015384613], [26207.54621538461, 12996.112999999998], [26192.166199999996, 12980.732984615383], [26176.78618461538, 12965.352969230767], [26192.166199999996, 12949.97295384615], [26207.54621538461, 12934.592938461536], [26222.926230769226, 12919.21292307692], [26238.30624615384, 12903.832907692306], [26253.686261538456, 12888.45289230769], [26269.066276923073, 12873.072876923074], [26253.686261538456, 12857.692861538459], [26238.30624615384, 12842.312846153844], [26253.686261538456, 12826.932830769229], [26269.066276923073, 12811.552815384613], [26269.066276923073, 12780.792784615382], [26253.686261538456, 12765.412769230767], [26238.30624615384, 12750.032753846152], [26222.926230769226, 12734.652738461537], [26207.54621538461, 12719.27272307692], [26192.166199999996, 12703.892707692305], [26176.78618461538, 12719.27272307692], [26161.406169230762, 12734.652738461537], [26146.02615384615, 12750.032753846152], [26130.646138461532, 12765.412769230767], [26115.26612307692, 12780.792784615382], [26099.886107692302, 12796.172799999997], [26084.506092307685, 12811.552815384613], [26069.126076923072, 12826.932830769229], [26053.746061538455, 12842.312846153844], [26038.366046153842, 12857.692861538459], [26022.986030769225, 12842.312846153844], [26007.606015384612, 12826.932830769229], [25992.225999999995, 12811.552815384613], [25976.84598461538, 12796.172799999997], [25961.465969230765, 12780.792784615382], [25946.08595384615, 12765.412769230767], [25930.705938461535, 12750.032753846152], [25915.325923076918, 12734.652738461537], [25884.565892307688, 12734.652738461537], [25869.18587692307, 12750.032753846152], [25853.805861538458, 12765.412769230767], [25838.42584615384, 12780.792784615382], [25823.045830769224, 12796.172799999997], [25792.285799999994, 12796.172799999997], [25776.90578461538, 12780.792784615382], [25761.525769230764, 12765.412769230767], [25746.145753846147, 12750.032753846152], [25730.765738461534, 12734.652738461537], [25700.005707692304, 12734.652738461537], [25684.625692307687, 12719.27272307692], [25669.24567692307, 12703.892707692305], [25653.865661538457, 12688.51269230769], [25638.48564615384, 12673.132676923075], [25623.105630769227, 12657.75266153846], [25638.48564615384, 12642.372646153844], [25653.865661538457, 12626.992630769228], [25669.24567692307, 12611.612615384613], [25684.625692307687, 12596.232599999998], [25700.005707692304, 12580.852584615383], [25715.385723076917, 12565.472569230767], [25730.765738461534, 12550.09255384615], [25746.145753846147, 12534.712538461536], [25761.525769230764, 12519.33252307692], [25776.90578461538, 12503.952507692306], [25792.285799999994, 12488.57249230769], [25823.045830769224, 12488.57249230769], [25853.805861538458, 12488.57249230769], [25884.565892307688, 12488.57249230769], [25899.9459076923, 12503.952507692306], [25915.325923076918, 12519.33252307692], [25930.705938461535, 12534.712538461536], [25946.08595384615, 12550.09255384615], [25961.465969230765, 12565.472569230767], [25976.84598461538, 12580.852584615383], [26007.606015384612, 12580.852584615383], [26038.366046153842, 12580.852584615383], [26053.746061538455, 12565.472569230767], [26069.126076923072, 12550.09255384615], [26084.506092307685, 12534.712538461536], [26099.886107692302, 12519.33252307692], [26115.26612307692, 12503.952507692306], [26130.646138461532, 12488.57249230769], [26146.02615384615, 12503.952507692306], [26161.406169230762, 12519.33252307692], [26176.78618461538, 12503.952507692306], [26192.166199999996, 12488.57249230769], [26207.54621538461, 12473.192476923074], [26222.926230769226, 12457.812461538459], [26238.30624615384, 12442.432446153844], [26253.686261538456, 12427.052430769229], [26284.446292307686, 12427.052430769229], [26299.826307692303, 12442.432446153844], [26315.206323076916, 12457.812461538459], [26330.586338461533, 12473.192476923074], [26345.96635384615, 12488.57249230769], [26376.72638461538, 12488.57249230769], [26392.106399999993, 12503.952507692306], [26407.48641538461, 12519.33252307692], [26438.24644615384, 12519.33252307692], [26469.00647692307, 12519.33252307692], [26499.766507692304, 12519.33252307692], [26530.526538461534, 12519.33252307692], [26561.286569230764, 12519.33252307692], [26576.66658461538, 12503.952507692306], [26592.046599999994, 12488.57249230769], [26622.806630769224, 12488.57249230769], [26638.18664615384, 12503.952507692306], [26653.566661538458, 12519.33252307692], [26684.326692307688, 12519.33252307692], [26699.7067076923, 12534.712538461536], [26715.086723076918, 12550.09255384615], [26745.84675384615, 12550.09255384615], [26776.60678461538, 12550.09255384615], [26791.986799999995, 12565.472569230767], [26807.36681538461, 12580.852584615383], [26838.126846153842, 12580.852584615383], [26853.506861538455, 12596.232599999998], [26868.886876923072, 12611.612615384613], [26884.266892307685, 12626.992630769228], [26899.646907692302, 12642.372646153844], [26915.02692307692, 12657.75266153846], [26930.406938461532, 12673.132676923075], [26945.78695384615, 12688.51269230769], [26961.166969230762, 12703.892707692305], [26976.54698461538, 12688.51269230769], [26991.926999999996, 12673.132676923075], [27007.30701538461, 12688.51269230769], [27022.687030769226, 12703.892707692305], [27038.06704615384, 12719.27272307692], [27053.447061538456, 12734.652738461537], [27068.827076923073, 12750.032753846152], [27084.207092307686, 12765.412769230767], [27099.587107692303, 12780.792784615382], [27084.207092307686, 12796.172799999997], [27068.827076923073, 12811.552815384613], [27053.447061538456, 12826.932830769229], [27038.06704615384, 12842.312846153844], [27022.687030769226, 12857.692861538459], [26991.926999999996, 12857.692861538459], [26976.54698461538, 12873.072876923074], [26961.166969230762, 12888.45289230769], [26945.78695384615, 12903.832907692306], [26930.406938461532, 12919.21292307692], [26915.02692307692, 12934.592938461536], [26899.646907692302, 12949.97295384615], [26884.266892307685, 12965.352969230767], [26868.886876923072, 12980.732984615383], [26853.506861538455, 12996.112999999998], [26838.126846153842, 13011.493015384613], [26807.36681538461, 13011.493015384613], [26776.60678461538, 13011.493015384613], [26761.226769230765, 13026.873030769228], [26745.84675384615, 13042.253046153843], [26715.086723076918, 13042.253046153843], [26684.326692307688, 13042.253046153843], [26653.566661538458, 13042.253046153843], [26638.18664615384, 13057.63306153846], [26622.806630769224, 13073.013076923075]]]}, "properties": {"objectType": "annotation", "name": "R1_2_T|lesion_18", "classification": {"name": "lesion", "color": [255, 0, 0]}, "lesion_id": 18, "section": "R1_2_T", "area_um2": 54649.99999999997}}, {"type": "Feature", "geometry": {"type": "Polygon", "coordinates": [[[26592.046599999994, 12857.692861538459], [26561.286569230764, 12857.692861538459], [26530.526538461534, 12857.692861538459], [26515.146523076917, 12842.312846153844], [26499.766507692304, 12826.932830769229], [26484.386492307687, 12811.552815384613], [26484.386492307687, 12780.792784615382], [26484.386492307687, 12750.032753846152], [26499.766507692304, 12734.652738461537], [26530.526538461534, 12734.652738461537], [26561.286569230764, 12734.652738461537], [26592.046599999994, 12734.652738461537], [26622.806630769224, 12734.652738461537], [26653.566661538458, 12734.652738461537], [26668.94667692307, 12750.032753846152], [26684.326692307688, 12765.412769230767], [26715.086723076918, 12765.412769230767], [26730.46673846153, 12780.792784615382], [26730.46673846153, 12811.552815384613], [26715.086723076918, 12826.932830769229], [26684.326692307688, 12826.932830769229], [26653.566661538458, 12826.932830769229], [26622.806630769224, 12826.932830769229], [26607.42661538461, 12842.312846153844], [26592.046599999994, 12857.692861538459]]]}, "properties": {"objectType": "annotation", "name": "R1_2_T|core_18", "classification": {"name": "core", "color": [230, 103, 103]}, "lesion_id": 18, "section": "R1_2_T", "area_um2": 2449.9999999999814}}, {"type": "Feature", "geometry": {"type": "Polygon", "coordinates": [[[26638.18664615384, 13057.63306153846], [26653.566661538458, 13042.253046153843], [26684.326692307688, 13042.253046153843], [26715.086723076918, 13042.253046153843], [26745.84675384615, 13042.253046153843], [26761.226769230765, 13026.873030769228], [26776.60678461538, 13011.493015384613], [26807.36681538461, 13011.493015384613], [26838.126846153842, 13011.493015384613], [26853.506861538455, 12996.112999999998], [26868.886876923072, 12980.732984615383], [26884.266892307685, 12965.352969230767], [26899.646907692302, 12949.97295384615], [26915.02692307692, 12934.592938461536], [26930.406938461532, 12919.21292307692], [26945.78695384615, 12903.832907692306], [26961.166969230762, 12888.45289230769], [26976.54698461538, 12873.072876923074], [26991.926999999996, 12857.692861538459], [27022.687030769226, 12857.692861538459], [27038.06704615384, 12842.312846153844], [27053.447061538456, 12826.932830769229], [27068.827076923073, 12811.552815384613], [27084.207092307686, 12796.172799999997], [27099.587107692303, 12780.792784615382], [27084.207092307686, 12765.412769230767], [27068.827076923073, 12750.032753846152], [27053.447061538456, 12734.652738461537], [27038.06704615384, 12719.27272307692], [27022.687030769226, 12703.892707692305], [27007.30701538461, 12688.51269230769], [26991.926999999996, 12673.132676923075], [26976.54698461538, 12688.51269230769], [26961.166969230762, 12703.892707692305], [26945.78695384615, 12688.51269230769], [26930.406938461532, 12673.132676923075], [26915.02692307692, 12657.75266153846], [26899.646907692302, 12642.372646153844], [26884.266892307685, 12626.992630769228], [26868.886876923072, 12611.612615384613], [26853.506861538455, 12596.232599999998], [26838.126846153842, 12580.852584615383], [26807.36681538461, 12580.852584615383], [26791.986799999995, 12565.472569230767], [26776.60678461538, 12550.09255384615], [26745.84675384615, 12550.09255384615], [26715.086723076918, 12550.09255384615], [26699.7067076923, 12534.712538461536], [26684.326692307688, 12519.33252307692], [26653.566661538458, 12519.33252307692], [26638.18664615384, 12503.952507692306], [26622.806630769224, 12488.57249230769], [26592.046599999994, 12488.57249230769], [26576.66658461538, 12503.952507692306], [26561.286569230764, 12519.33252307692], [26530.526538461534, 12519.33252307692], [26499.766507692304, 12519.33252307692], [26469.00647692307, 12519.33252307692], [26438.24644615384, 12519.33252307692], [26407.48641538461, 12519.33252307692], [26392.106399999993, 12503.952507692306], [26376.72638461538, 12488.57249230769], [26345.96635384615, 12488.57249230769], [26330.586338461533, 12473.192476923074], [26315.206323076916, 12457.812461538459], [26299.826307692303, 12442.432446153844], [26284.446292307686, 12427.052430769229], [26253.686261538456, 12427.052430769229], [26238.30624615384, 12442.432446153844], [26222.926230769226, 12457.812461538459], [26207.54621538461, 12473.192476923074], [26192.166199999996, 12488.57249230769], [26176.78618461538, 12503.952507692306], [26161.406169230762, 12519.33252307692], [26146.02615384615, 12503.952507692306], [26130.646138461532, 12488.57249230769], [26115.26612307692, 12503.952507692306], [26099.886107692302, 12519.33252307692], [26084.506092307685, 12534.712538461536], [26069.126076923072, 12550.09255384615], [26053.746061538455, 12565.472569230767], [26038.366046153842, 12580.852584615383], [26007.606015384612, 12580.852584615383], [25976.84598461538, 12580.852584615383], [25961.465969230765, 12565.472569230767], [25946.08595384615, 12550.09255384615], [25930.705938461535, 12534.712538461536], [25915.325923076918, 12519.33252307692], [25899.9459076923, 12503.952507692306], [25884.565892307688, 12488.57249230769], [25853.805861538458, 12488.57249230769], [25823.045830769224, 12488.57249230769], [25792.285799999994, 12488.57249230769], [25776.90578461538, 12503.952507692306], [25761.525769230764, 12519.33252307692], [25746.145753846147, 12534.712538461536], [25730.765738461534, 12550.09255384615], [25715.385723076917, 12565.472569230767], [25700.005707692304, 12580.852584615383], [25684.625692307687, 12596.232599999998], [25669.24567692307, 12611.612615384613], [25653.865661538457, 12626.992630769228], [25638.48564615384, 12642.372646153844], [25623.105630769227, 12657.75266153846], [25638.48564615384, 12673.132676923075], [25653.865661538457, 12688.51269230769], [25669.24567692307, 12703.892707692305], [25684.625692307687, 12719.27272307692], [25700.005707692304, 12734.652738461537], [25730.765738461534, 12734.652738461537], [25746.145753846147, 12750.032753846152], [25761.525769230764, 12765.412769230767], [25776.90578461538, 12780.792784615382], [25792.285799999994, 12796.172799999997], [25823.045830769224, 12796.172799999997], [25838.42584615384, 12780.792784615382], [25853.805861538458, 12765.412769230767], [25869.18587692307, 12750.032753846152], [25884.565892307688, 12734.652738461537], [25915.325923076918, 12734.652738461537], [25930.705938461535, 12750.032753846152], [25946.08595384615, 12765.412769230767], [25961.465969230765, 12780.792784615382], [25976.84598461538, 12796.172799999997], [25992.225999999995, 12811.552815384613], [26007.606015384612, 12826.932830769229], [26022.986030769225, 12842.312846153844], [26038.366046153842, 12857.692861538459], [26053.746061538455, 12842.312846153844], [26069.126076923072, 12826.932830769229], [26084.506092307685, 12811.552815384613], [26099.886107692302, 12796.172799999997], [26115.26612307692, 12780.792784615382], [26130.646138461532, 12765.412769230767], [26146.02615384615, 12750.032753846152], [26161.406169230762, 12734.652738461537], [26176.78618461538, 12719.27272307692], [26192.166199999996, 12703.892707692305], [26207.54621538461, 12719.27272307692], [26222.926230769226, 12734.652738461537], [26238.30624615384, 12750.032753846152], [26253.686261538456, 12765.412769230767], [26269.066276923073, 12780.792784615382], [26269.066276923073, 12811.552815384613], [26253.686261538456, 12826.932830769229], [26238.30624615384, 12842.312846153844], [26253.686261538456, 12857.692861538459], [26269.066276923073, 12873.072876923074], [26253.686261538456, 12888.45289230769], [26238.30624615384, 12903.832907692306], [26222.926230769226, 12919.21292307692], [26207.54621538461, 12934.592938461536], [26192.166199999996, 12949.97295384615], [26176.78618461538, 12965.352969230767], [26192.166199999996, 12980.732984615383], [26207.54621538461, 12996.112999999998], [26222.926230769226, 13011.493015384613], [26238.30624615384, 13026.873030769228], [26253.686261538456, 13042.253046153843], [26284.446292307686, 13042.253046153843], [26299.826307692303, 13057.63306153846], [26315.206323076916, 13073.013076923075], [26330.586338461533, 13057.63306153846], [26345.96635384615, 13042.253046153843], [26361.346369230763, 13026.873030769228], [26376.72638461538, 13011.493015384613], [26392.106399999993, 13026.873030769228], [26407.48641538461, 13042.253046153843], [26438.24644615384, 13042.253046153843], [26469.00647692307, 13042.253046153843], [26484.386492307687, 13057.63306153846], [26499.766507692304, 13073.013076923075], [26530.526538461534, 13073.013076923075], [26561.286569230764, 13073.013076923075], [26592.046599999994, 13073.013076923075], [26622.806630769224, 13073.013076923075], [26638.18664615384, 13057.63306153846]]]}, "properties": {"objectType": "annotation", "name": "R1_2_T|rim_18", "classification": {"name": "rim", "color": [201, 133, 0]}, "lesion_id": 18, "section": "R1_2_T", "area_um2": 54649.999999999956}}, {"type": "Feature", "geometry": {"type": "Polygon", "coordinates": [[[8812.748815384613, 25192.465199999995], [8781.988784615383, 25192.465199999995], [8751.228753846151, 25192.465199999995], [8720.468723076921, 25192.465199999995], [8705.088707692306, 25177.08518461538], [8689.708692307691, 25161.705169230765], [8674.328676923074, 25146.325153846148], [8658.94866153846, 25130.945138461535], [8643.568646153844, 25115.565123076918], [8628.18863076923, 25100.1851076923], [8612.808615384614, 25084.805092307688], [8597.428599999997, 25069.42507692307], [8582.048584615382, 25054.045061538458], [8566.668569230767, 25038.66504615384], [8535.908538461537, 25038.66504615384], [8520.52852307692, 25054.045061538458], [8505.148507692305, 25069.42507692307], [8474.388476923075, 25069.42507692307], [8443.628446153845, 25069.42507692307], [8428.248430769228, 25054.045061538458], [8412.868415384613, 25038.66504615384], [8382.108384615383, 25038.66504615384], [8366.728369230768, 25023.285030769224], [8351.348353846151, 25007.90501538461], [8335.968338461536, 24992.524999999994], [8320.588323076921, 24977.14498461538], [8305.208307692306, 24961.764969230764], [8305.208307692306, 24931.004938461534], [8305.208307692306, 24900.244907692304], [8305.208307692306, 24869.48487692307], [8320.588323076921, 24854.104861538457], [8335.968338461536, 24838.72484615384], [8351.348353846151, 24823.344830769227], [8366.728369230768, 24807.96481538461], [8382.108384615383, 24792.584799999993], [8397.488399999998, 24777.20478461538], [8412.868415384613, 24761.824769230763], [8443.628446153845, 24761.824769230763], [8474.388476923075, 24761.824769230763], [8489.76849230769, 24746.44475384615], [8505.148507692305, 24731.064738461533], [8520.52852307692, 24715.68472307692], [8535.908538461537, 24700.304707692303], [8551.288553846152, 24715.68472307692], [8566.668569230767, 24731.064738461533], [8582.048584615382, 24715.68472307692], [8597.428599999997, 24700.304707692303], [8612.808615384614, 24684.924692307686], [8628.18863076923, 24669.544676923073], [8643.568646153844, 24654.164661538456], [8658.94866153846, 24638.784646153843], [8674.328676923074, 24623.404630769226], [8689.708692307691, 24608.02461538461], [8720.468723076921, 24608.02461538461], [8735.848738461536, 24592.644599999996], [8751.228753846151, 24577.26458461538], [8781.988784615383, 24577.26458461538], [8812.748815384613, 24577.26458461538], [8828.128830769228, 24561.884569230766], [8843.508846153843, 24546.50455384615], [8874.268876923075, 24546.50455384615], [8905.028907692305, 24546.50455384615], [8920.40892307692, 24561.884569230766], [8935.788938461537, 24577.26458461538], [8951.168953846152, 24592.644599999996], [8966.548969230767, 24608.02461538461], [8981.928984615382, 24623.404630769226], [8981.928984615382, 24654.164661538456], [8981.928984615382, 24684.924692307686], [8981.928984615382, 24715.68472307692], [8981.928984615382, 24746.44475384615], [8981.928984615382, 24777.20478461538], [8981.928984615382, 24807.96481538461], [8981.928984615382, 24838.72484615384], [8966.548969230767, 24854.104861538457], [8951.168953846152, 24869.48487692307], [8951.168953846152, 24900.244907692304], [8935.788938461537, 24915.624923076917], [8920.40892307692, 24931.004938461534], [8905.028907692305, 24946.384953846147], [8889.64889230769, 24961.764969230764], [8889.64889230769, 24992.524999999994], [8874.268876923075, 25007.90501538461], [8858.88886153846, 25023.285030769224], [8874.268876923075, 25038.66504615384], [8889.64889230769, 25054.045061538458], [8889.64889230769, 25084.805092307688], [8889.64889230769, 25115.565123076918], [8874.268876923075, 25130.945138461535], [8858.88886153846, 25146.325153846148], [8843.508846153843, 25161.705169230765], [8828.128830769228, 25177.08518461538], [8812.748815384613, 25192.465199999995]]]}, "properties": {"objectType": "annotation", "name": "P3_1_T|lesion_19", "classification": {"name": "lesion", "color": [255, 0, 0]}, "lesion_id": 19, "section": "P3_1_T", "area_um2": 28750.00000000001}}, {"type": "Feature", "geometry": {"type": "Polygon", "coordinates": [[[8720.468723076921, 24946.384953846147], [8705.088707692306, 24931.004938461534], [8689.708692307691, 24915.624923076917], [8658.94866153846, 24915.624923076917], [8643.568646153844, 24900.244907692304], [8643.568646153844, 24869.48487692307], [8658.94866153846, 24854.104861538457], [8689.708692307691, 24854.104861538457], [8705.088707692306, 24838.72484615384], [8720.468723076921, 24823.344830769227], [8735.848738461536, 24807.96481538461], [8751.228753846151, 24792.584799999993], [8766.608769230768, 24777.20478461538], [8781.988784615383, 24761.824769230763], [8797.368799999998, 24746.44475384615], [8812.748815384613, 24731.064738461533], [8828.128830769228, 24746.44475384615], [8828.128830769228, 24777.20478461538], [8812.748815384613, 24792.584799999993], [8797.368799999998, 24807.96481538461], [8781.988784615383, 24823.344830769227], [8766.608769230768, 24838.72484615384], [8766.608769230768, 24869.48487692307], [8751.228753846151, 24884.864892307687], [8735.848738461536, 24900.244907692304], [8735.848738461536, 24931.004938461534], [8720.468723076921, 24946.384953846147]]]}, "properties": {"objectType": "annotation", "name": "P3_1_T|core_19", "classification": {"name": "core", "color": [230, 103, 103]}, "lesion_id": 19, "section": "P3_1_T", "area_um2": 1449.9999999999914}}, {"type": "Feature", "geometry": {"type": "Polygon", "coordinates": [[[8828.128830769228, 25177.08518461538], [8843.508846153843, 25161.705169230765], [8858.88886153846, 25146.325153846148], [8874.268876923075, 25130.945138461535], [8889.64889230769, 25115.565123076918], [8889.64889230769, 25084.805092307688], [8889.64889230769, 25054.045061538458], [8874.268876923075, 25038.66504615384], [8858.88886153846, 25023.285030769224], [8874.268876923075, 25007.90501538461], [8889.64889230769, 24992.524999999994], [8889.64889230769, 24961.764969230764], [8905.028907692305, 24946.384953846147], [8920.40892307692, 24931.004938461534], [8935.788938461537, 24915.624923076917], [8951.168953846152, 24900.244907692304], [8951.168953846152, 24869.48487692307], [8966.548969230767, 24854.104861538457], [8981.928984615382, 24838.72484615384], [8981.928984615382, 24807.96481538461], [8981.928984615382, 24777.20478461538], [8981.928984615382, 24746.44475384615], [8981.928984615382, 24715.68472307692], [8981.928984615382, 24684.924692307686], [8981.928984615382, 24654.164661538456], [8981.928984615382, 24623.404630769226], [8966.548969230767, 24608.02461538461], [8951.168953846152, 24592.644599999996], [8935.788938461537, 24577.26458461538], [8920.40892307692, 24561.884569230766], [8905.028907692305, 24546.50455384615], [8874.268876923075, 24546.50455384615], [8843.508846153843, 24546.50455384615], [8828.128830769228, 24561.884569230766], [8812.748815384613, 24577.26458461538], [8781.988784615383, 24577.26458461538], [8751.228753846151, 24577.26458461538], [8735.848738461536, 24592.644599999996], [8720.468723076921, 24608.02461538461], [8689.708692307691, 24608.02461538461], [8674.328676923074, 24623.404630769226], [8658.94866153846, 24638.784646153843], [8643.568646153844, 24654.164661538456], [8628.18863076923, 24669.544676923073], [8612.808615384614, 24684.924692307686], [8597.428599999997, 24700.304707692303], [8582.048584615382, 24715.68472307692], [8566.668569230767, 24731.064738461533], [8551.288553846152, 24715.68472307692], [8535.908538461537, 24700.304707692303], [8520.52852307692, 24715.68472307692], [8505.148507692305, 24731.064738461533], [8489.76849230769, 24746.44475384615], [8474.388476923075, 24761.824769230763], [8443.628446153845, 24761.824769230763], [8412.868415384613, 24761.824769230763], [8397.488399999998, 24777.20478461538], [8382.108384615383, 24792.584799999993], [8366.728369230768, 24807.96481538461], [8351.348353846151, 24823.344830769227], [8335.968338461536, 24838.72484615384], [8320.588323076921, 24854.104861538457], [8305.208307692306, 24869.48487692307], [8305.208307692306, 24900.244907692304], [8305.208307692306, 24931.004938461534], [8305.208307692306, 24961.764969230764], [8320.588323076921, 24977.14498461538], [8335.968338461536, 24992.524999999994], [8351.348353846151, 25007.90501538461], [8366.728369230768, 25023.285030769224], [8382.108384615383, 25038.66504615384], [8412.868415384613, 25038.66504615384], [8428.248430769228, 25054.045061538458], [8443.628446153845, 25069.42507692307], [8474.388476923075, 25069.42507692307], [8505.148507692305, 25069.42507692307], [8520.52852307692, 25054.045061538458], [8535.908538461537, 25038.66504615384], [8566.668569230767, 25038.66504615384], [8582.048584615382, 25054.045061538458], [8597.428599999997, 25069.42507692307], [8612.808615384614, 25084.805092307688], [8628.18863076923, 25100.1851076923], [8643.568646153844, 25115.565123076918], [8658.94866153846, 25130.945138461535], [8674.328676923074, 25146.325153846148], [8689.708692307691, 25161.705169230765], [8705.088707692306, 25177.08518461538], [8720.468723076921, 25192.465199999995], [8751.228753846151, 25192.465199999995], [8781.988784615383, 25192.465199999995], [8812.748815384613, 25192.465199999995], [8828.128830769228, 25177.08518461538]]]}, "properties": {"objectType": "annotation", "name": "P3_1_T|rim_19", "classification": {"name": "rim", "color": [201, 133, 0]}, "lesion_id": 19, "section": "P3_1_T", "area_um2": 28750.00000000001}}, {"type": "Feature", "geometry": {"type": "Polygon", "coordinates": [[[3060.623061538461, 25992.225999999995], [3045.2430461538456, 25976.84598461538], [3029.86303076923, 25961.465969230765], [2999.1029999999996, 25961.465969230765], [2983.722984615384, 25946.08595384615], [2968.3429692307686, 25930.705938461535], [2952.962953846153, 25915.325923076918], [2937.5829384615377, 25899.9459076923], [2922.2029230769226, 25884.565892307688], [2906.822907692307, 25869.18587692307], [2891.4428923076916, 25853.805861538458], [2876.062876923076, 25838.42584615384], [2860.682861538461, 25823.045830769224], [2845.3028461538456, 25807.66581538461], [2814.5428153846146, 25807.66581538461], [2783.782784615384, 25807.66581538461], [2753.022753846153, 25807.66581538461], [2722.2627230769226, 25807.66581538461], [2706.882707692307, 25792.285799999994], [2691.5026923076916, 25776.90578461538], [2660.742661538461, 25776.90578461538], [2645.3626461538456, 25761.525769230764], [2629.98263076923, 25746.145753846147], [2614.6026153846146, 25730.765738461534], [2599.2225999999996, 25715.385723076917], [2583.842584615384, 25700.005707692304], [2583.842584615384, 25669.24567692307], [2568.4625692307686, 25653.865661538457], [2553.082553846153, 25638.48564615384], [2553.082553846153, 25607.72561538461], [2537.702538461538, 25592.345599999993], [2522.3225230769226, 25576.96558461538], [2522.3225230769226, 25546.20555384615], [2506.942507692307, 25530.825538461533], [2491.5624923076916, 25515.445523076916], [2491.5624923076916, 25484.685492307686], [2491.5624923076916, 25453.925461538456], [2491.5624923076916, 25423.165430769226], [2491.5624923076916, 25392.405399999996], [2491.5624923076916, 25361.645369230766], [2491.5624923076916, 25330.885338461532], [2491.5624923076916, 25300.125307692302], [2491.5624923076916, 25269.365276923072], [2491.5624923076916, 25238.605246153842], [2491.5624923076916, 25207.845215384612], [2491.5624923076916, 25177.08518461538], [2491.5624923076916, 25146.325153846148], [2506.942507692307, 25130.945138461535], [2522.3225230769226, 25115.565123076918], [2522.3225230769226, 25084.805092307688], [2537.702538461538, 25069.42507692307], [2553.082553846153, 25054.045061538458], [2553.082553846153, 25023.285030769224], [2553.082553846153, 24992.524999999994], [2568.4625692307686, 24977.14498461538], [2583.842584615384, 24961.764969230764], [2599.2225999999996, 24946.384953846147], [2614.6026153846146, 24931.004938461534], [2629.98263076923, 24915.624923076917], [2645.3626461538456, 24900.244907692304], [2660.742661538461, 24884.864892307687], [2676.1226769230766, 24869.48487692307], [2691.5026923076916, 24854.104861538457], [2706.882707692307, 24838.72484615384], [2722.2627230769226, 24823.344830769227], [2753.022753846153, 24823.344830769227], [2783.782784615384, 24823.344830769227], [2814.5428153846146, 24823.344830769227], [2845.3028461538456, 24823.344830769227], [2860.682861538461, 24838.72484615384], [2876.062876923076, 24854.104861538457], [2906.822907692307, 24854.104861538457], [2937.5829384615377, 24854.104861538457], [2952.962953846153, 24869.48487692307], [2968.3429692307686, 24884.864892307687], [2999.1029999999996, 24884.864892307687], [3014.4830153846146, 24900.244907692304], [3029.86303076923, 24915.624923076917], [3045.2430461538456, 24900.244907692304], [3060.623061538461, 24884.864892307687], [3076.003076923076, 24869.48487692307], [3091.3830923076916, 24854.104861538457], [3106.763107692307, 24838.72484615384], [3106.763107692307, 24807.96481538461], [3122.1431230769226, 24792.584799999993], [3137.5231384615377, 24777.20478461538], [3152.903153846153, 24761.824769230763], [3168.2831692307686, 24746.44475384615], [3183.663184615384, 24731.064738461533], [3199.043199999999, 24746.44475384615], [3214.4232153846147, 24761.824769230763], [3229.80323076923, 24777.20478461538], [3245.1832461538456, 24792.584799999993], [3275.943276923076, 24792.584799999993], [3291.3232923076916, 24807.96481538461], [3306.703307692307, 24823.344830769227], [3322.0833230769226, 24838.72484615384], [3337.4633384615377, 24854.104861538457], [3368.2233692307686, 24854.104861538457], [3383.603384615384, 24869.48487692307], [3398.983399999999, 24884.864892307687], [3429.74343076923, 24884.864892307687], [3460.5034615384607, 24884.864892307687], [3475.883476923076, 24900.244907692304], [3491.2634923076916, 24915.624923076917], [3522.023523076922, 24915.624923076917], [3537.4035384615377, 24931.004938461534], [3552.783553846153, 24946.384953846147], [3568.1635692307686, 24961.764969230764], [3583.5435846153837, 24977.14498461538], [3614.3036153846147, 24977.14498461538], [3629.68363076923, 24992.524999999994], [3645.0636461538456, 25007.90501538461], [3675.823676923076, 25007.90501538461], [3691.2036923076917, 25023.285030769224], [3706.583707692307, 25038.66504615384], [3721.963723076922, 25054.045061538458], [3737.3437384615377, 25069.42507692307], [3768.1037692307686, 25069.42507692307], [3783.4837846153837, 25084.805092307688], [3798.863799999999, 25100.1851076923], [3829.62383076923, 25100.1851076923], [3845.003846153845, 25115.565123076918], [3860.3838615384607, 25130.945138461535], [3875.763876923076, 25115.565123076918], [3891.1438923076917, 25100.1851076923], [3921.903923076922, 25100.1851076923], [3952.663953846153, 25100.1851076923], [3968.0439692307687, 25084.805092307688], [3983.4239846153837, 25069.42507692307], [3998.803999999999, 25054.045061538458], [4014.1840153846147, 25038.66504615384], [4044.944046153845, 25038.66504615384], [4075.704076923076, 25038.66504615384], [4091.0840923076917, 25054.045061538458], [4106.464107692307, 25069.42507692307], [4137.224138461537, 25069.42507692307], [4152.604153846153, 25084.805092307688], [4167.984169230768, 25100.1851076923], [4198.744199999999, 25100.1851076923], [4229.50423076923, 25100.1851076923], [4260.26426153846, 25100.1851076923], [4275.644276923076, 25115.565123076918], [4291.024292307691, 25130.945138461535], [4306.404307692307, 25146.325153846148], [4321.784323076922, 25161.705169230765], [4337.164338461537, 25177.08518461538], [4337.164338461537, 25207.845215384612], [4337.164338461537, 25238.605246153842], [4321.784323076922, 25253.985261538455], [4306.404307692307, 25269.365276923072], [4306.404307692307, 25300.125307692302], [4306.404307692307, 25330.885338461532], [4291.024292307691, 25346.26535384615], [4275.644276923076, 25361.645369230766], [4260.26426153846, 25377.02538461538], [4244.884246153845, 25392.405399999996], [4229.50423076923, 25407.78541538461], [4214.124215384614, 25423.165430769226], [4198.744199999999, 25438.54544615384], [4183.364184615384, 25453.925461538456], [4167.984169230768, 25469.305476923073], [4137.224138461537, 25469.305476923073], [4121.844123076922, 25484.685492307686], [4106.464107692307, 25500.065507692303], [4075.704076923076, 25500.065507692303], [4044.944046153845, 25500.065507692303], [4014.1840153846147, 25500.065507692303], [3983.4239846153837, 25500.065507692303], [3952.663953846153, 25500.065507692303], [3921.903923076922, 25500.065507692303], [3891.1438923076917, 25500.065507692303], [3875.763876923076, 25515.445523076916], [3860.3838615384607, 25530.825538461533], [3829.62383076923, 25530.825538461533], [3814.2438153846147, 25546.20555384615], [3798.863799999999, 25561.585569230763], [3783.4837846153837, 25576.96558461538], [3768.1037692307686, 25592.345599999993], [3737.3437384615377, 25592.345599999993], [3721.963723076922, 25607.72561538461], [3706.583707692307, 25623.105630769227], [3691.2036923076917, 25638.48564615384], [3675.823676923076, 25653.865661538457], [3645.0636461538456, 25653.865661538457], [3629.68363076923, 25669.24567692307], [3614.3036153846147, 25684.625692307687], [3583.5435846153837, 25684.625692307687], [3568.1635692307686, 25700.005707692304], [3552.783553846153, 25715.385723076917], [3522.023523076922, 25715.385723076917], [3506.643507692307, 25730.765738461534], [3491.2634923076916, 25746.145753846147], [3475.883476923076, 25761.525769230764], [3460.5034615384607, 25776.90578461538], [3445.1234461538456, 25792.285799999994], [3429.74343076923, 25807.66581538461], [3414.3634153846147, 25823.045830769224], [3398.983399999999, 25838.42584615384], [3368.2233692307686, 25838.42584615384], [3352.843353846153, 25853.805861538458], [3337.4633384615377, 25869.18587692307], [3306.703307692307, 25869.18587692307], [3291.3232923076916, 25884.565892307688], [3275.943276923076, 25899.9459076923], [3245.1832461538456, 25899.9459076923], [3214.4232153846147, 25899.9459076923], [3199.043199999999, 25915.325923076918], [3183.663184615384, 25930.705938461535], [3168.2831692307686, 25915.325923076918], [3152.903153846153, 25899.9459076923], [3137.5231384615377, 25915.325923076918], [3122.1431230769226, 25930.705938461535], [3106.763107692307, 25946.08595384615], [3091.3830923076916, 25961.465969230765], [3076.003076923076, 25976.84598461538], [3060.623061538461, 25992.225999999995]]]}, "properties": {"objectType": "annotation", "name": "P3_1_T|lesion_20", "classification": {"name": "lesion", "color": [255, 0, 0]}, "lesion_id": 20, "section": "P3_1_T", "area_um2": 144550.00000000003}}, {"type": "Feature", "geometry": {"type": "Polygon", "coordinates": [[[3060.623061538461, 25776.90578461538], [3045.2430461538456, 25761.525769230764], [3029.86303076923, 25746.145753846147], [3014.4830153846146, 25730.765738461534], [2999.1029999999996, 25715.385723076917], [2983.722984615384, 25700.005707692304], [2968.3429692307686, 25684.625692307687], [2937.5829384615377, 25684.625692307687], [2922.2029230769226, 25669.24567692307], [2906.822907692307, 25653.865661538457], [2876.062876923076, 25653.865661538457], [2845.3028461538456, 25653.865661538457], [2814.5428153846146, 25653.865661538457], [2783.782784615384, 25653.865661538457], [2768.4027692307686, 25638.48564615384], [2753.022753846153, 25623.105630769227], [2737.642738461538, 25607.72561538461], [2722.2627230769226, 25592.345599999993], [2706.882707692307, 25576.96558461538], [2706.882707692307, 25546.20555384615], [2691.5026923076916, 25530.825538461533], [2676.1226769230766, 25515.445523076916], [2676.1226769230766, 25484.685492307686], [2660.742661538461, 25469.305476923073], [2645.3626461538456, 25453.925461538456], [2645.3626461538456, 25423.165430769226], [2645.3626461538456, 25392.405399999996], [2645.3626461538456, 25361.645369230766], [2645.3626461538456, 25330.885338461532], [2645.3626461538456, 25300.125307692302], [2645.3626461538456, 25269.365276923072], [2645.3626461538456, 25238.605246153842], [2645.3626461538456, 25207.845215384612], [2660.742661538461, 25192.465199999995], [2676.1226769230766, 25177.08518461538], [2676.1226769230766, 25146.325153846148], [2691.5026923076916, 25130.945138461535], [2706.882707692307, 25115.565123076918], [2706.882707692307, 25084.805092307688], [2722.2627230769226, 25069.42507692307], [2737.642738461538, 25054.045061538458], [2753.022753846153, 25038.66504615384], [2768.4027692307686, 25023.285030769224], [2783.782784615384, 25007.90501538461], [2814.5428153846146, 25007.90501538461], [2845.3028461538456, 25007.90501538461], [2876.062876923076, 25007.90501538461], [2891.4428923076916, 25023.285030769224], [2906.822907692307, 25038.66504615384], [2937.5829384615377, 25038.66504615384], [2952.962953846153, 25054.045061538458], [2968.3429692307686, 25069.42507692307], [2999.1029999999996, 25069.42507692307], [3029.86303076923, 25069.42507692307], [3060.623061538461, 25069.42507692307], [3091.3830923076916, 25069.42507692307], [3106.763107692307, 25054.045061538458], [3122.1431230769226, 25038.66504615384], [3152.903153846153, 25038.66504615384], [3168.2831692307686, 25023.285030769224], [3183.663184615384, 25007.90501538461], [3199.043199999999, 24992.524999999994], [3214.4232153846147, 24977.14498461538], [3245.1832461538456, 24977.14498461538], [3260.5632615384607, 24992.524999999994], [3275.943276923076, 25007.90501538461], [3306.703307692307, 25007.90501538461], [3322.0833230769226, 25023.285030769224], [3337.4633384615377, 25038.66504615384], [3368.2233692307686, 25038.66504615384], [3398.983399999999, 25038.66504615384], [3414.3634153846147, 25054.045061538458], [3429.74343076923, 25069.42507692307], [3445.1234461538456, 25084.805092307688], [3460.5034615384607, 25100.1851076923], [3491.2634923076916, 25100.1851076923], [3506.643507692307, 25115.565123076918], [3522.023523076922, 25130.945138461535], [3552.783553846153, 25130.945138461535], [3568.1635692307686, 25146.325153846148], [3583.5435846153837, 25161.705169230765], [3598.923599999999, 25177.08518461538], [3614.3036153846147, 25192.465199999995], [3645.0636461538456, 25192.465199999995], [3660.4436615384607, 25207.845215384612], [3675.823676923076, 25223.225230769225], [3706.583707692307, 25223.225230769225], [3721.963723076922, 25238.605246153842], [3737.3437384615377, 25253.985261538455], [3768.1037692307686, 25253.985261538455], [3783.4837846153837, 25269.365276923072], [3798.863799999999, 25284.74529230769], [3829.62383076923, 25284.74529230769], [3860.3838615384607, 25284.74529230769], [3891.1438923076917, 25284.74529230769], [3921.903923076922, 25284.74529230769], [3937.2839384615377, 25269.365276923072], [3952.663953846153, 25253.985261538455], [3983.4239846153837, 25253.985261538455], [4014.1840153846147, 25253.985261538455], [4029.56403076923, 25238.605246153842], [4044.944046153845, 25223.225230769225], [4075.704076923076, 25223.225230769225], [4091.0840923076917, 25238.605246153842], [4106.464107692307, 25253.985261538455], [4121.844123076922, 25269.365276923072], [4106.464107692307, 25284.74529230769], [4091.0840923076917, 25300.125307692302], [4075.704076923076, 25315.50532307692], [4060.3240615384607, 25330.885338461532], [4044.944046153845, 25346.26535384615], [4014.1840153846147, 25346.26535384615], [3983.4239846153837, 25346.26535384615], [3952.663953846153, 25346.26535384615], [3921.903923076922, 25346.26535384615], [3891.1438923076917, 25346.26535384615], [3860.3838615384607, 25346.26535384615], [3829.62383076923, 25346.26535384615], [3814.2438153846147, 25361.645369230766], [3798.863799999999, 25377.02538461538], [3768.1037692307686, 25377.02538461538], [3752.723753846153, 25392.405399999996], [3737.3437384615377, 25407.78541538461], [3706.583707692307, 25407.78541538461], [3691.2036923076917, 25423.165430769226], [3675.823676923076, 25438.54544615384], [3660.4436615384607, 25453.925461538456], [3645.0636461538456, 25469.305476923073], [3614.3036153846147, 25469.305476923073], [3598.923599999999, 25484.685492307686], [3583.5435846153837, 25500.065507692303], [3568.1635692307686, 25515.445523076916], [3552.783553846153, 25530.825538461533], [3522.023523076922, 25530.825538461533], [3506.643507692307, 25546.20555384615], [3491.2634923076916, 25561.585569230763], [3460.5034615384607, 25561.585569230763], [3445.1234461538456, 25576.96558461538], [3429.74343076923, 25592.345599999993], [3398.983399999999, 25592.345599999993], [3383.603384615384, 25607.72561538461], [3368.2233692307686, 25623.105630769227], [3352.843353846153, 25638.48564615384], [3337.4633384615377, 25653.865661538457], [3322.0833230769226, 25669.24567692307], [3306.703307692307, 25684.625692307687], [3291.3232923076916, 25700.005707692304], [3275.943276923076, 25715.385723076917], [3245.1832461538456, 25715.385723076917], [3229.80323076923, 25730.765738461534], [3214.4232153846147, 25746.145753846147], [3183.663184615384, 25746.145753846147], [3152.903153846153, 25746.145753846147], [3122.1431230769226, 25746.145753846147], [3091.3830923076916, 25746.145753846147], [3076.003076923076, 25761.525769230764], [3060.623061538461, 25776.90578461538]]]}, "properties": {"objectType": "annotation", "name": "P3_1_T|core_20", "classification": {"name": "core", "color": [230, 103, 103]}, "lesion_id": 20, "section": "P3_1_T", "area_um2": 66349.99999999997}}, {"type": "Feature", "geometry": {"type": "Polygon", "coordinates": [[[3076.003076923076, 25976.84598461538], [3091.3830923076916, 25961.465969230765], [3106.763107692307, 25946.08595384615], [3122.1431230769226, 25930.705938461535], [3137.5231384615377, 25915.325923076918], [3152.903153846153, 25899.9459076923], [3168.2831692307686, 25915.325923076918], [3183.663184615384, 25930.705938461535], [3199.043199999999, 25915.325923076918], [3214.4232153846147, 25899.9459076923], [3245.1832461538456, 25899.9459076923], [3275.943276923076, 25899.9459076923], [3291.3232923076916, 25884.565892307688], [3306.703307692307, 25869.18587692307], [3337.4633384615377, 25869.18587692307], [3352.843353846153, 25853.805861538458], [3368.2233692307686, 25838.42584615384], [3398.983399999999, 25838.42584615384], [3414.3634153846147, 25823.045830769224], [3429.74343076923, 25807.66581538461], [3445.1234461538456, 25792.285799999994], [3460.5034615384607, 25776.90578461538], [3475.883476923076, 25761.525769230764], [3491.2634923076916, 25746.145753846147], [3506.643507692307, 25730.765738461534], [3522.023523076922, 25715.385723076917], [3552.783553846153, 25715.385723076917], [3568.1635692307686, 25700.005707692304], [3583.5435846153837, 25684.625692307687], [3614.3036153846147, 25684.625692307687], [3629.68363076923, 25669.24567692307], [3645.0636461538456, 25653.865661538457], [3675.823676923076, 25653.865661538457], [3691.2036923076917, 25638.48564615384], [3706.583707692307, 25623.105630769227], [3721.963723076922, 25607.72561538461], [3737.3437384615377, 25592.345599999993], [3768.1037692307686, 25592.345599999993], [3783.4837846153837, 25576.96558461538], [3798.863799999999, 25561.585569230763], [3814.2438153846147, 25546.20555384615], [3829.62383076923, 25530.825538461533], [3860.3838615384607, 25530.825538461533], [3875.763876923076, 25515.445523076916], [3891.1438923076917, 25500.065507692303], [3921.903923076922, 25500.065507692303], [3952.663953846153, 25500.065507692303], [3983.4239846153837, 25500.065507692303], [4014.1840153846147, 25500.065507692303], [4044.944046153845, 25500.065507692303], [4075.704076923076, 25500.065507692303], [4106.464107692307, 25500.065507692303], [4121.844123076922, 25484.685492307686], [4137.224138461537, 25469.305476923073], [4167.984169230768, 25469.305476923073], [4183.364184615384, 25453.925461538456], [4198.744199999999, 25438.54544615384], [4214.124215384614, 25423.165430769226], [4229.50423076923, 25407.78541538461], [4244.884246153845, 25392.405399999996], [4260.26426153846, 25377.02538461538], [4275.644276923076, 25361.645369230766], [4291.024292307691, 25346.26535384615], [4306.404307692307, 25330.885338461532], [4306.404307692307, 25300.125307692302], [4306.404307692307, 25269.365276923072], [4321.784323076922, 25253.985261538455], [4337.164338461537, 25238.605246153842], [4337.164338461537, 25207.845215384612], [4337.164338461537, 25177.08518461538], [4321.784323076922, 25161.705169230765], [4306.404307692307, 25146.325153846148], [4291.024292307691, 25130.945138461535], [4275.644276923076, 25115.565123076918], [4260.26426153846, 25100.1851076923], [4229.50423076923, 25100.1851076923], [4198.744199999999, 25100.1851076923], [4167.984169230768, 25100.1851076923], [4152.604153846153, 25084.805092307688], [4137.224138461537, 25069.42507692307], [4106.464107692307, 25069.42507692307], [4091.0840923076917, 25054.045061538458], [4075.704076923076, 25038.66504615384], [4044.944046153845, 25038.66504615384], [4014.1840153846147, 25038.66504615384], [3998.803999999999, 25054.045061538458], [3983.4239846153837, 25069.42507692307], [3968.0439692307687, 25084.805092307688], [3952.663953846153, 25100.1851076923], [3921.903923076922, 25100.1851076923], [3891.1438923076917, 25100.1851076923], [3875.763876923076, 25115.565123076918], [3860.3838615384607, 25130.945138461535], [3845.003846153845, 25115.565123076918], [3829.62383076923, 25100.1851076923], [3798.863799999999, 25100.1851076923], [3783.4837846153837, 25084.805092307688], [3768.1037692307686, 25069.42507692307], [3737.3437384615377, 25069.42507692307], [3721.963723076922, 25054.045061538458], [3706.583707692307, 25038.66504615384], [3691.2036923076917, 25023.285030769224], [3675.823676923076, 25007.90501538461], [3645.0636461538456, 25007.90501538461], [3629.68363076923, 24992.524999999994], [3614.3036153846147, 24977.14498461538], [3583.5435846153837, 24977.14498461538], [3568.1635692307686, 24961.764969230764], [3552.783553846153, 24946.384953846147], [3537.4035384615377, 24931.004938461534], [3522.023523076922, 24915.624923076917], [3491.2634923076916, 24915.624923076917], [3475.883476923076, 24900.244907692304], [3460.5034615384607, 24884.864892307687], [3429.74343076923, 24884.864892307687], [3398.983399999999, 24884.864892307687], [3383.603384615384, 24869.48487692307], [3368.2233692307686, 24854.104861538457], [3337.4633384615377, 24854.104861538457], [3322.0833230769226, 24838.72484615384], [3306.703307692307, 24823.344830769227], [3291.3232923076916, 24807.96481538461], [3275.943276923076, 24792.584799999993], [3245.1832461538456, 24792.584799999993], [3229.80323076923, 24777.20478461538], [3214.4232153846147, 24761.824769230763], [3199.043199999999, 24746.44475384615], [3183.663184615384, 24731.064738461533], [3168.2831692307686, 24746.44475384615], [3152.903153846153, 24761.824769230763], [3137.5231384615377, 24777.20478461538], [3122.1431230769226, 24792.584799999993], [3106.763107692307, 24807.96481538461], [3106.763107692307, 24838.72484615384], [3091.3830923076916, 24854.104861538457], [3076.003076923076, 24869.48487692307], [3060.623061538461, 24884.864892307687], [3045.2430461538456, 24900.244907692304], [3029.86303076923, 24915.624923076917], [3014.4830153846146, 24900.244907692304], [2999.1029999999996, 24884.864892307687], [2968.3429692307686, 24884.864892307687], [2952.962953846153, 24869.48487692307], [2937.5829384615377, 24854.104861538457], [2906.822907692307, 24854.104861538457], [2876.062876923076, 24854.104861538457], [2860.682861538461, 24838.72484615384], [2845.3028461538456, 24823.344830769227], [2814.5428153846146, 24823.344830769227], [2783.782784615384, 24823.344830769227], [2753.022753846153, 24823.344830769227], [2722.2627230769226, 24823.344830769227], [2706.882707692307, 24838.72484615384], [2691.5026923076916, 24854.104861538457], [2676.1226769230766, 24869.48487692307], [2660.742661538461, 24884.864892307687], [2645.3626461538456, 24900.244907692304], [2629.98263076923, 24915.624923076917], [2614.6026153846146, 24931.004938461534], [2599.2225999999996, 24946.384953846147], [2583.842584615384, 24961.764969230764], [2568.4625692307686, 24977.14498461538], [2553.082553846153, 24992.524999999994], [2553.082553846153, 25023.285030769224], [2553.082553846153, 25054.045061538458], [2537.702538461538, 25069.42507692307], [2522.3225230769226, 25084.805092307688], [2522.3225230769226, 25115.565123076918], [2506.942507692307, 25130.945138461535], [2491.5624923076916, 25146.325153846148], [2491.5624923076916, 25177.08518461538], [2491.5624923076916, 25207.845215384612], [2491.5624923076916, 25238.605246153842], [2491.5624923076916, 25269.365276923072], [2491.5624923076916, 25300.125307692302], [2491.5624923076916, 25330.885338461532], [2491.5624923076916, 25361.645369230766], [2491.5624923076916, 25392.405399999996], [2491.5624923076916, 25423.165430769226], [2491.5624923076916, 25453.925461538456], [2491.5624923076916, 25484.685492307686], [2491.5624923076916, 25515.445523076916], [2506.942507692307, 25530.825538461533], [2522.3225230769226, 25546.20555384615], [2522.3225230769226, 25576.96558461538], [2537.702538461538, 25592.345599999993], [2553.082553846153, 25607.72561538461], [2553.082553846153, 25638.48564615384], [2568.4625692307686, 25653.865661538457], [2583.842584615384, 25669.24567692307], [2583.842584615384, 25700.005707692304], [2599.2225999999996, 25715.385723076917], [2614.6026153846146, 25730.765738461534], [2629.98263076923, 25746.145753846147], [2645.3626461538456, 25761.525769230764], [2660.742661538461, 25776.90578461538], [2691.5026923076916, 25776.90578461538], [2706.882707692307, 25792.285799999994], [2722.2627230769226, 25807.66581538461], [2753.022753846153, 25807.66581538461], [2783.782784615384, 25807.66581538461], [2814.5428153846146, 25807.66581538461], [2845.3028461538456, 25807.66581538461], [2860.682861538461, 25823.045830769224], [2876.062876923076, 25838.42584615384], [2891.4428923076916, 25853.805861538458], [2906.822907692307, 25869.18587692307], [2922.2029230769226, 25884.565892307688], [2937.5829384615377, 25899.9459076923], [2952.962953846153, 25915.325923076918], [2968.3429692307686, 25930.705938461535], [2983.722984615384, 25946.08595384615], [2999.1029999999996, 25961.465969230765], [3029.86303076923, 25961.465969230765], [3045.2430461538456, 25976.84598461538], [3060.623061538461, 25992.225999999995], [3076.003076923076, 25976.84598461538]]]}, "properties": {"objectType": "annotation", "name": "P3_1_T|rim_20", "classification": {"name": "rim", "color": [201, 133, 0]}, "lesion_id": 20, "section": "P3_1_T", "area_um2": 144550.0}}, {"type": "Feature", "geometry": {"type": "Polygon", "coordinates": [[[3337.4633384615377, 27038.06704615384], [3322.0833230769226, 27022.687030769226], [3306.703307692307, 27007.30701538461], [3291.3232923076916, 26991.926999999996], [3275.943276923076, 26976.54698461538], [3260.5632615384607, 26961.166969230762], [3245.1832461538456, 26945.78695384615], [3229.80323076923, 26930.406938461532], [3214.4232153846147, 26915.02692307692], [3199.043199999999, 26899.646907692302], [3183.663184615384, 26884.266892307685], [3152.903153846153, 26884.266892307685], [3122.1431230769226, 26884.266892307685], [3106.763107692307, 26868.886876923072], [3091.3830923076916, 26853.506861538455], [3076.003076923076, 26838.126846153842], [3060.623061538461, 26822.746830769225], [3045.2430461538456, 26807.36681538461], [3029.86303076923, 26791.986799999995], [3014.4830153846146, 26776.60678461538], [2999.1029999999996, 26761.226769230765], [2983.722984615384, 26745.84675384615], [2968.3429692307686, 26730.46673846153], [2952.962953846153, 26715.086723076918], [2937.5829384615377, 26699.7067076923], [2922.2029230769226, 26684.326692307688], [2922.2029230769226, 26653.566661538458], [2922.2029230769226, 26622.806630769224], [2937.5829384615377, 26607.42661538461], [2952.962953846153, 26592.046599999994], [2968.3429692307686, 26576.66658461538], [2983.722984615384, 26561.286569230764], [2983.722984615384, 26530.526538461534], [2983.722984615384, 26499.766507692304], [2983.722984615384, 26469.00647692307], [2983.722984615384, 26438.24644615384], [2999.1029999999996, 26422.866430769227], [3014.4830153846146, 26407.48641538461], [3029.86303076923, 26392.106399999993], [3045.2430461538456, 26376.72638461538], [3060.623061538461, 26361.346369230763], [3091.3830923076916, 26361.346369230763], [3106.763107692307, 26376.72638461538], [3122.1431230769226, 26392.106399999993], [3137.5231384615377, 26407.48641538461], [3152.903153846153, 26422.866430769227], [3168.2831692307686, 26438.24644615384], [3168.2831692307686, 26469.00647692307], [3183.663184615384, 26484.386492307687], [3199.043199999999, 26499.766507692304], [3214.4232153846147, 26515.146523076917], [3229.80323076923, 26530.526538461534], [3245.1832461538456, 26545.906553846147], [3260.5632615384607, 26561.286569230764], [3260.5632615384607, 26592.046599999994], [3275.943276923076, 26607.42661538461], [3291.3232923076916, 26622.806630769224], [3291.3232923076916, 26653.566661538458], [3291.3232923076916, 26684.326692307688], [3291.3232923076916, 26715.086723076918], [3306.703307692307, 26730.46673846153], [3322.0833230769226, 26745.84675384615], [3322.0833230769226, 26776.60678461538], [3337.4633384615377, 26791.986799999995], [3352.843353846153, 26807.36681538461], [3368.2233692307686, 26822.746830769225], [3383.603384615384, 26838.126846153842], [3383.603384615384, 26868.886876923072], [3398.983399999999, 26884.266892307685], [3414.3634153846147, 26899.646907692302], [3414.3634153846147, 26930.406938461532], [3414.3634153846147, 26961.166969230762], [3398.983399999999, 26976.54698461538], [3383.603384615384, 26991.926999999996], [3368.2233692307686, 27007.30701538461], [3352.843353846153, 27022.687030769226], [3337.4633384615377, 27038.06704615384]]]}, "properties": {"objectType": "annotation", "name": "P3_1_T|lesion_21", "classification": {"name": "lesion", "color": [255, 0, 0]}, "lesion_id": 21, "section": "P3_1_T", "area_um2": 17049.99999999999}}, {"type": "Feature", "geometry": {"type": "Polygon", "coordinates": [[[3337.4633384615377, 27038.06704615384], [3322.0833230769226, 27022.687030769226], [3306.703307692307, 27007.30701538461], [3291.3232923076916, 26991.926999999996], [3275.943276923076, 26976.54698461538], [3260.5632615384607, 26961.166969230762], [3245.1832461538456, 26945.78695384615], [3229.80323076923, 26930.406938461532], [3214.4232153846147, 26915.02692307692], [3199.043199999999, 26899.646907692302], [3183.663184615384, 26884.266892307685], [3152.903153846153, 26884.266892307685], [3122.1431230769226, 26884.266892307685], [3106.763107692307, 26868.886876923072], [3091.3830923076916, 26853.506861538455], [3076.003076923076, 26838.126846153842], [3060.623061538461, 26822.746830769225], [3045.2430461538456, 26807.36681538461], [3029.86303076923, 26791.986799999995], [3014.4830153846146, 26776.60678461538], [2999.1029999999996, 26761.226769230765], [2983.722984615384, 26745.84675384615], [2968.3429692307686, 26730.46673846153], [2952.962953846153, 26715.086723076918], [2937.5829384615377, 26699.7067076923], [2922.2029230769226, 26684.326692307688], [2922.2029230769226, 26653.566661538458], [2922.2029230769226, 26622.806630769224], [2937.5829384615377, 26607.42661538461], [2952.962953846153, 26592.046599999994], [2968.3429692307686, 26576.66658461538], [2983.722984615384, 26561.286569230764], [2983.722984615384, 26530.526538461534], [2983.722984615384, 26499.766507692304], [2983.722984615384, 26469.00647692307], [2983.722984615384, 26438.24644615384], [2999.1029999999996, 26422.866430769227], [3014.4830153846146, 26407.48641538461], [3029.86303076923, 26392.106399999993], [3045.2430461538456, 26376.72638461538], [3060.623061538461, 26361.346369230763], [3091.3830923076916, 26361.346369230763], [3106.763107692307, 26376.72638461538], [3122.1431230769226, 26392.106399999993], [3137.5231384615377, 26407.48641538461], [3152.903153846153, 26422.866430769227], [3168.2831692307686, 26438.24644615384], [3168.2831692307686, 26469.00647692307], [3183.663184615384, 26484.386492307687], [3199.043199999999, 26499.766507692304], [3214.4232153846147, 26515.146523076917], [3229.80323076923, 26530.526538461534], [3245.1832461538456, 26545.906553846147], [3260.5632615384607, 26561.286569230764], [3260.5632615384607, 26592.046599999994], [3275.943276923076, 26607.42661538461], [3291.3232923076916, 26622.806630769224], [3291.3232923076916, 26653.566661538458], [3291.3232923076916, 26684.326692307688], [3291.3232923076916, 26715.086723076918], [3306.703307692307, 26730.46673846153], [3322.0833230769226, 26745.84675384615], [3322.0833230769226, 26776.60678461538], [3337.4633384615377, 26791.986799999995], [3352.843353846153, 26807.36681538461], [3368.2233692307686, 26822.746830769225], [3383.603384615384, 26838.126846153842], [3383.603384615384, 26868.886876923072], [3398.983399999999, 26884.266892307685], [3414.3634153846147, 26899.646907692302], [3414.3634153846147, 26930.406938461532], [3414.3634153846147, 26961.166969230762], [3398.983399999999, 26976.54698461538], [3383.603384615384, 26991.926999999996], [3368.2233692307686, 27007.30701538461], [3352.843353846153, 27022.687030769226], [3337.4633384615377, 27038.06704615384]]]}, "properties": {"objectType": "annotation", "name": "P3_1_T|rim_21", "classification": {"name": "rim", "color": [201, 133, 0]}, "lesion_id": 21, "section": "P3_1_T", "area_um2": 17049.99999999999}}, {"type": "Feature", "geometry": {"type": "Polygon", "coordinates": [[[27914.727923076916, 13257.573261538459], [27945.48795384615, 13257.573261538459], [27960.867969230763, 13242.193246153844], [27976.24798461538, 13226.813230769229], [28007.00801538461, 13226.813230769229], [28022.388030769223, 13211.433215384614], [28037.76804615384, 13196.053199999997], [28053.148061538457, 13180.673184615382], [28068.52807692307, 13165.293169230767], [28083.908092307687, 13149.913153846152], [28099.2881076923, 13134.533138461537], [28114.668123076917, 13119.15312307692], [28130.048138461534, 13103.773107692305], [28145.428153846147, 13088.39309230769], [28145.428153846147, 13057.63306153846], [28160.808169230764, 13042.253046153843], [28176.188184615377, 13026.873030769228], [28176.188184615377, 12996.112999999998], [28191.568199999994, 12980.732984615383], [28206.94821538461, 12965.352969230767], [28206.94821538461, 12934.592938461536], [28206.94821538461, 12903.832907692306], [28206.94821538461, 12873.072876923074], [28206.94821538461, 12842.312846153844], [28206.94821538461, 12811.552815384613], [28206.94821538461, 12780.792784615382], [28206.94821538461, 12750.032753846152], [28206.94821538461, 12719.27272307692], [28206.94821538461, 12688.51269230769], [28206.94821538461, 12657.75266153846], [28206.94821538461, 12626.992630769228], [28222.328230769224, 12611.612615384613], [28237.70824615384, 12596.232599999998], [28237.70824615384, 12565.472569230767], [28237.70824615384, 12534.712538461536], [28253.088261538454, 12519.33252307692], [28268.46827692307, 12503.952507692306], [28268.46827692307, 12473.192476923074], [28283.848292307688, 12457.812461538459], [28299.2283076923, 12442.432446153844], [28314.608323076918, 12427.052430769229], [28329.98833846153, 12411.672415384613], [28345.36835384615, 12396.292399999997], [28360.748369230765, 12380.912384615382], [28376.12838461538, 12365.532369230767], [28391.508399999995, 12350.152353846152], [28406.88841538461, 12334.772338461536], [28422.268430769225, 12319.392323076921], [28437.648446153842, 12304.012307692305], [28453.028461538455, 12288.63229230769], [28468.408476923072, 12273.252276923075], [28483.788492307685, 12257.87226153846], [28499.168507692302, 12242.492246153844], [28529.928538461532, 12242.492246153844], [28545.30855384615, 12227.112230769228], [28560.688569230762, 12211.732215384613], [28576.06858461538, 12196.352199999998], [28591.448599999996, 12180.972184615383], [28606.82861538461, 12165.592169230767], [28622.208630769226, 12150.21215384615], [28637.58864615384, 12134.832138461536], [28652.968661538456, 12119.45212307692], [28668.34867692307, 12104.072107692306], [28683.728692307686, 12088.69209230769], [28699.108707692303, 12073.312076923074], [28714.488723076916, 12057.932061538459], [28729.868738461533, 12042.552046153844], [28745.248753846146, 12027.172030769229], [28760.628769230763, 12011.792015384613], [28776.00878461538, 11996.411999999998], [28791.388799999993, 11981.031984615382], [28806.76881538461, 11965.651969230767], [28837.52884615384, 11965.651969230767], [28852.908861538457, 11950.271953846152], [28868.28887692307, 11934.891938461536], [28899.0489076923, 11934.891938461536], [28914.428923076917, 11919.511923076921], [28929.808938461534, 11904.131907692305], [28960.568969230764, 11904.131907692305], [28975.948984615377, 11888.75189230769], [28991.328999999994, 11873.371876923075], [29006.70901538461, 11857.99186153846], [29022.089030769224, 11842.611846153844], [29037.46904615384, 11827.231830769228], [29052.849061538454, 11811.851815384613], [29068.22907692307, 11796.471799999998], [29083.609092307688, 11781.091784615382], [29098.9891076923, 11765.711769230767], [29114.36912307692, 11750.33175384615], [29129.74913846153, 11734.951738461536], [29145.12915384615, 11719.57172307692], [29160.509169230765, 11704.191707692305], [29175.88918461538, 11688.81169230769], [29206.64921538461, 11688.81169230769], [29222.029230769225, 11673.431676923075], [29237.409246153842, 11658.051661538459], [29252.789261538455, 11642.671646153844], [29268.169276923072, 11627.291630769229], [29283.549292307685, 11611.911615384613], [29298.929307692302, 11596.531599999998], [29314.309323076915, 11581.151584615382], [29329.689338461532, 11565.771569230767], [29345.06935384615, 11550.391553846152], [29360.449369230762, 11535.011538461536], [29375.82938461538, 11519.631523076921], [29391.209399999992, 11504.251507692305], [29406.58941538461, 11488.87149230769], [29406.58941538461, 11458.11146153846], [29421.969430769226, 11442.731446153844], [29437.34944615384, 11427.351430769228], [29437.34944615384, 11396.591399999998], [29437.34944615384, 11365.831369230767], [29452.729461538456, 11350.451353846152], [29468.10947692307, 11335.071338461536], [29468.10947692307, 11304.311307692305], [29468.10947692307, 11273.551276923075], [29468.10947692307, 11242.791246153844], [29468.10947692307, 11212.031215384613], [29468.10947692307, 11181.271184615382], [29468.10947692307, 11150.511153846152], [29468.10947692307, 11119.751123076921], [29483.489492307686, 11104.371107692305], [29498.869507692303, 11088.99109230769], [29498.869507692303, 11058.23106153846], [29514.249523076916, 11042.851046153844], [29529.629538461533, 11027.47103076923], [29529.629538461533, 10996.710999999998], [29529.629538461533, 10965.950969230767], [29529.629538461533, 10935.190938461536], [29529.629538461533, 10904.430907692305], [29529.629538461533, 10873.670876923075], [29529.629538461533, 10842.910846153844], [29529.629538461533, 10812.150815384613], [29514.249523076916, 10796.770799999998], [29498.869507692303, 10781.390784615382], [29498.869507692303, 10750.630753846151], [29498.869507692303, 10719.870723076921], [29483.489492307686, 10704.490707692306], [29468.10947692307, 10719.870723076921], [29468.10947692307, 10750.630753846151], [29452.729461538456, 10766.010769230767], [29437.34944615384, 10781.390784615382], [29421.969430769226, 10796.770799999998], [29406.58941538461, 10812.150815384613], [29406.58941538461, 10842.910846153844], [29391.209399999992, 10858.290861538459], [29375.82938461538, 10873.670876923075], [29360.449369230762, 10889.05089230769], [29345.06935384615, 10904.430907692305], [29345.06935384615, 10935.190938461536], [29329.689338461532, 10950.570953846152], [29314.309323076915, 10965.950969230767], [29298.929307692302, 10981.330984615382], [29283.549292307685, 10996.710999999998], [29283.549292307685, 11027.47103076923], [29268.169276923072, 11042.851046153844], [29252.789261538455, 11058.23106153846], [29237.409246153842, 11073.611076923075], [29222.029230769225, 11088.99109230769], [29206.64921538461, 11104.371107692305], [29191.269199999995, 11088.99109230769], [29175.88918461538, 11073.611076923075], [29160.509169230765, 11058.23106153846], [29145.12915384615, 11042.851046153844], [29129.74913846153, 11027.47103076923], [29114.36912307692, 11012.091015384613], [29098.9891076923, 10996.710999999998], [29083.609092307688, 10981.330984615382], [29068.22907692307, 10965.950969230767], [29052.849061538454, 10950.570953846152], [29037.46904615384, 10935.190938461536], [29022.089030769224, 10919.81092307692], [28991.328999999994, 10919.81092307692], [28975.948984615377, 10904.430907692305], [28960.568969230764, 10889.05089230769], [28945.188953846147, 10873.670876923075], [28929.808938461534, 10858.290861538459], [28899.0489076923, 10858.290861538459], [28883.668892307687, 10842.910846153844], [28868.28887692307, 10827.530830769228], [28837.52884615384, 10827.530830769228], [28806.76881538461, 10827.530830769228], [28791.388799999993, 10812.150815384613], [28776.00878461538, 10796.770799999998], [28745.248753846146, 10796.770799999998], [28714.488723076916, 10796.770799999998], [28683.728692307686, 10796.770799999998], [28652.968661538456, 10796.770799999998], [28637.58864615384, 10781.390784615382], [28622.208630769226, 10766.010769230767], [28591.448599999996, 10766.010769230767], [28560.688569230762, 10766.010769230767], [28529.928538461532, 10766.010769230767], [28499.168507692302, 10766.010769230767], [28468.408476923072, 10766.010769230767], [28437.648446153842, 10766.010769230767], [28406.88841538461, 10766.010769230767], [28376.12838461538, 10766.010769230767], [28345.36835384615, 10766.010769230767], [28314.608323076918, 10766.010769230767], [28283.848292307688, 10766.010769230767], [28253.088261538454, 10766.010769230767], [28222.328230769224, 10766.010769230767], [28191.568199999994, 10766.010769230767], [28176.188184615377, 10781.390784615382], [28160.808169230764, 10796.770799999998], [28130.048138461534, 10796.770799999998], [28099.2881076923, 10796.770799999998], [28083.908092307687, 10812.150815384613], [28068.52807692307, 10827.530830769228], [28037.76804615384, 10827.530830769228], [28022.388030769223, 10842.910846153844], [28007.00801538461, 10858.290861538459], [27991.627999999993, 10873.670876923075], [27976.24798461538, 10889.05089230769], [27945.48795384615, 10889.05089230769], [27914.727923076916, 10889.05089230769], [27899.347907692303, 10873.670876923075], [27883.967892307686, 10858.290861538459], [27853.207861538456, 10858.290861538459], [27837.82784615384, 10842.910846153844], [27822.447830769226, 10827.530830769228], [27791.687799999996, 10827.530830769228], [27760.927769230762, 10827.530830769228], [27745.54775384615, 10812.150815384613], [27730.167738461532, 10796.770799999998], [27699.407707692302, 10796.770799999998], [27668.647676923072, 10796.770799999998], [27637.887646153842, 10796.770799999998], [27607.12761538461, 10796.770799999998], [27576.36758461538, 10796.770799999998], [27545.60755384615, 10796.770799999998], [27514.847523076918, 10796.770799999998], [27484.087492307688, 10796.770799999998], [27453.327461538454, 10796.770799999998], [27422.567430769224, 10796.770799999998], [27391.807399999994, 10796.770799999998], [27361.047369230764, 10796.770799999998], [27330.287338461534, 10796.770799999998], [27299.527307692304, 10796.770799999998], [27268.76727692307, 10796.770799999998], [27238.00724615384, 10796.770799999998], [27222.627230769227, 10812.150815384613], [27207.24721538461, 10827.530830769228], [27176.48718461538, 10827.530830769228], [27145.72715384615, 10827.530830769228], [27130.347138461533, 10842.910846153844], [27114.967123076916, 10858.290861538459], [27084.207092307686, 10858.290861538459], [27068.827076923073, 10873.670876923075], [27053.447061538456, 10889.05089230769], [27038.06704615384, 10904.430907692305], [27022.687030769226, 10919.81092307692], [26991.926999999996, 10919.81092307692], [26976.54698461538, 10935.190938461536], [26961.166969230762, 10950.570953846152], [26945.78695384615, 10965.950969230767], [26930.406938461532, 10981.330984615382], [26915.02692307692, 10996.710999999998], [26899.646907692302, 11012.091015384613], [26884.266892307685, 11027.47103076923], [26868.886876923072, 11042.851046153844], [26853.506861538455, 11058.23106153846], [26838.126846153842, 11073.611076923075], [26822.746830769225, 11088.99109230769], [26807.36681538461, 11104.371107692305], [26791.986799999995, 11119.751123076921], [26791.986799999995, 11150.511153846152], [26776.60678461538, 11165.891169230767], [26761.226769230765, 11181.271184615382], [26745.84675384615, 11196.651199999998], [26730.46673846153, 11212.031215384613], [26730.46673846153, 11242.791246153844], [26715.086723076918, 11258.171261538459], [26699.7067076923, 11273.551276923075], [26699.7067076923, 11304.311307692305], [26699.7067076923, 11335.071338461536], [26684.326692307688, 11350.451353846152], [26668.94667692307, 11365.831369230767], [26668.94667692307, 11396.591399999998], [26668.94667692307, 11427.351430769228], [26653.566661538458, 11442.731446153844], [26638.18664615384, 11458.11146153846], [26638.18664615384, 11488.87149230769], [26638.18664615384, 11519.631523076921], [26622.806630769224, 11535.011538461536], [26607.42661538461, 11550.391553846152], [26607.42661538461, 11581.151584615382], [26592.046599999994, 11596.531599999998], [26576.66658461538, 11611.911615384613], [26576.66658461538, 11642.671646153844], [26561.286569230764, 11658.051661538459], [26545.906553846147, 11673.431676923075], [26545.906553846147, 11704.191707692305], [26545.906553846147, 11734.951738461536], [26530.526538461534, 11750.33175384615], [26515.146523076917, 11765.711769230767], [26515.146523076917, 11796.471799999998], [26499.766507692304, 11811.851815384613], [26469.00647692307, 11811.851815384613], [26453.626461538457, 11796.471799999998], [26438.24644615384, 11781.091784615382], [26407.48641538461, 11781.091784615382], [26376.72638461538, 11781.091784615382], [26345.96635384615, 11781.091784615382], [26315.206323076916, 11781.091784615382], [26284.446292307686, 11781.091784615382], [26253.686261538456, 11781.091784615382], [26222.926230769226, 11781.091784615382], [26192.166199999996, 11781.091784615382], [26161.406169230762, 11781.091784615382], [26130.646138461532, 11781.091784615382], [26099.886107692302, 11781.091784615382], [26084.506092307685, 11796.471799999998], [26069.126076923072, 11811.851815384613], [26038.366046153842, 11811.851815384613], [26007.606015384612, 11811.851815384613], [25992.225999999995, 11827.231830769228], [25976.84598461538, 11842.611846153844], [25946.08595384615, 11842.611846153844], [25915.325923076918, 11842.611846153844], [25884.565892307688, 11842.611846153844], [25853.805861538458, 11842.611846153844], [25823.045830769224, 11842.611846153844], [25792.285799999994, 11842.611846153844], [25776.90578461538, 11827.231830769228], [25776.90578461538, 11796.471799999998], [25776.90578461538, 11765.711769230767], [25776.90578461538, 11734.951738461536], [25776.90578461538, 11704.191707692305], [25761.525769230764, 11688.81169230769], [25746.145753846147, 11673.431676923075], [25746.145753846147, 11642.671646153844], [25746.145753846147, 11611.911615384613], [25730.765738461534, 11596.531599999998], [25715.385723076917, 11581.151584615382], [25715.385723076917, 11550.391553846152], [25700.005707692304, 11535.011538461536], [25684.625692307687, 11519.631523076921], [25669.24567692307, 11504.251507692305], [25653.865661538457, 11488.87149230769], [25653.865661538457, 11458.11146153846], [25638.48564615384, 11442.731446153844], [25623.105630769227, 11427.351430769228], [25607.72561538461, 11411.971415384613], [25592.345599999993, 11396.591399999998], [25576.96558461538, 11381.211384615382], [25561.585569230763, 11365.831369230767], [25546.20555384615, 11350.451353846152], [25530.825538461533, 11335.071338461536], [25515.445523076916, 11319.69132307692], [25500.065507692303, 11304.311307692305], [25484.685492307686, 11288.93129230769], [25469.305476923073, 11273.551276923075], [25453.925461538456, 11258.171261538459], [25438.54544615384, 11242.791246153844], [25423.165430769226, 11227.411230769228], [25392.405399999996, 11227.411230769228], [25377.02538461538, 11212.031215384613], [25361.645369230766, 11196.651199999998], [25346.26535384615, 11181.271184615382], [25346.26535384615, 11150.511153846152], [25346.26535384615, 11119.751123076921], [25346.26535384615, 11088.99109230769], [25346.26535384615, 11058.23106153846], [25346.26535384615, 11027.47103076923], [25346.26535384615, 10996.710999999998], [25346.26535384615, 10965.950969230767], [25346.26535384615, 10935.190938461536], [25346.26535384615, 10904.430907692305], [25330.885338461532, 10889.05089230769], [25315.50532307692, 10873.670876923075], [25315.50532307692, 10842.910846153844], [25315.50532307692, 10812.150815384613], [25300.125307692302, 10796.770799999998], [25284.74529230769, 10781.390784615382], [25284.74529230769, 10750.630753846151], [25269.365276923072, 10735.250738461536], [25253.985261538455, 10719.870723076921], [25253.985261538455, 10689.11069230769], [25269.365276923072, 10673.730676923074], [25284.74529230769, 10658.35066153846], [25300.125307692302, 10642.970646153844], [25315.50532307692, 10627.59063076923], [25330.885338461532, 10612.210615384613], [25361.645369230766, 10612.210615384613], [25377.02538461538, 10596.830599999998], [25392.405399999996, 10581.450584615382], [25423.165430769226, 10581.450584615382], [25438.54544615384, 10566.070569230767], [25453.925461538456, 10550.690553846152], [25469.305476923073, 10535.310538461536], [25484.685492307686, 10519.93052307692], [25515.445523076916, 10519.93052307692], [25530.825538461533, 10504.550507692305], [25546.20555384615, 10489.17049230769], [25561.585569230763, 10473.790476923075], [25576.96558461538, 10458.410461538459], [25592.345599999993, 10443.030446153844], [25607.72561538461, 10427.650430769228], [25623.105630769227, 10412.270415384613], [25638.48564615384, 10396.890399999998], [25653.865661538457, 10381.510384615383], [25669.24567692307, 10366.130369230767], [25684.625692307687, 10350.750353846151], [25700.005707692304, 10335.370338461536], [25715.385723076917, 10319.990323076921], [25730.765738461534, 10304.610307692306], [25746.145753846147, 10289.23029230769], [25761.525769230764, 10273.850276923074], [25776.90578461538, 10258.47026153846], [25792.285799999994, 10243.090246153844], [25807.66581538461, 10227.71023076923], [25823.045830769224, 10212.330215384613], [25838.42584615384, 10196.950199999997], [25853.805861538458, 10181.570184615382], [25869.18587692307, 10196.950199999997], [25884.565892307688, 10212.330215384613], [25915.325923076918, 10212.330215384613], [25946.08595384615, 10212.330215384613], [25976.84598461538, 10212.330215384613], [26007.606015384612, 10212.330215384613], [26038.366046153842, 10212.330215384613], [26069.126076923072, 10212.330215384613], [26099.886107692302, 10212.330215384613], [26130.646138461532, 10212.330215384613], [26161.406169230762, 10212.330215384613], [26192.166199999996, 10212.330215384613], [26222.926230769226, 10212.330215384613], [26253.686261538456, 10212.330215384613], [26284.446292307686, 10212.330215384613], [26299.826307692303, 10196.950199999997], [26315.206323076916, 10181.570184615382], [26345.96635384615, 10181.570184615382], [26376.72638461538, 10181.570184615382], [26392.106399999993, 10166.190169230767], [26407.48641538461, 10150.810153846152], [26438.24644615384, 10150.810153846152], [26453.626461538457, 10135.430138461536], [26469.00647692307, 10120.05012307692], [26484.386492307687, 10104.670107692305], [26499.766507692304, 10089.29009230769], [26530.526538461534, 10089.29009230769], [26545.906553846147, 10073.910076923075], [26561.286569230764, 10058.53006153846], [26576.66658461538, 10043.150046153844], [26592.046599999994, 10027.770030769228], [26607.42661538461, 10012.390015384613], [26622.806630769224, 9997.009999999998], [26638.18664615384, 9981.629984615383], [26653.566661538458, 9966.249969230767], [26668.94667692307, 9950.869953846151], [26684.326692307688, 9935.489938461536], [26699.7067076923, 9920.109923076921], [26715.086723076918, 9904.729907692306], [26730.46673846153, 9889.34989230769], [26730.46673846153, 9858.58986153846], [26745.84675384615, 9843.209846153844], [26761.226769230765, 9827.82983076923], [26776.60678461538, 9812.449815384613], [26791.986799999995, 9797.069799999997], [26807.36681538461, 9781.689784615382], [26822.746830769225, 9766.309769230767], [26822.746830769225, 9735.549738461537], [26838.126846153842, 9720.16972307692], [26853.506861538455, 9704.789707692305], [26868.886876923072, 9689.40969230769], [26884.266892307685, 9674.029676923075], [26884.266892307685, 9643.269646153843], [26899.646907692302, 9627.889630769228], [26915.02692307692, 9612.509615384613], [26915.02692307692, 9581.749584615383], [26930.406938461532, 9566.369569230767], [26945.78695384615, 9550.989553846151], [26945.78695384615, 9520.229523076921], [26945.78695384615, 9489.46949230769], [26961.166969230762, 9474.089476923074], [26976.54698461538, 9458.70946153846], [26976.54698461538, 9427.94943076923], [26976.54698461538, 9397.189399999997], [26976.54698461538, 9366.429369230767], [26976.54698461538, 9335.669338461537], [26976.54698461538, 9304.909307692305], [26976.54698461538, 9274.149276923075], [26976.54698461538, 9243.389246153843], [26976.54698461538, 9212.629215384613], [26976.54698461538, 9181.869184615383], [26976.54698461538, 9151.109153846151], [26976.54698461538, 9120.349123076921], [26961.166969230762, 9104.969107692306], [26930.406938461532, 9104.969107692306], [26915.02692307692, 9089.589092307691], [26899.646907692302, 9074.209076923074], [26884.266892307685, 9058.82906153846], [26884.266892307685, 9028.06903076923], [26884.266892307685, 8997.308999999997], [26884.266892307685, 8966.548969230767], [26868.886876923072, 8951.168953846152], [26853.506861538455, 8935.788938461537], [26853.506861538455, 8905.028907692305], [26853.506861538455, 8874.268876923075], [26838.126846153842, 8858.88886153846], [26822.746830769225, 8843.508846153843], [26807.36681538461, 8828.128830769228], [26791.986799999995, 8812.748815384613], [26776.60678461538, 8797.368799999998], [26761.226769230765, 8781.988784615383], [26745.84675384615, 8766.608769230768], [26730.46673846153, 8751.228753846151], [26715.086723076918, 8735.848738461536], [26699.7067076923, 8720.468723076921], [26684.326692307688, 8705.088707692306], [26668.94667692307, 8689.708692307691], [26653.566661538458, 8674.328676923074], [26622.806630769224, 8674.328676923074], [26607.42661538461, 8658.94866153846], [26592.046599999994, 8643.568646153844], [26576.66658461538, 8628.18863076923], [26561.286569230764, 8612.808615384614], [26530.526538461534, 8612.808615384614], [26515.146523076917, 8597.428599999997], [26499.766507692304, 8582.048584615382], [26469.00647692307, 8582.048584615382], [26438.24644615384, 8582.048584615382], [26422.866430769227, 8566.668569230767], [26407.48641538461, 8551.288553846152], [26376.72638461538, 8551.288553846152], [26361.346369230763, 8535.908538461537], [26345.96635384615, 8520.52852307692], [26315.206323076916, 8520.52852307692], [26299.826307692303, 8505.148507692305], [26315.206323076916, 8489.76849230769], [26345.96635384615, 8489.76849230769], [26376.72638461538, 8489.76849230769], [26407.48641538461, 8489.76849230769], [26438.24644615384, 8489.76849230769], [26453.626461538457, 8505.148507692305], [26469.00647692307, 8520.52852307692], [26499.766507692304, 8520.52852307692], [26530.526538461534, 8520.52852307692], [26545.906553846147, 8535.908538461537], [26561.286569230764, 8551.288553846152], [26592.046599999994, 8551.288553846152], [26622.806630769224, 8551.288553846152], [26653.566661538458, 8551.288553846152], [26684.326692307688, 8551.288553846152], [26715.086723076918, 8551.288553846152], [26745.84675384615, 8551.288553846152], [26776.60678461538, 8551.288553846152], [26807.36681538461, 8551.288553846152], [26838.126846153842, 8551.288553846152], [26868.886876923072, 8551.288553846152], [26899.646907692302, 8551.288553846152], [26930.406938461532, 8551.288553846152], [26961.166969230762, 8551.288553846152], [26976.54698461538, 8535.908538461537], [26976.54698461538, 8505.148507692305], [26976.54698461538, 8474.388476923075], [26991.926999999996, 8459.00846153846], [27007.30701538461, 8443.628446153845], [27022.687030769226, 8428.248430769228], [27038.06704615384, 8412.868415384613], [27053.447061538456, 8397.488399999998], [27068.827076923073, 8382.108384615383], [27084.207092307686, 8366.728369230768], [27099.587107692303, 8351.348353846151], [27114.967123076916, 8335.968338461536], [27130.347138461533, 8320.588323076921], [27130.347138461533, 8289.828292307691], [27145.72715384615, 8274.448276923074], [27161.107169230763, 8259.06826153846], [27161.107169230763, 8228.30823076923], [27161.107169230763, 8197.548199999997], [27161.107169230763, 8166.788169230767], [27161.107169230763, 8136.028138461536], [27176.48718461538, 8120.648123076921], [27191.867199999993, 8105.268107692306], [27191.867199999993, 8074.508076923075], [27191.867199999993, 8043.748046153844], [27191.867199999993, 8012.988015384613], [27207.24721538461, 7997.607999999998], [27222.627230769227, 7982.227984615383], [27238.00724615384, 7966.847969230767], [27253.387261538457, 7951.467953846152], [27268.76727692307, 7936.087938461537], [27299.527307692304, 7936.087938461537], [27314.907323076917, 7920.707923076921], [27330.287338461534, 7905.327907692306], [27345.667353846147, 7889.94789230769], [27361.047369230764, 7874.567876923075], [27376.427384615377, 7859.18786153846], [27391.807399999994, 7843.807846153844], [27422.567430769224, 7843.807846153844], [27437.94744615384, 7828.427830769229], [27453.327461538454, 7813.047815384613], [27468.70747692307, 7797.667799999998], [27484.087492307688, 7782.287784615383], [27499.4675076923, 7766.907769230767], [27514.847523076918, 7751.527753846152], [27530.22753846153, 7736.147738461537], [27530.22753846153, 7705.387707692306], [27530.22753846153, 7674.627676923075], [27530.22753846153, 7643.867646153844], [27530.22753846153, 7613.107615384614], [27514.847523076918, 7597.727599999998], [27499.4675076923, 7582.347584615383], [27499.4675076923, 7551.587553846152], [27499.4675076923, 7520.827523076921], [27484.087492307688, 7505.447507692306], [27468.70747692307, 7490.06749230769], [27468.70747692307, 7459.30746153846], [27453.327461538454, 7443.927446153844], [27437.94744615384, 7428.547430769229], [27422.567430769224, 7413.167415384614], [27407.18741538461, 7397.787399999998], [27407.18741538461, 7367.027369230767], [27391.807399999994, 7351.647353846152], [27376.427384615377, 7336.267338461537], [27361.047369230764, 7320.887323076921], [27345.667353846147, 7305.507307692306], [27330.287338461534, 7290.127292307691], [27314.907323076917, 7274.747276923075], [27299.527307692304, 7259.36726153846], [27284.147292307687, 7243.987246153844], [27268.76727692307, 7228.607230769229], [27253.387261538457, 7213.227215384614], [27238.00724615384, 7197.847199999998], [27222.627230769227, 7182.467184615383], [27207.24721538461, 7167.087169230767], [27191.867199999993, 7151.707153846152], [27176.48718461538, 7136.327138461537], [27161.107169230763, 7120.947123076921], [27145.72715384615, 7105.567107692306], [27130.347138461533, 7090.187092307691], [27114.967123076916, 7074.807076923075], [27084.207092307686, 7074.807076923075], [27068.827076923073, 7059.42706153846], [27053.447061538456, 7044.047046153844], [27038.06704615384, 7028.667030769229], [27022.687030769226, 7013.287015384614], [27007.30701538461, 6997.906999999998], [26991.926999999996, 6982.526984615383], [26976.54698461538, 6967.146969230768], [26961.166969230762, 6951.766953846152], [26930.406938461532, 6951.766953846152], [26915.02692307692, 6936.386938461537], [26899.646907692302, 6921.006923076921], [26884.266892307685, 6905.626907692306], [26868.886876923072, 6890.246892307691], [26838.126846153842, 6890.246892307691], [26822.746830769225, 6874.866876923075], [26807.36681538461, 6859.48686153846], [26776.60678461538, 6859.48686153846], [26761.226769230765, 6844.106846153844], [26745.84675384615, 6828.726830769229], [26715.086723076918, 6828.726830769229], [26699.7067076923, 6813.346815384614], [26684.326692307688, 6797.966799999998], [26653.566661538458, 6797.966799999998], [26622.806630769224, 6797.966799999998], [26607.42661538461, 6782.586784615383], [26592.046599999994, 6767.206769230768], [26561.286569230764, 6767.206769230768], [26530.526538461534, 6767.206769230768], [26515.146523076917, 6751.826753846152], [26515.146523076917, 6721.066723076921], [26499.766507692304, 6705.686707692306], [26484.386492307687, 6690.306692307691], [26499.766507692304, 6674.926676923075], [26515.146523076917, 6659.54666153846], [26530.526538461534, 6644.166646153845], [26561.286569230764, 6644.166646153845], [26592.046599999994, 6644.166646153845], [26622.806630769224, 6644.166646153845], [26653.566661538458, 6644.166646153845], [26668.94667692307, 6628.786630769229], [26684.326692307688, 6613.406615384614], [26715.086723076918, 6613.406615384614], [26745.84675384615, 6613.406615384614], [26761.226769230765, 6598.026599999998], [26776.60678461538, 6582.646584615383], [26807.36681538461, 6582.646584615383], [26822.746830769225, 6567.266569230768], [26838.126846153842, 6551.886553846152], [26853.506861538455, 6536.506538461537], [26868.886876923072, 6521.126523076921], [26899.646907692302, 6521.126523076921], [26915.02692307692, 6505.746507692306], [26930.406938461532, 6490.366492307691], [26945.78695384615, 6474.986476923075], [26961.166969230762, 6459.60646153846], [26976.54698461538, 6444.226446153845], [26991.926999999996, 6428.846430769229], [27007.30701538461, 6413.466415384614], [27022.687030769226, 6398.086399999998], [27038.06704615384, 6382.706384615383], [27053.447061538456, 6367.326369230768], [27068.827076923073, 6351.946353846152], [27084.207092307686, 6336.566338461537], [27099.587107692303, 6321.186323076922], [27114.967123076916, 6305.806307692306], [27130.347138461533, 6290.426292307691], [27130.347138461533, 6259.66626153846], [27145.72715384615, 6244.286246153845], [27161.107169230763, 6228.906230769229], [27176.48718461538, 6213.526215384614], [27191.867199999993, 6198.146199999998], [27191.867199999993, 6167.386169230768], [27207.24721538461, 6152.006153846152], [27222.627230769227, 6136.626138461537], [27222.627230769227, 6105.866107692306], [27222.627230769227, 6075.106076923075], [27238.00724615384, 6059.72606153846], [27253.387261538457, 6044.346046153845], [27253.387261538457, 6013.586015384614], [27253.387261538457, 5982.825984615383], [27253.387261538457, 5952.065953846152], [27253.387261538457, 5921.305923076922], [27253.387261538457, 5890.545892307691], [27253.387261538457, 5859.78586153846], [27268.76727692307, 5844.405846153845], [27284.147292307687, 5829.025830769229], [27284.147292307687, 5798.265799999999], [27284.147292307687, 5767.505769230768], [27284.147292307687, 5736.745738461537], [27284.147292307687, 5705.985707692306], [27299.527307692304, 5690.605692307691], [27314.907323076917, 5675.225676923076], [27314.907323076917, 5644.465646153845], [27314.907323076917, 5613.705615384614], [27314.907323076917, 5582.945584615383], [27314.907323076917, 5552.185553846152], [27314.907323076917, 5521.425523076922], [27314.907323076917, 5490.665492307691], [27314.907323076917, 5459.90546153846], [27314.907323076917, 5429.145430769229], [27314.907323076917, 5398.385399999999], [27314.907323076917, 5367.625369230768], [27299.527307692304, 5352.245353846153], [27284.147292307687, 5336.865338461537], [27299.527307692304, 5321.485323076922], [27314.907323076917, 5306.105307692306], [27330.287338461534, 5290.725292307691], [27361.047369230764, 5290.725292307691], [27391.807399999994, 5290.725292307691], [27407.18741538461, 5275.345276923076], [27422.567430769224, 5259.96526153846], [27453.327461538454, 5259.96526153846], [27484.087492307688, 5259.96526153846], [27499.4675076923, 5244.585246153845], [27514.847523076918, 5229.205230769229], [27545.60755384615, 5229.205230769229], [27560.987569230765, 5213.825215384614], [27576.36758461538, 5198.445199999999], [27591.747599999995, 5183.065184615383], [27607.12761538461, 5167.685169230768], [27637.887646153842, 5167.685169230768], [27653.267661538455, 5152.305153846153], [27668.647676923072, 5136.925138461537], [27684.027692307685, 5121.545123076922], [27699.407707692302, 5106.165107692306], [27714.78772307692, 5090.785092307691], [27730.167738461532, 5075.405076923076], [27745.54775384615, 5060.02506153846], [27760.927769230762, 5044.645046153845], [27776.30778461538, 5029.26503076923], [27791.687799999996, 5013.885015384614], [27822.447830769226, 5013.885015384614], [27853.207861538456, 5013.885015384614], [27883.967892307686, 5013.885015384614], [27914.727923076916, 5013.885015384614], [27945.48795384615, 5013.885015384614], [27976.24798461538, 5013.885015384614], [27991.627999999993, 4998.504999999999], [28007.00801538461, 4983.124984615383], [28037.76804615384, 4983.124984615383], [28068.52807692307, 4983.124984615383], [28083.908092307687, 4967.744969230768], [28099.2881076923, 4952.364953846153], [28130.048138461534, 4952.364953846153], [28160.808169230764, 4952.364953846153], [28176.188184615377, 4936.984938461537], [28191.568199999994, 4921.604923076922], [28206.94821538461, 4936.984938461537], [28222.328230769224, 4952.364953846153], [28237.70824615384, 4967.744969230768], [28237.70824615384, 4998.504999999999], [28253.088261538454, 5013.885015384614], [28268.46827692307, 5029.26503076923], [28283.848292307688, 5044.645046153845], [28299.2283076923, 5060.02506153846], [28314.608323076918, 5075.405076923076], [28329.98833846153, 5090.785092307691], [28345.36835384615, 5106.165107692306], [28360.748369230765, 5121.545123076922], [28376.12838461538, 5136.925138461537], [28391.508399999995, 5152.305153846153], [28391.508399999995, 5183.065184615383], [28406.88841538461, 5198.445199999999], [28422.268430769225, 5213.825215384614], [28422.268430769225, 5244.585246153845], [28437.648446153842, 5259.96526153846], [28453.028461538455, 5275.345276923076], [28453.028461538455, 5306.105307692306], [28468.408476923072, 5321.485323076922], [28483.788492307685, 5336.865338461537], [28483.788492307685, 5367.625369230768], [28499.168507692302, 5383.005384615383], [28514.54852307692, 5398.385399999999], [28529.928538461532, 5413.765415384614], [28545.30855384615, 5429.145430769229], [28545.30855384615, 5459.90546153846], [28560.688569230762, 5475.285476923076], [28576.06858461538, 5490.665492307691], [28591.448599999996, 5506.045507692306], [28606.82861538461, 5521.425523076922], [28622.208630769226, 5536.805538461537], [28637.58864615384, 5552.185553846152], [28652.968661538456, 5567.565569230768], [28668.34867692307, 5582.945584615383], [28683.728692307686, 5598.325599999999], [28699.108707692303, 5613.705615384614], [28714.488723076916, 5629.085630769229], [28729.868738461533, 5644.465646153845], [28745.248753846146, 5659.84566153846], [28760.628769230763, 5675.225676923076], [28776.00878461538, 5690.605692307691], [28791.388799999993, 5705.985707692306], [28806.76881538461, 5721.365723076922], [28837.52884615384, 5721.365723076922], [28852.908861538457, 5736.745738461537], [28868.28887692307, 5752.125753846152], [28883.668892307687, 5767.505769230768], [28899.0489076923, 5782.885784615383], [28929.808938461534, 5782.885784615383], [28945.188953846147, 5798.265799999999], [28960.568969230764, 5813.645815384614], [28991.328999999994, 5813.645815384614], [29022.089030769224, 5813.645815384614], [29037.46904615384, 5829.025830769229], [29052.849061538454, 5844.405846153845], [29083.609092307688, 5844.405846153845], [29114.36912307692, 5844.405846153845], [29145.12915384615, 5844.405846153845], [29160.509169230765, 5859.78586153846], [29175.88918461538, 5875.165876923075], [29206.64921538461, 5875.165876923075], [29237.409246153842, 5875.165876923075], [29268.169276923072, 5875.165876923075], [29298.929307692302, 5875.165876923075], [29314.309323076915, 5890.545892307691], [29329.689338461532, 5905.925907692306], [29360.449369230762, 5905.925907692306], [29391.209399999992, 5905.925907692306], [29406.58941538461, 5921.305923076922], [29421.969430769226, 5936.685938461537], [29452.729461538456, 5936.685938461537], [29483.489492307686, 5936.685938461537], [29498.869507692303, 5952.065953846152], [29498.869507692303, 5982.825984615383], [29498.869507692303, 6013.586015384614], [29498.869507692303, 6044.346046153845], [29498.869507692303, 6075.106076923075], [29514.249523076916, 6090.486092307691], [29529.629538461533, 6105.866107692306], [29529.629538461533, 6136.626138461537], [29529.629538461533, 6167.386169230768], [29545.009553846146, 6182.766184615383], [29560.389569230763, 6198.146199999998], [29560.389569230763, 6228.906230769229], [29560.389569230763, 6259.66626153846], [29575.76958461538, 6275.046276923075], [29591.149599999993, 6290.426292307691], [29591.149599999993, 6321.186323076922], [29606.52961538461, 6336.566338461537], [29621.909630769223, 6351.946353846152], [29637.28964615384, 6367.326369230768], [29652.669661538457, 6382.706384615383], [29652.669661538457, 6413.466415384614], [29668.04967692307, 6428.846430769229], [29683.429692307687, 6444.226446153845], [29698.8097076923, 6459.60646153846], [29714.189723076917, 6474.986476923075], [29729.569738461534, 6490.366492307691], [29744.949753846147, 6505.746507692306], [29760.329769230764, 6521.126523076921], [29775.709784615377, 6536.506538461537], [29791.089799999994, 6551.886553846152], [29806.46981538461, 6567.266569230768], [29806.46981538461, 6598.026599999998], [29806.46981538461, 6628.786630769229], [29806.46981538461, 6659.54666153846], [29806.46981538461, 6690.306692307691], [29806.46981538461, 6721.066723076921], [29821.849830769224, 6736.446738461537], [29837.22984615384, 6751.826753846152], [29837.22984615384, 6782.586784615383], [29837.22984615384, 6813.346815384614], [29852.609861538454, 6828.726830769229], [29867.98987692307, 6844.106846153844], [29867.98987692307, 6874.866876923075], [29883.369892307688, 6890.246892307691], [29898.7499076923, 6905.626907692306], [29914.12992307692, 6921.006923076921], [29929.50993846153, 6936.386938461537], [29929.50993846153, 6967.146969230768], [29944.88995384615, 6982.526984615383], [29960.26996923076, 6997.906999999998], [29975.64998461538, 7013.287015384614], [29991.029999999995, 7028.667030769229], [30006.41001538461, 7044.047046153844], [30021.790030769225, 7059.42706153846], [30006.41001538461, 7074.807076923075], [29991.029999999995, 7090.187092307691], [29991.029999999995, 7120.947123076921], [29975.64998461538, 7136.327138461537], [29960.26996923076, 7151.707153846152], [29960.26996923076, 7182.467184615383], [29944.88995384615, 7197.847199999998], [29929.50993846153, 7213.227215384614], [29929.50993846153, 7243.987246153844], [29929.50993846153, 7274.747276923075], [29914.12992307692, 7290.127292307691], [29898.7499076923, 7305.507307692306], [29898.7499076923, 7336.267338461537], [29898.7499076923, 7367.027369230767], [29898.7499076923, 7397.787399999998], [29898.7499076923, 7428.547430769229], [29898.7499076923, 7459.30746153846], [29898.7499076923, 7490.06749230769], [29898.7499076923, 7520.827523076921], [29898.7499076923, 7551.587553846152], [29883.369892307688, 7566.967569230767], [29867.98987692307, 7582.347584615383], [29852.609861538454, 7597.727599999998], [29837.22984615384, 7613.107615384614], [29821.849830769224, 7628.487630769229], [29806.46981538461, 7643.867646153844], [29791.089799999994, 7659.24766153846], [29775.709784615377, 7674.627676923075], [29760.329769230764, 7690.00769230769], [29744.949753846147, 7705.387707692306], [29729.569738461534, 7720.767723076921], [29714.189723076917, 7736.147738461537], [29698.8097076923, 7751.527753846152], [29683.429692307687, 7766.907769230767], [29668.04967692307, 7782.287784615383], [29652.669661538457, 7797.667799999998], [29652.669661538457, 7828.427830769229], [29637.28964615384, 7843.807846153844], [29621.909630769223, 7859.18786153846], [29606.52961538461, 7874.567876923075], [29591.149599999993, 7889.94789230769], [29591.149599999993, 7920.707923076921], [29575.76958461538, 7936.087938461537], [29560.389569230763, 7951.467953846152], [29560.389569230763, 7982.227984615383], [29545.009553846146, 7997.607999999998], [29529.629538461533, 8012.988015384613], [29514.249523076916, 8028.368030769229], [29498.869507692303, 8043.748046153844], [29498.869507692303, 8074.508076923075], [29483.489492307686, 8089.88809230769], [29468.10947692307, 8105.268107692306], [29452.729461538456, 8120.648123076921], [29437.34944615384, 8136.028138461536], [29437.34944615384, 8166.788169230767], [29421.969430769226, 8182.168184615383], [29406.58941538461, 8197.548199999997], [29406.58941538461, 8228.30823076923], [29406.58941538461, 8259.06826153846], [29391.209399999992, 8274.448276923074], [29375.82938461538, 8289.828292307691], [29375.82938461538, 8320.588323076921], [29375.82938461538, 8351.348353846151], [29375.82938461538, 8382.108384615383], [29375.82938461538, 8412.868415384613], [29360.449369230762, 8428.248430769228], [29345.06935384615, 8443.628446153845], [29345.06935384615, 8474.388476923075], [29345.06935384615, 8505.148507692305], [29345.06935384615, 8535.908538461537], [29345.06935384615, 8566.668569230767], [29345.06935384615, 8597.428599999997], [29345.06935384615, 8628.18863076923], [29345.06935384615, 8658.94866153846], [29345.06935384615, 8689.708692307691], [29345.06935384615, 8720.468723076921], [29345.06935384615, 8751.228753846151], [29360.449369230762, 8766.608769230768], [29375.82938461538, 8781.988784615383], [29375.82938461538, 8812.748815384613], [29375.82938461538, 8843.508846153843], [29375.82938461538, 8874.268876923075], [29375.82938461538, 8905.028907692305], [29375.82938461538, 8935.788938461537], [29375.82938461538, 8966.548969230767], [29375.82938461538, 8997.308999999997], [29375.82938461538, 9028.06903076923], [29375.82938461538, 9058.82906153846], [29375.82938461538, 9089.589092307691], [29375.82938461538, 9120.349123076921], [29360.449369230762, 9135.729138461536], [29345.06935384615, 9151.109153846151], [29345.06935384615, 9181.869184615383], [29345.06935384615, 9212.629215384613], [29345.06935384615, 9243.389246153843], [29345.06935384615, 9274.149276923075], [29345.06935384615, 9304.909307692305], [29345.06935384615, 9335.669338461537], [29345.06935384615, 9366.429369230767], [29345.06935384615, 9397.189399999997], [29345.06935384615, 9427.94943076923], [29345.06935384615, 9458.70946153846], [29345.06935384615, 9489.46949230769], [29345.06935384615, 9520.229523076921], [29360.449369230762, 9535.609538461536], [29375.82938461538, 9550.989553846151], [29375.82938461538, 9581.749584615383], [29375.82938461538, 9612.509615384613], [29391.209399999992, 9627.889630769228], [29406.58941538461, 9643.269646153843], [29406.58941538461, 9674.029676923075], [29421.969430769226, 9689.40969230769], [29437.34944615384, 9704.789707692305], [29452.729461538456, 9720.16972307692], [29468.10947692307, 9735.549738461537], [29468.10947692307, 9766.309769230767], [29483.489492307686, 9781.689784615382], [29498.869507692303, 9797.069799999997], [29514.249523076916, 9812.449815384613], [29529.629538461533, 9827.82983076923], [29545.009553846146, 9843.209846153844], [29560.389569230763, 9858.58986153846], [29560.389569230763, 9889.34989230769], [29575.76958461538, 9904.729907692306], [29591.149599999993, 9920.109923076921], [29606.52961538461, 9935.489938461536], [29621.909630769223, 9950.869953846151], [29621.909630769223, 9981.629984615383], [29621.909630769223, 10012.390015384613], [29621.909630769223, 10043.150046153844], [29621.909630769223, 10073.910076923075], [29621.909630769223, 10104.670107692305], [29637.28964615384, 10120.05012307692], [29652.669661538457, 10135.430138461536], [29652.669661538457, 10166.190169230767], [29652.669661538457, 10196.950199999997], [29652.669661538457, 10227.71023076923], [29668.04967692307, 10243.090246153844], [29683.429692307687, 10258.47026153846], [29683.429692307687, 10289.23029230769], [29683.429692307687, 10319.990323076921], [29683.429692307687, 10350.750353846151], [29683.429692307687, 10381.510384615383], [29683.429692307687, 10412.270415384613], [29698.8097076923, 10427.650430769228], [29729.569738461534, 10427.650430769228], [29744.949753846147, 10412.270415384613], [29760.329769230764, 10396.890399999998], [29791.089799999994, 10396.890399999998], [29806.46981538461, 10412.270415384613], [29806.46981538461, 10443.030446153844], [29806.46981538461, 10473.790476923075], [29806.46981538461, 10504.550507692305], [29806.46981538461, 10535.310538461536], [29806.46981538461, 10566.070569230767], [29806.46981538461, 10596.830599999998], [29791.089799999994, 10612.210615384613], [29775.709784615377, 10627.59063076923], [29775.709784615377, 10658.35066153846], [29775.709784615377, 10689.11069230769], [29775.709784615377, 10719.870723076921], [29775.709784615377, 10750.630753846151], [29775.709784615377, 10781.390784615382], [29775.709784615377, 10812.150815384613], [29775.709784615377, 10842.910846153844], [29775.709784615377, 10873.670876923075], [29775.709784615377, 10904.430907692305], [29775.709784615377, 10935.190938461536], [29775.709784615377, 10965.950969230767], [29775.709784615377, 10996.710999999998], [29775.709784615377, 11027.47103076923], [29775.709784615377, 11058.23106153846], [29775.709784615377, 11088.99109230769], [29775.709784615377, 11119.751123076921], [29775.709784615377, 11150.511153846152], [29760.329769230764, 11165.891169230767], [29744.949753846147, 11181.271184615382], [29744.949753846147, 11212.031215384613], [29729.569738461534, 11227.411230769228], [29698.8097076923, 11227.411230769228], [29683.429692307687, 11242.791246153844], [29668.04967692307, 11258.171261538459], [29652.669661538457, 11273.551276923075], [29637.28964615384, 11288.93129230769], [29621.909630769223, 11304.311307692305], [29606.52961538461, 11319.69132307692], [29591.149599999993, 11335.071338461536], [29591.149599999993, 11365.831369230767], [29575.76958461538, 11381.211384615382], [29560.389569230763, 11396.591399999998], [29560.389569230763, 11427.351430769228], [29560.389569230763, 11458.11146153846], [29560.389569230763, 11488.87149230769], [29560.389569230763, 11519.631523076921], [29560.389569230763, 11550.391553846152], [29560.389569230763, 11581.151584615382], [29560.389569230763, 11611.911615384613], [29575.76958461538, 11627.291630769229], [29591.149599999993, 11642.671646153844], [29606.52961538461, 11658.051661538459], [29621.909630769223, 11673.431676923075], [29637.28964615384, 11688.81169230769], [29652.669661538457, 11704.191707692305], [29652.669661538457, 11734.951738461536], [29668.04967692307, 11750.33175384615], [29683.429692307687, 11765.711769230767], [29668.04967692307, 11781.091784615382], [29652.669661538457, 11796.471799999998], [29652.669661538457, 11827.231830769228], [29637.28964615384, 11842.611846153844], [29621.909630769223, 11857.99186153846], [29606.52961538461, 11873.371876923075], [29591.149599999993, 11888.75189230769], [29575.76958461538, 11904.131907692305], [29560.389569230763, 11919.511923076921], [29560.389569230763, 11950.271953846152], [29545.009553846146, 11965.651969230767], [29529.629538461533, 11981.031984615382], [29514.249523076916, 11996.411999999998], [29498.869507692303, 12011.792015384613], [29483.489492307686, 12027.172030769229], [29468.10947692307, 12042.552046153844], [29452.729461538456, 12057.932061538459], [29437.34944615384, 12073.312076923074], [29421.969430769226, 12088.69209230769], [29406.58941538461, 12104.072107692306], [29391.209399999992, 12119.45212307692], [29375.82938461538, 12134.832138461536], [29375.82938461538, 12165.592169230767], [29360.449369230762, 12180.972184615383], [29345.06935384615, 12196.352199999998], [29345.06935384615, 12227.112230769228], [29345.06935384615, 12257.87226153846], [29360.449369230762, 12273.252276923075], [29375.82938461538, 12288.63229230769], [29391.209399999992, 12304.012307692305], [29406.58941538461, 12319.392323076921], [29406.58941538461, 12350.152353846152], [29421.969430769226, 12365.532369230767], [29437.34944615384, 12380.912384615382], [29452.729461538456, 12396.292399999997], [29468.10947692307, 12411.672415384613], [29483.489492307686, 12427.052430769229], [29498.869507692303, 12442.432446153844], [29514.249523076916, 12457.812461538459], [29529.629538461533, 12473.192476923074], [29545.009553846146, 12488.57249230769], [29560.389569230763, 12503.952507692306], [29575.76958461538, 12519.33252307692], [29591.149599999993, 12534.712538461536], [29606.52961538461, 12550.09255384615], [29637.28964615384, 12550.09255384615], [29652.669661538457, 12565.472569230767], [29668.04967692307, 12580.852584615383], [29683.429692307687, 12596.232599999998], [29698.8097076923, 12611.612615384613], [29729.569738461534, 12611.612615384613], [29744.949753846147, 12626.992630769228], [29760.329769230764, 12642.372646153844], [29791.089799999994, 12642.372646153844], [29806.46981538461, 12657.75266153846], [29821.849830769224, 12673.132676923075], [29852.609861538454, 12673.132676923075], [29883.369892307688, 12673.132676923075], [29898.7499076923, 12688.51269230769], [29914.12992307692, 12703.892707692305], [29944.88995384615, 12703.892707692305], [29975.64998461538, 12703.892707692305], [30006.41001538461, 12703.892707692305], [30037.17004615384, 12703.892707692305], [30067.930076923072, 12703.892707692305], [30098.690107692302, 12703.892707692305], [30129.450138461532, 12703.892707692305], [30160.210169230762, 12703.892707692305], [30190.970199999992, 12703.892707692305], [30221.730230769226, 12703.892707692305], [30252.490261538456, 12703.892707692305], [30267.87027692307, 12688.51269230769], [30283.250292307686, 12673.132676923075], [30314.010323076916, 12673.132676923075], [30344.770353846146, 12673.132676923075], [30360.150369230763, 12657.75266153846], [30375.53038461538, 12642.372646153844], [30390.910399999993, 12626.992630769228], [30390.910399999993, 12596.232599999998], [30390.910399999993, 12565.472569230767], [30390.910399999993, 12534.712538461536], [30375.53038461538, 12519.33252307692], [30360.150369230763, 12503.952507692306], [30360.150369230763, 12473.192476923074], [30360.150369230763, 12442.432446153844], [30344.770353846146, 12427.052430769229], [30329.390338461533, 12411.672415384613], [30329.390338461533, 12380.912384615382], [30329.390338461533, 12350.152353846152], [30344.770353846146, 12334.772338461536], [30360.150369230763, 12319.392323076921], [30375.53038461538, 12304.012307692305], [30390.910399999993, 12288.63229230769], [30390.910399999993, 12257.87226153846], [30406.29041538461, 12242.492246153844], [30421.670430769223, 12227.112230769228], [30437.05044615384, 12211.732215384613], [30452.430461538457, 12196.352199999998], [30452.430461538457, 12165.592169230767], [30467.81047692307, 12150.21215384615], [30483.190492307687, 12134.832138461536], [30483.190492307687, 12104.072107692306], [30498.5705076923, 12088.69209230769], [30513.950523076917, 12073.312076923074], [30513.950523076917, 12042.552046153844], [30513.950523076917, 12011.792015384613], [30529.330538461534, 11996.411999999998], [30544.710553846147, 11981.031984615382], [30544.710553846147, 11950.271953846152], [30544.710553846147, 11919.511923076921], [30560.090569230764, 11904.131907692305], [30575.470584615377, 11888.75189230769], [30575.470584615377, 11857.99186153846], [30575.470584615377, 11827.231830769228], [30575.470584615377, 11796.471799999998], [30575.470584615377, 11765.711769230767], [30575.470584615377, 11734.951738461536], [30575.470584615377, 11704.191707692305], [30590.850599999994, 11688.81169230769], [30606.230615384608, 11673.431676923075], [30606.230615384608, 11642.671646153844], [30606.230615384608, 11611.911615384613], [30606.230615384608, 11581.151584615382], [30606.230615384608, 11550.391553846152], [30621.610630769224, 11535.011538461536], [30636.99064615384, 11519.631523076921], [30636.99064615384, 11488.87149230769], [30652.370661538454, 11473.491476923075], [30667.75067692307, 11458.11146153846], [30667.75067692307, 11427.351430769228], [30683.130692307685, 11411.971415384613], [30698.5107076923, 11396.591399999998], [30698.5107076923, 11365.831369230767], [30713.89072307692, 11350.451353846152], [30729.27073846153, 11335.071338461536], [30729.27073846153, 11304.311307692305], [30744.65075384615, 11288.93129230769], [30760.03076923076, 11273.551276923075], [30760.03076923076, 11242.791246153844], [30760.03076923076, 11212.031215384613], [30775.41078461538, 11196.651199999998], [30790.790799999995, 11181.271184615382], [30790.790799999995, 11150.511153846152], [30790.790799999995, 11119.751123076921], [30790.790799999995, 11088.99109230769], [30806.17081538461, 11073.611076923075], [30821.550830769225, 11058.23106153846], [30821.550830769225, 11027.47103076923], [30821.550830769225, 10996.710999999998], [30821.550830769225, 10965.950969230767], [30836.93084615384, 10950.570953846152], [30852.310861538455, 10935.190938461536], [30852.310861538455, 10904.430907692305], [30852.310861538455, 10873.670876923075], [30852.310861538455, 10842.910846153844], [30867.690876923072, 10827.530830769228], [30883.070892307685, 10812.150815384613], [30883.070892307685, 10781.390784615382], [30898.450907692302, 10766.010769230767], [30913.830923076915, 10750.630753846151], [30913.830923076915, 10719.870723076921], [30929.210938461532, 10704.490707692306], [30944.59095384615, 10689.11069230769], [30944.59095384615, 10658.35066153846], [30959.970969230762, 10642.970646153844], [30975.35098461538, 10627.59063076923], [30975.35098461538, 10596.830599999998], [30975.35098461538, 10566.070569230767], [30990.730999999992, 10550.690553846152], [31006.11101538461, 10535.310538461536], [31006.11101538461, 10504.550507692305], [31006.11101538461, 10473.790476923075], [31021.491030769226, 10458.410461538459], [31036.87104615384, 10443.030446153844], [31036.87104615384, 10412.270415384613], [31036.87104615384, 10381.510384615383], [31052.251061538456, 10366.130369230767], [31067.63107692307, 10350.750353846151], [31067.63107692307, 10319.990323076921], [31083.011092307686, 10304.610307692306], [31098.391107692303, 10289.23029230769], [31098.391107692303, 10258.47026153846], [31113.771123076916, 10243.090246153844], [31129.151138461533, 10227.71023076923], [31129.151138461533, 10196.950199999997], [31144.531153846146, 10181.570184615382], [31159.911169230763, 10166.190169230767], [31159.911169230763, 10135.430138461536], [31159.911169230763, 10104.670107692305], [31159.911169230763, 10073.910076923075], [31175.29118461538, 10058.53006153846], [31190.671199999993, 10043.150046153844], [31190.671199999993, 10012.390015384613], [31190.671199999993, 9981.629984615383], [31190.671199999993, 9950.869953846151], [31190.671199999993, 9920.109923076921], [31206.05121538461, 9904.729907692306], [31221.431230769223, 9889.34989230769], [31221.431230769223, 9858.58986153846], [31221.431230769223, 9827.82983076923], [31221.431230769223, 9797.069799999997], [31221.431230769223, 9766.309769230767], [31221.431230769223, 9735.549738461537], [31221.431230769223, 9704.789707692305], [31221.431230769223, 9674.029676923075], [31221.431230769223, 9643.269646153843], [31221.431230769223, 9612.509615384613], [31221.431230769223, 9581.749584615383], [31236.81124615384, 9566.369569230767], [31252.191261538454, 9550.989553846151], [31252.191261538454, 9520.229523076921], [31252.191261538454, 9489.46949230769], [31252.191261538454, 9458.70946153846], [31252.191261538454, 9427.94943076923], [31252.191261538454, 9397.189399999997], [31252.191261538454, 9366.429369230767], [31252.191261538454, 9335.669338461537], [31252.191261538454, 9304.909307692305], [31252.191261538454, 9274.149276923075], [31252.191261538454, 9243.389246153843], [31236.81124615384, 9228.009230769228], [31221.431230769223, 9212.629215384613], [31221.431230769223, 9181.869184615383], [31221.431230769223, 9151.109153846151], [31221.431230769223, 9120.349123076921], [31221.431230769223, 9089.589092307691], [31236.81124615384, 9074.209076923074], [31252.191261538454, 9058.82906153846], [31252.191261538454, 9028.06903076923], [31252.191261538454, 8997.308999999997], [31252.191261538454, 8966.548969230767], [31252.191261538454, 8935.788938461537], [31267.57127692307, 8920.40892307692], [31282.951292307687, 8905.028907692305], [31282.951292307687, 8874.268876923075], [31282.951292307687, 8843.508846153843], [31282.951292307687, 8812.748815384613], [31282.951292307687, 8781.988784615383], [31282.951292307687, 8751.228753846151], [31298.3313076923, 8735.848738461536], [31313.711323076917, 8720.468723076921], [31313.711323076917, 8689.708692307691], [31313.711323076917, 8658.94866153846], [31313.711323076917, 8628.18863076923], [31329.09133846153, 8612.808615384614], [31344.471353846147, 8597.428599999997], [31344.471353846147, 8566.668569230767], [31344.471353846147, 8535.908538461537], [31344.471353846147, 8505.148507692305], [31344.471353846147, 8474.388476923075], [31344.471353846147, 8443.628446153845], [31344.471353846147, 8412.868415384613], [31359.851369230764, 8397.488399999998], [31375.231384615377, 8382.108384615383], [31375.231384615377, 8351.348353846151], [31375.231384615377, 8320.588323076921], [31375.231384615377, 8289.828292307691], [31375.231384615377, 8259.06826153846], [31390.611399999994, 8243.688246153844], [31405.991415384608, 8228.30823076923], [31405.991415384608, 8197.548199999997], [31405.991415384608, 8166.788169230767], [31405.991415384608, 8136.028138461536], [31405.991415384608, 8105.268107692306], [31405.991415384608, 8074.508076923075], [31405.991415384608, 8043.748046153844], [31405.991415384608, 8012.988015384613], [31405.991415384608, 7982.227984615383], [31405.991415384608, 7951.467953846152], [31405.991415384608, 7920.707923076921], [31405.991415384608, 7889.94789230769], [31421.371430769224, 7874.567876923075], [31436.75144615384, 7859.18786153846], [31436.75144615384, 7828.427830769229], [31436.75144615384, 7797.667799999998], [31436.75144615384, 7766.907769230767], [31436.75144615384, 7736.147738461537], [31436.75144615384, 7705.387707692306], [31436.75144615384, 7674.627676923075], [31436.75144615384, 7643.867646153844], [31436.75144615384, 7613.107615384614], [31421.371430769224, 7597.727599999998], [31405.991415384608, 7582.347584615383], [31405.991415384608, 7551.587553846152], [31405.991415384608, 7520.827523076921], [31405.991415384608, 7490.06749230769], [31405.991415384608, 7459.30746153846], [31405.991415384608, 7428.547430769229], [31405.991415384608, 7397.787399999998], [31405.991415384608, 7367.027369230767], [31405.991415384608, 7336.267338461537], [31405.991415384608, 7305.507307692306], [31405.991415384608, 7274.747276923075], [31390.611399999994, 7259.36726153846], [31375.231384615377, 7243.987246153844], [31375.231384615377, 7213.227215384614], [31375.231384615377, 7182.467184615383], [31375.231384615377, 7151.707153846152], [31375.231384615377, 7120.947123076921], [31375.231384615377, 7090.187092307691], [31375.231384615377, 7059.42706153846], [31375.231384615377, 7028.667030769229], [31359.851369230764, 7013.287015384614], [31344.471353846147, 6997.906999999998], [31344.471353846147, 6967.146969230768], [31344.471353846147, 6936.386938461537], [31344.471353846147, 6905.626907692306], [31329.09133846153, 6890.246892307691], [31313.711323076917, 6874.866876923075], [31313.711323076917, 6844.106846153844], [31313.711323076917, 6813.346815384614], [31313.711323076917, 6782.586784615383], [31313.711323076917, 6751.826753846152], [31313.711323076917, 6721.066723076921], [31313.711323076917, 6690.306692307691], [31313.711323076917, 6659.54666153846], [31313.711323076917, 6628.786630769229], [31313.711323076917, 6598.026599999998], [31313.711323076917, 6567.266569230768], [31313.711323076917, 6536.506538461537], [31313.711323076917, 6505.746507692306], [31313.711323076917, 6474.986476923075], [31313.711323076917, 6444.226446153845], [31313.711323076917, 6413.466415384614], [31313.711323076917, 6382.706384615383], [31313.711323076917, 6351.946353846152], [31313.711323076917, 6321.186323076922], [31313.711323076917, 6290.426292307691], [31298.3313076923, 6275.046276923075], [31282.951292307687, 6259.66626153846], [31282.951292307687, 6228.906230769229], [31282.951292307687, 6198.146199999998], [31267.57127692307, 6182.766184615383], [31252.191261538454, 6167.386169230768], [31252.191261538454, 6136.626138461537], [31252.191261538454, 6105.866107692306], [31236.81124615384, 6090.486092307691], [31221.431230769223, 6075.106076923075], [31221.431230769223, 6044.346046153845], [31206.05121538461, 6028.966030769229], [31190.671199999993, 6013.586015384614], [31190.671199999993, 5982.825984615383], [31190.671199999993, 5952.065953846152], [31175.29118461538, 5936.685938461537], [31159.911169230763, 5921.305923076922], [31159.911169230763, 5890.545892307691], [31144.531153846146, 5875.165876923075], [31129.151138461533, 5859.78586153846], [31113.771123076916, 5844.405846153845], [31098.391107692303, 5829.025830769229], [31098.391107692303, 5798.265799999999], [31083.011092307686, 5782.885784615383], [31067.63107692307, 5767.505769230768], [31067.63107692307, 5736.745738461537], [31067.63107692307, 5705.985707692306], [31083.011092307686, 5690.605692307691], [31098.391107692303, 5675.225676923076], [31098.391107692303, 5644.465646153845], [31098.391107692303, 5613.705615384614], [31098.391107692303, 5582.945584615383], [31083.011092307686, 5567.565569230768], [31067.63107692307, 5552.185553846152], [31052.251061538456, 5536.805538461537], [31036.87104615384, 5521.425523076922], [31021.491030769226, 5506.045507692306], [31006.11101538461, 5490.665492307691], [30990.730999999992, 5475.285476923076], [30975.35098461538, 5459.90546153846], [30959.970969230762, 5444.525446153845], [30929.210938461532, 5444.525446153845], [30898.450907692302, 5444.525446153845], [30867.690876923072, 5444.525446153845], [30852.310861538455, 5429.145430769229], [30836.93084615384, 5413.765415384614], [30806.17081538461, 5413.765415384614], [30775.41078461538, 5413.765415384614], [30760.03076923076, 5398.385399999999], [30760.03076923076, 5367.625369230768], [30760.03076923076, 5336.865338461537], [30744.65075384615, 5321.485323076922], [30729.27073846153, 5306.105307692306], [30729.27073846153, 5275.345276923076], [30729.27073846153, 5244.585246153845], [30729.27073846153, 5213.825215384614], [30713.89072307692, 5198.445199999999], [30698.5107076923, 5183.065184615383], [30698.5107076923, 5152.305153846153], [30683.130692307685, 5136.925138461537], [30667.75067692307, 5121.545123076922], [30652.370661538454, 5106.165107692306], [30636.99064615384, 5090.785092307691], [30621.610630769224, 5075.405076923076], [30606.230615384608, 5060.02506153846], [30590.850599999994, 5044.645046153845], [30575.470584615377, 5029.26503076923], [30560.090569230764, 5013.885015384614], [30544.710553846147, 4998.504999999999], [30529.330538461534, 4983.124984615383], [30513.950523076917, 4967.744969230768], [30498.5705076923, 4952.364953846153], [30483.190492307687, 4936.984938461537], [30467.81047692307, 4921.604923076922], [30452.430461538457, 4906.224907692306], [30437.05044615384, 4890.844892307691], [30421.670430769223, 4875.464876923076], [30406.29041538461, 4860.08486153846], [30390.910399999993, 4844.704846153845], [30375.53038461538, 4829.32483076923], [30360.150369230763, 4813.944815384614], [30344.770353846146, 4798.564799999999], [30329.390338461533, 4783.184784615383], [30314.010323076916, 4767.804769230768], [30298.630307692303, 4752.424753846153], [30298.630307692303, 4721.664723076922], [30283.250292307686, 4706.284707692307], [30267.87027692307, 4690.904692307691], [30252.490261538456, 4675.524676923076], [30237.11024615384, 4660.14466153846], [30237.11024615384, 4629.38463076923], [30221.730230769226, 4614.004615384614], [30206.35021538461, 4598.624599999999], [30190.970199999992, 4583.244584615383], [30175.59018461538, 4567.864569230768], [30160.210169230762, 4552.484553846153], [30144.83015384615, 4537.104538461537], [30129.450138461532, 4521.724523076922], [30098.690107692302, 4521.724523076922], [30083.310092307685, 4506.344507692307], [30067.930076923072, 4490.964492307691], [30037.17004615384, 4490.964492307691], [30021.790030769225, 4475.584476923076], [30006.41001538461, 4460.20446153846], [29975.64998461538, 4460.20446153846], [29960.26996923076, 4444.824446153845], [29944.88995384615, 4429.44443076923], [29929.50993846153, 4414.064415384614], [29914.12992307692, 4398.684399999999], [29898.7499076923, 4383.304384615384], [29883.369892307688, 4367.924369230768], [29867.98987692307, 4352.544353846153], [29852.609861538454, 4337.164338461537], [29837.22984615384, 4321.784323076922], [29821.849830769224, 4306.404307692307], [29806.46981538461, 4291.024292307691], [29791.089799999994, 4275.644276923076], [29760.329769230764, 4275.644276923076], [29744.949753846147, 4260.26426153846], [29729.569738461534, 4244.884246153845], [29714.189723076917, 4229.50423076923], [29698.8097076923, 4214.124215384614], [29683.429692307687, 4198.744199999999], [29668.04967692307, 4183.364184615384], [29652.669661538457, 4167.984169230768], [29637.28964615384, 4152.604153846153], [29621.909630769223, 4137.224138461537], [29606.52961538461, 4121.844123076922], [29575.76958461538, 4121.844123076922], [29560.389569230763, 4106.464107692307], [29545.009553846146, 4091.0840923076917], [29529.629538461533, 4075.704076923076], [29514.249523076916, 4060.3240615384607], [29498.869507692303, 4044.944046153845], [29483.489492307686, 4029.56403076923], [29452.729461538456, 4029.56403076923], [29437.34944615384, 4014.1840153846147], [29421.969430769226, 3998.803999999999], [29391.209399999992, 3998.803999999999], [29375.82938461538, 3983.4239846153837], [29360.449369230762, 3968.0439692307687], [29329.689338461532, 3968.0439692307687], [29314.309323076915, 3952.663953846153], [29298.929307692302, 3937.2839384615377], [29268.169276923072, 3937.2839384615377], [29252.789261538455, 3921.903923076922], [29237.409246153842, 3906.5239076923067], [29206.64921538461, 3906.5239076923067], [29191.269199999995, 3891.1438923076917], [29175.88918461538, 3875.763876923076], [29160.509169230765, 3860.3838615384607], [29145.12915384615, 3845.003846153845], [29114.36912307692, 3845.003846153845], [29083.609092307688, 3845.003846153845], [29068.22907692307, 3829.62383076923], [29052.849061538454, 3814.2438153846147], [29022.089030769224, 3814.2438153846147], [28991.328999999994, 3814.2438153846147], [28960.568969230764, 3814.2438153846147], [28929.808938461534, 3814.2438153846147], [28899.0489076923, 3814.2438153846147], [28883.668892307687, 3798.863799999999], [28868.28887692307, 3783.4837846153837], [28837.52884615384, 3783.4837846153837], [28806.76881538461, 3783.4837846153837], [28776.00878461538, 3783.4837846153837], [28760.628769230763, 3768.1037692307686], [28745.248753846146, 3752.723753846153], [28714.488723076916, 3752.723753846153], [28683.728692307686, 3752.723753846153], [28652.968661538456, 3752.723753846153], [28637.58864615384, 3737.3437384615377], [28622.208630769226, 3721.963723076922], [28591.448599999996, 3721.963723076922], [28560.688569230762, 3721.963723076922], [28529.928538461532, 3721.963723076922], [28499.168507692302, 3721.963723076922], [28483.788492307685, 3737.3437384615377], [28468.408476923072, 3752.723753846153], [28453.028461538455, 3737.3437384615377], [28437.648446153842, 3721.963723076922], [28406.88841538461, 3721.963723076922], [28376.12838461538, 3721.963723076922], [28345.36835384615, 3721.963723076922], [28314.608323076918, 3721.963723076922], [28283.848292307688, 3721.963723076922], [28268.46827692307, 3706.583707692307], [28253.088261538454, 3691.2036923076917], [28222.328230769224, 3691.2036923076917], [28206.94821538461, 3675.823676923076], [28191.568199999994, 3660.4436615384607], [28160.808169230764, 3660.4436615384607], [28145.428153846147, 3645.0636461538456], [28130.048138461534, 3629.68363076923], [28099.2881076923, 3629.68363076923], [28068.52807692307, 3629.68363076923], [28037.76804615384, 3629.68363076923], [28022.388030769223, 3614.3036153846147], [28007.00801538461, 3598.923599999999], [27976.24798461538, 3598.923599999999], [27945.48795384615, 3598.923599999999], [27914.727923076916, 3598.923599999999], [27883.967892307686, 3598.923599999999], [27853.207861538456, 3598.923599999999], [27822.447830769226, 3598.923599999999], [27791.687799999996, 3598.923599999999], [27760.927769230762, 3598.923599999999], [27730.167738461532, 3598.923599999999], [27699.407707692302, 3598.923599999999], [27668.647676923072, 3598.923599999999], [27637.887646153842, 3598.923599999999], [27607.12761538461, 3598.923599999999], [27576.36758461538, 3598.923599999999], [27545.60755384615, 3598.923599999999], [27514.847523076918, 3598.923599999999], [27484.087492307688, 3598.923599999999], [27453.327461538454, 3598.923599999999], [27422.567430769224, 3598.923599999999], [27391.807399999994, 3598.923599999999], [27361.047369230764, 3598.923599999999], [27330.287338461534, 3598.923599999999], [27299.527307692304, 3598.923599999999], [27284.147292307687, 3614.3036153846147], [27268.76727692307, 3629.68363076923], [27238.00724615384, 3629.68363076923], [27207.24721538461, 3629.68363076923], [27191.867199999993, 3645.0636461538456], [27176.48718461538, 3660.4436615384607], [27145.72715384615, 3660.4436615384607], [27114.967123076916, 3660.4436615384607], [27099.587107692303, 3675.823676923076], [27084.207092307686, 3691.2036923076917], [27053.447061538456, 3691.2036923076917], [27038.06704615384, 3706.583707692307], [27022.687030769226, 3721.963723076922], [26991.926999999996, 3721.963723076922], [26976.54698461538, 3737.3437384615377], [26961.166969230762, 3752.723753846153], [26930.406938461532, 3752.723753846153], [26915.02692307692, 3768.1037692307686], [26899.646907692302, 3783.4837846153837], [26884.266892307685, 3798.863799999999], [26868.886876923072, 3814.2438153846147], [26838.126846153842, 3814.2438153846147], [26822.746830769225, 3829.62383076923], [26807.36681538461, 3845.003846153845], [26776.60678461538, 3845.003846153845], [26761.226769230765, 3860.3838615384607], [26745.84675384615, 3875.763876923076], [26730.46673846153, 3891.1438923076917], [26715.086723076918, 3906.5239076923067], [26699.7067076923, 3921.903923076922], [26684.326692307688, 3937.2839384615377], [26668.94667692307, 3952.663953846153], [26653.566661538458, 3968.0439692307687], [26638.18664615384, 3983.4239846153837], [26622.806630769224, 3998.803999999999], [26607.42661538461, 4014.1840153846147], [26592.046599999994, 4029.56403076923], [26576.66658461538, 4044.944046153845], [26561.286569230764, 4060.3240615384607], [26545.906553846147, 4075.704076923076], [26530.526538461534, 4091.0840923076917], [26515.146523076917, 4106.464107692307], [26499.766507692304, 4121.844123076922], [26469.00647692307, 4121.844123076922], [26453.626461538457, 4137.224138461537], [26438.24644615384, 4152.604153846153], [26422.866430769227, 4167.984169230768], [26407.48641538461, 4183.364184615384], [26376.72638461538, 4183.364184615384], [26361.346369230763, 4198.744199999999], [26345.96635384615, 4214.124215384614], [26330.586338461533, 4229.50423076923], [26315.206323076916, 4244.884246153845], [26299.826307692303, 4260.26426153846], [26284.446292307686, 4275.644276923076], [26269.066276923073, 4291.024292307691], [26253.686261538456, 4306.404307692307], [26222.926230769226, 4306.404307692307], [26192.166199999996, 4306.404307692307], [26161.406169230762, 4306.404307692307], [26146.02615384615, 4321.784323076922], [26130.646138461532, 4337.164338461537], [26099.886107692302, 4337.164338461537], [26069.126076923072, 4337.164338461537], [26038.366046153842, 4337.164338461537], [26007.606015384612, 4337.164338461537], [25976.84598461538, 4337.164338461537], [25946.08595384615, 4337.164338461537], [25915.325923076918, 4337.164338461537], [25884.565892307688, 4337.164338461537], [25869.18587692307, 4352.544353846153], [25853.805861538458, 4367.924369230768], [25823.045830769224, 4367.924369230768], [25792.285799999994, 4367.924369230768], [25761.525769230764, 4367.924369230768], [25746.145753846147, 4352.544353846153], [25730.765738461534, 4337.164338461537], [25700.005707692304, 4337.164338461537], [25684.625692307687, 4352.544353846153], [25669.24567692307, 4367.924369230768], [25653.865661538457, 4383.304384615384], [25638.48564615384, 4398.684399999999], [25623.105630769227, 4414.064415384614], [25607.72561538461, 4429.44443076923], [25592.345599999993, 4444.824446153845], [25592.345599999993, 4475.584476923076], [25576.96558461538, 4490.964492307691], [25561.585569230763, 4506.344507692307], [25546.20555384615, 4521.724523076922], [25530.825538461533, 4537.104538461537], [25530.825538461533, 4567.864569230768], [25515.445523076916, 4583.244584615383], [25500.065507692303, 4598.624599999999], [25484.685492307686, 4614.004615384614], [25469.305476923073, 4629.38463076923], [25453.925461538456, 4644.764646153845], [25438.54544615384, 4660.14466153846], [25423.165430769226, 4675.524676923076], [25407.78541538461, 4690.904692307691], [25392.405399999996, 4706.284707692307], [25377.02538461538, 4721.664723076922], [25361.645369230766, 4737.044738461537], [25346.26535384615, 4752.424753846153], [25330.885338461532, 4767.804769230768], [25315.50532307692, 4783.184784615383], [25315.50532307692, 4813.944815384614], [25330.885338461532, 4829.32483076923], [25346.26535384615, 4844.704846153845], [25361.645369230766, 4860.08486153846], [25377.02538461538, 4875.464876923076], [25392.405399999996, 4890.844892307691], [25407.78541538461, 4906.224907692306], [25423.165430769226, 4921.604923076922], [25438.54544615384, 4936.984938461537], [25438.54544615384, 4967.744969230768], [25438.54544615384, 4998.504999999999], [25438.54544615384, 5029.26503076923], [25438.54544615384, 5060.02506153846], [25438.54544615384, 5090.785092307691], [25438.54544615384, 5121.545123076922], [25438.54544615384, 5152.305153846153], [25438.54544615384, 5183.065184615383], [25438.54544615384, 5213.825215384614], [25438.54544615384, 5244.585246153845], [25438.54544615384, 5275.345276923076], [25453.925461538456, 5290.725292307691], [25469.305476923073, 5306.105307692306], [25469.305476923073, 5336.865338461537], [25469.305476923073, 5367.625369230768], [25469.305476923073, 5398.385399999999], [25469.305476923073, 5429.145430769229], [25484.685492307686, 5444.525446153845], [25500.065507692303, 5459.90546153846], [25500.065507692303, 5490.665492307691], [25500.065507692303, 5521.425523076922], [25500.065507692303, 5552.185553846152], [25500.065507692303, 5582.945584615383], [25500.065507692303, 5613.705615384614], [25500.065507692303, 5644.465646153845], [25500.065507692303, 5675.225676923076], [25500.065507692303, 5705.985707692306], [25500.065507692303, 5736.745738461537], [25500.065507692303, 5767.505769230768], [25500.065507692303, 5798.265799999999], [25500.065507692303, 5829.025830769229], [25500.065507692303, 5859.78586153846], [25484.685492307686, 5875.165876923075], [25469.305476923073, 5890.545892307691], [25469.305476923073, 5921.305923076922], [25469.305476923073, 5952.065953846152], [25469.305476923073, 5982.825984615383], [25469.305476923073, 6013.586015384614], [25453.925461538456, 6028.966030769229], [25438.54544615384, 6044.346046153845], [25438.54544615384, 6075.106076923075], [25438.54544615384, 6105.866107692306], [25438.54544615384, 6136.626138461537], [25438.54544615384, 6167.386169230768], [25423.165430769226, 6182.766184615383], [25407.78541538461, 6198.146199999998], [25407.78541538461, 6228.906230769229], [25407.78541538461, 6259.66626153846], [25392.405399999996, 6275.046276923075], [25377.02538461538, 6290.426292307691], [25377.02538461538, 6321.186323076922], [25377.02538461538, 6351.946353846152], [25361.645369230766, 6367.326369230768], [25346.26535384615, 6382.706384615383], [25330.885338461532, 6398.086399999998], [25300.125307692302, 6398.086399999998], [25284.74529230769, 6413.466415384614], [25269.365276923072, 6428.846430769229], [25238.605246153842, 6428.846430769229], [25223.225230769225, 6444.226446153845], [25207.845215384612, 6459.60646153846], [25192.465199999995, 6474.986476923075], [25177.08518461538, 6490.366492307691], [25146.325153846148, 6490.366492307691], [25130.945138461535, 6505.746507692306], [25115.565123076918, 6521.126523076921], [25084.805092307688, 6521.126523076921], [25054.045061538458, 6521.126523076921], [25023.285030769224, 6521.126523076921], [24992.524999999994, 6521.126523076921], [24961.764969230764, 6521.126523076921], [24931.004938461534, 6521.126523076921], [24900.244907692304, 6521.126523076921], [24884.864892307687, 6536.506538461537], [24869.48487692307, 6551.886553846152], [24838.72484615384, 6551.886553846152], [24807.96481538461, 6551.886553846152], [24777.20478461538, 6551.886553846152], [24746.44475384615, 6551.886553846152], [24715.68472307692, 6551.886553846152], [24684.924692307686, 6551.886553846152], [24654.164661538456, 6551.886553846152], [24623.404630769226, 6551.886553846152], [24592.644599999996, 6551.886553846152], [24561.884569230766, 6551.886553846152], [24546.50455384615, 6567.266569230768], [24531.124538461532, 6582.646584615383], [24500.364507692302, 6582.646584615383], [24484.98449230769, 6598.026599999998], [24469.604476923072, 6613.406615384614], [24438.844446153842, 6613.406615384614], [24423.464430769225, 6628.786630769229], [24408.084415384612, 6644.166646153845], [24392.704399999995, 6659.54666153846], [24377.32438461538, 6674.926676923075], [24361.944369230765, 6690.306692307691], [24346.564353846148, 6705.686707692306], [24331.184338461535, 6721.066723076921], [24331.184338461535, 6751.826753846152], [24315.804323076918, 6767.206769230768], [24300.4243076923, 6782.586784615383], [24300.4243076923, 6813.346815384614], [24285.044292307688, 6828.726830769229], [24269.66427692307, 6844.106846153844], [24269.66427692307, 6874.866876923075], [24269.66427692307, 6905.626907692306], [24269.66427692307, 6936.386938461537], [24269.66427692307, 6967.146969230768], [24269.66427692307, 6997.906999999998], [24269.66427692307, 7028.667030769229], [24269.66427692307, 7059.42706153846], [24269.66427692307, 7090.187092307691], [24269.66427692307, 7120.947123076921], [24254.284261538458, 7136.327138461537], [24238.90424615384, 7151.707153846152], [24223.524230769224, 7167.087169230767], [24208.14421538461, 7182.467184615383], [24208.14421538461, 7213.227215384614], [24192.764199999994, 7228.607230769229], [24177.38418461538, 7243.987246153844], [24177.38418461538, 7274.747276923075], [24177.38418461538, 7305.507307692306], [24177.38418461538, 7336.267338461537], [24177.38418461538, 7367.027369230767], [24177.38418461538, 7397.787399999998], [24177.38418461538, 7428.547430769229], [24177.38418461538, 7459.30746153846], [24177.38418461538, 7490.06749230769], [24192.764199999994, 7505.447507692306], [24208.14421538461, 7520.827523076921], [24208.14421538461, 7551.587553846152], [24208.14421538461, 7582.347584615383], [24223.524230769224, 7597.727599999998], [24238.90424615384, 7613.107615384614], [24238.90424615384, 7643.867646153844], [24254.284261538458, 7659.24766153846], [24269.66427692307, 7674.627676923075], [24285.044292307688, 7690.00769230769], [24300.4243076923, 7705.387707692306], [24315.804323076918, 7720.767723076921], [24331.184338461535, 7736.147738461537], [24331.184338461535, 7766.907769230767], [24346.564353846148, 7782.287784615383], [24361.944369230765, 7797.667799999998], [24377.32438461538, 7813.047815384613], [24392.704399999995, 7828.427830769229], [24408.084415384612, 7843.807846153844], [24423.464430769225, 7859.18786153846], [24438.844446153842, 7874.567876923075], [24454.224461538455, 7889.94789230769], [24469.604476923072, 7905.327907692306], [24484.98449230769, 7920.707923076921], [24500.364507692302, 7936.087938461537], [24515.74452307692, 7951.467953846152], [24531.124538461532, 7966.847969230767], [24546.50455384615, 7982.227984615383], [24561.884569230766, 7997.607999999998], [24592.644599999996, 7997.607999999998], [24608.02461538461, 8012.988015384613], [24623.404630769226, 8028.368030769229], [24654.164661538456, 8028.368030769229], [24669.544676923073, 8043.748046153844], [24684.924692307686, 8059.12806153846], [24700.304707692303, 8074.508076923075], [24700.304707692303, 8105.268107692306], [24715.68472307692, 8120.648123076921], [24731.064738461533, 8136.028138461536], [24731.064738461533, 8166.788169230767], [24731.064738461533, 8197.548199999997], [24746.44475384615, 8212.928215384614], [24761.824769230763, 8228.30823076923], [24761.824769230763, 8259.06826153846], [24761.824769230763, 8289.828292307691], [24761.824769230763, 8320.588323076921], [24761.824769230763, 8351.348353846151], [24761.824769230763, 8382.108384615383], [24746.44475384615, 8397.488399999998], [24731.064738461533, 8412.868415384613], [24731.064738461533, 8443.628446153845], [24731.064738461533, 8474.388476923075], [24731.064738461533, 8505.148507692305], [24731.064738461533, 8535.908538461537], [24731.064738461533, 8566.668569230767], [24731.064738461533, 8597.428599999997], [24746.44475384615, 8612.808615384614], [24761.824769230763, 8628.18863076923], [24761.824769230763, 8658.94866153846], [24777.20478461538, 8674.328676923074], [24792.584799999993, 8689.708692307691], [24807.96481538461, 8705.088707692306], [24823.344830769227, 8720.468723076921], [24838.72484615384, 8735.848738461536], [24854.104861538457, 8751.228753846151], [24869.48487692307, 8766.608769230768], [24884.864892307687, 8781.988784615383], [24900.244907692304, 8797.368799999998], [24915.624923076917, 8812.748815384613], [24931.004938461534, 8828.128830769228], [24946.384953846147, 8843.508846153843], [24961.764969230764, 8858.88886153846], [24977.14498461538, 8874.268876923075], [24992.524999999994, 8889.64889230769], [25023.285030769224, 8889.64889230769], [25038.66504615384, 8905.028907692305], [25054.045061538458, 8920.40892307692], [25069.42507692307, 8935.788938461537], [25054.045061538458, 8951.168953846152], [25023.285030769224, 8951.168953846152], [25007.90501538461, 8966.548969230767], [24992.524999999994, 8981.928984615382], [24961.764969230764, 8981.928984615382], [24931.004938461534, 8981.928984615382], [24915.624923076917, 8997.308999999997], [24900.244907692304, 9012.689015384614], [24869.48487692307, 9012.689015384614], [24838.72484615384, 9012.689015384614], [24807.96481538461, 9012.689015384614], [24777.20478461538, 9012.689015384614], [24746.44475384615, 9012.689015384614], [24715.68472307692, 9012.689015384614], [24684.924692307686, 9012.689015384614], [24654.164661538456, 9012.689015384614], [24623.404630769226, 9012.689015384614], [24592.644599999996, 9012.689015384614], [24577.26458461538, 9028.06903076923], [24561.884569230766, 9043.449046153844], [24531.124538461532, 9043.449046153844], [24515.74452307692, 9058.82906153846], [24500.364507692302, 9074.209076923074], [24469.604476923072, 9074.209076923074], [24454.224461538455, 9089.589092307691], [24438.844446153842, 9104.969107692306], [24408.084415384612, 9104.969107692306], [24392.704399999995, 9120.349123076921], [24377.32438461538, 9135.729138461536], [24361.944369230765, 9151.109153846151], [24346.564353846148, 9166.489169230766], [24331.184338461535, 9181.869184615383], [24315.804323076918, 9197.249199999998], [24300.4243076923, 9212.629215384613], [24285.044292307688, 9228.009230769228], [24269.66427692307, 9243.389246153843], [24254.284261538458, 9258.76926153846], [24238.90424615384, 9274.149276923075], [24238.90424615384, 9304.909307692305], [24223.524230769224, 9320.28932307692], [24208.14421538461, 9335.669338461537], [24208.14421538461, 9366.429369230767], [24208.14421538461, 9397.189399999997], [24192.764199999994, 9412.569415384614], [24177.38418461538, 9427.94943076923], [24177.38418461538, 9458.70946153846], [24177.38418461538, 9489.46949230769], [24177.38418461538, 9520.229523076921], [24177.38418461538, 9550.989553846151], [24162.004169230764, 9566.369569230767], [24146.624153846147, 9581.749584615383], [24146.624153846147, 9612.509615384613], [24146.624153846147, 9643.269646153843], [24146.624153846147, 9674.029676923075], [24146.624153846147, 9704.789707692305], [24131.244138461534, 9720.16972307692], [24115.864123076917, 9735.549738461537], [24115.864123076917, 9766.309769230767], [24115.864123076917, 9797.069799999997], [24115.864123076917, 9827.82983076923], [24115.864123076917, 9858.58986153846], [24115.864123076917, 9889.34989230769], [24115.864123076917, 9920.109923076921], [24115.864123076917, 9950.869953846151], [24115.864123076917, 9981.629984615383], [24115.864123076917, 10012.390015384613], [24115.864123076917, 10043.150046153844], [24100.484107692304, 10058.53006153846], [24085.104092307687, 10073.910076923075], [24085.104092307687, 10104.670107692305], [24085.104092307687, 10135.430138461536], [24085.104092307687, 10166.190169230767], [24069.724076923074, 10181.570184615382], [24054.344061538457, 10196.950199999997], [24054.344061538457, 10227.71023076923], [24054.344061538457, 10258.47026153846], [24054.344061538457, 10289.23029230769], [24054.344061538457, 10319.990323076921], [24054.344061538457, 10350.750353846151], [24054.344061538457, 10381.510384615383], [24054.344061538457, 10412.270415384613], [24069.724076923074, 10427.650430769228], [24085.104092307687, 10443.030446153844], [24085.104092307687, 10473.790476923075], [24085.104092307687, 10504.550507692305], [24085.104092307687, 10535.310538461536], [24085.104092307687, 10566.070569230767], [24085.104092307687, 10596.830599999998], [24100.484107692304, 10612.210615384613], [24115.864123076917, 10627.59063076923], [24115.864123076917, 10658.35066153846], [24115.864123076917, 10689.11069230769], [24115.864123076917, 10719.870723076921], [24115.864123076917, 10750.630753846151], [24115.864123076917, 10781.390784615382], [24115.864123076917, 10812.150815384613], [24115.864123076917, 10842.910846153844], [24115.864123076917, 10873.670876923075], [24115.864123076917, 10904.430907692305], [24131.244138461534, 10919.81092307692], [24146.624153846147, 10935.190938461536], [24146.624153846147, 10965.950969230767], [24146.624153846147, 10996.710999999998], [24146.624153846147, 11027.47103076923], [24146.624153846147, 11058.23106153846], [24131.244138461534, 11073.611076923075], [24115.864123076917, 11088.99109230769], [24115.864123076917, 11119.751123076921], [24100.484107692304, 11135.131138461536], [24085.104092307687, 11150.511153846152], [24085.104092307687, 11181.271184615382], [24069.724076923074, 11196.651199999998], [24054.344061538457, 11212.031215384613], [24054.344061538457, 11242.791246153844], [24038.96404615384, 11258.171261538459], [24023.584030769227, 11273.551276923075], [24023.584030769227, 11304.311307692305], [24023.584030769227, 11335.071338461536], [24023.584030769227, 11365.831369230767], [24023.584030769227, 11396.591399999998], [24023.584030769227, 11427.351430769228], [24023.584030769227, 11458.11146153846], [24023.584030769227, 11488.87149230769], [24023.584030769227, 11519.631523076921], [24023.584030769227, 11550.391553846152], [24023.584030769227, 11581.151584615382], [24023.584030769227, 11611.911615384613], [24023.584030769227, 11642.671646153844], [24023.584030769227, 11673.431676923075], [24023.584030769227, 11704.191707692305], [24023.584030769227, 11734.951738461536], [24023.584030769227, 11765.711769230767], [24023.584030769227, 11796.471799999998], [24023.584030769227, 11827.231830769228], [24038.96404615384, 11842.611846153844], [24054.344061538457, 11857.99186153846], [24054.344061538457, 11888.75189230769], [24054.344061538457, 11919.511923076921], [24054.344061538457, 11950.271953846152], [24038.96404615384, 11965.651969230767], [24023.584030769227, 11981.031984615382], [24008.20401538461, 11996.411999999998], [23992.823999999997, 12011.792015384613], [23992.823999999997, 12042.552046153844], [23992.823999999997, 12073.312076923074], [24008.20401538461, 12088.69209230769], [24023.584030769227, 12104.072107692306], [24023.584030769227, 12134.832138461536], [24038.96404615384, 12150.21215384615], [24054.344061538457, 12165.592169230767], [24054.344061538457, 12196.352199999998], [24069.724076923074, 12211.732215384613], [24085.104092307687, 12227.112230769228], [24085.104092307687, 12257.87226153846], [24100.484107692304, 12273.252276923075], [24131.244138461534, 12273.252276923075], [24146.624153846147, 12257.87226153846], [24162.004169230764, 12242.492246153844], [24177.38418461538, 12227.112230769228], [24192.764199999994, 12211.732215384613], [24223.524230769224, 12211.732215384613], [24238.90424615384, 12227.112230769228], [24254.284261538458, 12242.492246153844], [24269.66427692307, 12257.87226153846], [24269.66427692307, 12288.63229230769], [24269.66427692307, 12319.392323076921], [24285.044292307688, 12334.772338461536], [24300.4243076923, 12350.152353846152], [24300.4243076923, 12380.912384615382], [24315.804323076918, 12396.292399999997], [24331.184338461535, 12411.672415384613], [24331.184338461535, 12442.432446153844], [24346.564353846148, 12457.812461538459], [24361.944369230765, 12473.192476923074], [24361.944369230765, 12503.952507692306], [24377.32438461538, 12519.33252307692], [24392.704399999995, 12534.712538461536], [24392.704399999995, 12565.472569230767], [24408.084415384612, 12580.852584615383], [24423.464430769225, 12596.232599999998], [24438.844446153842, 12611.612615384613], [24454.224461538455, 12626.992630769228], [24469.604476923072, 12642.372646153844], [24484.98449230769, 12657.75266153846], [24500.364507692302, 12673.132676923075], [24515.74452307692, 12688.51269230769], [24531.124538461532, 12703.892707692305], [24546.50455384615, 12719.27272307692], [24561.884569230766, 12734.652738461537], [24577.26458461538, 12750.032753846152], [24592.644599999996, 12765.412769230767], [24608.02461538461, 12780.792784615382], [24623.404630769226, 12796.172799999997], [24654.164661538456, 12796.172799999997], [24669.544676923073, 12811.552815384613], [24684.924692307686, 12826.932830769229], [24715.68472307692, 12826.932830769229], [24746.44475384615, 12826.932830769229], [24761.824769230763, 12842.312846153844], [24777.20478461538, 12857.692861538459], [24807.96481538461, 12857.692861538459], [24823.344830769227, 12873.072876923074], [24838.72484615384, 12888.45289230769], [24869.48487692307, 12888.45289230769], [24884.864892307687, 12873.072876923074], [24900.244907692304, 12857.692861538459], [24931.004938461534, 12857.692861538459], [24961.764969230764, 12857.692861538459], [24977.14498461538, 12842.312846153844], [24992.524999999994, 12826.932830769229], [25007.90501538461, 12842.312846153844], [25007.90501538461, 12873.072876923074], [25007.90501538461, 12903.832907692306], [25023.285030769224, 12919.21292307692], [25038.66504615384, 12934.592938461536], [25038.66504615384, 12965.352969230767], [25054.045061538458, 12980.732984615383], [25069.42507692307, 12996.112999999998], [25084.805092307688, 13011.493015384613], [25100.1851076923, 13026.873030769228], [25115.565123076918, 13042.253046153843], [25146.325153846148, 13042.253046153843], [25161.705169230765, 13057.63306153846], [25177.08518461538, 13073.013076923075], [25207.845215384612, 13073.013076923075], [25238.605246153842, 13073.013076923075], [25269.365276923072, 13073.013076923075], [25300.125307692302, 13073.013076923075], [25315.50532307692, 13088.39309230769], [25330.885338461532, 13103.773107692305], [25361.645369230766, 13103.773107692305], [25392.405399999996, 13103.773107692305], [25423.165430769226, 13103.773107692305], [25438.54544615384, 13119.15312307692], [25453.925461538456, 13134.533138461537], [25484.685492307686, 13134.533138461537], [25500.065507692303, 13149.913153846152], [25515.445523076916, 13165.293169230767], [25546.20555384615, 13165.293169230767], [25561.585569230763, 13180.673184615382], [25576.96558461538, 13196.053199999997], [25607.72561538461, 13196.053199999997], [25638.48564615384, 13196.053199999997], [25653.865661538457, 13211.433215384614], [25669.24567692307, 13226.813230769229], [25700.005707692304, 13226.813230769229], [25730.765738461534, 13226.813230769229], [25761.525769230764, 13226.813230769229], [25792.285799999994, 13226.813230769229], [25823.045830769224, 13226.813230769229], [25853.805861538458, 13226.813230769229], [25884.565892307688, 13226.813230769229], [25915.325923076918, 13226.813230769229], [25946.08595384615, 13226.813230769229], [25976.84598461538, 13226.813230769229], [26007.606015384612, 13226.813230769229], [26022.986030769225, 13242.193246153844], [26038.366046153842, 13257.573261538459], [26069.126076923072, 13257.573261538459], [26099.886107692302, 13257.573261538459], [26130.646138461532, 13257.573261538459], [26161.406169230762, 13257.573261538459], [26192.166199999996, 13257.573261538459], [26222.926230769226, 13257.573261538459], [26253.686261538456, 13257.573261538459], [26284.446292307686, 13257.573261538459], [26315.206323076916, 13257.573261538459], [26345.96635384615, 13257.573261538459], [26376.72638461538, 13257.573261538459], [26407.48641538461, 13257.573261538459], [26438.24644615384, 13257.573261538459], [26469.00647692307, 13257.573261538459], [26499.766507692304, 13257.573261538459], [26530.526538461534, 13257.573261538459], [26561.286569230764, 13257.573261538459], [26592.046599999994, 13257.573261538459], [26622.806630769224, 13257.573261538459], [26653.566661538458, 13257.573261538459], [26684.326692307688, 13257.573261538459], [26699.7067076923, 13242.193246153844], [26715.086723076918, 13226.813230769229], [26745.84675384615, 13226.813230769229], [26776.60678461538, 13226.813230769229], [26807.36681538461, 13226.813230769229], [26838.126846153842, 13226.813230769229], [26868.886876923072, 13226.813230769229], [26884.266892307685, 13211.433215384614], [26899.646907692302, 13196.053199999997], [26930.406938461532, 13196.053199999997], [26961.166969230762, 13196.053199999997], [26991.926999999996, 13196.053199999997], [27007.30701538461, 13180.673184615382], [27022.687030769226, 13165.293169230767], [27053.447061538456, 13165.293169230767], [27084.207092307686, 13165.293169230767], [27114.967123076916, 13165.293169230767], [27145.72715384615, 13165.293169230767], [27176.48718461538, 13165.293169230767], [27207.24721538461, 13165.293169230767], [27238.00724615384, 13165.293169230767], [27268.76727692307, 13165.293169230767], [27299.527307692304, 13165.293169230767], [27314.907323076917, 13180.673184615382], [27330.287338461534, 13196.053199999997], [27361.047369230764, 13196.053199999997], [27376.427384615377, 13211.433215384614], [27391.807399999994, 13226.813230769229], [27422.567430769224, 13226.813230769229], [27453.327461538454, 13226.813230769229], [27484.087492307688, 13226.813230769229], [27514.847523076918, 13226.813230769229], [27545.60755384615, 13226.813230769229], [27576.36758461538, 13226.813230769229], [27607.12761538461, 13226.813230769229], [27637.887646153842, 13226.813230769229], [27653.267661538455, 13242.193246153844], [27668.647676923072, 13257.573261538459], [27699.407707692302, 13257.573261538459], [27730.167738461532, 13257.573261538459], [27760.927769230762, 13257.573261538459], [27791.687799999996, 13257.573261538459], [27807.06781538461, 13272.953276923074], [27822.447830769226, 13288.33329230769], [27837.82784615384, 13272.953276923074], [27853.207861538456, 13257.573261538459], [27883.967892307686, 13257.573261538459], [27914.727923076916, 13257.573261538459]]]}, "properties": {"objectType": "annotation", "name": "R1_2_T|peri", "classification": {"name": "peri", "color": [25, 158, 112]}, "lesion_id": 0, "section": "R1_2_T", "area_um2": 4209649.999999997, "lesion_ids": [1, 2, 3, 6, 7, 10, 14, 16, 18]}}, {"type": "Feature", "geometry": {"type": "Polygon", "coordinates": [[[19917.11992307692, 12550.09255384615], [19947.87995384615, 12550.09255384615], [19978.63998461538, 12550.09255384615], [19994.019999999997, 12534.712538461536], [20009.40001538461, 12519.33252307692], [20024.780030769227, 12503.952507692306], [20040.160046153844, 12488.57249230769], [20055.540061538457, 12473.192476923074], [20070.920076923074, 12457.812461538459], [20086.300092307687, 12442.432446153844], [20101.680107692304, 12427.052430769229], [20117.06012307692, 12411.672415384613], [20132.440138461534, 12396.292399999997], [20163.200169230764, 12396.292399999997], [20193.960199999998, 12396.292399999997], [20209.34021538461, 12380.912384615382], [20224.720230769228, 12365.532369230767], [20255.480261538458, 12365.532369230767], [20286.240292307688, 12365.532369230767], [20301.620307692305, 12350.152353846152], [20317.000323076918, 12334.772338461536], [20347.760353846148, 12334.772338461536], [20363.140369230765, 12319.392323076921], [20378.52038461538, 12304.012307692305], [20393.900399999995, 12288.63229230769], [20409.280415384612, 12273.252276923075], [20424.660430769225, 12257.87226153846], [20440.040446153842, 12242.492246153844], [20455.42046153846, 12227.112230769228], [20470.800476923072, 12211.732215384613], [20486.18049230769, 12196.352199999998], [20501.560507692302, 12180.972184615383], [20516.94052307692, 12165.592169230767], [20532.320538461536, 12150.21215384615], [20563.080569230766, 12150.21215384615], [20593.840599999996, 12150.21215384615], [20624.600630769226, 12150.21215384615], [20639.980646153843, 12134.832138461536], [20655.360661538456, 12119.45212307692], [20686.12069230769, 12119.45212307692], [20716.88072307692, 12119.45212307692], [20732.260738461533, 12104.072107692306], [20732.260738461533, 12073.312076923074], [20732.260738461533, 12042.552046153844], [20732.260738461533, 12011.792015384613], [20747.64075384615, 11996.411999999998], [20763.020769230767, 11981.031984615382], [20763.020769230767, 11950.271953846152], [20763.020769230767, 11919.511923076921], [20747.64075384615, 11904.131907692305], [20732.260738461533, 11888.75189230769], [20732.260738461533, 11857.99186153846], [20732.260738461533, 11827.231830769228], [20732.260738461533, 11796.471799999998], [20732.260738461533, 11765.711769230767], [20732.260738461533, 11734.951738461536], [20716.88072307692, 11719.57172307692], [20701.500707692303, 11704.191707692305], [20701.500707692303, 11673.431676923075], [20686.12069230769, 11658.051661538459], [20670.740676923073, 11642.671646153844], [20670.740676923073, 11611.911615384613], [20655.360661538456, 11596.531599999998], [20639.980646153843, 11581.151584615382], [20624.600630769226, 11565.771569230767], [20609.220615384613, 11550.391553846152], [20593.840599999996, 11535.011538461536], [20578.46058461538, 11519.631523076921], [20563.080569230766, 11504.251507692305], [20547.70055384615, 11488.87149230769], [20532.320538461536, 11473.491476923075], [20516.94052307692, 11458.11146153846], [20501.560507692302, 11442.731446153844], [20486.18049230769, 11427.351430769228], [20470.800476923072, 11411.971415384613], [20455.42046153846, 11396.591399999998], [20440.040446153842, 11381.211384615382], [20424.660430769225, 11365.831369230767], [20409.280415384612, 11350.451353846152], [20393.900399999995, 11335.071338461536], [20378.52038461538, 11319.69132307692], [20347.760353846148, 11319.69132307692], [20332.380338461535, 11304.311307692305], [20317.000323076918, 11288.93129230769], [20286.240292307688, 11288.93129230769], [20270.86027692307, 11273.551276923075], [20255.480261538458, 11258.171261538459], [20224.720230769228, 11258.171261538459], [20193.960199999998, 11258.171261538459], [20163.200169230764, 11258.171261538459], [20132.440138461534, 11258.171261538459], [20101.680107692304, 11258.171261538459], [20086.300092307687, 11242.791246153844], [20070.920076923074, 11227.411230769228], [20040.160046153844, 11227.411230769228], [20009.40001538461, 11227.411230769228], [19978.63998461538, 11227.411230769228], [19963.259969230767, 11212.031215384613], [19963.259969230767, 11181.271184615382], [19963.259969230767, 11150.511153846152], [19963.259969230767, 11119.751123076921], [19947.87995384615, 11104.371107692305], [19932.499938461533, 11088.99109230769], [19932.499938461533, 11058.23106153846], [19917.11992307692, 11042.851046153844], [19901.739907692303, 11027.47103076923], [19901.739907692303, 10996.710999999998], [19886.35989230769, 10981.330984615382], [19870.979876923073, 10965.950969230767], [19855.599861538456, 10950.570953846152], [19840.219846153843, 10935.190938461536], [19824.839830769226, 10919.81092307692], [19809.459815384613, 10904.430907692305], [19794.079799999996, 10889.05089230769], [19778.69978461538, 10873.670876923075], [19763.319769230766, 10858.290861538459], [19747.93975384615, 10842.910846153844], [19732.559738461536, 10827.530830769228], [19717.17972307692, 10812.150815384613], [19701.799707692302, 10796.770799999998], [19686.41969230769, 10781.390784615382], [19671.039676923072, 10766.010769230767], [19655.65966153846, 10750.630753846151], [19640.279646153842, 10735.250738461536], [19624.899630769225, 10719.870723076921], [19609.519615384612, 10704.490707692306], [19594.139599999995, 10689.11069230769], [19578.75958461538, 10673.730676923074], [19547.99955384615, 10673.730676923074], [19532.619538461535, 10658.35066153846], [19517.239523076918, 10642.970646153844], [19486.479492307688, 10642.970646153844], [19471.099476923075, 10627.59063076923], [19455.719461538458, 10612.210615384613], [19424.959430769228, 10612.210615384613], [19409.57941538461, 10596.830599999998], [19394.199399999998, 10581.450584615382], [19363.439369230764, 10581.450584615382], [19332.679338461534, 10581.450584615382], [19301.919307692304, 10581.450584615382], [19271.159276923074, 10581.450584615382], [19240.399246153844, 10581.450584615382], [19225.019230769227, 10566.070569230767], [19209.63921538461, 10550.690553846152], [19178.87918461538, 10550.690553846152], [19148.11915384615, 10550.690553846152], [19117.35912307692, 10550.690553846152], [19086.59909230769, 10550.690553846152], [19071.219076923073, 10566.070569230767], [19055.839061538456, 10581.450584615382], [19025.079030769226, 10581.450584615382], [18994.318999999996, 10581.450584615382], [18963.558969230766, 10581.450584615382], [18932.798938461536, 10581.450584615382], [18902.038907692306, 10581.450584615382], [18886.65889230769, 10596.830599999998], [18871.278876923072, 10612.210615384613], [18840.518846153842, 10612.210615384613], [18809.75881538461, 10612.210615384613], [18794.378799999995, 10596.830599999998], [18778.99878461538, 10581.450584615382], [18763.618769230765, 10566.070569230767], [18748.23875384615, 10550.690553846152], [18732.858738461535, 10535.310538461536], [18717.478723076918, 10519.93052307692], [18686.718692307688, 10519.93052307692], [18671.338676923075, 10504.550507692305], [18655.958661538458, 10489.17049230769], [18625.198630769228, 10489.17049230769], [18609.81861538461, 10473.790476923075], [18594.438599999998, 10458.410461538459], [18563.678569230764, 10458.410461538459], [18548.29855384615, 10443.030446153844], [18532.918538461534, 10427.650430769228], [18502.158507692304, 10427.650430769228], [18486.778492307687, 10412.270415384613], [18471.398476923074, 10396.890399999998], [18440.638446153844, 10396.890399999998], [18425.258430769227, 10381.510384615383], [18409.87841538461, 10366.130369230767], [18379.11838461538, 10366.130369230767], [18348.35835384615, 10366.130369230767], [18317.59832307692, 10366.130369230767], [18286.83829230769, 10366.130369230767], [18256.07826153846, 10366.130369230767], [18240.698246153843, 10350.750353846151], [18225.318230769226, 10335.370338461536], [18194.558199999996, 10335.370338461536], [18163.798169230766, 10335.370338461536], [18133.038138461536, 10335.370338461536], [18102.278107692306, 10335.370338461536], [18071.518076923072, 10335.370338461536], [18056.13806153846, 10350.750353846151], [18040.758046153842, 10366.130369230767], [18009.99801538461, 10366.130369230767], [17979.23798461538, 10366.130369230767], [17948.47795384615, 10366.130369230767], [17917.717923076918, 10366.130369230767], [17886.957892307688, 10366.130369230767], [17871.577876923075, 10381.510384615383], [17856.197861538458, 10396.890399999998], [17825.437830769228, 10396.890399999998], [17810.05781538461, 10412.270415384613], [17794.677799999998, 10427.650430769228], [17763.917769230764, 10427.650430769228], [17748.53775384615, 10443.030446153844], [17733.157738461534, 10458.410461538459], [17717.77772307692, 10473.790476923075], [17702.397707692304, 10489.17049230769], [17687.017692307687, 10504.550507692305], [17671.637676923074, 10519.93052307692], [17656.257661538457, 10535.310538461536], [17640.877646153844, 10550.690553846152], [17625.497630769227, 10566.070569230767], [17610.117615384614, 10581.450584615382], [17594.737599999997, 10596.830599999998], [17579.35758461538, 10612.210615384613], [17563.977569230767, 10627.59063076923], [17548.59755384615, 10642.970646153844], [17533.217538461537, 10658.35066153846], [17517.83752307692, 10673.730676923074], [17487.07749230769, 10673.730676923074], [17471.697476923073, 10689.11069230769], [17456.31746153846, 10704.490707692306], [17425.557430769226, 10704.490707692306], [17410.177415384613, 10719.870723076921], [17394.797399999996, 10735.250738461536], [17379.417384615383, 10750.630753846151], [17364.037369230766, 10766.010769230767], [17348.65735384615, 10781.390784615382], [17333.277338461536, 10796.770799999998], [17317.89732307692, 10781.390784615382], [17302.517307692306, 10766.010769230767], [17287.13729230769, 10750.630753846151], [17271.757276923072, 10735.250738461536], [17256.37726153846, 10719.870723076921], [17240.997246153842, 10704.490707692306], [17225.61723076923, 10689.11069230769], [17210.23721538461, 10673.730676923074], [17194.857199999995, 10658.35066153846], [17194.857199999995, 10627.59063076923], [17179.47718461538, 10612.210615384613], [17164.097169230765, 10596.830599999998], [17148.71715384615, 10581.450584615382], [17133.337138461535, 10566.070569230767], [17117.957123076918, 10550.690553846152], [17102.577107692305, 10535.310538461536], [17102.577107692305, 10504.550507692305], [17087.197092307688, 10489.17049230769], [17071.817076923075, 10473.790476923075], [17071.817076923075, 10443.030446153844], [17056.437061538458, 10427.650430769228], [17041.05704615384, 10412.270415384613], [17025.677030769228, 10396.890399999998], [17010.29701538461, 10381.510384615383], [17010.29701538461, 10350.750353846151], [16994.916999999998, 10335.370338461536], [16979.53698461538, 10319.990323076921], [16964.156969230768, 10304.610307692306], [16948.77695384615, 10289.23029230769], [16933.396938461534, 10273.850276923074], [16918.01692307692, 10258.47026153846], [16902.636907692304, 10243.090246153844], [16887.25689230769, 10227.71023076923], [16871.876876923074, 10212.330215384613], [16856.496861538457, 10196.950199999997], [16841.116846153844, 10181.570184615382], [16825.736830769227, 10166.190169230767], [16810.356815384614, 10150.810153846152], [16794.976799999997, 10135.430138461536], [16779.59678461538, 10120.05012307692], [16764.216769230767, 10104.670107692305], [16748.83675384615, 10089.29009230769], [16718.07672307692, 10089.29009230769], [16702.696707692303, 10073.910076923075], [16687.31669230769, 10058.53006153846], [16656.55666153846, 10058.53006153846], [16641.176646153843, 10043.150046153844], [16625.796630769226, 10027.770030769228], [16595.036599999996, 10027.770030769228], [16579.656584615383, 10012.390015384613], [16579.656584615383, 9981.629984615383], [16595.036599999996, 9966.249969230767], [16610.416615384613, 9950.869953846151], [16610.416615384613, 9920.109923076921], [16625.796630769226, 9904.729907692306], [16641.176646153843, 9889.34989230769], [16656.55666153846, 9873.969876923074], [16671.936676923073, 9858.58986153846], [16687.31669230769, 9843.209846153844], [16702.696707692303, 9827.82983076923], [16718.07672307692, 9812.449815384613], [16733.456738461537, 9797.069799999997], [16733.456738461537, 9766.309769230767], [16748.83675384615, 9750.929753846152], [16764.216769230767, 9735.549738461537], [16764.216769230767, 9704.789707692305], [16779.59678461538, 9689.40969230769], [16794.976799999997, 9674.029676923075], [16794.976799999997, 9643.269646153843], [16794.976799999997, 9612.509615384613], [16810.356815384614, 9597.129599999998], [16825.736830769227, 9581.749584615383], [16825.736830769227, 9550.989553846151], [16841.116846153844, 9535.609538461536], [16856.496861538457, 9520.229523076921], [16856.496861538457, 9489.46949230769], [16871.876876923074, 9474.089476923074], [16887.25689230769, 9458.70946153846], [16887.25689230769, 9427.94943076923], [16887.25689230769, 9397.189399999997], [16902.636907692304, 9381.809384615382], [16918.01692307692, 9366.429369230767], [16918.01692307692, 9335.669338461537], [16918.01692307692, 9304.909307692305], [16918.01692307692, 9274.149276923075], [16918.01692307692, 9243.389246153843], [16918.01692307692, 9212.629215384613], [16933.396938461534, 9197.249199999998], [16948.77695384615, 9181.869184615383], [16933.396938461534, 9166.489169230766], [16918.01692307692, 9151.109153846151], [16918.01692307692, 9120.349123076921], [16933.396938461534, 9104.969107692306], [16964.156969230768, 9104.969107692306], [16979.53698461538, 9089.589092307691], [16994.916999999998, 9074.209076923074], [17025.677030769228, 9074.209076923074], [17041.05704615384, 9058.82906153846], [17056.437061538458, 9043.449046153844], [17071.817076923075, 9028.06903076923], [17087.197092307688, 9012.689015384614], [17102.577107692305, 8997.308999999997], [17117.957123076918, 8981.928984615382], [17133.337138461535, 8966.548969230767], [17148.71715384615, 8951.168953846152], [17164.097169230765, 8935.788938461537], [17179.47718461538, 8920.40892307692], [17194.857199999995, 8905.028907692305], [17210.23721538461, 8889.64889230769], [17225.61723076923, 8874.268876923075], [17240.997246153842, 8858.88886153846], [17256.37726153846, 8843.508846153843], [17271.757276923072, 8828.128830769228], [17287.13729230769, 8812.748815384613], [17302.517307692306, 8797.368799999998], [17317.89732307692, 8781.988784615383], [17317.89732307692, 8751.228753846151], [17333.277338461536, 8735.848738461536], [17348.65735384615, 8720.468723076921], [17348.65735384615, 8689.708692307691], [17364.037369230766, 8674.328676923074], [17379.417384615383, 8658.94866153846], [17379.417384615383, 8628.18863076923], [17394.797399999996, 8612.808615384614], [17410.177415384613, 8597.428599999997], [17410.177415384613, 8566.668569230767], [17425.557430769226, 8551.288553846152], [17440.937446153843, 8535.908538461537], [17440.937446153843, 8505.148507692305], [17440.937446153843, 8474.388476923075], [17440.937446153843, 8443.628446153845], [17440.937446153843, 8412.868415384613], [17440.937446153843, 8382.108384615383], [17456.31746153846, 8366.728369230768], [17471.697476923073, 8351.348353846151], [17471.697476923073, 8320.588323076921], [17471.697476923073, 8289.828292307691], [17487.07749230769, 8274.448276923074], [17502.457507692303, 8259.06826153846], [17502.457507692303, 8228.30823076923], [17502.457507692303, 8197.548199999997], [17517.83752307692, 8182.168184615383], [17533.217538461537, 8166.788169230767], [17533.217538461537, 8136.028138461536], [17533.217538461537, 8105.268107692306], [17533.217538461537, 8074.508076923075], [17548.59755384615, 8059.12806153846], [17563.977569230767, 8043.748046153844], [17563.977569230767, 8012.988015384613], [17579.35758461538, 7997.607999999998], [17594.737599999997, 7982.227984615383], [17594.737599999997, 7951.467953846152], [17610.117615384614, 7936.087938461537], [17625.497630769227, 7920.707923076921], [17640.877646153844, 7905.327907692306], [17671.637676923074, 7905.327907692306], [17687.017692307687, 7889.94789230769], [17702.397707692304, 7874.567876923075], [17733.157738461534, 7874.567876923075], [17748.53775384615, 7889.94789230769], [17763.917769230764, 7905.327907692306], [17794.677799999998, 7905.327907692306], [17825.437830769228, 7905.327907692306], [17856.197861538458, 7905.327907692306], [17886.957892307688, 7905.327907692306], [17917.717923076918, 7905.327907692306], [17948.47795384615, 7905.327907692306], [17979.23798461538, 7905.327907692306], [18009.99801538461, 7905.327907692306], [18040.758046153842, 7905.327907692306], [18056.13806153846, 7889.94789230769], [18071.518076923072, 7874.567876923075], [18102.278107692306, 7874.567876923075], [18133.038138461536, 7874.567876923075], [18163.798169230766, 7874.567876923075], [18194.558199999996, 7874.567876923075], [18225.318230769226, 7874.567876923075], [18240.698246153843, 7859.18786153846], [18256.07826153846, 7843.807846153844], [18286.83829230769, 7843.807846153844], [18302.218307692303, 7828.427830769229], [18317.59832307692, 7813.047815384613], [18348.35835384615, 7813.047815384613], [18363.738369230767, 7797.667799999998], [18379.11838461538, 7782.287784615383], [18394.498399999997, 7766.907769230767], [18409.87841538461, 7751.527753846152], [18425.258430769227, 7736.147738461537], [18440.638446153844, 7720.767723076921], [18456.018461538457, 7705.387707692306], [18471.398476923074, 7690.00769230769], [18486.778492307687, 7674.627676923075], [18502.158507692304, 7659.24766153846], [18517.53852307692, 7643.867646153844], [18532.918538461534, 7628.487630769229], [18548.29855384615, 7613.107615384614], [18563.678569230764, 7597.727599999998], [18579.05858461538, 7582.347584615383], [18594.438599999998, 7566.967569230767], [18609.81861538461, 7551.587553846152], [18625.198630769228, 7536.207538461537], [18640.57864615384, 7520.827523076921], [18640.57864615384, 7490.06749230769], [18655.958661538458, 7474.687476923075], [18671.338676923075, 7459.30746153846], [18671.338676923075, 7428.547430769229], [18686.718692307688, 7413.167415384614], [18702.098707692305, 7397.787399999998], [18702.098707692305, 7367.027369230767], [18702.098707692305, 7336.267338461537], [18702.098707692305, 7305.507307692306], [18717.478723076918, 7290.127292307691], [18732.858738461535, 7274.747276923075], [18732.858738461535, 7243.987246153844], [18732.858738461535, 7213.227215384614], [18732.858738461535, 7182.467184615383], [18732.858738461535, 7151.707153846152], [18732.858738461535, 7120.947123076921], [18748.23875384615, 7105.567107692306], [18763.618769230765, 7090.187092307691], [18763.618769230765, 7059.42706153846], [18778.99878461538, 7044.047046153844], [18794.378799999995, 7028.667030769229], [18794.378799999995, 6997.906999999998], [18809.75881538461, 6982.526984615383], [18825.13883076923, 6967.146969230768], [18825.13883076923, 6936.386938461537], [18825.13883076923, 6905.626907692306], [18840.518846153842, 6890.246892307691], [18855.89886153846, 6874.866876923075], [18871.278876923072, 6859.48686153846], [18886.65889230769, 6844.106846153844], [18902.038907692306, 6828.726830769229], [18917.41892307692, 6813.346815384614], [18932.798938461536, 6797.966799999998], [18948.17895384615, 6782.586784615383], [18963.558969230766, 6767.206769230768], [18978.93898461538, 6751.826753846152], [18978.93898461538, 6721.066723076921], [18994.318999999996, 6705.686707692306], [19009.699015384613, 6690.306692307691], [19025.079030769226, 6674.926676923075], [19040.459046153843, 6659.54666153846], [19055.839061538456, 6644.166646153845], [19071.219076923073, 6628.786630769229], [19086.59909230769, 6613.406615384614], [19101.979107692303, 6598.026599999998], [19117.35912307692, 6582.646584615383], [19132.739138461533, 6567.266569230768], [19148.11915384615, 6551.886553846152], [19163.499169230767, 6536.506538461537], [19178.87918461538, 6521.126523076921], [19194.259199999997, 6505.746507692306], [19209.63921538461, 6490.366492307691], [19225.019230769227, 6474.986476923075], [19240.399246153844, 6459.60646153846], [19255.779261538457, 6444.226446153845], [19271.159276923074, 6428.846430769229], [19286.539292307687, 6413.466415384614], [19301.919307692304, 6398.086399999998], [19317.29932307692, 6382.706384615383], [19317.29932307692, 6351.946353846152], [19332.679338461534, 6336.566338461537], [19348.05935384615, 6321.186323076922], [19348.05935384615, 6290.426292307691], [19363.439369230764, 6275.046276923075], [19378.81938461538, 6259.66626153846], [19378.81938461538, 6228.906230769229], [19378.81938461538, 6198.146199999998], [19394.199399999998, 6182.766184615383], [19409.57941538461, 6167.386169230768], [19409.57941538461, 6136.626138461537], [19424.959430769228, 6121.246123076922], [19455.719461538458, 6121.246123076922], [19471.099476923075, 6105.866107692306], [19486.479492307688, 6090.486092307691], [19501.859507692305, 6075.106076923075], [19517.239523076918, 6059.72606153846], [19532.619538461535, 6044.346046153845], [19547.99955384615, 6028.966030769229], [19563.379569230765, 6013.586015384614], [19578.75958461538, 5998.205999999999], [19594.139599999995, 5982.825984615383], [19609.519615384612, 5967.445969230768], [19624.899630769225, 5952.065953846152], [19640.279646153842, 5936.685938461537], [19671.039676923072, 5936.685938461537], [19686.41969230769, 5952.065953846152], [19701.799707692302, 5967.445969230768], [19732.559738461536, 5967.445969230768], [19763.319769230766, 5967.445969230768], [19794.079799999996, 5967.445969230768], [19824.839830769226, 5967.445969230768], [19840.219846153843, 5952.065953846152], [19855.599861538456, 5936.685938461537], [19870.979876923073, 5952.065953846152], [19886.35989230769, 5967.445969230768], [19901.739907692303, 5952.065953846152], [19917.11992307692, 5936.685938461537], [19947.87995384615, 5936.685938461537], [19978.63998461538, 5936.685938461537], [20009.40001538461, 5936.685938461537], [20040.160046153844, 5936.685938461537], [20070.920076923074, 5936.685938461537], [20086.300092307687, 5921.305923076922], [20101.680107692304, 5905.925907692306], [20132.440138461534, 5905.925907692306], [20163.200169230764, 5905.925907692306], [20193.960199999998, 5905.925907692306], [20209.34021538461, 5890.545892307691], [20224.720230769228, 5875.165876923075], [20255.480261538458, 5875.165876923075], [20270.86027692307, 5859.78586153846], [20286.240292307688, 5844.405846153845], [20301.620307692305, 5859.78586153846], [20317.000323076918, 5875.165876923075], [20332.380338461535, 5890.545892307691], [20347.760353846148, 5905.925907692306], [20363.140369230765, 5921.305923076922], [20378.52038461538, 5936.685938461537], [20393.900399999995, 5952.065953846152], [20409.280415384612, 5967.445969230768], [20424.660430769225, 5982.825984615383], [20440.040446153842, 5998.205999999999], [20470.800476923072, 5998.205999999999], [20486.18049230769, 6013.586015384614], [20501.560507692302, 6028.966030769229], [20532.320538461536, 6028.966030769229], [20547.70055384615, 6044.346046153845], [20563.080569230766, 6059.72606153846], [20593.840599999996, 6059.72606153846], [20624.600630769226, 6059.72606153846], [20655.360661538456, 6059.72606153846], [20686.12069230769, 6059.72606153846], [20716.88072307692, 6059.72606153846], [20732.260738461533, 6075.106076923075], [20747.64075384615, 6090.486092307691], [20778.40078461538, 6090.486092307691], [20793.780799999997, 6105.866107692306], [20793.780799999997, 6136.626138461537], [20809.16081538461, 6152.006153846152], [20824.540830769227, 6167.386169230768], [20839.920846153844, 6182.766184615383], [20855.300861538457, 6198.146199999998], [20870.680876923074, 6213.526215384614], [20886.060892307687, 6228.906230769229], [20901.440907692304, 6244.286246153845], [20916.820923076917, 6259.66626153846], [20932.200938461534, 6275.046276923075], [20947.58095384615, 6290.426292307691], [20962.960969230764, 6305.806307692306], [20978.34098461538, 6321.186323076922], [20993.720999999994, 6336.566338461537], [21009.10101538461, 6351.946353846152], [21024.481030769228, 6367.326369230768], [21039.86104615384, 6382.706384615383], [21055.241061538458, 6398.086399999998], [21086.001092307688, 6398.086399999998], [21101.381107692305, 6413.466415384614], [21116.761123076918, 6428.846430769229], [21132.141138461535, 6444.226446153845], [21147.521153846148, 6459.60646153846], [21178.28118461538, 6459.60646153846], [21193.661199999995, 6474.986476923075], [21209.041215384612, 6490.366492307691], [21239.801246153842, 6490.366492307691], [21255.18126153846, 6505.746507692306], [21270.561276923072, 6521.126523076921], [21285.94129230769, 6536.506538461537], [21301.321307692302, 6551.886553846152], [21316.70132307692, 6567.266569230768], [21332.081338461536, 6582.646584615383], [21347.46135384615, 6598.026599999998], [21362.841369230766, 6613.406615384614], [21378.22138461538, 6628.786630769229], [21393.601399999996, 6644.166646153845], [21408.981415384613, 6659.54666153846], [21424.361430769226, 6674.926676923075], [21439.741446153843, 6690.306692307691], [21455.121461538456, 6705.686707692306], [21470.501476923073, 6721.066723076921], [21485.88149230769, 6736.446738461537], [21501.261507692303, 6751.826753846152], [21516.64152307692, 6767.206769230768], [21532.021538461533, 6782.586784615383], [21547.40155384615, 6797.966799999998], [21562.781569230763, 6813.346815384614], [21578.16158461538, 6828.726830769229], [21593.541599999997, 6844.106846153844], [21608.92161538461, 6859.48686153846], [21624.301630769227, 6874.866876923075], [21608.92161538461, 6890.246892307691], [21593.541599999997, 6905.626907692306], [21593.541599999997, 6936.386938461537], [21593.541599999997, 6967.146969230768], [21593.541599999997, 6997.906999999998], [21593.541599999997, 7028.667030769229], [21608.92161538461, 7044.047046153844], [21624.301630769227, 7059.42706153846], [21624.301630769227, 7090.187092307691], [21624.301630769227, 7120.947123076921], [21624.301630769227, 7151.707153846152], [21624.301630769227, 7182.467184615383], [21624.301630769227, 7213.227215384614], [21639.68164615384, 7228.607230769229], [21655.061661538457, 7243.987246153844], [21655.061661538457, 7274.747276923075], [21670.441676923074, 7290.127292307691], [21685.821692307687, 7305.507307692306], [21685.821692307687, 7336.267338461537], [21701.201707692304, 7351.647353846152], [21716.581723076917, 7367.027369230767], [21731.961738461534, 7382.407384615383], [21747.34175384615, 7397.787399999998], [21762.721769230764, 7413.167415384614], [21778.10178461538, 7428.547430769229], [21793.481799999994, 7443.927446153844], [21808.86181538461, 7459.30746153846], [21824.241830769228, 7474.687476923075], [21839.62184615384, 7490.06749230769], [21855.001861538458, 7505.447507692306], [21870.38187692307, 7520.827523076921], [21885.761892307688, 7536.207538461537], [21901.141907692305, 7551.587553846152], [21916.521923076918, 7566.967569230767], [21931.901938461535, 7582.347584615383], [21947.281953846148, 7597.727599999998], [21962.661969230765, 7613.107615384614], [21978.04198461538, 7628.487630769229], [21993.421999999995, 7643.867646153844], [22008.802015384612, 7659.24766153846], [22024.182030769225, 7674.627676923075], [22039.562046153842, 7690.00769230769], [22054.94206153846, 7705.387707692306], [22070.322076923072, 7720.767723076921], [22085.70209230769, 7736.147738461537], [22101.082107692302, 7751.527753846152], [22131.842138461536, 7751.527753846152], [22147.22215384615, 7766.907769230767], [22162.602169230766, 7782.287784615383], [22177.98218461538, 7797.667799999998], [22193.362199999996, 7813.047815384613], [22208.74221538461, 7828.427830769229], [22224.122230769226, 7843.807846153844], [22254.882261538456, 7843.807846153844], [22270.262276923073, 7859.18786153846], [22285.642292307686, 7874.567876923075], [22301.022307692303, 7889.94789230769], [22301.022307692303, 7920.707923076921], [22316.40232307692, 7936.087938461537], [22331.782338461533, 7951.467953846152], [22331.782338461533, 7982.227984615383], [22347.16235384615, 7997.607999999998], [22362.542369230763, 8012.988015384613], [22362.542369230763, 8043.748046153844], [22362.542369230763, 8074.508076923075], [22377.92238461538, 8089.88809230769], [22393.302399999997, 8105.268107692306], [22393.302399999997, 8136.028138461536], [22408.68241538461, 8151.408153846152], [22424.062430769227, 8166.788169230767], [22424.062430769227, 8197.548199999997], [22439.44244615384, 8212.928215384614], [22454.822461538457, 8228.30823076923], [22470.202476923074, 8243.688246153844], [22485.582492307687, 8259.06826153846], [22500.962507692304, 8274.448276923074], [22516.342523076917, 8289.828292307691], [22531.722538461534, 8305.208307692306], [22547.10255384615, 8320.588323076921], [22562.482569230764, 8335.968338461536], [22577.86258461538, 8351.348353846151], [22593.242599999994, 8366.728369230768], [22608.62261538461, 8382.108384615383], [22624.002630769228, 8397.488399999998], [22639.38264615384, 8412.868415384613], [22654.762661538458, 8428.248430769228], [22670.14267692307, 8443.628446153845], [22685.522692307688, 8459.00846153846], [22700.902707692305, 8474.388476923075], [22716.282723076918, 8489.76849230769], [22747.042753846148, 8489.76849230769], [22762.422769230765, 8505.148507692305], [22777.802784615382, 8520.52852307692], [22808.562815384612, 8520.52852307692], [22823.942830769225, 8535.908538461537], [22839.322846153842, 8551.288553846152], [22870.082876923072, 8551.288553846152], [22900.842907692302, 8551.288553846152], [22931.602938461532, 8551.288553846152], [22962.362969230766, 8551.288553846152], [22993.122999999996, 8551.288553846152], [23008.50301538461, 8566.668569230767], [23023.883030769226, 8582.048584615382], [23039.263046153843, 8566.668569230767], [23054.643061538456, 8551.288553846152], [23085.403092307686, 8551.288553846152], [23116.16312307692, 8551.288553846152], [23146.92315384615, 8551.288553846152], [23177.68318461538, 8551.288553846152], [23208.44321538461, 8551.288553846152], [23223.823230769227, 8535.908538461537], [23239.20324615384, 8520.52852307692], [23269.963276923074, 8520.52852307692], [23285.343292307687, 8505.148507692305], [23300.723307692304, 8489.76849230769], [23331.483338461534, 8489.76849230769], [23346.86335384615, 8474.388476923075], [23362.243369230764, 8459.00846153846], [23377.62338461538, 8443.628446153845], [23393.003399999994, 8428.248430769228], [23408.38341538461, 8412.868415384613], [23423.763430769228, 8397.488399999998], [23439.14344615384, 8382.108384615383], [23439.14344615384, 8351.348353846151], [23439.14344615384, 8320.588323076921], [23454.523461538458, 8305.208307692306], [23469.90347692307, 8289.828292307691], [23469.90347692307, 8259.06826153846], [23469.90347692307, 8228.30823076923], [23469.90347692307, 8197.548199999997], [23485.283492307688, 8182.168184615383], [23500.6635076923, 8166.788169230767], [23500.6635076923, 8136.028138461536], [23516.043523076918, 8120.648123076921], [23531.423538461535, 8105.268107692306], [23531.423538461535, 8074.508076923075], [23546.803553846148, 8059.12806153846], [23562.183569230765, 8043.748046153844], [23562.183569230765, 8012.988015384613], [23562.183569230765, 7982.227984615383], [23562.183569230765, 7951.467953846152], [23562.183569230765, 7920.707923076921], [23562.183569230765, 7889.94789230769], [23546.803553846148, 7874.567876923075], [23531.423538461535, 7859.18786153846], [23531.423538461535, 7828.427830769229], [23531.423538461535, 7797.667799999998], [23531.423538461535, 7766.907769230767], [23516.043523076918, 7751.527753846152], [23500.6635076923, 7736.147738461537], [23500.6635076923, 7705.387707692306], [23485.283492307688, 7690.00769230769], [23469.90347692307, 7674.627676923075], [23469.90347692307, 7643.867646153844], [23469.90347692307, 7613.107615384614], [23454.523461538458, 7597.727599999998], [23439.14344615384, 7582.347584615383], [23439.14344615384, 7551.587553846152], [23439.14344615384, 7520.827523076921], [23439.14344615384, 7490.06749230769], [23439.14344615384, 7459.30746153846], [23439.14344615384, 7428.547430769229], [23423.763430769228, 7413.167415384614], [23408.38341538461, 7397.787399999998], [23408.38341538461, 7367.027369230767], [23393.003399999994, 7351.647353846152], [23377.62338461538, 7336.267338461537], [23362.243369230764, 7320.887323076921], [23346.86335384615, 7305.507307692306], [23331.483338461534, 7290.127292307691], [23316.103323076917, 7274.747276923075], [23316.103323076917, 7243.987246153844], [23300.723307692304, 7228.607230769229], [23285.343292307687, 7213.227215384614], [23269.963276923074, 7197.847199999998], [23254.583261538457, 7182.467184615383], [23239.20324615384, 7167.087169230767], [23223.823230769227, 7151.707153846152], [23208.44321538461, 7136.327138461537], [23193.063199999997, 7120.947123076921], [23193.063199999997, 7090.187092307691], [23193.063199999997, 7059.42706153846], [23177.68318461538, 7044.047046153844], [23162.303169230763, 7028.667030769229], [23162.303169230763, 6997.906999999998], [23162.303169230763, 6967.146969230768], [23146.92315384615, 6951.766953846152], [23131.543138461533, 6936.386938461537], [23131.543138461533, 6905.626907692306], [23131.543138461533, 6874.866876923075], [23116.16312307692, 6859.48686153846], [23100.783107692303, 6844.106846153844], [23100.783107692303, 6813.346815384614], [23085.403092307686, 6797.966799999998], [23070.023076923073, 6782.586784615383], [23070.023076923073, 6751.826753846152], [23054.643061538456, 6736.446738461537], [23039.263046153843, 6721.066723076921], [23023.883030769226, 6705.686707692306], [23008.50301538461, 6690.306692307691], [23008.50301538461, 6659.54666153846], [22993.122999999996, 6644.166646153845], [22977.74298461538, 6628.786630769229], [22977.74298461538, 6598.026599999998], [22977.74298461538, 6567.266569230768], [22962.362969230766, 6551.886553846152], [22946.98295384615, 6536.506538461537], [22946.98295384615, 6505.746507692306], [22946.98295384615, 6474.986476923075], [22931.602938461532, 6459.60646153846], [22916.22292307692, 6444.226446153845], [22916.22292307692, 6413.466415384614], [22916.22292307692, 6382.706384615383], [22900.842907692302, 6367.326369230768], [22885.46289230769, 6351.946353846152], [22885.46289230769, 6321.186323076922], [22885.46289230769, 6290.426292307691], [22870.082876923072, 6275.046276923075], [22854.702861538455, 6259.66626153846], [22854.702861538455, 6228.906230769229], [22854.702861538455, 6198.146199999998], [22839.322846153842, 6182.766184615383], [22823.942830769225, 6167.386169230768], [22823.942830769225, 6136.626138461537], [22808.562815384612, 6121.246123076922], [22793.182799999995, 6105.866107692306], [22777.802784615382, 6090.486092307691], [22762.422769230765, 6075.106076923075], [22762.422769230765, 6044.346046153845], [22747.042753846148, 6028.966030769229], [22731.662738461535, 6013.586015384614], [22716.282723076918, 5998.205999999999], [22700.902707692305, 5982.825984615383], [22685.522692307688, 5967.445969230768], [22670.14267692307, 5952.065953846152], [22654.762661538458, 5936.685938461537], [22639.38264615384, 5921.305923076922], [22624.002630769228, 5905.925907692306], [22608.62261538461, 5890.545892307691], [22593.242599999994, 5875.165876923075], [22577.86258461538, 5859.78586153846], [22562.482569230764, 5844.405846153845], [22547.10255384615, 5829.025830769229], [22531.722538461534, 5813.645815384614], [22516.342523076917, 5798.265799999999], [22500.962507692304, 5782.885784615383], [22485.582492307687, 5767.505769230768], [22470.202476923074, 5752.125753846152], [22454.822461538457, 5736.745738461537], [22439.44244615384, 5721.365723076922], [22424.062430769227, 5705.985707692306], [22424.062430769227, 5675.225676923076], [22408.68241538461, 5659.84566153846], [22393.302399999997, 5644.465646153845], [22377.92238461538, 5629.085630769229], [22362.542369230763, 5613.705615384614], [22347.16235384615, 5598.325599999999], [22331.782338461533, 5582.945584615383], [22316.40232307692, 5567.565569230768], [22301.022307692303, 5552.185553846152], [22301.022307692303, 5521.425523076922], [22285.642292307686, 5506.045507692306], [22270.262276923073, 5490.665492307691], [22254.882261538456, 5475.285476923076], [22239.502246153843, 5459.90546153846], [22224.122230769226, 5444.525446153845], [22208.74221538461, 5429.145430769229], [22208.74221538461, 5398.385399999999], [22193.362199999996, 5383.005384615383], [22177.98218461538, 5367.625369230768], [22162.602169230766, 5352.245353846153], [22147.22215384615, 5336.865338461537], [22131.842138461536, 5321.485323076922], [22116.46212307692, 5306.105307692306], [22101.082107692302, 5290.725292307691], [22085.70209230769, 5275.345276923076], [22070.322076923072, 5259.96526153846], [22054.94206153846, 5244.585246153845], [22039.562046153842, 5229.205230769229], [22024.182030769225, 5213.825215384614], [22008.802015384612, 5198.445199999999], [21993.421999999995, 5183.065184615383], [21978.04198461538, 5167.685169230768], [21962.661969230765, 5152.305153846153], [21947.281953846148, 5136.925138461537], [21916.521923076918, 5136.925138461537], [21901.141907692305, 5121.545123076922], [21885.761892307688, 5106.165107692306], [21870.38187692307, 5090.785092307691], [21855.001861538458, 5075.405076923076], [21839.62184615384, 5060.02506153846], [21824.241830769228, 5044.645046153845], [21793.481799999994, 5044.645046153845], [21778.10178461538, 5029.26503076923], [21762.721769230764, 5013.885015384614], [21747.34175384615, 4998.504999999999], [21731.961738461534, 4983.124984615383], [21716.581723076917, 4967.744969230768], [21701.201707692304, 4952.364953846153], [21670.441676923074, 4952.364953846153], [21655.061661538457, 4936.984938461537], [21639.68164615384, 4921.604923076922], [21608.92161538461, 4921.604923076922], [21593.541599999997, 4906.224907692306], [21578.16158461538, 4890.844892307691], [21562.781569230763, 4875.464876923076], [21547.40155384615, 4860.08486153846], [21532.021538461533, 4844.704846153845], [21516.64152307692, 4829.32483076923], [21485.88149230769, 4829.32483076923], [21470.501476923073, 4813.944815384614], [21455.121461538456, 4798.564799999999], [21424.361430769226, 4798.564799999999], [21408.981415384613, 4783.184784615383], [21393.601399999996, 4767.804769230768], [21362.841369230766, 4767.804769230768], [21347.46135384615, 4752.424753846153], [21332.081338461536, 4737.044738461537], [21301.321307692302, 4737.044738461537], [21285.94129230769, 4721.664723076922], [21270.561276923072, 4706.284707692307], [21239.801246153842, 4706.284707692307], [21209.041215384612, 4706.284707692307], [21193.661199999995, 4690.904692307691], [21178.28118461538, 4675.524676923076], [21147.521153846148, 4675.524676923076], [21116.761123076918, 4675.524676923076], [21101.381107692305, 4660.14466153846], [21086.001092307688, 4644.764646153845], [21055.241061538458, 4644.764646153845], [21039.86104615384, 4629.38463076923], [21024.481030769228, 4614.004615384614], [20993.720999999994, 4614.004615384614], [20962.960969230764, 4614.004615384614], [20932.200938461534, 4614.004615384614], [20901.440907692304, 4614.004615384614], [20886.060892307687, 4598.624599999999], [20870.680876923074, 4583.244584615383], [20839.920846153844, 4583.244584615383], [20809.16081538461, 4583.244584615383], [20778.40078461538, 4583.244584615383], [20747.64075384615, 4583.244584615383], [20716.88072307692, 4583.244584615383], [20686.12069230769, 4583.244584615383], [20655.360661538456, 4583.244584615383], [20624.600630769226, 4583.244584615383], [20593.840599999996, 4583.244584615383], [20563.080569230766, 4583.244584615383], [20532.320538461536, 4583.244584615383], [20501.560507692302, 4583.244584615383], [20486.18049230769, 4567.864569230768], [20470.800476923072, 4552.484553846153], [20440.040446153842, 4552.484553846153], [20409.280415384612, 4552.484553846153], [20378.52038461538, 4552.484553846153], [20347.760353846148, 4552.484553846153], [20317.000323076918, 4552.484553846153], [20286.240292307688, 4552.484553846153], [20255.480261538458, 4552.484553846153], [20240.10024615384, 4537.104538461537], [20224.720230769228, 4521.724523076922], [20193.960199999998, 4521.724523076922], [20163.200169230764, 4521.724523076922], [20132.440138461534, 4521.724523076922], [20101.680107692304, 4521.724523076922], [20070.920076923074, 4521.724523076922], [20040.160046153844, 4521.724523076922], [20009.40001538461, 4521.724523076922], [19978.63998461538, 4521.724523076922], [19947.87995384615, 4521.724523076922], [19917.11992307692, 4521.724523076922], [19901.739907692303, 4537.104538461537], [19886.35989230769, 4552.484553846153], [19855.599861538456, 4552.484553846153], [19824.839830769226, 4552.484553846153], [19794.079799999996, 4552.484553846153], [19763.319769230766, 4552.484553846153], [19732.559738461536, 4552.484553846153], [19717.17972307692, 4567.864569230768], [19701.799707692302, 4583.244584615383], [19671.039676923072, 4583.244584615383], [19640.279646153842, 4583.244584615383], [19609.519615384612, 4583.244584615383], [19578.75958461538, 4583.244584615383], [19547.99955384615, 4583.244584615383], [19532.619538461535, 4598.624599999999], [19517.239523076918, 4614.004615384614], [19486.479492307688, 4614.004615384614], [19455.719461538458, 4614.004615384614], [19424.959430769228, 4614.004615384614], [19409.57941538461, 4629.38463076923], [19394.199399999998, 4644.764646153845], [19363.439369230764, 4644.764646153845], [19348.05935384615, 4660.14466153846], [19332.679338461534, 4675.524676923076], [19301.919307692304, 4675.524676923076], [19271.159276923074, 4675.524676923076], [19240.399246153844, 4675.524676923076], [19209.63921538461, 4675.524676923076], [19178.87918461538, 4675.524676923076], [19148.11915384615, 4675.524676923076], [19117.35912307692, 4675.524676923076], [19086.59909230769, 4675.524676923076], [19055.839061538456, 4675.524676923076], [19025.079030769226, 4675.524676923076], [19009.699015384613, 4660.14466153846], [18994.318999999996, 4644.764646153845], [18963.558969230766, 4644.764646153845], [18932.798938461536, 4644.764646153845], [18917.41892307692, 4629.38463076923], [18902.038907692306, 4614.004615384614], [18871.278876923072, 4614.004615384614], [18840.518846153842, 4614.004615384614], [18825.13883076923, 4629.38463076923], [18809.75881538461, 4644.764646153845], [18794.378799999995, 4660.14466153846], [18794.378799999995, 4690.904692307691], [18778.99878461538, 4706.284707692307], [18748.23875384615, 4706.284707692307], [18717.478723076918, 4706.284707692307], [18702.098707692305, 4721.664723076922], [18686.718692307688, 4737.044738461537], [18655.958661538458, 4737.044738461537], [18625.198630769228, 4737.044738461537], [18594.438599999998, 4737.044738461537], [18563.678569230764, 4737.044738461537], [18532.918538461534, 4737.044738461537], [18517.53852307692, 4752.424753846153], [18502.158507692304, 4767.804769230768], [18471.398476923074, 4767.804769230768], [18456.018461538457, 4783.184784615383], [18440.638446153844, 4798.564799999999], [18409.87841538461, 4798.564799999999], [18394.498399999997, 4813.944815384614], [18379.11838461538, 4829.32483076923], [18363.738369230767, 4844.704846153845], [18348.35835384615, 4860.08486153846], [18332.978338461533, 4875.464876923076], [18317.59832307692, 4890.844892307691], [18302.218307692303, 4906.224907692306], [18286.83829230769, 4921.604923076922], [18271.458276923073, 4936.984938461537], [18271.458276923073, 4967.744969230768], [18256.07826153846, 4983.124984615383], [18240.698246153843, 4998.504999999999], [18240.698246153843, 5029.26503076923], [18225.318230769226, 5044.645046153845], [18194.558199999996, 5044.645046153845], [18179.178184615383, 5060.02506153846], [18179.178184615383, 5090.785092307691], [18194.558199999996, 5106.165107692306], [18209.938215384613, 5121.545123076922], [18209.938215384613, 5152.305153846153], [18209.938215384613, 5183.065184615383], [18225.318230769226, 5198.445199999999], [18240.698246153843, 5213.825215384614], [18225.318230769226, 5229.205230769229], [18209.938215384613, 5244.585246153845], [18209.938215384613, 5275.345276923076], [18209.938215384613, 5306.105307692306], [18194.558199999996, 5321.485323076922], [18179.178184615383, 5336.865338461537], [18179.178184615383, 5367.625369230768], [18163.798169230766, 5383.005384615383], [18148.41815384615, 5398.385399999999], [18133.038138461536, 5413.765415384614], [18117.65812307692, 5429.145430769229], [18102.278107692306, 5444.525446153845], [18086.89809230769, 5459.90546153846], [18071.518076923072, 5475.285476923076], [18056.13806153846, 5490.665492307691], [18040.758046153842, 5506.045507692306], [18009.99801538461, 5506.045507692306], [17994.617999999995, 5521.425523076922], [17979.23798461538, 5536.805538461537], [17948.47795384615, 5536.805538461537], [17917.717923076918, 5536.805538461537], [17902.337907692305, 5552.185553846152], [17886.957892307688, 5567.565569230768], [17856.197861538458, 5567.565569230768], [17840.81784615384, 5582.945584615383], [17825.437830769228, 5598.325599999999], [17810.05781538461, 5613.705615384614], [17794.677799999998, 5629.085630769229], [17779.29778461538, 5644.465646153845], [17763.917769230764, 5659.84566153846], [17748.53775384615, 5675.225676923076], [17733.157738461534, 5690.605692307691], [17717.77772307692, 5705.985707692306], [17702.397707692304, 5721.365723076922], [17687.017692307687, 5736.745738461537], [17687.017692307687, 5767.505769230768], [17671.637676923074, 5782.885784615383], [17656.257661538457, 5798.265799999999], [17640.877646153844, 5813.645815384614], [17625.497630769227, 5829.025830769229], [17610.117615384614, 5844.405846153845], [17594.737599999997, 5859.78586153846], [17579.35758461538, 5875.165876923075], [17563.977569230767, 5890.545892307691], [17548.59755384615, 5905.925907692306], [17533.217538461537, 5921.305923076922], [17517.83752307692, 5936.685938461537], [17502.457507692303, 5952.065953846152], [17502.457507692303, 5982.825984615383], [17487.07749230769, 5998.205999999999], [17471.697476923073, 6013.586015384614], [17471.697476923073, 6044.346046153845], [17456.31746153846, 6059.72606153846], [17440.937446153843, 6075.106076923075], [17425.557430769226, 6090.486092307691], [17410.177415384613, 6105.866107692306], [17394.797399999996, 6121.246123076922], [17379.417384615383, 6136.626138461537], [17364.037369230766, 6152.006153846152], [17348.65735384615, 6167.386169230768], [17333.277338461536, 6182.766184615383], [17317.89732307692, 6198.146199999998], [17302.517307692306, 6213.526215384614], [17287.13729230769, 6228.906230769229], [17271.757276923072, 6244.286246153845], [17256.37726153846, 6259.66626153846], [17240.997246153842, 6275.046276923075], [17225.61723076923, 6290.426292307691], [17225.61723076923, 6321.186323076922], [17225.61723076923, 6351.946353846152], [17210.23721538461, 6367.326369230768], [17194.857199999995, 6382.706384615383], [17179.47718461538, 6398.086399999998], [17164.097169230765, 6413.466415384614], [17164.097169230765, 6444.226446153845], [17148.71715384615, 6459.60646153846], [17133.337138461535, 6474.986476923075], [17117.957123076918, 6490.366492307691], [17102.577107692305, 6505.746507692306], [17087.197092307688, 6521.126523076921], [17071.817076923075, 6536.506538461537], [17071.817076923075, 6567.266569230768], [17071.817076923075, 6598.026599999998], [17056.437061538458, 6613.406615384614], [17041.05704615384, 6628.786630769229], [17041.05704615384, 6659.54666153846], [17041.05704615384, 6690.306692307691], [17041.05704615384, 6721.066723076921], [17025.677030769228, 6736.446738461537], [17010.29701538461, 6751.826753846152], [17010.29701538461, 6782.586784615383], [17025.677030769228, 6797.966799999998], [17041.05704615384, 6813.346815384614], [17041.05704615384, 6844.106846153844], [17056.437061538458, 6859.48686153846], [17071.817076923075, 6874.866876923075], [17071.817076923075, 6905.626907692306], [17087.197092307688, 6921.006923076921], [17102.577107692305, 6936.386938461537], [17102.577107692305, 6967.146969230768], [17087.197092307688, 6982.526984615383], [17056.437061538458, 6982.526984615383], [17041.05704615384, 6997.906999999998], [17025.677030769228, 7013.287015384614], [17010.29701538461, 7028.667030769229], [16994.916999999998, 7044.047046153844], [16979.53698461538, 7059.42706153846], [16964.156969230768, 7074.807076923075], [16948.77695384615, 7090.187092307691], [16933.396938461534, 7105.567107692306], [16918.01692307692, 7120.947123076921], [16902.636907692304, 7136.327138461537], [16887.25689230769, 7151.707153846152], [16871.876876923074, 7167.087169230767], [16856.496861538457, 7182.467184615383], [16841.116846153844, 7197.847199999998], [16825.736830769227, 7213.227215384614], [16810.356815384614, 7228.607230769229], [16794.976799999997, 7243.987246153844], [16779.59678461538, 7259.36726153846], [16764.216769230767, 7274.747276923075], [16748.83675384615, 7290.127292307691], [16733.456738461537, 7305.507307692306], [16718.07672307692, 7320.887323076921], [16702.696707692303, 7336.267338461537], [16687.31669230769, 7351.647353846152], [16671.936676923073, 7367.027369230767], [16656.55666153846, 7382.407384615383], [16641.176646153843, 7397.787399999998], [16625.796630769226, 7413.167415384614], [16610.416615384613, 7428.547430769229], [16595.036599999996, 7443.927446153844], [16579.656584615383, 7459.30746153846], [16564.276569230766, 7474.687476923075], [16548.89655384615, 7490.06749230769], [16533.516538461536, 7505.447507692306], [16518.13652307692, 7520.827523076921], [16502.756507692306, 7536.207538461537], [16487.37649230769, 7551.587553846152], [16471.996476923072, 7566.967569230767], [16456.61646153846, 7582.347584615383], [16441.236446153842, 7597.727599999998], [16425.85643076923, 7613.107615384614], [16410.47641538461, 7628.487630769229], [16395.096399999995, 7643.867646153844], [16379.716384615382, 7659.24766153846], [16364.336369230767, 7674.627676923075], [16348.95635384615, 7690.00769230769], [16333.576338461535, 7705.387707692306], [16318.19632307692, 7720.767723076921], [16302.816307692305, 7736.147738461537], [16287.43629230769, 7751.527753846152], [16272.056276923073, 7766.907769230767], [16256.676261538458, 7782.287784615383], [16241.296246153843, 7797.667799999998], [16225.916230769228, 7813.047815384613], [16195.156199999998, 7813.047815384613], [16179.77618461538, 7828.427830769229], [16164.396169230766, 7843.807846153844], [16133.636138461536, 7843.807846153844], [16102.876107692304, 7843.807846153844], [16072.116076923074, 7843.807846153844], [16041.356046153844, 7843.807846153844], [16010.596015384612, 7843.807846153844], [15995.215999999997, 7859.18786153846], [15979.835984615382, 7874.567876923075], [15964.455969230767, 7889.94789230769], [15949.07595384615, 7905.327907692306], [15933.695938461535, 7920.707923076921], [15918.31592307692, 7936.087938461537], [15902.935907692305, 7951.467953846152], [15887.55589230769, 7966.847969230767], [15872.175876923075, 7982.227984615383], [15856.795861538458, 7997.607999999998], [15841.415846153843, 8012.988015384613], [15826.035830769228, 8028.368030769229], [15810.655815384613, 8043.748046153844], [15795.275799999998, 8059.12806153846], [15779.89578461538, 8074.508076923075], [15779.89578461538, 8105.268107692306], [15764.515769230766, 8120.648123076921], [15749.13575384615, 8136.028138461536], [15733.755738461536, 8151.408153846152], [15718.37572307692, 8166.788169230767], [15718.37572307692, 8197.548199999997], [15718.37572307692, 8228.30823076923], [15718.37572307692, 8259.06826153846], [15702.995707692304, 8274.448276923074], [15687.615692307689, 8289.828292307691], [15687.615692307689, 8320.588323076921], [15672.235676923074, 8335.968338461536], [15656.855661538459, 8351.348353846151], [15641.475646153844, 8366.728369230768], [15626.095630769227, 8382.108384615383], [15626.095630769227, 8412.868415384613], [15610.715615384612, 8428.248430769228], [15595.335599999997, 8443.628446153845], [15595.335599999997, 8474.388476923075], [15595.335599999997, 8505.148507692305], [15579.955584615382, 8520.52852307692], [15564.575569230767, 8535.908538461537], [15564.575569230767, 8566.668569230767], [15579.955584615382, 8582.048584615382], [15595.335599999997, 8597.428599999997], [15579.955584615382, 8612.808615384614], [15564.575569230767, 8628.18863076923], [15579.955584615382, 8643.568646153844], [15595.335599999997, 8658.94866153846], [15579.955584615382, 8674.328676923074], [15564.575569230767, 8689.708692307691], [15549.195553846152, 8705.088707692306], [15533.815538461535, 8720.468723076921], [15518.43552307692, 8735.848738461536], [15503.055507692305, 8751.228753846151], [15503.055507692305, 8781.988784615383], [15503.055507692305, 8812.748815384613], [15503.055507692305, 8843.508846153843], [15503.055507692305, 8874.268876923075], [15503.055507692305, 8905.028907692305], [15503.055507692305, 8935.788938461537], [15503.055507692305, 8966.548969230767], [15487.67549230769, 8981.928984615382], [15472.295476923075, 8997.308999999997], [15472.295476923075, 9028.06903076923], [15472.295476923075, 9058.82906153846], [15456.915461538458, 9074.209076923074], [15441.535446153843, 9089.589092307691], [15441.535446153843, 9120.349123076921], [15441.535446153843, 9151.109153846151], [15441.535446153843, 9181.869184615383], [15441.535446153843, 9212.629215384613], [15426.155430769228, 9228.009230769228], [15410.775415384613, 9243.389246153843], [15410.775415384613, 9274.149276923075], [15410.775415384613, 9304.909307692305], [15410.775415384613, 9335.669338461537], [15410.775415384613, 9366.429369230767], [15410.775415384613, 9397.189399999997], [15410.775415384613, 9427.94943076923], [15410.775415384613, 9458.70946153846], [15426.155430769228, 9474.089476923074], [15441.535446153843, 9458.70946153846], [15441.535446153843, 9427.94943076923], [15441.535446153843, 9397.189399999997], [15441.535446153843, 9366.429369230767], [15456.915461538458, 9351.049353846152], [15472.295476923075, 9335.669338461537], [15472.295476923075, 9304.909307692305], [15487.67549230769, 9289.52929230769], [15503.055507692305, 9274.149276923075], [15503.055507692305, 9243.389246153843], [15503.055507692305, 9212.629215384613], [15503.055507692305, 9181.869184615383], [15503.055507692305, 9151.109153846151], [15518.43552307692, 9135.729138461536], [15533.815538461535, 9151.109153846151], [15533.815538461535, 9181.869184615383], [15549.195553846152, 9197.249199999998], [15564.575569230767, 9212.629215384613], [15564.575569230767, 9243.389246153843], [15579.955584615382, 9258.76926153846], [15595.335599999997, 9274.149276923075], [15595.335599999997, 9304.909307692305], [15595.335599999997, 9335.669338461537], [15595.335599999997, 9366.429369230767], [15595.335599999997, 9397.189399999997], [15595.335599999997, 9427.94943076923], [15579.955584615382, 9443.329446153844], [15564.575569230767, 9458.70946153846], [15564.575569230767, 9489.46949230769], [15564.575569230767, 9520.229523076921], [15549.195553846152, 9535.609538461536], [15533.815538461535, 9550.989553846151], [15533.815538461535, 9581.749584615383], [15533.815538461535, 9612.509615384613], [15518.43552307692, 9627.889630769228], [15503.055507692305, 9643.269646153843], [15503.055507692305, 9674.029676923075], [15503.055507692305, 9704.789707692305], [15487.67549230769, 9720.16972307692], [15472.295476923075, 9735.549738461537], [15472.295476923075, 9766.309769230767], [15456.915461538458, 9781.689784615382], [15441.535446153843, 9766.309769230767], [15441.535446153843, 9735.549738461537], [15441.535446153843, 9704.789707692305], [15441.535446153843, 9674.029676923075], [15441.535446153843, 9643.269646153843], [15441.535446153843, 9612.509615384613], [15441.535446153843, 9581.749584615383], [15426.155430769228, 9566.369569230767], [15410.775415384613, 9581.749584615383], [15410.775415384613, 9612.509615384613], [15410.775415384613, 9643.269646153843], [15410.775415384613, 9674.029676923075], [15410.775415384613, 9704.789707692305], [15395.395399999998, 9720.16972307692], [15380.01538461538, 9735.549738461537], [15380.01538461538, 9766.309769230767], [15395.395399999998, 9781.689784615382], [15410.775415384613, 9797.069799999997], [15410.775415384613, 9827.82983076923], [15410.775415384613, 9858.58986153846], [15410.775415384613, 9889.34989230769], [15410.775415384613, 9920.109923076921], [15426.155430769228, 9935.489938461536], [15441.535446153843, 9950.869953846151], [15441.535446153843, 9981.629984615383], [15456.915461538458, 9997.009999999998], [15472.295476923075, 9981.629984615383], [15472.295476923075, 9950.869953846151], [15472.295476923075, 9920.109923076921], [15472.295476923075, 9889.34989230769], [15472.295476923075, 9858.58986153846], [15487.67549230769, 9843.209846153844], [15503.055507692305, 9858.58986153846], [15503.055507692305, 9889.34989230769], [15503.055507692305, 9920.109923076921], [15503.055507692305, 9950.869953846151], [15503.055507692305, 9981.629984615383], [15503.055507692305, 10012.390015384613], [15503.055507692305, 10043.150046153844], [15503.055507692305, 10073.910076923075], [15518.43552307692, 10089.29009230769], [15533.815538461535, 10104.670107692305], [15549.195553846152, 10120.05012307692], [15564.575569230767, 10135.430138461536], [15564.575569230767, 10166.190169230767], [15564.575569230767, 10196.950199999997], [15564.575569230767, 10227.71023076923], [15564.575569230767, 10258.47026153846], [15564.575569230767, 10289.23029230769], [15579.955584615382, 10304.610307692306], [15595.335599999997, 10319.990323076921], [15595.335599999997, 10350.750353846151], [15579.955584615382, 10366.130369230767], [15564.575569230767, 10381.510384615383], [15579.955584615382, 10396.890399999998], [15595.335599999997, 10412.270415384613], [15595.335599999997, 10443.030446153844], [15595.335599999997, 10473.790476923075], [15595.335599999997, 10504.550507692305], [15595.335599999997, 10535.310538461536], [15610.715615384612, 10550.690553846152], [15626.095630769227, 10566.070569230767], [15626.095630769227, 10596.830599999998], [15626.095630769227, 10627.59063076923], [15641.475646153844, 10642.970646153844], [15656.855661538459, 10658.35066153846], [15656.855661538459, 10689.11069230769], [15656.855661538459, 10719.870723076921], [15641.475646153844, 10735.250738461536], [15626.095630769227, 10750.630753846151], [15626.095630769227, 10781.390784615382], [15626.095630769227, 10812.150815384613], [15641.475646153844, 10827.530830769228], [15656.855661538459, 10842.910846153844], [15672.235676923074, 10858.290861538459], [15687.615692307689, 10873.670876923075], [15687.615692307689, 10904.430907692305], [15702.995707692304, 10919.81092307692], [15718.37572307692, 10935.190938461536], [15733.755738461536, 10950.570953846152], [15749.13575384615, 10965.950969230767], [15749.13575384615, 10996.710999999998], [15764.515769230766, 11012.091015384613], [15779.89578461538, 11027.47103076923], [15795.275799999998, 11042.851046153844], [15810.655815384613, 11058.23106153846], [15810.655815384613, 11088.99109230769], [15826.035830769228, 11104.371107692305], [15841.415846153843, 11119.751123076921], [15856.795861538458, 11135.131138461536], [15872.175876923075, 11150.511153846152], [15887.55589230769, 11165.891169230767], [15902.935907692305, 11181.271184615382], [15918.31592307692, 11196.651199999998], [15933.695938461535, 11212.031215384613], [15949.07595384615, 11227.411230769228], [15964.455969230767, 11242.791246153844], [15979.835984615382, 11258.171261538459], [15995.215999999997, 11273.551276923075], [16010.596015384612, 11288.93129230769], [16025.976030769227, 11304.311307692305], [16041.356046153844, 11319.69132307692], [16056.736061538459, 11335.071338461536], [16072.116076923074, 11350.451353846152], [16102.876107692304, 11350.451353846152], [16118.25612307692, 11365.831369230767], [16133.636138461536, 11381.211384615382], [16149.01615384615, 11396.591399999998], [16164.396169230766, 11411.971415384613], [16179.77618461538, 11427.351430769228], [16195.156199999998, 11442.731446153844], [16210.536215384613, 11458.11146153846], [16225.916230769228, 11473.491476923075], [16256.676261538458, 11473.491476923075], [16272.056276923073, 11488.87149230769], [16287.43629230769, 11504.251507692305], [16318.19632307692, 11504.251507692305], [16333.576338461535, 11519.631523076921], [16348.95635384615, 11535.011538461536], [16379.716384615382, 11535.011538461536], [16410.47641538461, 11535.011538461536], [16441.236446153842, 11535.011538461536], [16471.996476923072, 11535.011538461536], [16502.756507692306, 11535.011538461536], [16533.516538461536, 11535.011538461536], [16564.276569230766, 11535.011538461536], [16595.036599999996, 11535.011538461536], [16625.796630769226, 11535.011538461536], [16656.55666153846, 11535.011538461536], [16671.936676923073, 11519.631523076921], [16687.31669230769, 11504.251507692305], [16718.07672307692, 11504.251507692305], [16748.83675384615, 11504.251507692305], [16764.216769230767, 11488.87149230769], [16779.59678461538, 11473.491476923075], [16810.356815384614, 11473.491476923075], [16825.736830769227, 11458.11146153846], [16841.116846153844, 11442.731446153844], [16871.876876923074, 11442.731446153844], [16887.25689230769, 11458.11146153846], [16902.636907692304, 11473.491476923075], [16933.396938461534, 11473.491476923075], [16964.156969230768, 11473.491476923075], [16979.53698461538, 11488.87149230769], [16994.916999999998, 11504.251507692305], [17025.677030769228, 11504.251507692305], [17041.05704615384, 11519.631523076921], [17056.437061538458, 11535.011538461536], [17071.817076923075, 11550.391553846152], [17087.197092307688, 11565.771569230767], [17102.577107692305, 11581.151584615382], [17117.957123076918, 11596.531599999998], [17133.337138461535, 11611.911615384613], [17148.71715384615, 11627.291630769229], [17164.097169230765, 11642.671646153844], [17164.097169230765, 11673.431676923075], [17179.47718461538, 11688.81169230769], [17194.857199999995, 11704.191707692305], [17210.23721538461, 11719.57172307692], [17225.61723076923, 11734.951738461536], [17240.997246153842, 11750.33175384615], [17271.757276923072, 11750.33175384615], [17287.13729230769, 11765.711769230767], [17302.517307692306, 11781.091784615382], [17317.89732307692, 11796.471799999998], [17333.277338461536, 11811.851815384613], [17364.037369230766, 11811.851815384613], [17394.797399999996, 11811.851815384613], [17410.177415384613, 11827.231830769228], [17425.557430769226, 11842.611846153844], [17456.31746153846, 11842.611846153844], [17487.07749230769, 11842.611846153844], [17502.457507692303, 11857.99186153846], [17517.83752307692, 11873.371876923075], [17548.59755384615, 11873.371876923075], [17579.35758461538, 11873.371876923075], [17594.737599999997, 11888.75189230769], [17610.117615384614, 11904.131907692305], [17640.877646153844, 11904.131907692305], [17671.637676923074, 11904.131907692305], [17687.017692307687, 11919.511923076921], [17702.397707692304, 11934.891938461536], [17733.157738461534, 11934.891938461536], [17763.917769230764, 11934.891938461536], [17779.29778461538, 11950.271953846152], [17794.677799999998, 11965.651969230767], [17825.437830769228, 11965.651969230767], [17856.197861538458, 11965.651969230767], [17886.957892307688, 11965.651969230767], [17917.717923076918, 11965.651969230767], [17948.47795384615, 11965.651969230767], [17979.23798461538, 11965.651969230767], [18009.99801538461, 11965.651969230767], [18025.37803076923, 11981.031984615382], [18040.758046153842, 11996.411999999998], [18071.518076923072, 11996.411999999998], [18086.89809230769, 12011.792015384613], [18102.278107692306, 12027.172030769229], [18117.65812307692, 12042.552046153844], [18133.038138461536, 12057.932061538459], [18148.41815384615, 12073.312076923074], [18163.798169230766, 12088.69209230769], [18179.178184615383, 12104.072107692306], [18194.558199999996, 12119.45212307692], [18225.318230769226, 12119.45212307692], [18240.698246153843, 12134.832138461536], [18256.07826153846, 12150.21215384615], [18286.83829230769, 12150.21215384615], [18302.218307692303, 12165.592169230767], [18317.59832307692, 12180.972184615383], [18348.35835384615, 12180.972184615383], [18379.11838461538, 12180.972184615383], [18409.87841538461, 12180.972184615383], [18440.638446153844, 12180.972184615383], [18471.398476923074, 12180.972184615383], [18502.158507692304, 12180.972184615383], [18517.53852307692, 12165.592169230767], [18532.918538461534, 12150.21215384615], [18563.678569230764, 12150.21215384615], [18594.438599999998, 12150.21215384615], [18609.81861538461, 12165.592169230767], [18625.198630769228, 12180.972184615383], [18640.57864615384, 12196.352199999998], [18655.958661538458, 12211.732215384613], [18671.338676923075, 12227.112230769228], [18686.718692307688, 12242.492246153844], [18717.478723076918, 12242.492246153844], [18748.23875384615, 12242.492246153844], [18763.618769230765, 12227.112230769228], [18778.99878461538, 12211.732215384613], [18794.378799999995, 12196.352199999998], [18809.75881538461, 12180.972184615383], [18825.13883076923, 12165.592169230767], [18840.518846153842, 12150.21215384615], [18855.89886153846, 12134.832138461536], [18871.278876923072, 12119.45212307692], [18886.65889230769, 12104.072107692306], [18902.038907692306, 12088.69209230769], [18917.41892307692, 12073.312076923074], [18932.798938461536, 12057.932061538459], [18948.17895384615, 12042.552046153844], [18963.558969230766, 12027.172030769229], [18978.93898461538, 12011.792015384613], [18978.93898461538, 11981.031984615382], [18994.318999999996, 11965.651969230767], [19009.699015384613, 11950.271953846152], [19025.079030769226, 11934.891938461536], [19040.459046153843, 11950.271953846152], [19040.459046153843, 11981.031984615382], [19040.459046153843, 12011.792015384613], [19025.079030769226, 12027.172030769229], [19009.699015384613, 12042.552046153844], [19009.699015384613, 12073.312076923074], [19025.079030769226, 12088.69209230769], [19040.459046153843, 12104.072107692306], [19040.459046153843, 12134.832138461536], [19040.459046153843, 12165.592169230767], [19040.459046153843, 12196.352199999998], [19040.459046153843, 12227.112230769228], [19040.459046153843, 12257.87226153846], [19055.839061538456, 12273.252276923075], [19071.219076923073, 12288.63229230769], [19071.219076923073, 12319.392323076921], [19086.59909230769, 12334.772338461536], [19101.979107692303, 12350.152353846152], [19117.35912307692, 12365.532369230767], [19132.739138461533, 12380.912384615382], [19148.11915384615, 12396.292399999997], [19163.499169230767, 12411.672415384613], [19178.87918461538, 12427.052430769229], [19194.259199999997, 12442.432446153844], [19209.63921538461, 12457.812461538459], [19225.019230769227, 12473.192476923074], [19240.399246153844, 12488.57249230769], [19271.159276923074, 12488.57249230769], [19286.539292307687, 12503.952507692306], [19301.919307692304, 12519.33252307692], [19332.679338461534, 12519.33252307692], [19363.439369230764, 12519.33252307692], [19394.199399999998, 12519.33252307692], [19424.959430769228, 12519.33252307692], [19455.719461538458, 12519.33252307692], [19486.479492307688, 12519.33252307692], [19517.239523076918, 12519.33252307692], [19547.99955384615, 12519.33252307692], [19578.75958461538, 12519.33252307692], [19594.139599999995, 12534.712538461536], [19609.519615384612, 12550.09255384615], [19640.279646153842, 12550.09255384615], [19671.039676923072, 12550.09255384615], [19701.799707692302, 12550.09255384615], [19732.559738461536, 12550.09255384615], [19763.319769230766, 12550.09255384615], [19794.079799999996, 12550.09255384615], [19809.459815384613, 12565.472569230767], [19824.839830769226, 12580.852584615383], [19855.599861538456, 12580.852584615383], [19870.979876923073, 12565.472569230767], [19886.35989230769, 12550.09255384615], [19917.11992307692, 12550.09255384615]]]}, "properties": {"objectType": "annotation", "name": "P3_1_C|peri", "classification": {"name": "peri", "color": [25, 158, 112]}, "lesion_id": 0, "section": "P3_1_C", "area_um2": 2490750.0000000023, "lesion_ids": [4, 5, 8, 9, 12, 13, 15, 17]}}, {"type": "Feature", "geometry": {"type": "Polygon", "coordinates": [[[21378.22138461538, 11611.911615384613], [21378.22138461538, 11581.151584615382], [21378.22138461538, 11550.391553846152], [21393.601399999996, 11535.011538461536], [21408.981415384613, 11519.631523076921], [21424.361430769226, 11504.251507692305], [21439.741446153843, 11488.87149230769], [21455.121461538456, 11473.491476923075], [21485.88149230769, 11473.491476923075], [21501.261507692303, 11458.11146153846], [21516.64152307692, 11442.731446153844], [21547.40155384615, 11442.731446153844], [21562.781569230763, 11427.351430769228], [21578.16158461538, 11411.971415384613], [21593.541599999997, 11396.591399999998], [21608.92161538461, 11381.211384615382], [21624.301630769227, 11365.831369230767], [21639.68164615384, 11350.451353846152], [21655.061661538457, 11335.071338461536], [21670.441676923074, 11319.69132307692], [21685.821692307687, 11304.311307692305], [21701.201707692304, 11288.93129230769], [21716.581723076917, 11273.551276923075], [21731.961738461534, 11258.171261538459], [21747.34175384615, 11242.791246153844], [21762.721769230764, 11227.411230769228], [21778.10178461538, 11212.031215384613], [21793.481799999994, 11196.651199999998], [21808.86181538461, 11181.271184615382], [21824.241830769228, 11165.891169230767], [21839.62184615384, 11150.511153846152], [21855.001861538458, 11135.131138461536], [21870.38187692307, 11119.751123076921], [21885.761892307688, 11104.371107692305], [21901.141907692305, 11088.99109230769], [21916.521923076918, 11073.611076923075], [21931.901938461535, 11058.23106153846], [21947.281953846148, 11042.851046153844], [21962.661969230765, 11027.47103076923], [21978.04198461538, 11012.091015384613], [21993.421999999995, 10996.710999999998], [22008.802015384612, 10981.330984615382], [22024.182030769225, 10965.950969230767], [22039.562046153842, 10950.570953846152], [22054.94206153846, 10935.190938461536], [22070.322076923072, 10919.81092307692], [22085.70209230769, 10904.430907692305], [22085.70209230769, 10873.670876923075], [22101.082107692302, 10858.290861538459], [22116.46212307692, 10842.910846153844], [22131.842138461536, 10827.530830769228], [22147.22215384615, 10812.150815384613], [22147.22215384615, 10781.390784615382], [22162.602169230766, 10766.010769230767], [22177.98218461538, 10750.630753846151], [22177.98218461538, 10719.870723076921], [22177.98218461538, 10689.11069230769], [22193.362199999996, 10673.730676923074], [22208.74221538461, 10658.35066153846], [22208.74221538461, 10627.59063076923], [22208.74221538461, 10596.830599999998], [22224.122230769226, 10581.450584615382], [22239.502246153843, 10566.070569230767], [22239.502246153843, 10535.310538461536], [22254.882261538456, 10519.93052307692], [22270.262276923073, 10504.550507692305], [22285.642292307686, 10489.17049230769], [22301.022307692303, 10473.790476923075], [22316.40232307692, 10458.410461538459], [22331.782338461533, 10443.030446153844], [22331.782338461533, 10412.270415384613], [22347.16235384615, 10396.890399999998], [22362.542369230763, 10381.510384615383], [22377.92238461538, 10366.130369230767], [22393.302399999997, 10350.750353846151], [22393.302399999997, 10319.990323076921], [22408.68241538461, 10304.610307692306], [22424.062430769227, 10289.23029230769], [22439.44244615384, 10273.850276923074], [22470.202476923074, 10273.850276923074], [22485.582492307687, 10258.47026153846], [22485.582492307687, 10227.71023076923], [22485.582492307687, 10196.950199999997], [22485.582492307687, 10166.190169230767], [22485.582492307687, 10135.430138461536], [22500.962507692304, 10120.05012307692], [22516.342523076917, 10104.670107692305], [22516.342523076917, 10073.910076923075], [22500.962507692304, 10058.53006153846], [22485.582492307687, 10043.150046153844], [22485.582492307687, 10012.390015384613], [22485.582492307687, 9981.629984615383], [22485.582492307687, 9950.869953846151], [22485.582492307687, 9920.109923076921], [22485.582492307687, 9889.34989230769], [22470.202476923074, 9873.969876923074], [22454.822461538457, 9858.58986153846], [22454.822461538457, 9827.82983076923], [22454.822461538457, 9797.069799999997], [22439.44244615384, 9781.689784615382], [22424.062430769227, 9766.309769230767], [22424.062430769227, 9735.549738461537], [22408.68241538461, 9720.16972307692], [22393.302399999997, 9704.789707692305], [22393.302399999997, 9674.029676923075], [22377.92238461538, 9658.64966153846], [22362.542369230763, 9643.269646153843], [22347.16235384615, 9627.889630769228], [22331.782338461533, 9612.509615384613], [22316.40232307692, 9597.129599999998], [22301.022307692303, 9581.749584615383], [22285.642292307686, 9566.369569230767], [22270.262276923073, 9550.989553846151], [22254.882261538456, 9535.609538461536], [22239.502246153843, 9520.229523076921], [22224.122230769226, 9504.849507692306], [22208.74221538461, 9489.46949230769], [22193.362199999996, 9474.089476923074], [22177.98218461538, 9458.70946153846], [22162.602169230766, 9443.329446153844], [22147.22215384615, 9427.94943076923], [22131.842138461536, 9412.569415384614], [22116.46212307692, 9397.189399999997], [22101.082107692302, 9381.809384615382], [22085.70209230769, 9366.429369230767], [22070.322076923072, 9351.049353846152], [22039.562046153842, 9351.049353846152], [22024.182030769225, 9335.669338461537], [22008.802015384612, 9320.28932307692], [21978.04198461538, 9320.28932307692], [21962.661969230765, 9304.909307692305], [21947.281953846148, 9289.52929230769], [21916.521923076918, 9289.52929230769], [21885.761892307688, 9289.52929230769], [21855.001861538458, 9289.52929230769], [21824.241830769228, 9289.52929230769], [21793.481799999994, 9289.52929230769], [21778.10178461538, 9274.149276923075], [21762.721769230764, 9258.76926153846], [21731.961738461534, 9258.76926153846], [21701.201707692304, 9258.76926153846], [21670.441676923074, 9258.76926153846], [21639.68164615384, 9258.76926153846], [21624.301630769227, 9274.149276923075], [21608.92161538461, 9289.52929230769], [21578.16158461538, 9289.52929230769], [21547.40155384615, 9289.52929230769], [21516.64152307692, 9289.52929230769], [21485.88149230769, 9289.52929230769], [21455.121461538456, 9289.52929230769], [21439.741446153843, 9304.909307692305], [21424.361430769226, 9320.28932307692], [21393.601399999996, 9320.28932307692], [21378.22138461538, 9335.669338461537], [21362.841369230766, 9351.049353846152], [21332.081338461536, 9351.049353846152], [21316.70132307692, 9366.429369230767], [21301.321307692302, 9381.809384615382], [21285.94129230769, 9397.189399999997], [21270.561276923072, 9412.569415384614], [21255.18126153846, 9427.94943076923], [21239.801246153842, 9443.329446153844], [21224.421230769225, 9458.70946153846], [21209.041215384612, 9474.089476923074], [21193.661199999995, 9489.46949230769], [21178.28118461538, 9504.849507692306], [21162.901169230765, 9520.229523076921], [21147.521153846148, 9535.609538461536], [21132.141138461535, 9550.989553846151], [21116.761123076918, 9566.369569230767], [21101.381107692305, 9581.749584615383], [21086.001092307688, 9597.129599999998], [21070.62107692307, 9612.509615384613], [21070.62107692307, 9643.269646153843], [21055.241061538458, 9658.64966153846], [21039.86104615384, 9674.029676923075], [21039.86104615384, 9704.789707692305], [21024.481030769228, 9720.16972307692], [21009.10101538461, 9735.549738461537], [21009.10101538461, 9766.309769230767], [21009.10101538461, 9797.069799999997], [21009.10101538461, 9827.82983076923], [21009.10101538461, 9858.58986153846], [21009.10101538461, 9889.34989230769], [20993.720999999994, 9904.729907692306], [20978.34098461538, 9920.109923076921], [20978.34098461538, 9950.869953846151], [20978.34098461538, 9981.629984615383], [20978.34098461538, 10012.390015384613], [20978.34098461538, 10043.150046153844], [20993.720999999994, 10058.53006153846], [21009.10101538461, 10073.910076923075], [21009.10101538461, 10104.670107692305], [21009.10101538461, 10135.430138461536], [21009.10101538461, 10166.190169230767], [21009.10101538461, 10196.950199999997], [21009.10101538461, 10227.71023076923], [21024.481030769228, 10243.090246153844], [21039.86104615384, 10258.47026153846], [21039.86104615384, 10289.23029230769], [21055.241061538458, 10304.610307692306], [21070.62107692307, 10319.990323076921], [21070.62107692307, 10350.750353846151], [21070.62107692307, 10381.510384615383], [21070.62107692307, 10412.270415384613], [21070.62107692307, 10443.030446153844], [21055.241061538458, 10458.410461538459], [21039.86104615384, 10473.790476923075], [21024.481030769228, 10489.17049230769], [21009.10101538461, 10504.550507692305], [20993.720999999994, 10519.93052307692], [20978.34098461538, 10535.310538461536], [20978.34098461538, 10566.070569230767], [20962.960969230764, 10581.450584615382], [20947.58095384615, 10596.830599999998], [20947.58095384615, 10627.59063076923], [20932.200938461534, 10642.970646153844], [20916.820923076917, 10658.35066153846], [20916.820923076917, 10689.11069230769], [20916.820923076917, 10719.870723076921], [20916.820923076917, 10750.630753846151], [20916.820923076917, 10781.390784615382], [20916.820923076917, 10812.150815384613], [20901.440907692304, 10827.530830769228], [20886.060892307687, 10842.910846153844], [20901.440907692304, 10858.290861538459], [20916.820923076917, 10873.670876923075], [20901.440907692304, 10889.05089230769], [20886.060892307687, 10904.430907692305], [20886.060892307687, 10935.190938461536], [20901.440907692304, 10950.570953846152], [20916.820923076917, 10965.950969230767], [20901.440907692304, 10981.330984615382], [20886.060892307687, 10996.710999999998], [20901.440907692304, 11012.091015384613], [20916.820923076917, 11027.47103076923], [20916.820923076917, 11058.23106153846], [20916.820923076917, 11088.99109230769], [20916.820923076917, 11119.751123076921], [20916.820923076917, 11150.511153846152], [20916.820923076917, 11181.271184615382], [20932.200938461534, 11196.651199999998], [20947.58095384615, 11212.031215384613], [20947.58095384615, 11242.791246153844], [20962.960969230764, 11258.171261538459], [20978.34098461538, 11273.551276923075], [20978.34098461538, 11304.311307692305], [20993.720999999994, 11319.69132307692], [21009.10101538461, 11335.071338461536], [21024.481030769228, 11350.451353846152], [21039.86104615384, 11365.831369230767], [21055.241061538458, 11381.211384615382], [21070.62107692307, 11396.591399999998], [21086.001092307688, 11411.971415384613], [21101.381107692305, 11427.351430769228], [21116.761123076918, 11442.731446153844], [21132.141138461535, 11458.11146153846], [21147.521153846148, 11473.491476923075], [21162.901169230765, 11488.87149230769], [21178.28118461538, 11504.251507692305], [21193.661199999995, 11519.631523076921], [21209.041215384612, 11535.011538461536], [21224.421230769225, 11550.391553846152], [21239.801246153842, 11565.771569230767], [21270.561276923072, 11565.771569230767], [21285.94129230769, 11581.151584615382], [21301.321307692302, 11596.531599999998], [21332.081338461536, 11596.531599999998], [21347.46135384615, 11611.911615384613], [21362.841369230766, 11627.291630769229], [21378.22138461538, 11611.911615384613]]]}, "properties": {"objectType": "annotation", "name": "P3_1_C|peri_11", "classification": {"name": "peri", "color": [25, 158, 112]}, "lesion_id": 11, "section": "P3_1_C", "area_um2": 270349.99999999994, "lesion_ids": [11]}}, {"type": "Feature", "geometry": {"type": "Polygon", "coordinates": [[[8858.88886153846, 25700.005707692304], [8874.268876923075, 25684.625692307687], [8905.028907692305, 25684.625692307687], [8935.788938461537, 25684.625692307687], [8966.548969230767, 25684.625692307687], [8997.308999999997, 25684.625692307687], [9012.689015384614, 25669.24567692307], [9028.06903076923, 25653.865661538457], [9043.449046153844, 25638.48564615384], [9043.449046153844, 25607.72561538461], [9058.82906153846, 25592.345599999993], [9074.209076923074, 25576.96558461538], [9074.209076923074, 25546.20555384615], [9074.209076923074, 25515.445523076916], [9074.209076923074, 25484.685492307686], [9074.209076923074, 25453.925461538456], [9074.209076923074, 25423.165430769226], [9074.209076923074, 25392.405399999996], [9074.209076923074, 25361.645369230766], [9074.209076923074, 25330.885338461532], [9074.209076923074, 25300.125307692302], [9074.209076923074, 25269.365276923072], [9089.589092307691, 25253.985261538455], [9120.349123076921, 25253.985261538455], [9135.729138461536, 25238.605246153842], [9151.109153846151, 25223.225230769225], [9166.489169230766, 25207.845215384612], [9181.869184615383, 25192.465199999995], [9197.249199999998, 25177.08518461538], [9212.629215384613, 25161.705169230765], [9228.009230769228, 25146.325153846148], [9228.009230769228, 25115.565123076918], [9243.389246153843, 25100.1851076923], [9258.76926153846, 25084.805092307688], [9258.76926153846, 25054.045061538458], [9258.76926153846, 25023.285030769224], [9258.76926153846, 24992.524999999994], [9258.76926153846, 24961.764969230764], [9258.76926153846, 24931.004938461534], [9258.76926153846, 24900.244907692304], [9258.76926153846, 24869.48487692307], [9258.76926153846, 24838.72484615384], [9258.76926153846, 24807.96481538461], [9258.76926153846, 24777.20478461538], [9258.76926153846, 24746.44475384615], [9258.76926153846, 24715.68472307692], [9258.76926153846, 24684.924692307686], [9274.149276923075, 24669.544676923073], [9289.52929230769, 24654.164661538456], [9289.52929230769, 24623.404630769226], [9289.52929230769, 24592.644599999996], [9289.52929230769, 24561.884569230766], [9289.52929230769, 24531.124538461532], [9289.52929230769, 24500.364507692302], [9289.52929230769, 24469.604476923072], [9274.149276923075, 24454.224461538455], [9258.76926153846, 24438.844446153842], [9258.76926153846, 24408.084415384612], [9258.76926153846, 24377.32438461538], [9258.76926153846, 24346.564353846148], [9258.76926153846, 24315.804323076918], [9274.149276923075, 24300.4243076923], [9289.52929230769, 24285.044292307688], [9289.52929230769, 24254.284261538458], [9304.909307692305, 24238.90424615384], [9320.28932307692, 24223.524230769224], [9304.909307692305, 24208.14421538461], [9289.52929230769, 24192.764199999994], [9274.149276923075, 24177.38418461538], [9258.76926153846, 24162.004169230764], [9243.389246153843, 24146.624153846147], [9212.629215384613, 24146.624153846147], [9197.249199999998, 24131.244138461534], [9181.869184615383, 24115.864123076917], [9166.489169230766, 24100.484107692304], [9151.109153846151, 24085.104092307687], [9120.349123076921, 24085.104092307687], [9104.969107692306, 24069.724076923074], [9089.589092307691, 24054.344061538457], [9058.82906153846, 24054.344061538457], [9028.06903076923, 24054.344061538457], [8997.308999999997, 24054.344061538457], [8966.548969230767, 24054.344061538457], [8951.168953846152, 24038.96404615384], [8935.788938461537, 24023.584030769227], [8905.028907692305, 24023.584030769227], [8874.268876923075, 24023.584030769227], [8843.508846153843, 24023.584030769227], [8812.748815384613, 24023.584030769227], [8797.368799999998, 24038.96404615384], [8781.988784615383, 24054.344061538457], [8751.228753846151, 24054.344061538457], [8720.468723076921, 24054.344061538457], [8689.708692307691, 24054.344061538457], [8658.94866153846, 24054.344061538457], [8643.568646153844, 24069.724076923074], [8628.18863076923, 24085.104092307687], [8597.428599999997, 24085.104092307687], [8566.668569230767, 24085.104092307687], [8551.288553846152, 24100.484107692304], [8535.908538461537, 24115.864123076917], [8505.148507692305, 24115.864123076917], [8489.76849230769, 24131.244138461534], [8474.388476923075, 24146.624153846147], [8443.628446153845, 24146.624153846147], [8428.248430769228, 24162.004169230764], [8412.868415384613, 24177.38418461538], [8397.488399999998, 24192.764199999994], [8382.108384615383, 24208.14421538461], [8351.348353846151, 24208.14421538461], [8335.968338461536, 24223.524230769224], [8320.588323076921, 24238.90424615384], [8289.828292307691, 24238.90424615384], [8274.448276923074, 24254.284261538458], [8259.06826153846, 24269.66427692307], [8228.30823076923, 24269.66427692307], [8212.928215384614, 24285.044292307688], [8197.548199999997, 24300.4243076923], [8166.788169230767, 24300.4243076923], [8151.408153846152, 24315.804323076918], [8136.028138461536, 24331.184338461535], [8120.648123076921, 24346.564353846148], [8105.268107692306, 24361.944369230765], [8074.508076923075, 24361.944369230765], [8059.12806153846, 24377.32438461538], [8043.748046153844, 24392.704399999995], [8028.368030769229, 24408.084415384612], [8012.988015384613, 24423.464430769225], [7997.607999999998, 24438.844446153842], [7982.227984615383, 24454.224461538455], [7966.847969230767, 24469.604476923072], [7951.467953846152, 24484.98449230769], [7936.087938461537, 24500.364507692302], [7920.707923076921, 24515.74452307692], [7905.327907692306, 24531.124538461532], [7905.327907692306, 24561.884569230766], [7889.94789230769, 24577.26458461538], [7874.567876923075, 24592.644599999996], [7859.18786153846, 24608.02461538461], [7843.807846153844, 24623.404630769226], [7843.807846153844, 24654.164661538456], [7828.427830769229, 24669.544676923073], [7813.047815384613, 24684.924692307686], [7813.047815384613, 24715.68472307692], [7813.047815384613, 24746.44475384615], [7813.047815384613, 24777.20478461538], [7813.047815384613, 24807.96481538461], [7797.667799999998, 24823.344830769227], [7782.287784615383, 24838.72484615384], [7782.287784615383, 24869.48487692307], [7782.287784615383, 24900.244907692304], [7782.287784615383, 24931.004938461534], [7782.287784615383, 24961.764969230764], [7782.287784615383, 24992.524999999994], [7797.667799999998, 25007.90501538461], [7813.047815384613, 25023.285030769224], [7813.047815384613, 25054.045061538458], [7813.047815384613, 25084.805092307688], [7813.047815384613, 25115.565123076918], [7813.047815384613, 25146.325153846148], [7828.427830769229, 25161.705169230765], [7843.807846153844, 25177.08518461538], [7843.807846153844, 25207.845215384612], [7859.18786153846, 25223.225230769225], [7874.567876923075, 25238.605246153842], [7889.94789230769, 25253.985261538455], [7905.327907692306, 25269.365276923072], [7905.327907692306, 25300.125307692302], [7920.707923076921, 25315.50532307692], [7936.087938461537, 25330.885338461532], [7951.467953846152, 25346.26535384615], [7966.847969230767, 25361.645369230766], [7982.227984615383, 25377.02538461538], [7997.607999999998, 25392.405399999996], [8012.988015384613, 25407.78541538461], [8028.368030769229, 25423.165430769226], [8043.748046153844, 25438.54544615384], [8074.508076923075, 25438.54544615384], [8089.88809230769, 25453.925461538456], [8105.268107692306, 25469.305476923073], [8120.648123076921, 25484.685492307686], [8136.028138461536, 25500.065507692303], [8166.788169230767, 25500.065507692303], [8182.168184615383, 25515.445523076916], [8197.548199999997, 25530.825538461533], [8228.30823076923, 25530.825538461533], [8243.688246153844, 25546.20555384615], [8259.06826153846, 25561.585569230763], [8289.828292307691, 25561.585569230763], [8320.588323076921, 25561.585569230763], [8351.348353846151, 25561.585569230763], [8366.728369230768, 25576.96558461538], [8382.108384615383, 25592.345599999993], [8412.868415384613, 25592.345599999993], [8428.248430769228, 25607.72561538461], [8443.628446153845, 25623.105630769227], [8459.00846153846, 25638.48564615384], [8474.388476923075, 25653.865661538457], [8505.148507692305, 25653.865661538457], [8520.52852307692, 25669.24567692307], [8535.908538461537, 25684.625692307687], [8566.668569230767, 25684.625692307687], [8597.428599999997, 25684.625692307687], [8628.18863076923, 25684.625692307687], [8658.94866153846, 25684.625692307687], [8674.328676923074, 25700.005707692304], [8689.708692307691, 25715.385723076917], [8720.468723076921, 25715.385723076917], [8751.228753846151, 25715.385723076917], [8781.988784615383, 25715.385723076917], [8812.748815384613, 25715.385723076917], [8843.508846153843, 25715.385723076917], [8858.88886153846, 25700.005707692304]]]}, "properties": {"objectType": "annotation", "name": "P3_1_T|peri_19", "classification": {"name": "peri", "color": [25, 158, 112]}, "lesion_id": 19, "section": "P3_1_T", "area_um2": 203350.00000000012, "lesion_ids": [19]}}, {"type": "Feature", "geometry": {"type": "Polygon", "coordinates": [[[3398.983399999999, 27530.22753846153], [3429.74343076923, 27530.22753846153], [3460.5034615384607, 27530.22753846153], [3491.2634923076916, 27530.22753846153], [3522.023523076922, 27530.22753846153], [3537.4035384615377, 27514.847523076918], [3552.783553846153, 27499.4675076923], [3583.5435846153837, 27499.4675076923], [3598.923599999999, 27484.087492307688], [3614.3036153846147, 27468.70747692307], [3629.68363076923, 27453.327461538454], [3645.0636461538456, 27437.94744615384], [3675.823676923076, 27437.94744615384], [3691.2036923076917, 27422.567430769224], [3706.583707692307, 27407.18741538461], [3721.963723076922, 27391.807399999994], [3737.3437384615377, 27376.427384615377], [3752.723753846153, 27361.047369230764], [3768.1037692307686, 27345.667353846147], [3783.4837846153837, 27330.287338461534], [3798.863799999999, 27314.907323076917], [3814.2438153846147, 27299.527307692304], [3814.2438153846147, 27268.76727692307], [3829.62383076923, 27253.387261538457], [3845.003846153845, 27238.00724615384], [3860.3838615384607, 27222.627230769227], [3875.763876923076, 27207.24721538461], [3875.763876923076, 27176.48718461538], [3891.1438923076917, 27161.107169230763], [3906.5239076923067, 27145.72715384615], [3906.5239076923067, 27114.967123076916], [3906.5239076923067, 27084.207092307686], [3906.5239076923067, 27053.447061538456], [3906.5239076923067, 27022.687030769226], [3921.903923076922, 27007.30701538461], [3937.2839384615377, 26991.926999999996], [3937.2839384615377, 26961.166969230762], [3937.2839384615377, 26930.406938461532], [3937.2839384615377, 26899.646907692302], [3937.2839384615377, 26868.886876923072], [3921.903923076922, 26853.506861538455], [3906.5239076923067, 26838.126846153842], [3906.5239076923067, 26807.36681538461], [3906.5239076923067, 26776.60678461538], [3906.5239076923067, 26745.84675384615], [3906.5239076923067, 26715.086723076918], [3891.1438923076917, 26699.7067076923], [3875.763876923076, 26684.326692307688], [3875.763876923076, 26653.566661538458], [3860.3838615384607, 26638.18664615384], [3845.003846153845, 26622.806630769224], [3845.003846153845, 26592.046599999994], [3829.62383076923, 26576.66658461538], [3814.2438153846147, 26561.286569230764], [3798.863799999999, 26545.906553846147], [3783.4837846153837, 26530.526538461534], [3783.4837846153837, 26499.766507692304], [3783.4837846153837, 26469.00647692307], [3783.4837846153837, 26438.24644615384], [3768.1037692307686, 26422.866430769227], [3752.723753846153, 26407.48641538461], [3752.723753846153, 26376.72638461538], [3737.3437384615377, 26361.346369230763], [3721.963723076922, 26345.96635384615], [3721.963723076922, 26315.206323076916], [3706.583707692307, 26299.826307692303], [3691.2036923076917, 26284.446292307686], [3691.2036923076917, 26253.686261538456], [3706.583707692307, 26238.30624615384], [3737.3437384615377, 26238.30624615384], [3752.723753846153, 26222.926230769226], [3768.1037692307686, 26207.54621538461], [3783.4837846153837, 26192.166199999996], [3798.863799999999, 26176.78618461538], [3814.2438153846147, 26161.406169230762], [3829.62383076923, 26146.02615384615], [3860.3838615384607, 26146.02615384615], [3875.763876923076, 26130.646138461532], [3891.1438923076917, 26115.26612307692], [3921.903923076922, 26115.26612307692], [3937.2839384615377, 26099.886107692302], [3952.663953846153, 26084.506092307685], [3968.0439692307687, 26069.126076923072], [3983.4239846153837, 26053.746061538455], [4014.1840153846147, 26053.746061538455], [4029.56403076923, 26038.366046153842], [4044.944046153845, 26022.986030769225], [4075.704076923076, 26022.986030769225], [4106.464107692307, 26022.986030769225], [4137.224138461537, 26022.986030769225], [4152.604153846153, 26007.606015384612], [4167.984169230768, 25992.225999999995], [4198.744199999999, 25992.225999999995], [4229.50423076923, 25992.225999999995], [4260.26426153846, 25992.225999999995], [4291.024292307691, 25992.225999999995], [4306.404307692307, 25976.84598461538], [4321.784323076922, 25961.465969230765], [4352.544353846153, 25961.465969230765], [4367.924369230768, 25946.08595384615], [4383.304384615384, 25930.705938461535], [4414.064415384614, 25930.705938461535], [4429.44443076923, 25915.325923076918], [4444.824446153845, 25899.9459076923], [4460.20446153846, 25884.565892307688], [4475.584476923076, 25869.18587692307], [4506.344507692307, 25869.18587692307], [4521.724523076922, 25853.805861538458], [4537.104538461537, 25838.42584615384], [4552.484553846153, 25823.045830769224], [4567.864569230768, 25807.66581538461], [4583.244584615383, 25792.285799999994], [4598.624599999999, 25776.90578461538], [4614.004615384614, 25761.525769230764], [4629.38463076923, 25746.145753846147], [4644.764646153845, 25730.765738461534], [4660.14466153846, 25715.385723076917], [4675.524676923076, 25700.005707692304], [4690.904692307691, 25684.625692307687], [4706.284707692307, 25669.24567692307], [4706.284707692307, 25638.48564615384], [4721.664723076922, 25623.105630769227], [4737.044738461537, 25607.72561538461], [4752.424753846153, 25592.345599999993], [4767.804769230768, 25576.96558461538], [4767.804769230768, 25546.20555384615], [4783.184784615383, 25530.825538461533], [4798.564799999999, 25515.445523076916], [4798.564799999999, 25484.685492307686], [4798.564799999999, 25453.925461538456], [4813.944815384614, 25438.54544615384], [4829.32483076923, 25423.165430769226], [4829.32483076923, 25392.405399999996], [4829.32483076923, 25361.645369230766], [4829.32483076923, 25330.885338461532], [4829.32483076923, 25300.125307692302], [4844.704846153845, 25284.74529230769], [4860.08486153846, 25269.365276923072], [4860.08486153846, 25238.605246153842], [4860.08486153846, 25207.845215384612], [4860.08486153846, 25177.08518461538], [4860.08486153846, 25146.325153846148], [4844.704846153845, 25130.945138461535], [4829.32483076923, 25115.565123076918], [4829.32483076923, 25084.805092307688], [4829.32483076923, 25054.045061538458], [4829.32483076923, 25023.285030769224], [4829.32483076923, 24992.524999999994], [4813.944815384614, 24977.14498461538], [4798.564799999999, 24961.764969230764], [4798.564799999999, 24931.004938461534], [4783.184784615383, 24915.624923076917], [4767.804769230768, 24900.244907692304], [4752.424753846153, 24884.864892307687], [4737.044738461537, 24869.48487692307], [4737.044738461537, 24838.72484615384], [4721.664723076922, 24823.344830769227], [4706.284707692307, 24807.96481538461], [4690.904692307691, 24792.584799999993], [4675.524676923076, 24777.20478461538], [4660.14466153846, 24761.824769230763], [4644.764646153845, 24746.44475384615], [4629.38463076923, 24731.064738461533], [4614.004615384614, 24715.68472307692], [4598.624599999999, 24700.304707692303], [4567.864569230768, 24700.304707692303], [4552.484553846153, 24684.924692307686], [4537.104538461537, 24669.544676923073], [4521.724523076922, 24654.164661538456], [4506.344507692307, 24638.784646153843], [4475.584476923076, 24638.784646153843], [4460.20446153846, 24623.404630769226], [4444.824446153845, 24608.02461538461], [4414.064415384614, 24608.02461538461], [4383.304384615384, 24608.02461538461], [4352.544353846153, 24608.02461538461], [4337.164338461537, 24592.644599999996], [4321.784323076922, 24577.26458461538], [4291.024292307691, 24577.26458461538], [4275.644276923076, 24561.884569230766], [4260.26426153846, 24546.50455384615], [4229.50423076923, 24546.50455384615], [4198.744199999999, 24546.50455384615], [4167.984169230768, 24546.50455384615], [4137.224138461537, 24546.50455384615], [4121.844123076922, 24531.124538461532], [4106.464107692307, 24515.74452307692], [4075.704076923076, 24515.74452307692], [4044.944046153845, 24515.74452307692], [4014.1840153846147, 24515.74452307692], [3983.4239846153837, 24515.74452307692], [3968.0439692307687, 24531.124538461532], [3952.663953846153, 24546.50455384615], [3921.903923076922, 24546.50455384615], [3891.1438923076917, 24546.50455384615], [3875.763876923076, 24531.124538461532], [3860.3838615384607, 24515.74452307692], [3829.62383076923, 24515.74452307692], [3814.2438153846147, 24500.364507692302], [3798.863799999999, 24484.98449230769], [3783.4837846153837, 24469.604476923072], [3768.1037692307686, 24454.224461538455], [3737.3437384615377, 24454.224461538455], [3721.963723076922, 24438.844446153842], [3706.583707692307, 24423.464430769225], [3675.823676923076, 24423.464430769225], [3660.4436615384607, 24408.084415384612], [3645.0636461538456, 24392.704399999995], [3614.3036153846147, 24392.704399999995], [3583.5435846153837, 24392.704399999995], [3568.1635692307686, 24377.32438461538], [3552.783553846153, 24361.944369230765], [3537.4035384615377, 24346.564353846148], [3522.023523076922, 24331.184338461535], [3491.2634923076916, 24331.184338461535], [3475.883476923076, 24315.804323076918], [3460.5034615384607, 24300.4243076923], [3445.1234461538456, 24285.044292307688], [3429.74343076923, 24269.66427692307], [3398.983399999999, 24269.66427692307], [3383.603384615384, 24254.284261538458], [3368.2233692307686, 24238.90424615384], [3337.4633384615377, 24238.90424615384], [3306.703307692307, 24238.90424615384], [3275.943276923076, 24238.90424615384], [3245.1832461538456, 24238.90424615384], [3229.80323076923, 24223.524230769224], [3214.4232153846147, 24208.14421538461], [3183.663184615384, 24208.14421538461], [3152.903153846153, 24208.14421538461], [3137.5231384615377, 24223.524230769224], [3122.1431230769226, 24238.90424615384], [3091.3830923076916, 24238.90424615384], [3060.623061538461, 24238.90424615384], [3029.86303076923, 24238.90424615384], [2999.1029999999996, 24238.90424615384], [2983.722984615384, 24254.284261538458], [2968.3429692307686, 24269.66427692307], [2937.5829384615377, 24269.66427692307], [2922.2029230769226, 24285.044292307688], [2906.822907692307, 24300.4243076923], [2876.062876923076, 24300.4243076923], [2845.3028461538456, 24300.4243076923], [2814.5428153846146, 24300.4243076923], [2783.782784615384, 24300.4243076923], [2753.022753846153, 24300.4243076923], [2722.2627230769226, 24300.4243076923], [2691.5026923076916, 24300.4243076923], [2676.1226769230766, 24315.804323076918], [2660.742661538461, 24331.184338461535], [2629.98263076923, 24331.184338461535], [2599.2225999999996, 24331.184338461535], [2583.842584615384, 24346.564353846148], [2583.842584615384, 24377.32438461538], [2568.4625692307686, 24392.704399999995], [2553.082553846153, 24408.084415384612], [2537.702538461538, 24423.464430769225], [2522.3225230769226, 24438.844446153842], [2522.3225230769226, 24469.604476923072], [2506.942507692307, 24484.98449230769], [2491.5624923076916, 24500.364507692302], [2491.5624923076916, 24531.124538461532], [2476.1824769230766, 24546.50455384615], [2460.802461538461, 24561.884569230766], [2460.802461538461, 24592.644599999996], [2445.4224461538456, 24608.02461538461], [2430.04243076923, 24623.404630769226], [2430.04243076923, 24654.164661538456], [2414.662415384615, 24669.544676923073], [2399.2823999999996, 24684.924692307686], [2399.2823999999996, 24715.68472307692], [2383.902384615384, 24731.064738461533], [2368.5223692307686, 24746.44475384615], [2368.5223692307686, 24777.20478461538], [2368.5223692307686, 24807.96481538461], [2353.1423538461536, 24823.344830769227], [2337.762338461538, 24838.72484615384], [2337.762338461538, 24869.48487692307], [2337.762338461538, 24900.244907692304], [2322.3823230769226, 24915.624923076917], [2307.002307692307, 24931.004938461534], [2307.002307692307, 24961.764969230764], [2307.002307692307, 24992.524999999994], [2307.002307692307, 25023.285030769224], [2307.002307692307, 25054.045061538458], [2291.6222923076916, 25069.42507692307], [2276.2422769230766, 25084.805092307688], [2276.2422769230766, 25115.565123076918], [2276.2422769230766, 25146.325153846148], [2276.2422769230766, 25177.08518461538], [2276.2422769230766, 25207.845215384612], [2276.2422769230766, 25238.605246153842], [2276.2422769230766, 25269.365276923072], [2291.6222923076916, 25284.74529230769], [2307.002307692307, 25300.125307692302], [2307.002307692307, 25330.885338461532], [2307.002307692307, 25361.645369230766], [2307.002307692307, 25392.405399999996], [2307.002307692307, 25423.165430769226], [2307.002307692307, 25453.925461538456], [2291.6222923076916, 25469.305476923073], [2276.2422769230766, 25484.685492307686], [2276.2422769230766, 25515.445523076916], [2276.2422769230766, 25546.20555384615], [2276.2422769230766, 25576.96558461538], [2276.2422769230766, 25607.72561538461], [2276.2422769230766, 25638.48564615384], [2276.2422769230766, 25669.24567692307], [2276.2422769230766, 25700.005707692304], [2276.2422769230766, 25730.765738461534], [2276.2422769230766, 25761.525769230764], [2291.6222923076916, 25776.90578461538], [2307.002307692307, 25792.285799999994], [2307.002307692307, 25823.045830769224], [2307.002307692307, 25853.805861538458], [2307.002307692307, 25884.565892307688], [2322.3823230769226, 25899.9459076923], [2337.762338461538, 25915.325923076918], [2337.762338461538, 25946.08595384615], [2337.762338461538, 25976.84598461538], [2353.1423538461536, 25992.225999999995], [2368.5223692307686, 26007.606015384612], [2383.902384615384, 26022.986030769225], [2399.2823999999996, 26038.366046153842], [2399.2823999999996, 26069.126076923072], [2414.662415384615, 26084.506092307685], [2430.04243076923, 26099.886107692302], [2445.4224461538456, 26115.26612307692], [2460.802461538461, 26130.646138461532], [2476.1824769230766, 26146.02615384615], [2491.5624923076916, 26161.406169230762], [2506.942507692307, 26176.78618461538], [2537.702538461538, 26176.78618461538], [2553.082553846153, 26192.166199999996], [2568.4625692307686, 26207.54621538461], [2599.2225999999996, 26207.54621538461], [2614.6026153846146, 26222.926230769226], [2629.98263076923, 26238.30624615384], [2660.742661538461, 26238.30624615384], [2691.5026923076916, 26238.30624615384], [2706.882707692307, 26253.686261538456], [2706.882707692307, 26284.446292307686], [2691.5026923076916, 26299.826307692303], [2676.1226769230766, 26315.206323076916], [2676.1226769230766, 26345.96635384615], [2676.1226769230766, 26376.72638461538], [2676.1226769230766, 26407.48641538461], [2676.1226769230766, 26438.24644615384], [2676.1226769230766, 26469.00647692307], [2676.1226769230766, 26499.766507692304], [2676.1226769230766, 26530.526538461534], [2676.1226769230766, 26561.286569230764], [2676.1226769230766, 26592.046599999994], [2691.5026923076916, 26607.42661538461], [2706.882707692307, 26622.806630769224], [2706.882707692307, 26653.566661538458], [2706.882707692307, 26684.326692307688], [2706.882707692307, 26715.086723076918], [2722.2627230769226, 26730.46673846153], [2737.642738461538, 26745.84675384615], [2737.642738461538, 26776.60678461538], [2753.022753846153, 26791.986799999995], [2768.4027692307686, 26807.36681538461], [2768.4027692307686, 26838.126846153842], [2783.782784615384, 26853.506861538455], [2799.1627999999996, 26868.886876923072], [2799.1627999999996, 26899.646907692302], [2799.1627999999996, 26930.406938461532], [2814.5428153846146, 26945.78695384615], [2829.92283076923, 26961.166969230762], [2829.92283076923, 26991.926999999996], [2829.92283076923, 27022.687030769226], [2845.3028461538456, 27038.06704615384], [2860.682861538461, 27053.447061538456], [2860.682861538461, 27084.207092307686], [2876.062876923076, 27099.587107692303], [2891.4428923076916, 27114.967123076916], [2891.4428923076916, 27145.72715384615], [2906.822907692307, 27161.107169230763], [2922.2029230769226, 27176.48718461538], [2937.5829384615377, 27191.867199999993], [2952.962953846153, 27207.24721538461], [2952.962953846153, 27238.00724615384], [2968.3429692307686, 27253.387261538457], [2983.722984615384, 27268.76727692307], [2983.722984615384, 27299.527307692304], [2983.722984615384, 27330.287338461534], [2983.722984615384, 27361.047369230764], [2968.3429692307686, 27376.427384615377], [2952.962953846153, 27391.807399999994], [2968.3429692307686, 27407.18741538461], [2983.722984615384, 27422.567430769224], [2999.1029999999996, 27437.94744615384], [3029.86303076923, 27437.94744615384], [3045.2430461538456, 27453.327461538454], [3060.623061538461, 27468.70747692307], [3076.003076923076, 27484.087492307688], [3091.3830923076916, 27499.4675076923], [3122.1431230769226, 27499.4675076923], [3137.5231384615377, 27514.847523076918], [3152.903153846153, 27530.22753846153], [3183.663184615384, 27530.22753846153], [3214.4232153846147, 27530.22753846153], [3245.1832461538456, 27530.22753846153], [3275.943276923076, 27530.22753846153], [3291.3232923076916, 27545.60755384615], [3306.703307692307, 27560.987569230765], [3337.4633384615377, 27560.987569230765], [3368.2233692307686, 27560.987569230765], [3383.603384615384, 27545.60755384615], [3398.983399999999, 27530.22753846153]]]}, "properties": {"objectType": "annotation", "name": "P3_1_T|peri", "classification": {"name": "peri", "color": [25, 158, 112]}, "lesion_id": 0, "section": "P3_1_T", "area_um2": 570050.0000000005, "lesion_ids": [20, 21]}}, {"type": "Feature", "geometry": {"type": "Polygon", "coordinates": [[[28468.408476923072, 3752.723753846153], [28453.028461538455, 3737.3437384615377], [28468.408476923072, 3721.963723076922], [28483.788492307685, 3737.3437384615377], [28468.408476923072, 3752.723753846153]]]}, "properties": {"objectType": "annotation", "name": "R1_2_T|deep", "classification": {"name": "deep", "color": [144, 133, 233]}, "lesion_id": 0, "section": "R1_2_T", "area_um2": 49.99999999999923, "lesion_ids": []}}, {"type": "Feature", "geometry": {"type": "Polygon", "coordinates": [[[25330.885338461532, 4767.804769230768], [25300.125307692302, 4767.804769230768], [25284.74529230769, 4752.424753846153], [25284.74529230769, 4721.664723076922], [25284.74529230769, 4690.904692307691], [25284.74529230769, 4660.14466153846], [25284.74529230769, 4629.38463076923], [25300.125307692302, 4614.004615384614], [25315.50532307692, 4598.624599999999], [25315.50532307692, 4567.864569230768], [25330.885338461532, 4552.484553846153], [25346.26535384615, 4537.104538461537], [25361.645369230766, 4521.724523076922], [25377.02538461538, 4506.344507692307], [25392.405399999996, 4490.964492307691], [25407.78541538461, 4475.584476923076], [25423.165430769226, 4460.20446153846], [25438.54544615384, 4444.824446153845], [25453.925461538456, 4429.44443076923], [25469.305476923073, 4414.064415384614], [25484.685492307686, 4398.684399999999], [25500.065507692303, 4383.304384615384], [25515.445523076916, 4367.924369230768], [25546.20555384615, 4367.924369230768], [25576.96558461538, 4367.924369230768], [25592.345599999993, 4352.544353846153], [25607.72561538461, 4337.164338461537], [25638.48564615384, 4337.164338461537], [25669.24567692307, 4337.164338461537], [25684.625692307687, 4352.544353846153], [25669.24567692307, 4367.924369230768], [25653.865661538457, 4383.304384615384], [25638.48564615384, 4398.684399999999], [25623.105630769227, 4414.064415384614], [25607.72561538461, 4429.44443076923], [25592.345599999993, 4444.824446153845], [25592.345599999993, 4475.584476923076], [25576.96558461538, 4490.964492307691], [25561.585569230763, 4506.344507692307], [25546.20555384615, 4521.724523076922], [25530.825538461533, 4537.104538461537], [25530.825538461533, 4567.864569230768], [25515.445523076916, 4583.244584615383], [25500.065507692303, 4598.624599999999], [25484.685492307686, 4614.004615384614], [25469.305476923073, 4629.38463076923], [25453.925461538456, 4644.764646153845], [25438.54544615384, 4660.14466153846], [25423.165430769226, 4675.524676923076], [25407.78541538461, 4690.904692307691], [25392.405399999996, 4706.284707692307], [25377.02538461538, 4721.664723076922], [25361.645369230766, 4737.044738461537], [25346.26535384615, 4752.424753846153], [25330.885338461532, 4767.804769230768]]]}, "properties": {"objectType": "annotation", "name": "R1_2_T|deep", "classification": {"name": "deep", "color": [144, 133, 233]}, "lesion_id": 0, "section": "R1_2_T", "area_um2": 6849.999999999968, "lesion_ids": []}}, {"type": "Feature", "geometry": {"type": "Polygon", "coordinates": [[[18225.318230769226, 5044.645046153845], [18194.558199999996, 5044.645046153845], [18179.178184615383, 5029.26503076923], [18179.178184615383, 4998.504999999999], [18179.178184615383, 4967.744969230768], [18194.558199999996, 4952.364953846153], [18209.938215384613, 4936.984938461537], [18209.938215384613, 4906.224907692306], [18225.318230769226, 4890.844892307691], [18240.698246153843, 4875.464876923076], [18256.07826153846, 4860.08486153846], [18271.458276923073, 4844.704846153845], [18286.83829230769, 4829.32483076923], [18302.218307692303, 4813.944815384614], [18317.59832307692, 4798.564799999999], [18332.978338461533, 4783.184784615383], [18348.35835384615, 4767.804769230768], [18363.738369230767, 4752.424753846153], [18379.11838461538, 4737.044738461537], [18409.87841538461, 4737.044738461537], [18425.258430769227, 4721.664723076922], [18440.638446153844, 4706.284707692307], [18471.398476923074, 4706.284707692307], [18502.158507692304, 4706.284707692307], [18532.918538461534, 4706.284707692307], [18563.678569230764, 4706.284707692307], [18579.05858461538, 4690.904692307691], [18594.438599999998, 4675.524676923076], [18625.198630769228, 4675.524676923076], [18655.958661538458, 4675.524676923076], [18686.718692307688, 4675.524676923076], [18702.098707692305, 4660.14466153846], [18717.478723076918, 4644.764646153845], [18748.23875384615, 4644.764646153845], [18763.618769230765, 4629.38463076923], [18778.99878461538, 4614.004615384614], [18809.75881538461, 4614.004615384614], [18825.13883076923, 4629.38463076923], [18809.75881538461, 4644.764646153845], [18794.378799999995, 4660.14466153846], [18794.378799999995, 4690.904692307691], [18778.99878461538, 4706.284707692307], [18748.23875384615, 4706.284707692307], [18717.478723076918, 4706.284707692307], [18702.098707692305, 4721.664723076922], [18686.718692307688, 4737.044738461537], [18655.958661538458, 4737.044738461537], [18625.198630769228, 4737.044738461537], [18594.438599999998, 4737.044738461537], [18563.678569230764, 4737.044738461537], [18532.918538461534, 4737.044738461537], [18517.53852307692, 4752.424753846153], [18502.158507692304, 4767.804769230768], [18471.398476923074, 4767.804769230768], [18456.018461538457, 4783.184784615383], [18440.638446153844, 4798.564799999999], [18409.87841538461, 4798.564799999999], [18394.498399999997, 4813.944815384614], [18379.11838461538, 4829.32483076923], [18363.738369230767, 4844.704846153845], [18348.35835384615, 4860.08486153846], [18332.978338461533, 4875.464876923076], [18317.59832307692, 4890.844892307691], [18302.218307692303, 4906.224907692306], [18286.83829230769, 4921.604923076922], [18271.458276923073, 4936.984938461537], [18271.458276923073, 4967.744969230768], [18256.07826153846, 4983.124984615383], [18240.698246153843, 4998.504999999999], [18240.698246153843, 5029.26503076923], [18225.318230769226, 5044.645046153845]]]}, "properties": {"objectType": "annotation", "name": "P3_1_C|deep_5", "classification": {"name": "deep", "color": [144, 133, 233]}, "lesion_id": 5, "section": "P3_1_C", "area_um2": 5049.999999999973, "lesion_ids": [5]}}, {"type": "Feature", "geometry": {"type": "Polygon", "coordinates": [[[25992.225999999995, 11827.231830769228], [26007.606015384612, 11811.851815384613], [26038.366046153842, 11811.851815384613], [26069.126076923072, 11811.851815384613], [26084.506092307685, 11796.471799999998], [26099.886107692302, 11781.091784615382], [26130.646138461532, 11781.091784615382], [26161.406169230762, 11781.091784615382], [26192.166199999996, 11781.091784615382], [26222.926230769226, 11781.091784615382], [26253.686261538456, 11781.091784615382], [26284.446292307686, 11781.091784615382], [26315.206323076916, 11781.091784615382], [26345.96635384615, 11781.091784615382], [26376.72638461538, 11781.091784615382], [26407.48641538461, 11781.091784615382], [26438.24644615384, 11781.091784615382], [26453.626461538457, 11796.471799999998], [26469.00647692307, 11811.851815384613], [26499.766507692304, 11811.851815384613], [26515.146523076917, 11796.471799999998], [26515.146523076917, 11765.711769230767], [26530.526538461534, 11750.33175384615], [26545.906553846147, 11734.951738461536], [26545.906553846147, 11704.191707692305], [26545.906553846147, 11673.431676923075], [26561.286569230764, 11658.051661538459], [26576.66658461538, 11642.671646153844], [26576.66658461538, 11611.911615384613], [26592.046599999994, 11596.531599999998], [26607.42661538461, 11581.151584615382], [26607.42661538461, 11550.391553846152], [26622.806630769224, 11535.011538461536], [26638.18664615384, 11519.631523076921], [26638.18664615384, 11488.87149230769], [26638.18664615384, 11458.11146153846], [26653.566661538458, 11442.731446153844], [26668.94667692307, 11427.351430769228], [26668.94667692307, 11396.591399999998], [26668.94667692307, 11365.831369230767], [26684.326692307688, 11350.451353846152], [26699.7067076923, 11335.071338461536], [26699.7067076923, 11304.311307692305], [26699.7067076923, 11273.551276923075], [26715.086723076918, 11258.171261538459], [26730.46673846153, 11242.791246153844], [26730.46673846153, 11212.031215384613], [26745.84675384615, 11196.651199999998], [26761.226769230765, 11181.271184615382], [26776.60678461538, 11165.891169230767], [26791.986799999995, 11150.511153846152], [26791.986799999995, 11119.751123076921], [26807.36681538461, 11104.371107692305], [26822.746830769225, 11088.99109230769], [26838.126846153842, 11073.611076923075], [26853.506861538455, 11058.23106153846], [26868.886876923072, 11042.851046153844], [26884.266892307685, 11027.47103076923], [26899.646907692302, 11012.091015384613], [26915.02692307692, 10996.710999999998], [26930.406938461532, 10981.330984615382], [26945.78695384615, 10965.950969230767], [26961.166969230762, 10950.570953846152], [26976.54698461538, 10935.190938461536], [26991.926999999996, 10919.81092307692], [27022.687030769226, 10919.81092307692], [27038.06704615384, 10904.430907692305], [27053.447061538456, 10889.05089230769], [27068.827076923073, 10873.670876923075], [27084.207092307686, 10858.290861538459], [27114.967123076916, 10858.290861538459], [27130.347138461533, 10842.910846153844], [27145.72715384615, 10827.530830769228], [27176.48718461538, 10827.530830769228], [27207.24721538461, 10827.530830769228], [27222.627230769227, 10812.150815384613], [27238.00724615384, 10796.770799999998], [27268.76727692307, 10796.770799999998], [27299.527307692304, 10796.770799999998], [27330.287338461534, 10796.770799999998], [27361.047369230764, 10796.770799999998], [27391.807399999994, 10796.770799999998], [27422.567430769224, 10796.770799999998], [27453.327461538454, 10796.770799999998], [27484.087492307688, 10796.770799999998], [27514.847523076918, 10796.770799999998], [27545.60755384615, 10796.770799999998], [27576.36758461538, 10796.770799999998], [27607.12761538461, 10796.770799999998], [27637.887646153842, 10796.770799999998], [27668.647676923072, 10796.770799999998], [27699.407707692302, 10796.770799999998], [27730.167738461532, 10796.770799999998], [27745.54775384615, 10812.150815384613], [27760.927769230762, 10827.530830769228], [27791.687799999996, 10827.530830769228], [27822.447830769226, 10827.530830769228], [27837.82784615384, 10842.910846153844], [27853.207861538456, 10858.290861538459], [27883.967892307686, 10858.290861538459], [27899.347907692303, 10873.670876923075], [27914.727923076916, 10889.05089230769], [27945.48795384615, 10889.05089230769], [27976.24798461538, 10889.05089230769], [27991.627999999993, 10873.670876923075], [28007.00801538461, 10858.290861538459], [28022.388030769223, 10842.910846153844], [28037.76804615384, 10827.530830769228], [28068.52807692307, 10827.530830769228], [28083.908092307687, 10812.150815384613], [28099.2881076923, 10796.770799999998], [28130.048138461534, 10796.770799999998], [28160.808169230764, 10796.770799999998], [28176.188184615377, 10781.390784615382], [28191.568199999994, 10766.010769230767], [28222.328230769224, 10766.010769230767], [28253.088261538454, 10766.010769230767], [28283.848292307688, 10766.010769230767], [28314.608323076918, 10766.010769230767], [28345.36835384615, 10766.010769230767], [28376.12838461538, 10766.010769230767], [28406.88841538461, 10766.010769230767], [28437.648446153842, 10766.010769230767], [28468.408476923072, 10766.010769230767], [28499.168507692302, 10766.010769230767], [28529.928538461532, 10766.010769230767], [28560.688569230762, 10766.010769230767], [28591.448599999996, 10766.010769230767], [28622.208630769226, 10766.010769230767], [28637.58864615384, 10781.390784615382], [28652.968661538456, 10796.770799999998], [28683.728692307686, 10796.770799999998], [28714.488723076916, 10796.770799999998], [28745.248753846146, 10796.770799999998], [28776.00878461538, 10796.770799999998], [28791.388799999993, 10812.150815384613], [28806.76881538461, 10827.530830769228], [28837.52884615384, 10827.530830769228], [28868.28887692307, 10827.530830769228], [28883.668892307687, 10842.910846153844], [28899.0489076923, 10858.290861538459], [28929.808938461534, 10858.290861538459], [28945.188953846147, 10873.670876923075], [28960.568969230764, 10889.05089230769], [28975.948984615377, 10904.430907692305], [28991.328999999994, 10919.81092307692], [29022.089030769224, 10919.81092307692], [29037.46904615384, 10935.190938461536], [29052.849061538454, 10950.570953846152], [29068.22907692307, 10965.950969230767], [29083.609092307688, 10981.330984615382], [29098.9891076923, 10996.710999999998], [29114.36912307692, 11012.091015384613], [29129.74913846153, 11027.47103076923], [29145.12915384615, 11042.851046153844], [29160.509169230765, 11058.23106153846], [29175.88918461538, 11073.611076923075], [29191.269199999995, 11088.99109230769], [29206.64921538461, 11104.371107692305], [29222.029230769225, 11088.99109230769], [29237.409246153842, 11073.611076923075], [29252.789261538455, 11058.23106153846], [29268.169276923072, 11042.851046153844], [29283.549292307685, 11027.47103076923], [29283.549292307685, 10996.710999999998], [29298.929307692302, 10981.330984615382], [29314.309323076915, 10965.950969230767], [29329.689338461532, 10950.570953846152], [29345.06935384615, 10935.190938461536], [29345.06935384615, 10904.430907692305], [29360.449369230762, 10889.05089230769], [29375.82938461538, 10873.670876923075], [29391.209399999992, 10858.290861538459], [29406.58941538461, 10842.910846153844], [29406.58941538461, 10812.150815384613], [29421.969430769226, 10796.770799999998], [29437.34944615384, 10781.390784615382], [29452.729461538456, 10766.010769230767], [29468.10947692307, 10750.630753846151], [29468.10947692307, 10719.870723076921], [29483.489492307686, 10704.490707692306], [29498.869507692303, 10689.11069230769], [29498.869507692303, 10658.35066153846], [29498.869507692303, 10627.59063076923], [29498.869507692303, 10596.830599999998], [29498.869507692303, 10566.070569230767], [29498.869507692303, 10535.310538461536], [29514.249523076916, 10519.93052307692], [29545.009553846146, 10519.93052307692], [29575.76958461538, 10519.93052307692], [29591.149599999993, 10504.550507692305], [29606.52961538461, 10489.17049230769], [29637.28964615384, 10489.17049230769], [29652.669661538457, 10473.790476923075], [29668.04967692307, 10458.410461538459], [29683.429692307687, 10443.030446153844], [29683.429692307687, 10412.270415384613], [29683.429692307687, 10381.510384615383], [29683.429692307687, 10350.750353846151], [29683.429692307687, 10319.990323076921], [29683.429692307687, 10289.23029230769], [29683.429692307687, 10258.47026153846], [29668.04967692307, 10243.090246153844], [29652.669661538457, 10227.71023076923], [29652.669661538457, 10196.950199999997], [29652.669661538457, 10166.190169230767], [29652.669661538457, 10135.430138461536], [29637.28964615384, 10120.05012307692], [29621.909630769223, 10104.670107692305], [29621.909630769223, 10073.910076923075], [29621.909630769223, 10043.150046153844], [29621.909630769223, 10012.390015384613], [29621.909630769223, 9981.629984615383], [29621.909630769223, 9950.869953846151], [29606.52961538461, 9935.489938461536], [29591.149599999993, 9920.109923076921], [29575.76958461538, 9904.729907692306], [29560.389569230763, 9889.34989230769], [29560.389569230763, 9858.58986153846], [29545.009553846146, 9843.209846153844], [29529.629538461533, 9827.82983076923], [29514.249523076916, 9812.449815384613], [29498.869507692303, 9797.069799999997], [29483.489492307686, 9781.689784615382], [29468.10947692307, 9766.309769230767], [29468.10947692307, 9735.549738461537], [29452.729461538456, 9720.16972307692], [29437.34944615384, 9704.789707692305], [29421.969430769226, 9689.40969230769], [29406.58941538461, 9674.029676923075], [29406.58941538461, 9643.269646153843], [29391.209399999992, 9627.889630769228], [29375.82938461538, 9612.509615384613], [29375.82938461538, 9581.749584615383], [29375.82938461538, 9550.989553846151], [29360.449369230762, 9535.609538461536], [29345.06935384615, 9520.229523076921], [29345.06935384615, 9489.46949230769], [29345.06935384615, 9458.70946153846], [29345.06935384615, 9427.94943076923], [29345.06935384615, 9397.189399999997], [29345.06935384615, 9366.429369230767], [29345.06935384615, 9335.669338461537], [29345.06935384615, 9304.909307692305], [29345.06935384615, 9274.149276923075], [29345.06935384615, 9243.389246153843], [29345.06935384615, 9212.629215384613], [29345.06935384615, 9181.869184615383], [29345.06935384615, 9151.109153846151], [29360.449369230762, 9135.729138461536], [29375.82938461538, 9120.349123076921], [29375.82938461538, 9089.589092307691], [29375.82938461538, 9058.82906153846], [29375.82938461538, 9028.06903076923], [29375.82938461538, 8997.308999999997], [29375.82938461538, 8966.548969230767], [29375.82938461538, 8935.788938461537], [29375.82938461538, 8905.028907692305], [29375.82938461538, 8874.268876923075], [29375.82938461538, 8843.508846153843], [29375.82938461538, 8812.748815384613], [29375.82938461538, 8781.988784615383], [29360.449369230762, 8766.608769230768], [29345.06935384615, 8751.228753846151], [29345.06935384615, 8720.468723076921], [29345.06935384615, 8689.708692307691], [29345.06935384615, 8658.94866153846], [29345.06935384615, 8628.18863076923], [29345.06935384615, 8597.428599999997], [29345.06935384615, 8566.668569230767], [29345.06935384615, 8535.908538461537], [29345.06935384615, 8505.148507692305], [29345.06935384615, 8474.388476923075], [29345.06935384615, 8443.628446153845], [29360.449369230762, 8428.248430769228], [29375.82938461538, 8412.868415384613], [29375.82938461538, 8382.108384615383], [29375.82938461538, 8351.348353846151], [29375.82938461538, 8320.588323076921], [29375.82938461538, 8289.828292307691], [29391.209399999992, 8274.448276923074], [29406.58941538461, 8259.06826153846], [29406.58941538461, 8228.30823076923], [29406.58941538461, 8197.548199999997], [29421.969430769226, 8182.168184615383], [29437.34944615384, 8166.788169230767], [29437.34944615384, 8136.028138461536], [29452.729461538456, 8120.648123076921], [29468.10947692307, 8105.268107692306], [29483.489492307686, 8089.88809230769], [29498.869507692303, 8074.508076923075], [29498.869507692303, 8043.748046153844], [29514.249523076916, 8028.368030769229], [29529.629538461533, 8012.988015384613], [29545.009553846146, 7997.607999999998], [29560.389569230763, 7982.227984615383], [29560.389569230763, 7951.467953846152], [29575.76958461538, 7936.087938461537], [29591.149599999993, 7920.707923076921], [29591.149599999993, 7889.94789230769], [29606.52961538461, 7874.567876923075], [29621.909630769223, 7859.18786153846], [29637.28964615384, 7843.807846153844], [29652.669661538457, 7828.427830769229], [29652.669661538457, 7797.667799999998], [29668.04967692307, 7782.287784615383], [29683.429692307687, 7766.907769230767], [29698.8097076923, 7751.527753846152], [29714.189723076917, 7736.147738461537], [29729.569738461534, 7720.767723076921], [29744.949753846147, 7705.387707692306], [29760.329769230764, 7690.00769230769], [29775.709784615377, 7674.627676923075], [29791.089799999994, 7659.24766153846], [29806.46981538461, 7643.867646153844], [29821.849830769224, 7628.487630769229], [29837.22984615384, 7613.107615384614], [29852.609861538454, 7597.727599999998], [29867.98987692307, 7582.347584615383], [29883.369892307688, 7566.967569230767], [29898.7499076923, 7551.587553846152], [29898.7499076923, 7520.827523076921], [29898.7499076923, 7490.06749230769], [29898.7499076923, 7459.30746153846], [29898.7499076923, 7428.547430769229], [29898.7499076923, 7397.787399999998], [29898.7499076923, 7367.027369230767], [29898.7499076923, 7336.267338461537], [29898.7499076923, 7305.507307692306], [29914.12992307692, 7290.127292307691], [29929.50993846153, 7274.747276923075], [29929.50993846153, 7243.987246153844], [29929.50993846153, 7213.227215384614], [29944.88995384615, 7197.847199999998], [29960.26996923076, 7182.467184615383], [29960.26996923076, 7151.707153846152], [29975.64998461538, 7136.327138461537], [29991.029999999995, 7120.947123076921], [29991.029999999995, 7090.187092307691], [30006.41001538461, 7074.807076923075], [30021.790030769225, 7059.42706153846], [30006.41001538461, 7044.047046153844], [29991.029999999995, 7028.667030769229], [29975.64998461538, 7013.287015384614], [29960.26996923076, 6997.906999999998], [29944.88995384615, 6982.526984615383], [29929.50993846153, 6967.146969230768], [29929.50993846153, 6936.386938461537], [29914.12992307692, 6921.006923076921], [29898.7499076923, 6905.626907692306], [29883.369892307688, 6890.246892307691], [29867.98987692307, 6874.866876923075], [29867.98987692307, 6844.106846153844], [29852.609861538454, 6828.726830769229], [29837.22984615384, 6813.346815384614], [29837.22984615384, 6782.586784615383], [29837.22984615384, 6751.826753846152], [29821.849830769224, 6736.446738461537], [29806.46981538461, 6721.066723076921], [29806.46981538461, 6690.306692307691], [29806.46981538461, 6659.54666153846], [29806.46981538461, 6628.786630769229], [29806.46981538461, 6598.026599999998], [29806.46981538461, 6567.266569230768], [29791.089799999994, 6551.886553846152], [29775.709784615377, 6536.506538461537], [29760.329769230764, 6521.126523076921], [29744.949753846147, 6505.746507692306], [29729.569738461534, 6490.366492307691], [29714.189723076917, 6474.986476923075], [29698.8097076923, 6459.60646153846], [29683.429692307687, 6444.226446153845], [29668.04967692307, 6428.846430769229], [29652.669661538457, 6413.466415384614], [29652.669661538457, 6382.706384615383], [29637.28964615384, 6367.326369230768], [29621.909630769223, 6351.946353846152], [29606.52961538461, 6336.566338461537], [29591.149599999993, 6321.186323076922], [29591.149599999993, 6290.426292307691], [29575.76958461538, 6275.046276923075], [29560.389569230763, 6259.66626153846], [29560.389569230763, 6228.906230769229], [29560.389569230763, 6198.146199999998], [29545.009553846146, 6182.766184615383], [29529.629538461533, 6167.386169230768], [29529.629538461533, 6136.626138461537], [29529.629538461533, 6105.866107692306], [29514.249523076916, 6090.486092307691], [29498.869507692303, 6075.106076923075], [29498.869507692303, 6044.346046153845], [29498.869507692303, 6013.586015384614], [29498.869507692303, 5982.825984615383], [29498.869507692303, 5952.065953846152], [29483.489492307686, 5936.685938461537], [29452.729461538456, 5936.685938461537], [29421.969430769226, 5936.685938461537], [29406.58941538461, 5921.305923076922], [29391.209399999992, 5905.925907692306], [29360.449369230762, 5905.925907692306], [29329.689338461532, 5905.925907692306], [29314.309323076915, 5890.545892307691], [29298.929307692302, 5875.165876923075], [29268.169276923072, 5875.165876923075], [29237.409246153842, 5875.165876923075], [29206.64921538461, 5875.165876923075], [29175.88918461538, 5875.165876923075], [29160.509169230765, 5859.78586153846], [29145.12915384615, 5844.405846153845], [29114.36912307692, 5844.405846153845], [29083.609092307688, 5844.405846153845], [29052.849061538454, 5844.405846153845], [29037.46904615384, 5829.025830769229], [29022.089030769224, 5813.645815384614], [28991.328999999994, 5813.645815384614], [28960.568969230764, 5813.645815384614], [28945.188953846147, 5798.265799999999], [28929.808938461534, 5782.885784615383], [28899.0489076923, 5782.885784615383], [28883.668892307687, 5767.505769230768], [28868.28887692307, 5752.125753846152], [28852.908861538457, 5736.745738461537], [28837.52884615384, 5721.365723076922], [28806.76881538461, 5721.365723076922], [28791.388799999993, 5705.985707692306], [28776.00878461538, 5690.605692307691], [28760.628769230763, 5675.225676923076], [28745.248753846146, 5659.84566153846], [28729.868738461533, 5644.465646153845], [28714.488723076916, 5629.085630769229], [28699.108707692303, 5613.705615384614], [28683.728692307686, 5598.325599999999], [28668.34867692307, 5582.945584615383], [28652.968661538456, 5567.565569230768], [28637.58864615384, 5552.185553846152], [28622.208630769226, 5536.805538461537], [28606.82861538461, 5521.425523076922], [28591.448599999996, 5506.045507692306], [28576.06858461538, 5490.665492307691], [28560.688569230762, 5475.285476923076], [28545.30855384615, 5459.90546153846], [28545.30855384615, 5429.145430769229], [28529.928538461532, 5413.765415384614], [28514.54852307692, 5398.385399999999], [28499.168507692302, 5383.005384615383], [28483.788492307685, 5367.625369230768], [28483.788492307685, 5336.865338461537], [28468.408476923072, 5321.485323076922], [28453.028461538455, 5306.105307692306], [28453.028461538455, 5275.345276923076], [28437.648446153842, 5259.96526153846], [28422.268430769225, 5244.585246153845], [28422.268430769225, 5213.825215384614], [28406.88841538461, 5198.445199999999], [28391.508399999995, 5183.065184615383], [28391.508399999995, 5152.305153846153], [28376.12838461538, 5136.925138461537], [28360.748369230765, 5121.545123076922], [28345.36835384615, 5106.165107692306], [28329.98833846153, 5090.785092307691], [28314.608323076918, 5075.405076923076], [28299.2283076923, 5060.02506153846], [28283.848292307688, 5044.645046153845], [28268.46827692307, 5029.26503076923], [28253.088261538454, 5013.885015384614], [28237.70824615384, 4998.504999999999], [28237.70824615384, 4967.744969230768], [28222.328230769224, 4952.364953846153], [28206.94821538461, 4936.984938461537], [28191.568199999994, 4921.604923076922], [28176.188184615377, 4936.984938461537], [28160.808169230764, 4952.364953846153], [28130.048138461534, 4952.364953846153], [28099.2881076923, 4952.364953846153], [28083.908092307687, 4967.744969230768], [28068.52807692307, 4983.124984615383], [28037.76804615384, 4983.124984615383], [28007.00801538461, 4983.124984615383], [27991.627999999993, 4998.504999999999], [27976.24798461538, 5013.885015384614], [27945.48795384615, 5013.885015384614], [27914.727923076916, 5013.885015384614], [27883.967892307686, 5013.885015384614], [27853.207861538456, 5013.885015384614], [27822.447830769226, 5013.885015384614], [27791.687799999996, 5013.885015384614], [27776.30778461538, 5029.26503076923], [27760.927769230762, 5044.645046153845], [27745.54775384615, 5060.02506153846], [27730.167738461532, 5075.405076923076], [27714.78772307692, 5090.785092307691], [27699.407707692302, 5106.165107692306], [27684.027692307685, 5121.545123076922], [27668.647676923072, 5136.925138461537], [27653.267661538455, 5152.305153846153], [27637.887646153842, 5167.685169230768], [27607.12761538461, 5167.685169230768], [27591.747599999995, 5183.065184615383], [27576.36758461538, 5198.445199999999], [27560.987569230765, 5213.825215384614], [27545.60755384615, 5229.205230769229], [27514.847523076918, 5229.205230769229], [27499.4675076923, 5244.585246153845], [27484.087492307688, 5259.96526153846], [27453.327461538454, 5259.96526153846], [27422.567430769224, 5259.96526153846], [27407.18741538461, 5275.345276923076], [27391.807399999994, 5290.725292307691], [27361.047369230764, 5290.725292307691], [27330.287338461534, 5290.725292307691], [27314.907323076917, 5306.105307692306], [27299.527307692304, 5321.485323076922], [27284.147292307687, 5336.865338461537], [27299.527307692304, 5352.245353846153], [27314.907323076917, 5367.625369230768], [27314.907323076917, 5398.385399999999], [27314.907323076917, 5429.145430769229], [27314.907323076917, 5459.90546153846], [27314.907323076917, 5490.665492307691], [27314.907323076917, 5521.425523076922], [27314.907323076917, 5552.185553846152], [27314.907323076917, 5582.945584615383], [27314.907323076917, 5613.705615384614], [27314.907323076917, 5644.465646153845], [27314.907323076917, 5675.225676923076], [27299.527307692304, 5690.605692307691], [27284.147292307687, 5705.985707692306], [27284.147292307687, 5736.745738461537], [27284.147292307687, 5767.505769230768], [27284.147292307687, 5798.265799999999], [27284.147292307687, 5829.025830769229], [27268.76727692307, 5844.405846153845], [27253.387261538457, 5859.78586153846], [27253.387261538457, 5890.545892307691], [27253.387261538457, 5921.305923076922], [27253.387261538457, 5952.065953846152], [27253.387261538457, 5982.825984615383], [27253.387261538457, 6013.586015384614], [27253.387261538457, 6044.346046153845], [27238.00724615384, 6059.72606153846], [27222.627230769227, 6075.106076923075], [27222.627230769227, 6105.866107692306], [27222.627230769227, 6136.626138461537], [27207.24721538461, 6152.006153846152], [27191.867199999993, 6167.386169230768], [27191.867199999993, 6198.146199999998], [27176.48718461538, 6213.526215384614], [27161.107169230763, 6228.906230769229], [27145.72715384615, 6244.286246153845], [27130.347138461533, 6259.66626153846], [27130.347138461533, 6290.426292307691], [27114.967123076916, 6305.806307692306], [27099.587107692303, 6321.186323076922], [27084.207092307686, 6336.566338461537], [27068.827076923073, 6351.946353846152], [27053.447061538456, 6367.326369230768], [27038.06704615384, 6382.706384615383], [27022.687030769226, 6398.086399999998], [27007.30701538461, 6413.466415384614], [26991.926999999996, 6428.846430769229], [26976.54698461538, 6444.226446153845], [26961.166969230762, 6459.60646153846], [26945.78695384615, 6474.986476923075], [26930.406938461532, 6490.366492307691], [26915.02692307692, 6505.746507692306], [26899.646907692302, 6521.126523076921], [26868.886876923072, 6521.126523076921], [26853.506861538455, 6536.506538461537], [26838.126846153842, 6551.886553846152], [26822.746830769225, 6567.266569230768], [26807.36681538461, 6582.646584615383], [26776.60678461538, 6582.646584615383], [26761.226769230765, 6598.026599999998], [26745.84675384615, 6613.406615384614], [26715.086723076918, 6613.406615384614], [26684.326692307688, 6613.406615384614], [26668.94667692307, 6628.786630769229], [26653.566661538458, 6644.166646153845], [26622.806630769224, 6644.166646153845], [26592.046599999994, 6644.166646153845], [26561.286569230764, 6644.166646153845], [26530.526538461534, 6644.166646153845], [26515.146523076917, 6659.54666153846], [26499.766507692304, 6674.926676923075], [26484.386492307687, 6690.306692307691], [26499.766507692304, 6705.686707692306], [26515.146523076917, 6721.066723076921], [26515.146523076917, 6751.826753846152], [26530.526538461534, 6767.206769230768], [26561.286569230764, 6767.206769230768], [26592.046599999994, 6767.206769230768], [26607.42661538461, 6782.586784615383], [26622.806630769224, 6797.966799999998], [26653.566661538458, 6797.966799999998], [26684.326692307688, 6797.966799999998], [26699.7067076923, 6813.346815384614], [26715.086723076918, 6828.726830769229], [26745.84675384615, 6828.726830769229], [26761.226769230765, 6844.106846153844], [26776.60678461538, 6859.48686153846], [26807.36681538461, 6859.48686153846], [26822.746830769225, 6874.866876923075], [26838.126846153842, 6890.246892307691], [26868.886876923072, 6890.246892307691], [26884.266892307685, 6905.626907692306], [26899.646907692302, 6921.006923076921], [26915.02692307692, 6936.386938461537], [26930.406938461532, 6951.766953846152], [26961.166969230762, 6951.766953846152], [26976.54698461538, 6967.146969230768], [26991.926999999996, 6982.526984615383], [27007.30701538461, 6997.906999999998], [27022.687030769226, 7013.287015384614], [27038.06704615384, 7028.667030769229], [27053.447061538456, 7044.047046153844], [27068.827076923073, 7059.42706153846], [27084.207092307686, 7074.807076923075], [27114.967123076916, 7074.807076923075], [27130.347138461533, 7090.187092307691], [27145.72715384615, 7105.567107692306], [27161.107169230763, 7120.947123076921], [27176.48718461538, 7136.327138461537], [27191.867199999993, 7151.707153846152], [27207.24721538461, 7167.087169230767], [27222.627230769227, 7182.467184615383], [27238.00724615384, 7197.847199999998], [27253.387261538457, 7213.227215384614], [27268.76727692307, 7228.607230769229], [27284.147292307687, 7243.987246153844], [27299.527307692304, 7259.36726153846], [27314.907323076917, 7274.747276923075], [27330.287338461534, 7290.127292307691], [27345.667353846147, 7305.507307692306], [27361.047369230764, 7320.887323076921], [27376.427384615377, 7336.267338461537], [27391.807399999994, 7351.647353846152], [27407.18741538461, 7367.027369230767], [27407.18741538461, 7397.787399999998], [27422.567430769224, 7413.167415384614], [27437.94744615384, 7428.547430769229], [27453.327461538454, 7443.927446153844], [27468.70747692307, 7459.30746153846], [27468.70747692307, 7490.06749230769], [27484.087492307688, 7505.447507692306], [27499.4675076923, 7520.827523076921], [27499.4675076923, 7551.587553846152], [27499.4675076923, 7582.347584615383], [27514.847523076918, 7597.727599999998], [27530.22753846153, 7613.107615384614], [27530.22753846153, 7643.867646153844], [27530.22753846153, 7674.627676923075], [27530.22753846153, 7705.387707692306], [27545.60755384615, 7720.767723076921], [27560.987569230765, 7705.387707692306], [27576.36758461538, 7690.00769230769], [27607.12761538461, 7690.00769230769], [27637.887646153842, 7690.00769230769], [27668.647676923072, 7690.00769230769], [27699.407707692302, 7690.00769230769], [27730.167738461532, 7690.00769230769], [27760.927769230762, 7690.00769230769], [27791.687799999996, 7690.00769230769], [27822.447830769226, 7690.00769230769], [27853.207861538456, 7690.00769230769], [27883.967892307686, 7690.00769230769], [27914.727923076916, 7690.00769230769], [27945.48795384615, 7690.00769230769], [27960.867969230763, 7674.627676923075], [27976.24798461538, 7659.24766153846], [28007.00801538461, 7659.24766153846], [28022.388030769223, 7643.867646153844], [28037.76804615384, 7628.487630769229], [28068.52807692307, 7628.487630769229], [28099.2881076923, 7628.487630769229], [28130.048138461534, 7628.487630769229], [28160.808169230764, 7628.487630769229], [28176.188184615377, 7613.107615384614], [28176.188184615377, 7582.347584615383], [28176.188184615377, 7551.587553846152], [28176.188184615377, 7520.827523076921], [28176.188184615377, 7490.06749230769], [28176.188184615377, 7459.30746153846], [28160.808169230764, 7443.927446153844], [28145.428153846147, 7428.547430769229], [28145.428153846147, 7397.787399999998], [28145.428153846147, 7367.027369230767], [28130.048138461534, 7351.647353846152], [28114.668123076917, 7336.267338461537], [28114.668123076917, 7305.507307692306], [28114.668123076917, 7274.747276923075], [28099.2881076923, 7259.36726153846], [28083.908092307687, 7243.987246153844], [28083.908092307687, 7213.227215384614], [28068.52807692307, 7197.847199999998], [28053.148061538457, 7182.467184615383], [28053.148061538457, 7151.707153846152], [28037.76804615384, 7136.327138461537], [28022.388030769223, 7120.947123076921], [28022.388030769223, 7090.187092307691], [28007.00801538461, 7074.807076923075], [27991.627999999993, 7059.42706153846], [27976.24798461538, 7044.047046153844], [27960.867969230763, 7028.667030769229], [27960.867969230763, 6997.906999999998], [27945.48795384615, 6982.526984615383], [27930.107938461533, 6967.146969230768], [27914.727923076916, 6951.766953846152], [27899.347907692303, 6936.386938461537], [27883.967892307686, 6921.006923076921], [27868.587876923073, 6905.626907692306], [27868.587876923073, 6874.866876923075], [27853.207861538456, 6859.48686153846], [27837.82784615384, 6844.106846153844], [27822.447830769226, 6828.726830769229], [27807.06781538461, 6813.346815384614], [27791.687799999996, 6797.966799999998], [27776.30778461538, 6782.586784615383], [27760.927769230762, 6767.206769230768], [27745.54775384615, 6751.826753846152], [27730.167738461532, 6736.446738461537], [27714.78772307692, 6721.066723076921], [27699.407707692302, 6705.686707692306], [27684.027692307685, 6690.306692307691], [27684.027692307685, 6659.54666153846], [27684.027692307685, 6628.786630769229], [27699.407707692302, 6613.406615384614], [27714.78772307692, 6598.026599999998], [27730.167738461532, 6582.646584615383], [27745.54775384615, 6567.266569230768], [27745.54775384615, 6536.506538461537], [27760.927769230762, 6521.126523076921], [27776.30778461538, 6505.746507692306], [27776.30778461538, 6474.986476923075], [27791.687799999996, 6459.60646153846], [27807.06781538461, 6444.226446153845], [27807.06781538461, 6413.466415384614], [27822.447830769226, 6398.086399999998], [27837.82784615384, 6382.706384615383], [27837.82784615384, 6351.946353846152], [27837.82784615384, 6321.186323076922], [27853.207861538456, 6305.806307692306], [27868.587876923073, 6290.426292307691], [27868.587876923073, 6259.66626153846], [27868.587876923073, 6228.906230769229], [27883.967892307686, 6213.526215384614], [27899.347907692303, 6198.146199999998], [27899.347907692303, 6167.386169230768], [27899.347907692303, 6136.626138461537], [27899.347907692303, 6105.866107692306], [27899.347907692303, 6075.106076923075], [27899.347907692303, 6044.346046153845], [27914.727923076916, 6028.966030769229], [27930.107938461533, 6013.586015384614], [27930.107938461533, 5982.825984615383], [27930.107938461533, 5952.065953846152], [27930.107938461533, 5921.305923076922], [27930.107938461533, 5890.545892307691], [27930.107938461533, 5859.78586153846], [27945.48795384615, 5844.405846153845], [27960.867969230763, 5829.025830769229], [27960.867969230763, 5798.265799999999], [27976.24798461538, 5782.885784615383], [27991.627999999993, 5798.265799999999], [27991.627999999993, 5829.025830769229], [28007.00801538461, 5844.405846153845], [28022.388030769223, 5859.78586153846], [28037.76804615384, 5875.165876923075], [28053.148061538457, 5890.545892307691], [28068.52807692307, 5905.925907692306], [28083.908092307687, 5921.305923076922], [28083.908092307687, 5952.065953846152], [28099.2881076923, 5967.445969230768], [28114.668123076917, 5982.825984615383], [28130.048138461534, 5998.205999999999], [28145.428153846147, 6013.586015384614], [28160.808169230764, 6028.966030769229], [28176.188184615377, 6044.346046153845], [28191.568199999994, 6059.72606153846], [28206.94821538461, 6075.106076923075], [28222.328230769224, 6090.486092307691], [28237.70824615384, 6105.866107692306], [28253.088261538454, 6121.246123076922], [28268.46827692307, 6136.626138461537], [28283.848292307688, 6152.006153846152], [28299.2283076923, 6167.386169230768], [28314.608323076918, 6182.766184615383], [28345.36835384615, 6182.766184615383], [28360.748369230765, 6198.146199999998], [28376.12838461538, 6213.526215384614], [28391.508399999995, 6228.906230769229], [28406.88841538461, 6244.286246153845], [28422.268430769225, 6259.66626153846], [28437.648446153842, 6275.046276923075], [28468.408476923072, 6275.046276923075], [28483.788492307685, 6290.426292307691], [28499.168507692302, 6305.806307692306], [28514.54852307692, 6321.186323076922], [28529.928538461532, 6336.566338461537], [28560.688569230762, 6336.566338461537], [28576.06858461538, 6351.946353846152], [28591.448599999996, 6367.326369230768], [28622.208630769226, 6367.326369230768], [28637.58864615384, 6382.706384615383], [28652.968661538456, 6398.086399999998], [28683.728692307686, 6398.086399999998], [28699.108707692303, 6413.466415384614], [28714.488723076916, 6428.846430769229], [28745.248753846146, 6428.846430769229], [28776.00878461538, 6428.846430769229], [28791.388799999993, 6444.226446153845], [28806.76881538461, 6459.60646153846], [28837.52884615384, 6459.60646153846], [28868.28887692307, 6459.60646153846], [28883.668892307687, 6474.986476923075], [28899.0489076923, 6490.366492307691], [28929.808938461534, 6490.366492307691], [28945.188953846147, 6505.746507692306], [28960.568969230764, 6521.126523076921], [28975.948984615377, 6536.506538461537], [28975.948984615377, 6567.266569230768], [28991.328999999994, 6582.646584615383], [29006.70901538461, 6598.026599999998], [29006.70901538461, 6628.786630769229], [29022.089030769224, 6644.166646153845], [29037.46904615384, 6659.54666153846], [29037.46904615384, 6690.306692307691], [29052.849061538454, 6705.686707692306], [29068.22907692307, 6721.066723076921], [29083.609092307688, 6736.446738461537], [29098.9891076923, 6751.826753846152], [29098.9891076923, 6782.586784615383], [29114.36912307692, 6797.966799999998], [29129.74913846153, 6813.346815384614], [29145.12915384615, 6828.726830769229], [29160.509169230765, 6844.106846153844], [29160.509169230765, 6874.866876923075], [29175.88918461538, 6890.246892307691], [29191.269199999995, 6905.626907692306], [29191.269199999995, 6936.386938461537], [29191.269199999995, 6967.146969230768], [29206.64921538461, 6982.526984615383], [29222.029230769225, 6997.906999999998], [29222.029230769225, 7028.667030769229], [29222.029230769225, 7059.42706153846], [29237.409246153842, 7074.807076923075], [29252.789261538455, 7090.187092307691], [29252.789261538455, 7120.947123076921], [29252.789261538455, 7151.707153846152], [29252.789261538455, 7182.467184615383], [29252.789261538455, 7213.227215384614], [29252.789261538455, 7243.987246153844], [29268.169276923072, 7259.36726153846], [29298.929307692302, 7259.36726153846], [29329.689338461532, 7259.36726153846], [29345.06935384615, 7274.747276923075], [29345.06935384615, 7305.507307692306], [29345.06935384615, 7336.267338461537], [29345.06935384615, 7367.027369230767], [29329.689338461532, 7382.407384615383], [29314.309323076915, 7397.787399999998], [29314.309323076915, 7428.547430769229], [29298.929307692302, 7443.927446153844], [29283.549292307685, 7459.30746153846], [29283.549292307685, 7490.06749230769], [29268.169276923072, 7505.447507692306], [29252.789261538455, 7520.827523076921], [29237.409246153842, 7536.207538461537], [29222.029230769225, 7551.587553846152], [29206.64921538461, 7566.967569230767], [29175.88918461538, 7566.967569230767], [29160.509169230765, 7582.347584615383], [29145.12915384615, 7597.727599999998], [29114.36912307692, 7597.727599999998], [29098.9891076923, 7613.107615384614], [29083.609092307688, 7628.487630769229], [29052.849061538454, 7628.487630769229], [29037.46904615384, 7643.867646153844], [29022.089030769224, 7659.24766153846], [28991.328999999994, 7659.24766153846], [28960.568969230764, 7659.24766153846], [28945.188953846147, 7674.627676923075], [28945.188953846147, 7705.387707692306], [28929.808938461534, 7720.767723076921], [28914.428923076917, 7736.147738461537], [28899.0489076923, 7751.527753846152], [28883.668892307687, 7766.907769230767], [28883.668892307687, 7797.667799999998], [28868.28887692307, 7813.047815384613], [28852.908861538457, 7828.427830769229], [28852.908861538457, 7859.18786153846], [28837.52884615384, 7874.567876923075], [28822.148830769223, 7889.94789230769], [28822.148830769223, 7920.707923076921], [28806.76881538461, 7936.087938461537], [28791.388799999993, 7951.467953846152], [28791.388799999993, 7982.227984615383], [28791.388799999993, 8012.988015384613], [28776.00878461538, 8028.368030769229], [28760.628769230763, 8043.748046153844], [28760.628769230763, 8074.508076923075], [28760.628769230763, 8105.268107692306], [28745.248753846146, 8120.648123076921], [28729.868738461533, 8136.028138461536], [28729.868738461533, 8166.788169230767], [28729.868738461533, 8197.548199999997], [28729.868738461533, 8228.30823076923], [28729.868738461533, 8259.06826153846], [28714.488723076916, 8274.448276923074], [28699.108707692303, 8289.828292307691], [28699.108707692303, 8320.588323076921], [28699.108707692303, 8351.348353846151], [28699.108707692303, 8382.108384615383], [28699.108707692303, 8412.868415384613], [28699.108707692303, 8443.628446153845], [28683.728692307686, 8459.00846153846], [28668.34867692307, 8474.388476923075], [28668.34867692307, 8505.148507692305], [28668.34867692307, 8535.908538461537], [28668.34867692307, 8566.668569230767], [28668.34867692307, 8597.428599999997], [28668.34867692307, 8628.18863076923], [28668.34867692307, 8658.94866153846], [28668.34867692307, 8689.708692307691], [28668.34867692307, 8720.468723076921], [28683.728692307686, 8735.848738461536], [28699.108707692303, 8751.228753846151], [28699.108707692303, 8781.988784615383], [28699.108707692303, 8812.748815384613], [28699.108707692303, 8843.508846153843], [28699.108707692303, 8874.268876923075], [28699.108707692303, 8905.028907692305], [28699.108707692303, 8935.788938461537], [28699.108707692303, 8966.548969230767], [28699.108707692303, 8997.308999999997], [28699.108707692303, 9028.06903076923], [28699.108707692303, 9058.82906153846], [28699.108707692303, 9089.589092307691], [28699.108707692303, 9120.349123076921], [28699.108707692303, 9151.109153846151], [28683.728692307686, 9166.489169230766], [28668.34867692307, 9181.869184615383], [28668.34867692307, 9212.629215384613], [28668.34867692307, 9243.389246153843], [28668.34867692307, 9274.149276923075], [28668.34867692307, 9304.909307692305], [28668.34867692307, 9335.669338461537], [28668.34867692307, 9366.429369230767], [28668.34867692307, 9397.189399999997], [28668.34867692307, 9427.94943076923], [28668.34867692307, 9458.70946153846], [28668.34867692307, 9489.46949230769], [28683.728692307686, 9504.849507692306], [28699.108707692303, 9520.229523076921], [28699.108707692303, 9550.989553846151], [28699.108707692303, 9581.749584615383], [28699.108707692303, 9612.509615384613], [28699.108707692303, 9643.269646153843], [28699.108707692303, 9674.029676923075], [28714.488723076916, 9689.40969230769], [28729.868738461533, 9704.789707692305], [28729.868738461533, 9735.549738461537], [28729.868738461533, 9766.309769230767], [28745.248753846146, 9781.689784615382], [28760.628769230763, 9797.069799999997], [28760.628769230763, 9827.82983076923], [28760.628769230763, 9858.58986153846], [28776.00878461538, 9873.969876923074], [28791.388799999993, 9889.34989230769], [28791.388799999993, 9920.109923076921], [28806.76881538461, 9935.489938461536], [28822.148830769223, 9950.869953846151], [28822.148830769223, 9981.629984615383], [28837.52884615384, 9997.009999999998], [28852.908861538457, 10012.390015384613], [28852.908861538457, 10043.150046153844], [28868.28887692307, 10058.53006153846], [28883.668892307687, 10073.910076923075], [28899.0489076923, 10089.29009230769], [28914.428923076917, 10104.670107692305], [28914.428923076917, 10135.430138461536], [28899.0489076923, 10150.810153846152], [28868.28887692307, 10150.810153846152], [28837.52884615384, 10150.810153846152], [28806.76881538461, 10150.810153846152], [28791.388799999993, 10135.430138461536], [28776.00878461538, 10120.05012307692], [28745.248753846146, 10120.05012307692], [28714.488723076916, 10120.05012307692], [28683.728692307686, 10120.05012307692], [28652.968661538456, 10120.05012307692], [28622.208630769226, 10120.05012307692], [28606.82861538461, 10104.670107692305], [28591.448599999996, 10089.29009230769], [28560.688569230762, 10089.29009230769], [28529.928538461532, 10089.29009230769], [28499.168507692302, 10089.29009230769], [28468.408476923072, 10089.29009230769], [28437.648446153842, 10089.29009230769], [28406.88841538461, 10089.29009230769], [28376.12838461538, 10089.29009230769], [28345.36835384615, 10089.29009230769], [28314.608323076918, 10089.29009230769], [28283.848292307688, 10089.29009230769], [28253.088261538454, 10089.29009230769], [28222.328230769224, 10089.29009230769], [28206.94821538461, 10104.670107692305], [28191.568199999994, 10120.05012307692], [28160.808169230764, 10120.05012307692], [28130.048138461534, 10120.05012307692], [28099.2881076923, 10120.05012307692], [28068.52807692307, 10120.05012307692], [28037.76804615384, 10120.05012307692], [28022.388030769223, 10135.430138461536], [28007.00801538461, 10150.810153846152], [27976.24798461538, 10150.810153846152], [27945.48795384615, 10150.810153846152], [27930.107938461533, 10166.190169230767], [27914.727923076916, 10181.570184615382], [27899.347907692303, 10166.190169230767], [27883.967892307686, 10150.810153846152], [27853.207861538456, 10150.810153846152], [27822.447830769226, 10150.810153846152], [27791.687799999996, 10150.810153846152], [27760.927769230762, 10150.810153846152], [27730.167738461532, 10150.810153846152], [27714.78772307692, 10135.430138461536], [27699.407707692302, 10120.05012307692], [27668.647676923072, 10120.05012307692], [27637.887646153842, 10120.05012307692], [27607.12761538461, 10120.05012307692], [27576.36758461538, 10120.05012307692], [27545.60755384615, 10120.05012307692], [27514.847523076918, 10120.05012307692], [27484.087492307688, 10120.05012307692], [27453.327461538454, 10120.05012307692], [27422.567430769224, 10120.05012307692], [27391.807399999994, 10120.05012307692], [27376.427384615377, 10104.670107692305], [27391.807399999994, 10089.29009230769], [27407.18741538461, 10073.910076923075], [27422.567430769224, 10058.53006153846], [27437.94744615384, 10043.150046153844], [27437.94744615384, 10012.390015384613], [27453.327461538454, 9997.009999999998], [27468.70747692307, 9981.629984615383], [27468.70747692307, 9950.869953846151], [27484.087492307688, 9935.489938461536], [27499.4675076923, 9920.109923076921], [27499.4675076923, 9889.34989230769], [27514.847523076918, 9873.969876923074], [27530.22753846153, 9858.58986153846], [27530.22753846153, 9827.82983076923], [27545.60755384615, 9812.449815384613], [27560.987569230765, 9797.069799999997], [27560.987569230765, 9766.309769230767], [27560.987569230765, 9735.549738461537], [27576.36758461538, 9720.16972307692], [27591.747599999995, 9704.789707692305], [27591.747599999995, 9674.029676923075], [27591.747599999995, 9643.269646153843], [27607.12761538461, 9627.889630769228], [27622.507630769225, 9612.509615384613], [27622.507630769225, 9581.749584615383], [27622.507630769225, 9550.989553846151], [27622.507630769225, 9520.229523076921], [27622.507630769225, 9489.46949230769], [27622.507630769225, 9458.70946153846], [27637.887646153842, 9443.329446153844], [27653.267661538455, 9427.94943076923], [27653.267661538455, 9397.189399999997], [27653.267661538455, 9366.429369230767], [27653.267661538455, 9335.669338461537], [27653.267661538455, 9304.909307692305], [27653.267661538455, 9274.149276923075], [27653.267661538455, 9243.389246153843], [27653.267661538455, 9212.629215384613], [27653.267661538455, 9181.869184615383], [27653.267661538455, 9151.109153846151], [27637.887646153842, 9135.729138461536], [27622.507630769225, 9120.349123076921], [27622.507630769225, 9089.589092307691], [27622.507630769225, 9058.82906153846], [27622.507630769225, 9028.06903076923], [27622.507630769225, 8997.308999999997], [27622.507630769225, 8966.548969230767], [27622.507630769225, 8935.788938461537], [27637.887646153842, 8920.40892307692], [27653.267661538455, 8905.028907692305], [27668.647676923072, 8889.64889230769], [27699.407707692302, 8889.64889230769], [27714.78772307692, 8874.268876923075], [27730.167738461532, 8858.88886153846], [27745.54775384615, 8843.508846153843], [27745.54775384615, 8812.748815384613], [27730.167738461532, 8797.368799999998], [27714.78772307692, 8781.988784615383], [27699.407707692302, 8766.608769230768], [27684.027692307685, 8751.228753846151], [27668.647676923072, 8735.848738461536], [27653.267661538455, 8720.468723076921], [27637.887646153842, 8705.088707692306], [27607.12761538461, 8705.088707692306], [27591.747599999995, 8689.708692307691], [27576.36758461538, 8674.328676923074], [27545.60755384615, 8674.328676923074], [27514.847523076918, 8674.328676923074], [27484.087492307688, 8674.328676923074], [27453.327461538454, 8674.328676923074], [27437.94744615384, 8689.708692307691], [27422.567430769224, 8705.088707692306], [27391.807399999994, 8705.088707692306], [27361.047369230764, 8705.088707692306], [27345.667353846147, 8720.468723076921], [27330.287338461534, 8735.848738461536], [27299.527307692304, 8735.848738461536], [27284.147292307687, 8751.228753846151], [27268.76727692307, 8766.608769230768], [27238.00724615384, 8766.608769230768], [27222.627230769227, 8781.988784615383], [27207.24721538461, 8797.368799999998], [27191.867199999993, 8812.748815384613], [27176.48718461538, 8828.128830769228], [27161.107169230763, 8843.508846153843], [27145.72715384615, 8858.88886153846], [27130.347138461533, 8874.268876923075], [27114.967123076916, 8889.64889230769], [27099.587107692303, 8905.028907692305], [27084.207092307686, 8920.40892307692], [27068.827076923073, 8935.788938461537], [27068.827076923073, 8966.548969230767], [27053.447061538456, 8981.928984615382], [27038.06704615384, 8997.308999999997], [27038.06704615384, 9028.06903076923], [27038.06704615384, 9058.82906153846], [27038.06704615384, 9089.589092307691], [27022.687030769226, 9104.969107692306], [26991.926999999996, 9104.969107692306], [26976.54698461538, 9120.349123076921], [26976.54698461538, 9151.109153846151], [26976.54698461538, 9181.869184615383], [26976.54698461538, 9212.629215384613], [26976.54698461538, 9243.389246153843], [26976.54698461538, 9274.149276923075], [26976.54698461538, 9304.909307692305], [26976.54698461538, 9335.669338461537], [26976.54698461538, 9366.429369230767], [26976.54698461538, 9397.189399999997], [26976.54698461538, 9427.94943076923], [26976.54698461538, 9458.70946153846], [26961.166969230762, 9474.089476923074], [26945.78695384615, 9489.46949230769], [26945.78695384615, 9520.229523076921], [26945.78695384615, 9550.989553846151], [26930.406938461532, 9566.369569230767], [26915.02692307692, 9581.749584615383], [26915.02692307692, 9612.509615384613], [26899.646907692302, 9627.889630769228], [26884.266892307685, 9643.269646153843], [26884.266892307685, 9674.029676923075], [26868.886876923072, 9689.40969230769], [26853.506861538455, 9704.789707692305], [26838.126846153842, 9720.16972307692], [26822.746830769225, 9735.549738461537], [26822.746830769225, 9766.309769230767], [26807.36681538461, 9781.689784615382], [26791.986799999995, 9797.069799999997], [26776.60678461538, 9812.449815384613], [26761.226769230765, 9827.82983076923], [26745.84675384615, 9843.209846153844], [26730.46673846153, 9858.58986153846], [26730.46673846153, 9889.34989230769], [26715.086723076918, 9904.729907692306], [26699.7067076923, 9920.109923076921], [26684.326692307688, 9935.489938461536], [26668.94667692307, 9950.869953846151], [26653.566661538458, 9966.249969230767], [26638.18664615384, 9981.629984615383], [26622.806630769224, 9997.009999999998], [26607.42661538461, 10012.390015384613], [26592.046599999994, 10027.770030769228], [26576.66658461538, 10043.150046153844], [26561.286569230764, 10058.53006153846], [26545.906553846147, 10073.910076923075], [26530.526538461534, 10089.29009230769], [26499.766507692304, 10089.29009230769], [26484.386492307687, 10104.670107692305], [26469.00647692307, 10120.05012307692], [26453.626461538457, 10135.430138461536], [26438.24644615384, 10150.810153846152], [26407.48641538461, 10150.810153846152], [26392.106399999993, 10166.190169230767], [26376.72638461538, 10181.570184615382], [26345.96635384615, 10181.570184615382], [26315.206323076916, 10181.570184615382], [26299.826307692303, 10196.950199999997], [26284.446292307686, 10212.330215384613], [26253.686261538456, 10212.330215384613], [26222.926230769226, 10212.330215384613], [26192.166199999996, 10212.330215384613], [26161.406169230762, 10212.330215384613], [26130.646138461532, 10212.330215384613], [26099.886107692302, 10212.330215384613], [26069.126076923072, 10212.330215384613], [26038.366046153842, 10212.330215384613], [26007.606015384612, 10212.330215384613], [25976.84598461538, 10212.330215384613], [25946.08595384615, 10212.330215384613], [25915.325923076918, 10212.330215384613], [25884.565892307688, 10212.330215384613], [25869.18587692307, 10196.950199999997], [25853.805861538458, 10181.570184615382], [25838.42584615384, 10196.950199999997], [25823.045830769224, 10212.330215384613], [25807.66581538461, 10227.71023076923], [25792.285799999994, 10243.090246153844], [25776.90578461538, 10258.47026153846], [25761.525769230764, 10273.850276923074], [25746.145753846147, 10289.23029230769], [25730.765738461534, 10304.610307692306], [25715.385723076917, 10319.990323076921], [25700.005707692304, 10335.370338461536], [25684.625692307687, 10350.750353846151], [25669.24567692307, 10366.130369230767], [25653.865661538457, 10381.510384615383], [25638.48564615384, 10396.890399999998], [25623.105630769227, 10412.270415384613], [25607.72561538461, 10427.650430769228], [25592.345599999993, 10443.030446153844], [25576.96558461538, 10458.410461538459], [25561.585569230763, 10473.790476923075], [25546.20555384615, 10489.17049230769], [25530.825538461533, 10504.550507692305], [25515.445523076916, 10519.93052307692], [25484.685492307686, 10519.93052307692], [25469.305476923073, 10535.310538461536], [25453.925461538456, 10550.690553846152], [25438.54544615384, 10566.070569230767], [25423.165430769226, 10581.450584615382], [25392.405399999996, 10581.450584615382], [25377.02538461538, 10596.830599999998], [25361.645369230766, 10612.210615384613], [25330.885338461532, 10612.210615384613], [25315.50532307692, 10627.59063076923], [25300.125307692302, 10642.970646153844], [25284.74529230769, 10658.35066153846], [25269.365276923072, 10673.730676923074], [25253.985261538455, 10689.11069230769], [25253.985261538455, 10719.870723076921], [25269.365276923072, 10735.250738461536], [25284.74529230769, 10750.630753846151], [25284.74529230769, 10781.390784615382], [25300.125307692302, 10796.770799999998], [25315.50532307692, 10812.150815384613], [25315.50532307692, 10842.910846153844], [25315.50532307692, 10873.670876923075], [25330.885338461532, 10889.05089230769], [25346.26535384615, 10904.430907692305], [25346.26535384615, 10935.190938461536], [25346.26535384615, 10965.950969230767], [25346.26535384615, 10996.710999999998], [25346.26535384615, 11027.47103076923], [25346.26535384615, 11058.23106153846], [25346.26535384615, 11088.99109230769], [25346.26535384615, 11119.751123076921], [25346.26535384615, 11150.511153846152], [25346.26535384615, 11181.271184615382], [25361.645369230766, 11196.651199999998], [25377.02538461538, 11212.031215384613], [25392.405399999996, 11227.411230769228], [25423.165430769226, 11227.411230769228], [25438.54544615384, 11242.791246153844], [25453.925461538456, 11258.171261538459], [25469.305476923073, 11273.551276923075], [25484.685492307686, 11288.93129230769], [25500.065507692303, 11304.311307692305], [25515.445523076916, 11319.69132307692], [25530.825538461533, 11335.071338461536], [25546.20555384615, 11350.451353846152], [25561.585569230763, 11365.831369230767], [25576.96558461538, 11381.211384615382], [25592.345599999993, 11396.591399999998], [25607.72561538461, 11411.971415384613], [25623.105630769227, 11427.351430769228], [25638.48564615384, 11442.731446153844], [25653.865661538457, 11458.11146153846], [25653.865661538457, 11488.87149230769], [25669.24567692307, 11504.251507692305], [25684.625692307687, 11519.631523076921], [25700.005707692304, 11535.011538461536], [25715.385723076917, 11550.391553846152], [25715.385723076917, 11581.151584615382], [25730.765738461534, 11596.531599999998], [25746.145753846147, 11611.911615384613], [25746.145753846147, 11642.671646153844], [25746.145753846147, 11673.431676923075], [25761.525769230764, 11688.81169230769], [25776.90578461538, 11704.191707692305], [25776.90578461538, 11734.951738461536], [25776.90578461538, 11765.711769230767], [25776.90578461538, 11796.471799999998], [25776.90578461538, 11827.231830769228], [25792.285799999994, 11842.611846153844], [25823.045830769224, 11842.611846153844], [25853.805861538458, 11842.611846153844], [25884.565892307688, 11842.611846153844], [25915.325923076918, 11842.611846153844], [25946.08595384615, 11842.611846153844], [25976.84598461538, 11842.611846153844], [25992.225999999995, 11827.231830769228]]]}, "properties": {"objectType": "annotation", "name": "R1_2_T|deep", "classification": {"name": "deep", "color": [144, 133, 233]}, "lesion_id": 0, "section": "R1_2_T", "area_um2": 1141350.0000000047, "lesion_ids": []}}, {"type": "Feature", "geometry": {"type": "Polygon", "coordinates": [[[20763.020769230767, 12104.072107692306], [20778.40078461538, 12088.69209230769], [20809.16081538461, 12088.69209230769], [20824.540830769227, 12073.312076923074], [20839.920846153844, 12057.932061538459], [20870.680876923074, 12057.932061538459], [20886.060892307687, 12042.552046153844], [20901.440907692304, 12027.172030769229], [20916.820923076917, 12011.792015384613], [20932.200938461534, 11996.411999999998], [20962.960969230764, 11996.411999999998], [20978.34098461538, 11981.031984615382], [20993.720999999994, 11965.651969230767], [21024.481030769228, 11965.651969230767], [21039.86104615384, 11950.271953846152], [21055.241061538458, 11934.891938461536], [21070.62107692307, 11919.511923076921], [21086.001092307688, 11904.131907692305], [21101.381107692305, 11888.75189230769], [21116.761123076918, 11873.371876923075], [21147.521153846148, 11873.371876923075], [21162.901169230765, 11857.99186153846], [21178.28118461538, 11842.611846153844], [21193.661199999995, 11827.231830769228], [21209.041215384612, 11811.851815384613], [21224.421230769225, 11796.471799999998], [21239.801246153842, 11781.091784615382], [21255.18126153846, 11765.711769230767], [21270.561276923072, 11750.33175384615], [21285.94129230769, 11734.951738461536], [21301.321307692302, 11719.57172307692], [21316.70132307692, 11704.191707692305], [21316.70132307692, 11673.431676923075], [21332.081338461536, 11658.051661538459], [21347.46135384615, 11642.671646153844], [21347.46135384615, 11611.911615384613], [21332.081338461536, 11596.531599999998], [21301.321307692302, 11596.531599999998], [21285.94129230769, 11581.151584615382], [21270.561276923072, 11565.771569230767], [21239.801246153842, 11565.771569230767], [21224.421230769225, 11550.391553846152], [21209.041215384612, 11535.011538461536], [21193.661199999995, 11519.631523076921], [21178.28118461538, 11504.251507692305], [21162.901169230765, 11488.87149230769], [21147.521153846148, 11473.491476923075], [21132.141138461535, 11458.11146153846], [21116.761123076918, 11442.731446153844], [21101.381107692305, 11427.351430769228], [21086.001092307688, 11411.971415384613], [21070.62107692307, 11396.591399999998], [21055.241061538458, 11381.211384615382], [21039.86104615384, 11365.831369230767], [21024.481030769228, 11350.451353846152], [21009.10101538461, 11335.071338461536], [20993.720999999994, 11319.69132307692], [20978.34098461538, 11304.311307692305], [20978.34098461538, 11273.551276923075], [20962.960969230764, 11258.171261538459], [20947.58095384615, 11242.791246153844], [20947.58095384615, 11212.031215384613], [20932.200938461534, 11196.651199999998], [20916.820923076917, 11181.271184615382], [20916.820923076917, 11150.511153846152], [20916.820923076917, 11119.751123076921], [20916.820923076917, 11088.99109230769], [20916.820923076917, 11058.23106153846], [20916.820923076917, 11027.47103076923], [20901.440907692304, 11012.091015384613], [20886.060892307687, 10996.710999999998], [20901.440907692304, 10981.330984615382], [20916.820923076917, 10965.950969230767], [20901.440907692304, 10950.570953846152], [20886.060892307687, 10935.190938461536], [20886.060892307687, 10904.430907692305], [20901.440907692304, 10889.05089230769], [20916.820923076917, 10873.670876923075], [20901.440907692304, 10858.290861538459], [20886.060892307687, 10842.910846153844], [20901.440907692304, 10827.530830769228], [20916.820923076917, 10812.150815384613], [20916.820923076917, 10781.390784615382], [20916.820923076917, 10750.630753846151], [20916.820923076917, 10719.870723076921], [20916.820923076917, 10689.11069230769], [20916.820923076917, 10658.35066153846], [20932.200938461534, 10642.970646153844], [20947.58095384615, 10627.59063076923], [20947.58095384615, 10596.830599999998], [20962.960969230764, 10581.450584615382], [20978.34098461538, 10566.070569230767], [20978.34098461538, 10535.310538461536], [20993.720999999994, 10519.93052307692], [21009.10101538461, 10504.550507692305], [21024.481030769228, 10489.17049230769], [21039.86104615384, 10473.790476923075], [21055.241061538458, 10458.410461538459], [21070.62107692307, 10443.030446153844], [21070.62107692307, 10412.270415384613], [21070.62107692307, 10381.510384615383], [21070.62107692307, 10350.750353846151], [21070.62107692307, 10319.990323076921], [21055.241061538458, 10304.610307692306], [21039.86104615384, 10289.23029230769], [21039.86104615384, 10258.47026153846], [21024.481030769228, 10243.090246153844], [21009.10101538461, 10227.71023076923], [21009.10101538461, 10196.950199999997], [21009.10101538461, 10166.190169230767], [21009.10101538461, 10135.430138461536], [21009.10101538461, 10104.670107692305], [21009.10101538461, 10073.910076923075], [20993.720999999994, 10058.53006153846], [20978.34098461538, 10043.150046153844], [20978.34098461538, 10012.390015384613], [20978.34098461538, 9981.629984615383], [20978.34098461538, 9950.869953846151], [20978.34098461538, 9920.109923076921], [20993.720999999994, 9904.729907692306], [21009.10101538461, 9889.34989230769], [21009.10101538461, 9858.58986153846], [21009.10101538461, 9827.82983076923], [21009.10101538461, 9797.069799999997], [21009.10101538461, 9766.309769230767], [21009.10101538461, 9735.549738461537], [21024.481030769228, 9720.16972307692], [21039.86104615384, 9704.789707692305], [21039.86104615384, 9674.029676923075], [21055.241061538458, 9658.64966153846], [21070.62107692307, 9643.269646153843], [21070.62107692307, 9612.509615384613], [21086.001092307688, 9597.129599999998], [21101.381107692305, 9581.749584615383], [21116.761123076918, 9566.369569230767], [21132.141138461535, 9550.989553846151], [21147.521153846148, 9535.609538461536], [21162.901169230765, 9520.229523076921], [21178.28118461538, 9504.849507692306], [21193.661199999995, 9489.46949230769], [21209.041215384612, 9474.089476923074], [21224.421230769225, 9458.70946153846], [21239.801246153842, 9443.329446153844], [21255.18126153846, 9427.94943076923], [21270.561276923072, 9412.569415384614], [21285.94129230769, 9397.189399999997], [21301.321307692302, 9381.809384615382], [21316.70132307692, 9366.429369230767], [21332.081338461536, 9351.049353846152], [21362.841369230766, 9351.049353846152], [21378.22138461538, 9335.669338461537], [21393.601399999996, 9320.28932307692], [21424.361430769226, 9320.28932307692], [21439.741446153843, 9304.909307692305], [21455.121461538456, 9289.52929230769], [21485.88149230769, 9289.52929230769], [21516.64152307692, 9289.52929230769], [21547.40155384615, 9289.52929230769], [21578.16158461538, 9289.52929230769], [21608.92161538461, 9289.52929230769], [21624.301630769227, 9274.149276923075], [21639.68164615384, 9258.76926153846], [21670.441676923074, 9258.76926153846], [21701.201707692304, 9258.76926153846], [21731.961738461534, 9258.76926153846], [21762.721769230764, 9258.76926153846], [21778.10178461538, 9274.149276923075], [21793.481799999994, 9289.52929230769], [21824.241830769228, 9289.52929230769], [21855.001861538458, 9289.52929230769], [21885.761892307688, 9289.52929230769], [21916.521923076918, 9289.52929230769], [21947.281953846148, 9289.52929230769], [21962.661969230765, 9304.909307692305], [21978.04198461538, 9320.28932307692], [22008.802015384612, 9320.28932307692], [22024.182030769225, 9335.669338461537], [22039.562046153842, 9351.049353846152], [22070.322076923072, 9351.049353846152], [22085.70209230769, 9366.429369230767], [22101.082107692302, 9381.809384615382], [22116.46212307692, 9397.189399999997], [22131.842138461536, 9412.569415384614], [22147.22215384615, 9427.94943076923], [22162.602169230766, 9443.329446153844], [22177.98218461538, 9458.70946153846], [22193.362199999996, 9474.089476923074], [22208.74221538461, 9489.46949230769], [22224.122230769226, 9504.849507692306], [22239.502246153843, 9520.229523076921], [22254.882261538456, 9535.609538461536], [22270.262276923073, 9550.989553846151], [22285.642292307686, 9566.369569230767], [22301.022307692303, 9581.749584615383], [22316.40232307692, 9597.129599999998], [22331.782338461533, 9612.509615384613], [22347.16235384615, 9627.889630769228], [22362.542369230763, 9643.269646153843], [22377.92238461538, 9658.64966153846], [22393.302399999997, 9674.029676923075], [22393.302399999997, 9704.789707692305], [22408.68241538461, 9720.16972307692], [22424.062430769227, 9735.549738461537], [22424.062430769227, 9766.309769230767], [22439.44244615384, 9781.689784615382], [22454.822461538457, 9797.069799999997], [22454.822461538457, 9827.82983076923], [22454.822461538457, 9858.58986153846], [22470.202476923074, 9873.969876923074], [22485.582492307687, 9889.34989230769], [22485.582492307687, 9920.109923076921], [22485.582492307687, 9950.869953846151], [22485.582492307687, 9981.629984615383], [22485.582492307687, 10012.390015384613], [22485.582492307687, 10043.150046153844], [22500.962507692304, 10058.53006153846], [22516.342523076917, 10073.910076923075], [22516.342523076917, 10104.670107692305], [22500.962507692304, 10120.05012307692], [22485.582492307687, 10135.430138461536], [22485.582492307687, 10166.190169230767], [22485.582492307687, 10196.950199999997], [22485.582492307687, 10227.71023076923], [22485.582492307687, 10258.47026153846], [22500.962507692304, 10273.850276923074], [22531.722538461534, 10273.850276923074], [22562.482569230764, 10273.850276923074], [22593.242599999994, 10273.850276923074], [22624.002630769228, 10273.850276923074], [22654.762661538458, 10273.850276923074], [22670.14267692307, 10258.47026153846], [22685.522692307688, 10243.090246153844], [22716.282723076918, 10243.090246153844], [22747.042753846148, 10243.090246153844], [22762.422769230765, 10227.71023076923], [22777.802784615382, 10212.330215384613], [22793.182799999995, 10196.950199999997], [22808.562815384612, 10181.570184615382], [22823.942830769225, 10166.190169230767], [22839.322846153842, 10150.810153846152], [22854.702861538455, 10135.430138461536], [22854.702861538455, 10104.670107692305], [22870.082876923072, 10089.29009230769], [22885.46289230769, 10073.910076923075], [22900.842907692302, 10058.53006153846], [22916.22292307692, 10043.150046153844], [22916.22292307692, 10012.390015384613], [22931.602938461532, 9997.009999999998], [22946.98295384615, 9981.629984615383], [22962.362969230766, 9966.249969230767], [22977.74298461538, 9950.869953846151], [22977.74298461538, 9920.109923076921], [22993.122999999996, 9904.729907692306], [23008.50301538461, 9889.34989230769], [23023.883030769226, 9873.969876923074], [23039.263046153843, 9858.58986153846], [23039.263046153843, 9827.82983076923], [23039.263046153843, 9797.069799999997], [23039.263046153843, 9766.309769230767], [23039.263046153843, 9735.549738461537], [23039.263046153843, 9704.789707692305], [23023.883030769226, 9689.40969230769], [23008.50301538461, 9674.029676923075], [23008.50301538461, 9643.269646153843], [23008.50301538461, 9612.509615384613], [22993.122999999996, 9597.129599999998], [22977.74298461538, 9581.749584615383], [22977.74298461538, 9550.989553846151], [22962.362969230766, 9535.609538461536], [22946.98295384615, 9520.229523076921], [22946.98295384615, 9489.46949230769], [22946.98295384615, 9458.70946153846], [22931.602938461532, 9443.329446153844], [22916.22292307692, 9427.94943076923], [22900.842907692302, 9412.569415384614], [22885.46289230769, 9397.189399999997], [22885.46289230769, 9366.429369230767], [22870.082876923072, 9351.049353846152], [22854.702861538455, 9335.669338461537], [22854.702861538455, 9304.909307692305], [22839.322846153842, 9289.52929230769], [22823.942830769225, 9274.149276923075], [22808.562815384612, 9258.76926153846], [22793.182799999995, 9243.389246153843], [22777.802784615382, 9228.009230769228], [22762.422769230765, 9212.629215384613], [22747.042753846148, 9197.249199999998], [22731.662738461535, 9181.869184615383], [22716.282723076918, 9166.489169230766], [22700.902707692305, 9151.109153846151], [22685.522692307688, 9135.729138461536], [22670.14267692307, 9120.349123076921], [22685.522692307688, 9104.969107692306], [22716.282723076918, 9104.969107692306], [22747.042753846148, 9104.969107692306], [22762.422769230765, 9120.349123076921], [22777.802784615382, 9135.729138461536], [22808.562815384612, 9135.729138461536], [22839.322846153842, 9135.729138461536], [22870.082876923072, 9135.729138461536], [22900.842907692302, 9135.729138461536], [22931.602938461532, 9135.729138461536], [22962.362969230766, 9135.729138461536], [22977.74298461538, 9151.109153846151], [22993.122999999996, 9166.489169230766], [23023.883030769226, 9166.489169230766], [23054.643061538456, 9166.489169230766], [23070.023076923073, 9151.109153846151], [23085.403092307686, 9135.729138461536], [23116.16312307692, 9135.729138461536], [23146.92315384615, 9135.729138461536], [23177.68318461538, 9135.729138461536], [23208.44321538461, 9135.729138461536], [23239.20324615384, 9135.729138461536], [23269.963276923074, 9135.729138461536], [23285.343292307687, 9151.109153846151], [23300.723307692304, 9166.489169230766], [23316.103323076917, 9151.109153846151], [23316.103323076917, 9120.349123076921], [23316.103323076917, 9089.589092307691], [23316.103323076917, 9058.82906153846], [23316.103323076917, 9028.06903076923], [23316.103323076917, 8997.308999999997], [23316.103323076917, 8966.548969230767], [23316.103323076917, 8935.788938461537], [23331.483338461534, 8920.40892307692], [23346.86335384615, 8905.028907692305], [23346.86335384615, 8874.268876923075], [23346.86335384615, 8843.508846153843], [23346.86335384615, 8812.748815384613], [23346.86335384615, 8781.988784615383], [23346.86335384615, 8751.228753846151], [23346.86335384615, 8720.468723076921], [23346.86335384615, 8689.708692307691], [23362.243369230764, 8674.328676923074], [23377.62338461538, 8658.94866153846], [23377.62338461538, 8628.18863076923], [23377.62338461538, 8597.428599999997], [23393.003399999994, 8582.048584615382], [23408.38341538461, 8566.668569230767], [23408.38341538461, 8535.908538461537], [23423.763430769228, 8520.52852307692], [23439.14344615384, 8505.148507692305], [23439.14344615384, 8474.388476923075], [23454.523461538458, 8459.00846153846], [23469.90347692307, 8443.628446153845], [23469.90347692307, 8412.868415384613], [23485.283492307688, 8397.488399999998], [23500.6635076923, 8382.108384615383], [23500.6635076923, 8351.348353846151], [23500.6635076923, 8320.588323076921], [23516.043523076918, 8305.208307692306], [23531.423538461535, 8289.828292307691], [23531.423538461535, 8259.06826153846], [23531.423538461535, 8228.30823076923], [23531.423538461535, 8197.548199999997], [23531.423538461535, 8166.788169230767], [23531.423538461535, 8136.028138461536], [23516.043523076918, 8120.648123076921], [23500.6635076923, 8136.028138461536], [23500.6635076923, 8166.788169230767], [23485.283492307688, 8182.168184615383], [23469.90347692307, 8197.548199999997], [23469.90347692307, 8228.30823076923], [23469.90347692307, 8259.06826153846], [23469.90347692307, 8289.828292307691], [23454.523461538458, 8305.208307692306], [23439.14344615384, 8320.588323076921], [23439.14344615384, 8351.348353846151], [23439.14344615384, 8382.108384615383], [23423.763430769228, 8397.488399999998], [23408.38341538461, 8412.868415384613], [23393.003399999994, 8428.248430769228], [23377.62338461538, 8443.628446153845], [23362.243369230764, 8459.00846153846], [23346.86335384615, 8474.388476923075], [23331.483338461534, 8489.76849230769], [23300.723307692304, 8489.76849230769], [23285.343292307687, 8505.148507692305], [23269.963276923074, 8520.52852307692], [23239.20324615384, 8520.52852307692], [23223.823230769227, 8535.908538461537], [23208.44321538461, 8551.288553846152], [23177.68318461538, 8551.288553846152], [23146.92315384615, 8551.288553846152], [23116.16312307692, 8551.288553846152], [23085.403092307686, 8551.288553846152], [23054.643061538456, 8551.288553846152], [23039.263046153843, 8566.668569230767], [23023.883030769226, 8582.048584615382], [23008.50301538461, 8566.668569230767], [22993.122999999996, 8551.288553846152], [22962.362969230766, 8551.288553846152], [22931.602938461532, 8551.288553846152], [22900.842907692302, 8551.288553846152], [22870.082876923072, 8551.288553846152], [22839.322846153842, 8551.288553846152], [22823.942830769225, 8535.908538461537], [22808.562815384612, 8520.52852307692], [22777.802784615382, 8520.52852307692], [22762.422769230765, 8505.148507692305], [22747.042753846148, 8489.76849230769], [22716.282723076918, 8489.76849230769], [22700.902707692305, 8474.388476923075], [22685.522692307688, 8459.00846153846], [22670.14267692307, 8443.628446153845], [22654.762661538458, 8428.248430769228], [22639.38264615384, 8412.868415384613], [22624.002630769228, 8397.488399999998], [22608.62261538461, 8382.108384615383], [22593.242599999994, 8366.728369230768], [22577.86258461538, 8351.348353846151], [22562.482569230764, 8335.968338461536], [22547.10255384615, 8320.588323076921], [22531.722538461534, 8305.208307692306], [22516.342523076917, 8289.828292307691], [22500.962507692304, 8274.448276923074], [22485.582492307687, 8259.06826153846], [22470.202476923074, 8243.688246153844], [22454.822461538457, 8228.30823076923], [22439.44244615384, 8212.928215384614], [22424.062430769227, 8197.548199999997], [22424.062430769227, 8166.788169230767], [22408.68241538461, 8151.408153846152], [22393.302399999997, 8136.028138461536], [22393.302399999997, 8105.268107692306], [22377.92238461538, 8089.88809230769], [22362.542369230763, 8074.508076923075], [22362.542369230763, 8043.748046153844], [22362.542369230763, 8012.988015384613], [22347.16235384615, 7997.607999999998], [22331.782338461533, 7982.227984615383], [22331.782338461533, 7951.467953846152], [22316.40232307692, 7936.087938461537], [22301.022307692303, 7920.707923076921], [22301.022307692303, 7889.94789230769], [22285.642292307686, 7874.567876923075], [22270.262276923073, 7859.18786153846], [22254.882261538456, 7843.807846153844], [22224.122230769226, 7843.807846153844], [22208.74221538461, 7828.427830769229], [22193.362199999996, 7813.047815384613], [22177.98218461538, 7797.667799999998], [22162.602169230766, 7782.287784615383], [22147.22215384615, 7766.907769230767], [22131.842138461536, 7751.527753846152], [22101.082107692302, 7751.527753846152], [22085.70209230769, 7736.147738461537], [22070.322076923072, 7720.767723076921], [22054.94206153846, 7705.387707692306], [22039.562046153842, 7690.00769230769], [22024.182030769225, 7674.627676923075], [22008.802015384612, 7659.24766153846], [21993.421999999995, 7643.867646153844], [21978.04198461538, 7628.487630769229], [21962.661969230765, 7613.107615384614], [21947.281953846148, 7597.727599999998], [21931.901938461535, 7582.347584615383], [21916.521923076918, 7566.967569230767], [21901.141907692305, 7551.587553846152], [21885.761892307688, 7536.207538461537], [21870.38187692307, 7520.827523076921], [21855.001861538458, 7505.447507692306], [21839.62184615384, 7490.06749230769], [21824.241830769228, 7474.687476923075], [21808.86181538461, 7459.30746153846], [21793.481799999994, 7443.927446153844], [21778.10178461538, 7428.547430769229], [21762.721769230764, 7413.167415384614], [21747.34175384615, 7397.787399999998], [21731.961738461534, 7382.407384615383], [21716.581723076917, 7367.027369230767], [21701.201707692304, 7351.647353846152], [21685.821692307687, 7336.267338461537], [21685.821692307687, 7305.507307692306], [21670.441676923074, 7290.127292307691], [21655.061661538457, 7274.747276923075], [21655.061661538457, 7243.987246153844], [21639.68164615384, 7228.607230769229], [21624.301630769227, 7213.227215384614], [21624.301630769227, 7182.467184615383], [21624.301630769227, 7151.707153846152], [21624.301630769227, 7120.947123076921], [21624.301630769227, 7090.187092307691], [21624.301630769227, 7059.42706153846], [21608.92161538461, 7044.047046153844], [21593.541599999997, 7028.667030769229], [21593.541599999997, 6997.906999999998], [21593.541599999997, 6967.146969230768], [21593.541599999997, 6936.386938461537], [21593.541599999997, 6905.626907692306], [21608.92161538461, 6890.246892307691], [21624.301630769227, 6874.866876923075], [21608.92161538461, 6859.48686153846], [21593.541599999997, 6844.106846153844], [21578.16158461538, 6828.726830769229], [21562.781569230763, 6813.346815384614], [21547.40155384615, 6797.966799999998], [21532.021538461533, 6782.586784615383], [21516.64152307692, 6767.206769230768], [21501.261507692303, 6751.826753846152], [21485.88149230769, 6736.446738461537], [21470.501476923073, 6721.066723076921], [21455.121461538456, 6705.686707692306], [21439.741446153843, 6690.306692307691], [21424.361430769226, 6674.926676923075], [21408.981415384613, 6659.54666153846], [21393.601399999996, 6644.166646153845], [21378.22138461538, 6628.786630769229], [21362.841369230766, 6613.406615384614], [21347.46135384615, 6598.026599999998], [21332.081338461536, 6582.646584615383], [21316.70132307692, 6567.266569230768], [21301.321307692302, 6551.886553846152], [21285.94129230769, 6536.506538461537], [21270.561276923072, 6521.126523076921], [21255.18126153846, 6505.746507692306], [21239.801246153842, 6490.366492307691], [21209.041215384612, 6490.366492307691], [21193.661199999995, 6474.986476923075], [21178.28118461538, 6459.60646153846], [21147.521153846148, 6459.60646153846], [21132.141138461535, 6444.226446153845], [21116.761123076918, 6428.846430769229], [21101.381107692305, 6413.466415384614], [21086.001092307688, 6398.086399999998], [21055.241061538458, 6398.086399999998], [21039.86104615384, 6382.706384615383], [21024.481030769228, 6367.326369230768], [21009.10101538461, 6351.946353846152], [20993.720999999994, 6336.566338461537], [20978.34098461538, 6321.186323076922], [20962.960969230764, 6305.806307692306], [20947.58095384615, 6290.426292307691], [20932.200938461534, 6275.046276923075], [20916.820923076917, 6259.66626153846], [20901.440907692304, 6244.286246153845], [20886.060892307687, 6228.906230769229], [20870.680876923074, 6213.526215384614], [20855.300861538457, 6198.146199999998], [20839.920846153844, 6182.766184615383], [20824.540830769227, 6167.386169230768], [20809.16081538461, 6152.006153846152], [20793.780799999997, 6136.626138461537], [20793.780799999997, 6105.866107692306], [20778.40078461538, 6090.486092307691], [20747.64075384615, 6090.486092307691], [20732.260738461533, 6075.106076923075], [20716.88072307692, 6059.72606153846], [20686.12069230769, 6059.72606153846], [20655.360661538456, 6059.72606153846], [20624.600630769226, 6059.72606153846], [20593.840599999996, 6059.72606153846], [20563.080569230766, 6059.72606153846], [20547.70055384615, 6044.346046153845], [20532.320538461536, 6028.966030769229], [20501.560507692302, 6028.966030769229], [20486.18049230769, 6013.586015384614], [20470.800476923072, 5998.205999999999], [20440.040446153842, 5998.205999999999], [20424.660430769225, 5982.825984615383], [20409.280415384612, 5967.445969230768], [20393.900399999995, 5952.065953846152], [20378.52038461538, 5936.685938461537], [20363.140369230765, 5921.305923076922], [20347.760353846148, 5905.925907692306], [20332.380338461535, 5890.545892307691], [20317.000323076918, 5875.165876923075], [20301.620307692305, 5859.78586153846], [20286.240292307688, 5844.405846153845], [20270.86027692307, 5859.78586153846], [20255.480261538458, 5875.165876923075], [20224.720230769228, 5875.165876923075], [20209.34021538461, 5890.545892307691], [20193.960199999998, 5905.925907692306], [20163.200169230764, 5905.925907692306], [20132.440138461534, 5905.925907692306], [20101.680107692304, 5905.925907692306], [20086.300092307687, 5921.305923076922], [20070.920076923074, 5936.685938461537], [20040.160046153844, 5936.685938461537], [20009.40001538461, 5936.685938461537], [19978.63998461538, 5936.685938461537], [19947.87995384615, 5936.685938461537], [19917.11992307692, 5936.685938461537], [19901.739907692303, 5952.065953846152], [19886.35989230769, 5967.445969230768], [19870.979876923073, 5952.065953846152], [19855.599861538456, 5936.685938461537], [19840.219846153843, 5952.065953846152], [19824.839830769226, 5967.445969230768], [19794.079799999996, 5967.445969230768], [19763.319769230766, 5967.445969230768], [19732.559738461536, 5967.445969230768], [19701.799707692302, 5967.445969230768], [19686.41969230769, 5952.065953846152], [19671.039676923072, 5936.685938461537], [19640.279646153842, 5936.685938461537], [19624.899630769225, 5952.065953846152], [19609.519615384612, 5967.445969230768], [19594.139599999995, 5982.825984615383], [19578.75958461538, 5998.205999999999], [19563.379569230765, 6013.586015384614], [19547.99955384615, 6028.966030769229], [19532.619538461535, 6044.346046153845], [19517.239523076918, 6059.72606153846], [19501.859507692305, 6075.106076923075], [19486.479492307688, 6090.486092307691], [19471.099476923075, 6105.866107692306], [19455.719461538458, 6121.246123076922], [19424.959430769228, 6121.246123076922], [19409.57941538461, 6136.626138461537], [19409.57941538461, 6167.386169230768], [19394.199399999998, 6182.766184615383], [19378.81938461538, 6198.146199999998], [19378.81938461538, 6228.906230769229], [19378.81938461538, 6259.66626153846], [19363.439369230764, 6275.046276923075], [19348.05935384615, 6290.426292307691], [19348.05935384615, 6321.186323076922], [19332.679338461534, 6336.566338461537], [19317.29932307692, 6351.946353846152], [19317.29932307692, 6382.706384615383], [19301.919307692304, 6398.086399999998], [19286.539292307687, 6413.466415384614], [19271.159276923074, 6428.846430769229], [19255.779261538457, 6444.226446153845], [19240.399246153844, 6459.60646153846], [19225.019230769227, 6474.986476923075], [19209.63921538461, 6490.366492307691], [19194.259199999997, 6505.746507692306], [19178.87918461538, 6521.126523076921], [19163.499169230767, 6536.506538461537], [19148.11915384615, 6551.886553846152], [19132.739138461533, 6567.266569230768], [19117.35912307692, 6582.646584615383], [19101.979107692303, 6598.026599999998], [19086.59909230769, 6613.406615384614], [19071.219076923073, 6628.786630769229], [19055.839061538456, 6644.166646153845], [19040.459046153843, 6659.54666153846], [19025.079030769226, 6674.926676923075], [19009.699015384613, 6690.306692307691], [18994.318999999996, 6705.686707692306], [18978.93898461538, 6721.066723076921], [18978.93898461538, 6751.826753846152], [18963.558969230766, 6767.206769230768], [18948.17895384615, 6782.586784615383], [18932.798938461536, 6797.966799999998], [18917.41892307692, 6813.346815384614], [18902.038907692306, 6828.726830769229], [18886.65889230769, 6844.106846153844], [18871.278876923072, 6859.48686153846], [18855.89886153846, 6874.866876923075], [18840.518846153842, 6890.246892307691], [18825.13883076923, 6905.626907692306], [18825.13883076923, 6936.386938461537], [18825.13883076923, 6967.146969230768], [18809.75881538461, 6982.526984615383], [18794.378799999995, 6997.906999999998], [18794.378799999995, 7028.667030769229], [18778.99878461538, 7044.047046153844], [18763.618769230765, 7059.42706153846], [18763.618769230765, 7090.187092307691], [18748.23875384615, 7105.567107692306], [18732.858738461535, 7120.947123076921], [18732.858738461535, 7151.707153846152], [18732.858738461535, 7182.467184615383], [18732.858738461535, 7213.227215384614], [18732.858738461535, 7243.987246153844], [18732.858738461535, 7274.747276923075], [18717.478723076918, 7290.127292307691], [18702.098707692305, 7305.507307692306], [18702.098707692305, 7336.267338461537], [18702.098707692305, 7367.027369230767], [18702.098707692305, 7397.787399999998], [18686.718692307688, 7413.167415384614], [18671.338676923075, 7428.547430769229], [18671.338676923075, 7459.30746153846], [18655.958661538458, 7474.687476923075], [18640.57864615384, 7490.06749230769], [18640.57864615384, 7520.827523076921], [18625.198630769228, 7536.207538461537], [18609.81861538461, 7551.587553846152], [18594.438599999998, 7566.967569230767], [18579.05858461538, 7582.347584615383], [18563.678569230764, 7597.727599999998], [18548.29855384615, 7613.107615384614], [18532.918538461534, 7628.487630769229], [18517.53852307692, 7643.867646153844], [18502.158507692304, 7659.24766153846], [18486.778492307687, 7674.627676923075], [18471.398476923074, 7690.00769230769], [18456.018461538457, 7705.387707692306], [18440.638446153844, 7720.767723076921], [18425.258430769227, 7736.147738461537], [18409.87841538461, 7751.527753846152], [18394.498399999997, 7766.907769230767], [18379.11838461538, 7782.287784615383], [18363.738369230767, 7797.667799999998], [18348.35835384615, 7813.047815384613], [18317.59832307692, 7813.047815384613], [18302.218307692303, 7828.427830769229], [18286.83829230769, 7843.807846153844], [18256.07826153846, 7843.807846153844], [18240.698246153843, 7859.18786153846], [18225.318230769226, 7874.567876923075], [18194.558199999996, 7874.567876923075], [18163.798169230766, 7874.567876923075], [18133.038138461536, 7874.567876923075], [18102.278107692306, 7874.567876923075], [18071.518076923072, 7874.567876923075], [18056.13806153846, 7889.94789230769], [18040.758046153842, 7905.327907692306], [18009.99801538461, 7905.327907692306], [17979.23798461538, 7905.327907692306], [17948.47795384615, 7905.327907692306], [17917.717923076918, 7905.327907692306], [17886.957892307688, 7905.327907692306], [17856.197861538458, 7905.327907692306], [17825.437830769228, 7905.327907692306], [17794.677799999998, 7905.327907692306], [17763.917769230764, 7905.327907692306], [17748.53775384615, 7889.94789230769], [17733.157738461534, 7874.567876923075], [17702.397707692304, 7874.567876923075], [17687.017692307687, 7889.94789230769], [17671.637676923074, 7905.327907692306], [17640.877646153844, 7905.327907692306], [17625.497630769227, 7920.707923076921], [17610.117615384614, 7936.087938461537], [17594.737599999997, 7951.467953846152], [17594.737599999997, 7982.227984615383], [17579.35758461538, 7997.607999999998], [17563.977569230767, 8012.988015384613], [17563.977569230767, 8043.748046153844], [17548.59755384615, 8059.12806153846], [17533.217538461537, 8074.508076923075], [17533.217538461537, 8105.268107692306], [17533.217538461537, 8136.028138461536], [17533.217538461537, 8166.788169230767], [17517.83752307692, 8182.168184615383], [17502.457507692303, 8197.548199999997], [17502.457507692303, 8228.30823076923], [17502.457507692303, 8259.06826153846], [17487.07749230769, 8274.448276923074], [17471.697476923073, 8289.828292307691], [17471.697476923073, 8320.588323076921], [17471.697476923073, 8351.348353846151], [17456.31746153846, 8366.728369230768], [17440.937446153843, 8382.108384615383], [17440.937446153843, 8412.868415384613], [17440.937446153843, 8443.628446153845], [17440.937446153843, 8474.388476923075], [17440.937446153843, 8505.148507692305], [17440.937446153843, 8535.908538461537], [17425.557430769226, 8551.288553846152], [17410.177415384613, 8566.668569230767], [17410.177415384613, 8597.428599999997], [17394.797399999996, 8612.808615384614], [17379.417384615383, 8628.18863076923], [17379.417384615383, 8658.94866153846], [17364.037369230766, 8674.328676923074], [17348.65735384615, 8689.708692307691], [17348.65735384615, 8720.468723076921], [17333.277338461536, 8735.848738461536], [17317.89732307692, 8751.228753846151], [17317.89732307692, 8781.988784615383], [17302.517307692306, 8797.368799999998], [17287.13729230769, 8812.748815384613], [17271.757276923072, 8828.128830769228], [17256.37726153846, 8843.508846153843], [17240.997246153842, 8858.88886153846], [17225.61723076923, 8874.268876923075], [17210.23721538461, 8889.64889230769], [17194.857199999995, 8905.028907692305], [17179.47718461538, 8920.40892307692], [17164.097169230765, 8935.788938461537], [17148.71715384615, 8951.168953846152], [17133.337138461535, 8966.548969230767], [17117.957123076918, 8981.928984615382], [17102.577107692305, 8997.308999999997], [17087.197092307688, 9012.689015384614], [17071.817076923075, 9028.06903076923], [17056.437061538458, 9043.449046153844], [17041.05704615384, 9058.82906153846], [17025.677030769228, 9074.209076923074], [16994.916999999998, 9074.209076923074], [16979.53698461538, 9089.589092307691], [16964.156969230768, 9104.969107692306], [16933.396938461534, 9104.969107692306], [16918.01692307692, 9120.349123076921], [16918.01692307692, 9151.109153846151], [16933.396938461534, 9166.489169230766], [16948.77695384615, 9181.869184615383], [16933.396938461534, 9197.249199999998], [16918.01692307692, 9212.629215384613], [16918.01692307692, 9243.389246153843], [16918.01692307692, 9274.149276923075], [16918.01692307692, 9304.909307692305], [16918.01692307692, 9335.669338461537], [16918.01692307692, 9366.429369230767], [16902.636907692304, 9381.809384615382], [16887.25689230769, 9397.189399999997], [16887.25689230769, 9427.94943076923], [16887.25689230769, 9458.70946153846], [16871.876876923074, 9474.089476923074], [16856.496861538457, 9489.46949230769], [16856.496861538457, 9520.229523076921], [16841.116846153844, 9535.609538461536], [16825.736830769227, 9550.989553846151], [16825.736830769227, 9581.749584615383], [16810.356815384614, 9597.129599999998], [16794.976799999997, 9612.509615384613], [16794.976799999997, 9643.269646153843], [16794.976799999997, 9674.029676923075], [16779.59678461538, 9689.40969230769], [16764.216769230767, 9704.789707692305], [16764.216769230767, 9735.549738461537], [16748.83675384615, 9750.929753846152], [16733.456738461537, 9766.309769230767], [16733.456738461537, 9797.069799999997], [16718.07672307692, 9812.449815384613], [16702.696707692303, 9827.82983076923], [16687.31669230769, 9843.209846153844], [16671.936676923073, 9858.58986153846], [16656.55666153846, 9873.969876923074], [16641.176646153843, 9889.34989230769], [16625.796630769226, 9904.729907692306], [16610.416615384613, 9920.109923076921], [16610.416615384613, 9950.869953846151], [16595.036599999996, 9966.249969230767], [16579.656584615383, 9981.629984615383], [16579.656584615383, 10012.390015384613], [16595.036599999996, 10027.770030769228], [16625.796630769226, 10027.770030769228], [16641.176646153843, 10043.150046153844], [16656.55666153846, 10058.53006153846], [16687.31669230769, 10058.53006153846], [16702.696707692303, 10073.910076923075], [16718.07672307692, 10089.29009230769], [16748.83675384615, 10089.29009230769], [16764.216769230767, 10104.670107692305], [16779.59678461538, 10120.05012307692], [16794.976799999997, 10135.430138461536], [16810.356815384614, 10150.810153846152], [16825.736830769227, 10166.190169230767], [16841.116846153844, 10181.570184615382], [16856.496861538457, 10196.950199999997], [16871.876876923074, 10212.330215384613], [16887.25689230769, 10227.71023076923], [16902.636907692304, 10243.090246153844], [16918.01692307692, 10258.47026153846], [16933.396938461534, 10273.850276923074], [16948.77695384615, 10289.23029230769], [16964.156969230768, 10304.610307692306], [16979.53698461538, 10319.990323076921], [16994.916999999998, 10335.370338461536], [17010.29701538461, 10350.750353846151], [17010.29701538461, 10381.510384615383], [17025.677030769228, 10396.890399999998], [17041.05704615384, 10412.270415384613], [17056.437061538458, 10427.650430769228], [17071.817076923075, 10443.030446153844], [17071.817076923075, 10473.790476923075], [17087.197092307688, 10489.17049230769], [17102.577107692305, 10504.550507692305], [17102.577107692305, 10535.310538461536], [17117.957123076918, 10550.690553846152], [17133.337138461535, 10566.070569230767], [17148.71715384615, 10581.450584615382], [17164.097169230765, 10596.830599999998], [17179.47718461538, 10612.210615384613], [17194.857199999995, 10627.59063076923], [17194.857199999995, 10658.35066153846], [17210.23721538461, 10673.730676923074], [17225.61723076923, 10689.11069230769], [17240.997246153842, 10704.490707692306], [17256.37726153846, 10719.870723076921], [17271.757276923072, 10735.250738461536], [17287.13729230769, 10750.630753846151], [17302.517307692306, 10766.010769230767], [17317.89732307692, 10781.390784615382], [17333.277338461536, 10796.770799999998], [17348.65735384615, 10781.390784615382], [17364.037369230766, 10766.010769230767], [17379.417384615383, 10750.630753846151], [17394.797399999996, 10735.250738461536], [17410.177415384613, 10719.870723076921], [17425.557430769226, 10704.490707692306], [17456.31746153846, 10704.490707692306], [17471.697476923073, 10689.11069230769], [17487.07749230769, 10673.730676923074], [17517.83752307692, 10673.730676923074], [17533.217538461537, 10658.35066153846], [17548.59755384615, 10642.970646153844], [17563.977569230767, 10627.59063076923], [17579.35758461538, 10612.210615384613], [17594.737599999997, 10596.830599999998], [17610.117615384614, 10581.450584615382], [17625.497630769227, 10566.070569230767], [17640.877646153844, 10550.690553846152], [17656.257661538457, 10535.310538461536], [17671.637676923074, 10519.93052307692], [17687.017692307687, 10504.550507692305], [17702.397707692304, 10489.17049230769], [17717.77772307692, 10473.790476923075], [17733.157738461534, 10458.410461538459], [17748.53775384615, 10443.030446153844], [17763.917769230764, 10427.650430769228], [17794.677799999998, 10427.650430769228], [17810.05781538461, 10412.270415384613], [17825.437830769228, 10396.890399999998], [17856.197861538458, 10396.890399999998], [17871.577876923075, 10381.510384615383], [17886.957892307688, 10366.130369230767], [17917.717923076918, 10366.130369230767], [17948.47795384615, 10366.130369230767], [17979.23798461538, 10366.130369230767], [18009.99801538461, 10366.130369230767], [18040.758046153842, 10366.130369230767], [18056.13806153846, 10350.750353846151], [18071.518076923072, 10335.370338461536], [18102.278107692306, 10335.370338461536], [18133.038138461536, 10335.370338461536], [18163.798169230766, 10335.370338461536], [18194.558199999996, 10335.370338461536], [18225.318230769226, 10335.370338461536], [18240.698246153843, 10350.750353846151], [18256.07826153846, 10366.130369230767], [18286.83829230769, 10366.130369230767], [18317.59832307692, 10366.130369230767], [18348.35835384615, 10366.130369230767], [18379.11838461538, 10366.130369230767], [18409.87841538461, 10366.130369230767], [18425.258430769227, 10381.510384615383], [18440.638446153844, 10396.890399999998], [18471.398476923074, 10396.890399999998], [18486.778492307687, 10412.270415384613], [18502.158507692304, 10427.650430769228], [18532.918538461534, 10427.650430769228], [18548.29855384615, 10443.030446153844], [18563.678569230764, 10458.410461538459], [18594.438599999998, 10458.410461538459], [18609.81861538461, 10473.790476923075], [18625.198630769228, 10489.17049230769], [18655.958661538458, 10489.17049230769], [18671.338676923075, 10504.550507692305], [18686.718692307688, 10519.93052307692], [18717.478723076918, 10519.93052307692], [18732.858738461535, 10535.310538461536], [18748.23875384615, 10550.690553846152], [18763.618769230765, 10566.070569230767], [18778.99878461538, 10581.450584615382], [18794.378799999995, 10596.830599999998], [18809.75881538461, 10612.210615384613], [18840.518846153842, 10612.210615384613], [18871.278876923072, 10612.210615384613], [18886.65889230769, 10596.830599999998], [18902.038907692306, 10581.450584615382], [18932.798938461536, 10581.450584615382], [18963.558969230766, 10581.450584615382], [18994.318999999996, 10581.450584615382], [19025.079030769226, 10581.450584615382], [19055.839061538456, 10581.450584615382], [19071.219076923073, 10566.070569230767], [19086.59909230769, 10550.690553846152], [19117.35912307692, 10550.690553846152], [19148.11915384615, 10550.690553846152], [19178.87918461538, 10550.690553846152], [19209.63921538461, 10550.690553846152], [19225.019230769227, 10566.070569230767], [19240.399246153844, 10581.450584615382], [19271.159276923074, 10581.450584615382], [19301.919307692304, 10581.450584615382], [19332.679338461534, 10581.450584615382], [19363.439369230764, 10581.450584615382], [19394.199399999998, 10581.450584615382], [19409.57941538461, 10596.830599999998], [19424.959430769228, 10612.210615384613], [19455.719461538458, 10612.210615384613], [19471.099476923075, 10627.59063076923], [19486.479492307688, 10642.970646153844], [19517.239523076918, 10642.970646153844], [19532.619538461535, 10658.35066153846], [19547.99955384615, 10673.730676923074], [19578.75958461538, 10673.730676923074], [19594.139599999995, 10689.11069230769], [19609.519615384612, 10704.490707692306], [19624.899630769225, 10719.870723076921], [19640.279646153842, 10735.250738461536], [19655.65966153846, 10750.630753846151], [19671.039676923072, 10766.010769230767], [19686.41969230769, 10781.390784615382], [19701.799707692302, 10796.770799999998], [19717.17972307692, 10812.150815384613], [19732.559738461536, 10827.530830769228], [19747.93975384615, 10842.910846153844], [19763.319769230766, 10858.290861538459], [19778.69978461538, 10873.670876923075], [19794.079799999996, 10889.05089230769], [19809.459815384613, 10904.430907692305], [19824.839830769226, 10919.81092307692], [19840.219846153843, 10935.190938461536], [19855.599861538456, 10950.570953846152], [19870.979876923073, 10965.950969230767], [19886.35989230769, 10981.330984615382], [19901.739907692303, 10996.710999999998], [19901.739907692303, 11027.47103076923], [19917.11992307692, 11042.851046153844], [19932.499938461533, 11058.23106153846], [19932.499938461533, 11088.99109230769], [19947.87995384615, 11104.371107692305], [19963.259969230767, 11119.751123076921], [19963.259969230767, 11150.511153846152], [19963.259969230767, 11181.271184615382], [19963.259969230767, 11212.031215384613], [19978.63998461538, 11227.411230769228], [20009.40001538461, 11227.411230769228], [20040.160046153844, 11227.411230769228], [20070.920076923074, 11227.411230769228], [20086.300092307687, 11242.791246153844], [20101.680107692304, 11258.171261538459], [20132.440138461534, 11258.171261538459], [20163.200169230764, 11258.171261538459], [20193.960199999998, 11258.171261538459], [20224.720230769228, 11258.171261538459], [20255.480261538458, 11258.171261538459], [20270.86027692307, 11273.551276923075], [20286.240292307688, 11288.93129230769], [20317.000323076918, 11288.93129230769], [20332.380338461535, 11304.311307692305], [20347.760353846148, 11319.69132307692], [20378.52038461538, 11319.69132307692], [20393.900399999995, 11335.071338461536], [20409.280415384612, 11350.451353846152], [20424.660430769225, 11365.831369230767], [20440.040446153842, 11381.211384615382], [20455.42046153846, 11396.591399999998], [20470.800476923072, 11411.971415384613], [20486.18049230769, 11427.351430769228], [20501.560507692302, 11442.731446153844], [20516.94052307692, 11458.11146153846], [20532.320538461536, 11473.491476923075], [20547.70055384615, 11488.87149230769], [20563.080569230766, 11504.251507692305], [20578.46058461538, 11519.631523076921], [20593.840599999996, 11535.011538461536], [20609.220615384613, 11550.391553846152], [20624.600630769226, 11565.771569230767], [20639.980646153843, 11581.151584615382], [20655.360661538456, 11596.531599999998], [20670.740676923073, 11611.911615384613], [20670.740676923073, 11642.671646153844], [20686.12069230769, 11658.051661538459], [20701.500707692303, 11673.431676923075], [20701.500707692303, 11704.191707692305], [20716.88072307692, 11719.57172307692], [20732.260738461533, 11734.951738461536], [20732.260738461533, 11765.711769230767], [20732.260738461533, 11796.471799999998], [20732.260738461533, 11827.231830769228], [20732.260738461533, 11857.99186153846], [20732.260738461533, 11888.75189230769], [20747.64075384615, 11904.131907692305], [20763.020769230767, 11919.511923076921], [20763.020769230767, 11950.271953846152], [20763.020769230767, 11981.031984615382], [20747.64075384615, 11996.411999999998], [20732.260738461533, 12011.792015384613], [20732.260738461533, 12042.552046153844], [20732.260738461533, 12073.312076923074], [20732.260738461533, 12104.072107692306], [20747.64075384615, 12119.45212307692], [20763.020769230767, 12104.072107692306]]]}, "properties": {"objectType": "annotation", "name": "P3_1_C|deep", "classification": {"name": "deep", "color": [144, 133, 233]}, "lesion_id": 0, "section": "P3_1_C", "area_um2": 2094049.9999999981, "lesion_ids": [4, 5, 8, 9, 11, 13, 15, 17]}}, {"type": "Feature", "geometry": {"type": "Polygon", "coordinates": [[[29052.849061538454, 7536.207538461537], [29037.46904615384, 7520.827523076921], [29052.849061538454, 7505.447507692306], [29068.22907692307, 7520.827523076921], [29052.849061538454, 7536.207538461537]]]}, "properties": {"objectType": "annotation", "name": "R1_2_T|deep", "classification": {"name": "deep", "color": [144, 133, 233]}, "lesion_id": 0, "section": "R1_2_T", "area_um2": 49.99999999999923, "lesion_ids": []}}, {"type": "Feature", "geometry": {"type": "Polygon", "coordinates": [[[29022.089030769224, 7597.727599999998], [29006.70901538461, 7582.347584615383], [29022.089030769224, 7566.967569230767], [29037.46904615384, 7582.347584615383], [29022.089030769224, 7597.727599999998]]]}, "properties": {"objectType": "annotation", "name": "R1_2_T|deep", "classification": {"name": "deep", "color": [144, 133, 233]}, "lesion_id": 0, "section": "R1_2_T", "area_um2": 49.99999999999923, "lesion_ids": []}}, {"type": "Feature", "geometry": {"type": "Polygon", "coordinates": [[[23546.803553846148, 8120.648123076921], [23531.423538461535, 8105.268107692306], [23531.423538461535, 8074.508076923075], [23546.803553846148, 8059.12806153846], [23562.183569230765, 8074.508076923075], [23562.183569230765, 8105.268107692306], [23546.803553846148, 8120.648123076921]]]}, "properties": {"objectType": "annotation", "name": "deep_4", "classification": {"name": "deep", "color": [144, 133, 233]}, "lesion_id": 4, "section": null, "area_um2": 149.99999999999622, "lesion_ids": [4]}}, {"type": "Feature", "geometry": {"type": "Polygon", "coordinates": [[[15272.355276923074, 10642.970646153844], [15256.975261538459, 10627.59063076923], [15256.975261538459, 10596.830599999998], [15256.975261538459, 10566.070569230767], [15256.975261538459, 10535.310538461536], [15256.975261538459, 10504.550507692305], [15256.975261538459, 10473.790476923075], [15256.975261538459, 10443.030446153844], [15272.355276923074, 10427.650430769228], [15287.735292307689, 10412.270415384613], [15272.355276923074, 10396.890399999998], [15256.975261538459, 10381.510384615383], [15241.595246153844, 10366.130369230767], [15226.215230769229, 10350.750353846151], [15210.835215384612, 10335.370338461536], [15195.455199999997, 10319.990323076921], [15180.075184615382, 10304.610307692306], [15164.695169230767, 10289.23029230769], [15164.695169230767, 10258.47026153846], [15149.315153846152, 10243.090246153844], [15133.935138461535, 10227.71023076923], [15118.55512307692, 10212.330215384613], [15103.175107692305, 10196.950199999997], [15103.175107692305, 10166.190169230767], [15087.79509230769, 10150.810153846152], [15072.415076923075, 10135.430138461536], [15072.415076923075, 10104.670107692305], [15057.035061538458, 10089.29009230769], [15041.655046153843, 10073.910076923075], [15041.655046153843, 10043.150046153844], [15041.655046153843, 10012.390015384613], [15041.655046153843, 9981.629984615383], [15026.275030769228, 9966.249969230767], [15010.895015384613, 9950.869953846151], [15010.895015384613, 9920.109923076921], [15010.895015384613, 9889.34989230769], [15010.895015384613, 9858.58986153846], [15010.895015384613, 9827.82983076923], [15010.895015384613, 9797.069799999997], [15010.895015384613, 9766.309769230767], [15010.895015384613, 9735.549738461537], [15010.895015384613, 9704.789707692305], [15010.895015384613, 9674.029676923075], [15010.895015384613, 9643.269646153843], [15010.895015384613, 9612.509615384613], [15010.895015384613, 9581.749584615383], [15010.895015384613, 9550.989553846151], [15026.275030769228, 9535.609538461536], [15041.655046153843, 9520.229523076921], [15041.655046153843, 9489.46949230769], [15041.655046153843, 9458.70946153846], [15041.655046153843, 9427.94943076923], [15041.655046153843, 9397.189399999997], [15041.655046153843, 9366.429369230767], [15041.655046153843, 9335.669338461537], [15041.655046153843, 9304.909307692305], [15041.655046153843, 9274.149276923075], [15041.655046153843, 9243.389246153843], [15041.655046153843, 9212.629215384613], [15041.655046153843, 9181.869184615383], [15041.655046153843, 9151.109153846151], [15041.655046153843, 9120.349123076921], [15041.655046153843, 9089.589092307691], [15041.655046153843, 9058.82906153846], [15057.035061538458, 9043.449046153844], [15072.415076923075, 9028.06903076923], [15072.415076923075, 8997.308999999997], [15072.415076923075, 8966.548969230767], [15072.415076923075, 8935.788938461537], [15087.79509230769, 8920.40892307692], [15103.175107692305, 8905.028907692305], [15103.175107692305, 8874.268876923075], [15103.175107692305, 8843.508846153843], [15118.55512307692, 8828.128830769228], [15133.935138461535, 8812.748815384613], [15133.935138461535, 8781.988784615383], [15149.315153846152, 8766.608769230768], [15164.695169230767, 8751.228753846151], [15164.695169230767, 8720.468723076921], [15180.075184615382, 8705.088707692306], [15195.455199999997, 8689.708692307691], [15210.835215384612, 8674.328676923074], [15226.215230769229, 8658.94866153846], [15226.215230769229, 8628.18863076923], [15241.595246153844, 8612.808615384614], [15256.975261538459, 8597.428599999997], [15272.355276923074, 8582.048584615382], [15287.735292307689, 8566.668569230767], [15303.115307692304, 8551.288553846152], [15318.49532307692, 8535.908538461537], [15318.49532307692, 8505.148507692305], [15303.115307692304, 8489.76849230769], [15287.735292307689, 8474.388476923075], [15272.355276923074, 8459.00846153846], [15256.975261538459, 8443.628446153845], [15241.595246153844, 8428.248430769228], [15226.215230769229, 8412.868415384613], [15226.215230769229, 8382.108384615383], [15226.215230769229, 8351.348353846151], [15226.215230769229, 8320.588323076921], [15241.595246153844, 8305.208307692306], [15256.975261538459, 8320.588323076921], [15272.355276923074, 8335.968338461536], [15287.735292307689, 8351.348353846151], [15287.735292307689, 8382.108384615383], [15303.115307692304, 8397.488399999998], [15318.49532307692, 8412.868415384613], [15333.875338461536, 8428.248430769228], [15349.25535384615, 8443.628446153845], [15364.635369230766, 8459.00846153846], [15380.01538461538, 8474.388476923075], [15380.01538461538, 8505.148507692305], [15395.395399999998, 8520.52852307692], [15410.775415384613, 8535.908538461537], [15426.155430769228, 8551.288553846152], [15441.535446153843, 8566.668569230767], [15456.915461538458, 8582.048584615382], [15472.295476923075, 8566.668569230767], [15487.67549230769, 8551.288553846152], [15503.055507692305, 8535.908538461537], [15503.055507692305, 8505.148507692305], [15518.43552307692, 8489.76849230769], [15533.815538461535, 8474.388476923075], [15533.815538461535, 8443.628446153845], [15533.815538461535, 8412.868415384613], [15549.195553846152, 8397.488399999998], [15564.575569230767, 8382.108384615383], [15564.575569230767, 8351.348353846151], [15579.955584615382, 8335.968338461536], [15595.335599999997, 8320.588323076921], [15595.335599999997, 8289.828292307691], [15610.715615384612, 8274.448276923074], [15626.095630769227, 8259.06826153846], [15641.475646153844, 8243.688246153844], [15656.855661538459, 8228.30823076923], [15672.235676923074, 8212.928215384614], [15687.615692307689, 8197.548199999997], [15702.995707692304, 8182.168184615383], [15718.37572307692, 8197.548199999997], [15718.37572307692, 8228.30823076923], [15718.37572307692, 8259.06826153846], [15702.995707692304, 8274.448276923074], [15687.615692307689, 8289.828292307691], [15687.615692307689, 8320.588323076921], [15672.235676923074, 8335.968338461536], [15656.855661538459, 8351.348353846151], [15641.475646153844, 8366.728369230768], [15626.095630769227, 8382.108384615383], [15626.095630769227, 8412.868415384613], [15610.715615384612, 8428.248430769228], [15595.335599999997, 8443.628446153845], [15595.335599999997, 8474.388476923075], [15595.335599999997, 8505.148507692305], [15579.955584615382, 8520.52852307692], [15564.575569230767, 8535.908538461537], [15564.575569230767, 8566.668569230767], [15579.955584615382, 8582.048584615382], [15595.335599999997, 8597.428599999997], [15579.955584615382, 8612.808615384614], [15564.575569230767, 8628.18863076923], [15579.955584615382, 8643.568646153844], [15595.335599999997, 8658.94866153846], [15579.955584615382, 8674.328676923074], [15564.575569230767, 8689.708692307691], [15549.195553846152, 8705.088707692306], [15533.815538461535, 8720.468723076921], [15518.43552307692, 8735.848738461536], [15503.055507692305, 8751.228753846151], [15503.055507692305, 8781.988784615383], [15503.055507692305, 8812.748815384613], [15503.055507692305, 8843.508846153843], [15503.055507692305, 8874.268876923075], [15503.055507692305, 8905.028907692305], [15503.055507692305, 8935.788938461537], [15503.055507692305, 8966.548969230767], [15487.67549230769, 8981.928984615382], [15472.295476923075, 8997.308999999997], [15472.295476923075, 9028.06903076923], [15472.295476923075, 9058.82906153846], [15456.915461538458, 9074.209076923074], [15441.535446153843, 9089.589092307691], [15441.535446153843, 9120.349123076921], [15441.535446153843, 9151.109153846151], [15441.535446153843, 9181.869184615383], [15441.535446153843, 9212.629215384613], [15426.155430769228, 9228.009230769228], [15410.775415384613, 9243.389246153843], [15410.775415384613, 9274.149276923075], [15410.775415384613, 9304.909307692305], [15410.775415384613, 9335.669338461537], [15410.775415384613, 9366.429369230767], [15410.775415384613, 9397.189399999997], [15410.775415384613, 9427.94943076923], [15410.775415384613, 9458.70946153846], [15426.155430769228, 9474.089476923074], [15441.535446153843, 9489.46949230769], [15441.535446153843, 9520.229523076921], [15441.535446153843, 9550.989553846151], [15426.155430769228, 9566.369569230767], [15410.775415384613, 9581.749584615383], [15410.775415384613, 9612.509615384613], [15410.775415384613, 9643.269646153843], [15410.775415384613, 9674.029676923075], [15410.775415384613, 9704.789707692305], [15395.395399999998, 9720.16972307692], [15380.01538461538, 9735.549738461537], [15380.01538461538, 9766.309769230767], [15395.395399999998, 9781.689784615382], [15410.775415384613, 9797.069799999997], [15410.775415384613, 9827.82983076923], [15410.775415384613, 9858.58986153846], [15410.775415384613, 9889.34989230769], [15410.775415384613, 9920.109923076921], [15426.155430769228, 9935.489938461536], [15441.535446153843, 9950.869953846151], [15441.535446153843, 9981.629984615383], [15456.915461538458, 9997.009999999998], [15472.295476923075, 10012.390015384613], [15456.915461538458, 10027.770030769228], [15441.535446153843, 10043.150046153844], [15441.535446153843, 10073.910076923075], [15441.535446153843, 10104.670107692305], [15441.535446153843, 10135.430138461536], [15441.535446153843, 10166.190169230767], [15426.155430769228, 10181.570184615382], [15410.775415384613, 10196.950199999997], [15410.775415384613, 10227.71023076923], [15410.775415384613, 10258.47026153846], [15410.775415384613, 10289.23029230769], [15395.395399999998, 10304.610307692306], [15380.01538461538, 10319.990323076921], [15380.01538461538, 10350.750353846151], [15380.01538461538, 10381.510384615383], [15380.01538461538, 10412.270415384613], [15380.01538461538, 10443.030446153844], [15380.01538461538, 10473.790476923075], [15380.01538461538, 10504.550507692305], [15364.635369230766, 10519.93052307692], [15349.25535384615, 10535.310538461536], [15349.25535384615, 10566.070569230767], [15333.875338461536, 10581.450584615382], [15318.49532307692, 10596.830599999998], [15303.115307692304, 10612.210615384613], [15287.735292307689, 10627.59063076923], [15272.355276923074, 10642.970646153844]]]}, "properties": {"objectType": "annotation", "name": "P3_1_L|deep", "classification": {"name": "deep", "color": [144, 133, 233]}, "lesion_id": 0, "section": "P3_1_L", "area_um2": 78650.00000000003, "lesion_ids": [8, 9]}}, {"type": "Feature", "geometry": {"type": "Polygon", "coordinates": [[[27853.207861538456, 8705.088707692306], [27837.82784615384, 8689.708692307691], [27837.82784615384, 8658.94866153846], [27853.207861538456, 8643.568646153844], [27868.587876923073, 8628.18863076923], [27868.587876923073, 8597.428599999997], [27868.587876923073, 8566.668569230767], [27883.967892307686, 8551.288553846152], [27899.347907692303, 8535.908538461537], [27914.727923076916, 8520.52852307692], [27930.107938461533, 8505.148507692305], [27945.48795384615, 8489.76849230769], [27960.867969230763, 8474.388476923075], [27976.24798461538, 8459.00846153846], [27991.627999999993, 8443.628446153845], [28007.00801538461, 8428.248430769228], [28022.388030769223, 8412.868415384613], [28037.76804615384, 8397.488399999998], [28053.148061538457, 8412.868415384613], [28053.148061538457, 8443.628446153845], [28037.76804615384, 8459.00846153846], [28022.388030769223, 8474.388476923075], [28022.388030769223, 8505.148507692305], [28007.00801538461, 8520.52852307692], [27991.627999999993, 8535.908538461537], [27976.24798461538, 8551.288553846152], [27960.867969230763, 8566.668569230767], [27960.867969230763, 8597.428599999997], [27945.48795384615, 8612.808615384614], [27930.107938461533, 8628.18863076923], [27914.727923076916, 8643.568646153844], [27899.347907692303, 8658.94866153846], [27883.967892307686, 8674.328676923074], [27868.587876923073, 8689.708692307691], [27853.207861538456, 8705.088707692306]]]}, "properties": {"objectType": "annotation", "name": "R1_2_T|deep", "classification": {"name": "deep", "color": [144, 133, 233]}, "lesion_id": 0, "section": "R1_2_T", "area_um2": 2149.9999999999964, "lesion_ids": []}}, {"type": "Feature", "geometry": {"type": "Polygon", "coordinates": [[[26838.126846153842, 8858.88886153846], [26822.746830769225, 8843.508846153843], [26807.36681538461, 8828.128830769228], [26791.986799999995, 8812.748815384613], [26776.60678461538, 8797.368799999998], [26761.226769230765, 8781.988784615383], [26745.84675384615, 8766.608769230768], [26730.46673846153, 8751.228753846151], [26715.086723076918, 8735.848738461536], [26699.7067076923, 8720.468723076921], [26684.326692307688, 8705.088707692306], [26668.94667692307, 8689.708692307691], [26653.566661538458, 8674.328676923074], [26622.806630769224, 8674.328676923074], [26607.42661538461, 8658.94866153846], [26592.046599999994, 8643.568646153844], [26576.66658461538, 8628.18863076923], [26561.286569230764, 8612.808615384614], [26530.526538461534, 8612.808615384614], [26515.146523076917, 8597.428599999997], [26499.766507692304, 8582.048584615382], [26469.00647692307, 8582.048584615382], [26438.24644615384, 8582.048584615382], [26422.866430769227, 8566.668569230767], [26407.48641538461, 8551.288553846152], [26376.72638461538, 8551.288553846152], [26361.346369230763, 8535.908538461537], [26345.96635384615, 8520.52852307692], [26315.206323076916, 8520.52852307692], [26299.826307692303, 8505.148507692305], [26315.206323076916, 8489.76849230769], [26345.96635384615, 8489.76849230769], [26376.72638461538, 8489.76849230769], [26407.48641538461, 8489.76849230769], [26438.24644615384, 8489.76849230769], [26453.626461538457, 8505.148507692305], [26469.00647692307, 8520.52852307692], [26499.766507692304, 8520.52852307692], [26530.526538461534, 8520.52852307692], [26545.906553846147, 8535.908538461537], [26561.286569230764, 8551.288553846152], [26592.046599999994, 8551.288553846152], [26622.806630769224, 8551.288553846152], [26653.566661538458, 8551.288553846152], [26684.326692307688, 8551.288553846152], [26715.086723076918, 8551.288553846152], [26745.84675384615, 8551.288553846152], [26776.60678461538, 8551.288553846152], [26807.36681538461, 8551.288553846152], [26838.126846153842, 8551.288553846152], [26868.886876923072, 8551.288553846152], [26899.646907692302, 8551.288553846152], [26930.406938461532, 8551.288553846152], [26945.78695384615, 8566.668569230767], [26945.78695384615, 8597.428599999997], [26945.78695384615, 8628.18863076923], [26945.78695384615, 8658.94866153846], [26930.406938461532, 8674.328676923074], [26915.02692307692, 8689.708692307691], [26915.02692307692, 8720.468723076921], [26899.646907692302, 8735.848738461536], [26884.266892307685, 8751.228753846151], [26884.266892307685, 8781.988784615383], [26868.886876923072, 8797.368799999998], [26853.506861538455, 8812.748815384613], [26853.506861538455, 8843.508846153843], [26838.126846153842, 8858.88886153846]]]}, "properties": {"objectType": "annotation", "name": "R1_2_T|deep", "classification": {"name": "deep", "color": [144, 133, 233]}, "lesion_id": 0, "section": "R1_2_T", "area_um2": 9149.999999999989, "lesion_ids": []}}, {"type": "Feature", "geometry": {"type": "Polygon", "coordinates": [[[23269.963276923074, 9258.76926153846], [23254.583261538457, 9243.389246153843], [23254.583261538457, 9212.629215384613], [23254.583261538457, 9181.869184615383], [23269.963276923074, 9166.489169230766], [23285.343292307687, 9181.869184615383], [23285.343292307687, 9212.629215384613], [23285.343292307687, 9243.389246153843], [23269.963276923074, 9258.76926153846]]]}, "properties": {"objectType": "annotation", "name": "P3_1_C|deep", "classification": {"name": "deep", "color": [144, 133, 233]}, "lesion_id": 0, "section": "P3_1_C", "area_um2": 249.9999999999947, "lesion_ids": []}}, {"type": "Feature", "geometry": {"type": "Polygon", "coordinates": [[[23239.20324615384, 9320.28932307692], [23223.823230769227, 9304.909307692305], [23239.20324615384, 9289.52929230769], [23254.583261538457, 9304.909307692305], [23239.20324615384, 9320.28932307692]]]}, "properties": {"objectType": "annotation", "name": "P3_1_C|deep", "classification": {"name": "deep", "color": [144, 133, 233]}, "lesion_id": 0, "section": "P3_1_C", "area_um2": 49.999999999997755, "lesion_ids": []}}, {"type": "Feature", "geometry": {"type": "Polygon", "coordinates": [[[15610.715615384612, 10766.010769230767], [15595.335599999997, 10750.630753846151], [15579.955584615382, 10735.250738461536], [15564.575569230767, 10719.870723076921], [15564.575569230767, 10689.11069230769], [15549.195553846152, 10673.730676923074], [15533.815538461535, 10658.35066153846], [15533.815538461535, 10627.59063076923], [15518.43552307692, 10612.210615384613], [15503.055507692305, 10596.830599999998], [15503.055507692305, 10566.070569230767], [15503.055507692305, 10535.310538461536], [15503.055507692305, 10504.550507692305], [15487.67549230769, 10489.17049230769], [15472.295476923075, 10473.790476923075], [15472.295476923075, 10443.030446153844], [15472.295476923075, 10412.270415384613], [15472.295476923075, 10381.510384615383], [15472.295476923075, 10350.750353846151], [15472.295476923075, 10319.990323076921], [15472.295476923075, 10289.23029230769], [15472.295476923075, 10258.47026153846], [15472.295476923075, 10227.71023076923], [15472.295476923075, 10196.950199999997], [15472.295476923075, 10166.190169230767], [15472.295476923075, 10135.430138461536], [15487.67549230769, 10120.05012307692], [15503.055507692305, 10104.670107692305], [15518.43552307692, 10089.29009230769], [15533.815538461535, 10104.670107692305], [15549.195553846152, 10120.05012307692], [15564.575569230767, 10135.430138461536], [15564.575569230767, 10166.190169230767], [15564.575569230767, 10196.950199999997], [15564.575569230767, 10227.71023076923], [15564.575569230767, 10258.47026153846], [15564.575569230767, 10289.23029230769], [15579.955584615382, 10304.610307692306], [15595.335599999997, 10319.990323076921], [15595.335599999997, 10350.750353846151], [15579.955584615382, 10366.130369230767], [15564.575569230767, 10381.510384615383], [15579.955584615382, 10396.890399999998], [15595.335599999997, 10412.270415384613], [15595.335599999997, 10443.030446153844], [15595.335599999997, 10473.790476923075], [15595.335599999997, 10504.550507692305], [15595.335599999997, 10535.310538461536], [15610.715615384612, 10550.690553846152], [15626.095630769227, 10566.070569230767], [15626.095630769227, 10596.830599999998], [15626.095630769227, 10627.59063076923], [15641.475646153844, 10642.970646153844], [15656.855661538459, 10658.35066153846], [15656.855661538459, 10689.11069230769], [15656.855661538459, 10719.870723076921], [15641.475646153844, 10735.250738461536], [15626.095630769227, 10750.630753846151], [15610.715615384612, 10766.010769230767]]]}, "properties": {"objectType": "annotation", "name": "P3_1_C|deep_12", "classification": {"name": "deep", "color": [144, 133, 233]}, "lesion_id": 12, "section": "P3_1_C", "area_um2": 6949.999999999966, "lesion_ids": [12]}}, {"type": "Feature", "geometry": {"type": "Polygon", "coordinates": [[[19086.59909230769, 12365.532369230767], [19055.839061538456, 12365.532369230767], [19025.079030769226, 12365.532369230767], [18994.318999999996, 12365.532369230767], [18963.558969230766, 12365.532369230767], [18932.798938461536, 12365.532369230767], [18902.038907692306, 12365.532369230767], [18886.65889230769, 12350.152353846152], [18871.278876923072, 12334.772338461536], [18855.89886153846, 12319.392323076921], [18840.518846153842, 12304.012307692305], [18809.75881538461, 12304.012307692305], [18794.378799999995, 12288.63229230769], [18778.99878461538, 12273.252276923075], [18763.618769230765, 12257.87226153846], [18763.618769230765, 12227.112230769228], [18778.99878461538, 12211.732215384613], [18794.378799999995, 12196.352199999998], [18809.75881538461, 12180.972184615383], [18825.13883076923, 12165.592169230767], [18840.518846153842, 12150.21215384615], [18855.89886153846, 12134.832138461536], [18871.278876923072, 12119.45212307692], [18886.65889230769, 12104.072107692306], [18902.038907692306, 12088.69209230769], [18917.41892307692, 12073.312076923074], [18932.798938461536, 12057.932061538459], [18948.17895384615, 12042.552046153844], [18963.558969230766, 12027.172030769229], [18978.93898461538, 12011.792015384613], [18978.93898461538, 11981.031984615382], [18994.318999999996, 11965.651969230767], [19009.699015384613, 11950.271953846152], [19025.079030769226, 11934.891938461536], [19040.459046153843, 11950.271953846152], [19040.459046153843, 11981.031984615382], [19040.459046153843, 12011.792015384613], [19025.079030769226, 12027.172030769229], [19009.699015384613, 12042.552046153844], [19009.699015384613, 12073.312076923074], [19025.079030769226, 12088.69209230769], [19040.459046153843, 12104.072107692306], [19040.459046153843, 12134.832138461536], [19040.459046153843, 12165.592169230767], [19040.459046153843, 12196.352199999998], [19040.459046153843, 12227.112230769228], [19040.459046153843, 12257.87226153846], [19055.839061538456, 12273.252276923075], [19071.219076923073, 12288.63229230769], [19071.219076923073, 12319.392323076921], [19086.59909230769, 12334.772338461536], [19101.979107692303, 12350.152353846152], [19086.59909230769, 12365.532369230767]]]}, "properties": {"objectType": "annotation", "name": "P3_1_C|deep_17", "classification": {"name": "deep", "color": [144, 133, 233]}, "lesion_id": 17, "section": "P3_1_C", "area_um2": 7650.00000000002, "lesion_ids": [17]}}, {"type": "Feature", "geometry": {"type": "Polygon", "coordinates": [[[24069.724076923074, 12273.252276923075], [24054.344061538457, 12257.87226153846], [24038.96404615384, 12242.492246153844], [24023.584030769227, 12227.112230769228], [24008.20401538461, 12211.732215384613], [23992.823999999997, 12196.352199999998], [23977.44398461538, 12180.972184615383], [23962.063969230763, 12165.592169230767], [23946.68395384615, 12150.21215384615], [23931.303938461533, 12134.832138461536], [23931.303938461533, 12104.072107692306], [23931.303938461533, 12073.312076923074], [23946.68395384615, 12057.932061538459], [23962.063969230763, 12042.552046153844], [23977.44398461538, 12027.172030769229], [23992.823999999997, 12042.552046153844], [23992.823999999997, 12073.312076923074], [24008.20401538461, 12088.69209230769], [24023.584030769227, 12104.072107692306], [24023.584030769227, 12134.832138461536], [24038.96404615384, 12150.21215384615], [24054.344061538457, 12165.592169230767], [24054.344061538457, 12196.352199999998], [24069.724076923074, 12211.732215384613], [24085.104092307687, 12227.112230769228], [24085.104092307687, 12257.87226153846], [24069.724076923074, 12273.252276923075]]]}, "properties": {"objectType": "annotation", "name": "deep_14", "classification": {"name": "deep", "color": [144, 133, 233]}, "lesion_id": 14, "section": null, "area_um2": 1650.0000000000202, "lesion_ids": [14]}}, {"type": "Feature", "geometry": {"type": "Polygon", "coordinates": [[[29052.849061538454, 13411.373415384613], [29022.089030769224, 13411.373415384613], [28991.328999999994, 13411.373415384613], [28960.568969230764, 13411.373415384613], [28929.808938461534, 13411.373415384613], [28914.428923076917, 13395.993399999998], [28899.0489076923, 13380.613384615383], [28868.28887692307, 13380.613384615383], [28837.52884615384, 13380.613384615383], [28822.148830769223, 13365.233369230766], [28806.76881538461, 13349.85335384615], [28776.00878461538, 13349.85335384615], [28745.248753846146, 13349.85335384615], [28729.868738461533, 13334.473338461536], [28714.488723076916, 13319.09332307692], [28699.108707692303, 13303.713307692306], [28683.728692307686, 13288.33329230769], [28652.968661538456, 13288.33329230769], [28637.58864615384, 13272.953276923074], [28622.208630769226, 13257.573261538459], [28606.82861538461, 13242.193246153844], [28591.448599999996, 13226.813230769229], [28576.06858461538, 13211.433215384614], [28560.688569230762, 13196.053199999997], [28545.30855384615, 13180.673184615382], [28529.928538461532, 13165.293169230767], [28514.54852307692, 13149.913153846152], [28514.54852307692, 13119.15312307692], [28514.54852307692, 13088.39309230769], [28514.54852307692, 13057.63306153846], [28514.54852307692, 13026.873030769228], [28529.928538461532, 13011.493015384613], [28545.30855384615, 12996.112999999998], [28545.30855384615, 12965.352969230767], [28560.688569230762, 12949.97295384615], [28576.06858461538, 12934.592938461536], [28591.448599999996, 12919.21292307692], [28606.82861538461, 12903.832907692306], [28622.208630769226, 12888.45289230769], [28637.58864615384, 12873.072876923074], [28652.968661538456, 12857.692861538459], [28668.34867692307, 12842.312846153844], [28683.728692307686, 12826.932830769229], [28699.108707692303, 12811.552815384613], [28714.488723076916, 12796.172799999997], [28729.868738461533, 12780.792784615382], [28745.248753846146, 12765.412769230767], [28760.628769230763, 12750.032753846152], [28776.00878461538, 12734.652738461537], [28806.76881538461, 12734.652738461537], [28822.148830769223, 12719.27272307692], [28837.52884615384, 12703.892707692305], [28868.28887692307, 12703.892707692305], [28883.668892307687, 12688.51269230769], [28899.0489076923, 12673.132676923075], [28929.808938461534, 12673.132676923075], [28945.188953846147, 12657.75266153846], [28960.568969230764, 12642.372646153844], [28975.948984615377, 12626.992630769228], [28991.328999999994, 12611.612615384613], [29022.089030769224, 12611.612615384613], [29037.46904615384, 12596.232599999998], [29052.849061538454, 12580.852584615383], [29068.22907692307, 12565.472569230767], [29083.609092307688, 12550.09255384615], [29098.9891076923, 12534.712538461536], [29098.9891076923, 12503.952507692306], [29114.36912307692, 12488.57249230769], [29129.74913846153, 12473.192476923074], [29129.74913846153, 12442.432446153844], [29145.12915384615, 12427.052430769229], [29160.509169230765, 12411.672415384613], [29175.88918461538, 12396.292399999997], [29191.269199999995, 12380.912384615382], [29191.269199999995, 12350.152353846152], [29206.64921538461, 12334.772338461536], [29222.029230769225, 12319.392323076921], [29237.409246153842, 12304.012307692305], [29252.789261538455, 12288.63229230769], [29268.169276923072, 12273.252276923075], [29283.549292307685, 12257.87226153846], [29298.929307692302, 12242.492246153844], [29314.309323076915, 12227.112230769228], [29329.689338461532, 12211.732215384613], [29345.06935384615, 12227.112230769228], [29345.06935384615, 12257.87226153846], [29360.449369230762, 12273.252276923075], [29375.82938461538, 12288.63229230769], [29391.209399999992, 12304.012307692305], [29406.58941538461, 12319.392323076921], [29406.58941538461, 12350.152353846152], [29421.969430769226, 12365.532369230767], [29437.34944615384, 12380.912384615382], [29452.729461538456, 12396.292399999997], [29468.10947692307, 12411.672415384613], [29483.489492307686, 12427.052430769229], [29498.869507692303, 12442.432446153844], [29514.249523076916, 12457.812461538459], [29529.629538461533, 12473.192476923074], [29545.009553846146, 12488.57249230769], [29560.389569230763, 12503.952507692306], [29575.76958461538, 12519.33252307692], [29591.149599999993, 12534.712538461536], [29606.52961538461, 12550.09255384615], [29637.28964615384, 12550.09255384615], [29652.669661538457, 12565.472569230767], [29668.04967692307, 12580.852584615383], [29683.429692307687, 12596.232599999998], [29698.8097076923, 12611.612615384613], [29729.569738461534, 12611.612615384613], [29744.949753846147, 12626.992630769228], [29760.329769230764, 12642.372646153844], [29791.089799999994, 12642.372646153844], [29806.46981538461, 12657.75266153846], [29821.849830769224, 12673.132676923075], [29852.609861538454, 12673.132676923075], [29883.369892307688, 12673.132676923075], [29898.7499076923, 12688.51269230769], [29914.12992307692, 12703.892707692305], [29944.88995384615, 12703.892707692305], [29975.64998461538, 12703.892707692305], [30006.41001538461, 12703.892707692305], [30037.17004615384, 12703.892707692305], [30067.930076923072, 12703.892707692305], [30098.690107692302, 12703.892707692305], [30129.450138461532, 12703.892707692305], [30160.210169230762, 12703.892707692305], [30190.970199999992, 12703.892707692305], [30221.730230769226, 12703.892707692305], [30252.490261538456, 12703.892707692305], [30267.87027692307, 12688.51269230769], [30283.250292307686, 12673.132676923075], [30314.010323076916, 12673.132676923075], [30344.770353846146, 12673.132676923075], [30360.150369230763, 12657.75266153846], [30375.53038461538, 12642.372646153844], [30390.910399999993, 12657.75266153846], [30390.910399999993, 12688.51269230769], [30390.910399999993, 12719.27272307692], [30390.910399999993, 12750.032753846152], [30390.910399999993, 12780.792784615382], [30375.53038461538, 12796.172799999997], [30360.150369230763, 12811.552815384613], [30360.150369230763, 12842.312846153844], [30360.150369230763, 12873.072876923074], [30360.150369230763, 12903.832907692306], [30344.770353846146, 12919.21292307692], [30329.390338461533, 12934.592938461536], [30329.390338461533, 12965.352969230767], [30314.010323076916, 12980.732984615383], [30298.630307692303, 12996.112999999998], [30298.630307692303, 13026.873030769228], [30283.250292307686, 13042.253046153843], [30267.87027692307, 13057.63306153846], [30252.490261538456, 13073.013076923075], [30237.11024615384, 13088.39309230769], [30221.730230769226, 13103.773107692305], [30206.35021538461, 13119.15312307692], [30190.970199999992, 13134.533138461537], [30175.59018461538, 13149.913153846152], [30160.210169230762, 13165.293169230767], [30144.83015384615, 13180.673184615382], [30129.450138461532, 13196.053199999997], [30114.070123076915, 13211.433215384614], [30098.690107692302, 13226.813230769229], [30083.310092307685, 13242.193246153844], [30067.930076923072, 13257.573261538459], [30052.550061538455, 13272.953276923074], [30037.17004615384, 13288.33329230769], [30006.41001538461, 13288.33329230769], [29975.64998461538, 13288.33329230769], [29944.88995384615, 13288.33329230769], [29914.12992307692, 13288.33329230769], [29883.369892307688, 13288.33329230769], [29867.98987692307, 13303.713307692306], [29852.609861538454, 13319.09332307692], [29821.849830769224, 13319.09332307692], [29806.46981538461, 13334.473338461536], [29791.089799999994, 13349.85335384615], [29760.329769230764, 13349.85335384615], [29744.949753846147, 13334.473338461536], [29729.569738461534, 13319.09332307692], [29698.8097076923, 13319.09332307692], [29668.04967692307, 13319.09332307692], [29652.669661538457, 13303.713307692306], [29637.28964615384, 13288.33329230769], [29606.52961538461, 13288.33329230769], [29575.76958461538, 13288.33329230769], [29560.389569230763, 13272.953276923074], [29545.009553846146, 13257.573261538459], [29514.249523076916, 13257.573261538459], [29498.869507692303, 13242.193246153844], [29483.489492307686, 13226.813230769229], [29452.729461538456, 13226.813230769229], [29437.34944615384, 13211.433215384614], [29421.969430769226, 13196.053199999997], [29391.209399999992, 13196.053199999997], [29375.82938461538, 13180.673184615382], [29360.449369230762, 13165.293169230767], [29329.689338461532, 13165.293169230767], [29314.309323076915, 13149.913153846152], [29298.929307692302, 13134.533138461537], [29283.549292307685, 13149.913153846152], [29268.169276923072, 13165.293169230767], [29252.789261538455, 13180.673184615382], [29237.409246153842, 13196.053199999997], [29222.029230769225, 13211.433215384614], [29206.64921538461, 13226.813230769229], [29191.269199999995, 13242.193246153844], [29175.88918461538, 13257.573261538459], [29160.509169230765, 13272.953276923074], [29145.12915384615, 13288.33329230769], [29114.36912307692, 13288.33329230769], [29098.9891076923, 13303.713307692306], [29098.9891076923, 13334.473338461536], [29083.609092307688, 13349.85335384615], [29068.22907692307, 13365.233369230766], [29068.22907692307, 13395.993399999998], [29052.849061538454, 13411.373415384613]]]}, "properties": {"objectType": "annotation", "name": "R1_2_T|deep", "classification": {"name": "deep", "color": [144, 133, 233]}, "lesion_id": 0, "section": "R1_2_T", "area_um2": 126450.00000000001, "lesion_ids": []}}, {"type": "Feature", "geometry": {"type": "Polygon", "coordinates": [[[25054.045061538458, 13011.493015384613], [25023.285030769224, 13011.493015384613], [25007.90501538461, 12996.112999999998], [24992.524999999994, 12980.732984615383], [24961.764969230764, 12980.732984615383], [24931.004938461534, 12980.732984615383], [24915.624923076917, 12965.352969230767], [24900.244907692304, 12949.97295384615], [24884.864892307687, 12934.592938461536], [24869.48487692307, 12919.21292307692], [24854.104861538457, 12903.832907692306], [24869.48487692307, 12888.45289230769], [24884.864892307687, 12873.072876923074], [24900.244907692304, 12857.692861538459], [24931.004938461534, 12857.692861538459], [24961.764969230764, 12857.692861538459], [24977.14498461538, 12842.312846153844], [24992.524999999994, 12826.932830769229], [25007.90501538461, 12842.312846153844], [25007.90501538461, 12873.072876923074], [25007.90501538461, 12903.832907692306], [25023.285030769224, 12919.21292307692], [25038.66504615384, 12934.592938461536], [25038.66504615384, 12965.352969230767], [25054.045061538458, 12980.732984615383], [25069.42507692307, 12996.112999999998], [25054.045061538458, 13011.493015384613]]]}, "properties": {"objectType": "annotation", "name": "R1_2_T|deep", "classification": {"name": "deep", "color": [144, 133, 233]}, "lesion_id": 0, "section": "R1_2_T", "area_um2": 2050.0000000000114, "lesion_ids": []}}, {"type": "Feature", "geometry": {"type": "Polygon", "coordinates": [[[27791.687799999996, 13288.33329230769], [27760.927769230762, 13288.33329230769], [27730.167738461532, 13288.33329230769], [27699.407707692302, 13288.33329230769], [27668.647676923072, 13288.33329230769], [27637.887646153842, 13288.33329230769], [27607.12761538461, 13288.33329230769], [27576.36758461538, 13288.33329230769], [27560.987569230765, 13272.953276923074], [27545.60755384615, 13257.573261538459], [27514.847523076918, 13257.573261538459], [27484.087492307688, 13257.573261538459], [27453.327461538454, 13257.573261538459], [27437.94744615384, 13242.193246153844], [27453.327461538454, 13226.813230769229], [27484.087492307688, 13226.813230769229], [27514.847523076918, 13226.813230769229], [27545.60755384615, 13226.813230769229], [27576.36758461538, 13226.813230769229], [27607.12761538461, 13226.813230769229], [27637.887646153842, 13226.813230769229], [27653.267661538455, 13242.193246153844], [27668.647676923072, 13257.573261538459], [27699.407707692302, 13257.573261538459], [27730.167738461532, 13257.573261538459], [27760.927769230762, 13257.573261538459], [27791.687799999996, 13257.573261538459], [27807.06781538461, 13272.953276923074], [27791.687799999996, 13288.33329230769]]]}, "properties": {"objectType": "annotation", "name": "deep_16", "classification": {"name": "deep", "color": [144, 133, 233]}, "lesion_id": 16, "section": null, "area_um2": 1450.0000000000146, "lesion_ids": [16]}}, {"type": "Feature", "geometry": {"type": "Polygon", "coordinates": [[[27853.207861538456, 13288.33329230769], [27837.82784615384, 13272.953276923074], [27853.207861538456, 13257.573261538459], [27868.587876923073, 13272.953276923074], [27853.207861538456, 13288.33329230769]]]}, "properties": {"objectType": "annotation", "name": "deep_16", "classification": {"name": "deep", "color": [144, 133, 233]}, "lesion_id": 16, "section": null, "area_um2": 50.00000000000662, "lesion_ids": [16]}}, {"type": "Feature", "geometry": {"type": "Polygon", "coordinates": [[[26868.886876923072, 14303.414307692305], [26838.126846153842, 14303.414307692305], [26807.36681538461, 14303.414307692305], [26776.60678461538, 14303.414307692305], [26745.84675384615, 14303.414307692305], [26715.086723076918, 14303.414307692305], [26684.326692307688, 14303.414307692305], [26653.566661538458, 14303.414307692305], [26622.806630769224, 14303.414307692305], [26592.046599999994, 14303.414307692305], [26561.286569230764, 14303.414307692305], [26530.526538461534, 14303.414307692305], [26499.766507692304, 14303.414307692305], [26469.00647692307, 14303.414307692305], [26438.24644615384, 14303.414307692305], [26407.48641538461, 14303.414307692305], [26376.72638461538, 14303.414307692305], [26345.96635384615, 14303.414307692305], [26315.206323076916, 14303.414307692305], [26284.446292307686, 14303.414307692305], [26253.686261538456, 14303.414307692305], [26222.926230769226, 14303.414307692305], [26192.166199999996, 14303.414307692305], [26161.406169230762, 14303.414307692305], [26130.646138461532, 14303.414307692305], [26099.886107692302, 14303.414307692305], [26069.126076923072, 14303.414307692305], [26053.746061538455, 14288.03429230769], [26038.366046153842, 14272.654276923075], [26007.606015384612, 14272.654276923075], [25976.84598461538, 14272.654276923075], [25946.08595384615, 14272.654276923075], [25930.705938461535, 14257.27426153846], [25915.325923076918, 14241.894246153843], [25884.565892307688, 14241.894246153843], [25853.805861538458, 14241.894246153843], [25838.42584615384, 14226.514230769228], [25823.045830769224, 14211.134215384613], [25792.285799999994, 14211.134215384613], [25776.90578461538, 14195.754199999998], [25761.525769230764, 14180.374184615383], [25730.765738461534, 14180.374184615383], [25715.385723076917, 14164.994169230766], [25700.005707692304, 14149.61415384615], [25669.24567692307, 14149.61415384615], [25653.865661538457, 14134.234138461536], [25638.48564615384, 14118.85412307692], [25607.72561538461, 14118.85412307692], [25592.345599999993, 14103.474107692306], [25576.96558461538, 14088.094092307689], [25561.585569230763, 14072.714076923074], [25546.20555384615, 14057.334061538459], [25515.445523076916, 14057.334061538459], [25500.065507692303, 14041.954046153844], [25484.685492307686, 14026.574030769229], [25469.305476923073, 14011.194015384612], [25453.925461538456, 13995.813999999997], [25423.165430769226, 13995.813999999997], [25407.78541538461, 13980.433984615382], [25392.405399999996, 13965.053969230767], [25361.645369230766, 13965.053969230767], [25330.885338461532, 13965.053969230767], [25315.50532307692, 13949.673953846152], [25300.125307692302, 13934.293938461537], [25269.365276923072, 13934.293938461537], [25253.985261538455, 13918.91392307692], [25238.605246153842, 13903.533907692305], [25207.845215384612, 13903.533907692305], [25192.465199999995, 13888.15389230769], [25177.08518461538, 13872.773876923075], [25146.325153846148, 13872.773876923075], [25130.945138461535, 13857.39386153846], [25115.565123076918, 13842.013846153843], [25100.1851076923, 13826.633830769228], [25100.1851076923, 13795.873799999998], [25115.565123076918, 13780.493784615383], [25146.325153846148, 13780.493784615383], [25177.08518461538, 13780.493784615383], [25192.465199999995, 13795.873799999998], [25207.845215384612, 13811.253815384613], [25238.605246153842, 13811.253815384613], [25269.365276923072, 13811.253815384613], [25300.125307692302, 13811.253815384613], [25330.885338461532, 13811.253815384613], [25346.26535384615, 13795.873799999998], [25361.645369230766, 13780.493784615383], [25392.405399999996, 13780.493784615383], [25423.165430769226, 13780.493784615383], [25438.54544615384, 13765.113769230766], [25453.925461538456, 13749.73375384615], [25484.685492307686, 13749.73375384615], [25515.445523076916, 13749.73375384615], [25546.20555384615, 13749.73375384615], [25576.96558461538, 13749.73375384615], [25607.72561538461, 13749.73375384615], [25623.105630769227, 13765.113769230766], [25638.48564615384, 13780.493784615383], [25669.24567692307, 13780.493784615383], [25700.005707692304, 13780.493784615383], [25730.765738461534, 13780.493784615383], [25746.145753846147, 13795.873799999998], [25761.525769230764, 13811.253815384613], [25792.285799999994, 13811.253815384613], [25823.045830769224, 13811.253815384613], [25853.805861538458, 13811.253815384613], [25884.565892307688, 13811.253815384613], [25915.325923076918, 13811.253815384613], [25946.08595384615, 13811.253815384613], [25961.465969230765, 13826.633830769228], [25976.84598461538, 13842.013846153843], [26007.606015384612, 13842.013846153843], [26038.366046153842, 13842.013846153843], [26053.746061538455, 13857.39386153846], [26069.126076923072, 13872.773876923075], [26099.886107692302, 13872.773876923075], [26130.646138461532, 13872.773876923075], [26146.02615384615, 13888.15389230769], [26161.406169230762, 13903.533907692305], [26192.166199999996, 13903.533907692305], [26207.54621538461, 13918.91392307692], [26222.926230769226, 13934.293938461537], [26253.686261538456, 13934.293938461537], [26284.446292307686, 13934.293938461537], [26315.206323076916, 13934.293938461537], [26330.586338461533, 13918.91392307692], [26345.96635384615, 13903.533907692305], [26361.346369230763, 13888.15389230769], [26376.72638461538, 13872.773876923075], [26407.48641538461, 13872.773876923075], [26422.866430769227, 13857.39386153846], [26438.24644615384, 13842.013846153843], [26469.00647692307, 13842.013846153843], [26499.766507692304, 13842.013846153843], [26530.526538461534, 13842.013846153843], [26561.286569230764, 13842.013846153843], [26576.66658461538, 13857.39386153846], [26592.046599999994, 13872.773876923075], [26622.806630769224, 13872.773876923075], [26638.18664615384, 13888.15389230769], [26653.566661538458, 13903.533907692305], [26668.94667692307, 13918.91392307692], [26684.326692307688, 13934.293938461537], [26715.086723076918, 13934.293938461537], [26730.46673846153, 13949.673953846152], [26715.086723076918, 13965.053969230767], [26699.7067076923, 13980.433984615382], [26715.086723076918, 13995.813999999997], [26730.46673846153, 14011.194015384612], [26745.84675384615, 14026.574030769229], [26776.60678461538, 14026.574030769229], [26791.986799999995, 14041.954046153844], [26807.36681538461, 14057.334061538459], [26822.746830769225, 14072.714076923074], [26838.126846153842, 14088.094092307689], [26853.506861538455, 14103.474107692306], [26868.886876923072, 14118.85412307692], [26884.266892307685, 14134.234138461536], [26899.646907692302, 14149.61415384615], [26915.02692307692, 14164.994169230766], [26915.02692307692, 14195.754199999998], [26915.02692307692, 14226.514230769228], [26915.02692307692, 14257.27426153846], [26899.646907692302, 14272.654276923075], [26884.266892307685, 14288.03429230769], [26868.886876923072, 14303.414307692305]]]}, "properties": {"objectType": "annotation", "name": "CFA_L2_L|deep", "classification": {"name": "deep", "color": [144, 133, 233]}, "lesion_id": 0, "section": "CFA_L2_L", "area_um2": 62949.99999999999, "lesion_ids": []}}, {"type": "Feature", "geometry": {"type": "Polygon", "coordinates": [[[8812.748815384613, 26238.30624615384], [8781.988784615383, 26238.30624615384], [8751.228753846151, 26238.30624615384], [8720.468723076921, 26238.30624615384], [8689.708692307691, 26238.30624615384], [8658.94866153846, 26238.30624615384], [8628.18863076923, 26238.30624615384], [8612.808615384614, 26222.926230769226], [8597.428599999997, 26207.54621538461], [8566.668569230767, 26207.54621538461], [8535.908538461537, 26207.54621538461], [8505.148507692305, 26207.54621538461], [8474.388476923075, 26207.54621538461], [8459.00846153846, 26192.166199999996], [8443.628446153845, 26176.78618461538], [8412.868415384613, 26176.78618461538], [8382.108384615383, 26176.78618461538], [8351.348353846151, 26176.78618461538], [8335.968338461536, 26161.406169230762], [8320.588323076921, 26146.02615384615], [8289.828292307691, 26146.02615384615], [8274.448276923074, 26130.646138461532], [8259.06826153846, 26115.26612307692], [8228.30823076923, 26115.26612307692], [8212.928215384614, 26099.886107692302], [8197.548199999997, 26084.506092307685], [8166.788169230767, 26084.506092307685], [8151.408153846152, 26069.126076923072], [8136.028138461536, 26053.746061538455], [8105.268107692306, 26053.746061538455], [8074.508076923075, 26053.746061538455], [8059.12806153846, 26038.366046153842], [8043.748046153844, 26022.986030769225], [8012.988015384613, 26022.986030769225], [7997.607999999998, 26007.606015384612], [7982.227984615383, 25992.225999999995], [7951.467953846152, 25992.225999999995], [7936.087938461537, 25976.84598461538], [7920.707923076921, 25961.465969230765], [7889.94789230769, 25961.465969230765], [7874.567876923075, 25946.08595384615], [7859.18786153846, 25930.705938461535], [7828.427830769229, 25930.705938461535], [7813.047815384613, 25915.325923076918], [7797.667799999998, 25899.9459076923], [7782.287784615383, 25884.565892307688], [7766.907769230767, 25869.18587692307], [7751.527753846152, 25853.805861538458], [7736.147738461537, 25838.42584615384], [7705.387707692306, 25838.42584615384], [7690.00769230769, 25823.045830769224], [7674.627676923075, 25807.66581538461], [7659.24766153846, 25792.285799999994], [7643.867646153844, 25776.90578461538], [7628.487630769229, 25761.525769230764], [7613.107615384614, 25746.145753846147], [7597.727599999998, 25730.765738461534], [7582.347584615383, 25715.385723076917], [7566.967569230767, 25700.005707692304], [7551.587553846152, 25684.625692307687], [7536.207538461537, 25669.24567692307], [7520.827523076921, 25653.865661538457], [7505.447507692306, 25638.48564615384], [7505.447507692306, 25607.72561538461], [7490.06749230769, 25592.345599999993], [7474.687476923075, 25576.96558461538], [7459.30746153846, 25561.585569230763], [7443.927446153844, 25546.20555384615], [7428.547430769229, 25530.825538461533], [7413.167415384614, 25515.445523076916], [7413.167415384614, 25484.685492307686], [7397.787399999998, 25469.305476923073], [7382.407384615383, 25453.925461538456], [7382.407384615383, 25423.165430769226], [7367.027369230767, 25407.78541538461], [7351.647353846152, 25392.405399999996], [7351.647353846152, 25361.645369230766], [7336.267338461537, 25346.26535384615], [7320.887323076921, 25330.885338461532], [7320.887323076921, 25300.125307692302], [7320.887323076921, 25269.365276923072], [7320.887323076921, 25238.605246153842], [7305.507307692306, 25223.225230769225], [7290.127292307691, 25207.845215384612], [7290.127292307691, 25177.08518461538], [7290.127292307691, 25146.325153846148], [7290.127292307691, 25115.565123076918], [7290.127292307691, 25084.805092307688], [7274.747276923075, 25069.42507692307], [7259.36726153846, 25054.045061538458], [7259.36726153846, 25023.285030769224], [7259.36726153846, 24992.524999999994], [7259.36726153846, 24961.764969230764], [7259.36726153846, 24931.004938461534], [7259.36726153846, 24900.244907692304], [7259.36726153846, 24869.48487692307], [7259.36726153846, 24838.72484615384], [7259.36726153846, 24807.96481538461], [7259.36726153846, 24777.20478461538], [7274.747276923075, 24761.824769230763], [7290.127292307691, 24746.44475384615], [7290.127292307691, 24715.68472307692], [7290.127292307691, 24684.924692307686], [7290.127292307691, 24654.164661538456], [7290.127292307691, 24623.404630769226], [7305.507307692306, 24608.02461538461], [7320.887323076921, 24592.644599999996], [7320.887323076921, 24561.884569230766], [7320.887323076921, 24531.124538461532], [7320.887323076921, 24500.364507692302], [7336.267338461537, 24484.98449230769], [7351.647353846152, 24469.604476923072], [7351.647353846152, 24438.844446153842], [7367.027369230767, 24423.464430769225], [7382.407384615383, 24408.084415384612], [7382.407384615383, 24377.32438461538], [7397.787399999998, 24361.944369230765], [7413.167415384614, 24346.564353846148], [7413.167415384614, 24315.804323076918], [7428.547430769229, 24300.4243076923], [7443.927446153844, 24285.044292307688], [7459.30746153846, 24269.66427692307], [7474.687476923075, 24254.284261538458], [7490.06749230769, 24238.90424615384], [7505.447507692306, 24223.524230769224], [7505.447507692306, 24192.764199999994], [7520.827523076921, 24177.38418461538], [7536.207538461537, 24162.004169230764], [7551.587553846152, 24146.624153846147], [7566.967569230767, 24131.244138461534], [7582.347584615383, 24115.864123076917], [7597.727599999998, 24100.484107692304], [7613.107615384614, 24085.104092307687], [7628.487630769229, 24069.724076923074], [7643.867646153844, 24054.344061538457], [7659.24766153846, 24038.96404615384], [7674.627676923075, 24023.584030769227], [7690.00769230769, 24008.20401538461], [7705.387707692306, 23992.823999999997], [7720.767723076921, 23977.44398461538], [7736.147738461537, 23962.063969230763], [7766.907769230767, 23962.063969230763], [7782.287784615383, 23946.68395384615], [7797.667799999998, 23931.303938461533], [7813.047815384613, 23915.92392307692], [7828.427830769229, 23900.543907692303], [7843.807846153844, 23885.163892307686], [7859.18786153846, 23869.783876923073], [7889.94789230769, 23869.783876923073], [7905.327907692306, 23854.403861538456], [7920.707923076921, 23839.023846153843], [7951.467953846152, 23839.023846153843], [7966.847969230767, 23823.643830769226], [7982.227984615383, 23808.26381538461], [8012.988015384613, 23808.26381538461], [8028.368030769229, 23792.883799999996], [8043.748046153844, 23777.50378461538], [8074.508076923075, 23777.50378461538], [8089.88809230769, 23762.123769230766], [8105.268107692306, 23746.74375384615], [8120.648123076921, 23731.363738461532], [8136.028138461536, 23715.98372307692], [8166.788169230767, 23715.98372307692], [8182.168184615383, 23700.603707692302], [8197.548199999997, 23685.22369230769], [8228.30823076923, 23685.22369230769], [8243.688246153844, 23669.843676923072], [8259.06826153846, 23654.463661538455], [8289.828292307691, 23654.463661538455], [8305.208307692306, 23639.083646153842], [8320.588323076921, 23623.703630769225], [8351.348353846151, 23623.703630769225], [8366.728369230768, 23608.323615384612], [8382.108384615383, 23592.943599999995], [8412.868415384613, 23592.943599999995], [8443.628446153845, 23592.943599999995], [8459.00846153846, 23577.56358461538], [8474.388476923075, 23562.183569230765], [8505.148507692305, 23562.183569230765], [8535.908538461537, 23562.183569230765], [8566.668569230767, 23562.183569230765], [8582.048584615382, 23546.803553846148], [8597.428599999997, 23531.423538461535], [8628.18863076923, 23531.423538461535], [8658.94866153846, 23531.423538461535], [8689.708692307691, 23531.423538461535], [8720.468723076921, 23531.423538461535], [8735.848738461536, 23516.043523076918], [8751.228753846151, 23500.6635076923], [8781.988784615383, 23500.6635076923], [8812.748815384613, 23500.6635076923], [8843.508846153843, 23500.6635076923], [8874.268876923075, 23500.6635076923], [8905.028907692305, 23500.6635076923], [8935.788938461537, 23500.6635076923], [8966.548969230767, 23500.6635076923], [8997.308999999997, 23500.6635076923], [9012.689015384614, 23516.043523076918], [9028.06903076923, 23531.423538461535], [9058.82906153846, 23531.423538461535], [9089.589092307691, 23531.423538461535], [9120.349123076921, 23531.423538461535], [9151.109153846151, 23531.423538461535], [9166.489169230766, 23546.803553846148], [9181.869184615383, 23562.183569230765], [9212.629215384613, 23562.183569230765], [9228.009230769228, 23577.56358461538], [9243.389246153843, 23592.943599999995], [9258.76926153846, 23608.323615384612], [9274.149276923075, 23623.703630769225], [9289.52929230769, 23639.083646153842], [9289.52929230769, 23669.843676923072], [9304.909307692305, 23685.22369230769], [9320.28932307692, 23700.603707692302], [9320.28932307692, 23731.363738461532], [9320.28932307692, 23762.123769230766], [9335.669338461537, 23777.50378461538], [9351.049353846152, 23792.883799999996], [9351.049353846152, 23823.643830769226], [9351.049353846152, 23854.403861538456], [9351.049353846152, 23885.163892307686], [9351.049353846152, 23915.92392307692], [9351.049353846152, 23946.68395384615], [9351.049353846152, 23977.44398461538], [9351.049353846152, 24008.20401538461], [9351.049353846152, 24038.96404615384], [9351.049353846152, 24069.724076923074], [9351.049353846152, 24100.484107692304], [9351.049353846152, 24131.244138461534], [9335.669338461537, 24146.624153846147], [9320.28932307692, 24162.004169230764], [9320.28932307692, 24192.764199999994], [9304.909307692305, 24208.14421538461], [9289.52929230769, 24192.764199999994], [9274.149276923075, 24177.38418461538], [9258.76926153846, 24162.004169230764], [9243.389246153843, 24146.624153846147], [9212.629215384613, 24146.624153846147], [9197.249199999998, 24131.244138461534], [9181.869184615383, 24115.864123076917], [9166.489169230766, 24100.484107692304], [9151.109153846151, 24085.104092307687], [9120.349123076921, 24085.104092307687], [9104.969107692306, 24069.724076923074], [9089.589092307691, 24054.344061538457], [9058.82906153846, 24054.344061538457], [9028.06903076923, 24054.344061538457], [8997.308999999997, 24054.344061538457], [8966.548969230767, 24054.344061538457], [8951.168953846152, 24038.96404615384], [8935.788938461537, 24023.584030769227], [8905.028907692305, 24023.584030769227], [8874.268876923075, 24023.584030769227], [8843.508846153843, 24023.584030769227], [8812.748815384613, 24023.584030769227], [8797.368799999998, 24038.96404615384], [8781.988784615383, 24054.344061538457], [8751.228753846151, 24054.344061538457], [8720.468723076921, 24054.344061538457], [8689.708692307691, 24054.344061538457], [8658.94866153846, 24054.344061538457], [8643.568646153844, 24069.724076923074], [8628.18863076923, 24085.104092307687], [8597.428599999997, 24085.104092307687], [8566.668569230767, 24085.104092307687], [8551.288553846152, 24100.484107692304], [8535.908538461537, 24115.864123076917], [8505.148507692305, 24115.864123076917], [8489.76849230769, 24131.244138461534], [8474.388476923075, 24146.624153846147], [8443.628446153845, 24146.624153846147], [8428.248430769228, 24162.004169230764], [8412.868415384613, 24177.38418461538], [8397.488399999998, 24192.764199999994], [8382.108384615383, 24208.14421538461], [8351.348353846151, 24208.14421538461], [8335.968338461536, 24223.524230769224], [8320.588323076921, 24238.90424615384], [8289.828292307691, 24238.90424615384], [8274.448276923074, 24254.284261538458], [8259.06826153846, 24269.66427692307], [8228.30823076923, 24269.66427692307], [8212.928215384614, 24285.044292307688], [8197.548199999997, 24300.4243076923], [8166.788169230767, 24300.4243076923], [8151.408153846152, 24315.804323076918], [8136.028138461536, 24331.184338461535], [8120.648123076921, 24346.564353846148], [8105.268107692306, 24361.944369230765], [8074.508076923075, 24361.944369230765], [8059.12806153846, 24377.32438461538], [8043.748046153844, 24392.704399999995], [8028.368030769229, 24408.084415384612], [8012.988015384613, 24423.464430769225], [7997.607999999998, 24438.844446153842], [7982.227984615383, 24454.224461538455], [7966.847969230767, 24469.604476923072], [7951.467953846152, 24484.98449230769], [7936.087938461537, 24500.364507692302], [7920.707923076921, 24515.74452307692], [7905.327907692306, 24531.124538461532], [7905.327907692306, 24561.884569230766], [7889.94789230769, 24577.26458461538], [7874.567876923075, 24592.644599999996], [7859.18786153846, 24608.02461538461], [7843.807846153844, 24623.404630769226], [7843.807846153844, 24654.164661538456], [7828.427830769229, 24669.544676923073], [7813.047815384613, 24684.924692307686], [7813.047815384613, 24715.68472307692], [7813.047815384613, 24746.44475384615], [7813.047815384613, 24777.20478461538], [7813.047815384613, 24807.96481538461], [7797.667799999998, 24823.344830769227], [7782.287784615383, 24838.72484615384], [7782.287784615383, 24869.48487692307], [7782.287784615383, 24900.244907692304], [7782.287784615383, 24931.004938461534], [7782.287784615383, 24961.764969230764], [7782.287784615383, 24992.524999999994], [7797.667799999998, 25007.90501538461], [7813.047815384613, 25023.285030769224], [7813.047815384613, 25054.045061538458], [7813.047815384613, 25084.805092307688], [7813.047815384613, 25115.565123076918], [7813.047815384613, 25146.325153846148], [7828.427830769229, 25161.705169230765], [7843.807846153844, 25177.08518461538], [7843.807846153844, 25207.845215384612], [7859.18786153846, 25223.225230769225], [7874.567876923075, 25238.605246153842], [7889.94789230769, 25253.985261538455], [7905.327907692306, 25269.365276923072], [7905.327907692306, 25300.125307692302], [7920.707923076921, 25315.50532307692], [7936.087938461537, 25330.885338461532], [7951.467953846152, 25346.26535384615], [7966.847969230767, 25361.645369230766], [7982.227984615383, 25377.02538461538], [7997.607999999998, 25392.405399999996], [8012.988015384613, 25407.78541538461], [8028.368030769229, 25423.165430769226], [8043.748046153844, 25438.54544615384], [8074.508076923075, 25438.54544615384], [8089.88809230769, 25453.925461538456], [8105.268107692306, 25469.305476923073], [8120.648123076921, 25484.685492307686], [8136.028138461536, 25500.065507692303], [8166.788169230767, 25500.065507692303], [8182.168184615383, 25515.445523076916], [8197.548199999997, 25530.825538461533], [8228.30823076923, 25530.825538461533], [8243.688246153844, 25546.20555384615], [8259.06826153846, 25561.585569230763], [8289.828292307691, 25561.585569230763], [8320.588323076921, 25561.585569230763], [8351.348353846151, 25561.585569230763], [8366.728369230768, 25576.96558461538], [8382.108384615383, 25592.345599999993], [8412.868415384613, 25592.345599999993], [8428.248430769228, 25607.72561538461], [8443.628446153845, 25623.105630769227], [8459.00846153846, 25638.48564615384], [8474.388476923075, 25653.865661538457], [8505.148507692305, 25653.865661538457], [8520.52852307692, 25669.24567692307], [8535.908538461537, 25684.625692307687], [8566.668569230767, 25684.625692307687], [8597.428599999997, 25684.625692307687], [8628.18863076923, 25684.625692307687], [8658.94866153846, 25684.625692307687], [8674.328676923074, 25700.005707692304], [8689.708692307691, 25715.385723076917], [8720.468723076921, 25715.385723076917], [8751.228753846151, 25715.385723076917], [8781.988784615383, 25715.385723076917], [8812.748815384613, 25715.385723076917], [8843.508846153843, 25715.385723076917], [8858.88886153846, 25700.005707692304], [8874.268876923075, 25684.625692307687], [8905.028907692305, 25684.625692307687], [8935.788938461537, 25684.625692307687], [8966.548969230767, 25684.625692307687], [8997.308999999997, 25684.625692307687], [9012.689015384614, 25669.24567692307], [9028.06903076923, 25653.865661538457], [9043.449046153844, 25669.24567692307], [9043.449046153844, 25700.005707692304], [9028.06903076923, 25715.385723076917], [9012.689015384614, 25730.765738461534], [9012.689015384614, 25761.525769230764], [9012.689015384614, 25792.285799999994], [8997.308999999997, 25807.66581538461], [8981.928984615382, 25823.045830769224], [8981.928984615382, 25853.805861538458], [8981.928984615382, 25884.565892307688], [8981.928984615382, 25915.325923076918], [8966.548969230767, 25930.705938461535], [8951.168953846152, 25946.08595384615], [8951.168953846152, 25976.84598461538], [8951.168953846152, 26007.606015384612], [8935.788938461537, 26022.986030769225], [8920.40892307692, 26038.366046153842], [8920.40892307692, 26069.126076923072], [8905.028907692305, 26084.506092307685], [8889.64889230769, 26099.886107692302], [8874.268876923075, 26115.26612307692], [8858.88886153846, 26130.646138461532], [8858.88886153846, 26161.406169230762], [8858.88886153846, 26192.166199999996], [8843.508846153843, 26207.54621538461], [8828.128830769228, 26222.926230769226], [8812.748815384613, 26238.30624615384]]]}, "properties": {"objectType": "annotation", "name": "P3_1_T|deep_19", "classification": {"name": "deep", "color": [144, 133, 233]}, "lesion_id": 19, "section": "P3_1_T", "area_um2": 243649.9999999996, "lesion_ids": [19]}}, {"type": "Feature", "geometry": {"type": "Polygon", "coordinates": [[[3829.62383076923, 27960.867969230763], [3798.863799999999, 27960.867969230763], [3768.1037692307686, 27960.867969230763], [3737.3437384615377, 27960.867969230763], [3706.583707692307, 27960.867969230763], [3691.2036923076917, 27945.48795384615], [3675.823676923076, 27930.107938461533], [3645.0636461538456, 27930.107938461533], [3614.3036153846147, 27930.107938461533], [3598.923599999999, 27914.727923076916], [3583.5435846153837, 27899.347907692303], [3568.1635692307686, 27914.727923076916], [3552.783553846153, 27930.107938461533], [3522.023523076922, 27930.107938461533], [3491.2634923076916, 27930.107938461533], [3460.5034615384607, 27930.107938461533], [3429.74343076923, 27930.107938461533], [3398.983399999999, 27930.107938461533], [3383.603384615384, 27914.727923076916], [3368.2233692307686, 27899.347907692303], [3352.843353846153, 27883.967892307686], [3337.4633384615377, 27868.587876923073], [3322.0833230769226, 27853.207861538456], [3306.703307692307, 27837.82784615384], [3291.3232923076916, 27822.447830769226], [3275.943276923076, 27807.06781538461], [3260.5632615384607, 27791.687799999996], [3245.1832461538456, 27776.30778461538], [3214.4232153846147, 27776.30778461538], [3199.043199999999, 27760.927769230762], [3183.663184615384, 27745.54775384615], [3168.2831692307686, 27730.167738461532], [3152.903153846153, 27714.78772307692], [3137.5231384615377, 27699.407707692302], [3122.1431230769226, 27684.027692307685], [3106.763107692307, 27668.647676923072], [3091.3830923076916, 27653.267661538455], [3076.003076923076, 27637.887646153842], [3060.623061538461, 27622.507630769225], [3045.2430461538456, 27607.12761538461], [3029.86303076923, 27591.747599999995], [3014.4830153846146, 27576.36758461538], [3014.4830153846146, 27545.60755384615], [2999.1029999999996, 27530.22753846153], [2983.722984615384, 27514.847523076918], [2983.722984615384, 27484.087492307688], [2983.722984615384, 27453.327461538454], [2999.1029999999996, 27437.94744615384], [3029.86303076923, 27437.94744615384], [3045.2430461538456, 27453.327461538454], [3060.623061538461, 27468.70747692307], [3076.003076923076, 27484.087492307688], [3091.3830923076916, 27499.4675076923], [3122.1431230769226, 27499.4675076923], [3137.5231384615377, 27514.847523076918], [3152.903153846153, 27530.22753846153], [3183.663184615384, 27530.22753846153], [3214.4232153846147, 27530.22753846153], [3245.1832461538456, 27530.22753846153], [3275.943276923076, 27530.22753846153], [3291.3232923076916, 27545.60755384615], [3306.703307692307, 27560.987569230765], [3337.4633384615377, 27560.987569230765], [3368.2233692307686, 27560.987569230765], [3383.603384615384, 27545.60755384615], [3398.983399999999, 27530.22753846153], [3429.74343076923, 27530.22753846153], [3460.5034615384607, 27530.22753846153], [3491.2634923076916, 27530.22753846153], [3522.023523076922, 27530.22753846153], [3537.4035384615377, 27514.847523076918], [3552.783553846153, 27499.4675076923], [3583.5435846153837, 27499.4675076923], [3598.923599999999, 27484.087492307688], [3614.3036153846147, 27468.70747692307], [3629.68363076923, 27453.327461538454], [3645.0636461538456, 27437.94744615384], [3675.823676923076, 27437.94744615384], [3691.2036923076917, 27422.567430769224], [3706.583707692307, 27407.18741538461], [3721.963723076922, 27391.807399999994], [3737.3437384615377, 27376.427384615377], [3752.723753846153, 27361.047369230764], [3768.1037692307686, 27345.667353846147], [3783.4837846153837, 27330.287338461534], [3798.863799999999, 27314.907323076917], [3814.2438153846147, 27299.527307692304], [3814.2438153846147, 27268.76727692307], [3829.62383076923, 27253.387261538457], [3845.003846153845, 27238.00724615384], [3860.3838615384607, 27222.627230769227], [3875.763876923076, 27207.24721538461], [3875.763876923076, 27176.48718461538], [3891.1438923076917, 27161.107169230763], [3906.5239076923067, 27145.72715384615], [3906.5239076923067, 27114.967123076916], [3906.5239076923067, 27084.207092307686], [3906.5239076923067, 27053.447061538456], [3906.5239076923067, 27022.687030769226], [3921.903923076922, 27007.30701538461], [3937.2839384615377, 26991.926999999996], [3937.2839384615377, 26961.166969230762], [3937.2839384615377, 26930.406938461532], [3937.2839384615377, 26899.646907692302], [3937.2839384615377, 26868.886876923072], [3921.903923076922, 26853.506861538455], [3906.5239076923067, 26838.126846153842], [3906.5239076923067, 26807.36681538461], [3906.5239076923067, 26776.60678461538], [3906.5239076923067, 26745.84675384615], [3906.5239076923067, 26715.086723076918], [3891.1438923076917, 26699.7067076923], [3875.763876923076, 26684.326692307688], [3875.763876923076, 26653.566661538458], [3860.3838615384607, 26638.18664615384], [3845.003846153845, 26622.806630769224], [3845.003846153845, 26592.046599999994], [3829.62383076923, 26576.66658461538], [3814.2438153846147, 26561.286569230764], [3798.863799999999, 26545.906553846147], [3783.4837846153837, 26530.526538461534], [3783.4837846153837, 26499.766507692304], [3783.4837846153837, 26469.00647692307], [3783.4837846153837, 26438.24644615384], [3768.1037692307686, 26422.866430769227], [3752.723753846153, 26407.48641538461], [3752.723753846153, 26376.72638461538], [3737.3437384615377, 26361.346369230763], [3721.963723076922, 26345.96635384615], [3721.963723076922, 26315.206323076916], [3706.583707692307, 26299.826307692303], [3691.2036923076917, 26284.446292307686], [3691.2036923076917, 26253.686261538456], [3706.583707692307, 26238.30624615384], [3737.3437384615377, 26238.30624615384], [3752.723753846153, 26222.926230769226], [3768.1037692307686, 26207.54621538461], [3783.4837846153837, 26192.166199999996], [3798.863799999999, 26176.78618461538], [3814.2438153846147, 26161.406169230762], [3829.62383076923, 26146.02615384615], [3860.3838615384607, 26146.02615384615], [3875.763876923076, 26130.646138461532], [3891.1438923076917, 26115.26612307692], [3921.903923076922, 26115.26612307692], [3937.2839384615377, 26099.886107692302], [3952.663953846153, 26084.506092307685], [3968.0439692307687, 26069.126076923072], [3983.4239846153837, 26053.746061538455], [4014.1840153846147, 26053.746061538455], [4029.56403076923, 26038.366046153842], [4044.944046153845, 26022.986030769225], [4075.704076923076, 26022.986030769225], [4106.464107692307, 26022.986030769225], [4137.224138461537, 26022.986030769225], [4152.604153846153, 26007.606015384612], [4167.984169230768, 25992.225999999995], [4198.744199999999, 25992.225999999995], [4229.50423076923, 25992.225999999995], [4260.26426153846, 25992.225999999995], [4291.024292307691, 25992.225999999995], [4306.404307692307, 25976.84598461538], [4321.784323076922, 25961.465969230765], [4352.544353846153, 25961.465969230765], [4367.924369230768, 25946.08595384615], [4383.304384615384, 25930.705938461535], [4414.064415384614, 25930.705938461535], [4429.44443076923, 25915.325923076918], [4444.824446153845, 25899.9459076923], [4460.20446153846, 25884.565892307688], [4475.584476923076, 25869.18587692307], [4506.344507692307, 25869.18587692307], [4521.724523076922, 25853.805861538458], [4537.104538461537, 25838.42584615384], [4552.484553846153, 25823.045830769224], [4567.864569230768, 25807.66581538461], [4583.244584615383, 25792.285799999994], [4598.624599999999, 25776.90578461538], [4614.004615384614, 25761.525769230764], [4629.38463076923, 25746.145753846147], [4644.764646153845, 25730.765738461534], [4660.14466153846, 25715.385723076917], [4675.524676923076, 25700.005707692304], [4690.904692307691, 25684.625692307687], [4706.284707692307, 25669.24567692307], [4706.284707692307, 25638.48564615384], [4721.664723076922, 25623.105630769227], [4737.044738461537, 25607.72561538461], [4752.424753846153, 25592.345599999993], [4767.804769230768, 25576.96558461538], [4767.804769230768, 25546.20555384615], [4783.184784615383, 25530.825538461533], [4798.564799999999, 25515.445523076916], [4798.564799999999, 25484.685492307686], [4798.564799999999, 25453.925461538456], [4813.944815384614, 25438.54544615384], [4829.32483076923, 25423.165430769226], [4829.32483076923, 25392.405399999996], [4829.32483076923, 25361.645369230766], [4829.32483076923, 25330.885338461532], [4829.32483076923, 25300.125307692302], [4844.704846153845, 25284.74529230769], [4860.08486153846, 25269.365276923072], [4860.08486153846, 25238.605246153842], [4860.08486153846, 25207.845215384612], [4860.08486153846, 25177.08518461538], [4860.08486153846, 25146.325153846148], [4844.704846153845, 25130.945138461535], [4829.32483076923, 25115.565123076918], [4829.32483076923, 25084.805092307688], [4829.32483076923, 25054.045061538458], [4829.32483076923, 25023.285030769224], [4829.32483076923, 24992.524999999994], [4813.944815384614, 24977.14498461538], [4798.564799999999, 24961.764969230764], [4798.564799999999, 24931.004938461534], [4783.184784615383, 24915.624923076917], [4767.804769230768, 24900.244907692304], [4752.424753846153, 24884.864892307687], [4737.044738461537, 24869.48487692307], [4737.044738461537, 24838.72484615384], [4721.664723076922, 24823.344830769227], [4706.284707692307, 24807.96481538461], [4690.904692307691, 24792.584799999993], [4675.524676923076, 24777.20478461538], [4660.14466153846, 24761.824769230763], [4644.764646153845, 24746.44475384615], [4629.38463076923, 24731.064738461533], [4614.004615384614, 24715.68472307692], [4598.624599999999, 24700.304707692303], [4567.864569230768, 24700.304707692303], [4552.484553846153, 24684.924692307686], [4537.104538461537, 24669.544676923073], [4521.724523076922, 24654.164661538456], [4506.344507692307, 24638.784646153843], [4475.584476923076, 24638.784646153843], [4460.20446153846, 24623.404630769226], [4444.824446153845, 24608.02461538461], [4414.064415384614, 24608.02461538461], [4383.304384615384, 24608.02461538461], [4352.544353846153, 24608.02461538461], [4337.164338461537, 24592.644599999996], [4321.784323076922, 24577.26458461538], [4291.024292307691, 24577.26458461538], [4275.644276923076, 24561.884569230766], [4260.26426153846, 24546.50455384615], [4229.50423076923, 24546.50455384615], [4198.744199999999, 24546.50455384615], [4167.984169230768, 24546.50455384615], [4137.224138461537, 24546.50455384615], [4121.844123076922, 24531.124538461532], [4106.464107692307, 24515.74452307692], [4075.704076923076, 24515.74452307692], [4044.944046153845, 24515.74452307692], [4014.1840153846147, 24515.74452307692], [3983.4239846153837, 24515.74452307692], [3968.0439692307687, 24531.124538461532], [3952.663953846153, 24546.50455384615], [3921.903923076922, 24546.50455384615], [3891.1438923076917, 24546.50455384615], [3875.763876923076, 24531.124538461532], [3860.3838615384607, 24515.74452307692], [3829.62383076923, 24515.74452307692], [3814.2438153846147, 24500.364507692302], [3798.863799999999, 24484.98449230769], [3783.4837846153837, 24469.604476923072], [3768.1037692307686, 24454.224461538455], [3737.3437384615377, 24454.224461538455], [3721.963723076922, 24438.844446153842], [3706.583707692307, 24423.464430769225], [3675.823676923076, 24423.464430769225], [3660.4436615384607, 24408.084415384612], [3645.0636461538456, 24392.704399999995], [3614.3036153846147, 24392.704399999995], [3583.5435846153837, 24392.704399999995], [3568.1635692307686, 24377.32438461538], [3552.783553846153, 24361.944369230765], [3537.4035384615377, 24346.564353846148], [3522.023523076922, 24331.184338461535], [3491.2634923076916, 24331.184338461535], [3475.883476923076, 24315.804323076918], [3460.5034615384607, 24300.4243076923], [3445.1234461538456, 24285.044292307688], [3429.74343076923, 24269.66427692307], [3398.983399999999, 24269.66427692307], [3383.603384615384, 24254.284261538458], [3368.2233692307686, 24238.90424615384], [3337.4633384615377, 24238.90424615384], [3306.703307692307, 24238.90424615384], [3275.943276923076, 24238.90424615384], [3245.1832461538456, 24238.90424615384], [3229.80323076923, 24223.524230769224], [3214.4232153846147, 24208.14421538461], [3183.663184615384, 24208.14421538461], [3152.903153846153, 24208.14421538461], [3137.5231384615377, 24223.524230769224], [3122.1431230769226, 24238.90424615384], [3091.3830923076916, 24238.90424615384], [3060.623061538461, 24238.90424615384], [3029.86303076923, 24238.90424615384], [2999.1029999999996, 24238.90424615384], [2983.722984615384, 24254.284261538458], [2968.3429692307686, 24269.66427692307], [2937.5829384615377, 24269.66427692307], [2922.2029230769226, 24285.044292307688], [2906.822907692307, 24300.4243076923], [2876.062876923076, 24300.4243076923], [2845.3028461538456, 24300.4243076923], [2814.5428153846146, 24300.4243076923], [2783.782784615384, 24300.4243076923], [2753.022753846153, 24300.4243076923], [2722.2627230769226, 24300.4243076923], [2691.5026923076916, 24300.4243076923], [2676.1226769230766, 24315.804323076918], [2660.742661538461, 24331.184338461535], [2629.98263076923, 24331.184338461535], [2599.2225999999996, 24331.184338461535], [2568.4625692307686, 24331.184338461535], [2553.082553846153, 24315.804323076918], [2537.702538461538, 24300.4243076923], [2506.942507692307, 24300.4243076923], [2491.5624923076916, 24285.044292307688], [2476.1824769230766, 24269.66427692307], [2460.802461538461, 24254.284261538458], [2445.4224461538456, 24238.90424615384], [2430.04243076923, 24223.524230769224], [2414.662415384615, 24208.14421538461], [2399.2823999999996, 24192.764199999994], [2399.2823999999996, 24162.004169230764], [2399.2823999999996, 24131.244138461534], [2399.2823999999996, 24100.484107692304], [2399.2823999999996, 24069.724076923074], [2414.662415384615, 24054.344061538457], [2430.04243076923, 24038.96404615384], [2445.4224461538456, 24023.584030769227], [2460.802461538461, 24008.20401538461], [2476.1824769230766, 23992.823999999997], [2491.5624923076916, 23977.44398461538], [2506.942507692307, 23962.063969230763], [2522.3225230769226, 23946.68395384615], [2537.702538461538, 23931.303938461533], [2568.4625692307686, 23931.303938461533], [2599.2225999999996, 23931.303938461533], [2629.98263076923, 23931.303938461533], [2660.742661538461, 23931.303938461533], [2691.5026923076916, 23931.303938461533], [2706.882707692307, 23915.92392307692], [2722.2627230769226, 23900.543907692303], [2753.022753846153, 23900.543907692303], [2768.4027692307686, 23885.163892307686], [2768.4027692307686, 23854.403861538456], [2768.4027692307686, 23823.643830769226], [2783.782784615384, 23808.26381538461], [2799.1627999999996, 23792.883799999996], [2799.1627999999996, 23762.123769230766], [2814.5428153846146, 23746.74375384615], [2845.3028461538456, 23746.74375384615], [2876.062876923076, 23746.74375384615], [2906.822907692307, 23746.74375384615], [2922.2029230769226, 23731.363738461532], [2937.5829384615377, 23715.98372307692], [2968.3429692307686, 23715.98372307692], [2999.1029999999996, 23715.98372307692], [3029.86303076923, 23715.98372307692], [3060.623061538461, 23715.98372307692], [3076.003076923076, 23700.603707692302], [3091.3830923076916, 23685.22369230769], [3122.1431230769226, 23685.22369230769], [3152.903153846153, 23685.22369230769], [3183.663184615384, 23685.22369230769], [3214.4232153846147, 23685.22369230769], [3245.1832461538456, 23685.22369230769], [3275.943276923076, 23685.22369230769], [3291.3232923076916, 23700.603707692302], [3306.703307692307, 23715.98372307692], [3337.4633384615377, 23715.98372307692], [3368.2233692307686, 23715.98372307692], [3398.983399999999, 23715.98372307692], [3429.74343076923, 23715.98372307692], [3445.1234461538456, 23731.363738461532], [3460.5034615384607, 23746.74375384615], [3491.2634923076916, 23746.74375384615], [3522.023523076922, 23746.74375384615], [3552.783553846153, 23746.74375384615], [3568.1635692307686, 23762.123769230766], [3583.5435846153837, 23777.50378461538], [3614.3036153846147, 23777.50378461538], [3629.68363076923, 23792.883799999996], [3645.0636461538456, 23808.26381538461], [3675.823676923076, 23808.26381538461], [3691.2036923076917, 23823.643830769226], [3706.583707692307, 23839.023846153843], [3737.3437384615377, 23839.023846153843], [3752.723753846153, 23854.403861538456], [3768.1037692307686, 23869.783876923073], [3783.4837846153837, 23885.163892307686], [3798.863799999999, 23900.543907692303], [3829.62383076923, 23900.543907692303], [3845.003846153845, 23915.92392307692], [3860.3838615384607, 23931.303938461533], [3891.1438923076917, 23931.303938461533], [3906.5239076923067, 23946.68395384615], [3921.903923076922, 23962.063969230763], [3952.663953846153, 23962.063969230763], [3968.0439692307687, 23977.44398461538], [3983.4239846153837, 23992.823999999997], [4014.1840153846147, 23992.823999999997], [4044.944046153845, 23992.823999999997], [4075.704076923076, 23992.823999999997], [4106.464107692307, 23992.823999999997], [4137.224138461537, 23992.823999999997], [4167.984169230768, 23992.823999999997], [4183.364184615384, 24008.20401538461], [4198.744199999999, 24023.584030769227], [4229.50423076923, 24023.584030769227], [4260.26426153846, 24023.584030769227], [4291.024292307691, 24023.584030769227], [4321.784323076922, 24023.584030769227], [4337.164338461537, 24038.96404615384], [4352.544353846153, 24054.344061538457], [4383.304384615384, 24054.344061538457], [4414.064415384614, 24054.344061538457], [4444.824446153845, 24054.344061538457], [4460.20446153846, 24069.724076923074], [4475.584476923076, 24085.104092307687], [4506.344507692307, 24085.104092307687], [4521.724523076922, 24100.484107692304], [4537.104538461537, 24115.864123076917], [4567.864569230768, 24115.864123076917], [4598.624599999999, 24115.864123076917], [4629.38463076923, 24115.864123076917], [4644.764646153845, 24131.244138461534], [4660.14466153846, 24146.624153846147], [4690.904692307691, 24146.624153846147], [4706.284707692307, 24162.004169230764], [4721.664723076922, 24177.38418461538], [4752.424753846153, 24177.38418461538], [4767.804769230768, 24192.764199999994], [4783.184784615383, 24208.14421538461], [4813.944815384614, 24208.14421538461], [4829.32483076923, 24223.524230769224], [4844.704846153845, 24238.90424615384], [4860.08486153846, 24254.284261538458], [4875.464876923076, 24269.66427692307], [4890.844892307691, 24285.044292307688], [4906.224907692306, 24300.4243076923], [4936.984938461537, 24300.4243076923], [4952.364953846153, 24315.804323076918], [4967.744969230768, 24331.184338461535], [4983.124984615383, 24346.564353846148], [4998.504999999999, 24361.944369230765], [5013.885015384614, 24377.32438461538], [5029.26503076923, 24392.704399999995], [5044.645046153845, 24408.084415384612], [5060.02506153846, 24423.464430769225], [5075.405076923076, 24438.844446153842], [5090.785092307691, 24454.224461538455], [5106.165107692306, 24469.604476923072], [5121.545123076922, 24484.98449230769], [5136.925138461537, 24500.364507692302], [5136.925138461537, 24531.124538461532], [5152.305153846153, 24546.50455384615], [5167.685169230768, 24561.884569230766], [5183.065184615383, 24577.26458461538], [5198.445199999999, 24592.644599999996], [5213.825215384614, 24608.02461538461], [5229.205230769229, 24623.404630769226], [5229.205230769229, 24654.164661538456], [5244.585246153845, 24669.544676923073], [5259.96526153846, 24684.924692307686], [5259.96526153846, 24715.68472307692], [5275.345276923076, 24731.064738461533], [5290.725292307691, 24746.44475384615], [5290.725292307691, 24777.20478461538], [5306.105307692306, 24792.584799999993], [5321.485323076922, 24807.96481538461], [5321.485323076922, 24838.72484615384], [5321.485323076922, 24869.48487692307], [5321.485323076922, 24900.244907692304], [5336.865338461537, 24915.624923076917], [5352.245353846153, 24931.004938461534], [5352.245353846153, 24961.764969230764], [5352.245353846153, 24992.524999999994], [5352.245353846153, 25023.285030769224], [5352.245353846153, 25054.045061538458], [5367.625369230768, 25069.42507692307], [5383.005384615383, 25084.805092307688], [5383.005384615383, 25115.565123076918], [5383.005384615383, 25146.325153846148], [5383.005384615383, 25177.08518461538], [5383.005384615383, 25207.845215384612], [5383.005384615383, 25238.605246153842], [5383.005384615383, 25269.365276923072], [5383.005384615383, 25300.125307692302], [5383.005384615383, 25330.885338461532], [5367.625369230768, 25346.26535384615], [5352.245353846153, 25361.645369230766], [5352.245353846153, 25392.405399999996], [5352.245353846153, 25423.165430769226], [5352.245353846153, 25453.925461538456], [5352.245353846153, 25484.685492307686], [5336.865338461537, 25500.065507692303], [5321.485323076922, 25515.445523076916], [5321.485323076922, 25546.20555384615], [5321.485323076922, 25576.96558461538], [5321.485323076922, 25607.72561538461], [5306.105307692306, 25623.105630769227], [5290.725292307691, 25638.48564615384], [5290.725292307691, 25669.24567692307], [5290.725292307691, 25700.005707692304], [5275.345276923076, 25715.385723076917], [5259.96526153846, 25730.765738461534], [5259.96526153846, 25761.525769230764], [5244.585246153845, 25776.90578461538], [5229.205230769229, 25792.285799999994], [5229.205230769229, 25823.045830769224], [5213.825215384614, 25838.42584615384], [5198.445199999999, 25853.805861538458], [5198.445199999999, 25884.565892307688], [5183.065184615383, 25899.9459076923], [5167.685169230768, 25915.325923076918], [5152.305153846153, 25930.705938461535], [5136.925138461537, 25946.08595384615], [5121.545123076922, 25961.465969230765], [5106.165107692306, 25976.84598461538], [5106.165107692306, 26007.606015384612], [5090.785092307691, 26022.986030769225], [5075.405076923076, 26038.366046153842], [5060.02506153846, 26053.746061538455], [5044.645046153845, 26069.126076923072], [5029.26503076923, 26084.506092307685], [5013.885015384614, 26099.886107692302], [4998.504999999999, 26115.26612307692], [4983.124984615383, 26130.646138461532], [4967.744969230768, 26146.02615384615], [4952.364953846153, 26161.406169230762], [4936.984938461537, 26176.78618461538], [4921.604923076922, 26192.166199999996], [4906.224907692306, 26207.54621538461], [4890.844892307691, 26222.926230769226], [4875.464876923076, 26238.30624615384], [4860.08486153846, 26253.686261538456], [4844.704846153845, 26269.066276923073], [4813.944815384614, 26269.066276923073], [4798.564799999999, 26284.446292307686], [4783.184784615383, 26299.826307692303], [4767.804769230768, 26315.206323076916], [4752.424753846153, 26330.586338461533], [4737.044738461537, 26345.96635384615], [4721.664723076922, 26361.346369230763], [4690.904692307691, 26361.346369230763], [4675.524676923076, 26376.72638461538], [4660.14466153846, 26392.106399999993], [4629.38463076923, 26392.106399999993], [4614.004615384614, 26407.48641538461], [4598.624599999999, 26422.866430769227], [4567.864569230768, 26422.866430769227], [4552.484553846153, 26438.24644615384], [4537.104538461537, 26453.626461538457], [4506.344507692307, 26453.626461538457], [4490.964492307691, 26469.00647692307], [4475.584476923076, 26484.386492307687], [4444.824446153845, 26484.386492307687], [4414.064415384614, 26484.386492307687], [4383.304384615384, 26484.386492307687], [4367.924369230768, 26499.766507692304], [4383.304384615384, 26515.146523076917], [4398.684399999999, 26530.526538461534], [4398.684399999999, 26561.286569230764], [4398.684399999999, 26592.046599999994], [4398.684399999999, 26622.806630769224], [4414.064415384614, 26638.18664615384], [4429.44443076923, 26653.566661538458], [4429.44443076923, 26684.326692307688], [4429.44443076923, 26715.086723076918], [4429.44443076923, 26745.84675384615], [4429.44443076923, 26776.60678461538], [4444.824446153845, 26791.986799999995], [4460.20446153846, 26807.36681538461], [4460.20446153846, 26838.126846153842], [4460.20446153846, 26868.886876923072], [4460.20446153846, 26899.646907692302], [4460.20446153846, 26930.406938461532], [4460.20446153846, 26961.166969230762], [4460.20446153846, 26991.926999999996], [4460.20446153846, 27022.687030769226], [4460.20446153846, 27053.447061538456], [4444.824446153845, 27068.827076923073], [4429.44443076923, 27084.207092307686], [4429.44443076923, 27114.967123076916], [4429.44443076923, 27145.72715384615], [4429.44443076923, 27176.48718461538], [4429.44443076923, 27207.24721538461], [4414.064415384614, 27222.627230769227], [4398.684399999999, 27238.00724615384], [4398.684399999999, 27268.76727692307], [4398.684399999999, 27299.527307692304], [4398.684399999999, 27330.287338461534], [4383.304384615384, 27345.667353846147], [4367.924369230768, 27361.047369230764], [4367.924369230768, 27391.807399999994], [4352.544353846153, 27407.18741538461], [4337.164338461537, 27422.567430769224], [4337.164338461537, 27453.327461538454], [4321.784323076922, 27468.70747692307], [4306.404307692307, 27484.087492307688], [4306.404307692307, 27514.847523076918], [4291.024292307691, 27530.22753846153], [4275.644276923076, 27545.60755384615], [4260.26426153846, 27560.987569230765], [4244.884246153845, 27576.36758461538], [4229.50423076923, 27591.747599999995], [4214.124215384614, 27607.12761538461], [4214.124215384614, 27637.887646153842], [4198.744199999999, 27653.267661538455], [4183.364184615384, 27668.647676923072], [4167.984169230768, 27684.027692307685], [4152.604153846153, 27699.407707692302], [4137.224138461537, 27714.78772307692], [4121.844123076922, 27730.167738461532], [4106.464107692307, 27745.54775384615], [4091.0840923076917, 27760.927769230762], [4075.704076923076, 27776.30778461538], [4060.3240615384607, 27791.687799999996], [4044.944046153845, 27807.06781538461], [4029.56403076923, 27822.447830769226], [4014.1840153846147, 27837.82784615384], [3983.4239846153837, 27837.82784615384], [3968.0439692307687, 27853.207861538456], [3952.663953846153, 27868.587876923073], [3937.2839384615377, 27883.967892307686], [3921.903923076922, 27899.347907692303], [3906.5239076923067, 27914.727923076916], [3891.1438923076917, 27930.107938461533], [3860.3838615384607, 27930.107938461533], [3845.003846153845, 27945.48795384615], [3829.62383076923, 27960.867969230763]]]}, "properties": {"objectType": "annotation", "name": "P3_1_T|deep", "classification": {"name": "deep", "color": [144, 133, 233]}, "lesion_id": 0, "section": "P3_1_T", "area_um2": 383450.00000000006, "lesion_ids": [20, 21]}}, {"type": "Feature", "geometry": {"type": "Polygon", "coordinates": [[[2968.3429692307686, 27437.94744615384], [2952.962953846153, 27422.567430769224], [2968.3429692307686, 27407.18741538461], [2983.722984615384, 27422.567430769224], [2968.3429692307686, 27437.94744615384]]]}, "properties": {"objectType": "annotation", "name": "P3_1_T|deep", "classification": {"name": "deep", "color": [144, 133, 233]}, "lesion_id": 0, "section": "P3_1_T", "area_um2": 49.99999999999923, "lesion_ids": []}}]}