zone,lesion_id,section,lesion_ids,area_um2,n_parts,centroid_x_um,centroid_y_um,wkt_um
lesion,1,R1_2_T,,21050.0,1,8879.631828978623,1375.5146476642913,"POLYGON ((8885 1470, 8880 1465, 8875 1460, 8870 1455, 8865 1450, 8860 1455, 8855 1460, 8850 1455, 8845 1450, 8840 1445, 8835 1440, 8825 1440, 8820 1435, 8815 1430, 8810 1425, 8805 1420, 8800 1415, 8795 1410, 8790 1405, 8785 1400, 8780 1395, 8775 1390, 8770 1385, 8765 1380, 8760 1375, 8760 1365, 8765 1360, 8775 1360, 8780 1355, 8785 1350, 8795 1350, 8805 1350, 8810 1345, 8815 1340, 8825 1340, 8835 1340, 8845 1340, 8850 1335, 8855 1330, 8865 1330, 8870 1325, 8875 1320, 8885 1320, 8890 1315, 8895 1310, 8905 1310, 8910 1305, 8915 1300, 8920 1295, 8925 1290, 8930 1285, 8935 1280, 8940 1285, 8945 1290, 8950 1295, 8955 1300, 8960 1305, 8965 1310, 8970 1315, 8965 1320, 8960 1325, 8965 1330, 8970 1335, 8975 1340, 8980 1345, 8980 1355, 8975 1360, 8970 1365, 8975 1370, 8980 1375, 8975 1380, 8970 1385, 8965 1390, 8960 1395, 8955 1400, 8950 1395, 8945 1390, 8940 1395, 8935 1400, 8930 1405, 8925 1410, 8920 1415, 8915 1420, 8910 1425, 8905 1430, 8900 1435, 8905 1440, 8910 1445, 8905 1450, 8900 1455, 8895 1460, 8890 1465, 8885 1470))"
core,1,R1_2_T,,3050.0,1,8867.937158469946,1356.2978142076504,"POLYGON ((8865 1390, 8855 1390, 8850 1385, 8845 1380, 8840 1375, 8835 1370, 8830 1365, 8825 1360, 8820 1355, 8825 1350, 8835 1350, 8845 1350, 8850 1345, 8855 1340, 8860 1335, 8865 1330, 8875 1330, 8885 1330, 8895 1330, 8905 1330, 8910 1335, 8910 1345, 8905 1350, 8900 1355, 8895 1360, 8890 1365, 8885 1370, 8880 1375, 8875 1380, 8870 1385, 8865 1390))"
rim,1,R1_2_T,,17850.0,1,8881.823062558356,1379.138655462185,"POLYGON ((8885 1470, 8880 1465, 8875 1460, 8870 1455, 8865 1450, 8860 1455, 8855 1460, 8850 1455, 8845 1450, 8840 1445, 8835 1440, 8825 1440, 8820 1435, 8815 1430, 8810 1425, 8805 1420, 8800 1415, 8795 1410, 8790 1405, 8785 1400, 8780 1395, 8775 1390, 8770 1385, 8765 1380, 8760 1375, 8760 1365, 8765 1360, 8775 1360, 8780 1355, 8785 1350, 8795 1350, 8805 1350, 8810 1345, 8815 1340, 8825 1340, 8835 1340, 8845 1340, 8850 1345, 8845 1350, 8835 1350, 8825 1350, 8820 1355, 8825 1360, 8830 1365, 8835 1370, 8840 1375, 8845 1380, 8850 1385, 8855 1390, 8865 1390, 8870 1385, 8875 1380, 8880 1375, 8885 1370, 8890 1365, 8895 1360, 8900 1355, 8905 1350, 8910 1345, 8910 1335, 8905 1330, 8895 1330, 8885 1330, 8875 1330, 8870 1325, 8875 1320, 8885 1320, 8890 1315, 8895 1310, 8905 1310, 8910 1305, 8915 1300, 8920 1295, 8925 1290, 8930 1285, 8935 1280, 8940 1285, 8945 1290, 8950 1295, 8955 1300, 8960 1305, 8965 1310, 8970 1315, 8965 1320, 8960 1325, 8965 1330, 8970 1335, 8975 1340, 8980 1345, 8980 1355, 8975 1360, 8970 1365, 8975 1370, 8980 1375, 8975 1380, 8970 1385, 8965 1390, 8960 1395, 8955 1400, 8950 1395, 8945 1390, 8940 1395, 8935 1400, 8930 1405, 8925 1410, 8920 1415, 8915 1420, 8910 1425, 8905 1430, 8900 1435, 8905 1440, 8910 1445, 8905 1450, 8900 1455, 8895 1460, 8890 1465, 8885 1470))"
lesion,2,R1_2_T,,74650.0,1,9541.641549453003,1567.1260325965616,"POLYGON ((9675 1720, 9670 1715, 9665 1710, 9660 1715, 9655 1720, 9645 1720, 9635 1720, 9625 1720, 9615 1720, 9605 1720, 9600 1715, 9595 1710, 9590 1705, 9585 1700, 9575 1700, 9565 1700, 9560 1705, 9555 1710, 9545 1710, 9535 1710, 9525 1710, 9520 1705, 9515 1700, 9505 1700, 9500 1695, 9495 1690, 9490 1695, 9485 1700, 9480 1695, 9475 1690, 9470 1685, 9465 1680, 9460 1675, 9455 1670, 9450 1665, 9450 1655, 9445 1650, 9440 1645, 9440 1635, 9435 1630, 9430 1625, 9430 1615, 9425 1610, 9420 1605, 9420 1595, 9420 1585, 9420 1575, 9415 1570, 9410 1565, 9410 1555, 9405 1550, 9400 1545, 9395 1540, 9390 1535, 9385 1530, 9380 1525, 9375 1520, 9370 1515, 9365 1510, 9360 1505, 9355 1500, 9350 1495, 9350 1485, 9345 1480, 9340 1475, 9345 1470, 9350 1465, 9355 1460, 9360 1455, 9365 1450, 9370 1455, 9375 1460, 9380 1465, 9385 1470, 9390 1475, 9395 1480, 9400 1475, 9405 1470, 9410 1465, 9415 1460, 9420 1455, 9420 1445, 9420 1435, 9420 1425, 9420 1415, 9420 1405, 9420 1395, 9425 1390, 9430 1385, 9435 1380, 9440 1385, 9445 1390, 9455 1390, 9465 1390, 9475 1390, 9480 1395, 9485 1400, 9495 1400, 9500 1405, 9505 1410, 9515 1410, 9520 1415, 9525 1420, 9530 1425, 9535 1430, 9540 1435, 9540 1445, 9545 1450, 9550 1455, 9555 1460, 9565 1460, 9575 1460, 9585 1460, 9595 1460, 9600 1465, 9605 1470, 9610 1475, 9615 1480, 9625 1480, 9630 1485, 9635 1490, 9640 1495, 9645 1500, 9655 1500, 9660 1505, 9665 1510, 9670 1515, 9670 1525, 9670 1535, 9675 1540, 9680 1545, 9685 1550, 9690 1555, 9695 1560, 9700 1565, 9700 1575, 9700 1585, 9695 1590, 9690 1595, 9695 1600, 9700 1605, 9700 1615, 9700 1625, 9705 1630, 9710 1635, 9705 1640, 9700 1645, 9705 1650, 9710 1655, 9715 1660, 9720 1665, 9725 1670, 9730 1675, 9725 1680, 9720 1685, 9715 1690, 9710 1695, 9705 1700, 9695 1700, 9690 1705, 9685 1710, 9680 1715, 9675 1720))"
core,2,R1_2_T,,27550.0,1,9545.25257108288,1557.0099818511796,"POLYGON ((9645 1660, 9635 1660, 9625 1660, 9620 1655, 9615 1650, 9605 1650, 9595 1650, 9585 1650, 9575 1650, 9565 1650, 9555 1650, 9545 1650, 9535 1650, 9530 1645, 9525 1640, 9515 1640, 9505 1640, 9500 1635, 9500 1625, 9495 1620, 9490 1615, 9490 1605, 9485 1600, 9480 1595, 9480 1585, 9475 1580, 9470 1575, 9470 1565, 9470 1555, 9470 1545, 9465 1540, 9460 1535, 9460 1525, 9455 1520, 9450 1515, 9450 1505, 9455 1500, 9460 1495, 9465 1490, 9470 1485, 9470 1475, 9470 1465, 9470 1455, 9470 1445, 9470 1435, 9470 1425, 9475 1420, 9480 1425, 9485 1430, 9490 1435, 9495 1440, 9505 1440, 9510 1445, 9515 1450, 9525 1450, 9530 1455, 9535 1460, 9540 1465, 9545 1470, 9550 1475, 9555 1480, 9560 1485, 9565 1490, 9575 1490, 9580 1495, 9585 1500, 9590 1505, 9595 1510, 9600 1515, 9605 1520, 9610 1525, 9615 1530, 9620 1535, 9620 1545, 9620 1555, 9620 1565, 9625 1570, 9630 1575, 9635 1580, 9640 1585, 9640 1595, 9640 1605, 9640 1615, 9640 1625, 9645 1630, 9650 1635, 9650 1645, 9650 1655, 9645 1660))"
rim,2,R1_2_T,,47100.0,1,9539.529370134465,1573.043170559094,"POLYGON ((9675 1720, 9670 1715, 9665 1710, 9660 1715, 9655 1720, 9645 1720, 9635 1720, 9625 1720, 9615 1720, 9605 1720, 9600 1715, 9595 1710, 9590 1705, 9585 1700, 9575 1700, 9565 1700, 9560 1705, 9555 1710, 9545 1710, 9535 1710, 9525 1710, 9520 1705, 9515 1700, 9505 1700, 9500 1695, 9495 1690, 9490 1695, 9485 1700, 9480 1695, 9475 1690, 9470 1685, 9465 1680, 9460 1675, 9455 1670, 9450 1665, 9450 1655, 9445 1650, 9440 1645, 9440 1635, 9435 1630, 9430 1625, 9430 1615, 9425 1610, 9420 1605, 9420 1595, 9420 1585, 9420 1575, 9415 1570, 9410 1565, 9410 1555, 9405 1550, 9400 1545, 9395 1540, 9390 1535, 9385 1530, 9380 1525, 9375 1520, 9370 1515, 9365 1510, 9360 1505, 9355 1500, 9350 1495, 9350 1485, 9345 1480, 9340 1475, 9345 1470, 9350 1465, 9355 1460, 9360 1455, 9365 1450, 9370 1455, 9375 1460, 9380 1465, 9385 1470, 9390 1475, 9395 1480, 9400 1475, 9405 1470, 9410 1465, 9415 1460, 9420 1455, 9420 1445, 9420 1435, 9420 1425, 9420 1415, 9420 1405, 9420 1395, 9425 1390, 9430 1385, 9435 1380, 9440 1385, 9445 1390, 9455 1390, 9465 1390, 9475 1390, 9480 1395, 9485 1400, 9495 1400, 9500 1405, 9505 1410, 9515 1410, 9520 1415, 9525 1420, 9530 1425, 9535 1430, 9540 1435, 9540 1445, 9545 1450, 9550 1455, 9555 1460, 9565 1460, 9575 1460, 9585 1460, 9595 1460, 9600 1465, 9605 1470, 9610 1475, 9615 1480, 9625 1480, 9630 1485, 9635 1490, 9640 1495, 9645 1500, 9655 1500, 9660 1505, 9665 1510, 9670 1515, 9670 1525, 9670 1535, 9675 1540, 9680 1545, 9685 1550, 9690 1555, 9695 1560, 9700 1565, 9700 1575, 9700 1585, 9695 1590, 9690 1595, 9695 1600, 9700 1605, 9700 1615, 9700 1625, 9705 1630, 9710 1635, 9705 1640, 9700 1645, 9705 1650, 9710 1655, 9715 1660, 9720 1665, 9725 1670, 9730 1675, 9725 1680, 9720 1685, 9715 1690, 9710 1695, 9705 1700, 9695 1700, 9690 1705, 9685 1710, 9680 1715, 9675 1720), (9650 1655, 9650 1645, 9650 1635, 9645 1630, 9640 1625, 9640 1615, 9640 1605, 9640 1595, 9640 1585, 9635 1580, 9630 1575, 9625 1570, 9620 1565, 9620 1555, 9620 1545, 9620 1535, 9615 1530, 9610 1525, 9605 1520, 9600 1515, 9595 1510, 9590 1505, 9585 1500, 9580 1495, 9575 1490, 9565 1490, 9560 1485, 9555 1480, 9550 1475, 9545 1470, 9540 1465, 9535 1460, 9530 1455, 9525 1450, 9515 1450, 9510 1445, 9505 1440, 9495 1440, 9490 1435, 9485 1430, 9480 1425, 9475 1420, 9470 1425, 9470 1435, 9470 1445, 9470 1455, 9470 1465, 9470 1475, 9470 1485, 9465 1490, 9460 1495, 9455 1500, 9450 1505, 9450 1515, 9455 1520, 9460 1525, 9460 1535, 9465 1540, 9470 1545, 9470 1555, 9470 1565, 9470 1575, 9475 1580, 9480 1585, 9480 1595, 9485 1600, 9490 1605, 9490 1615, 9495 1620, 9500 1625, 9500 1635, 9505 1640, 9515 1640, 9525 1640, 9530 1645, 9535 1650, 9545 1650, 9555 1650, 9565 1650, 9575 1650, 9585 1650, 9595 1650, 9605 1650, 9615 1650, 9620 1655, 9625 1660, 9635 1660, 9645 1660, 9650 1655))"
lesion,3,R1_2_T,,88650.0,1,8547.900451212634,1770.1330137243842,"POLYGON ((8665 2010, 8660 2005, 8655 2000, 8645 2000, 8640 1995, 8635 1990, 8630 1985, 8625 1980, 8620 1975, 8625 1970, 8630 1965, 8635 1960, 8640 1955, 8635 1950, 8630 1945, 8625 1940, 8620 1935, 8615 1930, 8610 1925, 8605 1920, 8600 1915, 8595 1910, 8590 1915, 8585 1920, 8575 1920, 8570 1925, 8565 1930, 8560 1925, 8555 1920, 8550 1925, 8545 1930, 8535 1930, 8530 1935, 8525 1940, 8520 1945, 8515 1950, 8510 1955, 8505 1960, 8500 1965, 8495 1970, 8490 1975, 8485 1980, 8480 1975, 8475 1970, 8470 1965, 8465 1960, 8460 1955, 8455 1950, 8450 1955, 8445 1960, 8440 1955, 8435 1950, 8430 1945, 8425 1940, 8420 1945, 8415 1950, 8410 1945, 8405 1940, 8400 1935, 8400 1925, 8400 1915, 8400 1905, 8405 1900, 8410 1895, 8415 1890, 8420 1885, 8425 1880, 8430 1875, 8425 1870, 8420 1865, 8425 1860, 8430 1855, 8430 1845, 8435 1840, 8440 1835, 8440 1825, 8440 1815, 8440 1805, 8440 1795, 8445 1790, 8450 1785, 8445 1780, 8440 1775, 8440 1765, 8440 1755, 8445 1750, 8450 1745, 8450 1735, 8445 1730, 8435 1730, 8430 1725, 8425 1720, 8420 1715, 8415 1710, 8405 1710, 8395 1710, 8390 1705, 8390 1695, 8395 1690, 8400 1685, 8405 1680, 8410 1675, 8415 1670, 8420 1665, 8425 1660, 8430 1655, 8435 1650, 8440 1645, 8445 1640, 8450 1635, 8455 1630, 8460 1625, 8465 1620, 8470 1615, 8475 1610, 8480 1605, 8485 1600, 8490 1595, 8490 1585, 8490 1575, 8495 1570, 8500 1565, 8505 1560, 8510 1555, 8515 1550, 8525 1550, 8530 1555, 8535 1560, 8540 1555, 8545 1550, 8555 1550, 8565 1550, 8575 1550, 8580 1555, 8585 1560, 8595 1560, 8600 1565, 8605 1570, 8615 1570, 8620 1575, 8625 1580, 8635 1580, 8640 1585, 8645 1590, 8650 1595, 8655 1600, 8660 1605, 8665 1610, 8670 1615, 8670 1625, 8675 1630, 8680 1635, 8675 1640, 8670 1645, 8670 1655, 8665 1660, 8660 1665, 8655 1670, 8650 1675, 8645 1680, 8640 1685, 8640 1695, 8640 1705, 8645 1710, 8650 1715, 8650 1725, 8650 1735, 8655 1740, 8660 1745, 8660 1755, 8665 1760, 8670 1765, 8675 1770, 8680 1775, 8675 1780, 8670 1785, 8670 1795, 8670 1805, 8670 1815, 8670 1825, 8670 1835, 8665 1840, 8660 1845, 8660 1855, 8655 1860, 8650 1865, 8650 1875, 8645 1880, 8640 1885, 8645 1890, 8650 1895, 8650 1905, 8655 1910, 8660 1915, 8665 1920, 8670 1925, 8675 1930, 8680 1935, 8685 1940, 8690 1945, 8695 1950, 8700 1955, 8695 1960, 8690 1965, 8690 1975, 8690 1985, 8685 1990, 8680 1995, 8675 2000, 8670 2005, 8665 2010))"
core,3,R1_2_T,,36050.0,1,8523.721682847898,1766.5325936199722,"POLYGON ((8485 1900, 8475 1900, 8465 1900, 8460 1895, 8455 1890, 8445 1890, 8435 1890, 8430 1885, 8430 1875, 8430 1865, 8430 1855, 8430 1845, 8435 1840, 8440 1835, 8440 1825, 8440 1815, 8440 1805, 8440 1795, 8445 1790, 8450 1785, 8445 1780, 8440 1775, 8440 1765, 8440 1755, 8445 1750, 8450 1745, 8450 1735, 8445 1730, 8440 1725, 8445 1720, 8450 1715, 8455 1710, 8460 1705, 8465 1700, 8470 1695, 8475 1690, 8480 1685, 8485 1680, 8490 1675, 8495 1670, 8500 1665, 8505 1660, 8510 1655, 8515 1650, 8520 1645, 8525 1640, 8530 1635, 8535 1630, 8540 1625, 8540 1615, 8545 1610, 8555 1610, 8565 1610, 8570 1615, 8575 1620, 8585 1620, 8590 1625, 8595 1630, 8605 1630, 8610 1635, 8605 1640, 8600 1645, 8595 1650, 8590 1655, 8590 1665, 8590 1675, 8590 1685, 8590 1695, 8590 1705, 8590 1715, 8590 1725, 8590 1735, 8595 1740, 8600 1745, 8600 1755, 8600 1765, 8605 1770, 8610 1775, 8610 1785, 8615 1790, 8620 1795, 8620 1805, 8615 1810, 8610 1815, 8610 1825, 8605 1830, 8600 1835, 8600 1845, 8595 1850, 8590 1855, 8585 1860, 8575 1860, 8565 1860, 8560 1865, 8555 1870, 8545 1870, 8535 1870, 8525 1870, 8520 1875, 8515 1880, 8505 1880, 8500 1885, 8495 1890, 8490 1895, 8485 1900))"
rim,3,R1_2_T,,52450.0,1,8564.858595487765,1772.3943438195106,"POLYGON ((8665 2010, 8660 2005, 8655 2000, 8645 2000, 8640 1995, 8635 1990, 8630 1985, 8625 1980, 8620 1975, 8625 1970, 8630 1965, 8635 1960, 8640 1955, 8635 1950, 8630 1945, 8625 1940, 8620 1935, 8615 1930, 8610 1925, 8605 1920, 8600 1915, 8595 1910, 8590 1915, 8585 1920, 8575 1920, 8570 1925, 8565 1930, 8560 1925, 8555 1920, 8550 1925, 8545 1930, 8535 1930, 8530 1935, 8525 1940, 8520 1945, 8515 1950, 8510 1955, 8505 1960, 8500 1965, 8495 1970, 8490 1975, 8485 1980, 8480 1975, 8475 1970, 8470 1965, 8465 1960, 8460 1955, 8455 1950, 8450 1955, 8445 1960, 8440 1955, 8435 1950, 8430 1945, 8425 1940, 8420 1945, 8415 1950, 8410 1945, 8405 1940, 8400 1935, 8400 1925, 8400 1915, 8400 1905, 8405 1900, 8410 1895, 8415 1890, 8420 1885, 8425 1880, 8430 1885, 8435 1890, 8445 1890, 8455 1890, 8460 1895, 8465 1900, 8475 1900, 8485 1900, 8490 1895, 8495 1890, 8500 1885, 8505 1880, 8515 1880, 8520 1875, 8525 1870, 8535 1870, 8545 1870, 8555 1870, 8560 1865, 8565 1860, 8575 1860, 8585 1860, 8590 1855, 8595 1850, 8600 1845, 8600 1835, 8605 1830, 8610 1825, 8610 1815, 8615 1810, 8620 1805, 8620 1795, 8615 1790, 8610 1785, 8610 1775, 8605 1770, 8600 1765, 8600 1755, 8600 1745, 8595 1740, 8590 1735, 8590 1725, 8590 1715, 8590 1705, 8590 1695, 8590 1685, 8590 1675, 8590 1665, 8590 1655, 8595 1650, 8600 1645, 8605 1640, 8610 1635, 8605 1630, 8595 1630, 8590 1625, 8585 1620, 8575 1620, 8570 1615, 8565 1610, 8555 1610, 8545 1610, 8540 1615, 8540 1625, 8535 1630, 8530 1635, 8525 1640, 8520 1645, 8515 1650, 8510 1655, 8505 1660, 8500 1665, 8495 1670, 8490 1675, 8485 1680, 8480 1685, 8475 1690, 8470 1695, 8465 1700, 8460 1705, 8455 1710, 8450 1715, 8445 1720, 8440 1725, 8435 1730, 8430 1725, 8425 1720, 8420 1715, 8415 1710, 8405 1710, 8395 1710, 8390 1705, 8390 1695, 8395 1690, 8400 1685, 8405 1680, 8410 1675, 8415 1670, 8420 1665, 8425 1660, 8430 1655, 8435 1650, 8440 1645, 8445 1640, 8450 1635, 8455 1630, 8460 1625, 8465 1620, 8470 1615, 8475 1610, 8480 1605, 8485 1600, 8490 1595, 8490 1585, 8490 1575, 8495 1570, 8500 1565, 8505 1560, 8510 1555, 8515 1550, 8525 1550, 8530 1555, 8535 1560, 8540 1555, 8545 1550, 8555 1550, 8565 1550, 8575 1550, 8580 1555, 8585 1560, 8595 1560, 8600 1565, 8605 1570, 8615 1570, 8620 1575, 8625 1580, 8635 1580, 8640 1585, 8645 1590, 8650 1595, 8655 1600, 8660 1605, 8665 1610, 8670 1615, 8670 1625, 8675 1630, 8680 1635, 8675 1640, 8670 1645, 8670 1655, 8665 1660, 8660 1665, 8655 1670, 8650 1675, 8645 1680, 8640 1685, 8640 1695, 8640 1705, 8645 1710, 8650 1715, 8650 1725, 8650 1735, 8655 1740, 8660 1745, 8660 1755, 8665 1760, 8670 1765, 8675 1770, 8680 1775, 8675 1780, 8670 1785, 8670 1795, 8670 1805, 8670 1815, 8670 1825, 8670 1835, 8665 1840, 8660 1845, 8660 1855, 8655 1860, 8650 1865, 8650 1875, 8645 1880, 8640 1885, 8645 1890, 8650 1895, 8650 1905, 8655 1910, 8660 1915, 8665 1920, 8670 1925, 8675 1930, 8680 1935, 8685 1940, 8690 1945, 8695 1950, 8700 1955, 8695 1960, 8690 1965, 8690 1975, 8690 1985, 8685 1990, 8680 1995, 8675 2000, 8670 2005, 8665 2010))"
lesion,4,P3_1_C,,187350.0,1,6027.941019482252,1973.7194199804287,"POLYGON ((5905 2400, 5895 2400, 5890 2395, 5885 2390, 5880 2385, 5875 2380, 5870 2375, 5865 2370, 5860 2365, 5855 2360, 5845 2360, 5840 2365, 5835 2370, 5830 2375, 5825 2380, 5815 2380, 5805 2380, 5795 2380, 5790 2375, 5785 2370, 5775 2370, 5765 2370, 5755 2370, 5745 2370, 5735 2370, 5725 2370, 5720 2365, 5715 2360, 5710 2355, 5705 2350, 5700 2345, 5705 2340, 5715 2340, 5725 2340, 5735 2340, 5740 2335, 5745 2330, 5750 2325, 5745 2320, 5740 2315, 5735 2310, 5725 2310, 5715 2310, 5710 2315, 5705 2320, 5700 2315, 5700 2305, 5700 2295, 5705 2290, 5710 2285, 5710 2275, 5715 2270, 5720 2265, 5720 2255, 5720 2245, 5720 2235, 5720 2225, 5720 2215, 5720 2205, 5725 2200, 5730 2195, 5730 2185, 5730 2175, 5730 2165, 5735 2160, 5740 2155, 5740 2145, 5740 2135, 5745 2130, 5750 2125, 5750 2115, 5750 2105, 5755 2100, 5760 2095, 5760 2085, 5760 2075, 5765 2070, 5770 2065, 5770 2055, 5775 2050, 5780 2045, 5780 2035, 5780 2025, 5785 2020, 5790 2015, 5790 2005, 5795 2000, 5800 1995, 5800 1985, 5800 1975, 5805 1970, 5810 1965, 5815 1960, 5820 1955, 5825 1950, 5830 1945, 5835 1940, 5840 1935, 5845 1930, 5850 1925, 5855 1920, 5860 1915, 5865 1910, 5875 1910, 5885 1910, 5890 1905, 5895 1900, 5900 1895, 5905 1890, 5910 1885, 5915 1880, 5925 1880, 5935 1880, 5945 1880, 5950 1885, 5955 1890, 5960 1885, 5965 1880, 5970 1875, 5975 1870, 5980 1865, 5985 1860, 5990 1855, 5995 1850, 6000 1845, 6005 1840, 6010 1835, 6010 1825, 6015 1820, 6025 1820, 6035 1820, 6040 1815, 6045 1810, 6050 1805, 6045 1800, 6040 1795, 6035 1790, 6030 1785, 6025 1780, 6015 1780, 6010 1775, 6015 1770, 6020 1765, 6025 1760, 6030 1755, 6035 1750, 6040 1745, 6045 1740, 6055 1740, 6060 1735, 6065 1730, 6075 1730, 6080 1725, 6085 1720, 6095 1720, 6105 1720, 6115 1720, 6125 1720, 6135 1720, 6145 1720, 6155 1720, 6165 1720, 6175 1720, 6180 1715, 6185 1710, 6190 1715, 6195 1720, 6200 1715, 6205 1710, 6210 1705, 6215 1700, 6220 1695, 6220 1685, 6220 1675, 6220 1665, 6225 1660, 6230 1655, 6235 1650, 6240 1645, 6245 1640, 6255 1640, 6260 1645, 6265 1650, 6275 1650, 6285 1650, 6295 1650, 6305 1650, 6310 1645, 6315 1640, 6320 1635, 6325 1630, 6335 1630, 6340 1625, 6345 1620, 6350 1625, 6350 1635, 6355 1640, 6360 1645, 6365 1650, 6370 1645, 6375 1640, 6385 1640, 6390 1635, 6395 1630, 6400 1625, 6400 1615, 6405 1610, 6415 1610, 6425 1610, 6435 1610, 6440 1605, 6440 1595, 6445 1590, 6455 1590, 6465 1590, 6475 1590, 6485 1590, 6495 1590, 6505 1590, 6510 1595, 6515 1600, 6525 1600, 6535 1600, 6540 1605, 6535 1610, 6530 1615, 6525 1620, 6520 1625, 6525 1630, 6530 1635, 6535 1640, 6540 1645, 6540 1655, 6540 1665, 6535 1670, 6530 1675, 6535 1680, 6540 1685, 6535 1690, 6530 1695, 6535 1700, 6540 1705, 6535 1710, 6530 1715, 6525 1720, 6520 1725, 6515 1730, 6510 1725, 6505 1720, 6495 1720, 6490 1725, 6485 1730, 6475 1730, 6470 1735, 6465 1740, 6455 1740, 6445 1740, 6435 1740, 6425 1740, 6415 1740, 6405 1740, 6395 1740, 6385 1740, 6375 1740, 6370 1735, 6365 1730, 6360 1735, 6355 1740, 6345 1740, 6335 1740, 6325 1740, 6315 1740, 6310 1745, 6305 1750, 6295 1750, 6285 1750, 6280 1745, 6275 1740, 6270 1745, 6265 1750, 6260 1755, 6255 1760, 6250 1765, 6255 1770, 6260 1775, 6255 1780, 6250 1785, 6250 1795, 6250 1805, 6245 1810, 6240 1815, 6235 1820, 6230 1825, 6225 1830, 6215 1830, 6205 1830, 6195 1830, 6185 1830, 6175 1830, 6170 1835, 6165 1840, 6160 1845, 6155 1850, 6150 1855, 6155 1860, 6160 1865, 6160 1875, 6160 1885, 6155 1890, 6150 1895, 6150 1905, 6145 1910, 6140 1915, 6140 1925, 6135 1930, 6130 1935, 6130 1945, 6125 1950, 6120 1955, 6120 1965, 6120 1975, 6115 1980, 6110 1985, 6105 1990, 6100 1995, 6095 2000, 6090 2005, 6085 2010, 6080 2015, 6075 2020, 6070 2025, 6065 2030, 6060 2035, 6055 2040, 6045 2040, 6040 2045, 6035 2050, 6030 2055, 6025 2060, 6020 2065, 6015 2070, 6010 2075, 6005 2080, 6000 2085, 5995 2090, 5990 2095, 5995 2100, 6000 2105, 5995 2110, 5990 2115, 5985 2120, 5980 2125, 5975 2130, 5970 2135, 5965 2140, 5960 2145, 5960 2155, 5955 2160, 5950 2165, 5945 2170, 5940 2175, 5940 2185, 5940 2195, 5940 2205, 5935 2210, 5930 2215, 5930 2225, 5925 2230, 5920 2235, 5915 2240, 5910 2245, 5910 2255, 5915 2260, 5920 2265, 5920 2275, 5920 2285, 5925 2290, 5930 2295, 5930 2305, 5930 2315, 5930 2325, 5925 2330, 5920 2335, 5915 2340, 5910 2345, 5915 2350, 5920 2355, 5925 2360, 5930 2365, 5930 2375, 5925 2380, 5920 2385, 5915 2390, 5910 2395, 5905 2400))"
core,4,P3_1_C,,69100.0,2,5977.873854317414,1999.387361312108,"MULTIPOLYGON (((6450 1685, 6455 1680, 6465 1680, 6470 1675, 6475 1670, 6480 1665, 6480 1655, 6475 1650, 6470 1645, 6470 1635, 6470 1625, 6465 1620, 6455 1620, 6450 1625, 6445 1630, 6435 1630, 6425 1630, 6415 1630, 6405 1630, 6400 1635, 6395 1640, 6385 1640, 6375 1640, 6370 1645, 6365 1650, 6360 1645, 6355 1640, 6350 1645, 6345 1650, 6340 1655, 6335 1660, 6330 1665, 6325 1670, 6320 1675, 6315 1680, 6310 1685, 6315 1690, 6325 1690, 6335 1690, 6340 1685, 6345 1680, 6355 1680, 6365 1680, 6375 1680, 6385 1680, 6390 1685, 6395 1690, 6405 1690, 6415 1690, 6425 1690, 6435 1690, 6445 1690, 6450 1685)), ((5820 2315, 5825 2310, 5835 2310, 5845 2310, 5855 2310, 5865 2310, 5870 2305, 5870 2295, 5870 2285, 5865 2280, 5860 2275, 5860 2265, 5860 2255, 5860 2245, 5860 2235, 5860 2225, 5865 2220, 5870 2215, 5870 2205, 5875 2200, 5880 2195, 5885 2190, 5890 2185, 5890 2175, 5890 2165, 5890 2155, 5895 2150, 5900 2145, 5900 2135, 5905 2130, 5910 2125, 5915 2120, 5920 2115, 5920 2105, 5925 2100, 5930 2095, 5935 2090, 5940 2085, 5940 2075, 5945 2070, 5950 2065, 5950 2055, 5955 2050, 5960 2045, 5965 2040, 5970 2035, 5975 2030, 5980 2025, 5985 2020, 5990 2015, 5995 2010, 6000 2005, 6005 2000, 6015 2000, 6020 1995, 6025 1990, 6030 1985, 6035 1980, 6040 1975, 6045 1970, 6050 1965, 6055 1960, 6060 1955, 6065 1950, 6070 1945, 6070 1935, 6075 1930, 6080 1925, 6080 1915, 6085 1910, 6090 1905, 6090 1895, 6095 1890, 6100 1885, 6100 1875, 6100 1865, 6100 1855, 6100 1845, 6100 1835, 6105 1830, 6110 1825, 6110 1815, 6115 1810, 6120 1805, 6125 1800, 6130 1795, 6135 1790, 6145 1790, 6150 1785, 6155 1780, 6165 1780, 6175 1780, 6185 1780, 6195 1780, 6200 1775, 6195 1770, 6185 1770, 6175 1770, 6165 1770, 6155 1770, 6145 1770, 6135 1770, 6125 1770, 6115 1770, 6105 1770, 6100 1775, 6095 1780, 6085 1780, 6080 1785, 6075 1790, 6070 1795, 6065 1800, 6055 1800, 6050 1805, 6045 1810, 6040 1815, 6035 1820, 6030 1825, 6025 1830, 6020 1835, 6015 1840, 6010 1845, 6005 1850, 6000 1855, 5995 1860, 5990 1865, 5990 1875, 5985 1880, 5980 1885, 5975 1890, 5970 1895, 5965 1900, 5955 1900, 5950 1905, 5945 1910, 5935 1910, 5930 1915, 5925 1920, 5920 1925, 5915 1930, 5910 1935, 5910 1945, 5905 1950, 5900 1955, 5895 1960, 5890 1965, 5885 1970, 5880 1975, 5875 1980, 5870 1985, 5865 1990, 5860 1995, 5855 2000, 5850 2005, 5850 2015, 5845 2020, 5840 2025, 5840 2035, 5835 2040, 5830 2045, 5830 2055, 5830 2065, 5825 2070, 5820 2075, 5820 2085, 5815 2090, 5810 2095, 5810 2105, 5810 2115, 5805 2120, 5800 2125, 5800 2135, 5800 2145, 5795 2150, 5790 2155, 5790 2165, 5790 2175, 5785 2180, 5780 2185, 5780 2195, 5780 2205, 5780 2215, 5775 2220, 5770 2225, 5770 2235, 5770 2245, 5770 2255, 5770 2265, 5770 2275, 5770 2285, 5765 2290, 5760 2295, 5760 2305, 5755 2310, 5750 2315, 5755 2320, 5765 2320, 5775 2320, 5785 2320, 5795 2320, 5805 2320, 5815 2320, 5820 2315)))"
rim,4,P3_1_C,,117750.0,3,6057.035031847134,1959.2728237791932,"MULTIPOLYGON (((6020 1835, 6025 1830, 6030 1825, 6025 1820, 6015 1820, 6010 1825, 6010 1835, 6015 1840, 6020 1835)), ((5915 2390, 5920 2385, 5925 2380, 5930 2375, 5930 2365, 5925 2360, 5920 2355, 5915 2350, 5910 2345, 5915 2340, 5920 2335, 5925 2330, 5930 2325, 5930 2315, 5930 2305, 5930 2295, 5925 2290, 5920 2285, 5920 2275, 5920 2265, 5915 2260, 5910 2255, 5910 2245, 5915 2240, 5920 2235, 5925 2230, 5930 2225, 5930 2215, 5935 2210, 5940 2205, 5940 2195, 5940 2185, 5940 2175, 5945 2170, 5950 2165, 5955 2160, 5960 2155, 5960 2145, 5965 2140, 5970 2135, 5975 2130, 5980 2125, 5985 2120, 5990 2115, 5995 2110, 6000 2105, 5995 2100, 5990 2095, 5995 2090, 6000 2085, 6005 2080, 6010 2075, 6015 2070, 6020 2065, 6025 2060, 6030 2055, 6035 2050, 6040 2045, 6045 2040, 6055 2040, 6060 2035, 6065 2030, 6070 2025, 6075 2020, 6080 2015, 6085 2010, 6090 2005, 6095 2000, 6100 1995, 6105 1990, 6110 1985, 6115 1980, 6120 1975, 6120 1965, 6120 1955, 6125 1950, 6130 1945, 6130 1935, 6135 1930, 6140 1925, 6140 1915, 6145 1910, 6150 1905, 6150 1895, 6155 1890, 6160 1885, 6160 1875, 6160 1865, 6155 1860, 6150 1855, 6155 1850, 6160 1845, 6165 1840, 6170 1835, 6175 1830, 6185 1830, 6195 1830, 6205 1830, 6215 1830, 6225 1830, 6230 1825, 6235 1820, 6240 1815, 6245 1810, 6250 1805, 6250 1795, 6250 1785, 6255 1780, 6260 1775, 6255 1770, 6250 1765, 6255 1760, 6260 1755, 6265 1750, 6270 1745, 6275 1740, 6280 1745, 6285 1750, 6295 1750, 6305 1750, 6310 1745, 6315 1740, 6325 1740, 6335 1740, 6345 1740, 6355 1740, 6360 1735, 6365 1730, 6370 1735, 6375 1740, 6385 1740, 6395 1740, 6405 1740, 6415 1740, 6425 1740, 6435 1740, 6445 1740, 6455 1740, 6465 1740, 6470 1735, 6475 1730, 6485 1730, 6490 1725, 6495 1720, 6505 1720, 6510 1725, 6515 1730, 6520 1725, 6525 1720, 6530 1715, 6535 1710, 6540 1705, 6535 1700, 6530 1695, 6535 1690, 6540 1685, 6535 1680, 6530 1675, 6535 1670, 6540 1665, 6540 1655, 6540 1645, 6535 1640, 6530 1635, 6525 1630, 6520 1625, 6525 1620, 6530 1615, 6535 1610, 6540 1605, 6535 1600, 6525 1600, 6515 1600, 6510 1595, 6505 1590, 6495 1590, 6485 1590, 6475 1590, 6465 1590, 6455 1590, 6445 1590, 6440 1595, 6440 1605, 6435 1610, 6425 1610, 6415 1610, 6405 1610, 6400 1615, 6400 1625, 6405 1630, 6415 1630, 6425 1630, 6435 1630, 6445 1630, 6450 1625, 6455 1620, 6465 1620, 6470 1625, 6470 1635, 6470 1645, 6475 1650, 6480 1655, 6480 1665, 6475 1670, 6470 1675, 6465 1680, 6455 1680, 6450 1685, 6445 1690, 6435 1690, 6425 1690, 6415 1690, 6405 1690, 6395 1690, 6390 1685, 6385 1680, 6375 1680, 6365 1680, 6355 1680, 6345 1680, 6340 1685, 6335 1690, 6325 1690, 6315 1690, 6310 1685, 6315 1680, 6320 1675, 6325 1670, 6330 1665, 6335 1660, 6340 1655, 6345 1650, 6350 1645, 6350 1635, 6350 1625, 6345 1620, 6340 1625, 6335 1630, 6325 1630, 6320 1635, 6315 1640, 6310 1645, 6305 1650, 6295 1650, 6285 1650, 6275 1650, 6265 1650, 6260 1645, 6255 1640, 6245 1640, 6240 1645, 6235 1650, 6230 1655, 6225 1660, 6220 1665, 6220 1675, 6220 1685, 6220 1695, 6215 1700, 6210 1705, 6205 1710, 6200 1715, 6195 1720, 6190 1715, 6185 1710, 6180 1715, 6175 1720, 6165 1720, 6155 1720, 6145 1720, 6135 1720, 6125 1720, 6115 1720, 6105 1720, 6095 1720, 6085 1720, 6080 1725, 6075 1730, 6065 1730, 6060 1735, 6055 1740, 6045 1740, 6040 1745, 6035 1750, 6030 1755, 6025 1760, 6020 1765, 6015 1770, 6010 1775, 6015 1780, 6025 1780, 6030 1785, 6035 1790, 6040 1795, 6045 1800, 6055 1800, 6065 1800, 6070 1795, 6075 1790, 6080 1785, 6085 1780, 6095 1780, 6100 1775, 6105 1770, 6115 1770, 6125 1770, 6135 1770, 6145 1770, 6155 1770, 6165 1770, 6175 1770, 6185 1770, 6195 1770, 6200 1775, 6195 1780, 6185 1780, 6175 1780, 6165 1780, 6155 1780, 6150 1785, 6145 1790, 6135 1790, 6130 1795, 6125 1800, 6120 1805, 6115 1810, 6110 1815, 6110 1825, 6105 1830, 6100 1835, 6100 1845, 6100 1855, 6100 1865, 6100 1875, 6100 1885, 6095 1890, 6090 1895, 6090 1905, 6085 1910, 6080 1915, 6080 1925, 6075 1930, 6070 1935, 6070 1945, 6065 1950, 6060 1955, 6055 1960, 6050 1965, 6045 1970, 6040 1975, 6035 1980, 6030 1985, 6025 1990, 6020 1995, 6015 2000, 6005 2000, 6000 2005, 5995 2010, 5990 2015, 5985 2020, 5980 2025, 5975 2030, 5970 2035, 5965 2040, 5960 2045, 5955 2050, 5950 2055, 5950 2065, 5945 2070, 5940 2075, 5940 2085, 5935 2090, 5930 2095, 5925 2100, 5920 2105, 5920 2115, 5915 2120, 5910 2125, 5905 2130, 5900 2135, 5900 2145, 5895 2150, 5890 2155, 5890 2165, 5890 2175, 5890 2185, 5885 2190, 5880 2195, 5875 2200, 5870 2205, 5870 2215, 5865 2220, 5860 2225, 5860 2235, 5860 2245, 5860 2255, 5860 2265, 5860 2275, 5865 2280, 5870 2285, 5870 2295, 5870 2305, 5865 2310, 5855 2310, 5845 2310, 5835 2310, 5825 2310, 5820 2315, 5815 2320, 5805 2320, 5795 2320, 5785 2320, 5775 2320, 5765 2320, 5755 2320, 5750 2325, 5745 2330, 5740 2335, 5735 2340, 5725 2340, 5715 2340, 5705 2340, 5700 2345, 5705 2350, 5710 2355, 5715 2360, 5720 2365, 5725 2370, 5735 2370, 5745 2370, 5755 2370, 5765 2370, 5775 2370, 5785 2370, 5790 2375, 5795 2380, 5805 2380, 5815 2380, 5825 2380, 5830 2375, 5835 2370, 5840 2365, 5845 2360, 5855 2360, 5860 2365, 5865 2370, 5870 2375, 5875 2380, 5880 2385, 5885 2390, 5890 2395, 5895 2400, 5905 2400, 5910 2395, 5915 2390)), ((5755 2310, 5760 2305, 5760 2295, 5765 2290, 5770 2285, 5770 2275, 5770 2265, 5770 2255, 5770 2245, 5770 2235, 5770 2225, 5775 2220, 5780 2215, 5780 2205, 5780 2195, 5780 2185, 5785 2180, 5790 2175, 5790 2165, 5790 2155, 5795 2150, 5800 2145, 5800 2135, 5800 2125, 5805 2120, 5810 2115, 5810 2105, 5810 2095, 5815 2090, 5820 2085, 5820 2075, 5825 2070, 5830 2065, 5830 2055, 5830 2045, 5835 2040, 5840 2035, 5840 2025, 5845 2020, 5850 2015, 5850 2005, 5855 2000, 5860 1995, 5865 1990, 5870 1985, 5875 1980, 5880 1975, 5885 1970, 5890 1965, 5895 1960, 5900 1955, 5905 1950, 5910 1945, 5910 1935, 5915 1930, 5920 1925, 5925 1920, 5930 1915, 5935 1910, 5945 1910, 5950 1905, 5955 1900, 5965 1900, 5970 1895, 5975 1890, 5980 1885, 5985 1880, 5990 1875, 5990 1865, 5985 1860, 5980 1865, 5975 1870, 5970 1875, 5965 1880, 5960 1885, 5955 1890, 5950 1885, 5945 1880, 5935 1880, 5925 1880, 5915 1880, 5910 1885, 5905 1890, 5900 1895, 5895 1900, 5890 1905, 5885 1910, 5875 1910, 5865 1910, 5860 1915, 5855 1920, 5850 1925, 5845 1930, 5840 1935, 5835 1940, 5830 1945, 5825 1950, 5820 1955, 5815 1960, 5810 1965, 5805 1970, 5800 1975, 5800 1985, 5800 1995, 5795 2000, 5790 2005, 5790 2015, 5785 2020, 5780 2025, 5780 2035, 5780 2045, 5775 2050, 5770 2055, 5770 2065, 5765 2070, 5760 2075, 5760 2085, 5760 2095, 5755 2100, 5750 2105, 5750 2115, 5750 2125, 5745 2130, 5740 2135, 5740 2145, 5740 2155, 5735 2160, 5730 2165, 5730 2175, 5730 2185, 5730 2195, 5725 2200, 5720 2205, 5720 2215, 5720 2225, 5720 2235, 5720 2245, 5720 2255, 5720 2265, 5715 2270, 5710 2275, 5710 2285, 5705 2290, 5700 2295, 5700 2305, 5700 2315, 5705 2320, 5710 2315, 5715 2310, 5725 2310, 5735 2310, 5740 2315, 5745 2320, 5750 2315, 5755 2310)))"
lesion,5,P3_1_C,,142250.0,1,7076.697422378442,1956.0225541886348,"POLYGON ((7405 2410, 7400 2405, 7395 2400, 7385 2400, 7380 2395, 7375 2390, 7365 2390, 7355 2390, 7345 2390, 7340 2385, 7335 2380, 7325 2380, 7320 2375, 7315 2370, 7310 2365, 7305 2360, 7295 2360, 7290 2355, 7285 2350, 7280 2345, 7275 2340, 7270 2335, 7265 2330, 7260 2325, 7260 2315, 7255 2310, 7250 2305, 7245 2300, 7240 2295, 7235 2290, 7230 2285, 7225 2280, 7220 2275, 7215 2270, 7210 2265, 7210 2255, 7210 2245, 7215 2240, 7220 2235, 7225 2230, 7230 2225, 7230 2215, 7235 2210, 7240 2205, 7235 2200, 7230 2195, 7230 2185, 7225 2180, 7220 2175, 7220 2165, 7220 2155, 7220 2145, 7215 2140, 7210 2135, 7205 2130, 7200 2125, 7195 2120, 7190 2115, 7185 2110, 7180 2105, 7175 2100, 7165 2100, 7160 2095, 7155 2090, 7145 2090, 7140 2085, 7135 2080, 7130 2075, 7125 2070, 7120 2065, 7115 2060, 7110 2055, 7110 2045, 7115 2040, 7120 2035, 7115 2030, 7110 2025, 7105 2020, 7100 2015, 7095 2010, 7090 2005, 7085 2000, 7080 1995, 7075 1990, 7070 1985, 7065 1980, 7060 1975, 7055 1970, 7050 1965, 7045 1960, 7040 1955, 7035 1950, 7030 1945, 7025 1940, 7020 1935, 7015 1930, 7010 1935, 7005 1940, 6995 1940, 6990 1935, 6985 1930, 6975 1930, 6970 1925, 6965 1920, 6955 1920, 6950 1915, 6945 1910, 6940 1905, 6935 1900, 6930 1895, 6925 1890, 6920 1885, 6920 1875, 6915 1870, 6910 1865, 6910 1855, 6905 1850, 6900 1845, 6900 1835, 6895 1830, 6890 1825, 6885 1820, 6880 1815, 6875 1810, 6870 1805, 6865 1800, 6855 1800, 6845 1800, 6835 1800, 6825 1800, 6820 1795, 6815 1790, 6805 1790, 6800 1785, 6795 1780, 6785 1780, 6775 1780, 6765 1780, 6755 1780, 6745 1780, 6740 1775, 6735 1770, 6730 1765, 6725 1760, 6720 1755, 6715 1750, 6710 1745, 6710 1735, 6705 1730, 6700 1725, 6700 1715, 6695 1710, 6690 1705, 6690 1695, 6685 1690, 6680 1685, 6680 1675, 6675 1670, 6670 1665, 6675 1660, 6680 1655, 6675 1650, 6670 1645, 6670 1635, 6670 1625, 6670 1615, 6675 1610, 6685 1610, 6695 1610, 6700 1615, 6705 1620, 6715 1620, 6720 1625, 6720 1635, 6720 1645, 6725 1650, 6735 1650, 6745 1650, 6755 1650, 6765 1650, 6775 1650, 6780 1645, 6775 1640, 6770 1635, 6770 1625, 6775 1620, 6780 1615, 6785 1610, 6790 1615, 6795 1620, 6805 1620, 6810 1625, 6815 1630, 6820 1635, 6825 1640, 6835 1640, 6840 1645, 6845 1650, 6855 1650, 6860 1655, 6865 1660, 6875 1660, 6885 1660, 6895 1660, 6900 1665, 6905 1670, 6915 1670, 6925 1670, 6930 1665, 6935 1660, 6940 1665, 6945 1670, 6955 1670, 6960 1675, 6965 1680, 6970 1685, 6975 1690, 6980 1695, 6985 1700, 6995 1700, 7000 1705, 7005 1710, 7010 1715, 7015 1720, 7020 1725, 7025 1730, 7030 1735, 7035 1740, 7040 1745, 7045 1750, 7050 1755, 7050 1765, 7050 1775, 7055 1780, 7060 1785, 7065 1790, 7070 1795, 7070 1805, 7075 1810, 7080 1815, 7085 1820, 7090 1825, 7095 1830, 7100 1835, 7105 1840, 7110 1845, 7115 1850, 7125 1850, 7130 1855, 7135 1860, 7140 1865, 7140 1875, 7145 1880, 7155 1880, 7165 1880, 7170 1885, 7175 1890, 7185 1890, 7190 1895, 7195 1900, 7200 1905, 7200 1915, 7205 1920, 7210 1925, 7210 1935, 7215 1940, 7220 1945, 7220 1955, 7225 1960, 7230 1965, 7225 1970, 7220 1975, 7220 1985, 7225 1990, 7230 1995, 7235 2000, 7240 2005, 7235 2010, 7230 2015, 7225 2020, 7220 2025, 7225 2030, 7230 2035, 7230 2045, 7235 2050, 7240 2055, 7240 2065, 7245 2070, 7255 2070, 7260 2075, 7265 2080, 7270 2085, 7275 2090, 7280 2095, 7280 2105, 7285 2110, 7290 2115, 7295 2120, 7300 2125, 7300 2135, 7305 2140, 7315 2140, 7325 2140, 7335 2140, 7340 2145, 7340 2155, 7340 2165, 7345 2170, 7350 2175, 7355 2180, 7360 2185, 7365 2190, 7370 2195, 7370 2205, 7370 2215, 7375 2220, 7380 2225, 7380 2235, 7380 2245, 7385 2250, 7390 2255, 7395 2260, 7400 2265, 7400 2275, 7405 2280, 7410 2285, 7415 2290, 7420 2295, 7420 2305, 7420 2315, 7420 2325, 7425 2330, 7430 2335, 7430 2345, 7430 2355, 7435 2360, 7440 2365, 7440 2375, 7435 2380, 7430 2385, 7425 2390, 7420 2395, 7415 2400, 7410 2405, 7405 2410))"
core,5,P3_1_C,,56350.0,1,7042.681159420289,1879.7648624667258,"POLYGON ((7365 2340, 7360 2335, 7355 2330, 7350 2325, 7345 2320, 7335 2320, 7330 2315, 7325 2310, 7320 2305, 7315 2300, 7310 2295, 7305 2290, 7300 2285, 7300 2275, 7295 2270, 7290 2265, 7285 2260, 7280 2255, 7280 2245, 7280 2235, 7285 2230, 7290 2225, 7290 2215, 7290 2205, 7290 2195, 7290 2185, 7285 2180, 7280 2175, 7280 2165, 7275 2160, 7270 2155, 7270 2145, 7270 2135, 7270 2125, 7265 2120, 7260 2115, 7260 2105, 7255 2100, 7250 2095, 7245 2090, 7240 2085, 7235 2080, 7230 2075, 7225 2070, 7220 2065, 7215 2060, 7205 2060, 7200 2055, 7195 2050, 7185 2050, 7180 2045, 7175 2040, 7170 2035, 7170 2025, 7170 2015, 7165 2010, 7160 2005, 7160 1995, 7155 1990, 7150 1985, 7145 1980, 7140 1975, 7135 1970, 7130 1965, 7125 1960, 7120 1955, 7115 1950, 7110 1945, 7105 1940, 7100 1935, 7095 1930, 7090 1925, 7085 1920, 7080 1915, 7075 1910, 7070 1905, 7065 1900, 7060 1895, 7055 1890, 7045 1890, 7040 1885, 7035 1880, 7025 1880, 7015 1880, 7005 1880, 6995 1880, 6990 1875, 6985 1870, 6980 1865, 6975 1860, 6970 1855, 6965 1850, 6960 1845, 6960 1835, 6955 1830, 6950 1825, 6950 1815, 6945 1810, 6940 1805, 6940 1795, 6935 1790, 6930 1785, 6925 1780, 6920 1775, 6915 1770, 6910 1765, 6905 1760, 6895 1760, 6890 1755, 6885 1750, 6875 1750, 6865 1750, 6855 1750, 6845 1750, 6840 1745, 6835 1740, 6825 1740, 6820 1735, 6815 1730, 6805 1730, 6795 1730, 6785 1730, 6775 1730, 6770 1725, 6765 1720, 6760 1715, 6755 1710, 6750 1705, 6750 1695, 6745 1690, 6740 1685, 6740 1675, 6735 1670, 6730 1665, 6730 1655, 6735 1650, 6745 1650, 6755 1650, 6765 1650, 6775 1650, 6780 1645, 6780 1635, 6785 1630, 6795 1630, 6805 1630, 6815 1630, 6820 1635, 6825 1640, 6835 1640, 6840 1645, 6845 1650, 6855 1650, 6860 1655, 6865 1660, 6870 1665, 6875 1670, 6885 1670, 6890 1675, 6895 1680, 6905 1680, 6910 1685, 6915 1690, 6925 1690, 6930 1695, 6935 1700, 6940 1705, 6945 1710, 6950 1715, 6955 1720, 6965 1720, 6970 1725, 6975 1730, 6980 1735, 6985 1740, 6990 1745, 6995 1750, 7000 1755, 7005 1760, 7015 1760, 7020 1765, 7025 1770, 7030 1775, 7035 1780, 7040 1785, 7045 1790, 7050 1795, 7055 1800, 7065 1800, 7070 1805, 7075 1810, 7080 1815, 7085 1820, 7090 1825, 7095 1830, 7100 1835, 7100 1845, 7105 1850, 7110 1855, 7115 1860, 7120 1865, 7120 1875, 7125 1880, 7130 1885, 7135 1890, 7140 1895, 7145 1900, 7150 1905, 7155 1910, 7160 1915, 7165 1920, 7170 1925, 7175 1930, 7180 1935, 7180 1945, 7185 1950, 7190 1955, 7195 1960, 7200 1965, 7205 1970, 7215 1970, 7220 1975, 7220 1985, 7225 1990, 7230 1995, 7235 2000, 7240 2005, 7235 2010, 7230 2015, 7225 2020, 7220 2025, 7225 2030, 7230 2035, 7230 2045, 7235 2050, 7240 2055, 7240 2065, 7245 2070, 7255 2070, 7260 2075, 7265 2080, 7270 2085, 7275 2090, 7280 2095, 7280 2105, 7285 2110, 7290 2115, 7295 2120, 7300 2125, 7300 2135, 7305 2140, 7315 2140, 7320 2145, 7320 2155, 7320 2165, 7325 2170, 7330 2175, 7330 2185, 7325 2190, 7320 2195, 7320 2205, 7320 2215, 7320 2225, 7320 2235, 7325 2240, 7330 2245, 7330 2255, 7330 2265, 7335 2270, 7340 2275, 7340 2285, 7345 2290, 7350 2295, 7355 2300, 7360 2305, 7365 2310, 7370 2315, 7370 2325, 7370 2335, 7365 2340))"
rim,5,P3_1_C,,85600.0,4,7099.263045171339,2006.7328660436137,"MULTIPOLYGON (((6785 1630, 6795 1630, 6805 1630, 6810 1625, 6805 1620, 6795 1620, 6790 1615, 6785 1610, 6780 1615, 6775 1620, 6770 1625, 6770 1635, 6775 1640, 6780 1635, 6785 1630)), ((7065 1790, 7060 1785, 7055 1780, 7050 1775, 7050 1765, 7050 1755, 7045 1750, 7040 1745, 7035 1740, 7030 1735, 7025 1730, 7020 1725, 7015 1720, 7010 1715, 7005 1710, 7000 1705, 6995 1700, 6985 1700, 6980 1695, 6975 1690, 6970 1685, 6965 1680, 6960 1675, 6955 1670, 6945 1670, 6940 1665, 6935 1660, 6930 1665, 6925 1670, 6915 1670, 6905 1670, 6900 1665, 6895 1660, 6885 1660, 6875 1660, 6870 1665, 6875 1670, 6885 1670, 6890 1675, 6895 1680, 6905 1680, 6910 1685, 6915 1690, 6925 1690, 6930 1695, 6935 1700, 6940 1705, 6945 1710, 6950 1715, 6955 1720, 6965 1720, 6970 1725, 6975 1730, 6980 1735, 6985 1740, 6990 1745, 6995 1750, 7000 1755, 7005 1760, 7015 1760, 7020 1765, 7025 1770, 7030 1775, 7035 1780, 7040 1785, 7045 1790, 7050 1795, 7055 1800, 7065 1800, 7070 1795, 7065 1790)), ((7225 1960, 7220 1955, 7220 1945, 7215 1940, 7210 1935, 7210 1925, 7205 1920, 7200 1915, 7200 1905, 7195 1900, 7190 1895, 7185 1890, 7175 1890, 7170 1885, 7165 1880, 7155 1880, 7145 1880, 7140 1875, 7140 1865, 7135 1860, 7130 1855, 7125 1850, 7115 1850, 7110 1855, 7115 1860, 7120 1865, 7120 1875, 7125 1880, 7130 1885, 7135 1890, 7140 1895, 7145 1900, 7150 1905, 7155 1910, 7160 1915, 7165 1920, 7170 1925, 7175 1930, 7180 1935, 7180 1945, 7185 1950, 7190 1955, 7195 1960, 7200 1965, 7205 1970, 7215 1970, 7225 1970, 7230 1965, 7225 1960)), ((7415 2400, 7420 2395, 7425 2390, 7430 2385, 7435 2380, 7440 2375, 7440 2365, 7435 2360, 7430 2355, 7430 2345, 7430 2335, 7425 2330, 7420 2325, 7420 2315, 7420 2305, 7420 2295, 7415 2290, 7410 2285, 7405 2280, 7400 2275, 7400 2265, 7395 2260, 7390 2255, 7385 2250, 7380 2245, 7380 2235, 7380 2225, 7375 2220, 7370 2215, 7370 2205, 7370 2195, 7365 2190, 7360 2185, 7355 2180, 7350 2175, 7345 2170, 7340 2165, 7340 2155, 7340 2145, 7335 2140, 7325 2140, 7320 2145, 7320 2155, 7320 2165, 7325 2170, 7330 2175, 7330 2185, 7325 2190, 7320 2195, 7320 2205, 7320 2215, 7320 2225, 7320 2235, 7325 2240, 7330 2245, 7330 2255, 7330 2265, 7335 2270, 7340 2275, 7340 2285, 7345 2290, 7350 2295, 7355 2300, 7360 2305, 7365 2310, 7370 2315, 7370 2325, 7370 2335, 7365 2340, 7360 2335, 7355 2330, 7350 2325, 7345 2320, 7335 2320, 7330 2315, 7325 2310, 7320 2305, 7315 2300, 7310 2295, 7305 2290, 7300 2285, 7300 2275, 7295 2270, 7290 2265, 7285 2260, 7280 2255, 7280 2245, 7280 2235, 7285 2230, 7290 2225, 7290 2215, 7290 2205, 7290 2195, 7290 2185, 7285 2180, 7280 2175, 7280 2165, 7275 2160, 7270 2155, 7270 2145, 7270 2135, 7270 2125, 7265 2120, 7260 2115, 7260 2105, 7255 2100, 7250 2095, 7245 2090, 7240 2085, 7235 2080, 7230 2075, 7225 2070, 7220 2065, 7215 2060, 7205 2060, 7200 2055, 7195 2050, 7185 2050, 7180 2045, 7175 2040, 7170 2035, 7170 2025, 7170 2015, 7165 2010, 7160 2005, 7160 1995, 7155 1990, 7150 1985, 7145 1980, 7140 1975, 7135 1970, 7130 1965, 7125 1960, 7120 1955, 7115 1950, 7110 1945, 7105 1940, 7100 1935, 7095 1930, 7090 1925, 7085 1920, 7080 1915, 7075 1910, 7070 1905, 7065 1900, 7060 1895, 7055 1890, 7045 1890, 7040 1885, 7035 1880, 7025 1880, 7015 1880, 7005 1880, 6995 1880, 6990 1875, 6985 1870, 6980 1865, 6975 1860, 6970 1855, 6965 1850, 6960 1845, 6960 1835, 6955 1830, 6950 1825, 6950 1815, 6945 1810, 6940 1805, 6940 1795, 6935 1790, 6930 1785, 6925 1780, 6920 1775, 6915 1770, 6910 1765, 6905 1760, 6895 1760, 6890 1755, 6885 1750, 6875 1750, 6865 1750, 6855 1750, 6845 1750, 6840 1745, 6835 1740, 6825 1740, 6820 1735, 6815 1730, 6805 1730, 6795 1730, 6785 1730, 6775 1730, 6770 1725, 6765 1720, 6760 1715, 6755 1710, 6750 1705, 6750 1695, 6745 1690, 6740 1685, 6740 1675, 6735 1670, 6730 1665, 6730 1655, 6725 1650, 6720 1645, 6720 1635, 6720 1625, 6715 1620, 6705 1620, 6700 1615, 6695 1610, 6685 1610, 6675 1610, 6670 1615, 6670 1625, 6670 1635, 6670 1645, 6675 1650, 6680 1655, 6675 1660, 6670 1665, 6675 1670, 6680 1675, 6680 1685, 6685 1690, 6690 1695, 6690 1705, 6695 1710, 6700 1715, 6700 1725, 6705 1730, 6710 1735, 6710 1745, 6715 1750, 6720 1755, 6725 1760, 6730 1765, 6735 1770, 6740 1775, 6745 1780, 6755 1780, 6765 1780, 6775 1780, 6785 1780, 6795 1780, 6800 1785, 6805 1790, 6815 1790, 6820 1795, 6825 1800, 6835 1800, 6845 1800, 6855 1800, 6865 1800, 6870 1805, 6875 1810, 6880 1815, 6885 1820, 6890 1825, 6895 1830, 6900 1835, 6900 1845, 6905 1850, 6910 1855, 6910 1865, 6915 1870, 6920 1875, 6920 1885, 6925 1890, 6930 1895, 6935 1900, 6940 1905, 6945 1910, 6950 1915, 6955 1920, 6965 1920, 6970 1925, 6975 1930, 6985 1930, 6990 1935, 6995 1940, 7005 1940, 7010 1935, 7015 1930, 7020 1935, 7025 1940, 7030 1945, 7035 1950, 7040 1955, 7045 1960, 7050 1965, 7055 1970, 7060 1975, 7065 1980, 7070 1985, 7075 1990, 7080 1995, 7085 2000, 7090 2005, 7095 2010, 7100 2015, 7105 2020, 7110 2025, 7115 2030, 7120 2035, 7115 2040, 7110 2045, 7110 2055, 7115 2060, 7120 2065, 7125 2070, 7130 2075, 7135 2080, 7140 2085, 7145 2090, 7155 2090, 7160 2095, 7165 2100, 7175 2100, 7180 2105, 7185 2110, 7190 2115, 7195 2120, 7200 2125, 7205 2130, 7210 2135, 7215 2140, 7220 2145, 7220 2155, 7220 2165, 7220 2175, 7225 2180, 7230 2185, 7230 2195, 7235 2200, 7240 2205, 7235 2210, 7230 2215, 7230 2225, 7225 2230, 7220 2235, 7215 2240, 7210 2245, 7210 2255, 7210 2265, 7215 2270, 7220 2275, 7225 2280, 7230 2285, 7235 2290, 7240 2295, 7245 2300, 7250 2305, 7255 2310, 7260 2315, 7260 2325, 7265 2330, 7270 2335, 7275 2340, 7280 2345, 7285 2350, 7290 2355, 7295 2360, 7305 2360, 7310 2365, 7315 2370, 7320 2375, 7325 2380, 7335 2380, 7340 2385, 7345 2390, 7355 2390, 7365 2390, 7375 2390, 7380 2395, 7385 2400, 7395 2400, 7400 2405, 7405 2410, 7410 2405, 7415 2400)))"
lesion,6,R1_2_T,,37250.0,1,9939.628635346757,2015.6442953020135,"POLYGON ((9965 2160, 9955 2160, 9950 2155, 9945 2150, 9940 2145, 9935 2140, 9930 2135, 9930 2125, 9925 2120, 9920 2115, 9915 2110, 9910 2105, 9910 2095, 9905 2090, 9900 2085, 9900 2075, 9895 2070, 9890 2065, 9890 2055, 9890 2045, 9890 2035, 9885 2030, 9880 2025, 9875 2020, 9870 2015, 9865 2010, 9860 2005, 9855 2000, 9850 1995, 9845 1990, 9840 1985, 9835 1980, 9830 1975, 9825 1970, 9820 1965, 9815 1960, 9810 1955, 9805 1950, 9800 1945, 9795 1940, 9790 1935, 9795 1930, 9800 1925, 9805 1920, 9810 1915, 9815 1910, 9820 1905, 9825 1900, 9830 1895, 9835 1890, 9845 1890, 9850 1895, 9855 1900, 9865 1900, 9875 1900, 9880 1895, 9885 1890, 9890 1895, 9895 1900, 9905 1900, 9915 1900, 9920 1905, 9925 1910, 9930 1915, 9935 1920, 9940 1925, 9945 1930, 9950 1935, 9955 1940, 9960 1945, 9965 1950, 9970 1955, 9975 1960, 9985 1960, 9995 1960, 10005 1960, 10010 1965, 10015 1970, 10020 1975, 10025 1980, 10035 1980, 10040 1985, 10040 1995, 10040 2005, 10045 2010, 10050 2015, 10050 2025, 10055 2030, 10060 2035, 10060 2045, 10060 2055, 10055 2060, 10050 2065, 10050 2075, 10050 2085, 10050 2095, 10045 2100, 10040 2105, 10035 2110, 10025 2110, 10020 2115, 10015 2120, 10010 2125, 10005 2130, 10000 2135, 9995 2140, 9990 2145, 9985 2150, 9975 2150, 9970 2155, 9965 2160))"
core,6,R1_2_T,,3250.0,1,9973.179487179486,2041.6410256410256,"POLYGON ((9975 2080, 9965 2080, 9960 2075, 9960 2065, 9955 2060, 9950 2055, 9950 2045, 9945 2040, 9940 2035, 9940 2025, 9940 2015, 9945 2010, 9955 2010, 9965 2010, 9975 2010, 9980 2015, 9985 2020, 9990 2025, 9995 2030, 10005 2030, 10010 2035, 10010 2045, 10010 2055, 10005 2060, 9995 2060, 9990 2065, 9985 2070, 9980 2075, 9975 2080))"
rim,6,R1_2_T,,34000.0,1,9936.421568627451,2013.1593137254904,"POLYGON ((9965 2160, 9955 2160, 9950 2155, 9945 2150, 9940 2145, 9935 2140, 9930 2135, 9930 2125, 9925 2120, 9920 2115, 9915 2110, 9910 2105, 9910 2095, 9905 2090, 9900 2085, 9900 2075, 9895 2070, 9890 2065, 9890 2055, 9890 2045, 9890 2035, 9885 2030, 9880 2025, 9875 2020, 9870 2015, 9865 2010, 9860 2005, 9855 2000, 9850 1995, 9845 1990, 9840 1985, 9835 1980, 9830 1975, 9825 1970, 9820 1965, 9815 1960, 9810 1955, 9805 1950, 9800 1945, 9795 1940, 9790 1935, 9795 1930, 9800 1925, 9805 1920, 9810 1915, 9815 1910, 9820 1905, 9825 1900, 9830 1895, 9835 1890, 9845 1890, 9850 1895, 9855 1900, 9865 1900, 9875 1900, 9880 1895, 9885 1890, 9890 1895, 9895 1900, 9905 1900, 9915 1900, 9920 1905, 9925 1910, 9930 1915, 9935 1920, 9940 1925, 9945 1930, 9950 1935, 9955 1940, 9960 1945, 9965 1950, 9970 1955, 9975 1960, 9985 1960, 9995 1960, 10005 1960, 10010 1965, 10015 1970, 10020 1975, 10025 1980, 10035 1980, 10040 1985, 10040 1995, 10040 2005, 10045 2010, 10050 2015, 10050 2025, 10055 2030, 10060 2035, 10060 2045, 10060 2055, 10055 2060, 10050 2065, 10050 2075, 10050 2085, 10050 2095, 10045 2100, 10040 2105, 10035 2110, 10025 2110, 10020 2115, 10015 2120, 10010 2125, 10005 2130, 10000 2135, 9995 2140, 9990 2145, 9985 2150, 9975 2150, 9970 2155, 9965 2160), (9980 2075, 9985 2070, 9990 2065, 9995 2060, 10005 2060, 10010 2055, 10010 2045, 10010 2035, 10005 2030, 9995 2030, 9990 2025, 9985 2020, 9980 2015, 9975 2010, 9965 2010, 9955 2010, 9945 2010, 9940 2015, 9940 2025, 9940 2035, 9945 2040, 9950 2045, 9950 2055, 9955 2060, 9960 2065, 9960 2075, 9965 2080, 9975 2080, 9980 2075))"
lesion,7,R1_2_T,,166550.0,1,8276.67667367157,2414.784849394576,"POLYGON ((8255 2640, 8245 2640, 8235 2640, 8225 2640, 8220 2635, 8215 2630, 8205 2630, 8195 2630, 8190 2625, 8185 2620, 8175 2620, 8170 2615, 8165 2610, 8155 2610, 8150 2605, 8145 2600, 8140 2595, 8135 2590, 8130 2585, 8125 2580, 8120 2575, 8120 2565, 8120 2555, 8120 2545, 8115 2540, 8110 2535, 8105 2530, 8100 2525, 8095 2520, 8085 2520, 8080 2515, 8075 2510, 8070 2505, 8065 2500, 8060 2495, 8055 2490, 8050 2485, 8045 2480, 8040 2475, 8035 2470, 8030 2465, 8025 2460, 8020 2455, 8015 2450, 8010 2445, 8005 2440, 8000 2435, 8000 2425, 7995 2420, 7990 2415, 7990 2405, 7990 2395, 7990 2385, 7990 2375, 7990 2365, 7990 2355, 7995 2350, 8000 2345, 8000 2335, 8000 2325, 8000 2315, 8005 2310, 8010 2305, 8010 2295, 8010 2285, 8015 2280, 8020 2275, 8025 2270, 8030 2265, 8035 2260, 8040 2255, 8045 2250, 8055 2250, 8060 2245, 8065 2240, 8070 2235, 8075 2230, 8085 2230, 8095 2230, 8105 2230, 8115 2230, 8120 2225, 8125 2220, 8135 2220, 8140 2225, 8145 2230, 8155 2230, 8160 2235, 8165 2240, 8170 2235, 8175 2230, 8185 2230, 8195 2230, 8200 2225, 8205 2220, 8210 2215, 8215 2210, 8220 2205, 8225 2200, 8235 2200, 8245 2200, 8250 2195, 8255 2190, 8265 2190, 8275 2190, 8285 2190, 8295 2190, 8305 2190, 8310 2195, 8315 2200, 8325 2200, 8330 2195, 8335 2190, 8345 2190, 8355 2190, 8360 2195, 8365 2200, 8370 2205, 8375 2210, 8380 2215, 8380 2225, 8380 2235, 8380 2245, 8375 2250, 8370 2255, 8370 2265, 8365 2270, 8360 2275, 8355 2280, 8350 2285, 8345 2290, 8340 2295, 8345 2300, 8350 2305, 8350 2315, 8345 2320, 8340 2325, 8335 2330, 8330 2335, 8325 2340, 8320 2345, 8315 2350, 8310 2355, 8315 2360, 8320 2365, 8325 2370, 8330 2375, 8335 2380, 8340 2385, 8345 2390, 8355 2390, 8365 2390, 8375 2390, 8380 2395, 8385 2400, 8390 2405, 8395 2410, 8400 2405, 8405 2400, 8415 2400, 8420 2405, 8425 2410, 8430 2405, 8435 2400, 8440 2405, 8445 2410, 8450 2405, 8455 2400, 8465 2400, 8475 2400, 8485 2400, 8490 2405, 8495 2410, 8500 2405, 8505 2400, 8515 2400, 8520 2395, 8525 2390, 8530 2385, 8535 2380, 8540 2375, 8545 2370, 8555 2370, 8565 2370, 8575 2370, 8585 2370, 8595 2370, 8605 2370, 8610 2365, 8615 2360, 8625 2360, 8630 2365, 8635 2370, 8640 2375, 8645 2380, 8650 2385, 8650 2395, 8645 2400, 8640 2405, 8640 2415, 8645 2420, 8650 2425, 8655 2430, 8660 2435, 8665 2440, 8670 2445, 8675 2450, 8680 2455, 8685 2460, 8690 2465, 8695 2470, 8700 2475, 8705 2480, 8710 2485, 8715 2490, 8725 2490, 8735 2490, 8740 2495, 8745 2500, 8750 2505, 8745 2510, 8735 2510, 8730 2505, 8725 2500, 8715 2500, 8705 2500, 8700 2505, 8695 2510, 8690 2505, 8685 2500, 8680 2495, 8675 2490, 8670 2485, 8665 2480, 8655 2480, 8650 2485, 8645 2490, 8635 2490, 8625 2490, 8615 2490, 8605 2490, 8600 2495, 8595 2500, 8585 2500, 8580 2495, 8575 2490, 8570 2495, 8565 2500, 8555 2500, 8545 2500, 8540 2505, 8535 2510, 8530 2515, 8525 2520, 8515 2520, 8505 2520, 8500 2525, 8495 2530, 8485 2530, 8480 2525, 8475 2520, 8470 2525, 8465 2530, 8460 2535, 8455 2540, 8450 2545, 8445 2550, 8435 2550, 8425 2550, 8420 2555, 8415 2560, 8410 2565, 8405 2570, 8395 2570, 8385 2570, 8375 2570, 8365 2570, 8360 2575, 8355 2580, 8350 2585, 8345 2590, 8335 2590, 8330 2585, 8325 2580, 8315 2580, 8305 2580, 8300 2585, 8295 2590, 8290 2595, 8285 2600, 8275 2600, 8270 2605, 8270 2615, 8270 2625, 8265 2630, 8260 2635, 8255 2640))"
core,7,R1_2_T,,79650.0,1,8242.062670014648,2429.296400920695,"POLYGON ((8225 2620, 8215 2620, 8210 2615, 8205 2610, 8200 2605, 8195 2600, 8190 2595, 8190 2585, 8185 2580, 8180 2575, 8175 2570, 8170 2565, 8170 2555, 8170 2545, 8170 2535, 8170 2525, 8170 2515, 8165 2510, 8160 2505, 8155 2500, 8150 2495, 8145 2490, 8140 2485, 8135 2480, 8130 2475, 8125 2470, 8115 2470, 8110 2465, 8105 2460, 8100 2455, 8095 2450, 8090 2445, 8085 2440, 8080 2435, 8075 2430, 8070 2425, 8065 2420, 8060 2415, 8055 2410, 8050 2405, 8050 2395, 8045 2390, 8040 2385, 8045 2380, 8050 2375, 8050 2365, 8050 2355, 8050 2345, 8055 2340, 8060 2335, 8060 2325, 8060 2315, 8065 2310, 8070 2305, 8075 2300, 8085 2300, 8090 2295, 8095 2290, 8100 2285, 8105 2280, 8115 2280, 8120 2275, 8125 2270, 8135 2270, 8140 2265, 8145 2260, 8155 2260, 8165 2260, 8175 2260, 8185 2260, 8195 2260, 8205 2260, 8215 2260, 8225 2260, 8230 2255, 8235 2250, 8245 2250, 8250 2245, 8255 2240, 8265 2240, 8275 2240, 8280 2245, 8285 2250, 8295 2250, 8300 2255, 8295 2260, 8290 2265, 8290 2275, 8290 2285, 8290 2295, 8285 2300, 8280 2305, 8275 2310, 8270 2315, 8265 2320, 8260 2325, 8260 2335, 8260 2345, 8260 2355, 8260 2365, 8260 2375, 8260 2385, 8265 2390, 8270 2395, 8275 2400, 8280 2405, 8285 2410, 8290 2415, 8295 2420, 8300 2425, 8305 2430, 8310 2435, 8315 2440, 8325 2440, 8335 2440, 8345 2440, 8350 2445, 8355 2450, 8360 2455, 8365 2460, 8375 2460, 8385 2460, 8395 2460, 8405 2460, 8415 2460, 8425 2460, 8435 2460, 8445 2460, 8455 2460, 8465 2460, 8475 2460, 8485 2460, 8495 2460, 8505 2460, 8515 2460, 8525 2460, 8530 2455, 8535 2450, 8545 2450, 8550 2445, 8555 2440, 8560 2435, 8565 2430, 8570 2425, 8575 2420, 8585 2420, 8590 2425, 8590 2435, 8590 2445, 8595 2450, 8600 2455, 8605 2460, 8610 2465, 8605 2470, 8595 2470, 8585 2470, 8575 2470, 8565 2470, 8560 2475, 8555 2480, 8545 2480, 8535 2480, 8530 2485, 8525 2490, 8520 2495, 8515 2500, 8505 2500, 8495 2500, 8485 2500, 8475 2500, 8465 2500, 8455 2500, 8445 2500, 8435 2500, 8425 2500, 8420 2505, 8415 2510, 8405 2510, 8400 2515, 8395 2520, 8390 2525, 8385 2530, 8380 2535, 8375 2540, 8365 2540, 8360 2545, 8355 2550, 8350 2555, 8345 2560, 8335 2560, 8325 2560, 8320 2565, 8315 2570, 8305 2570, 8300 2575, 8295 2580, 8285 2580, 8280 2585, 8275 2590, 8265 2590, 8255 2590, 8250 2595, 8245 2600, 8240 2605, 8235 2610, 8230 2615, 8225 2620))"
rim,7,R1_2_T,,86850.0,1,8308.407695260028,2401.3812128190366,"POLYGON ((8255 2640, 8245 2640, 8235 2640, 8225 2640, 8220 2635, 8215 2630, 8205 2630, 8195 2630, 8190 2625, 8185 2620, 8175 2620, 8170 2615, 8165 2610, 8155 2610, 8150 2605, 8145 2600, 8140 2595, 8135 2590, 8130 2585, 8125 2580, 8120 2575, 8120 2565, 8120 2555, 8120 2545, 8115 2540, 8110 2535, 8105 2530, 8100 2525, 8095 2520, 8085 2520, 8080 2515, 8075 2510, 8070 2505, 8065 2500, 8060 2495, 8055 2490, 8050 2485, 8045 2480, 8040 2475, 8035 2470, 8030 2465, 8025 2460, 8020 2455, 8015 2450, 8010 2445, 8005 2440, 8000 2435, 8000 2425, 7995 2420, 7990 2415, 7990 2405, 7990 2395, 7990 2385, 7990 2375, 7990 2365, 7990 2355, 7995 2350, 8000 2345, 8000 2335, 8000 2325, 8000 2315, 8005 2310, 8010 2305, 8010 2295, 8010 2285, 8015 2280, 8020 2275, 8025 2270, 8030 2265, 8035 2260, 8040 2255, 8045 2250, 8055 2250, 8060 2245, 8065 2240, 8070 2235, 8075 2230, 8085 2230, 8095 2230, 8105 2230, 8115 2230, 8120 2225, 8125 2220, 8135 2220, 8140 2225, 8145 2230, 8155 2230, 8160 2235, 8165 2240, 8170 2235, 8175 2230, 8185 2230, 8195 2230, 8200 2225, 8205 2220, 8210 2215, 8215 2210, 8220 2205, 8225 2200, 8235 2200, 8245 2200, 8250 2195, 8255 2190, 8265 2190, 8275 2190, 8285 2190, 8295 2190, 8305 2190, 8310 2195, 8315 2200, 8325 2200, 8330 2195, 8335 2190, 8345 2190, 8355 2190, 8360 2195, 8365 2200, 8370 2205, 8375 2210, 8380 2215, 8380 2225, 8380 2235, 8380 2245, 8375 2250, 8370 2255, 8370 2265, 8365 2270, 8360 2275, 8355 2280, 8350 2285, 8345 2290, 8340 2295, 8345 2300, 8350 2305, 8350 2315, 8345 2320, 8340 2325, 8335 2330, 8330 2335, 8325 2340, 8320 2345, 8315 2350, 8310 2355, 8315 2360, 8320 2365, 8325 2370, 8330 2375, 8335 2380, 8340 2385, 8345 2390, 8355 2390, 8365 2390, 8375 2390, 8380 2395, 8385 2400, 8390 2405, 8395 2410, 8400 2405, 8405 2400, 8415 2400, 8420 2405, 8425 2410, 8430 2405, 8435 2400, 8440 2405, 8445 2410, 8450 2405, 8455 2400, 8465 2400, 8475 2400, 8485 2400, 8490 2405, 8495 2410, 8500 2405, 8505 2400, 8515 2400, 8520 2395, 8525 2390, 8530 2385, 8535 2380, 8540 2375, 8545 2370, 8555 2370, 8565 2370, 8575 2370, 8585 2370, 8595 2370, 8605 2370, 8610 2365, 8615 2360, 8625 2360, 8630 2365, 8635 2370, 8640 2375, 8645 2380, 8650 2385, 8650 2395, 8645 2400, 8640 2405, 8640 2415, 8645 2420, 8650 2425, 8655 2430, 8660 2435, 8665 2440, 8670 2445, 8675 2450, 8680 2455, 8685 2460, 8690 2465, 8695 2470, 8700 2475, 8705 2480, 8710 2485, 8715 2490, 8725 2490, 8735 2490, 8740 2495, 8745 2500, 8750 2505, 8745 2510, 8735 2510, 8730 2505, 8725 2500, 8715 2500, 8705 2500, 8700 2505, 8695 2510, 8690 2505, 8685 2500, 8680 2495, 8675 2490, 8670 2485, 8665 2480, 8655 2480, 8650 2485, 8645 2490, 8635 2490, 8625 2490, 8615 2490, 8605 2490, 8600 2495, 8595 2500, 8585 2500, 8580 2495, 8575 2490, 8570 2495, 8565 2500, 8555 2500, 8545 2500, 8540 2505, 8535 2510, 8530 2515, 8525 2520, 8515 2520, 8505 2520, 8500 2525, 8495 2530, 8485 2530, 8480 2525, 8475 2520, 8470 2525, 8465 2530, 8460 2535, 8455 2540, 8450 2545, 8445 2550, 8435 2550, 8425 2550, 8420 2555, 8415 2560, 8410 2565, 8405 2570, 8395 2570, 8385 2570, 8375 2570, 8365 2570, 8360 2575, 8355 2580, 8350 2585, 8345 2590, 8335 2590, 8330 2585, 8325 2580, 8315 2580, 8305 2580, 8300 2575, 8305 2570, 8315 2570, 8320 2565, 8325 2560, 8335 2560, 8345 2560, 8350 2555, 8355 2550, 8360 2545, 8365 2540, 8375 2540, 8380 2535, 8385 2530, 8390 2525, 8395 2520, 8400 2515, 8405 2510, 8415 2510, 8420 2505, 8425 2500, 8435 2500, 8445 2500, 8455 2500, 8465 2500, 8475 2500, 8485 2500, 8495 2500, 8505 2500, 8515 2500, 8520 2495, 8525 2490, 8530 2485, 8535 2480, 8545 2480, 8555 2480, 8560 2475, 8565 2470, 8575 2470, 8585 2470, 8595 2470, 8605 2470, 8610 2465, 8605 2460, 8600 2455, 8595 2450, 8590 2445, 8590 2435, 8590 2425, 8585 2420, 8575 2420, 8570 2425, 8565 2430, 8560 2435, 8555 2440, 8550 2445, 8545 2450, 8535 2450, 8530 2455, 8525 2460, 8515 2460, 8505 2460, 8495 2460, 8485 2460, 8475 2460, 8465 2460, 8455 2460, 8445 2460, 8435 2460, 8425 2460, 8415 2460, 8405 2460, 8395 2460, 8385 2460, 8375 2460, 8365 2460, 8360 2455, 8355 2450, 8350 2445, 8345 2440, 8335 2440, 8325 2440, 8315 2440, 8310 2435, 8305 2430, 8300 2425, 8295 2420, 8290 2415, 8285 2410, 8280 2405, 8275 2400, 8270 2395, 8265 2390, 8260 2385, 8260 2375, 8260 2365, 8260 2355, 8260 2345, 8260 2335, 8260 2325, 8265 2320, 8270 2315, 8275 2310, 8280 2305, 8285 2300, 8290 2295, 8290 2285, 8290 2275, 8290 2265, 8295 2260, 8300 2255, 8295 2250, 8285 2250, 8280 2245, 8275 2240, 8265 2240, 8255 2240, 8250 2245, 8245 2250, 8235 2250, 8230 2255, 8225 2260, 8215 2260, 8205 2260, 8195 2260, 8185 2260, 8175 2260, 8165 2260, 8155 2260, 8145 2260, 8140 2265, 8135 2270, 8125 2270, 8120 2275, 8115 2280, 8105 2280, 8100 2285, 8095 2290, 8090 2295, 8085 2300, 8075 2300, 8070 2305, 8065 2310, 8060 2315, 8060 2325, 8060 2335, 8055 2340, 8050 2345, 8050 2355, 8050 2365, 8050 2375, 8045 2380, 8040 2385, 8045 2390, 8050 2395, 8050 2405, 8055 2410, 8060 2415, 8065 2420, 8070 2425, 8075 2430, 8080 2435, 8085 2440, 8090 2445, 8095 2450, 8100 2455, 8105 2460, 8110 2465, 8115 2470, 8125 2470, 8130 2475, 8135 2480, 8140 2485, 8145 2490, 8150 2495, 8155 2500, 8160 2505, 8165 2510, 8170 2515, 8170 2525, 8170 2535, 8170 2545, 8170 2555, 8170 2565, 8175 2570, 8180 2575, 8185 2580, 8190 2585, 8190 2595, 8195 2600, 8200 2605, 8205 2610, 8210 2615, 8215 2620, 8225 2620, 8230 2615, 8235 2610, 8240 2605, 8245 2600, 8250 2595, 8255 2590, 8265 2590, 8275 2590, 8280 2585, 8285 2580, 8295 2580, 8300 2585, 8295 2590, 8290 2595, 8285 2600, 8275 2600, 8270 2605, 8270 2615, 8270 2625, 8265 2630, 8260 2635, 8255 2640))"
lesion,8,R1_2_T,,21350.0,1,9993.579234972678,2386.1085089773615,"POLYGON ((9955 2520, 9950 2515, 9945 2510, 9940 2505, 9935 2500, 9930 2495, 9925 2490, 9920 2485, 9915 2480, 9910 2475, 9905 2470, 9900 2465, 9900 2455, 9900 2445, 9905 2440, 9910 2435, 9915 2430, 9920 2425, 9925 2420, 9930 2415, 9935 2410, 9940 2405, 9940 2395, 9945 2390, 9950 2385, 9955 2380, 9960 2375, 9960 2365, 9960 2355, 9965 2350, 9970 2345, 9970 2335, 9970 2325, 9975 2320, 9980 2315, 9980 2305, 9985 2300, 9990 2295, 9995 2290, 10000 2285, 10005 2280, 10010 2275, 10015 2270, 10020 2265, 10025 2260, 10030 2255, 10035 2250, 10040 2255, 10045 2260, 10050 2265, 10055 2270, 10060 2275, 10060 2285, 10065 2290, 10070 2295, 10070 2305, 10065 2310, 10060 2315, 10060 2325, 10065 2330, 10070 2335, 10065 2340, 10060 2345, 10055 2350, 10050 2355, 10050 2365, 10055 2370, 10060 2375, 10055 2380, 10050 2385, 10055 2390, 10060 2395, 10060 2405, 10060 2415, 10055 2420, 10050 2425, 10045 2430, 10040 2435, 10035 2440, 10025 2440, 10020 2435, 10015 2430, 10005 2430, 10000 2435, 9995 2440, 9990 2445, 9985 2450, 9980 2455, 9980 2465, 9980 2475, 9980 2485, 9980 2495, 9975 2500, 9970 2505, 9965 2510, 9960 2515, 9955 2520))"
rim,8,R1_2_T,,21350.0,1,9993.579234972678,2386.1085089773615,"POLYGON ((9955 2520, 9950 2515, 9945 2510, 9940 2505, 9935 2500, 9930 2495, 9925 2490, 9920 2485, 9915 2480, 9910 2475, 9905 2470, 9900 2465, 9900 2455, 9900 2445, 9905 2440, 9910 2435, 9915 2430, 9920 2425, 9925 2420, 9930 2415, 9935 2410, 9940 2405, 9940 2395, 9945 2390, 9950 2385, 9955 2380, 9960 2375, 9960 2365, 9960 2355, 9965 2350, 9970 2345, 9970 2335, 9970 2325, 9975 2320, 9980 2315, 9980 2305, 9985 2300, 9990 2295, 9995 2290, 10000 2285, 10005 2280, 10010 2275, 10015 2270, 10020 2265, 10025 2260, 10030 2255, 10035 2250, 10040 2255, 10045 2260, 10050 2265, 10055 2270, 10060 2275, 10060 2285, 10065 2290, 10070 2295, 10070 2305, 10065 2310, 10060 2315, 10060 2325, 10065 2330, 10070 2335, 10065 2340, 10060 2345, 10055 2350, 10050 2355, 10050 2365, 10055 2370, 10060 2375, 10055 2380, 10050 2385, 10055 2390, 10060 2395, 10060 2405, 10060 2415, 10055 2420, 10050 2425, 10045 2430, 10040 2435, 10035 2440, 10025 2440, 10020 2435, 10015 2430, 10005 2430, 10000 2435, 9995 2440, 9990 2445, 9985 2450, 9980 2455, 9980 2465, 9980 2475, 9980 2485, 9980 2495, 9975 2500, 9970 2505, 9965 2510, 9960 2515, 9955 2520))"
lesion,9,P3_1_C,,9350.0,1,7473.827985739751,2517.8832442067733,"POLYGON ((7495 2600, 7485 2600, 7480 2595, 7475 2590, 7470 2585, 7465 2580, 7460 2575, 7455 2570, 7450 2565, 7450 2555, 7450 2545, 7450 2535, 7445 2530, 7440 2525, 7440 2515, 7440 2505, 7440 2495, 7435 2490, 7430 2485, 7430 2475, 7425 2470, 7420 2465, 7425 2460, 7430 2455, 7435 2450, 7440 2445, 7445 2440, 7450 2435, 7455 2430, 7460 2435, 7465 2440, 7470 2445, 7475 2450, 7480 2455, 7485 2460, 7490 2465, 7495 2470, 7500 2475, 7495 2480, 7490 2485, 7495 2490, 7500 2495, 7500 2505, 7500 2515, 7505 2520, 7510 2525, 7515 2530, 7520 2535, 7520 2545, 7520 2555, 7520 2565, 7520 2575, 7515 2580, 7510 2585, 7505 2590, 7500 2595, 7495 2600))"
rim,9,P3_1_C,,9350.0,1,7473.827985739751,2517.8832442067733,"POLYGON ((7495 2600, 7485 2600, 7480 2595, 7475 2590, 7470 2585, 7465 2580, 7460 2575, 7455 2570, 7450 2565, 7450 2555, 7450 2545, 7450 2535, 7445 2530, 7440 2525, 7440 2515, 7440 2505, 7440 2495, 7435 2490, 7430 2485, 7430 2475, 7425 2470, 7420 2465, 7425 2460, 7430 2455, 7435 2450, 7440 2445, 7445 2440, 7450 2435, 7455 2430, 7460 2435, 7465 2440, 7470 2445, 7475 2450, 7480 2455, 7485 2460, 7490 2465, 7495 2470, 7500 2475, 7495 2480, 7490 2485, 7495 2490, 7500 2495, 7500 2505, 7500 2515, 7505 2520, 7510 2525, 7515 2530, 7520 2535, 7520 2545, 7520 2555, 7520 2565, 7520 2575, 7515 2580, 7510 2585, 7505 2590, 7500 2595, 7495 2600))"
lesion,11,P3_1_C,,41750.0,1,5395.27744510978,2692.5508982035926,"POLYGON ((5325 2830, 5315 2830, 5305 2830, 5300 2825, 5295 2820, 5285 2820, 5280 2815, 5275 2810, 5270 2805, 5265 2800, 5260 2795, 5260 2785, 5255 2780, 5250 2775, 5250 2765, 5250 2755, 5250 2745, 5250 2735, 5250 2725, 5250 2715, 5250 2705, 5250 2695, 5250 2685, 5255 2680, 5260 2675, 5265 2670, 5275 2670, 5285 2670, 5295 2670, 5300 2675, 5295 2680, 5290 2685, 5285 2690, 5280 2695, 5275 2700, 5270 2705, 5265 2710, 5260 2715, 5260 2725, 5265 2730, 5270 2735, 5275 2740, 5285 2740, 5295 2740, 5305 2740, 5310 2735, 5315 2730, 5320 2725, 5320 2715, 5325 2710, 5330 2705, 5335 2700, 5340 2695, 5345 2690, 5350 2685, 5355 2680, 5360 2675, 5360 2665, 5360 2655, 5360 2645, 5365 2640, 5370 2635, 5375 2630, 5385 2630, 5390 2625, 5390 2615, 5390 2605, 5385 2600, 5380 2595, 5385 2590, 5390 2585, 5395 2580, 5400 2575, 5405 2570, 5410 2565, 5415 2560, 5420 2555, 5425 2550, 5435 2550, 5440 2545, 5445 2540, 5450 2535, 5455 2530, 5460 2525, 5465 2520, 5475 2520, 5485 2520, 5490 2525, 5495 2530, 5500 2535, 5505 2540, 5510 2545, 5510 2555, 5510 2565, 5510 2575, 5510 2585, 5505 2590, 5500 2595, 5505 2600, 5510 2605, 5510 2615, 5505 2620, 5500 2625, 5495 2630, 5490 2635, 5490 2645, 5490 2655, 5490 2665, 5485 2670, 5480 2675, 5480 2685, 5480 2695, 5480 2705, 5480 2715, 5475 2720, 5470 2725, 5475 2730, 5480 2735, 5480 2745, 5475 2750, 5470 2755, 5465 2760, 5460 2765, 5455 2770, 5450 2775, 5445 2780, 5440 2785, 5435 2790, 5425 2790, 5420 2795, 5415 2800, 5405 2800, 5400 2805, 5395 2810, 5385 2810, 5375 2810, 5365 2810, 5360 2815, 5355 2820, 5345 2820, 5335 2820, 5330 2825, 5325 2830))"
core,11,P3_1_C,,12150.0,1,5380.168038408779,2694.2901234567903,"POLYGON ((5335 2770, 5325 2770, 5315 2770, 5310 2765, 5305 2760, 5300 2755, 5300 2745, 5305 2740, 5310 2735, 5315 2730, 5320 2725, 5320 2715, 5325 2710, 5330 2705, 5335 2700, 5340 2695, 5345 2690, 5350 2685, 5355 2680, 5360 2675, 5360 2665, 5360 2655, 5365 2650, 5370 2645, 5375 2640, 5380 2635, 5385 2630, 5390 2625, 5395 2620, 5400 2615, 5405 2610, 5415 2610, 5425 2610, 5430 2605, 5435 2600, 5445 2600, 5450 2605, 5445 2610, 5440 2615, 5440 2625, 5440 2635, 5440 2645, 5435 2650, 5430 2655, 5430 2665, 5430 2675, 5430 2685, 5430 2695, 5425 2700, 5420 2705, 5420 2715, 5420 2725, 5415 2730, 5410 2735, 5405 2740, 5400 2745, 5395 2750, 5385 2750, 5380 2755, 5375 2760, 5365 2760, 5355 2760, 5345 2760, 5340 2765, 5335 2770))"
rim,11,P3_1_C,,29350.0,1,5401.787336740489,2692.2075525269734,"POLYGON ((5325 2830, 5315 2830, 5305 2830, 5300 2825, 5295 2820, 5285 2820, 5280 2815, 5275 2810, 5270 2805, 5265 2800, 5260 2795, 5260 2785, 5255 2780, 5250 2775, 5250 2765, 5250 2755, 5250 2745, 5250 2735, 5250 2725, 5250 2715, 5250 2705, 5250 2695, 5250 2685, 5255 2680, 5260 2675, 5265 2670, 5275 2670, 5285 2670, 5295 2670, 5300 2675, 5295 2680, 5290 2685, 5285 2690, 5280 2695, 5275 2700, 5270 2705, 5265 2710, 5260 2715, 5260 2725, 5265 2730, 5270 2735, 5275 2740, 5285 2740, 5295 2740, 5300 2745, 5300 2755, 5305 2760, 5310 2765, 5315 2770, 5325 2770, 5335 2770, 5340 2765, 5345 2760, 5355 2760, 5365 2760, 5375 2760, 5380 2755, 5385 2750, 5395 2750, 5400 2745, 5405 2740, 5410 2735, 5415 2730, 5420 2725, 5420 2715, 5420 2705, 5425 2700, 5430 2695, 5430 2685, 5430 2675, 5430 2665, 5430 2655, 5435 2650, 5440 2645, 5440 2635, 5440 2625, 5440 2615, 5445 2610, 5450 2605, 5445 2600, 5435 2600, 5430 2605, 5425 2610, 5415 2610, 5405 2610, 5400 2615, 5395 2620, 5390 2615, 5390 2605, 5385 2600, 5380 2595, 5385 2590, 5390 2585, 5395 2580, 5400 2575, 5405 2570, 5410 2565, 5415 2560, 5420 2555, 5425 2550, 5435 2550, 5440 2545, 5445 2540, 5450 2535, 5455 2530, 5460 2525, 5465 2520, 5475 2520, 5485 2520, 5490 2525, 5495 2530, 5500 2535, 5505 2540, 5510 2545, 5510 2555, 5510 2565, 5510 2575, 5510 2585, 5505 2590, 5500 2595, 5505 2600, 5510 2605, 5510 2615, 5505 2620, 5500 2625, 5495 2630, 5490 2635, 5490 2645, 5490 2655, 5490 2665, 5485 2670, 5480 2675, 5480 2685, 5480 2695, 5480 2705, 5480 2715, 5475 2720, 5470 2725, 5475 2730, 5480 2735, 5480 2745, 5475 2750, 5470 2755, 5465 2760, 5460 2765, 5455 2770, 5450 2775, 5445 2780, 5440 2785, 5435 2790, 5425 2790, 5420 2795, 5415 2800, 5405 2800, 5400 2805, 5395 2810, 5385 2810, 5375 2810, 5365 2810, 5360 2815, 5355 2820, 5345 2820, 5335 2820, 5330 2825, 5325 2830))"
lesion,13,R1_2_T,,177450.0,1,9883.210293979526,2866.005447543909,"POLYGON ((9935 3200, 9925 3200, 9915 3200, 9905 3200, 9895 3200, 9885 3200, 9875 3200, 9870 3195, 9870 3185, 9875 3180, 9880 3175, 9880 3165, 9875 3160, 9870 3155, 9865 3150, 9860 3145, 9855 3140, 9850 3145, 9845 3150, 9840 3145, 9835 3140, 9830 3135, 9825 3130, 9820 3125, 9815 3120, 9810 3115, 9805 3110, 9800 3105, 9795 3100, 9790 3095, 9785 3090, 9780 3085, 9775 3080, 9770 3075, 9765 3070, 9760 3075, 9755 3080, 9745 3080, 9740 3075, 9735 3070, 9730 3075, 9725 3080, 9715 3080, 9705 3080, 9700 3085, 9695 3090, 9690 3095, 9685 3100, 9680 3095, 9675 3090, 9665 3090, 9660 3085, 9655 3080, 9650 3075, 9645 3070, 9640 3065, 9635 3060, 9630 3055, 9630 3045, 9625 3040, 9620 3035, 9625 3030, 9630 3025, 9635 3020, 9640 3015, 9645 3010, 9650 3005, 9655 3000, 9660 2995, 9665 2990, 9670 2985, 9675 2980, 9685 2980, 9690 2985, 9695 2990, 9700 2995, 9705 3000, 9710 3005, 9715 3010, 9720 3005, 9725 3000, 9730 2995, 9735 2990, 9740 2985, 9745 2980, 9755 2980, 9760 2985, 9765 2990, 9770 2995, 9775 3000, 9780 3005, 9785 3010, 9790 3005, 9795 3000, 9800 2995, 9805 2990, 9810 2985, 9805 2980, 9800 2975, 9800 2965, 9800 2955, 9800 2945, 9795 2940, 9790 2935, 9785 2930, 9780 2925, 9775 2920, 9770 2915, 9765 2910, 9760 2905, 9755 2900, 9750 2895, 9745 2890, 9740 2895, 9735 2900, 9730 2895, 9725 2890, 9715 2890, 9710 2895, 9705 2900, 9700 2905, 9695 2910, 9690 2905, 9685 2900, 9680 2895, 9675 2890, 9670 2885, 9675 2880, 9680 2875, 9685 2870, 9690 2865, 9685 2860, 9680 2855, 9675 2850, 9670 2845, 9665 2840, 9660 2835, 9660 2825, 9655 2820, 9650 2815, 9645 2810, 9640 2805, 9645 2800, 9650 2795, 9650 2785, 9650 2775, 9655 2770, 9660 2765, 9665 2760, 9670 2755, 9675 2750, 9680 2745, 9685 2740, 9690 2745, 9695 2750, 9705 2750, 9710 2745, 9715 2740, 9720 2735, 9725 2730, 9730 2725, 9735 2720, 9740 2715, 9745 2710, 9750 2705, 9755 2700, 9765 2700, 9770 2695, 9775 2690, 9780 2685, 9785 2680, 9790 2675, 9795 2670, 9800 2665, 9805 2660, 9810 2655, 9815 2650, 9820 2645, 9825 2640, 9835 2640, 9840 2635, 9845 2630, 9850 2625, 9855 2620, 9865 2620, 9870 2615, 9875 2610, 9880 2605, 9885 2600, 9890 2595, 9895 2590, 9905 2590, 9915 2590, 9925 2590, 9930 2585, 9935 2580, 9940 2575, 9945 2570, 9950 2565, 9955 2560, 9960 2555, 9965 2550, 9970 2545, 9970 2535, 9975 2530, 9980 2535, 9985 2540, 9990 2545, 9995 2550, 10000 2555, 10005 2560, 10010 2565, 10015 2570, 10020 2575, 10025 2580, 10035 2580, 10045 2580, 10055 2580, 10065 2580, 10075 2580, 10085 2580, 10090 2585, 10090 2595, 10085 2600, 10080 2605, 10085 2610, 10090 2615, 10090 2625, 10090 2635, 10095 2640, 10100 2645, 10095 2650, 10090 2655, 10090 2665, 10090 2675, 10090 2685, 10085 2690, 10080 2695, 10080 2705, 10080 2715, 10080 2725, 10075 2730, 10065 2730, 10055 2730, 10050 2735, 10050 2745, 10050 2755, 10050 2765, 10045 2770, 10040 2775, 10040 2785, 10035 2790, 10030 2795, 10025 2800, 10020 2805, 10015 2810, 10010 2815, 10015 2820, 10020 2825, 10025 2830, 10030 2835, 10030 2845, 10030 2855, 10030 2865, 10035 2870, 10040 2875, 10045 2880, 10055 2880, 10060 2885, 10060 2895, 10060 2905, 10065 2910, 10070 2915, 10065 2920, 10060 2925, 10060 2935, 10060 2945, 10060 2955, 10055 2960, 10050 2965, 10050 2975, 10050 2985, 10045 2990, 10035 2990, 10030 2985, 10025 2980, 10020 2975, 10025 2970, 10030 2965, 10025 2960, 10020 2955, 10015 2950, 10010 2945, 10005 2940, 9995 2940, 9990 2945, 9985 2950, 9980 2955, 9980 2965, 9980 2975, 9975 2980, 9970 2985, 9970 2995, 9970 3005, 9970 3015, 9975 3020, 9980 3025, 9985 3030, 9990 3035, 9995 3040, 10000 3045, 10000 3055, 10000 3065, 10000 3075, 10000 3085, 10000 3095, 10000 3105, 10005 3110, 10010 3115, 10010 3125, 10015 3130, 10020 3135, 10020 3145, 10015 3150, 10010 3155, 10005 3160, 10000 3165, 9995 3170, 9990 3175, 9985 3180, 9975 3180, 9970 3185, 9965 3190, 9955 3190, 9945 3190, 9940 3195, 9935 3200))"
core,13,R1_2_T,,98250.0,1,9924.663698049195,2863.3227311280743,"POLYGON ((9965 3190, 9955 3190, 9945 3190, 9935 3190, 9930 3185, 9930 3175, 9930 3165, 9930 3155, 9930 3145, 9930 3135, 9925 3130, 9920 3125, 9915 3120, 9910 3115, 9905 3110, 9900 3105, 9895 3100, 9890 3095, 9885 3090, 9875 3090, 9865 3090, 9860 3085, 9855 3080, 9850 3075, 9845 3070, 9840 3065, 9835 3060, 9830 3055, 9830 3045, 9835 3040, 9840 3035, 9845 3030, 9850 3025, 9855 3020, 9860 3015, 9860 3005, 9860 2995, 9860 2985, 9860 2975, 9860 2965, 9860 2955, 9855 2950, 9850 2945, 9850 2935, 9850 2925, 9850 2915, 9845 2910, 9840 2905, 9835 2900, 9830 2895, 9825 2890, 9820 2885, 9815 2880, 9810 2875, 9805 2870, 9800 2865, 9795 2860, 9790 2855, 9785 2850, 9780 2845, 9775 2840, 9765 2840, 9755 2840, 9745 2840, 9740 2835, 9735 2830, 9730 2825, 9725 2820, 9720 2815, 9715 2810, 9710 2805, 9715 2800, 9725 2800, 9735 2800, 9740 2795, 9745 2790, 9750 2785, 9755 2780, 9760 2775, 9765 2770, 9770 2765, 9775 2760, 9780 2755, 9785 2750, 9795 2750, 9800 2745, 9805 2740, 9810 2735, 9815 2730, 9820 2725, 9825 2720, 9830 2715, 9835 2710, 9840 2705, 9845 2700, 9850 2695, 9855 2690, 9865 2690, 9870 2685, 9875 2680, 9880 2675, 9885 2670, 9895 2670, 9900 2665, 9905 2660, 9910 2655, 9915 2650, 9920 2645, 9925 2640, 9935 2640, 9945 2640, 9955 2640, 9960 2635, 9965 2630, 9970 2625, 9975 2620, 9985 2620, 9990 2625, 9995 2630, 10005 2630, 10015 2630, 10025 2630, 10035 2630, 10045 2630, 10055 2630, 10065 2630, 10070 2635, 10070 2645, 10070 2655, 10070 2665, 10070 2675, 10070 2685, 10070 2695, 10070 2705, 10070 2715, 10070 2725, 10065 2730, 10055 2730, 10050 2735, 10050 2745, 10050 2755, 10050 2765, 10045 2770, 10040 2775, 10040 2785, 10035 2790, 10030 2795, 10025 2800, 10020 2805, 10015 2810, 10010 2815, 10015 2820, 10020 2825, 10025 2830, 10030 2835, 10030 2845, 10030 2855, 10030 2865, 10030 2875, 10025 2880, 10020 2885, 10015 2890, 10010 2895, 10010 2905, 10010 2915, 10010 2925, 10010 2935, 10005 2940, 9995 2940, 9990 2945, 9985 2950, 9980 2955, 9980 2965, 9980 2975, 9975 2980, 9970 2985, 9970 2995, 9970 3005, 9970 3015, 9975 3020, 9980 3025, 9985 3030, 9990 3035, 9995 3040, 10000 3045, 10000 3055, 10000 3065, 10000 3075, 10000 3085, 10000 3095, 10000 3105, 10005 3110, 10010 3115, 10010 3125, 10015 3130, 10020 3135, 10020 3145, 10015 3150, 10010 3155, 10005 3160, 10000 3165, 9995 3170, 9990 3175, 9985 3180, 9975 3180, 9970 3185, 9965 3190))"
rim,13,R1_2_T,,79100.0,2,9831.55762747577,2869.253581963759,"MULTIPOLYGON (((9940 3195, 9935 3190, 9930 3185, 9930 3175, 9930 3165, 9930 3155, 9930 3145, 9930 3135, 9925 3130, 9920 3125, 9915 3120, 9910 3115, 9905 3110, 9900 3105, 9895 3100, 9890 3095, 9885 3090, 9875 3090, 9865 3090, 9860 3085, 9855 3080, 9850 3075, 9845 3070, 9840 3065, 9835 3060, 9830 3055, 9830 3045, 9835 3040, 9840 3035, 9845 3030, 9850 3025, 9855 3020, 9860 3015, 9860 3005, 9860 2995, 9860 2985, 9860 2975, 9860 2965, 9860 2955, 9855 2950, 9850 2945, 9850 2935, 9850 2925, 9850 2915, 9845 2910, 9840 2905, 9835 2900, 9830 2895, 9825 2890, 9820 2885, 9815 2880, 9810 2875, 9805 2870, 9800 2865, 9795 2860, 9790 2855, 9785 2850, 9780 2845, 9775 2840, 9765 2840, 9755 2840, 9745 2840, 9740 2835, 9735 2830, 9730 2825, 9725 2820, 9720 2815, 9715 2810, 9710 2805, 9715 2800, 9725 2800, 9735 2800, 9740 2795, 9745 2790, 9750 2785, 9755 2780, 9760 2775, 9765 2770, 9770 2765, 9775 2760, 9780 2755, 9785 2750, 9795 2750, 9800 2745, 9805 2740, 9810 2735, 9815 2730, 9820 2725, 9825 2720, 9830 2715, 9835 2710, 9840 2705, 9845 2700, 9850 2695, 9855 2690, 9865 2690, 9870 2685, 9875 2680, 9880 2675, 9885 2670, 9895 2670, 9900 2665, 9905 2660, 9910 2655, 9915 2650, 9920 2645, 9925 2640, 9935 2640, 9945 2640, 9955 2640, 9960 2635, 9965 2630, 9970 2625, 9975 2620, 9985 2620, 9990 2625, 9995 2630, 10005 2630, 10015 2630, 10025 2630, 10035 2630, 10045 2630, 10055 2630, 10065 2630, 10070 2635, 10070 2645, 10070 2655, 10070 2665, 10070 2675, 10070 2685, 10070 2695, 10070 2705, 10070 2715, 10070 2725, 10075 2730, 10080 2725, 10080 2715, 10080 2705, 10080 2695, 10085 2690, 10090 2685, 10090 2675, 10090 2665, 10090 2655, 10095 2650, 10100 2645, 10095 2640, 10090 2635, 10090 2625, 10090 2615, 10085 2610, 10080 2605, 10085 2600, 10090 2595, 10090 2585, 10085 2580, 10075 2580, 10065 2580, 10055 2580, 10045 2580, 10035 2580, 10025 2580, 10020 2575, 10015 2570, 10010 2565, 10005 2560, 10000 2555, 9995 2550, 9990 2545, 9985 2540, 9980 2535, 9975 2530, 9970 2535, 9970 2545, 9965 2550, 9960 2555, 9955 2560, 9950 2565, 9945 2570, 9940 2575, 9935 2580, 9930 2585, 9925 2590, 9915 2590, 9905 2590, 9895 2590, 9890 2595, 9885 2600, 9880 2605, 9875 2610, 9870 2615, 9865 2620, 9855 2620, 9850 2625, 9845 2630, 9840 2635, 9835 2640, 9825 2640, 9820 2645, 9815 2650, 9810 2655, 9805 2660, 9800 2665, 9795 2670, 9790 2675, 9785 2680, 9780 2685, 9775 2690, 9770 2695, 9765 2700, 9755 2700, 9750 2705, 9745 2710, 9740 2715, 9735 2720, 9730 2725, 9725 2730, 9720 2735, 9715 2740, 9710 2745, 9705 2750, 9695 2750, 9690 2745, 9685 2740, 9680 2745, 9675 2750, 9670 2755, 9665 2760, 9660 2765, 9655 2770, 9650 2775, 9650 2785, 9650 2795, 9645 2800, 9640 2805, 9645 2810, 9650 2815, 9655 2820, 9660 2825, 9660 2835, 9665 2840, 9670 2845, 9675 2850, 9680 2855, 9685 2860, 9690 2865, 9685 2870, 9680 2875, 9675 2880, 9670 2885, 9675 2890, 9680 2895, 9685 2900, 9690 2905, 9695 2910, 9700 2905, 9705 2900, 9710 2895, 9715 2890, 9725 2890, 9730 2895, 9735 2900, 9740 2895, 9745 2890, 9750 2895, 9755 2900, 9760 2905, 9765 2910, 9770 2915, 9775 2920, 9780 2925, 9785 2930, 9790 2935, 9795 2940, 9800 2945, 9800 2955, 9800 2965, 9800 2975, 9805 2980, 9810 2985, 9805 2990, 9800 2995, 9795 3000, 9790 3005, 9785 3010, 9780 3005, 9775 3000, 9770 2995, 9765 2990, 9760 2985, 9755 2980, 9745 2980, 9740 2985, 9735 2990, 9730 2995, 9725 3000, 9720 3005, 9715 3010, 9710 3005, 9705 3000, 9700 2995, 9695 2990, 9690 2985, 9685 2980, 9675 2980, 9670 2985, 9665 2990, 9660 2995, 9655 3000, 9650 3005, 9645 3010, 9640 3015, 9635 3020, 9630 3025, 9625 3030, 9620 3035, 9625 3040, 9630 3045, 9630 3055, 9635 3060, 9640 3065, 9645 3070, 9650 3075, 9655 3080, 9660 3085, 9665 3090, 9675 3090, 9680 3095, 9685 3100, 9690 3095, 9695 3090, 9700 3085, 9705 3080, 9715 3080, 9725 3080, 9730 3075, 9735 3070, 9740 3075, 9745 3080, 9755 3080, 9760 3075, 9765 3070, 9770 3075, 9775 3080, 9780 3085, 9785 3090, 9790 3095, 9795 3100, 9800 3105, 9805 3110, 9810 3115, 9815 3120, 9820 3125, 9825 3130, 9830 3135, 9835 3140, 9840 3145, 9845 3150, 9850 3145, 9855 3140, 9860 3145, 9865 3150, 9870 3155, 9875 3160, 9880 3165, 9880 3175, 9875 3180, 9870 3185, 9870 3195, 9875 3200, 9885 3200, 9895 3200, 9905 3200, 9915 3200, 9925 3200, 9935 3200, 9940 3195)), ((10050 2985, 10050 2975, 10050 2965, 10055 2960, 10060 2955, 10060 2945, 10060 2935, 10060 2925, 10065 2920, 10070 2915, 10065 2910, 10060 2905, 10060 2895, 10060 2885, 10055 2880, 10045 2880, 10040 2875, 10035 2870, 10030 2875, 10025 2880, 10020 2885, 10015 2890, 10010 2895, 10010 2905, 10010 2915, 10010 2925, 10010 2935, 10010 2945, 10015 2950, 10020 2955, 10025 2960, 10030 2965, 10025 2970, 10020 2975, 10025 2980, 10030 2985, 10035 2990, 10045 2990, 10050 2985)))"
lesion,14,R1_2_T,,18350.0,1,9532.729336966395,2663.301544050863,"POLYGON ((9475 2750, 9470 2745, 9465 2740, 9460 2735, 9455 2730, 9450 2725, 9445 2720, 9440 2715, 9445 2710, 9450 2705, 9450 2695, 9450 2685, 9455 2680, 9460 2675, 9460 2665, 9465 2660, 9470 2655, 9470 2645, 9470 2635, 9470 2625, 9470 2615, 9470 2605, 9475 2600, 9480 2595, 9485 2590, 9490 2585, 9495 2580, 9500 2575, 9505 2570, 9515 2570, 9520 2575, 9525 2580, 9530 2585, 9535 2590, 9540 2595, 9535 2600, 9530 2605, 9535 2610, 9540 2615, 9545 2620, 9550 2625, 9555 2630, 9565 2630, 9575 2630, 9585 2630, 9595 2630, 9605 2630, 9610 2635, 9615 2640, 9620 2645, 9625 2650, 9630 2645, 9635 2640, 9640 2645, 9645 2650, 9650 2655, 9655 2660, 9660 2665, 9655 2670, 9650 2675, 9645 2680, 9640 2685, 9635 2690, 9630 2685, 9625 2680, 9620 2685, 9615 2690, 9605 2690, 9600 2695, 9595 2700, 9590 2705, 9585 2710, 9580 2715, 9575 2720, 9565 2720, 9560 2715, 9555 2710, 9545 2710, 9535 2710, 9530 2705, 9525 2700, 9520 2705, 9515 2710, 9510 2715, 9505 2720, 9500 2725, 9495 2730, 9490 2735, 9485 2740, 9480 2745, 9475 2750))"
rim,14,R1_2_T,,18350.0,1,9532.729336966395,2663.301544050863,"POLYGON ((9475 2750, 9470 2745, 9465 2740, 9460 2735, 9455 2730, 9450 2725, 9445 2720, 9440 2715, 9445 2710, 9450 2705, 9450 2695, 9450 2685, 9455 2680, 9460 2675, 9460 2665, 9465 2660, 9470 2655, 9470 2645, 9470 2635, 9470 2625, 9470 2615, 9470 2605, 9475 2600, 9480 2595, 9485 2590, 9490 2585, 9495 2580, 9500 2575, 9505 2570, 9515 2570, 9520 2575, 9525 2580, 9530 2585, 9535 2590, 9540 2595, 9535 2600, 9530 2605, 9535 2610, 9540 2615, 9545 2620, 9550 2625, 9555 2630, 9565 2630, 9575 2630, 9585 2630, 9595 2630, 9605 2630, 9610 2635, 9615 2640, 9620 2645, 9625 2650, 9630 2645, 9635 2640, 9640 2645, 9645 2650, 9650 2655, 9655 2660, 9660 2665, 9655 2670, 9650 2675, 9645 2680, 9640 2685, 9635 2690, 9630 2685, 9625 2680, 9620 2685, 9615 2690, 9605 2690, 9600 2695, 9595 2700, 9590 2705, 9585 2710, 9580 2715, 9575 2720, 9565 2720, 9560 2715, 9555 2710, 9545 2710, 9535 2710, 9530 2705, 9525 2700, 9520 2705, 9515 2710, 9510 2715, 9505 2720, 9500 2725, 9495 2730, 9490 2735, 9485 2740, 9480 2745, 9475 2750))"
lesion,16,P3_1_C,,7450.0,1,5244.3288590604025,2960.7494407158833,"POLYGON ((5245 3020, 5240 3015, 5235 3010, 5230 3005, 5225 3000, 5220 2995, 5215 2990, 5210 2985, 5205 2980, 5200 2975, 5195 2970, 5190 2965, 5185 2960, 5180 2955, 5185 2950, 5190 2945, 5195 2940, 5200 2935, 5205 2930, 5210 2925, 5215 2920, 5220 2915, 5225 2910, 5230 2915, 5235 2920, 5245 2920, 5250 2925, 5255 2930, 5265 2930, 5270 2925, 5275 2920, 5280 2925, 5285 2930, 5290 2935, 5295 2940, 5300 2945, 5305 2950, 5310 2955, 5305 2960, 5300 2965, 5295 2970, 5290 2975, 5285 2980, 5280 2985, 5275 2990, 5270 2995, 5265 3000, 5260 3005, 5255 3010, 5250 3015, 5245 3020))"
rim,16,P3_1_C,,7450.0,1,5244.3288590604025,2960.7494407158833,"POLYGON ((5245 3020, 5240 3015, 5235 3010, 5230 3005, 5225 3000, 5220 2995, 5215 2990, 5210 2985, 5205 2980, 5200 2975, 5195 2970, 5190 2965, 5185 2960, 5180 2955, 5185 2950, 5190 2945, 5195 2940, 5200 2935, 5205 2930, 5210 2925, 5215 2920, 5220 2915, 5225 2910, 5230 2915, 5235 2920, 5245 2920, 5250 2925, 5255 2930, 5265 2930, 5270 2925, 5275 2920, 5280 2925, 5285 2930, 5290 2935, 5295 2940, 5300 2945, 5305 2950, 5310 2955, 5305 2960, 5300 2965, 5295 2970, 5290 2975, 5285 2980, 5280 2985, 5275 2990, 5270 2995, 5265 3000, 5260 3005, 5255 3010, 5250 3015, 5245 3020))"
lesion,17,R1_2_T,,91450.0,1,8208.710133041735,3120.1125387279026,"POLYGON ((8015 3310, 8005 3310, 7995 3310, 7985 3310, 7980 3305, 7975 3300, 7970 3295, 7965 3290, 7960 3285, 7960 3275, 7955 3270, 7950 3265, 7955 3260, 7960 3255, 7960 3245, 7960 3235, 7960 3225, 7960 3215, 7965 3210, 7975 3210, 7980 3205, 7985 3200, 7990 3195, 7995 3190, 8000 3185, 8000 3175, 8000 3165, 8000 3155, 8000 3145, 7995 3140, 7985 3140, 7980 3135, 7980 3125, 7980 3115, 7980 3105, 7980 3095, 7985 3090, 7990 3085, 7995 3080, 8000 3075, 8005 3070, 8015 3070, 8020 3065, 8025 3060, 8035 3060, 8040 3055, 8045 3050, 8055 3050, 8065 3050, 8075 3050, 8080 3045, 8085 3040, 8095 3040, 8105 3040, 8115 3040, 8120 3035, 8125 3030, 8135 3030, 8140 3025, 8145 3020, 8155 3020, 8165 3020, 8175 3020, 8185 3020, 8190 3015, 8195 3010, 8205 3010, 8215 3010, 8225 3010, 8235 3010, 8240 3015, 8245 3020, 8255 3020, 8260 3015, 8265 3010, 8270 3015, 8275 3020, 8285 3020, 8295 3020, 8300 3015, 8305 3010, 8315 3010, 8325 3010, 8330 3005, 8335 3000, 8345 3000, 8355 3000, 8365 3000, 8375 3000, 8385 3000, 8395 3000, 8405 3000, 8415 3000, 8425 3000, 8435 3000, 8445 3000, 8455 3000, 8465 3000, 8475 3000, 8485 3000, 8495 3000, 8505 3000, 8510 3005, 8515 3010, 8520 3015, 8525 3020, 8530 3025, 8535 3030, 8540 3035, 8540 3045, 8535 3050, 8530 3055, 8530 3065, 8525 3070, 8520 3075, 8520 3085, 8520 3095, 8520 3105, 8525 3110, 8530 3115, 8525 3120, 8520 3125, 8515 3130, 8510 3135, 8505 3140, 8495 3140, 8485 3140, 8480 3135, 8475 3130, 8465 3130, 8455 3130, 8450 3125, 8445 3120, 8435 3120, 8425 3120, 8420 3115, 8415 3110, 8410 3115, 8405 3120, 8395 3120, 8390 3115, 8385 3110, 8375 3110, 8365 3110, 8355 3110, 8345 3110, 8335 3110, 8325 3110, 8315 3110, 8310 3115, 8305 3120, 8295 3120, 8290 3125, 8285 3130, 8275 3130, 8265 3130, 8260 3135, 8255 3140, 8250 3145, 8245 3150, 8240 3155, 8235 3160, 8230 3165, 8235 3170, 8240 3175, 8235 3180, 8230 3185, 8225 3190, 8220 3195, 8220 3205, 8215 3210, 8210 3215, 8205 3220, 8200 3225, 8195 3230, 8190 3225, 8185 3220, 8180 3225, 8175 3230, 8170 3235, 8165 3240, 8160 3245, 8155 3250, 8150 3255, 8145 3260, 8135 3260, 8125 3260, 8115 3260, 8110 3255, 8105 3250, 8100 3255, 8095 3260, 8085 3260, 8075 3260, 8070 3265, 8065 3270, 8060 3275, 8055 3280, 8050 3285, 8045 3290, 8035 3290, 8030 3295, 8025 3300, 8020 3305, 8015 3310))"
core,17,R1_2_T,,30750.0,1,8144.974254742548,3121.2533875338754,"POLYGON ((8015 3240, 8005 3240, 8000 3235, 7995 3230, 7990 3225, 7985 3220, 7980 3215, 7985 3210, 7990 3205, 7990 3195, 7995 3190, 8000 3185, 8000 3175, 8000 3165, 8000 3155, 8000 3145, 8000 3135, 8005 3130, 8010 3125, 8010 3115, 8010 3105, 8010 3095, 8015 3090, 8025 3090, 8035 3090, 8045 3090, 8050 3085, 8055 3080, 8065 3080, 8075 3080, 8085 3080, 8095 3080, 8100 3075, 8105 3070, 8115 3070, 8125 3070, 8135 3070, 8145 3070, 8155 3070, 8165 3070, 8170 3065, 8175 3060, 8180 3055, 8185 3050, 8195 3050, 8205 3050, 8215 3050, 8225 3050, 8235 3050, 8245 3050, 8255 3050, 8265 3050, 8275 3050, 8285 3050, 8295 3050, 8305 3050, 8315 3050, 8325 3050, 8335 3050, 8345 3050, 8355 3050, 8365 3050, 8370 3045, 8375 3040, 8385 3040, 8390 3035, 8395 3030, 8405 3030, 8410 3025, 8415 3020, 8425 3020, 8435 3020, 8440 3025, 8445 3030, 8455 3030, 8460 3035, 8465 3040, 8470 3045, 8470 3055, 8470 3065, 8465 3070, 8455 3070, 8450 3065, 8445 3060, 8435 3060, 8425 3060, 8415 3060, 8405 3060, 8395 3060, 8385 3060, 8375 3060, 8365 3060, 8355 3060, 8345 3060, 8335 3060, 8325 3060, 8315 3060, 8305 3060, 8295 3060, 8285 3060, 8280 3065, 8275 3070, 8265 3070, 8260 3075, 8255 3080, 8245 3080, 8235 3080, 8230 3085, 8225 3090, 8220 3095, 8215 3100, 8210 3105, 8205 3110, 8200 3115, 8195 3120, 8190 3125, 8185 3130, 8180 3135, 8180 3145, 8180 3155, 8175 3160, 8170 3165, 8165 3170, 8155 3170, 8150 3175, 8145 3180, 8140 3185, 8135 3190, 8130 3195, 8125 3200, 8115 3200, 8105 3200, 8095 3200, 8085 3200, 8075 3200, 8070 3205, 8065 3210, 8055 3210, 8045 3210, 8040 3215, 8035 3220, 8030 3225, 8025 3230, 8020 3235, 8015 3240))"
rim,17,R1_2_T,,60550.0,1,8241.629507294247,3119.34764657308,"POLYGON ((8015 3310, 8005 3310, 7995 3310, 7985 3310, 7980 3305, 7975 3300, 7970 3295, 7965 3290, 7960 3285, 7960 3275, 7955 3270, 7950 3265, 7955 3260, 7960 3255, 7960 3245, 7960 3235, 7960 3225, 7960 3215, 7965 3210, 7975 3210, 7980 3215, 7985 3220, 7990 3225, 7995 3230, 8000 3235, 8005 3240, 8015 3240, 8020 3235, 8025 3230, 8030 3225, 8035 3220, 8040 3215, 8045 3210, 8055 3210, 8065 3210, 8070 3205, 8075 3200, 8085 3200, 8095 3200, 8105 3200, 8115 3200, 8125 3200, 8130 3195, 8135 3190, 8140 3185, 8145 3180, 8150 3175, 8155 3170, 8165 3170, 8170 3165, 8175 3160, 8180 3155, 8180 3145, 8180 3135, 8185 3130, 8190 3125, 8195 3120, 8200 3115, 8205 3110, 8210 3105, 8215 3100, 8220 3095, 8225 3090, 8230 3085, 8235 3080, 8245 3080, 8255 3080, 8260 3075, 8265 3070, 8275 3070, 8280 3065, 8285 3060, 8295 3060, 8305 3060, 8315 3060, 8325 3060, 8335 3060, 8345 3060, 8355 3060, 8365 3060, 8375 3060, 8385 3060, 8395 3060, 8405 3060, 8415 3060, 8425 3060, 8435 3060, 8445 3060, 8450 3065, 8455 3070, 8465 3070, 8470 3065, 8470 3055, 8470 3045, 8465 3040, 8460 3035, 8455 3030, 8445 3030, 8440 3025, 8435 3020, 8425 3020, 8415 3020, 8410 3025, 8405 3030, 8395 3030, 8390 3035, 8385 3040, 8375 3040, 8370 3045, 8365 3050, 8355 3050, 8345 3050, 8335 3050, 8325 3050, 8315 3050, 8305 3050, 8295 3050, 8285 3050, 8275 3050, 8265 3050, 8255 3050, 8245 3050, 8235 3050, 8225 3050, 8215 3050, 8205 3050, 8195 3050, 8185 3050, 8180 3055, 8175 3060, 8170 3065, 8165 3070, 8155 3070, 8145 3070, 8135 3070, 8125 3070, 8115 3070, 8105 3070, 8100 3075, 8095 3080, 8085 3080, 8075 3080, 8065 3080, 8055 3080, 8050 3085, 8045 3090, 8035 3090, 8025 3090, 8015 3090, 8010 3095, 8010 3105, 8010 3115, 8010 3125, 8005 3130, 8000 3135, 7995 3140, 7985 3140, 7980 3135, 7980 3125, 7980 3115, 7980 3105, 7980 3095, 7985 3090, 7990 3085, 7995 3080, 8000 3075, 8005 3070, 8015 3070, 8020 3065, 8025 3060, 8035 3060, 8040 3055, 8045 3050, 8055 3050, 8065 3050, 8075 3050, 8080 3045, 8085 3040, 8095 3040, 8105 3040, 8115 3040, 8120 3035, 8125 3030, 8135 3030, 8140 3025, 8145 3020, 8155 3020, 8165 3020, 8175 3020, 8185 3020, 8190 3015, 8195 3010, 8205 3010, 8215 3010, 8225 3010, 8235 3010, 8240 3015, 8245 3020, 8255 3020, 8260 3015, 8265 3010, 8270 3015, 8275 3020, 8285 3020, 8295 3020, 8300 3015, 8305 3010, 8315 3010, 8325 3010, 8330 3005, 8335 3000, 8345 3000, 8355 3000, 8365 3000, 8375 3000, 8385 3000, 8395 3000, 8405 3000, 8415 3000, 8425 3000, 8435 3000, 8445 3000, 8455 3000, 8465 3000, 8475 3000, 8485 3000, 8495 3000, 8505 3000, 8510 3005, 8515 3010, 8520 3015, 8525 3020, 8530 3025, 8535 3030, 8540 3035, 8540 3045, 8535 3050, 8530 3055, 8530 3065, 8525 3070, 8520 3075, 8520 3085, 8520 3095, 8520 3105, 8525 3110, 8530 3115, 8525 3120, 8520 3125, 8515 3130, 8510 3135, 8505 3140, 8495 3140, 8485 3140, 8480 3135, 8475 3130, 8465 3130, 8455 3130, 8450 3125, 8445 3120, 8435 3120, 8425 3120, 8420 3115, 8415 3110, 8410 3115, 8405 3120, 8395 3120, 8390 3115, 8385 3110, 8375 3110, 8365 3110, 8355 3110, 8345 3110, 8335 3110, 8325 3110, 8315 3110, 8310 3115, 8305 3120, 8295 3120, 8290 3125, 8285 3130, 8275 3130, 8265 3130, 8260 3135, 8255 3140, 8250 3145, 8245 3150, 8240 3155, 8235 3160, 8230 3165, 8235 3170, 8240 3175, 8235 3180, 8230 3185, 8225 3190, 8220 3195, 8220 3205, 8215 3210, 8210 3215, 8205 3220, 8200 3225, 8195 3230, 8190 3225, 8185 3220, 8180 3225, 8175 3230, 8170 3235, 8165 3240, 8160 3245, 8155 3250, 8150 3255, 8145 3260, 8135 3260, 8125 3260, 8115 3260, 8110 3255, 8105 3250, 8100 3255, 8095 3260, 8085 3260, 8075 3260, 8070 3265, 8065 3270, 8060 3275, 8055 3280, 8050 3285, 8045 3290, 8035 3290, 8030 3295, 8025 3300, 8020 3305, 8015 3310))"
lesion,18,R1_2_T,,23150.0,1,9427.471202303816,3286.9204463642905,"POLYGON ((9465 3380, 9455 3380, 9450 3375, 9445 3370, 9440 3365, 9435 3360, 9430 3365, 9425 3370, 9420 3365, 9415 3360, 9410 3355, 9405 3350, 9395 3350, 9385 3350, 9375 3350, 9370 3345, 9365 3340, 9360 3335, 9355 3330, 9350 3325, 9345 3320, 9340 3315, 9335 3310, 9330 3305, 9330 3295, 9330 3285, 9330 3275, 9330 3265, 9330 3255, 9335 3250, 9340 3245, 9345 3240, 9350 3235, 9355 3230, 9365 3230, 9375 3230, 9380 3235, 9385 3240, 9390 3245, 9395 3250, 9400 3245, 9405 3240, 9410 3235, 9415 3230, 9420 3225, 9415 3220, 9410 3215, 9410 3205, 9415 3200, 9420 3195, 9425 3190, 9430 3185, 9435 3180, 9445 3180, 9450 3185, 9455 3190, 9460 3195, 9465 3200, 9470 3205, 9470 3215, 9470 3225, 9475 3230, 9480 3235, 9485 3240, 9490 3245, 9495 3250, 9500 3255, 9505 3260, 9510 3265, 9510 3275, 9515 3280, 9520 3285, 9520 3295, 9520 3305, 9520 3315, 9515 3320, 9510 3325, 9505 3330, 9500 3335, 9495 3340, 9490 3345, 9490 3355, 9485 3360, 9480 3365, 9475 3370, 9470 3375, 9465 3380))"
core,18,R1_2_T,,450.0,1,9445.0,3295.0,"POLYGON ((9445 3310, 9440 3305, 9435 3300, 9430 3295, 9435 3290, 9440 3285, 9445 3280, 9450 3285, 9455 3290, 9460 3295, 9455 3300, 9450 3305, 9445 3310))"
rim,18,R1_2_T,,22700.0,1,9427.123715124817,3286.760279001468,"POLYGON ((9465 3380, 9455 3380, 9450 3375, 9445 3370, 9440 3365, 9435 3360, 9430 3365, 9425 3370, 9420 3365, 9415 3360, 9410 3355, 9405 3350, 9395 3350, 9385 3350, 9375 3350, 9370 3345, 9365 3340, 9360 3335, 9355 3330, 9350 3325, 9345 3320, 9340 3315, 9335 3310, 9330 3305, 9330 3295, 9330 3285, 9330 3275, 9330 3265, 9330 3255, 9335 3250, 9340 3245, 9345 3240, 9350 3235, 9355 3230, 9365 3230, 9375 3230, 9380 3235, 9385 3240, 9390 3245, 9395 3250, 9400 3245, 9405 3240, 9410 3235, 9415 3230, 9420 3225, 9415 3220, 9410 3215, 9410 3205, 9415 3200, 9420 3195, 9425 3190, 9430 3185, 9435 3180, 9445 3180, 9450 3185, 9455 3190, 9460 3195, 9465 3200, 9470 3205, 9470 3215, 9470 3225, 9475 3230, 9480 3235, 9485 3240, 9490 3245, 9495 3250, 9500 3255, 9505 3260, 9510 3265, 9510 3275, 9515 3280, 9520 3285, 9520 3295, 9520 3305, 9520 3315, 9515 3320, 9510 3325, 9505 3330, 9500 3335, 9495 3340, 9490 3345, 9490 3355, 9485 3360, 9480 3365, 9475 3370, 9470 3375, 9465 3380), (9450 3305, 9455 3300, 9460 3295, 9455 3290, 9450 3285, 9445 3280, 9440 3285, 9435 3290, 9430 3295, 9435 3300, 9440 3305, 9445 3310, 9450 3305))"
lesion,22,P3_1_C,,1650.0,1,7043.762626262626,3440.8838383838383,"POLYGON ((7035 3480, 7025 3480, 7020 3475, 7020 3465, 7020 3455, 7025 3450, 7030 3445, 7030 3435, 7035 3430, 7040 3425, 7045 3420, 7050 3415, 7055 3410, 7060 3405, 7065 3400, 7070 3405, 7070 3415, 7070 3425, 7065 3430, 7060 3435, 7055 3440, 7050 3445, 7045 3450, 7040 3455, 7040 3465, 7040 3475, 7035 3480))"
rim,22,P3_1_C,,1650.0,1,7043.762626262626,3440.8838383838383,"POLYGON ((7035 3480, 7025 3480, 7020 3475, 7020 3465, 7020 3455, 7025 3450, 7030 3445, 7030 3435, 7035 3430, 7040 3425, 7045 3420, 7050 3415, 7055 3410, 7060 3405, 7065 3400, 7070 3405, 7070 3415, 7070 3425, 7065 3430, 7060 3435, 7055 3440, 7050 3445, 7045 3450, 7040 3455, 7040 3465, 7040 3475, 7035 3480))"
lesion,23,P3_1_C,,24250.0,1,5321.998281786941,3535.8711340206187,"POLYGON ((5365 3630, 5355 3630, 5345 3630, 5335 3630, 5325 3630, 5320 3625, 5315 3620, 5310 3615, 5305 3610, 5300 3605, 5295 3600, 5285 3600, 5280 3595, 5275 3590, 5265 3590, 5260 3585, 5255 3580, 5250 3575, 5245 3570, 5240 3565, 5240 3555, 5235 3550, 5230 3545, 5230 3535, 5235 3530, 5240 3525, 5240 3515, 5240 3505, 5245 3500, 5250 3495, 5250 3485, 5250 3475, 5250 3465, 5255 3460, 5260 3455, 5265 3450, 5270 3445, 5275 3440, 5285 3440, 5295 3440, 5300 3445, 5305 3450, 5310 3445, 5315 3440, 5325 3440, 5330 3445, 5335 3450, 5345 3450, 5350 3455, 5355 3460, 5360 3465, 5365 3470, 5370 3475, 5375 3480, 5380 3485, 5385 3490, 5390 3495, 5390 3505, 5390 3515, 5390 3525, 5390 3535, 5395 3540, 5400 3545, 5405 3550, 5410 3555, 5410 3565, 5410 3575, 5410 3585, 5410 3595, 5405 3600, 5400 3605, 5395 3610, 5390 3615, 5385 3620, 5375 3620, 5370 3625, 5365 3630))"
core,23,P3_1_C,,2750.0,1,5318.530303030303,3538.166666666667,"POLYGON ((5345 3580, 5340 3575, 5335 3570, 5325 3570, 5320 3565, 5315 3560, 5305 3560, 5300 3555, 5295 3550, 5290 3545, 5290 3535, 5290 3525, 5295 3520, 5300 3515, 5300 3505, 5305 3500, 5315 3500, 5320 3505, 5325 3510, 5330 3515, 5335 3520, 5340 3525, 5340 3535, 5340 3545, 5340 3555, 5345 3560, 5350 3565, 5350 3575, 5345 3580))"
rim,23,P3_1_C,,21500.0,1,5322.441860465116,3535.5775193798454,"POLYGON ((5365 3630, 5355 3630, 5345 3630, 5335 3630, 5325 3630, 5320 3625, 5315 3620, 5310 3615, 5305 3610, 5300 3605, 5295 3600, 5285 3600, 5280 3595, 5275 3590, 5265 3590, 5260 3585, 5255 3580, 5250 3575, 5245 3570, 5240 3565, 5240 3555, 5235 3550, 5230 3545, 5230 3535, 5235 3530, 5240 3525, 5240 3515, 5240 3505, 5245 3500, 5250 3495, 5250 3485, 5250 3475, 5250 3465, 5255 3460, 5260 3455, 5265 3450, 5270 3445, 5275 3440, 5285 3440, 5295 3440, 5300 3445, 5305 3450, 5310 3445, 5315 3440, 5325 3440, 5330 3445, 5335 3450, 5345 3450, 5350 3455, 5355 3460, 5360 3465, 5365 3470, 5370 3475, 5375 3480, 5380 3485, 5385 3490, 5390 3495, 5390 3505, 5390 3515, 5390 3525, 5390 3535, 5395 3540, 5400 3545, 5405 3550, 5410 3555, 5410 3565, 5410 3575, 5410 3585, 5410 3595, 5405 3600, 5400 3605, 5395 3610, 5390 3615, 5385 3620, 5375 3620, 5370 3625, 5365 3630), (5350 3575, 5350 3565, 5345 3560, 5340 3555, 5340 3545, 5340 3535, 5340 3525, 5335 3520, 5330 3515, 5325 3510, 5320 3505, 5315 3500, 5305 3500, 5300 3505, 5300 3515, 5295 3520, 5290 3525, 5290 3535, 5290 3545, 5295 3550, 5300 3555, 5305 3560, 5315 3560, 5320 3565, 5325 3570, 5335 3570, 5340 3575, 5345 3580, 5350 3575))"
lesion,25,P3_1_C,,34750.0,1,5879.0551558752995,3663.875299760192,"POLYGON ((5825 3780, 5815 3780, 5805 3780, 5800 3775, 5795 3770, 5790 3765, 5785 3760, 5780 3755, 5775 3750, 5770 3745, 5770 3735, 5770 3725, 5765 3720, 5760 3715, 5765 3710, 5770 3705, 5770 3695, 5770 3685, 5765 3680, 5760 3675, 5765 3670, 5770 3665, 5775 3660, 5780 3655, 5785 3650, 5790 3645, 5795 3640, 5800 3635, 5805 3630, 5810 3625, 5815 3620, 5820 3615, 5825 3610, 5830 3605, 5835 3600, 5840 3595, 5840 3585, 5845 3580, 5850 3575, 5855 3570, 5860 3565, 5865 3560, 5870 3555, 5875 3550, 5885 3550, 5890 3545, 5895 3540, 5900 3545, 5905 3550, 5915 3550, 5925 3550, 5930 3555, 5935 3560, 5940 3565, 5945 3570, 5950 3575, 5955 3580, 5960 3585, 5965 3590, 5970 3595, 5975 3600, 5980 3605, 5985 3610, 5990 3615, 5990 3625, 5990 3635, 5990 3645, 5990 3655, 5990 3665, 5990 3675, 5985 3680, 5980 3685, 5980 3695, 5985 3700, 5990 3705, 5985 3710, 5975 3710, 5970 3715, 5965 3720, 5955 3720, 5950 3725, 5945 3730, 5935 3730, 5925 3730, 5915 3730, 5910 3735, 5905 3740, 5895 3740, 5885 3740, 5880 3745, 5875 3750, 5865 3750, 5855 3750, 5850 3755, 5845 3760, 5840 3765, 5835 3770, 5830 3775, 5825 3780))"
core,25,P3_1_C,,9650.0,1,5885.837651122625,3682.020725388601,"POLYGON ((5905 3740, 5900 3735, 5895 3730, 5885 3730, 5875 3730, 5865 3730, 5855 3730, 5845 3730, 5835 3730, 5830 3725, 5825 3720, 5820 3715, 5820 3705, 5820 3695, 5825 3690, 5830 3685, 5835 3680, 5840 3675, 5845 3670, 5850 3665, 5855 3660, 5860 3655, 5865 3650, 5870 3645, 5875 3640, 5880 3635, 5880 3625, 5885 3620, 5890 3615, 5895 3610, 5905 3610, 5910 3615, 5915 3620, 5920 3625, 5925 3630, 5930 3635, 5935 3640, 5940 3645, 5940 3655, 5935 3660, 5930 3665, 5930 3675, 5930 3685, 5930 3695, 5930 3705, 5930 3715, 5930 3725, 5925 3730, 5915 3730, 5910 3735, 5905 3740))"
rim,25,P3_1_C,,25050.0,1,5876.3705921490355,3656.7465069860277,"POLYGON ((5825 3780, 5815 3780, 5805 3780, 5800 3775, 5795 3770, 5790 3765, 5785 3760, 5780 3755, 5775 3750, 5770 3745, 5770 3735, 5770 3725, 5765 3720, 5760 3715, 5765 3710, 5770 3705, 5770 3695, 5770 3685, 5765 3680, 5760 3675, 5765 3670, 5770 3665, 5775 3660, 5780 3655, 5785 3650, 5790 3645, 5795 3640, 5800 3635, 5805 3630, 5810 3625, 5815 3620, 5820 3615, 5825 3610, 5830 3605, 5835 3600, 5840 3595, 5840 3585, 5845 3580, 5850 3575, 5855 3570, 5860 3565, 5865 3560, 5870 3555, 5875 3550, 5885 3550, 5890 3545, 5895 3540, 5900 3545, 5905 3550, 5915 3550, 5925 3550, 5930 3555, 5935 3560, 5940 3565, 5945 3570, 5950 3575, 5955 3580, 5960 3585, 5965 3590, 5970 3595, 5975 3600, 5980 3605, 5985 3610, 5990 3615, 5990 3625, 5990 3635, 5990 3645, 5990 3655, 5990 3665, 5990 3675, 5985 3680, 5980 3685, 5980 3695, 5985 3700, 5990 3705, 5985 3710, 5975 3710, 5970 3715, 5965 3720, 5955 3720, 5950 3725, 5945 3730, 5935 3730, 5930 3725, 5930 3715, 5930 3705, 5930 3695, 5930 3685, 5930 3675, 5930 3665, 5935 3660, 5940 3655, 5940 3645, 5935 3640, 5930 3635, 5925 3630, 5920 3625, 5915 3620, 5910 3615, 5905 3610, 5895 3610, 5890 3615, 5885 3620, 5880 3625, 5880 3635, 5875 3640, 5870 3645, 5865 3650, 5860 3655, 5855 3660, 5850 3665, 5845 3670, 5840 3675, 5835 3680, 5830 3685, 5825 3690, 5820 3695, 5820 3705, 5820 3715, 5825 3720, 5830 3725, 5835 3730, 5845 3730, 5855 3730, 5865 3730, 5875 3730, 5885 3730, 5895 3730, 5900 3735, 5895 3740, 5885 3740, 5880 3745, 5875 3750, 5865 3750, 5855 3750, 5850 3755, 5845 3760, 5840 3765, 5835 3770, 5830 3775, 5825 3780))"
lesion,26,R1_2_T,,121850.0,1,9005.702366297359,3891.7124880317333,"POLYGON ((9025 4120, 9015 4120, 9010 4115, 9005 4110, 9000 4105, 8995 4100, 8990 4095, 8985 4090, 8975 4090, 8970 4085, 8965 4080, 8960 4085, 8955 4090, 8945 4090, 8935 4090, 8925 4090, 8915 4090, 8910 4095, 8905 4100, 8895 4100, 8885 4100, 8880 4095, 8875 4090, 8870 4085, 8865 4080, 8855 4080, 8850 4075, 8845 4070, 8835 4070, 8830 4065, 8825 4060, 8820 4055, 8815 4050, 8810 4045, 8805 4040, 8800 4035, 8800 4025, 8795 4020, 8790 4015, 8790 4005, 8785 4000, 8780 3995, 8780 3985, 8785 3980, 8790 3975, 8795 3970, 8800 3965, 8805 3960, 8810 3955, 8815 3950, 8820 3945, 8815 3940, 8810 3935, 8810 3925, 8815 3920, 8820 3915, 8820 3905, 8825 3900, 8830 3895, 8830 3885, 8830 3875, 8830 3865, 8835 3860, 8840 3855, 8840 3845, 8840 3835, 8845 3830, 8850 3825, 8855 3820, 8860 3815, 8860 3805, 8860 3795, 8860 3785, 8860 3775, 8860 3765, 8860 3755, 8865 3750, 8870 3745, 8870 3735, 8875 3730, 8880 3725, 8885 3720, 8890 3715, 8895 3710, 8905 3710, 8915 3710, 8925 3710, 8935 3710, 8945 3710, 8955 3710, 8965 3710, 8970 3715, 8975 3720, 8985 3720, 8990 3725, 8995 3730, 9005 3730, 9015 3730, 9020 3725, 9025 3720, 9030 3725, 9035 3730, 9040 3735, 9045 3740, 9055 3740, 9060 3745, 9065 3750, 9070 3745, 9075 3740, 9085 3740, 9090 3745, 9095 3750, 9100 3755, 9105 3760, 9115 3760, 9120 3765, 9125 3770, 9130 3765, 9135 3760, 9145 3760, 9155 3760, 9165 3760, 9175 3760, 9180 3755, 9185 3750, 9190 3745, 9195 3740, 9205 3740, 9210 3735, 9215 3730, 9220 3725, 9225 3720, 9235 3720, 9240 3725, 9245 3730, 9250 3735, 9255 3740, 9260 3745, 9260 3755, 9265 3760, 9270 3765, 9265 3770, 9260 3775, 9265 3780, 9270 3785, 9270 3795, 9275 3800, 9280 3805, 9275 3810, 9270 3815, 9265 3820, 9260 3825, 9260 3835, 9255 3840, 9250 3845, 9245 3850, 9240 3855, 9235 3860, 9230 3865, 9225 3870, 9220 3875, 9220 3885, 9215 3890, 9210 3895, 9205 3900, 9200 3905, 9195 3910, 9185 3910, 9180 3915, 9175 3920, 9170 3925, 9165 3930, 9160 3935, 9155 3940, 9150 3945, 9145 3950, 9140 3955, 9140 3965, 9135 3970, 9130 3975, 9125 3980, 9120 3985, 9115 3990, 9105 3990, 9100 3995, 9095 4000, 9090 4005, 9085 4010, 9080 4015, 9075 4020, 9065 4020, 9055 4020, 9045 4020, 9040 4025, 9035 4030, 9030 4035, 9025 4040, 9020 4045, 9015 4050, 9010 4055, 9010 4065, 9015 4070, 9020 4075, 9020 4085, 9020 4095, 9025 4100, 9030 4105, 9030 4115, 9025 4120))"
core,26,R1_2_T,,57750.0,1,9001.752525252525,3905.5115440115437,"POLYGON ((9025 4040, 9015 4040, 9005 4040, 9000 4035, 8995 4030, 8985 4030, 8975 4030, 8965 4030, 8955 4030, 8945 4030, 8935 4030, 8930 4035, 8925 4040, 8915 4040, 8905 4040, 8900 4035, 8895 4030, 8885 4030, 8880 4025, 8875 4020, 8865 4020, 8860 4015, 8855 4010, 8850 4005, 8850 3995, 8855 3990, 8860 3985, 8865 3980, 8870 3975, 8870 3965, 8870 3955, 8870 3945, 8870 3935, 8875 3930, 8880 3925, 8880 3915, 8880 3905, 8880 3895, 8885 3890, 8890 3885, 8890 3875, 8890 3865, 8895 3860, 8900 3855, 8905 3850, 8910 3845, 8910 3835, 8910 3825, 8910 3815, 8910 3805, 8910 3795, 8910 3785, 8915 3780, 8920 3775, 8920 3765, 8925 3760, 8935 3760, 8940 3765, 8945 3770, 8955 3770, 8960 3775, 8965 3780, 8975 3780, 8985 3780, 8995 3780, 9005 3780, 9010 3785, 9015 3790, 9025 3790, 9030 3795, 9035 3800, 9045 3800, 9055 3800, 9065 3800, 9070 3805, 9075 3810, 9085 3810, 9090 3815, 9095 3820, 9105 3820, 9115 3820, 9125 3820, 9135 3820, 9145 3820, 9155 3820, 9160 3815, 9165 3810, 9175 3810, 9185 3810, 9195 3810, 9200 3815, 9195 3820, 9190 3825, 9185 3830, 9180 3835, 9180 3845, 9175 3850, 9170 3855, 9170 3865, 9165 3870, 9160 3875, 9155 3880, 9150 3885, 9150 3895, 9145 3900, 9140 3905, 9135 3910, 9130 3915, 9125 3920, 9120 3925, 9115 3930, 9110 3935, 9110 3945, 9105 3950, 9100 3955, 9095 3960, 9090 3965, 9085 3970, 9080 3975, 9075 3980, 9070 3985, 9070 3995, 9065 4000, 9060 4005, 9060 4015, 9055 4020, 9045 4020, 9040 4025, 9035 4030, 9030 4035, 9025 4040))"
rim,26,R1_2_T,,64050.0,1,9009.236924277908,3879.162763466042,"POLYGON ((9025 4120, 9015 4120, 9010 4115, 9005 4110, 9000 4105, 8995 4100, 8990 4095, 8985 4090, 8975 4090, 8970 4085, 8965 4080, 8960 4085, 8955 4090, 8945 4090, 8935 4090, 8925 4090, 8915 4090, 8910 4095, 8905 4100, 8895 4100, 8885 4100, 8880 4095, 8875 4090, 8870 4085, 8865 4080, 8855 4080, 8850 4075, 8845 4070, 8835 4070, 8830 4065, 8825 4060, 8820 4055, 8815 4050, 8810 4045, 8805 4040, 8800 4035, 8800 4025, 8795 4020, 8790 4015, 8790 4005, 8785 4000, 8780 3995, 8780 3985, 8785 3980, 8790 3975, 8795 3970, 8800 3965, 8805 3960, 8810 3955, 8815 3950, 8820 3945, 8815 3940, 8810 3935, 8810 3925, 8815 3920, 8820 3915, 8820 3905, 8825 3900, 8830 3895, 8830 3885, 8830 3875, 8830 3865, 8835 3860, 8840 3855, 8840 3845, 8840 3835, 8845 3830, 8850 3825, 8855 3820, 8860 3815, 8860 3805, 8860 3795, 8860 3785, 8860 3775, 8860 3765, 8860 3755, 8865 3750, 8870 3745, 8870 3735, 8875 3730, 8880 3725, 8885 3720, 8890 3715, 8895 3710, 8905 3710, 8915 3710, 8925 3710, 8935 3710, 8945 3710, 8955 3710, 8965 3710, 8970 3715, 8975 3720, 8985 3720, 8990 3725, 8995 3730, 9005 3730, 9015 3730, 9020 3725, 9025 3720, 9030 3725, 9035 3730, 9040 3735, 9045 3740, 9055 3740, 9060 3745, 9065 3750, 9070 3745, 9075 3740, 9085 3740, 9090 3745, 9095 3750, 9100 3755, 9105 3760, 9115 3760, 9120 3765, 9125 3770, 9130 3765, 9135 3760, 9145 3760, 9155 3760, 9165 3760, 9175 3760, 9180 3755, 9185 3750, 9190 3745, 9195 3740, 9205 3740, 9210 3735, 9215 3730, 9220 3725, 9225 3720, 9235 3720, 9240 3725, 9245 3730, 9250 3735, 9255 3740, 9260 3745, 9260 3755, 9265 3760, 9270 3765, 9265 3770, 9260 3775, 9265 3780, 9270 3785, 9270 3795, 9275 3800, 9280 3805, 9275 3810, 9270 3815, 9265 3820, 9260 3825, 9260 3835, 9255 3840, 9250 3845, 9245 3850, 9240 3855, 9235 3860, 9230 3865, 9225 3870, 9220 3875, 9220 3885, 9215 3890, 9210 3895, 9205 3900, 9200 3905, 9195 3910, 9185 3910, 9180 3915, 9175 3920, 9170 3925, 9165 3930, 9160 3935, 9155 3940, 9150 3945, 9145 3950, 9140 3955, 9140 3965, 9135 3970, 9130 3975, 9125 3980, 9120 3985, 9115 3990, 9105 3990, 9100 3995, 9095 4000, 9090 4005, 9085 4010, 9080 4015, 9075 4020, 9065 4020, 9060 4015, 9060 4005, 9065 4000, 9070 3995, 9070 3985, 9075 3980, 9080 3975, 9085 3970, 9090 3965, 9095 3960, 9100 3955, 9105 3950, 9110 3945, 9110 3935, 9115 3930, 9120 3925, 9125 3920, 9130 3915, 9135 3910, 9140 3905, 9145 3900, 9150 3895, 9150 3885, 9155 3880, 9160 3875, 9165 3870, 9170 3865, 9170 3855, 9175 3850, 9180 3845, 9180 3835, 9185 3830, 9190 3825, 9195 3820, 9200 3815, 9195 3810, 9185 3810, 9175 3810, 9165 3810, 9160 3815, 9155 3820, 9145 3820, 9135 3820, 9125 3820, 9115 3820, 9105 3820, 9095 3820, 9090 3815, 9085 3810, 9075 3810, 9070 3805, 9065 3800, 9055 3800, 9045 3800, 9035 3800, 9030 3795, 9025 3790, 9015 3790, 9010 3785, 9005 3780, 8995 3780, 8985 3780, 8975 3780, 8965 3780, 8960 3775, 8955 3770, 8945 3770, 8940 3765, 8935 3760, 8925 3760, 8920 3765, 8920 3775, 8915 3780, 8910 3785, 8910 3795, 8910 3805, 8910 3815, 8910 3825, 8910 3835, 8910 3845, 8905 3850, 8900 3855, 8895 3860, 8890 3865, 8890 3875, 8890 3885, 8885 3890, 8880 3895, 8880 3905, 8880 3915, 8880 3925, 8875 3930, 8870 3935, 8870 3945, 8870 3955, 8870 3965, 8870 3975, 8865 3980, 8860 3985, 8855 3990, 8850 3995, 8850 4005, 8855 4010, 8860 4015, 8865 4020, 8875 4020, 8880 4025, 8885 4030, 8895 4030, 8900 4035, 8905 4040, 8915 4040, 8925 4040, 8930 4035, 8935 4030, 8945 4030, 8955 4030, 8965 4030, 8975 4030, 8985 4030, 8995 4030, 9000 4035, 9005 4040, 9015 4040, 9020 4045, 9015 4050, 9010 4055, 9010 4065, 9015 4070, 9020 4075, 9020 4085, 9020 4095, 9025 4100, 9030 4105, 9030 4115, 9025 4120))"
lesion,28,R1_2_T,,14450.0,1,8650.994809688582,4141.859861591695,"POLYGON ((8675 4190, 8665 4190, 8655 4190, 8645 4190, 8635 4190, 8625 4190, 8615 4190, 8605 4190, 8595 4190, 8590 4185, 8585 4180, 8575 4180, 8570 4185, 8565 4190, 8560 4185, 8555 4180, 8550 4175, 8545 4170, 8540 4165, 8545 4160, 8550 4155, 8555 4150, 8560 4145, 8565 4140, 8570 4135, 8575 4130, 8585 4130, 8595 4130, 8600 4125, 8605 4120, 8610 4115, 8615 4110, 8620 4105, 8625 4100, 8630 4095, 8635 4090, 8640 4085, 8645 4080, 8650 4075, 8655 4070, 8665 4070, 8670 4075, 8675 4080, 8680 4085, 8685 4090, 8695 4090, 8700 4095, 8705 4100, 8710 4105, 8715 4110, 8720 4115, 8725 4120, 8730 4125, 8735 4130, 8740 4135, 8745 4140, 8750 4145, 8755 4150, 8760 4155, 8755 4160, 8750 4165, 8750 4175, 8745 4180, 8735 4180, 8730 4175, 8725 4170, 8720 4165, 8715 4160, 8705 4160, 8695 4160, 8685 4160, 8680 4165, 8680 4175, 8680 4185, 8675 4190))"
core,28,R1_2_T,,350.0,1,8665.0,4152.619047619048,"POLYGON ((8675 4160, 8665 4160, 8655 4160, 8650 4155, 8655 4150, 8660 4145, 8665 4140, 8670 4145, 8675 4150, 8680 4155, 8675 4160))"
rim,28,R1_2_T,,14050.0,1,8650.542704626334,4141.527283511269,"POLYGON ((8675 4190, 8665 4190, 8655 4190, 8645 4190, 8635 4190, 8625 4190, 8615 4190, 8605 4190, 8595 4190, 8590 4185, 8585 4180, 8575 4180, 8570 4185, 8565 4190, 8560 4185, 8555 4180, 8550 4175, 8545 4170, 8540 4165, 8545 4160, 8550 4155, 8555 4150, 8560 4145, 8565 4140, 8570 4135, 8575 4130, 8585 4130, 8595 4130, 8600 4125, 8605 4120, 8610 4115, 8615 4110, 8620 4105, 8625 4100, 8630 4095, 8635 4090, 8640 4085, 8645 4080, 8650 4075, 8655 4070, 8665 4070, 8670 4075, 8675 4080, 8680 4085, 8685 4090, 8695 4090, 8700 4095, 8705 4100, 8710 4105, 8715 4110, 8720 4115, 8725 4120, 8730 4125, 8735 4130, 8740 4135, 8745 4140, 8750 4145, 8755 4150, 8760 4155, 8755 4160, 8750 4165, 8750 4175, 8745 4180, 8735 4180, 8730 4175, 8725 4170, 8720 4165, 8715 4160, 8705 4160, 8695 4160, 8685 4160, 8680 4155, 8675 4150, 8670 4145, 8665 4140, 8660 4145, 8655 4150, 8650 4155, 8655 4160, 8665 4160, 8675 4160, 8680 4165, 8680 4175, 8680 4185, 8675 4190))"
lesion,29,P3_1_T,,16350.0,1,2818.4862385321103,8093.1753312945975,"POLYGON ((2845 8170, 2835 8170, 2830 8165, 2825 8160, 2820 8155, 2815 8150, 2810 8145, 2805 8140, 2795 8140, 2785 8140, 2775 8140, 2770 8145, 2765 8150, 2760 8145, 2755 8140, 2745 8140, 2735 8140, 2730 8135, 2725 8130, 2720 8125, 2715 8120, 2710 8115, 2715 8110, 2720 8105, 2725 8100, 2730 8095, 2735 8090, 2740 8085, 2745 8080, 2750 8075, 2755 8070, 2760 8065, 2765 8060, 2770 8055, 2775 8050, 2785 8050, 2790 8045, 2795 8040, 2800 8045, 2805 8050, 2815 8050, 2825 8050, 2830 8045, 2835 8040, 2845 8040, 2850 8035, 2855 8030, 2860 8025, 2865 8020, 2870 8015, 2875 8010, 2880 8015, 2885 8020, 2890 8025, 2895 8030, 2900 8035, 2905 8040, 2910 8045, 2905 8050, 2900 8055, 2900 8065, 2900 8075, 2895 8080, 2890 8085, 2890 8095, 2885 8100, 2880 8105, 2880 8115, 2875 8120, 2870 8125, 2870 8135, 2865 8140, 2860 8145, 2855 8150, 2850 8155, 2850 8165, 2845 8170))"
rim,29,P3_1_T,,16350.0,1,2818.4862385321103,8093.1753312945975,"POLYGON ((2845 8170, 2835 8170, 2830 8165, 2825 8160, 2820 8155, 2815 8150, 2810 8145, 2805 8140, 2795 8140, 2785 8140, 2775 8140, 2770 8145, 2765 8150, 2760 8145, 2755 8140, 2745 8140, 2735 8140, 2730 8135, 2725 8130, 2720 8125, 2715 8120, 2710 8115, 2715 8110, 2720 8105, 2725 8100, 2730 8095, 2735 8090, 2740 8085, 2745 8080, 2750 8075, 2755 8070, 2760 8065, 2765 8060, 2770 8055, 2775 8050, 2785 8050, 2790 8045, 2795 8040, 2800 8045, 2805 8050, 2815 8050, 2825 8050, 2830 8045, 2835 8040, 2845 8040, 2850 8035, 2855 8030, 2860 8025, 2865 8020, 2870 8015, 2875 8010, 2880 8015, 2885 8020, 2890 8025, 2895 8030, 2900 8035, 2905 8040, 2910 8045, 2905 8050, 2900 8055, 2900 8065, 2900 8075, 2895 8080, 2890 8085, 2890 8095, 2885 8100, 2880 8105, 2880 8115, 2875 8120, 2870 8125, 2870 8135, 2865 8140, 2860 8145, 2855 8150, 2850 8155, 2850 8165, 2845 8170))"
lesion,31,P3_1_T,,128050.0,1,1088.7283613171937,8243.48496680984,"POLYGON ((1035 8410, 1030 8405, 1025 8400, 1020 8405, 1015 8410, 1005 8410, 1000 8405, 995 8400, 985 8400, 975 8400, 965 8400, 955 8400, 950 8395, 945 8390, 935 8390, 925 8390, 920 8395, 915 8400, 905 8400, 900 8395, 895 8390, 890 8385, 885 8380, 880 8375, 875 8370, 870 8365, 865 8360, 860 8355, 855 8350, 850 8345, 850 8335, 850 8325, 850 8315, 850 8305, 850 8295, 850 8285, 850 8275, 850 8265, 850 8255, 850 8245, 855 8240, 860 8235, 860 8225, 860 8215, 860 8205, 860 8195, 860 8185, 860 8175, 860 8165, 865 8160, 870 8155, 870 8145, 870 8135, 870 8125, 870 8115, 870 8105, 870 8095, 875 8090, 880 8085, 885 8080, 895 8080, 900 8085, 905 8090, 915 8090, 920 8095, 925 8100, 935 8100, 940 8095, 940 8085, 945 8080, 955 8080, 965 8080, 970 8085, 975 8090, 980 8095, 985 8100, 995 8100, 1000 8105, 1005 8110, 1010 8115, 1015 8120, 1025 8120, 1030 8125, 1035 8130, 1040 8135, 1045 8140, 1050 8135, 1055 8130, 1060 8135, 1065 8140, 1070 8135, 1075 8130, 1080 8125, 1085 8120, 1090 8115, 1095 8110, 1100 8105, 1105 8100, 1115 8100, 1125 8100, 1130 8105, 1135 8110, 1145 8110, 1150 8105, 1155 8100, 1160 8105, 1165 8110, 1175 8110, 1185 8110, 1190 8115, 1195 8120, 1200 8125, 1205 8130, 1210 8135, 1215 8140, 1225 8140, 1230 8145, 1235 8150, 1245 8150, 1255 8150, 1260 8155, 1265 8160, 1270 8155, 1275 8150, 1280 8155, 1285 8160, 1290 8155, 1295 8150, 1300 8145, 1305 8140, 1315 8140, 1325 8140, 1330 8145, 1335 8150, 1345 8150, 1350 8155, 1355 8160, 1365 8160, 1375 8160, 1385 8160, 1390 8165, 1395 8170, 1400 8175, 1405 8180, 1410 8185, 1415 8190, 1420 8195, 1420 8205, 1420 8215, 1415 8220, 1410 8225, 1405 8230, 1400 8235, 1395 8240, 1390 8245, 1385 8250, 1380 8255, 1375 8260, 1370 8265, 1365 8270, 1360 8275, 1355 8280, 1345 8280, 1340 8285, 1335 8290, 1330 8295, 1325 8300, 1320 8305, 1315 8310, 1305 8310, 1295 8310, 1290 8315, 1285 8320, 1275 8320, 1265 8320, 1260 8325, 1255 8330, 1245 8330, 1235 8330, 1225 8330, 1220 8335, 1215 8340, 1205 8340, 1195 8340, 1190 8345, 1185 8350, 1180 8355, 1175 8360, 1165 8360, 1160 8365, 1155 8370, 1145 8370, 1140 8375, 1135 8380, 1130 8385, 1125 8390, 1115 8390, 1110 8395, 1105 8400, 1095 8400, 1085 8400, 1075 8400, 1065 8400, 1055 8400, 1045 8400, 1040 8405, 1035 8410))"
core,31,P3_1_T,,64450.0,1,1065.8572536850272,8246.144297905354,"POLYGON ((1035 8360, 1030 8355, 1025 8350, 1020 8355, 1015 8360, 1005 8360, 1000 8355, 995 8350, 985 8350, 975 8350, 965 8350, 955 8350, 950 8345, 945 8340, 935 8340, 925 8340, 915 8340, 910 8335, 905 8330, 900 8325, 895 8320, 890 8315, 885 8310, 880 8305, 885 8300, 890 8295, 890 8285, 890 8275, 890 8265, 890 8255, 890 8245, 890 8235, 890 8225, 890 8215, 890 8205, 890 8195, 885 8190, 880 8185, 880 8175, 885 8170, 890 8165, 890 8155, 890 8145, 895 8140, 900 8135, 905 8130, 910 8125, 915 8120, 925 8120, 930 8125, 935 8130, 945 8130, 950 8135, 955 8140, 965 8140, 970 8145, 975 8150, 980 8155, 985 8160, 995 8160, 1000 8165, 1005 8170, 1010 8175, 1015 8180, 1025 8180, 1035 8180, 1040 8185, 1045 8190, 1050 8185, 1055 8180, 1060 8185, 1065 8190, 1070 8185, 1075 8180, 1085 8180, 1095 8180, 1100 8175, 1105 8170, 1110 8165, 1115 8160, 1120 8155, 1125 8150, 1130 8155, 1135 8160, 1145 8160, 1150 8155, 1155 8150, 1160 8155, 1165 8160, 1170 8165, 1175 8170, 1180 8175, 1185 8180, 1195 8180, 1200 8185, 1205 8190, 1215 8190, 1225 8190, 1230 8195, 1235 8200, 1245 8200, 1255 8200, 1260 8205, 1265 8210, 1270 8205, 1275 8200, 1280 8205, 1285 8210, 1290 8205, 1295 8200, 1305 8200, 1315 8200, 1325 8200, 1335 8200, 1345 8200, 1350 8205, 1350 8215, 1345 8220, 1340 8225, 1335 8230, 1330 8235, 1325 8240, 1315 8240, 1310 8245, 1305 8250, 1300 8255, 1295 8260, 1290 8265, 1285 8270, 1275 8270, 1265 8270, 1260 8275, 1255 8280, 1245 8280, 1235 8280, 1225 8280, 1220 8285, 1215 8290, 1205 8290, 1195 8290, 1190 8295, 1185 8300, 1175 8300, 1165 8300, 1160 8305, 1155 8310, 1150 8315, 1145 8320, 1135 8320, 1130 8325, 1125 8330, 1115 8330, 1110 8335, 1105 8340, 1100 8345, 1095 8350, 1085 8350, 1075 8350, 1065 8350, 1055 8350, 1045 8350, 1040 8355, 1035 8360))"
rim,31,P3_1_T,,63600.0,1,1111.905136268344,8240.790094339623,"POLYGON ((1035 8410, 1030 8405, 1025 8400, 1020 8405, 1015 8410, 1005 8410, 1000 8405, 995 8400, 985 8400, 975 8400, 965 8400, 955 8400, 950 8395, 945 8390, 935 8390, 925 8390, 920 8395, 915 8400, 905 8400, 900 8395, 895 8390, 890 8385, 885 8380, 880 8375, 875 8370, 870 8365, 865 8360, 860 8355, 855 8350, 850 8345, 850 8335, 850 8325, 850 8315, 850 8305, 850 8295, 850 8285, 850 8275, 850 8265, 850 8255, 850 8245, 855 8240, 860 8235, 860 8225, 860 8215, 860 8205, 860 8195, 860 8185, 860 8175, 860 8165, 865 8160, 870 8155, 870 8145, 870 8135, 870 8125, 870 8115, 870 8105, 870 8095, 875 8090, 880 8085, 885 8080, 895 8080, 900 8085, 905 8090, 915 8090, 920 8095, 925 8100, 935 8100, 940 8095, 940 8085, 945 8080, 955 8080, 965 8080, 970 8085, 975 8090, 980 8095, 985 8100, 995 8100, 1000 8105, 1005 8110, 1010 8115, 1015 8120, 1025 8120, 1030 8125, 1035 8130, 1040 8135, 1045 8140, 1050 8135, 1055 8130, 1060 8135, 1065 8140, 1070 8135, 1075 8130, 1080 8125, 1085 8120, 1090 8115, 1095 8110, 1100 8105, 1105 8100, 1115 8100, 1125 8100, 1130 8105, 1135 8110, 1145 8110, 1150 8105, 1155 8100, 1160 8105, 1165 8110, 1175 8110, 1185 8110, 1190 8115, 1195 8120, 1200 8125, 1205 8130, 1210 8135, 1215 8140, 1225 8140, 1230 8145, 1235 8150, 1245 8150, 1255 8150, 1260 8155, 1265 8160, 1270 8155, 1275 8150, 1280 8155, 1285 8160, 1290 8155, 1295 8150, 1300 8145, 1305 8140, 1315 8140, 1325 8140, 1330 8145, 1335 8150, 1345 8150, 1350 8155, 1355 8160, 1365 8160, 1375 8160, 1385 8160, 1390 8165, 1395 8170, 1400 8175, 1405 8180, 1410 8185, 1415 8190, 1420 8195, 1420 8205, 1420 8215, 1415 8220, 1410 8225, 1405 8230, 1400 8235, 1395 8240, 1390 8245, 1385 8250, 1380 8255, 1375 8260, 1370 8265, 1365 8270, 1360 8275, 1355 8280, 1345 8280, 1340 8285, 1335 8290, 1330 8295, 1325 8300, 1320 8305, 1315 8310, 1305 8310, 1295 8310, 1290 8315, 1285 8320, 1275 8320, 1265 8320, 1260 8325, 1255 8330, 1245 8330, 1235 8330, 1225 8330, 1220 8335, 1215 8340, 1205 8340, 1195 8340, 1190 8345, 1185 8350, 1180 8355, 1175 8360, 1165 8360, 1160 8365, 1155 8370, 1145 8370, 1140 8375, 1135 8380, 1130 8385, 1125 8390, 1115 8390, 1110 8395, 1105 8400, 1095 8400, 1085 8400, 1075 8400, 1065 8400, 1055 8400, 1045 8400, 1040 8405, 1035 8410), (1040 8355, 1045 8350, 1055 8350, 1065 8350, 1075 8350, 1085 8350, 1095 8350, 1100 8345, 1105 8340, 1110 8335, 1115 8330, 1125 8330, 1130 8325, 1135 8320, 1145 8320, 1150 8315, 1155 8310, 1160 8305, 1165 8300, 1175 8300, 1185 8300, 1190 8295, 1195 8290, 1205 8290, 1215 8290, 1220 8285, 1225 8280, 1235 8280, 1245 8280, 1255 8280, 1260 8275, 1265 8270, 1275 8270, 1285 8270, 1290 8265, 1295 8260, 1300 8255, 1305 8250, 1310 8245, 1315 8240, 1325 8240, 1330 8235, 1335 8230, 1340 8225, 1345 8220, 1350 8215, 1350 8205, 1345 8200, 1335 8200, 1325 8200, 1315 8200, 1305 8200, 1295 8200, 1290 8205, 1285 8210, 1280 8205, 1275 8200, 1270 8205, 1265 8210, 1260 8205, 1255 8200, 1245 8200, 1235 8200, 1230 8195, 1225 8190, 1215 8190, 1205 8190, 1200 8185, 1195 8180, 1185 8180, 1180 8175, 1175 8170, 1170 8165, 1165 8160, 1160 8155, 1155 8150, 1150 8155, 1145 8160, 1135 8160, 1130 8155, 1125 8150, 1120 8155, 1115 8160, 1110 8165, 1105 8170, 1100 8175, 1095 8180, 1085 8180, 1075 8180, 1070 8185, 1065 8190, 1060 8185, 1055 8180, 1050 8185, 1045 8190, 1040 8185, 1035 8180, 1025 8180, 1015 8180, 1010 8175, 1005 8170, 1000 8165, 995 8160, 985 8160, 980 8155, 975 8150, 970 8145, 965 8140, 955 8140, 950 8135, 945 8130, 935 8130, 930 8125, 925 8120, 915 8120, 910 8125, 905 8130, 900 8135, 895 8140, 890 8145, 890 8155, 890 8165, 885 8170, 880 8175, 880 8185, 885 8190, 890 8195, 890 8205, 890 8215, 890 8225, 890 8235, 890 8245, 890 8255, 890 8265, 890 8275, 890 8285, 890 8295, 885 8300, 880 8305, 885 8310, 890 8315, 895 8320, 900 8325, 905 8330, 910 8335, 915 8340, 925 8340, 935 8340, 945 8340, 950 8345, 955 8350, 965 8350, 975 8350, 985 8350, 995 8350, 1000 8355, 1005 8360, 1015 8360, 1020 8355, 1025 8350, 1030 8355, 1035 8360, 1040 8355))"
lesion,32,P3_1_T,,6050.0,1,1131.2534435261707,8763.347107438016,"POLYGON ((1145 8820, 1140 8815, 1135 8810, 1130 8805, 1125 8800, 1120 8795, 1115 8790, 1105 8790, 1100 8785, 1095 8780, 1090 8775, 1085 8770, 1080 8765, 1080 8755, 1085 8750, 1090 8745, 1095 8740, 1100 8735, 1105 8730, 1110 8725, 1115 8720, 1120 8715, 1125 8710, 1130 8715, 1135 8720, 1145 8720, 1150 8725, 1155 8730, 1160 8735, 1165 8740, 1170 8745, 1170 8755, 1170 8765, 1170 8775, 1170 8785, 1170 8795, 1165 8800, 1160 8805, 1155 8810, 1150 8815, 1145 8820))"
rim,32,P3_1_T,,6050.0,1,1131.2534435261707,8763.347107438016,"POLYGON ((1145 8820, 1140 8815, 1135 8810, 1130 8805, 1125 8800, 1120 8795, 1115 8790, 1105 8790, 1100 8785, 1095 8780, 1090 8775, 1085 8770, 1080 8765, 1080 8755, 1085 8750, 1090 8745, 1095 8740, 1100 8735, 1105 8730, 1110 8725, 1115 8720, 1120 8715, 1125 8710, 1130 8715, 1135 8720, 1145 8720, 1150 8725, 1155 8730, 1160 8735, 1165 8740, 1170 8745, 1170 8755, 1170 8765, 1170 8775, 1170 8785, 1170 8795, 1165 8800, 1160 8805, 1155 8810, 1150 8815, 1145 8820))"
peri,0,R1_2_T,1;3,44550.0,1,8842.066030677142,1259.0207631874298,"POLYGON ((8625 1410, 8620 1405, 8620 1395, 8620 1385, 8615 1380, 8610 1375, 8610 1365, 8615 1360, 8620 1355, 8620 1345, 8620 1335, 8625 1330, 8630 1325, 8635 1320, 8640 1315, 8645 1310, 8650 1305, 8655 1300, 8660 1295, 8665 1290, 8670 1285, 8675 1280, 8680 1275, 8685 1270, 8690 1265, 8695 1260, 8700 1255, 8705 1250, 8715 1250, 8720 1245, 8725 1240, 8735 1240, 8740 1235, 8745 1230, 8750 1225, 8755 1220, 8765 1220, 8770 1215, 8775 1210, 8785 1210, 8790 1205, 8795 1200, 8805 1200, 8810 1195, 8815 1190, 8825 1190, 8835 1190, 8840 1185, 8845 1180, 8855 1180, 8865 1180, 8870 1175, 8875 1170, 8885 1170, 8895 1170, 8905 1170, 8915 1170, 8925 1170, 8935 1170, 8945 1170, 8955 1170, 8965 1170, 8975 1170, 8985 1170, 8995 1170, 9005 1170, 9015 1170, 9025 1170, 9035 1170, 9040 1175, 9045 1180, 9050 1185, 9055 1190, 9060 1195, 9065 1200, 9070 1205, 9075 1210, 9080 1215, 9085 1220, 9090 1225, 9090 1235, 9095 1240, 9100 1245, 9100 1255, 9105 1260, 9110 1265, 9105 1270, 9095 1270, 9090 1265, 9085 1260, 9075 1260, 9065 1260, 9055 1260, 9045 1260, 9035 1260, 9025 1260, 9020 1265, 9015 1270, 9010 1265, 9005 1260, 8995 1260, 8985 1260, 8980 1265, 8975 1270, 8970 1265, 8965 1260, 8955 1260, 8945 1260, 8940 1255, 8935 1250, 8925 1250, 8915 1250, 8910 1255, 8905 1260, 8900 1265, 8895 1270, 8885 1270, 8875 1270, 8870 1275, 8865 1280, 8855 1280, 8845 1280, 8835 1280, 8830 1285, 8825 1290, 8820 1295, 8815 1300, 8805 1300, 8795 1300, 8790 1305, 8785 1310, 8780 1315, 8775 1320, 8765 1320, 8760 1325, 8755 1330, 8745 1330, 8735 1330, 8730 1335, 8730 1345, 8725 1350, 8720 1355, 8715 1360, 8710 1365, 8705 1370, 8695 1370, 8690 1375, 8690 1385, 8685 1390, 8675 1390, 8670 1395, 8665 1400, 8655 1400, 8645 1400, 8635 1400, 8630 1405, 8625 1410))"
peri,2,,2,53650.0,1,9607.69726623175,1404.6155638397017,"POLYGON ((9865 1660, 9860 1655, 9855 1650, 9850 1645, 9845 1640, 9840 1635, 9840 1625, 9835 1620, 9825 1620, 9820 1615, 9815 1610, 9810 1605, 9805 1600, 9795 1600, 9790 1595, 9785 1590, 9780 1585, 9775 1580, 9770 1575, 9765 1570, 9760 1565, 9760 1555, 9760 1545, 9755 1540, 9745 1540, 9735 1540, 9730 1535, 9725 1530, 9715 1530, 9710 1525, 9705 1520, 9700 1515, 9695 1510, 9690 1505, 9685 1500, 9680 1495, 9675 1490, 9670 1485, 9665 1480, 9655 1480, 9650 1475, 9645 1470, 9640 1465, 9635 1460, 9625 1460, 9620 1455, 9615 1450, 9610 1445, 9605 1440, 9595 1440, 9590 1435, 9585 1430, 9580 1425, 9575 1420, 9570 1415, 9570 1405, 9565 1400, 9555 1400, 9545 1400, 9540 1395, 9535 1390, 9525 1390, 9520 1385, 9515 1380, 9510 1375, 9505 1370, 9495 1370, 9485 1370, 9480 1365, 9475 1360, 9470 1355, 9465 1350, 9460 1345, 9455 1340, 9445 1340, 9435 1340, 9430 1335, 9425 1330, 9415 1330, 9405 1330, 9395 1330, 9390 1325, 9385 1320, 9375 1320, 9365 1320, 9360 1315, 9355 1310, 9345 1310, 9340 1315, 9335 1320, 9330 1315, 9325 1310, 9315 1310, 9305 1310, 9300 1305, 9305 1300, 9310 1295, 9315 1290, 9320 1285, 9325 1280, 9330 1275, 9335 1270, 9340 1265, 9345 1260, 9355 1260, 9360 1255, 9365 1250, 9375 1250, 9380 1245, 9385 1240, 9395 1240, 9405 1240, 9415 1240, 9425 1240, 9435 1240, 9445 1240, 9450 1245, 9455 1250, 9465 1250, 9475 1250, 9480 1255, 9485 1260, 9490 1265, 9495 1270, 9505 1270, 9510 1275, 9515 1280, 9525 1280, 9530 1285, 9535 1290, 9545 1290, 9550 1295, 9555 1300, 9565 1300, 9570 1305, 9575 1310, 9585 1310, 9590 1315, 9595 1320, 9600 1325, 9605 1330, 9610 1335, 9615 1340, 9625 1340, 9630 1345, 9635 1350, 9640 1355, 9645 1360, 9650 1365, 9655 1370, 9660 1375, 9665 1380, 9670 1385, 9675 1390, 9685 1390, 9690 1395, 9695 1400, 9700 1405, 9705 1410, 9710 1415, 9715 1420, 9720 1425, 9725 1430, 9730 1435, 9735 1440, 9740 1445, 9745 1450, 9755 1450, 9760 1455, 9765 1460, 9775 1460, 9780 1465, 9785 1470, 9795 1470, 9800 1475, 9805 1480, 9810 1485, 9815 1490, 9820 1495, 9825 1500, 9830 1505, 9830 1515, 9835 1520, 9840 1525, 9840 1535, 9840 1545, 9840 1555, 9845 1560, 9850 1565, 9850 1575, 9850 1585, 9850 1595, 9855 1600, 9860 1605, 9860 1615, 9865 1620, 9870 1625, 9870 1635, 9870 1645, 9870 1655, 9865 1660))"
peri,0,R1_2_T,1;3;7;10;12,419150.0,1,8699.750785319495,1905.3448447254364,"POLYGON ((8765 2520, 8760 2515, 8755 2510, 8750 2505, 8745 2500, 8740 2495, 8735 2490, 8725 2490, 8715 2490, 8710 2485, 8705 2480, 8700 2475, 8695 2470, 8690 2465, 8685 2460, 8680 2455, 8675 2450, 8670 2445, 8665 2440, 8660 2435, 8655 2430, 8650 2425, 8645 2420, 8640 2415, 8640 2405, 8645 2400, 8650 2395, 8650 2385, 8645 2380, 8640 2375, 8635 2370, 8630 2365, 8625 2360, 8615 2360, 8610 2365, 8605 2370, 8595 2370, 8585 2370, 8575 2370, 8565 2370, 8555 2370, 8545 2370, 8540 2375, 8535 2380, 8530 2385, 8525 2390, 8520 2395, 8515 2400, 8505 2400, 8500 2405, 8495 2410, 8490 2405, 8485 2400, 8475 2400, 8465 2400, 8455 2400, 8450 2405, 8445 2410, 8440 2405, 8435 2400, 8430 2405, 8425 2410, 8420 2405, 8415 2400, 8405 2400, 8400 2405, 8395 2410, 8390 2405, 8385 2400, 8380 2395, 8375 2390, 8365 2390, 8355 2390, 8345 2390, 8340 2385, 8335 2380, 8330 2375, 8325 2370, 8320 2365, 8315 2360, 8310 2355, 8315 2350, 8320 2345, 8325 2340, 8330 2335, 8335 2330, 8340 2325, 8345 2320, 8350 2315, 8350 2305, 8345 2300, 8340 2295, 8345 2290, 8350 2285, 8355 2280, 8360 2275, 8365 2270, 8370 2265, 8370 2255, 8375 2250, 8380 2245, 8380 2235, 8380 2225, 8380 2215, 8375 2210, 8370 2205, 8365 2200, 8360 2195, 8355 2190, 8345 2190, 8335 2190, 8330 2195, 8325 2200, 8315 2200, 8310 2195, 8305 2190, 8295 2190, 8285 2190, 8275 2190, 8265 2190, 8260 2185, 8265 2180, 8275 2180, 8280 2175, 8285 2170, 8295 2170, 8300 2165, 8305 2160, 8310 2155, 8315 2150, 8320 2145, 8325 2140, 8330 2135, 8335 2130, 8340 2125, 8345 2120, 8350 2115, 8350 2105, 8350 2095, 8350 2085, 8350 2075, 8350 2065, 8355 2060, 8360 2055, 8365 2050, 8370 2045, 8370 2035, 8370 2025, 8370 2015, 8375 2010, 8380 2005, 8380 1995, 8380 1985, 8380 1975, 8385 1970, 8390 1965, 8390 1955, 8390 1945, 8390 1935, 8395 1930, 8400 1935, 8405 1940, 8410 1945, 8415 1950, 8420 1945, 8425 1940, 8430 1945, 8435 1950, 8440 1955, 8445 1960, 8450 1955, 8455 1950, 8460 1955, 8465 1960, 8470 1965, 8475 1970, 8480 1975, 8485 1980, 8490 1975, 8495 1970, 8500 1965, 8505 1960, 8510 1955, 8515 1950, 8520 1945, 8525 1940, 8530 1935, 8535 1930, 8545 1930, 8550 1925, 8555 1920, 8560 1925, 8565 1930, 8570 1925, 8575 1920, 8585 1920, 8590 1915, 8595 1910, 8600 1915, 8605 1920, 8610 1925, 8615 1930, 8620 1935, 8625 1940, 8630 1945, 8635 1950, 8640 1955, 8635 1960, 8630 1965, 8625 1970, 8620 1975, 8625 1980, 8630 1985, 8635 1990, 8640 1995, 8645 2000, 8655 2000, 8660 2005, 8665 2010, 8670 2005, 8675 2000, 8680 1995, 8685 1990, 8690 1985, 8690 1975, 8690 1965, 8695 1960, 8700 1955, 8695 1950, 8690 1945, 8685 1940, 8680 1935, 8675 1930, 8670 1925, 8665 1920, 8660 1915, 8655 1910, 8650 1905, 8650 1895, 8645 1890, 8640 1885, 8645 1880, 8650 1875, 8650 1865, 8655 1860, 8660 1855, 8660 1845, 8665 1840, 8670 1835, 8670 1825, 8670 1815, 8670 1805, 8670 1795, 8670 1785, 8675 1780, 8680 1775, 8675 1770, 8670 1765, 8665 1760, 8660 1755, 8660 1745, 8655 1740, 8650 1735, 8650 1725, 8650 1715, 8645 1710, 8640 1705, 8640 1695, 8640 1685, 8645 1680, 8650 1675, 8655 1670, 8660 1665, 8665 1660, 8670 1655, 8670 1645, 8675 1640, 8680 1635, 8675 1630, 8670 1625, 8670 1615, 8665 1610, 8660 1605, 8655 1600, 8650 1595, 8645 1590, 8640 1585, 8635 1580, 8625 1580, 8620 1575, 8615 1570, 8605 1570, 8600 1565, 8595 1560, 8585 1560, 8580 1555, 8575 1550, 8565 1550, 8555 1550, 8545 1550, 8540 1555, 8535 1560, 8530 1555, 8525 1550, 8515 1550, 8510 1555, 8505 1560, 8500 1565, 8495 1570, 8490 1575, 8490 1585, 8490 1595, 8485 1600, 8480 1605, 8475 1610, 8470 1615, 8465 1620, 8460 1625, 8455 1630, 8450 1635, 8445 1640, 8440 1645, 8435 1650, 8430 1655, 8425 1660, 8420 1665, 8415 1670, 8410 1675, 8405 1680, 8400 1685, 8395 1690, 8390 1695, 8385 1700, 8380 1695, 8380 1685, 8380 1675, 8380 1665, 8380 1655, 8380 1645, 8380 1635, 8380 1625, 8380 1615, 8380 1605, 8380 1595, 8385 1590, 8390 1585, 8390 1575, 8395 1570, 8400 1565, 8405 1560, 8410 1555, 8415 1550, 8420 1545, 8425 1540, 8430 1535, 8435 1530, 8445 1530, 8450 1525, 8455 1520, 8465 1520, 8475 1520, 8485 1520, 8495 1520, 8505 1520, 8515 1520, 8520 1515, 8525 1510, 8535 1510, 8545 1510, 8550 1505, 8555 1500, 8565 1500, 8575 1500, 8580 1495, 8585 1490, 8590 1485, 8595 1480, 8600 1475, 8605 1470, 8610 1465, 8615 1460, 8620 1455, 8620 1445, 8625 1440, 8630 1435, 8635 1430, 8640 1425, 8645 1420, 8655 1420, 8665 1420, 8675 1420, 8685 1420, 8690 1415, 8695 1410, 8700 1405, 8705 1400, 8710 1395, 8715 1390, 8720 1385, 8725 1380, 8735 1380, 8740 1375, 8745 1370, 8755 1370, 8760 1375, 8765 1380, 8770 1385, 8775 1390, 8780 1395, 8785 1400, 8790 1405, 8795 1410, 8800 1415, 8805 1420, 8810 1425, 8815 1430, 8820 1435, 8825 1440, 8835 1440, 8840 1445, 8845 1450, 8850 1455, 8855 1460, 8860 1455, 8865 1450, 8870 1455, 8875 1460, 8880 1465, 8885 1470, 8890 1465, 8895 1460, 8900 1455, 8905 1450, 8910 1445, 8905 1440, 8900 1435, 8905 1430, 8910 1425, 8915 1420, 8920 1415, 8925 1410, 8930 1405, 8935 1400, 8940 1395, 8945 1390, 8950 1395, 8955 1400, 8960 1395, 8965 1390, 8970 1385, 8975 1380, 8980 1375, 8975 1370, 8970 1365, 8975 1360, 8980 1355, 8980 1345, 8975 1340, 8970 1335, 8965 1330, 8960 1325, 8965 1320, 8970 1315, 8965 1310, 8960 1305, 8955 1300, 8950 1295, 8945 1290, 8940 1285, 8945 1280, 8955 1280, 8960 1285, 8965 1290, 8975 1290, 8985 1290, 8995 1290, 9005 1290, 9015 1290, 9025 1290, 9030 1285, 9035 1280, 9040 1285, 9045 1290, 9055 1290, 9065 1290, 9075 1290, 9085 1290, 9095 1290, 9105 1290, 9115 1290, 9125 1290, 9135 1290, 9140 1295, 9145 1300, 9150 1305, 9150 1315, 9150 1325, 9150 1335, 9150 1345, 9150 1355, 9150 1365, 9150 1375, 9150 1385, 9150 1395, 9150 1405, 9150 1415, 9150 1425, 9145 1430, 9140 1435, 9140 1445, 9135 1450, 9130 1455, 9130 1465, 9125 1470, 9120 1475, 9120 1485, 9115 1490, 9110 1495, 9105 1500, 9100 1505, 9095 1510, 9090 1515, 9085 1520, 9080 1525, 9075 1530, 9070 1535, 9065 1540, 9055 1540, 9050 1545, 9050 1555, 9045 1560, 9040 1565, 9035 1570, 9030 1575, 9025 1580, 9020 1585, 9015 1590, 9010 1595, 9005 1600, 9000 1605, 8995 1610, 8985 1610, 8980 1615, 8975 1620, 8965 1620, 8960 1625, 8955 1630, 8945 1630, 8940 1635, 8935 1640, 8925 1640, 8915 1640, 8905 1640, 8895 1640, 8885 1640, 8875 1640, 8865 1640, 8855 1640, 8850 1645, 8850 1655, 8850 1665, 8850 1675, 8850 1685, 8845 1690, 8840 1695, 8840 1705, 8840 1715, 8845 1720, 8850 1725, 8850 1735, 8850 1745, 8850 1755, 8850 1765, 8850 1775, 8850 1785, 8850 1795, 8850 1805, 8850 1815, 8850 1825, 8845 1830, 8840 1835, 8840 1845, 8840 1855, 8845 1860, 8850 1865, 8850 1875, 8855 1880, 8860 1885, 8860 1895, 8865 1900, 8870 1905, 8870 1915, 8870 1925, 8870 1935, 8870 1945, 8870 1955, 8870 1965, 8870 1975, 8870 1985, 8870 1995, 8870 2005, 8865 2010, 8860 2015, 8860 2025, 8860 2035, 8855 2040, 8850 2045, 8850 2055, 8845 2060, 8840 2065, 8840 2075, 8835 2080, 8830 2085, 8830 2095, 8825 2100, 8820 2105, 8815 2110, 8810 2115, 8805 2120, 8800 2125, 8795 2130, 8790 2135, 8785 2140, 8780 2145, 8775 2150, 8765 2150, 8760 2155, 8755 2160, 8745 2160, 8740 2165, 8735 2170, 8725 2170, 8720 2175, 8715 2180, 8705 2180, 8695 2180, 8685 2180, 8675 2180, 8665 2180, 8655 2180, 8645 2180, 8635 2180, 8625 2180, 8615 2180, 8610 2175, 8605 2170, 8595 2170, 8590 2165, 8585 2160, 8575 2160, 8570 2155, 8565 2150, 8555 2150, 8550 2145, 8545 2140, 8540 2145, 8540 2155, 8545 2160, 8550 2165, 8550 2175, 8550 2185, 8550 2195, 8555 2200, 8560 2195, 8565 2190, 8575 2190, 8585 2190, 8595 2190, 8605 2190, 8615 2190, 8625 2190, 8635 2190, 8645 2190, 8655 2190, 8665 2190, 8675 2190, 8680 2195, 8685 2200, 8695 2200, 8700 2205, 8705 2210, 8715 2210, 8720 2215, 8725 2220, 8735 2220, 8740 2225, 8745 2230, 8750 2235, 8755 2240, 8760 2245, 8765 2250, 8770 2255, 8775 2260, 8780 2265, 8785 2270, 8790 2275, 8790 2285, 8795 2290, 8800 2295, 8800 2305, 8805 2310, 8810 2315, 8810 2325, 8815 2330, 8820 2335, 8825 2340, 8830 2345, 8835 2350, 8845 2350, 8850 2355, 8855 2360, 8860 2365, 8865 2370, 8870 2375, 8875 2380, 8880 2385, 8885 2390, 8890 2395, 8895 2400, 8900 2405, 8900 2415, 8905 2420, 8910 2425, 8910 2435, 8905 2440, 8895 2440, 8885 2440, 8880 2445, 8875 2450, 8870 2455, 8865 2460, 8860 2465, 8855 2470, 8850 2475, 8845 2480, 8835 2480, 8830 2485, 8825 2490, 8820 2495, 8815 2500, 8805 2500, 8795 2500, 8790 2505, 8785 2510, 8775 2510, 8770 2515, 8765 2520))"
peri,0,R1_2_T,2;6;8;13;14;18,653600.0,1,9601.204164116687,2389.455133108935,"POLYGON ((9485 3550, 9475 3550, 9465 3550, 9455 3550, 9445 3550, 9435 3550, 9425 3550, 9415 3550, 9405 3550, 9400 3545, 9395 3540, 9385 3540, 9375 3540, 9370 3535, 9365 3530, 9355 3530, 9350 3525, 9345 3520, 9335 3520, 9325 3520, 9320 3515, 9315 3510, 9305 3510, 9300 3505, 9295 3500, 9285 3500, 9280 3495, 9275 3490, 9265 3490, 9260 3485, 9255 3480, 9250 3475, 9245 3470, 9240 3465, 9235 3460, 9230 3455, 9225 3450, 9220 3445, 9215 3440, 9210 3435, 9205 3430, 9200 3425, 9195 3420, 9190 3415, 9190 3405, 9185 3400, 9180 3395, 9180 3385, 9175 3380, 9170 3375, 9170 3365, 9165 3360, 9160 3355, 9160 3345, 9160 3335, 9160 3325, 9160 3315, 9160 3305, 9160 3295, 9160 3285, 9160 3275, 9160 3265, 9160 3255, 9160 3245, 9160 3235, 9160 3225, 9160 3215, 9160 3205, 9165 3200, 9170 3195, 9170 3185, 9175 3180, 9180 3175, 9180 3165, 9185 3160, 9190 3155, 9190 3145, 9195 3140, 9200 3135, 9205 3130, 9210 3125, 9215 3120, 9220 3115, 9225 3110, 9230 3105, 9235 3100, 9240 3095, 9245 3090, 9255 3090, 9260 3085, 9265 3080, 9275 3080, 9280 3075, 9285 3070, 9295 3070, 9300 3065, 9305 3060, 9310 3055, 9315 3050, 9320 3045, 9325 3040, 9335 3040, 9340 3035, 9345 3030, 9355 3030, 9360 3025, 9365 3020, 9375 3020, 9380 3015, 9385 3010, 9395 3010, 9405 3010, 9415 3010, 9425 3010, 9435 3010, 9445 3010, 9450 3005, 9450 2995, 9450 2985, 9455 2980, 9460 2975, 9460 2965, 9465 2960, 9470 2955, 9470 2945, 9475 2940, 9480 2935, 9480 2925, 9475 2920, 9465 2920, 9455 2920, 9445 2920, 9435 2920, 9425 2920, 9420 2915, 9415 2910, 9405 2910, 9400 2905, 9395 2900, 9385 2900, 9380 2895, 9375 2890, 9365 2890, 9360 2885, 9355 2880, 9350 2875, 9345 2870, 9340 2865, 9335 2860, 9330 2855, 9325 2850, 9320 2845, 9315 2840, 9310 2835, 9305 2830, 9300 2825, 9300 2815, 9295 2810, 9290 2805, 9290 2795, 9285 2790, 9280 2785, 9280 2775, 9285 2770, 9290 2765, 9295 2760, 9305 2760, 9315 2760, 9320 2755, 9325 2750, 9335 2750, 9345 2750, 9355 2750, 9365 2750, 9375 2750, 9385 2750, 9395 2750, 9400 2745, 9405 2740, 9415 2740, 9420 2735, 9420 2725, 9425 2720, 9430 2715, 9435 2710, 9440 2715, 9445 2720, 9450 2725, 9455 2730, 9460 2735, 9465 2740, 9470 2745, 9475 2750, 9480 2745, 9485 2740, 9490 2735, 9495 2730, 9500 2725, 9505 2720, 9510 2715, 9515 2710, 9520 2705, 9525 2700, 9530 2705, 9535 2710, 9545 2710, 9555 2710, 9560 2715, 9565 2720, 9575 2720, 9580 2715, 9585 2710, 9590 2705, 9595 2700, 9600 2695, 9605 2690, 9615 2690, 9620 2685, 9625 2680, 9630 2685, 9635 2690, 9640 2685, 9645 2680, 9650 2675, 9655 2670, 9660 2665, 9655 2660, 9650 2655, 9645 2650, 9640 2645, 9635 2640, 9630 2645, 9625 2650, 9620 2645, 9615 2640, 9610 2635, 9605 2630, 9595 2630, 9585 2630, 9575 2630, 9565 2630, 9555 2630, 9550 2625, 9545 2620, 9540 2615, 9535 2610, 9530 2605, 9535 2600, 9540 2595, 9535 2590, 9530 2585, 9525 2580, 9520 2575, 9515 2570, 9505 2570, 9500 2565, 9505 2560, 9510 2555, 9515 2550, 9525 2550, 9535 2550, 9545 2550, 9550 2545, 9555 2540, 9565 2540, 9575 2540, 9580 2535, 9585 2530, 9590 2525, 9595 2520, 9600 2515, 9605 2510, 9610 2505, 9610 2495, 9610 2485, 9610 2475, 9610 2465, 9615 2460, 9620 2455, 9625 2450, 9630 2445, 9635 2440, 9640 2445, 9645 2450, 9650 2455, 9655 2460, 9660 2465, 9665 2470, 9675 2470, 9685 2470, 9690 2475, 9695 2480, 9705 2480, 9710 2485, 9715 2490, 9725 2490, 9730 2485, 9730 2475, 9730 2465, 9730 2455, 9730 2445, 9730 2435, 9730 2425, 9730 2415, 9730 2405, 9730 2395, 9735 2390, 9740 2385, 9740 2375, 9745 2370, 9750 2365, 9750 2355, 9755 2350, 9760 2345, 9760 2335, 9765 2330, 9770 2325, 9775 2320, 9780 2315, 9785 2310, 9790 2305, 9795 2300, 9800 2295, 9800 2285, 9800 2275, 9805 2270, 9810 2265, 9805 2260, 9800 2255, 9795 2250, 9790 2245, 9790 2235, 9785 2230, 9780 2225, 9775 2220, 9770 2215, 9770 2205, 9765 2200, 9760 2195, 9760 2185, 9755 2180, 9750 2175, 9750 2165, 9745 2160, 9740 2155, 9740 2145, 9735 2140, 9730 2135, 9730 2125, 9725 2120, 9720 2115, 9715 2110, 9710 2105, 9705 2100, 9700 2095, 9695 2090, 9690 2085, 9685 2080, 9680 2075, 9675 2070, 9670 2065, 9665 2060, 9660 2055, 9655 2050, 9650 2045, 9650 2035, 9645 2030, 9640 2025, 9640 2015, 9635 2010, 9630 2005, 9630 1995, 9625 1990, 9620 1985, 9620 1975, 9620 1965, 9620 1955, 9620 1945, 9620 1935, 9620 1925, 9620 1915, 9620 1905, 9620 1895, 9615 1890, 9605 1890, 9595 1890, 9585 1890, 9575 1890, 9565 1890, 9555 1890, 9550 1885, 9545 1880, 9535 1880, 9525 1880, 9515 1880, 9505 1880, 9495 1880, 9485 1880, 9475 1880, 9470 1875, 9465 1870, 9455 1870, 9445 1870, 9435 1870, 9430 1865, 9425 1860, 9415 1860, 9410 1855, 9405 1850, 9395 1850, 9390 1845, 9385 1840, 9375 1840, 9370 1835, 9365 1830, 9360 1825, 9355 1820, 9350 1815, 9345 1810, 9340 1805, 9335 1800, 9330 1795, 9325 1790, 9320 1785, 9315 1780, 9310 1775, 9310 1765, 9305 1760, 9300 1755, 9300 1745, 9295 1740, 9290 1735, 9290 1725, 9285 1720, 9280 1715, 9280 1705, 9275 1700, 9270 1695, 9270 1685, 9265 1680, 9260 1675, 9260 1665, 9255 1660, 9250 1655, 9250 1645, 9245 1640, 9240 1635, 9235 1630, 9230 1625, 9225 1620, 9220 1615, 9215 1610, 9210 1605, 9210 1595, 9205 1590, 9200 1585, 9200 1575, 9195 1570, 9190 1565, 9190 1555, 9185 1550, 9180 1545, 9180 1535, 9175 1530, 9170 1525, 9170 1515, 9170 1505, 9170 1495, 9170 1485, 9170 1475, 9170 1465, 9170 1455, 9170 1445, 9170 1435, 9170 1425, 9175 1420, 9180 1415, 9180 1405, 9185 1400, 9190 1395, 9190 1385, 9195 1380, 9200 1375, 9200 1365, 9205 1360, 9210 1355, 9215 1350, 9220 1345, 9225 1340, 9230 1335, 9235 1330, 9240 1325, 9245 1320, 9255 1320, 9265 1320, 9275 1320, 9285 1320, 9290 1325, 9295 1330, 9305 1330, 9315 1330, 9320 1335, 9325 1340, 9335 1340, 9345 1340, 9355 1340, 9365 1340, 9375 1340, 9380 1345, 9385 1350, 9395 1350, 9400 1355, 9405 1360, 9410 1365, 9415 1370, 9420 1375, 9425 1380, 9430 1385, 9425 1390, 9420 1395, 9420 1405, 9420 1415, 9420 1425, 9420 1435, 9420 1445, 9420 1455, 9415 1460, 9410 1465, 9405 1470, 9400 1475, 9395 1480, 9390 1475, 9385 1470, 9380 1465, 9375 1460, 9370 1455, 9365 1450, 9360 1455, 9355 1460, 9350 1465, 9345 1470, 9340 1475, 9345 1480, 9350 1485, 9350 1495, 9355 1500, 9360 1505, 9365 1510, 9370 1515, 9375 1520, 9380 1525, 9385 1530, 9390 1535, 9395 1540, 9400 1545, 9405 1550, 9410 1555, 9410 1565, 9415 1570, 9420 1575, 9420 1585, 9420 1595, 9420 1605, 9425 1610, 9430 1615, 9430 1625, 9435 1630, 9440 1635, 9440 1645, 9445 1650, 9450 1655, 9450 1665, 9455 1670, 9460 1675, 9465 1680, 9470 1685, 9475 1690, 9480 1695, 9485 1700, 9490 1695, 9495 1690, 9500 1695, 9505 1700, 9515 1700, 9520 1705, 9525 1710, 9535 1710, 9545 1710, 9555 1710, 9560 1705, 9565 1700, 9575 1700, 9585 1700, 9590 1705, 9595 1710, 9600 1715, 9605 1720, 9615 1720, 9625 1720, 9635 1720, 9645 1720, 9655 1720, 9660 1715, 9665 1710, 9670 1715, 9675 1720, 9680 1715, 9685 1710, 9690 1705, 9695 1700, 9705 1700, 9710 1695, 9715 1690, 9720 1685, 9725 1680, 9730 1675, 9725 1670, 9720 1665, 9715 1660, 9710 1655, 9705 1650, 9700 1645, 9705 1640, 9710 1635, 9705 1630, 9700 1625, 9700 1615, 9700 1605, 9695 1600, 9690 1595, 9695 1590, 9700 1585, 9700 1575, 9700 1565, 9705 1560, 9715 1560, 9725 1560, 9730 1565, 9735 1570, 9740 1575, 9745 1580, 9750 1585, 9755 1590, 9760 1595, 9765 1600, 9770 1605, 9775 1610, 9780 1615, 9785 1620, 9795 1620, 9800 1625, 9805 1630, 9810 1635, 9815 1640, 9820 1645, 9825 1650, 9830 1655, 9835 1660, 9840 1665, 9845 1670, 9850 1675, 9855 1680, 9860 1685, 9865 1690, 9870 1695, 9875 1700, 9880 1705, 9885 1710, 9890 1715, 9895 1720, 9900 1725, 9900 1735, 9900 1745, 9895 1750, 9890 1755, 9895 1760, 9900 1765, 9900 1775, 9905 1780, 9910 1785, 9915 1790, 9920 1795, 9920 1805, 9920 1815, 9925 1820, 9930 1825, 9935 1830, 9940 1835, 9945 1840, 9955 1840, 9965 1840, 9970 1845, 9970 1855, 9975 1860, 9980 1865, 9980 1875, 9980 1885, 9980 1895, 9985 1900, 9990 1905, 9995 1910, 10000 1915, 10005 1920, 10010 1925, 10015 1930, 10020 1935, 10025 1940, 10030 1945, 10030 1955, 10030 1965, 10030 1975, 10025 1980, 10020 1975, 10015 1970, 10010 1965, 10005 1960, 9995 1960, 9985 1960, 9975 1960, 9970 1955, 9965 1950, 9960 1945, 9955 1940, 9950 1935, 9945 1930, 9940 1925, 9935 1920, 9930 1915, 9925 1910, 9920 1905, 9915 1900, 9905 1900, 9895 1900, 9890 1895, 9885 1890, 9880 1895, 9875 1900, 9865 1900, 9855 1900, 9850 1895, 9845 1890, 9835 1890, 9830 1895, 9825 1900, 9820 1905, 9815 1910, 9810 1915, 9805 1920, 9800 1925, 9795 1930, 9790 1935, 9795 1940, 9800 1945, 9805 1950, 9810 1955, 9815 1960, 9820 1965, 9825 1970, 9830 1975, 9835 1980, 9840 1985, 9845 1990, 9850 1995, 9855 2000, 9860 2005, 9865 2010, 9870 2015, 9875 2020, 9880 2025, 9885 2030, 9890 2035, 9890 2045, 9890 2055, 9890 2065, 9895 2070, 9900 2075, 9900 2085, 9905 2090, 9910 2095, 9910 2105, 9915 2110, 9920 2115, 9925 2120, 9930 2125, 9930 2135, 9935 2140, 9940 2145, 9945 2150, 9950 2155, 9955 2160, 9965 2160, 9970 2155, 9975 2150, 9985 2150, 9990 2145, 9995 2140, 10000 2135, 10005 2130, 10010 2125, 10015 2120, 10020 2115, 10025 2110, 10035 2110, 10040 2105, 10045 2100, 10050 2105, 10055 2110, 10060 2115, 10065 2120, 10070 2125, 10070 2135, 10070 2145, 10070 2155, 10070 2165, 10070 2175, 10070 2185, 10070 2195, 10070 2205, 10070 2215, 10075 2220, 10080 2225, 10080 2235, 10080 2245, 10080 2255, 10085 2260, 10090 2265, 10090 2275, 10085 2280, 10080 2285, 10080 2295, 10080 2305, 10085 2310, 10090 2315, 10090 2325, 10090 2335, 10090 2345, 10090 2355, 10090 2365, 10090 2375, 10090 2385, 10090 2395, 10090 2405, 10090 2415, 10090 2425, 10095 2430, 10100 2435, 10100 2445, 10100 2455, 10100 2465, 10105 2470, 10110 2475, 10110 2485, 10105 2490, 10100 2495, 10100 2505, 10100 2515, 10100 2525, 10100 2535, 10100 2545, 10100 2555, 10100 2565, 10095 2570, 10090 2575, 10085 2580, 10075 2580, 10065 2580, 10055 2580, 10045 2580, 10035 2580, 10025 2580, 10020 2575, 10015 2570, 10010 2565, 10005 2560, 10000 2555, 9995 2550, 9990 2545, 9985 2540, 9980 2535, 9975 2530, 9970 2535, 9970 2545, 9965 2550, 9960 2555, 9955 2560, 9950 2565, 9945 2570, 9940 2575, 9935 2580, 9930 2585, 9925 2590, 9915 2590, 9905 2590, 9895 2590, 9890 2595, 9885 2600, 9880 2605, 9875 2610, 9870 2615, 9865 2620, 9855 2620, 9850 2625, 9845 2630, 9840 2635, 9835 2640, 9825 2640, 9820 2645, 9815 2650, 9810 2655, 9805 2660, 9800 2665, 9795 2670, 9790 2675, 9785 2680, 9780 2685, 9775 2690, 9770 2695, 9765 2700, 9755 2700, 9750 2705, 9745 2710, 9740 2715, 9735 2720, 9730 2725, 9725 2730, 9720 2735, 9715 2740, 9710 2745, 9705 2750, 9695 2750, 9690 2745, 9685 2740, 9680 2745, 9675 2750, 9670 2755, 9665 2760, 9660 2765, 9655 2770, 9650 2775, 9650 2785, 9650 2795, 9645 2800, 9640 2805, 9645 2810, 9650 2815, 9655 2820, 9660 2825, 9660 2835, 9665 2840, 9670 2845, 9675 2850, 9680 2855, 9685 2860, 9690 2865, 9685 2870, 9680 2875, 9675 2880, 9670 2885, 9675 2890, 9680 2895, 9685 2900, 9690 2905, 9695 2910, 9700 2905, 9705 2900, 9710 2895, 9715 2890, 9725 2890, 9730 2895, 9735 2900, 9740 2895, 9745 2890, 9750 2895, 9755 2900, 9760 2905, 9765 2910, 9770 2915, 9775 2920, 9780 2925, 9785 2930, 9790 2935, 9795 2940, 9800 2945, 9800 2955, 9800 2965, 9800 2975, 9805 2980, 9810 2985, 9805 2990, 9800 2995, 9795 3000, 9790 3005, 9785 3010, 9780 3005, 9775 3000, 9770 2995, 9765 2990, 9760 2985, 9755 2980, 9745 2980, 9740 2985, 9735 2990, 9730 2995, 9725 3000, 9720 3005, 9715 3010, 9710 3005, 9705 3000, 9700 2995, 9695 2990, 9690 2985, 9685 2980, 9675 2980, 9670 2985, 9665 2990, 9660 2995, 9655 3000, 9650 3005, 9645 3010, 9640 3015, 9635 3020, 9630 3025, 9625 3030, 9620 3035, 9625 3040, 9630 3045, 9630 3055, 9635 3060, 9640 3065, 9645 3070, 9650 3075, 9655 3080, 9660 3085, 9665 3090, 9675 3090, 9680 3095, 9685 3100, 9690 3095, 9695 3090, 9700 3085, 9705 3080, 9715 3080, 9725 3080, 9730 3075, 9735 3070, 9740 3075, 9745 3080, 9755 3080, 9760 3075, 9765 3070, 9770 3075, 9775 3080, 9780 3085, 9785 3090, 9790 3095, 9795 3100, 9800 3105, 9805 3110, 9810 3115, 9815 3120, 9820 3125, 9825 3130, 9830 3135, 9835 3140, 9840 3145, 9845 3150, 9850 3145, 9855 3140, 9860 3145, 9865 3150, 9870 3155, 9875 3160, 9880 3165, 9880 3175, 9875 3180, 9870 3185, 9865 3190, 9855 3190, 9850 3185, 9845 3180, 9835 3180, 9830 3175, 9825 3170, 9820 3165, 9815 3160, 9810 3155, 9810 3145, 9805 3140, 9800 3135, 9795 3130, 9790 3125, 9785 3120, 9775 3120, 9765 3120, 9760 3115, 9755 3110, 9745 3110, 9735 3110, 9725 3110, 9720 3115, 9715 3120, 9705 3120, 9700 3115, 9695 3110, 9685 3110, 9675 3110, 9670 3105, 9665 3100, 9655 3100, 9645 3100, 9640 3095, 9635 3090, 9630 3085, 9625 3080, 9615 3080, 9610 3075, 9605 3070, 9600 3065, 9595 3060, 9590 3055, 9585 3050, 9575 3050, 9565 3050, 9555 3050, 9550 3045, 9545 3040, 9535 3040, 9525 3040, 9515 3040, 9505 3040, 9495 3040, 9485 3040, 9475 3040, 9470 3045, 9465 3050, 9455 3050, 9450 3055, 9445 3060, 9440 3065, 9435 3070, 9430 3075, 9430 3085, 9425 3090, 9420 3095, 9420 3105, 9420 3115, 9420 3125, 9420 3135, 9420 3145, 9425 3150, 9430 3155, 9435 3160, 9440 3165, 9445 3170, 9450 3175, 9445 3180, 9435 3180, 9430 3185, 9425 3190, 9420 3195, 9415 3200, 9410 3205, 9410 3215, 9415 3220, 9420 3225, 9415 3230, 9410 3235, 9405 3240, 9400 3245, 9395 3250, 9390 3245, 9385 3240, 9380 3235, 9375 3230, 9365 3230, 9355 3230, 9350 3235, 9345 3240, 9340 3245, 9335 3250, 9330 3255, 9330 3265, 9330 3275, 9330 3285, 9330 3295, 9330 3305, 9335 3310, 9340 3315, 9345 3320, 9350 3325, 9355 3330, 9360 3335, 9365 3340, 9370 3345, 9375 3350, 9385 3350, 9395 3350, 9405 3350, 9410 3355, 9415 3360, 9420 3365, 9425 3370, 9430 3365, 9435 3360, 9440 3365, 9445 3370, 9450 3375, 9455 3380, 9465 3380, 9470 3375, 9475 3370, 9480 3365, 9485 3360, 9490 3355, 9490 3345, 9495 3340, 9500 3335, 9505 3330, 9510 3325, 9515 3320, 9520 3325, 9520 3335, 9515 3340, 9510 3345, 9510 3355, 9505 3360, 9500 3365, 9495 3370, 9490 3375, 9490 3385, 9485 3390, 9480 3395, 9480 3405, 9480 3415, 9480 3425, 9480 3435, 9485 3440, 9490 3445, 9485 3450, 9480 3455, 9475 3460, 9470 3465, 9470 3475, 9470 3485, 9470 3495, 9470 3505, 9470 3515, 9475 3520, 9480 3525, 9485 3530, 9490 3535, 9490 3545, 9485 3550), (9960 2515, 9965 2510, 9970 2505, 9975 2500, 9980 2495, 9980 2485, 9980 2475, 9980 2465, 9980 2455, 9985 2450, 9990 2445, 9995 2440, 10000 2435, 10005 2430, 10015 2430, 10020 2435, 10025 2440, 10035 2440, 10040 2435, 10045 2430, 10050 2425, 10055 2420, 10060 2415, 10060 2405, 10060 2395, 10055 2390, 10050 2385, 10055 2380, 10060 2375, 10055 2370, 10050 2365, 10050 2355, 10055 2350, 10060 2345, 10065 2340, 10070 2335, 10065 2330, 10060 2325, 10060 2315, 10065 2310, 10070 2305, 10070 2295, 10065 2290, 10060 2285, 10060 2275, 10055 2270, 10050 2265, 10045 2260, 10040 2255, 10035 2250, 10030 2255, 10025 2260, 10020 2265, 10015 2270, 10010 2275, 10005 2280, 10000 2285, 9995 2290, 9990 2295, 9985 2300, 9980 2305, 9980 2315, 9975 2320, 9970 2325, 9970 2335, 9970 2345, 9965 2350, 9960 2355, 9960 2365, 9960 2375, 9955 2380, 9950 2385, 9945 2390, 9940 2395, 9940 2405, 9935 2410, 9930 2415, 9925 2420, 9920 2425, 9915 2430, 9910 2435, 9905 2440, 9900 2445, 9900 2455, 9900 2465, 9905 2470, 9910 2475, 9915 2480, 9920 2485, 9925 2490, 9930 2495, 9935 2500, 9940 2505, 9945 2510, 9950 2515, 9955 2520, 9960 2515))"
peri,0,R1_2_T,1;3,12850.0,1,8489.08560311284,1447.2632944228274,"POLYGON ((8405 1500, 8395 1500, 8385 1500, 8375 1500, 8370 1495, 8370 1485, 8375 1480, 8380 1475, 8385 1470, 8390 1465, 8395 1460, 8400 1455, 8405 1450, 8410 1445, 8415 1440, 8420 1435, 8425 1430, 8435 1430, 8440 1425, 8445 1420, 8455 1420, 8460 1415, 8465 1410, 8475 1410, 8485 1410, 8495 1410, 8505 1410, 8510 1405, 8515 1400, 8525 1400, 8530 1405, 8535 1410, 8540 1405, 8545 1400, 8555 1400, 8565 1400, 8575 1400, 8580 1405, 8585 1410, 8595 1410, 8605 1410, 8610 1415, 8605 1420, 8595 1420, 8585 1420, 8580 1425, 8580 1435, 8585 1440, 8590 1445, 8585 1450, 8580 1455, 8575 1460, 8570 1465, 8565 1470, 8555 1470, 8545 1470, 8540 1475, 8535 1480, 8530 1475, 8525 1470, 8520 1465, 8515 1460, 8510 1465, 8505 1470, 8500 1475, 8495 1480, 8485 1480, 8475 1480, 8470 1485, 8465 1490, 8455 1490, 8450 1485, 8445 1480, 8440 1485, 8435 1490, 8430 1485, 8425 1480, 8420 1485, 8415 1490, 8410 1495, 8405 1500))"
peri,0,P3_1_C,4;5;9,190150.0,1,7021.962485756859,1867.537470418091,"POLYGON ((7565 2730, 7555 2730, 7550 2725, 7555 2720, 7560 2715, 7560 2705, 7565 2700, 7570 2695, 7575 2690, 7580 2685, 7575 2680, 7570 2675, 7570 2665, 7570 2655, 7575 2650, 7580 2645, 7575 2640, 7570 2635, 7570 2625, 7570 2615, 7575 2610, 7580 2605, 7580 2595, 7575 2590, 7570 2585, 7575 2580, 7580 2575, 7575 2570, 7570 2565, 7575 2560, 7580 2555, 7575 2550, 7570 2545, 7565 2540, 7560 2535, 7560 2525, 7560 2515, 7555 2510, 7550 2505, 7550 2495, 7550 2485, 7545 2480, 7540 2475, 7540 2465, 7540 2455, 7540 2445, 7545 2440, 7550 2435, 7545 2430, 7540 2425, 7535 2420, 7530 2415, 7530 2405, 7525 2400, 7515 2400, 7510 2395, 7505 2390, 7500 2385, 7495 2380, 7490 2375, 7485 2370, 7480 2365, 7475 2360, 7470 2355, 7465 2350, 7460 2345, 7460 2335, 7460 2325, 7455 2320, 7450 2315, 7455 2310, 7460 2305, 7455 2300, 7450 2295, 7450 2285, 7445 2280, 7440 2275, 7440 2265, 7435 2260, 7430 2255, 7430 2245, 7430 2235, 7425 2230, 7420 2225, 7415 2220, 7410 2215, 7405 2210, 7400 2205, 7395 2200, 7390 2195, 7390 2185, 7385 2180, 7380 2175, 7380 2165, 7380 2155, 7375 2150, 7370 2145, 7370 2135, 7370 2125, 7370 2115, 7365 2110, 7360 2105, 7360 2095, 7355 2090, 7350 2085, 7350 2075, 7345 2070, 7340 2065, 7340 2055, 7340 2045, 7335 2040, 7330 2035, 7330 2025, 7325 2020, 7320 2015, 7315 2010, 7310 2005, 7305 2000, 7300 1995, 7300 1985, 7295 1980, 7290 1975, 7285 1970, 7275 1970, 7270 1965, 7265 1960, 7260 1955, 7255 1950, 7250 1945, 7250 1935, 7245 1930, 7240 1925, 7235 1920, 7230 1915, 7225 1910, 7220 1905, 7220 1895, 7215 1890, 7210 1885, 7210 1875, 7205 1870, 7195 1870, 7190 1865, 7185 1860, 7180 1855, 7175 1850, 7170 1845, 7165 1840, 7160 1835, 7160 1825, 7155 1820, 7150 1815, 7145 1810, 7140 1805, 7140 1795, 7135 1790, 7130 1785, 7125 1780, 7120 1775, 7115 1770, 7110 1765, 7105 1760, 7095 1760, 7090 1755, 7085 1750, 7080 1745, 7075 1740, 7070 1735, 7065 1730, 7060 1725, 7055 1720, 7045 1720, 7040 1715, 7035 1710, 7030 1705, 7025 1700, 7020 1695, 7015 1690, 7010 1685, 7005 1680, 6995 1680, 6990 1675, 6985 1670, 6980 1665, 6975 1660, 6970 1655, 6965 1650, 6955 1650, 6950 1645, 6945 1640, 6935 1640, 6930 1635, 6925 1630, 6915 1630, 6905 1630, 6900 1625, 6895 1620, 6885 1620, 6875 1620, 6865 1620, 6860 1615, 6855 1610, 6845 1610, 6835 1610, 6830 1605, 6825 1600, 6815 1600, 6810 1595, 6805 1590, 6795 1590, 6785 1590, 6775 1590, 6765 1590, 6755 1590, 6745 1590, 6735 1590, 6725 1590, 6720 1585, 6715 1580, 6710 1585, 6705 1590, 6700 1585, 6695 1580, 6685 1580, 6675 1580, 6670 1575, 6665 1570, 6655 1570, 6645 1570, 6640 1565, 6635 1560, 6630 1565, 6625 1570, 6620 1565, 6615 1560, 6610 1565, 6605 1570, 6595 1570, 6585 1570, 6575 1570, 6570 1565, 6565 1560, 6560 1565, 6555 1570, 6550 1565, 6545 1560, 6535 1560, 6525 1560, 6515 1560, 6510 1565, 6505 1570, 6495 1570, 6490 1565, 6485 1560, 6480 1565, 6475 1570, 6470 1565, 6465 1560, 6460 1565, 6455 1570, 6445 1570, 6435 1570, 6430 1575, 6425 1580, 6415 1580, 6405 1580, 6395 1580, 6385 1580, 6380 1585, 6375 1590, 6370 1585, 6365 1580, 6360 1585, 6355 1590, 6345 1590, 6335 1590, 6330 1595, 6325 1600, 6315 1600, 6310 1605, 6305 1610, 6295 1610, 6290 1615, 6285 1620, 6275 1620, 6265 1620, 6260 1615, 6255 1610, 6245 1610, 6240 1605, 6235 1600, 6230 1595, 6225 1590, 6220 1595, 6215 1600, 6205 1600, 6195 1600, 6185 1600, 6175 1600, 6165 1600, 6160 1595, 6155 1590, 6150 1585, 6145 1580, 6140 1575, 6135 1570, 6130 1575, 6125 1580, 6115 1580, 6110 1585, 6105 1590, 6095 1590, 6090 1595, 6085 1600, 6075 1600, 6065 1600, 6060 1605, 6055 1610, 6050 1605, 6045 1600, 6040 1605, 6035 1610, 6025 1610, 6015 1610, 6010 1605, 6010 1595, 6015 1590, 6025 1590, 6030 1585, 6035 1580, 6045 1580, 6055 1580, 6065 1580, 6075 1580, 6080 1575, 6085 1570, 6095 1570, 6105 1570, 6110 1565, 6115 1560, 6120 1555, 6125 1550, 6130 1545, 6135 1540, 6140 1535, 6145 1530, 6150 1525, 6155 1520, 6165 1520, 6170 1515, 6175 1510, 6180 1515, 6185 1520, 6195 1520, 6205 1520, 6215 1520, 6225 1520, 6235 1520, 6245 1520, 6255 1520, 6265 1520, 6275 1520, 6285 1520, 6290 1515, 6295 1510, 6305 1510, 6310 1505, 6315 1500, 6325 1500, 6335 1500, 6345 1500, 6350 1495, 6355 1490, 6365 1490, 6375 1490, 6385 1490, 6395 1490, 6405 1490, 6410 1485, 6415 1480, 6425 1480, 6435 1480, 6445 1480, 6455 1480, 6465 1480, 6470 1475, 6475 1470, 6485 1470, 6495 1470, 6505 1470, 6515 1470, 6525 1470, 6535 1470, 6545 1470, 6555 1470, 6565 1470, 6575 1470, 6580 1475, 6585 1480, 6595 1480, 6605 1480, 6615 1480, 6625 1480, 6635 1480, 6645 1480, 6655 1480, 6660 1485, 6665 1490, 6675 1490, 6685 1490, 6695 1490, 6705 1490, 6715 1490, 6725 1490, 6735 1490, 6745 1490, 6755 1490, 6765 1490, 6775 1490, 6785 1490, 6790 1495, 6795 1500, 6805 1500, 6815 1500, 6825 1500, 6835 1500, 6840 1505, 6845 1510, 6855 1510, 6860 1515, 6865 1520, 6875 1520, 6885 1520, 6890 1525, 6895 1530, 6905 1530, 6915 1530, 6920 1535, 6925 1540, 6935 1540, 6940 1545, 6945 1550, 6955 1550, 6960 1555, 6965 1560, 6975 1560, 6980 1565, 6985 1570, 6995 1570, 7000 1575, 7005 1580, 7010 1585, 7015 1590, 7020 1595, 7025 1600, 7035 1600, 7040 1605, 7045 1610, 7055 1610, 7060 1615, 7065 1620, 7070 1625, 7075 1630, 7080 1635, 7085 1640, 7095 1640, 7100 1645, 7105 1650, 7110 1655, 7115 1660, 7120 1665, 7125 1670, 7135 1670, 7140 1675, 7145 1680, 7150 1685, 7155 1690, 7160 1695, 7165 1700, 7170 1705, 7175 1710, 7180 1715, 7185 1720, 7190 1725, 7195 1730, 7200 1735, 7205 1740, 7210 1745, 7215 1750, 7220 1755, 7220 1765, 7225 1770, 7230 1775, 7235 1780, 7240 1785, 7245 1790, 7250 1795, 7250 1805, 7255 1810, 7260 1815, 7265 1820, 7270 1825, 7275 1830, 7280 1835, 7285 1840, 7290 1845, 7290 1855, 7295 1860, 7300 1865, 7305 1870, 7310 1875, 7315 1880, 7320 1885, 7325 1890, 7330 1895, 7335 1900, 7340 1905, 7345 1910, 7350 1915, 7355 1920, 7360 1925, 7365 1930, 7370 1935, 7370 1945, 7375 1950, 7380 1955, 7380 1965, 7380 1975, 7380 1985, 7385 1990, 7390 1995, 7395 2000, 7400 2005, 7405 2010, 7410 2015, 7415 2020, 7425 2020, 7430 2025, 7430 2035, 7435 2040, 7440 2045, 7440 2055, 7440 2065, 7445 2070, 7450 2075, 7450 2085, 7450 2095, 7455 2100, 7460 2105, 7460 2115, 7460 2125, 7465 2130, 7470 2135, 7470 2145, 7470 2155, 7475 2160, 7480 2165, 7480 2175, 7485 2180, 7490 2185, 7495 2190, 7500 2195, 7500 2205, 7505 2210, 7510 2215, 7510 2225, 7515 2230, 7520 2235, 7520 2245, 7520 2255, 7525 2260, 7530 2265, 7530 2275, 7530 2285, 7535 2290, 7540 2295, 7540 2305, 7540 2315, 7545 2320, 7550 2325, 7555 2330, 7560 2335, 7565 2340, 7570 2345, 7575 2350, 7580 2355, 7580 2365, 7585 2370, 7590 2375, 7595 2380, 7600 2385, 7605 2390, 7610 2395, 7610 2405, 7615 2410, 7620 2415, 7620 2425, 7620 2435, 7620 2445, 7620 2455, 7620 2465, 7625 2470, 7630 2475, 7630 2485, 7630 2495, 7635 2500, 7640 2505, 7640 2515, 7645 2520, 7650 2525, 7650 2535, 7650 2545, 7650 2555, 7655 2560, 7660 2565, 7660 2575, 7660 2585, 7660 2595, 7660 2605, 7660 2615, 7660 2625, 7655 2630, 7650 2635, 7650 2645, 7645 2650, 7640 2655, 7640 2665, 7635 2670, 7630 2675, 7625 2680, 7620 2685, 7615 2690, 7610 2695, 7605 2700, 7600 2705, 7595 2710, 7590 2715, 7585 2720, 7575 2720, 7570 2725, 7565 2730))"
peri,3,R1_2_T,3,250.0,1,8515.0,1485.0,"POLYGON ((8525 1490, 8515 1490, 8505 1490, 8500 1485, 8505 1480, 8515 1480, 8525 1480, 8530 1485, 8525 1490))"
peri,2,R1_2_T,2,350.0,1,9680.0,1535.0,"POLYGON ((9685 1550, 9680 1545, 9675 1540, 9670 1535, 9670 1525, 9675 1520, 9680 1525, 9685 1530, 9690 1535, 9690 1545, 9685 1550))"
peri,0,R1_2_T,3;7;15,127650.0,1,8134.827327327328,2173.286003394699,"POLYGON ((8125 2760, 8120 2755, 8115 2750, 8105 2750, 8100 2745, 8095 2740, 8085 2740, 8080 2735, 8075 2730, 8065 2730, 8060 2725, 8055 2720, 8050 2715, 8050 2705, 8050 2695, 8050 2685, 8050 2675, 8045 2670, 8040 2665, 8040 2655, 8040 2645, 8035 2640, 8030 2635, 8030 2625, 8025 2620, 8020 2615, 8015 2610, 8005 2610, 8000 2605, 7995 2600, 7985 2600, 7980 2595, 7975 2590, 7970 2585, 7965 2580, 7960 2575, 7955 2570, 7950 2565, 7945 2560, 7940 2555, 7935 2550, 7930 2545, 7925 2540, 7920 2535, 7915 2530, 7910 2525, 7910 2515, 7905 2510, 7900 2505, 7895 2500, 7890 2495, 7885 2490, 7880 2485, 7880 2475, 7875 2470, 7870 2465, 7870 2455, 7870 2445, 7865 2440, 7860 2435, 7860 2425, 7860 2415, 7860 2405, 7860 2395, 7860 2385, 7860 2375, 7860 2365, 7860 2355, 7865 2350, 7870 2345, 7870 2335, 7875 2330, 7880 2325, 7885 2320, 7890 2315, 7890 2305, 7890 2295, 7890 2285, 7890 2275, 7890 2265, 7890 2255, 7890 2245, 7890 2235, 7890 2225, 7895 2220, 7900 2215, 7900 2205, 7905 2200, 7910 2195, 7910 2185, 7915 2180, 7920 2175, 7925 2170, 7930 2165, 7935 2160, 7940 2155, 7945 2150, 7955 2150, 7960 2145, 7965 2140, 7975 2140, 7980 2135, 7985 2130, 7995 2130, 8005 2130, 8015 2130, 8025 2130, 8035 2130, 8045 2130, 8055 2130, 8065 2130, 8075 2130, 8085 2130, 8090 2125, 8095 2120, 8105 2120, 8115 2120, 8125 2120, 8135 2120, 8145 2120, 8155 2120, 8165 2120, 8170 2115, 8175 2110, 8185 2110, 8190 2105, 8195 2100, 8200 2095, 8205 2090, 8215 2090, 8220 2085, 8225 2080, 8235 2080, 8240 2075, 8245 2070, 8250 2065, 8250 2055, 8250 2045, 8255 2040, 8265 2040, 8275 2040, 8285 2040, 8290 2035, 8285 2030, 8280 2025, 8280 2015, 8275 2010, 8270 2005, 8270 1995, 8270 1985, 8270 1975, 8270 1965, 8275 1960, 8280 1955, 8280 1945, 8280 1935, 8280 1925, 8280 1915, 8285 1910, 8290 1905, 8290 1895, 8290 1885, 8290 1875, 8290 1865, 8290 1855, 8290 1845, 8290 1835, 8290 1825, 8290 1815, 8290 1805, 8290 1795, 8290 1785, 8290 1775, 8285 1770, 8280 1765, 8280 1755, 8280 1745, 8280 1735, 8280 1725, 8275 1720, 8270 1715, 8270 1705, 8270 1695, 8270 1685, 8270 1675, 8270 1665, 8270 1655, 8270 1645, 8270 1635, 8270 1625, 8270 1615, 8270 1605, 8275 1600, 8280 1595, 8285 1590, 8290 1585, 8295 1580, 8300 1575, 8305 1570, 8310 1565, 8315 1560, 8325 1560, 8330 1565, 8335 1570, 8340 1575, 8345 1580, 8350 1585, 8350 1595, 8350 1605, 8355 1610, 8360 1615, 8360 1625, 8360 1635, 8360 1645, 8355 1650, 8350 1655, 8350 1665, 8355 1670, 8360 1675, 8360 1685, 8360 1695, 8360 1705, 8365 1710, 8370 1715, 8365 1720, 8360 1725, 8365 1730, 8370 1735, 8370 1745, 8370 1755, 8375 1760, 8380 1765, 8380 1775, 8380 1785, 8385 1790, 8390 1795, 8385 1800, 8380 1805, 8385 1810, 8390 1815, 8385 1820, 8380 1825, 8380 1835, 8380 1845, 8385 1850, 8390 1855, 8385 1860, 8380 1865, 8380 1875, 8380 1885, 8380 1895, 8380 1905, 8375 1910, 8370 1915, 8370 1925, 8370 1935, 8370 1945, 8370 1955, 8365 1960, 8360 1965, 8360 1975, 8360 1985, 8360 1995, 8355 2000, 8350 2005, 8350 2015, 8350 2025, 8345 2030, 8340 2035, 8340 2045, 8335 2050, 8330 2055, 8330 2065, 8330 2075, 8330 2085, 8330 2095, 8330 2105, 8325 2110, 8320 2115, 8315 2120, 8310 2125, 8305 2130, 8300 2135, 8295 2140, 8290 2145, 8285 2150, 8275 2150, 8270 2155, 8265 2160, 8255 2160, 8250 2165, 8245 2170, 8240 2175, 8235 2180, 8225 2180, 8215 2180, 8210 2185, 8205 2190, 8200 2195, 8195 2200, 8185 2200, 8180 2205, 8175 2210, 8165 2210, 8155 2210, 8150 2205, 8145 2200, 8140 2195, 8135 2190, 8130 2195, 8125 2200, 8115 2200, 8105 2200, 8100 2205, 8095 2210, 8090 2205, 8085 2200, 8080 2205, 8075 2210, 8065 2210, 8055 2210, 8045 2210, 8040 2215, 8035 2220, 8025 2220, 8015 2220, 8005 2220, 8000 2215, 7995 2210, 7990 2215, 7985 2220, 7980 2225, 7980 2235, 7975 2240, 7970 2245, 7970 2255, 7975 2260, 7980 2265, 7980 2275, 7980 2285, 7980 2295, 7975 2300, 7970 2305, 7970 2315, 7975 2320, 7980 2325, 7975 2330, 7970 2335, 7970 2345, 7965 2350, 7960 2355, 7955 2360, 7950 2365, 7945 2370, 7940 2375, 7945 2380, 7950 2385, 7950 2395, 7950 2405, 7950 2415, 7950 2425, 7950 2435, 7945 2440, 7940 2445, 7945 2450, 7955 2450, 7960 2455, 7965 2460, 7970 2465, 7975 2470, 7980 2475, 7985 2480, 7990 2485, 7990 2495, 7990 2505, 7995 2510, 8000 2515, 8005 2520, 8015 2520, 8025 2520, 8030 2525, 8035 2530, 8040 2535, 8045 2540, 8050 2545, 8055 2550, 8065 2550, 8075 2550, 8080 2555, 8085 2560, 8090 2565, 8095 2570, 8100 2575, 8100 2585, 8105 2590, 8110 2595, 8110 2605, 8110 2615, 8115 2620, 8120 2625, 8120 2635, 8120 2645, 8125 2650, 8130 2655, 8130 2665, 8135 2670, 8140 2675, 8140 2685, 8140 2695, 8145 2700, 8150 2705, 8150 2715, 8145 2720, 8140 2725, 8140 2735, 8140 2745, 8135 2750, 8130 2755, 8125 2760))"
peri,0,P3_1_C,4;5;9;11;16,689950.0,1,6285.0993429475575,2350.28510520086,"POLYGON ((5295 3180, 5285 3180, 5275 3180, 5265 3180, 5255 3180, 5245 3180, 5235 3180, 5225 3180, 5215 3180, 5205 3180, 5195 3180, 5190 3175, 5185 3170, 5175 3170, 5170 3165, 5165 3160, 5160 3155, 5155 3150, 5150 3145, 5150 3135, 5150 3125, 5155 3120, 5160 3115, 5165 3110, 5170 3105, 5170 3095, 5170 3085, 5175 3080, 5180 3075, 5180 3065, 5180 3055, 5180 3045, 5180 3035, 5180 3025, 5180 3015, 5180 3005, 5175 3000, 5170 2995, 5170 2985, 5170 2975, 5165 2970, 5160 2965, 5155 2960, 5150 2955, 5150 2945, 5150 2935, 5150 2925, 5150 2915, 5150 2905, 5150 2895, 5145 2890, 5140 2885, 5135 2880, 5130 2875, 5130 2865, 5125 2860, 5120 2855, 5120 2845, 5120 2835, 5120 2825, 5120 2815, 5125 2810, 5130 2805, 5135 2800, 5140 2795, 5140 2785, 5145 2780, 5150 2775, 5150 2765, 5150 2755, 5155 2750, 5160 2745, 5165 2740, 5170 2735, 5175 2730, 5185 2730, 5190 2725, 5195 2720, 5200 2715, 5205 2710, 5210 2705, 5215 2700, 5220 2695, 5220 2685, 5225 2680, 5235 2680, 5240 2675, 5245 2670, 5255 2670, 5260 2675, 5255 2680, 5250 2685, 5250 2695, 5250 2705, 5250 2715, 5250 2725, 5250 2735, 5250 2745, 5250 2755, 5250 2765, 5250 2775, 5255 2780, 5260 2785, 5260 2795, 5265 2800, 5270 2805, 5275 2810, 5280 2815, 5285 2820, 5295 2820, 5300 2825, 5305 2830, 5315 2830, 5325 2830, 5330 2825, 5335 2820, 5345 2820, 5355 2820, 5360 2815, 5365 2810, 5375 2810, 5385 2810, 5395 2810, 5400 2805, 5405 2800, 5415 2800, 5420 2795, 5425 2790, 5435 2790, 5440 2785, 5445 2780, 5450 2775, 5455 2770, 5460 2765, 5465 2760, 5470 2755, 5475 2750, 5480 2745, 5480 2735, 5475 2730, 5470 2725, 5475 2720, 5480 2715, 5480 2705, 5480 2695, 5480 2685, 5480 2675, 5485 2670, 5490 2665, 5490 2655, 5490 2645, 5490 2635, 5495 2630, 5500 2625, 5505 2620, 5510 2615, 5510 2605, 5505 2600, 5500 2595, 5505 2590, 5510 2585, 5510 2575, 5510 2565, 5510 2555, 5510 2545, 5505 2540, 5500 2535, 5495 2530, 5490 2525, 5485 2520, 5475 2520, 5465 2520, 5460 2525, 5455 2530, 5450 2535, 5445 2540, 5440 2545, 5435 2550, 5430 2545, 5430 2535, 5430 2525, 5435 2520, 5440 2515, 5445 2510, 5450 2505, 5455 2500, 5460 2495, 5465 2490, 5470 2485, 5475 2480, 5480 2475, 5485 2470, 5490 2465, 5495 2460, 5500 2455, 5505 2450, 5510 2445, 5515 2440, 5520 2435, 5520 2425, 5525 2420, 5535 2420, 5540 2415, 5545 2410, 5550 2405, 5555 2400, 5560 2395, 5565 2390, 5570 2385, 5575 2380, 5585 2380, 5590 2375, 5595 2370, 5600 2365, 5605 2360, 5615 2360, 5625 2360, 5630 2355, 5635 2350, 5640 2345, 5645 2340, 5655 2340, 5665 2340, 5675 2340, 5685 2340, 5695 2340, 5700 2345, 5705 2350, 5710 2355, 5715 2360, 5720 2365, 5725 2370, 5735 2370, 5745 2370, 5755 2370, 5765 2370, 5775 2370, 5785 2370, 5790 2375, 5795 2380, 5805 2380, 5815 2380, 5825 2380, 5830 2375, 5835 2370, 5840 2365, 5845 2360, 5855 2360, 5860 2365, 5865 2370, 5870 2375, 5875 2380, 5880 2385, 5885 2390, 5890 2395, 5895 2400, 5905 2400, 5910 2395, 5915 2390, 5920 2385, 5925 2380, 5930 2375, 5930 2365, 5925 2360, 5920 2355, 5915 2350, 5910 2345, 5915 2340, 5920 2335, 5925 2330, 5930 2325, 5930 2315, 5930 2305, 5930 2295, 5925 2290, 5920 2285, 5920 2275, 5920 2265, 5915 2260, 5910 2255, 5910 2245, 5915 2240, 5920 2235, 5925 2230, 5930 2225, 5930 2215, 5935 2210, 5940 2205, 5940 2195, 5940 2185, 5940 2175, 5945 2170, 5950 2165, 5955 2160, 5960 2155, 5960 2145, 5965 2140, 5970 2135, 5975 2130, 5980 2125, 5985 2120, 5990 2115, 5995 2110, 6000 2105, 5995 2100, 5990 2095, 5995 2090, 6000 2085, 6005 2080, 6010 2075, 6015 2070, 6020 2065, 6025 2060, 6030 2055, 6035 2050, 6040 2045, 6045 2040, 6055 2040, 6060 2035, 6065 2030, 6070 2025, 6075 2020, 6080 2015, 6085 2010, 6090 2005, 6095 2000, 6100 1995, 6105 1990, 6110 1985, 6115 1980, 6120 1975, 6120 1965, 6120 1955, 6125 1950, 6130 1945, 6130 1935, 6135 1930, 6140 1925, 6140 1915, 6145 1910, 6150 1905, 6150 1895, 6155 1890, 6160 1885, 6160 1875, 6160 1865, 6155 1860, 6150 1855, 6155 1850, 6160 1845, 6165 1840, 6170 1835, 6175 1830, 6185 1830, 6195 1830, 6205 1830, 6215 1830, 6225 1830, 6230 1825, 6235 1820, 6240 1815, 6245 1810, 6250 1805, 6250 1795, 6250 1785, 6255 1780, 6260 1775, 6255 1770, 6250 1765, 6255 1760, 6260 1755, 6265 1750, 6270 1745, 6275 1740, 6280 1745, 6285 1750, 6295 1750, 6305 1750, 6310 1745, 6315 1740, 6325 1740, 6335 1740, 6345 1740, 6355 1740, 6360 1735, 6365 1730, 6370 1735, 6375 1740, 6385 1740, 6395 1740, 6405 1740, 6415 1740, 6425 1740, 6435 1740, 6445 1740, 6455 1740, 6465 1740, 6470 1735, 6475 1730, 6485 1730, 6490 1725, 6495 1720, 6505 1720, 6510 1725, 6515 1730, 6520 1725, 6525 1720, 6530 1715, 6535 1710, 6540 1705, 6535 1700, 6530 1695, 6535 1690, 6540 1685, 6535 1680, 6530 1675, 6535 1670, 6540 1665, 6540 1655, 6540 1645, 6535 1640, 6530 1635, 6525 1630, 6520 1625, 6525 1620, 6530 1615, 6535 1610, 6540 1605, 6535 1600, 6530 1595, 6535 1590, 6545 1590, 6555 1590, 6565 1590, 6575 1590, 6585 1590, 6595 1590, 6605 1590, 6615 1590, 6625 1590, 6635 1590, 6645 1590, 6655 1590, 6660 1595, 6665 1600, 6675 1600, 6680 1605, 6675 1610, 6670 1615, 6670 1625, 6670 1635, 6670 1645, 6675 1650, 6680 1655, 6675 1660, 6670 1665, 6675 1670, 6680 1675, 6680 1685, 6685 1690, 6690 1695, 6690 1705, 6695 1710, 6700 1715, 6700 1725, 6705 1730, 6710 1735, 6710 1745, 6715 1750, 6720 1755, 6725 1760, 6730 1765, 6735 1770, 6740 1775, 6745 1780, 6755 1780, 6765 1780, 6775 1780, 6785 1780, 6795 1780, 6800 1785, 6805 1790, 6815 1790, 6820 1795, 6825 1800, 6835 1800, 6845 1800, 6855 1800, 6865 1800, 6870 1805, 6875 1810, 6880 1815, 6885 1820, 6890 1825, 6895 1830, 6900 1835, 6900 1845, 6905 1850, 6910 1855, 6910 1865, 6915 1870, 6920 1875, 6920 1885, 6925 1890, 6930 1895, 6935 1900, 6940 1905, 6945 1910, 6950 1915, 6955 1920, 6965 1920, 6970 1925, 6975 1930, 6985 1930, 6990 1935, 6995 1940, 7005 1940, 7010 1935, 7015 1930, 7020 1935, 7025 1940, 7030 1945, 7035 1950, 7040 1955, 7045 1960, 7050 1965, 7055 1970, 7060 1975, 7065 1980, 7070 1985, 7075 1990, 7080 1995, 7085 2000, 7090 2005, 7095 2010, 7100 2015, 7105 2020, 7110 2025, 7115 2030, 7120 2035, 7115 2040, 7110 2045, 7110 2055, 7115 2060, 7120 2065, 7125 2070, 7130 2075, 7135 2080, 7140 2085, 7145 2090, 7155 2090, 7160 2095, 7165 2100, 7175 2100, 7180 2105, 7185 2110, 7190 2115, 7195 2120, 7200 2125, 7205 2130, 7210 2135, 7215 2140, 7220 2145, 7220 2155, 7220 2165, 7220 2175, 7225 2180, 7230 2185, 7230 2195, 7235 2200, 7240 2205, 7235 2210, 7230 2215, 7230 2225, 7225 2230, 7220 2235, 7215 2240, 7210 2245, 7210 2255, 7210 2265, 7215 2270, 7220 2275, 7225 2280, 7230 2285, 7235 2290, 7240 2295, 7245 2300, 7250 2305, 7255 2310, 7260 2315, 7260 2325, 7265 2330, 7270 2335, 7275 2340, 7280 2345, 7285 2350, 7290 2355, 7295 2360, 7305 2360, 7310 2365, 7315 2370, 7320 2375, 7325 2380, 7335 2380, 7340 2385, 7345 2390, 7355 2390, 7365 2390, 7375 2390, 7380 2395, 7385 2400, 7395 2400, 7400 2405, 7405 2410, 7410 2405, 7415 2400, 7420 2395, 7425 2390, 7430 2385, 7435 2380, 7440 2375, 7440 2365, 7445 2360, 7450 2365, 7455 2370, 7460 2375, 7465 2380, 7470 2385, 7470 2395, 7475 2400, 7480 2405, 7485 2410, 7495 2410, 7500 2415, 7505 2420, 7510 2425, 7510 2435, 7515 2440, 7520 2445, 7520 2455, 7520 2465, 7520 2475, 7520 2485, 7525 2490, 7530 2495, 7530 2505, 7530 2515, 7535 2520, 7540 2525, 7540 2535, 7540 2545, 7545 2550, 7550 2555, 7550 2565, 7550 2575, 7550 2585, 7550 2595, 7550 2605, 7550 2615, 7550 2625, 7550 2635, 7550 2645, 7550 2655, 7550 2665, 7550 2675, 7550 2685, 7545 2690, 7540 2695, 7540 2705, 7535 2710, 7530 2715, 7525 2720, 7520 2725, 7515 2730, 7510 2735, 7510 2745, 7505 2750, 7500 2755, 7495 2760, 7485 2760, 7475 2760, 7465 2760, 7455 2760, 7445 2760, 7435 2760, 7430 2755, 7425 2750, 7415 2750, 7410 2745, 7405 2740, 7395 2740, 7390 2735, 7385 2730, 7380 2725, 7375 2720, 7365 2720, 7360 2715, 7355 2710, 7350 2705, 7345 2700, 7340 2695, 7335 2690, 7330 2685, 7330 2675, 7325 2670, 7320 2665, 7315 2660, 7310 2655, 7310 2645, 7305 2640, 7300 2635, 7300 2625, 7295 2620, 7290 2615, 7290 2605, 7290 2595, 7290 2585, 7285 2580, 7280 2575, 7280 2565, 7280 2555, 7280 2545, 7275 2540, 7270 2535, 7265 2530, 7255 2530, 7250 2525, 7245 2520, 7235 2520, 7230 2515, 7225 2510, 7220 2505, 7215 2500, 7205 2500, 7200 2495, 7195 2490, 7190 2485, 7185 2480, 7175 2480, 7170 2475, 7165 2470, 7160 2465, 7155 2460, 7150 2455, 7145 2450, 7140 2445, 7140 2435, 7135 2430, 7130 2425, 7125 2420, 7120 2415, 7115 2410, 7110 2405, 7105 2400, 7100 2395, 7095 2390, 7090 2385, 7090 2375, 7085 2370, 7080 2365, 7075 2360, 7070 2355, 7070 2345, 7065 2340, 7060 2335, 7060 2325, 7055 2320, 7050 2315, 7050 2305, 7050 2295, 7050 2285, 7050 2275, 7050 2265, 7050 2255, 7050 2245, 7050 2235, 7050 2225, 7045 2220, 7040 2215, 7035 2210, 7025 2210, 7020 2205, 7015 2200, 7010 2195, 7005 2190, 7000 2185, 6995 2180, 6990 2175, 6990 2165, 6985 2160, 6980 2155, 6975 2150, 6970 2145, 6970 2135, 6965 2130, 6960 2125, 6960 2115, 6955 2110, 6950 2105, 6945 2100, 6940 2095, 6935 2090, 6925 2090, 6920 2085, 6915 2080, 6905 2080, 6900 2075, 6895 2070, 6885 2070, 6880 2065, 6875 2060, 6865 2060, 6860 2055, 6855 2050, 6850 2045, 6845 2040, 6835 2040, 6830 2035, 6825 2030, 6820 2025, 6815 2020, 6810 2015, 6805 2010, 6800 2005, 6800 1995, 6795 1990, 6790 1985, 6785 1980, 6780 1975, 6780 1965, 6775 1960, 6770 1955, 6765 1950, 6755 1950, 6750 1945, 6745 1940, 6735 1940, 6725 1940, 6715 1940, 6705 1940, 6695 1940, 6690 1935, 6685 1930, 6675 1930, 6670 1925, 6665 1920, 6655 1920, 6650 1915, 6645 1910, 6640 1905, 6635 1900, 6625 1900, 6620 1895, 6615 1890, 6610 1885, 6605 1880, 6600 1875, 6595 1870, 6590 1875, 6585 1880, 6575 1880, 6570 1885, 6565 1890, 6555 1890, 6545 1890, 6535 1890, 6525 1890, 6520 1895, 6515 1900, 6505 1900, 6495 1900, 6485 1900, 6475 1900, 6465 1900, 6455 1900, 6445 1900, 6435 1900, 6425 1900, 6415 1900, 6405 1900, 6395 1900, 6385 1900, 6380 1905, 6375 1910, 6370 1915, 6370 1925, 6365 1930, 6360 1935, 6355 1940, 6350 1945, 6345 1950, 6335 1950, 6330 1955, 6325 1960, 6320 1965, 6315 1970, 6305 1970, 6300 1975, 6295 1980, 6290 1985, 6290 1995, 6285 2000, 6280 2005, 6280 2015, 6280 2025, 6275 2030, 6270 2035, 6270 2045, 6265 2050, 6260 2055, 6260 2065, 6255 2070, 6250 2075, 6245 2080, 6240 2085, 6240 2095, 6235 2100, 6230 2105, 6225 2110, 6220 2115, 6215 2120, 6210 2125, 6205 2130, 6200 2135, 6195 2140, 6190 2145, 6185 2150, 6180 2155, 6175 2160, 6165 2160, 6160 2165, 6155 2170, 6150 2175, 6145 2180, 6140 2185, 6140 2195, 6135 2200, 6130 2205, 6125 2210, 6120 2215, 6120 2225, 6115 2230, 6110 2235, 6105 2240, 6100 2245, 6100 2255, 6095 2260, 6090 2265, 6090 2275, 6090 2285, 6090 2295, 6090 2305, 6090 2315, 6090 2325, 6090 2335, 6090 2345, 6090 2355, 6090 2365, 6090 2375, 6090 2385, 6090 2395, 6090 2405, 6090 2415, 6090 2425, 6085 2430, 6080 2435, 6080 2445, 6075 2450, 6070 2455, 6070 2465, 6065 2470, 6060 2475, 6055 2480, 6050 2485, 6050 2495, 6045 2500, 6040 2505, 6035 2510, 6030 2515, 6025 2520, 6015 2520, 6010 2525, 6005 2530, 6000 2535, 5995 2540, 5985 2540, 5980 2545, 5975 2550, 5965 2550, 5960 2555, 5955 2560, 5945 2560, 5935 2560, 5925 2560, 5915 2560, 5905 2560, 5895 2560, 5885 2560, 5875 2560, 5865 2560, 5855 2560, 5845 2560, 5840 2555, 5835 2550, 5825 2550, 5820 2545, 5815 2540, 5805 2540, 5795 2540, 5785 2540, 5775 2540, 5765 2540, 5755 2540, 5745 2540, 5740 2535, 5735 2530, 5725 2530, 5715 2530, 5705 2530, 5695 2530, 5685 2530, 5675 2530, 5670 2535, 5670 2545, 5670 2555, 5670 2565, 5670 2575, 5670 2585, 5670 2595, 5670 2605, 5670 2615, 5670 2625, 5670 2635, 5670 2645, 5670 2655, 5670 2665, 5665 2670, 5660 2675, 5660 2685, 5655 2690, 5650 2695, 5650 2705, 5650 2715, 5645 2720, 5640 2725, 5640 2735, 5640 2745, 5640 2755, 5640 2765, 5640 2775, 5640 2785, 5640 2795, 5635 2800, 5630 2805, 5630 2815, 5625 2820, 5620 2825, 5620 2835, 5615 2840, 5610 2845, 5605 2850, 5600 2855, 5600 2865, 5595 2870, 5590 2875, 5585 2880, 5580 2885, 5575 2890, 5570 2895, 5565 2900, 5560 2905, 5555 2910, 5545 2910, 5540 2915, 5535 2920, 5530 2925, 5525 2930, 5515 2930, 5510 2935, 5505 2940, 5495 2940, 5490 2945, 5485 2950, 5475 2950, 5470 2955, 5470 2965, 5470 2975, 5470 2985, 5470 2995, 5470 3005, 5465 3010, 5460 3015, 5460 3025, 5455 3030, 5450 3035, 5450 3045, 5445 3050, 5440 3055, 5435 3060, 5430 3065, 5430 3075, 5425 3080, 5420 3085, 5415 3090, 5410 3095, 5405 3100, 5400 3105, 5395 3110, 5390 3115, 5385 3120, 5380 3125, 5375 3130, 5370 3135, 5365 3140, 5355 3140, 5350 3145, 5345 3150, 5340 3155, 5335 3160, 5325 3160, 5320 3165, 5315 3170, 5305 3170, 5300 3175, 5295 3180), (7500 2595, 7505 2590, 7510 2585, 7515 2580, 7520 2575, 7520 2565, 7520 2555, 7520 2545, 7520 2535, 7515 2530, 7510 2525, 7505 2520, 7500 2515, 7500 2505, 7500 2495, 7495 2490, 7490 2485, 7495 2480, 7500 2475, 7495 2470, 7490 2465, 7485 2460, 7480 2455, 7475 2450, 7470 2445, 7465 2440, 7460 2435, 7455 2430, 7450 2435, 7445 2440, 7440 2445, 7435 2450, 7430 2455, 7425 2460, 7420 2465, 7425 2470, 7430 2475, 7430 2485, 7435 2490, 7440 2495, 7440 2505, 7440 2515, 7440 2525, 7445 2530, 7450 2535, 7450 2545, 7450 2555, 7450 2565, 7455 2570, 7460 2575, 7465 2580, 7470 2585, 7475 2590, 7480 2595, 7485 2600, 7495 2600, 7500 2595), (5250 3015, 5255 3010, 5260 3005, 5265 3000, 5270 2995, 5275 2990, 5280 2985, 5285 2980, 5290 2975, 5295 2970, 5300 2965, 5305 2960, 5310 2955, 5305 2950, 5300 2945, 5295 2940, 5290 2935, 5285 2930, 5280 2925, 5275 2920, 5270 2925, 5265 2930, 5255 2930, 5250 2925, 5245 2920, 5235 2920, 5230 2915, 5225 2910, 5220 2915, 5215 2920, 5210 2925, 5205 2930, 5200 2935, 5195 2940, 5190 2945, 5185 2950, 5180 2955, 5185 2960, 5190 2965, 5195 2970, 5200 2975, 5205 2980, 5210 2985, 5215 2990, 5220 2995, 5225 3000, 5230 3005, 5235 3010, 5240 3015, 5245 3020, 5250 3015))"
peri,4,P3_1_C,4,65050.0,1,5764.509351780681,1968.1719190366384,"POLYGON ((5575 2360, 5565 2360, 5560 2355, 5555 2350, 5550 2345, 5555 2340, 5560 2335, 5560 2325, 5555 2320, 5550 2315, 5550 2305, 5550 2295, 5555 2290, 5560 2285, 5560 2275, 5560 2265, 5560 2255, 5560 2245, 5565 2240, 5570 2235, 5570 2225, 5570 2215, 5570 2205, 5575 2200, 5580 2195, 5580 2185, 5580 2175, 5580 2165, 5580 2155, 5585 2150, 5590 2145, 5590 2135, 5590 2125, 5590 2115, 5595 2110, 5600 2105, 5600 2095, 5600 2085, 5605 2080, 5610 2075, 5610 2065, 5610 2055, 5615 2050, 5620 2045, 5620 2035, 5620 2025, 5625 2020, 5630 2015, 5635 2010, 5640 2005, 5645 2000, 5650 1995, 5655 1990, 5660 1985, 5665 1980, 5670 1975, 5675 1970, 5680 1965, 5680 1955, 5685 1950, 5690 1945, 5690 1935, 5695 1930, 5700 1925, 5705 1920, 5710 1915, 5715 1910, 5720 1905, 5725 1900, 5730 1895, 5735 1890, 5740 1885, 5745 1880, 5750 1875, 5750 1865, 5755 1860, 5760 1855, 5765 1850, 5770 1845, 5775 1840, 5780 1835, 5785 1830, 5790 1825, 5795 1820, 5800 1815, 5805 1810, 5815 1810, 5820 1805, 5825 1800, 5835 1800, 5845 1800, 5850 1795, 5855 1790, 5865 1790, 5870 1785, 5875 1780, 5880 1775, 5885 1770, 5890 1765, 5895 1760, 5900 1755, 5905 1750, 5910 1745, 5910 1735, 5915 1730, 5920 1725, 5920 1715, 5920 1705, 5925 1700, 5930 1695, 5925 1690, 5920 1685, 5920 1675, 5920 1665, 5920 1655, 5925 1650, 5930 1645, 5935 1640, 5940 1635, 5945 1630, 5950 1625, 5955 1620, 5965 1620, 5970 1615, 5975 1610, 5985 1610, 5990 1605, 5995 1600, 6000 1605, 6000 1615, 5995 1620, 5990 1625, 5985 1630, 5980 1635, 5975 1640, 5970 1645, 5975 1650, 5980 1655, 5985 1660, 5995 1660, 6000 1665, 6005 1670, 6010 1675, 6010 1685, 6010 1695, 6010 1705, 6005 1710, 6000 1715, 5995 1720, 5990 1725, 5995 1730, 6000 1735, 5995 1740, 5990 1745, 5995 1750, 6000 1755, 5995 1760, 5990 1765, 5990 1775, 5990 1785, 5985 1790, 5980 1795, 5975 1800, 5970 1805, 5965 1810, 5960 1815, 5955 1820, 5950 1825, 5950 1835, 5945 1840, 5940 1845, 5935 1850, 5930 1855, 5925 1860, 5915 1860, 5905 1860, 5900 1865, 5895 1870, 5890 1875, 5885 1880, 5880 1885, 5875 1890, 5865 1890, 5855 1890, 5850 1885, 5845 1880, 5840 1875, 5835 1870, 5830 1865, 5825 1860, 5820 1865, 5820 1875, 5820 1885, 5815 1890, 5810 1895, 5805 1900, 5800 1905, 5795 1910, 5790 1915, 5790 1925, 5785 1930, 5780 1935, 5775 1940, 5770 1945, 5765 1950, 5760 1955, 5755 1960, 5750 1965, 5750 1975, 5745 1980, 5740 1985, 5745 1990, 5750 1995, 5745 2000, 5740 2005, 5740 2015, 5740 2025, 5735 2030, 5730 2035, 5725 2040, 5720 2045, 5715 2050, 5705 2050, 5695 2050, 5690 2055, 5685 2060, 5680 2055, 5675 2050, 5670 2055, 5675 2060, 5680 2065, 5675 2070, 5670 2075, 5670 2085, 5670 2095, 5670 2105, 5665 2110, 5660 2115, 5660 2125, 5655 2130, 5645 2130, 5635 2130, 5625 2130, 5620 2135, 5620 2145, 5625 2150, 5630 2155, 5625 2160, 5620 2165, 5620 2175, 5620 2185, 5615 2190, 5610 2195, 5605 2200, 5600 2205, 5605 2210, 5615 2210, 5620 2205, 5625 2200, 5635 2200, 5640 2205, 5645 2210, 5650 2215, 5655 2220, 5660 2225, 5660 2235, 5660 2245, 5665 2250, 5670 2255, 5675 2260, 5680 2265, 5680 2275, 5675 2280, 5670 2285, 5665 2290, 5660 2295, 5660 2305, 5655 2310, 5645 2310, 5640 2315, 5635 2320, 5630 2325, 5625 2330, 5620 2335, 5615 2340, 5605 2340, 5595 2340, 5590 2345, 5585 2350, 5580 2355, 5575 2360))"
peri,4,P3_1_C,4,18050.0,1,6130.7409972299165,1675.9579870729456,"POLYGON ((6025 1760, 6020 1755, 6020 1745, 6020 1735, 6020 1725, 6025 1720, 6030 1715, 6030 1705, 6035 1700, 6040 1695, 6040 1685, 6040 1675, 6045 1670, 6050 1665, 6055 1660, 6060 1655, 6065 1650, 6070 1645, 6075 1640, 6080 1635, 6085 1630, 6095 1630, 6100 1625, 6105 1620, 6115 1620, 6125 1620, 6135 1620, 6145 1620, 6155 1620, 6165 1620, 6170 1625, 6175 1630, 6180 1625, 6185 1620, 6195 1620, 6205 1620, 6215 1620, 6225 1620, 6230 1625, 6235 1630, 6245 1630, 6250 1635, 6245 1640, 6240 1645, 6235 1650, 6230 1655, 6225 1660, 6220 1665, 6220 1675, 6220 1685, 6220 1695, 6215 1700, 6210 1705, 6205 1710, 6200 1715, 6195 1720, 6190 1715, 6185 1710, 6180 1715, 6175 1720, 6165 1720, 6155 1720, 6145 1720, 6135 1720, 6125 1720, 6115 1720, 6105 1720, 6095 1720, 6085 1720, 6080 1725, 6075 1730, 6065 1730, 6060 1735, 6055 1740, 6045 1740, 6040 1745, 6035 1750, 6030 1755, 6025 1760))"
peri,0,R1_2_T,6;8;13,136150.0,1,10122.79471171502,2535.235646958012,"POLYGON ((10035 3320, 10025 3320, 10020 3315, 10025 3310, 10030 3305, 10035 3300, 10045 3300, 10050 3295, 10045 3290, 10040 3285, 10040 3275, 10040 3265, 10040 3255, 10040 3245, 10045 3240, 10050 3235, 10050 3225, 10050 3215, 10055 3210, 10060 3205, 10055 3200, 10050 3195, 10055 3190, 10060 3185, 10055 3180, 10050 3175, 10050 3165, 10050 3155, 10050 3145, 10050 3135, 10055 3130, 10060 3125, 10060 3115, 10060 3105, 10060 3095, 10060 3085, 10060 3075, 10060 3065, 10060 3055, 10060 3045, 10060 3035, 10065 3030, 10070 3025, 10065 3020, 10060 3015, 10060 3005, 10065 3000, 10070 2995, 10070 2985, 10070 2975, 10075 2970, 10080 2965, 10080 2955, 10080 2945, 10085 2940, 10090 2935, 10090 2925, 10095 2920, 10100 2915, 10095 2910, 10090 2905, 10085 2900, 10080 2895, 10080 2885, 10080 2875, 10075 2870, 10070 2865, 10075 2860, 10080 2855, 10080 2845, 10080 2835, 10085 2830, 10090 2825, 10090 2815, 10090 2805, 10090 2795, 10095 2790, 10100 2785, 10100 2775, 10095 2770, 10090 2765, 10090 2755, 10095 2750, 10100 2745, 10100 2735, 10100 2725, 10105 2720, 10110 2715, 10105 2710, 10100 2705, 10105 2700, 10110 2695, 10110 2685, 10110 2675, 10110 2665, 10115 2660, 10120 2655, 10120 2645, 10120 2635, 10120 2625, 10120 2615, 10120 2605, 10120 2595, 10115 2590, 10110 2585, 10115 2580, 10120 2575, 10120 2565, 10120 2555, 10120 2545, 10120 2535, 10120 2525, 10125 2520, 10130 2515, 10125 2510, 10120 2505, 10125 2500, 10130 2495, 10130 2485, 10130 2475, 10130 2465, 10125 2460, 10120 2455, 10120 2445, 10120 2435, 10120 2425, 10115 2420, 10110 2415, 10115 2410, 10120 2405, 10120 2395, 10115 2390, 10110 2385, 10115 2380, 10120 2375, 10115 2370, 10110 2365, 10110 2355, 10110 2345, 10115 2340, 10120 2335, 10115 2330, 10110 2325, 10110 2315, 10110 2305, 10105 2300, 10100 2295, 10105 2290, 10110 2285, 10110 2275, 10110 2265, 10110 2255, 10105 2250, 10100 2245, 10100 2235, 10100 2225, 10100 2215, 10095 2210, 10090 2205, 10090 2195, 10095 2190, 10100 2185, 10095 2180, 10090 2175, 10095 2170, 10100 2165, 10095 2160, 10090 2155, 10090 2145, 10090 2135, 10090 2125, 10090 2115, 10095 2110, 10100 2105, 10095 2100, 10090 2095, 10090 2085, 10090 2075, 10090 2065, 10085 2060, 10080 2055, 10085 2050, 10090 2045, 10090 2035, 10085 2030, 10080 2025, 10075 2020, 10070 2015, 10070 2005, 10065 2000, 10060 1995, 10060 1985, 10060 1975, 10055 1970, 10050 1965, 10050 1955, 10050 1945, 10050 1935, 10045 1930, 10040 1925, 10035 1920, 10030 1915, 10030 1905, 10025 1900, 10015 1900, 10010 1895, 10005 1890, 10000 1885, 10005 1880, 10010 1875, 10015 1870, 10020 1865, 10020 1855, 10015 1850, 10010 1845, 10010 1835, 10005 1830, 9995 1830, 9985 1830, 9980 1825, 9975 1820, 9965 1820, 9960 1815, 9955 1810, 9950 1805, 9945 1800, 9940 1795, 9940 1785, 9935 1780, 9930 1775, 9925 1770, 9920 1765, 9920 1755, 9925 1750, 9935 1750, 9940 1755, 9945 1760, 9955 1760, 9965 1760, 9970 1765, 9975 1770, 9985 1770, 9990 1775, 9995 1780, 10005 1780, 10010 1785, 10015 1790, 10020 1795, 10025 1800, 10030 1805, 10035 1810, 10040 1815, 10045 1820, 10050 1825, 10055 1830, 10065 1830, 10075 1830, 10080 1835, 10085 1840, 10095 1840, 10100 1845, 10100 1855, 10100 1865, 10100 1875, 10105 1880, 10110 1885, 10110 1895, 10115 1900, 10120 1905, 10125 1910, 10130 1915, 10130 1925, 10135 1930, 10140 1935, 10140 1945, 10140 1955, 10145 1960, 10150 1965, 10150 1975, 10155 1980, 10160 1985, 10160 1995, 10160 2005, 10165 2010, 10170 2015, 10170 2025, 10170 2035, 10175 2040, 10180 2045, 10180 2055, 10180 2065, 10180 2075, 10180 2085, 10180 2095, 10180 2105, 10180 2115, 10180 2125, 10180 2135, 10180 2145, 10180 2155, 10180 2165, 10175 2170, 10170 2175, 10175 2180, 10180 2185, 10180 2195, 10180 2205, 10180 2215, 10180 2225, 10180 2235, 10185 2240, 10190 2245, 10190 2255, 10190 2265, 10190 2275, 10195 2280, 10200 2285, 10200 2295, 10200 2305, 10200 2315, 10200 2325, 10200 2335, 10200 2345, 10200 2355, 10205 2360, 10210 2365, 10210 2375, 10210 2385, 10210 2395, 10210 2405, 10210 2415, 10205 2420, 10200 2425, 10200 2435, 10200 2445, 10200 2455, 10200 2465, 10195 2470, 10190 2475, 10195 2480, 10200 2485, 10205 2490, 10210 2495, 10210 2505, 10215 2510, 10220 2515, 10220 2525, 10220 2535, 10220 2545, 10220 2555, 10215 2560, 10210 2565, 10210 2575, 10210 2585, 10210 2595, 10210 2605, 10210 2615, 10210 2625, 10210 2635, 10210 2645, 10210 2655, 10210 2665, 10210 2675, 10205 2680, 10200 2685, 10200 2695, 10200 2705, 10200 2715, 10200 2725, 10195 2730, 10190 2735, 10190 2745, 10190 2755, 10190 2765, 10190 2775, 10190 2785, 10190 2795, 10185 2800, 10180 2805, 10180 2815, 10180 2825, 10180 2835, 10175 2840, 10170 2845, 10170 2855, 10170 2865, 10170 2875, 10170 2885, 10170 2895, 10165 2900, 10160 2905, 10160 2915, 10160 2925, 10160 2935, 10160 2945, 10155 2950, 10150 2955, 10150 2965, 10150 2975, 10150 2985, 10150 2995, 10155 3000, 10160 3005, 10160 3015, 10160 3025, 10160 3035, 10160 3045, 10160 3055, 10160 3065, 10160 3075, 10160 3085, 10160 3095, 10160 3105, 10155 3110, 10150 3115, 10150 3125, 10150 3135, 10150 3145, 10150 3155, 10150 3165, 10150 3175, 10150 3185, 10150 3195, 10150 3205, 10150 3215, 10145 3220, 10140 3225, 10140 3235, 10135 3240, 10130 3245, 10125 3250, 10120 3255, 10115 3260, 10110 3265, 10105 3270, 10100 3275, 10095 3280, 10090 3285, 10085 3290, 10080 3295, 10075 3300, 10065 3300, 10060 3305, 10055 3310, 10045 3310, 10040 3315, 10035 3320))"
peri,4,P3_1_C,4,14250.0,1,5734.046783625731,2108.2573099415204,"POLYGON ((5705 2290, 5700 2285, 5700 2275, 5700 2265, 5700 2255, 5700 2245, 5695 2240, 5690 2235, 5690 2225, 5690 2215, 5685 2210, 5680 2205, 5675 2200, 5670 2195, 5670 2185, 5670 2175, 5670 2165, 5670 2155, 5670 2145, 5675 2140, 5680 2135, 5685 2130, 5690 2125, 5690 2115, 5690 2105, 5690 2095, 5695 2090, 5700 2085, 5705 2080, 5710 2075, 5715 2070, 5725 2070, 5730 2065, 5735 2060, 5740 2055, 5745 2050, 5750 2045, 5755 2040, 5760 2035, 5760 2025, 5765 2020, 5770 2015, 5770 2005, 5770 1995, 5770 1985, 5770 1975, 5775 1970, 5780 1965, 5785 1960, 5795 1960, 5800 1955, 5805 1950, 5810 1945, 5810 1935, 5815 1930, 5820 1925, 5825 1920, 5835 1920, 5840 1915, 5845 1910, 5855 1910, 5860 1915, 5855 1920, 5850 1925, 5845 1930, 5840 1935, 5835 1940, 5830 1945, 5825 1950, 5820 1955, 5815 1960, 5810 1965, 5805 1970, 5800 1975, 5800 1985, 5800 1995, 5795 2000, 5790 2005, 5790 2015, 5785 2020, 5780 2025, 5780 2035, 5780 2045, 5775 2050, 5770 2055, 5770 2065, 5765 2070, 5760 2075, 5760 2085, 5760 2095, 5755 2100, 5750 2105, 5750 2115, 5750 2125, 5745 2130, 5740 2135, 5740 2145, 5740 2155, 5735 2160, 5730 2165, 5730 2175, 5730 2185, 5730 2195, 5725 2200, 5720 2205, 5720 2215, 5720 2225, 5720 2235, 5720 2245, 5720 2255, 5720 2265, 5715 2270, 5710 2275, 5710 2285, 5705 2290))"
peri,5,P3_1_C,5,550.0,1,7390.0,2240.0,"POLYGON ((7395 2260, 7390 2255, 7385 2250, 7380 2245, 7380 2235, 7380 2225, 7385 2220, 7390 2225, 7395 2230, 7400 2235, 7400 2245, 7400 2255, 7395 2260))"
peri,0,P3_1_C,5;9,350.0,1,7425.0,2310.0,"POLYGON ((7425 2330, 7420 2325, 7420 2315, 7420 2305, 7420 2295, 7425 2290, 7430 2295, 7430 2305, 7430 2315, 7430 2325, 7425 2330))"
peri,0,P3_1_C,5;9,250.0,1,7435.0,2345.0,"POLYGON ((7435 2360, 7430 2355, 7430 2345, 7430 2335, 7435 2330, 7440 2335, 7440 2345, 7440 2355, 7435 2360))"
peri,11,P3_1_C,11,44150.0,1,5297.25556813892,2557.8557946394867,"POLYGON ((5115 2790, 5110 2785, 5105 2780, 5100 2775, 5100 2765, 5100 2755, 5100 2745, 5100 2735, 5100 2725, 5100 2715, 5100 2705, 5100 2695, 5100 2685, 5105 2680, 5110 2675, 5110 2665, 5110 2655, 5115 2650, 5120 2645, 5125 2640, 5130 2635, 5130 2625, 5135 2620, 5140 2615, 5145 2610, 5150 2605, 5155 2600, 5160 2595, 5165 2590, 5170 2585, 5175 2580, 5180 2575, 5185 2570, 5190 2565, 5195 2560, 5200 2555, 5205 2550, 5215 2550, 5225 2550, 5235 2550, 5245 2550, 5255 2550, 5260 2545, 5265 2540, 5275 2540, 5280 2535, 5285 2530, 5290 2525, 5295 2520, 5300 2515, 5305 2510, 5310 2505, 5315 2500, 5320 2495, 5325 2490, 5330 2485, 5335 2480, 5340 2475, 5345 2470, 5350 2465, 5355 2460, 5360 2455, 5365 2450, 5370 2445, 5375 2440, 5380 2435, 5385 2430, 5390 2425, 5395 2420, 5400 2415, 5405 2410, 5410 2405, 5415 2400, 5420 2395, 5425 2390, 5430 2385, 5435 2380, 5445 2380, 5455 2380, 5460 2375, 5465 2370, 5475 2370, 5485 2370, 5490 2375, 5495 2380, 5505 2380, 5515 2380, 5525 2380, 5535 2380, 5540 2385, 5535 2390, 5530 2395, 5525 2400, 5515 2400, 5510 2405, 5505 2410, 5500 2415, 5500 2425, 5495 2430, 5490 2435, 5485 2440, 5480 2445, 5475 2450, 5470 2455, 5465 2460, 5460 2465, 5455 2470, 5450 2475, 5445 2480, 5440 2485, 5435 2490, 5430 2495, 5425 2500, 5420 2505, 5415 2510, 5410 2515, 5410 2525, 5410 2535, 5405 2540, 5400 2545, 5395 2550, 5390 2555, 5385 2560, 5380 2565, 5375 2570, 5365 2570, 5360 2575, 5355 2580, 5350 2585, 5345 2590, 5340 2595, 5335 2600, 5330 2605, 5325 2610, 5320 2615, 5315 2620, 5310 2625, 5305 2630, 5300 2635, 5295 2640, 5290 2645, 5285 2650, 5275 2650, 5270 2645, 5265 2640, 5260 2635, 5255 2630, 5250 2625, 5245 2620, 5240 2615, 5235 2610, 5230 2615, 5230 2625, 5225 2630, 5220 2635, 5220 2645, 5215 2650, 5210 2655, 5205 2660, 5200 2665, 5200 2675, 5200 2685, 5195 2690, 5190 2695, 5185 2700, 5180 2705, 5175 2710, 5165 2710, 5160 2715, 5155 2720, 5145 2720, 5135 2720, 5130 2725, 5135 2730, 5140 2735, 5135 2740, 5130 2745, 5130 2755, 5130 2765, 5125 2770, 5120 2775, 5120 2785, 5115 2790))"
peri,7,R1_2_T,7,3650.0,1,8026.472602739726,2470.376712328767,"POLYGON ((8095 2530, 8085 2530, 8075 2530, 8065 2530, 8060 2525, 8055 2520, 8050 2515, 8045 2510, 8040 2505, 8035 2500, 8025 2500, 8020 2495, 8015 2490, 8010 2485, 8010 2475, 8005 2470, 8000 2465, 8000 2455, 7995 2450, 7990 2445, 7985 2440, 7980 2435, 7980 2425, 7980 2415, 7980 2405, 7980 2395, 7980 2385, 7980 2375, 7985 2370, 7990 2375, 7990 2385, 7990 2395, 7990 2405, 7990 2415, 7995 2420, 8000 2425, 8000 2435, 8005 2440, 8010 2445, 8015 2450, 8020 2455, 8025 2460, 8030 2465, 8035 2470, 8040 2475, 8045 2480, 8050 2485, 8055 2490, 8060 2495, 8065 2500, 8070 2505, 8075 2510, 8080 2515, 8085 2520, 8095 2520, 8100 2525, 8095 2530))"
peri,14,R1_2_T,14,35250.0,1,9425.621749408983,2568.2978723404253,"POLYGON ((9305 2740, 9300 2735, 9300 2725, 9295 2720, 9290 2715, 9295 2710, 9300 2705, 9300 2695, 9300 2685, 9300 2675, 9300 2665, 9305 2660, 9310 2655, 9310 2645, 9310 2635, 9315 2630, 9325 2630, 9335 2630, 9345 2630, 9350 2625, 9350 2615, 9350 2605, 9350 2595, 9350 2585, 9350 2575, 9350 2565, 9355 2560, 9360 2555, 9360 2545, 9365 2540, 9370 2535, 9375 2530, 9380 2525, 9385 2520, 9390 2515, 9385 2510, 9375 2510, 9370 2515, 9365 2520, 9355 2520, 9350 2515, 9355 2510, 9360 2505, 9365 2500, 9370 2495, 9375 2490, 9380 2485, 9385 2480, 9390 2475, 9395 2470, 9400 2465, 9405 2460, 9410 2455, 9415 2450, 9425 2450, 9430 2445, 9435 2440, 9445 2440, 9450 2445, 9445 2450, 9440 2455, 9440 2465, 9435 2470, 9430 2475, 9425 2480, 9420 2485, 9425 2490, 9435 2490, 9440 2485, 9445 2480, 9455 2480, 9460 2475, 9465 2470, 9475 2470, 9480 2465, 9485 2460, 9495 2460, 9500 2455, 9505 2450, 9510 2445, 9515 2440, 9520 2435, 9525 2430, 9535 2430, 9545 2430, 9555 2430, 9565 2430, 9570 2435, 9575 2440, 9580 2445, 9575 2450, 9570 2455, 9575 2460, 9580 2465, 9585 2470, 9590 2475, 9590 2485, 9590 2495, 9585 2500, 9580 2505, 9575 2510, 9565 2510, 9560 2515, 9555 2520, 9545 2520, 9535 2520, 9530 2525, 9525 2530, 9515 2530, 9505 2530, 9500 2525, 9495 2520, 9490 2525, 9490 2535, 9485 2540, 9480 2545, 9475 2550, 9470 2555, 9465 2560, 9460 2565, 9455 2570, 9445 2570, 9435 2570, 9430 2575, 9425 2580, 9420 2585, 9425 2590, 9430 2595, 9430 2605, 9430 2615, 9430 2625, 9435 2630, 9440 2635, 9440 2645, 9435 2650, 9430 2655, 9430 2665, 9430 2675, 9425 2680, 9420 2685, 9415 2690, 9410 2695, 9410 2705, 9405 2710, 9400 2715, 9395 2720, 9385 2720, 9375 2720, 9365 2720, 9355 2720, 9350 2715, 9350 2705, 9345 2700, 9340 2705, 9335 2710, 9330 2715, 9325 2720, 9320 2725, 9315 2730, 9310 2735, 9305 2740))"
peri,0,R1_2_T,7;10;12,16350.0,1,8822.000509683996,2574.7069317023447,"POLYGON ((8755 2670, 8750 2665, 8750 2655, 8750 2645, 8750 2635, 8745 2630, 8740 2625, 8745 2620, 8750 2615, 8750 2605, 8750 2595, 8755 2590, 8760 2585, 8760 2575, 8760 2565, 8765 2560, 8770 2555, 8775 2550, 8780 2545, 8780 2535, 8785 2530, 8795 2530, 8800 2525, 8805 2520, 8815 2520, 8825 2520, 8830 2515, 8835 2510, 8840 2505, 8845 2500, 8855 2500, 8865 2500, 8870 2495, 8875 2490, 8880 2485, 8885 2480, 8890 2475, 8895 2470, 8900 2475, 8900 2485, 8900 2495, 8900 2505, 8905 2510, 8910 2515, 8905 2520, 8900 2525, 8900 2535, 8900 2545, 8900 2555, 8895 2560, 8890 2565, 8885 2570, 8880 2575, 8875 2580, 8865 2580, 8860 2585, 8855 2590, 8850 2595, 8845 2600, 8840 2605, 8840 2615, 8840 2625, 8840 2635, 8835 2640, 8830 2645, 8825 2650, 8815 2650, 8810 2655, 8805 2660, 8795 2660, 8785 2660, 8775 2660, 8765 2660, 8760 2665, 8755 2670))"
peri,0,R1_2_T,7;10;12;15,65550.0,1,8453.335875921688,2656.0844139333844,"POLYGON ((8305 2790, 8295 2790, 8290 2785, 8285 2780, 8275 2780, 8265 2780, 8260 2785, 8255 2790, 8245 2790, 8235 2790, 8230 2785, 8230 2775, 8225 2770, 8220 2765, 8215 2760, 8210 2755, 8205 2750, 8200 2745, 8195 2740, 8190 2735, 8195 2730, 8200 2725, 8200 2715, 8205 2710, 8210 2705, 8210 2695, 8215 2690, 8220 2685, 8225 2680, 8230 2675, 8235 2670, 8245 2670, 8255 2670, 8260 2665, 8265 2660, 8270 2655, 8275 2650, 8280 2645, 8285 2640, 8295 2640, 8305 2640, 8310 2635, 8315 2630, 8325 2630, 8335 2630, 8340 2625, 8345 2620, 8355 2620, 8365 2620, 8370 2615, 8375 2610, 8385 2610, 8395 2610, 8400 2605, 8405 2600, 8410 2595, 8415 2590, 8425 2590, 8435 2590, 8440 2585, 8445 2580, 8455 2580, 8460 2575, 8465 2570, 8475 2570, 8485 2570, 8490 2565, 8495 2560, 8505 2560, 8515 2560, 8525 2560, 8530 2555, 8535 2550, 8545 2550, 8550 2545, 8555 2540, 8560 2535, 8565 2530, 8575 2530, 8585 2530, 8590 2525, 8595 2520, 8605 2520, 8610 2525, 8615 2530, 8625 2530, 8635 2530, 8640 2535, 8645 2540, 8650 2545, 8655 2550, 8660 2555, 8665 2560, 8675 2560, 8680 2565, 8685 2570, 8690 2575, 8695 2580, 8700 2585, 8705 2590, 8710 2595, 8710 2605, 8710 2615, 8715 2620, 8720 2625, 8715 2630, 8710 2635, 8710 2645, 8710 2655, 8705 2660, 8695 2660, 8685 2660, 8680 2665, 8675 2670, 8665 2670, 8655 2670, 8645 2670, 8635 2670, 8630 2675, 8625 2680, 8615 2680, 8610 2675, 8605 2670, 8595 2670, 8585 2670, 8575 2670, 8565 2670, 8560 2665, 8555 2660, 8550 2665, 8545 2670, 8535 2670, 8525 2670, 8520 2675, 8515 2680, 8505 2680, 8500 2685, 8495 2690, 8485 2690, 8480 2695, 8475 2700, 8465 2700, 8460 2705, 8455 2710, 8445 2710, 8435 2710, 8430 2715, 8430 2725, 8425 2730, 8420 2735, 8415 2740, 8410 2745, 8405 2750, 8400 2755, 8395 2760, 8385 2760, 8380 2765, 8375 2770, 8365 2770, 8360 2775, 8355 2780, 8345 2780, 8335 2780, 8325 2780, 8315 2780, 8310 2785, 8305 2790))"
peri,14,R1_2_T,14,250.0,1,9488.166666666666,2578.1666666666665,"POLYGON ((9485 2590, 9480 2585, 9480 2575, 9485 2570, 9495 2570, 9500 2575, 9495 2580, 9490 2585, 9485 2590))"
peri,14,R1_2_T,14,450.0,1,9465.0,2635.0,"POLYGON ((9465 2660, 9460 2655, 9460 2645, 9460 2635, 9460 2625, 9460 2615, 9465 2610, 9470 2615, 9470 2625, 9470 2635, 9470 2645, 9470 2655, 9465 2660))"
peri,16,P3_1_C,16,18250.0,1,5098.680365296804,2985.1415525114157,"POLYGON ((5135 3110, 5125 3110, 5120 3105, 5115 3100, 5110 3095, 5105 3090, 5100 3085, 5095 3080, 5090 3075, 5085 3070, 5080 3065, 5075 3060, 5070 3055, 5070 3045, 5070 3035, 5070 3025, 5070 3015, 5065 3010, 5060 3005, 5060 2995, 5055 2990, 5050 2985, 5050 2975, 5045 2970, 5040 2965, 5035 2960, 5030 2955, 5035 2950, 5040 2945, 5040 2935, 5040 2925, 5040 2915, 5040 2905, 5045 2900, 5050 2895, 5050 2885, 5055 2880, 5060 2875, 5060 2865, 5065 2860, 5070 2855, 5075 2850, 5080 2845, 5085 2840, 5090 2845, 5090 2855, 5090 2865, 5085 2870, 5080 2875, 5080 2885, 5085 2890, 5095 2890, 5105 2890, 5110 2895, 5115 2900, 5120 2905, 5125 2910, 5130 2915, 5130 2925, 5125 2930, 5120 2935, 5120 2945, 5115 2950, 5110 2955, 5115 2960, 5125 2960, 5130 2965, 5135 2970, 5140 2975, 5145 2980, 5150 2985, 5150 2995, 5150 3005, 5155 3010, 5160 3015, 5160 3025, 5160 3035, 5160 3045, 5160 3055, 5160 3065, 5155 3070, 5150 3075, 5150 3085, 5150 3095, 5145 3100, 5140 3105, 5135 3110))"
peri,17,,17,114950.0,1,8172.638465999709,3019.0811222270554,"POLYGON ((7915 3440, 7910 3435, 7905 3430, 7895 3430, 7890 3425, 7885 3420, 7880 3415, 7875 3410, 7870 3405, 7865 3400, 7860 3395, 7855 3390, 7850 3385, 7845 3380, 7840 3375, 7840 3365, 7835 3360, 7830 3355, 7830 3345, 7825 3340, 7820 3335, 7820 3325, 7820 3315, 7825 3310, 7830 3305, 7830 3295, 7830 3285, 7830 3275, 7835 3270, 7840 3265, 7840 3255, 7840 3245, 7840 3235, 7840 3225, 7840 3215, 7840 3205, 7840 3195, 7840 3185, 7840 3175, 7840 3165, 7845 3160, 7850 3155, 7850 3145, 7850 3135, 7850 3125, 7850 3115, 7855 3110, 7860 3105, 7860 3095, 7860 3085, 7860 3075, 7860 3065, 7865 3060, 7870 3055, 7870 3045, 7870 3035, 7875 3030, 7880 3025, 7880 3015, 7885 3010, 7890 3005, 7895 3000, 7900 2995, 7905 2990, 7910 2985, 7915 2980, 7920 2975, 7925 2970, 7930 2965, 7935 2960, 7945 2960, 7950 2955, 7955 2950, 7965 2950, 7970 2945, 7975 2940, 7985 2940, 7990 2935, 7995 2930, 8005 2930, 8015 2930, 8025 2930, 8035 2930, 8045 2930, 8055 2930, 8065 2930, 8075 2930, 8085 2930, 8095 2930, 8100 2925, 8105 2920, 8115 2920, 8125 2920, 8130 2915, 8135 2910, 8145 2910, 8150 2905, 8145 2900, 8140 2895, 8135 2890, 8125 2890, 8120 2885, 8125 2880, 8135 2880, 8140 2875, 8145 2870, 8155 2870, 8165 2870, 8175 2870, 8185 2870, 8190 2865, 8195 2860, 8205 2860, 8215 2860, 8225 2860, 8235 2860, 8240 2865, 8245 2870, 8255 2870, 8260 2865, 8265 2860, 8270 2865, 8275 2870, 8280 2865, 8285 2860, 8295 2860, 8305 2860, 8315 2860, 8325 2860, 8330 2855, 8335 2850, 8345 2850, 8355 2850, 8365 2850, 8375 2850, 8385 2850, 8395 2850, 8405 2850, 8415 2850, 8425 2850, 8435 2850, 8445 2850, 8455 2850, 8465 2850, 8475 2850, 8485 2850, 8495 2850, 8505 2850, 8510 2855, 8515 2860, 8525 2860, 8535 2860, 8545 2860, 8555 2860, 8560 2865, 8565 2870, 8575 2870, 8580 2875, 8585 2880, 8595 2880, 8600 2885, 8605 2890, 8610 2895, 8615 2900, 8620 2905, 8625 2910, 8630 2915, 8635 2920, 8640 2925, 8645 2930, 8650 2935, 8650 2945, 8650 2955, 8645 2960, 8640 2965, 8635 2970, 8630 2975, 8625 2980, 8620 2985, 8615 2990, 8605 2990, 8595 2990, 8590 2995, 8585 3000, 8575 3000, 8565 3000, 8555 3000, 8550 2995, 8545 2990, 8535 2990, 8525 2990, 8520 2985, 8515 2980, 8505 2980, 8495 2980, 8485 2980, 8480 2975, 8475 2970, 8465 2970, 8455 2970, 8450 2965, 8445 2960, 8435 2960, 8425 2960, 8415 2960, 8405 2960, 8395 2960, 8390 2965, 8385 2970, 8375 2970, 8365 2970, 8360 2975, 8355 2980, 8345 2980, 8335 2980, 8325 2980, 8320 2985, 8315 2990, 8310 2985, 8305 2980, 8295 2980, 8285 2980, 8280 2985, 8275 2990, 8265 2990, 8255 2990, 8245 2990, 8240 2995, 8235 3000, 8230 2995, 8225 2990, 8215 2990, 8205 2990, 8195 2990, 8185 2990, 8180 2995, 8175 3000, 8170 2995, 8165 2990, 8160 2995, 8155 3000, 8145 3000, 8135 3000, 8130 3005, 8125 3010, 8115 3010, 8105 3010, 8100 3015, 8095 3020, 8085 3020, 8075 3020, 8070 3025, 8065 3030, 8060 3025, 8055 3020, 8045 3020, 8035 3020, 8025 3020, 8020 3015, 8015 3010, 8010 3015, 8005 3020, 8000 3025, 7995 3030, 7990 3035, 7985 3040, 7975 3040, 7965 3040, 7960 3045, 7960 3055, 7955 3060, 7950 3065, 7950 3075, 7950 3085, 7955 3090, 7960 3095, 7955 3100, 7950 3105, 7950 3115, 7950 3125, 7950 3135, 7945 3140, 7940 3145, 7940 3155, 7940 3165, 7940 3175, 7935 3180, 7930 3185, 7930 3195, 7930 3205, 7930 3215, 7930 3225, 7930 3235, 7930 3245, 7930 3255, 7930 3265, 7925 3270, 7920 3275, 7920 3285, 7920 3295, 7915 3300, 7910 3305, 7910 3315, 7910 3325, 7915 3330, 7920 3335, 7915 3340, 7910 3345, 7910 3355, 7910 3365, 7910 3375, 7915 3380, 7920 3385, 7915 3390, 7910 3395, 7915 3400, 7920 3405, 7915 3410, 7910 3415, 7915 3420, 7920 3425, 7920 3435, 7915 3440))"
peri,17,R1_2_T,17,250.0,1,8675.0,2995.0,"POLYGON ((8675 3010, 8670 3005, 8670 2995, 8670 2985, 8675 2980, 8680 2985, 8680 2995, 8680 3005, 8675 3010))"
peri,17,R1_2_T,17,157550.0,1,8327.642811805776,3256.656881413308,"POLYGON ((8065 3480, 8055 3480, 8045 3480, 8035 3480, 8025 3480, 8015 3480, 8005 3480, 7995 3480, 7985 3480, 7975 3480, 7965 3480, 7955 3480, 7950 3475, 7950 3465, 7950 3455, 7950 3445, 7945 3440, 7940 3435, 7940 3425, 7940 3415, 7940 3405, 7940 3395, 7940 3385, 7940 3375, 7935 3370, 7930 3365, 7930 3355, 7935 3350, 7940 3345, 7940 3335, 7940 3325, 7940 3315, 7940 3305, 7940 3295, 7940 3285, 7945 3280, 7950 3275, 7955 3270, 7960 3275, 7960 3285, 7965 3290, 7970 3295, 7975 3300, 7980 3305, 7985 3310, 7995 3310, 8005 3310, 8015 3310, 8020 3305, 8025 3300, 8030 3295, 8035 3290, 8045 3290, 8050 3285, 8055 3280, 8060 3275, 8065 3270, 8070 3265, 8075 3260, 8085 3260, 8095 3260, 8100 3255, 8105 3250, 8110 3255, 8115 3260, 8125 3260, 8135 3260, 8145 3260, 8150 3255, 8155 3250, 8160 3245, 8165 3240, 8170 3235, 8175 3230, 8180 3225, 8185 3220, 8190 3225, 8195 3230, 8200 3225, 8205 3220, 8210 3215, 8215 3210, 8220 3205, 8220 3195, 8225 3190, 8230 3185, 8235 3180, 8240 3175, 8235 3170, 8230 3165, 8235 3160, 8240 3155, 8245 3150, 8250 3145, 8255 3140, 8260 3135, 8265 3130, 8275 3130, 8285 3130, 8290 3125, 8295 3120, 8305 3120, 8310 3115, 8315 3110, 8325 3110, 8335 3110, 8345 3110, 8355 3110, 8365 3110, 8375 3110, 8385 3110, 8390 3115, 8395 3120, 8405 3120, 8410 3115, 8415 3110, 8420 3115, 8425 3120, 8435 3120, 8445 3120, 8450 3125, 8455 3130, 8465 3130, 8475 3130, 8480 3135, 8485 3140, 8495 3140, 8505 3140, 8510 3135, 8515 3130, 8520 3125, 8525 3120, 8530 3115, 8525 3110, 8520 3105, 8520 3095, 8520 3085, 8520 3075, 8525 3070, 8530 3065, 8530 3055, 8535 3050, 8540 3045, 8540 3035, 8535 3030, 8530 3025, 8535 3020, 8545 3020, 8555 3020, 8565 3020, 8575 3020, 8585 3020, 8595 3020, 8605 3020, 8615 3020, 8625 3020, 8630 3025, 8635 3030, 8645 3030, 8650 3035, 8655 3040, 8660 3045, 8660 3055, 8665 3060, 8670 3065, 8675 3070, 8685 3070, 8690 3075, 8695 3080, 8705 3080, 8710 3085, 8710 3095, 8705 3100, 8700 3105, 8700 3115, 8700 3125, 8700 3135, 8700 3145, 8700 3155, 8700 3165, 8695 3170, 8690 3175, 8690 3185, 8685 3190, 8680 3195, 8680 3205, 8675 3210, 8670 3215, 8670 3225, 8665 3230, 8660 3235, 8655 3240, 8650 3245, 8645 3250, 8640 3255, 8635 3260, 8630 3265, 8625 3270, 8620 3275, 8615 3280, 8605 3280, 8600 3285, 8595 3290, 8585 3290, 8580 3295, 8575 3300, 8565 3300, 8560 3305, 8555 3310, 8545 3310, 8535 3310, 8525 3310, 8515 3310, 8505 3310, 8495 3310, 8485 3310, 8475 3310, 8465 3310, 8455 3310, 8445 3310, 8435 3310, 8430 3305, 8425 3300, 8415 3300, 8405 3300, 8400 3295, 8395 3290, 8385 3290, 8375 3290, 8370 3295, 8365 3300, 8360 3305, 8360 3315, 8355 3320, 8350 3325, 8345 3330, 8340 3335, 8335 3340, 8330 3345, 8325 3350, 8320 3355, 8315 3360, 8310 3365, 8305 3370, 8295 3370, 8290 3375, 8285 3380, 8275 3380, 8270 3385, 8265 3390, 8260 3395, 8255 3400, 8245 3400, 8240 3405, 8235 3410, 8225 3410, 8220 3415, 8215 3420, 8205 3420, 8200 3425, 8195 3430, 8185 3430, 8175 3430, 8165 3430, 8155 3430, 8145 3430, 8140 3435, 8135 3440, 8130 3445, 8125 3450, 8115 3450, 8110 3455, 8105 3460, 8095 3460, 8090 3465, 8085 3470, 8075 3470, 8070 3475, 8065 3480))"
peri,17,R1_2_T,17,450.0,1,8692.87037037037,3037.1296296296296,"POLYGON ((8705 3050, 8695 3050, 8690 3045, 8685 3040, 8680 3035, 8680 3025, 8685 3020, 8690 3025, 8695 3030, 8700 3035, 8705 3040, 8710 3045, 8705 3050))"
peri,0,R1_2_T,13;18,65650.0,1,9609.207286113227,3240.4055597867477,"POLYGON ((9515 3530, 9510 3525, 9505 3520, 9500 3515, 9500 3505, 9500 3495, 9500 3485, 9500 3475, 9500 3465, 9505 3460, 9515 3460, 9520 3455, 9525 3450, 9530 3445, 9525 3440, 9520 3435, 9515 3430, 9505 3430, 9500 3425, 9500 3415, 9505 3410, 9510 3405, 9510 3395, 9510 3385, 9515 3380, 9525 3380, 9535 3380, 9540 3375, 9540 3365, 9545 3360, 9550 3355, 9555 3350, 9565 3350, 9575 3350, 9585 3350, 9590 3345, 9595 3340, 9605 3340, 9615 3340, 9620 3335, 9625 3330, 9635 3330, 9645 3330, 9650 3325, 9645 3320, 9640 3315, 9635 3310, 9630 3305, 9630 3295, 9625 3290, 9615 3290, 9605 3290, 9595 3290, 9585 3290, 9580 3285, 9580 3275, 9580 3265, 9575 3260, 9570 3255, 9570 3245, 9570 3235, 9565 3230, 9560 3235, 9555 3240, 9545 3240, 9540 3235, 9535 3230, 9525 3230, 9515 3230, 9510 3225, 9510 3215, 9505 3210, 9500 3205, 9500 3195, 9500 3185, 9495 3180, 9490 3175, 9485 3170, 9480 3165, 9475 3160, 9470 3155, 9465 3150, 9455 3150, 9450 3145, 9450 3135, 9445 3130, 9440 3125, 9445 3120, 9450 3115, 9450 3105, 9450 3095, 9455 3090, 9460 3085, 9465 3080, 9470 3075, 9475 3070, 9485 3070, 9495 3070, 9505 3070, 9515 3070, 9520 3065, 9525 3060, 9535 3060, 9540 3065, 9545 3070, 9555 3070, 9565 3070, 9570 3075, 9575 3080, 9585 3080, 9590 3085, 9595 3090, 9600 3095, 9605 3100, 9615 3100, 9620 3105, 9625 3110, 9630 3115, 9635 3120, 9645 3120, 9655 3120, 9660 3125, 9665 3130, 9675 3130, 9685 3130, 9690 3135, 9695 3140, 9700 3145, 9705 3150, 9710 3155, 9715 3160, 9720 3155, 9720 3145, 9725 3140, 9735 3140, 9745 3140, 9750 3145, 9755 3150, 9765 3150, 9775 3150, 9780 3155, 9785 3160, 9790 3165, 9790 3175, 9795 3180, 9800 3185, 9800 3195, 9800 3205, 9800 3215, 9800 3225, 9795 3230, 9790 3235, 9795 3240, 9800 3245, 9800 3255, 9795 3260, 9790 3265, 9790 3275, 9785 3280, 9780 3285, 9775 3290, 9770 3295, 9765 3300, 9760 3295, 9755 3290, 9750 3285, 9750 3275, 9745 3270, 9740 3265, 9740 3255, 9735 3250, 9730 3245, 9725 3240, 9715 3240, 9705 3240, 9695 3240, 9690 3245, 9685 3250, 9680 3245, 9675 3240, 9665 3240, 9660 3245, 9660 3255, 9660 3265, 9660 3275, 9665 3280, 9670 3285, 9670 3295, 9670 3305, 9670 3315, 9665 3320, 9660 3325, 9660 3335, 9660 3345, 9660 3355, 9660 3365, 9655 3370, 9650 3375, 9650 3385, 9645 3390, 9640 3395, 9640 3405, 9635 3410, 9625 3410, 9620 3415, 9615 3420, 9605 3420, 9595 3420, 9590 3425, 9590 3435, 9590 3445, 9590 3455, 9590 3465, 9585 3470, 9580 3475, 9575 3480, 9570 3485, 9565 3490, 9560 3495, 9555 3500, 9545 3500, 9540 3505, 9535 3510, 9525 3510, 9520 3515, 9520 3525, 9515 3530))"
peri,18,R1_2_T,18,650.0,1,9469.551282051281,3200.4487179487182,"POLYGON ((9475 3230, 9470 3225, 9470 3215, 9470 3205, 9465 3200, 9460 3195, 9455 3190, 9450 3185, 9455 3180, 9465 3180, 9470 3185, 9475 3190, 9480 3195, 9480 3205, 9480 3215, 9480 3225, 9475 3230))"
peri,0,P3_1_C,19;20;21;22;24,69550.0,1,7004.565061107117,3362.4526719386536,"POLYGON ((6995 3560, 6985 3560, 6975 3560, 6965 3560, 6955 3560, 6945 3560, 6935 3560, 6930 3555, 6925 3550, 6915 3550, 6910 3545, 6905 3540, 6895 3540, 6890 3535, 6885 3530, 6880 3525, 6875 3520, 6870 3515, 6870 3505, 6865 3500, 6860 3495, 6860 3485, 6860 3475, 6860 3465, 6860 3455, 6860 3445, 6860 3435, 6860 3425, 6860 3415, 6860 3405, 6865 3400, 6870 3395, 6870 3385, 6875 3380, 6880 3375, 6880 3365, 6885 3360, 6890 3355, 6890 3345, 6890 3335, 6895 3330, 6900 3325, 6900 3315, 6905 3310, 6910 3305, 6910 3295, 6915 3290, 6920 3285, 6925 3280, 6930 3275, 6930 3265, 6935 3260, 6940 3255, 6945 3250, 6950 3245, 6955 3240, 6965 3240, 6970 3235, 6975 3230, 6980 3225, 6985 3220, 6995 3220, 7000 3215, 7005 3210, 7015 3210, 7020 3205, 7025 3200, 7035 3200, 7045 3200, 7055 3200, 7065 3200, 7075 3200, 7085 3200, 7095 3200, 7105 3200, 7115 3200, 7125 3200, 7130 3205, 7135 3210, 7145 3210, 7150 3215, 7155 3220, 7165 3220, 7170 3225, 7175 3230, 7180 3235, 7185 3240, 7195 3240, 7200 3245, 7200 3255, 7205 3260, 7210 3265, 7215 3270, 7220 3275, 7215 3280, 7210 3285, 7205 3290, 7200 3295, 7195 3300, 7190 3305, 7185 3310, 7180 3315, 7175 3320, 7165 3320, 7160 3315, 7155 3310, 7145 3310, 7135 3310, 7130 3315, 7125 3320, 7120 3325, 7115 3330, 7105 3330, 7100 3335, 7100 3345, 7095 3350, 7090 3355, 7090 3365, 7085 3370, 7080 3365, 7075 3360, 7070 3365, 7065 3370, 7060 3375, 7055 3380, 7050 3385, 7055 3390, 7060 3395, 7060 3405, 7055 3410, 7050 3415, 7045 3420, 7040 3425, 7035 3430, 7030 3435, 7030 3445, 7025 3450, 7020 3455, 7020 3465, 7020 3475, 7025 3480, 7030 3485, 7025 3490, 7020 3495, 7025 3500, 7030 3505, 7030 3515, 7030 3525, 7030 3535, 7030 3545, 7025 3550, 7015 3550, 7005 3550, 7000 3555, 6995 3560))"
peri,23,P3_1_C,23,90650.0,1,5372.161702518845,3435.3139363853647,"POLYGON ((5565 3640, 5555 3640, 5545 3640, 5540 3635, 5535 3630, 5530 3625, 5525 3620, 5515 3620, 5505 3620, 5500 3615, 5495 3610, 5485 3610, 5475 3610, 5465 3610, 5455 3610, 5450 3615, 5445 3620, 5440 3625, 5435 3630, 5425 3630, 5420 3635, 5415 3640, 5405 3640, 5395 3640, 5385 3640, 5375 3640, 5365 3640, 5355 3640, 5345 3640, 5340 3635, 5345 3630, 5355 3630, 5365 3630, 5370 3625, 5375 3620, 5385 3620, 5390 3615, 5395 3610, 5400 3605, 5405 3600, 5410 3595, 5410 3585, 5410 3575, 5410 3565, 5410 3555, 5405 3550, 5400 3545, 5395 3540, 5390 3535, 5390 3525, 5390 3515, 5390 3505, 5390 3495, 5385 3490, 5380 3485, 5375 3480, 5370 3475, 5365 3470, 5360 3465, 5355 3460, 5350 3455, 5345 3450, 5335 3450, 5330 3445, 5325 3440, 5315 3440, 5310 3445, 5305 3450, 5300 3445, 5295 3440, 5285 3440, 5275 3440, 5270 3445, 5265 3450, 5260 3455, 5255 3460, 5250 3465, 5250 3475, 5250 3485, 5250 3495, 5245 3500, 5240 3505, 5240 3515, 5240 3525, 5235 3530, 5230 3535, 5225 3540, 5220 3535, 5220 3525, 5220 3515, 5215 3510, 5210 3505, 5205 3500, 5200 3495, 5195 3490, 5190 3485, 5190 3475, 5185 3470, 5180 3465, 5175 3460, 5170 3455, 5165 3450, 5160 3445, 5155 3440, 5150 3435, 5150 3425, 5150 3415, 5145 3410, 5140 3405, 5140 3395, 5140 3385, 5140 3375, 5145 3370, 5150 3365, 5150 3355, 5150 3345, 5145 3340, 5140 3335, 5145 3330, 5150 3325, 5155 3320, 5165 3320, 5170 3315, 5175 3310, 5180 3305, 5185 3300, 5195 3300, 5200 3295, 5205 3290, 5215 3290, 5220 3285, 5225 3280, 5235 3280, 5245 3280, 5255 3280, 5265 3280, 5275 3280, 5285 3280, 5295 3280, 5305 3280, 5315 3280, 5325 3280, 5335 3280, 5345 3280, 5355 3280, 5365 3280, 5375 3280, 5380 3285, 5385 3290, 5395 3290, 5400 3295, 5405 3300, 5415 3300, 5420 3305, 5425 3310, 5435 3310, 5440 3315, 5445 3320, 5450 3325, 5455 3330, 5465 3330, 5470 3335, 5475 3340, 5480 3345, 5485 3350, 5490 3355, 5495 3360, 5500 3365, 5505 3370, 5510 3375, 5510 3385, 5515 3390, 5520 3395, 5525 3400, 5530 3405, 5530 3415, 5535 3420, 5540 3425, 5540 3435, 5545 3440, 5550 3445, 5550 3455, 5550 3465, 5550 3475, 5555 3480, 5560 3485, 5560 3495, 5565 3500, 5570 3505, 5570 3515, 5570 3525, 5570 3535, 5570 3545, 5570 3555, 5570 3565, 5570 3575, 5570 3585, 5570 3595, 5570 3605, 5570 3615, 5570 3625, 5570 3635, 5565 3640))"
peri,0,,19;20;21;22;24,26450.0,1,7130.705734089476,3506.5122873345936,"POLYGON ((7025 3650, 7020 3645, 7015 3640, 7005 3640, 6995 3640, 6985 3640, 6980 3635, 6985 3630, 6990 3625, 6995 3620, 7005 3620, 7010 3615, 7010 3605, 7015 3600, 7020 3595, 7025 3590, 7030 3585, 7035 3580, 7040 3575, 7045 3570, 7050 3565, 7050 3555, 7055 3550, 7060 3545, 7065 3540, 7070 3535, 7075 3530, 7080 3525, 7085 3520, 7090 3515, 7095 3510, 7100 3505, 7105 3500, 7110 3495, 7115 3490, 7120 3485, 7125 3480, 7135 3480, 7140 3475, 7135 3470, 7130 3465, 7130 3455, 7130 3445, 7130 3435, 7135 3430, 7140 3425, 7140 3415, 7140 3405, 7145 3400, 7150 3395, 7155 3390, 7160 3385, 7160 3375, 7165 3370, 7170 3365, 7175 3360, 7180 3355, 7185 3350, 7190 3345, 7195 3340, 7200 3335, 7200 3325, 7205 3320, 7210 3315, 7215 3310, 7220 3315, 7220 3325, 7220 3335, 7220 3345, 7220 3355, 7225 3360, 7230 3365, 7225 3370, 7220 3375, 7220 3385, 7220 3395, 7220 3405, 7220 3415, 7220 3425, 7215 3430, 7210 3435, 7210 3445, 7210 3455, 7210 3465, 7210 3475, 7205 3480, 7200 3485, 7200 3495, 7195 3500, 7190 3505, 7190 3515, 7185 3520, 7180 3525, 7175 3530, 7170 3535, 7170 3545, 7165 3550, 7160 3555, 7160 3565, 7155 3570, 7150 3575, 7145 3580, 7140 3585, 7135 3590, 7130 3595, 7125 3600, 7120 3605, 7115 3610, 7110 3615, 7105 3620, 7100 3625, 7095 3630, 7085 3630, 7080 3635, 7075 3640, 7065 3640, 7055 3640, 7045 3640, 7035 3640, 7030 3645, 7025 3650))"
peri,25,P3_1_C,25,107050.0,1,5859.425112875604,3547.110773781722,"POLYGON ((5785 3770, 5775 3770, 5765 3770, 5760 3765, 5755 3760, 5745 3760, 5735 3760, 5730 3755, 5725 3750, 5715 3750, 5705 3750, 5700 3745, 5695 3740, 5685 3740, 5675 3740, 5665 3740, 5660 3735, 5655 3730, 5645 3730, 5640 3725, 5640 3715, 5635 3710, 5630 3705, 5625 3700, 5620 3695, 5620 3685, 5615 3680, 5610 3675, 5610 3665, 5605 3660, 5600 3655, 5600 3645, 5600 3635, 5600 3625, 5605 3620, 5610 3615, 5610 3605, 5615 3600, 5620 3595, 5620 3585, 5625 3580, 5630 3575, 5635 3570, 5640 3565, 5640 3555, 5645 3550, 5650 3545, 5655 3540, 5660 3535, 5665 3530, 5670 3525, 5675 3520, 5680 3515, 5685 3510, 5690 3505, 5695 3500, 5700 3495, 5705 3490, 5710 3485, 5715 3480, 5720 3475, 5720 3465, 5725 3460, 5730 3455, 5735 3450, 5740 3445, 5745 3440, 5750 3435, 5755 3430, 5765 3430, 5770 3425, 5775 3420, 5780 3415, 5785 3410, 5795 3410, 5800 3405, 5805 3400, 5815 3400, 5820 3395, 5825 3390, 5835 3390, 5840 3385, 5845 3380, 5855 3380, 5865 3380, 5875 3380, 5885 3380, 5895 3380, 5905 3380, 5915 3380, 5925 3380, 5935 3380, 5945 3380, 5950 3385, 5955 3390, 5965 3390, 5975 3390, 5980 3395, 5985 3400, 5995 3400, 6000 3405, 6005 3410, 6015 3410, 6020 3415, 6025 3420, 6030 3425, 6035 3430, 6045 3430, 6050 3435, 6055 3440, 6060 3445, 6065 3450, 6070 3455, 6075 3460, 6080 3465, 6085 3470, 6090 3475, 6095 3480, 6100 3485, 6105 3490, 6110 3495, 6110 3505, 6115 3510, 6120 3515, 6125 3520, 6130 3525, 6130 3535, 6135 3540, 6140 3545, 6140 3555, 6145 3560, 6150 3565, 6150 3575, 6150 3585, 6150 3595, 6150 3605, 6150 3615, 6150 3625, 6150 3635, 6150 3645, 6150 3655, 6145 3660, 6140 3655, 6135 3650, 6130 3645, 6125 3640, 6120 3635, 6115 3630, 6105 3630, 6095 3630, 6090 3625, 6085 3620, 6075 3620, 6065 3620, 6055 3620, 6045 3620, 6035 3620, 6030 3615, 6025 3610, 6020 3605, 6015 3600, 6010 3605, 6005 3610, 6000 3615, 5995 3620, 5990 3615, 5985 3610, 5980 3605, 5975 3600, 5970 3595, 5965 3590, 5960 3585, 5955 3580, 5950 3575, 5945 3570, 5940 3565, 5935 3560, 5930 3555, 5925 3550, 5915 3550, 5905 3550, 5900 3545, 5895 3540, 5890 3545, 5885 3550, 5875 3550, 5870 3555, 5865 3560, 5860 3565, 5855 3570, 5850 3575, 5845 3580, 5840 3585, 5840 3595, 5835 3600, 5830 3605, 5825 3610, 5820 3615, 5815 3620, 5810 3625, 5805 3630, 5800 3635, 5795 3640, 5790 3645, 5785 3650, 5780 3655, 5775 3660, 5770 3665, 5765 3670, 5760 3675, 5765 3680, 5770 3685, 5770 3695, 5770 3705, 5765 3710, 5760 3715, 5765 3720, 5770 3725, 5770 3735, 5770 3745, 5775 3750, 5780 3755, 5785 3760, 5790 3765, 5785 3770))"
peri,23,P3_1_C,23,43450.0,1,5282.420406597622,3633.619102416571,"POLYGON ((5415 3750, 5405 3750, 5395 3750, 5385 3750, 5375 3750, 5365 3750, 5355 3750, 5345 3750, 5335 3750, 5325 3750, 5315 3750, 5310 3745, 5305 3740, 5295 3740, 5290 3735, 5285 3730, 5275 3730, 5270 3725, 5265 3720, 5260 3715, 5255 3710, 5250 3705, 5245 3700, 5240 3695, 5235 3690, 5225 3690, 5220 3685, 5215 3680, 5210 3675, 5205 3670, 5200 3665, 5195 3660, 5190 3655, 5185 3650, 5180 3645, 5175 3640, 5170 3635, 5165 3630, 5160 3625, 5155 3620, 5150 3615, 5145 3610, 5140 3605, 5140 3595, 5135 3590, 5130 3585, 5125 3580, 5120 3575, 5120 3565, 5115 3560, 5110 3555, 5105 3550, 5100 3545, 5100 3535, 5095 3530, 5090 3525, 5090 3515, 5090 3505, 5090 3495, 5090 3485, 5095 3480, 5100 3475, 5100 3465, 5100 3455, 5105 3450, 5110 3445, 5110 3435, 5110 3425, 5110 3415, 5115 3410, 5120 3415, 5125 3420, 5130 3425, 5130 3435, 5130 3445, 5130 3455, 5135 3460, 5140 3465, 5145 3470, 5150 3475, 5155 3480, 5160 3485, 5165 3490, 5170 3495, 5175 3500, 5180 3505, 5185 3510, 5190 3515, 5195 3520, 5200 3525, 5200 3535, 5200 3545, 5205 3550, 5210 3555, 5215 3560, 5220 3565, 5220 3575, 5225 3580, 5230 3585, 5235 3590, 5240 3595, 5245 3600, 5250 3605, 5255 3610, 5265 3610, 5270 3615, 5275 3620, 5285 3620, 5290 3625, 5295 3630, 5300 3635, 5305 3640, 5310 3645, 5315 3650, 5320 3655, 5320 3665, 5325 3670, 5330 3665, 5335 3660, 5340 3665, 5345 3670, 5355 3670, 5365 3670, 5375 3670, 5380 3665, 5385 3660, 5395 3660, 5400 3665, 5405 3670, 5415 3670, 5420 3665, 5425 3660, 5435 3660, 5445 3660, 5450 3655, 5455 3650, 5460 3645, 5460 3635, 5465 3630, 5475 3630, 5480 3635, 5485 3640, 5495 3640, 5505 3640, 5510 3645, 5515 3650, 5520 3655, 5520 3665, 5520 3675, 5525 3680, 5530 3685, 5525 3690, 5520 3695, 5515 3700, 5510 3705, 5505 3710, 5500 3715, 5495 3720, 5485 3720, 5475 3720, 5470 3725, 5465 3730, 5455 3730, 5450 3735, 5445 3740, 5435 3740, 5425 3740, 5420 3745, 5415 3750))"
peri,0,R1_2_T,26;27;28,362250.0,1,8890.880262249828,3913.6223832528176,"POLYGON ((8675 4310, 8665 4310, 8655 4310, 8645 4310, 8635 4310, 8625 4310, 8615 4310, 8605 4310, 8595 4310, 8585 4310, 8575 4310, 8565 4310, 8555 4310, 8545 4310, 8535 4310, 8525 4310, 8515 4310, 8505 4310, 8495 4310, 8485 4310, 8475 4310, 8470 4305, 8465 4300, 8460 4295, 8455 4290, 8450 4285, 8445 4280, 8440 4275, 8435 4270, 8430 4265, 8425 4260, 8420 4255, 8420 4245, 8415 4240, 8410 4235, 8410 4225, 8405 4220, 8400 4215, 8405 4210, 8415 4210, 8420 4215, 8425 4220, 8435 4220, 8445 4220, 8455 4220, 8460 4225, 8465 4230, 8470 4225, 8475 4220, 8485 4220, 8495 4220, 8500 4215, 8495 4210, 8485 4210, 8475 4210, 8470 4205, 8465 4200, 8455 4200, 8445 4200, 8435 4200, 8430 4195, 8425 4190, 8415 4190, 8405 4190, 8395 4190, 8385 4190, 8375 4190, 8370 4185, 8370 4175, 8370 4165, 8370 4155, 8370 4145, 8370 4135, 8370 4125, 8370 4115, 8375 4110, 8380 4105, 8380 4095, 8385 4090, 8390 4085, 8390 4075, 8395 4070, 8400 4065, 8400 4055, 8405 4050, 8410 4045, 8415 4040, 8420 4035, 8425 4030, 8430 4025, 8435 4020, 8440 4015, 8445 4010, 8450 4005, 8455 4000, 8460 3995, 8465 3990, 8475 3990, 8480 3985, 8485 3980, 8495 3980, 8500 3975, 8505 3970, 8510 3965, 8515 3960, 8520 3955, 8525 3950, 8530 3945, 8535 3940, 8540 3935, 8545 3930, 8555 3930, 8560 3925, 8565 3920, 8575 3920, 8580 3915, 8585 3910, 8595 3910, 8600 3905, 8605 3900, 8615 3900, 8625 3900, 8630 3895, 8635 3890, 8640 3885, 8640 3875, 8645 3870, 8650 3865, 8650 3855, 8655 3850, 8660 3845, 8660 3835, 8660 3825, 8660 3815, 8665 3810, 8670 3805, 8670 3795, 8670 3785, 8675 3780, 8680 3775, 8680 3765, 8685 3760, 8690 3755, 8690 3745, 8690 3735, 8690 3725, 8690 3715, 8690 3705, 8695 3700, 8700 3695, 8700 3685, 8705 3680, 8710 3675, 8710 3665, 8715 3660, 8720 3655, 8720 3645, 8725 3640, 8730 3635, 8730 3625, 8735 3620, 8740 3615, 8745 3610, 8750 3605, 8755 3600, 8760 3595, 8765 3590, 8770 3585, 8775 3580, 8780 3575, 8785 3570, 8795 3570, 8800 3565, 8805 3560, 8815 3560, 8820 3555, 8825 3550, 8835 3550, 8840 3545, 8845 3540, 8855 3540, 8865 3540, 8875 3540, 8885 3540, 8895 3540, 8905 3540, 8915 3540, 8925 3540, 8935 3540, 8945 3540, 8955 3540, 8965 3540, 8975 3540, 8985 3540, 8995 3540, 9005 3540, 9015 3540, 9020 3545, 9025 3550, 9035 3550, 9045 3550, 9055 3550, 9065 3550, 9075 3550, 9080 3555, 9085 3560, 9095 3560, 9100 3565, 9105 3570, 9115 3570, 9125 3570, 9135 3570, 9145 3570, 9150 3565, 9155 3560, 9165 3560, 9170 3555, 9175 3550, 9185 3550, 9195 3550, 9205 3550, 9215 3550, 9225 3550, 9235 3550, 9245 3550, 9255 3550, 9265 3550, 9275 3550, 9285 3550, 9290 3555, 9295 3560, 9305 3560, 9310 3565, 9315 3570, 9325 3570, 9330 3575, 9335 3580, 9345 3580, 9350 3585, 9355 3590, 9360 3595, 9365 3600, 9370 3605, 9375 3610, 9380 3615, 9385 3620, 9390 3625, 9395 3630, 9400 3635, 9400 3645, 9405 3650, 9410 3655, 9410 3665, 9415 3670, 9420 3675, 9420 3685, 9425 3690, 9430 3695, 9430 3705, 9425 3710, 9420 3715, 9415 3720, 9410 3725, 9410 3735, 9405 3740, 9400 3745, 9395 3750, 9390 3755, 9385 3760, 9375 3760, 9370 3765, 9365 3770, 9355 3770, 9350 3775, 9345 3780, 9335 3780, 9330 3785, 9325 3790, 9315 3790, 9310 3795, 9305 3800, 9300 3805, 9295 3810, 9290 3815, 9285 3820, 9280 3825, 9275 3830, 9270 3835, 9265 3840, 9260 3835, 9260 3825, 9265 3820, 9270 3815, 9275 3810, 9280 3805, 9275 3800, 9270 3795, 9270 3785, 9265 3780, 9260 3775, 9265 3770, 9270 3765, 9265 3760, 9260 3755, 9260 3745, 9255 3740, 9250 3735, 9245 3730, 9240 3725, 9235 3720, 9225 3720, 9220 3725, 9215 3730, 9210 3735, 9205 3740, 9195 3740, 9190 3745, 9185 3750, 9180 3755, 9175 3760, 9165 3760, 9155 3760, 9145 3760, 9135 3760, 9130 3765, 9125 3770, 9120 3765, 9115 3760, 9105 3760, 9100 3755, 9095 3750, 9090 3745, 9085 3740, 9075 3740, 9070 3745, 9065 3750, 9060 3745, 9055 3740, 9045 3740, 9040 3735, 9035 3730, 9030 3725, 9025 3720, 9020 3725, 9015 3730, 9005 3730, 8995 3730, 8990 3725, 8985 3720, 8975 3720, 8970 3715, 8965 3710, 8955 3710, 8945 3710, 8935 3710, 8925 3710, 8915 3710, 8905 3710, 8895 3710, 8890 3715, 8885 3720, 8880 3725, 8875 3730, 8870 3735, 8870 3745, 8865 3750, 8860 3755, 8860 3765, 8860 3775, 8860 3785, 8860 3795, 8860 3805, 8860 3815, 8855 3820, 8850 3825, 8845 3830, 8840 3835, 8840 3845, 8840 3855, 8835 3860, 8830 3865, 8830 3875, 8830 3885, 8830 3895, 8825 3900, 8820 3905, 8820 3915, 8815 3920, 8810 3925, 8810 3935, 8815 3940, 8820 3945, 8815 3950, 8810 3955, 8805 3960, 8800 3965, 8795 3970, 8790 3975, 8785 3980, 8780 3985, 8780 3995, 8785 4000, 8790 4005, 8790 4015, 8795 4020, 8800 4025, 8800 4035, 8805 4040, 8810 4045, 8815 4050, 8820 4055, 8825 4060, 8830 4065, 8835 4070, 8845 4070, 8850 4075, 8855 4080, 8865 4080, 8870 4085, 8875 4090, 8880 4095, 8885 4100, 8895 4100, 8905 4100, 8910 4095, 8915 4090, 8925 4090, 8935 4090, 8945 4090, 8955 4090, 8960 4085, 8965 4080, 8970 4085, 8975 4090, 8985 4090, 8990 4095, 8995 4100, 9000 4105, 9005 4110, 9010 4115, 9015 4120, 9020 4125, 9020 4135, 9020 4145, 9015 4150, 9010 4155, 9005 4160, 9000 4165, 8995 4170, 8985 4170, 8980 4175, 8975 4180, 8965 4180, 8955 4180, 8945 4180, 8935 4180, 8925 4180, 8915 4180, 8905 4180, 8900 4175, 8895 4170, 8885 4170, 8875 4170, 8870 4165, 8865 4160, 8855 4160, 8845 4160, 8835 4160, 8825 4160, 8815 4160, 8805 4160, 8795 4160, 8785 4160, 8780 4165, 8775 4170, 8765 4170, 8755 4170, 8750 4165, 8755 4160, 8760 4155, 8755 4150, 8750 4145, 8745 4140, 8740 4135, 8735 4130, 8730 4125, 8725 4120, 8720 4115, 8715 4110, 8710 4105, 8705 4100, 8700 4095, 8695 4090, 8685 4090, 8680 4085, 8675 4080, 8670 4075, 8665 4070, 8655 4070, 8650 4075, 8645 4080, 8640 4085, 8635 4090, 8630 4095, 8625 4100, 8620 4105, 8615 4110, 8610 4115, 8605 4120, 8600 4125, 8595 4130, 8585 4130, 8575 4130, 8570 4135, 8565 4140, 8560 4145, 8555 4150, 8550 4155, 8545 4160, 8540 4165, 8545 4170, 8550 4175, 8555 4180, 8560 4185, 8555 4190, 8545 4190, 8535 4190, 8530 4195, 8525 4200, 8515 4200, 8510 4205, 8515 4210, 8525 4210, 8530 4215, 8535 4220, 8545 4220, 8555 4220, 8565 4220, 8575 4220, 8580 4215, 8585 4210, 8595 4210, 8605 4210, 8615 4210, 8625 4210, 8630 4215, 8635 4220, 8640 4215, 8645 4210, 8655 4210, 8665 4210, 8675 4210, 8685 4210, 8695 4210, 8705 4210, 8715 4210, 8720 4205, 8725 4200, 8735 4200, 8745 4200, 8755 4200, 8760 4195, 8765 4190, 8775 4190, 8785 4190, 8795 4190, 8800 4185, 8805 4180, 8815 4180, 8825 4180, 8835 4180, 8845 4180, 8855 4180, 8860 4185, 8865 4190, 8875 4190, 8885 4190, 8890 4195, 8895 4200, 8905 4200, 8915 4200, 8920 4205, 8925 4210, 8935 4210, 8940 4215, 8945 4220, 8955 4220, 8965 4220, 8975 4220, 8980 4225, 8985 4230, 8995 4230, 9005 4230, 9010 4235, 9015 4240, 9020 4235, 9025 4230, 9035 4230, 9045 4230, 9055 4230, 9060 4225, 9065 4220, 9070 4215, 9075 4210, 9080 4205, 9080 4195, 9085 4190, 9090 4185, 9085 4180, 9080 4175, 9080 4165, 9080 4155, 9075 4150, 9070 4145, 9070 4135, 9075 4130, 9080 4125, 9080 4115, 9075 4110, 9070 4105, 9075 4100, 9080 4095, 9080 4085, 9080 4075, 9080 4065, 9085 4060, 9090 4055, 9090 4045, 9090 4035, 9095 4030, 9100 4025, 9105 4020, 9110 4015, 9115 4010, 9125 4010, 9130 4005, 9135 4000, 9140 3995, 9145 3990, 9150 3985, 9155 3980, 9160 3975, 9160 3965, 9165 3960, 9170 3955, 9175 3950, 9180 3945, 9185 3940, 9190 3935, 9195 3930, 9205 3930, 9210 3925, 9215 3920, 9225 3920, 9230 3915, 9230 3905, 9235 3900, 9240 3895, 9245 3890, 9250 3885, 9255 3880, 9260 3875, 9265 3870, 9270 3865, 9275 3860, 9280 3855, 9285 3850, 9290 3845, 9295 3840, 9300 3835, 9305 3830, 9310 3825, 9315 3820, 9320 3815, 9325 3810, 9335 3810, 9345 3810, 9350 3805, 9355 3800, 9360 3795, 9365 3790, 9375 3790, 9385 3790, 9390 3795, 9395 3800, 9400 3805, 9405 3810, 9410 3805, 9405 3800, 9400 3795, 9405 3790, 9410 3785, 9410 3775, 9410 3765, 9415 3760, 9420 3765, 9420 3775, 9420 3785, 9420 3795, 9425 3800, 9430 3805, 9425 3810, 9420 3815, 9420 3825, 9420 3835, 9420 3845, 9420 3855, 9415 3860, 9410 3865, 9405 3870, 9400 3875, 9395 3880, 9385 3880, 9380 3885, 9375 3890, 9365 3890, 9360 3895, 9355 3900, 9350 3905, 9345 3910, 9340 3915, 9335 3920, 9330 3925, 9325 3930, 9320 3935, 9315 3940, 9310 3945, 9305 3950, 9300 3955, 9295 3960, 9290 3965, 9285 3970, 9280 3975, 9275 3980, 9265 3980, 9260 3985, 9255 3990, 9250 3995, 9245 4000, 9240 4005, 9235 4010, 9230 4015, 9225 4020, 9220 4025, 9215 4030, 9210 4035, 9205 4040, 9200 4045, 9195 4050, 9190 4055, 9190 4065, 9185 4070, 9180 4075, 9180 4085, 9180 4095, 9175 4100, 9170 4105, 9170 4115, 9170 4125, 9170 4135, 9170 4145, 9170 4155, 9170 4165, 9170 4175, 9165 4180, 9160 4185, 9155 4190, 9150 4195, 9150 4205, 9145 4210, 9140 4215, 9135 4220, 9130 4225, 9125 4230, 9120 4235, 9115 4240, 9105 4240, 9100 4245, 9095 4250, 9085 4250, 9080 4255, 9075 4260, 9065 4260, 9055 4260, 9045 4260, 9035 4260, 9030 4265, 9025 4270, 9015 4270, 9010 4265, 9005 4260, 8995 4260, 8985 4260, 8975 4260, 8965 4260, 8960 4255, 8955 4250, 8945 4250, 8940 4245, 8935 4240, 8925 4240, 8915 4240, 8910 4245, 8905 4250, 8895 4250, 8885 4250, 8875 4250, 8870 4255, 8870 4265, 8865 4270, 8860 4275, 8855 4280, 8845 4280, 8835 4280, 8825 4280, 8815 4280, 8805 4280, 8795 4280, 8785 4280, 8780 4285, 8775 4290, 8765 4290, 8755 4290, 8745 4290, 8740 4295, 8735 4300, 8725 4300, 8715 4300, 8705 4300, 8695 4300, 8685 4300, 8680 4305, 8675 4310))"
peri,25,P3_1_C,25,22750.0,1,6053.326007326007,3744.8608058608056,"POLYGON ((6015 3860, 6005 3860, 6000 3855, 6000 3845, 6005 3840, 6010 3835, 6005 3830, 6000 3825, 6000 3815, 5995 3810, 5990 3805, 5990 3795, 5985 3790, 5980 3785, 5980 3775, 5980 3765, 5985 3760, 5990 3755, 5990 3745, 5990 3735, 5995 3730, 6000 3725, 6005 3720, 6010 3715, 6010 3705, 6010 3695, 6005 3690, 6000 3695, 5995 3700, 5985 3700, 5980 3695, 5980 3685, 5985 3680, 5990 3675, 5990 3665, 5990 3655, 5995 3650, 6000 3655, 6005 3660, 6015 3660, 6025 3660, 6035 3660, 6045 3660, 6050 3655, 6055 3650, 6060 3645, 6065 3640, 6070 3645, 6075 3650, 6080 3655, 6085 3660, 6095 3660, 6100 3665, 6100 3675, 6105 3680, 6115 3680, 6125 3680, 6130 3685, 6130 3695, 6135 3700, 6140 3705, 6135 3710, 6130 3715, 6130 3725, 6130 3735, 6130 3745, 6130 3755, 6125 3760, 6120 3765, 6120 3775, 6115 3780, 6110 3785, 6110 3795, 6105 3800, 6100 3805, 6095 3810, 6090 3815, 6085 3820, 6080 3825, 6075 3830, 6065 3830, 6060 3835, 6055 3840, 6045 3840, 6040 3845, 6035 3850, 6025 3850, 6020 3855, 6015 3860))"
peri,25,P3_1_C,25,26550.0,1,5786.126804770872,3834.3628374136847,"POLYGON ((5895 3910, 5885 3910, 5880 3905, 5875 3900, 5865 3900, 5860 3895, 5855 3890, 5845 3890, 5835 3890, 5825 3890, 5815 3890, 5805 3890, 5795 3890, 5785 3890, 5780 3885, 5775 3880, 5765 3880, 5755 3880, 5750 3875, 5745 3870, 5735 3870, 5725 3870, 5720 3865, 5715 3860, 5705 3860, 5695 3860, 5690 3855, 5685 3850, 5675 3850, 5665 3850, 5660 3845, 5655 3840, 5650 3835, 5650 3825, 5645 3820, 5640 3815, 5640 3805, 5635 3800, 5630 3795, 5630 3785, 5630 3775, 5625 3770, 5620 3765, 5620 3755, 5620 3745, 5625 3740, 5630 3745, 5635 3750, 5640 3755, 5645 3760, 5650 3765, 5655 3770, 5660 3765, 5665 3760, 5675 3760, 5685 3760, 5690 3765, 5695 3770, 5705 3770, 5715 3770, 5720 3775, 5725 3780, 5735 3780, 5745 3780, 5750 3785, 5755 3790, 5765 3790, 5775 3790, 5780 3795, 5785 3800, 5795 3800, 5800 3805, 5805 3810, 5815 3810, 5820 3815, 5825 3820, 5830 3815, 5835 3810, 5845 3810, 5850 3805, 5855 3800, 5865 3800, 5875 3800, 5880 3805, 5885 3810, 5895 3810, 5905 3810, 5910 3815, 5915 3820, 5920 3825, 5925 3830, 5930 3835, 5935 3840, 5940 3845, 5940 3855, 5945 3860, 5955 3860, 5960 3865, 5960 3875, 5955 3880, 5945 3880, 5935 3880, 5930 3885, 5925 3890, 5920 3895, 5915 3900, 5905 3900, 5900 3905, 5895 3910))"
peri,29,P3_1_T,29,93450.0,1,2737.829944711967,8084.723113964687,"POLYGON ((2835 8320, 2825 8320, 2815 8320, 2810 8315, 2805 8310, 2795 8310, 2785 8310, 2780 8305, 2775 8300, 2765 8300, 2755 8300, 2745 8300, 2740 8295, 2735 8290, 2725 8290, 2715 8290, 2710 8285, 2705 8280, 2695 8280, 2685 8280, 2680 8275, 2675 8270, 2665 8270, 2660 8265, 2655 8260, 2645 8260, 2640 8255, 2635 8250, 2630 8245, 2625 8240, 2620 8235, 2615 8230, 2610 8225, 2605 8220, 2600 8215, 2595 8210, 2590 8205, 2590 8195, 2585 8190, 2580 8185, 2580 8175, 2575 8170, 2570 8165, 2570 8155, 2570 8145, 2565 8140, 2560 8135, 2560 8125, 2560 8115, 2560 8105, 2560 8095, 2565 8090, 2570 8085, 2570 8075, 2570 8065, 2575 8060, 2580 8055, 2580 8045, 2585 8040, 2590 8035, 2590 8025, 2595 8020, 2600 8015, 2605 8010, 2610 8005, 2615 8000, 2620 7995, 2625 7990, 2630 7985, 2635 7980, 2640 7975, 2645 7970, 2650 7965, 2655 7960, 2660 7955, 2665 7950, 2670 7945, 2675 7940, 2680 7935, 2685 7930, 2695 7930, 2700 7925, 2705 7920, 2715 7920, 2720 7915, 2725 7910, 2735 7910, 2740 7905, 2745 7900, 2755 7900, 2765 7900, 2770 7895, 2775 7890, 2785 7890, 2795 7890, 2800 7885, 2805 7880, 2815 7880, 2820 7875, 2825 7870, 2835 7870, 2845 7870, 2850 7865, 2855 7860, 2865 7860, 2875 7860, 2885 7860, 2895 7860, 2900 7865, 2905 7870, 2910 7875, 2910 7885, 2905 7890, 2900 7895, 2900 7905, 2905 7910, 2910 7915, 2910 7925, 2910 7935, 2915 7940, 2920 7945, 2920 7955, 2920 7965, 2920 7975, 2920 7985, 2915 7990, 2910 7995, 2910 8005, 2910 8015, 2910 8025, 2910 8035, 2905 8040, 2900 8035, 2895 8030, 2890 8025, 2885 8020, 2880 8015, 2875 8010, 2870 8015, 2865 8020, 2860 8025, 2855 8030, 2850 8035, 2845 8040, 2835 8040, 2830 8045, 2825 8050, 2815 8050, 2805 8050, 2800 8045, 2795 8040, 2790 8045, 2785 8050, 2775 8050, 2770 8055, 2765 8060, 2760 8065, 2755 8070, 2750 8075, 2745 8080, 2740 8085, 2735 8090, 2730 8095, 2725 8100, 2720 8105, 2715 8110, 2710 8115, 2715 8120, 2720 8125, 2725 8130, 2730 8135, 2735 8140, 2745 8140, 2755 8140, 2760 8145, 2765 8150, 2770 8145, 2775 8140, 2785 8140, 2795 8140, 2805 8140, 2810 8145, 2815 8150, 2820 8155, 2825 8160, 2830 8165, 2835 8170, 2845 8170, 2850 8175, 2850 8185, 2850 8195, 2850 8205, 2850 8215, 2850 8225, 2850 8235, 2850 8245, 2845 8250, 2840 8255, 2840 8265, 2840 8275, 2840 8285, 2840 8295, 2840 8305, 2840 8315, 2835 8320))"
peri,29,P3_1_T,29,34350.0,1,2949.580300824842,8106.2154294032025,"POLYGON ((2895 8310, 2885 8310, 2875 8310, 2870 8305, 2865 8300, 2860 8295, 2860 8285, 2865 8280, 2870 8275, 2865 8270, 2860 8265, 2865 8260, 2870 8255, 2870 8245, 2870 8235, 2875 8230, 2880 8225, 2875 8220, 2870 8215, 2875 8210, 2880 8205, 2875 8200, 2870 8195, 2870 8185, 2870 8175, 2875 8170, 2880 8165, 2885 8160, 2890 8155, 2895 8150, 2900 8145, 2905 8140, 2915 8140, 2920 8145, 2925 8150, 2935 8150, 2940 8145, 2940 8135, 2935 8130, 2925 8130, 2920 8125, 2920 8115, 2920 8105, 2920 8095, 2920 8085, 2920 8075, 2925 8070, 2935 8070, 2945 8070, 2950 8065, 2945 8060, 2940 8055, 2935 8050, 2930 8045, 2930 8035, 2930 8025, 2930 8015, 2930 8005, 2935 8000, 2940 7995, 2940 7985, 2940 7975, 2945 7970, 2950 7965, 2945 7960, 2940 7955, 2940 7945, 2940 7935, 2935 7930, 2930 7925, 2930 7915, 2930 7905, 2930 7895, 2930 7885, 2935 7880, 2945 7880, 2950 7885, 2955 7890, 2965 7890, 2970 7895, 2975 7900, 2980 7905, 2985 7910, 2990 7915, 2995 7920, 3000 7925, 3005 7930, 3010 7935, 3010 7945, 3015 7950, 3020 7955, 3020 7965, 3020 7975, 3020 7985, 3020 7995, 3020 8005, 3020 8015, 3015 8020, 3010 8025, 3010 8035, 3010 8045, 3010 8055, 3010 8065, 3010 8075, 3010 8085, 3010 8095, 3010 8105, 3010 8115, 3010 8125, 3010 8135, 3010 8145, 3010 8155, 3005 8160, 3000 8165, 3000 8175, 2995 8180, 2990 8185, 2985 8190, 2980 8195, 2975 8200, 2970 8205, 2965 8210, 2955 8210, 2950 8215, 2950 8225, 2950 8235, 2950 8245, 2950 8255, 2950 8265, 2950 8275, 2945 8280, 2940 8285, 2935 8290, 2925 8290, 2920 8295, 2915 8300, 2905 8300, 2900 8305, 2895 8310))"
peri,0,P3_1_T,30;31,67950.0,1,834.2519009075301,8271.564876134413,"POLYGON ((985 8550, 975 8550, 965 8550, 955 8550, 950 8545, 945 8540, 935 8540, 925 8540, 920 8545, 915 8550, 905 8550, 900 8545, 895 8540, 885 8540, 880 8535, 875 8530, 865 8530, 855 8530, 850 8525, 845 8520, 835 8520, 830 8515, 825 8510, 815 8510, 810 8505, 805 8500, 800 8495, 795 8490, 790 8485, 785 8480, 780 8475, 780 8465, 775 8460, 770 8455, 765 8450, 760 8445, 760 8435, 760 8425, 755 8420, 750 8415, 750 8405, 750 8395, 750 8385, 745 8380, 740 8375, 740 8365, 740 8355, 740 8345, 740 8335, 740 8325, 740 8315, 740 8305, 740 8295, 740 8285, 745 8280, 750 8275, 750 8265, 750 8255, 750 8245, 750 8235, 750 8225, 745 8220, 740 8215, 740 8205, 740 8195, 740 8185, 740 8175, 740 8165, 740 8155, 745 8150, 750 8145, 750 8135, 750 8125, 750 8115, 750 8105, 755 8100, 760 8095, 760 8085, 760 8075, 765 8070, 770 8065, 770 8055, 770 8045, 775 8040, 780 8035, 780 8025, 785 8020, 790 8015, 790 8005, 795 8000, 800 7995, 800 7985, 805 7980, 810 7975, 810 7965, 815 7960, 820 7955, 825 7950, 830 7945, 835 7940, 845 7940, 855 7940, 860 7935, 865 7930, 875 7930, 885 7930, 895 7930, 905 7930, 910 7925, 915 7920, 925 7920, 930 7925, 930 7935, 930 7945, 925 7950, 920 7955, 915 7960, 910 7965, 905 7970, 900 7975, 895 7980, 890 7985, 890 7995, 890 8005, 885 8010, 880 8015, 875 8020, 870 8025, 870 8035, 870 8045, 870 8055, 865 8060, 860 8065, 860 8075, 860 8085, 860 8095, 855 8100, 850 8105, 850 8115, 850 8125, 845 8130, 840 8135, 840 8145, 840 8155, 840 8165, 835 8170, 830 8175, 830 8185, 835 8190, 840 8195, 840 8205, 840 8215, 840 8225, 840 8235, 840 8245, 840 8255, 840 8265, 840 8275, 840 8285, 840 8295, 835 8300, 830 8305, 835 8310, 840 8315, 835 8320, 830 8325, 830 8335, 830 8345, 835 8350, 840 8355, 840 8365, 840 8375, 840 8385, 840 8395, 845 8400, 850 8405, 850 8415, 850 8425, 855 8430, 860 8435, 860 8445, 865 8450, 875 8450, 880 8445, 885 8440, 890 8445, 895 8450, 900 8445, 905 8440, 915 8440, 920 8435, 925 8430, 935 8430, 945 8430, 950 8435, 955 8440, 965 8440, 975 8440, 980 8445, 985 8450, 990 8455, 995 8460, 1000 8465, 995 8470, 990 8475, 990 8485, 990 8495, 995 8500, 1000 8505, 1000 8515, 1000 8525, 1000 8535, 995 8540, 990 8545, 985 8550))"
peri,0,P3_1_T,30;31;32,189250.0,1,1255.7459269044473,8213.375165125495,"POLYGON ((1055 8560, 1045 8560, 1035 8560, 1025 8560, 1015 8560, 1010 8555, 1015 8550, 1020 8545, 1020 8535, 1025 8530, 1030 8525, 1030 8515, 1025 8510, 1020 8505, 1020 8495, 1020 8485, 1020 8475, 1020 8465, 1020 8455, 1020 8445, 1015 8440, 1010 8435, 1005 8430, 1000 8425, 995 8420, 985 8420, 980 8415, 975 8410, 965 8410, 960 8405, 965 8400, 975 8400, 985 8400, 995 8400, 1000 8405, 1005 8410, 1015 8410, 1020 8405, 1025 8400, 1030 8405, 1035 8410, 1040 8405, 1045 8400, 1055 8400, 1065 8400, 1075 8400, 1085 8400, 1095 8400, 1105 8400, 1110 8395, 1115 8390, 1125 8390, 1130 8385, 1135 8380, 1140 8375, 1145 8370, 1155 8370, 1160 8365, 1165 8360, 1175 8360, 1180 8355, 1185 8350, 1190 8345, 1195 8340, 1205 8340, 1215 8340, 1220 8335, 1225 8330, 1235 8330, 1245 8330, 1255 8330, 1260 8325, 1265 8320, 1275 8320, 1285 8320, 1290 8315, 1295 8310, 1305 8310, 1315 8310, 1320 8305, 1325 8300, 1330 8295, 1335 8290, 1340 8285, 1345 8280, 1355 8280, 1360 8275, 1365 8270, 1370 8265, 1375 8260, 1380 8255, 1385 8250, 1390 8245, 1395 8240, 1400 8235, 1405 8230, 1410 8225, 1415 8220, 1420 8215, 1420 8205, 1420 8195, 1415 8190, 1410 8185, 1405 8180, 1400 8175, 1395 8170, 1390 8165, 1385 8160, 1375 8160, 1365 8160, 1355 8160, 1350 8155, 1345 8150, 1335 8150, 1330 8145, 1325 8140, 1315 8140, 1305 8140, 1300 8145, 1295 8150, 1290 8155, 1285 8160, 1280 8155, 1275 8150, 1270 8155, 1265 8160, 1260 8155, 1255 8150, 1245 8150, 1235 8150, 1230 8145, 1225 8140, 1215 8140, 1210 8135, 1205 8130, 1200 8125, 1195 8120, 1190 8115, 1185 8110, 1175 8110, 1165 8110, 1160 8105, 1155 8100, 1150 8105, 1145 8110, 1135 8110, 1130 8105, 1125 8100, 1115 8100, 1105 8100, 1100 8105, 1095 8110, 1090 8115, 1085 8120, 1080 8125, 1075 8130, 1070 8135, 1065 8140, 1060 8135, 1055 8130, 1050 8135, 1045 8140, 1040 8135, 1035 8130, 1030 8125, 1025 8120, 1015 8120, 1010 8115, 1005 8110, 1000 8105, 995 8100, 985 8100, 980 8095, 975 8090, 970 8085, 965 8080, 955 8080, 945 8080, 935 8080, 930 8075, 925 8070, 915 8070, 905 8070, 900 8065, 900 8055, 900 8045, 900 8035, 900 8025, 905 8020, 910 8015, 910 8005, 910 7995, 915 7990, 920 7985, 925 7980, 930 7975, 935 7970, 940 7965, 945 7960, 950 7955, 950 7945, 950 7935, 955 7930, 965 7930, 975 7930, 985 7930, 990 7935, 995 7940, 1005 7940, 1015 7940, 1020 7945, 1025 7950, 1035 7950, 1040 7955, 1045 7960, 1055 7960, 1065 7960, 1075 7960, 1080 7955, 1085 7950, 1095 7950, 1105 7950, 1115 7950, 1125 7950, 1135 7950, 1145 7950, 1155 7950, 1165 7950, 1175 7950, 1180 7955, 1185 7960, 1195 7960, 1205 7960, 1210 7965, 1215 7970, 1225 7970, 1235 7970, 1240 7975, 1245 7980, 1255 7980, 1260 7985, 1265 7990, 1275 7990, 1285 7990, 1295 7990, 1305 7990, 1315 7990, 1325 7990, 1335 7990, 1345 7990, 1350 7995, 1355 8000, 1365 8000, 1375 8000, 1380 8005, 1385 8010, 1395 8010, 1405 8010, 1410 8015, 1415 8020, 1425 8020, 1435 8020, 1440 8025, 1445 8030, 1455 8030, 1460 8035, 1465 8040, 1475 8040, 1480 8045, 1485 8050, 1490 8055, 1495 8060, 1500 8065, 1505 8070, 1510 8075, 1515 8080, 1520 8085, 1525 8090, 1530 8095, 1535 8100, 1540 8105, 1540 8115, 1545 8120, 1550 8125, 1550 8135, 1555 8140, 1560 8145, 1560 8155, 1560 8165, 1565 8170, 1570 8175, 1570 8185, 1570 8195, 1570 8205, 1570 8215, 1570 8225, 1570 8235, 1565 8240, 1560 8245, 1560 8255, 1560 8265, 1555 8270, 1550 8275, 1550 8285, 1545 8290, 1540 8295, 1540 8305, 1535 8310, 1530 8315, 1525 8320, 1520 8325, 1515 8330, 1510 8335, 1505 8340, 1500 8345, 1495 8350, 1490 8355, 1485 8360, 1480 8365, 1475 8370, 1470 8375, 1465 8380, 1460 8385, 1455 8390, 1450 8395, 1445 8400, 1435 8400, 1430 8405, 1425 8410, 1420 8415, 1415 8420, 1410 8425, 1405 8430, 1395 8430, 1390 8435, 1385 8440, 1375 8440, 1370 8445, 1365 8450, 1355 8450, 1345 8450, 1340 8455, 1335 8460, 1325 8460, 1315 8460, 1310 8465, 1305 8470, 1295 8470, 1285 8470, 1280 8475, 1275 8480, 1265 8480, 1255 8480, 1250 8485, 1245 8490, 1235 8490, 1230 8495, 1225 8500, 1220 8505, 1215 8510, 1205 8510, 1200 8515, 1195 8520, 1185 8520, 1180 8525, 1175 8530, 1165 8530, 1160 8535, 1155 8540, 1145 8540, 1135 8540, 1130 8545, 1125 8550, 1115 8550, 1105 8550, 1095 8550, 1085 8550, 1075 8550, 1065 8550, 1060 8555, 1055 8560))"
peri,31,P3_1_T,31,1250.0,1,877.2666666666667,8389.733333333334,"POLYGON ((895 8410, 885 8410, 875 8410, 870 8405, 865 8400, 860 8395, 860 8385, 860 8375, 860 8365, 865 8360, 870 8365, 875 8370, 880 8375, 885 8380, 890 8385, 895 8390, 900 8395, 900 8405, 895 8410))"
peri,31,P3_1_T,31,250.0,1,935.0,8395.0,"POLYGON ((945 8400, 935 8400, 925 8400, 920 8395, 925 8390, 935 8390, 945 8390, 950 8395, 945 8400))"
peri,0,P3_1_T,31;32,88100.0,1,1165.680098373061,8752.017593643586,"POLYGON ((1165 8970, 1155 8970, 1145 8970, 1135 8970, 1130 8965, 1125 8960, 1120 8955, 1115 8950, 1110 8945, 1105 8940, 1100 8935, 1095 8930, 1090 8925, 1085 8920, 1080 8915, 1080 8905, 1080 8895, 1080 8885, 1080 8875, 1075 8870, 1070 8865, 1070 8855, 1070 8845, 1070 8835, 1070 8825, 1070 8815, 1065 8810, 1060 8805, 1055 8800, 1050 8795, 1045 8790, 1040 8785, 1040 8775, 1035 8770, 1030 8765, 1030 8755, 1030 8745, 1025 8740, 1020 8735, 1020 8725, 1020 8715, 1015 8710, 1010 8705, 1005 8700, 1000 8695, 1000 8685, 1000 8675, 995 8670, 990 8665, 985 8660, 980 8655, 980 8645, 985 8640, 990 8635, 995 8630, 1000 8625, 1005 8620, 1010 8615, 1015 8610, 1020 8605, 1025 8600, 1030 8595, 1035 8590, 1045 8590, 1050 8585, 1055 8580, 1065 8580, 1070 8575, 1075 8570, 1085 8570, 1095 8570, 1100 8565, 1105 8560, 1115 8560, 1125 8560, 1135 8560, 1145 8560, 1150 8565, 1155 8570, 1165 8570, 1175 8570, 1180 8575, 1185 8580, 1195 8580, 1200 8585, 1205 8590, 1215 8590, 1220 8595, 1225 8600, 1235 8600, 1240 8605, 1245 8610, 1250 8615, 1255 8620, 1260 8625, 1265 8630, 1270 8635, 1275 8640, 1280 8645, 1285 8650, 1290 8655, 1290 8665, 1295 8670, 1300 8675, 1300 8685, 1305 8690, 1310 8695, 1310 8705, 1310 8715, 1315 8720, 1320 8725, 1320 8735, 1320 8745, 1320 8755, 1320 8765, 1320 8775, 1320 8785, 1320 8795, 1320 8805, 1320 8815, 1315 8820, 1310 8825, 1310 8835, 1310 8845, 1305 8850, 1300 8855, 1300 8865, 1295 8870, 1290 8875, 1290 8885, 1285 8890, 1280 8895, 1275 8900, 1270 8905, 1265 8910, 1260 8915, 1255 8920, 1250 8925, 1245 8930, 1240 8935, 1235 8940, 1225 8940, 1220 8945, 1215 8950, 1205 8950, 1200 8955, 1195 8960, 1185 8960, 1175 8960, 1170 8965, 1165 8970), (1150 8815, 1155 8810, 1160 8805, 1165 8800, 1170 8795, 1170 8785, 1170 8775, 1170 8765, 1170 8755, 1170 8745, 1165 8740, 1160 8735, 1155 8730, 1150 8725, 1145 8720, 1135 8720, 1130 8715, 1125 8710, 1120 8715, 1115 8720, 1110 8725, 1105 8730, 1100 8735, 1095 8740, 1090 8745, 1085 8750, 1080 8755, 1080 8765, 1085 8770, 1090 8775, 1095 8780, 1100 8785, 1105 8790, 1115 8790, 1120 8795, 1125 8800, 1130 8805, 1135 8810, 1140 8815, 1145 8820, 1150 8815))"
peri,32,P3_1_T,32,16250.0,1,990.8179487179486,8806.966666666667,"POLYGON ((1065 8940, 1055 8940, 1050 8935, 1045 8930, 1040 8925, 1035 8920, 1030 8915, 1025 8910, 1015 8910, 1010 8905, 1005 8900, 1000 8895, 995 8890, 990 8885, 985 8880, 980 8875, 975 8870, 970 8865, 965 8860, 960 8855, 960 8845, 955 8840, 950 8835, 950 8825, 945 8820, 940 8815, 940 8805, 940 8795, 940 8785, 940 8775, 935 8770, 930 8765, 930 8755, 935 8750, 940 8745, 940 8735, 940 8725, 940 8715, 940 8705, 945 8700, 950 8695, 950 8685, 955 8680, 960 8675, 965 8670, 970 8675, 975 8680, 980 8685, 980 8695, 980 8705, 985 8710, 990 8715, 995 8720, 1000 8725, 1000 8735, 1000 8745, 1005 8750, 1010 8755, 1010 8765, 1010 8775, 1015 8780, 1020 8785, 1015 8790, 1010 8795, 1015 8800, 1025 8800, 1030 8805, 1035 8810, 1040 8815, 1040 8825, 1045 8830, 1050 8835, 1045 8840, 1040 8845, 1040 8855, 1045 8860, 1050 8865, 1050 8875, 1050 8885, 1055 8890, 1060 8895, 1055 8900, 1050 8905, 1050 8915, 1055 8920, 1060 8925, 1065 8930, 1070 8935, 1065 8940))"
deep,0,,1;2,22850.0,1,9209.839533187454,1237.527352297593,"POLYGON ((9305 1300, 9295 1300, 9285 1300, 9280 1295, 9275 1290, 9265 1290, 9260 1295, 9255 1300, 9250 1295, 9245 1290, 9235 1290, 9225 1290, 9220 1285, 9215 1280, 9210 1285, 9205 1290, 9200 1285, 9195 1280, 9190 1285, 9185 1290, 9180 1285, 9175 1280, 9165 1280, 9155 1280, 9150 1275, 9145 1270, 9135 1270, 9130 1265, 9125 1260, 9120 1265, 9115 1270, 9110 1265, 9105 1260, 9100 1255, 9100 1245, 9095 1240, 9090 1235, 9090 1225, 9085 1220, 9080 1215, 9075 1210, 9070 1205, 9065 1200, 9060 1195, 9055 1190, 9050 1185, 9045 1180, 9040 1175, 9045 1170, 9055 1170, 9065 1170, 9075 1170, 9085 1170, 9095 1170, 9105 1170, 9110 1175, 9115 1180, 9125 1180, 9135 1180, 9145 1180, 9150 1185, 9155 1190, 9165 1190, 9170 1195, 9175 1200, 9185 1200, 9190 1205, 9195 1210, 9205 1210, 9215 1210, 9225 1210, 9235 1210, 9245 1210, 9255 1210, 9265 1210, 9275 1210, 9285 1210, 9295 1210, 9305 1210, 9310 1215, 9315 1220, 9325 1220, 9335 1220, 9345 1220, 9350 1225, 9355 1230, 9365 1230, 9375 1230, 9385 1230, 9390 1235, 9385 1240, 9380 1245, 9375 1250, 9365 1250, 9360 1255, 9355 1260, 9345 1260, 9340 1265, 9335 1270, 9330 1275, 9325 1280, 9320 1285, 9315 1290, 9310 1295, 9305 1300))"
deep,0,R1_2_T,1;2;3;6;7;8,383250.0,1,9203.945205479453,1977.74472711459,"POLYGON ((9725 2490, 9715 2490, 9710 2485, 9705 2480, 9695 2480, 9690 2475, 9685 2470, 9675 2470, 9665 2470, 9660 2465, 9655 2460, 9650 2455, 9645 2450, 9640 2445, 9640 2435, 9640 2425, 9645 2420, 9650 2415, 9650 2405, 9650 2395, 9650 2385, 9650 2375, 9650 2365, 9645 2360, 9640 2355, 9635 2350, 9630 2345, 9635 2340, 9640 2335, 9640 2325, 9640 2315, 9640 2305, 9635 2300, 9630 2295, 9625 2290, 9620 2285, 9615 2280, 9610 2275, 9605 2270, 9600 2265, 9595 2260, 9585 2260, 9575 2260, 9565 2260, 9555 2260, 9545 2260, 9535 2260, 9525 2260, 9515 2260, 9505 2260, 9500 2255, 9495 2250, 9490 2245, 9485 2240, 9480 2235, 9475 2230, 9465 2230, 9460 2225, 9465 2220, 9475 2220, 9485 2220, 9495 2220, 9505 2220, 9515 2220, 9525 2220, 9535 2220, 9545 2220, 9555 2220, 9565 2220, 9570 2215, 9565 2210, 9560 2205, 9555 2200, 9550 2195, 9545 2190, 9540 2185, 9535 2180, 9530 2175, 9525 2170, 9520 2165, 9515 2160, 9510 2155, 9510 2145, 9505 2140, 9500 2135, 9495 2130, 9490 2125, 9490 2115, 9485 2110, 9480 2105, 9480 2095, 9475 2090, 9470 2085, 9470 2075, 9465 2070, 9460 2065, 9460 2055, 9455 2050, 9445 2050, 9435 2050, 9425 2050, 9420 2045, 9415 2040, 9405 2040, 9395 2040, 9385 2040, 9380 2035, 9375 2030, 9365 2030, 9355 2030, 9350 2025, 9345 2020, 9335 2020, 9330 2015, 9325 2010, 9315 2010, 9310 2005, 9305 2000, 9295 2000, 9290 1995, 9285 1990, 9280 1985, 9275 1980, 9265 1980, 9260 1975, 9255 1970, 9250 1965, 9245 1960, 9240 1955, 9235 1950, 9230 1945, 9225 1940, 9220 1935, 9215 1930, 9210 1925, 9205 1920, 9200 1915, 9195 1910, 9190 1905, 9185 1900, 9180 1895, 9175 1890, 9170 1885, 9170 1875, 9165 1870, 9160 1865, 9155 1860, 9150 1855, 9150 1845, 9145 1840, 9140 1835, 9140 1825, 9135 1820, 9130 1815, 9130 1805, 9125 1800, 9120 1795, 9120 1785, 9115 1780, 9110 1775, 9110 1765, 9105 1760, 9100 1755, 9095 1750, 9090 1755, 9085 1760, 9080 1765, 9075 1770, 9065 1770, 9060 1775, 9055 1780, 9045 1780, 9040 1785, 9035 1790, 9030 1795, 9030 1805, 9030 1815, 9030 1825, 9030 1835, 9030 1845, 9035 1850, 9040 1855, 9040 1865, 9040 1875, 9040 1885, 9045 1890, 9050 1895, 9050 1905, 9050 1915, 9050 1925, 9050 1935, 9050 1945, 9050 1955, 9050 1965, 9050 1975, 9050 1985, 9050 1995, 9050 2005, 9050 2015, 9045 2020, 9040 2025, 9040 2035, 9040 2045, 9040 2055, 9035 2060, 9030 2065, 9030 2075, 9030 2085, 9025 2090, 9020 2095, 9020 2105, 9020 2115, 9015 2120, 9010 2125, 9010 2135, 9005 2140, 9000 2145, 9000 2155, 8995 2160, 8990 2165, 8990 2175, 8985 2180, 8980 2185, 8975 2190, 8970 2195, 8970 2205, 8965 2210, 8960 2215, 8965 2220, 8970 2225, 8975 2230, 8980 2235, 8985 2240, 8990 2245, 8995 2250, 9000 2255, 9005 2260, 9010 2265, 9015 2270, 9020 2275, 9025 2280, 9030 2285, 9035 2290, 9040 2295, 9040 2305, 9045 2310, 9050 2315, 9055 2320, 9060 2325, 9060 2335, 9065 2340, 9070 2345, 9070 2355, 9075 2360, 9080 2365, 9080 2375, 9085 2380, 9090 2385, 9085 2390, 9075 2390, 9070 2395, 9065 2400, 9055 2400, 9045 2400, 9035 2400, 9025 2400, 9020 2395, 9015 2390, 9010 2385, 9005 2380, 8995 2380, 8985 2380, 8975 2380, 8965 2380, 8960 2385, 8955 2390, 8945 2390, 8935 2390, 8930 2395, 8925 2400, 8920 2405, 8915 2410, 8910 2415, 8905 2420, 8900 2415, 8900 2405, 8895 2400, 8890 2395, 8885 2390, 8880 2385, 8875 2380, 8870 2375, 8865 2370, 8860 2365, 8855 2360, 8850 2355, 8845 2350, 8835 2350, 8830 2345, 8825 2340, 8820 2335, 8815 2330, 8810 2325, 8810 2315, 8805 2310, 8800 2305, 8800 2295, 8795 2290, 8790 2285, 8790 2275, 8785 2270, 8780 2265, 8775 2260, 8770 2255, 8765 2250, 8760 2245, 8755 2240, 8750 2235, 8745 2230, 8740 2225, 8735 2220, 8725 2220, 8720 2215, 8715 2210, 8705 2210, 8700 2205, 8695 2200, 8685 2200, 8680 2195, 8675 2190, 8665 2190, 8655 2190, 8645 2190, 8635 2190, 8625 2190, 8615 2190, 8605 2190, 8595 2190, 8585 2190, 8575 2190, 8565 2190, 8560 2195, 8555 2200, 8550 2195, 8550 2185, 8550 2175, 8550 2165, 8545 2160, 8540 2155, 8540 2145, 8545 2140, 8550 2145, 8555 2150, 8565 2150, 8570 2155, 8575 2160, 8585 2160, 8590 2165, 8595 2170, 8605 2170, 8610 2175, 8615 2180, 8625 2180, 8635 2180, 8645 2180, 8655 2180, 8665 2180, 8675 2180, 8685 2180, 8695 2180, 8705 2180, 8715 2180, 8720 2175, 8725 2170, 8735 2170, 8740 2165, 8745 2160, 8755 2160, 8760 2155, 8765 2150, 8775 2150, 8780 2145, 8785 2140, 8790 2135, 8795 2130, 8800 2125, 8805 2120, 8810 2115, 8815 2110, 8820 2105, 8825 2100, 8830 2095, 8830 2085, 8835 2080, 8840 2075, 8840 2065, 8845 2060, 8850 2055, 8850 2045, 8855 2040, 8860 2035, 8860 2025, 8860 2015, 8865 2010, 8870 2005, 8870 1995, 8870 1985, 8870 1975, 8870 1965, 8870 1955, 8870 1945, 8870 1935, 8870 1925, 8870 1915, 8870 1905, 8865 1900, 8860 1895, 8860 1885, 8855 1880, 8850 1875, 8850 1865, 8845 1860, 8840 1855, 8840 1845, 8840 1835, 8845 1830, 8850 1825, 8850 1815, 8850 1805, 8850 1795, 8850 1785, 8850 1775, 8850 1765, 8850 1755, 8850 1745, 8850 1735, 8850 1725, 8845 1720, 8840 1715, 8840 1705, 8840 1695, 8845 1690, 8850 1685, 8850 1675, 8850 1665, 8850 1655, 8850 1645, 8855 1640, 8865 1640, 8875 1640, 8885 1640, 8895 1640, 8905 1640, 8915 1640, 8925 1640, 8935 1640, 8940 1635, 8945 1630, 8955 1630, 8960 1625, 8965 1620, 8975 1620, 8980 1615, 8985 1610, 8995 1610, 9000 1605, 9005 1600, 9010 1595, 9015 1590, 9020 1585, 9025 1580, 9030 1575, 9035 1570, 9040 1565, 9045 1560, 9050 1555, 9050 1545, 9055 1540, 9065 1540, 9070 1535, 9075 1530, 9080 1525, 9085 1520, 9090 1515, 9095 1510, 9100 1505, 9105 1500, 9110 1495, 9115 1490, 9120 1485, 9120 1475, 9125 1470, 9130 1465, 9130 1455, 9135 1450, 9140 1445, 9140 1435, 9145 1430, 9150 1425, 9150 1415, 9150 1405, 9150 1395, 9150 1385, 9150 1375, 9150 1365, 9150 1355, 9150 1345, 9150 1335, 9150 1325, 9150 1315, 9150 1305, 9155 1300, 9165 1300, 9170 1305, 9175 1310, 9185 1310, 9195 1310, 9205 1310, 9215 1310, 9225 1310, 9235 1310, 9240 1315, 9240 1325, 9235 1330, 9230 1335, 9225 1340, 9220 1345, 9215 1350, 9210 1355, 9205 1360, 9200 1365, 9200 1375, 9195 1380, 9190 1385, 9190 1395, 9185 1400, 9180 1405, 9180 1415, 9175 1420, 9170 1425, 9170 1435, 9170 1445, 9170 1455, 9170 1465, 9170 1475, 9170 1485, 9170 1495, 9170 1505, 9170 1515, 9170 1525, 9175 1530, 9180 1535, 9180 1545, 9185 1550, 9190 1555, 9190 1565, 9195 1570, 9200 1575, 9200 1585, 9205 1590, 9210 1595, 9210 1605, 9215 1610, 9220 1615, 9225 1620, 9230 1625, 9235 1630, 9240 1635, 9245 1640, 9250 1645, 9250 1655, 9255 1660, 9260 1665, 9260 1675, 9265 1680, 9270 1685, 9270 1695, 9275 1700, 9280 1705, 9280 1715, 9285 1720, 9290 1725, 9290 1735, 9295 1740, 9300 1745, 9300 1755, 9305 1760, 9310 1765, 9310 1775, 9315 1780, 9320 1785, 9325 1790, 9330 1795, 9335 1800, 9340 1805, 9345 1810, 9350 1815, 9355 1820, 9360 1825, 9365 1830, 9370 1835, 9375 1840, 9385 1840, 9390 1845, 9395 1850, 9405 1850, 9410 1855, 9415 1860, 9425 1860, 9430 1865, 9435 1870, 9445 1870, 9455 1870, 9465 1870, 9470 1875, 9475 1880, 9485 1880, 9495 1880, 9505 1880, 9515 1880, 9525 1880, 9535 1880, 9545 1880, 9550 1885, 9555 1890, 9565 1890, 9575 1890, 9585 1890, 9595 1890, 9605 1890, 9615 1890, 9620 1895, 9620 1905, 9620 1915, 9620 1925, 9620 1935, 9620 1945, 9620 1955, 9620 1965, 9620 1975, 9620 1985, 9625 1990, 9630 1995, 9630 2005, 9635 2010, 9640 2015, 9640 2025, 9645 2030, 9650 2035, 9650 2045, 9655 2050, 9660 2055, 9665 2060, 9670 2065, 9675 2070, 9680 2075, 9685 2080, 9690 2085, 9695 2090, 9700 2095, 9705 2100, 9710 2105, 9715 2110, 9720 2115, 9725 2120, 9730 2125, 9730 2135, 9735 2140, 9740 2145, 9740 2155, 9745 2160, 9750 2165, 9750 2175, 9755 2180, 9760 2185, 9760 2195, 9765 2200, 9770 2205, 9770 2215, 9775 2220, 9780 2225, 9785 2230, 9790 2235, 9790 2245, 9795 2250, 9800 2255, 9805 2260, 9810 2265, 9805 2270, 9800 2275, 9800 2285, 9800 2295, 9795 2300, 9790 2305, 9785 2310, 9780 2315, 9775 2320, 9770 2325, 9765 2330, 9760 2335, 9760 2345, 9755 2350, 9750 2355, 9750 2365, 9745 2370, 9740 2375, 9740 2385, 9735 2390, 9730 2395, 9730 2405, 9730 2415, 9730 2425, 9730 2435, 9730 2445, 9730 2455, 9730 2465, 9730 2475, 9730 2485, 9725 2490))"
deep,0,,1;3,3250.0,1,8589.564102564102,1380.7948717948716,"POLYGON ((8615 1410, 8605 1410, 8595 1410, 8585 1410, 8580 1405, 8575 1400, 8565 1400, 8555 1400, 8545 1400, 8540 1395, 8545 1390, 8550 1385, 8555 1380, 8560 1375, 8565 1370, 8570 1365, 8575 1360, 8585 1360, 8590 1355, 8595 1350, 8600 1345, 8605 1340, 8615 1340, 8620 1345, 8620 1355, 8615 1360, 8610 1365, 8610 1375, 8615 1380, 8620 1385, 8620 1395, 8620 1405, 8615 1410))"
deep,3,,3,18850.0,1,8306.947391688771,1487.6149425287358,"POLYGON ((8275 1600, 8265 1600, 8260 1595, 8255 1590, 8250 1585, 8245 1580, 8240 1575, 8235 1570, 8230 1565, 8230 1555, 8225 1550, 8220 1545, 8220 1535, 8220 1525, 8220 1515, 8220 1505, 8225 1500, 8230 1495, 8230 1485, 8235 1480, 8240 1475, 8245 1470, 8250 1465, 8255 1460, 8260 1455, 8265 1450, 8270 1445, 8275 1440, 8280 1435, 8285 1430, 8290 1425, 8295 1420, 8305 1420, 8315 1420, 8320 1415, 8325 1410, 8335 1410, 8345 1410, 8355 1410, 8365 1410, 8370 1415, 8375 1420, 8385 1420, 8395 1420, 8405 1420, 8410 1415, 8415 1410, 8425 1410, 8435 1410, 8445 1410, 8455 1410, 8460 1415, 8455 1420, 8445 1420, 8440 1425, 8435 1430, 8425 1430, 8420 1435, 8415 1440, 8410 1445, 8405 1450, 8400 1455, 8395 1460, 8390 1465, 8385 1470, 8380 1475, 8375 1480, 8370 1485, 8365 1490, 8355 1490, 8350 1485, 8345 1480, 8340 1485, 8335 1490, 8330 1495, 8325 1500, 8320 1505, 8315 1510, 8305 1510, 8295 1510, 8290 1515, 8295 1520, 8300 1525, 8300 1535, 8305 1540, 8310 1545, 8315 1550, 8320 1555, 8315 1560, 8310 1565, 8305 1570, 8300 1575, 8295 1580, 8290 1585, 8285 1590, 8280 1595, 8275 1600))"
deep,4,,4,14350.0,1,6026.983159117305,1563.3536585365853,"POLYGON ((5915 1660, 5910 1655, 5910 1645, 5910 1635, 5910 1625, 5910 1615, 5915 1610, 5920 1605, 5920 1595, 5925 1590, 5930 1585, 5935 1580, 5940 1575, 5945 1570, 5950 1565, 5955 1560, 5960 1555, 5965 1550, 5970 1545, 5975 1540, 5985 1540, 5990 1535, 5995 1530, 6005 1530, 6015 1530, 6025 1530, 6035 1530, 6040 1525, 6045 1520, 6055 1520, 6065 1520, 6075 1520, 6080 1515, 6085 1510, 6095 1510, 6100 1505, 6105 1500, 6115 1500, 6125 1500, 6135 1500, 6145 1500, 6150 1505, 6155 1510, 6165 1510, 6170 1515, 6165 1520, 6155 1520, 6150 1525, 6145 1530, 6140 1535, 6135 1540, 6130 1545, 6125 1550, 6120 1555, 6115 1560, 6110 1565, 6105 1570, 6095 1570, 6085 1570, 6080 1575, 6075 1580, 6065 1580, 6055 1580, 6045 1580, 6035 1580, 6030 1585, 6025 1590, 6015 1590, 6010 1595, 6005 1600, 5995 1600, 5990 1605, 5985 1610, 5975 1610, 5970 1615, 5965 1620, 5955 1620, 5950 1625, 5945 1630, 5940 1635, 5935 1640, 5930 1645, 5925 1650, 5920 1655, 5915 1660))"
deep,0,,2;6,18950.0,1,9958.236587510994,1702.6561125769567,"POLYGON ((10105 1850, 10100 1845, 10095 1840, 10085 1840, 10080 1835, 10075 1830, 10065 1830, 10060 1825, 10055 1820, 10045 1820, 10040 1815, 10035 1810, 10030 1805, 10025 1800, 10020 1795, 10015 1790, 10010 1785, 10005 1780, 9995 1780, 9990 1775, 9985 1770, 9975 1770, 9970 1765, 9965 1760, 9955 1760, 9945 1760, 9940 1755, 9935 1750, 9925 1750, 9920 1745, 9920 1735, 9925 1730, 9930 1725, 9925 1720, 9920 1715, 9915 1710, 9910 1705, 9905 1700, 9900 1695, 9895 1690, 9890 1685, 9890 1675, 9885 1670, 9875 1670, 9870 1665, 9870 1655, 9870 1645, 9870 1635, 9870 1625, 9865 1620, 9860 1615, 9860 1605, 9855 1600, 9850 1595, 9850 1585, 9850 1575, 9850 1565, 9845 1560, 9840 1555, 9840 1545, 9840 1535, 9845 1530, 9850 1535, 9850 1545, 9855 1550, 9860 1555, 9865 1560, 9870 1565, 9875 1570, 9880 1575, 9885 1580, 9890 1585, 9895 1590, 9900 1595, 9905 1600, 9910 1605, 9915 1610, 9920 1615, 9925 1620, 9930 1625, 9935 1630, 9940 1635, 9945 1640, 9950 1645, 9955 1650, 9960 1655, 9965 1660, 9970 1665, 9975 1670, 9980 1675, 9980 1685, 9985 1690, 9990 1695, 9990 1705, 9990 1715, 9990 1725, 9995 1730, 10000 1735, 10000 1745, 10000 1755, 10005 1760, 10015 1760, 10025 1760, 10030 1765, 10035 1770, 10045 1770, 10055 1770, 10065 1770, 10070 1775, 10075 1780, 10080 1785, 10085 1790, 10090 1795, 10095 1800, 10100 1805, 10105 1810, 10110 1815, 10110 1825, 10110 1835, 10110 1845, 10105 1850))"
deep,0,P3_1_C,4;5;9;11;16;23;25,780550.0,1,6233.156054491491,2746.086466807593,"POLYGON ((6245 3660, 6235 3660, 6230 3655, 6225 3650, 6215 3650, 6205 3650, 6195 3650, 6185 3650, 6175 3650, 6165 3650, 6160 3655, 6155 3660, 6150 3655, 6150 3645, 6150 3635, 6150 3625, 6150 3615, 6150 3605, 6150 3595, 6150 3585, 6150 3575, 6150 3565, 6145 3560, 6140 3555, 6140 3545, 6135 3540, 6130 3535, 6130 3525, 6125 3520, 6120 3515, 6115 3510, 6110 3505, 6110 3495, 6105 3490, 6100 3485, 6095 3480, 6090 3475, 6085 3470, 6080 3465, 6075 3460, 6070 3455, 6065 3450, 6060 3445, 6055 3440, 6050 3435, 6045 3430, 6035 3430, 6030 3425, 6025 3420, 6020 3415, 6015 3410, 6005 3410, 6000 3405, 5995 3400, 5985 3400, 5980 3395, 5975 3390, 5965 3390, 5955 3390, 5950 3385, 5945 3380, 5935 3380, 5925 3380, 5915 3380, 5905 3380, 5895 3380, 5885 3380, 5875 3380, 5865 3380, 5855 3380, 5845 3380, 5840 3385, 5835 3390, 5825 3390, 5820 3395, 5815 3400, 5805 3400, 5800 3405, 5795 3410, 5785 3410, 5780 3415, 5775 3420, 5770 3425, 5765 3430, 5755 3430, 5750 3435, 5745 3440, 5740 3445, 5735 3450, 5730 3455, 5725 3460, 5720 3465, 5720 3475, 5715 3480, 5710 3485, 5705 3490, 5700 3495, 5695 3500, 5690 3505, 5685 3510, 5680 3515, 5675 3520, 5670 3525, 5665 3530, 5660 3535, 5655 3540, 5650 3545, 5645 3550, 5640 3555, 5640 3565, 5635 3570, 5630 3575, 5625 3580, 5620 3585, 5620 3595, 5615 3600, 5610 3605, 5610 3615, 5605 3620, 5600 3625, 5600 3635, 5600 3645, 5595 3650, 5590 3645, 5585 3640, 5575 3640, 5570 3635, 5570 3625, 5570 3615, 5570 3605, 5570 3595, 5570 3585, 5570 3575, 5570 3565, 5570 3555, 5570 3545, 5570 3535, 5570 3525, 5570 3515, 5570 3505, 5565 3500, 5560 3495, 5560 3485, 5555 3480, 5550 3475, 5550 3465, 5550 3455, 5550 3445, 5545 3440, 5540 3435, 5540 3425, 5535 3420, 5530 3415, 5530 3405, 5525 3400, 5520 3395, 5515 3390, 5510 3385, 5510 3375, 5505 3370, 5500 3365, 5495 3360, 5490 3355, 5485 3350, 5480 3345, 5475 3340, 5470 3335, 5465 3330, 5455 3330, 5450 3325, 5445 3320, 5440 3315, 5435 3310, 5425 3310, 5420 3305, 5415 3300, 5405 3300, 5400 3295, 5395 3290, 5385 3290, 5380 3285, 5375 3280, 5365 3280, 5355 3280, 5345 3280, 5335 3280, 5325 3280, 5315 3280, 5305 3280, 5295 3280, 5285 3280, 5275 3280, 5265 3280, 5255 3280, 5245 3280, 5235 3280, 5225 3280, 5220 3285, 5215 3290, 5205 3290, 5200 3295, 5195 3300, 5185 3300, 5180 3305, 5175 3310, 5170 3315, 5165 3320, 5155 3320, 5150 3325, 5145 3330, 5140 3325, 5140 3315, 5145 3310, 5150 3305, 5150 3295, 5150 3285, 5150 3275, 5150 3265, 5150 3255, 5150 3245, 5150 3235, 5150 3225, 5150 3215, 5150 3205, 5150 3195, 5145 3190, 5140 3185, 5140 3175, 5145 3170, 5155 3170, 5160 3165, 5165 3160, 5170 3165, 5175 3170, 5185 3170, 5190 3175, 5195 3180, 5205 3180, 5215 3180, 5225 3180, 5235 3180, 5245 3180, 5255 3180, 5265 3180, 5275 3180, 5285 3180, 5295 3180, 5300 3175, 5305 3170, 5315 3170, 5320 3165, 5325 3160, 5335 3160, 5340 3155, 5345 3150, 5350 3145, 5355 3140, 5365 3140, 5370 3135, 5375 3130, 5380 3125, 5385 3120, 5390 3115, 5395 3110, 5400 3105, 5405 3100, 5410 3095, 5415 3090, 5420 3085, 5425 3080, 5430 3075, 5430 3065, 5435 3060, 5440 3055, 5445 3050, 5450 3045, 5450 3035, 5455 3030, 5460 3025, 5460 3015, 5465 3010, 5470 3005, 5470 2995, 5470 2985, 5470 2975, 5470 2965, 5470 2955, 5475 2950, 5485 2950, 5490 2945, 5495 2940, 5505 2940, 5510 2935, 5515 2930, 5525 2930, 5530 2925, 5535 2920, 5540 2915, 5545 2910, 5555 2910, 5560 2905, 5565 2900, 5570 2895, 5575 2890, 5580 2885, 5585 2880, 5590 2875, 5595 2870, 5600 2865, 5600 2855, 5605 2850, 5610 2845, 5615 2840, 5620 2835, 5620 2825, 5625 2820, 5630 2815, 5630 2805, 5635 2800, 5640 2795, 5640 2785, 5640 2775, 5640 2765, 5640 2755, 5640 2745, 5640 2735, 5640 2725, 5645 2720, 5650 2715, 5650 2705, 5650 2695, 5655 2690, 5660 2685, 5660 2675, 5665 2670, 5670 2665, 5670 2655, 5670 2645, 5670 2635, 5670 2625, 5670 2615, 5670 2605, 5670 2595, 5670 2585, 5670 2575, 5670 2565, 5670 2555, 5670 2545, 5670 2535, 5675 2530, 5685 2530, 5695 2530, 5705 2530, 5715 2530, 5725 2530, 5735 2530, 5740 2535, 5745 2540, 5755 2540, 5765 2540, 5775 2540, 5785 2540, 5795 2540, 5805 2540, 5815 2540, 5820 2545, 5825 2550, 5835 2550, 5840 2555, 5845 2560, 5855 2560, 5865 2560, 5875 2560, 5885 2560, 5895 2560, 5905 2560, 5915 2560, 5925 2560, 5935 2560, 5945 2560, 5955 2560, 5960 2555, 5965 2550, 5975 2550, 5980 2545, 5985 2540, 5995 2540, 6000 2535, 6005 2530, 6010 2525, 6015 2520, 6025 2520, 6030 2515, 6035 2510, 6040 2505, 6045 2500, 6050 2495, 6050 2485, 6055 2480, 6060 2475, 6065 2470, 6070 2465, 6070 2455, 6075 2450, 6080 2445, 6080 2435, 6085 2430, 6090 2425, 6090 2415, 6090 2405, 6090 2395, 6090 2385, 6090 2375, 6090 2365, 6090 2355, 6090 2345, 6090 2335, 6090 2325, 6090 2315, 6090 2305, 6090 2295, 6090 2285, 6090 2275, 6090 2265, 6095 2260, 6100 2255, 6100 2245, 6105 2240, 6110 2235, 6115 2230, 6120 2225, 6120 2215, 6125 2210, 6130 2205, 6135 2200, 6140 2195, 6140 2185, 6145 2180, 6150 2175, 6155 2170, 6160 2165, 6165 2160, 6175 2160, 6180 2155, 6185 2150, 6190 2145, 6195 2140, 6200 2135, 6205 2130, 6210 2125, 6215 2120, 6220 2115, 6225 2110, 6230 2105, 6235 2100, 6240 2095, 6240 2085, 6245 2080, 6250 2075, 6255 2070, 6260 2065, 6260 2055, 6265 2050, 6270 2045, 6270 2035, 6275 2030, 6280 2025, 6280 2015, 6280 2005, 6285 2000, 6290 1995, 6290 1985, 6295 1980, 6300 1975, 6305 1970, 6315 1970, 6320 1965, 6325 1960, 6330 1955, 6335 1950, 6345 1950, 6350 1945, 6355 1940, 6360 1935, 6365 1930, 6370 1925, 6370 1915, 6375 1910, 6380 1905, 6385 1900, 6395 1900, 6405 1900, 6415 1900, 6425 1900, 6435 1900, 6445 1900, 6455 1900, 6465 1900, 6475 1900, 6485 1900, 6495 1900, 6505 1900, 6515 1900, 6520 1895, 6525 1890, 6535 1890, 6545 1890, 6555 1890, 6565 1890, 6570 1885, 6575 1880, 6585 1880, 6590 1875, 6595 1870, 6600 1875, 6605 1880, 6610 1885, 6615 1890, 6620 1895, 6625 1900, 6635 1900, 6640 1905, 6645 1910, 6650 1915, 6655 1920, 6665 1920, 6670 1925, 6675 1930, 6685 1930, 6690 1935, 6695 1940, 6705 1940, 6715 1940, 6725 1940, 6735 1940, 6745 1940, 6750 1945, 6755 1950, 6765 1950, 6770 1955, 6775 1960, 6780 1965, 6780 1975, 6785 1980, 6790 1985, 6795 1990, 6800 1995, 6800 2005, 6805 2010, 6810 2015, 6815 2020, 6820 2025, 6825 2030, 6830 2035, 6835 2040, 6845 2040, 6850 2045, 6855 2050, 6860 2055, 6865 2060, 6875 2060, 6880 2065, 6885 2070, 6895 2070, 6900 2075, 6905 2080, 6915 2080, 6920 2085, 6925 2090, 6935 2090, 6940 2095, 6945 2100, 6950 2105, 6955 2110, 6960 2115, 6960 2125, 6965 2130, 6970 2135, 6970 2145, 6975 2150, 6980 2155, 6985 2160, 6990 2165, 6990 2175, 6995 2180, 7000 2185, 7005 2190, 7010 2195, 7015 2200, 7020 2205, 7025 2210, 7035 2210, 7040 2215, 7045 2220, 7050 2225, 7050 2235, 7050 2245, 7050 2255, 7050 2265, 7050 2275, 7050 2285, 7050 2295, 7050 2305, 7050 2315, 7055 2320, 7060 2325, 7060 2335, 7065 2340, 7070 2345, 7070 2355, 7075 2360, 7080 2365, 7085 2370, 7090 2375, 7090 2385, 7095 2390, 7100 2395, 7105 2400, 7110 2405, 7115 2410, 7120 2415, 7125 2420, 7130 2425, 7135 2430, 7140 2435, 7140 2445, 7145 2450, 7150 2455, 7155 2460, 7160 2465, 7165 2470, 7170 2475, 7175 2480, 7185 2480, 7190 2485, 7195 2490, 7200 2495, 7205 2500, 7215 2500, 7220 2505, 7225 2510, 7230 2515, 7235 2520, 7245 2520, 7250 2525, 7255 2530, 7265 2530, 7270 2535, 7275 2540, 7280 2545, 7280 2555, 7280 2565, 7280 2575, 7285 2580, 7290 2585, 7290 2595, 7290 2605, 7290 2615, 7295 2620, 7300 2625, 7300 2635, 7305 2640, 7310 2645, 7310 2655, 7315 2660, 7320 2665, 7325 2670, 7330 2675, 7330 2685, 7335 2690, 7340 2695, 7345 2700, 7350 2705, 7355 2710, 7360 2715, 7365 2720, 7375 2720, 7380 2725, 7385 2730, 7390 2735, 7395 2740, 7405 2740, 7410 2745, 7415 2750, 7425 2750, 7430 2755, 7435 2760, 7445 2760, 7455 2760, 7465 2760, 7475 2760, 7485 2760, 7495 2760, 7500 2765, 7500 2775, 7500 2785, 7500 2795, 7495 2800, 7490 2805, 7490 2815, 7490 2825, 7490 2835, 7490 2845, 7490 2855, 7490 2865, 7490 2875, 7485 2880, 7480 2885, 7480 2895, 7480 2905, 7480 2915, 7475 2920, 7470 2925, 7465 2930, 7455 2930, 7445 2930, 7435 2930, 7425 2930, 7415 2930, 7405 2930, 7400 2925, 7395 2920, 7385 2920, 7375 2920, 7370 2915, 7365 2910, 7355 2910, 7350 2905, 7345 2900, 7335 2900, 7330 2895, 7325 2890, 7315 2890, 7310 2885, 7305 2880, 7295 2880, 7290 2875, 7285 2870, 7280 2865, 7275 2860, 7270 2855, 7265 2850, 7260 2845, 7255 2840, 7245 2840, 7240 2835, 7235 2830, 7230 2825, 7225 2820, 7220 2815, 7215 2810, 7210 2805, 7210 2795, 7205 2790, 7200 2785, 7195 2780, 7190 2775, 7185 2770, 7180 2765, 7175 2760, 7170 2755, 7170 2745, 7165 2740, 7160 2735, 7160 2725, 7155 2720, 7150 2715, 7150 2705, 7145 2700, 7140 2695, 7140 2685, 7135 2680, 7130 2675, 7130 2665, 7130 2655, 7125 2650, 7120 2645, 7115 2640, 7105 2640, 7100 2635, 7095 2630, 7090 2625, 7085 2620, 7080 2615, 7075 2610, 7070 2605, 7065 2600, 7055 2600, 7050 2595, 7045 2590, 7040 2585, 7035 2580, 7030 2575, 7025 2570, 7020 2565, 7020 2555, 7015 2550, 7010 2545, 7005 2540, 7000 2535, 6995 2530, 6990 2525, 6985 2520, 6980 2515, 6975 2510, 6970 2505, 6970 2495, 6965 2490, 6960 2485, 6955 2480, 6950 2475, 6945 2470, 6940 2465, 6935 2460, 6930 2455, 6930 2445, 6925 2440, 6920 2435, 6920 2425, 6915 2420, 6910 2415, 6910 2405, 6905 2400, 6900 2395, 6900 2385, 6895 2380, 6890 2375, 6890 2365, 6890 2355, 6885 2350, 6880 2345, 6880 2335, 6880 2325, 6880 2315, 6880 2305, 6875 2300, 6870 2295, 6870 2285, 6865 2280, 6860 2275, 6855 2270, 6850 2265, 6845 2260, 6840 2255, 6835 2250, 6830 2245, 6830 2235, 6825 2230, 6820 2225, 6815 2220, 6805 2220, 6800 2215, 6795 2210, 6785 2210, 6780 2205, 6775 2200, 6765 2200, 6760 2195, 6755 2190, 6750 2185, 6745 2180, 6740 2175, 6735 2170, 6730 2165, 6725 2160, 6715 2160, 6710 2155, 6705 2150, 6700 2145, 6695 2140, 6690 2135, 6685 2130, 6680 2125, 6680 2115, 6675 2110, 6665 2110, 6660 2105, 6655 2100, 6645 2100, 6635 2100, 6630 2095, 6625 2090, 6615 2090, 6610 2085, 6605 2080, 6595 2080, 6590 2075, 6585 2070, 6575 2070, 6570 2065, 6565 2060, 6555 2060, 6550 2065, 6545 2070, 6535 2070, 6525 2070, 6515 2070, 6505 2070, 6495 2070, 6485 2070, 6475 2070, 6465 2070, 6455 2070, 6450 2075, 6445 2080, 6440 2085, 6435 2090, 6430 2095, 6430 2105, 6425 2110, 6420 2115, 6420 2125, 6415 2130, 6410 2135, 6410 2145, 6405 2150, 6400 2155, 6400 2165, 6395 2170, 6390 2175, 6385 2180, 6380 2185, 6375 2190, 6370 2195, 6365 2200, 6360 2205, 6360 2215, 6355 2220, 6350 2225, 6345 2230, 6340 2235, 6335 2240, 6330 2245, 6325 2250, 6320 2255, 6315 2260, 6310 2265, 6305 2270, 6300 2275, 6295 2280, 6285 2280, 6280 2285, 6280 2295, 6275 2300, 6270 2305, 6265 2310, 6260 2315, 6260 2325, 6260 2335, 6260 2345, 6260 2355, 6260 2365, 6260 2375, 6260 2385, 6260 2395, 6260 2405, 6260 2415, 6260 2425, 6260 2435, 6260 2445, 6260 2455, 6255 2460, 6250 2465, 6250 2475, 6250 2485, 6245 2490, 6240 2495, 6240 2505, 6235 2510, 6230 2515, 6230 2525, 6225 2530, 6220 2535, 6220 2545, 6215 2550, 6210 2555, 6210 2565, 6205 2570, 6200 2575, 6195 2580, 6190 2585, 6185 2590, 6180 2595, 6175 2600, 6170 2605, 6170 2615, 6165 2620, 6160 2625, 6155 2630, 6150 2635, 6145 2640, 6135 2640, 6130 2645, 6125 2650, 6120 2655, 6115 2660, 6110 2665, 6105 2670, 6100 2675, 6095 2680, 6085 2680, 6080 2685, 6075 2690, 6065 2690, 6060 2695, 6055 2700, 6045 2700, 6040 2705, 6035 2710, 6025 2710, 6020 2715, 6015 2720, 6005 2720, 5995 2720, 5990 2725, 5985 2730, 5975 2730, 5965 2730, 5955 2730, 5945 2730, 5935 2730, 5925 2730, 5915 2730, 5905 2730, 5895 2730, 5885 2730, 5875 2730, 5865 2730, 5855 2730, 5845 2730, 5835 2730, 5825 2730, 5820 2735, 5820 2745, 5815 2750, 5810 2755, 5810 2765, 5810 2775, 5810 2785, 5810 2795, 5810 2805, 5810 2815, 5810 2825, 5805 2830, 5800 2835, 5800 2845, 5800 2855, 5795 2860, 5790 2865, 5790 2875, 5785 2880, 5780 2885, 5780 2895, 5775 2900, 5770 2905, 5770 2915, 5765 2920, 5760 2925, 5760 2935, 5755 2940, 5750 2945, 5745 2950, 5740 2955, 5735 2960, 5730 2965, 5725 2970, 5720 2975, 5720 2985, 5715 2990, 5710 2995, 5705 3000, 5700 3005, 5695 3010, 5690 3015, 5685 3020, 5680 3025, 5675 3030, 5665 3030, 5660 3035, 5655 3040, 5650 3045, 5645 3050, 5640 3055, 5635 3060, 5630 3065, 5625 3070, 5620 3075, 5620 3085, 5615 3090, 5610 3095, 5610 3105, 5605 3110, 5600 3115, 5600 3125, 5595 3130, 5590 3135, 5590 3145, 5585 3150, 5580 3155, 5575 3160, 5570 3165, 5565 3170, 5560 3175, 5555 3180, 5550 3185, 5555 3190, 5560 3195, 5565 3200, 5570 3205, 5575 3210, 5585 3210, 5590 3215, 5595 3220, 5600 3225, 5605 3230, 5610 3235, 5615 3240, 5620 3245, 5625 3250, 5630 3255, 5630 3265, 5635 3270, 5640 3275, 5645 3280, 5650 3285, 5655 3290, 5665 3290, 5670 3285, 5675 3280, 5680 3275, 5685 3270, 5695 3270, 5700 3265, 5705 3260, 5715 3260, 5720 3255, 5725 3250, 5735 3250, 5740 3245, 5745 3240, 5755 3240, 5760 3235, 5765 3230, 5775 3230, 5780 3225, 5785 3220, 5795 3220, 5805 3220, 5810 3215, 5815 3210, 5825 3210, 5835 3210, 5845 3210, 5855 3210, 5865 3210, 5875 3210, 5885 3210, 5895 3210, 5905 3210, 5915 3210, 5925 3210, 5935 3210, 5945 3210, 5955 3210, 5965 3210, 5975 3210, 5980 3215, 5985 3220, 5995 3220, 6005 3220, 6010 3225, 6015 3230, 6025 3230, 6035 3230, 6040 3235, 6045 3240, 6055 3240, 6060 3245, 6065 3250, 6075 3250, 6080 3255, 6085 3260, 6095 3260, 6100 3265, 6105 3270, 6115 3270, 6120 3275, 6125 3280, 6130 3285, 6135 3290, 6140 3295, 6145 3300, 6150 3305, 6155 3310, 6165 3310, 6170 3315, 6175 3320, 6180 3325, 6185 3330, 6190 3335, 6195 3340, 6200 3345, 6205 3350, 6210 3355, 6215 3360, 6220 3365, 6225 3370, 6230 3375, 6230 3385, 6235 3390, 6240 3395, 6245 3400, 6250 3405, 6255 3410, 6260 3415, 6265 3420, 6270 3425, 6270 3435, 6275 3440, 6280 3445, 6280 3455, 6285 3460, 6290 3465, 6290 3475, 6295 3480, 6300 3485, 6300 3495, 6305 3500, 6310 3505, 6310 3515, 6310 3525, 6315 3530, 6320 3535, 6320 3545, 6320 3555, 6320 3565, 6320 3575, 6320 3585, 6320 3595, 6320 3605, 6315 3610, 6310 3615, 6305 3620, 6300 3625, 6295 3630, 6290 3635, 6285 3640, 6275 3640, 6270 3645, 6265 3650, 6255 3650, 6250 3655, 6245 3660))"
deep,5,,5,1450.0,1,7400.2011494252865,1987.7298850574714,"POLYGON ((7425 2020, 7415 2020, 7410 2015, 7405 2010, 7400 2005, 7395 2000, 7390 1995, 7385 1990, 7380 1985, 7380 1975, 7380 1965, 7380 1955, 7385 1950, 7390 1955, 7395 1960, 7400 1965, 7400 1975, 7405 1980, 7410 1985, 7415 1990, 7420 1995, 7420 2005, 7425 2010, 7430 2015, 7425 2020))"
deep,7,,7,650.0,1,8271.98717948718,2026.474358974359,"POLYGON ((8285 2040, 8275 2040, 8265 2040, 8260 2035, 8260 2025, 8260 2015, 8265 2010, 8275 2010, 8280 2015, 8280 2025, 8285 2030, 8290 2035, 8285 2040))"
deep,4,,4,6250.0,1,5569.213333333334,2152.24,"POLYGON ((5555 2250, 5550 2245, 5550 2235, 5545 2230, 5540 2225, 5540 2215, 5535 2210, 5530 2205, 5530 2195, 5535 2190, 5540 2185, 5540 2175, 5540 2165, 5540 2155, 5545 2150, 5550 2145, 5550 2135, 5550 2125, 5555 2120, 5560 2115, 5565 2110, 5570 2105, 5575 2100, 5580 2095, 5580 2085, 5585 2080, 5590 2075, 5595 2070, 5600 2065, 5600 2055, 5600 2045, 5605 2040, 5610 2035, 5615 2030, 5620 2035, 5620 2045, 5615 2050, 5610 2055, 5610 2065, 5610 2075, 5605 2080, 5600 2085, 5600 2095, 5600 2105, 5595 2110, 5590 2115, 5590 2125, 5590 2135, 5590 2145, 5585 2150, 5580 2155, 5580 2165, 5580 2175, 5580 2185, 5580 2195, 5575 2200, 5570 2205, 5570 2215, 5570 2225, 5570 2235, 5565 2240, 5560 2245, 5555 2250))"
deep,0,R1_2_T,,1450.0,1,9429.655172413793,2260.747126436782,"POLYGON ((9395 2280, 9390 2275, 9390 2265, 9395 2260, 9400 2255, 9405 2250, 9415 2250, 9425 2250, 9435 2250, 9445 2250, 9455 2250, 9465 2250, 9470 2255, 9470 2265, 9465 2270, 9455 2270, 9445 2270, 9440 2265, 9435 2260, 9430 2265, 9425 2270, 9415 2270, 9405 2270, 9400 2275, 9395 2280))"
deep,0,,4;11,6750.0,1,5516.4876543209875,2338.2530864197533,"POLYGON ((5545 2380, 5535 2380, 5525 2380, 5515 2380, 5505 2380, 5495 2380, 5490 2375, 5485 2370, 5475 2370, 5465 2370, 5460 2375, 5455 2380, 5445 2380, 5440 2375, 5445 2370, 5450 2365, 5455 2360, 5460 2355, 5465 2350, 5470 2345, 5475 2340, 5480 2335, 5485 2330, 5490 2325, 5495 2320, 5500 2315, 5505 2310, 5510 2305, 5515 2300, 5520 2295, 5525 2290, 5530 2285, 5535 2280, 5540 2275, 5545 2270, 5555 2270, 5560 2275, 5560 2285, 5555 2290, 5550 2295, 5550 2305, 5550 2315, 5555 2320, 5560 2325, 5560 2335, 5555 2340, 5550 2345, 5555 2350, 5560 2355, 5555 2360, 5550 2365, 5550 2375, 5545 2380))"
deep,14,R1_2_T,14,43850.0,1,9428.5784872672,2386.3816039528697,"POLYGON ((9345 2520, 9340 2515, 9335 2510, 9325 2510, 9315 2510, 9310 2515, 9305 2520, 9295 2520, 9285 2520, 9280 2515, 9275 2510, 9265 2510, 9255 2510, 9250 2505, 9245 2500, 9240 2495, 9235 2490, 9225 2490, 9220 2485, 9215 2480, 9205 2480, 9200 2475, 9205 2470, 9210 2465, 9215 2460, 9220 2455, 9220 2445, 9225 2440, 9230 2435, 9230 2425, 9235 2420, 9245 2420, 9250 2425, 9255 2430, 9260 2435, 9265 2440, 9270 2445, 9275 2450, 9280 2455, 9285 2460, 9290 2455, 9295 2450, 9305 2450, 9310 2445, 9315 2440, 9325 2440, 9335 2440, 9345 2440, 9355 2440, 9365 2440, 9370 2445, 9375 2450, 9380 2445, 9375 2440, 9370 2435, 9370 2425, 9370 2415, 9375 2410, 9380 2405, 9375 2400, 9365 2400, 9360 2395, 9355 2390, 9345 2390, 9340 2385, 9340 2375, 9335 2370, 9325 2370, 9320 2365, 9320 2355, 9315 2350, 9310 2345, 9315 2340, 9320 2335, 9320 2325, 9320 2315, 9325 2310, 9330 2305, 9335 2300, 9340 2295, 9345 2290, 9355 2290, 9360 2295, 9355 2300, 9350 2305, 9345 2310, 9340 2315, 9345 2320, 9355 2320, 9360 2315, 9365 2310, 9370 2305, 9375 2300, 9385 2300, 9395 2300, 9400 2295, 9405 2290, 9415 2290, 9425 2290, 9430 2285, 9435 2280, 9445 2280, 9455 2280, 9465 2280, 9475 2280, 9480 2285, 9485 2290, 9495 2290, 9505 2290, 9510 2295, 9515 2300, 9520 2295, 9525 2290, 9530 2285, 9535 2280, 9545 2280, 9555 2280, 9565 2280, 9575 2280, 9580 2285, 9585 2290, 9590 2295, 9595 2300, 9600 2305, 9605 2310, 9610 2315, 9615 2320, 9620 2325, 9615 2330, 9605 2330, 9600 2335, 9600 2345, 9605 2350, 9610 2355, 9605 2360, 9600 2365, 9605 2370, 9615 2370, 9620 2375, 9625 2380, 9630 2385, 9630 2395, 9625 2400, 9620 2405, 9620 2415, 9620 2425, 9615 2430, 9610 2425, 9605 2420, 9600 2425, 9595 2430, 9590 2435, 9585 2440, 9575 2440, 9570 2435, 9565 2430, 9555 2430, 9545 2430, 9535 2430, 9525 2430, 9520 2425, 9525 2420, 9530 2415, 9530 2405, 9535 2400, 9540 2395, 9540 2385, 9540 2375, 9540 2365, 9535 2360, 9525 2360, 9515 2360, 9505 2360, 9495 2360, 9485 2360, 9475 2360, 9470 2355, 9465 2350, 9455 2350, 9450 2345, 9445 2340, 9435 2340, 9425 2340, 9420 2345, 9415 2350, 9410 2355, 9415 2360, 9420 2365, 9425 2370, 9430 2375, 9435 2380, 9440 2385, 9440 2395, 9445 2400, 9450 2405, 9450 2415, 9450 2425, 9450 2435, 9445 2440, 9435 2440, 9430 2445, 9425 2450, 9415 2450, 9410 2455, 9405 2460, 9400 2465, 9395 2470, 9390 2475, 9385 2480, 9380 2485, 9375 2490, 9370 2495, 9365 2500, 9360 2505, 9355 2510, 9350 2515, 9345 2520))"
deep,0,R1_2_T,,3150.0,1,9261.944444444445,2334.404761904762,"POLYGON ((9245 2370, 9235 2370, 9225 2370, 9215 2370, 9210 2365, 9215 2360, 9220 2355, 9225 2350, 9230 2345, 9235 2340, 9240 2335, 9245 2330, 9250 2325, 9255 2320, 9260 2315, 9265 2310, 9270 2305, 9275 2300, 9280 2295, 9285 2290, 9295 2290, 9300 2295, 9300 2305, 9300 2315, 9295 2320, 9290 2325, 9290 2335, 9285 2340, 9280 2345, 9275 2350, 9270 2355, 9265 2360, 9255 2360, 9250 2365, 9245 2370))"
deep,0,R1_2_T,7;10,11850.0,1,8971.68776371308,2472.9817158931082,"POLYGON ((8915 2550, 8905 2550, 8900 2545, 8900 2535, 8900 2525, 8905 2520, 8910 2515, 8905 2510, 8900 2505, 8900 2495, 8900 2485, 8900 2475, 8900 2465, 8905 2460, 8915 2460, 8925 2460, 8930 2455, 8935 2450, 8940 2445, 8945 2440, 8950 2435, 8955 2430, 8965 2430, 8970 2425, 8965 2420, 8955 2420, 8950 2415, 8955 2410, 8965 2410, 8975 2410, 8980 2405, 8985 2400, 8990 2405, 8990 2415, 8995 2420, 9005 2420, 9010 2425, 9015 2430, 9020 2435, 9025 2440, 9030 2435, 9035 2430, 9040 2435, 9045 2440, 9050 2445, 9050 2455, 9050 2465, 9050 2475, 9050 2485, 9050 2495, 9045 2500, 9035 2500, 9025 2500, 9015 2500, 9005 2500, 8995 2500, 8985 2500, 8975 2500, 8965 2500, 8960 2505, 8955 2510, 8950 2515, 8945 2520, 8940 2525, 8935 2530, 8930 2535, 8925 2540, 8920 2545, 8915 2550))"
deep,8,,8,1150.0,1,10207.536231884058,2468.478260869565,"POLYGON ((10215 2510, 10210 2505, 10210 2495, 10205 2490, 10200 2485, 10195 2480, 10190 2475, 10195 2470, 10200 2465, 10200 2455, 10200 2445, 10200 2435, 10200 2425, 10205 2420, 10210 2425, 10210 2435, 10210 2445, 10210 2455, 10210 2465, 10215 2470, 10220 2475, 10220 2485, 10220 2495, 10220 2505, 10215 2510))"
deep,14,,14,13750.0,1,9227.578787878787,2724.5666666666666,"POLYGON ((9185 2800, 9180 2795, 9175 2790, 9170 2795, 9165 2800, 9160 2795, 9155 2790, 9150 2785, 9150 2775, 9150 2765, 9150 2755, 9150 2745, 9150 2735, 9150 2725, 9155 2720, 9160 2715, 9165 2710, 9175 2710, 9185 2710, 9190 2705, 9195 2700, 9200 2695, 9205 2690, 9215 2690, 9220 2685, 9225 2680, 9230 2675, 9235 2670, 9245 2670, 9250 2665, 9255 2660, 9265 2660, 9270 2655, 9275 2650, 9285 2650, 9290 2645, 9295 2640, 9305 2640, 9310 2645, 9310 2655, 9305 2660, 9300 2665, 9300 2675, 9300 2685, 9300 2695, 9300 2705, 9295 2710, 9290 2715, 9295 2720, 9300 2725, 9300 2735, 9295 2740, 9285 2740, 9280 2745, 9275 2750, 9265 2750, 9255 2750, 9245 2750, 9240 2755, 9240 2765, 9235 2770, 9230 2775, 9225 2780, 9220 2785, 9215 2790, 9205 2790, 9195 2790, 9190 2795, 9185 2800))"
deep,9,P3_1_C,9,15750.0,1,7572.013227513227,2788.785714285714,"POLYGON ((7565 2890, 7555 2890, 7545 2890, 7535 2890, 7525 2890, 7515 2890, 7510 2885, 7510 2875, 7510 2865, 7515 2860, 7520 2855, 7515 2850, 7510 2845, 7510 2835, 7510 2825, 7510 2815, 7515 2810, 7520 2805, 7525 2800, 7530 2795, 7525 2790, 7520 2785, 7520 2775, 7525 2770, 7530 2765, 7530 2755, 7530 2745, 7535 2740, 7545 2740, 7550 2735, 7555 2730, 7565 2730, 7570 2725, 7575 2720, 7585 2720, 7590 2715, 7595 2710, 7600 2705, 7605 2700, 7610 2695, 7615 2690, 7620 2685, 7625 2680, 7630 2675, 7635 2670, 7640 2665, 7640 2655, 7645 2650, 7650 2655, 7650 2665, 7650 2675, 7650 2685, 7650 2695, 7645 2700, 7640 2705, 7640 2715, 7640 2725, 7635 2730, 7630 2735, 7630 2745, 7625 2750, 7620 2755, 7620 2765, 7615 2770, 7610 2775, 7610 2785, 7605 2790, 7600 2795, 7600 2805, 7600 2815, 7595 2820, 7590 2825, 7590 2835, 7590 2845, 7590 2855, 7590 2865, 7590 2875, 7585 2880, 7575 2880, 7570 2885, 7565 2890))"
deep,0,R1_2_T,7;10;12;15;17,118950.0,1,8535.041333893792,2813.16029143898,"POLYGON ((8745 3050, 8735 3050, 8725 3050, 8715 3050, 8710 3045, 8705 3040, 8700 3035, 8695 3030, 8690 3025, 8685 3020, 8680 3015, 8680 3005, 8680 2995, 8680 2985, 8680 2975, 8675 2970, 8670 2965, 8670 2955, 8670 2945, 8670 2935, 8665 2930, 8660 2935, 8655 2940, 8650 2935, 8645 2930, 8640 2925, 8635 2920, 8630 2915, 8625 2910, 8620 2905, 8615 2900, 8610 2895, 8605 2890, 8600 2885, 8595 2880, 8585 2880, 8580 2875, 8575 2870, 8565 2870, 8560 2865, 8555 2860, 8545 2860, 8535 2860, 8525 2860, 8515 2860, 8510 2855, 8505 2850, 8495 2850, 8485 2850, 8475 2850, 8465 2850, 8455 2850, 8445 2850, 8435 2850, 8425 2850, 8415 2850, 8405 2850, 8395 2850, 8385 2850, 8375 2850, 8365 2850, 8355 2850, 8345 2850, 8335 2850, 8330 2855, 8325 2860, 8315 2860, 8305 2860, 8295 2860, 8285 2860, 8280 2865, 8275 2870, 8270 2865, 8265 2860, 8260 2865, 8255 2870, 8245 2870, 8240 2865, 8235 2860, 8225 2860, 8215 2860, 8205 2860, 8195 2860, 8190 2865, 8185 2870, 8175 2870, 8165 2870, 8155 2870, 8145 2870, 8140 2875, 8135 2880, 8125 2880, 8115 2880, 8110 2875, 8105 2870, 8100 2865, 8095 2860, 8090 2855, 8085 2850, 8080 2845, 8075 2840, 8070 2835, 8065 2830, 8060 2825, 8055 2820, 8050 2815, 8050 2805, 8045 2800, 8040 2795, 8040 2785, 8040 2775, 8040 2765, 8040 2755, 8040 2745, 8040 2735, 8045 2730, 8050 2725, 8055 2720, 8060 2725, 8065 2730, 8075 2730, 8080 2735, 8085 2740, 8095 2740, 8100 2745, 8105 2750, 8115 2750, 8120 2755, 8125 2760, 8130 2765, 8130 2775, 8130 2785, 8135 2790, 8145 2790, 8155 2790, 8160 2795, 8165 2800, 8170 2805, 8175 2810, 8180 2815, 8185 2820, 8190 2825, 8195 2830, 8205 2830, 8210 2835, 8215 2840, 8225 2840, 8235 2840, 8240 2835, 8240 2825, 8240 2815, 8235 2810, 8230 2805, 8235 2800, 8240 2795, 8245 2790, 8255 2790, 8260 2785, 8265 2780, 8275 2780, 8285 2780, 8290 2785, 8295 2790, 8305 2790, 8310 2785, 8315 2780, 8325 2780, 8335 2780, 8345 2780, 8355 2780, 8360 2775, 8365 2770, 8375 2770, 8380 2765, 8385 2760, 8395 2760, 8400 2755, 8405 2750, 8410 2745, 8415 2740, 8420 2735, 8425 2730, 8430 2725, 8430 2715, 8435 2710, 8445 2710, 8455 2710, 8460 2705, 8465 2700, 8475 2700, 8480 2695, 8485 2690, 8495 2690, 8500 2685, 8505 2680, 8515 2680, 8520 2675, 8525 2670, 8535 2670, 8545 2670, 8550 2665, 8555 2660, 8560 2665, 8565 2670, 8575 2670, 8585 2670, 8595 2670, 8605 2670, 8610 2675, 8615 2680, 8625 2680, 8630 2675, 8635 2670, 8645 2670, 8655 2670, 8665 2670, 8675 2670, 8680 2665, 8685 2660, 8695 2660, 8705 2660, 8710 2665, 8705 2670, 8700 2675, 8705 2680, 8710 2685, 8710 2695, 8710 2705, 8715 2710, 8720 2705, 8720 2695, 8725 2690, 8730 2685, 8735 2680, 8740 2675, 8740 2665, 8745 2660, 8750 2665, 8755 2670, 8760 2665, 8765 2660, 8775 2660, 8785 2660, 8795 2660, 8805 2660, 8810 2655, 8815 2650, 8825 2650, 8830 2655, 8830 2665, 8830 2675, 8830 2685, 8825 2690, 8820 2695, 8820 2705, 8815 2710, 8810 2715, 8805 2720, 8800 2725, 8795 2730, 8790 2735, 8785 2740, 8780 2745, 8775 2750, 8770 2755, 8770 2765, 8770 2775, 8765 2780, 8760 2785, 8760 2795, 8760 2805, 8760 2815, 8755 2820, 8750 2815, 8745 2810, 8740 2815, 8745 2820, 8750 2825, 8750 2835, 8745 2840, 8740 2845, 8740 2855, 8735 2860, 8730 2865, 8730 2875, 8730 2885, 8730 2895, 8730 2905, 8735 2910, 8740 2915, 8740 2925, 8740 2935, 8740 2945, 8745 2950, 8750 2955, 8755 2960, 8765 2960, 8775 2960, 8785 2960, 8790 2955, 8790 2945, 8790 2935, 8790 2925, 8795 2920, 8800 2915, 8800 2905, 8805 2900, 8810 2905, 8810 2915, 8810 2925, 8815 2930, 8820 2935, 8820 2945, 8820 2955, 8825 2960, 8830 2965, 8830 2975, 8830 2985, 8830 2995, 8830 3005, 8830 3015, 8825 3020, 8820 3025, 8815 3030, 8805 3030, 8795 3030, 8790 3035, 8785 3040, 8775 3040, 8765 3040, 8755 3040, 8750 3045, 8745 3050))"
deep,0,P3_1_C,11;16;23,78150.0,1,5037.241416080188,3075.818937939859,"POLYGON ((5085 3520, 5080 3515, 5080 3505, 5075 3500, 5070 3495, 5065 3490, 5060 3485, 5060 3475, 5055 3470, 5050 3465, 5050 3455, 5045 3450, 5040 3445, 5040 3435, 5040 3425, 5040 3415, 5035 3410, 5030 3405, 5030 3395, 5030 3385, 5030 3375, 5030 3365, 5030 3355, 5030 3345, 5030 3335, 5030 3325, 5030 3315, 5030 3305, 5030 3295, 5035 3290, 5040 3285, 5040 3275, 5040 3265, 5040 3255, 5045 3250, 5050 3245, 5045 3240, 5040 3235, 5040 3225, 5040 3215, 5040 3205, 5035 3200, 5030 3205, 5030 3215, 5025 3220, 5020 3215, 5015 3210, 5010 3205, 5005 3200, 5000 3195, 4995 3190, 4990 3185, 4985 3180, 4980 3175, 4975 3170, 4970 3165, 4965 3160, 4960 3155, 4960 3145, 4955 3140, 4950 3135, 4945 3130, 4940 3125, 4935 3120, 4930 3115, 4930 3105, 4930 3095, 4925 3090, 4920 3085, 4920 3075, 4920 3065, 4920 3055, 4925 3050, 4930 3045, 4930 3035, 4930 3025, 4935 3020, 4940 3015, 4945 3010, 4950 3005, 4955 3000, 4960 2995, 4960 2985, 4965 2980, 4970 2975, 4965 2970, 4960 2965, 4960 2955, 4960 2945, 4960 2935, 4960 2925, 4965 2920, 4970 2915, 4970 2905, 4975 2900, 4980 2895, 4980 2885, 4980 2875, 4975 2870, 4970 2865, 4975 2860, 4980 2855, 4980 2845, 4975 2840, 4970 2835, 4965 2830, 4960 2825, 4955 2820, 4950 2815, 4945 2810, 4940 2805, 4935 2800, 4930 2795, 4935 2790, 4940 2785, 4940 2775, 4945 2770, 4950 2765, 4950 2755, 4950 2745, 4950 2735, 4950 2725, 4950 2715, 4950 2705, 4955 2700, 4960 2705, 4965 2710, 4970 2715, 4970 2725, 4975 2730, 4980 2735, 4985 2740, 4990 2745, 4995 2750, 5000 2755, 5000 2765, 5005 2770, 5010 2775, 5015 2780, 5020 2785, 5025 2790, 5030 2785, 5035 2780, 5040 2775, 5040 2765, 5045 2760, 5050 2755, 5050 2745, 5050 2735, 5055 2730, 5060 2725, 5060 2715, 5065 2710, 5070 2705, 5070 2695, 5075 2690, 5080 2685, 5085 2680, 5090 2675, 5095 2670, 5100 2665, 5105 2660, 5110 2665, 5110 2675, 5105 2680, 5100 2685, 5100 2695, 5100 2705, 5100 2715, 5100 2725, 5100 2735, 5100 2745, 5100 2755, 5100 2765, 5100 2775, 5105 2780, 5110 2785, 5110 2795, 5105 2800, 5100 2805, 5100 2815, 5100 2825, 5095 2830, 5090 2835, 5085 2840, 5080 2845, 5075 2850, 5070 2855, 5065 2860, 5060 2865, 5060 2875, 5055 2880, 5050 2885, 5050 2895, 5045 2900, 5040 2905, 5040 2915, 5040 2925, 5040 2935, 5040 2945, 5035 2950, 5030 2955, 5035 2960, 5040 2965, 5040 2975, 5040 2985, 5040 2995, 5040 3005, 5040 3015, 5035 3020, 5030 3025, 5030 3035, 5025 3040, 5020 3045, 5020 3055, 5020 3065, 5020 3075, 5020 3085, 5020 3095, 5020 3105, 5020 3115, 5020 3125, 5020 3135, 5020 3145, 5020 3155, 5020 3165, 5020 3175, 5025 3180, 5030 3175, 5030 3165, 5035 3160, 5040 3155, 5040 3145, 5040 3135, 5045 3130, 5050 3125, 5050 3115, 5050 3105, 5055 3100, 5060 3095, 5060 3085, 5060 3075, 5065 3070, 5070 3065, 5075 3060, 5080 3065, 5085 3070, 5090 3075, 5095 3080, 5100 3085, 5105 3090, 5110 3095, 5115 3100, 5120 3105, 5125 3110, 5130 3115, 5130 3125, 5130 3135, 5130 3145, 5125 3150, 5120 3155, 5115 3160, 5105 3160, 5100 3165, 5095 3170, 5090 3175, 5095 3180, 5105 3180, 5110 3185, 5115 3190, 5120 3195, 5125 3200, 5130 3205, 5130 3215, 5130 3225, 5130 3235, 5130 3245, 5130 3255, 5130 3265, 5125 3270, 5120 3275, 5120 3285, 5125 3290, 5130 3295, 5125 3300, 5120 3305, 5120 3315, 5120 3325, 5120 3335, 5120 3345, 5125 3350, 5130 3355, 5125 3360, 5120 3365, 5120 3375, 5120 3385, 5120 3395, 5120 3405, 5115 3410, 5110 3415, 5110 3425, 5110 3435, 5110 3445, 5105 3450, 5100 3455, 5100 3465, 5100 3475, 5095 3480, 5090 3485, 5090 3495, 5090 3505, 5090 3515, 5085 3520))"
deep,0,R1_2_T,14;17;18;26;28,558750.0,1,8717.065249813571,3471.1104399701712,"POLYGON ((8365 4190, 8360 4185, 8355 4180, 8345 4180, 8335 4180, 8325 4180, 8320 4175, 8315 4170, 8305 4170, 8300 4165, 8295 4160, 8285 4160, 8275 4160, 8265 4160, 8255 4160, 8245 4160, 8235 4160, 8225 4160, 8215 4160, 8210 4155, 8205 4150, 8200 4145, 8195 4140, 8190 4135, 8190 4125, 8190 4115, 8190 4105, 8195 4100, 8200 4095, 8200 4085, 8200 4075, 8200 4065, 8205 4060, 8210 4055, 8210 4045, 8210 4035, 8215 4030, 8220 4025, 8220 4015, 8225 4010, 8230 4005, 8230 3995, 8235 3990, 8240 3985, 8240 3975, 8245 3970, 8250 3965, 8255 3960, 8260 3955, 8260 3945, 8265 3940, 8270 3935, 8275 3930, 8280 3925, 8285 3920, 8290 3915, 8295 3910, 8300 3905, 8305 3900, 8310 3895, 8315 3890, 8320 3885, 8325 3880, 8330 3875, 8335 3870, 8340 3865, 8345 3860, 8350 3855, 8355 3850, 8365 3850, 8370 3845, 8375 3840, 8380 3835, 8385 3830, 8395 3830, 8400 3825, 8405 3820, 8410 3815, 8415 3810, 8420 3805, 8425 3800, 8430 3795, 8435 3790, 8445 3790, 8450 3785, 8455 3780, 8460 3775, 8465 3770, 8475 3770, 8480 3765, 8485 3760, 8495 3760, 8500 3755, 8500 3745, 8500 3735, 8505 3730, 8510 3725, 8510 3715, 8510 3705, 8510 3695, 8515 3690, 8520 3685, 8520 3675, 8520 3665, 8520 3655, 8525 3650, 8530 3645, 8530 3635, 8530 3625, 8535 3620, 8540 3615, 8540 3605, 8545 3600, 8550 3595, 8550 3585, 8555 3580, 8560 3575, 8560 3565, 8565 3560, 8570 3555, 8570 3545, 8575 3540, 8580 3535, 8585 3530, 8590 3525, 8590 3515, 8595 3510, 8600 3505, 8605 3500, 8610 3495, 8615 3490, 8620 3485, 8625 3480, 8630 3475, 8625 3470, 8615 3470, 8610 3475, 8605 3480, 8595 3480, 8585 3480, 8575 3480, 8570 3485, 8565 3490, 8555 3490, 8545 3490, 8535 3490, 8525 3490, 8515 3490, 8505 3490, 8495 3490, 8485 3490, 8475 3490, 8465 3490, 8455 3490, 8445 3490, 8435 3490, 8430 3495, 8425 3500, 8420 3505, 8415 3510, 8405 3510, 8400 3515, 8395 3520, 8390 3525, 8385 3530, 8375 3530, 8370 3535, 8365 3540, 8355 3540, 8350 3545, 8345 3550, 8340 3555, 8335 3560, 8325 3560, 8320 3565, 8315 3570, 8305 3570, 8300 3575, 8295 3580, 8285 3580, 8280 3585, 8275 3590, 8265 3590, 8255 3590, 8250 3595, 8245 3600, 8235 3600, 8225 3600, 8215 3600, 8210 3605, 8205 3610, 8195 3610, 8190 3615, 8185 3620, 8175 3620, 8170 3625, 8165 3630, 8155 3630, 8150 3635, 8145 3640, 8135 3640, 8125 3640, 8120 3645, 8115 3650, 8105 3650, 8095 3650, 8085 3650, 8080 3655, 8075 3660, 8065 3660, 8055 3660, 8045 3660, 8035 3660, 8025 3660, 8015 3660, 8005 3660, 7995 3660, 7985 3660, 7975 3660, 7970 3655, 7970 3645, 7975 3640, 7980 3635, 7980 3625, 7980 3615, 7980 3605, 7980 3595, 7975 3590, 7970 3585, 7970 3575, 7970 3565, 7970 3555, 7965 3550, 7960 3545, 7955 3540, 7950 3535, 7950 3525, 7950 3515, 7950 3505, 7950 3495, 7950 3485, 7955 3480, 7965 3480, 7975 3480, 7985 3480, 7995 3480, 8005 3480, 8015 3480, 8025 3480, 8035 3480, 8045 3480, 8055 3480, 8065 3480, 8070 3475, 8075 3470, 8085 3470, 8090 3465, 8095 3460, 8105 3460, 8110 3455, 8115 3450, 8125 3450, 8130 3445, 8135 3440, 8140 3435, 8145 3430, 8155 3430, 8165 3430, 8175 3430, 8185 3430, 8195 3430, 8200 3425, 8205 3420, 8215 3420, 8220 3415, 8225 3410, 8235 3410, 8240 3405, 8245 3400, 8255 3400, 8260 3395, 8265 3390, 8270 3385, 8275 3380, 8285 3380, 8290 3375, 8295 3370, 8305 3370, 8310 3365, 8315 3360, 8320 3355, 8325 3350, 8330 3345, 8335 3340, 8340 3335, 8345 3330, 8350 3325, 8355 3320, 8360 3315, 8360 3305, 8365 3300, 8370 3295, 8375 3290, 8385 3290, 8395 3290, 8400 3295, 8405 3300, 8415 3300, 8425 3300, 8430 3305, 8435 3310, 8445 3310, 8455 3310, 8465 3310, 8475 3310, 8485 3310, 8495 3310, 8505 3310, 8515 3310, 8525 3310, 8535 3310, 8545 3310, 8555 3310, 8560 3305, 8565 3300, 8575 3300, 8580 3295, 8585 3290, 8595 3290, 8600 3285, 8605 3280, 8615 3280, 8620 3275, 8625 3270, 8630 3265, 8635 3260, 8640 3255, 8645 3250, 8650 3245, 8655 3240, 8660 3235, 8665 3230, 8670 3225, 8670 3215, 8675 3210, 8680 3205, 8680 3195, 8685 3190, 8690 3185, 8690 3175, 8695 3170, 8700 3165, 8700 3155, 8700 3145, 8700 3135, 8700 3125, 8700 3115, 8700 3105, 8705 3100, 8710 3095, 8710 3085, 8715 3080, 8725 3080, 8735 3080, 8740 3075, 8745 3070, 8755 3070, 8760 3065, 8765 3060, 8775 3060, 8785 3060, 8795 3060, 8805 3060, 8810 3055, 8815 3050, 8825 3050, 8835 3050, 8840 3045, 8845 3040, 8850 3035, 8855 3030, 8865 3030, 8870 3025, 8875 3020, 8885 3020, 8890 3025, 8890 3035, 8890 3045, 8890 3055, 8890 3065, 8890 3075, 8890 3085, 8890 3095, 8890 3105, 8885 3110, 8880 3115, 8880 3125, 8880 3135, 8880 3145, 8880 3155, 8880 3165, 8880 3175, 8875 3180, 8870 3185, 8870 3195, 8870 3205, 8870 3215, 8865 3220, 8860 3225, 8860 3235, 8860 3245, 8855 3250, 8850 3255, 8850 3265, 8845 3270, 8840 3275, 8840 3285, 8835 3290, 8830 3295, 8830 3305, 8825 3310, 8820 3315, 8815 3320, 8810 3325, 8810 3335, 8805 3340, 8800 3345, 8795 3350, 8790 3355, 8785 3360, 8780 3365, 8775 3370, 8770 3375, 8775 3380, 8785 3380, 8790 3375, 8795 3370, 8805 3370, 8815 3370, 8825 3370, 8830 3365, 8835 3360, 8845 3360, 8855 3360, 8865 3360, 8875 3360, 8885 3360, 8895 3360, 8905 3360, 8915 3360, 8925 3360, 8935 3360, 8945 3360, 8955 3360, 8965 3360, 8975 3360, 8980 3355, 8980 3345, 8980 3335, 8980 3325, 8980 3315, 8980 3305, 8980 3295, 8980 3285, 8980 3275, 8980 3265, 8980 3255, 8980 3245, 8980 3235, 8980 3225, 8980 3215, 8980 3205, 8980 3195, 8985 3190, 8990 3185, 8990 3175, 8990 3165, 8990 3155, 8995 3150, 9000 3145, 9000 3135, 9000 3125, 9005 3120, 9010 3115, 9010 3105, 9015 3100, 9020 3095, 9020 3085, 9025 3080, 9030 3075, 9035 3070, 9045 3070, 9055 3070, 9065 3070, 9075 3070, 9085 3070, 9095 3070, 9105 3070, 9115 3070, 9125 3070, 9130 3075, 9135 3080, 9145 3080, 9155 3080, 9165 3080, 9175 3080, 9180 3075, 9185 3070, 9190 3065, 9195 3060, 9200 3055, 9205 3050, 9210 3045, 9215 3040, 9220 3035, 9220 3025, 9225 3020, 9230 3015, 9230 3005, 9230 2995, 9230 2985, 9230 2975, 9230 2965, 9225 2960, 9220 2955, 9220 2945, 9220 2935, 9215 2930, 9210 2925, 9205 2920, 9200 2915, 9200 2905, 9200 2895, 9200 2885, 9200 2875, 9200 2865, 9200 2855, 9205 2850, 9210 2845, 9210 2835, 9210 2825, 9215 2820, 9220 2815, 9225 2810, 9230 2805, 9235 2800, 9240 2795, 9245 2790, 9250 2785, 9255 2780, 9260 2775, 9265 2770, 9275 2770, 9280 2775, 9280 2785, 9285 2790, 9290 2795, 9290 2805, 9295 2810, 9300 2815, 9300 2825, 9305 2830, 9310 2835, 9315 2840, 9320 2845, 9325 2850, 9330 2855, 9335 2860, 9340 2865, 9345 2870, 9350 2875, 9355 2880, 9360 2885, 9365 2890, 9375 2890, 9380 2895, 9385 2900, 9395 2900, 9400 2905, 9405 2910, 9415 2910, 9420 2915, 9425 2920, 9435 2920, 9445 2920, 9455 2920, 9465 2920, 9475 2920, 9480 2925, 9480 2935, 9475 2940, 9470 2945, 9470 2955, 9465 2960, 9460 2965, 9460 2975, 9455 2980, 9450 2985, 9450 2995, 9450 3005, 9445 3010, 9435 3010, 9425 3010, 9415 3010, 9405 3010, 9395 3010, 9385 3010, 9380 3015, 9375 3020, 9365 3020, 9360 3025, 9355 3030, 9345 3030, 9340 3035, 9335 3040, 9325 3040, 9320 3045, 9315 3050, 9310 3055, 9305 3060, 9300 3065, 9295 3070, 9285 3070, 9280 3075, 9275 3080, 9265 3080, 9260 3085, 9255 3090, 9245 3090, 9240 3095, 9235 3100, 9230 3105, 9225 3110, 9220 3115, 9215 3120, 9210 3125, 9205 3130, 9200 3135, 9195 3140, 9190 3145, 9190 3155, 9185 3160, 9180 3165, 9180 3175, 9175 3180, 9170 3185, 9170 3195, 9165 3200, 9160 3205, 9160 3215, 9160 3225, 9160 3235, 9160 3245, 9160 3255, 9160 3265, 9160 3275, 9160 3285, 9160 3295, 9160 3305, 9160 3315, 9160 3325, 9160 3335, 9160 3345, 9160 3355, 9165 3360, 9170 3365, 9170 3375, 9175 3380, 9180 3385, 9180 3395, 9185 3400, 9190 3405, 9190 3415, 9195 3420, 9200 3425, 9205 3430, 9210 3435, 9215 3440, 9220 3445, 9225 3450, 9230 3455, 9235 3460, 9240 3465, 9245 3470, 9250 3475, 9255 3480, 9260 3485, 9265 3490, 9275 3490, 9280 3495, 9285 3500, 9295 3500, 9300 3505, 9305 3510, 9315 3510, 9320 3515, 9325 3520, 9335 3520, 9345 3520, 9350 3525, 9355 3530, 9365 3530, 9370 3535, 9375 3540, 9385 3540, 9395 3540, 9400 3545, 9405 3550, 9415 3550, 9425 3550, 9435 3550, 9445 3550, 9455 3550, 9465 3550, 9475 3550, 9485 3550, 9490 3555, 9485 3560, 9480 3565, 9475 3570, 9470 3575, 9470 3585, 9470 3595, 9470 3605, 9470 3615, 9470 3625, 9470 3635, 9470 3645, 9470 3655, 9470 3665, 9465 3670, 9460 3675, 9460 3685, 9455 3690, 9450 3695, 9445 3700, 9440 3705, 9435 3710, 9430 3705, 9430 3695, 9425 3690, 9420 3685, 9420 3675, 9415 3670, 9410 3665, 9410 3655, 9405 3650, 9400 3645, 9400 3635, 9395 3630, 9390 3625, 9385 3620, 9380 3615, 9375 3610, 9370 3605, 9365 3600, 9360 3595, 9355 3590, 9350 3585, 9345 3580, 9335 3580, 9330 3575, 9325 3570, 9315 3570, 9310 3565, 9305 3560, 9295 3560, 9290 3555, 9285 3550, 9275 3550, 9265 3550, 9255 3550, 9245 3550, 9235 3550, 9225 3550, 9215 3550, 9205 3550, 9195 3550, 9185 3550, 9175 3550, 9170 3555, 9165 3560, 9155 3560, 9150 3565, 9145 3570, 9135 3570, 9125 3570, 9115 3570, 9105 3570, 9100 3565, 9095 3560, 9085 3560, 9080 3555, 9075 3550, 9065 3550, 9055 3550, 9045 3550, 9035 3550, 9025 3550, 9020 3545, 9015 3540, 9005 3540, 8995 3540, 8985 3540, 8975 3540, 8965 3540, 8955 3540, 8945 3540, 8935 3540, 8925 3540, 8915 3540, 8905 3540, 8895 3540, 8885 3540, 8875 3540, 8865 3540, 8855 3540, 8845 3540, 8840 3545, 8835 3550, 8825 3550, 8820 3555, 8815 3560, 8805 3560, 8800 3565, 8795 3570, 8785 3570, 8780 3575, 8775 3580, 8770 3585, 8765 3590, 8760 3595, 8755 3600, 8750 3605, 8745 3610, 8740 3615, 8735 3620, 8730 3625, 8730 3635, 8725 3640, 8720 3645, 8720 3655, 8715 3660, 8710 3665, 8710 3675, 8705 3680, 8700 3685, 8700 3695, 8695 3700, 8690 3705, 8690 3715, 8690 3725, 8690 3735, 8690 3745, 8690 3755, 8685 3760, 8680 3765, 8680 3775, 8675 3780, 8670 3785, 8670 3795, 8670 3805, 8665 3810, 8660 3815, 8660 3825, 8660 3835, 8660 3845, 8655 3850, 8650 3855, 8650 3865, 8645 3870, 8640 3875, 8640 3885, 8635 3890, 8630 3895, 8625 3900, 8615 3900, 8605 3900, 8600 3905, 8595 3910, 8585 3910, 8580 3915, 8575 3920, 8565 3920, 8560 3925, 8555 3930, 8545 3930, 8540 3935, 8535 3940, 8530 3945, 8525 3950, 8520 3955, 8515 3960, 8510 3965, 8505 3970, 8500 3975, 8495 3980, 8485 3980, 8480 3985, 8475 3990, 8465 3990, 8460 3995, 8455 4000, 8450 4005, 8445 4010, 8440 4015, 8435 4020, 8430 4025, 8425 4030, 8420 4035, 8415 4040, 8410 4045, 8405 4050, 8400 4055, 8400 4065, 8395 4070, 8390 4075, 8390 4085, 8385 4090, 8380 4095, 8380 4105, 8375 4110, 8370 4115, 8370 4125, 8370 4135, 8370 4145, 8370 4155, 8370 4165, 8370 4175, 8370 4185, 8365 4190))"
deep,0,R1_2_T,,3250.0,1,9174.51282051282,3008.4615384615386,"POLYGON ((9165 3050, 9155 3050, 9145 3050, 9140 3045, 9135 3040, 9130 3035, 9135 3030, 9140 3025, 9145 3020, 9150 3015, 9155 3010, 9160 3005, 9165 3000, 9170 2995, 9175 2990, 9185 2990, 9190 2985, 9185 2980, 9180 2975, 9180 2965, 9180 2955, 9185 2950, 9195 2950, 9200 2955, 9200 2965, 9200 2975, 9205 2980, 9210 2985, 9205 2990, 9200 2995, 9200 3005, 9200 3015, 9195 3020, 9190 3025, 9185 3030, 9180 3035, 9175 3040, 9170 3045, 9165 3050))"
deep,0,P3_1_C,19;20;21;22;24,122650.0,1,6992.112039679304,3196.4183312950126,"POLYGON ((6855 3490, 6850 3485, 6850 3475, 6845 3470, 6840 3465, 6835 3460, 6830 3455, 6830 3445, 6830 3435, 6830 3425, 6825 3420, 6820 3415, 6815 3410, 6805 3410, 6795 3410, 6790 3405, 6785 3400, 6775 3400, 6765 3400, 6755 3400, 6745 3400, 6735 3400, 6730 3405, 6725 3410, 6720 3415, 6720 3425, 6715 3430, 6710 3435, 6705 3440, 6695 3440, 6690 3435, 6690 3425, 6690 3415, 6690 3405, 6690 3395, 6690 3385, 6690 3375, 6695 3370, 6700 3365, 6700 3355, 6700 3345, 6705 3340, 6710 3335, 6710 3325, 6715 3320, 6720 3315, 6720 3305, 6725 3300, 6730 3295, 6730 3285, 6730 3275, 6735 3270, 6740 3265, 6740 3255, 6745 3250, 6750 3245, 6750 3235, 6755 3230, 6760 3225, 6760 3215, 6765 3210, 6770 3205, 6770 3195, 6775 3190, 6780 3185, 6785 3180, 6790 3175, 6795 3170, 6800 3165, 6805 3160, 6810 3155, 6810 3145, 6815 3140, 6820 3135, 6825 3130, 6830 3125, 6835 3120, 6845 3120, 6850 3115, 6855 3110, 6860 3105, 6865 3100, 6870 3095, 6875 3090, 6880 3085, 6885 3080, 6895 3080, 6900 3075, 6905 3070, 6915 3070, 6920 3065, 6925 3060, 6935 3060, 6940 3055, 6945 3050, 6955 3050, 6960 3045, 6965 3040, 6975 3040, 6985 3040, 6990 3035, 6995 3030, 7005 3030, 7015 3030, 7025 3030, 7035 3030, 7045 3030, 7055 3030, 7065 3030, 7075 3030, 7085 3030, 7095 3030, 7105 3030, 7115 3030, 7125 3030, 7135 3030, 7145 3030, 7155 3030, 7160 3035, 7165 3040, 7175 3040, 7185 3040, 7190 3045, 7195 3050, 7205 3050, 7210 3055, 7215 3060, 7225 3060, 7230 3065, 7235 3070, 7245 3070, 7250 3075, 7255 3080, 7265 3080, 7270 3085, 7275 3090, 7280 3095, 7285 3100, 7290 3105, 7295 3110, 7300 3115, 7305 3120, 7315 3120, 7320 3125, 7320 3135, 7325 3140, 7330 3145, 7335 3150, 7340 3155, 7345 3160, 7350 3165, 7350 3175, 7345 3180, 7340 3185, 7340 3195, 7340 3205, 7335 3210, 7325 3210, 7320 3215, 7315 3220, 7305 3220, 7295 3220, 7285 3220, 7275 3220, 7270 3225, 7265 3230, 7255 3230, 7250 3235, 7245 3240, 7240 3245, 7240 3255, 7235 3260, 7230 3265, 7225 3270, 7215 3270, 7210 3265, 7205 3260, 7200 3255, 7200 3245, 7195 3240, 7185 3240, 7180 3235, 7175 3230, 7170 3225, 7165 3220, 7155 3220, 7150 3215, 7145 3210, 7135 3210, 7130 3205, 7125 3200, 7115 3200, 7105 3200, 7095 3200, 7085 3200, 7075 3200, 7065 3200, 7055 3200, 7045 3200, 7035 3200, 7025 3200, 7020 3205, 7015 3210, 7005 3210, 7000 3215, 6995 3220, 6985 3220, 6980 3225, 6975 3230, 6970 3235, 6965 3240, 6955 3240, 6950 3245, 6945 3250, 6940 3255, 6935 3260, 6930 3265, 6930 3275, 6925 3280, 6920 3285, 6915 3290, 6910 3295, 6910 3305, 6905 3310, 6900 3315, 6900 3325, 6895 3330, 6890 3335, 6890 3345, 6890 3355, 6885 3360, 6880 3365, 6880 3375, 6875 3380, 6870 3385, 6870 3395, 6865 3400, 6860 3405, 6860 3415, 6860 3425, 6860 3435, 6860 3445, 6860 3455, 6860 3465, 6860 3475, 6860 3485, 6855 3490))"
deep,0,R1_2_T,13;18,24650.0,1,9713.333333333332,3390.6693711967546,"POLYGON ((9685 3580, 9680 3575, 9680 3565, 9680 3555, 9680 3545, 9680 3535, 9680 3525, 9680 3515, 9680 3505, 9680 3495, 9680 3485, 9680 3475, 9680 3465, 9680 3455, 9685 3450, 9690 3445, 9690 3435, 9690 3425, 9690 3415, 9690 3405, 9690 3395, 9690 3385, 9685 3380, 9675 3380, 9670 3385, 9665 3390, 9655 3390, 9650 3385, 9650 3375, 9655 3370, 9660 3365, 9660 3355, 9660 3345, 9660 3335, 9660 3325, 9665 3320, 9670 3315, 9670 3305, 9670 3295, 9670 3285, 9665 3280, 9660 3275, 9660 3265, 9660 3255, 9660 3245, 9665 3240, 9675 3240, 9680 3245, 9685 3250, 9690 3245, 9695 3240, 9705 3240, 9715 3240, 9725 3240, 9730 3245, 9735 3250, 9740 3255, 9740 3265, 9745 3270, 9750 3275, 9750 3285, 9755 3290, 9760 3295, 9755 3300, 9745 3300, 9740 3305, 9735 3310, 9730 3315, 9730 3325, 9730 3335, 9735 3340, 9745 3340, 9750 3345, 9755 3350, 9760 3355, 9765 3360, 9770 3365, 9770 3375, 9770 3385, 9775 3390, 9780 3395, 9780 3405, 9780 3415, 9785 3420, 9790 3425, 9785 3430, 9780 3435, 9775 3440, 9770 3445, 9765 3450, 9755 3450, 9745 3450, 9740 3455, 9745 3460, 9750 3465, 9750 3475, 9750 3485, 9750 3495, 9745 3500, 9740 3505, 9740 3515, 9735 3520, 9730 3525, 9730 3535, 9725 3540, 9720 3545, 9715 3550, 9710 3555, 9705 3560, 9700 3565, 9695 3570, 9690 3575, 9685 3580))"
deep,13,,13,18850.0,1,10048.328912466843,3381.6489832007073,"POLYGON ((10005 3490, 9995 3490, 9985 3490, 9975 3490, 9965 3490, 9960 3485, 9960 3475, 9960 3465, 9965 3460, 9970 3455, 9975 3450, 9980 3445, 9985 3440, 9990 3435, 9990 3425, 9990 3415, 9990 3405, 9995 3400, 10000 3395, 10000 3385, 9995 3380, 9990 3375, 9995 3370, 10000 3365, 10000 3355, 10000 3345, 10005 3340, 10010 3335, 10015 3330, 10020 3325, 10025 3320, 10035 3320, 10040 3315, 10045 3310, 10055 3310, 10060 3305, 10065 3300, 10075 3300, 10080 3295, 10085 3290, 10090 3285, 10095 3280, 10100 3275, 10105 3270, 10110 3265, 10115 3260, 10120 3255, 10125 3250, 10130 3245, 10135 3240, 10140 3245, 10140 3255, 10140 3265, 10135 3270, 10130 3275, 10130 3285, 10130 3295, 10130 3305, 10125 3310, 10120 3315, 10120 3325, 10115 3330, 10110 3335, 10110 3345, 10105 3350, 10100 3355, 10100 3365, 10095 3370, 10090 3375, 10090 3385, 10090 3395, 10085 3400, 10080 3405, 10080 3415, 10080 3425, 10075 3430, 10070 3435, 10070 3445, 10070 3455, 10065 3460, 10060 3465, 10055 3470, 10045 3470, 10040 3475, 10035 3480, 10025 3480, 10015 3480, 10010 3485, 10005 3490))"
deep,0,P3_1_C,19;20;21;22,15450.0,1,7284.23139158576,3322.3759439050705,"POLYGON ((7215 3470, 7210 3465, 7210 3455, 7210 3445, 7210 3435, 7215 3430, 7220 3425, 7220 3415, 7220 3405, 7220 3395, 7220 3385, 7220 3375, 7225 3370, 7230 3365, 7225 3360, 7220 3355, 7220 3345, 7220 3335, 7220 3325, 7220 3315, 7220 3305, 7225 3300, 7235 3300, 7240 3295, 7240 3285, 7245 3280, 7250 3275, 7255 3270, 7260 3265, 7265 3260, 7270 3255, 7275 3250, 7285 3250, 7295 3250, 7305 3250, 7315 3250, 7320 3255, 7325 3260, 7330 3255, 7335 3250, 7345 3250, 7350 3255, 7355 3260, 7360 3265, 7360 3275, 7360 3285, 7365 3290, 7370 3295, 7370 3305, 7370 3315, 7370 3325, 7370 3335, 7365 3340, 7355 3340, 7345 3340, 7335 3340, 7325 3340, 7315 3340, 7305 3340, 7295 3340, 7290 3345, 7285 3350, 7280 3355, 7280 3365, 7275 3370, 7270 3375, 7265 3380, 7260 3385, 7260 3395, 7255 3400, 7250 3405, 7245 3410, 7240 3415, 7235 3420, 7230 3425, 7230 3435, 7225 3440, 7220 3445, 7220 3455, 7220 3465, 7215 3470))"
deep,0,,,4950.0,1,4983.021885521885,3386.7087542087543,"POLYGON ((4955 3470, 4945 3470, 4940 3465, 4945 3460, 4950 3455, 4950 3445, 4950 3435, 4955 3430, 4960 3425, 4960 3415, 4960 3405, 4960 3395, 4965 3390, 4970 3385, 4970 3375, 4970 3365, 4975 3360, 4980 3355, 4980 3345, 4980 3335, 4985 3330, 4990 3325, 4995 3320, 5000 3315, 5000 3305, 5005 3300, 5010 3295, 5010 3285, 5015 3280, 5020 3285, 5020 3295, 5020 3305, 5015 3310, 5010 3315, 5010 3325, 5010 3335, 5010 3345, 5005 3350, 5000 3355, 5000 3365, 5000 3375, 5000 3385, 5000 3395, 5000 3405, 5000 3415, 4995 3420, 4990 3425, 4990 3435, 4985 3440, 4980 3445, 4975 3450, 4970 3455, 4965 3460, 4960 3465, 4955 3470))"
deep,17,,17,16750.0,1,7880.457711442787,3494.283582089552,"POLYGON ((7945 3600, 7935 3600, 7925 3600, 7915 3600, 7910 3595, 7905 3590, 7895 3590, 7885 3590, 7880 3585, 7875 3580, 7865 3580, 7855 3580, 7850 3575, 7850 3565, 7850 3555, 7845 3550, 7840 3545, 7840 3535, 7840 3525, 7840 3515, 7840 3505, 7840 3495, 7840 3485, 7840 3475, 7840 3465, 7840 3455, 7835 3450, 7830 3445, 7830 3435, 7830 3425, 7830 3415, 7830 3405, 7830 3395, 7825 3390, 7820 3385, 7820 3375, 7820 3365, 7820 3355, 7820 3345, 7825 3340, 7830 3345, 7830 3355, 7835 3360, 7840 3365, 7840 3375, 7845 3380, 7850 3385, 7855 3390, 7860 3395, 7865 3400, 7870 3405, 7875 3410, 7880 3415, 7885 3420, 7890 3425, 7895 3430, 7905 3430, 7910 3435, 7915 3440, 7920 3445, 7925 3450, 7930 3455, 7925 3460, 7920 3465, 7920 3475, 7920 3485, 7925 3490, 7930 3495, 7930 3505, 7930 3515, 7925 3520, 7920 3525, 7925 3530, 7930 3535, 7930 3545, 7935 3550, 7940 3555, 7940 3565, 7940 3575, 7945 3580, 7950 3585, 7950 3595, 7945 3600))"
deep,24,P3_1_C,24,19250.0,1,6783.703463203464,3533.188311688312,"POLYGON ((6785 3640, 6775 3640, 6765 3640, 6760 3635, 6755 3630, 6750 3625, 6750 3615, 6750 3605, 6745 3600, 6740 3595, 6740 3585, 6740 3575, 6735 3570, 6730 3565, 6730 3555, 6730 3545, 6730 3535, 6730 3525, 6730 3515, 6730 3505, 6725 3500, 6720 3495, 6725 3490, 6730 3485, 6725 3480, 6720 3475, 6720 3465, 6720 3455, 6725 3450, 6735 3450, 6745 3450, 6750 3445, 6750 3435, 6755 3430, 6765 3430, 6775 3430, 6780 3435, 6785 3440, 6795 3440, 6805 3440, 6810 3445, 6805 3450, 6800 3455, 6805 3460, 6810 3465, 6815 3470, 6820 3475, 6825 3480, 6830 3485, 6830 3495, 6835 3500, 6840 3505, 6845 3510, 6850 3515, 6850 3525, 6850 3535, 6855 3540, 6860 3545, 6855 3550, 6850 3555, 6850 3565, 6850 3575, 6845 3580, 6840 3585, 6840 3595, 6835 3600, 6825 3600, 6820 3605, 6815 3610, 6810 3615, 6805 3620, 6800 3625, 6795 3630, 6790 3635, 6785 3640))"
deep,0,R1_2_T,18;26,28450.0,1,9518.090216754541,3665.881663737551,"POLYGON ((9425 3860, 9420 3855, 9420 3845, 9420 3835, 9420 3825, 9420 3815, 9425 3810, 9430 3805, 9425 3800, 9420 3795, 9420 3785, 9420 3775, 9420 3765, 9420 3755, 9425 3750, 9430 3745, 9435 3740, 9440 3735, 9445 3730, 9455 3730, 9460 3725, 9465 3720, 9475 3720, 9480 3715, 9480 3705, 9480 3695, 9485 3690, 9490 3685, 9490 3675, 9490 3665, 9490 3655, 9490 3645, 9495 3640, 9500 3635, 9495 3630, 9490 3625, 9490 3615, 9490 3605, 9490 3595, 9495 3590, 9500 3585, 9505 3580, 9510 3575, 9515 3570, 9520 3565, 9525 3560, 9530 3555, 9525 3550, 9520 3545, 9525 3540, 9530 3535, 9525 3530, 9520 3525, 9520 3515, 9525 3510, 9535 3510, 9540 3505, 9545 3500, 9555 3500, 9560 3495, 9565 3490, 9570 3485, 9575 3480, 9580 3475, 9585 3470, 9590 3475, 9590 3485, 9590 3495, 9590 3505, 9595 3510, 9600 3515, 9600 3525, 9600 3535, 9600 3545, 9600 3555, 9600 3565, 9600 3575, 9600 3585, 9595 3590, 9590 3595, 9590 3605, 9585 3610, 9580 3615, 9580 3625, 9580 3635, 9580 3645, 9575 3650, 9570 3655, 9565 3660, 9555 3660, 9550 3665, 9550 3675, 9550 3685, 9555 3690, 9560 3695, 9560 3705, 9560 3715, 9560 3725, 9560 3735, 9555 3740, 9550 3745, 9545 3750, 9540 3755, 9535 3760, 9530 3765, 9525 3770, 9520 3775, 9515 3780, 9510 3785, 9505 3790, 9500 3795, 9495 3800, 9485 3800, 9480 3805, 9475 3810, 9470 3815, 9465 3820, 9460 3825, 9455 3830, 9450 3835, 9445 3840, 9440 3845, 9435 3850, 9430 3855, 9425 3860))"
deep,0,P3_1_C,22;24,14050.0,1,6962.9418742585995,3701.2099644128116,"POLYGON ((6945 3780, 6935 3780, 6925 3780, 6920 3775, 6915 3770, 6905 3770, 6895 3770, 6890 3765, 6885 3760, 6880 3755, 6875 3750, 6870 3745, 6875 3740, 6885 3740, 6895 3740, 6900 3735, 6895 3730, 6890 3725, 6885 3720, 6880 3715, 6885 3710, 6890 3705, 6890 3695, 6890 3685, 6895 3680, 6900 3675, 6905 3670, 6910 3675, 6915 3680, 6920 3675, 6925 3670, 6935 3670, 6945 3670, 6950 3665, 6955 3660, 6960 3665, 6965 3670, 6970 3665, 6970 3655, 6970 3645, 6975 3640, 6985 3640, 6995 3640, 7005 3640, 7015 3640, 7020 3645, 7025 3650, 7030 3645, 7035 3640, 7045 3640, 7055 3640, 7065 3640, 7075 3640, 7080 3645, 7075 3650, 7070 3655, 7065 3660, 7060 3665, 7055 3670, 7050 3675, 7045 3680, 7040 3685, 7035 3690, 7030 3695, 7025 3700, 7020 3705, 7015 3710, 7010 3715, 7005 3720, 6995 3720, 6990 3725, 6985 3730, 6975 3730, 6970 3735, 6965 3740, 6960 3745, 6955 3750, 6950 3755, 6950 3765, 6950 3775, 6945 3780))"
deep,25,P3_1_C,25,11250.0,1,5577.574074074074,3741.677777777778,"POLYGON ((5645 3840, 5635 3840, 5630 3835, 5625 3830, 5620 3825, 5615 3820, 5605 3820, 5600 3815, 5595 3810, 5590 3805, 5585 3800, 5580 3795, 5580 3785, 5575 3780, 5570 3775, 5565 3770, 5560 3765, 5555 3760, 5550 3755, 5545 3750, 5540 3745, 5535 3740, 5525 3740, 5520 3735, 5515 3730, 5505 3730, 5495 3730, 5490 3725, 5495 3720, 5500 3715, 5505 3710, 5510 3705, 5515 3700, 5520 3695, 5525 3690, 5530 3685, 5530 3675, 5535 3670, 5545 3670, 5555 3670, 5560 3665, 5565 3660, 5570 3665, 5575 3670, 5580 3675, 5585 3680, 5590 3685, 5590 3695, 5595 3700, 5600 3705, 5605 3710, 5610 3715, 5615 3720, 5620 3725, 5620 3735, 5620 3745, 5620 3755, 5620 3765, 5625 3770, 5630 3775, 5630 3785, 5630 3795, 5635 3800, 5640 3805, 5640 3815, 5645 3820, 5650 3825, 5650 3835, 5645 3840))"
deep,25,P3_1_C,25,56650.0,1,6127.726537216829,3840.8318623124446,"POLYGON ((6115 3980, 6105 3980, 6095 3980, 6085 3980, 6075 3980, 6070 3975, 6065 3970, 6060 3965, 6055 3960, 6050 3955, 6045 3950, 6035 3950, 6025 3950, 6020 3955, 6015 3960, 6005 3960, 5995 3960, 5985 3960, 5975 3960, 5965 3960, 5955 3960, 5950 3955, 5945 3950, 5935 3950, 5930 3945, 5925 3940, 5915 3940, 5910 3935, 5905 3930, 5900 3925, 5895 3920, 5890 3915, 5895 3910, 5900 3905, 5905 3900, 5915 3900, 5920 3895, 5925 3890, 5930 3885, 5935 3880, 5945 3880, 5955 3880, 5960 3875, 5965 3870, 5970 3875, 5975 3880, 5985 3880, 5995 3880, 6000 3875, 6005 3870, 6010 3865, 6015 3860, 6020 3855, 6025 3850, 6035 3850, 6040 3845, 6045 3840, 6055 3840, 6060 3835, 6065 3830, 6075 3830, 6080 3825, 6085 3820, 6090 3815, 6095 3810, 6100 3805, 6105 3800, 6110 3795, 6110 3785, 6115 3780, 6120 3775, 6120 3765, 6125 3760, 6130 3755, 6130 3745, 6130 3735, 6130 3725, 6130 3715, 6135 3710, 6140 3705, 6135 3700, 6130 3695, 6130 3685, 6135 3680, 6140 3685, 6145 3690, 6150 3685, 6155 3680, 6165 3680, 6175 3680, 6180 3675, 6185 3670, 6190 3675, 6195 3680, 6205 3680, 6215 3680, 6220 3685, 6225 3690, 6230 3685, 6235 3680, 6245 3680, 6255 3680, 6260 3685, 6265 3690, 6275 3690, 6280 3695, 6285 3700, 6290 3705, 6285 3710, 6280 3715, 6280 3725, 6280 3735, 6280 3745, 6280 3755, 6280 3765, 6280 3775, 6275 3780, 6270 3785, 6270 3795, 6270 3805, 6265 3810, 6260 3815, 6260 3825, 6260 3835, 6255 3840, 6250 3845, 6245 3850, 6240 3855, 6240 3865, 6235 3870, 6230 3875, 6230 3885, 6225 3890, 6220 3895, 6215 3900, 6210 3905, 6205 3910, 6200 3905, 6200 3895, 6195 3890, 6190 3895, 6190 3905, 6190 3915, 6190 3925, 6185 3930, 6175 3930, 6170 3935, 6165 3940, 6155 3940, 6145 3940, 6140 3945, 6145 3950, 6150 3955, 6145 3960, 6135 3960, 6130 3965, 6125 3970, 6120 3975, 6115 3980))"
deep,0,P3_1_C,,450.0,1,6227.12962962963,3918.9814814814818,"POLYGON ((6235 3930, 6225 3930, 6220 3925, 6215 3920, 6210 3915, 6215 3910, 6225 3910, 6235 3910, 6240 3915, 6240 3925, 6235 3930))"
deep,0,,,6050.0,1,9318.353994490357,4208.312672176308,"POLYGON ((9285 4280, 9275 4280, 9270 4275, 9270 4265, 9270 4255, 9270 4245, 9270 4235, 9275 4230, 9280 4225, 9280 4215, 9285 4210, 9290 4205, 9295 4200, 9300 4195, 9305 4190, 9310 4185, 9315 4180, 9320 4175, 9325 4170, 9330 4165, 9335 4160, 9340 4155, 9345 4150, 9350 4145, 9355 4140, 9365 4140, 9370 4135, 9375 4130, 9385 4130, 9390 4135, 9385 4140, 9380 4145, 9375 4150, 9370 4155, 9365 4160, 9360 4165, 9360 4175, 9360 4185, 9355 4190, 9350 4195, 9345 4200, 9340 4205, 9340 4215, 9335 4220, 9330 4225, 9330 4235, 9325 4240, 9320 4245, 9315 4250, 9310 4255, 9305 4260, 9300 4265, 9295 4270, 9290 4275, 9285 4280))"
deep,28,,28,14950.0,1,8341.897993311037,4248.22463768116,"POLYGON ((8455 4300, 8445 4300, 8435 4300, 8425 4300, 8415 4300, 8405 4300, 8395 4300, 8385 4300, 8375 4300, 8365 4300, 8355 4300, 8345 4300, 8340 4295, 8335 4290, 8325 4290, 8315 4290, 8310 4285, 8305 4280, 8295 4280, 8290 4275, 8285 4270, 8275 4270, 8270 4265, 8265 4260, 8260 4255, 8260 4245, 8255 4240, 8250 4235, 8250 4225, 8250 4215, 8250 4205, 8250 4195, 8255 4190, 8260 4185, 8265 4180, 8275 4180, 8280 4185, 8285 4190, 8295 4190, 8305 4190, 8310 4195, 8315 4200, 8320 4205, 8325 4210, 8335 4210, 8340 4205, 8345 4200, 8350 4205, 8355 4210, 8365 4210, 8375 4210, 8380 4215, 8385 4220, 8395 4220, 8405 4220, 8410 4225, 8410 4235, 8415 4240, 8420 4245, 8420 4255, 8425 4260, 8430 4265, 8435 4270, 8440 4275, 8445 4280, 8450 4285, 8455 4290, 8460 4295, 8455 4300))"
deep,0,,26;27,16250.0,1,9018.13076923077,4274.382051282051,"POLYGON ((9055 4320, 9045 4320, 9035 4320, 9025 4320, 9015 4320, 9005 4320, 8995 4320, 8985 4320, 8975 4320, 8965 4320, 8960 4315, 8955 4310, 8945 4310, 8935 4310, 8925 4310, 8920 4305, 8915 4300, 8905 4300, 8900 4295, 8895 4290, 8885 4290, 8880 4285, 8875 4280, 8865 4280, 8860 4275, 8865 4270, 8870 4265, 8870 4255, 8875 4250, 8885 4250, 8895 4250, 8905 4250, 8910 4245, 8915 4240, 8925 4240, 8935 4240, 8940 4245, 8945 4250, 8955 4250, 8960 4255, 8965 4260, 8975 4260, 8985 4260, 8995 4260, 9005 4260, 9010 4265, 9015 4270, 9025 4270, 9030 4265, 9035 4260, 9045 4260, 9055 4260, 9065 4260, 9075 4260, 9080 4255, 9085 4250, 9095 4250, 9100 4245, 9105 4240, 9115 4240, 9120 4235, 9125 4230, 9130 4225, 9135 4220, 9140 4215, 9145 4210, 9150 4205, 9150 4195, 9155 4190, 9160 4185, 9165 4180, 9170 4185, 9170 4195, 9170 4205, 9170 4215, 9165 4220, 9160 4225, 9160 4235, 9155 4240, 9150 4245, 9150 4255, 9145 4260, 9140 4265, 9135 4270, 9130 4275, 9125 4280, 9120 4285, 9115 4290, 9110 4295, 9105 4300, 9095 4300, 9090 4305, 9085 4310, 9075 4310, 9065 4310, 9060 4315, 9055 4320))"
deep,29,P3_1_T,29,155950.0,1,2629.423693491504,8079.789729614192,"POLYGON ((2785 8460, 2775 8460, 2765 8460, 2755 8460, 2750 8455, 2745 8450, 2735 8450, 2725 8450, 2720 8445, 2715 8440, 2705 8440, 2695 8440, 2685 8440, 2680 8435, 2675 8430, 2665 8430, 2655 8430, 2650 8425, 2645 8420, 2635 8420, 2625 8420, 2620 8415, 2615 8410, 2605 8410, 2600 8405, 2595 8400, 2585 8400, 2580 8395, 2575 8390, 2565 8390, 2560 8385, 2555 8380, 2550 8375, 2545 8370, 2540 8365, 2535 8360, 2530 8355, 2525 8350, 2520 8345, 2515 8340, 2510 8335, 2505 8330, 2500 8325, 2495 8320, 2490 8315, 2485 8310, 2480 8305, 2475 8300, 2470 8295, 2465 8290, 2460 8285, 2460 8275, 2455 8270, 2450 8265, 2450 8255, 2445 8250, 2440 8245, 2440 8235, 2435 8230, 2430 8225, 2430 8215, 2430 8205, 2425 8200, 2420 8195, 2420 8185, 2420 8175, 2420 8165, 2415 8160, 2410 8155, 2410 8145, 2410 8135, 2410 8125, 2410 8115, 2410 8105, 2410 8095, 2410 8085, 2410 8075, 2415 8070, 2420 8065, 2420 8055, 2420 8045, 2420 8035, 2425 8030, 2430 8025, 2430 8015, 2430 8005, 2435 8000, 2440 7995, 2440 7985, 2445 7980, 2450 7975, 2450 7965, 2455 7960, 2460 7955, 2460 7945, 2465 7940, 2470 7935, 2475 7930, 2480 7925, 2485 7920, 2490 7915, 2495 7910, 2500 7905, 2505 7900, 2510 7895, 2515 7890, 2520 7885, 2525 7880, 2530 7875, 2535 7870, 2540 7865, 2545 7860, 2550 7855, 2555 7850, 2560 7845, 2565 7840, 2570 7835, 2575 7830, 2580 7825, 2585 7820, 2590 7815, 2595 7810, 2600 7805, 2605 7800, 2615 7800, 2620 7795, 2625 7790, 2635 7790, 2640 7785, 2645 7780, 2655 7780, 2660 7775, 2665 7770, 2675 7770, 2680 7765, 2685 7760, 2695 7760, 2705 7760, 2710 7755, 2715 7750, 2725 7750, 2735 7750, 2740 7745, 2745 7740, 2755 7740, 2760 7735, 2765 7730, 2775 7730, 2785 7730, 2790 7725, 2795 7720, 2805 7720, 2810 7725, 2815 7730, 2825 7730, 2835 7730, 2845 7730, 2855 7730, 2860 7735, 2865 7740, 2870 7745, 2875 7750, 2880 7755, 2885 7760, 2890 7765, 2895 7770, 2900 7775, 2900 7785, 2905 7790, 2910 7795, 2910 7805, 2915 7810, 2920 7815, 2920 7825, 2920 7835, 2920 7845, 2920 7855, 2920 7865, 2915 7870, 2905 7870, 2900 7865, 2895 7860, 2885 7860, 2875 7860, 2865 7860, 2855 7860, 2850 7865, 2845 7870, 2835 7870, 2825 7870, 2820 7875, 2815 7880, 2805 7880, 2800 7885, 2795 7890, 2785 7890, 2775 7890, 2770 7895, 2765 7900, 2755 7900, 2745 7900, 2740 7905, 2735 7910, 2725 7910, 2720 7915, 2715 7920, 2705 7920, 2700 7925, 2695 7930, 2685 7930, 2680 7935, 2675 7940, 2670 7945, 2665 7950, 2660 7955, 2655 7960, 2650 7965, 2645 7970, 2640 7975, 2635 7980, 2630 7985, 2625 7990, 2620 7995, 2615 8000, 2610 8005, 2605 8010, 2600 8015, 2595 8020, 2590 8025, 2590 8035, 2585 8040, 2580 8045, 2580 8055, 2575 8060, 2570 8065, 2570 8075, 2570 8085, 2565 8090, 2560 8095, 2560 8105, 2560 8115, 2560 8125, 2560 8135, 2565 8140, 2570 8145, 2570 8155, 2570 8165, 2575 8170, 2580 8175, 2580 8185, 2585 8190, 2590 8195, 2590 8205, 2595 8210, 2600 8215, 2605 8220, 2610 8225, 2615 8230, 2620 8235, 2625 8240, 2630 8245, 2635 8250, 2640 8255, 2645 8260, 2655 8260, 2660 8265, 2665 8270, 2675 8270, 2680 8275, 2685 8280, 2695 8280, 2705 8280, 2710 8285, 2715 8290, 2725 8290, 2735 8290, 2740 8295, 2745 8300, 2755 8300, 2765 8300, 2775 8300, 2780 8305, 2785 8310, 2795 8310, 2805 8310, 2810 8315, 2815 8320, 2825 8320, 2835 8320, 2840 8325, 2840 8335, 2835 8340, 2830 8345, 2825 8350, 2820 8355, 2820 8365, 2820 8375, 2815 8380, 2810 8385, 2810 8395, 2810 8405, 2810 8415, 2805 8420, 2800 8425, 2795 8430, 2790 8435, 2790 8445, 2790 8455, 2785 8460))"
deep,0,P3_1_T,,12850.0,1,2994.7600518806744,7821.569390402075,"POLYGON ((3005 7930, 3000 7925, 2995 7920, 2990 7915, 2985 7910, 2980 7905, 2975 7900, 2970 7895, 2965 7890, 2955 7890, 2950 7885, 2945 7880, 2940 7875, 2945 7870, 2955 7870, 2960 7865, 2960 7855, 2965 7850, 2970 7845, 2965 7840, 2960 7835, 2960 7825, 2960 7815, 2955 7810, 2950 7805, 2955 7800, 2960 7795, 2955 7790, 2950 7785, 2955 7780, 2960 7775, 2960 7765, 2955 7760, 2950 7755, 2950 7745, 2955 7740, 2960 7735, 2965 7730, 2975 7730, 2980 7735, 2985 7740, 2995 7740, 3005 7740, 3010 7745, 3015 7750, 3020 7755, 3025 7760, 3035 7760, 3040 7765, 3040 7775, 3040 7785, 3040 7795, 3040 7805, 3040 7815, 3040 7825, 3040 7835, 3040 7845, 3035 7850, 3030 7855, 3030 7865, 3030 7875, 3025 7880, 3020 7885, 3020 7895, 3015 7900, 3010 7905, 3010 7915, 3010 7925, 3005 7930))"
deep,0,P3_1_T,30;31,23150.0,1,878.6465082793377,7847.706983441324,"POLYGON ((855 7940, 845 7940, 835 7940, 830 7935, 835 7930, 840 7925, 840 7915, 835 7910, 830 7905, 825 7900, 815 7900, 810 7895, 805 7890, 800 7885, 795 7880, 790 7875, 785 7870, 780 7865, 780 7855, 780 7845, 780 7835, 780 7825, 785 7820, 790 7815, 795 7810, 800 7805, 805 7800, 810 7795, 815 7790, 825 7790, 835 7790, 840 7785, 845 7780, 855 7780, 865 7780, 875 7780, 885 7780, 895 7780, 905 7780, 910 7775, 915 7770, 925 7770, 930 7775, 935 7780, 945 7780, 955 7780, 965 7780, 975 7780, 985 7780, 990 7785, 985 7790, 980 7795, 980 7805, 980 7815, 975 7820, 970 7825, 965 7830, 960 7835, 960 7845, 955 7850, 945 7850, 940 7855, 940 7865, 940 7875, 945 7880, 950 7885, 945 7890, 940 7895, 940 7905, 940 7915, 935 7920, 925 7920, 915 7920, 910 7925, 905 7930, 895 7930, 885 7930, 875 7930, 865 7930, 860 7935, 855 7940))"
deep,0,P3_1_T,30;31;32,287650.0,1,1395.6545860130948,8318.319572397011,"POLYGON ((1355 9030, 1350 9025, 1345 9020, 1340 9015, 1335 9010, 1330 9005, 1325 9000, 1320 8995, 1315 8990, 1310 8985, 1305 8980, 1295 8980, 1285 8980, 1280 8975, 1275 8970, 1265 8970, 1255 8970, 1250 8975, 1245 8980, 1235 8980, 1225 8980, 1215 8980, 1210 8985, 1205 8990, 1195 8990, 1185 8990, 1180 8985, 1175 8980, 1165 8980, 1155 8980, 1150 8975, 1155 8970, 1165 8970, 1170 8965, 1175 8960, 1185 8960, 1195 8960, 1200 8955, 1205 8950, 1215 8950, 1220 8945, 1225 8940, 1235 8940, 1240 8935, 1245 8930, 1250 8925, 1255 8920, 1260 8915, 1265 8910, 1270 8905, 1275 8900, 1280 8895, 1285 8890, 1290 8885, 1290 8875, 1295 8870, 1300 8865, 1300 8855, 1305 8850, 1310 8845, 1310 8835, 1310 8825, 1315 8820, 1320 8815, 1320 8805, 1320 8795, 1320 8785, 1320 8775, 1320 8765, 1320 8755, 1320 8745, 1320 8735, 1320 8725, 1315 8720, 1310 8715, 1310 8705, 1310 8695, 1305 8690, 1300 8685, 1300 8675, 1295 8670, 1290 8665, 1290 8655, 1285 8650, 1280 8645, 1275 8640, 1270 8635, 1265 8630, 1260 8625, 1255 8620, 1250 8615, 1245 8610, 1240 8605, 1235 8600, 1225 8600, 1220 8595, 1215 8590, 1205 8590, 1200 8585, 1195 8580, 1185 8580, 1180 8575, 1175 8570, 1165 8570, 1155 8570, 1150 8565, 1145 8560, 1135 8560, 1125 8560, 1115 8560, 1105 8560, 1100 8565, 1095 8570, 1085 8570, 1075 8570, 1070 8575, 1065 8580, 1055 8580, 1050 8585, 1045 8590, 1035 8590, 1030 8595, 1025 8600, 1020 8605, 1015 8610, 1010 8615, 1005 8620, 1000 8625, 995 8630, 990 8635, 985 8640, 980 8635, 980 8625, 980 8615, 980 8605, 985 8600, 990 8595, 990 8585, 990 8575, 995 8570, 1000 8565, 1005 8560, 1015 8560, 1025 8560, 1035 8560, 1045 8560, 1055 8560, 1060 8555, 1065 8550, 1075 8550, 1085 8550, 1095 8550, 1105 8550, 1115 8550, 1125 8550, 1130 8545, 1135 8540, 1145 8540, 1155 8540, 1160 8535, 1165 8530, 1175 8530, 1180 8525, 1185 8520, 1195 8520, 1200 8515, 1205 8510, 1215 8510, 1220 8505, 1225 8500, 1230 8495, 1235 8490, 1245 8490, 1250 8485, 1255 8480, 1265 8480, 1275 8480, 1280 8475, 1285 8470, 1295 8470, 1305 8470, 1310 8465, 1315 8460, 1325 8460, 1335 8460, 1340 8455, 1345 8450, 1355 8450, 1365 8450, 1370 8445, 1375 8440, 1385 8440, 1390 8435, 1395 8430, 1405 8430, 1410 8425, 1415 8420, 1420 8415, 1425 8410, 1430 8405, 1435 8400, 1445 8400, 1450 8395, 1455 8390, 1460 8385, 1465 8380, 1470 8375, 1475 8370, 1480 8365, 1485 8360, 1490 8355, 1495 8350, 1500 8345, 1505 8340, 1510 8335, 1515 8330, 1520 8325, 1525 8320, 1530 8315, 1535 8310, 1540 8305, 1540 8295, 1545 8290, 1550 8285, 1550 8275, 1555 8270, 1560 8265, 1560 8255, 1560 8245, 1565 8240, 1570 8235, 1570 8225, 1570 8215, 1570 8205, 1570 8195, 1570 8185, 1570 8175, 1565 8170, 1560 8165, 1560 8155, 1560 8145, 1555 8140, 1550 8135, 1550 8125, 1545 8120, 1540 8115, 1540 8105, 1535 8100, 1530 8095, 1525 8090, 1520 8085, 1515 8080, 1510 8075, 1505 8070, 1500 8065, 1495 8060, 1490 8055, 1485 8050, 1480 8045, 1475 8040, 1465 8040, 1460 8035, 1455 8030, 1445 8030, 1440 8025, 1435 8020, 1425 8020, 1415 8020, 1410 8015, 1405 8010, 1395 8010, 1385 8010, 1380 8005, 1375 8000, 1365 8000, 1355 8000, 1350 7995, 1345 7990, 1335 7990, 1325 7990, 1315 7990, 1305 7990, 1295 7990, 1285 7990, 1275 7990, 1265 7990, 1260 7985, 1255 7980, 1245 7980, 1240 7975, 1235 7970, 1225 7970, 1215 7970, 1210 7965, 1205 7960, 1195 7960, 1185 7960, 1180 7955, 1175 7950, 1165 7950, 1155 7950, 1145 7950, 1135 7950, 1125 7950, 1115 7950, 1105 7950, 1095 7950, 1085 7950, 1080 7955, 1075 7960, 1065 7960, 1055 7960, 1045 7960, 1040 7955, 1035 7950, 1025 7950, 1020 7945, 1015 7940, 1005 7940, 995 7940, 990 7935, 985 7930, 975 7930, 965 7930, 960 7925, 960 7915, 965 7910, 970 7905, 970 7895, 970 7885, 975 7880, 980 7875, 980 7865, 985 7860, 990 7855, 990 7845, 990 7835, 995 7830, 1000 7825, 1000 7815, 1000 7805, 1005 7800, 1010 7795, 1015 7790, 1025 7790, 1035 7790, 1045 7790, 1050 7795, 1055 7800, 1065 7800, 1075 7800, 1085 7800, 1095 7800, 1105 7800, 1115 7800, 1125 7800, 1135 7800, 1145 7800, 1155 7800, 1165 7800, 1175 7800, 1185 7800, 1195 7800, 1200 7805, 1205 7810, 1215 7810, 1225 7810, 1235 7810, 1240 7815, 1245 7820, 1255 7820, 1265 7820, 1270 7825, 1275 7830, 1285 7830, 1295 7830, 1300 7835, 1305 7840, 1315 7840, 1325 7840, 1335 7840, 1345 7840, 1355 7840, 1365 7840, 1370 7845, 1375 7850, 1385 7850, 1395 7850, 1405 7850, 1410 7855, 1415 7860, 1425 7860, 1435 7860, 1440 7865, 1445 7870, 1455 7870, 1465 7870, 1470 7875, 1475 7880, 1485 7880, 1495 7880, 1500 7885, 1505 7890, 1515 7890, 1520 7895, 1525 7900, 1535 7900, 1540 7905, 1545 7910, 1555 7910, 1560 7915, 1565 7920, 1570 7925, 1575 7930, 1580 7935, 1585 7940, 1590 7945, 1595 7950, 1600 7955, 1605 7960, 1610 7965, 1615 7970, 1620 7975, 1625 7980, 1630 7985, 1635 7990, 1640 7995, 1645 8000, 1650 8005, 1655 8010, 1660 8015, 1665 8020, 1670 8025, 1670 8035, 1675 8040, 1680 8045, 1680 8055, 1685 8060, 1690 8065, 1690 8075, 1695 8080, 1700 8085, 1700 8095, 1700 8105, 1705 8110, 1710 8115, 1710 8125, 1710 8135, 1710 8145, 1715 8150, 1720 8155, 1720 8165, 1720 8175, 1720 8185, 1720 8195, 1720 8205, 1720 8215, 1720 8225, 1720 8235, 1720 8245, 1720 8255, 1715 8260, 1710 8265, 1710 8275, 1710 8285, 1710 8295, 1705 8300, 1700 8305, 1700 8315, 1700 8325, 1695 8330, 1690 8335, 1690 8345, 1685 8350, 1680 8355, 1680 8365, 1675 8370, 1670 8375, 1670 8385, 1665 8390, 1660 8395, 1655 8400, 1650 8405, 1645 8410, 1640 8415, 1635 8420, 1630 8425, 1625 8430, 1620 8435, 1615 8440, 1610 8445, 1605 8450, 1600 8455, 1595 8460, 1590 8465, 1585 8470, 1580 8475, 1575 8480, 1570 8485, 1565 8490, 1560 8495, 1555 8500, 1550 8505, 1545 8510, 1540 8515, 1535 8520, 1530 8525, 1525 8530, 1515 8530, 1510 8535, 1505 8540, 1500 8545, 1495 8550, 1490 8555, 1485 8560, 1475 8560, 1470 8565, 1465 8570, 1455 8570, 1450 8575, 1445 8580, 1435 8580, 1430 8585, 1430 8595, 1430 8605, 1435 8610, 1440 8615, 1440 8625, 1445 8630, 1450 8635, 1450 8645, 1450 8655, 1455 8660, 1460 8665, 1460 8675, 1460 8685, 1460 8695, 1465 8700, 1470 8705, 1470 8715, 1470 8725, 1470 8735, 1470 8745, 1470 8755, 1470 8765, 1470 8775, 1470 8785, 1470 8795, 1470 8805, 1470 8815, 1470 8825, 1470 8835, 1465 8840, 1460 8845, 1460 8855, 1460 8865, 1460 8875, 1455 8880, 1450 8885, 1450 8895, 1450 8905, 1445 8910, 1440 8915, 1440 8925, 1435 8930, 1430 8935, 1430 8945, 1425 8950, 1420 8955, 1420 8965, 1415 8970, 1410 8975, 1405 8980, 1400 8985, 1395 8990, 1390 8995, 1385 9000, 1380 9005, 1375 9010, 1370 9015, 1365 9020, 1360 9025, 1355 9030))"
deep,29,,29,14250.0,1,2884.8888888888887,8382.923976608188,"POLYGON ((2845 8470, 2835 8470, 2830 8465, 2825 8460, 2815 8460, 2810 8455, 2810 8445, 2815 8440, 2820 8435, 2825 8430, 2830 8425, 2830 8415, 2835 8410, 2840 8405, 2835 8400, 2830 8395, 2835 8390, 2840 8385, 2840 8375, 2840 8365, 2845 8360, 2850 8355, 2855 8350, 2860 8345, 2865 8340, 2870 8335, 2865 8330, 2860 8325, 2860 8315, 2865 8310, 2875 8310, 2885 8310, 2895 8310, 2900 8305, 2905 8300, 2915 8300, 2920 8295, 2925 8290, 2935 8290, 2940 8285, 2945 8280, 2950 8285, 2950 8295, 2950 8305, 2950 8315, 2945 8320, 2940 8325, 2940 8335, 2940 8345, 2940 8355, 2935 8360, 2930 8365, 2930 8375, 2930 8385, 2925 8390, 2920 8395, 2920 8405, 2920 8415, 2920 8425, 2915 8430, 2910 8435, 2910 8445, 2910 8455, 2905 8460, 2895 8460, 2885 8460, 2875 8460, 2865 8460, 2855 8460, 2850 8465, 2845 8470))"
deep,0,,31;32,14350.0,1,913.8646922183508,8642.970383275262,"POLYGON ((935 8810, 930 8805, 930 8795, 925 8790, 920 8785, 920 8775, 920 8765, 915 8760, 910 8755, 910 8745, 910 8735, 905 8730, 900 8725, 900 8715, 895 8710, 890 8705, 890 8695, 885 8690, 880 8685, 880 8675, 880 8665, 880 8655, 875 8650, 870 8645, 870 8635, 870 8625, 870 8615, 870 8605, 870 8595, 870 8585, 870 8575, 870 8565, 870 8555, 875 8550, 880 8545, 885 8540, 895 8540, 900 8545, 905 8550, 915 8550, 920 8545, 925 8540, 935 8540, 945 8540, 950 8545, 955 8550, 965 8550, 970 8555, 965 8560, 960 8565, 955 8570, 945 8570, 935 8570, 930 8575, 935 8580, 940 8585, 940 8595, 940 8605, 935 8610, 930 8615, 935 8620, 940 8625, 945 8630, 950 8635, 950 8645, 950 8655, 955 8660, 960 8665, 960 8675, 955 8680, 950 8685, 950 8695, 945 8700, 940 8705, 940 8715, 940 8725, 940 8735, 940 8745, 935 8750, 930 8755, 930 8765, 935 8770, 940 8775, 940 8785, 940 8795, 940 8805, 935 8810))"
deep,32,P3_1_T,32,30050.0,1,1131.1938435940099,9014.782307265668,"POLYGON ((1195 9100, 1185 9100, 1175 9100, 1165 9100, 1155 9100, 1145 9100, 1140 9095, 1135 9090, 1125 9090, 1120 9085, 1115 9080, 1105 9080, 1100 9075, 1095 9070, 1090 9065, 1085 9060, 1080 9055, 1075 9050, 1070 9045, 1065 9040, 1060 9035, 1055 9030, 1045 9030, 1040 9025, 1035 9020, 1030 9015, 1025 9010, 1020 9005, 1015 9000, 1010 8995, 1005 8990, 1000 8985, 995 8980, 990 8975, 985 8970, 980 8965, 980 8955, 975 8950, 970 8945, 970 8935, 970 8925, 965 8920, 960 8915, 960 8905, 965 8900, 970 8895, 970 8885, 970 8875, 975 8870, 980 8875, 985 8880, 990 8885, 995 8890, 1000 8895, 1005 8900, 1010 8905, 1015 8910, 1025 8910, 1030 8915, 1035 8920, 1040 8925, 1045 8930, 1050 8935, 1055 8940, 1065 8940, 1070 8945, 1075 8950, 1085 8950, 1090 8955, 1095 8960, 1100 8965, 1105 8970, 1110 8975, 1115 8980, 1120 8985, 1120 8995, 1125 9000, 1135 9000, 1145 9000, 1150 9005, 1155 9010, 1160 9015, 1165 9020, 1170 9025, 1170 9035, 1175 9040, 1180 9035, 1185 9030, 1190 9025, 1195 9020, 1200 9015, 1205 9010, 1215 9010, 1220 9005, 1225 9000, 1235 9000, 1245 9000, 1250 9005, 1255 9010, 1260 9015, 1265 9020, 1275 9020, 1285 9020, 1290 9015, 1295 9010, 1300 9015, 1305 9020, 1310 9025, 1315 9030, 1320 9035, 1325 9040, 1330 9045, 1330 9055, 1325 9060, 1315 9060, 1310 9065, 1305 9070, 1295 9070, 1290 9075, 1285 9080, 1280 9085, 1275 9090, 1265 9090, 1255 9090, 1245 9090, 1235 9090, 1225 9090, 1215 9090, 1205 9090, 1200 9095, 1195 9100))"
