{"type": "FeatureCollection", "features": [{"type": "Feature", "geometry": {"type": "Polygon", "coordinates": [[[5845.0, 3200.0], [5835.0, 3200.0], [5830.0, 3195.0], [5825.0, 3190.0], [5820.0, 3185.0], [5815.0, 3180.0], [5805.0, 3180.0], [5800.0, 3175.0], [5805.0, 3170.0], [5810.0, 3165.0], [5810.0, 3155.0], [5810.0, 3145.0], [5810.0, 3135.0], [5810.0, 3125.0], [5810.0, 3115.0], [5810.0, 3105.0], [5805.0, 3100.0], [5800.0, 3095.0], [5800.0, 3085.0], [5800.0, 3075.0], [5800.0, 3065.0], [5805.0, 3060.0], [5810.0, 3055.0], [5810.0, 3045.0], [5810.0, 3035.0], [5810.0, 3025.0], [5810.0, 3015.0], [5810.0, 3005.0], [5810.0, 2995.0], [5810.0, 2985.0], [5810.0, 2975.0], [5810.0, 2965.0], [5805.0, 2960.0], [5800.0, 2955.0], [5800.0, 2945.0], [5800.0, 2935.0], [5795.0, 2930.0], [5790.0, 2925.0], [5790.0, 2915.0], [5785.0, 2910.0], [5780.0, 2905.0], [5775.0, 2900.0], [5770.0, 2895.0], [5770.0, 2885.0], [5765.0, 2880.0], [5760.0, 2875.0], [5755.0, 2870.0], [5750.0, 2865.0], [5750.0, 2855.0], [5750.0, 2845.0], [5750.0, 2835.0], [5745.0, 2830.0], [5740.0, 2825.0], [5740.0, 2815.0], [5745.0, 2810.0], [5750.0, 2805.0], [5750.0, 2795.0], [5750.0, 2785.0], [5750.0, 2775.0], [5750.0, 2765.0], [5750.0, 2755.0], [5750.0, 2745.0], [5750.0, 2735.0], [5750.0, 2725.0], [5750.0, 2715.0], [5755.0, 2710.0], [5760.0, 2705.0], [5765.0, 2700.0], [5770.0, 2695.0], [5770.0, 2685.0], [5775.0, 2680.0], [5780.0, 2675.0], [5780.0, 2665.0], [5780.0, 2655.0], [5780.0, 2645.0], [5785.0, 2640.0], [5790.0, 2635.0], [5790.0, 2625.0], [5790.0, 2615.0], [5790.0, 2605.0], [5795.0, 2600.0], [5800.0, 2595.0], [5805.0, 2590.0], [5810.0, 2585.0], [5810.0, 2575.0], [5815.0, 2570.0], [5820.0, 2565.0], [5820.0, 2555.0], [5825.0, 2550.0], [5830.0, 2545.0], [5830.0, 2535.0], [5830.0, 2525.0], [5830.0, 2515.0], [5835.0, 2510.0], [5845.0, 2510.0], [5850.0, 2505.0], [5850.0, 2495.0], [5850.0, 2485.0], [5850.0, 2475.0], [5850.0, 2465.0], [5850.0, 2455.0], [5850.0, 2445.0], [5850.0, 2435.0], [5855.0, 2430.0], [5860.0, 2425.0], [5860.0, 2415.0], [5865.0, 2410.0], [5870.0, 2405.0], [5875.0, 2400.0], [5880.0, 2395.0], [5880.0, 2385.0], [5885.0, 2380.0], [5890.0, 2375.0], [5895.0, 2370.0], [5905.0, 2370.0], [5910.0, 2365.0], [5910.0, 2355.0], [5915.0, 2350.0], [5925.0, 2350.0], [5930.0, 2345.0], [5935.0, 2340.0], [5945.0, 2340.0], [5950.0, 2335.0], [5955.0, 2330.0], [5960.0, 2325.0], [5965.0, 2320.0], [5970.0, 2315.0], [5970.0, 2305.0], [5970.0, 2295.0], [5965.0, 2290.0], [5960.0, 2285.0], [5965.0, 2280.0], [5970.0, 2275.0], [5970.0, 2265.0], [5975.0, 2260.0], [5980.0, 2255.0], [5980.0, 2245.0], [5985.0, 2240.0], [5990.0, 2235.0], [5995.0, 2230.0], [6000.0, 2225.0], [6005.0, 2220.0], [6010.0, 2215.0], [6010.0, 2205.0], [6015.0, 2200.0], [6020.0, 2195.0], [6025.0, 2190.0], [6030.0, 2185.0], [6035.0, 2180.0], [6045.0, 2180.0], [6050.0, 2175.0], [6055.0, 2170.0], [6065.0, 2170.0], [6075.0, 2170.0], [6080.0, 2175.0], [6085.0, 2180.0], [6095.0, 2180.0], [6105.0, 2180.0], [6115.0, 2180.0], [6120.0, 2185.0], [6125.0, 2190.0], [6130.0, 2195.0], [6135.0, 2200.0], [6140.0, 2205.0], [6135.0, 2210.0], [6130.0, 2215.0], [6135.0, 2220.0], [6140.0, 2225.0], [6140.0, 2235.0], [6135.0, 2240.0], [6130.0, 2245.0], [6130.0, 2255.0], [6130.0, 2265.0], [6135.0, 2270.0], [6140.0, 2275.0], [6135.0, 2280.0], [6130.0, 2285.0], [6135.0, 2290.0], [6140.0, 2295.0], [6140.0, 2305.0], [6135.0, 2310.0], [6130.0, 2315.0], [6135.0, 2320.0], [6140.0, 2325.0], [6135.0, 2330.0], [6130.0, 2335.0], [6125.0, 2340.0], [6120.0, 2345.0], [6115.0, 2350.0], [6110.0, 2355.0], [6105.0, 2360.0], [6100.0, 2365.0], [6095.0, 2370.0], [6090.0, 2375.0], [6090.0, 2385.0], [6085.0, 2390.0], [6080.0, 2395.0], [6075.0, 2400.0], [6070.0, 2405.0], [6070.0, 2415.0], [6065.0, 2420.0], [6060.0, 2425.0], [6060.0, 2435.0], [6060.0, 2445.0], [6060.0, 2455.0], [6055.0, 2460.0], [6050.0, 2465.0], [6050.0, 2475.0], [6045.0, 2480.0], [6040.0, 2485.0], [6035.0, 2490.0], [6030.0, 2495.0], [6025.0, 2500.0], [6020.0, 2505.0], [6015.0, 2510.0], [6010.0, 2515.0], [6005.0, 2520.0], [6000.0, 2525.0], [6000.0, 2535.0], [5995.0, 2540.0], [5990.0, 2545.0], [5990.0, 2555.0], [5990.0, 2565.0], [5990.0, 2575.0], [5995.0, 2580.0], [6000.0, 2585.0], [6005.0, 2590.0], [6010.0, 2595.0], [6015.0, 2600.0], [6020.0, 2605.0], [6025.0, 2610.0], [6030.0, 2615.0], [6035.0, 2620.0], [6040.0, 2625.0], [6045.0, 2630.0], [6050.0, 2635.0], [6055.0, 2640.0], [6060.0, 2645.0], [6065.0, 2650.0], [6070.0, 2655.0], [6075.0, 2660.0], [6080.0, 2665.0], [6080.0, 2675.0], [6085.0, 2680.0], [6090.0, 2685.0], [6095.0, 2690.0], [6100.0, 2695.0], [6100.0, 2705.0], [6105.0, 2710.0], [6110.0, 2715.0], [6115.0, 2720.0], [6120.0, 2725.0], [6120.0, 2735.0], [6120.0, 2745.0], [6120.0, 2755.0], [6120.0, 2765.0], [6115.0, 2770.0], [6110.0, 2775.0], [6110.0, 2785.0], [6105.0, 2790.0], [6100.0, 2795.0], [6100.0, 2805.0], [6100.0, 2815.0], [6100.0, 2825.0], [6095.0, 2830.0], [6090.0, 2835.0], [6090.0, 2845.0], [6090.0, 2855.0], [6090.0, 2865.0], [6085.0, 2870.0], [6080.0, 2875.0], [6075.0, 2880.0], [6070.0, 2885.0], [6070.0, 2895.0], [6075.0, 2900.0], [6080.0, 2905.0], [6085.0, 2910.0], [6090.0, 2915.0], [6095.0, 2920.0], [6100.0, 2925.0], [6105.0, 2930.0], [6110.0, 2935.0], [6110.0, 2945.0], [6105.0, 2950.0], [6100.0, 2955.0], [6095.0, 2960.0], [6090.0, 2965.0], [6085.0, 2970.0], [6075.0, 2970.0], [6065.0, 2970.0], [6060.0, 2965.0], [6055.0, 2960.0], [6050.0, 2965.0], [6045.0, 2970.0], [6035.0, 2970.0], [6030.0, 2975.0], [6025.0, 2980.0], [6020.0, 2985.0], [6015.0, 2990.0], [6010.0, 2995.0], [6010.0, 3005.0], [6005.0, 3010.0], [6000.0, 3015.0], [5995.0, 3020.0], [5990.0, 3025.0], [5985.0, 3030.0], [5980.0, 3035.0], [5980.0, 3045.0], [5975.0, 3050.0], [5970.0, 3055.0], [5970.0, 3065.0], [5970.0, 3075.0], [5965.0, 3080.0], [5960.0, 3085.0], [5960.0, 3095.0], [5955.0, 3100.0], [5950.0, 3105.0], [5950.0, 3115.0], [5945.0, 3120.0], [5940.0, 3125.0], [5935.0, 3130.0], [5930.0, 3135.0], [5925.0, 3140.0], [5920.0, 3145.0], [5915.0, 3150.0], [5905.0, 3150.0], [5900.0, 3155.0], [5895.0, 3160.0], [5890.0, 3165.0], [5885.0, 3170.0], [5880.0, 3175.0], [5875.0, 3180.0], [5865.0, 3180.0], [5860.0, 3185.0], [5855.0, 3190.0], [5850.0, 3195.0], [5845.0, 3200.0]]]}, "properties": {"objectType": "annotation", "name": "P2_3_T|lesion_1", "classification": {"name": "lesion", "color": [255, 0, 0]}, "lesion_id": 1, "section": "P2_3_T", "area_um2": 225750.0}}, {"type": "Feature", "geometry": {"type": "Polygon", "coordinates": [[[5855.0, 3150.0], [5845.0, 3150.0], [5835.0, 3150.0], [5825.0, 3150.0], [5820.0, 3145.0], [5815.0, 3140.0], [5810.0, 3135.0], [5810.0, 3125.0], [5810.0, 3115.0], [5810.0, 3105.0], [5805.0, 3100.0], [5800.0, 3095.0], [5800.0, 3085.0], [5800.0, 3075.0], [5800.0, 3065.0], [5805.0, 3060.0], [5810.0, 3055.0], [5810.0, 3045.0], [5810.0, 3035.0], [5810.0, 3025.0], [5810.0, 3015.0], [5810.0, 3005.0], [5810.0, 2995.0], [5810.0, 2985.0], [5810.0, 2975.0], [5810.0, 2965.0], [5805.0, 2960.0], [5800.0, 2955.0], [5800.0, 2945.0], [5800.0, 2935.0], [5795.0, 2930.0], [5790.0, 2925.0], [5790.0, 2915.0], [5785.0, 2910.0], [5780.0, 2905.0], [5775.0, 2900.0], [5770.0, 2895.0], [5770.0, 2885.0], [5765.0, 2880.0], [5760.0, 2875.0], [5755.0, 2870.0], [5750.0, 2865.0], [5750.0, 2855.0], [5750.0, 2845.0], [5750.0, 2835.0], [5750.0, 2825.0], [5750.0, 2815.0], [5750.0, 2805.0], [5755.0, 2800.0], [5760.0, 2795.0], [5760.0, 2785.0], [5760.0, 2775.0], [5760.0, 2765.0], [5760.0, 2755.0], [5760.0, 2745.0], [5760.0, 2735.0], [5760.0, 2725.0], [5760.0, 2715.0], [5760.0, 2705.0], [5765.0, 2700.0], [5770.0, 2695.0], [5770.0, 2685.0], [5775.0, 2680.0], [5780.0, 2675.0], [5780.0, 2665.0], [5780.0, 2655.0], [5780.0, 2645.0], [5785.0, 2640.0], [5790.0, 2635.0], [5790.0, 2625.0], [5790.0, 2615.0], [5790.0, 2605.0], [5795.0, 2600.0], [5800.0, 2595.0], [5805.0, 2590.0], [5810.0, 2585.0], [5810.0, 2575.0], [5815.0, 2570.0], [5820.0, 2565.0], [5820.0, 2555.0], [5825.0, 2550.0], [5830.0, 2545.0], [5830.0, 2535.0], [5830.0, 2525.0], [5830.0, 2515.0], [5835.0, 2510.0], [5845.0, 2510.0], [5850.0, 2505.0], [5850.0, 2495.0], [5850.0, 2485.0], [5850.0, 2475.0], [5850.0, 2465.0], [5850.0, 2455.0], [5850.0, 2445.0], [5850.0, 2435.0], [5855.0, 2430.0], [5860.0, 2425.0], [5860.0, 2415.0], [5865.0, 2410.0], [5870.0, 2405.0], [5875.0, 2400.0], [5880.0, 2395.0], [5880.0, 2385.0], [5885.0, 2380.0], [5890.0, 2375.0], [5895.0, 2370.0], [5905.0, 2370.0], [5910.0, 2365.0], [5910.0, 2355.0], [5915.0, 2350.0], [5925.0, 2350.0], [5930.0, 2345.0], [5935.0, 2340.0], [5945.0, 2340.0], [5950.0, 2335.0], [5955.0, 2330.0], [5960.0, 2325.0], [5965.0, 2320.0], [5970.0, 2315.0], [5970.0, 2305.0], [5970.0, 2295.0], [5965.0, 2290.0], [5960.0, 2285.0], [5965.0, 2280.0], [5970.0, 2275.0], [5970.0, 2265.0], [5975.0, 2260.0], [5985.0, 2260.0], [5990.0, 2255.0], [5995.0, 2250.0], [6000.0, 2245.0], [6005.0, 2240.0], [6015.0, 2240.0], [6020.0, 2235.0], [6025.0, 2230.0], [6035.0, 2230.0], [6040.0, 2225.0], [6045.0, 2220.0], [6050.0, 2215.0], [6055.0, 2210.0], [6065.0, 2210.0], [6075.0, 2210.0], [6085.0, 2210.0], [6095.0, 2210.0], [6100.0, 2215.0], [6100.0, 2225.0], [6100.0, 2235.0], [6100.0, 2245.0], [6100.0, 2255.0], [6100.0, 2265.0], [6100.0, 2275.0], [6100.0, 2285.0], [6100.0, 2295.0], [6100.0, 2305.0], [6100.0, 2315.0], [6095.0, 2320.0], [6090.0, 2325.0], [6085.0, 2330.0], [6080.0, 2335.0], [6075.0, 2340.0], [6070.0, 2345.0], [6065.0, 2350.0], [6060.0, 2355.0], [6060.0, 2365.0], [6055.0, 2370.0], [6050.0, 2375.0], [6045.0, 2380.0], [6040.0, 2385.0], [6040.0, 2395.0], [6035.0, 2400.0], [6030.0, 2405.0], [6030.0, 2415.0], [6030.0, 2425.0], [6030.0, 2435.0], [6025.0, 2440.0], [6020.0, 2445.0], [6020.0, 2455.0], [6015.0, 2460.0], [6010.0, 2465.0], [6005.0, 2470.0], [6000.0, 2475.0], [5995.0, 2480.0], [5990.0, 2485.0], [5985.0, 2490.0], [5980.0, 2495.0], [5975.0, 2500.0], [5970.0, 2505.0], [5970.0, 2515.0], [5965.0, 2520.0], [5960.0, 2525.0], [5960.0, 2535.0], [5960.0, 2545.0], [5960.0, 2555.0], [5960.0, 2565.0], [5960.0, 2575.0], [5960.0, 2585.0], [5960.0, 2595.0], [5965.0, 2600.0], [5970.0, 2605.0], [5975.0, 2610.0], [5980.0, 2615.0], [5985.0, 2620.0], [5990.0, 2625.0], [5995.0, 2630.0], [6000.0, 2635.0], [6005.0, 2640.0], [6010.0, 2645.0], [6015.0, 2650.0], [6020.0, 2655.0], [6025.0, 2660.0], [6030.0, 2665.0], [6035.0, 2670.0], [6040.0, 2675.0], [6045.0, 2680.0], [6050.0, 2685.0], [6050.0, 2695.0], [6055.0, 2700.0], [6060.0, 2705.0], [6065.0, 2710.0], [6070.0, 2715.0], [6070.0, 2725.0], [6075.0, 2730.0], [6080.0, 2735.0], [6085.0, 2740.0], [6090.0, 2745.0], [6085.0, 2750.0], [6080.0, 2755.0], [6080.0, 2765.0], [6075.0, 2770.0], [6070.0, 2775.0], [6070.0, 2785.0], [6070.0, 2795.0], [6070.0, 2805.0], [6065.0, 2810.0], [6060.0, 2815.0], [6060.0, 2825.0], [6060.0, 2835.0], [6060.0, 2845.0], [6055.0, 2850.0], [6050.0, 2855.0], [6045.0, 2860.0], [6040.0, 2865.0], [6040.0, 2875.0], [6040.0, 2885.0], [6040.0, 2895.0], [6040.0, 2905.0], [6040.0, 2915.0], [6045.0, 2920.0], [6050.0, 2925.0], [6045.0, 2930.0], [6035.0, 2930.0], [6030.0, 2935.0], [6025.0, 2940.0], [6015.0, 2940.0], [6010.0, 2945.0], [6005.0, 2950.0], [6000.0, 2955.0], [5995.0, 2960.0], [5990.0, 2965.0], [5985.0, 2970.0], [5980.0, 2975.0], [5980.0, 2985.0], [5975.0, 2990.0], [5970.0, 2995.0], [5965.0, 3000.0], [5960.0, 3005.0], [5955.0, 3010.0], [5950.0, 3015.0], [5950.0, 3025.0], [5945.0, 3030.0], [5940.0, 3035.0], [5940.0, 3045.0], [5940.0, 3055.0], [5935.0, 3060.0], [5930.0, 3065.0], [5930.0, 3075.0], [5925.0, 3080.0], [5920.0, 3085.0], [5920.0, 3095.0], [5915.0, 3100.0], [5910.0, 3105.0], [5905.0, 3110.0], [5900.0, 3115.0], [5895.0, 3120.0], [5885.0, 3120.0], [5880.0, 3125.0], [5875.0, 3130.0], [5870.0, 3135.0], [5865.0, 3140.0], [5860.0, 3145.0], [5855.0, 3150.0]]]}, "properties": {"objectType": "annotation", "name": "P2_3_T|core_1", "classification": {"name": "core", "color": [230, 103, 103]}, "lesion_id": 1, "section": "P2_3_T", "area_um2": 175550.0}}, {"type": "Feature", "geometry": {"type": "MultiPolygon", "coordinates": [[[[5850.0, 3195.0], [5855.0, 3190.0], [5860.0, 3185.0], [5865.0, 3180.0], [5875.0, 3180.0], [5880.0, 3175.0], [5885.0, 3170.0], [5890.0, 3165.0], [5895.0, 3160.0], [5900.0, 3155.0], [5905.0, 3150.0], [5915.0, 3150.0], [5920.0, 3145.0], [5925.0, 3140.0], [5930.0, 3135.0], [5935.0, 3130.0], [5940.0, 3125.0], [5945.0, 3120.0], [5950.0, 3115.0], [5950.0, 3105.0], [5955.0, 3100.0], [5960.0, 3095.0], [5960.0, 3085.0], [5965.0, 3080.0], [5970.0, 3075.0], [5970.0, 3065.0], [5970.0, 3055.0], [5975.0, 3050.0], [5980.0, 3045.0], [5980.0, 3035.0], [5985.0, 3030.0], [5990.0, 3025.0], [5995.0, 3020.0], [6000.0, 3015.0], [6005.0, 3010.0], [6010.0, 3005.0], [6010.0, 2995.0], [6015.0, 2990.0], [6020.0, 2985.0], [6025.0, 2980.0], [6030.0, 2975.0], [6035.0, 2970.0], [6045.0, 2970.0], [6050.0, 2965.0], [6055.0, 2960.0], [6060.0, 2965.0], [6065.0, 2970.0], [6075.0, 2970.0], [6085.0, 2970.0], [6090.0, 2965.0], [6095.0, 2960.0], [6100.0, 2955.0], [6105.0, 2950.0], [6110.0, 2945.0], [6110.0, 2935.0], [6105.0, 2930.0], [6100.0, 2925.0], [6095.0, 2920.0], [6090.0, 2915.0], [6085.0, 2910.0], [6080.0, 2905.0], [6075.0, 2900.0], [6070.0, 2895.0], [6070.0, 2885.0], [6075.0, 2880.0], [6080.0, 2875.0], [6085.0, 2870.0], [6090.0, 2865.0], [6090.0, 2855.0], [6090.0, 2845.0], [6090.0, 2835.0], [6095.0, 2830.0], [6100.0, 2825.0], [6100.0, 2815.0], [6100.0, 2805.0], [6100.0, 2795.0], [6105.0, 2790.0], [6110.0, 2785.0], [6110.0, 2775.0], [6115.0, 2770.0], [6120.0, 2765.0], [6120.0, 2755.0], [6120.0, 2745.0], [6120.0, 2735.0], [6120.0, 2725.0], [6115.0, 2720.0], [6110.0, 2715.0], [6105.0, 2710.0], [6100.0, 2705.0], [6100.0, 2695.0], [6095.0, 2690.0], [6090.0, 2685.0], [6085.0, 2680.0], [6080.0, 2675.0], [6080.0, 2665.0], [6075.0, 2660.0], [6070.0, 2655.0], [6065.0, 2650.0], [6060.0, 2645.0], [6055.0, 2640.0], [6050.0, 2635.0], [6045.0, 2630.0], [6040.0, 2625.0], [6035.0, 2620.0], [6030.0, 2615.0], [6025.0, 2610.0], [6020.0, 2605.0], [6015.0, 2600.0], [6010.0, 2595.0], [6005.0, 2590.0], [6000.0, 2585.0], [5995.0, 2580.0], [5990.0, 2575.0], [5990.0, 2565.0], [5990.0, 2555.0], [5990.0, 2545.0], [5995.0, 2540.0], [6000.0, 2535.0], [6000.0, 2525.0], [6005.0, 2520.0], [6010.0, 2515.0], [6015.0, 2510.0], [6020.0, 2505.0], [6025.0, 2500.0], [6030.0, 2495.0], [6035.0, 2490.0], [6040.0, 2485.0], [6045.0, 2480.0], [6050.0, 2475.0], [6050.0, 2465.0], [6055.0, 2460.0], [6060.0, 2455.0], [6060.0, 2445.0], [6060.0, 2435.0], [6060.0, 2425.0], [6065.0, 2420.0], [6070.0, 2415.0], [6070.0, 2405.0], [6075.0, 2400.0], [6080.0, 2395.0], [6085.0, 2390.0], [6090.0, 2385.0], [6090.0, 2375.0], [6095.0, 2370.0], [6100.0, 2365.0], [6105.0, 2360.0], [6110.0, 2355.0], [6115.0, 2350.0], [6120.0, 2345.0], [6125.0, 2340.0], [6130.0, 2335.0], [6135.0, 2330.0], [6140.0, 2325.0], [6135.0, 2320.0], [6130.0, 2315.0], [6135.0, 2310.0], [6140.0, 2305.0], [6140.0, 2295.0], [6135.0, 2290.0], [6130.0, 2285.0], [6135.0, 2280.0], [6140.0, 2275.0], [6135.0, 2270.0], [6130.0, 2265.0], [6130.0, 2255.0], [6130.0, 2245.0], [6135.0, 2240.0], [6140.0, 2235.0], [6140.0, 2225.0], [6135.0, 2220.0], [6130.0, 2215.0], [6135.0, 2210.0], [6140.0, 2205.0], [6135.0, 2200.0], [6130.0, 2195.0], [6125.0, 2190.0], [6120.0, 2185.0], [6115.0, 2180.0], [6105.0, 2180.0], [6095.0, 2180.0], [6085.0, 2180.0], [6080.0, 2175.0], [6075.0, 2170.0], [6065.0, 2170.0], [6055.0, 2170.0], [6050.0, 2175.0], [6045.0, 2180.0], [6035.0, 2180.0], [6030.0, 2185.0], [6025.0, 2190.0], [6020.0, 2195.0], [6015.0, 2200.0], [6010.0, 2205.0], [6010.0, 2215.0], [6005.0, 2220.0], [6000.0, 2225.0], [5995.0, 2230.0], [5990.0, 2235.0], [5985.0, 2240.0], [5980.0, 2245.0], [5980.0, 2255.0], [5985.0, 2260.0], [5990.0, 2255.0], [5995.0, 2250.0], [6000.0, 2245.0], [6005.0, 2240.0], [6015.0, 2240.0], [6020.0, 2235.0], [6025.0, 2230.0], [6035.0, 2230.0], [6040.0, 2225.0], [6045.0, 2220.0], [6050.0, 2215.0], [6055.0, 2210.0], [6065.0, 2210.0], [6075.0, 2210.0], [6085.0, 2210.0], [6095.0, 2210.0], [6100.0, 2215.0], [6100.0, 2225.0], [6100.0, 2235.0], [6100.0, 2245.0], [6100.0, 2255.0], [6100.0, 2265.0], [6100.0, 2275.0], [6100.0, 2285.0], [6100.0, 2295.0], [6100.0, 2305.0], [6100.0, 2315.0], [6095.0, 2320.0], [6090.0, 2325.0], [6085.0, 2330.0], [6080.0, 2335.0], [6075.0, 2340.0], [6070.0, 2345.0], [6065.0, 2350.0], [6060.0, 2355.0], [6060.0, 2365.0], [6055.0, 2370.0], [6050.0, 2375.0], [6045.0, 2380.0], [6040.0, 2385.0], [6040.0, 2395.0], [6035.0, 2400.0], [6030.0, 2405.0], [6030.0, 2415.0], [6030.0, 2425.0], [6030.0, 2435.0], [6025.0, 2440.0], [6020.0, 2445.0], [6020.0, 2455.0], [6015.0, 2460.0], [6010.0, 2465.0], [6005.0, 2470.0], [6000.0, 2475.0], [5995.0, 2480.0], [5990.0, 2485.0], [5985.0, 2490.0], [5980.0, 2495.0], [5975.0, 2500.0], [5970.0, 2505.0], [5970.0, 2515.0], [5965.0, 2520.0], [5960.0, 2525.0], [5960.0, 2535.0], [5960.0, 2545.0], [5960.0, 2555.0], [5960.0, 2565.0], [5960.0, 2575.0], [5960.0, 2585.0], [5960.0, 2595.0], [5965.0, 2600.0], [5970.0, 2605.0], [5975.0, 2610.0], [5980.0, 2615.0], [5985.0, 2620.0], [5990.0, 2625.0], [5995.0, 2630.0], [6000.0, 2635.0], [6005.0, 2640.0], [6010.0, 2645.0], [6015.0, 2650.0], [6020.0, 2655.0], [6025.0, 2660.0], [6030.0, 2665.0], [6035.0, 2670.0], [6040.0, 2675.0], [6045.0, 2680.0], [6050.0, 2685.0], [6050.0, 2695.0], [6055.0, 2700.0], [6060.0, 2705.0], [6065.0, 2710.0], [6070.0, 2715.0], [6070.0, 2725.0], [6075.0, 2730.0], [6080.0, 2735.0], [6085.0, 2740.0], [6090.0, 2745.0], [6085.0, 2750.0], [6080.0, 2755.0], [6080.0, 2765.0], [6075.0, 2770.0], [6070.0, 2775.0], [6070.0, 2785.0], [6070.0, 2795.0], [6070.0, 2805.0], [6065.0, 2810.0], [6060.0, 2815.0], [6060.0, 2825.0], [6060.0, 2835.0], [6060.0, 2845.0], [6055.0, 2850.0], [6050.0, 2855.0], [6045.0, 2860.0], [6040.0, 2865.0], [6040.0, 2875.0], [6040.0, 2885.0], [6040.0, 2895.0], [6040.0, 2905.0], [6040.0, 2915.0], [6045.0, 2920.0], [6050.0, 2925.0], [6045.0, 2930.0], [6035.0, 2930.0], [6030.0, 2935.0], [6025.0, 2940.0], [6015.0, 2940.0], [6010.0, 2945.0], [6005.0, 2950.0], [6000.0, 2955.0], [5995.0, 2960.0], [5990.0, 2965.0], [5985.0, 2970.0], [5980.0, 2975.0], [5980.0, 2985.0], [5975.0, 2990.0], [5970.0, 2995.0], [5965.0, 3000.0], [5960.0, 3005.0], [5955.0, 3010.0], [5950.0, 3015.0], [5950.0, 3025.0], [5945.0, 3030.0], [5940.0, 3035.0], [5940.0, 3045.0], [5940.0, 3055.0], [5935.0, 3060.0], [5930.0, 3065.0], [5930.0, 3075.0], [5925.0, 3080.0], [5920.0, 3085.0], [5920.0, 3095.0], [5915.0, 3100.0], [5910.0, 3105.0], [5905.0, 3110.0], [5900.0, 3115.0], [5895.0, 3120.0], [5885.0, 3120.0], [5880.0, 3125.0], [5875.0, 3130.0], [5870.0, 3135.0], [5865.0, 3140.0], [5860.0, 3145.0], [5855.0, 3150.0], [5845.0, 3150.0], [5835.0, 3150.0], [5825.0, 3150.0], [5820.0, 3145.0], [5815.0, 3140.0], [5810.0, 3145.0], [5810.0, 3155.0], [5810.0, 3165.0], [5805.0, 3170.0], [5800.0, 3175.0], [5805.0, 3180.0], [5815.0, 3180.0], [5820.0, 3185.0], [5825.0, 3190.0], [5830.0, 3195.0], [5835.0, 3200.0], [5845.0, 3200.0], [5850.0, 3195.0]]], [[[5760.0, 2795.0], [5760.0, 2785.0], [5760.0, 2775.0], [5760.0, 2765.0], [5760.0, 2755.0], [5760.0, 2745.0], [5760.0, 2735.0], [5760.0, 2725.0], [5760.0, 2715.0], [5755.0, 2710.0], [5750.0, 2715.0], [5750.0, 2725.0], [5750.0, 2735.0], [5750.0, 2745.0], [5750.0, 2755.0], [5750.0, 2765.0], [5750.0, 2775.0], [5750.0, 2785.0], [5750.0, 2795.0], [5755.0, 2800.0], [5760.0, 2795.0]]]]}, "properties": {"objectType": "annotation", "name": "P2_3_T|rim_1", "classification": {"name": "rim", "color": [201, 133, 0]}, "lesion_id": 1, "section": "P2_3_T", "area_um2": 49900.0}}, {"type": "Feature", "geometry": {"type": "Polygon", "coordinates": [[[7075.0, 2690.0], [7065.0, 2690.0], [7060.0, 2685.0], [7055.0, 2680.0], [7050.0, 2675.0], [7045.0, 2670.0], [7040.0, 2665.0], [7040.0, 2655.0], [7035.0, 2650.0], [7030.0, 2645.0], [7030.0, 2635.0], [7030.0, 2625.0], [7030.0, 2615.0], [7030.0, 2605.0], [7035.0, 2600.0], [7040.0, 2595.0], [7045.0, 2590.0], [7050.0, 2585.0], [7055.0, 2580.0], [7060.0, 2585.0], [7060.0, 2595.0], [7060.0, 2605.0], [7060.0, 2615.0], [7060.0, 2625.0], [7060.0, 2635.0], [7065.0, 2640.0], [7070.0, 2645.0], [7070.0, 2655.0], [7070.0, 2665.0], [7075.0, 2670.0], [7080.0, 2675.0], [7080.0, 2685.0], [7075.0, 2690.0]]]}, "properties": {"objectType": "annotation", "name": "P2_3_T|lesion_4", "classification": {"name": "lesion", "color": [255, 0, 0]}, "lesion_id": 4, "section": "P2_3_T", "area_um2": 2950.0}}, {"type": "Feature", "geometry": {"type": "Polygon", "coordinates": [[[7075.0, 2690.0], [7065.0, 2690.0], [7060.0, 2685.0], [7055.0, 2680.0], [7050.0, 2675.0], [7045.0, 2670.0], [7040.0, 2665.0], [7040.0, 2655.0], [7035.0, 2650.0], [7030.0, 2645.0], [7030.0, 2635.0], [7030.0, 2625.0], [7030.0, 2615.0], [7030.0, 2605.0], [7035.0, 2600.0], [7040.0, 2595.0], [7045.0, 2590.0], [7050.0, 2585.0], [7055.0, 2580.0], [7060.0, 2585.0], [7060.0, 2595.0], [7060.0, 2605.0], [7060.0, 2615.0], [7060.0, 2625.0], [7060.0, 2635.0], [7065.0, 2640.0], [7070.0, 2645.0], [7070.0, 2655.0], [7070.0, 2665.0], [7075.0, 2670.0], [7080.0, 2675.0], [7080.0, 2685.0], [7075.0, 2690.0]]]}, "properties": {"objectType": "annotation", "name": "P2_3_T|rim_4", "classification": {"name": "rim", "color": [201, 133, 0]}, "lesion_id": 4, "section": "P2_3_T", "area_um2": 2950.0}}, {"type": "Feature", "geometry": {"type": "Polygon", "coordinates": [[[6415.0, 3730.0], [6405.0, 3730.0], [6395.0, 3730.0], [6385.0, 3730.0], [6375.0, 3730.0], [6365.0, 3730.0], [6355.0, 3730.0], [6345.0, 3730.0], [6335.0, 3730.0], [6325.0, 3730.0], [6315.0, 3730.0], [6305.0, 3730.0], [6295.0, 3730.0], [6285.0, 3730.0], [6280.0, 3725.0], [6275.0, 3720.0], [6265.0, 3720.0], [6255.0, 3720.0], [6245.0, 3720.0], [6235.0, 3720.0], [6225.0, 3720.0], [6215.0, 3720.0], [6210.0, 3725.0], [6205.0, 3730.0], [6200.0, 3725.0], [6195.0, 3720.0], [6185.0, 3720.0], [6175.0, 3720.0], [6165.0, 3720.0], [6155.0, 3720.0], [6145.0, 3720.0], [6135.0, 3720.0], [6125.0, 3720.0], [6115.0, 3720.0], [6110.0, 3715.0], [6105.0, 3710.0], [6095.0, 3710.0], [6085.0, 3710.0], [6080.0, 3705.0], [6080.0, 3695.0], [6075.0, 3690.0], [6070.0, 3685.0], [6065.0, 3680.0], [6055.0, 3680.0], [6050.0, 3675.0], [6045.0, 3670.0], [6040.0, 3665.0], [6035.0, 3660.0], [6030.0, 3655.0], [6025.0, 3650.0], [6020.0, 3645.0], [6015.0, 3640.0], [6010.0, 3635.0], [6010.0, 3625.0], [6010.0, 3615.0], [6010.0, 3605.0], [6005.0, 3600.0], [6000.0, 3595.0], [6000.0, 3585.0], [6000.0, 3575.0], [5995.0, 3570.0], [5990.0, 3565.0], [5990.0, 3555.0], [5990.0, 3545.0], [5990.0, 3535.0], [5985.0, 3530.0], [5980.0, 3525.0], [5975.0, 3520.0], [5970.0, 3515.0], [5965.0, 3510.0], [5960.0, 3505.0], [5955.0, 3500.0], [5950.0, 3495.0], [5945.0, 3490.0], [5935.0, 3490.0], [5930.0, 3485.0], [5925.0, 3480.0], [5920.0, 3475.0], [5915.0, 3470.0], [5910.0, 3465.0], [5910.0, 3455.0], [5905.0, 3450.0], [5900.0, 3445.0], [5895.0, 3440.0], [5890.0, 3435.0], [5885.0, 3430.0], [5880.0, 3425.0], [5875.0, 3420.0], [5870.0, 3415.0], [5865.0, 3410.0], [5860.0, 3405.0], [5855.0, 3400.0], [5850.0, 3395.0], [5850.0, 3385.0], [5850.0, 3375.0], [5845.0, 3370.0], [5840.0, 3365.0], [5835.0, 3360.0], [5830.0, 3355.0], [5830.0, 3345.0], [5830.0, 3335.0], [5830.0, 3325.0], [5835.0, 3320.0], [5840.0, 3315.0], [5845.0, 3310.0], [5850.0, 3315.0], [5855.0, 3320.0], [5860.0, 3315.0], [5865.0, 3310.0], [5870.0, 3305.0], [5875.0, 3300.0], [5885.0, 3300.0], [5890.0, 3295.0], [5895.0, 3290.0], [5900.0, 3285.0], [5905.0, 3280.0], [5915.0, 3280.0], [5920.0, 3275.0], [5925.0, 3270.0], [5935.0, 3270.0], [5945.0, 3270.0], [5955.0, 3270.0], [5965.0, 3270.0], [5970.0, 3275.0], [5975.0, 3280.0], [5985.0, 3280.0], [5990.0, 3275.0], [5995.0, 3270.0], [6005.0, 3270.0], [6015.0, 3270.0], [6025.0, 3270.0], [6035.0, 3270.0], [6045.0, 3270.0], [6050.0, 3265.0], [6055.0, 3260.0], [6060.0, 3255.0], [6065.0, 3250.0], [6070.0, 3245.0], [6075.0, 3240.0], [6080.0, 3235.0], [6085.0, 3230.0], [6095.0, 3230.0], [6105.0, 3230.0], [6110.0, 3225.0], [6115.0, 3220.0], [6120.0, 3225.0], [6125.0, 3230.0], [6130.0, 3225.0], [6135.0, 3220.0], [6140.0, 3225.0], [6145.0, 3230.0], [6155.0, 3230.0], [6160.0, 3235.0], [6165.0, 3240.0], [6170.0, 3245.0], [6175.0, 3250.0], [6180.0, 3255.0], [6185.0, 3260.0], [6190.0, 3265.0], [6195.0, 3270.0], [6200.0, 3275.0], [6205.0, 3280.0], [6210.0, 3285.0], [6215.0, 3290.0], [6220.0, 3295.0], [6225.0, 3300.0], [6230.0, 3305.0], [6230.0, 3315.0], [6230.0, 3325.0], [6230.0, 3335.0], [6230.0, 3345.0], [6230.0, 3355.0], [6230.0, 3365.0], [6230.0, 3375.0], [6230.0, 3385.0], [6230.0, 3395.0], [6235.0, 3400.0], [6240.0, 3405.0], [6240.0, 3415.0], [6245.0, 3420.0], [6250.0, 3425.0], [6250.0, 3435.0], [6250.0, 3445.0], [6250.0, 3455.0], [6245.0, 3460.0], [6240.0, 3465.0], [6240.0, 3475.0], [6240.0, 3485.0], [6240.0, 3495.0], [6240.0, 3505.0], [6240.0, 3515.0], [6245.0, 3520.0], [6250.0, 3525.0], [6255.0, 3530.0], [6260.0, 3535.0], [6265.0, 3540.0], [6270.0, 3545.0], [6275.0, 3550.0], [6280.0, 3545.0], [6285.0, 3540.0], [6290.0, 3535.0], [6295.0, 3530.0], [6300.0, 3525.0], [6305.0, 3520.0], [6310.0, 3515.0], [6310.0, 3505.0], [6310.0, 3495.0], [6315.0, 3490.0], [6320.0, 3485.0], [6325.0, 3480.0], [6330.0, 3475.0], [6335.0, 3470.0], [6345.0, 3470.0], [6350.0, 3465.0], [6355.0, 3460.0], [6360.0, 3455.0], [6365.0, 3450.0], [6375.0, 3450.0], [6380.0, 3445.0], [6385.0, 3440.0], [6395.0, 3440.0], [6400.0, 3435.0], [6405.0, 3430.0], [6410.0, 3425.0], [6415.0, 3420.0], [6420.0, 3415.0], [6425.0, 3410.0], [6430.0, 3405.0], [6435.0, 3400.0], [6440.0, 3395.0], [6445.0, 3390.0], [6450.0, 3385.0], [6455.0, 3380.0], [6460.0, 3375.0], [6465.0, 3370.0], [6475.0, 3370.0], [6485.0, 3370.0], [6495.0, 3370.0], [6500.0, 3375.0], [6505.0, 3380.0], [6515.0, 3380.0], [6520.0, 3385.0], [6525.0, 3390.0], [6530.0, 3395.0], [6535.0, 3400.0], [6545.0, 3400.0], [6550.0, 3405.0], [6555.0, 3410.0], [6565.0, 3410.0], [6570.0, 3405.0], [6575.0, 3400.0], [6580.0, 3405.0], [6585.0, 3410.0], [6595.0, 3410.0], [6605.0, 3410.0], [6610.0, 3405.0], [6615.0, 3400.0], [6625.0, 3400.0], [6635.0, 3400.0], [6640.0, 3395.0], [6645.0, 3390.0], [6655.0, 3390.0], [6665.0, 3390.0], [6675.0, 3390.0], [6680.0, 3395.0], [6685.0, 3400.0], [6690.0, 3395.0], [6695.0, 3390.0], [6700.0, 3385.0], [6705.0, 3380.0], [6715.0, 3380.0], [6720.0, 3375.0], [6725.0, 3370.0], [6735.0, 3370.0], [6740.0, 3365.0], [6745.0, 3360.0], [6750.0, 3355.0], [6755.0, 3350.0], [6765.0, 3350.0], [6770.0, 3355.0], [6775.0, 3360.0], [6780.0, 3365.0], [6785.0, 3370.0], [6795.0, 3370.0], [6805.0, 3370.0], [6815.0, 3370.0], [6820.0, 3365.0], [6825.0, 3360.0], [6835.0, 3360.0], [6845.0, 3360.0], [6855.0, 3360.0], [6860.0, 3355.0], [6865.0, 3350.0], [6870.0, 3355.0], [6875.0, 3360.0], [6885.0, 3360.0], [6890.0, 3365.0], [6895.0, 3370.0], [6900.0, 3375.0], [6905.0, 3380.0], [6910.0, 3385.0], [6910.0, 3395.0], [6905.0, 3400.0], [6900.0, 3405.0], [6900.0, 3415.0], [6895.0, 3420.0], [6890.0, 3425.0], [6885.0, 3430.0], [6875.0, 3430.0], [6870.0, 3435.0], [6865.0, 3440.0], [6860.0, 3445.0], [6855.0, 3450.0], [6850.0, 3455.0], [6845.0, 3460.0], [6840.0, 3465.0], [6840.0, 3475.0], [6835.0, 3480.0], [6825.0, 3480.0], [6820.0, 3485.0], [6815.0, 3490.0], [6805.0, 3490.0], [6795.0, 3490.0], [6790.0, 3495.0], [6785.0, 3500.0], [6780.0, 3505.0], [6775.0, 3510.0], [6770.0, 3515.0], [6770.0, 3525.0], [6770.0, 3535.0], [6765.0, 3540.0], [6760.0, 3545.0], [6755.0, 3550.0], [6745.0, 3550.0], [6740.0, 3555.0], [6735.0, 3560.0], [6725.0, 3560.0], [6720.0, 3565.0], [6715.0, 3570.0], [6710.0, 3575.0], [6705.0, 3580.0], [6695.0, 3580.0], [6690.0, 3585.0], [6685.0, 3590.0], [6680.0, 3595.0], [6675.0, 3600.0], [6670.0, 3605.0], [6665.0, 3610.0], [6660.0, 3615.0], [6655.0, 3620.0], [6650.0, 3625.0], [6645.0, 3630.0], [6640.0, 3635.0], [6635.0, 3640.0], [6630.0, 3645.0], [6625.0, 3650.0], [6620.0, 3655.0], [6615.0, 3660.0], [6610.0, 3665.0], [6610.0, 3675.0], [6605.0, 3680.0], [6600.0, 3685.0], [6595.0, 3690.0], [6585.0, 3690.0], [6575.0, 3690.0], [6565.0, 3690.0], [6555.0, 3690.0], [6545.0, 3690.0], [6535.0, 3690.0], [6530.0, 3695.0], [6525.0, 3700.0], [6515.0, 3700.0], [6505.0, 3700.0], [6495.0, 3700.0], [6490.0, 3705.0], [6485.0, 3710.0], [6475.0, 3710.0], [6465.0, 3710.0], [6460.0, 3715.0], [6455.0, 3720.0], [6445.0, 3720.0], [6435.0, 3720.0], [6425.0, 3720.0], [6420.0, 3725.0], [6415.0, 3730.0]]]}, "properties": {"objectType": "annotation", "name": "P2_3_T|lesion_5", "classification": {"name": "lesion", "color": [255, 0, 0]}, "lesion_id": 5, "section": "P2_3_T", "area_um2": 285250.0}}, {"type": "Feature", "geometry": {"type": "Polygon", "coordinates": [[[6455.0, 3720.0], [6445.0, 3720.0], [6435.0, 3720.0], [6425.0, 3720.0], [6415.0, 3720.0], [6405.0, 3720.0], [6395.0, 3720.0], [6385.0, 3720.0], [6380.0, 3715.0], [6375.0, 3710.0], [6365.0, 3710.0], [6355.0, 3710.0], [6350.0, 3705.0], [6345.0, 3700.0], [6335.0, 3700.0], [6325.0, 3700.0], [6315.0, 3700.0], [6305.0, 3700.0], [6300.0, 3695.0], [6295.0, 3690.0], [6285.0, 3690.0], [6275.0, 3690.0], [6265.0, 3690.0], [6255.0, 3690.0], [6245.0, 3690.0], [6235.0, 3690.0], [6225.0, 3690.0], [6215.0, 3690.0], [6205.0, 3690.0], [6195.0, 3690.0], [6185.0, 3690.0], [6175.0, 3690.0], [6165.0, 3690.0], [6155.0, 3690.0], [6145.0, 3690.0], [6135.0, 3690.0], [6125.0, 3690.0], [6120.0, 3685.0], [6115.0, 3680.0], [6105.0, 3680.0], [6095.0, 3680.0], [6090.0, 3675.0], [6085.0, 3670.0], [6075.0, 3670.0], [6070.0, 3665.0], [6065.0, 3660.0], [6055.0, 3660.0], [6050.0, 3655.0], [6045.0, 3650.0], [6035.0, 3650.0], [6030.0, 3645.0], [6025.0, 3640.0], [6020.0, 3635.0], [6015.0, 3630.0], [6010.0, 3625.0], [6010.0, 3615.0], [6010.0, 3605.0], [6005.0, 3600.0], [6000.0, 3595.0], [6000.0, 3585.0], [6000.0, 3575.0], [5995.0, 3570.0], [5990.0, 3565.0], [5990.0, 3555.0], [5990.0, 3545.0], [5990.0, 3535.0], [5985.0, 3530.0], [5980.0, 3525.0], [5975.0, 3520.0], [5970.0, 3515.0], [5965.0, 3510.0], [5960.0, 3505.0], [5955.0, 3500.0], [5950.0, 3495.0], [5945.0, 3490.0], [5935.0, 3490.0], [5930.0, 3485.0], [5925.0, 3480.0], [5920.0, 3475.0], [5915.0, 3470.0], [5910.0, 3465.0], [5910.0, 3455.0], [5905.0, 3450.0], [5900.0, 3445.0], [5895.0, 3440.0], [5890.0, 3435.0], [5885.0, 3430.0], [5880.0, 3425.0], [5880.0, 3415.0], [5875.0, 3410.0], [5870.0, 3405.0], [5870.0, 3395.0], [5865.0, 3390.0], [5860.0, 3385.0], [5855.0, 3380.0], [5850.0, 3375.0], [5850.0, 3365.0], [5850.0, 3355.0], [5855.0, 3350.0], [5865.0, 3350.0], [5875.0, 3350.0], [5880.0, 3345.0], [5885.0, 3340.0], [5890.0, 3335.0], [5895.0, 3330.0], [5905.0, 3330.0], [5910.0, 3325.0], [5915.0, 3320.0], [5920.0, 3315.0], [5925.0, 3310.0], [5935.0, 3310.0], [5940.0, 3305.0], [5945.0, 3300.0], [5950.0, 3305.0], [5955.0, 3310.0], [5965.0, 3310.0], [5975.0, 3310.0], [5985.0, 3310.0], [5995.0, 3310.0], [6005.0, 3310.0], [6010.0, 3305.0], [6015.0, 3300.0], [6025.0, 3300.0], [6035.0, 3300.0], [6045.0, 3300.0], [6055.0, 3300.0], [6065.0, 3300.0], [6070.0, 3295.0], [6075.0, 3290.0], [6080.0, 3285.0], [6085.0, 3280.0], [6090.0, 3275.0], [6095.0, 3270.0], [6100.0, 3265.0], [6105.0, 3260.0], [6115.0, 3260.0], [6125.0, 3260.0], [6135.0, 3260.0], [6140.0, 3265.0], [6145.0, 3270.0], [6150.0, 3275.0], [6155.0, 3280.0], [6160.0, 3285.0], [6165.0, 3290.0], [6170.0, 3295.0], [6175.0, 3300.0], [6180.0, 3305.0], [6185.0, 3310.0], [6190.0, 3315.0], [6195.0, 3320.0], [6200.0, 3325.0], [6200.0, 3335.0], [6200.0, 3345.0], [6200.0, 3355.0], [6200.0, 3365.0], [6200.0, 3375.0], [6200.0, 3385.0], [6200.0, 3395.0], [6200.0, 3405.0], [6200.0, 3415.0], [6205.0, 3420.0], [6210.0, 3425.0], [6210.0, 3435.0], [6210.0, 3445.0], [6210.0, 3455.0], [6210.0, 3465.0], [6210.0, 3475.0], [6210.0, 3485.0], [6210.0, 3495.0], [6210.0, 3505.0], [6210.0, 3515.0], [6210.0, 3525.0], [6210.0, 3535.0], [6215.0, 3540.0], [6220.0, 3545.0], [6225.0, 3550.0], [6230.0, 3555.0], [6235.0, 3560.0], [6240.0, 3565.0], [6245.0, 3570.0], [6250.0, 3575.0], [6255.0, 3580.0], [6265.0, 3580.0], [6275.0, 3580.0], [6285.0, 3580.0], [6295.0, 3580.0], [6300.0, 3575.0], [6305.0, 3570.0], [6310.0, 3565.0], [6315.0, 3560.0], [6320.0, 3555.0], [6325.0, 3550.0], [6330.0, 3545.0], [6335.0, 3540.0], [6340.0, 3535.0], [6340.0, 3525.0], [6340.0, 3515.0], [6345.0, 3510.0], [6350.0, 3505.0], [6355.0, 3500.0], [6365.0, 3500.0], [6370.0, 3495.0], [6375.0, 3490.0], [6380.0, 3485.0], [6385.0, 3480.0], [6395.0, 3480.0], [6400.0, 3475.0], [6405.0, 3470.0], [6415.0, 3470.0], [6420.0, 3465.0], [6425.0, 3460.0], [6430.0, 3455.0], [6435.0, 3450.0], [6440.0, 3445.0], [6445.0, 3440.0], [6450.0, 3435.0], [6455.0, 3430.0], [6460.0, 3425.0], [6465.0, 3420.0], [6470.0, 3415.0], [6475.0, 3410.0], [6485.0, 3410.0], [6495.0, 3410.0], [6500.0, 3415.0], [6505.0, 3420.0], [6510.0, 3425.0], [6515.0, 3430.0], [6525.0, 3430.0], [6530.0, 3435.0], [6535.0, 3440.0], [6545.0, 3440.0], [6555.0, 3440.0], [6565.0, 3440.0], [6575.0, 3440.0], [6585.0, 3440.0], [6595.0, 3440.0], [6605.0, 3440.0], [6615.0, 3440.0], [6625.0, 3440.0], [6630.0, 3435.0], [6635.0, 3430.0], [6645.0, 3430.0], [6655.0, 3430.0], [6665.0, 3430.0], [6675.0, 3430.0], [6685.0, 3430.0], [6695.0, 3430.0], [6705.0, 3430.0], [6710.0, 3425.0], [6715.0, 3420.0], [6720.0, 3415.0], [6725.0, 3410.0], [6735.0, 3410.0], [6740.0, 3405.0], [6745.0, 3400.0], [6755.0, 3400.0], [6765.0, 3400.0], [6775.0, 3400.0], [6785.0, 3400.0], [6795.0, 3400.0], [6805.0, 3400.0], [6815.0, 3400.0], [6825.0, 3400.0], [6835.0, 3400.0], [6840.0, 3395.0], [6845.0, 3390.0], [6855.0, 3390.0], [6865.0, 3390.0], [6870.0, 3395.0], [6870.0, 3405.0], [6870.0, 3415.0], [6865.0, 3420.0], [6860.0, 3425.0], [6855.0, 3430.0], [6845.0, 3430.0], [6840.0, 3435.0], [6835.0, 3440.0], [6830.0, 3445.0], [6825.0, 3450.0], [6820.0, 3455.0], [6815.0, 3460.0], [6810.0, 3465.0], [6805.0, 3470.0], [6800.0, 3475.0], [6795.0, 3480.0], [6790.0, 3485.0], [6785.0, 3490.0], [6775.0, 3490.0], [6770.0, 3495.0], [6765.0, 3500.0], [6755.0, 3500.0], [6750.0, 3505.0], [6745.0, 3510.0], [6740.0, 3515.0], [6735.0, 3520.0], [6725.0, 3520.0], [6720.0, 3525.0], [6715.0, 3530.0], [6705.0, 3530.0], [6700.0, 3535.0], [6695.0, 3540.0], [6690.0, 3545.0], [6685.0, 3550.0], [6675.0, 3550.0], [6670.0, 3555.0], [6665.0, 3560.0], [6660.0, 3565.0], [6655.0, 3570.0], [6650.0, 3575.0], [6645.0, 3580.0], [6640.0, 3585.0], [6635.0, 3590.0], [6630.0, 3595.0], [6625.0, 3600.0], [6620.0, 3605.0], [6615.0, 3610.0], [6610.0, 3615.0], [6605.0, 3620.0], [6600.0, 3625.0], [6595.0, 3630.0], [6590.0, 3635.0], [6585.0, 3640.0], [6580.0, 3645.0], [6580.0, 3655.0], [6575.0, 3660.0], [6570.0, 3665.0], [6565.0, 3670.0], [6560.0, 3675.0], [6555.0, 3680.0], [6550.0, 3685.0], [6545.0, 3690.0], [6535.0, 3690.0], [6530.0, 3695.0], [6525.0, 3700.0], [6515.0, 3700.0], [6505.0, 3700.0], [6495.0, 3700.0], [6490.0, 3705.0], [6485.0, 3710.0], [6475.0, 3710.0], [6465.0, 3710.0], [6460.0, 3715.0], [6455.0, 3720.0]]]}, "properties": {"objectType": "annotation", "name": "P2_3_T|core_5", "classification": {"name": "core", "color": [230, 103, 103]}, "lesion_id": 5, "section": "P2_3_T", "area_um2": 210450.0}}, {"type": "Feature", "geometry": {"type": "MultiPolygon", "coordinates": [[[[5870.0, 3395.0], [5865.0, 3390.0], [5860.0, 3385.0], [5855.0, 3380.0], [5850.0, 3385.0], [5850.0, 3395.0], [5855.0, 3400.0], [5860.0, 3405.0], [5865.0, 3410.0], [5870.0, 3405.0], [5870.0, 3395.0]]], [[[6305.0, 3570.0], [6310.0, 3565.0], [6315.0, 3560.0], [6320.0, 3555.0], [6325.0, 3550.0], [6330.0, 3545.0], [6335.0, 3540.0], [6340.0, 3535.0], [6340.0, 3525.0], [6340.0, 3515.0], [6345.0, 3510.0], [6350.0, 3505.0], [6355.0, 3500.0], [6365.0, 3500.0], [6370.0, 3495.0], [6375.0, 3490.0], [6380.0, 3485.0], [6385.0, 3480.0], [6395.0, 3480.0], [6400.0, 3475.0], [6405.0, 3470.0], [6415.0, 3470.0], [6420.0, 3465.0], [6425.0, 3460.0], [6430.0, 3455.0], [6435.0, 3450.0], [6440.0, 3445.0], [6445.0, 3440.0], [6450.0, 3435.0], [6455.0, 3430.0], [6460.0, 3425.0], [6465.0, 3420.0], [6470.0, 3415.0], [6475.0, 3410.0], [6485.0, 3410.0], [6495.0, 3410.0], [6500.0, 3415.0], [6505.0, 3420.0], [6510.0, 3425.0], [6515.0, 3430.0], [6525.0, 3430.0], [6530.0, 3435.0], [6535.0, 3440.0], [6545.0, 3440.0], [6555.0, 3440.0], [6565.0, 3440.0], [6575.0, 3440.0], [6585.0, 3440.0], [6595.0, 3440.0], [6605.0, 3440.0], [6615.0, 3440.0], [6625.0, 3440.0], [6630.0, 3435.0], [6635.0, 3430.0], [6645.0, 3430.0], [6655.0, 3430.0], [6665.0, 3430.0], [6675.0, 3430.0], [6685.0, 3430.0], [6695.0, 3430.0], [6705.0, 3430.0], [6710.0, 3425.0], [6715.0, 3420.0], [6720.0, 3415.0], [6725.0, 3410.0], [6735.0, 3410.0], [6740.0, 3405.0], [6745.0, 3400.0], [6755.0, 3400.0], [6765.0, 3400.0], [6775.0, 3400.0], [6785.0, 3400.0], [6795.0, 3400.0], [6805.0, 3400.0], [6815.0, 3400.0], [6825.0, 3400.0], [6835.0, 3400.0], [6840.0, 3395.0], [6845.0, 3390.0], [6855.0, 3390.0], [6865.0, 3390.0], [6870.0, 3395.0], [6870.0, 3405.0], [6870.0, 3415.0], [6865.0, 3420.0], [6860.0, 3425.0], [6855.0, 3430.0], [6845.0, 3430.0], [6840.0, 3435.0], [6835.0, 3440.0], [6830.0, 3445.0], [6825.0, 3450.0], [6820.0, 3455.0], [6815.0, 3460.0], [6810.0, 3465.0], [6805.0, 3470.0], [6800.0, 3475.0], [6795.0, 3480.0], [6790.0, 3485.0], [6795.0, 3490.0], [6805.0, 3490.0], [6815.0, 3490.0], [6820.0, 3485.0], [6825.0, 3480.0], [6835.0, 3480.0], [6840.0, 3475.0], [6840.0, 3465.0], [6845.0, 3460.0], [6850.0, 3455.0], [6855.0, 3450.0], [6860.0, 3445.0], [6865.0, 3440.0], [6870.0, 3435.0], [6875.0, 3430.0], [6885.0, 3430.0], [6890.0, 3425.0], [6895.0, 3420.0], [6900.0, 3415.0], [6900.0, 3405.0], [6905.0, 3400.0], [6910.0, 3395.0], [6910.0, 3385.0], [6905.0, 3380.0], [6900.0, 3375.0], [6895.0, 3370.0], [6890.0, 3365.0], [6885.0, 3360.0], [6875.0, 3360.0], [6870.0, 3355.0], [6865.0, 3350.0], [6860.0, 3355.0], [6855.0, 3360.0], [6845.0, 3360.0], [6835.0, 3360.0], [6825.0, 3360.0], [6820.0, 3365.0], [6815.0, 3370.0], [6805.0, 3370.0], [6795.0, 3370.0], [6785.0, 3370.0], [6780.0, 3365.0], [6775.0, 3360.0], [6770.0, 3355.0], [6765.0, 3350.0], [6755.0, 3350.0], [6750.0, 3355.0], [6745.0, 3360.0], [6740.0, 3365.0], [6735.0, 3370.0], [6725.0, 3370.0], [6720.0, 3375.0], [6715.0, 3380.0], [6705.0, 3380.0], [6700.0, 3385.0], [6695.0, 3390.0], [6690.0, 3395.0], [6685.0, 3400.0], [6680.0, 3395.0], [6675.0, 3390.0], [6665.0, 3390.0], [6655.0, 3390.0], [6645.0, 3390.0], [6640.0, 3395.0], [6635.0, 3400.0], [6625.0, 3400.0], [6615.0, 3400.0], [6610.0, 3405.0], [6605.0, 3410.0], [6595.0, 3410.0], [6585.0, 3410.0], [6580.0, 3405.0], [6575.0, 3400.0], [6570.0, 3405.0], [6565.0, 3410.0], [6555.0, 3410.0], [6550.0, 3405.0], [6545.0, 3400.0], [6535.0, 3400.0], [6530.0, 3395.0], [6525.0, 3390.0], [6520.0, 3385.0], [6515.0, 3380.0], [6505.0, 3380.0], [6500.0, 3375.0], [6495.0, 3370.0], [6485.0, 3370.0], [6475.0, 3370.0], [6465.0, 3370.0], [6460.0, 3375.0], [6455.0, 3380.0], [6450.0, 3385.0], [6445.0, 3390.0], [6440.0, 3395.0], [6435.0, 3400.0], [6430.0, 3405.0], [6425.0, 3410.0], [6420.0, 3415.0], [6415.0, 3420.0], [6410.0, 3425.0], [6405.0, 3430.0], [6400.0, 3435.0], [6395.0, 3440.0], [6385.0, 3440.0], [6380.0, 3445.0], [6375.0, 3450.0], [6365.0, 3450.0], [6360.0, 3455.0], [6355.0, 3460.0], [6350.0, 3465.0], [6345.0, 3470.0], [6335.0, 3470.0], [6330.0, 3475.0], [6325.0, 3480.0], [6320.0, 3485.0], [6315.0, 3490.0], [6310.0, 3495.0], [6310.0, 3505.0], [6310.0, 3515.0], [6305.0, 3520.0], [6300.0, 3525.0], [6295.0, 3530.0], [6290.0, 3535.0], [6285.0, 3540.0], [6280.0, 3545.0], [6275.0, 3550.0], [6270.0, 3545.0], [6265.0, 3540.0], [6260.0, 3535.0], [6255.0, 3530.0], [6250.0, 3525.0], [6245.0, 3520.0], [6240.0, 3515.0], [6240.0, 3505.0], [6240.0, 3495.0], [6240.0, 3485.0], [6240.0, 3475.0], [6240.0, 3465.0], [6245.0, 3460.0], [6250.0, 3455.0], [6250.0, 3445.0], [6250.0, 3435.0], [6250.0, 3425.0], [6245.0, 3420.0], [6240.0, 3415.0], [6240.0, 3405.0], [6235.0, 3400.0], [6230.0, 3395.0], [6230.0, 3385.0], [6230.0, 3375.0], [6230.0, 3365.0], [6230.0, 3355.0], [6230.0, 3345.0], [6230.0, 3335.0], [6230.0, 3325.0], [6230.0, 3315.0], [6230.0, 3305.0], [6225.0, 3300.0], [6220.0, 3295.0], [6215.0, 3290.0], [6210.0, 3285.0], [6205.0, 3280.0], [6200.0, 3275.0], [6195.0, 3270.0], [6190.0, 3265.0], [6185.0, 3260.0], [6180.0, 3255.0], [6175.0, 3250.0], [6170.0, 3245.0], [6165.0, 3240.0], [6160.0, 3235.0], [6155.0, 3230.0], [6145.0, 3230.0], [6140.0, 3225.0], [6135.0, 3220.0], [6130.0, 3225.0], [6125.0, 3230.0], [6120.0, 3225.0], [6115.0, 3220.0], [6110.0, 3225.0], [6105.0, 3230.0], [6095.0, 3230.0], [6085.0, 3230.0], [6080.0, 3235.0], [6075.0, 3240.0], [6070.0, 3245.0], [6065.0, 3250.0], [6060.0, 3255.0], [6055.0, 3260.0], [6050.0, 3265.0], [6045.0, 3270.0], [6035.0, 3270.0], [6025.0, 3270.0], [6015.0, 3270.0], [6005.0, 3270.0], [5995.0, 3270.0], [5990.0, 3275.0], [5985.0, 3280.0], [5975.0, 3280.0], [5970.0, 3275.0], [5965.0, 3270.0], [5955.0, 3270.0], [5945.0, 3270.0], [5935.0, 3270.0], [5925.0, 3270.0], [5920.0, 3275.0], [5915.0, 3280.0], [5905.0, 3280.0], [5900.0, 3285.0], [5895.0, 3290.0], [5890.0, 3295.0], [5885.0, 3300.0], [5875.0, 3300.0], [5870.0, 3305.0], [5865.0, 3310.0], [5860.0, 3315.0], [5855.0, 3320.0], [5850.0, 3315.0], [5845.0, 3310.0], [5840.0, 3315.0], [5835.0, 3320.0], [5830.0, 3325.0], [5830.0, 3335.0], [5830.0, 3345.0], [5830.0, 3355.0], [5835.0, 3360.0], [5840.0, 3365.0], [5845.0, 3370.0], [5850.0, 3365.0], [5850.0, 3355.0], [5855.0, 3350.0], [5865.0, 3350.0], [5875.0, 3350.0], [5880.0, 3345.0], [5885.0, 3340.0], [5890.0, 3335.0], [5895.0, 3330.0], [5905.0, 3330.0], [5910.0, 3325.0], [5915.0, 3320.0], [5920.0, 3315.0], [5925.0, 3310.0], [5935.0, 3310.0], [5940.0, 3305.0], [5945.0, 3300.0], [5950.0, 3305.0], [5955.0, 3310.0], [5965.0, 3310.0], [5975.0, 3310.0], [5985.0, 3310.0], [5995.0, 3310.0], [6005.0, 3310.0], [6010.0, 3305.0], [6015.0, 3300.0], [6025.0, 3300.0], [6035.0, 3300.0], [6045.0, 3300.0], [6055.0, 3300.0], [6065.0, 3300.0], [6070.0, 3295.0], [6075.0, 3290.0], [6080.0, 3285.0], [6085.0, 3280.0], [6090.0, 3275.0], [6095.0, 3270.0], [6100.0, 3265.0], [6105.0, 3260.0], [6115.0, 3260.0], [6125.0, 3260.0], [6135.0, 3260.0], [6140.0, 3265.0], [6145.0, 3270.0], [6150.0, 3275.0], [6155.0, 3280.0], [6160.0, 3285.0], [6165.0, 3290.0], [6170.0, 3295.0], [6175.0, 3300.0], [6180.0, 3305.0], [6185.0, 3310.0], [6190.0, 3315.0], [6195.0, 3320.0], [6200.0, 3325.0], [6200.0, 3335.0], [6200.0, 3345.0], [6200.0, 3355.0], [6200.0, 3365.0], [6200.0, 3375.0], [6200.0, 3385.0], [6200.0, 3395.0], [6200.0, 3405.0], [6200.0, 3415.0], [6205.0, 3420.0], [6210.0, 3425.0], [6210.0, 3435.0], [6210.0, 3445.0], [6210.0, 3455.0], [6210.0, 3465.0], [6210.0, 3475.0], [6210.0, 3485.0], [6210.0, 3495.0], [6210.0, 3505.0], [6210.0, 3515.0], [6210.0, 3525.0], [6210.0, 3535.0], [6215.0, 3540.0], [6220.0, 3545.0], [6225.0, 3550.0], [6230.0, 3555.0], [6235.0, 3560.0], [6240.0, 3565.0], [6245.0, 3570.0], [6250.0, 3575.0], [6255.0, 3580.0], [6265.0, 3580.0], [6275.0, 3580.0], [6285.0, 3580.0], [6295.0, 3580.0], [6300.0, 3575.0], [6305.0, 3570.0]]], [[[6605.0, 3680.0], [6610.0, 3675.0], [6610.0, 3665.0], [6615.0, 3660.0], [6620.0, 3655.0], [6625.0, 3650.0], [6630.0, 3645.0], [6635.0, 3640.0], [6640.0, 3635.0], [6645.0, 3630.0], [6650.0, 3625.0], [6655.0, 3620.0], [6660.0, 3615.0], [6665.0, 3610.0], [6670.0, 3605.0], [6675.0, 3600.0], [6680.0, 3595.0], [6685.0, 3590.0], [6690.0, 3585.0], [6695.0, 3580.0], [6705.0, 3580.0], [6710.0, 3575.0], [6715.0, 3570.0], [6720.0, 3565.0], [6725.0, 3560.0], [6735.0, 3560.0], [6740.0, 3555.0], [6745.0, 3550.0], [6755.0, 3550.0], [6760.0, 3545.0], [6765.0, 3540.0], [6770.0, 3535.0], [6770.0, 3525.0], [6770.0, 3515.0], [6775.0, 3510.0], [6780.0, 3505.0], [6785.0, 3500.0], [6790.0, 3495.0], [6785.0, 3490.0], [6775.0, 3490.0], [6770.0, 3495.0], [6765.0, 3500.0], [6755.0, 3500.0], [6750.0, 3505.0], [6745.0, 3510.0], [6740.0, 3515.0], [6735.0, 3520.0], [6725.0, 3520.0], [6720.0, 3525.0], [6715.0, 3530.0], [6705.0, 3530.0], [6700.0, 3535.0], [6695.0, 3540.0], [6690.0, 3545.0], [6685.0, 3550.0], [6675.0, 3550.0], [6670.0, 3555.0], [6665.0, 3560.0], [6660.0, 3565.0], [6655.0, 3570.0], [6650.0, 3575.0], [6645.0, 3580.0], [6640.0, 3585.0], [6635.0, 3590.0], [6630.0, 3595.0], [6625.0, 3600.0], [6620.0, 3605.0], [6615.0, 3610.0], [6610.0, 3615.0], [6605.0, 3620.0], [6600.0, 3625.0], [6595.0, 3630.0], [6590.0, 3635.0], [6585.0, 3640.0], [6580.0, 3645.0], [6580.0, 3655.0], [6575.0, 3660.0], [6570.0, 3665.0], [6565.0, 3670.0], [6560.0, 3675.0], [6555.0, 3680.0], [6550.0, 3685.0], [6555.0, 3690.0], [6565.0, 3690.0], [6575.0, 3690.0], [6585.0, 3690.0], [6595.0, 3690.0], [6600.0, 3685.0], [6605.0, 3680.0]]], [[[6415.0, 3720.0], [6405.0, 3720.0], [6395.0, 3720.0], [6385.0, 3720.0], [6380.0, 3715.0], [6375.0, 3710.0], [6365.0, 3710.0], [6355.0, 3710.0], [6350.0, 3705.0], [6345.0, 3700.0], [6335.0, 3700.0], [6325.0, 3700.0], [6315.0, 3700.0], [6305.0, 3700.0], [6300.0, 3695.0], [6295.0, 3690.0], [6285.0, 3690.0], [6275.0, 3690.0], [6265.0, 3690.0], [6255.0, 3690.0], [6245.0, 3690.0], [6235.0, 3690.0], [6225.0, 3690.0], [6215.0, 3690.0], [6205.0, 3690.0], [6195.0, 3690.0], [6185.0, 3690.0], [6175.0, 3690.0], [6165.0, 3690.0], [6155.0, 3690.0], [6145.0, 3690.0], [6135.0, 3690.0], [6125.0, 3690.0], [6120.0, 3685.0], [6115.0, 3680.0], [6105.0, 3680.0], [6095.0, 3680.0], [6090.0, 3675.0], [6085.0, 3670.0], [6075.0, 3670.0], [6070.0, 3665.0], [6065.0, 3660.0], [6055.0, 3660.0], [6050.0, 3655.0], [6045.0, 3650.0], [6035.0, 3650.0], [6030.0, 3655.0], [6035.0, 3660.0], [6040.0, 3665.0], [6045.0, 3670.0], [6050.0, 3675.0], [6055.0, 3680.0], [6065.0, 3680.0], [6070.0, 3685.0], [6075.0, 3690.0], [6080.0, 3695.0], [6080.0, 3705.0], [6085.0, 3710.0], [6095.0, 3710.0], [6105.0, 3710.0], [6110.0, 3715.0], [6115.0, 3720.0], [6125.0, 3720.0], [6135.0, 3720.0], [6145.0, 3720.0], [6155.0, 3720.0], [6165.0, 3720.0], [6175.0, 3720.0], [6185.0, 3720.0], [6195.0, 3720.0], [6200.0, 3725.0], [6205.0, 3730.0], [6210.0, 3725.0], [6215.0, 3720.0], [6225.0, 3720.0], [6235.0, 3720.0], [6245.0, 3720.0], [6255.0, 3720.0], [6265.0, 3720.0], [6275.0, 3720.0], [6280.0, 3725.0], [6285.0, 3730.0], [6295.0, 3730.0], [6305.0, 3730.0], [6315.0, 3730.0], [6325.0, 3730.0], [6335.0, 3730.0], [6345.0, 3730.0], [6355.0, 3730.0], [6365.0, 3730.0], [6375.0, 3730.0], [6385.0, 3730.0], [6395.0, 3730.0], [6405.0, 3730.0], [6415.0, 3730.0], [6420.0, 3725.0], [6415.0, 3720.0]]]]}, "properties": {"objectType": "annotation", "name": "P2_3_T|rim_5", "classification": {"name": "rim", "color": [201, 133, 0]}, "lesion_id": 5, "section": "P2_3_T", "area_um2": 74300.0}}, {"type": "Feature", "geometry": {"type": "Polygon", "coordinates": [[[2455.0, 3500.0], [2450.0, 3495.0], [2445.0, 3490.0], [2440.0, 3485.0], [2435.0, 3480.0], [2430.0, 3475.0], [2430.0, 3465.0], [2430.0, 3455.0], [2430.0, 3445.0], [2435.0, 3440.0], [2440.0, 3435.0], [2445.0, 3430.0], [2450.0, 3425.0], [2455.0, 3420.0], [2460.0, 3415.0], [2465.0, 3410.0], [2475.0, 3410.0], [2485.0, 3410.0], [2490.0, 3415.0], [2495.0, 3420.0], [2500.0, 3425.0], [2505.0, 3430.0], [2510.0, 3435.0], [2515.0, 3440.0], [2520.0, 3445.0], [2525.0, 3450.0], [2530.0, 3455.0], [2525.0, 3460.0], [2520.0, 3465.0], [2515.0, 3470.0], [2510.0, 3475.0], [2505.0, 3480.0], [2500.0, 3475.0], [2495.0, 3470.0], [2490.0, 3475.0], [2485.0, 3480.0], [2480.0, 3485.0], [2475.0, 3490.0], [2465.0, 3490.0], [2460.0, 3495.0], [2455.0, 3500.0]]]}, "properties": {"objectType": "annotation", "name": "R1_3_L|lesion_6", "classification": {"name": "lesion", "color": [255, 0, 0]}, "lesion_id": 6, "section": "R1_3_L", "area_um2": 5450.0}}, {"type": "Feature", "geometry": {"type": "Polygon", "coordinates": [[[2455.0, 3500.0], [2450.0, 3495.0], [2445.0, 3490.0], [2440.0, 3485.0], [2435.0, 3480.0], [2430.0, 3475.0], [2430.0, 3465.0], [2430.0, 3455.0], [2430.0, 3445.0], [2435.0, 3440.0], [2440.0, 3435.0], [2445.0, 3430.0], [2450.0, 3425.0], [2455.0, 3420.0], [2460.0, 3415.0], [2465.0, 3410.0], [2475.0, 3410.0], [2485.0, 3410.0], [2490.0, 3415.0], [2495.0, 3420.0], [2500.0, 3425.0], [2505.0, 3430.0], [2510.0, 3435.0], [2515.0, 3440.0], [2520.0, 3445.0], [2525.0, 3450.0], [2530.0, 3455.0], [2525.0, 3460.0], [2520.0, 3465.0], [2515.0, 3470.0], [2510.0, 3475.0], [2505.0, 3480.0], [2500.0, 3475.0], [2495.0, 3470.0], [2490.0, 3475.0], [2485.0, 3480.0], [2480.0, 3485.0], [2475.0, 3490.0], [2465.0, 3490.0], [2460.0, 3495.0], [2455.0, 3500.0]]]}, "properties": {"objectType": "annotation", "name": "R1_3_L|rim_6", "classification": {"name": "rim", "color": [201, 133, 0]}, "lesion_id": 6, "section": "R1_3_L", "area_um2": 5450.0}}, {"type": "Feature", "geometry": {"type": "Polygon", "coordinates": [[[2185.0, 3690.0], [2175.0, 3690.0], [2170.0, 3685.0], [2165.0, 3680.0], [2160.0, 3675.0], [2155.0, 3670.0], [2150.0, 3665.0], [2145.0, 3660.0], [2140.0, 3655.0], [2135.0, 3650.0], [2130.0, 3645.0], [2125.0, 3640.0], [2120.0, 3635.0], [2115.0, 3630.0], [2110.0, 3625.0], [2105.0, 3620.0], [2100.0, 3615.0], [2095.0, 3610.0], [2090.0, 3615.0], [2085.0, 3620.0], [2080.0, 3625.0], [2075.0, 3630.0], [2070.0, 3625.0], [2065.0, 3620.0], [2060.0, 3615.0], [2055.0, 3610.0], [2050.0, 3605.0], [2045.0, 3600.0], [2040.0, 3595.0], [2045.0, 3590.0], [2050.0, 3585.0], [2045.0, 3580.0], [2040.0, 3575.0], [2040.0, 3565.0], [2035.0, 3560.0], [2030.0, 3555.0], [2030.0, 3545.0], [2025.0, 3540.0], [2020.0, 3535.0], [2025.0, 3530.0], [2030.0, 3525.0], [2035.0, 3520.0], [2040.0, 3515.0], [2045.0, 3510.0], [2055.0, 3510.0], [2065.0, 3510.0], [2075.0, 3510.0], [2085.0, 3510.0], [2090.0, 3505.0], [2095.0, 3500.0], [2100.0, 3505.0], [2105.0, 3510.0], [2110.0, 3515.0], [2115.0, 3520.0], [2120.0, 3525.0], [2120.0, 3535.0], [2125.0, 3540.0], [2130.0, 3545.0], [2135.0, 3550.0], [2140.0, 3555.0], [2145.0, 3560.0], [2150.0, 3555.0], [2155.0, 3550.0], [2160.0, 3545.0], [2165.0, 3540.0], [2175.0, 3540.0], [2185.0, 3540.0], [2190.0, 3535.0], [2195.0, 3530.0], [2205.0, 3530.0], [2215.0, 3530.0], [2220.0, 3535.0], [2225.0, 3540.0], [2235.0, 3540.0], [2240.0, 3545.0], [2245.0, 3550.0], [2250.0, 3555.0], [2255.0, 3560.0], [2265.0, 3560.0], [2270.0, 3565.0], [2275.0, 3570.0], [2280.0, 3575.0], [2285.0, 3580.0], [2290.0, 3585.0], [2290.0, 3595.0], [2285.0, 3600.0], [2280.0, 3605.0], [2275.0, 3610.0], [2270.0, 3615.0], [2265.0, 3620.0], [2260.0, 3625.0], [2255.0, 3630.0], [2250.0, 3635.0], [2245.0, 3640.0], [2240.0, 3645.0], [2235.0, 3650.0], [2230.0, 3655.0], [2225.0, 3660.0], [2215.0, 3660.0], [2210.0, 3665.0], [2205.0, 3670.0], [2200.0, 3675.0], [2195.0, 3680.0], [2190.0, 3685.0], [2185.0, 3690.0]]]}, "properties": {"objectType": "annotation", "name": "R1_3_L|lesion_8", "classification": {"name": "lesion", "color": [255, 0, 0]}, "lesion_id": 8, "section": "R1_3_L", "area_um2": 26850.0}}, {"type": "Feature", "geometry": {"type": "Polygon", "coordinates": [[[2195.0, 3630.0], [2185.0, 3630.0], [2175.0, 3630.0], [2170.0, 3625.0], [2165.0, 3620.0], [2160.0, 3615.0], [2155.0, 3610.0], [2150.0, 3605.0], [2155.0, 3600.0], [2160.0, 3595.0], [2165.0, 3590.0], [2175.0, 3590.0], [2180.0, 3585.0], [2185.0, 3580.0], [2195.0, 3580.0], [2200.0, 3575.0], [2205.0, 3570.0], [2210.0, 3575.0], [2215.0, 3580.0], [2220.0, 3585.0], [2225.0, 3590.0], [2230.0, 3595.0], [2225.0, 3600.0], [2220.0, 3605.0], [2215.0, 3610.0], [2210.0, 3615.0], [2205.0, 3620.0], [2200.0, 3625.0], [2195.0, 3630.0]]]}, "properties": {"objectType": "annotation", "name": "R1_3_L|core_8", "classification": {"name": "core", "color": [230, 103, 103]}, "lesion_id": 8, "section": "R1_3_L", "area_um2": 2650.0}}, {"type": "Feature", "geometry": {"type": "Polygon", "coordinates": [[[2185.0, 3690.0], [2175.0, 3690.0], [2170.0, 3685.0], [2165.0, 3680.0], [2160.0, 3675.0], [2155.0, 3670.0], [2150.0, 3665.0], [2145.0, 3660.0], [2140.0, 3655.0], [2135.0, 3650.0], [2130.0, 3645.0], [2125.0, 3640.0], [2120.0, 3635.0], [2115.0, 3630.0], [2110.0, 3625.0], [2105.0, 3620.0], [2100.0, 3615.0], [2095.0, 3610.0], [2090.0, 3615.0], [2085.0, 3620.0], [2080.0, 3625.0], [2075.0, 3630.0], [2070.0, 3625.0], [2065.0, 3620.0], [2060.0, 3615.0], [2055.0, 3610.0], [2050.0, 3605.0], [2045.0, 3600.0], [2040.0, 3595.0], [2045.0, 3590.0], [2050.0, 3585.0], [2045.0, 3580.0], [2040.0, 3575.0], [2040.0, 3565.0], [2035.0, 3560.0], [2030.0, 3555.0], [2030.0, 3545.0], [2025.0, 3540.0], [2020.0, 3535.0], [2025.0, 3530.0], [2030.0, 3525.0], [2035.0, 3520.0], [2040.0, 3515.0], [2045.0, 3510.0], [2055.0, 3510.0], [2065.0, 3510.0], [2075.0, 3510.0], [2085.0, 3510.0], [2090.0, 3505.0], [2095.0, 3500.0], [2100.0, 3505.0], [2105.0, 3510.0], [2110.0, 3515.0], [2115.0, 3520.0], [2120.0, 3525.0], [2120.0, 3535.0], [2125.0, 3540.0], [2130.0, 3545.0], [2135.0, 3550.0], [2140.0, 3555.0], [2145.0, 3560.0], [2150.0, 3555.0], [2155.0, 3550.0], [2160.0, 3545.0], [2165.0, 3540.0], [2175.0, 3540.0], [2185.0, 3540.0], [2190.0, 3535.0], [2195.0, 3530.0], [2205.0, 3530.0], [2215.0, 3530.0], [2220.0, 3535.0], [2225.0, 3540.0], [2235.0, 3540.0], [2240.0, 3545.0], [2245.0, 3550.0], [2250.0, 3555.0], [2255.0, 3560.0], [2265.0, 3560.0], [2270.0, 3565.0], [2275.0, 3570.0], [2280.0, 3575.0], [2285.0, 3580.0], [2290.0, 3585.0], [2290.0, 3595.0], [2285.0, 3600.0], [2280.0, 3605.0], [2275.0, 3610.0], [2270.0, 3615.0], [2265.0, 3620.0], [2260.0, 3625.0], [2255.0, 3630.0], [2250.0, 3635.0], [2245.0, 3640.0], [2240.0, 3645.0], [2235.0, 3650.0], [2230.0, 3655.0], [2225.0, 3660.0], [2215.0, 3660.0], [2210.0, 3665.0], [2205.0, 3670.0], [2200.0, 3675.0], [2195.0, 3680.0], [2190.0, 3685.0], [2185.0, 3690.0]], [[2200.0, 3625.0], [2205.0, 3620.0], [2210.0, 3615.0], [2215.0, 3610.0], [2220.0, 3605.0], [2225.0, 3600.0], [2230.0, 3595.0], [2225.0, 3590.0], [2220.0, 3585.0], [2215.0, 3580.0], [2210.0, 3575.0], [2205.0, 3570.0], [2200.0, 3575.0], [2195.0, 3580.0], [2185.0, 3580.0], [2180.0, 3585.0], [2175.0, 3590.0], [2165.0, 3590.0], [2160.0, 3595.0], [2155.0, 3600.0], [2150.0, 3605.0], [2155.0, 3610.0], [2160.0, 3615.0], [2165.0, 3620.0], [2170.0, 3625.0], [2175.0, 3630.0], [2185.0, 3630.0], [2195.0, 3630.0], [2200.0, 3625.0]]]}, "properties": {"objectType": "annotation", "name": "R1_3_L|rim_8", "classification": {"name": "rim", "color": [201, 133, 0]}, "lesion_id": 8, "section": "R1_3_L", "area_um2": 24200.0}}, {"type": "Feature", "geometry": {"type": "Polygon", "coordinates": [[[2745.0, 5160.0], [2735.0, 5160.0], [2730.0, 5155.0], [2725.0, 5150.0], [2715.0, 5150.0], [2705.0, 5150.0], [2695.0, 5150.0], [2690.0, 5145.0], [2685.0, 5140.0], [2680.0, 5135.0], [2675.0, 5130.0], [2670.0, 5125.0], [2665.0, 5120.0], [2660.0, 5115.0], [2655.0, 5110.0], [2650.0, 5105.0], [2645.0, 5100.0], [2640.0, 5095.0], [2635.0, 5090.0], [2625.0, 5090.0], [2615.0, 5090.0], [2605.0, 5090.0], [2595.0, 5090.0], [2585.0, 5090.0], [2575.0, 5090.0], [2570.0, 5085.0], [2565.0, 5080.0], [2555.0, 5080.0], [2545.0, 5080.0], [2540.0, 5075.0], [2535.0, 5070.0], [2530.0, 5065.0], [2525.0, 5060.0], [2515.0, 5060.0], [2505.0, 5060.0], [2500.0, 5055.0], [2495.0, 5050.0], [2490.0, 5045.0], [2485.0, 5040.0], [2480.0, 5035.0], [2475.0, 5030.0], [2470.0, 5025.0], [2470.0, 5015.0], [2470.0, 5005.0], [2465.0, 5000.0], [2460.0, 4995.0], [2460.0, 4985.0], [2460.0, 4975.0], [2455.0, 4970.0], [2450.0, 4965.0], [2450.0, 4955.0], [2445.0, 4950.0], [2440.0, 4945.0], [2435.0, 4940.0], [2430.0, 4935.0], [2425.0, 4930.0], [2420.0, 4925.0], [2415.0, 4920.0], [2405.0, 4920.0], [2395.0, 4920.0], [2390.0, 4915.0], [2385.0, 4910.0], [2380.0, 4905.0], [2375.0, 4900.0], [2370.0, 4905.0], [2365.0, 4910.0], [2360.0, 4915.0], [2355.0, 4920.0], [2350.0, 4925.0], [2345.0, 4930.0], [2340.0, 4935.0], [2335.0, 4940.0], [2325.0, 4940.0], [2315.0, 4940.0], [2305.0, 4940.0], [2295.0, 4940.0], [2290.0, 4945.0], [2285.0, 4950.0], [2275.0, 4950.0], [2270.0, 4955.0], [2265.0, 4960.0], [2255.0, 4960.0], [2250.0, 4955.0], [2245.0, 4950.0], [2240.0, 4945.0], [2235.0, 4940.0], [2230.0, 4935.0], [2230.0, 4925.0], [2235.0, 4920.0], [2240.0, 4915.0], [2240.0, 4905.0], [2245.0, 4900.0], [2250.0, 4895.0], [2255.0, 4890.0], [2260.0, 4885.0], [2265.0, 4880.0], [2270.0, 4875.0], [2270.0, 4865.0], [2270.0, 4855.0], [2270.0, 4845.0], [2270.0, 4835.0], [2270.0, 4825.0], [2270.0, 4815.0], [2275.0, 4810.0], [2280.0, 4805.0], [2275.0, 4800.0], [2270.0, 4795.0], [2270.0, 4785.0], [2270.0, 4775.0], [2270.0, 4765.0], [2270.0, 4755.0], [2265.0, 4750.0], [2260.0, 4745.0], [2255.0, 4740.0], [2250.0, 4735.0], [2245.0, 4730.0], [2240.0, 4725.0], [2245.0, 4720.0], [2250.0, 4715.0], [2255.0, 4710.0], [2260.0, 4705.0], [2265.0, 4700.0], [2270.0, 4695.0], [2270.0, 4685.0], [2270.0, 4675.0], [2270.0, 4665.0], [2265.0, 4660.0], [2260.0, 4655.0], [2255.0, 4650.0], [2250.0, 4645.0], [2250.0, 4635.0], [2245.0, 4630.0], [2240.0, 4625.0], [2240.0, 4615.0], [2235.0, 4610.0], [2230.0, 4605.0], [2225.0, 4600.0], [2220.0, 4595.0], [2215.0, 4590.0], [2210.0, 4595.0], [2205.0, 4600.0], [2200.0, 4605.0], [2195.0, 4610.0], [2190.0, 4615.0], [2185.0, 4620.0], [2180.0, 4625.0], [2180.0, 4635.0], [2180.0, 4645.0], [2175.0, 4650.0], [2170.0, 4655.0], [2165.0, 4660.0], [2160.0, 4665.0], [2155.0, 4670.0], [2145.0, 4670.0], [2140.0, 4665.0], [2135.0, 4660.0], [2130.0, 4655.0], [2125.0, 4650.0], [2120.0, 4645.0], [2120.0, 4635.0], [2120.0, 4625.0], [2120.0, 4615.0], [2125.0, 4610.0], [2130.0, 4605.0], [2130.0, 4595.0], [2130.0, 4585.0], [2130.0, 4575.0], [2130.0, 4565.0], [2130.0, 4555.0], [2125.0, 4550.0], [2120.0, 4545.0], [2125.0, 4540.0], [2130.0, 4535.0], [2125.0, 4530.0], [2120.0, 4525.0], [2125.0, 4520.0], [2130.0, 4515.0], [2130.0, 4505.0], [2125.0, 4500.0], [2120.0, 4495.0], [2120.0, 4485.0], [2115.0, 4480.0], [2110.0, 4475.0], [2115.0, 4470.0], [2120.0, 4465.0], [2115.0, 4460.0], [2110.0, 4455.0], [2110.0, 4445.0], [2105.0, 4440.0], [2100.0, 4435.0], [2100.0, 4425.0], [2095.0, 4420.0], [2090.0, 4415.0], [2095.0, 4410.0], [2100.0, 4405.0], [2095.0, 4400.0], [2090.0, 4395.0], [2085.0, 4390.0], [2080.0, 4385.0], [2075.0, 4380.0], [2070.0, 4375.0], [2070.0, 4365.0], [2065.0, 4360.0], [2060.0, 4355.0], [2060.0, 4345.0], [2060.0, 4335.0], [2060.0, 4325.0], [2055.0, 4320.0], [2050.0, 4315.0], [2050.0, 4305.0], [2055.0, 4300.0], [2060.0, 4295.0], [2065.0, 4290.0], [2070.0, 4285.0], [2075.0, 4280.0], [2080.0, 4285.0], [2085.0, 4290.0], [2090.0, 4285.0], [2095.0, 4280.0], [2100.0, 4275.0], [2105.0, 4270.0], [2110.0, 4265.0], [2105.0, 4260.0], [2100.0, 4255.0], [2095.0, 4250.0], [2090.0, 4245.0], [2085.0, 4240.0], [2080.0, 4235.0], [2075.0, 4230.0], [2070.0, 4225.0], [2065.0, 4220.0], [2060.0, 4225.0], [2055.0, 4230.0], [2050.0, 4235.0], [2045.0, 4240.0], [2040.0, 4245.0], [2035.0, 4250.0], [2030.0, 4245.0], [2025.0, 4240.0], [2020.0, 4235.0], [2015.0, 4230.0], [2010.0, 4225.0], [2005.0, 4220.0], [2000.0, 4215.0], [2000.0, 4205.0], [2005.0, 4200.0], [2010.0, 4195.0], [2015.0, 4190.0], [2020.0, 4185.0], [2025.0, 4180.0], [2030.0, 4185.0], [2035.0, 4190.0], [2040.0, 4195.0], [2045.0, 4200.0], [2050.0, 4205.0], [2055.0, 4210.0], [2065.0, 4210.0], [2070.0, 4205.0], [2075.0, 4200.0], [2080.0, 4195.0], [2085.0, 4190.0], [2090.0, 4185.0], [2095.0, 4180.0], [2100.0, 4175.0], [2105.0, 4170.0], [2110.0, 4165.0], [2115.0, 4160.0], [2120.0, 4155.0], [2120.0, 4145.0], [2115.0, 4140.0], [2110.0, 4135.0], [2105.0, 4130.0], [2100.0, 4125.0], [2105.0, 4120.0], [2110.0, 4115.0], [2115.0, 4110.0], [2120.0, 4105.0], [2125.0, 4100.0], [2135.0, 4100.0], [2140.0, 4105.0], [2145.0, 4110.0], [2155.0, 4110.0], [2165.0, 4110.0], [2175.0, 4110.0], [2180.0, 4115.0], [2185.0, 4120.0], [2190.0, 4125.0], [2195.0, 4130.0], [2200.0, 4135.0], [2205.0, 4140.0], [2210.0, 4145.0], [2215.0, 4150.0], [2225.0, 4150.0], [2230.0, 4155.0], [2230.0, 4165.0], [2235.0, 4170.0], [2240.0, 4175.0], [2245.0, 4180.0], [2250.0, 4185.0], [2255.0, 4190.0], [2260.0, 4195.0], [2265.0, 4200.0], [2270.0, 4205.0], [2270.0, 4215.0], [2265.0, 4220.0], [2260.0, 4225.0], [2265.0, 4230.0], [2270.0, 4235.0], [2275.0, 4240.0], [2280.0, 4245.0], [2285.0, 4250.0], [2290.0, 4255.0], [2290.0, 4265.0], [2295.0, 4270.0], [2305.0, 4270.0], [2310.0, 4275.0], [2310.0, 4285.0], [2310.0, 4295.0], [2315.0, 4300.0], [2320.0, 4305.0], [2320.0, 4315.0], [2325.0, 4320.0], [2330.0, 4325.0], [2330.0, 4335.0], [2330.0, 4345.0], [2330.0, 4355.0], [2335.0, 4360.0], [2340.0, 4365.0], [2340.0, 4375.0], [2345.0, 4380.0], [2350.0, 4385.0], [2355.0, 4390.0], [2360.0, 4395.0], [2365.0, 4400.0], [2370.0, 4405.0], [2370.0, 4415.0], [2370.0, 4425.0], [2375.0, 4430.0], [2380.0, 4435.0], [2385.0, 4440.0], [2390.0, 4445.0], [2390.0, 4455.0], [2395.0, 4460.0], [2400.0, 4465.0], [2405.0, 4470.0], [2410.0, 4475.0], [2415.0, 4480.0], [2420.0, 4485.0], [2425.0, 4490.0], [2430.0, 4495.0], [2430.0, 4505.0], [2430.0, 4515.0], [2435.0, 4520.0], [2440.0, 4525.0], [2445.0, 4530.0], [2450.0, 4535.0], [2455.0, 4540.0], [2460.0, 4545.0], [2465.0, 4550.0], [2470.0, 4555.0], [2475.0, 4560.0], [2480.0, 4565.0], [2485.0, 4570.0], [2490.0, 4575.0], [2495.0, 4580.0], [2500.0, 4585.0], [2500.0, 4595.0], [2505.0, 4600.0], [2510.0, 4605.0], [2515.0, 4610.0], [2520.0, 4615.0], [2525.0, 4620.0], [2530.0, 4625.0], [2535.0, 4630.0], [2540.0, 4635.0], [2545.0, 4640.0], [2550.0, 4645.0], [2555.0, 4650.0], [2560.0, 4655.0], [2560.0, 4665.0], [2565.0, 4670.0], [2570.0, 4675.0], [2575.0, 4680.0], [2580.0, 4685.0], [2585.0, 4690.0], [2595.0, 4690.0], [2605.0, 4690.0], [2615.0, 4690.0], [2620.0, 4695.0], [2625.0, 4700.0], [2635.0, 4700.0], [2645.0, 4700.0], [2650.0, 4705.0], [2655.0, 4710.0], [2660.0, 4715.0], [2660.0, 4725.0], [2665.0, 4730.0], [2670.0, 4735.0], [2675.0, 4740.0], [2680.0, 4745.0], [2685.0, 4750.0], [2690.0, 4755.0], [2695.0, 4760.0], [2700.0, 4765.0], [2705.0, 4770.0], [2715.0, 4770.0], [2720.0, 4775.0], [2725.0, 4780.0], [2735.0, 4780.0], [2740.0, 4785.0], [2740.0, 4795.0], [2745.0, 4800.0], [2750.0, 4805.0], [2750.0, 4815.0], [2755.0, 4820.0], [2760.0, 4825.0], [2760.0, 4835.0], [2765.0, 4840.0], [2770.0, 4845.0], [2770.0, 4855.0], [2775.0, 4860.0], [2780.0, 4865.0], [2785.0, 4870.0], [2790.0, 4875.0], [2795.0, 4880.0], [2800.0, 4885.0], [2800.0, 4895.0], [2800.0, 4905.0], [2800.0, 4915.0], [2800.0, 4925.0], [2805.0, 4930.0], [2810.0, 4935.0], [2810.0, 4945.0], [2810.0, 4955.0], [2815.0, 4960.0], [2820.0, 4965.0], [2820.0, 4975.0], [2820.0, 4985.0], [2825.0, 4990.0], [2830.0, 4995.0], [2830.0, 5005.0], [2835.0, 5010.0], [2840.0, 5015.0], [2840.0, 5025.0], [2845.0, 5030.0], [2850.0, 5035.0], [2850.0, 5045.0], [2850.0, 5055.0], [2850.0, 5065.0], [2855.0, 5070.0], [2860.0, 5075.0], [2860.0, 5085.0], [2855.0, 5090.0], [2850.0, 5085.0], [2845.0, 5080.0], [2840.0, 5085.0], [2835.0, 5090.0], [2830.0, 5095.0], [2825.0, 5100.0], [2820.0, 5105.0], [2820.0, 5115.0], [2820.0, 5125.0], [2815.0, 5130.0], [2810.0, 5135.0], [2805.0, 5140.0], [2800.0, 5145.0], [2795.0, 5150.0], [2785.0, 5150.0], [2775.0, 5150.0], [2765.0, 5150.0], [2755.0, 5150.0], [2750.0, 5155.0], [2745.0, 5160.0]]]}, "properties": {"objectType": "annotation", "name": "P2_3_C|lesion_11", "classification": {"name": "lesion", "color": [255, 0, 0]}, "lesion_id": 11, "section": "P2_3_C", "area_um2": 333350.0}}, {"type": "Feature", "geometry": {"type": "Polygon", "coordinates": [[[2765.0, 5100.0], [2755.0, 5100.0], [2745.0, 5100.0], [2735.0, 5100.0], [2725.0, 5100.0], [2715.0, 5100.0], [2710.0, 5095.0], [2705.0, 5090.0], [2700.0, 5085.0], [2695.0, 5080.0], [2690.0, 5075.0], [2685.0, 5070.0], [2680.0, 5065.0], [2675.0, 5060.0], [2670.0, 5055.0], [2665.0, 5050.0], [2655.0, 5050.0], [2650.0, 5045.0], [2645.0, 5040.0], [2635.0, 5040.0], [2625.0, 5040.0], [2615.0, 5040.0], [2605.0, 5040.0], [2595.0, 5040.0], [2585.0, 5040.0], [2580.0, 5035.0], [2575.0, 5030.0], [2565.0, 5030.0], [2560.0, 5025.0], [2555.0, 5020.0], [2545.0, 5020.0], [2540.0, 5015.0], [2535.0, 5010.0], [2525.0, 5010.0], [2520.0, 5005.0], [2520.0, 4995.0], [2515.0, 4990.0], [2510.0, 4985.0], [2510.0, 4975.0], [2510.0, 4965.0], [2505.0, 4960.0], [2500.0, 4955.0], [2500.0, 4945.0], [2495.0, 4940.0], [2490.0, 4935.0], [2490.0, 4925.0], [2485.0, 4920.0], [2480.0, 4915.0], [2475.0, 4910.0], [2470.0, 4905.0], [2465.0, 4900.0], [2460.0, 4895.0], [2455.0, 4890.0], [2450.0, 4885.0], [2445.0, 4880.0], [2435.0, 4880.0], [2430.0, 4875.0], [2425.0, 4870.0], [2415.0, 4870.0], [2410.0, 4865.0], [2405.0, 4860.0], [2395.0, 4860.0], [2390.0, 4855.0], [2385.0, 4850.0], [2375.0, 4850.0], [2365.0, 4850.0], [2360.0, 4855.0], [2355.0, 4860.0], [2345.0, 4860.0], [2340.0, 4865.0], [2335.0, 4870.0], [2330.0, 4875.0], [2325.0, 4880.0], [2320.0, 4875.0], [2320.0, 4865.0], [2320.0, 4855.0], [2320.0, 4845.0], [2320.0, 4835.0], [2320.0, 4825.0], [2325.0, 4820.0], [2330.0, 4815.0], [2330.0, 4805.0], [2330.0, 4795.0], [2325.0, 4790.0], [2320.0, 4785.0], [2320.0, 4775.0], [2320.0, 4765.0], [2320.0, 4755.0], [2320.0, 4745.0], [2315.0, 4740.0], [2310.0, 4735.0], [2310.0, 4725.0], [2310.0, 4715.0], [2315.0, 4710.0], [2320.0, 4705.0], [2320.0, 4695.0], [2320.0, 4685.0], [2320.0, 4675.0], [2320.0, 4665.0], [2320.0, 4655.0], [2315.0, 4650.0], [2310.0, 4645.0], [2310.0, 4635.0], [2305.0, 4630.0], [2300.0, 4625.0], [2295.0, 4620.0], [2290.0, 4615.0], [2290.0, 4605.0], [2285.0, 4600.0], [2280.0, 4595.0], [2280.0, 4585.0], [2275.0, 4580.0], [2270.0, 4575.0], [2265.0, 4570.0], [2260.0, 4565.0], [2255.0, 4560.0], [2250.0, 4555.0], [2245.0, 4550.0], [2235.0, 4550.0], [2230.0, 4545.0], [2225.0, 4540.0], [2215.0, 4540.0], [2205.0, 4540.0], [2200.0, 4545.0], [2195.0, 4550.0], [2185.0, 4550.0], [2180.0, 4545.0], [2180.0, 4535.0], [2180.0, 4525.0], [2180.0, 4515.0], [2180.0, 4505.0], [2180.0, 4495.0], [2175.0, 4490.0], [2170.0, 4485.0], [2170.0, 4475.0], [2170.0, 4465.0], [2170.0, 4455.0], [2165.0, 4450.0], [2160.0, 4445.0], [2160.0, 4435.0], [2155.0, 4430.0], [2150.0, 4425.0], [2150.0, 4415.0], [2150.0, 4405.0], [2150.0, 4395.0], [2145.0, 4390.0], [2140.0, 4385.0], [2140.0, 4375.0], [2135.0, 4370.0], [2130.0, 4365.0], [2125.0, 4360.0], [2120.0, 4355.0], [2115.0, 4350.0], [2110.0, 4345.0], [2110.0, 4335.0], [2115.0, 4330.0], [2120.0, 4325.0], [2125.0, 4320.0], [2130.0, 4315.0], [2135.0, 4310.0], [2140.0, 4305.0], [2145.0, 4300.0], [2150.0, 4295.0], [2150.0, 4285.0], [2155.0, 4280.0], [2160.0, 4275.0], [2160.0, 4265.0], [2160.0, 4255.0], [2155.0, 4250.0], [2150.0, 4245.0], [2150.0, 4235.0], [2145.0, 4230.0], [2140.0, 4225.0], [2135.0, 4220.0], [2130.0, 4215.0], [2135.0, 4210.0], [2140.0, 4205.0], [2145.0, 4200.0], [2150.0, 4195.0], [2155.0, 4190.0], [2160.0, 4185.0], [2160.0, 4175.0], [2165.0, 4170.0], [2170.0, 4165.0], [2170.0, 4155.0], [2175.0, 4150.0], [2180.0, 4155.0], [2185.0, 4160.0], [2195.0, 4160.0], [2200.0, 4165.0], [2205.0, 4170.0], [2215.0, 4170.0], [2220.0, 4175.0], [2225.0, 4180.0], [2230.0, 4185.0], [2235.0, 4190.0], [2240.0, 4195.0], [2245.0, 4200.0], [2250.0, 4205.0], [2255.0, 4210.0], [2265.0, 4210.0], [2270.0, 4215.0], [2265.0, 4220.0], [2260.0, 4225.0], [2265.0, 4230.0], [2270.0, 4235.0], [2275.0, 4240.0], [2280.0, 4245.0], [2285.0, 4250.0], [2290.0, 4255.0], [2290.0, 4265.0], [2295.0, 4270.0], [2300.0, 4275.0], [2300.0, 4285.0], [2300.0, 4295.0], [2300.0, 4305.0], [2300.0, 4315.0], [2305.0, 4320.0], [2310.0, 4325.0], [2310.0, 4335.0], [2315.0, 4340.0], [2320.0, 4345.0], [2320.0, 4355.0], [2325.0, 4360.0], [2330.0, 4365.0], [2330.0, 4375.0], [2330.0, 4385.0], [2335.0, 4390.0], [2340.0, 4395.0], [2340.0, 4405.0], [2345.0, 4410.0], [2350.0, 4415.0], [2355.0, 4420.0], [2360.0, 4425.0], [2360.0, 4435.0], [2365.0, 4440.0], [2370.0, 4445.0], [2370.0, 4455.0], [2375.0, 4460.0], [2380.0, 4465.0], [2385.0, 4470.0], [2390.0, 4475.0], [2390.0, 4485.0], [2395.0, 4490.0], [2400.0, 4495.0], [2405.0, 4500.0], [2410.0, 4505.0], [2415.0, 4510.0], [2420.0, 4515.0], [2425.0, 4520.0], [2430.0, 4525.0], [2435.0, 4530.0], [2440.0, 4535.0], [2445.0, 4540.0], [2450.0, 4545.0], [2455.0, 4550.0], [2460.0, 4555.0], [2465.0, 4560.0], [2470.0, 4565.0], [2475.0, 4570.0], [2480.0, 4575.0], [2485.0, 4580.0], [2490.0, 4585.0], [2490.0, 4595.0], [2495.0, 4600.0], [2500.0, 4605.0], [2505.0, 4610.0], [2510.0, 4615.0], [2515.0, 4620.0], [2520.0, 4625.0], [2525.0, 4630.0], [2535.0, 4630.0], [2540.0, 4635.0], [2545.0, 4640.0], [2550.0, 4645.0], [2555.0, 4650.0], [2560.0, 4655.0], [2560.0, 4665.0], [2565.0, 4670.0], [2570.0, 4675.0], [2575.0, 4680.0], [2580.0, 4685.0], [2585.0, 4690.0], [2595.0, 4690.0], [2605.0, 4690.0], [2615.0, 4690.0], [2620.0, 4695.0], [2625.0, 4700.0], [2635.0, 4700.0], [2645.0, 4700.0], [2650.0, 4705.0], [2655.0, 4710.0], [2660.0, 4715.0], [2660.0, 4725.0], [2665.0, 4730.0], [2670.0, 4735.0], [2675.0, 4740.0], [2680.0, 4745.0], [2685.0, 4750.0], [2690.0, 4755.0], [2695.0, 4760.0], [2700.0, 4765.0], [2705.0, 4770.0], [2710.0, 4775.0], [2710.0, 4785.0], [2715.0, 4790.0], [2720.0, 4795.0], [2720.0, 4805.0], [2720.0, 4815.0], [2725.0, 4820.0], [2730.0, 4825.0], [2730.0, 4835.0], [2735.0, 4840.0], [2740.0, 4845.0], [2740.0, 4855.0], [2745.0, 4860.0], [2750.0, 4865.0], [2750.0, 4875.0], [2755.0, 4880.0], [2760.0, 4885.0], [2765.0, 4890.0], [2770.0, 4895.0], [2770.0, 4905.0], [2770.0, 4915.0], [2770.0, 4925.0], [2775.0, 4930.0], [2780.0, 4935.0], [2780.0, 4945.0], [2780.0, 4955.0], [2785.0, 4960.0], [2790.0, 4965.0], [2790.0, 4975.0], [2795.0, 4980.0], [2800.0, 4985.0], [2800.0, 4995.0], [2800.0, 5005.0], [2805.0, 5010.0], [2810.0, 5015.0], [2810.0, 5025.0], [2815.0, 5030.0], [2820.0, 5035.0], [2815.0, 5040.0], [2810.0, 5045.0], [2805.0, 5050.0], [2800.0, 5055.0], [2795.0, 5060.0], [2790.0, 5065.0], [2785.0, 5070.0], [2780.0, 5075.0], [2780.0, 5085.0], [2775.0, 5090.0], [2770.0, 5095.0], [2765.0, 5100.0]]]}, "properties": {"objectType": "annotation", "name": "P2_3_C|core_11", "classification": {"name": "core", "color": [230, 103, 103]}, "lesion_id": 11, "section": "P2_3_C", "area_um2": 221450.0}}, {"type": "Feature", "geometry": {"type": "MultiPolygon", "coordinates": [[[[2330.0, 4355.0], [2330.0, 4345.0], [2330.0, 4335.0], [2330.0, 4325.0], [2325.0, 4320.0], [2320.0, 4315.0], [2320.0, 4305.0], [2315.0, 4300.0], [2310.0, 4295.0], [2310.0, 4285.0], [2310.0, 4275.0], [2305.0, 4270.0], [2300.0, 4275.0], [2300.0, 4285.0], [2300.0, 4295.0], [2300.0, 4305.0], [2300.0, 4315.0], [2305.0, 4320.0], [2310.0, 4325.0], [2310.0, 4335.0], [2315.0, 4340.0], [2320.0, 4345.0], [2320.0, 4355.0], [2325.0, 4360.0], [2330.0, 4355.0]]], [[[2430.0, 4505.0], [2430.0, 4495.0], [2425.0, 4490.0], [2420.0, 4485.0], [2415.0, 4480.0], [2410.0, 4475.0], [2405.0, 4470.0], [2400.0, 4465.0], [2395.0, 4460.0], [2390.0, 4455.0], [2390.0, 4445.0], [2385.0, 4440.0], [2380.0, 4435.0], [2375.0, 4430.0], [2370.0, 4425.0], [2370.0, 4415.0], [2370.0, 4405.0], [2365.0, 4400.0], [2360.0, 4395.0], [2355.0, 4390.0], [2350.0, 4385.0], [2345.0, 4380.0], [2340.0, 4375.0], [2340.0, 4365.0], [2335.0, 4360.0], [2330.0, 4365.0], [2330.0, 4375.0], [2330.0, 4385.0], [2335.0, 4390.0], [2340.0, 4395.0], [2340.0, 4405.0], [2345.0, 4410.0], [2350.0, 4415.0], [2355.0, 4420.0], [2360.0, 4425.0], [2360.0, 4435.0], [2365.0, 4440.0], [2370.0, 4445.0], [2370.0, 4455.0], [2375.0, 4460.0], [2380.0, 4465.0], [2385.0, 4470.0], [2390.0, 4475.0], [2390.0, 4485.0], [2395.0, 4490.0], [2400.0, 4495.0], [2405.0, 4500.0], [2410.0, 4505.0], [2415.0, 4510.0], [2420.0, 4515.0], [2425.0, 4520.0], [2430.0, 4515.0], [2430.0, 4505.0]]], [[[2755.0, 5150.0], [2765.0, 5150.0], [2775.0, 5150.0], [2785.0, 5150.0], [2795.0, 5150.0], [2800.0, 5145.0], [2805.0, 5140.0], [2810.0, 5135.0], [2815.0, 5130.0], [2820.0, 5125.0], [2820.0, 5115.0], [2820.0, 5105.0], [2825.0, 5100.0], [2830.0, 5095.0], [2835.0, 5090.0], [2840.0, 5085.0], [2845.0, 5080.0], [2850.0, 5085.0], [2855.0, 5090.0], [2860.0, 5085.0], [2860.0, 5075.0], [2855.0, 5070.0], [2850.0, 5065.0], [2850.0, 5055.0], [2850.0, 5045.0], [2850.0, 5035.0], [2845.0, 5030.0], [2840.0, 5025.0], [2840.0, 5015.0], [2835.0, 5010.0], [2830.0, 5005.0], [2830.0, 4995.0], [2825.0, 4990.0], [2820.0, 4985.0], [2820.0, 4975.0], [2820.0, 4965.0], [2815.0, 4960.0], [2810.0, 4955.0], [2810.0, 4945.0], [2810.0, 4935.0], [2805.0, 4930.0], [2800.0, 4925.0], [2800.0, 4915.0], [2800.0, 4905.0], [2800.0, 4895.0], [2800.0, 4885.0], [2795.0, 4880.0], [2790.0, 4875.0], [2785.0, 4870.0], [2780.0, 4865.0], [2775.0, 4860.0], [2770.0, 4855.0], [2770.0, 4845.0], [2765.0, 4840.0], [2760.0, 4835.0], [2760.0, 4825.0], [2755.0, 4820.0], [2750.0, 4815.0], [2750.0, 4805.0], [2745.0, 4800.0], [2740.0, 4795.0], [2740.0, 4785.0], [2735.0, 4780.0], [2725.0, 4780.0], [2720.0, 4775.0], [2715.0, 4770.0], [2710.0, 4775.0], [2710.0, 4785.0], [2715.0, 4790.0], [2720.0, 4795.0], [2720.0, 4805.0], [2720.0, 4815.0], [2725.0, 4820.0], [2730.0, 4825.0], [2730.0, 4835.0], [2735.0, 4840.0], [2740.0, 4845.0], [2740.0, 4855.0], [2745.0, 4860.0], [2750.0, 4865.0], [2750.0, 4875.0], [2755.0, 4880.0], [2760.0, 4885.0], [2765.0, 4890.0], [2770.0, 4895.0], [2770.0, 4905.0], [2770.0, 4915.0], [2770.0, 4925.0], [2775.0, 4930.0], [2780.0, 4935.0], [2780.0, 4945.0], [2780.0, 4955.0], [2785.0, 4960.0], [2790.0, 4965.0], [2790.0, 4975.0], [2795.0, 4980.0], [2800.0, 4985.0], [2800.0, 4995.0], [2800.0, 5005.0], [2805.0, 5010.0], [2810.0, 5015.0], [2810.0, 5025.0], [2815.0, 5030.0], [2820.0, 5035.0], [2815.0, 5040.0], [2810.0, 5045.0], [2805.0, 5050.0], [2800.0, 5055.0], [2795.0, 5060.0], [2790.0, 5065.0], [2785.0, 5070.0], [2780.0, 5075.0], [2780.0, 5085.0], [2775.0, 5090.0], [2770.0, 5095.0], [2765.0, 5100.0], [2755.0, 5100.0], [2745.0, 5100.0], [2735.0, 5100.0], [2725.0, 5100.0], [2715.0, 5100.0], [2710.0, 5095.0], [2705.0, 5090.0], [2700.0, 5085.0], [2695.0, 5080.0], [2690.0, 5075.0], [2685.0, 5070.0], [2680.0, 5065.0], [2675.0, 5060.0], [2670.0, 5055.0], [2665.0, 5050.0], [2655.0, 5050.0], [2650.0, 5045.0], [2645.0, 5040.0], [2635.0, 5040.0], [2625.0, 5040.0], [2615.0, 5040.0], [2605.0, 5040.0], [2595.0, 5040.0], [2585.0, 5040.0], [2580.0, 5035.0], [2575.0, 5030.0], [2565.0, 5030.0], [2560.0, 5025.0], [2555.0, 5020.0], [2545.0, 5020.0], [2540.0, 5015.0], [2535.0, 5010.0], [2525.0, 5010.0], [2520.0, 5005.0], [2520.0, 4995.0], [2515.0, 4990.0], [2510.0, 4985.0], [2510.0, 4975.0], [2510.0, 4965.0], [2505.0, 4960.0], [2500.0, 4955.0], [2500.0, 4945.0], [2495.0, 4940.0], [2490.0, 4935.0], [2490.0, 4925.0], [2485.0, 4920.0], [2480.0, 4915.0], [2475.0, 4910.0], [2470.0, 4905.0], [2465.0, 4900.0], [2460.0, 4895.0], [2455.0, 4890.0], [2450.0, 4885.0], [2445.0, 4880.0], [2435.0, 4880.0], [2430.0, 4875.0], [2425.0, 4870.0], [2415.0, 4870.0], [2410.0, 4865.0], [2405.0, 4860.0], [2395.0, 4860.0], [2390.0, 4855.0], [2385.0, 4850.0], [2375.0, 4850.0], [2365.0, 4850.0], [2360.0, 4855.0], [2355.0, 4860.0], [2345.0, 4860.0], [2340.0, 4865.0], [2335.0, 4870.0], [2330.0, 4875.0], [2325.0, 4880.0], [2320.0, 4875.0], [2320.0, 4865.0], [2320.0, 4855.0], [2320.0, 4845.0], [2320.0, 4835.0], [2320.0, 4825.0], [2325.0, 4820.0], [2330.0, 4815.0], [2330.0, 4805.0], [2330.0, 4795.0], [2325.0, 4790.0], [2320.0, 4785.0], [2320.0, 4775.0], [2320.0, 4765.0], [2320.0, 4755.0], [2320.0, 4745.0], [2315.0, 4740.0], [2310.0, 4735.0], [2310.0, 4725.0], [2310.0, 4715.0], [2315.0, 4710.0], [2320.0, 4705.0], [2320.0, 4695.0], [2320.0, 4685.0], [2320.0, 4675.0], [2320.0, 4665.0], [2320.0, 4655.0], [2315.0, 4650.0], [2310.0, 4645.0], [2310.0, 4635.0], [2305.0, 4630.0], [2300.0, 4625.0], [2295.0, 4620.0], [2290.0, 4615.0], [2290.0, 4605.0], [2285.0, 4600.0], [2280.0, 4595.0], [2280.0, 4585.0], [2275.0, 4580.0], [2270.0, 4575.0], [2265.0, 4570.0], [2260.0, 4565.0], [2255.0, 4560.0], [2250.0, 4555.0], [2245.0, 4550.0], [2235.0, 4550.0], [2230.0, 4545.0], [2225.0, 4540.0], [2215.0, 4540.0], [2205.0, 4540.0], [2200.0, 4545.0], [2195.0, 4550.0], [2185.0, 4550.0], [2180.0, 4545.0], [2180.0, 4535.0], [2180.0, 4525.0], [2180.0, 4515.0], [2180.0, 4505.0], [2180.0, 4495.0], [2175.0, 4490.0], [2170.0, 4485.0], [2170.0, 4475.0], [2170.0, 4465.0], [2170.0, 4455.0], [2165.0, 4450.0], [2160.0, 4445.0], [2160.0, 4435.0], [2155.0, 4430.0], [2150.0, 4425.0], [2150.0, 4415.0], [2150.0, 4405.0], [2150.0, 4395.0], [2145.0, 4390.0], [2140.0, 4385.0], [2140.0, 4375.0], [2135.0, 4370.0], [2130.0, 4365.0], [2125.0, 4360.0], [2120.0, 4355.0], [2115.0, 4350.0], [2110.0, 4345.0], [2110.0, 4335.0], [2115.0, 4330.0], [2120.0, 4325.0], [2125.0, 4320.0], [2130.0, 4315.0], [2135.0, 4310.0], [2140.0, 4305.0], [2145.0, 4300.0], [2150.0, 4295.0], [2150.0, 4285.0], [2155.0, 4280.0], [2160.0, 4275.0], [2160.0, 4265.0], [2160.0, 4255.0], [2155.0, 4250.0], [2150.0, 4245.0], [2150.0, 4235.0], [2145.0, 4230.0], [2140.0, 4225.0], [2135.0, 4220.0], [2130.0, 4215.0], [2135.0, 4210.0], [2140.0, 4205.0], [2145.0, 4200.0], [2150.0, 4195.0], [2155.0, 4190.0], [2160.0, 4185.0], [2160.0, 4175.0], [2165.0, 4170.0], [2170.0, 4165.0], [2170.0, 4155.0], [2175.0, 4150.0], [2180.0, 4155.0], [2185.0, 4160.0], [2195.0, 4160.0], [2200.0, 4165.0], [2205.0, 4170.0], [2215.0, 4170.0], [2220.0, 4175.0], [2225.0, 4180.0], [2230.0, 4185.0], [2235.0, 4190.0], [2240.0, 4195.0], [2245.0, 4200.0], [2250.0, 4205.0], [2255.0, 4210.0], [2265.0, 4210.0], [2270.0, 4205.0], [2265.0, 4200.0], [2260.0, 4195.0], [2255.0, 4190.0], [2250.0, 4185.0], [2245.0, 4180.0], [2240.0, 4175.0], [2235.0, 4170.0], [2230.0, 4165.0], [2230.0, 4155.0], [2225.0, 4150.0], [2215.0, 4150.0], [2210.0, 4145.0], [2205.0, 4140.0], [2200.0, 4135.0], [2195.0, 4130.0], [2190.0, 4125.0], [2185.0, 4120.0], [2180.0, 4115.0], [2175.0, 4110.0], [2165.0, 4110.0], [2155.0, 4110.0], [2145.0, 4110.0], [2140.0, 4105.0], [2135.0, 4100.0], [2125.0, 4100.0], [2120.0, 4105.0], [2115.0, 4110.0], [2110.0, 4115.0], [2105.0, 4120.0], [2100.0, 4125.0], [2105.0, 4130.0], [2110.0, 4135.0], [2115.0, 4140.0], [2120.0, 4145.0], [2120.0, 4155.0], [2115.0, 4160.0], [2110.0, 4165.0], [2105.0, 4170.0], [2100.0, 4175.0], [2095.0, 4180.0], [2090.0, 4185.0], [2085.0, 4190.0], [2080.0, 4195.0], [2075.0, 4200.0], [2070.0, 4205.0], [2065.0, 4210.0], [2055.0, 4210.0], [2050.0, 4205.0], [2045.0, 4200.0], [2040.0, 4195.0], [2035.0, 4190.0], [2030.0, 4185.0], [2025.0, 4180.0], [2020.0, 4185.0], [2015.0, 4190.0], [2010.0, 4195.0], [2005.0, 4200.0], [2000.0, 4205.0], [2000.0, 4215.0], [2005.0, 4220.0], [2010.0, 4225.0], [2015.0, 4230.0], [2020.0, 4235.0], [2025.0, 4240.0], [2030.0, 4245.0], [2035.0, 4250.0], [2040.0, 4245.0], [2045.0, 4240.0], [2050.0, 4235.0], [2055.0, 4230.0], [2060.0, 4225.0], [2065.0, 4220.0], [2070.0, 4225.0], [2075.0, 4230.0], [2080.0, 4235.0], [2085.0, 4240.0], [2090.0, 4245.0], [2095.0, 4250.0], [2100.0, 4255.0], [2105.0, 4260.0], [2110.0, 4265.0], [2105.0, 4270.0], [2100.0, 4275.0], [2095.0, 4280.0], [2090.0, 4285.0], [2085.0, 4290.0], [2080.0, 4285.0], [2075.0, 4280.0], [2070.0, 4285.0], [2065.0, 4290.0], [2060.0, 4295.0], [2055.0, 4300.0], [2050.0, 4305.0], [2050.0, 4315.0], [2055.0, 4320.0], [2060.0, 4325.0], [2060.0, 4335.0], [2060.0, 4345.0], [2060.0, 4355.0], [2065.0, 4360.0], [2070.0, 4365.0], [2070.0, 4375.0], [2075.0, 4380.0], [2080.0, 4385.0], [2085.0, 4390.0], [2090.0, 4395.0], [2095.0, 4400.0], [2100.0, 4405.0], [2095.0, 4410.0], [2090.0, 4415.0], [2095.0, 4420.0], [2100.0, 4425.0], [2100.0, 4435.0], [2105.0, 4440.0], [2110.0, 4445.0], [2110.0, 4455.0], [2115.0, 4460.0], [2120.0, 4465.0], [2115.0, 4470.0], [2110.0, 4475.0], [2115.0, 4480.0], [2120.0, 4485.0], [2120.0, 4495.0], [2125.0, 4500.0], [2130.0, 4505.0], [2130.0, 4515.0], [2125.0, 4520.0], [2120.0, 4525.0], [2125.0, 4530.0], [2130.0, 4535.0], [2125.0, 4540.0], [2120.0, 4545.0], [2125.0, 4550.0], [2130.0, 4555.0], [2130.0, 4565.0], [2130.0, 4575.0], [2130.0, 4585.0], [2130.0, 4595.0], [2130.0, 4605.0], [2125.0, 4610.0], [2120.0, 4615.0], [2120.0, 4625.0], [2120.0, 4635.0], [2120.0, 4645.0], [2125.0, 4650.0], [2130.0, 4655.0], [2135.0, 4660.0], [2140.0, 4665.0], [2145.0, 4670.0], [2155.0, 4670.0], [2160.0, 4665.0], [2165.0, 4660.0], [2170.0, 4655.0], [2175.0, 4650.0], [2180.0, 4645.0], [2180.0, 4635.0], [2180.0, 4625.0], [2185.0, 4620.0], [2190.0, 4615.0], [2195.0, 4610.0], [2200.0, 4605.0], [2205.0, 4600.0], [2210.0, 4595.0], [2215.0, 4590.0], [2220.0, 4595.0], [2225.0, 4600.0], [2230.0, 4605.0], [2235.0, 4610.0], [2240.0, 4615.0], [2240.0, 4625.0], [2245.0, 4630.0], [2250.0, 4635.0], [2250.0, 4645.0], [2255.0, 4650.0], [2260.0, 4655.0], [2265.0, 4660.0], [2270.0, 4665.0], [2270.0, 4675.0], [2270.0, 4685.0], [2270.0, 4695.0], [2265.0, 4700.0], [2260.0, 4705.0], [2255.0, 4710.0], [2250.0, 4715.0], [2245.0, 4720.0], [2240.0, 4725.0], [2245.0, 4730.0], [2250.0, 4735.0], [2255.0, 4740.0], [2260.0, 4745.0], [2265.0, 4750.0], [2270.0, 4755.0], [2270.0, 4765.0], [2270.0, 4775.0], [2270.0, 4785.0], [2270.0, 4795.0], [2275.0, 4800.0], [2280.0, 4805.0], [2275.0, 4810.0], [2270.0, 4815.0], [2270.0, 4825.0], [2270.0, 4835.0], [2270.0, 4845.0], [2270.0, 4855.0], [2270.0, 4865.0], [2270.0, 4875.0], [2265.0, 4880.0], [2260.0, 4885.0], [2255.0, 4890.0], [2250.0, 4895.0], [2245.0, 4900.0], [2240.0, 4905.0], [2240.0, 4915.0], [2235.0, 4920.0], [2230.0, 4925.0], [2230.0, 4935.0], [2235.0, 4940.0], [2240.0, 4945.0], [2245.0, 4950.0], [2250.0, 4955.0], [2255.0, 4960.0], [2265.0, 4960.0], [2270.0, 4955.0], [2275.0, 4950.0], [2285.0, 4950.0], [2290.0, 4945.0], [2295.0, 4940.0], [2305.0, 4940.0], [2315.0, 4940.0], [2325.0, 4940.0], [2335.0, 4940.0], [2340.0, 4935.0], [2345.0, 4930.0], [2350.0, 4925.0], [2355.0, 4920.0], [2360.0, 4915.0], [2365.0, 4910.0], [2370.0, 4905.0], [2375.0, 4900.0], [2380.0, 4905.0], [2385.0, 4910.0], [2390.0, 4915.0], [2395.0, 4920.0], [2405.0, 4920.0], [2415.0, 4920.0], [2420.0, 4925.0], [2425.0, 4930.0], [2430.0, 4935.0], [2435.0, 4940.0], [2440.0, 4945.0], [2445.0, 4950.0], [2450.0, 4955.0], [2450.0, 4965.0], [2455.0, 4970.0], [2460.0, 4975.0], [2460.0, 4985.0], [2460.0, 4995.0], [2465.0, 5000.0], [2470.0, 5005.0], [2470.0, 5015.0], [2470.0, 5025.0], [2475.0, 5030.0], [2480.0, 5035.0], [2485.0, 5040.0], [2490.0, 5045.0], [2495.0, 5050.0], [2500.0, 5055.0], [2505.0, 5060.0], [2515.0, 5060.0], [2525.0, 5060.0], [2530.0, 5065.0], [2535.0, 5070.0], [2540.0, 5075.0], [2545.0, 5080.0], [2555.0, 5080.0], [2565.0, 5080.0], [2570.0, 5085.0], [2575.0, 5090.0], [2585.0, 5090.0], [2595.0, 5090.0], [2605.0, 5090.0], [2615.0, 5090.0], [2625.0, 5090.0], [2635.0, 5090.0], [2640.0, 5095.0], [2645.0, 5100.0], [2650.0, 5105.0], [2655.0, 5110.0], [2660.0, 5115.0], [2665.0, 5120.0], [2670.0, 5125.0], [2675.0, 5130.0], [2680.0, 5135.0], [2685.0, 5140.0], [2690.0, 5145.0], [2695.0, 5150.0], [2705.0, 5150.0], [2715.0, 5150.0], [2725.0, 5150.0], [2730.0, 5155.0], [2735.0, 5160.0], [2745.0, 5160.0], [2750.0, 5155.0], [2755.0, 5150.0]]]]}, "properties": {"objectType": "annotation", "name": "P2_3_C|rim_11", "classification": {"name": "rim", "color": [201, 133, 0]}, "lesion_id": 11, "section": "P2_3_C", "area_um2": 110650.0}}, {"type": "Feature", "geometry": {"type": "Polygon", "coordinates": [[[1585.0, 4260.0], [1580.0, 4255.0], [1575.0, 4250.0], [1570.0, 4245.0], [1565.0, 4240.0], [1560.0, 4235.0], [1560.0, 4225.0], [1565.0, 4220.0], [1570.0, 4215.0], [1565.0, 4210.0], [1560.0, 4205.0], [1555.0, 4200.0], [1550.0, 4195.0], [1545.0, 4190.0], [1540.0, 4185.0], [1535.0, 4180.0], [1525.0, 4180.0], [1520.0, 4175.0], [1515.0, 4170.0], [1510.0, 4165.0], [1505.0, 4160.0], [1500.0, 4155.0], [1505.0, 4150.0], [1510.0, 4145.0], [1515.0, 4140.0], [1520.0, 4135.0], [1525.0, 4130.0], [1535.0, 4130.0], [1540.0, 4125.0], [1545.0, 4120.0], [1555.0, 4120.0], [1565.0, 4120.0], [1575.0, 4120.0], [1585.0, 4120.0], [1595.0, 4120.0], [1600.0, 4115.0], [1605.0, 4110.0], [1615.0, 4110.0], [1625.0, 4110.0], [1630.0, 4115.0], [1635.0, 4120.0], [1640.0, 4125.0], [1640.0, 4135.0], [1640.0, 4145.0], [1640.0, 4155.0], [1635.0, 4160.0], [1630.0, 4165.0], [1630.0, 4175.0], [1625.0, 4180.0], [1620.0, 4185.0], [1615.0, 4190.0], [1610.0, 4195.0], [1605.0, 4200.0], [1600.0, 4205.0], [1600.0, 4215.0], [1605.0, 4220.0], [1610.0, 4225.0], [1610.0, 4235.0], [1605.0, 4240.0], [1600.0, 4245.0], [1595.0, 4250.0], [1590.0, 4255.0], [1585.0, 4260.0]]]}, "properties": {"objectType": "annotation", "name": "P2_3_C|lesion_12", "classification": {"name": "lesion", "color": [255, 0, 0]}, "lesion_id": 12, "section": "P2_3_C", "area_um2": 10950.0}}, {"type": "Feature", "geometry": {"type": "Polygon", "coordinates": [[[1585.0, 4260.0], [1580.0, 4255.0], [1575.0, 4250.0], [1570.0, 4245.0], [1565.0, 4240.0], [1560.0, 4235.0], [1560.0, 4225.0], [1565.0, 4220.0], [1570.0, 4215.0], [1565.0, 4210.0], [1560.0, 4205.0], [1555.0, 4200.0], [1550.0, 4195.0], [1545.0, 4190.0], [1540.0, 4185.0], [1535.0, 4180.0], [1525.0, 4180.0], [1520.0, 4175.0], [1515.0, 4170.0], [1510.0, 4165.0], [1505.0, 4160.0], [1500.0, 4155.0], [1505.0, 4150.0], [1510.0, 4145.0], [1515.0, 4140.0], [1520.0, 4135.0], [1525.0, 4130.0], [1535.0, 4130.0], [1540.0, 4125.0], [1545.0, 4120.0], [1555.0, 4120.0], [1565.0, 4120.0], [1575.0, 4120.0], [1585.0, 4120.0], [1595.0, 4120.0], [1600.0, 4115.0], [1605.0, 4110.0], [1615.0, 4110.0], [1625.0, 4110.0], [1630.0, 4115.0], [1635.0, 4120.0], [1640.0, 4125.0], [1640.0, 4135.0], [1640.0, 4145.0], [1640.0, 4155.0], [1635.0, 4160.0], [1630.0, 4165.0], [1630.0, 4175.0], [1625.0, 4180.0], [1620.0, 4185.0], [1615.0, 4190.0], [1610.0, 4195.0], [1605.0, 4200.0], [1600.0, 4205.0], [1600.0, 4215.0], [1605.0, 4220.0], [1610.0, 4225.0], [1610.0, 4235.0], [1605.0, 4240.0], [1600.0, 4245.0], [1595.0, 4250.0], [1590.0, 4255.0], [1585.0, 4260.0]]]}, "properties": {"objectType": "annotation", "name": "P2_3_C|rim_12", "classification": {"name": "rim", "color": [201, 133, 0]}, "lesion_id": 12, "section": "P2_3_C", "area_um2": 10950.0}}, {"type": "Feature", "geometry": {"type": "Polygon", "coordinates": [[[845.0, 5550.0], [835.0, 5550.0], [830.0, 5545.0], [825.0, 5540.0], [820.0, 5535.0], [815.0, 5530.0], [810.0, 5525.0], [815.0, 5520.0], [820.0, 5515.0], [825.0, 5510.0], [830.0, 5505.0], [835.0, 5500.0], [840.0, 5495.0], [845.0, 5490.0], [850.0, 5485.0], [845.0, 5480.0], [840.0, 5475.0], [835.0, 5470.0], [830.0, 5465.0], [825.0, 5460.0], [820.0, 5465.0], [815.0, 5470.0], [805.0, 5470.0], [795.0, 5470.0], [785.0, 5470.0], [780.0, 5465.0], [775.0, 5460.0], [765.0, 5460.0], [760.0, 5455.0], [755.0, 5450.0], [750.0, 5445.0], [745.0, 5440.0], [740.0, 5435.0], [740.0, 5425.0], [735.0, 5420.0], [730.0, 5415.0], [725.0, 5410.0], [720.0, 5405.0], [715.0, 5400.0], [710.0, 5395.0], [705.0, 5390.0], [700.0, 5385.0], [695.0, 5380.0], [690.0, 5375.0], [695.0, 5370.0], [700.0, 5365.0], [705.0, 5360.0], [710.0, 5355.0], [715.0, 5350.0], [720.0, 5345.0], [725.0, 5340.0], [730.0, 5335.0], [735.0, 5330.0], [740.0, 5325.0], [735.0, 5320.0], [730.0, 5315.0], [725.0, 5310.0], [720.0, 5305.0], [715.0, 5300.0], [710.0, 5295.0], [715.0, 5290.0], [720.0, 5285.0], [720.0, 5275.0], [720.0, 5265.0], [725.0, 5260.0], [730.0, 5255.0], [725.0, 5250.0], [720.0, 5245.0], [725.0, 5240.0], [730.0, 5235.0], [725.0, 5230.0], [720.0, 5225.0], [715.0, 5220.0], [710.0, 5215.0], [710.0, 5205.0], [715.0, 5200.0], [720.0, 5195.0], [720.0, 5185.0], [725.0, 5180.0], [730.0, 5175.0], [725.0, 5170.0], [720.0, 5165.0], [715.0, 5160.0], [710.0, 5155.0], [705.0, 5150.0], [700.0, 5145.0], [695.0, 5140.0], [690.0, 5135.0], [685.0, 5130.0], [680.0, 5125.0], [685.0, 5120.0], [690.0, 5115.0], [695.0, 5110.0], [700.0, 5105.0], [705.0, 5100.0], [710.0, 5095.0], [715.0, 5090.0], [725.0, 5090.0], [730.0, 5095.0], [735.0, 5100.0], [740.0, 5105.0], [745.0, 5110.0], [750.0, 5115.0], [755.0, 5120.0], [760.0, 5125.0], [765.0, 5130.0], [770.0, 5125.0], [775.0, 5120.0], [780.0, 5115.0], [785.0, 5110.0], [790.0, 5105.0], [795.0, 5100.0], [805.0, 5100.0], [810.0, 5105.0], [815.0, 5110.0], [820.0, 5115.0], [825.0, 5120.0], [830.0, 5125.0], [830.0, 5135.0], [825.0, 5140.0], [820.0, 5145.0], [815.0, 5150.0], [810.0, 5155.0], [810.0, 5165.0], [805.0, 5170.0], [800.0, 5175.0], [795.0, 5180.0], [790.0, 5185.0], [795.0, 5190.0], [800.0, 5195.0], [805.0, 5200.0], [810.0, 5205.0], [815.0, 5210.0], [820.0, 5215.0], [820.0, 5225.0], [825.0, 5230.0], [830.0, 5235.0], [830.0, 5245.0], [835.0, 5250.0], [840.0, 5255.0], [840.0, 5265.0], [840.0, 5275.0], [840.0, 5285.0], [835.0, 5290.0], [830.0, 5295.0], [825.0, 5300.0], [820.0, 5305.0], [815.0, 5310.0], [805.0, 5310.0], [800.0, 5315.0], [795.0, 5320.0], [785.0, 5320.0], [775.0, 5320.0], [770.0, 5325.0], [765.0, 5330.0], [760.0, 5335.0], [755.0, 5340.0], [750.0, 5345.0], [755.0, 5350.0], [760.0, 5355.0], [765.0, 5360.0], [770.0, 5365.0], [775.0, 5370.0], [780.0, 5375.0], [780.0, 5385.0], [780.0, 5395.0], [785.0, 5400.0], [790.0, 5405.0], [795.0, 5410.0], [800.0, 5415.0], [805.0, 5420.0], [815.0, 5420.0], [820.0, 5425.0], [825.0, 5430.0], [830.0, 5425.0], [835.0, 5420.0], [840.0, 5415.0], [845.0, 5410.0], [850.0, 5405.0], [855.0, 5400.0], [865.0, 5400.0], [870.0, 5395.0], [875.0, 5390.0], [885.0, 5390.0], [890.0, 5395.0], [895.0, 5400.0], [900.0, 5405.0], [905.0, 5410.0], [910.0, 5415.0], [910.0, 5425.0], [905.0, 5430.0], [900.0, 5435.0], [895.0, 5440.0], [890.0, 5445.0], [885.0, 5450.0], [880.0, 5455.0], [875.0, 5460.0], [870.0, 5465.0], [865.0, 5470.0], [860.0, 5475.0], [865.0, 5480.0], [870.0, 5485.0], [875.0, 5490.0], [880.0, 5495.0], [885.0, 5500.0], [890.0, 5495.0], [895.0, 5490.0], [905.0, 5490.0], [910.0, 5495.0], [915.0, 5500.0], [920.0, 5505.0], [925.0, 5510.0], [930.0, 5515.0], [925.0, 5520.0], [920.0, 5525.0], [915.0, 5530.0], [910.0, 5535.0], [905.0, 5540.0], [895.0, 5540.0], [890.0, 5535.0], [885.0, 5530.0], [880.0, 5535.0], [875.0, 5540.0], [865.0, 5540.0], [855.0, 5540.0], [850.0, 5545.0], [845.0, 5550.0]]]}, "properties": {"objectType": "annotation", "name": "P2_3_C|lesion_14", "classification": {"name": "lesion", "color": [255, 0, 0]}, "lesion_id": 14, "section": "P2_3_C", "area_um2": 41650.0}}, {"type": "Feature", "geometry": {"type": "Polygon", "coordinates": [[[845.0, 5550.0], [835.0, 5550.0], [830.0, 5545.0], [825.0, 5540.0], [820.0, 5535.0], [815.0, 5530.0], [810.0, 5525.0], [815.0, 5520.0], [820.0, 5515.0], [825.0, 5510.0], [830.0, 5505.0], [835.0, 5500.0], [840.0, 5495.0], [845.0, 5490.0], [850.0, 5485.0], [845.0, 5480.0], [840.0, 5475.0], [835.0, 5470.0], [830.0, 5465.0], [825.0, 5460.0], [820.0, 5465.0], [815.0, 5470.0], [805.0, 5470.0], [795.0, 5470.0], [785.0, 5470.0], [780.0, 5465.0], [775.0, 5460.0], [765.0, 5460.0], [760.0, 5455.0], [755.0, 5450.0], [750.0, 5445.0], [745.0, 5440.0], [740.0, 5435.0], [740.0, 5425.0], [735.0, 5420.0], [730.0, 5415.0], [725.0, 5410.0], [720.0, 5405.0], [715.0, 5400.0], [710.0, 5395.0], [705.0, 5390.0], [700.0, 5385.0], [695.0, 5380.0], [690.0, 5375.0], [695.0, 5370.0], [700.0, 5365.0], [705.0, 5360.0], [710.0, 5355.0], [715.0, 5350.0], [720.0, 5345.0], [725.0, 5340.0], [730.0, 5335.0], [735.0, 5330.0], [740.0, 5325.0], [735.0, 5320.0], [730.0, 5315.0], [725.0, 5310.0], [720.0, 5305.0], [715.0, 5300.0], [710.0, 5295.0], [715.0, 5290.0], [720.0, 5285.0], [720.0, 5275.0], [720.0, 5265.0], [725.0, 5260.0], [730.0, 5255.0], [725.0, 5250.0], [720.0, 5245.0], [725.0, 5240.0], [730.0, 5235.0], [725.0, 5230.0], [720.0, 5225.0], [715.0, 5220.0], [710.0, 5215.0], [710.0, 5205.0], [715.0, 5200.0], [720.0, 5195.0], [720.0, 5185.0], [725.0, 5180.0], [730.0, 5175.0], [725.0, 5170.0], [720.0, 5165.0], [715.0, 5160.0], [710.0, 5155.0], [705.0, 5150.0], [700.0, 5145.0], [695.0, 5140.0], [690.0, 5135.0], [685.0, 5130.0], [680.0, 5125.0], [685.0, 5120.0], [690.0, 5115.0], [695.0, 5110.0], [700.0, 5105.0], [705.0, 5100.0], [710.0, 5095.0], [715.0, 5090.0], [725.0, 5090.0], [730.0, 5095.0], [735.0, 5100.0], [740.0, 5105.0], [745.0, 5110.0], [750.0, 5115.0], [755.0, 5120.0], [760.0, 5125.0], [765.0, 5130.0], [770.0, 5125.0], [775.0, 5120.0], [780.0, 5115.0], [785.0, 5110.0], [790.0, 5105.0], [795.0, 5100.0], [805.0, 5100.0], [810.0, 5105.0], [815.0, 5110.0], [820.0, 5115.0], [825.0, 5120.0], [830.0, 5125.0], [830.0, 5135.0], [825.0, 5140.0], [820.0, 5145.0], [815.0, 5150.0], [810.0, 5155.0], [810.0, 5165.0], [805.0, 5170.0], [800.0, 5175.0], [795.0, 5180.0], [790.0, 5185.0], [795.0, 5190.0], [800.0, 5195.0], [805.0, 5200.0], [810.0, 5205.0], [815.0, 5210.0], [820.0, 5215.0], [820.0, 5225.0], [825.0, 5230.0], [830.0, 5235.0], [830.0, 5245.0], [835.0, 5250.0], [840.0, 5255.0], [840.0, 5265.0], [840.0, 5275.0], [840.0, 5285.0], [835.0, 5290.0], [830.0, 5295.0], [825.0, 5300.0], [820.0, 5305.0], [815.0, 5310.0], [805.0, 5310.0], [800.0, 5315.0], [795.0, 5320.0], [785.0, 5320.0], [775.0, 5320.0], [770.0, 5325.0], [765.0, 5330.0], [760.0, 5335.0], [755.0, 5340.0], [750.0, 5345.0], [755.0, 5350.0], [760.0, 5355.0], [765.0, 5360.0], [770.0, 5365.0], [775.0, 5370.0], [780.0, 5375.0], [780.0, 5385.0], [780.0, 5395.0], [785.0, 5400.0], [790.0, 5405.0], [795.0, 5410.0], [800.0, 5415.0], [805.0, 5420.0], [815.0, 5420.0], [820.0, 5425.0], [825.0, 5430.0], [830.0, 5425.0], [835.0, 5420.0], [840.0, 5415.0], [845.0, 5410.0], [850.0, 5405.0], [855.0, 5400.0], [865.0, 5400.0], [870.0, 5395.0], [875.0, 5390.0], [885.0, 5390.0], [890.0, 5395.0], [895.0, 5400.0], [900.0, 5405.0], [905.0, 5410.0], [910.0, 5415.0], [910.0, 5425.0], [905.0, 5430.0], [900.0, 5435.0], [895.0, 5440.0], [890.0, 5445.0], [885.0, 5450.0], [880.0, 5455.0], [875.0, 5460.0], [870.0, 5465.0], [865.0, 5470.0], [860.0, 5475.0], [865.0, 5480.0], [870.0, 5485.0], [875.0, 5490.0], [880.0, 5495.0], [885.0, 5500.0], [890.0, 5495.0], [895.0, 5490.0], [905.0, 5490.0], [910.0, 5495.0], [915.0, 5500.0], [920.0, 5505.0], [925.0, 5510.0], [930.0, 5515.0], [925.0, 5520.0], [920.0, 5525.0], [915.0, 5530.0], [910.0, 5535.0], [905.0, 5540.0], [895.0, 5540.0], [890.0, 5535.0], [885.0, 5530.0], [880.0, 5535.0], [875.0, 5540.0], [865.0, 5540.0], [855.0, 5540.0], [850.0, 5545.0], [845.0, 5550.0]]]}, "properties": {"objectType": "annotation", "name": "P2_3_C|rim_14", "classification": {"name": "rim", "color": [201, 133, 0]}, "lesion_id": 14, "section": "P2_3_C", "area_um2": 41650.0}}, {"type": "Feature", "geometry": {"type": "Polygon", "coordinates": [[[1405.0, 5400.0], [1395.0, 5400.0], [1390.0, 5395.0], [1385.0, 5390.0], [1380.0, 5385.0], [1375.0, 5380.0], [1370.0, 5375.0], [1370.0, 5365.0], [1365.0, 5360.0], [1360.0, 5355.0], [1360.0, 5345.0], [1360.0, 5335.0], [1355.0, 5330.0], [1350.0, 5325.0], [1355.0, 5320.0], [1360.0, 5315.0], [1360.0, 5305.0], [1355.0, 5300.0], [1350.0, 5295.0], [1355.0, 5290.0], [1360.0, 5285.0], [1360.0, 5275.0], [1355.0, 5270.0], [1350.0, 5265.0], [1355.0, 5260.0], [1360.0, 5255.0], [1365.0, 5250.0], [1370.0, 5245.0], [1375.0, 5240.0], [1385.0, 5240.0], [1395.0, 5240.0], [1400.0, 5245.0], [1405.0, 5250.0], [1410.0, 5255.0], [1415.0, 5260.0], [1420.0, 5265.0], [1425.0, 5270.0], [1430.0, 5275.0], [1435.0, 5280.0], [1445.0, 5280.0], [1455.0, 5280.0], [1460.0, 5285.0], [1465.0, 5290.0], [1470.0, 5295.0], [1475.0, 5300.0], [1480.0, 5305.0], [1485.0, 5310.0], [1490.0, 5315.0], [1495.0, 5320.0], [1500.0, 5325.0], [1500.0, 5335.0], [1500.0, 5345.0], [1500.0, 5355.0], [1495.0, 5360.0], [1490.0, 5365.0], [1485.0, 5370.0], [1480.0, 5375.0], [1475.0, 5380.0], [1470.0, 5385.0], [1465.0, 5390.0], [1455.0, 5390.0], [1445.0, 5390.0], [1435.0, 5390.0], [1425.0, 5390.0], [1415.0, 5390.0], [1410.0, 5395.0], [1405.0, 5400.0]]]}, "properties": {"objectType": "annotation", "name": "P2_3_C|lesion_15", "classification": {"name": "lesion", "color": [255, 0, 0]}, "lesion_id": 15, "section": "P2_3_C", "area_um2": 15950.0}}, {"type": "Feature", "geometry": {"type": "Polygon", "coordinates": [[[1435.0, 5340.0], [1425.0, 5340.0], [1415.0, 5340.0], [1410.0, 5335.0], [1410.0, 5325.0], [1415.0, 5320.0], [1420.0, 5325.0], [1425.0, 5330.0], [1435.0, 5330.0], [1440.0, 5335.0], [1435.0, 5340.0]]]}, "properties": {"objectType": "annotation", "name": "P2_3_C|core_15", "classification": {"name": "core", "color": [230, 103, 103]}, "lesion_id": 15, "section": "P2_3_C", "area_um2": 350.0}}, {"type": "Feature", "geometry": {"type": "Polygon", "coordinates": [[[1405.0, 5400.0], [1395.0, 5400.0], [1390.0, 5395.0], [1385.0, 5390.0], [1380.0, 5385.0], [1375.0, 5380.0], [1370.0, 5375.0], [1370.0, 5365.0], [1365.0, 5360.0], [1360.0, 5355.0], [1360.0, 5345.0], [1360.0, 5335.0], [1355.0, 5330.0], [1350.0, 5325.0], [1355.0, 5320.0], [1360.0, 5315.0], [1360.0, 5305.0], [1355.0, 5300.0], [1350.0, 5295.0], [1355.0, 5290.0], [1360.0, 5285.0], [1360.0, 5275.0], [1355.0, 5270.0], [1350.0, 5265.0], [1355.0, 5260.0], [1360.0, 5255.0], [1365.0, 5250.0], [1370.0, 5245.0], [1375.0, 5240.0], [1385.0, 5240.0], [1395.0, 5240.0], [1400.0, 5245.0], [1405.0, 5250.0], [1410.0, 5255.0], [1415.0, 5260.0], [1420.0, 5265.0], [1425.0, 5270.0], [1430.0, 5275.0], [1435.0, 5280.0], [1445.0, 5280.0], [1455.0, 5280.0], [1460.0, 5285.0], [1465.0, 5290.0], [1470.0, 5295.0], [1475.0, 5300.0], [1480.0, 5305.0], [1485.0, 5310.0], [1490.0, 5315.0], [1495.0, 5320.0], [1500.0, 5325.0], [1500.0, 5335.0], [1500.0, 5345.0], [1500.0, 5355.0], [1495.0, 5360.0], [1490.0, 5365.0], [1485.0, 5370.0], [1480.0, 5375.0], [1475.0, 5380.0], [1470.0, 5385.0], [1465.0, 5390.0], [1455.0, 5390.0], [1445.0, 5390.0], [1435.0, 5390.0], [1425.0, 5390.0], [1415.0, 5390.0], [1410.0, 5395.0], [1405.0, 5400.0]], [[1440.0, 5335.0], [1435.0, 5330.0], [1425.0, 5330.0], [1420.0, 5325.0], [1415.0, 5320.0], [1410.0, 5325.0], [1410.0, 5335.0], [1415.0, 5340.0], [1425.0, 5340.0], [1435.0, 5340.0], [1440.0, 5335.0]]]}, "properties": {"objectType": "annotation", "name": "P2_3_C|rim_15", "classification": {"name": "rim", "color": [201, 133, 0]}, "lesion_id": 15, "section": "P2_3_C", "area_um2": 15600.0}}, {"type": "Feature", "geometry": {"type": "Polygon", "coordinates": [[[985.0, 5470.0], [975.0, 5470.0], [970.0, 5465.0], [965.0, 5460.0], [960.0, 5455.0], [955.0, 5450.0], [950.0, 5445.0], [950.0, 5435.0], [950.0, 5425.0], [955.0, 5420.0], [960.0, 5415.0], [965.0, 5410.0], [970.0, 5405.0], [975.0, 5400.0], [980.0, 5395.0], [980.0, 5385.0], [985.0, 5380.0], [990.0, 5375.0], [995.0, 5370.0], [1000.0, 5365.0], [1005.0, 5360.0], [1015.0, 5360.0], [1020.0, 5365.0], [1025.0, 5370.0], [1030.0, 5375.0], [1035.0, 5380.0], [1040.0, 5385.0], [1045.0, 5390.0], [1050.0, 5395.0], [1050.0, 5405.0], [1045.0, 5410.0], [1040.0, 5415.0], [1035.0, 5420.0], [1030.0, 5425.0], [1030.0, 5435.0], [1025.0, 5440.0], [1020.0, 5445.0], [1015.0, 5450.0], [1010.0, 5455.0], [1005.0, 5460.0], [995.0, 5460.0], [990.0, 5465.0], [985.0, 5470.0]]]}, "properties": {"objectType": "annotation", "name": "P2_3_C|lesion_16", "classification": {"name": "lesion", "color": [255, 0, 0]}, "lesion_id": 16, "section": "P2_3_C", "area_um2": 6450.0}}, {"type": "Feature", "geometry": {"type": "Polygon", "coordinates": [[[985.0, 5470.0], [975.0, 5470.0], [970.0, 5465.0], [965.0, 5460.0], [960.0, 5455.0], [955.0, 5450.0], [950.0, 5445.0], [950.0, 5435.0], [950.0, 5425.0], [955.0, 5420.0], [960.0, 5415.0], [965.0, 5410.0], [970.0, 5405.0], [975.0, 5400.0], [980.0, 5395.0], [980.0, 5385.0], [985.0, 5380.0], [990.0, 5375.0], [995.0, 5370.0], [1000.0, 5365.0], [1005.0, 5360.0], [1015.0, 5360.0], [1020.0, 5365.0], [1025.0, 5370.0], [1030.0, 5375.0], [1035.0, 5380.0], [1040.0, 5385.0], [1045.0, 5390.0], [1050.0, 5395.0], [1050.0, 5405.0], [1045.0, 5410.0], [1040.0, 5415.0], [1035.0, 5420.0], [1030.0, 5425.0], [1030.0, 5435.0], [1025.0, 5440.0], [1020.0, 5445.0], [1015.0, 5450.0], [1010.0, 5455.0], [1005.0, 5460.0], [995.0, 5460.0], [990.0, 5465.0], [985.0, 5470.0]]]}, "properties": {"objectType": "annotation", "name": "P2_3_C|rim_16", "classification": {"name": "rim", "color": [201, 133, 0]}, "lesion_id": 16, "section": "P2_3_C", "area_um2": 6450.0}}, {"type": "Feature", "geometry": {"type": "Polygon", "coordinates": [[[1115.0, 5610.0], [1110.0, 5605.0], [1105.0, 5600.0], [1100.0, 5605.0], [1095.0, 5610.0], [1090.0, 5605.0], [1085.0, 5600.0], [1080.0, 5595.0], [1075.0, 5590.0], [1070.0, 5585.0], [1065.0, 5580.0], [1055.0, 5580.0], [1045.0, 5580.0], [1035.0, 5580.0], [1030.0, 5575.0], [1025.0, 5570.0], [1020.0, 5565.0], [1015.0, 5560.0], [1010.0, 5555.0], [1015.0, 5550.0], [1020.0, 5545.0], [1025.0, 5540.0], [1030.0, 5535.0], [1035.0, 5530.0], [1040.0, 5525.0], [1045.0, 5520.0], [1050.0, 5515.0], [1055.0, 5510.0], [1065.0, 5510.0], [1075.0, 5510.0], [1085.0, 5510.0], [1095.0, 5510.0], [1105.0, 5510.0], [1110.0, 5515.0], [1115.0, 5520.0], [1120.0, 5525.0], [1125.0, 5530.0], [1130.0, 5535.0], [1135.0, 5540.0], [1140.0, 5545.0], [1140.0, 5555.0], [1140.0, 5565.0], [1140.0, 5575.0], [1140.0, 5585.0], [1135.0, 5590.0], [1130.0, 5595.0], [1125.0, 5600.0], [1120.0, 5605.0], [1115.0, 5610.0]]]}, "properties": {"objectType": "annotation", "name": "P2_3_C|lesion_17", "classification": {"name": "lesion", "color": [255, 0, 0]}, "lesion_id": 17, "section": "P2_3_C", "area_um2": 8550.0}}, {"type": "Feature", "geometry": {"type": "Polygon", "coordinates": [[[1115.0, 5610.0], [1110.0, 5605.0], [1105.0, 5600.0], [1100.0, 5605.0], [1095.0, 5610.0], [1090.0, 5605.0], [1085.0, 5600.0], [1080.0, 5595.0], [1075.0, 5590.0], [1070.0, 5585.0], [1065.0, 5580.0], [1055.0, 5580.0], [1045.0, 5580.0], [1035.0, 5580.0], [1030.0, 5575.0], [1025.0, 5570.0], [1020.0, 5565.0], [1015.0, 5560.0], [1010.0, 5555.0], [1015.0, 5550.0], [1020.0, 5545.0], [1025.0, 5540.0], [1030.0, 5535.0], [1035.0, 5530.0], [1040.0, 5525.0], [1045.0, 5520.0], [1050.0, 5515.0], [1055.0, 5510.0], [1065.0, 5510.0], [1075.0, 5510.0], [1085.0, 5510.0], [1095.0, 5510.0], [1105.0, 5510.0], [1110.0, 5515.0], [1115.0, 5520.0], [1120.0, 5525.0], [1125.0, 5530.0], [1130.0, 5535.0], [1135.0, 5540.0], [1140.0, 5545.0], [1140.0, 5555.0], [1140.0, 5565.0], [1140.0, 5575.0], [1140.0, 5585.0], [1135.0, 5590.0], [1130.0, 5595.0], [1125.0, 5600.0], [1120.0, 5605.0], [1115.0, 5610.0]]]}, "properties": {"objectType": "annotation", "name": "P2_3_C|rim_17", "classification": {"name": "rim", "color": [201, 133, 0]}, "lesion_id": 17, "section": "P2_3_C", "area_um2": 8550.0}}, {"type": "Feature", "geometry": {"type": "Polygon", "coordinates": [[[775.0, 5930.0], [770.0, 5925.0], [770.0, 5915.0], [770.0, 5905.0], [770.0, 5895.0], [770.0, 5885.0], [770.0, 5875.0], [770.0, 5865.0], [765.0, 5860.0], [760.0, 5855.0], [760.0, 5845.0], [760.0, 5835.0], [760.0, 5825.0], [760.0, 5815.0], [760.0, 5805.0], [760.0, 5795.0], [760.0, 5785.0], [760.0, 5775.0], [760.0, 5765.0], [760.0, 5755.0], [760.0, 5745.0], [760.0, 5735.0], [760.0, 5725.0], [760.0, 5715.0], [760.0, 5705.0], [760.0, 5695.0], [755.0, 5690.0], [750.0, 5685.0], [750.0, 5675.0], [745.0, 5670.0], [740.0, 5665.0], [740.0, 5655.0], [740.0, 5645.0], [735.0, 5640.0], [730.0, 5635.0], [730.0, 5625.0], [730.0, 5615.0], [725.0, 5610.0], [720.0, 5605.0], [720.0, 5595.0], [720.0, 5585.0], [715.0, 5580.0], [710.0, 5575.0], [715.0, 5570.0], [720.0, 5565.0], [725.0, 5560.0], [730.0, 5565.0], [735.0, 5570.0], [745.0, 5570.0], [755.0, 5570.0], [765.0, 5570.0], [770.0, 5575.0], [775.0, 5580.0], [780.0, 5585.0], [785.0, 5590.0], [795.0, 5590.0], [800.0, 5585.0], [805.0, 5580.0], [815.0, 5580.0], [820.0, 5585.0], [825.0, 5590.0], [830.0, 5595.0], [835.0, 5600.0], [840.0, 5605.0], [840.0, 5615.0], [845.0, 5620.0], [850.0, 5625.0], [850.0, 5635.0], [855.0, 5640.0], [860.0, 5645.0], [860.0, 5655.0], [865.0, 5660.0], [870.0, 5665.0], [870.0, 5675.0], [870.0, 5685.0], [875.0, 5690.0], [880.0, 5695.0], [880.0, 5705.0], [880.0, 5715.0], [880.0, 5725.0], [885.0, 5730.0], [890.0, 5735.0], [895.0, 5740.0], [900.0, 5745.0], [905.0, 5750.0], [910.0, 5745.0], [915.0, 5740.0], [920.0, 5735.0], [925.0, 5730.0], [935.0, 5730.0], [945.0, 5730.0], [950.0, 5735.0], [955.0, 5740.0], [960.0, 5745.0], [965.0, 5750.0], [970.0, 5755.0], [965.0, 5760.0], [960.0, 5765.0], [955.0, 5770.0], [950.0, 5775.0], [945.0, 5780.0], [940.0, 5785.0], [935.0, 5790.0], [930.0, 5785.0], [925.0, 5780.0], [920.0, 5775.0], [915.0, 5770.0], [910.0, 5775.0], [905.0, 5780.0], [900.0, 5785.0], [895.0, 5790.0], [890.0, 5795.0], [890.0, 5805.0], [890.0, 5815.0], [885.0, 5820.0], [880.0, 5825.0], [875.0, 5830.0], [870.0, 5835.0], [865.0, 5840.0], [860.0, 5845.0], [855.0, 5850.0], [850.0, 5855.0], [845.0, 5860.0], [840.0, 5865.0], [835.0, 5870.0], [830.0, 5875.0], [825.0, 5880.0], [820.0, 5885.0], [815.0, 5890.0], [810.0, 5895.0], [805.0, 5900.0], [800.0, 5905.0], [795.0, 5910.0], [790.0, 5915.0], [785.0, 5920.0], [780.0, 5925.0], [775.0, 5930.0]]]}, "properties": {"objectType": "annotation", "name": "P2_3_C|lesion_19", "classification": {"name": "lesion", "color": [255, 0, 0]}, "lesion_id": 19, "section": "P2_3_C", "area_um2": 39950.0}}, {"type": "Feature", "geometry": {"type": "Polygon", "coordinates": [[[775.0, 5860.0], [765.0, 5860.0], [760.0, 5855.0], [760.0, 5845.0], [760.0, 5835.0], [760.0, 5825.0], [760.0, 5815.0], [760.0, 5805.0], [760.0, 5795.0], [760.0, 5785.0], [760.0, 5775.0], [760.0, 5765.0], [760.0, 5755.0], [760.0, 5745.0], [760.0, 5735.0], [760.0, 5725.0], [760.0, 5715.0], [760.0, 5705.0], [760.0, 5695.0], [755.0, 5690.0], [750.0, 5685.0], [750.0, 5675.0], [745.0, 5670.0], [740.0, 5665.0], [740.0, 5655.0], [740.0, 5645.0], [735.0, 5640.0], [730.0, 5635.0], [730.0, 5625.0], [735.0, 5620.0], [745.0, 5620.0], [750.0, 5625.0], [755.0, 5630.0], [765.0, 5630.0], [770.0, 5635.0], [775.0, 5640.0], [785.0, 5640.0], [795.0, 5640.0], [800.0, 5645.0], [805.0, 5650.0], [810.0, 5655.0], [810.0, 5665.0], [815.0, 5670.0], [820.0, 5675.0], [820.0, 5685.0], [820.0, 5695.0], [825.0, 5700.0], [830.0, 5705.0], [830.0, 5715.0], [830.0, 5725.0], [830.0, 5735.0], [835.0, 5740.0], [840.0, 5745.0], [840.0, 5755.0], [845.0, 5760.0], [850.0, 5765.0], [850.0, 5775.0], [845.0, 5780.0], [840.0, 5785.0], [840.0, 5795.0], [835.0, 5800.0], [830.0, 5805.0], [825.0, 5810.0], [820.0, 5815.0], [815.0, 5820.0], [810.0, 5825.0], [805.0, 5830.0], [800.0, 5835.0], [795.0, 5840.0], [790.0, 5845.0], [785.0, 5850.0], [780.0, 5855.0], [775.0, 5860.0]]]}, "properties": {"objectType": "annotation", "name": "P2_3_C|core_19", "classification": {"name": "core", "color": [230, 103, 103]}, "lesion_id": 19, "section": "P2_3_C", "area_um2": 15050.0}}, {"type": "Feature", "geometry": {"type": "Polygon", "coordinates": [[[775.0, 5930.0], [770.0, 5925.0], [770.0, 5915.0], [770.0, 5905.0], [770.0, 5895.0], [770.0, 5885.0], [770.0, 5875.0], [770.0, 5865.0], [775.0, 5860.0], [780.0, 5855.0], [785.0, 5850.0], [790.0, 5845.0], [795.0, 5840.0], [800.0, 5835.0], [805.0, 5830.0], [810.0, 5825.0], [815.0, 5820.0], [820.0, 5815.0], [825.0, 5810.0], [830.0, 5805.0], [835.0, 5800.0], [840.0, 5795.0], [840.0, 5785.0], [845.0, 5780.0], [850.0, 5775.0], [850.0, 5765.0], [845.0, 5760.0], [840.0, 5755.0], [840.0, 5745.0], [835.0, 5740.0], [830.0, 5735.0], [830.0, 5725.0], [830.0, 5715.0], [830.0, 5705.0], [825.0, 5700.0], [820.0, 5695.0], [820.0, 5685.0], [820.0, 5675.0], [815.0, 5670.0], [810.0, 5665.0], [810.0, 5655.0], [805.0, 5650.0], [800.0, 5645.0], [795.0, 5640.0], [785.0, 5640.0], [775.0, 5640.0], [770.0, 5635.0], [765.0, 5630.0], [755.0, 5630.0], [750.0, 5625.0], [745.0, 5620.0], [735.0, 5620.0], [730.0, 5615.0], [725.0, 5610.0], [720.0, 5605.0], [720.0, 5595.0], [720.0, 5585.0], [715.0, 5580.0], [710.0, 5575.0], [715.0, 5570.0], [720.0, 5565.0], [725.0, 5560.0], [730.0, 5565.0], [735.0, 5570.0], [745.0, 5570.0], [755.0, 5570.0], [765.0, 5570.0], [770.0, 5575.0], [775.0, 5580.0], [780.0, 5585.0], [785.0, 5590.0], [795.0, 5590.0], [800.0, 5585.0], [805.0, 5580.0], [815.0, 5580.0], [820.0, 5585.0], [825.0, 5590.0], [830.0, 5595.0], [835.0, 5600.0], [840.0, 5605.0], [840.0, 5615.0], [845.0, 5620.0], [850.0, 5625.0], [850.0, 5635.0], [855.0, 5640.0], [860.0, 5645.0], [860.0, 5655.0], [865.0, 5660.0], [870.0, 5665.0], [870.0, 5675.0], [870.0, 5685.0], [875.0, 5690.0], [880.0, 5695.0], [880.0, 5705.0], [880.0, 5715.0], [880.0, 5725.0], [885.0, 5730.0], [890.0, 5735.0], [895.0, 5740.0], [900.0, 5745.0], [905.0, 5750.0], [910.0, 5745.0], [915.0, 5740.0], [920.0, 5735.0], [925.0, 5730.0], [935.0, 5730.0], [945.0, 5730.0], [950.0, 5735.0], [955.0, 5740.0], [960.0, 5745.0], [965.0, 5750.0], [970.0, 5755.0], [965.0, 5760.0], [960.0, 5765.0], [955.0, 5770.0], [950.0, 5775.0], [945.0, 5780.0], [940.0, 5785.0], [935.0, 5790.0], [930.0, 5785.0], [925.0, 5780.0], [920.0, 5775.0], [915.0, 5770.0], [910.0, 5775.0], [905.0, 5780.0], [900.0, 5785.0], [895.0, 5790.0], [890.0, 5795.0], [890.0, 5805.0], [890.0, 5815.0], [885.0, 5820.0], [880.0, 5825.0], [875.0, 5830.0], [870.0, 5835.0], [865.0, 5840.0], [860.0, 5845.0], [855.0, 5850.0], [850.0, 5855.0], [845.0, 5860.0], [840.0, 5865.0], [835.0, 5870.0], [830.0, 5875.0], [825.0, 5880.0], [820.0, 5885.0], [815.0, 5890.0], [810.0, 5895.0], [805.0, 5900.0], [800.0, 5905.0], [795.0, 5910.0], [790.0, 5915.0], [785.0, 5920.0], [780.0, 5925.0], [775.0, 5930.0]]]}, "properties": {"objectType": "annotation", "name": "P2_3_C|rim_19", "classification": {"name": "rim", "color": [201, 133, 0]}, "lesion_id": 19, "section": "P2_3_C", "area_um2": 24850.0}}, {"type": "Feature", "geometry": {"type": "Polygon", "coordinates": [[[1095.0, 6250.0], [1090.0, 6245.0], [1085.0, 6240.0], [1075.0, 6240.0], [1065.0, 6240.0], [1055.0, 6240.0], [1045.0, 6240.0], [1040.0, 6235.0], [1035.0, 6230.0], [1025.0, 6230.0], [1015.0, 6230.0], [1005.0, 6230.0], [995.0, 6230.0], [985.0, 6230.0], [975.0, 6230.0], [965.0, 6230.0], [960.0, 6225.0], [955.0, 6220.0], [950.0, 6215.0], [955.0, 6210.0], [960.0, 6205.0], [965.0, 6200.0], [970.0, 6195.0], [975.0, 6190.0], [980.0, 6185.0], [980.0, 6175.0], [980.0, 6165.0], [975.0, 6160.0], [970.0, 6155.0], [970.0, 6145.0], [965.0, 6140.0], [960.0, 6135.0], [960.0, 6125.0], [960.0, 6115.0], [960.0, 6105.0], [960.0, 6095.0], [965.0, 6090.0], [970.0, 6085.0], [970.0, 6075.0], [975.0, 6070.0], [980.0, 6065.0], [985.0, 6060.0], [990.0, 6055.0], [995.0, 6050.0], [1000.0, 6045.0], [1005.0, 6040.0], [1010.0, 6035.0], [1015.0, 6030.0], [1025.0, 6030.0], [1035.0, 6030.0], [1045.0, 6030.0], [1055.0, 6030.0], [1065.0, 6030.0], [1070.0, 6035.0], [1075.0, 6040.0], [1085.0, 6040.0], [1090.0, 6045.0], [1095.0, 6050.0], [1100.0, 6055.0], [1105.0, 6060.0], [1110.0, 6065.0], [1115.0, 6070.0], [1120.0, 6075.0], [1120.0, 6085.0], [1125.0, 6090.0], [1130.0, 6095.0], [1135.0, 6100.0], [1140.0, 6105.0], [1145.0, 6110.0], [1150.0, 6115.0], [1155.0, 6120.0], [1160.0, 6125.0], [1165.0, 6130.0], [1175.0, 6130.0], [1180.0, 6135.0], [1185.0, 6140.0], [1190.0, 6145.0], [1195.0, 6150.0], [1200.0, 6155.0], [1205.0, 6160.0], [1210.0, 6165.0], [1215.0, 6170.0], [1220.0, 6175.0], [1220.0, 6185.0], [1215.0, 6190.0], [1210.0, 6195.0], [1205.0, 6200.0], [1200.0, 6205.0], [1195.0, 6210.0], [1190.0, 6215.0], [1185.0, 6220.0], [1175.0, 6220.0], [1170.0, 6225.0], [1165.0, 6230.0], [1155.0, 6230.0], [1150.0, 6225.0], [1145.0, 6220.0], [1140.0, 6225.0], [1135.0, 6230.0], [1130.0, 6235.0], [1125.0, 6240.0], [1115.0, 6240.0], [1105.0, 6240.0], [1100.0, 6245.0], [1095.0, 6250.0]]]}, "properties": {"objectType": "annotation", "name": "P2_3_C|lesion_21", "classification": {"name": "lesion", "color": [255, 0, 0]}, "lesion_id": 21, "section": "P2_3_C", "area_um2": 38250.0}}, {"type": "Feature", "geometry": {"type": "Polygon", "coordinates": [[[1095.0, 6200.0], [1085.0, 6200.0], [1075.0, 6200.0], [1065.0, 6200.0], [1055.0, 6200.0], [1045.0, 6200.0], [1035.0, 6200.0], [1030.0, 6195.0], [1030.0, 6185.0], [1030.0, 6175.0], [1030.0, 6165.0], [1030.0, 6155.0], [1025.0, 6150.0], [1020.0, 6145.0], [1020.0, 6135.0], [1015.0, 6130.0], [1010.0, 6125.0], [1010.0, 6115.0], [1010.0, 6105.0], [1015.0, 6100.0], [1020.0, 6095.0], [1025.0, 6090.0], [1030.0, 6085.0], [1035.0, 6080.0], [1045.0, 6080.0], [1055.0, 6080.0], [1060.0, 6085.0], [1065.0, 6090.0], [1070.0, 6095.0], [1075.0, 6100.0], [1080.0, 6105.0], [1080.0, 6115.0], [1085.0, 6120.0], [1090.0, 6125.0], [1095.0, 6130.0], [1100.0, 6135.0], [1105.0, 6140.0], [1110.0, 6145.0], [1115.0, 6150.0], [1120.0, 6155.0], [1125.0, 6160.0], [1130.0, 6165.0], [1130.0, 6175.0], [1125.0, 6180.0], [1115.0, 6180.0], [1110.0, 6185.0], [1105.0, 6190.0], [1100.0, 6195.0], [1095.0, 6200.0]]]}, "properties": {"objectType": "annotation", "name": "P2_3_C|core_21", "classification": {"name": "core", "color": [230, 103, 103]}, "lesion_id": 21, "section": "P2_3_C", "area_um2": 9050.0}}, {"type": "Feature", "geometry": {"type": "Polygon", "coordinates": [[[1095.0, 6250.0], [1090.0, 6245.0], [1085.0, 6240.0], [1075.0, 6240.0], [1065.0, 6240.0], [1055.0, 6240.0], [1045.0, 6240.0], [1040.0, 6235.0], [1035.0, 6230.0], [1025.0, 6230.0], [1015.0, 6230.0], [1005.0, 6230.0], [995.0, 6230.0], [985.0, 6230.0], [975.0, 6230.0], [965.0, 6230.0], [960.0, 6225.0], [955.0, 6220.0], [950.0, 6215.0], [955.0, 6210.0], [960.0, 6205.0], [965.0, 6200.0], [970.0, 6195.0], [975.0, 6190.0], [980.0, 6185.0], [980.0, 6175.0], [980.0, 6165.0], [975.0, 6160.0], [970.0, 6155.0], [970.0, 6145.0], [965.0, 6140.0], [960.0, 6135.0], [960.0, 6125.0], [960.0, 6115.0], [960.0, 6105.0], [960.0, 6095.0], [965.0, 6090.0], [970.0, 6085.0], [970.0, 6075.0], [975.0, 6070.0], [980.0, 6065.0], [985.0, 6060.0], [990.0, 6055.0], [995.0, 6050.0], [1000.0, 6045.0], [1005.0, 6040.0], [1010.0, 6035.0], [1015.0, 6030.0], [1025.0, 6030.0], [1035.0, 6030.0], [1045.0, 6030.0], [1055.0, 6030.0], [1065.0, 6030.0], [1070.0, 6035.0], [1075.0, 6040.0], [1085.0, 6040.0], [1090.0, 6045.0], [1095.0, 6050.0], [1100.0, 6055.0], [1105.0, 6060.0], [1110.0, 6065.0], [1115.0, 6070.0], [1120.0, 6075.0], [1120.0, 6085.0], [1125.0, 6090.0], [1130.0, 6095.0], [1135.0, 6100.0], [1140.0, 6105.0], [1145.0, 6110.0], [1150.0, 6115.0], [1155.0, 6120.0], [1160.0, 6125.0], [1165.0, 6130.0], [1175.0, 6130.0], [1180.0, 6135.0], [1185.0, 6140.0], [1190.0, 6145.0], [1195.0, 6150.0], [1200.0, 6155.0], [1205.0, 6160.0], [1210.0, 6165.0], [1215.0, 6170.0], [1220.0, 6175.0], [1220.0, 6185.0], [1215.0, 6190.0], [1210.0, 6195.0], [1205.0, 6200.0], [1200.0, 6205.0], [1195.0, 6210.0], [1190.0, 6215.0], [1185.0, 6220.0], [1175.0, 6220.0], [1170.0, 6225.0], [1165.0, 6230.0], [1155.0, 6230.0], [1150.0, 6225.0], [1145.0, 6220.0], [1140.0, 6225.0], [1135.0, 6230.0], [1130.0, 6235.0], [1125.0, 6240.0], [1115.0, 6240.0], [1105.0, 6240.0], [1100.0, 6245.0], [1095.0, 6250.0]], [[1100.0, 6195.0], [1105.0, 6190.0], [1110.0, 6185.0], [1115.0, 6180.0], [1125.0, 6180.0], [1130.0, 6175.0], [1130.0, 6165.0], [1125.0, 6160.0], [1120.0, 6155.0], [1115.0, 6150.0], [1110.0, 6145.0], [1105.0, 6140.0], [1100.0, 6135.0], [1095.0, 6130.0], [1090.0, 6125.0], [1085.0, 6120.0], [1080.0, 6115.0], [1080.0, 6105.0], [1075.0, 6100.0], [1070.0, 6095.0], [1065.0, 6090.0], [1060.0, 6085.0], [1055.0, 6080.0], [1045.0, 6080.0], [1035.0, 6080.0], [1030.0, 6085.0], [1025.0, 6090.0], [1020.0, 6095.0], [1015.0, 6100.0], [1010.0, 6105.0], [1010.0, 6115.0], [1010.0, 6125.0], [1015.0, 6130.0], [1020.0, 6135.0], [1020.0, 6145.0], [1025.0, 6150.0], [1030.0, 6155.0], [1030.0, 6165.0], [1030.0, 6175.0], [1030.0, 6185.0], [1030.0, 6195.0], [1035.0, 6200.0], [1045.0, 6200.0], [1055.0, 6200.0], [1065.0, 6200.0], [1075.0, 6200.0], [1085.0, 6200.0], [1095.0, 6200.0], [1100.0, 6195.0]]]}, "properties": {"objectType": "annotation", "name": "P2_3_C|rim_21", "classification": {"name": "rim", "color": [201, 133, 0]}, "lesion_id": 21, "section": "P2_3_C", "area_um2": 29200.0}}, {"type": "Feature", "geometry": {"type": "Polygon", "coordinates": [[[2675.0, 6680.0], [2670.0, 6675.0], [2665.0, 6670.0], [2660.0, 6675.0], [2655.0, 6680.0], [2650.0, 6675.0], [2645.0, 6670.0], [2640.0, 6665.0], [2635.0, 6660.0], [2630.0, 6655.0], [2625.0, 6650.0], [2620.0, 6645.0], [2615.0, 6640.0], [2610.0, 6635.0], [2605.0, 6630.0], [2600.0, 6625.0], [2600.0, 6615.0], [2600.0, 6605.0], [2600.0, 6595.0], [2600.0, 6585.0], [2600.0, 6575.0], [2605.0, 6570.0], [2610.0, 6565.0], [2615.0, 6560.0], [2620.0, 6555.0], [2620.0, 6545.0], [2625.0, 6540.0], [2630.0, 6535.0], [2635.0, 6530.0], [2640.0, 6525.0], [2640.0, 6515.0], [2640.0, 6505.0], [2640.0, 6495.0], [2640.0, 6485.0], [2645.0, 6480.0], [2650.0, 6475.0], [2650.0, 6465.0], [2650.0, 6455.0], [2650.0, 6445.0], [2655.0, 6440.0], [2660.0, 6435.0], [2665.0, 6430.0], [2670.0, 6425.0], [2670.0, 6415.0], [2675.0, 6410.0], [2680.0, 6405.0], [2685.0, 6400.0], [2690.0, 6395.0], [2690.0, 6385.0], [2695.0, 6380.0], [2700.0, 6375.0], [2705.0, 6370.0], [2710.0, 6365.0], [2715.0, 6360.0], [2720.0, 6355.0], [2720.0, 6345.0], [2725.0, 6340.0], [2730.0, 6335.0], [2735.0, 6330.0], [2740.0, 6325.0], [2740.0, 6315.0], [2745.0, 6310.0], [2750.0, 6305.0], [2755.0, 6300.0], [2760.0, 6295.0], [2765.0, 6290.0], [2770.0, 6285.0], [2775.0, 6280.0], [2780.0, 6275.0], [2785.0, 6270.0], [2790.0, 6265.0], [2795.0, 6260.0], [2800.0, 6255.0], [2805.0, 6250.0], [2810.0, 6245.0], [2815.0, 6240.0], [2820.0, 6235.0], [2825.0, 6230.0], [2830.0, 6225.0], [2835.0, 6220.0], [2840.0, 6215.0], [2845.0, 6210.0], [2855.0, 6210.0], [2865.0, 6210.0], [2870.0, 6205.0], [2875.0, 6200.0], [2880.0, 6205.0], [2885.0, 6210.0], [2890.0, 6215.0], [2895.0, 6220.0], [2900.0, 6225.0], [2905.0, 6230.0], [2910.0, 6235.0], [2915.0, 6240.0], [2920.0, 6235.0], [2925.0, 6230.0], [2930.0, 6235.0], [2935.0, 6240.0], [2940.0, 6245.0], [2945.0, 6250.0], [2950.0, 6255.0], [2955.0, 6260.0], [2960.0, 6265.0], [2965.0, 6270.0], [2970.0, 6275.0], [2970.0, 6285.0], [2965.0, 6290.0], [2960.0, 6295.0], [2955.0, 6300.0], [2950.0, 6305.0], [2945.0, 6310.0], [2940.0, 6315.0], [2935.0, 6320.0], [2930.0, 6325.0], [2930.0, 6335.0], [2935.0, 6340.0], [2940.0, 6345.0], [2945.0, 6350.0], [2950.0, 6355.0], [2955.0, 6360.0], [2960.0, 6365.0], [2955.0, 6370.0], [2950.0, 6375.0], [2950.0, 6385.0], [2950.0, 6395.0], [2945.0, 6400.0], [2940.0, 6405.0], [2940.0, 6415.0], [2935.0, 6420.0], [2930.0, 6425.0], [2925.0, 6430.0], [2920.0, 6435.0], [2920.0, 6445.0], [2920.0, 6455.0], [2915.0, 6460.0], [2910.0, 6465.0], [2910.0, 6475.0], [2905.0, 6480.0], [2900.0, 6485.0], [2900.0, 6495.0], [2895.0, 6500.0], [2890.0, 6505.0], [2885.0, 6510.0], [2880.0, 6515.0], [2875.0, 6520.0], [2870.0, 6525.0], [2875.0, 6530.0], [2880.0, 6535.0], [2880.0, 6545.0], [2880.0, 6555.0], [2875.0, 6560.0], [2870.0, 6565.0], [2865.0, 6570.0], [2860.0, 6575.0], [2855.0, 6580.0], [2845.0, 6580.0], [2840.0, 6585.0], [2835.0, 6590.0], [2830.0, 6595.0], [2825.0, 6600.0], [2820.0, 6605.0], [2815.0, 6610.0], [2810.0, 6615.0], [2805.0, 6620.0], [2800.0, 6625.0], [2795.0, 6630.0], [2790.0, 6635.0], [2785.0, 6640.0], [2775.0, 6640.0], [2770.0, 6645.0], [2765.0, 6650.0], [2760.0, 6645.0], [2755.0, 6640.0], [2750.0, 6635.0], [2745.0, 6630.0], [2735.0, 6630.0], [2730.0, 6635.0], [2725.0, 6640.0], [2720.0, 6645.0], [2715.0, 6650.0], [2710.0, 6655.0], [2705.0, 6660.0], [2700.0, 6665.0], [2695.0, 6670.0], [2685.0, 6670.0], [2680.0, 6675.0], [2675.0, 6680.0]]]}, "properties": {"objectType": "annotation", "name": "P2_3_L|lesion_22", "classification": {"name": "lesion", "color": [255, 0, 0]}, "lesion_id": 22, "section": "P2_3_L", "area_um2": 96950.0}}, {"type": "Feature", "geometry": {"type": "Polygon", "coordinates": [[[2675.0, 6630.0], [2665.0, 6630.0], [2660.0, 6625.0], [2655.0, 6620.0], [2650.0, 6615.0], [2645.0, 6610.0], [2640.0, 6605.0], [2640.0, 6595.0], [2640.0, 6585.0], [2640.0, 6575.0], [2640.0, 6565.0], [2635.0, 6560.0], [2630.0, 6555.0], [2630.0, 6545.0], [2630.0, 6535.0], [2635.0, 6530.0], [2640.0, 6525.0], [2640.0, 6515.0], [2640.0, 6505.0], [2640.0, 6495.0], [2640.0, 6485.0], [2645.0, 6480.0], [2650.0, 6475.0], [2650.0, 6465.0], [2650.0, 6455.0], [2650.0, 6445.0], [2655.0, 6440.0], [2660.0, 6435.0], [2665.0, 6430.0], [2670.0, 6425.0], [2670.0, 6415.0], [2675.0, 6410.0], [2680.0, 6405.0], [2685.0, 6400.0], [2690.0, 6395.0], [2690.0, 6385.0], [2695.0, 6380.0], [2700.0, 6375.0], [2705.0, 6370.0], [2710.0, 6365.0], [2715.0, 6360.0], [2720.0, 6355.0], [2720.0, 6345.0], [2725.0, 6340.0], [2730.0, 6335.0], [2735.0, 6330.0], [2740.0, 6325.0], [2740.0, 6315.0], [2745.0, 6310.0], [2750.0, 6305.0], [2755.0, 6300.0], [2760.0, 6295.0], [2765.0, 6290.0], [2775.0, 6290.0], [2780.0, 6285.0], [2785.0, 6280.0], [2790.0, 6275.0], [2795.0, 6270.0], [2805.0, 6270.0], [2810.0, 6265.0], [2815.0, 6260.0], [2825.0, 6260.0], [2830.0, 6255.0], [2835.0, 6250.0], [2845.0, 6250.0], [2850.0, 6245.0], [2855.0, 6240.0], [2860.0, 6245.0], [2865.0, 6250.0], [2870.0, 6255.0], [2875.0, 6260.0], [2880.0, 6265.0], [2885.0, 6270.0], [2890.0, 6275.0], [2895.0, 6280.0], [2905.0, 6280.0], [2910.0, 6285.0], [2905.0, 6290.0], [2900.0, 6295.0], [2895.0, 6300.0], [2890.0, 6305.0], [2890.0, 6315.0], [2890.0, 6325.0], [2890.0, 6335.0], [2890.0, 6345.0], [2890.0, 6355.0], [2895.0, 6360.0], [2900.0, 6365.0], [2905.0, 6370.0], [2910.0, 6375.0], [2905.0, 6380.0], [2900.0, 6385.0], [2900.0, 6395.0], [2895.0, 6400.0], [2890.0, 6405.0], [2885.0, 6410.0], [2880.0, 6415.0], [2880.0, 6425.0], [2880.0, 6435.0], [2875.0, 6440.0], [2870.0, 6445.0], [2870.0, 6455.0], [2865.0, 6460.0], [2860.0, 6465.0], [2860.0, 6475.0], [2855.0, 6480.0], [2850.0, 6485.0], [2845.0, 6490.0], [2840.0, 6495.0], [2835.0, 6500.0], [2830.0, 6505.0], [2830.0, 6515.0], [2830.0, 6525.0], [2830.0, 6535.0], [2825.0, 6540.0], [2820.0, 6545.0], [2815.0, 6550.0], [2810.0, 6555.0], [2805.0, 6560.0], [2800.0, 6565.0], [2795.0, 6570.0], [2790.0, 6575.0], [2785.0, 6580.0], [2780.0, 6585.0], [2775.0, 6590.0], [2765.0, 6590.0], [2755.0, 6590.0], [2745.0, 6590.0], [2735.0, 6590.0], [2725.0, 6590.0], [2715.0, 6590.0], [2710.0, 6595.0], [2705.0, 6600.0], [2700.0, 6605.0], [2695.0, 6610.0], [2690.0, 6615.0], [2685.0, 6620.0], [2680.0, 6625.0], [2675.0, 6630.0]]]}, "properties": {"objectType": "annotation", "name": "P2_3_L|core_22", "classification": {"name": "core", "color": [230, 103, 103]}, "lesion_id": 22, "section": "P2_3_L", "area_um2": 61450.0}}, {"type": "Feature", "geometry": {"type": "Polygon", "coordinates": [[[2675.0, 6680.0], [2670.0, 6675.0], [2665.0, 6670.0], [2660.0, 6675.0], [2655.0, 6680.0], [2650.0, 6675.0], [2645.0, 6670.0], [2640.0, 6665.0], [2635.0, 6660.0], [2630.0, 6655.0], [2625.0, 6650.0], [2620.0, 6645.0], [2615.0, 6640.0], [2610.0, 6635.0], [2605.0, 6630.0], [2600.0, 6625.0], [2600.0, 6615.0], [2600.0, 6605.0], [2600.0, 6595.0], [2600.0, 6585.0], [2600.0, 6575.0], [2605.0, 6570.0], [2610.0, 6565.0], [2615.0, 6560.0], [2620.0, 6555.0], [2620.0, 6545.0], [2625.0, 6540.0], [2630.0, 6545.0], [2630.0, 6555.0], [2635.0, 6560.0], [2640.0, 6565.0], [2640.0, 6575.0], [2640.0, 6585.0], [2640.0, 6595.0], [2640.0, 6605.0], [2645.0, 6610.0], [2650.0, 6615.0], [2655.0, 6620.0], [2660.0, 6625.0], [2665.0, 6630.0], [2675.0, 6630.0], [2680.0, 6625.0], [2685.0, 6620.0], [2690.0, 6615.0], [2695.0, 6610.0], [2700.0, 6605.0], [2705.0, 6600.0], [2710.0, 6595.0], [2715.0, 6590.0], [2725.0, 6590.0], [2735.0, 6590.0], [2745.0, 6590.0], [2755.0, 6590.0], [2765.0, 6590.0], [2775.0, 6590.0], [2780.0, 6585.0], [2785.0, 6580.0], [2790.0, 6575.0], [2795.0, 6570.0], [2800.0, 6565.0], [2805.0, 6560.0], [2810.0, 6555.0], [2815.0, 6550.0], [2820.0, 6545.0], [2825.0, 6540.0], [2830.0, 6535.0], [2830.0, 6525.0], [2830.0, 6515.0], [2830.0, 6505.0], [2835.0, 6500.0], [2840.0, 6495.0], [2845.0, 6490.0], [2850.0, 6485.0], [2855.0, 6480.0], [2860.0, 6475.0], [2860.0, 6465.0], [2865.0, 6460.0], [2870.0, 6455.0], [2870.0, 6445.0], [2875.0, 6440.0], [2880.0, 6435.0], [2880.0, 6425.0], [2880.0, 6415.0], [2885.0, 6410.0], [2890.0, 6405.0], [2895.0, 6400.0], [2900.0, 6395.0], [2900.0, 6385.0], [2905.0, 6380.0], [2910.0, 6375.0], [2905.0, 6370.0], [2900.0, 6365.0], [2895.0, 6360.0], [2890.0, 6355.0], [2890.0, 6345.0], [2890.0, 6335.0], [2890.0, 6325.0], [2890.0, 6315.0], [2890.0, 6305.0], [2895.0, 6300.0], [2900.0, 6295.0], [2905.0, 6290.0], [2910.0, 6285.0], [2905.0, 6280.0], [2895.0, 6280.0], [2890.0, 6275.0], [2885.0, 6270.0], [2880.0, 6265.0], [2875.0, 6260.0], [2870.0, 6255.0], [2865.0, 6250.0], [2860.0, 6245.0], [2855.0, 6240.0], [2850.0, 6245.0], [2845.0, 6250.0], [2835.0, 6250.0], [2830.0, 6255.0], [2825.0, 6260.0], [2815.0, 6260.0], [2810.0, 6265.0], [2805.0, 6270.0], [2795.0, 6270.0], [2790.0, 6265.0], [2795.0, 6260.0], [2800.0, 6255.0], [2805.0, 6250.0], [2810.0, 6245.0], [2815.0, 6240.0], [2820.0, 6235.0], [2825.0, 6230.0], [2830.0, 6225.0], [2835.0, 6220.0], [2840.0, 6215.0], [2845.0, 6210.0], [2855.0, 6210.0], [2865.0, 6210.0], [2870.0, 6205.0], [2875.0, 6200.0], [2880.0, 6205.0], [2885.0, 6210.0], [2890.0, 6215.0], [2895.0, 6220.0], [2900.0, 6225.0], [2905.0, 6230.0], [2910.0, 6235.0], [2915.0, 6240.0], [2920.0, 6235.0], [2925.0, 6230.0], [2930.0, 6235.0], [2935.0, 6240.0], [2940.0, 6245.0], [2945.0, 6250.0], [2950.0, 6255.0], [2955.0, 6260.0], [2960.0, 6265.0], [2965.0, 6270.0], [2970.0, 6275.0], [2970.0, 6285.0], [2965.0, 6290.0], [2960.0, 6295.0], [2955.0, 6300.0], [2950.0, 6305.0], [2945.0, 6310.0], [2940.0, 6315.0], [2935.0, 6320.0], [2930.0, 6325.0], [2930.0, 6335.0], [2935.0, 6340.0], [2940.0, 6345.0], [2945.0, 6350.0], [2950.0, 6355.0], [2955.0, 6360.0], [2960.0, 6365.0], [2955.0, 6370.0], [2950.0, 6375.0], [2950.0, 6385.0], [2950.0, 6395.0], [2945.0, 6400.0], [2940.0, 6405.0], [2940.0, 6415.0], [2935.0, 6420.0], [2930.0, 6425.0], [2925.0, 6430.0], [2920.0, 6435.0], [2920.0, 6445.0], [2920.0, 6455.0], [2915.0, 6460.0], [2910.0, 6465.0], [2910.0, 6475.0], [2905.0, 6480.0], [2900.0, 6485.0], [2900.0, 6495.0], [2895.0, 6500.0], [2890.0, 6505.0], [2885.0, 6510.0], [2880.0, 6515.0], [2875.0, 6520.0], [2870.0, 6525.0], [2875.0, 6530.0], [2880.0, 6535.0], [2880.0, 6545.0], [2880.0, 6555.0], [2875.0, 6560.0], [2870.0, 6565.0], [2865.0, 6570.0], [2860.0, 6575.0], [2855.0, 6580.0], [2845.0, 6580.0], [2840.0, 6585.0], [2835.0, 6590.0], [2830.0, 6595.0], [2825.0, 6600.0], [2820.0, 6605.0], [2815.0, 6610.0], [2810.0, 6615.0], [2805.0, 6620.0], [2800.0, 6625.0], [2795.0, 6630.0], [2790.0, 6635.0], [2785.0, 6640.0], [2775.0, 6640.0], [2770.0, 6645.0], [2765.0, 6650.0], [2760.0, 6645.0], [2755.0, 6640.0], [2750.0, 6635.0], [2745.0, 6630.0], [2735.0, 6630.0], [2730.0, 6635.0], [2725.0, 6640.0], [2720.0, 6645.0], [2715.0, 6650.0], [2710.0, 6655.0], [2705.0, 6660.0], [2700.0, 6665.0], [2695.0, 6670.0], [2685.0, 6670.0], [2680.0, 6675.0], [2675.0, 6680.0]]]}, "properties": {"objectType": "annotation", "name": "P2_3_L|rim_22", "classification": {"name": "rim", "color": [201, 133, 0]}, "lesion_id": 22, "section": "P2_3_L", "area_um2": 35250.0}}, {"type": "Feature", "geometry": {"type": "Polygon", "coordinates": [[[1845.0, 6430.0], [1835.0, 6430.0], [1830.0, 6425.0], [1825.0, 6420.0], [1820.0, 6415.0], [1815.0, 6410.0], [1810.0, 6405.0], [1805.0, 6400.0], [1800.0, 6395.0], [1795.0, 6390.0], [1790.0, 6385.0], [1785.0, 6380.0], [1780.0, 6375.0], [1785.0, 6370.0], [1790.0, 6365.0], [1795.0, 6360.0], [1800.0, 6355.0], [1805.0, 6350.0], [1810.0, 6345.0], [1815.0, 6340.0], [1820.0, 6335.0], [1820.0, 6325.0], [1825.0, 6320.0], [1830.0, 6315.0], [1835.0, 6310.0], [1840.0, 6305.0], [1845.0, 6300.0], [1850.0, 6295.0], [1845.0, 6290.0], [1840.0, 6285.0], [1845.0, 6280.0], [1855.0, 6280.0], [1860.0, 6275.0], [1865.0, 6270.0], [1875.0, 6270.0], [1880.0, 6265.0], [1885.0, 6260.0], [1890.0, 6255.0], [1895.0, 6250.0], [1905.0, 6250.0], [1915.0, 6250.0], [1925.0, 6250.0], [1930.0, 6245.0], [1935.0, 6240.0], [1940.0, 6245.0], [1945.0, 6250.0], [1950.0, 6255.0], [1955.0, 6260.0], [1960.0, 6265.0], [1965.0, 6270.0], [1970.0, 6275.0], [1970.0, 6285.0], [1975.0, 6290.0], [1980.0, 6295.0], [1980.0, 6305.0], [1975.0, 6310.0], [1970.0, 6315.0], [1965.0, 6320.0], [1960.0, 6325.0], [1960.0, 6335.0], [1960.0, 6345.0], [1955.0, 6350.0], [1950.0, 6355.0], [1950.0, 6365.0], [1945.0, 6370.0], [1940.0, 6375.0], [1935.0, 6380.0], [1930.0, 6385.0], [1925.0, 6390.0], [1920.0, 6395.0], [1915.0, 6400.0], [1910.0, 6405.0], [1905.0, 6410.0], [1895.0, 6410.0], [1890.0, 6415.0], [1885.0, 6420.0], [1875.0, 6420.0], [1870.0, 6415.0], [1865.0, 6410.0], [1860.0, 6415.0], [1855.0, 6420.0], [1850.0, 6425.0], [1845.0, 6430.0]]]}, "properties": {"objectType": "annotation", "name": "R1_3_T|lesion_23", "classification": {"name": "lesion", "color": [255, 0, 0]}, "lesion_id": 23, "section": "R1_3_T", "area_um2": 21350.0}}, {"type": "Feature", "geometry": {"type": "Polygon", "coordinates": [[[1845.0, 6380.0], [1835.0, 6380.0], [1830.0, 6375.0], [1835.0, 6370.0], [1840.0, 6365.0], [1845.0, 6360.0], [1850.0, 6355.0], [1855.0, 6350.0], [1860.0, 6345.0], [1860.0, 6335.0], [1865.0, 6330.0], [1870.0, 6325.0], [1875.0, 6320.0], [1880.0, 6315.0], [1885.0, 6310.0], [1890.0, 6305.0], [1890.0, 6295.0], [1895.0, 6290.0], [1905.0, 6290.0], [1915.0, 6290.0], [1925.0, 6290.0], [1930.0, 6295.0], [1930.0, 6305.0], [1925.0, 6310.0], [1920.0, 6315.0], [1920.0, 6325.0], [1920.0, 6335.0], [1915.0, 6340.0], [1910.0, 6345.0], [1910.0, 6355.0], [1905.0, 6360.0], [1900.0, 6365.0], [1895.0, 6370.0], [1885.0, 6370.0], [1875.0, 6370.0], [1865.0, 6370.0], [1855.0, 6370.0], [1850.0, 6375.0], [1845.0, 6380.0]]]}, "properties": {"objectType": "annotation", "name": "R1_3_T|core_23", "classification": {"name": "core", "color": [230, 103, 103]}, "lesion_id": 23, "section": "R1_3_T", "area_um2": 4150.0}}, {"type": "Feature", "geometry": {"type": "Polygon", "coordinates": [[[1845.0, 6430.0], [1835.0, 6430.0], [1830.0, 6425.0], [1825.0, 6420.0], [1820.0, 6415.0], [1815.0, 6410.0], [1810.0, 6405.0], [1805.0, 6400.0], [1800.0, 6395.0], [1795.0, 6390.0], [1790.0, 6385.0], [1785.0, 6380.0], [1780.0, 6375.0], [1785.0, 6370.0], [1790.0, 6365.0], [1795.0, 6360.0], [1800.0, 6355.0], [1805.0, 6350.0], [1810.0, 6345.0], [1815.0, 6340.0], [1820.0, 6335.0], [1820.0, 6325.0], [1825.0, 6320.0], [1830.0, 6315.0], [1835.0, 6310.0], [1840.0, 6305.0], [1845.0, 6300.0], [1850.0, 6295.0], [1845.0, 6290.0], [1840.0, 6285.0], [1845.0, 6280.0], [1855.0, 6280.0], [1860.0, 6275.0], [1865.0, 6270.0], [1875.0, 6270.0], [1880.0, 6265.0], [1885.0, 6260.0], [1890.0, 6255.0], [1895.0, 6250.0], [1905.0, 6250.0], [1915.0, 6250.0], [1925.0, 6250.0], [1930.0, 6245.0], [1935.0, 6240.0], [1940.0, 6245.0], [1945.0, 6250.0], [1950.0, 6255.0], [1955.0, 6260.0], [1960.0, 6265.0], [1965.0, 6270.0], [1970.0, 6275.0], [1970.0, 6285.0], [1975.0, 6290.0], [1980.0, 6295.0], [1980.0, 6305.0], [1975.0, 6310.0], [1970.0, 6315.0], [1965.0, 6320.0], [1960.0, 6325.0], [1960.0, 6335.0], [1960.0, 6345.0], [1955.0, 6350.0], [1950.0, 6355.0], [1950.0, 6365.0], [1945.0, 6370.0], [1940.0, 6375.0], [1935.0, 6380.0], [1930.0, 6385.0], [1925.0, 6390.0], [1920.0, 6395.0], [1915.0, 6400.0], [1910.0, 6405.0], [1905.0, 6410.0], [1895.0, 6410.0], [1890.0, 6415.0], [1885.0, 6420.0], [1875.0, 6420.0], [1870.0, 6415.0], [1865.0, 6410.0], [1860.0, 6415.0], [1855.0, 6420.0], [1850.0, 6425.0], [1845.0, 6430.0]], [[1850.0, 6375.0], [1855.0, 6370.0], [1865.0, 6370.0], [1875.0, 6370.0], [1885.0, 6370.0], [1895.0, 6370.0], [1900.0, 6365.0], [1905.0, 6360.0], [1910.0, 6355.0], [1910.0, 6345.0], [1915.0, 6340.0], [1920.0, 6335.0], [1920.0, 6325.0], [1920.0, 6315.0], [1925.0, 6310.0], [1930.0, 6305.0], [1930.0, 6295.0], [1925.0, 6290.0], [1915.0, 6290.0], [1905.0, 6290.0], [1895.0, 6290.0], [1890.0, 6295.0], [1890.0, 6305.0], [1885.0, 6310.0], [1880.0, 6315.0], [1875.0, 6320.0], [1870.0, 6325.0], [1865.0, 6330.0], [1860.0, 6335.0], [1860.0, 6345.0], [1855.0, 6350.0], [1850.0, 6355.0], [1845.0, 6360.0], [1840.0, 6365.0], [1835.0, 6370.0], [1830.0, 6375.0], [1835.0, 6380.0], [1845.0, 6380.0], [1850.0, 6375.0]]]}, "properties": {"objectType": "annotation", "name": "R1_3_T|rim_23", "classification": {"name": "rim", "color": [201, 133, 0]}, "lesion_id": 23, "section": "R1_3_T", "area_um2": 17200.0}}, {"type": "Feature", "geometry": {"type": "Polygon", "coordinates": [[[4005.0, 7230.0], [4000.0, 7225.0], [3995.0, 7220.0], [3990.0, 7215.0], [3985.0, 7210.0], [3975.0, 7210.0], [3970.0, 7205.0], [3965.0, 7200.0], [3960.0, 7195.0], [3955.0, 7190.0], [3950.0, 7185.0], [3945.0, 7180.0], [3940.0, 7175.0], [3940.0, 7165.0], [3935.0, 7160.0], [3930.0, 7155.0], [3925.0, 7150.0], [3920.0, 7145.0], [3920.0, 7135.0], [3915.0, 7130.0], [3910.0, 7125.0], [3910.0, 7115.0], [3905.0, 7110.0], [3900.0, 7105.0], [3900.0, 7095.0], [3895.0, 7090.0], [3890.0, 7085.0], [3895.0, 7080.0], [3900.0, 7075.0], [3900.0, 7065.0], [3905.0, 7060.0], [3910.0, 7055.0], [3915.0, 7050.0], [3920.0, 7045.0], [3920.0, 7035.0], [3920.0, 7025.0], [3925.0, 7020.0], [3930.0, 7015.0], [3930.0, 7005.0], [3930.0, 6995.0], [3930.0, 6985.0], [3930.0, 6975.0], [3930.0, 6965.0], [3935.0, 6960.0], [3940.0, 6955.0], [3940.0, 6945.0], [3940.0, 6935.0], [3940.0, 6925.0], [3940.0, 6915.0], [3940.0, 6905.0], [3940.0, 6895.0], [3945.0, 6890.0], [3950.0, 6885.0], [3950.0, 6875.0], [3950.0, 6865.0], [3950.0, 6855.0], [3955.0, 6850.0], [3960.0, 6845.0], [3960.0, 6835.0], [3960.0, 6825.0], [3955.0, 6820.0], [3950.0, 6815.0], [3955.0, 6810.0], [3960.0, 6805.0], [3965.0, 6800.0], [3970.0, 6795.0], [3965.0, 6790.0], [3960.0, 6785.0], [3960.0, 6775.0], [3960.0, 6765.0], [3965.0, 6760.0], [3970.0, 6755.0], [3975.0, 6750.0], [3980.0, 6745.0], [3985.0, 6740.0], [3990.0, 6735.0], [3995.0, 6730.0], [4000.0, 6725.0], [4000.0, 6715.0], [3995.0, 6710.0], [3990.0, 6705.0], [3985.0, 6700.0], [3980.0, 6695.0], [3975.0, 6690.0], [3970.0, 6685.0], [3965.0, 6680.0], [3960.0, 6675.0], [3955.0, 6670.0], [3950.0, 6665.0], [3950.0, 6655.0], [3945.0, 6650.0], [3940.0, 6645.0], [3935.0, 6640.0], [3930.0, 6635.0], [3930.0, 6625.0], [3930.0, 6615.0], [3925.0, 6610.0], [3920.0, 6605.0], [3920.0, 6595.0], [3920.0, 6585.0], [3920.0, 6575.0], [3920.0, 6565.0], [3920.0, 6555.0], [3920.0, 6545.0], [3920.0, 6535.0], [3920.0, 6525.0], [3925.0, 6520.0], [3930.0, 6515.0], [3930.0, 6505.0], [3930.0, 6495.0], [3930.0, 6485.0], [3930.0, 6475.0], [3925.0, 6470.0], [3920.0, 6465.0], [3915.0, 6460.0], [3910.0, 6455.0], [3905.0, 6450.0], [3900.0, 6445.0], [3895.0, 6440.0], [3890.0, 6435.0], [3885.0, 6430.0], [3880.0, 6425.0], [3880.0, 6415.0], [3875.0, 6410.0], [3870.0, 6405.0], [3870.0, 6395.0], [3865.0, 6390.0], [3860.0, 6385.0], [3855.0, 6380.0], [3850.0, 6375.0], [3845.0, 6370.0], [3840.0, 6365.0], [3840.0, 6355.0], [3840.0, 6345.0], [3845.0, 6340.0], [3855.0, 6340.0], [3865.0, 6340.0], [3875.0, 6340.0], [3885.0, 6340.0], [3895.0, 6340.0], [3905.0, 6340.0], [3915.0, 6340.0], [3920.0, 6345.0], [3925.0, 6350.0], [3930.0, 6345.0], [3935.0, 6340.0], [3940.0, 6345.0], [3945.0, 6350.0], [3955.0, 6350.0], [3960.0, 6355.0], [3960.0, 6365.0], [3960.0, 6375.0], [3965.0, 6380.0], [3975.0, 6380.0], [3980.0, 6385.0], [3980.0, 6395.0], [3985.0, 6400.0], [3990.0, 6405.0], [3990.0, 6415.0], [3995.0, 6420.0], [4000.0, 6425.0], [4000.0, 6435.0], [4005.0, 6440.0], [4010.0, 6445.0], [4015.0, 6450.0], [4020.0, 6455.0], [4025.0, 6460.0], [4030.0, 6465.0], [4035.0, 6470.0], [4040.0, 6475.0], [4040.0, 6485.0], [4040.0, 6495.0], [4040.0, 6505.0], [4045.0, 6510.0], [4050.0, 6515.0], [4055.0, 6520.0], [4060.0, 6525.0], [4060.0, 6535.0], [4060.0, 6545.0], [4065.0, 6550.0], [4070.0, 6555.0], [4070.0, 6565.0], [4070.0, 6575.0], [4070.0, 6585.0], [4070.0, 6595.0], [4070.0, 6605.0], [4070.0, 6615.0], [4070.0, 6625.0], [4070.0, 6635.0], [4070.0, 6645.0], [4070.0, 6655.0], [4070.0, 6665.0], [4070.0, 6675.0], [4070.0, 6685.0], [4070.0, 6695.0], [4070.0, 6705.0], [4065.0, 6710.0], [4060.0, 6715.0], [4055.0, 6720.0], [4050.0, 6725.0], [4055.0, 6730.0], [4060.0, 6735.0], [4065.0, 6740.0], [4070.0, 6745.0], [4070.0, 6755.0], [4070.0, 6765.0], [4070.0, 6775.0], [4070.0, 6785.0], [4070.0, 6795.0], [4070.0, 6805.0], [4075.0, 6810.0], [4085.0, 6810.0], [4090.0, 6815.0], [4090.0, 6825.0], [4090.0, 6835.0], [4090.0, 6845.0], [4090.0, 6855.0], [4090.0, 6865.0], [4085.0, 6870.0], [4080.0, 6875.0], [4080.0, 6885.0], [4080.0, 6895.0], [4080.0, 6905.0], [4080.0, 6915.0], [4080.0, 6925.0], [4080.0, 6935.0], [4075.0, 6940.0], [4070.0, 6945.0], [4070.0, 6955.0], [4070.0, 6965.0], [4070.0, 6975.0], [4070.0, 6985.0], [4065.0, 6990.0], [4060.0, 6995.0], [4060.0, 7005.0], [4060.0, 7015.0], [4060.0, 7025.0], [4055.0, 7030.0], [4050.0, 7035.0], [4050.0, 7045.0], [4050.0, 7055.0], [4050.0, 7065.0], [4050.0, 7075.0], [4050.0, 7085.0], [4050.0, 7095.0], [4050.0, 7105.0], [4050.0, 7115.0], [4050.0, 7125.0], [4050.0, 7135.0], [4050.0, 7145.0], [4050.0, 7155.0], [4050.0, 7165.0], [4045.0, 7170.0], [4040.0, 7175.0], [4040.0, 7185.0], [4045.0, 7190.0], [4050.0, 7195.0], [4050.0, 7205.0], [4045.0, 7210.0], [4035.0, 7210.0], [4025.0, 7210.0], [4020.0, 7215.0], [4015.0, 7220.0], [4010.0, 7225.0], [4005.0, 7230.0]]]}, "properties": {"objectType": "annotation", "name": "P2_3_L|lesion_24", "classification": {"name": "lesion", "color": [255, 0, 0]}, "lesion_id": 24, "section": "P2_3_L", "area_um2": 107250.0}}, {"type": "Feature", "geometry": {"type": "MultiPolygon", "coordinates": [[[[3940.0, 6415.0], [3940.0, 6405.0], [3940.0, 6395.0], [3935.0, 6390.0], [3925.0, 6390.0], [3920.0, 6395.0], [3920.0, 6405.0], [3925.0, 6410.0], [3930.0, 6415.0], [3935.0, 6420.0], [3940.0, 6415.0]]], [[[4045.0, 6670.0], [4050.0, 6665.0], [4050.0, 6655.0], [4055.0, 6650.0], [4060.0, 6645.0], [4060.0, 6635.0], [4065.0, 6630.0], [4070.0, 6625.0], [4070.0, 6615.0], [4070.0, 6605.0], [4070.0, 6595.0], [4070.0, 6585.0], [4070.0, 6575.0], [4070.0, 6565.0], [4065.0, 6560.0], [4060.0, 6555.0], [4060.0, 6545.0], [4055.0, 6540.0], [4050.0, 6535.0], [4050.0, 6525.0], [4045.0, 6520.0], [4035.0, 6520.0], [4030.0, 6515.0], [4025.0, 6510.0], [4020.0, 6505.0], [4015.0, 6500.0], [4005.0, 6500.0], [4000.0, 6495.0], [3995.0, 6490.0], [3990.0, 6485.0], [3985.0, 6480.0], [3980.0, 6475.0], [3975.0, 6470.0], [3970.0, 6475.0], [3970.0, 6485.0], [3970.0, 6495.0], [3970.0, 6505.0], [3970.0, 6515.0], [3970.0, 6525.0], [3970.0, 6535.0], [3965.0, 6540.0], [3960.0, 6545.0], [3960.0, 6555.0], [3960.0, 6565.0], [3960.0, 6575.0], [3960.0, 6585.0], [3965.0, 6590.0], [3970.0, 6595.0], [3970.0, 6605.0], [3970.0, 6615.0], [3975.0, 6620.0], [3980.0, 6625.0], [3985.0, 6630.0], [3990.0, 6635.0], [3990.0, 6645.0], [3995.0, 6650.0], [4000.0, 6655.0], [4005.0, 6660.0], [4010.0, 6665.0], [4015.0, 6670.0], [4020.0, 6675.0], [4025.0, 6680.0], [4035.0, 6680.0], [4040.0, 6675.0], [4045.0, 6670.0]]], [[[4050.0, 7155.0], [4050.0, 7145.0], [4050.0, 7135.0], [4050.0, 7125.0], [4050.0, 7115.0], [4050.0, 7105.0], [4050.0, 7095.0], [4050.0, 7085.0], [4050.0, 7075.0], [4050.0, 7065.0], [4050.0, 7055.0], [4050.0, 7045.0], [4050.0, 7035.0], [4055.0, 7030.0], [4060.0, 7025.0], [4060.0, 7015.0], [4060.0, 7005.0], [4060.0, 6995.0], [4065.0, 6990.0], [4070.0, 6985.0], [4070.0, 6975.0], [4070.0, 6965.0], [4070.0, 6955.0], [4070.0, 6945.0], [4075.0, 6940.0], [4080.0, 6935.0], [4080.0, 6925.0], [4080.0, 6915.0], [4080.0, 6905.0], [4080.0, 6895.0], [4080.0, 6885.0], [4080.0, 6875.0], [4080.0, 6865.0], [4080.0, 6855.0], [4075.0, 6850.0], [4070.0, 6845.0], [4070.0, 6835.0], [4065.0, 6830.0], [4060.0, 6825.0], [4055.0, 6820.0], [4050.0, 6815.0], [4050.0, 6805.0], [4045.0, 6800.0], [4040.0, 6795.0], [4040.0, 6785.0], [4040.0, 6775.0], [4035.0, 6770.0], [4030.0, 6765.0], [4025.0, 6760.0], [4020.0, 6765.0], [4015.0, 6770.0], [4010.0, 6775.0], [4010.0, 6785.0], [4010.0, 6795.0], [4010.0, 6805.0], [4010.0, 6815.0], [4005.0, 6820.0], [4000.0, 6825.0], [4000.0, 6835.0], [4000.0, 6845.0], [4000.0, 6855.0], [4000.0, 6865.0], [3995.0, 6870.0], [3990.0, 6875.0], [3990.0, 6885.0], [3990.0, 6895.0], [3990.0, 6905.0], [3985.0, 6910.0], [3980.0, 6915.0], [3980.0, 6925.0], [3980.0, 6935.0], [3980.0, 6945.0], [3980.0, 6955.0], [3980.0, 6965.0], [3980.0, 6975.0], [3975.0, 6980.0], [3970.0, 6985.0], [3970.0, 6995.0], [3970.0, 7005.0], [3970.0, 7015.0], [3970.0, 7025.0], [3970.0, 7035.0], [3965.0, 7040.0], [3960.0, 7045.0], [3960.0, 7055.0], [3960.0, 7065.0], [3955.0, 7070.0], [3950.0, 7075.0], [3945.0, 7080.0], [3940.0, 7085.0], [3945.0, 7090.0], [3950.0, 7095.0], [3950.0, 7105.0], [3955.0, 7110.0], [3960.0, 7115.0], [3960.0, 7125.0], [3965.0, 7130.0], [3970.0, 7135.0], [3975.0, 7140.0], [3980.0, 7145.0], [3980.0, 7155.0], [3985.0, 7160.0], [3990.0, 7165.0], [3995.0, 7170.0], [4005.0, 7170.0], [4015.0, 7170.0], [4025.0, 7170.0], [4035.0, 7170.0], [4045.0, 7170.0], [4050.0, 7165.0], [4050.0, 7155.0]]]]}, "properties": {"objectType": "annotation", "name": "P2_3_L|core_24", "classification": {"name": "core", "color": [230, 103, 103]}, "lesion_id": 24, "section": "P2_3_L", "area_um2": 47750.0}}, {"type": "Feature", "geometry": {"type": "Polygon", "coordinates": [[[4005.0, 7230.0], [4000.0, 7225.0], [3995.0, 7220.0], [3990.0, 7215.0], [3985.0, 7210.0], [3975.0, 7210.0], [3970.0, 7205.0], [3965.0, 7200.0], [3960.0, 7195.0], [3955.0, 7190.0], [3950.0, 7185.0], [3945.0, 7180.0], [3940.0, 7175.0], [3940.0, 7165.0], [3935.0, 7160.0], [3930.0, 7155.0], [3925.0, 7150.0], [3920.0, 7145.0], [3920.0, 7135.0], [3915.0, 7130.0], [3910.0, 7125.0], [3910.0, 7115.0], [3905.0, 7110.0], [3900.0, 7105.0], [3900.0, 7095.0], [3895.0, 7090.0], [3890.0, 7085.0], [3895.0, 7080.0], [3900.0, 7075.0], [3900.0, 7065.0], [3905.0, 7060.0], [3910.0, 7055.0], [3915.0, 7050.0], [3920.0, 7045.0], [3920.0, 7035.0], [3920.0, 7025.0], [3925.0, 7020.0], [3930.0, 7015.0], [3930.0, 7005.0], [3930.0, 6995.0], [3930.0, 6985.0], [3930.0, 6975.0], [3930.0, 6965.0], [3935.0, 6960.0], [3940.0, 6955.0], [3940.0, 6945.0], [3940.0, 6935.0], [3940.0, 6925.0], [3940.0, 6915.0], [3940.0, 6905.0], [3940.0, 6895.0], [3945.0, 6890.0], [3950.0, 6885.0], [3950.0, 6875.0], [3950.0, 6865.0], [3950.0, 6855.0], [3955.0, 6850.0], [3960.0, 6845.0], [3960.0, 6835.0], [3960.0, 6825.0], [3955.0, 6820.0], [3950.0, 6815.0], [3955.0, 6810.0], [3960.0, 6805.0], [3965.0, 6800.0], [3970.0, 6795.0], [3965.0, 6790.0], [3960.0, 6785.0], [3960.0, 6775.0], [3960.0, 6765.0], [3965.0, 6760.0], [3970.0, 6755.0], [3975.0, 6750.0], [3980.0, 6745.0], [3985.0, 6740.0], [3990.0, 6735.0], [3995.0, 6730.0], [4000.0, 6725.0], [4000.0, 6715.0], [3995.0, 6710.0], [3990.0, 6705.0], [3985.0, 6700.0], [3980.0, 6695.0], [3975.0, 6690.0], [3970.0, 6685.0], [3965.0, 6680.0], [3960.0, 6675.0], [3955.0, 6670.0], [3950.0, 6665.0], [3950.0, 6655.0], [3945.0, 6650.0], [3940.0, 6645.0], [3935.0, 6640.0], [3930.0, 6635.0], [3930.0, 6625.0], [3930.0, 6615.0], [3925.0, 6610.0], [3920.0, 6605.0], [3920.0, 6595.0], [3920.0, 6585.0], [3920.0, 6575.0], [3920.0, 6565.0], [3920.0, 6555.0], [3920.0, 6545.0], [3920.0, 6535.0], [3920.0, 6525.0], [3925.0, 6520.0], [3930.0, 6515.0], [3930.0, 6505.0], [3930.0, 6495.0], [3930.0, 6485.0], [3930.0, 6475.0], [3925.0, 6470.0], [3920.0, 6465.0], [3915.0, 6460.0], [3910.0, 6455.0], [3905.0, 6450.0], [3900.0, 6445.0], [3895.0, 6440.0], [3890.0, 6435.0], [3885.0, 6430.0], [3880.0, 6425.0], [3880.0, 6415.0], [3875.0, 6410.0], [3870.0, 6405.0], [3870.0, 6395.0], [3865.0, 6390.0], [3860.0, 6385.0], [3855.0, 6380.0], [3850.0, 6375.0], [3845.0, 6370.0], [3840.0, 6365.0], [3840.0, 6355.0], [3840.0, 6345.0], [3845.0, 6340.0], [3855.0, 6340.0], [3865.0, 6340.0], [3875.0, 6340.0], [3885.0, 6340.0], [3895.0, 6340.0], [3905.0, 6340.0], [3915.0, 6340.0], [3920.0, 6345.0], [3925.0, 6350.0], [3930.0, 6345.0], [3935.0, 6340.0], [3940.0, 6345.0], [3945.0, 6350.0], [3955.0, 6350.0], [3960.0, 6355.0], [3960.0, 6365.0], [3960.0, 6375.0], [3965.0, 6380.0], [3975.0, 6380.0], [3980.0, 6385.0], [3980.0, 6395.0], [3985.0, 6400.0], [3990.0, 6405.0], [3990.0, 6415.0], [3995.0, 6420.0], [4000.0, 6425.0], [4000.0, 6435.0], [4005.0, 6440.0], [4010.0, 6445.0], [4015.0, 6450.0], [4020.0, 6455.0], [4025.0, 6460.0], [4030.0, 6465.0], [4035.0, 6470.0], [4040.0, 6475.0], [4040.0, 6485.0], [4040.0, 6495.0], [4040.0, 6505.0], [4045.0, 6510.0], [4050.0, 6515.0], [4045.0, 6520.0], [4035.0, 6520.0], [4030.0, 6515.0], [4025.0, 6510.0], [4020.0, 6505.0], [4015.0, 6500.0], [4005.0, 6500.0], [4000.0, 6495.0], [3995.0, 6490.0], [3990.0, 6485.0], [3985.0, 6480.0], [3980.0, 6475.0], [3975.0, 6470.0], [3970.0, 6475.0], [3970.0, 6485.0], [3970.0, 6495.0], [3970.0, 6505.0], [3970.0, 6515.0], [3970.0, 6525.0], [3970.0, 6535.0], [3965.0, 6540.0], [3960.0, 6545.0], [3960.0, 6555.0], [3960.0, 6565.0], [3960.0, 6575.0], [3960.0, 6585.0], [3965.0, 6590.0], [3970.0, 6595.0], [3970.0, 6605.0], [3970.0, 6615.0], [3975.0, 6620.0], [3980.0, 6625.0], [3985.0, 6630.0], [3990.0, 6635.0], [3990.0, 6645.0], [3995.0, 6650.0], [4000.0, 6655.0], [4005.0, 6660.0], [4010.0, 6665.0], [4015.0, 6670.0], [4020.0, 6675.0], [4025.0, 6680.0], [4035.0, 6680.0], [4040.0, 6675.0], [4045.0, 6670.0], [4050.0, 6665.0], [4050.0, 6655.0], [4055.0, 6650.0], [4060.0, 6645.0], [4060.0, 6635.0], [4065.0, 6630.0], [4070.0, 6635.0], [4070.0, 6645.0], [4070.0, 6655.0], [4070.0, 6665.0], [4070.0, 6675.0], [4070.0, 6685.0], [4070.0, 6695.0], [4070.0, 6705.0], [4065.0, 6710.0], [4060.0, 6715.0], [4055.0, 6720.0], [4050.0, 6725.0], [4055.0, 6730.0], [4060.0, 6735.0], [4065.0, 6740.0], [4070.0, 6745.0], [4070.0, 6755.0], [4070.0, 6765.0], [4070.0, 6775.0], [4070.0, 6785.0], [4070.0, 6795.0], [4070.0, 6805.0], [4075.0, 6810.0], [4085.0, 6810.0], [4090.0, 6815.0], [4090.0, 6825.0], [4090.0, 6835.0], [4090.0, 6845.0], [4090.0, 6855.0], [4090.0, 6865.0], [4085.0, 6870.0], [4080.0, 6865.0], [4080.0, 6855.0], [4075.0, 6850.0], [4070.0, 6845.0], [4070.0, 6835.0], [4065.0, 6830.0], [4060.0, 6825.0], [4055.0, 6820.0], [4050.0, 6815.0], [4050.0, 6805.0], [4045.0, 6800.0], [4040.0, 6795.0], [4040.0, 6785.0], [4040.0, 6775.0], [4035.0, 6770.0], [4030.0, 6765.0], [4025.0, 6760.0], [4020.0, 6765.0], [4015.0, 6770.0], [4010.0, 6775.0], [4010.0, 6785.0], [4010.0, 6795.0], [4010.0, 6805.0], [4010.0, 6815.0], [4005.0, 6820.0], [4000.0, 6825.0], [4000.0, 6835.0], [4000.0, 6845.0], [4000.0, 6855.0], [4000.0, 6865.0], [3995.0, 6870.0], [3990.0, 6875.0], [3990.0, 6885.0], [3990.0, 6895.0], [3990.0, 6905.0], [3985.0, 6910.0], [3980.0, 6915.0], [3980.0, 6925.0], [3980.0, 6935.0], [3980.0, 6945.0], [3980.0, 6955.0], [3980.0, 6965.0], [3980.0, 6975.0], [3975.0, 6980.0], [3970.0, 6985.0], [3970.0, 6995.0], [3970.0, 7005.0], [3970.0, 7015.0], [3970.0, 7025.0], [3970.0, 7035.0], [3965.0, 7040.0], [3960.0, 7045.0], [3960.0, 7055.0], [3960.0, 7065.0], [3955.0, 7070.0], [3950.0, 7075.0], [3945.0, 7080.0], [3940.0, 7085.0], [3945.0, 7090.0], [3950.0, 7095.0], [3950.0, 7105.0], [3955.0, 7110.0], [3960.0, 7115.0], [3960.0, 7125.0], [3965.0, 7130.0], [3970.0, 7135.0], [3975.0, 7140.0], [3980.0, 7145.0], [3980.0, 7155.0], [3985.0, 7160.0], [3990.0, 7165.0], [3995.0, 7170.0], [4005.0, 7170.0], [4015.0, 7170.0], [4025.0, 7170.0], [4035.0, 7170.0], [4040.0, 7175.0], [4040.0, 7185.0], [4045.0, 7190.0], [4050.0, 7195.0], [4050.0, 7205.0], [4045.0, 7210.0], [4035.0, 7210.0], [4025.0, 7210.0], [4020.0, 7215.0], [4015.0, 7220.0], [4010.0, 7225.0], [4005.0, 7230.0]], [[3950.0, 6425.0], [3945.0, 6420.0], [3940.0, 6415.0], [3940.0, 6405.0], [3940.0, 6395.0], [3935.0, 6390.0], [3925.0, 6390.0], [3920.0, 6395.0], [3920.0, 6405.0], [3925.0, 6410.0], [3930.0, 6415.0], [3935.0, 6420.0], [3940.0, 6425.0], [3945.0, 6430.0], [3950.0, 6425.0]]]}, "properties": {"objectType": "annotation", "name": "P2_3_L|rim_24", "classification": {"name": "rim", "color": [201, 133, 0]}, "lesion_id": 24, "section": "P2_3_L", "area_um2": 59000.0}}, {"type": "Feature", "geometry": {"type": "Polygon", "coordinates": [[[2605.0, 6520.0], [2600.0, 6515.0], [2600.0, 6505.0], [2600.0, 6495.0], [2600.0, 6485.0], [2600.0, 6475.0], [2600.0, 6465.0], [2605.0, 6460.0], [2610.0, 6455.0], [2615.0, 6450.0], [2620.0, 6455.0], [2620.0, 6465.0], [2620.0, 6475.0], [2620.0, 6485.0], [2615.0, 6490.0], [2610.0, 6495.0], [2610.0, 6505.0], [2610.0, 6515.0], [2605.0, 6520.0]]]}, "properties": {"objectType": "annotation", "name": "P2_3_L|lesion_25", "classification": {"name": "lesion", "color": [255, 0, 0]}, "lesion_id": 25, "section": "P2_3_L", "area_um2": 950.0}}, {"type": "Feature", "geometry": {"type": "Polygon", "coordinates": [[[2605.0, 6520.0], [2600.0, 6515.0], [2600.0, 6505.0], [2600.0, 6495.0], [2600.0, 6485.0], [2600.0, 6475.0], [2600.0, 6465.0], [2605.0, 6460.0], [2610.0, 6455.0], [2615.0, 6450.0], [2620.0, 6455.0], [2620.0, 6465.0], [2620.0, 6475.0], [2620.0, 6485.0], [2615.0, 6490.0], [2610.0, 6495.0], [2610.0, 6505.0], [2610.0, 6515.0], [2605.0, 6520.0]]]}, "properties": {"objectType": "annotation", "name": "P2_3_L|rim_25", "classification": {"name": "rim", "color": [201, 133, 0]}, "lesion_id": 25, "section": "P2_3_L", "area_um2": 950.0}}, {"type": "Feature", "geometry": {"type": "Polygon", "coordinates": [[[1095.0, 6640.0], [1085.0, 6640.0], [1075.0, 6640.0], [1070.0, 6635.0], [1065.0, 6630.0], [1060.0, 6625.0], [1055.0, 6620.0], [1050.0, 6615.0], [1045.0, 6610.0], [1040.0, 6605.0], [1040.0, 6595.0], [1040.0, 6585.0], [1045.0, 6580.0], [1050.0, 6575.0], [1055.0, 6570.0], [1060.0, 6565.0], [1065.0, 6560.0], [1070.0, 6555.0], [1075.0, 6550.0], [1080.0, 6545.0], [1085.0, 6540.0], [1095.0, 6540.0], [1105.0, 6540.0], [1110.0, 6545.0], [1115.0, 6550.0], [1120.0, 6555.0], [1125.0, 6560.0], [1130.0, 6565.0], [1135.0, 6570.0], [1140.0, 6575.0], [1140.0, 6585.0], [1145.0, 6590.0], [1150.0, 6595.0], [1150.0, 6605.0], [1145.0, 6610.0], [1140.0, 6615.0], [1135.0, 6620.0], [1130.0, 6625.0], [1125.0, 6630.0], [1115.0, 6630.0], [1105.0, 6630.0], [1100.0, 6635.0], [1095.0, 6640.0]]]}, "properties": {"objectType": "annotation", "name": "R1_3_T|lesion_26", "classification": {"name": "lesion", "color": [255, 0, 0]}, "lesion_id": 26, "section": "R1_3_T", "area_um2": 7450.0}}, {"type": "Feature", "geometry": {"type": "Polygon", "coordinates": [[[1095.0, 6640.0], [1085.0, 6640.0], [1075.0, 6640.0], [1070.0, 6635.0], [1065.0, 6630.0], [1060.0, 6625.0], [1055.0, 6620.0], [1050.0, 6615.0], [1045.0, 6610.0], [1040.0, 6605.0], [1040.0, 6595.0], [1040.0, 6585.0], [1045.0, 6580.0], [1050.0, 6575.0], [1055.0, 6570.0], [1060.0, 6565.0], [1065.0, 6560.0], [1070.0, 6555.0], [1075.0, 6550.0], [1080.0, 6545.0], [1085.0, 6540.0], [1095.0, 6540.0], [1105.0, 6540.0], [1110.0, 6545.0], [1115.0, 6550.0], [1120.0, 6555.0], [1125.0, 6560.0], [1130.0, 6565.0], [1135.0, 6570.0], [1140.0, 6575.0], [1140.0, 6585.0], [1145.0, 6590.0], [1150.0, 6595.0], [1150.0, 6605.0], [1145.0, 6610.0], [1140.0, 6615.0], [1135.0, 6620.0], [1130.0, 6625.0], [1125.0, 6630.0], [1115.0, 6630.0], [1105.0, 6630.0], [1100.0, 6635.0], [1095.0, 6640.0]]]}, "properties": {"objectType": "annotation", "name": "R1_3_T|rim_26", "classification": {"name": "rim", "color": [201, 133, 0]}, "lesion_id": 26, "section": "R1_3_T", "area_um2": 7450.0}}, {"type": "Feature", "geometry": {"type": "Polygon", "coordinates": [[[2545.0, 7480.0], [2540.0, 7475.0], [2535.0, 7470.0], [2525.0, 7470.0], [2515.0, 7470.0], [2510.0, 7465.0], [2505.0, 7460.0], [2500.0, 7455.0], [2495.0, 7450.0], [2490.0, 7445.0], [2490.0, 7435.0], [2485.0, 7430.0], [2480.0, 7425.0], [2480.0, 7415.0], [2475.0, 7410.0], [2470.0, 7405.0], [2470.0, 7395.0], [2470.0, 7385.0], [2470.0, 7375.0], [2475.0, 7370.0], [2480.0, 7365.0], [2480.0, 7355.0], [2480.0, 7345.0], [2480.0, 7335.0], [2485.0, 7330.0], [2490.0, 7325.0], [2495.0, 7320.0], [2500.0, 7315.0], [2500.0, 7305.0], [2500.0, 7295.0], [2495.0, 7290.0], [2490.0, 7285.0], [2490.0, 7275.0], [2490.0, 7265.0], [2490.0, 7255.0], [2490.0, 7245.0], [2490.0, 7235.0], [2490.0, 7225.0], [2495.0, 7220.0], [2500.0, 7215.0], [2500.0, 7205.0], [2500.0, 7195.0], [2500.0, 7185.0], [2505.0, 7180.0], [2510.0, 7175.0], [2515.0, 7170.0], [2520.0, 7165.0], [2520.0, 7155.0], [2525.0, 7150.0], [2530.0, 7145.0], [2535.0, 7140.0], [2540.0, 7135.0], [2535.0, 7130.0], [2530.0, 7125.0], [2535.0, 7120.0], [2540.0, 7115.0], [2540.0, 7105.0], [2540.0, 7095.0], [2545.0, 7090.0], [2550.0, 7085.0], [2550.0, 7075.0], [2550.0, 7065.0], [2550.0, 7055.0], [2550.0, 7045.0], [2550.0, 7035.0], [2550.0, 7025.0], [2545.0, 7020.0], [2540.0, 7015.0], [2545.0, 7010.0], [2550.0, 7005.0], [2550.0, 6995.0], [2550.0, 6985.0], [2555.0, 6980.0], [2560.0, 6975.0], [2560.0, 6965.0], [2560.0, 6955.0], [2555.0, 6950.0], [2550.0, 6945.0], [2545.0, 6940.0], [2540.0, 6935.0], [2540.0, 6925.0], [2545.0, 6920.0], [2550.0, 6915.0], [2550.0, 6905.0], [2555.0, 6900.0], [2560.0, 6895.0], [2560.0, 6885.0], [2565.0, 6880.0], [2570.0, 6875.0], [2575.0, 6870.0], [2580.0, 6865.0], [2585.0, 6860.0], [2590.0, 6855.0], [2595.0, 6850.0], [2600.0, 6855.0], [2605.0, 6860.0], [2610.0, 6865.0], [2615.0, 6870.0], [2620.0, 6865.0], [2625.0, 6860.0], [2630.0, 6865.0], [2635.0, 6870.0], [2645.0, 6870.0], [2655.0, 6870.0], [2665.0, 6870.0], [2675.0, 6870.0], [2680.0, 6875.0], [2685.0, 6880.0], [2690.0, 6885.0], [2695.0, 6890.0], [2700.0, 6895.0], [2700.0, 6905.0], [2705.0, 6910.0], [2710.0, 6915.0], [2715.0, 6920.0], [2720.0, 6925.0], [2725.0, 6930.0], [2730.0, 6935.0], [2735.0, 6940.0], [2740.0, 6945.0], [2735.0, 6950.0], [2730.0, 6955.0], [2730.0, 6965.0], [2735.0, 6970.0], [2740.0, 6975.0], [2740.0, 6985.0], [2735.0, 6990.0], [2730.0, 6995.0], [2730.0, 7005.0], [2735.0, 7010.0], [2740.0, 7015.0], [2745.0, 7020.0], [2750.0, 7025.0], [2755.0, 7030.0], [2765.0, 7030.0], [2770.0, 7035.0], [2775.0, 7040.0], [2785.0, 7040.0], [2795.0, 7040.0], [2800.0, 7045.0], [2805.0, 7050.0], [2815.0, 7050.0], [2825.0, 7050.0], [2830.0, 7055.0], [2835.0, 7060.0], [2845.0, 7060.0], [2850.0, 7065.0], [2855.0, 7070.0], [2860.0, 7075.0], [2865.0, 7080.0], [2870.0, 7085.0], [2875.0, 7090.0], [2880.0, 7095.0], [2885.0, 7100.0], [2890.0, 7105.0], [2895.0, 7110.0], [2900.0, 7115.0], [2905.0, 7120.0], [2910.0, 7125.0], [2915.0, 7130.0], [2920.0, 7135.0], [2915.0, 7140.0], [2910.0, 7145.0], [2910.0, 7155.0], [2915.0, 7160.0], [2920.0, 7165.0], [2920.0, 7175.0], [2920.0, 7185.0], [2920.0, 7195.0], [2915.0, 7200.0], [2910.0, 7205.0], [2905.0, 7210.0], [2900.0, 7215.0], [2895.0, 7220.0], [2885.0, 7220.0], [2880.0, 7225.0], [2875.0, 7230.0], [2865.0, 7230.0], [2860.0, 7235.0], [2855.0, 7240.0], [2850.0, 7245.0], [2845.0, 7250.0], [2835.0, 7250.0], [2830.0, 7255.0], [2825.0, 7260.0], [2820.0, 7265.0], [2815.0, 7270.0], [2805.0, 7270.0], [2795.0, 7270.0], [2790.0, 7275.0], [2785.0, 7280.0], [2780.0, 7275.0], [2775.0, 7270.0], [2770.0, 7265.0], [2765.0, 7260.0], [2755.0, 7260.0], [2750.0, 7255.0], [2745.0, 7250.0], [2735.0, 7250.0], [2730.0, 7245.0], [2725.0, 7240.0], [2720.0, 7235.0], [2715.0, 7230.0], [2705.0, 7230.0], [2695.0, 7230.0], [2685.0, 7230.0], [2675.0, 7230.0], [2670.0, 7235.0], [2665.0, 7240.0], [2660.0, 7245.0], [2655.0, 7250.0], [2650.0, 7255.0], [2650.0, 7265.0], [2650.0, 7275.0], [2655.0, 7280.0], [2660.0, 7285.0], [2665.0, 7290.0], [2670.0, 7295.0], [2670.0, 7305.0], [2670.0, 7315.0], [2670.0, 7325.0], [2670.0, 7335.0], [2665.0, 7340.0], [2660.0, 7345.0], [2655.0, 7350.0], [2650.0, 7355.0], [2655.0, 7360.0], [2660.0, 7365.0], [2665.0, 7370.0], [2670.0, 7375.0], [2670.0, 7385.0], [2670.0, 7395.0], [2665.0, 7400.0], [2660.0, 7405.0], [2655.0, 7410.0], [2650.0, 7415.0], [2645.0, 7420.0], [2635.0, 7420.0], [2630.0, 7425.0], [2625.0, 7430.0], [2620.0, 7435.0], [2615.0, 7440.0], [2610.0, 7445.0], [2605.0, 7450.0], [2595.0, 7450.0], [2590.0, 7455.0], [2585.0, 7460.0], [2580.0, 7465.0], [2575.0, 7470.0], [2565.0, 7470.0], [2555.0, 7470.0], [2550.0, 7475.0], [2545.0, 7480.0]]]}, "properties": {"objectType": "annotation", "name": "P2_3_L|lesion_28", "classification": {"name": "lesion", "color": [255, 0, 0]}, "lesion_id": 28, "section": "P2_3_L", "area_um2": 142150.0}}, {"type": "Feature", "geometry": {"type": "Polygon", "coordinates": [[[2555.0, 7430.0], [2545.0, 7430.0], [2535.0, 7430.0], [2530.0, 7425.0], [2525.0, 7420.0], [2520.0, 7415.0], [2520.0, 7405.0], [2515.0, 7400.0], [2510.0, 7395.0], [2515.0, 7390.0], [2520.0, 7385.0], [2520.0, 7375.0], [2520.0, 7365.0], [2520.0, 7355.0], [2525.0, 7350.0], [2530.0, 7345.0], [2535.0, 7340.0], [2540.0, 7335.0], [2540.0, 7325.0], [2540.0, 7315.0], [2540.0, 7305.0], [2540.0, 7295.0], [2540.0, 7285.0], [2540.0, 7275.0], [2535.0, 7270.0], [2530.0, 7265.0], [2525.0, 7260.0], [2520.0, 7255.0], [2520.0, 7245.0], [2520.0, 7235.0], [2520.0, 7225.0], [2520.0, 7215.0], [2520.0, 7205.0], [2520.0, 7195.0], [2520.0, 7185.0], [2525.0, 7180.0], [2530.0, 7175.0], [2530.0, 7165.0], [2530.0, 7155.0], [2535.0, 7150.0], [2540.0, 7145.0], [2540.0, 7135.0], [2545.0, 7130.0], [2550.0, 7125.0], [2550.0, 7115.0], [2550.0, 7105.0], [2550.0, 7095.0], [2550.0, 7085.0], [2555.0, 7080.0], [2560.0, 7075.0], [2560.0, 7065.0], [2560.0, 7055.0], [2560.0, 7045.0], [2560.0, 7035.0], [2560.0, 7025.0], [2560.0, 7015.0], [2560.0, 7005.0], [2560.0, 6995.0], [2560.0, 6985.0], [2565.0, 6980.0], [2570.0, 6975.0], [2570.0, 6965.0], [2570.0, 6955.0], [2575.0, 6950.0], [2580.0, 6945.0], [2585.0, 6940.0], [2590.0, 6935.0], [2590.0, 6925.0], [2595.0, 6920.0], [2600.0, 6915.0], [2605.0, 6910.0], [2615.0, 6910.0], [2625.0, 6910.0], [2635.0, 6910.0], [2645.0, 6910.0], [2655.0, 6910.0], [2660.0, 6915.0], [2660.0, 6925.0], [2665.0, 6930.0], [2670.0, 6935.0], [2675.0, 6940.0], [2680.0, 6945.0], [2685.0, 6950.0], [2690.0, 6955.0], [2690.0, 6965.0], [2690.0, 6975.0], [2690.0, 6985.0], [2690.0, 6995.0], [2690.0, 7005.0], [2690.0, 7015.0], [2690.0, 7025.0], [2695.0, 7030.0], [2700.0, 7035.0], [2705.0, 7040.0], [2710.0, 7045.0], [2715.0, 7050.0], [2720.0, 7055.0], [2725.0, 7060.0], [2730.0, 7065.0], [2735.0, 7070.0], [2745.0, 7070.0], [2750.0, 7075.0], [2755.0, 7080.0], [2765.0, 7080.0], [2775.0, 7080.0], [2780.0, 7085.0], [2785.0, 7090.0], [2795.0, 7090.0], [2805.0, 7090.0], [2810.0, 7095.0], [2815.0, 7100.0], [2825.0, 7100.0], [2830.0, 7105.0], [2835.0, 7110.0], [2840.0, 7115.0], [2845.0, 7120.0], [2850.0, 7125.0], [2855.0, 7130.0], [2860.0, 7135.0], [2865.0, 7140.0], [2870.0, 7145.0], [2870.0, 7155.0], [2870.0, 7165.0], [2870.0, 7175.0], [2865.0, 7180.0], [2860.0, 7185.0], [2855.0, 7190.0], [2845.0, 7190.0], [2840.0, 7195.0], [2835.0, 7200.0], [2830.0, 7205.0], [2825.0, 7210.0], [2815.0, 7210.0], [2810.0, 7215.0], [2805.0, 7220.0], [2800.0, 7225.0], [2795.0, 7230.0], [2790.0, 7225.0], [2785.0, 7220.0], [2775.0, 7220.0], [2770.0, 7215.0], [2765.0, 7210.0], [2755.0, 7210.0], [2750.0, 7205.0], [2745.0, 7200.0], [2740.0, 7195.0], [2735.0, 7190.0], [2725.0, 7190.0], [2715.0, 7190.0], [2705.0, 7190.0], [2695.0, 7190.0], [2685.0, 7190.0], [2675.0, 7190.0], [2665.0, 7190.0], [2655.0, 7190.0], [2650.0, 7195.0], [2645.0, 7200.0], [2640.0, 7205.0], [2635.0, 7210.0], [2630.0, 7215.0], [2625.0, 7220.0], [2620.0, 7225.0], [2615.0, 7230.0], [2610.0, 7235.0], [2610.0, 7245.0], [2610.0, 7255.0], [2610.0, 7265.0], [2610.0, 7275.0], [2610.0, 7285.0], [2610.0, 7295.0], [2615.0, 7300.0], [2620.0, 7305.0], [2625.0, 7310.0], [2630.0, 7315.0], [2625.0, 7320.0], [2620.0, 7325.0], [2615.0, 7330.0], [2610.0, 7335.0], [2610.0, 7345.0], [2610.0, 7355.0], [2610.0, 7365.0], [2610.0, 7375.0], [2610.0, 7385.0], [2605.0, 7390.0], [2600.0, 7395.0], [2595.0, 7400.0], [2590.0, 7405.0], [2585.0, 7410.0], [2575.0, 7410.0], [2570.0, 7415.0], [2565.0, 7420.0], [2560.0, 7425.0], [2555.0, 7430.0]]]}, "properties": {"objectType": "annotation", "name": "P2_3_L|core_28", "classification": {"name": "core", "color": [230, 103, 103]}, "lesion_id": 28, "section": "P2_3_L", "area_um2": 77450.0}}, {"type": "Feature", "geometry": {"type": "MultiPolygon", "coordinates": [[[[2560.0, 7075.0], [2560.0, 7065.0], [2560.0, 7055.0], [2560.0, 7045.0], [2560.0, 7035.0], [2560.0, 7025.0], [2560.0, 7015.0], [2560.0, 7005.0], [2560.0, 6995.0], [2560.0, 6985.0], [2555.0, 6980.0], [2550.0, 6985.0], [2550.0, 6995.0], [2550.0, 7005.0], [2545.0, 7010.0], [2540.0, 7015.0], [2545.0, 7020.0], [2550.0, 7025.0], [2550.0, 7035.0], [2550.0, 7045.0], [2550.0, 7055.0], [2550.0, 7065.0], [2550.0, 7075.0], [2555.0, 7080.0], [2560.0, 7075.0]]], [[[2550.0, 7115.0], [2550.0, 7105.0], [2550.0, 7095.0], [2545.0, 7090.0], [2540.0, 7095.0], [2540.0, 7105.0], [2540.0, 7115.0], [2535.0, 7120.0], [2530.0, 7125.0], [2535.0, 7130.0], [2545.0, 7130.0], [2550.0, 7125.0], [2550.0, 7115.0]]], [[[2555.0, 7470.0], [2565.0, 7470.0], [2575.0, 7470.0], [2580.0, 7465.0], [2585.0, 7460.0], [2590.0, 7455.0], [2595.0, 7450.0], [2605.0, 7450.0], [2610.0, 7445.0], [2615.0, 7440.0], [2620.0, 7435.0], [2625.0, 7430.0], [2630.0, 7425.0], [2635.0, 7420.0], [2645.0, 7420.0], [2650.0, 7415.0], [2655.0, 7410.0], [2660.0, 7405.0], [2665.0, 7400.0], [2670.0, 7395.0], [2670.0, 7385.0], [2670.0, 7375.0], [2665.0, 7370.0], [2660.0, 7365.0], [2655.0, 7360.0], [2650.0, 7355.0], [2655.0, 7350.0], [2660.0, 7345.0], [2665.0, 7340.0], [2670.0, 7335.0], [2670.0, 7325.0], [2670.0, 7315.0], [2670.0, 7305.0], [2670.0, 7295.0], [2665.0, 7290.0], [2660.0, 7285.0], [2655.0, 7280.0], [2650.0, 7275.0], [2650.0, 7265.0], [2650.0, 7255.0], [2655.0, 7250.0], [2660.0, 7245.0], [2665.0, 7240.0], [2670.0, 7235.0], [2675.0, 7230.0], [2685.0, 7230.0], [2695.0, 7230.0], [2705.0, 7230.0], [2715.0, 7230.0], [2720.0, 7235.0], [2725.0, 7240.0], [2730.0, 7245.0], [2735.0, 7250.0], [2745.0, 7250.0], [2750.0, 7255.0], [2755.0, 7260.0], [2765.0, 7260.0], [2770.0, 7265.0], [2775.0, 7270.0], [2780.0, 7275.0], [2785.0, 7280.0], [2790.0, 7275.0], [2795.0, 7270.0], [2805.0, 7270.0], [2815.0, 7270.0], [2820.0, 7265.0], [2825.0, 7260.0], [2830.0, 7255.0], [2835.0, 7250.0], [2845.0, 7250.0], [2850.0, 7245.0], [2855.0, 7240.0], [2860.0, 7235.0], [2865.0, 7230.0], [2875.0, 7230.0], [2880.0, 7225.0], [2885.0, 7220.0], [2895.0, 7220.0], [2900.0, 7215.0], [2905.0, 7210.0], [2910.0, 7205.0], [2915.0, 7200.0], [2920.0, 7195.0], [2920.0, 7185.0], [2920.0, 7175.0], [2920.0, 7165.0], [2915.0, 7160.0], [2910.0, 7155.0], [2910.0, 7145.0], [2915.0, 7140.0], [2920.0, 7135.0], [2915.0, 7130.0], [2910.0, 7125.0], [2905.0, 7120.0], [2900.0, 7115.0], [2895.0, 7110.0], [2890.0, 7105.0], [2885.0, 7100.0], [2880.0, 7095.0], [2875.0, 7090.0], [2870.0, 7085.0], [2865.0, 7080.0], [2860.0, 7075.0], [2855.0, 7070.0], [2850.0, 7065.0], [2845.0, 7060.0], [2835.0, 7060.0], [2830.0, 7055.0], [2825.0, 7050.0], [2815.0, 7050.0], [2805.0, 7050.0], [2800.0, 7045.0], [2795.0, 7040.0], [2785.0, 7040.0], [2775.0, 7040.0], [2770.0, 7035.0], [2765.0, 7030.0], [2755.0, 7030.0], [2750.0, 7025.0], [2745.0, 7020.0], [2740.0, 7015.0], [2735.0, 7010.0], [2730.0, 7005.0], [2730.0, 6995.0], [2735.0, 6990.0], [2740.0, 6985.0], [2740.0, 6975.0], [2735.0, 6970.0], [2730.0, 6965.0], [2730.0, 6955.0], [2735.0, 6950.0], [2740.0, 6945.0], [2735.0, 6940.0], [2730.0, 6935.0], [2725.0, 6930.0], [2720.0, 6925.0], [2715.0, 6920.0], [2710.0, 6915.0], [2705.0, 6910.0], [2700.0, 6905.0], [2700.0, 6895.0], [2695.0, 6890.0], [2690.0, 6885.0], [2685.0, 6880.0], [2680.0, 6875.0], [2675.0, 6870.0], [2665.0, 6870.0], [2655.0, 6870.0], [2645.0, 6870.0], [2635.0, 6870.0], [2630.0, 6865.0], [2625.0, 6860.0], [2620.0, 6865.0], [2615.0, 6870.0], [2610.0, 6865.0], [2605.0, 6860.0], [2600.0, 6855.0], [2595.0, 6850.0], [2590.0, 6855.0], [2585.0, 6860.0], [2580.0, 6865.0], [2575.0, 6870.0], [2570.0, 6875.0], [2565.0, 6880.0], [2560.0, 6885.0], [2560.0, 6895.0], [2555.0, 6900.0], [2550.0, 6905.0], [2550.0, 6915.0], [2545.0, 6920.0], [2540.0, 6925.0], [2540.0, 6935.0], [2545.0, 6940.0], [2550.0, 6945.0], [2555.0, 6950.0], [2560.0, 6955.0], [2560.0, 6965.0], [2560.0, 6975.0], [2565.0, 6980.0], [2570.0, 6975.0], [2570.0, 6965.0], [2570.0, 6955.0], [2575.0, 6950.0], [2580.0, 6945.0], [2585.0, 6940.0], [2590.0, 6935.0], [2590.0, 6925.0], [2595.0, 6920.0], [2600.0, 6915.0], [2605.0, 6910.0], [2615.0, 6910.0], [2625.0, 6910.0], [2635.0, 6910.0], [2645.0, 6910.0], [2655.0, 6910.0], [2660.0, 6915.0], [2660.0, 6925.0], [2665.0, 6930.0], [2670.0, 6935.0], [2675.0, 6940.0], [2680.0, 6945.0], [2685.0, 6950.0], [2690.0, 6955.0], [2690.0, 6965.0], [2690.0, 6975.0], [2690.0, 6985.0], [2690.0, 6995.0], [2690.0, 7005.0], [2690.0, 7015.0], [2690.0, 7025.0], [2695.0, 7030.0], [2700.0, 7035.0], [2705.0, 7040.0], [2710.0, 7045.0], [2715.0, 7050.0], [2720.0, 7055.0], [2725.0, 7060.0], [2730.0, 7065.0], [2735.0, 7070.0], [2745.0, 7070.0], [2750.0, 7075.0], [2755.0, 7080.0], [2765.0, 7080.0], [2775.0, 7080.0], [2780.0, 7085.0], [2785.0, 7090.0], [2795.0, 7090.0], [2805.0, 7090.0], [2810.0, 7095.0], [2815.0, 7100.0], [2825.0, 7100.0], [2830.0, 7105.0], [2835.0, 7110.0], [2840.0, 7115.0], [2845.0, 7120.0], [2850.0, 7125.0], [2855.0, 7130.0], [2860.0, 7135.0], [2865.0, 7140.0], [2870.0, 7145.0], [2870.0, 7155.0], [2870.0, 7165.0], [2870.0, 7175.0], [2865.0, 7180.0], [2860.0, 7185.0], [2855.0, 7190.0], [2845.0, 7190.0], [2840.0, 7195.0], [2835.0, 7200.0], [2830.0, 7205.0], [2825.0, 7210.0], [2815.0, 7210.0], [2810.0, 7215.0], [2805.0, 7220.0], [2800.0, 7225.0], [2795.0, 7230.0], [2790.0, 7225.0], [2785.0, 7220.0], [2775.0, 7220.0], [2770.0, 7215.0], [2765.0, 7210.0], [2755.0, 7210.0], [2750.0, 7205.0], [2745.0, 7200.0], [2740.0, 7195.0], [2735.0, 7190.0], [2725.0, 7190.0], [2715.0, 7190.0], [2705.0, 7190.0], [2695.0, 7190.0], [2685.0, 7190.0], [2675.0, 7190.0], [2665.0, 7190.0], [2655.0, 7190.0], [2650.0, 7195.0], [2645.0, 7200.0], [2640.0, 7205.0], [2635.0, 7210.0], [2630.0, 7215.0], [2625.0, 7220.0], [2620.0, 7225.0], [2615.0, 7230.0], [2610.0, 7235.0], [2610.0, 7245.0], [2610.0, 7255.0], [2610.0, 7265.0], [2610.0, 7275.0], [2610.0, 7285.0], [2610.0, 7295.0], [2615.0, 7300.0], [2620.0, 7305.0], [2625.0, 7310.0], [2630.0, 7315.0], [2625.0, 7320.0], [2620.0, 7325.0], [2615.0, 7330.0], [2610.0, 7335.0], [2610.0, 7345.0], [2610.0, 7355.0], [2610.0, 7365.0], [2610.0, 7375.0], [2610.0, 7385.0], [2605.0, 7390.0], [2600.0, 7395.0], [2595.0, 7400.0], [2590.0, 7405.0], [2585.0, 7410.0], [2575.0, 7410.0], [2570.0, 7415.0], [2565.0, 7420.0], [2560.0, 7425.0], [2555.0, 7430.0], [2545.0, 7430.0], [2535.0, 7430.0], [2530.0, 7425.0], [2525.0, 7420.0], [2520.0, 7415.0], [2520.0, 7405.0], [2515.0, 7400.0], [2510.0, 7395.0], [2515.0, 7390.0], [2520.0, 7385.0], [2520.0, 7375.0], [2520.0, 7365.0], [2520.0, 7355.0], [2525.0, 7350.0], [2530.0, 7345.0], [2535.0, 7340.0], [2540.0, 7335.0], [2540.0, 7325.0], [2540.0, 7315.0], [2540.0, 7305.0], [2540.0, 7295.0], [2540.0, 7285.0], [2540.0, 7275.0], [2535.0, 7270.0], [2530.0, 7265.0], [2525.0, 7260.0], [2520.0, 7255.0], [2520.0, 7245.0], [2520.0, 7235.0], [2520.0, 7225.0], [2520.0, 7215.0], [2520.0, 7205.0], [2520.0, 7195.0], [2520.0, 7185.0], [2525.0, 7180.0], [2530.0, 7175.0], [2530.0, 7165.0], [2530.0, 7155.0], [2525.0, 7150.0], [2520.0, 7155.0], [2520.0, 7165.0], [2515.0, 7170.0], [2510.0, 7175.0], [2505.0, 7180.0], [2500.0, 7185.0], [2500.0, 7195.0], [2500.0, 7205.0], [2500.0, 7215.0], [2495.0, 7220.0], [2490.0, 7225.0], [2490.0, 7235.0], [2490.0, 7245.0], [2490.0, 7255.0], [2490.0, 7265.0], [2490.0, 7275.0], [2490.0, 7285.0], [2495.0, 7290.0], [2500.0, 7295.0], [2500.0, 7305.0], [2500.0, 7315.0], [2495.0, 7320.0], [2490.0, 7325.0], [2485.0, 7330.0], [2480.0, 7335.0], [2480.0, 7345.0], [2480.0, 7355.0], [2480.0, 7365.0], [2475.0, 7370.0], [2470.0, 7375.0], [2470.0, 7385.0], [2470.0, 7395.0], [2470.0, 7405.0], [2475.0, 7410.0], [2480.0, 7415.0], [2480.0, 7425.0], [2485.0, 7430.0], [2490.0, 7435.0], [2490.0, 7445.0], [2495.0, 7450.0], [2500.0, 7455.0], [2505.0, 7460.0], [2510.0, 7465.0], [2515.0, 7470.0], [2525.0, 7470.0], [2535.0, 7470.0], [2540.0, 7475.0], [2545.0, 7480.0], [2550.0, 7475.0], [2555.0, 7470.0]]]]}, "properties": {"objectType": "annotation", "name": "P2_3_L|rim_28", "classification": {"name": "rim", "color": [201, 133, 0]}, "lesion_id": 28, "section": "P2_3_L", "area_um2": 64450.0}}, {"type": "Feature", "geometry": {"type": "Polygon", "coordinates": [[[2955.0, 8140.0], [2945.0, 8140.0], [2935.0, 8140.0], [2925.0, 8140.0], [2920.0, 8135.0], [2915.0, 8130.0], [2910.0, 8125.0], [2905.0, 8120.0], [2895.0, 8120.0], [2890.0, 8115.0], [2885.0, 8110.0], [2880.0, 8105.0], [2875.0, 8100.0], [2870.0, 8095.0], [2865.0, 8090.0], [2855.0, 8090.0], [2850.0, 8085.0], [2845.0, 8080.0], [2835.0, 8080.0], [2830.0, 8075.0], [2825.0, 8070.0], [2820.0, 8065.0], [2815.0, 8060.0], [2810.0, 8055.0], [2805.0, 8050.0], [2800.0, 8045.0], [2795.0, 8040.0], [2785.0, 8040.0], [2775.0, 8040.0], [2765.0, 8040.0], [2760.0, 8035.0], [2755.0, 8030.0], [2745.0, 8030.0], [2735.0, 8030.0], [2730.0, 8035.0], [2730.0, 8045.0], [2725.0, 8050.0], [2715.0, 8050.0], [2710.0, 8045.0], [2705.0, 8040.0], [2695.0, 8040.0], [2690.0, 8035.0], [2685.0, 8030.0], [2675.0, 8030.0], [2670.0, 8025.0], [2665.0, 8020.0], [2660.0, 8015.0], [2655.0, 8010.0], [2650.0, 8005.0], [2645.0, 8000.0], [2640.0, 7995.0], [2635.0, 7990.0], [2630.0, 7985.0], [2625.0, 7980.0], [2620.0, 7975.0], [2615.0, 7970.0], [2610.0, 7965.0], [2605.0, 7960.0], [2600.0, 7955.0], [2595.0, 7950.0], [2590.0, 7945.0], [2585.0, 7940.0], [2575.0, 7940.0], [2570.0, 7935.0], [2570.0, 7925.0], [2570.0, 7915.0], [2570.0, 7905.0], [2565.0, 7900.0], [2560.0, 7895.0], [2560.0, 7885.0], [2560.0, 7875.0], [2560.0, 7865.0], [2560.0, 7855.0], [2555.0, 7850.0], [2550.0, 7845.0], [2550.0, 7835.0], [2545.0, 7830.0], [2540.0, 7825.0], [2540.0, 7815.0], [2540.0, 7805.0], [2535.0, 7800.0], [2530.0, 7795.0], [2525.0, 7790.0], [2520.0, 7785.0], [2515.0, 7780.0], [2510.0, 7775.0], [2510.0, 7765.0], [2510.0, 7755.0], [2505.0, 7750.0], [2500.0, 7745.0], [2500.0, 7735.0], [2495.0, 7730.0], [2490.0, 7725.0], [2490.0, 7715.0], [2490.0, 7705.0], [2485.0, 7700.0], [2480.0, 7695.0], [2485.0, 7690.0], [2490.0, 7685.0], [2490.0, 7675.0], [2490.0, 7665.0], [2490.0, 7655.0], [2490.0, 7645.0], [2495.0, 7640.0], [2500.0, 7635.0], [2505.0, 7630.0], [2510.0, 7625.0], [2515.0, 7620.0], [2520.0, 7615.0], [2525.0, 7610.0], [2530.0, 7605.0], [2535.0, 7600.0], [2540.0, 7595.0], [2545.0, 7590.0], [2550.0, 7585.0], [2555.0, 7580.0], [2560.0, 7575.0], [2565.0, 7570.0], [2575.0, 7570.0], [2585.0, 7570.0], [2595.0, 7570.0], [2605.0, 7570.0], [2615.0, 7570.0], [2620.0, 7565.0], [2625.0, 7560.0], [2635.0, 7560.0], [2640.0, 7555.0], [2645.0, 7550.0], [2655.0, 7550.0], [2665.0, 7550.0], [2670.0, 7555.0], [2675.0, 7560.0], [2680.0, 7565.0], [2685.0, 7570.0], [2690.0, 7575.0], [2695.0, 7580.0], [2700.0, 7585.0], [2705.0, 7590.0], [2710.0, 7585.0], [2715.0, 7580.0], [2725.0, 7580.0], [2735.0, 7580.0], [2740.0, 7585.0], [2745.0, 7590.0], [2750.0, 7595.0], [2755.0, 7600.0], [2760.0, 7605.0], [2765.0, 7610.0], [2775.0, 7610.0], [2780.0, 7615.0], [2785.0, 7620.0], [2795.0, 7620.0], [2800.0, 7625.0], [2805.0, 7630.0], [2815.0, 7630.0], [2820.0, 7635.0], [2825.0, 7640.0], [2830.0, 7645.0], [2835.0, 7650.0], [2845.0, 7650.0], [2855.0, 7650.0], [2865.0, 7650.0], [2875.0, 7650.0], [2880.0, 7655.0], [2885.0, 7660.0], [2895.0, 7660.0], [2900.0, 7665.0], [2905.0, 7670.0], [2915.0, 7670.0], [2920.0, 7675.0], [2925.0, 7680.0], [2935.0, 7680.0], [2940.0, 7685.0], [2945.0, 7690.0], [2950.0, 7695.0], [2955.0, 7700.0], [2960.0, 7705.0], [2965.0, 7710.0], [2970.0, 7715.0], [2975.0, 7720.0], [2980.0, 7725.0], [2985.0, 7730.0], [2995.0, 7730.0], [3000.0, 7735.0], [3005.0, 7740.0], [3010.0, 7745.0], [3015.0, 7750.0], [3020.0, 7755.0], [3025.0, 7760.0], [3030.0, 7765.0], [3035.0, 7770.0], [3045.0, 7770.0], [3050.0, 7775.0], [3055.0, 7780.0], [3060.0, 7785.0], [3065.0, 7790.0], [3070.0, 7795.0], [3075.0, 7800.0], [3080.0, 7805.0], [3085.0, 7810.0], [3090.0, 7815.0], [3095.0, 7820.0], [3100.0, 7825.0], [3105.0, 7830.0], [3110.0, 7835.0], [3115.0, 7840.0], [3120.0, 7835.0], [3125.0, 7830.0], [3130.0, 7835.0], [3135.0, 7840.0], [3140.0, 7845.0], [3145.0, 7850.0], [3150.0, 7855.0], [3145.0, 7860.0], [3140.0, 7865.0], [3135.0, 7870.0], [3130.0, 7875.0], [3125.0, 7880.0], [3120.0, 7875.0], [3115.0, 7870.0], [3110.0, 7875.0], [3105.0, 7880.0], [3100.0, 7885.0], [3095.0, 7890.0], [3090.0, 7895.0], [3085.0, 7900.0], [3080.0, 7905.0], [3075.0, 7910.0], [3070.0, 7915.0], [3070.0, 7925.0], [3070.0, 7935.0], [3070.0, 7945.0], [3075.0, 7950.0], [3080.0, 7955.0], [3085.0, 7960.0], [3090.0, 7965.0], [3095.0, 7970.0], [3100.0, 7975.0], [3100.0, 7985.0], [3100.0, 7995.0], [3095.0, 8000.0], [3090.0, 8005.0], [3090.0, 8015.0], [3090.0, 8025.0], [3090.0, 8035.0], [3090.0, 8045.0], [3085.0, 8050.0], [3080.0, 8055.0], [3075.0, 8060.0], [3070.0, 8065.0], [3065.0, 8070.0], [3060.0, 8075.0], [3055.0, 8080.0], [3050.0, 8085.0], [3045.0, 8090.0], [3035.0, 8090.0], [3025.0, 8090.0], [3015.0, 8090.0], [3005.0, 8090.0], [3000.0, 8095.0], [2995.0, 8100.0], [2990.0, 8105.0], [2985.0, 8110.0], [2980.0, 8115.0], [2975.0, 8120.0], [2970.0, 8125.0], [2965.0, 8130.0], [2960.0, 8135.0], [2955.0, 8140.0]]]}, "properties": {"objectType": "annotation", "name": "P2_3_L|lesion_29", "classification": {"name": "lesion", "color": [255, 0, 0]}, "lesion_id": 29, "section": "P2_3_L", "area_um2": 231150.0}}, {"type": "Feature", "geometry": {"type": "Polygon", "coordinates": [[[2935.0, 8100.0], [2925.0, 8100.0], [2915.0, 8100.0], [2910.0, 8095.0], [2905.0, 8090.0], [2895.0, 8090.0], [2885.0, 8090.0], [2880.0, 8085.0], [2875.0, 8080.0], [2870.0, 8075.0], [2865.0, 8070.0], [2855.0, 8070.0], [2845.0, 8070.0], [2835.0, 8070.0], [2825.0, 8070.0], [2820.0, 8065.0], [2815.0, 8060.0], [2810.0, 8055.0], [2805.0, 8050.0], [2800.0, 8045.0], [2795.0, 8040.0], [2785.0, 8040.0], [2775.0, 8040.0], [2765.0, 8040.0], [2760.0, 8035.0], [2755.0, 8030.0], [2745.0, 8030.0], [2735.0, 8030.0], [2730.0, 8035.0], [2725.0, 8040.0], [2715.0, 8040.0], [2705.0, 8040.0], [2695.0, 8040.0], [2690.0, 8035.0], [2685.0, 8030.0], [2675.0, 8030.0], [2670.0, 8025.0], [2665.0, 8020.0], [2660.0, 8015.0], [2655.0, 8010.0], [2650.0, 8005.0], [2645.0, 8000.0], [2640.0, 7995.0], [2635.0, 7990.0], [2630.0, 7985.0], [2630.0, 7975.0], [2625.0, 7970.0], [2620.0, 7965.0], [2620.0, 7955.0], [2620.0, 7945.0], [2620.0, 7935.0], [2615.0, 7930.0], [2610.0, 7925.0], [2610.0, 7915.0], [2610.0, 7905.0], [2610.0, 7895.0], [2610.0, 7885.0], [2605.0, 7880.0], [2600.0, 7875.0], [2600.0, 7865.0], [2600.0, 7855.0], [2600.0, 7845.0], [2600.0, 7835.0], [2595.0, 7830.0], [2590.0, 7825.0], [2590.0, 7815.0], [2585.0, 7810.0], [2580.0, 7805.0], [2580.0, 7795.0], [2580.0, 7785.0], [2575.0, 7780.0], [2570.0, 7775.0], [2565.0, 7770.0], [2560.0, 7765.0], [2555.0, 7760.0], [2550.0, 7755.0], [2550.0, 7745.0], [2550.0, 7735.0], [2545.0, 7730.0], [2540.0, 7725.0], [2540.0, 7715.0], [2535.0, 7710.0], [2530.0, 7705.0], [2530.0, 7695.0], [2530.0, 7685.0], [2530.0, 7675.0], [2530.0, 7665.0], [2535.0, 7660.0], [2540.0, 7655.0], [2545.0, 7650.0], [2550.0, 7645.0], [2555.0, 7640.0], [2560.0, 7635.0], [2565.0, 7630.0], [2570.0, 7625.0], [2575.0, 7620.0], [2580.0, 7615.0], [2585.0, 7610.0], [2595.0, 7610.0], [2605.0, 7610.0], [2615.0, 7610.0], [2625.0, 7610.0], [2635.0, 7610.0], [2640.0, 7605.0], [2645.0, 7600.0], [2655.0, 7600.0], [2660.0, 7605.0], [2665.0, 7610.0], [2670.0, 7615.0], [2675.0, 7620.0], [2680.0, 7625.0], [2685.0, 7630.0], [2695.0, 7630.0], [2705.0, 7630.0], [2715.0, 7630.0], [2725.0, 7630.0], [2730.0, 7635.0], [2735.0, 7640.0], [2740.0, 7645.0], [2745.0, 7650.0], [2755.0, 7650.0], [2760.0, 7655.0], [2765.0, 7660.0], [2775.0, 7660.0], [2780.0, 7665.0], [2785.0, 7670.0], [2795.0, 7670.0], [2800.0, 7675.0], [2805.0, 7680.0], [2810.0, 7685.0], [2815.0, 7690.0], [2825.0, 7690.0], [2835.0, 7690.0], [2845.0, 7690.0], [2855.0, 7690.0], [2860.0, 7695.0], [2865.0, 7700.0], [2875.0, 7700.0], [2880.0, 7705.0], [2885.0, 7710.0], [2895.0, 7710.0], [2900.0, 7715.0], [2905.0, 7720.0], [2915.0, 7720.0], [2920.0, 7725.0], [2925.0, 7730.0], [2930.0, 7735.0], [2935.0, 7740.0], [2940.0, 7745.0], [2945.0, 7750.0], [2950.0, 7755.0], [2955.0, 7760.0], [2960.0, 7765.0], [2965.0, 7770.0], [2975.0, 7770.0], [2980.0, 7775.0], [2985.0, 7780.0], [2990.0, 7785.0], [2995.0, 7790.0], [3000.0, 7795.0], [3005.0, 7800.0], [3010.0, 7805.0], [3015.0, 7810.0], [3025.0, 7810.0], [3030.0, 7815.0], [3035.0, 7820.0], [3040.0, 7825.0], [3045.0, 7830.0], [3050.0, 7835.0], [3055.0, 7840.0], [3060.0, 7845.0], [3065.0, 7850.0], [3070.0, 7855.0], [3065.0, 7860.0], [3060.0, 7865.0], [3055.0, 7870.0], [3050.0, 7875.0], [3045.0, 7880.0], [3040.0, 7885.0], [3035.0, 7890.0], [3030.0, 7895.0], [3030.0, 7905.0], [3030.0, 7915.0], [3030.0, 7925.0], [3030.0, 7935.0], [3030.0, 7945.0], [3030.0, 7955.0], [3030.0, 7965.0], [3035.0, 7970.0], [3040.0, 7975.0], [3045.0, 7980.0], [3050.0, 7985.0], [3050.0, 7995.0], [3050.0, 8005.0], [3050.0, 8015.0], [3050.0, 8025.0], [3045.0, 8030.0], [3040.0, 8035.0], [3035.0, 8040.0], [3030.0, 8045.0], [3025.0, 8050.0], [3015.0, 8050.0], [3005.0, 8050.0], [2995.0, 8050.0], [2985.0, 8050.0], [2980.0, 8055.0], [2975.0, 8060.0], [2970.0, 8065.0], [2965.0, 8070.0], [2960.0, 8075.0], [2955.0, 8080.0], [2950.0, 8085.0], [2945.0, 8090.0], [2940.0, 8095.0], [2935.0, 8100.0]]]}, "properties": {"objectType": "annotation", "name": "P2_3_L|core_29", "classification": {"name": "core", "color": [230, 103, 103]}, "lesion_id": 29, "section": "P2_3_L", "area_um2": 166550.0}}, {"type": "Feature", "geometry": {"type": "Polygon", "coordinates": [[[2955.0, 8140.0], [2945.0, 8140.0], [2935.0, 8140.0], [2925.0, 8140.0], [2920.0, 8135.0], [2915.0, 8130.0], [2910.0, 8125.0], [2905.0, 8120.0], [2895.0, 8120.0], [2890.0, 8115.0], [2885.0, 8110.0], [2880.0, 8105.0], [2875.0, 8100.0], [2870.0, 8095.0], [2865.0, 8090.0], [2855.0, 8090.0], [2850.0, 8085.0], [2845.0, 8080.0], [2835.0, 8080.0], [2830.0, 8075.0], [2835.0, 8070.0], [2845.0, 8070.0], [2855.0, 8070.0], [2865.0, 8070.0], [2870.0, 8075.0], [2875.0, 8080.0], [2880.0, 8085.0], [2885.0, 8090.0], [2895.0, 8090.0], [2905.0, 8090.0], [2910.0, 8095.0], [2915.0, 8100.0], [2925.0, 8100.0], [2935.0, 8100.0], [2940.0, 8095.0], [2945.0, 8090.0], [2950.0, 8085.0], [2955.0, 8080.0], [2960.0, 8075.0], [2965.0, 8070.0], [2970.0, 8065.0], [2975.0, 8060.0], [2980.0, 8055.0], [2985.0, 8050.0], [2995.0, 8050.0], [3005.0, 8050.0], [3015.0, 8050.0], [3025.0, 8050.0], [3030.0, 8045.0], [3035.0, 8040.0], [3040.0, 8035.0], [3045.0, 8030.0], [3050.0, 8025.0], [3050.0, 8015.0], [3050.0, 8005.0], [3050.0, 7995.0], [3050.0, 7985.0], [3045.0, 7980.0], [3040.0, 7975.0], [3035.0, 7970.0], [3030.0, 7965.0], [3030.0, 7955.0], [3030.0, 7945.0], [3030.0, 7935.0], [3030.0, 7925.0], [3030.0, 7915.0], [3030.0, 7905.0], [3030.0, 7895.0], [3035.0, 7890.0], [3040.0, 7885.0], [3045.0, 7880.0], [3050.0, 7875.0], [3055.0, 7870.0], [3060.0, 7865.0], [3065.0, 7860.0], [3070.0, 7855.0], [3065.0, 7850.0], [3060.0, 7845.0], [3055.0, 7840.0], [3050.0, 7835.0], [3045.0, 7830.0], [3040.0, 7825.0], [3035.0, 7820.0], [3030.0, 7815.0], [3025.0, 7810.0], [3015.0, 7810.0], [3010.0, 7805.0], [3005.0, 7800.0], [3000.0, 7795.0], [2995.0, 7790.0], [2990.0, 7785.0], [2985.0, 7780.0], [2980.0, 7775.0], [2975.0, 7770.0], [2965.0, 7770.0], [2960.0, 7765.0], [2955.0, 7760.0], [2950.0, 7755.0], [2945.0, 7750.0], [2940.0, 7745.0], [2935.0, 7740.0], [2930.0, 7735.0], [2925.0, 7730.0], [2920.0, 7725.0], [2915.0, 7720.0], [2905.0, 7720.0], [2900.0, 7715.0], [2895.0, 7710.0], [2885.0, 7710.0], [2880.0, 7705.0], [2875.0, 7700.0], [2865.0, 7700.0], [2860.0, 7695.0], [2855.0, 7690.0], [2845.0, 7690.0], [2835.0, 7690.0], [2825.0, 7690.0], [2815.0, 7690.0], [2810.0, 7685.0], [2805.0, 7680.0], [2800.0, 7675.0], [2795.0, 7670.0], [2785.0, 7670.0], [2780.0, 7665.0], [2775.0, 7660.0], [2765.0, 7660.0], [2760.0, 7655.0], [2755.0, 7650.0], [2745.0, 7650.0], [2740.0, 7645.0], [2735.0, 7640.0], [2730.0, 7635.0], [2725.0, 7630.0], [2715.0, 7630.0], [2705.0, 7630.0], [2695.0, 7630.0], [2685.0, 7630.0], [2680.0, 7625.0], [2675.0, 7620.0], [2670.0, 7615.0], [2665.0, 7610.0], [2660.0, 7605.0], [2655.0, 7600.0], [2645.0, 7600.0], [2640.0, 7605.0], [2635.0, 7610.0], [2625.0, 7610.0], [2615.0, 7610.0], [2605.0, 7610.0], [2595.0, 7610.0], [2585.0, 7610.0], [2580.0, 7615.0], [2575.0, 7620.0], [2570.0, 7625.0], [2565.0, 7630.0], [2560.0, 7635.0], [2555.0, 7640.0], [2550.0, 7645.0], [2545.0, 7650.0], [2540.0, 7655.0], [2535.0, 7660.0], [2530.0, 7665.0], [2530.0, 7675.0], [2530.0, 7685.0], [2530.0, 7695.0], [2530.0, 7705.0], [2535.0, 7710.0], [2540.0, 7715.0], [2540.0, 7725.0], [2545.0, 7730.0], [2550.0, 7735.0], [2550.0, 7745.0], [2550.0, 7755.0], [2555.0, 7760.0], [2560.0, 7765.0], [2565.0, 7770.0], [2570.0, 7775.0], [2575.0, 7780.0], [2580.0, 7785.0], [2580.0, 7795.0], [2580.0, 7805.0], [2585.0, 7810.0], [2590.0, 7815.0], [2590.0, 7825.0], [2595.0, 7830.0], [2600.0, 7835.0], [2600.0, 7845.0], [2600.0, 7855.0], [2600.0, 7865.0], [2600.0, 7875.0], [2605.0, 7880.0], [2610.0, 7885.0], [2610.0, 7895.0], [2610.0, 7905.0], [2610.0, 7915.0], [2610.0, 7925.0], [2615.0, 7930.0], [2620.0, 7935.0], [2620.0, 7945.0], [2620.0, 7955.0], [2620.0, 7965.0], [2615.0, 7970.0], [2610.0, 7965.0], [2605.0, 7960.0], [2600.0, 7955.0], [2595.0, 7950.0], [2590.0, 7945.0], [2585.0, 7940.0], [2575.0, 7940.0], [2570.0, 7935.0], [2570.0, 7925.0], [2570.0, 7915.0], [2570.0, 7905.0], [2565.0, 7900.0], [2560.0, 7895.0], [2560.0, 7885.0], [2560.0, 7875.0], [2560.0, 7865.0], [2560.0, 7855.0], [2555.0, 7850.0], [2550.0, 7845.0], [2550.0, 7835.0], [2545.0, 7830.0], [2540.0, 7825.0], [2540.0, 7815.0], [2540.0, 7805.0], [2535.0, 7800.0], [2530.0, 7795.0], [2525.0, 7790.0], [2520.0, 7785.0], [2515.0, 7780.0], [2510.0, 7775.0], [2510.0, 7765.0], [2510.0, 7755.0], [2505.0, 7750.0], [2500.0, 7745.0], [2500.0, 7735.0], [2495.0, 7730.0], [2490.0, 7725.0], [2490.0, 7715.0], [2490.0, 7705.0], [2485.0, 7700.0], [2480.0, 7695.0], [2485.0, 7690.0], [2490.0, 7685.0], [2490.0, 7675.0], [2490.0, 7665.0], [2490.0, 7655.0], [2490.0, 7645.0], [2495.0, 7640.0], [2500.0, 7635.0], [2505.0, 7630.0], [2510.0, 7625.0], [2515.0, 7620.0], [2520.0, 7615.0], [2525.0, 7610.0], [2530.0, 7605.0], [2535.0, 7600.0], [2540.0, 7595.0], [2545.0, 7590.0], [2550.0, 7585.0], [2555.0, 7580.0], [2560.0, 7575.0], [2565.0, 7570.0], [2575.0, 7570.0], [2585.0, 7570.0], [2595.0, 7570.0], [2605.0, 7570.0], [2615.0, 7570.0], [2620.0, 7565.0], [2625.0, 7560.0], [2635.0, 7560.0], [2640.0, 7555.0], [2645.0, 7550.0], [2655.0, 7550.0], [2665.0, 7550.0], [2670.0, 7555.0], [2675.0, 7560.0], [2680.0, 7565.0], [2685.0, 7570.0], [2690.0, 7575.0], [2695.0, 7580.0], [2700.0, 7585.0], [2705.0, 7590.0], [2710.0, 7585.0], [2715.0, 7580.0], [2725.0, 7580.0], [2735.0, 7580.0], [2740.0, 7585.0], [2745.0, 7590.0], [2750.0, 7595.0], [2755.0, 7600.0], [2760.0, 7605.0], [2765.0, 7610.0], [2775.0, 7610.0], [2780.0, 7615.0], [2785.0, 7620.0], [2795.0, 7620.0], [2800.0, 7625.0], [2805.0, 7630.0], [2815.0, 7630.0], [2820.0, 7635.0], [2825.0, 7640.0], [2830.0, 7645.0], [2835.0, 7650.0], [2845.0, 7650.0], [2855.0, 7650.0], [2865.0, 7650.0], [2875.0, 7650.0], [2880.0, 7655.0], [2885.0, 7660.0], [2895.0, 7660.0], [2900.0, 7665.0], [2905.0, 7670.0], [2915.0, 7670.0], [2920.0, 7675.0], [2925.0, 7680.0], [2935.0, 7680.0], [2940.0, 7685.0], [2945.0, 7690.0], [2950.0, 7695.0], [2955.0, 7700.0], [2960.0, 7705.0], [2965.0, 7710.0], [2970.0, 7715.0], [2975.0, 7720.0], [2980.0, 7725.0], [2985.0, 7730.0], [2995.0, 7730.0], [3000.0, 7735.0], [3005.0, 7740.0], [3010.0, 7745.0], [3015.0, 7750.0], [3020.0, 7755.0], [3025.0, 7760.0], [3030.0, 7765.0], [3035.0, 7770.0], [3045.0, 7770.0], [3050.0, 7775.0], [3055.0, 7780.0], [3060.0, 7785.0], [3065.0, 7790.0], [3070.0, 7795.0], [3075.0, 7800.0], [3080.0, 7805.0], [3085.0, 7810.0], [3090.0, 7815.0], [3095.0, 7820.0], [3100.0, 7825.0], [3105.0, 7830.0], [3110.0, 7835.0], [3115.0, 7840.0], [3120.0, 7835.0], [3125.0, 7830.0], [3130.0, 7835.0], [3135.0, 7840.0], [3140.0, 7845.0], [3145.0, 7850.0], [3150.0, 7855.0], [3145.0, 7860.0], [3140.0, 7865.0], [3135.0, 7870.0], [3130.0, 7875.0], [3125.0, 7880.0], [3120.0, 7875.0], [3115.0, 7870.0], [3110.0, 7875.0], [3105.0, 7880.0], [3100.0, 7885.0], [3095.0, 7890.0], [3090.0, 7895.0], [3085.0, 7900.0], [3080.0, 7905.0], [3075.0, 7910.0], [3070.0, 7915.0], [3070.0, 7925.0], [3070.0, 7935.0], [3070.0, 7945.0], [3075.0, 7950.0], [3080.0, 7955.0], [3085.0, 7960.0], [3090.0, 7965.0], [3095.0, 7970.0], [3100.0, 7975.0], [3100.0, 7985.0], [3100.0, 7995.0], [3095.0, 8000.0], [3090.0, 8005.0], [3090.0, 8015.0], [3090.0, 8025.0], [3090.0, 8035.0], [3090.0, 8045.0], [3085.0, 8050.0], [3080.0, 8055.0], [3075.0, 8060.0], [3070.0, 8065.0], [3065.0, 8070.0], [3060.0, 8075.0], [3055.0, 8080.0], [3050.0, 8085.0], [3045.0, 8090.0], [3035.0, 8090.0], [3025.0, 8090.0], [3015.0, 8090.0], [3005.0, 8090.0], [3000.0, 8095.0], [2995.0, 8100.0], [2990.0, 8105.0], [2985.0, 8110.0], [2980.0, 8115.0], [2975.0, 8120.0], [2970.0, 8125.0], [2965.0, 8130.0], [2960.0, 8135.0], [2955.0, 8140.0]]]}, "properties": {"objectType": "annotation", "name": "P2_3_L|rim_29", "classification": {"name": "rim", "color": [201, 133, 0]}, "lesion_id": 29, "section": "P2_3_L", "area_um2": 64250.0}}, {"type": "Feature", "geometry": {"type": "Polygon", "coordinates": [[[1275.0, 7810.0], [1265.0, 7810.0], [1255.0, 7810.0], [1245.0, 7810.0], [1235.0, 7810.0], [1225.0, 7810.0], [1215.0, 7810.0], [1210.0, 7805.0], [1205.0, 7800.0], [1195.0, 7800.0], [1190.0, 7795.0], [1185.0, 7790.0], [1180.0, 7785.0], [1180.0, 7775.0], [1185.0, 7770.0], [1190.0, 7765.0], [1185.0, 7760.0], [1180.0, 7755.0], [1175.0, 7750.0], [1170.0, 7745.0], [1165.0, 7740.0], [1160.0, 7735.0], [1165.0, 7730.0], [1170.0, 7725.0], [1175.0, 7720.0], [1180.0, 7715.0], [1185.0, 7710.0], [1190.0, 7705.0], [1195.0, 7700.0], [1205.0, 7700.0], [1210.0, 7705.0], [1215.0, 7710.0], [1220.0, 7715.0], [1225.0, 7720.0], [1235.0, 7720.0], [1240.0, 7725.0], [1245.0, 7730.0], [1255.0, 7730.0], [1265.0, 7730.0], [1275.0, 7730.0], [1280.0, 7735.0], [1285.0, 7740.0], [1290.0, 7745.0], [1295.0, 7750.0], [1300.0, 7755.0], [1305.0, 7760.0], [1310.0, 7765.0], [1310.0, 7775.0], [1310.0, 7785.0], [1305.0, 7790.0], [1300.0, 7795.0], [1295.0, 7800.0], [1285.0, 7800.0], [1280.0, 7805.0], [1275.0, 7810.0]]]}, "properties": {"objectType": "annotation", "name": "R1_3_T|lesion_30", "classification": {"name": "lesion", "color": [255, 0, 0]}, "lesion_id": 30, "section": "R1_3_T", "area_um2": 10450.0}}, {"type": "Feature", "geometry": {"type": "Polygon", "coordinates": [[[1265.0, 7780.0], [1255.0, 7780.0], [1245.0, 7780.0], [1235.0, 7780.0], [1230.0, 7775.0], [1235.0, 7770.0], [1245.0, 7770.0], [1255.0, 7770.0], [1265.0, 7770.0], [1270.0, 7775.0], [1265.0, 7780.0]]]}, "properties": {"objectType": "annotation", "name": "R1_3_T|core_30", "classification": {"name": "core", "color": [230, 103, 103]}, "lesion_id": 30, "section": "R1_3_T", "area_um2": 350.0}}, {"type": "Feature", "geometry": {"type": "Polygon", "coordinates": [[[1275.0, 7810.0], [1265.0, 7810.0], [1255.0, 7810.0], [1245.0, 7810.0], [1235.0, 7810.0], [1225.0, 7810.0], [1215.0, 7810.0], [1210.0, 7805.0], [1205.0, 7800.0], [1195.0, 7800.0], [1190.0, 7795.0], [1185.0, 7790.0], [1180.0, 7785.0], [1180.0, 7775.0], [1185.0, 7770.0], [1190.0, 7765.0], [1185.0, 7760.0], [1180.0, 7755.0], [1175.0, 7750.0], [1170.0, 7745.0], [1165.0, 7740.0], [1160.0, 7735.0], [1165.0, 7730.0], [1170.0, 7725.0], [1175.0, 7720.0], [1180.0, 7715.0], [1185.0, 7710.0], [1190.0, 7705.0], [1195.0, 7700.0], [1205.0, 7700.0], [1210.0, 7705.0], [1215.0, 7710.0], [1220.0, 7715.0], [1225.0, 7720.0], [1235.0, 7720.0], [1240.0, 7725.0], [1245.0, 7730.0], [1255.0, 7730.0], [1265.0, 7730.0], [1275.0, 7730.0], [1280.0, 7735.0], [1285.0, 7740.0], [1290.0, 7745.0], [1295.0, 7750.0], [1300.0, 7755.0], [1305.0, 7760.0], [1310.0, 7765.0], [1310.0, 7775.0], [1310.0, 7785.0], [1305.0, 7790.0], [1300.0, 7795.0], [1295.0, 7800.0], [1285.0, 7800.0], [1280.0, 7805.0], [1275.0, 7810.0]], [[1270.0, 7775.0], [1265.0, 7770.0], [1255.0, 7770.0], [1245.0, 7770.0], [1235.0, 7770.0], [1230.0, 7775.0], [1235.0, 7780.0], [1245.0, 7780.0], [1255.0, 7780.0], [1265.0, 7780.0], [1270.0, 7775.0]]]}, "properties": {"objectType": "annotation", "name": "R1_3_T|rim_30", "classification": {"name": "rim", "color": [201, 133, 0]}, "lesion_id": 30, "section": "R1_3_T", "area_um2": 10100.0}}, {"type": "Feature", "geometry": {"type": "Polygon", "coordinates": [[[6315.0, 3850.0], [6305.0, 3850.0], [6295.0, 3850.0], [6285.0, 3850.0], [6275.0, 3850.0], [6265.0, 3850.0], [6260.0, 3845.0], [6255.0, 3840.0], [6245.0, 3840.0], [6235.0, 3840.0], [6225.0, 3840.0], [6215.0, 3840.0], [6205.0, 3840.0], [6195.0, 3840.0], [6185.0, 3840.0], [6175.0, 3840.0], [6165.0, 3840.0], [6155.0, 3840.0], [6145.0, 3840.0], [6135.0, 3840.0], [6130.0, 3835.0], [6125.0, 3830.0], [6115.0, 3830.0], [6110.0, 3825.0], [6105.0, 3820.0], [6095.0, 3820.0], [6085.0, 3820.0], [6080.0, 3815.0], [6075.0, 3810.0], [6065.0, 3810.0], [6060.0, 3805.0], [6055.0, 3800.0], [6045.0, 3800.0], [6040.0, 3795.0], [6035.0, 3790.0], [6025.0, 3790.0], [6020.0, 3785.0], [6015.0, 3780.0], [6010.0, 3775.0], [6005.0, 3770.0], [6000.0, 3765.0], [5995.0, 3760.0], [5990.0, 3755.0], [5985.0, 3750.0], [5980.0, 3745.0], [5975.0, 3740.0], [5970.0, 3735.0], [5965.0, 3730.0], [5960.0, 3725.0], [5955.0, 3720.0], [5950.0, 3715.0], [5945.0, 3710.0], [5940.0, 3705.0], [5935.0, 3700.0], [5930.0, 3695.0], [5925.0, 3690.0], [5920.0, 3685.0], [5920.0, 3675.0], [5915.0, 3670.0], [5910.0, 3665.0], [5910.0, 3655.0], [5905.0, 3650.0], [5900.0, 3645.0], [5900.0, 3635.0], [5900.0, 3625.0], [5895.0, 3620.0], [5890.0, 3615.0], [5890.0, 3605.0], [5890.0, 3595.0], [5885.0, 3590.0], [5880.0, 3585.0], [5875.0, 3580.0], [5870.0, 3575.0], [5870.0, 3565.0], [5865.0, 3560.0], [5860.0, 3555.0], [5855.0, 3550.0], [5850.0, 3545.0], [5845.0, 3540.0], [5840.0, 3535.0], [5835.0, 3530.0], [5830.0, 3525.0], [5825.0, 3520.0], [5820.0, 3515.0], [5815.0, 3510.0], [5810.0, 3505.0], [5805.0, 3500.0], [5800.0, 3495.0], [5795.0, 3490.0], [5790.0, 3485.0], [5785.0, 3480.0], [5780.0, 3475.0], [5775.0, 3470.0], [5770.0, 3465.0], [5770.0, 3455.0], [5765.0, 3450.0], [5760.0, 3445.0], [5755.0, 3440.0], [5750.0, 3435.0], [5750.0, 3425.0], [5745.0, 3420.0], [5740.0, 3415.0], [5740.0, 3405.0], [5735.0, 3400.0], [5730.0, 3395.0], [5730.0, 3385.0], [5725.0, 3380.0], [5720.0, 3375.0], [5720.0, 3365.0], [5720.0, 3355.0], [5720.0, 3345.0], [5715.0, 3340.0], [5710.0, 3335.0], [5710.0, 3325.0], [5710.0, 3315.0], [5710.0, 3305.0], [5710.0, 3295.0], [5710.0, 3285.0], [5705.0, 3280.0], [5700.0, 3275.0], [5700.0, 3265.0], [5700.0, 3255.0], [5700.0, 3245.0], [5700.0, 3235.0], [5700.0, 3225.0], [5700.0, 3215.0], [5700.0, 3205.0], [5700.0, 3195.0], [5700.0, 3185.0], [5700.0, 3175.0], [5700.0, 3165.0], [5700.0, 3155.0], [5700.0, 3145.0], [5700.0, 3135.0], [5700.0, 3125.0], [5700.0, 3115.0], [5700.0, 3105.0], [5700.0, 3095.0], [5695.0, 3090.0], [5690.0, 3085.0], [5690.0, 3075.0], [5690.0, 3065.0], [5690.0, 3055.0], [5690.0, 3045.0], [5690.0, 3035.0], [5690.0, 3025.0], [5690.0, 3015.0], [5690.0, 3005.0], [5690.0, 2995.0], [5690.0, 2985.0], [5685.0, 2980.0], [5680.0, 2975.0], [5680.0, 2965.0], [5680.0, 2955.0], [5675.0, 2950.0], [5670.0, 2945.0], [5670.0, 2935.0], [5665.0, 2930.0], [5660.0, 2925.0], [5660.0, 2915.0], [5655.0, 2910.0], [5650.0, 2905.0], [5650.0, 2895.0], [5645.0, 2890.0], [5640.0, 2885.0], [5640.0, 2875.0], [5640.0, 2865.0], [5640.0, 2855.0], [5635.0, 2850.0], [5630.0, 2845.0], [5630.0, 2835.0], [5630.0, 2825.0], [5630.0, 2815.0], [5630.0, 2805.0], [5630.0, 2795.0], [5630.0, 2785.0], [5630.0, 2775.0], [5630.0, 2765.0], [5630.0, 2755.0], [5635.0, 2750.0], [5640.0, 2745.0], [5640.0, 2735.0], [5640.0, 2725.0], [5640.0, 2715.0], [5640.0, 2705.0], [5645.0, 2700.0], [5650.0, 2695.0], [5650.0, 2685.0], [5655.0, 2680.0], [5660.0, 2675.0], [5660.0, 2665.0], [5660.0, 2655.0], [5665.0, 2650.0], [5670.0, 2645.0], [5670.0, 2635.0], [5670.0, 2625.0], [5670.0, 2615.0], [5670.0, 2605.0], [5675.0, 2600.0], [5680.0, 2595.0], [5680.0, 2585.0], [5680.0, 2575.0], [5680.0, 2565.0], [5685.0, 2560.0], [5690.0, 2555.0], [5690.0, 2545.0], [5690.0, 2535.0], [5690.0, 2525.0], [5690.0, 2515.0], [5695.0, 2510.0], [5700.0, 2505.0], [5700.0, 2495.0], [5700.0, 2485.0], [5700.0, 2475.0], [5705.0, 2470.0], [5710.0, 2465.0], [5710.0, 2455.0], [5710.0, 2445.0], [5710.0, 2435.0], [5710.0, 2425.0], [5710.0, 2415.0], [5710.0, 2405.0], [5710.0, 2395.0], [5710.0, 2385.0], [5715.0, 2380.0], [5720.0, 2375.0], [5720.0, 2365.0], [5720.0, 2355.0], [5720.0, 2345.0], [5725.0, 2340.0], [5730.0, 2335.0], [5730.0, 2325.0], [5735.0, 2320.0], [5740.0, 2315.0], [5745.0, 2310.0], [5750.0, 2305.0], [5755.0, 2300.0], [5760.0, 2295.0], [5765.0, 2290.0], [5770.0, 2285.0], [5775.0, 2280.0], [5780.0, 2275.0], [5785.0, 2270.0], [5790.0, 2265.0], [5795.0, 2260.0], [5805.0, 2260.0], [5815.0, 2260.0], [5820.0, 2255.0], [5825.0, 2250.0], [5835.0, 2250.0], [5845.0, 2250.0], [5850.0, 2245.0], [5855.0, 2240.0], [5860.0, 2235.0], [5865.0, 2230.0], [5870.0, 2225.0], [5870.0, 2215.0], [5875.0, 2210.0], [5880.0, 2205.0], [5885.0, 2200.0], [5890.0, 2195.0], [5895.0, 2190.0], [5900.0, 2185.0], [5905.0, 2180.0], [5910.0, 2175.0], [5915.0, 2170.0], [5920.0, 2165.0], [5920.0, 2155.0], [5925.0, 2150.0], [5930.0, 2145.0], [5935.0, 2140.0], [5940.0, 2135.0], [5945.0, 2130.0], [5950.0, 2125.0], [5955.0, 2120.0], [5960.0, 2115.0], [5965.0, 2110.0], [5970.0, 2105.0], [5975.0, 2100.0], [5980.0, 2095.0], [5985.0, 2090.0], [5990.0, 2085.0], [5995.0, 2080.0], [6000.0, 2075.0], [6000.0, 2065.0], [6005.0, 2060.0], [6010.0, 2055.0], [6015.0, 2050.0], [6020.0, 2045.0], [6025.0, 2040.0], [6030.0, 2035.0], [6035.0, 2030.0], [6045.0, 2030.0], [6050.0, 2025.0], [6055.0, 2020.0], [6065.0, 2020.0], [6075.0, 2020.0], [6080.0, 2025.0], [6085.0, 2030.0], [6095.0, 2030.0], [6105.0, 2030.0], [6115.0, 2030.0], [6125.0, 2030.0], [6130.0, 2035.0], [6135.0, 2040.0], [6145.0, 2040.0], [6150.0, 2045.0], [6145.0, 2050.0], [6135.0, 2050.0], [6130.0, 2055.0], [6125.0, 2060.0], [6120.0, 2065.0], [6115.0, 2070.0], [6105.0, 2070.0], [6100.0, 2075.0], [6100.0, 2085.0], [6095.0, 2090.0], [6090.0, 2095.0], [6085.0, 2100.0], [6080.0, 2105.0], [6075.0, 2110.0], [6065.0, 2110.0], [6060.0, 2115.0], [6055.0, 2120.0], [6050.0, 2125.0], [6050.0, 2135.0], [6045.0, 2140.0], [6040.0, 2145.0], [6035.0, 2150.0], [6030.0, 2155.0], [6025.0, 2160.0], [6015.0, 2160.0], [6010.0, 2165.0], [6010.0, 2175.0], [6005.0, 2180.0], [6000.0, 2185.0], [5995.0, 2190.0], [5990.0, 2195.0], [5990.0, 2205.0], [5985.0, 2210.0], [5980.0, 2215.0], [5975.0, 2220.0], [5970.0, 2225.0], [5965.0, 2230.0], [5960.0, 2235.0], [5960.0, 2245.0], [5955.0, 2250.0], [5950.0, 2255.0], [5950.0, 2265.0], [5945.0, 2270.0], [5940.0, 2275.0], [5935.0, 2280.0], [5930.0, 2285.0], [5930.0, 2295.0], [5925.0, 2300.0], [5920.0, 2305.0], [5920.0, 2315.0], [5915.0, 2320.0], [5910.0, 2325.0], [5905.0, 2330.0], [5900.0, 2335.0], [5895.0, 2340.0], [5885.0, 2340.0], [5875.0, 2340.0], [5870.0, 2345.0], [5865.0, 2350.0], [5855.0, 2350.0], [5850.0, 2345.0], [5845.0, 2340.0], [5835.0, 2340.0], [5825.0, 2340.0], [5815.0, 2340.0], [5810.0, 2345.0], [5810.0, 2355.0], [5810.0, 2365.0], [5805.0, 2370.0], [5800.0, 2375.0], [5800.0, 2385.0], [5795.0, 2390.0], [5790.0, 2395.0], [5795.0, 2400.0], [5800.0, 2405.0], [5800.0, 2415.0], [5800.0, 2425.0], [5805.0, 2430.0], [5810.0, 2435.0], [5810.0, 2445.0], [5810.0, 2455.0], [5805.0, 2460.0], [5800.0, 2465.0], [5800.0, 2475.0], [5800.0, 2485.0], [5795.0, 2490.0], [5790.0, 2495.0], [5790.0, 2505.0], [5790.0, 2515.0], [5790.0, 2525.0], [5790.0, 2535.0], [5790.0, 2545.0], [5785.0, 2550.0], [5780.0, 2555.0], [5780.0, 2565.0], [5780.0, 2575.0], [5780.0, 2585.0], [5775.0, 2590.0], [5770.0, 2595.0], [5770.0, 2605.0], [5770.0, 2615.0], [5770.0, 2625.0], [5765.0, 2630.0], [5760.0, 2635.0], [5760.0, 2645.0], [5760.0, 2655.0], [5755.0, 2660.0], [5750.0, 2665.0], [5750.0, 2675.0], [5750.0, 2685.0], [5745.0, 2690.0], [5740.0, 2695.0], [5735.0, 2700.0], [5730.0, 2705.0], [5730.0, 2715.0], [5725.0, 2720.0], [5720.0, 2725.0], [5725.0, 2730.0], [5730.0, 2735.0], [5725.0, 2740.0], [5720.0, 2745.0], [5720.0, 2755.0], [5725.0, 2760.0], [5730.0, 2765.0], [5730.0, 2775.0], [5730.0, 2785.0], [5730.0, 2795.0], [5725.0, 2800.0], [5720.0, 2805.0], [5720.0, 2815.0], [5720.0, 2825.0], [5720.0, 2835.0], [5725.0, 2840.0], [5730.0, 2845.0], [5725.0, 2850.0], [5720.0, 2855.0], [5720.0, 2865.0], [5725.0, 2870.0], [5730.0, 2875.0], [5735.0, 2880.0], [5740.0, 2885.0], [5745.0, 2890.0], [5750.0, 2895.0], [5750.0, 2905.0], [5755.0, 2910.0], [5760.0, 2915.0], [5765.0, 2920.0], [5770.0, 2925.0], [5770.0, 2935.0], [5775.0, 2940.0], [5780.0, 2945.0], [5780.0, 2955.0], [5780.0, 2965.0], [5785.0, 2970.0], [5790.0, 2975.0], [5790.0, 2985.0], [5790.0, 2995.0], [5785.0, 3000.0], [5780.0, 3005.0], [5780.0, 3015.0], [5785.0, 3020.0], [5790.0, 3025.0], [5790.0, 3035.0], [5790.0, 3045.0], [5790.0, 3055.0], [5790.0, 3065.0], [5790.0, 3075.0], [5790.0, 3085.0], [5790.0, 3095.0], [5795.0, 3100.0], [5800.0, 3105.0], [5800.0, 3115.0], [5795.0, 3120.0], [5790.0, 3125.0], [5790.0, 3135.0], [5790.0, 3145.0], [5790.0, 3155.0], [5785.0, 3160.0], [5780.0, 3165.0], [5785.0, 3170.0], [5790.0, 3175.0], [5790.0, 3185.0], [5790.0, 3195.0], [5790.0, 3205.0], [5790.0, 3215.0], [5795.0, 3220.0], [5800.0, 3225.0], [5795.0, 3230.0], [5790.0, 3235.0], [5790.0, 3245.0], [5795.0, 3250.0], [5800.0, 3255.0], [5795.0, 3260.0], [5790.0, 3265.0], [5790.0, 3275.0], [5795.0, 3280.0], [5800.0, 3285.0], [5800.0, 3295.0], [5800.0, 3305.0], [5800.0, 3315.0], [5805.0, 3320.0], [5810.0, 3325.0], [5805.0, 3330.0], [5800.0, 3335.0], [5800.0, 3345.0], [5805.0, 3350.0], [5810.0, 3355.0], [5810.0, 3365.0], [5815.0, 3370.0], [5820.0, 3375.0], [5820.0, 3385.0], [5820.0, 3395.0], [5825.0, 3400.0], [5830.0, 3405.0], [5835.0, 3410.0], [5840.0, 3415.0], [5845.0, 3420.0], [5850.0, 3425.0], [5855.0, 3430.0], [5860.0, 3435.0], [5865.0, 3440.0], [5870.0, 3445.0], [5870.0, 3455.0], [5875.0, 3460.0], [5880.0, 3465.0], [5885.0, 3470.0], [5890.0, 3475.0], [5895.0, 3480.0], [5900.0, 3485.0], [5905.0, 3490.0], [5910.0, 3495.0], [5915.0, 3500.0], [5920.0, 3505.0], [5925.0, 3510.0], [5935.0, 3510.0], [5940.0, 3515.0], [5945.0, 3520.0], [5950.0, 3525.0], [5955.0, 3530.0], [5960.0, 3535.0], [5960.0, 3545.0], [5965.0, 3550.0], [5970.0, 3555.0], [5970.0, 3565.0], [5970.0, 3575.0], [5975.0, 3580.0], [5980.0, 3585.0], [5980.0, 3595.0], [5980.0, 3605.0], [5985.0, 3610.0], [5990.0, 3615.0], [5990.0, 3625.0], [5990.0, 3635.0], [5990.0, 3645.0], [5995.0, 3650.0], [6000.0, 3655.0], [6005.0, 3660.0], [6010.0, 3665.0], [6015.0, 3670.0], [6020.0, 3675.0], [6025.0, 3680.0], [6030.0, 3685.0], [6035.0, 3690.0], [6040.0, 3695.0], [6045.0, 3700.0], [6050.0, 3705.0], [6055.0, 3710.0], [6060.0, 3715.0], [6065.0, 3720.0], [6070.0, 3725.0], [6075.0, 3730.0], [6085.0, 3730.0], [6095.0, 3730.0], [6100.0, 3735.0], [6105.0, 3740.0], [6115.0, 3740.0], [6120.0, 3745.0], [6125.0, 3750.0], [6135.0, 3750.0], [6140.0, 3755.0], [6145.0, 3760.0], [6150.0, 3765.0], [6155.0, 3770.0], [6160.0, 3775.0], [6165.0, 3780.0], [6170.0, 3775.0], [6175.0, 3770.0], [6180.0, 3765.0], [6185.0, 3760.0], [6195.0, 3760.0], [6205.0, 3760.0], [6210.0, 3755.0], [6215.0, 3750.0], [6225.0, 3750.0], [6235.0, 3750.0], [6245.0, 3750.0], [6255.0, 3750.0], [6260.0, 3755.0], [6265.0, 3760.0], [6275.0, 3760.0], [6280.0, 3765.0], [6285.0, 3770.0], [6290.0, 3765.0], [6295.0, 3760.0], [6305.0, 3760.0], [6315.0, 3760.0], [6320.0, 3755.0], [6325.0, 3750.0], [6335.0, 3750.0], [6345.0, 3750.0], [6355.0, 3750.0], [6360.0, 3755.0], [6365.0, 3760.0], [6370.0, 3755.0], [6375.0, 3750.0], [6385.0, 3750.0], [6390.0, 3755.0], [6395.0, 3760.0], [6400.0, 3755.0], [6405.0, 3750.0], [6415.0, 3750.0], [6425.0, 3750.0], [6430.0, 3745.0], [6435.0, 3740.0], [6445.0, 3740.0], [6455.0, 3740.0], [6465.0, 3740.0], [6470.0, 3735.0], [6475.0, 3730.0], [6485.0, 3730.0], [6495.0, 3730.0], [6500.0, 3725.0], [6505.0, 3720.0], [6515.0, 3720.0], [6525.0, 3720.0], [6535.0, 3720.0], [6540.0, 3715.0], [6545.0, 3710.0], [6555.0, 3710.0], [6565.0, 3710.0], [6575.0, 3710.0], [6585.0, 3710.0], [6595.0, 3710.0], [6600.0, 3715.0], [6605.0, 3720.0], [6610.0, 3715.0], [6615.0, 3710.0], [6620.0, 3705.0], [6625.0, 3700.0], [6635.0, 3700.0], [6640.0, 3695.0], [6645.0, 3690.0], [6655.0, 3690.0], [6665.0, 3690.0], [6670.0, 3685.0], [6675.0, 3680.0], [6680.0, 3675.0], [6685.0, 3670.0], [6695.0, 3670.0], [6700.0, 3665.0], [6705.0, 3660.0], [6715.0, 3660.0], [6725.0, 3660.0], [6730.0, 3655.0], [6730.0, 3645.0], [6735.0, 3640.0], [6740.0, 3635.0], [6745.0, 3630.0], [6750.0, 3625.0], [6755.0, 3620.0], [6760.0, 3615.0], [6765.0, 3610.0], [6770.0, 3605.0], [6775.0, 3600.0], [6785.0, 3600.0], [6790.0, 3595.0], [6795.0, 3590.0], [6800.0, 3585.0], [6805.0, 3580.0], [6810.0, 3575.0], [6815.0, 3570.0], [6820.0, 3565.0], [6815.0, 3560.0], [6810.0, 3555.0], [6810.0, 3545.0], [6805.0, 3540.0], [6800.0, 3535.0], [6800.0, 3525.0], [6805.0, 3520.0], [6810.0, 3515.0], [6815.0, 3510.0], [6820.0, 3505.0], [6825.0, 3500.0], [6830.0, 3495.0], [6835.0, 3490.0], [6840.0, 3485.0], [6845.0, 3480.0], [6850.0, 3475.0], [6855.0, 3470.0], [6860.0, 3465.0], [6865.0, 3460.0], [6875.0, 3460.0], [6880.0, 3455.0], [6885.0, 3450.0], [6895.0, 3450.0], [6905.0, 3450.0], [6910.0, 3445.0], [6915.0, 3440.0], [6920.0, 3435.0], [6920.0, 3425.0], [6920.0, 3415.0], [6925.0, 3410.0], [6930.0, 3405.0], [6930.0, 3395.0], [6935.0, 3390.0], [6940.0, 3385.0], [6945.0, 3380.0], [6950.0, 3375.0], [6950.0, 3365.0], [6955.0, 3360.0], [6960.0, 3355.0], [6960.0, 3345.0], [6965.0, 3340.0], [6970.0, 3335.0], [6975.0, 3330.0], [6980.0, 3325.0], [6985.0, 3320.0], [6995.0, 3320.0], [7000.0, 3315.0], [7000.0, 3305.0], [7000.0, 3295.0], [7000.0, 3285.0], [7005.0, 3280.0], [7015.0, 3280.0], [7020.0, 3285.0], [7025.0, 3290.0], [7030.0, 3295.0], [7030.0, 3305.0], [7035.0, 3310.0], [7040.0, 3315.0], [7040.0, 3325.0], [7045.0, 3330.0], [7050.0, 3335.0], [7050.0, 3345.0], [7050.0, 3355.0], [7050.0, 3365.0], [7050.0, 3375.0], [7045.0, 3380.0], [7040.0, 3385.0], [7040.0, 3395.0], [7035.0, 3400.0], [7030.0, 3405.0], [7025.0, 3410.0], [7020.0, 3415.0], [7020.0, 3425.0], [7015.0, 3430.0], [7010.0, 3435.0], [7005.0, 3440.0], [7000.0, 3445.0], [7000.0, 3455.0], [6995.0, 3460.0], [6990.0, 3465.0], [6985.0, 3470.0], [6980.0, 3475.0], [6975.0, 3480.0], [6970.0, 3485.0], [6965.0, 3490.0], [6960.0, 3495.0], [6955.0, 3500.0], [6950.0, 3505.0], [6945.0, 3510.0], [6940.0, 3515.0], [6935.0, 3520.0], [6930.0, 3525.0], [6925.0, 3530.0], [6915.0, 3530.0], [6910.0, 3535.0], [6905.0, 3540.0], [6900.0, 3545.0], [6895.0, 3550.0], [6890.0, 3555.0], [6890.0, 3565.0], [6890.0, 3575.0], [6885.0, 3580.0], [6880.0, 3585.0], [6880.0, 3595.0], [6875.0, 3600.0], [6870.0, 3605.0], [6870.0, 3615.0], [6865.0, 3620.0], [6860.0, 3625.0], [6855.0, 3630.0], [6850.0, 3635.0], [6845.0, 3640.0], [6840.0, 3645.0], [6835.0, 3650.0], [6830.0, 3655.0], [6825.0, 3660.0], [6815.0, 3660.0], [6810.0, 3665.0], [6805.0, 3670.0], [6800.0, 3675.0], [6795.0, 3680.0], [6790.0, 3685.0], [6785.0, 3690.0], [6780.0, 3695.0], [6775.0, 3700.0], [6770.0, 3705.0], [6765.0, 3710.0], [6755.0, 3710.0], [6750.0, 3715.0], [6745.0, 3720.0], [6740.0, 3725.0], [6735.0, 3730.0], [6725.0, 3730.0], [6720.0, 3735.0], [6715.0, 3740.0], [6705.0, 3740.0], [6700.0, 3745.0], [6695.0, 3750.0], [6685.0, 3750.0], [6675.0, 3750.0], [6670.0, 3755.0], [6665.0, 3760.0], [6655.0, 3760.0], [6650.0, 3765.0], [6645.0, 3770.0], [6635.0, 3770.0], [6630.0, 3775.0], [6625.0, 3780.0], [6615.0, 3780.0], [6605.0, 3780.0], [6600.0, 3785.0], [6595.0, 3790.0], [6585.0, 3790.0], [6575.0, 3790.0], [6570.0, 3795.0], [6565.0, 3800.0], [6555.0, 3800.0], [6550.0, 3805.0], [6545.0, 3810.0], [6535.0, 3810.0], [6525.0, 3810.0], [6520.0, 3815.0], [6515.0, 3820.0], [6505.0, 3820.0], [6495.0, 3820.0], [6485.0, 3820.0], [6475.0, 3820.0], [6470.0, 3825.0], [6465.0, 3830.0], [6455.0, 3830.0], [6445.0, 3830.0], [6435.0, 3830.0], [6425.0, 3830.0], [6415.0, 3830.0], [6410.0, 3835.0], [6405.0, 3840.0], [6395.0, 3840.0], [6385.0, 3840.0], [6375.0, 3840.0], [6365.0, 3840.0], [6355.0, 3840.0], [6345.0, 3840.0], [6335.0, 3840.0], [6325.0, 3840.0], [6320.0, 3845.0], [6315.0, 3850.0]]]}, "properties": {"objectType": "annotation", "name": "P2_3_T|peri", "classification": {"name": "peri", "color": [25, 158, 112]}, "lesion_id": 0, "section": "P2_3_T", "area_um2": 272250.0, "lesion_ids": [1, 2, 3, 5, 7, 9, 10]}}, {"type": "Feature", "geometry": {"type": "Polygon", "coordinates": [[[6275.0, 3550.0], [6270.0, 3545.0], [6265.0, 3540.0], [6260.0, 3535.0], [6255.0, 3530.0], [6250.0, 3525.0], [6245.0, 3520.0], [6240.0, 3515.0], [6240.0, 3505.0], [6240.0, 3495.0], [6240.0, 3485.0], [6240.0, 3475.0], [6240.0, 3465.0], [6245.0, 3460.0], [6250.0, 3455.0], [6250.0, 3445.0], [6250.0, 3435.0], [6250.0, 3425.0], [6245.0, 3420.0], [6240.0, 3415.0], [6240.0, 3405.0], [6235.0, 3400.0], [6230.0, 3395.0], [6230.0, 3385.0], [6230.0, 3375.0], [6230.0, 3365.0], [6230.0, 3355.0], [6230.0, 3345.0], [6230.0, 3335.0], [6230.0, 3325.0], [6230.0, 3315.0], [6230.0, 3305.0], [6225.0, 3300.0], [6220.0, 3295.0], [6215.0, 3290.0], [6210.0, 3285.0], [6205.0, 3280.0], [6200.0, 3275.0], [6195.0, 3270.0], [6190.0, 3265.0], [6185.0, 3260.0], [6180.0, 3255.0], [6175.0, 3250.0], [6170.0, 3245.0], [6165.0, 3240.0], [6160.0, 3235.0], [6155.0, 3230.0], [6145.0, 3230.0], [6140.0, 3225.0], [6135.0, 3220.0], [6130.0, 3225.0], [6125.0, 3230.0], [6120.0, 3225.0], [6115.0, 3220.0], [6110.0, 3225.0], [6105.0, 3230.0], [6095.0, 3230.0], [6085.0, 3230.0], [6080.0, 3235.0], [6075.0, 3240.0], [6070.0, 3245.0], [6065.0, 3250.0], [6060.0, 3255.0], [6055.0, 3260.0], [6050.0, 3265.0], [6045.0, 3270.0], [6035.0, 3270.0], [6025.0, 3270.0], [6015.0, 3270.0], [6005.0, 3270.0], [5995.0, 3270.0], [5990.0, 3275.0], [5985.0, 3280.0], [5975.0, 3280.0], [5970.0, 3275.0], [5965.0, 3270.0], [5955.0, 3270.0], [5945.0, 3270.0], [5935.0, 3270.0], [5925.0, 3270.0], [5920.0, 3275.0], [5915.0, 3280.0], [5905.0, 3280.0], [5900.0, 3285.0], [5895.0, 3290.0], [5890.0, 3295.0], [5885.0, 3300.0], [5875.0, 3300.0], [5870.0, 3305.0], [5865.0, 3310.0], [5860.0, 3315.0], [5855.0, 3320.0], [5850.0, 3315.0], [5845.0, 3310.0], [5840.0, 3315.0], [5835.0, 3320.0], [5830.0, 3315.0], [5825.0, 3310.0], [5820.0, 3305.0], [5820.0, 3295.0], [5820.0, 3285.0], [5820.0, 3275.0], [5820.0, 3265.0], [5820.0, 3255.0], [5820.0, 3245.0], [5820.0, 3235.0], [5820.0, 3225.0], [5820.0, 3215.0], [5815.0, 3210.0], [5810.0, 3205.0], [5810.0, 3195.0], [5810.0, 3185.0], [5815.0, 3180.0], [5820.0, 3185.0], [5825.0, 3190.0], [5830.0, 3195.0], [5835.0, 3200.0], [5845.0, 3200.0], [5850.0, 3195.0], [5855.0, 3190.0], [5860.0, 3185.0], [5865.0, 3180.0], [5875.0, 3180.0], [5880.0, 3175.0], [5885.0, 3170.0], [5890.0, 3165.0], [5895.0, 3160.0], [5900.0, 3155.0], [5905.0, 3150.0], [5915.0, 3150.0], [5920.0, 3145.0], [5925.0, 3140.0], [5930.0, 3135.0], [5935.0, 3130.0], [5940.0, 3125.0], [5945.0, 3120.0], [5950.0, 3115.0], [5950.0, 3105.0], [5955.0, 3100.0], [5960.0, 3095.0], [5960.0, 3085.0], [5965.0, 3080.0], [5970.0, 3075.0], [5970.0, 3065.0], [5970.0, 3055.0], [5975.0, 3050.0], [5980.0, 3045.0], [5980.0, 3035.0], [5985.0, 3030.0], [5990.0, 3025.0], [5995.0, 3020.0], [6000.0, 3015.0], [6005.0, 3010.0], [6010.0, 3005.0], [6010.0, 2995.0], [6015.0, 2990.0], [6020.0, 2985.0], [6025.0, 2980.0], [6030.0, 2975.0], [6035.0, 2970.0], [6045.0, 2970.0], [6050.0, 2965.0], [6055.0, 2960.0], [6060.0, 2965.0], [6065.0, 2970.0], [6075.0, 2970.0], [6085.0, 2970.0], [6090.0, 2965.0], [6095.0, 2960.0], [6100.0, 2955.0], [6105.0, 2950.0], [6110.0, 2945.0], [6110.0, 2935.0], [6105.0, 2930.0], [6100.0, 2925.0], [6095.0, 2920.0], [6090.0, 2915.0], [6085.0, 2910.0], [6080.0, 2905.0], [6075.0, 2900.0], [6070.0, 2895.0], [6070.0, 2885.0], [6075.0, 2880.0], [6080.0, 2875.0], [6085.0, 2870.0], [6090.0, 2865.0], [6090.0, 2855.0], [6090.0, 2845.0], [6090.0, 2835.0], [6095.0, 2830.0], [6100.0, 2825.0], [6100.0, 2815.0], [6100.0, 2805.0], [6100.0, 2795.0], [6105.0, 2790.0], [6110.0, 2785.0], [6110.0, 2775.0], [6115.0, 2770.0], [6120.0, 2765.0], [6120.0, 2755.0], [6120.0, 2745.0], [6120.0, 2735.0], [6120.0, 2725.0], [6115.0, 2720.0], [6110.0, 2715.0], [6105.0, 2710.0], [6100.0, 2705.0], [6100.0, 2695.0], [6095.0, 2690.0], [6090.0, 2685.0], [6085.0, 2680.0], [6080.0, 2675.0], [6080.0, 2665.0], [6075.0, 2660.0], [6070.0, 2655.0], [6065.0, 2650.0], [6060.0, 2645.0], [6055.0, 2640.0], [6050.0, 2635.0], [6045.0, 2630.0], [6040.0, 2625.0], [6035.0, 2620.0], [6030.0, 2615.0], [6025.0, 2610.0], [6020.0, 2605.0], [6015.0, 2600.0], [6010.0, 2595.0], [6005.0, 2590.0], [6000.0, 2585.0], [5995.0, 2580.0], [5990.0, 2575.0], [5990.0, 2565.0], [5990.0, 2555.0], [5990.0, 2545.0], [5995.0, 2540.0], [6000.0, 2535.0], [6000.0, 2525.0], [6005.0, 2520.0], [6010.0, 2515.0], [6015.0, 2510.0], [6020.0, 2505.0], [6025.0, 2500.0], [6030.0, 2495.0], [6035.0, 2490.0], [6040.0, 2485.0], [6045.0, 2480.0], [6050.0, 2475.0], [6050.0, 2465.0], [6055.0, 2460.0], [6060.0, 2455.0], [6060.0, 2445.0], [6060.0, 2435.0], [6060.0, 2425.0], [6065.0, 2420.0], [6070.0, 2415.0], [6070.0, 2405.0], [6075.0, 2400.0], [6080.0, 2395.0], [6085.0, 2390.0], [6090.0, 2385.0], [6090.0, 2375.0], [6095.0, 2370.0], [6100.0, 2365.0], [6105.0, 2360.0], [6110.0, 2355.0], [6115.0, 2350.0], [6120.0, 2345.0], [6125.0, 2340.0], [6130.0, 2335.0], [6135.0, 2330.0], [6140.0, 2325.0], [6135.0, 2320.0], [6130.0, 2315.0], [6135.0, 2310.0], [6140.0, 2305.0], [6140.0, 2295.0], [6135.0, 2290.0], [6130.0, 2285.0], [6135.0, 2280.0], [6140.0, 2275.0], [6135.0, 2270.0], [6130.0, 2265.0], [6130.0, 2255.0], [6130.0, 2245.0], [6135.0, 2240.0], [6140.0, 2235.0], [6140.0, 2225.0], [6135.0, 2220.0], [6130.0, 2215.0], [6135.0, 2210.0], [6140.0, 2205.0], [6135.0, 2200.0], [6130.0, 2195.0], [6125.0, 2190.0], [6120.0, 2185.0], [6115.0, 2180.0], [6105.0, 2180.0], [6095.0, 2180.0], [6085.0, 2180.0], [6080.0, 2175.0], [6075.0, 2170.0], [6065.0, 2170.0], [6060.0, 2165.0], [6065.0, 2160.0], [6070.0, 2155.0], [6070.0, 2145.0], [6070.0, 2135.0], [6075.0, 2130.0], [6085.0, 2130.0], [6090.0, 2125.0], [6095.0, 2120.0], [6100.0, 2115.0], [6105.0, 2110.0], [6110.0, 2105.0], [6115.0, 2100.0], [6120.0, 2095.0], [6125.0, 2090.0], [6130.0, 2085.0], [6135.0, 2080.0], [6140.0, 2075.0], [6145.0, 2070.0], [6150.0, 2075.0], [6155.0, 2080.0], [6165.0, 2080.0], [6170.0, 2085.0], [6175.0, 2090.0], [6185.0, 2090.0], [6190.0, 2095.0], [6195.0, 2100.0], [6200.0, 2105.0], [6205.0, 2110.0], [6210.0, 2115.0], [6215.0, 2120.0], [6220.0, 2125.0], [6225.0, 2130.0], [6230.0, 2135.0], [6230.0, 2145.0], [6235.0, 2150.0], [6240.0, 2155.0], [6240.0, 2165.0], [6245.0, 2170.0], [6250.0, 2175.0], [6250.0, 2185.0], [6250.0, 2195.0], [6250.0, 2205.0], [6250.0, 2215.0], [6250.0, 2225.0], [6250.0, 2235.0], [6250.0, 2245.0], [6250.0, 2255.0], [6250.0, 2265.0], [6250.0, 2275.0], [6250.0, 2285.0], [6250.0, 2295.0], [6250.0, 2305.0], [6250.0, 2315.0], [6250.0, 2325.0], [6250.0, 2335.0], [6250.0, 2345.0], [6250.0, 2355.0], [6245.0, 2360.0], [6240.0, 2365.0], [6240.0, 2375.0], [6235.0, 2380.0], [6230.0, 2385.0], [6230.0, 2395.0], [6225.0, 2400.0], [6220.0, 2405.0], [6215.0, 2410.0], [6210.0, 2415.0], [6205.0, 2420.0], [6200.0, 2425.0], [6195.0, 2430.0], [6190.0, 2435.0], [6185.0, 2440.0], [6180.0, 2445.0], [6180.0, 2455.0], [6175.0, 2460.0], [6170.0, 2465.0], [6170.0, 2475.0], [6170.0, 2485.0], [6165.0, 2490.0], [6160.0, 2495.0], [6160.0, 2505.0], [6155.0, 2510.0], [6150.0, 2515.0], [6150.0, 2525.0], [6145.0, 2530.0], [6140.0, 2535.0], [6140.0, 2545.0], [6135.0, 2550.0], [6130.0, 2555.0], [6135.0, 2560.0], [6140.0, 2565.0], [6145.0, 2570.0], [6150.0, 2575.0], [6155.0, 2580.0], [6160.0, 2585.0], [6165.0, 2590.0], [6170.0, 2595.0], [6170.0, 2605.0], [6175.0, 2610.0], [6180.0, 2615.0], [6185.0, 2620.0], [6190.0, 2625.0], [6190.0, 2635.0], [6195.0, 2640.0], [6200.0, 2645.0], [6205.0, 2650.0], [6210.0, 2655.0], [6210.0, 2665.0], [6215.0, 2670.0], [6220.0, 2675.0], [6220.0, 2685.0], [6225.0, 2690.0], [6230.0, 2695.0], [6230.0, 2705.0], [6230.0, 2715.0], [6230.0, 2725.0], [6230.0, 2735.0], [6230.0, 2745.0], [6230.0, 2755.0], [6230.0, 2765.0], [6230.0, 2775.0], [6230.0, 2785.0], [6230.0, 2795.0], [6225.0, 2800.0], [6220.0, 2805.0], [6220.0, 2815.0], [6215.0, 2820.0], [6210.0, 2825.0], [6210.0, 2835.0], [6210.0, 2845.0], [6210.0, 2855.0], [6205.0, 2860.0], [6200.0, 2865.0], [6200.0, 2875.0], [6205.0, 2880.0], [6210.0, 2885.0], [6210.0, 2895.0], [6215.0, 2900.0], [6220.0, 2905.0], [6220.0, 2915.0], [6220.0, 2925.0], [6220.0, 2935.0], [6220.0, 2945.0], [6220.0, 2955.0], [6220.0, 2965.0], [6220.0, 2975.0], [6215.0, 2980.0], [6210.0, 2985.0], [6210.0, 2995.0], [6205.0, 3000.0], [6200.0, 3005.0], [6200.0, 3015.0], [6195.0, 3020.0], [6190.0, 3025.0], [6185.0, 3030.0], [6180.0, 3035.0], [6175.0, 3040.0], [6170.0, 3045.0], [6165.0, 3050.0], [6160.0, 3055.0], [6155.0, 3060.0], [6145.0, 3060.0], [6140.0, 3065.0], [6135.0, 3070.0], [6125.0, 3070.0], [6120.0, 3075.0], [6115.0, 3080.0], [6105.0, 3080.0], [6095.0, 3080.0], [6090.0, 3085.0], [6085.0, 3090.0], [6080.0, 3095.0], [6080.0, 3105.0], [6075.0, 3110.0], [6070.0, 3115.0], [6075.0, 3120.0], [6080.0, 3115.0], [6085.0, 3110.0], [6095.0, 3110.0], [6105.0, 3110.0], [6115.0, 3110.0], [6125.0, 3110.0], [6135.0, 3110.0], [6145.0, 3110.0], [6155.0, 3110.0], [6165.0, 3110.0], [6170.0, 3115.0], [6175.0, 3120.0], [6185.0, 3120.0], [6190.0, 3125.0], [6195.0, 3130.0], [6205.0, 3130.0], [6210.0, 3135.0], [6215.0, 3140.0], [6225.0, 3140.0], [6230.0, 3145.0], [6235.0, 3150.0], [6240.0, 3155.0], [6245.0, 3160.0], [6250.0, 3165.0], [6255.0, 3170.0], [6260.0, 3175.0], [6265.0, 3180.0], [6270.0, 3185.0], [6275.0, 3190.0], [6280.0, 3195.0], [6285.0, 3200.0], [6290.0, 3205.0], [6295.0, 3210.0], [6300.0, 3215.0], [6305.0, 3220.0], [6310.0, 3225.0], [6315.0, 3230.0], [6320.0, 3235.0], [6320.0, 3245.0], [6325.0, 3250.0], [6330.0, 3255.0], [6330.0, 3265.0], [6335.0, 3270.0], [6340.0, 3275.0], [6340.0, 3285.0], [6340.0, 3295.0], [6340.0, 3305.0], [6340.0, 3315.0], [6340.0, 3325.0], [6345.0, 3330.0], [6350.0, 3325.0], [6355.0, 3320.0], [6360.0, 3315.0], [6365.0, 3310.0], [6370.0, 3305.0], [6375.0, 3300.0], [6380.0, 3295.0], [6385.0, 3290.0], [6390.0, 3285.0], [6395.0, 3280.0], [6405.0, 3280.0], [6410.0, 3275.0], [6415.0, 3270.0], [6425.0, 3270.0], [6430.0, 3265.0], [6435.0, 3260.0], [6445.0, 3260.0], [6455.0, 3260.0], [6465.0, 3260.0], [6475.0, 3260.0], [6485.0, 3260.0], [6495.0, 3260.0], [6505.0, 3260.0], [6515.0, 3260.0], [6525.0, 3260.0], [6530.0, 3265.0], [6535.0, 3270.0], [6545.0, 3270.0], [6550.0, 3275.0], [6555.0, 3280.0], [6565.0, 3280.0], [6570.0, 3285.0], [6575.0, 3290.0], [6585.0, 3290.0], [6595.0, 3290.0], [6605.0, 3290.0], [6610.0, 3285.0], [6615.0, 3280.0], [6625.0, 3280.0], [6635.0, 3280.0], [6645.0, 3280.0], [6655.0, 3280.0], [6665.0, 3280.0], [6670.0, 3275.0], [6675.0, 3270.0], [6680.0, 3265.0], [6685.0, 3260.0], [6695.0, 3260.0], [6700.0, 3255.0], [6705.0, 3250.0], [6715.0, 3250.0], [6720.0, 3245.0], [6725.0, 3240.0], [6735.0, 3240.0], [6745.0, 3240.0], [6755.0, 3240.0], [6765.0, 3240.0], [6775.0, 3240.0], [6785.0, 3240.0], [6795.0, 3240.0], [6800.0, 3245.0], [6805.0, 3250.0], [6815.0, 3250.0], [6825.0, 3250.0], [6830.0, 3245.0], [6835.0, 3240.0], [6845.0, 3240.0], [6855.0, 3240.0], [6865.0, 3240.0], [6875.0, 3240.0], [6885.0, 3240.0], [6895.0, 3240.0], [6900.0, 3245.0], [6905.0, 3250.0], [6915.0, 3250.0], [6920.0, 3255.0], [6925.0, 3260.0], [6935.0, 3260.0], [6940.0, 3265.0], [6945.0, 3270.0], [6955.0, 3270.0], [6960.0, 3275.0], [6965.0, 3280.0], [6970.0, 3285.0], [6975.0, 3290.0], [6980.0, 3295.0], [6975.0, 3300.0], [6970.0, 3305.0], [6965.0, 3310.0], [6960.0, 3315.0], [6955.0, 3320.0], [6950.0, 3325.0], [6945.0, 3330.0], [6940.0, 3335.0], [6940.0, 3345.0], [6935.0, 3350.0], [6930.0, 3355.0], [6930.0, 3365.0], [6925.0, 3370.0], [6920.0, 3375.0], [6915.0, 3380.0], [6905.0, 3380.0], [6900.0, 3375.0], [6895.0, 3370.0], [6890.0, 3365.0], [6885.0, 3360.0], [6875.0, 3360.0], [6870.0, 3355.0], [6865.0, 3350.0], [6860.0, 3355.0], [6855.0, 3360.0], [6845.0, 3360.0], [6835.0, 3360.0], [6825.0, 3360.0], [6820.0, 3365.0], [6815.0, 3370.0], [6805.0, 3370.0], [6795.0, 3370.0], [6785.0, 3370.0], [6780.0, 3365.0], [6775.0, 3360.0], [6770.0, 3355.0], [6765.0, 3350.0], [6755.0, 3350.0], [6750.0, 3355.0], [6745.0, 3360.0], [6740.0, 3365.0], [6735.0, 3370.0], [6725.0, 3370.0], [6720.0, 3375.0], [6715.0, 3380.0], [6705.0, 3380.0], [6700.0, 3385.0], [6695.0, 3390.0], [6690.0, 3395.0], [6685.0, 3400.0], [6680.0, 3395.0], [6675.0, 3390.0], [6665.0, 3390.0], [6655.0, 3390.0], [6645.0, 3390.0], [6640.0, 3395.0], [6635.0, 3400.0], [6625.0, 3400.0], [6615.0, 3400.0], [6610.0, 3405.0], [6605.0, 3410.0], [6595.0, 3410.0], [6585.0, 3410.0], [6580.0, 3405.0], [6575.0, 3400.0], [6570.0, 3405.0], [6565.0, 3410.0], [6555.0, 3410.0], [6550.0, 3405.0], [6545.0, 3400.0], [6535.0, 3400.0], [6530.0, 3395.0], [6525.0, 3390.0], [6520.0, 3385.0], [6515.0, 3380.0], [6505.0, 3380.0], [6500.0, 3375.0], [6495.0, 3370.0], [6485.0, 3370.0], [6475.0, 3370.0], [6465.0, 3370.0], [6460.0, 3375.0], [6455.0, 3380.0], [6450.0, 3385.0], [6445.0, 3390.0], [6440.0, 3395.0], [6435.0, 3400.0], [6430.0, 3405.0], [6425.0, 3410.0], [6420.0, 3415.0], [6415.0, 3420.0], [6410.0, 3425.0], [6405.0, 3430.0], [6400.0, 3435.0], [6395.0, 3440.0], [6385.0, 3440.0], [6380.0, 3445.0], [6375.0, 3450.0], [6365.0, 3450.0], [6360.0, 3455.0], [6355.0, 3460.0], [6350.0, 3465.0], [6345.0, 3470.0], [6335.0, 3470.0], [6330.0, 3475.0], [6325.0, 3480.0], [6320.0, 3485.0], [6315.0, 3490.0], [6310.0, 3495.0], [6310.0, 3505.0], [6310.0, 3515.0], [6305.0, 3520.0], [6300.0, 3525.0], [6295.0, 3530.0], [6290.0, 3535.0], [6285.0, 3540.0], [6280.0, 3545.0], [6275.0, 3550.0]]]}, "properties": {"objectType": "annotation", "name": "P2_3_T|peri", "classification": {"name": "peri", "color": [25, 158, 112]}, "lesion_id": 0, "section": "P2_3_T", "area_um2": 304950.0, "lesion_ids": [1, 5, 7, 9, 10]}}, {"type": "Feature", "geometry": {"type": "Polygon", "coordinates": [[[7125.0, 2830.0], [7115.0, 2830.0], [7110.0, 2825.0], [7110.0, 2815.0], [7105.0, 2810.0], [7100.0, 2805.0], [7105.0, 2800.0], [7110.0, 2795.0], [7105.0, 2790.0], [7100.0, 2785.0], [7105.0, 2780.0], [7110.0, 2775.0], [7110.0, 2765.0], [7110.0, 2755.0], [7110.0, 2745.0], [7115.0, 2740.0], [7120.0, 2735.0], [7115.0, 2730.0], [7110.0, 2725.0], [7110.0, 2715.0], [7110.0, 2705.0], [7105.0, 2700.0], [7100.0, 2695.0], [7100.0, 2685.0], [7100.0, 2675.0], [7100.0, 2665.0], [7095.0, 2660.0], [7090.0, 2655.0], [7090.0, 2645.0], [7090.0, 2635.0], [7085.0, 2630.0], [7080.0, 2625.0], [7080.0, 2615.0], [7080.0, 2605.0], [7080.0, 2595.0], [7085.0, 2590.0], [7090.0, 2585.0], [7085.0, 2580.0], [7080.0, 2575.0], [7075.0, 2570.0], [7070.0, 2565.0], [7070.0, 2555.0], [7070.0, 2545.0], [7065.0, 2540.0], [7060.0, 2535.0], [7060.0, 2525.0], [7060.0, 2515.0], [7055.0, 2510.0], [7050.0, 2505.0], [7050.0, 2495.0], [7045.0, 2490.0], [7040.0, 2485.0], [7040.0, 2475.0], [7035.0, 2470.0], [7030.0, 2465.0], [7030.0, 2455.0], [7025.0, 2450.0], [7020.0, 2445.0], [7025.0, 2440.0], [7035.0, 2440.0], [7045.0, 2440.0], [7050.0, 2435.0], [7055.0, 2430.0], [7060.0, 2435.0], [7065.0, 2440.0], [7075.0, 2440.0], [7085.0, 2440.0], [7095.0, 2440.0], [7105.0, 2440.0], [7110.0, 2445.0], [7115.0, 2450.0], [7120.0, 2455.0], [7125.0, 2460.0], [7130.0, 2465.0], [7130.0, 2475.0], [7135.0, 2480.0], [7140.0, 2485.0], [7140.0, 2495.0], [7145.0, 2500.0], [7150.0, 2505.0], [7150.0, 2515.0], [7150.0, 2525.0], [7155.0, 2530.0], [7160.0, 2535.0], [7160.0, 2545.0], [7160.0, 2555.0], [7165.0, 2560.0], [7170.0, 2565.0], [7170.0, 2575.0], [7170.0, 2585.0], [7170.0, 2595.0], [7175.0, 2600.0], [7180.0, 2605.0], [7180.0, 2615.0], [7180.0, 2625.0], [7180.0, 2635.0], [7180.0, 2645.0], [7185.0, 2650.0], [7190.0, 2655.0], [7190.0, 2665.0], [7190.0, 2675.0], [7190.0, 2685.0], [7190.0, 2695.0], [7190.0, 2705.0], [7190.0, 2715.0], [7195.0, 2720.0], [7200.0, 2725.0], [7200.0, 2735.0], [7200.0, 2745.0], [7200.0, 2755.0], [7200.0, 2765.0], [7200.0, 2775.0], [7195.0, 2780.0], [7190.0, 2785.0], [7185.0, 2790.0], [7180.0, 2795.0], [7175.0, 2800.0], [7170.0, 2805.0], [7165.0, 2810.0], [7155.0, 2810.0], [7150.0, 2815.0], [7145.0, 2820.0], [7135.0, 2820.0], [7130.0, 2825.0], [7125.0, 2830.0]]]}, "properties": {"objectType": "annotation", "name": "peri_4", "classification": {"name": "peri", "color": [25, 158, 112]}, "lesion_id": 4, "section": null, "area_um2": 34050.0, "lesion_ids": [4]}}, {"type": "Feature", "geometry": {"type": "Polygon", "coordinates": [[[7075.0, 2800.0], [7065.0, 2800.0], [7055.0, 2800.0], [7045.0, 2800.0], [7035.0, 2800.0], [7030.0, 2795.0], [7025.0, 2790.0], [7015.0, 2790.0], [7010.0, 2785.0], [7005.0, 2780.0], [6995.0, 2780.0], [6990.0, 2775.0], [6985.0, 2770.0], [6980.0, 2765.0], [6975.0, 2760.0], [6970.0, 2755.0], [6965.0, 2750.0], [6960.0, 2745.0], [6955.0, 2740.0], [6950.0, 2735.0], [6950.0, 2725.0], [6945.0, 2720.0], [6940.0, 2715.0], [6940.0, 2705.0], [6935.0, 2700.0], [6930.0, 2695.0], [6930.0, 2685.0], [6925.0, 2680.0], [6920.0, 2675.0], [6920.0, 2665.0], [6920.0, 2655.0], [6920.0, 2645.0], [6920.0, 2635.0], [6920.0, 2625.0], [6920.0, 2615.0], [6920.0, 2605.0], [6920.0, 2595.0], [6920.0, 2585.0], [6920.0, 2575.0], [6925.0, 2570.0], [6930.0, 2565.0], [6930.0, 2555.0], [6935.0, 2550.0], [6940.0, 2545.0], [6940.0, 2535.0], [6945.0, 2530.0], [6950.0, 2525.0], [6955.0, 2520.0], [6960.0, 2515.0], [6965.0, 2510.0], [6970.0, 2505.0], [6975.0, 2500.0], [6980.0, 2495.0], [6985.0, 2490.0], [6995.0, 2490.0], [7000.0, 2485.0], [7005.0, 2480.0], [7015.0, 2480.0], [7020.0, 2485.0], [7020.0, 2495.0], [7025.0, 2500.0], [7030.0, 2505.0], [7030.0, 2515.0], [7035.0, 2520.0], [7040.0, 2525.0], [7040.0, 2535.0], [7040.0, 2545.0], [7040.0, 2555.0], [7045.0, 2560.0], [7050.0, 2565.0], [7050.0, 2575.0], [7050.0, 2585.0], [7045.0, 2590.0], [7040.0, 2595.0], [7035.0, 2600.0], [7030.0, 2605.0], [7030.0, 2615.0], [7030.0, 2625.0], [7030.0, 2635.0], [7030.0, 2645.0], [7035.0, 2650.0], [7040.0, 2655.0], [7040.0, 2665.0], [7045.0, 2670.0], [7050.0, 2675.0], [7055.0, 2680.0], [7060.0, 2685.0], [7065.0, 2690.0], [7075.0, 2690.0], [7080.0, 2695.0], [7080.0, 2705.0], [7080.0, 2715.0], [7080.0, 2725.0], [7085.0, 2730.0], [7090.0, 2735.0], [7090.0, 2745.0], [7090.0, 2755.0], [7090.0, 2765.0], [7085.0, 2770.0], [7080.0, 2775.0], [7080.0, 2785.0], [7080.0, 2795.0], [7075.0, 2800.0]]]}, "properties": {"objectType": "annotation", "name": "P2_3_T|peri_4", "classification": {"name": "peri", "color": [25, 158, 112]}, "lesion_id": 4, "section": "P2_3_T", "area_um2": 34050.0, "lesion_ids": [4]}}, {"type": "Feature", "geometry": {"type": "Polygon", "coordinates": [[[2205.0, 3820.0], [2195.0, 3820.0], [2185.0, 3820.0], [2175.0, 3820.0], [2165.0, 3820.0], [2155.0, 3820.0], [2150.0, 3815.0], [2145.0, 3810.0], [2135.0, 3810.0], [2125.0, 3810.0], [2120.0, 3805.0], [2115.0, 3800.0], [2105.0, 3800.0], [2100.0, 3795.0], [2095.0, 3790.0], [2090.0, 3785.0], [2085.0, 3780.0], [2080.0, 3775.0], [2075.0, 3770.0], [2070.0, 3765.0], [2065.0, 3760.0], [2055.0, 3760.0], [2050.0, 3755.0], [2045.0, 3750.0], [2035.0, 3750.0], [2025.0, 3750.0], [2020.0, 3745.0], [2015.0, 3740.0], [2005.0, 3740.0], [2000.0, 3735.0], [1995.0, 3730.0], [1990.0, 3725.0], [1985.0, 3720.0], [1980.0, 3715.0], [1975.0, 3710.0], [1970.0, 3705.0], [1965.0, 3700.0], [1960.0, 3695.0], [1955.0, 3690.0], [1950.0, 3685.0], [1945.0, 3680.0], [1940.0, 3675.0], [1935.0, 3670.0], [1930.0, 3665.0], [1930.0, 3655.0], [1925.0, 3650.0], [1920.0, 3645.0], [1920.0, 3635.0], [1920.0, 3625.0], [1915.0, 3620.0], [1910.0, 3615.0], [1910.0, 3605.0], [1910.0, 3595.0], [1905.0, 3590.0], [1900.0, 3585.0], [1900.0, 3575.0], [1900.0, 3565.0], [1895.0, 3560.0], [1890.0, 3555.0], [1890.0, 3545.0], [1890.0, 3535.0], [1890.0, 3525.0], [1890.0, 3515.0], [1895.0, 3510.0], [1900.0, 3505.0], [1900.0, 3495.0], [1900.0, 3485.0], [1905.0, 3480.0], [1910.0, 3475.0], [1910.0, 3465.0], [1915.0, 3460.0], [1920.0, 3455.0], [1925.0, 3450.0], [1930.0, 3445.0], [1935.0, 3440.0], [1940.0, 3435.0], [1945.0, 3430.0], [1950.0, 3425.0], [1955.0, 3420.0], [1960.0, 3415.0], [1965.0, 3410.0], [1970.0, 3405.0], [1975.0, 3400.0], [1985.0, 3400.0], [1990.0, 3395.0], [1995.0, 3390.0], [2005.0, 3390.0], [2015.0, 3390.0], [2020.0, 3385.0], [2025.0, 3380.0], [2035.0, 3380.0], [2045.0, 3380.0], [2055.0, 3380.0], [2065.0, 3380.0], [2070.0, 3375.0], [2075.0, 3370.0], [2085.0, 3370.0], [2095.0, 3370.0], [2105.0, 3370.0], [2115.0, 3370.0], [2120.0, 3375.0], [2125.0, 3380.0], [2135.0, 3380.0], [2145.0, 3380.0], [2150.0, 3385.0], [2155.0, 3390.0], [2165.0, 3390.0], [2170.0, 3395.0], [2175.0, 3400.0], [2185.0, 3400.0], [2195.0, 3400.0], [2205.0, 3400.0], [2215.0, 3400.0], [2225.0, 3400.0], [2235.0, 3400.0], [2240.0, 3405.0], [2245.0, 3410.0], [2255.0, 3410.0], [2265.0, 3410.0], [2270.0, 3415.0], [2275.0, 3420.0], [2285.0, 3420.0], [2290.0, 3425.0], [2295.0, 3430.0], [2300.0, 3425.0], [2305.0, 3420.0], [2310.0, 3415.0], [2310.0, 3405.0], [2310.0, 3395.0], [2315.0, 3390.0], [2320.0, 3385.0], [2320.0, 3375.0], [2325.0, 3370.0], [2330.0, 3365.0], [2335.0, 3360.0], [2340.0, 3355.0], [2345.0, 3350.0], [2350.0, 3345.0], [2355.0, 3340.0], [2360.0, 3335.0], [2365.0, 3330.0], [2370.0, 3325.0], [2375.0, 3320.0], [2380.0, 3315.0], [2385.0, 3310.0], [2390.0, 3305.0], [2395.0, 3300.0], [2405.0, 3300.0], [2410.0, 3295.0], [2415.0, 3290.0], [2425.0, 3290.0], [2435.0, 3290.0], [2440.0, 3285.0], [2445.0, 3280.0], [2455.0, 3280.0], [2465.0, 3280.0], [2475.0, 3280.0], [2485.0, 3280.0], [2495.0, 3280.0], [2505.0, 3280.0], [2510.0, 3285.0], [2515.0, 3290.0], [2525.0, 3290.0], [2535.0, 3290.0], [2540.0, 3295.0], [2545.0, 3300.0], [2555.0, 3300.0], [2560.0, 3305.0], [2565.0, 3310.0], [2570.0, 3315.0], [2575.0, 3320.0], [2580.0, 3325.0], [2585.0, 3330.0], [2590.0, 3335.0], [2595.0, 3340.0], [2600.0, 3345.0], [2605.0, 3350.0], [2610.0, 3355.0], [2615.0, 3360.0], [2620.0, 3365.0], [2625.0, 3370.0], [2630.0, 3375.0], [2635.0, 3380.0], [2640.0, 3385.0], [2640.0, 3395.0], [2640.0, 3405.0], [2640.0, 3415.0], [2640.0, 3425.0], [2640.0, 3435.0], [2640.0, 3445.0], [2640.0, 3455.0], [2635.0, 3460.0], [2630.0, 3465.0], [2625.0, 3470.0], [2620.0, 3475.0], [2620.0, 3485.0], [2620.0, 3495.0], [2620.0, 3505.0], [2620.0, 3515.0], [2620.0, 3525.0], [2620.0, 3535.0], [2620.0, 3545.0], [2615.0, 3550.0], [2610.0, 3555.0], [2605.0, 3560.0], [2600.0, 3565.0], [2595.0, 3570.0], [2590.0, 3575.0], [2585.0, 3580.0], [2580.0, 3585.0], [2575.0, 3590.0], [2565.0, 3590.0], [2560.0, 3595.0], [2555.0, 3600.0], [2545.0, 3600.0], [2535.0, 3600.0], [2530.0, 3605.0], [2525.0, 3610.0], [2515.0, 3610.0], [2510.0, 3615.0], [2505.0, 3620.0], [2495.0, 3620.0], [2485.0, 3620.0], [2480.0, 3625.0], [2475.0, 3630.0], [2465.0, 3630.0], [2455.0, 3630.0], [2445.0, 3630.0], [2435.0, 3630.0], [2430.0, 3625.0], [2425.0, 3620.0], [2415.0, 3620.0], [2410.0, 3625.0], [2410.0, 3635.0], [2410.0, 3645.0], [2405.0, 3650.0], [2400.0, 3655.0], [2400.0, 3665.0], [2395.0, 3670.0], [2390.0, 3675.0], [2385.0, 3680.0], [2380.0, 3685.0], [2375.0, 3690.0], [2370.0, 3695.0], [2365.0, 3700.0], [2360.0, 3705.0], [2355.0, 3710.0], [2350.0, 3715.0], [2345.0, 3720.0], [2340.0, 3725.0], [2335.0, 3730.0], [2330.0, 3735.0], [2325.0, 3740.0], [2320.0, 3745.0], [2315.0, 3750.0], [2310.0, 3755.0], [2305.0, 3760.0], [2300.0, 3765.0], [2295.0, 3770.0], [2285.0, 3770.0], [2280.0, 3775.0], [2275.0, 3780.0], [2270.0, 3785.0], [2265.0, 3790.0], [2260.0, 3795.0], [2255.0, 3800.0], [2245.0, 3800.0], [2240.0, 3805.0], [2235.0, 3810.0], [2225.0, 3810.0], [2215.0, 3810.0], [2210.0, 3815.0], [2205.0, 3820.0]], [[2190.0, 3685.0], [2195.0, 3680.0], [2200.0, 3675.0], [2205.0, 3670.0], [2210.0, 3665.0], [2215.0, 3660.0], [2225.0, 3660.0], [2230.0, 3655.0], [2235.0, 3650.0], [2240.0, 3645.0], [2245.0, 3640.0], [2250.0, 3635.0], [2255.0, 3630.0], [2260.0, 3625.0], [2265.0, 3620.0], [2270.0, 3615.0], [2275.0, 3610.0], [2280.0, 3605.0], [2285.0, 3600.0], [2290.0, 3595.0], [2290.0, 3585.0], [2285.0, 3580.0], [2280.0, 3575.0], [2275.0, 3570.0], [2270.0, 3565.0], [2265.0, 3560.0], [2255.0, 3560.0], [2250.0, 3555.0], [2245.0, 3550.0], [2240.0, 3545.0], [2235.0, 3540.0], [2225.0, 3540.0], [2220.0, 3535.0], [2215.0, 3530.0], [2205.0, 3530.0], [2195.0, 3530.0], [2190.0, 3535.0], [2185.0, 3540.0], [2175.0, 3540.0], [2165.0, 3540.0], [2160.0, 3545.0], [2155.0, 3550.0], [2150.0, 3555.0], [2145.0, 3560.0], [2140.0, 3555.0], [2135.0, 3550.0], [2130.0, 3545.0], [2125.0, 3540.0], [2120.0, 3535.0], [2120.0, 3525.0], [2115.0, 3520.0], [2110.0, 3515.0], [2105.0, 3510.0], [2100.0, 3505.0], [2095.0, 3500.0], [2090.0, 3505.0], [2085.0, 3510.0], [2075.0, 3510.0], [2065.0, 3510.0], [2055.0, 3510.0], [2045.0, 3510.0], [2040.0, 3515.0], [2035.0, 3520.0], [2030.0, 3525.0], [2025.0, 3530.0], [2020.0, 3535.0], [2025.0, 3540.0], [2030.0, 3545.0], [2030.0, 3555.0], [2035.0, 3560.0], [2040.0, 3565.0], [2040.0, 3575.0], [2045.0, 3580.0], [2050.0, 3585.0], [2045.0, 3590.0], [2040.0, 3595.0], [2045.0, 3600.0], [2050.0, 3605.0], [2055.0, 3610.0], [2060.0, 3615.0], [2065.0, 3620.0], [2070.0, 3625.0], [2075.0, 3630.0], [2080.0, 3625.0], [2085.0, 3620.0], [2090.0, 3615.0], [2095.0, 3610.0], [2100.0, 3615.0], [2105.0, 3620.0], [2110.0, 3625.0], [2115.0, 3630.0], [2120.0, 3635.0], [2125.0, 3640.0], [2130.0, 3645.0], [2135.0, 3650.0], [2140.0, 3655.0], [2145.0, 3660.0], [2150.0, 3665.0], [2155.0, 3670.0], [2160.0, 3675.0], [2165.0, 3680.0], [2170.0, 3685.0], [2175.0, 3690.0], [2185.0, 3690.0], [2190.0, 3685.0]], [[2460.0, 3495.0], [2465.0, 3490.0], [2475.0, 3490.0], [2480.0, 3485.0], [2485.0, 3480.0], [2490.0, 3475.0], [2495.0, 3470.0], [2500.0, 3475.0], [2505.0, 3480.0], [2510.0, 3475.0], [2515.0, 3470.0], [2520.0, 3465.0], [2525.0, 3460.0], [2530.0, 3455.0], [2525.0, 3450.0], [2520.0, 3445.0], [2515.0, 3440.0], [2510.0, 3435.0], [2505.0, 3430.0], [2500.0, 3425.0], [2495.0, 3420.0], [2490.0, 3415.0], [2485.0, 3410.0], [2475.0, 3410.0], [2465.0, 3410.0], [2460.0, 3415.0], [2455.0, 3420.0], [2450.0, 3425.0], [2445.0, 3430.0], [2440.0, 3435.0], [2435.0, 3440.0], [2430.0, 3445.0], [2430.0, 3455.0], [2430.0, 3465.0], [2430.0, 3475.0], [2435.0, 3480.0], [2440.0, 3485.0], [2445.0, 3490.0], [2450.0, 3495.0], [2455.0, 3500.0], [2460.0, 3495.0]]]}, "properties": {"objectType": "annotation", "name": "R1_3_L|peri", "classification": {"name": "peri", "color": [25, 158, 112]}, "lesion_id": 0, "section": "R1_3_L", "area_um2": 218150.0, "lesion_ids": [6, 8]}}, {"type": "Feature", "geometry": {"type": "Polygon", "coordinates": [[[2645.0, 3540.0], [2640.0, 3535.0], [2640.0, 3525.0], [2640.0, 3515.0], [2645.0, 3510.0], [2650.0, 3505.0], [2645.0, 3500.0], [2640.0, 3495.0], [2645.0, 3490.0], [2650.0, 3485.0], [2650.0, 3475.0], [2655.0, 3470.0], [2665.0, 3470.0], [2670.0, 3475.0], [2670.0, 3485.0], [2670.0, 3495.0], [2670.0, 3505.0], [2665.0, 3510.0], [2660.0, 3515.0], [2660.0, 3525.0], [2655.0, 3530.0], [2650.0, 3535.0], [2645.0, 3540.0]]]}, "properties": {"objectType": "annotation", "name": "R1_3_L|peri_6", "classification": {"name": "peri", "color": [25, 158, 112]}, "lesion_id": 6, "section": "R1_3_L", "area_um2": 1350.0, "lesion_ids": [6]}}, {"type": "Feature", "geometry": {"type": "Polygon", "coordinates": [[[6615.0, 3680.0], [6610.0, 3675.0], [6610.0, 3665.0], [6615.0, 3660.0], [6620.0, 3655.0], [6625.0, 3650.0], [6630.0, 3645.0], [6635.0, 3640.0], [6640.0, 3635.0], [6645.0, 3630.0], [6650.0, 3625.0], [6655.0, 3620.0], [6660.0, 3615.0], [6665.0, 3610.0], [6670.0, 3605.0], [6675.0, 3600.0], [6680.0, 3595.0], [6685.0, 3590.0], [6690.0, 3585.0], [6695.0, 3580.0], [6705.0, 3580.0], [6710.0, 3575.0], [6715.0, 3570.0], [6720.0, 3565.0], [6725.0, 3560.0], [6735.0, 3560.0], [6740.0, 3555.0], [6745.0, 3550.0], [6755.0, 3550.0], [6760.0, 3545.0], [6765.0, 3540.0], [6775.0, 3540.0], [6780.0, 3545.0], [6780.0, 3555.0], [6775.0, 3560.0], [6770.0, 3565.0], [6770.0, 3575.0], [6765.0, 3580.0], [6760.0, 3585.0], [6755.0, 3590.0], [6750.0, 3595.0], [6745.0, 3600.0], [6740.0, 3605.0], [6735.0, 3610.0], [6730.0, 3615.0], [6725.0, 3620.0], [6720.0, 3625.0], [6715.0, 3630.0], [6710.0, 3635.0], [6705.0, 3640.0], [6695.0, 3640.0], [6690.0, 3645.0], [6685.0, 3650.0], [6675.0, 3650.0], [6670.0, 3655.0], [6665.0, 3660.0], [6655.0, 3660.0], [6645.0, 3660.0], [6640.0, 3665.0], [6635.0, 3670.0], [6625.0, 3670.0], [6620.0, 3675.0], [6615.0, 3680.0]]]}, "properties": {"objectType": "annotation", "name": "P2_3_T|peri", "classification": {"name": "peri", "color": [25, 158, 112]}, "lesion_id": 0, "section": "P2_3_T", "area_um2": 7350.0, "lesion_ids": [5, 7, 9, 10]}}, {"type": "Feature", "geometry": {"type": "Polygon", "coordinates": [[[6195.0, 3740.0], [6185.0, 3740.0], [6175.0, 3740.0], [6165.0, 3740.0], [6160.0, 3735.0], [6155.0, 3730.0], [6145.0, 3730.0], [6135.0, 3730.0], [6130.0, 3725.0], [6135.0, 3720.0], [6145.0, 3720.0], [6155.0, 3720.0], [6165.0, 3720.0], [6175.0, 3720.0], [6185.0, 3720.0], [6195.0, 3720.0], [6200.0, 3725.0], [6200.0, 3735.0], [6195.0, 3740.0]]]}, "properties": {"objectType": "annotation", "name": "P2_3_T|peri_5", "classification": {"name": "peri", "color": [25, 158, 112]}, "lesion_id": 5, "section": "P2_3_T", "area_um2": 1050.0, "lesion_ids": [5]}}, {"type": "Feature", "geometry": {"type": "Polygon", "coordinates": [[[6275.0, 3730.0], [6265.0, 3730.0], [6255.0, 3730.0], [6245.0, 3730.0], [6235.0, 3730.0], [6225.0, 3730.0], [6215.0, 3730.0], [6210.0, 3725.0], [6215.0, 3720.0], [6225.0, 3720.0], [6235.0, 3720.0], [6245.0, 3720.0], [6255.0, 3720.0], [6265.0, 3720.0], [6275.0, 3720.0], [6280.0, 3725.0], [6275.0, 3730.0]]]}, "properties": {"objectType": "annotation", "name": "P2_3_T|peri_5", "classification": {"name": "peri", "color": [25, 158, 112]}, "lesion_id": 5, "section": "P2_3_T", "area_um2": 650.0, "lesion_ids": [5]}}, {"type": "Feature", "geometry": {"type": "Polygon", "coordinates": [[[6305.0, 3740.0], [6295.0, 3740.0], [6285.0, 3740.0], [6280.0, 3735.0], [6285.0, 3730.0], [6295.0, 3730.0], [6305.0, 3730.0], [6310.0, 3735.0], [6305.0, 3740.0]]]}, "properties": {"objectType": "annotation", "name": "P2_3_T|peri_5", "classification": {"name": "peri", "color": [25, 158, 112]}, "lesion_id": 5, "section": "P2_3_T", "area_um2": 250.0, "lesion_ids": [5]}}, {"type": "Feature", "geometry": {"type": "Polygon", "coordinates": [[[2885.0, 5270.0], [2875.0, 5270.0], [2870.0, 5265.0], [2875.0, 5260.0], [2880.0, 5255.0], [2875.0, 5250.0], [2870.0, 5245.0], [2870.0, 5235.0], [2875.0, 5230.0], [2880.0, 5225.0], [2880.0, 5215.0], [2875.0, 5210.0], [2870.0, 5205.0], [2870.0, 5195.0], [2870.0, 5185.0], [2870.0, 5175.0], [2870.0, 5165.0], [2875.0, 5160.0], [2880.0, 5155.0], [2880.0, 5145.0], [2885.0, 5140.0], [2890.0, 5135.0], [2885.0, 5130.0], [2880.0, 5125.0], [2885.0, 5120.0], [2890.0, 5115.0], [2885.0, 5110.0], [2880.0, 5105.0], [2885.0, 5100.0], [2890.0, 5095.0], [2885.0, 5090.0], [2880.0, 5085.0], [2880.0, 5075.0], [2880.0, 5065.0], [2875.0, 5060.0], [2870.0, 5055.0], [2870.0, 5045.0], [2870.0, 5035.0], [2870.0, 5025.0], [2865.0, 5020.0], [2860.0, 5015.0], [2860.0, 5005.0], [2855.0, 5000.0], [2850.0, 4995.0], [2850.0, 4985.0], [2845.0, 4980.0], [2840.0, 4975.0], [2840.0, 4965.0], [2840.0, 4955.0], [2835.0, 4950.0], [2830.0, 4945.0], [2830.0, 4935.0], [2830.0, 4925.0], [2825.0, 4920.0], [2820.0, 4915.0], [2820.0, 4905.0], [2825.0, 4900.0], [2830.0, 4895.0], [2825.0, 4890.0], [2820.0, 4885.0], [2820.0, 4875.0], [2815.0, 4870.0], [2810.0, 4865.0], [2805.0, 4860.0], [2800.0, 4855.0], [2795.0, 4850.0], [2790.0, 4845.0], [2790.0, 4835.0], [2785.0, 4830.0], [2780.0, 4825.0], [2780.0, 4815.0], [2775.0, 4810.0], [2770.0, 4805.0], [2770.0, 4795.0], [2765.0, 4790.0], [2760.0, 4785.0], [2760.0, 4775.0], [2760.0, 4765.0], [2755.0, 4760.0], [2745.0, 4760.0], [2735.0, 4760.0], [2730.0, 4755.0], [2725.0, 4750.0], [2715.0, 4750.0], [2710.0, 4745.0], [2705.0, 4740.0], [2700.0, 4735.0], [2695.0, 4730.0], [2690.0, 4725.0], [2685.0, 4720.0], [2680.0, 4715.0], [2680.0, 4705.0], [2675.0, 4700.0], [2670.0, 4695.0], [2670.0, 4685.0], [2665.0, 4680.0], [2655.0, 4680.0], [2645.0, 4680.0], [2640.0, 4675.0], [2635.0, 4670.0], [2625.0, 4670.0], [2615.0, 4670.0], [2610.0, 4665.0], [2605.0, 4660.0], [2600.0, 4655.0], [2595.0, 4650.0], [2590.0, 4645.0], [2585.0, 4640.0], [2580.0, 4635.0], [2575.0, 4630.0], [2565.0, 4630.0], [2560.0, 4625.0], [2555.0, 4620.0], [2550.0, 4615.0], [2545.0, 4610.0], [2540.0, 4605.0], [2535.0, 4600.0], [2530.0, 4595.0], [2525.0, 4590.0], [2520.0, 4585.0], [2520.0, 4575.0], [2515.0, 4570.0], [2510.0, 4565.0], [2505.0, 4560.0], [2500.0, 4555.0], [2495.0, 4550.0], [2490.0, 4545.0], [2485.0, 4540.0], [2480.0, 4535.0], [2480.0, 4525.0], [2475.0, 4520.0], [2465.0, 4520.0], [2460.0, 4515.0], [2455.0, 4510.0], [2450.0, 4505.0], [2445.0, 4500.0], [2440.0, 4495.0], [2435.0, 4490.0], [2430.0, 4485.0], [2430.0, 4475.0], [2425.0, 4470.0], [2420.0, 4465.0], [2415.0, 4460.0], [2410.0, 4455.0], [2410.0, 4445.0], [2410.0, 4435.0], [2405.0, 4430.0], [2400.0, 4425.0], [2400.0, 4415.0], [2395.0, 4410.0], [2390.0, 4405.0], [2390.0, 4395.0], [2390.0, 4385.0], [2385.0, 4380.0], [2375.0, 4380.0], [2370.0, 4375.0], [2365.0, 4370.0], [2360.0, 4365.0], [2355.0, 4360.0], [2350.0, 4355.0], [2345.0, 4350.0], [2340.0, 4345.0], [2340.0, 4335.0], [2335.0, 4330.0], [2330.0, 4325.0], [2330.0, 4315.0], [2330.0, 4305.0], [2325.0, 4300.0], [2320.0, 4295.0], [2320.0, 4285.0], [2320.0, 4275.0], [2320.0, 4265.0], [2325.0, 4260.0], [2330.0, 4255.0], [2325.0, 4250.0], [2320.0, 4245.0], [2320.0, 4235.0], [2320.0, 4225.0], [2315.0, 4220.0], [2310.0, 4215.0], [2310.0, 4205.0], [2305.0, 4200.0], [2295.0, 4200.0], [2290.0, 4195.0], [2285.0, 4190.0], [2280.0, 4185.0], [2275.0, 4180.0], [2270.0, 4175.0], [2265.0, 4170.0], [2260.0, 4165.0], [2255.0, 4160.0], [2250.0, 4155.0], [2250.0, 4145.0], [2245.0, 4140.0], [2240.0, 4135.0], [2235.0, 4130.0], [2225.0, 4130.0], [2220.0, 4125.0], [2215.0, 4120.0], [2210.0, 4115.0], [2205.0, 4110.0], [2200.0, 4105.0], [2200.0, 4095.0], [2200.0, 4085.0], [2195.0, 4080.0], [2190.0, 4075.0], [2185.0, 4070.0], [2180.0, 4075.0], [2175.0, 4080.0], [2165.0, 4080.0], [2155.0, 4080.0], [2145.0, 4080.0], [2140.0, 4075.0], [2135.0, 4070.0], [2125.0, 4070.0], [2115.0, 4070.0], [2105.0, 4070.0], [2095.0, 4070.0], [2085.0, 4070.0], [2075.0, 4070.0], [2065.0, 4070.0], [2060.0, 4065.0], [2055.0, 4060.0], [2045.0, 4060.0], [2035.0, 4060.0], [2030.0, 4065.0], [2025.0, 4070.0], [2020.0, 4065.0], [2015.0, 4060.0], [2010.0, 4055.0], [2005.0, 4050.0], [1995.0, 4050.0], [1990.0, 4055.0], [1990.0, 4065.0], [1985.0, 4070.0], [1975.0, 4070.0], [1970.0, 4075.0], [1965.0, 4080.0], [1960.0, 4075.0], [1955.0, 4070.0], [1950.0, 4075.0], [1945.0, 4080.0], [1935.0, 4080.0], [1925.0, 4080.0], [1915.0, 4080.0], [1910.0, 4075.0], [1915.0, 4070.0], [1925.0, 4070.0], [1930.0, 4065.0], [1935.0, 4060.0], [1945.0, 4060.0], [1950.0, 4055.0], [1955.0, 4050.0], [1965.0, 4050.0], [1970.0, 4045.0], [1975.0, 4040.0], [1985.0, 4040.0], [1990.0, 4035.0], [1995.0, 4030.0], [2005.0, 4030.0], [2015.0, 4030.0], [2020.0, 4025.0], [2025.0, 4020.0], [2030.0, 4015.0], [2035.0, 4010.0], [2040.0, 4005.0], [2045.0, 4000.0], [2055.0, 4000.0], [2060.0, 3995.0], [2065.0, 3990.0], [2075.0, 3990.0], [2085.0, 3990.0], [2090.0, 3985.0], [2095.0, 3980.0], [2105.0, 3980.0], [2110.0, 3975.0], [2115.0, 3970.0], [2120.0, 3965.0], [2120.0, 3955.0], [2125.0, 3950.0], [2135.0, 3950.0], [2140.0, 3955.0], [2145.0, 3960.0], [2155.0, 3960.0], [2165.0, 3960.0], [2175.0, 3960.0], [2185.0, 3960.0], [2190.0, 3965.0], [2190.0, 3975.0], [2195.0, 3980.0], [2200.0, 3985.0], [2205.0, 3990.0], [2210.0, 3995.0], [2215.0, 4000.0], [2220.0, 4005.0], [2225.0, 4010.0], [2230.0, 4015.0], [2235.0, 4020.0], [2240.0, 4025.0], [2245.0, 4030.0], [2250.0, 4035.0], [2255.0, 4040.0], [2260.0, 4045.0], [2265.0, 4050.0], [2270.0, 4055.0], [2275.0, 4060.0], [2280.0, 4065.0], [2285.0, 4070.0], [2290.0, 4075.0], [2295.0, 4080.0], [2300.0, 4085.0], [2305.0, 4090.0], [2310.0, 4095.0], [2315.0, 4100.0], [2320.0, 4105.0], [2325.0, 4110.0], [2330.0, 4115.0], [2335.0, 4120.0], [2340.0, 4125.0], [2345.0, 4130.0], [2350.0, 4135.0], [2355.0, 4140.0], [2360.0, 4145.0], [2365.0, 4150.0], [2370.0, 4155.0], [2375.0, 4160.0], [2380.0, 4165.0], [2385.0, 4170.0], [2390.0, 4175.0], [2390.0, 4185.0], [2395.0, 4190.0], [2400.0, 4195.0], [2405.0, 4200.0], [2410.0, 4205.0], [2410.0, 4215.0], [2410.0, 4225.0], [2410.0, 4235.0], [2415.0, 4240.0], [2420.0, 4245.0], [2420.0, 4255.0], [2420.0, 4265.0], [2420.0, 4275.0], [2420.0, 4285.0], [2425.0, 4290.0], [2430.0, 4295.0], [2430.0, 4305.0], [2430.0, 4315.0], [2435.0, 4320.0], [2440.0, 4325.0], [2445.0, 4330.0], [2450.0, 4335.0], [2450.0, 4345.0], [2455.0, 4350.0], [2460.0, 4355.0], [2460.0, 4365.0], [2465.0, 4370.0], [2470.0, 4375.0], [2475.0, 4380.0], [2480.0, 4385.0], [2480.0, 4395.0], [2485.0, 4400.0], [2490.0, 4405.0], [2490.0, 4415.0], [2495.0, 4420.0], [2500.0, 4425.0], [2505.0, 4430.0], [2510.0, 4435.0], [2515.0, 4440.0], [2520.0, 4445.0], [2520.0, 4455.0], [2525.0, 4460.0], [2530.0, 4465.0], [2535.0, 4470.0], [2540.0, 4475.0], [2545.0, 4480.0], [2550.0, 4485.0], [2555.0, 4490.0], [2560.0, 4495.0], [2565.0, 4500.0], [2570.0, 4505.0], [2575.0, 4510.0], [2580.0, 4515.0], [2580.0, 4525.0], [2585.0, 4530.0], [2590.0, 4535.0], [2595.0, 4540.0], [2605.0, 4540.0], [2610.0, 4545.0], [2615.0, 4550.0], [2620.0, 4555.0], [2625.0, 4560.0], [2630.0, 4565.0], [2635.0, 4570.0], [2645.0, 4570.0], [2650.0, 4575.0], [2655.0, 4580.0], [2660.0, 4585.0], [2665.0, 4590.0], [2675.0, 4590.0], [2680.0, 4595.0], [2685.0, 4600.0], [2690.0, 4605.0], [2695.0, 4610.0], [2705.0, 4610.0], [2710.0, 4615.0], [2715.0, 4620.0], [2720.0, 4625.0], [2725.0, 4630.0], [2730.0, 4635.0], [2735.0, 4640.0], [2740.0, 4645.0], [2745.0, 4650.0], [2750.0, 4655.0], [2750.0, 4665.0], [2755.0, 4670.0], [2765.0, 4670.0], [2770.0, 4675.0], [2775.0, 4680.0], [2780.0, 4685.0], [2785.0, 4690.0], [2790.0, 4695.0], [2795.0, 4700.0], [2800.0, 4705.0], [2805.0, 4710.0], [2810.0, 4715.0], [2815.0, 4720.0], [2820.0, 4725.0], [2825.0, 4730.0], [2830.0, 4735.0], [2835.0, 4740.0], [2840.0, 4745.0], [2840.0, 4755.0], [2845.0, 4760.0], [2850.0, 4765.0], [2850.0, 4775.0], [2855.0, 4780.0], [2860.0, 4785.0], [2860.0, 4795.0], [2865.0, 4800.0], [2870.0, 4805.0], [2870.0, 4815.0], [2875.0, 4820.0], [2880.0, 4825.0], [2885.0, 4830.0], [2890.0, 4835.0], [2890.0, 4845.0], [2895.0, 4850.0], [2900.0, 4855.0], [2900.0, 4865.0], [2905.0, 4870.0], [2910.0, 4875.0], [2910.0, 4885.0], [2910.0, 4895.0], [2915.0, 4900.0], [2920.0, 4905.0], [2920.0, 4915.0], [2920.0, 4925.0], [2925.0, 4930.0], [2930.0, 4935.0], [2930.0, 4945.0], [2930.0, 4955.0], [2935.0, 4960.0], [2940.0, 4965.0], [2940.0, 4975.0], [2940.0, 4985.0], [2945.0, 4990.0], [2950.0, 4995.0], [2950.0, 5005.0], [2950.0, 5015.0], [2955.0, 5020.0], [2960.0, 5025.0], [2960.0, 5035.0], [2960.0, 5045.0], [2960.0, 5055.0], [2960.0, 5065.0], [2965.0, 5070.0], [2970.0, 5075.0], [2970.0, 5085.0], [2970.0, 5095.0], [2970.0, 5105.0], [2970.0, 5115.0], [2970.0, 5125.0], [2970.0, 5135.0], [2970.0, 5145.0], [2965.0, 5150.0], [2960.0, 5155.0], [2960.0, 5165.0], [2960.0, 5175.0], [2955.0, 5180.0], [2950.0, 5185.0], [2950.0, 5195.0], [2950.0, 5205.0], [2945.0, 5210.0], [2940.0, 5215.0], [2935.0, 5220.0], [2930.0, 5225.0], [2925.0, 5230.0], [2920.0, 5235.0], [2915.0, 5240.0], [2910.0, 5245.0], [2905.0, 5250.0], [2900.0, 5255.0], [2895.0, 5260.0], [2890.0, 5265.0], [2885.0, 5270.0]]]}, "properties": {"objectType": "annotation", "name": "P2_3_C|peri", "classification": {"name": "peri", "color": [25, 158, 112]}, "lesion_id": 0, "section": "P2_3_C", "area_um2": 145250.0, "lesion_ids": [11, 13]}}, {"type": "Feature", "geometry": {"type": "Polygon", "coordinates": [[[1735.0, 4070.0], [1725.0, 4070.0], [1715.0, 4070.0], [1710.0, 4065.0], [1705.0, 4060.0], [1695.0, 4060.0], [1685.0, 4060.0], [1680.0, 4055.0], [1675.0, 4050.0], [1665.0, 4050.0], [1655.0, 4050.0], [1645.0, 4050.0], [1635.0, 4050.0], [1625.0, 4050.0], [1620.0, 4045.0], [1615.0, 4040.0], [1610.0, 4035.0], [1605.0, 4030.0], [1595.0, 4030.0], [1590.0, 4025.0], [1585.0, 4020.0], [1575.0, 4020.0], [1565.0, 4020.0], [1555.0, 4020.0], [1545.0, 4020.0], [1535.0, 4020.0], [1530.0, 4015.0], [1525.0, 4010.0], [1520.0, 4005.0], [1520.0, 3995.0], [1525.0, 3990.0], [1535.0, 3990.0], [1545.0, 3990.0], [1555.0, 3990.0], [1565.0, 3990.0], [1575.0, 3990.0], [1580.0, 3985.0], [1585.0, 3980.0], [1595.0, 3980.0], [1605.0, 3980.0], [1615.0, 3980.0], [1625.0, 3980.0], [1635.0, 3980.0], [1645.0, 3980.0], [1650.0, 3985.0], [1655.0, 3990.0], [1665.0, 3990.0], [1675.0, 3990.0], [1680.0, 3995.0], [1685.0, 4000.0], [1695.0, 4000.0], [1700.0, 4005.0], [1705.0, 4010.0], [1710.0, 4015.0], [1715.0, 4020.0], [1720.0, 4025.0], [1725.0, 4030.0], [1730.0, 4035.0], [1735.0, 4040.0], [1740.0, 4045.0], [1745.0, 4050.0], [1750.0, 4055.0], [1745.0, 4060.0], [1740.0, 4065.0], [1735.0, 4070.0]]]}, "properties": {"objectType": "annotation", "name": "R1_3_L|peri_12", "classification": {"name": "peri", "color": [25, 158, 112]}, "lesion_id": 12, "section": "R1_3_L", "area_um2": 10550.0, "lesion_ids": [12]}}, {"type": "Feature", "geometry": {"type": "Polygon", "coordinates": [[[1375.0, 4230.0], [1370.0, 4225.0], [1370.0, 4215.0], [1365.0, 4210.0], [1360.0, 4205.0], [1360.0, 4195.0], [1360.0, 4185.0], [1360.0, 4175.0], [1360.0, 4165.0], [1355.0, 4160.0], [1350.0, 4155.0], [1355.0, 4150.0], [1360.0, 4145.0], [1360.0, 4135.0], [1365.0, 4130.0], [1370.0, 4125.0], [1375.0, 4120.0], [1385.0, 4120.0], [1390.0, 4115.0], [1395.0, 4110.0], [1400.0, 4105.0], [1400.0, 4095.0], [1405.0, 4090.0], [1410.0, 4085.0], [1410.0, 4075.0], [1410.0, 4065.0], [1405.0, 4060.0], [1395.0, 4060.0], [1390.0, 4055.0], [1395.0, 4050.0], [1400.0, 4045.0], [1405.0, 4040.0], [1410.0, 4035.0], [1415.0, 4030.0], [1420.0, 4025.0], [1425.0, 4020.0], [1430.0, 4015.0], [1435.0, 4010.0], [1445.0, 4010.0], [1450.0, 4005.0], [1455.0, 4000.0], [1460.0, 4005.0], [1465.0, 4010.0], [1475.0, 4010.0], [1485.0, 4010.0], [1490.0, 4015.0], [1495.0, 4020.0], [1500.0, 4025.0], [1505.0, 4030.0], [1510.0, 4035.0], [1515.0, 4040.0], [1520.0, 4045.0], [1525.0, 4050.0], [1535.0, 4050.0], [1545.0, 4050.0], [1555.0, 4050.0], [1565.0, 4050.0], [1575.0, 4050.0], [1585.0, 4050.0], [1595.0, 4050.0], [1600.0, 4055.0], [1605.0, 4060.0], [1610.0, 4065.0], [1615.0, 4070.0], [1625.0, 4070.0], [1635.0, 4070.0], [1645.0, 4070.0], [1655.0, 4070.0], [1665.0, 4070.0], [1670.0, 4075.0], [1675.0, 4080.0], [1685.0, 4080.0], [1695.0, 4080.0], [1700.0, 4085.0], [1705.0, 4090.0], [1715.0, 4090.0], [1725.0, 4090.0], [1735.0, 4090.0], [1745.0, 4090.0], [1750.0, 4085.0], [1755.0, 4080.0], [1765.0, 4080.0], [1775.0, 4080.0], [1780.0, 4085.0], [1780.0, 4095.0], [1775.0, 4100.0], [1765.0, 4100.0], [1760.0, 4105.0], [1755.0, 4110.0], [1745.0, 4110.0], [1735.0, 4110.0], [1725.0, 4110.0], [1715.0, 4110.0], [1705.0, 4110.0], [1695.0, 4110.0], [1685.0, 4110.0], [1675.0, 4110.0], [1670.0, 4105.0], [1665.0, 4100.0], [1655.0, 4100.0], [1650.0, 4095.0], [1645.0, 4090.0], [1635.0, 4090.0], [1625.0, 4090.0], [1620.0, 4085.0], [1615.0, 4080.0], [1605.0, 4080.0], [1600.0, 4085.0], [1595.0, 4090.0], [1585.0, 4090.0], [1580.0, 4095.0], [1575.0, 4100.0], [1565.0, 4100.0], [1555.0, 4100.0], [1545.0, 4100.0], [1535.0, 4100.0], [1525.0, 4100.0], [1515.0, 4100.0], [1505.0, 4100.0], [1495.0, 4100.0], [1485.0, 4100.0], [1480.0, 4105.0], [1485.0, 4110.0], [1490.0, 4115.0], [1485.0, 4120.0], [1480.0, 4125.0], [1480.0, 4135.0], [1480.0, 4145.0], [1480.0, 4155.0], [1475.0, 4160.0], [1470.0, 4165.0], [1465.0, 4170.0], [1460.0, 4175.0], [1455.0, 4180.0], [1445.0, 4180.0], [1440.0, 4185.0], [1435.0, 4190.0], [1425.0, 4190.0], [1415.0, 4190.0], [1410.0, 4195.0], [1405.0, 4200.0], [1400.0, 4195.0], [1395.0, 4190.0], [1390.0, 4195.0], [1390.0, 4205.0], [1385.0, 4210.0], [1380.0, 4215.0], [1380.0, 4225.0], [1375.0, 4230.0]]]}, "properties": {"objectType": "annotation", "name": "P2_3_C|peri_12", "classification": {"name": "peri", "color": [25, 158, 112]}, "lesion_id": 12, "section": "P2_3_C", "area_um2": 27750.0, "lesion_ids": [12]}}, {"type": "Feature", "geometry": {"type": "Polygon", "coordinates": [[[2795.0, 5310.0], [2785.0, 5310.0], [2775.0, 5310.0], [2765.0, 5310.0], [2755.0, 5310.0], [2745.0, 5310.0], [2735.0, 5310.0], [2725.0, 5310.0], [2715.0, 5310.0], [2705.0, 5310.0], [2695.0, 5310.0], [2685.0, 5310.0], [2680.0, 5305.0], [2675.0, 5300.0], [2665.0, 5300.0], [2655.0, 5300.0], [2645.0, 5300.0], [2640.0, 5295.0], [2635.0, 5290.0], [2625.0, 5290.0], [2620.0, 5285.0], [2615.0, 5280.0], [2605.0, 5280.0], [2600.0, 5275.0], [2595.0, 5270.0], [2590.0, 5265.0], [2585.0, 5260.0], [2580.0, 5255.0], [2575.0, 5250.0], [2570.0, 5245.0], [2565.0, 5240.0], [2555.0, 5240.0], [2545.0, 5240.0], [2535.0, 5240.0], [2525.0, 5240.0], [2520.0, 5235.0], [2515.0, 5230.0], [2505.0, 5230.0], [2495.0, 5230.0], [2490.0, 5225.0], [2485.0, 5220.0], [2475.0, 5220.0], [2470.0, 5215.0], [2465.0, 5210.0], [2455.0, 5210.0], [2450.0, 5205.0], [2445.0, 5200.0], [2435.0, 5200.0], [2430.0, 5195.0], [2425.0, 5190.0], [2415.0, 5190.0], [2410.0, 5185.0], [2405.0, 5180.0], [2400.0, 5175.0], [2395.0, 5170.0], [2390.0, 5165.0], [2385.0, 5160.0], [2380.0, 5155.0], [2375.0, 5150.0], [2370.0, 5145.0], [2365.0, 5140.0], [2360.0, 5135.0], [2355.0, 5130.0], [2350.0, 5125.0], [2345.0, 5120.0], [2340.0, 5115.0], [2340.0, 5105.0], [2335.0, 5100.0], [2325.0, 5100.0], [2320.0, 5105.0], [2315.0, 5110.0], [2305.0, 5110.0], [2295.0, 5110.0], [2285.0, 5110.0], [2275.0, 5110.0], [2265.0, 5110.0], [2255.0, 5110.0], [2245.0, 5110.0], [2235.0, 5110.0], [2225.0, 5110.0], [2215.0, 5110.0], [2205.0, 5110.0], [2200.0, 5105.0], [2195.0, 5100.0], [2185.0, 5100.0], [2180.0, 5095.0], [2175.0, 5090.0], [2165.0, 5090.0], [2160.0, 5085.0], [2155.0, 5080.0], [2150.0, 5075.0], [2145.0, 5070.0], [2140.0, 5065.0], [2135.0, 5060.0], [2130.0, 5055.0], [2125.0, 5050.0], [2120.0, 5045.0], [2115.0, 5040.0], [2110.0, 5035.0], [2105.0, 5030.0], [2100.0, 5025.0], [2100.0, 5015.0], [2095.0, 5010.0], [2090.0, 5005.0], [2090.0, 4995.0], [2085.0, 4990.0], [2080.0, 4985.0], [2080.0, 4975.0], [2080.0, 4965.0], [2080.0, 4955.0], [2080.0, 4945.0], [2080.0, 4935.0], [2080.0, 4925.0], [2080.0, 4915.0], [2080.0, 4905.0], [2080.0, 4895.0], [2080.0, 4885.0], [2080.0, 4875.0], [2085.0, 4870.0], [2090.0, 4865.0], [2090.0, 4855.0], [2095.0, 4850.0], [2100.0, 4845.0], [2100.0, 4835.0], [2105.0, 4830.0], [2110.0, 4825.0], [2105.0, 4820.0], [2095.0, 4820.0], [2090.0, 4815.0], [2085.0, 4810.0], [2075.0, 4810.0], [2070.0, 4805.0], [2065.0, 4800.0], [2055.0, 4800.0], [2050.0, 4795.0], [2045.0, 4790.0], [2040.0, 4785.0], [2035.0, 4780.0], [2030.0, 4775.0], [2025.0, 4770.0], [2020.0, 4765.0], [2015.0, 4760.0], [2010.0, 4755.0], [2005.0, 4750.0], [2000.0, 4745.0], [1995.0, 4740.0], [1990.0, 4735.0], [1990.0, 4725.0], [1985.0, 4720.0], [1980.0, 4715.0], [1980.0, 4705.0], [1975.0, 4700.0], [1970.0, 4695.0], [1970.0, 4685.0], [1970.0, 4675.0], [1970.0, 4665.0], [1970.0, 4655.0], [1970.0, 4645.0], [1970.0, 4635.0], [1970.0, 4625.0], [1970.0, 4615.0], [1970.0, 4605.0], [1970.0, 4595.0], [1970.0, 4585.0], [1970.0, 4575.0], [1970.0, 4565.0], [1970.0, 4555.0], [1970.0, 4545.0], [1970.0, 4535.0], [1965.0, 4530.0], [1960.0, 4525.0], [1960.0, 4515.0], [1960.0, 4505.0], [1960.0, 4495.0], [1955.0, 4490.0], [1950.0, 4485.0], [1950.0, 4475.0], [1945.0, 4470.0], [1940.0, 4465.0], [1940.0, 4455.0], [1935.0, 4450.0], [1930.0, 4445.0], [1930.0, 4435.0], [1925.0, 4430.0], [1920.0, 4425.0], [1920.0, 4415.0], [1915.0, 4410.0], [1910.0, 4405.0], [1910.0, 4395.0], [1910.0, 4385.0], [1910.0, 4375.0], [1905.0, 4370.0], [1900.0, 4365.0], [1900.0, 4355.0], [1900.0, 4345.0], [1900.0, 4335.0], [1895.0, 4330.0], [1890.0, 4325.0], [1885.0, 4320.0], [1880.0, 4315.0], [1875.0, 4310.0], [1870.0, 4305.0], [1870.0, 4295.0], [1865.0, 4290.0], [1860.0, 4285.0], [1860.0, 4275.0], [1855.0, 4270.0], [1850.0, 4265.0], [1850.0, 4255.0], [1850.0, 4245.0], [1850.0, 4235.0], [1850.0, 4225.0], [1850.0, 4215.0], [1850.0, 4205.0], [1850.0, 4195.0], [1850.0, 4185.0], [1850.0, 4175.0], [1850.0, 4165.0], [1850.0, 4155.0], [1855.0, 4150.0], [1860.0, 4145.0], [1860.0, 4135.0], [1865.0, 4130.0], [1870.0, 4125.0], [1870.0, 4115.0], [1875.0, 4110.0], [1880.0, 4105.0], [1885.0, 4100.0], [1895.0, 4100.0], [1900.0, 4105.0], [1905.0, 4110.0], [1915.0, 4110.0], [1925.0, 4110.0], [1935.0, 4110.0], [1945.0, 4110.0], [1950.0, 4105.0], [1955.0, 4100.0], [1965.0, 4100.0], [1975.0, 4100.0], [1985.0, 4100.0], [1990.0, 4095.0], [1995.0, 4090.0], [2005.0, 4090.0], [2015.0, 4090.0], [2025.0, 4090.0], [2035.0, 4090.0], [2045.0, 4090.0], [2055.0, 4090.0], [2065.0, 4090.0], [2075.0, 4090.0], [2085.0, 4090.0], [2095.0, 4090.0], [2105.0, 4090.0], [2110.0, 4095.0], [2115.0, 4100.0], [2120.0, 4105.0], [2115.0, 4110.0], [2110.0, 4115.0], [2105.0, 4120.0], [2100.0, 4125.0], [2105.0, 4130.0], [2110.0, 4135.0], [2115.0, 4140.0], [2120.0, 4145.0], [2120.0, 4155.0], [2115.0, 4160.0], [2110.0, 4165.0], [2105.0, 4170.0], [2100.0, 4175.0], [2095.0, 4180.0], [2090.0, 4185.0], [2085.0, 4190.0], [2080.0, 4195.0], [2075.0, 4200.0], [2070.0, 4205.0], [2065.0, 4210.0], [2055.0, 4210.0], [2050.0, 4205.0], [2045.0, 4200.0], [2040.0, 4195.0], [2035.0, 4190.0], [2030.0, 4185.0], [2025.0, 4180.0], [2020.0, 4185.0], [2015.0, 4190.0], [2010.0, 4195.0], [2005.0, 4200.0], [2000.0, 4205.0], [2000.0, 4215.0], [2005.0, 4220.0], [2010.0, 4225.0], [2015.0, 4230.0], [2020.0, 4235.0], [2025.0, 4240.0], [2030.0, 4245.0], [2035.0, 4250.0], [2040.0, 4245.0], [2045.0, 4240.0], [2050.0, 4235.0], [2055.0, 4230.0], [2060.0, 4225.0], [2065.0, 4220.0], [2070.0, 4225.0], [2075.0, 4230.0], [2080.0, 4235.0], [2085.0, 4240.0], [2090.0, 4245.0], [2095.0, 4250.0], [2100.0, 4255.0], [2105.0, 4260.0], [2110.0, 4265.0], [2105.0, 4270.0], [2100.0, 4275.0], [2095.0, 4280.0], [2090.0, 4285.0], [2085.0, 4290.0], [2080.0, 4285.0], [2075.0, 4280.0], [2070.0, 4285.0], [2065.0, 4290.0], [2060.0, 4295.0], [2055.0, 4300.0], [2050.0, 4305.0], [2050.0, 4315.0], [2055.0, 4320.0], [2060.0, 4325.0], [2060.0, 4335.0], [2060.0, 4345.0], [2060.0, 4355.0], [2065.0, 4360.0], [2070.0, 4365.0], [2070.0, 4375.0], [2075.0, 4380.0], [2080.0, 4385.0], [2085.0, 4390.0], [2090.0, 4395.0], [2095.0, 4400.0], [2100.0, 4405.0], [2095.0, 4410.0], [2090.0, 4415.0], [2095.0, 4420.0], [2100.0, 4425.0], [2100.0, 4435.0], [2105.0, 4440.0], [2110.0, 4445.0], [2110.0, 4455.0], [2115.0, 4460.0], [2120.0, 4465.0], [2115.0, 4470.0], [2110.0, 4475.0], [2115.0, 4480.0], [2120.0, 4485.0], [2120.0, 4495.0], [2125.0, 4500.0], [2130.0, 4505.0], [2130.0, 4515.0], [2125.0, 4520.0], [2120.0, 4525.0], [2125.0, 4530.0], [2130.0, 4535.0], [2125.0, 4540.0], [2120.0, 4545.0], [2125.0, 4550.0], [2130.0, 4555.0], [2130.0, 4565.0], [2130.0, 4575.0], [2130.0, 4585.0], [2130.0, 4595.0], [2130.0, 4605.0], [2125.0, 4610.0], [2120.0, 4615.0], [2120.0, 4625.0], [2120.0, 4635.0], [2120.0, 4645.0], [2125.0, 4650.0], [2130.0, 4655.0], [2135.0, 4660.0], [2140.0, 4665.0], [2145.0, 4670.0], [2155.0, 4670.0], [2160.0, 4665.0], [2165.0, 4660.0], [2170.0, 4655.0], [2175.0, 4650.0], [2180.0, 4645.0], [2180.0, 4635.0], [2180.0, 4625.0], [2185.0, 4620.0], [2190.0, 4615.0], [2195.0, 4610.0], [2200.0, 4605.0], [2205.0, 4600.0], [2210.0, 4595.0], [2215.0, 4590.0], [2220.0, 4595.0], [2225.0, 4600.0], [2230.0, 4605.0], [2235.0, 4610.0], [2240.0, 4615.0], [2240.0, 4625.0], [2245.0, 4630.0], [2250.0, 4635.0], [2250.0, 4645.0], [2255.0, 4650.0], [2260.0, 4655.0], [2265.0, 4660.0], [2270.0, 4665.0], [2270.0, 4675.0], [2270.0, 4685.0], [2270.0, 4695.0], [2265.0, 4700.0], [2260.0, 4705.0], [2255.0, 4710.0], [2250.0, 4715.0], [2245.0, 4720.0], [2240.0, 4725.0], [2245.0, 4730.0], [2250.0, 4735.0], [2255.0, 4740.0], [2260.0, 4745.0], [2265.0, 4750.0], [2270.0, 4755.0], [2270.0, 4765.0], [2270.0, 4775.0], [2270.0, 4785.0], [2270.0, 4795.0], [2275.0, 4800.0], [2280.0, 4805.0], [2275.0, 4810.0], [2270.0, 4815.0], [2270.0, 4825.0], [2270.0, 4835.0], [2270.0, 4845.0], [2270.0, 4855.0], [2270.0, 4865.0], [2270.0, 4875.0], [2265.0, 4880.0], [2260.0, 4885.0], [2255.0, 4890.0], [2250.0, 4895.0], [2245.0, 4900.0], [2240.0, 4905.0], [2240.0, 4915.0], [2235.0, 4920.0], [2230.0, 4925.0], [2230.0, 4935.0], [2235.0, 4940.0], [2240.0, 4945.0], [2245.0, 4950.0], [2250.0, 4955.0], [2255.0, 4960.0], [2265.0, 4960.0], [2270.0, 4955.0], [2275.0, 4950.0], [2285.0, 4950.0], [2290.0, 4945.0], [2295.0, 4940.0], [2305.0, 4940.0], [2315.0, 4940.0], [2325.0, 4940.0], [2335.0, 4940.0], [2340.0, 4935.0], [2345.0, 4930.0], [2350.0, 4925.0], [2355.0, 4920.0], [2360.0, 4915.0], [2365.0, 4910.0], [2370.0, 4905.0], [2375.0, 4900.0], [2380.0, 4905.0], [2385.0, 4910.0], [2390.0, 4915.0], [2395.0, 4920.0], [2405.0, 4920.0], [2415.0, 4920.0], [2420.0, 4925.0], [2425.0, 4930.0], [2430.0, 4935.0], [2435.0, 4940.0], [2440.0, 4945.0], [2445.0, 4950.0], [2450.0, 4955.0], [2450.0, 4965.0], [2455.0, 4970.0], [2460.0, 4975.0], [2460.0, 4985.0], [2460.0, 4995.0], [2465.0, 5000.0], [2470.0, 5005.0], [2470.0, 5015.0], [2470.0, 5025.0], [2475.0, 5030.0], [2480.0, 5035.0], [2485.0, 5040.0], [2490.0, 5045.0], [2495.0, 5050.0], [2500.0, 5055.0], [2505.0, 5060.0], [2515.0, 5060.0], [2525.0, 5060.0], [2530.0, 5065.0], [2535.0, 5070.0], [2540.0, 5075.0], [2545.0, 5080.0], [2555.0, 5080.0], [2565.0, 5080.0], [2570.0, 5085.0], [2575.0, 5090.0], [2585.0, 5090.0], [2595.0, 5090.0], [2605.0, 5090.0], [2615.0, 5090.0], [2625.0, 5090.0], [2635.0, 5090.0], [2640.0, 5095.0], [2645.0, 5100.0], [2650.0, 5105.0], [2655.0, 5110.0], [2660.0, 5115.0], [2665.0, 5120.0], [2670.0, 5125.0], [2675.0, 5130.0], [2680.0, 5135.0], [2685.0, 5140.0], [2690.0, 5145.0], [2695.0, 5150.0], [2705.0, 5150.0], [2715.0, 5150.0], [2725.0, 5150.0], [2730.0, 5155.0], [2735.0, 5160.0], [2745.0, 5160.0], [2750.0, 5155.0], [2755.0, 5150.0], [2765.0, 5150.0], [2775.0, 5150.0], [2785.0, 5150.0], [2795.0, 5150.0], [2800.0, 5145.0], [2805.0, 5140.0], [2810.0, 5135.0], [2815.0, 5130.0], [2820.0, 5125.0], [2820.0, 5115.0], [2820.0, 5105.0], [2825.0, 5100.0], [2830.0, 5095.0], [2835.0, 5090.0], [2840.0, 5085.0], [2845.0, 5080.0], [2850.0, 5085.0], [2855.0, 5090.0], [2860.0, 5095.0], [2860.0, 5105.0], [2860.0, 5115.0], [2860.0, 5125.0], [2860.0, 5135.0], [2860.0, 5145.0], [2855.0, 5150.0], [2850.0, 5155.0], [2845.0, 5160.0], [2840.0, 5165.0], [2840.0, 5175.0], [2840.0, 5185.0], [2840.0, 5195.0], [2845.0, 5200.0], [2850.0, 5205.0], [2850.0, 5215.0], [2850.0, 5225.0], [2850.0, 5235.0], [2850.0, 5245.0], [2850.0, 5255.0], [2850.0, 5265.0], [2850.0, 5275.0], [2850.0, 5285.0], [2850.0, 5295.0], [2845.0, 5300.0], [2835.0, 5300.0], [2825.0, 5300.0], [2815.0, 5300.0], [2805.0, 5300.0], [2800.0, 5305.0], [2795.0, 5310.0]]]}, "properties": {"objectType": "annotation", "name": "P2_3_C|peri_11", "classification": {"name": "peri", "color": [25, 158, 112]}, "lesion_id": 11, "section": "P2_3_C", "area_um2": 304950.0, "lesion_ids": [11]}}, {"type": "Feature", "geometry": {"type": "Polygon", "coordinates": [[[1635.0, 4410.0], [1625.0, 4410.0], [1615.0, 4410.0], [1605.0, 4410.0], [1595.0, 4410.0], [1585.0, 4410.0], [1575.0, 4410.0], [1565.0, 4410.0], [1555.0, 4410.0], [1545.0, 4410.0], [1535.0, 4410.0], [1530.0, 4405.0], [1525.0, 4400.0], [1515.0, 4400.0], [1510.0, 4395.0], [1505.0, 4390.0], [1495.0, 4390.0], [1490.0, 4385.0], [1485.0, 4380.0], [1480.0, 4375.0], [1475.0, 4370.0], [1470.0, 4365.0], [1465.0, 4360.0], [1460.0, 4355.0], [1455.0, 4350.0], [1450.0, 4345.0], [1445.0, 4340.0], [1440.0, 4335.0], [1435.0, 4330.0], [1430.0, 4325.0], [1430.0, 4315.0], [1425.0, 4310.0], [1420.0, 4305.0], [1420.0, 4295.0], [1415.0, 4290.0], [1410.0, 4285.0], [1405.0, 4280.0], [1400.0, 4275.0], [1405.0, 4270.0], [1410.0, 4265.0], [1415.0, 4260.0], [1420.0, 4255.0], [1420.0, 4245.0], [1420.0, 4235.0], [1415.0, 4230.0], [1410.0, 4225.0], [1415.0, 4220.0], [1420.0, 4215.0], [1425.0, 4210.0], [1435.0, 4210.0], [1445.0, 4210.0], [1455.0, 4210.0], [1460.0, 4205.0], [1465.0, 4200.0], [1475.0, 4200.0], [1480.0, 4195.0], [1485.0, 4190.0], [1490.0, 4185.0], [1495.0, 4180.0], [1500.0, 4175.0], [1500.0, 4165.0], [1505.0, 4160.0], [1510.0, 4165.0], [1515.0, 4170.0], [1520.0, 4175.0], [1525.0, 4180.0], [1535.0, 4180.0], [1540.0, 4185.0], [1545.0, 4190.0], [1550.0, 4195.0], [1555.0, 4200.0], [1560.0, 4205.0], [1565.0, 4210.0], [1570.0, 4215.0], [1565.0, 4220.0], [1560.0, 4225.0], [1560.0, 4235.0], [1565.0, 4240.0], [1570.0, 4245.0], [1575.0, 4250.0], [1580.0, 4255.0], [1585.0, 4260.0], [1590.0, 4255.0], [1595.0, 4250.0], [1600.0, 4245.0], [1605.0, 4240.0], [1610.0, 4235.0], [1610.0, 4225.0], [1605.0, 4220.0], [1600.0, 4215.0], [1600.0, 4205.0], [1605.0, 4200.0], [1610.0, 4195.0], [1615.0, 4190.0], [1620.0, 4185.0], [1625.0, 4180.0], [1630.0, 4175.0], [1630.0, 4165.0], [1635.0, 4160.0], [1640.0, 4155.0], [1640.0, 4145.0], [1640.0, 4135.0], [1640.0, 4125.0], [1645.0, 4120.0], [1655.0, 4120.0], [1660.0, 4125.0], [1665.0, 4130.0], [1675.0, 4130.0], [1685.0, 4130.0], [1695.0, 4130.0], [1705.0, 4130.0], [1715.0, 4130.0], [1725.0, 4130.0], [1735.0, 4130.0], [1745.0, 4130.0], [1755.0, 4130.0], [1765.0, 4130.0], [1770.0, 4125.0], [1775.0, 4120.0], [1785.0, 4120.0], [1790.0, 4125.0], [1790.0, 4135.0], [1790.0, 4145.0], [1790.0, 4155.0], [1790.0, 4165.0], [1790.0, 4175.0], [1790.0, 4185.0], [1790.0, 4195.0], [1790.0, 4205.0], [1785.0, 4210.0], [1780.0, 4215.0], [1780.0, 4225.0], [1775.0, 4230.0], [1770.0, 4235.0], [1770.0, 4245.0], [1765.0, 4250.0], [1760.0, 4255.0], [1760.0, 4265.0], [1760.0, 4275.0], [1760.0, 4285.0], [1755.0, 4290.0], [1750.0, 4295.0], [1750.0, 4305.0], [1745.0, 4310.0], [1740.0, 4315.0], [1740.0, 4325.0], [1735.0, 4330.0], [1730.0, 4335.0], [1725.0, 4340.0], [1720.0, 4345.0], [1715.0, 4350.0], [1710.0, 4355.0], [1705.0, 4360.0], [1700.0, 4365.0], [1695.0, 4370.0], [1690.0, 4375.0], [1685.0, 4380.0], [1680.0, 4385.0], [1675.0, 4390.0], [1665.0, 4390.0], [1660.0, 4395.0], [1655.0, 4400.0], [1645.0, 4400.0], [1640.0, 4405.0], [1635.0, 4410.0]]]}, "properties": {"objectType": "annotation", "name": "P2_3_C|peri_12", "classification": {"name": "peri", "color": [25, 158, 112]}, "lesion_id": 12, "section": "P2_3_C", "area_um2": 72350.0, "lesion_ids": [12]}}, {"type": "Feature", "geometry": {"type": "Polygon", "coordinates": [[[1365.0, 6220.0], [1355.0, 6220.0], [1345.0, 6220.0], [1335.0, 6220.0], [1325.0, 6220.0], [1315.0, 6220.0], [1310.0, 6215.0], [1305.0, 6210.0], [1295.0, 6210.0], [1290.0, 6205.0], [1285.0, 6200.0], [1280.0, 6195.0], [1275.0, 6190.0], [1265.0, 6190.0], [1255.0, 6190.0], [1245.0, 6190.0], [1235.0, 6190.0], [1225.0, 6190.0], [1220.0, 6185.0], [1220.0, 6175.0], [1215.0, 6170.0], [1210.0, 6165.0], [1205.0, 6160.0], [1200.0, 6155.0], [1195.0, 6150.0], [1190.0, 6145.0], [1185.0, 6140.0], [1180.0, 6135.0], [1175.0, 6130.0], [1165.0, 6130.0], [1160.0, 6125.0], [1155.0, 6120.0], [1150.0, 6115.0], [1145.0, 6110.0], [1140.0, 6105.0], [1135.0, 6100.0], [1130.0, 6095.0], [1125.0, 6090.0], [1120.0, 6085.0], [1120.0, 6075.0], [1115.0, 6070.0], [1110.0, 6065.0], [1105.0, 6060.0], [1100.0, 6055.0], [1095.0, 6050.0], [1090.0, 6045.0], [1085.0, 6040.0], [1075.0, 6040.0], [1070.0, 6035.0], [1065.0, 6030.0], [1055.0, 6030.0], [1045.0, 6030.0], [1035.0, 6030.0], [1025.0, 6030.0], [1015.0, 6030.0], [1010.0, 6035.0], [1005.0, 6040.0], [1000.0, 6045.0], [995.0, 6050.0], [990.0, 6055.0], [985.0, 6060.0], [980.0, 6065.0], [975.0, 6070.0], [970.0, 6075.0], [970.0, 6085.0], [965.0, 6090.0], [960.0, 6095.0], [960.0, 6105.0], [960.0, 6115.0], [960.0, 6125.0], [960.0, 6135.0], [965.0, 6140.0], [970.0, 6145.0], [970.0, 6155.0], [975.0, 6160.0], [980.0, 6165.0], [980.0, 6175.0], [980.0, 6185.0], [975.0, 6190.0], [970.0, 6195.0], [965.0, 6200.0], [960.0, 6205.0], [955.0, 6210.0], [945.0, 6210.0], [940.0, 6205.0], [935.0, 6200.0], [930.0, 6195.0], [925.0, 6190.0], [920.0, 6185.0], [920.0, 6175.0], [915.0, 6170.0], [910.0, 6165.0], [905.0, 6160.0], [900.0, 6155.0], [895.0, 6150.0], [890.0, 6145.0], [890.0, 6135.0], [885.0, 6130.0], [880.0, 6125.0], [875.0, 6120.0], [870.0, 6115.0], [870.0, 6105.0], [870.0, 6095.0], [865.0, 6090.0], [860.0, 6085.0], [860.0, 6075.0], [860.0, 6065.0], [855.0, 6060.0], [850.0, 6055.0], [845.0, 6050.0], [840.0, 6045.0], [840.0, 6035.0], [840.0, 6025.0], [835.0, 6020.0], [830.0, 6015.0], [825.0, 6010.0], [820.0, 6005.0], [815.0, 6000.0], [810.0, 5995.0], [805.0, 5990.0], [800.0, 5985.0], [795.0, 5980.0], [790.0, 5975.0], [790.0, 5965.0], [785.0, 5960.0], [780.0, 5955.0], [780.0, 5945.0], [780.0, 5935.0], [780.0, 5925.0], [785.0, 5920.0], [790.0, 5915.0], [795.0, 5910.0], [800.0, 5905.0], [805.0, 5900.0], [810.0, 5895.0], [815.0, 5890.0], [820.0, 5885.0], [825.0, 5880.0], [830.0, 5875.0], [835.0, 5870.0], [840.0, 5865.0], [845.0, 5860.0], [850.0, 5855.0], [855.0, 5850.0], [860.0, 5845.0], [865.0, 5840.0], [870.0, 5835.0], [875.0, 5830.0], [880.0, 5825.0], [885.0, 5820.0], [890.0, 5815.0], [890.0, 5805.0], [890.0, 5795.0], [895.0, 5790.0], [900.0, 5785.0], [905.0, 5780.0], [910.0, 5775.0], [915.0, 5770.0], [920.0, 5775.0], [925.0, 5780.0], [930.0, 5785.0], [935.0, 5790.0], [940.0, 5785.0], [945.0, 5780.0], [950.0, 5775.0], [955.0, 5770.0], [960.0, 5765.0], [965.0, 5760.0], [970.0, 5755.0], [965.0, 5750.0], [960.0, 5745.0], [955.0, 5740.0], [950.0, 5735.0], [945.0, 5730.0], [935.0, 5730.0], [925.0, 5730.0], [920.0, 5735.0], [915.0, 5740.0], [910.0, 5745.0], [905.0, 5750.0], [900.0, 5745.0], [895.0, 5740.0], [890.0, 5735.0], [885.0, 5730.0], [880.0, 5725.0], [880.0, 5715.0], [880.0, 5705.0], [880.0, 5695.0], [875.0, 5690.0], [870.0, 5685.0], [870.0, 5675.0], [870.0, 5665.0], [865.0, 5660.0], [860.0, 5655.0], [860.0, 5645.0], [855.0, 5640.0], [850.0, 5635.0], [850.0, 5625.0], [845.0, 5620.0], [840.0, 5615.0], [840.0, 5605.0], [835.0, 5600.0], [830.0, 5595.0], [825.0, 5590.0], [820.0, 5585.0], [815.0, 5580.0], [805.0, 5580.0], [800.0, 5585.0], [795.0, 5590.0], [785.0, 5590.0], [780.0, 5585.0], [775.0, 5580.0], [770.0, 5575.0], [765.0, 5570.0], [755.0, 5570.0], [745.0, 5570.0], [735.0, 5570.0], [730.0, 5565.0], [725.0, 5560.0], [720.0, 5565.0], [715.0, 5570.0], [710.0, 5565.0], [710.0, 5555.0], [710.0, 5545.0], [710.0, 5535.0], [705.0, 5530.0], [700.0, 5525.0], [700.0, 5515.0], [700.0, 5505.0], [695.0, 5500.0], [690.0, 5495.0], [690.0, 5485.0], [690.0, 5475.0], [690.0, 5465.0], [685.0, 5460.0], [680.0, 5455.0], [680.0, 5445.0], [675.0, 5440.0], [670.0, 5435.0], [670.0, 5425.0], [665.0, 5420.0], [660.0, 5415.0], [655.0, 5410.0], [650.0, 5405.0], [650.0, 5395.0], [645.0, 5390.0], [640.0, 5385.0], [640.0, 5375.0], [640.0, 5365.0], [640.0, 5355.0], [640.0, 5345.0], [640.0, 5335.0], [645.0, 5330.0], [650.0, 5325.0], [650.0, 5315.0], [655.0, 5310.0], [660.0, 5305.0], [665.0, 5300.0], [670.0, 5295.0], [670.0, 5285.0], [675.0, 5280.0], [680.0, 5275.0], [680.0, 5265.0], [685.0, 5260.0], [690.0, 5255.0], [690.0, 5245.0], [690.0, 5235.0], [690.0, 5225.0], [685.0, 5220.0], [680.0, 5215.0], [675.0, 5210.0], [670.0, 5205.0], [670.0, 5195.0], [670.0, 5185.0], [665.0, 5180.0], [660.0, 5175.0], [655.0, 5170.0], [645.0, 5170.0], [640.0, 5165.0], [635.0, 5160.0], [630.0, 5155.0], [625.0, 5150.0], [620.0, 5145.0], [620.0, 5135.0], [615.0, 5130.0], [610.0, 5125.0], [610.0, 5115.0], [610.0, 5105.0], [610.0, 5095.0], [610.0, 5085.0], [610.0, 5075.0], [610.0, 5065.0], [615.0, 5060.0], [620.0, 5055.0], [620.0, 5045.0], [620.0, 5035.0], [620.0, 5025.0], [620.0, 5015.0], [620.0, 5005.0], [625.0, 5000.0], [630.0, 4995.0], [630.0, 4985.0], [635.0, 4980.0], [640.0, 4975.0], [640.0, 4965.0], [640.0, 4955.0], [645.0, 4950.0], [655.0, 4950.0], [660.0, 4945.0], [665.0, 4940.0], [675.0, 4940.0], [685.0, 4940.0], [695.0, 4940.0], [705.0, 4940.0], [715.0, 4940.0], [725.0, 4940.0], [735.0, 4940.0], [745.0, 4940.0], [755.0, 4940.0], [765.0, 4940.0], [775.0, 4940.0], [780.0, 4945.0], [785.0, 4950.0], [795.0, 4950.0], [805.0, 4950.0], [815.0, 4950.0], [825.0, 4950.0], [835.0, 4950.0], [845.0, 4950.0], [855.0, 4950.0], [860.0, 4955.0], [865.0, 4960.0], [875.0, 4960.0], [880.0, 4965.0], [885.0, 4970.0], [895.0, 4970.0], [900.0, 4975.0], [905.0, 4980.0], [910.0, 4985.0], [915.0, 4990.0], [920.0, 4995.0], [925.0, 5000.0], [930.0, 5005.0], [935.0, 5010.0], [940.0, 5015.0], [945.0, 5020.0], [950.0, 5025.0], [955.0, 5030.0], [960.0, 5035.0], [960.0, 5045.0], [965.0, 5050.0], [970.0, 5055.0], [970.0, 5065.0], [975.0, 5070.0], [980.0, 5075.0], [980.0, 5085.0], [980.0, 5095.0], [980.0, 5105.0], [980.0, 5115.0], [980.0, 5125.0], [980.0, 5135.0], [980.0, 5145.0], [980.0, 5155.0], [980.0, 5165.0], [980.0, 5175.0], [980.0, 5185.0], [980.0, 5195.0], [985.0, 5200.0], [990.0, 5205.0], [995.0, 5210.0], [1005.0, 5210.0], [1015.0, 5210.0], [1025.0, 5210.0], [1035.0, 5210.0], [1045.0, 5210.0], [1055.0, 5210.0], [1065.0, 5210.0], [1070.0, 5215.0], [1075.0, 5220.0], [1085.0, 5220.0], [1090.0, 5225.0], [1095.0, 5230.0], [1105.0, 5230.0], [1110.0, 5235.0], [1115.0, 5240.0], [1120.0, 5245.0], [1125.0, 5250.0], [1130.0, 5255.0], [1135.0, 5260.0], [1140.0, 5265.0], [1145.0, 5270.0], [1150.0, 5275.0], [1155.0, 5280.0], [1160.0, 5285.0], [1165.0, 5290.0], [1170.0, 5295.0], [1175.0, 5300.0], [1180.0, 5305.0], [1180.0, 5315.0], [1185.0, 5320.0], [1190.0, 5325.0], [1190.0, 5335.0], [1195.0, 5340.0], [1200.0, 5335.0], [1200.0, 5325.0], [1200.0, 5315.0], [1200.0, 5305.0], [1200.0, 5295.0], [1200.0, 5285.0], [1200.0, 5275.0], [1200.0, 5265.0], [1200.0, 5255.0], [1200.0, 5245.0], [1200.0, 5235.0], [1200.0, 5225.0], [1200.0, 5215.0], [1205.0, 5210.0], [1210.0, 5205.0], [1210.0, 5195.0], [1215.0, 5190.0], [1220.0, 5185.0], [1220.0, 5175.0], [1225.0, 5170.0], [1230.0, 5165.0], [1235.0, 5160.0], [1240.0, 5155.0], [1245.0, 5150.0], [1250.0, 5145.0], [1255.0, 5140.0], [1260.0, 5135.0], [1265.0, 5130.0], [1270.0, 5125.0], [1275.0, 5120.0], [1280.0, 5115.0], [1285.0, 5110.0], [1295.0, 5110.0], [1300.0, 5105.0], [1305.0, 5100.0], [1315.0, 5100.0], [1320.0, 5095.0], [1325.0, 5090.0], [1335.0, 5090.0], [1345.0, 5090.0], [1355.0, 5090.0], [1365.0, 5090.0], [1375.0, 5090.0], [1385.0, 5090.0], [1395.0, 5090.0], [1405.0, 5090.0], [1415.0, 5090.0], [1425.0, 5090.0], [1435.0, 5090.0], [1445.0, 5090.0], [1450.0, 5095.0], [1455.0, 5100.0], [1465.0, 5100.0], [1470.0, 5105.0], [1475.0, 5110.0], [1485.0, 5110.0], [1490.0, 5115.0], [1495.0, 5120.0], [1500.0, 5125.0], [1505.0, 5130.0], [1510.0, 5135.0], [1515.0, 5140.0], [1525.0, 5140.0], [1530.0, 5145.0], [1535.0, 5150.0], [1545.0, 5150.0], [1550.0, 5155.0], [1555.0, 5160.0], [1560.0, 5165.0], [1565.0, 5170.0], [1570.0, 5175.0], [1575.0, 5180.0], [1580.0, 5185.0], [1585.0, 5190.0], [1590.0, 5195.0], [1595.0, 5200.0], [1600.0, 5205.0], [1605.0, 5210.0], [1610.0, 5215.0], [1615.0, 5220.0], [1620.0, 5225.0], [1625.0, 5230.0], [1630.0, 5235.0], [1630.0, 5245.0], [1635.0, 5250.0], [1640.0, 5255.0], [1640.0, 5265.0], [1645.0, 5270.0], [1650.0, 5275.0], [1650.0, 5285.0], [1650.0, 5295.0], [1650.0, 5305.0], [1650.0, 5315.0], [1650.0, 5325.0], [1650.0, 5335.0], [1650.0, 5345.0], [1650.0, 5355.0], [1650.0, 5365.0], [1650.0, 5375.0], [1650.0, 5385.0], [1650.0, 5395.0], [1650.0, 5405.0], [1645.0, 5410.0], [1640.0, 5415.0], [1640.0, 5425.0], [1635.0, 5430.0], [1630.0, 5435.0], [1630.0, 5445.0], [1625.0, 5450.0], [1620.0, 5455.0], [1615.0, 5460.0], [1610.0, 5465.0], [1605.0, 5470.0], [1600.0, 5475.0], [1595.0, 5480.0], [1590.0, 5485.0], [1585.0, 5490.0], [1580.0, 5495.0], [1575.0, 5500.0], [1570.0, 5505.0], [1565.0, 5510.0], [1560.0, 5515.0], [1555.0, 5520.0], [1545.0, 5520.0], [1540.0, 5525.0], [1535.0, 5530.0], [1525.0, 5530.0], [1520.0, 5535.0], [1515.0, 5540.0], [1505.0, 5540.0], [1495.0, 5540.0], [1485.0, 5540.0], [1475.0, 5540.0], [1465.0, 5540.0], [1460.0, 5545.0], [1455.0, 5550.0], [1445.0, 5550.0], [1435.0, 5550.0], [1425.0, 5550.0], [1415.0, 5550.0], [1405.0, 5550.0], [1395.0, 5550.0], [1385.0, 5550.0], [1375.0, 5550.0], [1365.0, 5550.0], [1355.0, 5550.0], [1345.0, 5550.0], [1340.0, 5545.0], [1335.0, 5540.0], [1325.0, 5540.0], [1320.0, 5535.0], [1315.0, 5530.0], [1305.0, 5530.0], [1300.0, 5525.0], [1295.0, 5520.0], [1290.0, 5525.0], [1290.0, 5535.0], [1290.0, 5545.0], [1290.0, 5555.0], [1290.0, 5565.0], [1290.0, 5575.0], [1290.0, 5585.0], [1290.0, 5595.0], [1290.0, 5605.0], [1290.0, 5615.0], [1290.0, 5625.0], [1290.0, 5635.0], [1285.0, 5640.0], [1280.0, 5645.0], [1280.0, 5655.0], [1275.0, 5660.0], [1270.0, 5665.0], [1270.0, 5675.0], [1265.0, 5680.0], [1260.0, 5685.0], [1255.0, 5690.0], [1250.0, 5695.0], [1245.0, 5700.0], [1240.0, 5705.0], [1235.0, 5710.0], [1230.0, 5715.0], [1225.0, 5720.0], [1220.0, 5725.0], [1215.0, 5730.0], [1210.0, 5735.0], [1205.0, 5740.0], [1195.0, 5740.0], [1190.0, 5745.0], [1185.0, 5750.0], [1175.0, 5750.0], [1170.0, 5755.0], [1165.0, 5760.0], [1155.0, 5760.0], [1145.0, 5760.0], [1135.0, 5760.0], [1125.0, 5760.0], [1120.0, 5765.0], [1120.0, 5775.0], [1120.0, 5785.0], [1120.0, 5795.0], [1120.0, 5805.0], [1115.0, 5810.0], [1110.0, 5815.0], [1110.0, 5825.0], [1105.0, 5830.0], [1100.0, 5835.0], [1100.0, 5845.0], [1095.0, 5850.0], [1090.0, 5855.0], [1085.0, 5860.0], [1080.0, 5865.0], [1075.0, 5870.0], [1070.0, 5875.0], [1075.0, 5880.0], [1085.0, 5880.0], [1095.0, 5880.0], [1105.0, 5880.0], [1115.0, 5880.0], [1120.0, 5885.0], [1125.0, 5890.0], [1135.0, 5890.0], [1140.0, 5895.0], [1145.0, 5900.0], [1155.0, 5900.0], [1160.0, 5905.0], [1165.0, 5910.0], [1175.0, 5910.0], [1180.0, 5915.0], [1185.0, 5920.0], [1190.0, 5925.0], [1195.0, 5930.0], [1200.0, 5935.0], [1205.0, 5940.0], [1210.0, 5945.0], [1215.0, 5950.0], [1220.0, 5955.0], [1225.0, 5960.0], [1230.0, 5965.0], [1235.0, 5970.0], [1240.0, 5975.0], [1245.0, 5980.0], [1250.0, 5985.0], [1250.0, 5995.0], [1255.0, 6000.0], [1265.0, 6000.0], [1270.0, 6005.0], [1275.0, 6010.0], [1280.0, 6015.0], [1285.0, 6020.0], [1290.0, 6025.0], [1295.0, 6030.0], [1300.0, 6035.0], [1305.0, 6040.0], [1310.0, 6045.0], [1315.0, 6050.0], [1320.0, 6055.0], [1325.0, 6060.0], [1330.0, 6065.0], [1335.0, 6070.0], [1340.0, 6075.0], [1345.0, 6080.0], [1350.0, 6085.0], [1350.0, 6095.0], [1355.0, 6100.0], [1360.0, 6105.0], [1360.0, 6115.0], [1365.0, 6120.0], [1370.0, 6125.0], [1370.0, 6135.0], [1370.0, 6145.0], [1370.0, 6155.0], [1370.0, 6165.0], [1370.0, 6175.0], [1370.0, 6185.0], [1370.0, 6195.0], [1370.0, 6205.0], [1370.0, 6215.0], [1365.0, 6220.0]], [[850.0, 5545.0], [855.0, 5540.0], [865.0, 5540.0], [875.0, 5540.0], [880.0, 5535.0], [885.0, 5530.0], [890.0, 5535.0], [895.0, 5540.0], [905.0, 5540.0], [910.0, 5535.0], [915.0, 5530.0], [920.0, 5525.0], [925.0, 5520.0], [930.0, 5515.0], [925.0, 5510.0], [920.0, 5505.0], [915.0, 5500.0], [910.0, 5495.0], [905.0, 5490.0], [895.0, 5490.0], [890.0, 5495.0], [885.0, 5500.0], [880.0, 5495.0], [875.0, 5490.0], [870.0, 5485.0], [865.0, 5480.0], [860.0, 5475.0], [865.0, 5470.0], [870.0, 5465.0], [875.0, 5460.0], [880.0, 5455.0], [885.0, 5450.0], [890.0, 5445.0], [895.0, 5440.0], [900.0, 5435.0], [905.0, 5430.0], [910.0, 5425.0], [910.0, 5415.0], [905.0, 5410.0], [900.0, 5405.0], [895.0, 5400.0], [890.0, 5395.0], [885.0, 5390.0], [875.0, 5390.0], [870.0, 5395.0], [865.0, 5400.0], [855.0, 5400.0], [850.0, 5405.0], [845.0, 5410.0], [840.0, 5415.0], [835.0, 5420.0], [830.0, 5425.0], [825.0, 5430.0], [820.0, 5425.0], [815.0, 5420.0], [805.0, 5420.0], [800.0, 5415.0], [795.0, 5410.0], [790.0, 5405.0], [785.0, 5400.0], [780.0, 5395.0], [780.0, 5385.0], [780.0, 5375.0], [775.0, 5370.0], [770.0, 5365.0], [765.0, 5360.0], [760.0, 5355.0], [755.0, 5350.0], [750.0, 5345.0], [755.0, 5340.0], [760.0, 5335.0], [765.0, 5330.0], [770.0, 5325.0], [775.0, 5320.0], [785.0, 5320.0], [795.0, 5320.0], [800.0, 5315.0], [805.0, 5310.0], [815.0, 5310.0], [820.0, 5305.0], [825.0, 5300.0], [830.0, 5295.0], [835.0, 5290.0], [840.0, 5285.0], [840.0, 5275.0], [840.0, 5265.0], [840.0, 5255.0], [835.0, 5250.0], [830.0, 5245.0], [830.0, 5235.0], [825.0, 5230.0], [820.0, 5225.0], [820.0, 5215.0], [815.0, 5210.0], [810.0, 5205.0], [805.0, 5200.0], [800.0, 5195.0], [795.0, 5190.0], [790.0, 5185.0], [795.0, 5180.0], [800.0, 5175.0], [805.0, 5170.0], [810.0, 5165.0], [810.0, 5155.0], [815.0, 5150.0], [820.0, 5145.0], [825.0, 5140.0], [830.0, 5135.0], [830.0, 5125.0], [825.0, 5120.0], [820.0, 5115.0], [815.0, 5110.0], [810.0, 5105.0], [805.0, 5100.0], [795.0, 5100.0], [790.0, 5105.0], [785.0, 5110.0], [780.0, 5115.0], [775.0, 5120.0], [770.0, 5125.0], [765.0, 5130.0], [760.0, 5125.0], [755.0, 5120.0], [750.0, 5115.0], [745.0, 5110.0], [740.0, 5105.0], [735.0, 5100.0], [730.0, 5095.0], [725.0, 5090.0], [715.0, 5090.0], [710.0, 5095.0], [705.0, 5100.0], [700.0, 5105.0], [695.0, 5110.0], [690.0, 5115.0], [685.0, 5120.0], [680.0, 5125.0], [685.0, 5130.0], [690.0, 5135.0], [695.0, 5140.0], [700.0, 5145.0], [705.0, 5150.0], [710.0, 5155.0], [715.0, 5160.0], [720.0, 5165.0], [725.0, 5170.0], [730.0, 5175.0], [725.0, 5180.0], [720.0, 5185.0], [720.0, 5195.0], [715.0, 5200.0], [710.0, 5205.0], [710.0, 5215.0], [715.0, 5220.0], [720.0, 5225.0], [725.0, 5230.0], [730.0, 5235.0], [725.0, 5240.0], [720.0, 5245.0], [725.0, 5250.0], [730.0, 5255.0], [725.0, 5260.0], [720.0, 5265.0], [720.0, 5275.0], [720.0, 5285.0], [715.0, 5290.0], [710.0, 5295.0], [715.0, 5300.0], [720.0, 5305.0], [725.0, 5310.0], [730.0, 5315.0], [735.0, 5320.0], [740.0, 5325.0], [735.0, 5330.0], [730.0, 5335.0], [725.0, 5340.0], [720.0, 5345.0], [715.0, 5350.0], [710.0, 5355.0], [705.0, 5360.0], [700.0, 5365.0], [695.0, 5370.0], [690.0, 5375.0], [695.0, 5380.0], [700.0, 5385.0], [705.0, 5390.0], [710.0, 5395.0], [715.0, 5400.0], [720.0, 5405.0], [725.0, 5410.0], [730.0, 5415.0], [735.0, 5420.0], [740.0, 5425.0], [740.0, 5435.0], [745.0, 5440.0], [750.0, 5445.0], [755.0, 5450.0], [760.0, 5455.0], [765.0, 5460.0], [775.0, 5460.0], [780.0, 5465.0], [785.0, 5470.0], [795.0, 5470.0], [805.0, 5470.0], [815.0, 5470.0], [820.0, 5465.0], [825.0, 5460.0], [830.0, 5465.0], [835.0, 5470.0], [840.0, 5475.0], [845.0, 5480.0], [850.0, 5485.0], [845.0, 5490.0], [840.0, 5495.0], [835.0, 5500.0], [830.0, 5505.0], [825.0, 5510.0], [820.0, 5515.0], [815.0, 5520.0], [810.0, 5525.0], [815.0, 5530.0], [820.0, 5535.0], [825.0, 5540.0], [830.0, 5545.0], [835.0, 5550.0], [845.0, 5550.0], [850.0, 5545.0]], [[1410.0, 5395.0], [1415.0, 5390.0], [1425.0, 5390.0], [1435.0, 5390.0], [1445.0, 5390.0], [1455.0, 5390.0], [1465.0, 5390.0], [1470.0, 5385.0], [1475.0, 5380.0], [1480.0, 5375.0], [1485.0, 5370.0], [1490.0, 5365.0], [1495.0, 5360.0], [1500.0, 5355.0], [1500.0, 5345.0], [1500.0, 5335.0], [1500.0, 5325.0], [1495.0, 5320.0], [1490.0, 5315.0], [1485.0, 5310.0], [1480.0, 5305.0], [1475.0, 5300.0], [1470.0, 5295.0], [1465.0, 5290.0], [1460.0, 5285.0], [1455.0, 5280.0], [1445.0, 5280.0], [1435.0, 5280.0], [1430.0, 5275.0], [1425.0, 5270.0], [1420.0, 5265.0], [1415.0, 5260.0], [1410.0, 5255.0], [1405.0, 5250.0], [1400.0, 5245.0], [1395.0, 5240.0], [1385.0, 5240.0], [1375.0, 5240.0], [1370.0, 5245.0], [1365.0, 5250.0], [1360.0, 5255.0], [1355.0, 5260.0], [1350.0, 5265.0], [1355.0, 5270.0], [1360.0, 5275.0], [1360.0, 5285.0], [1355.0, 5290.0], [1350.0, 5295.0], [1355.0, 5300.0], [1360.0, 5305.0], [1360.0, 5315.0], [1355.0, 5320.0], [1350.0, 5325.0], [1355.0, 5330.0], [1360.0, 5335.0], [1360.0, 5345.0], [1360.0, 5355.0], [1365.0, 5360.0], [1370.0, 5365.0], [1370.0, 5375.0], [1375.0, 5380.0], [1380.0, 5385.0], [1385.0, 5390.0], [1390.0, 5395.0], [1395.0, 5400.0], [1405.0, 5400.0], [1410.0, 5395.0]], [[1120.0, 5605.0], [1125.0, 5600.0], [1130.0, 5595.0], [1135.0, 5590.0], [1140.0, 5585.0], [1140.0, 5575.0], [1140.0, 5565.0], [1140.0, 5555.0], [1140.0, 5545.0], [1135.0, 5540.0], [1130.0, 5535.0], [1125.0, 5530.0], [1120.0, 5525.0], [1115.0, 5520.0], [1110.0, 5515.0], [1105.0, 5510.0], [1095.0, 5510.0], [1085.0, 5510.0], [1075.0, 5510.0], [1065.0, 5510.0], [1055.0, 5510.0], [1050.0, 5515.0], [1045.0, 5520.0], [1040.0, 5525.0], [1035.0, 5530.0], [1030.0, 5535.0], [1025.0, 5540.0], [1020.0, 5545.0], [1015.0, 5550.0], [1010.0, 5555.0], [1015.0, 5560.0], [1020.0, 5565.0], [1025.0, 5570.0], [1030.0, 5575.0], [1035.0, 5580.0], [1045.0, 5580.0], [1055.0, 5580.0], [1065.0, 5580.0], [1070.0, 5585.0], [1075.0, 5590.0], [1080.0, 5595.0], [1085.0, 5600.0], [1090.0, 5605.0], [1095.0, 5610.0], [1100.0, 5605.0], [1105.0, 5600.0], [1110.0, 5605.0], [1115.0, 5610.0], [1120.0, 5605.0]], [[990.0, 5465.0], [995.0, 5460.0], [1005.0, 5460.0], [1010.0, 5455.0], [1015.0, 5450.0], [1020.0, 5445.0], [1025.0, 5440.0], [1030.0, 5435.0], [1030.0, 5425.0], [1035.0, 5420.0], [1040.0, 5415.0], [1045.0, 5410.0], [1050.0, 5405.0], [1050.0, 5395.0], [1045.0, 5390.0], [1040.0, 5385.0], [1035.0, 5380.0], [1030.0, 5375.0], [1025.0, 5370.0], [1020.0, 5365.0], [1015.0, 5360.0], [1005.0, 5360.0], [1000.0, 5365.0], [995.0, 5370.0], [990.0, 5375.0], [985.0, 5380.0], [980.0, 5385.0], [980.0, 5395.0], [975.0, 5400.0], [970.0, 5405.0], [965.0, 5410.0], [960.0, 5415.0], [955.0, 5420.0], [950.0, 5425.0], [950.0, 5435.0], [950.0, 5445.0], [955.0, 5450.0], [960.0, 5455.0], [965.0, 5460.0], [970.0, 5465.0], [975.0, 5470.0], [985.0, 5470.0], [990.0, 5465.0]]]}, "properties": {"objectType": "annotation", "name": "P2_3_C|peri", "classification": {"name": "peri", "color": [25, 158, 112]}, "lesion_id": 0, "section": "P2_3_C", "area_um2": 586450.0, "lesion_ids": [14, 15, 16, 17, 18, 19, 20, 21]}}, {"type": "Feature", "geometry": {"type": "Polygon", "coordinates": [[[1145.0, 6350.0], [1135.0, 6350.0], [1125.0, 6350.0], [1115.0, 6350.0], [1105.0, 6350.0], [1095.0, 6350.0], [1085.0, 6350.0], [1075.0, 6350.0], [1065.0, 6350.0], [1055.0, 6350.0], [1045.0, 6350.0], [1035.0, 6350.0], [1025.0, 6350.0], [1020.0, 6345.0], [1015.0, 6340.0], [1005.0, 6340.0], [995.0, 6340.0], [985.0, 6340.0], [975.0, 6340.0], [965.0, 6340.0], [955.0, 6340.0], [945.0, 6340.0], [940.0, 6335.0], [935.0, 6330.0], [925.0, 6330.0], [915.0, 6330.0], [910.0, 6325.0], [905.0, 6320.0], [900.0, 6315.0], [895.0, 6310.0], [890.0, 6305.0], [885.0, 6300.0], [880.0, 6295.0], [875.0, 6290.0], [870.0, 6285.0], [865.0, 6280.0], [860.0, 6275.0], [860.0, 6265.0], [855.0, 6260.0], [850.0, 6255.0], [845.0, 6250.0], [840.0, 6245.0], [840.0, 6235.0], [835.0, 6230.0], [830.0, 6225.0], [825.0, 6220.0], [820.0, 6215.0], [815.0, 6210.0], [810.0, 6205.0], [810.0, 6195.0], [810.0, 6185.0], [810.0, 6175.0], [810.0, 6165.0], [815.0, 6160.0], [820.0, 6155.0], [820.0, 6145.0], [815.0, 6140.0], [810.0, 6135.0], [810.0, 6125.0], [810.0, 6115.0], [810.0, 6105.0], [810.0, 6095.0], [815.0, 6090.0], [820.0, 6085.0], [820.0, 6075.0], [815.0, 6070.0], [805.0, 6070.0], [795.0, 6070.0], [785.0, 6070.0], [780.0, 6075.0], [775.0, 6080.0], [770.0, 6075.0], [765.0, 6070.0], [755.0, 6070.0], [745.0, 6070.0], [740.0, 6065.0], [735.0, 6060.0], [730.0, 6055.0], [725.0, 6050.0], [720.0, 6045.0], [715.0, 6040.0], [710.0, 6035.0], [705.0, 6030.0], [700.0, 6025.0], [695.0, 6020.0], [690.0, 6015.0], [685.0, 6010.0], [680.0, 6005.0], [680.0, 5995.0], [675.0, 5990.0], [670.0, 5985.0], [670.0, 5975.0], [665.0, 5970.0], [660.0, 5965.0], [660.0, 5955.0], [655.0, 5950.0], [650.0, 5945.0], [650.0, 5935.0], [645.0, 5930.0], [640.0, 5925.0], [640.0, 5915.0], [640.0, 5905.0], [635.0, 5900.0], [630.0, 5895.0], [630.0, 5885.0], [630.0, 5875.0], [630.0, 5865.0], [630.0, 5855.0], [630.0, 5845.0], [625.0, 5840.0], [620.0, 5835.0], [620.0, 5825.0], [620.0, 5815.0], [620.0, 5805.0], [620.0, 5795.0], [620.0, 5785.0], [625.0, 5780.0], [630.0, 5775.0], [630.0, 5765.0], [630.0, 5755.0], [630.0, 5745.0], [625.0, 5740.0], [620.0, 5735.0], [620.0, 5725.0], [615.0, 5720.0], [610.0, 5715.0], [610.0, 5705.0], [605.0, 5700.0], [600.0, 5695.0], [600.0, 5685.0], [600.0, 5675.0], [595.0, 5670.0], [590.0, 5665.0], [590.0, 5655.0], [590.0, 5645.0], [590.0, 5635.0], [590.0, 5625.0], [590.0, 5615.0], [585.0, 5610.0], [580.0, 5605.0], [580.0, 5595.0], [585.0, 5590.0], [590.0, 5585.0], [590.0, 5575.0], [590.0, 5565.0], [590.0, 5555.0], [590.0, 5545.0], [590.0, 5535.0], [590.0, 5525.0], [585.0, 5520.0], [580.0, 5515.0], [580.0, 5505.0], [580.0, 5495.0], [580.0, 5485.0], [580.0, 5475.0], [575.0, 5470.0], [570.0, 5465.0], [570.0, 5455.0], [565.0, 5450.0], [560.0, 5445.0], [560.0, 5435.0], [555.0, 5430.0], [550.0, 5425.0], [550.0, 5415.0], [550.0, 5405.0], [550.0, 5395.0], [550.0, 5385.0], [545.0, 5380.0], [540.0, 5375.0], [545.0, 5370.0], [550.0, 5365.0], [550.0, 5355.0], [550.0, 5345.0], [550.0, 5335.0], [550.0, 5325.0], [555.0, 5320.0], [560.0, 5315.0], [560.0, 5305.0], [560.0, 5295.0], [565.0, 5290.0], [570.0, 5285.0], [570.0, 5275.0], [570.0, 5265.0], [570.0, 5255.0], [570.0, 5245.0], [570.0, 5235.0], [570.0, 5225.0], [565.0, 5220.0], [560.0, 5215.0], [560.0, 5205.0], [555.0, 5200.0], [550.0, 5195.0], [550.0, 5185.0], [545.0, 5180.0], [540.0, 5175.0], [540.0, 5165.0], [540.0, 5155.0], [540.0, 5145.0], [540.0, 5135.0], [535.0, 5130.0], [530.0, 5125.0], [535.0, 5120.0], [540.0, 5115.0], [540.0, 5105.0], [540.0, 5095.0], [540.0, 5085.0], [540.0, 5075.0], [545.0, 5070.0], [550.0, 5065.0], [550.0, 5055.0], [555.0, 5050.0], [560.0, 5045.0], [560.0, 5035.0], [565.0, 5030.0], [570.0, 5025.0], [575.0, 5020.0], [580.0, 5015.0], [585.0, 5010.0], [595.0, 5010.0], [600.0, 5015.0], [600.0, 5025.0], [600.0, 5035.0], [600.0, 5045.0], [595.0, 5050.0], [590.0, 5055.0], [590.0, 5065.0], [590.0, 5075.0], [590.0, 5085.0], [590.0, 5095.0], [590.0, 5105.0], [585.0, 5110.0], [580.0, 5115.0], [580.0, 5125.0], [585.0, 5130.0], [590.0, 5135.0], [590.0, 5145.0], [585.0, 5150.0], [580.0, 5155.0], [585.0, 5160.0], [595.0, 5160.0], [600.0, 5165.0], [605.0, 5170.0], [610.0, 5175.0], [615.0, 5180.0], [625.0, 5180.0], [630.0, 5185.0], [635.0, 5190.0], [640.0, 5195.0], [645.0, 5200.0], [650.0, 5205.0], [650.0, 5215.0], [655.0, 5220.0], [660.0, 5225.0], [660.0, 5235.0], [660.0, 5245.0], [660.0, 5255.0], [655.0, 5260.0], [650.0, 5265.0], [650.0, 5275.0], [650.0, 5285.0], [645.0, 5290.0], [640.0, 5295.0], [635.0, 5300.0], [630.0, 5305.0], [625.0, 5310.0], [620.0, 5315.0], [615.0, 5320.0], [605.0, 5320.0], [600.0, 5325.0], [600.0, 5335.0], [605.0, 5340.0], [610.0, 5345.0], [610.0, 5355.0], [610.0, 5365.0], [615.0, 5370.0], [620.0, 5375.0], [620.0, 5385.0], [620.0, 5395.0], [625.0, 5400.0], [630.0, 5405.0], [630.0, 5415.0], [635.0, 5420.0], [640.0, 5425.0], [645.0, 5430.0], [650.0, 5435.0], [650.0, 5445.0], [655.0, 5450.0], [660.0, 5455.0], [660.0, 5465.0], [660.0, 5475.0], [665.0, 5480.0], [670.0, 5485.0], [670.0, 5495.0], [670.0, 5505.0], [675.0, 5510.0], [680.0, 5515.0], [680.0, 5525.0], [680.0, 5535.0], [685.0, 5540.0], [690.0, 5545.0], [685.0, 5550.0], [680.0, 5555.0], [680.0, 5565.0], [680.0, 5575.0], [680.0, 5585.0], [680.0, 5595.0], [680.0, 5605.0], [685.0, 5610.0], [690.0, 5615.0], [685.0, 5620.0], [680.0, 5625.0], [685.0, 5630.0], [690.0, 5635.0], [690.0, 5645.0], [690.0, 5655.0], [690.0, 5665.0], [695.0, 5670.0], [700.0, 5675.0], [700.0, 5685.0], [705.0, 5690.0], [710.0, 5695.0], [715.0, 5700.0], [720.0, 5705.0], [720.0, 5715.0], [720.0, 5725.0], [725.0, 5730.0], [730.0, 5735.0], [730.0, 5745.0], [730.0, 5755.0], [725.0, 5760.0], [720.0, 5765.0], [720.0, 5775.0], [720.0, 5785.0], [720.0, 5795.0], [720.0, 5805.0], [720.0, 5815.0], [720.0, 5825.0], [725.0, 5830.0], [730.0, 5835.0], [725.0, 5840.0], [720.0, 5845.0], [720.0, 5855.0], [725.0, 5860.0], [730.0, 5865.0], [730.0, 5875.0], [730.0, 5885.0], [730.0, 5895.0], [735.0, 5900.0], [740.0, 5905.0], [740.0, 5915.0], [740.0, 5925.0], [745.0, 5930.0], [750.0, 5935.0], [755.0, 5940.0], [760.0, 5945.0], [760.0, 5955.0], [760.0, 5965.0], [765.0, 5970.0], [770.0, 5975.0], [770.0, 5985.0], [775.0, 5990.0], [780.0, 5995.0], [785.0, 6000.0], [790.0, 6005.0], [795.0, 6010.0], [800.0, 6015.0], [805.0, 6020.0], [810.0, 6025.0], [815.0, 6030.0], [820.0, 6035.0], [820.0, 6045.0], [820.0, 6055.0], [825.0, 6060.0], [830.0, 6065.0], [835.0, 6070.0], [840.0, 6075.0], [840.0, 6085.0], [840.0, 6095.0], [845.0, 6100.0], [850.0, 6105.0], [850.0, 6115.0], [850.0, 6125.0], [855.0, 6130.0], [860.0, 6135.0], [865.0, 6140.0], [870.0, 6145.0], [870.0, 6155.0], [875.0, 6160.0], [880.0, 6165.0], [885.0, 6170.0], [890.0, 6175.0], [895.0, 6180.0], [900.0, 6185.0], [900.0, 6195.0], [905.0, 6200.0], [910.0, 6205.0], [915.0, 6210.0], [920.0, 6215.0], [920.0, 6225.0], [920.0, 6235.0], [925.0, 6240.0], [935.0, 6240.0], [940.0, 6245.0], [945.0, 6250.0], [955.0, 6250.0], [960.0, 6255.0], [965.0, 6260.0], [970.0, 6255.0], [975.0, 6250.0], [985.0, 6250.0], [995.0, 6250.0], [1000.0, 6255.0], [1005.0, 6260.0], [1015.0, 6260.0], [1020.0, 6255.0], [1025.0, 6250.0], [1030.0, 6255.0], [1035.0, 6260.0], [1045.0, 6260.0], [1055.0, 6260.0], [1060.0, 6265.0], [1065.0, 6270.0], [1070.0, 6265.0], [1075.0, 6260.0], [1080.0, 6265.0], [1085.0, 6270.0], [1095.0, 6270.0], [1105.0, 6270.0], [1110.0, 6265.0], [1115.0, 6260.0], [1125.0, 6260.0], [1135.0, 6260.0], [1145.0, 6260.0], [1150.0, 6255.0], [1155.0, 6250.0], [1165.0, 6250.0], [1175.0, 6250.0], [1180.0, 6245.0], [1185.0, 6240.0], [1195.0, 6240.0], [1205.0, 6240.0], [1210.0, 6235.0], [1215.0, 6230.0], [1225.0, 6230.0], [1230.0, 6225.0], [1235.0, 6220.0], [1240.0, 6215.0], [1245.0, 6210.0], [1255.0, 6210.0], [1265.0, 6210.0], [1270.0, 6215.0], [1270.0, 6225.0], [1275.0, 6230.0], [1285.0, 6230.0], [1295.0, 6230.0], [1300.0, 6235.0], [1305.0, 6240.0], [1310.0, 6245.0], [1315.0, 6250.0], [1320.0, 6245.0], [1325.0, 6240.0], [1335.0, 6240.0], [1345.0, 6240.0], [1350.0, 6245.0], [1350.0, 6255.0], [1345.0, 6260.0], [1340.0, 6265.0], [1340.0, 6275.0], [1335.0, 6280.0], [1330.0, 6285.0], [1325.0, 6290.0], [1320.0, 6295.0], [1315.0, 6300.0], [1310.0, 6305.0], [1305.0, 6310.0], [1300.0, 6315.0], [1295.0, 6320.0], [1285.0, 6320.0], [1275.0, 6320.0], [1265.0, 6320.0], [1260.0, 6315.0], [1255.0, 6310.0], [1245.0, 6310.0], [1240.0, 6315.0], [1235.0, 6320.0], [1225.0, 6320.0], [1215.0, 6320.0], [1210.0, 6325.0], [1205.0, 6330.0], [1195.0, 6330.0], [1185.0, 6330.0], [1180.0, 6335.0], [1175.0, 6340.0], [1165.0, 6340.0], [1155.0, 6340.0], [1150.0, 6345.0], [1145.0, 6350.0]]]}, "properties": {"objectType": "annotation", "name": "P2_3_C|peri", "classification": {"name": "peri", "color": [25, 158, 112]}, "lesion_id": 0, "section": "P2_3_C", "area_um2": 140650.0, "lesion_ids": [14, 18, 19, 20, 21, 26]}}, {"type": "Feature", "geometry": {"type": "Polygon", "coordinates": [[[2555.0, 6610.0], [2550.0, 6605.0], [2550.0, 6595.0], [2550.0, 6585.0], [2550.0, 6575.0], [2550.0, 6565.0], [2555.0, 6560.0], [2560.0, 6555.0], [2555.0, 6550.0], [2550.0, 6545.0], [2550.0, 6535.0], [2550.0, 6525.0], [2545.0, 6520.0], [2540.0, 6515.0], [2540.0, 6505.0], [2540.0, 6495.0], [2540.0, 6485.0], [2540.0, 6475.0], [2540.0, 6465.0], [2540.0, 6455.0], [2535.0, 6450.0], [2530.0, 6445.0], [2525.0, 6440.0], [2520.0, 6435.0], [2515.0, 6430.0], [2510.0, 6425.0], [2505.0, 6420.0], [2500.0, 6415.0], [2500.0, 6405.0], [2495.0, 6400.0], [2490.0, 6395.0], [2490.0, 6385.0], [2490.0, 6375.0], [2490.0, 6365.0], [2495.0, 6360.0], [2500.0, 6355.0], [2505.0, 6350.0], [2510.0, 6345.0], [2515.0, 6340.0], [2520.0, 6335.0], [2525.0, 6330.0], [2535.0, 6330.0], [2540.0, 6325.0], [2545.0, 6320.0], [2555.0, 6320.0], [2560.0, 6325.0], [2560.0, 6335.0], [2565.0, 6340.0], [2575.0, 6340.0], [2580.0, 6335.0], [2585.0, 6330.0], [2590.0, 6325.0], [2595.0, 6320.0], [2600.0, 6315.0], [2605.0, 6310.0], [2610.0, 6305.0], [2615.0, 6300.0], [2620.0, 6295.0], [2625.0, 6290.0], [2635.0, 6290.0], [2640.0, 6285.0], [2645.0, 6280.0], [2650.0, 6275.0], [2650.0, 6265.0], [2655.0, 6260.0], [2660.0, 6255.0], [2660.0, 6245.0], [2665.0, 6240.0], [2670.0, 6235.0], [2670.0, 6225.0], [2675.0, 6220.0], [2680.0, 6215.0], [2685.0, 6210.0], [2690.0, 6205.0], [2695.0, 6200.0], [2700.0, 6195.0], [2705.0, 6190.0], [2710.0, 6185.0], [2715.0, 6180.0], [2720.0, 6175.0], [2725.0, 6170.0], [2735.0, 6170.0], [2740.0, 6165.0], [2745.0, 6160.0], [2755.0, 6160.0], [2760.0, 6155.0], [2765.0, 6150.0], [2770.0, 6145.0], [2775.0, 6140.0], [2780.0, 6135.0], [2785.0, 6130.0], [2795.0, 6130.0], [2800.0, 6125.0], [2805.0, 6120.0], [2815.0, 6120.0], [2820.0, 6115.0], [2825.0, 6110.0], [2835.0, 6110.0], [2845.0, 6110.0], [2855.0, 6110.0], [2860.0, 6105.0], [2865.0, 6100.0], [2875.0, 6100.0], [2885.0, 6100.0], [2895.0, 6100.0], [2905.0, 6100.0], [2910.0, 6095.0], [2915.0, 6090.0], [2925.0, 6090.0], [2935.0, 6090.0], [2945.0, 6090.0], [2950.0, 6085.0], [2955.0, 6080.0], [2965.0, 6080.0], [2970.0, 6085.0], [2975.0, 6090.0], [2980.0, 6095.0], [2985.0, 6100.0], [2995.0, 6100.0], [3000.0, 6105.0], [3005.0, 6110.0], [3015.0, 6110.0], [3020.0, 6115.0], [3025.0, 6120.0], [3030.0, 6125.0], [3035.0, 6130.0], [3040.0, 6135.0], [3045.0, 6140.0], [3050.0, 6145.0], [3045.0, 6150.0], [3035.0, 6150.0], [3025.0, 6150.0], [3015.0, 6150.0], [3010.0, 6155.0], [3005.0, 6160.0], [3000.0, 6155.0], [2995.0, 6150.0], [2990.0, 6155.0], [2985.0, 6160.0], [2975.0, 6160.0], [2965.0, 6160.0], [2955.0, 6160.0], [2950.0, 6165.0], [2945.0, 6170.0], [2935.0, 6170.0], [2925.0, 6170.0], [2920.0, 6175.0], [2915.0, 6180.0], [2905.0, 6180.0], [2895.0, 6180.0], [2890.0, 6185.0], [2885.0, 6190.0], [2875.0, 6190.0], [2865.0, 6190.0], [2860.0, 6195.0], [2855.0, 6200.0], [2845.0, 6200.0], [2835.0, 6200.0], [2830.0, 6205.0], [2825.0, 6210.0], [2820.0, 6215.0], [2815.0, 6220.0], [2810.0, 6225.0], [2805.0, 6230.0], [2800.0, 6235.0], [2795.0, 6240.0], [2785.0, 6240.0], [2775.0, 6240.0], [2770.0, 6245.0], [2765.0, 6250.0], [2755.0, 6250.0], [2750.0, 6255.0], [2750.0, 6265.0], [2750.0, 6275.0], [2750.0, 6285.0], [2745.0, 6290.0], [2740.0, 6295.0], [2740.0, 6305.0], [2740.0, 6315.0], [2735.0, 6320.0], [2730.0, 6325.0], [2725.0, 6330.0], [2720.0, 6335.0], [2715.0, 6340.0], [2710.0, 6345.0], [2705.0, 6350.0], [2700.0, 6355.0], [2695.0, 6360.0], [2685.0, 6360.0], [2680.0, 6365.0], [2675.0, 6370.0], [2665.0, 6370.0], [2655.0, 6370.0], [2650.0, 6375.0], [2650.0, 6385.0], [2645.0, 6390.0], [2640.0, 6395.0], [2640.0, 6405.0], [2635.0, 6410.0], [2630.0, 6415.0], [2630.0, 6425.0], [2630.0, 6435.0], [2625.0, 6440.0], [2620.0, 6445.0], [2615.0, 6450.0], [2610.0, 6455.0], [2605.0, 6460.0], [2600.0, 6465.0], [2600.0, 6475.0], [2600.0, 6485.0], [2600.0, 6495.0], [2600.0, 6505.0], [2600.0, 6515.0], [2600.0, 6525.0], [2600.0, 6535.0], [2595.0, 6540.0], [2590.0, 6545.0], [2590.0, 6555.0], [2585.0, 6560.0], [2580.0, 6565.0], [2575.0, 6570.0], [2570.0, 6575.0], [2565.0, 6580.0], [2560.0, 6585.0], [2560.0, 6595.0], [2560.0, 6605.0], [2555.0, 6610.0]]]}, "properties": {"objectType": "annotation", "name": "R1_3_T|peri", "classification": {"name": "peri", "color": [25, 158, 112]}, "lesion_id": 0, "section": "R1_3_T", "area_um2": 63050.0, "lesion_ids": [22, 25, 27]}}, {"type": "Feature", "geometry": {"type": "Polygon", "coordinates": [[[1675.0, 6290.0], [1665.0, 6290.0], [1660.0, 6285.0], [1665.0, 6280.0], [1670.0, 6275.0], [1675.0, 6270.0], [1680.0, 6265.0], [1685.0, 6260.0], [1690.0, 6255.0], [1695.0, 6250.0], [1700.0, 6245.0], [1700.0, 6235.0], [1705.0, 6230.0], [1710.0, 6225.0], [1710.0, 6215.0], [1715.0, 6210.0], [1720.0, 6205.0], [1720.0, 6195.0], [1725.0, 6190.0], [1730.0, 6185.0], [1735.0, 6180.0], [1740.0, 6175.0], [1745.0, 6170.0], [1750.0, 6165.0], [1755.0, 6160.0], [1765.0, 6160.0], [1770.0, 6155.0], [1775.0, 6150.0], [1785.0, 6150.0], [1790.0, 6145.0], [1795.0, 6140.0], [1800.0, 6135.0], [1805.0, 6130.0], [1815.0, 6130.0], [1820.0, 6125.0], [1825.0, 6120.0], [1835.0, 6120.0], [1840.0, 6115.0], [1845.0, 6110.0], [1855.0, 6110.0], [1865.0, 6110.0], [1875.0, 6110.0], [1880.0, 6105.0], [1885.0, 6100.0], [1895.0, 6100.0], [1905.0, 6100.0], [1915.0, 6100.0], [1925.0, 6100.0], [1930.0, 6095.0], [1935.0, 6090.0], [1940.0, 6095.0], [1945.0, 6100.0], [1955.0, 6100.0], [1965.0, 6100.0], [1975.0, 6100.0], [1985.0, 6100.0], [1990.0, 6105.0], [1995.0, 6110.0], [2005.0, 6110.0], [2010.0, 6115.0], [2015.0, 6120.0], [2025.0, 6120.0], [2030.0, 6125.0], [2035.0, 6130.0], [2040.0, 6135.0], [2045.0, 6140.0], [2050.0, 6145.0], [2055.0, 6150.0], [2060.0, 6155.0], [2065.0, 6160.0], [2070.0, 6165.0], [2075.0, 6170.0], [2080.0, 6175.0], [2085.0, 6180.0], [2090.0, 6185.0], [2090.0, 6195.0], [2095.0, 6200.0], [2100.0, 6205.0], [2100.0, 6215.0], [2095.0, 6220.0], [2085.0, 6220.0], [2075.0, 6220.0], [2070.0, 6215.0], [2065.0, 6210.0], [2055.0, 6210.0], [2045.0, 6210.0], [2035.0, 6210.0], [2025.0, 6210.0], [2015.0, 6210.0], [2005.0, 6210.0], [1995.0, 6210.0], [1985.0, 6210.0], [1975.0, 6210.0], [1970.0, 6215.0], [1965.0, 6220.0], [1960.0, 6215.0], [1955.0, 6210.0], [1945.0, 6210.0], [1940.0, 6215.0], [1935.0, 6220.0], [1925.0, 6220.0], [1920.0, 6215.0], [1915.0, 6210.0], [1910.0, 6215.0], [1905.0, 6220.0], [1895.0, 6220.0], [1890.0, 6225.0], [1885.0, 6230.0], [1880.0, 6235.0], [1875.0, 6240.0], [1870.0, 6245.0], [1865.0, 6250.0], [1855.0, 6250.0], [1850.0, 6255.0], [1845.0, 6260.0], [1835.0, 6260.0], [1825.0, 6260.0], [1820.0, 6265.0], [1815.0, 6270.0], [1810.0, 6265.0], [1805.0, 6260.0], [1800.0, 6265.0], [1795.0, 6270.0], [1790.0, 6265.0], [1785.0, 6260.0], [1775.0, 6260.0], [1765.0, 6260.0], [1760.0, 6265.0], [1755.0, 6270.0], [1745.0, 6270.0], [1735.0, 6270.0], [1725.0, 6270.0], [1720.0, 6275.0], [1715.0, 6280.0], [1705.0, 6280.0], [1695.0, 6280.0], [1685.0, 6280.0], [1680.0, 6285.0], [1675.0, 6290.0]]]}, "properties": {"objectType": "annotation", "name": "R1_3_T|peri_23", "classification": {"name": "peri", "color": [25, 158, 112]}, "lesion_id": 23, "section": "R1_3_T", "area_um2": 41750.0, "lesion_ids": [23]}}, {"type": "Feature", "geometry": {"type": "Polygon", "coordinates": [[[3065.0, 8140.0], [3055.0, 8140.0], [3045.0, 8140.0], [3035.0, 8140.0], [3025.0, 8140.0], [3015.0, 8140.0], [3005.0, 8140.0], [3000.0, 8135.0], [2995.0, 8130.0], [2985.0, 8130.0], [2975.0, 8130.0], [2970.0, 8125.0], [2975.0, 8120.0], [2980.0, 8115.0], [2985.0, 8110.0], [2990.0, 8105.0], [2995.0, 8100.0], [3000.0, 8095.0], [3005.0, 8090.0], [3015.0, 8090.0], [3025.0, 8090.0], [3035.0, 8090.0], [3045.0, 8090.0], [3050.0, 8085.0], [3055.0, 8080.0], [3060.0, 8075.0], [3065.0, 8070.0], [3070.0, 8065.0], [3075.0, 8060.0], [3080.0, 8055.0], [3085.0, 8050.0], [3090.0, 8045.0], [3090.0, 8035.0], [3090.0, 8025.0], [3090.0, 8015.0], [3090.0, 8005.0], [3095.0, 8000.0], [3100.0, 7995.0], [3100.0, 7985.0], [3100.0, 7975.0], [3095.0, 7970.0], [3090.0, 7965.0], [3085.0, 7960.0], [3080.0, 7955.0], [3075.0, 7950.0], [3070.0, 7945.0], [3070.0, 7935.0], [3070.0, 7925.0], [3070.0, 7915.0], [3075.0, 7910.0], [3080.0, 7905.0], [3085.0, 7900.0], [3090.0, 7895.0], [3095.0, 7890.0], [3100.0, 7885.0], [3105.0, 7880.0], [3110.0, 7875.0], [3115.0, 7870.0], [3120.0, 7875.0], [3125.0, 7880.0], [3130.0, 7875.0], [3135.0, 7870.0], [3140.0, 7865.0], [3145.0, 7860.0], [3150.0, 7855.0], [3145.0, 7850.0], [3140.0, 7845.0], [3135.0, 7840.0], [3130.0, 7835.0], [3125.0, 7830.0], [3120.0, 7835.0], [3115.0, 7840.0], [3110.0, 7835.0], [3105.0, 7830.0], [3100.0, 7825.0], [3095.0, 7820.0], [3090.0, 7815.0], [3085.0, 7810.0], [3080.0, 7805.0], [3075.0, 7800.0], [3070.0, 7795.0], [3065.0, 7790.0], [3060.0, 7785.0], [3055.0, 7780.0], [3050.0, 7775.0], [3045.0, 7770.0], [3035.0, 7770.0], [3030.0, 7765.0], [3025.0, 7760.0], [3020.0, 7755.0], [3015.0, 7750.0], [3010.0, 7745.0], [3005.0, 7740.0], [3000.0, 7735.0], [2995.0, 7730.0], [2985.0, 7730.0], [2980.0, 7725.0], [2975.0, 7720.0], [2970.0, 7715.0], [2965.0, 7710.0], [2960.0, 7705.0], [2955.0, 7700.0], [2950.0, 7695.0], [2945.0, 7690.0], [2940.0, 7685.0], [2935.0, 7680.0], [2925.0, 7680.0], [2920.0, 7675.0], [2915.0, 7670.0], [2905.0, 7670.0], [2900.0, 7665.0], [2895.0, 7660.0], [2885.0, 7660.0], [2880.0, 7655.0], [2875.0, 7650.0], [2865.0, 7650.0], [2855.0, 7650.0], [2845.0, 7650.0], [2835.0, 7650.0], [2830.0, 7645.0], [2825.0, 7640.0], [2820.0, 7635.0], [2815.0, 7630.0], [2805.0, 7630.0], [2800.0, 7625.0], [2795.0, 7620.0], [2785.0, 7620.0], [2780.0, 7615.0], [2775.0, 7610.0], [2765.0, 7610.0], [2760.0, 7605.0], [2755.0, 7600.0], [2750.0, 7595.0], [2745.0, 7590.0], [2740.0, 7585.0], [2735.0, 7580.0], [2725.0, 7580.0], [2715.0, 7580.0], [2710.0, 7585.0], [2705.0, 7590.0], [2700.0, 7585.0], [2695.0, 7580.0], [2690.0, 7575.0], [2685.0, 7570.0], [2680.0, 7565.0], [2675.0, 7560.0], [2670.0, 7555.0], [2665.0, 7550.0], [2655.0, 7550.0], [2645.0, 7550.0], [2640.0, 7555.0], [2635.0, 7560.0], [2625.0, 7560.0], [2620.0, 7565.0], [2615.0, 7570.0], [2605.0, 7570.0], [2595.0, 7570.0], [2585.0, 7570.0], [2575.0, 7570.0], [2565.0, 7570.0], [2560.0, 7575.0], [2555.0, 7580.0], [2550.0, 7585.0], [2545.0, 7590.0], [2540.0, 7595.0], [2535.0, 7600.0], [2530.0, 7605.0], [2525.0, 7610.0], [2520.0, 7615.0], [2515.0, 7620.0], [2510.0, 7625.0], [2505.0, 7630.0], [2500.0, 7635.0], [2495.0, 7640.0], [2490.0, 7645.0], [2490.0, 7655.0], [2490.0, 7665.0], [2490.0, 7675.0], [2490.0, 7685.0], [2485.0, 7690.0], [2480.0, 7695.0], [2475.0, 7700.0], [2470.0, 7695.0], [2470.0, 7685.0], [2470.0, 7675.0], [2470.0, 7665.0], [2470.0, 7655.0], [2475.0, 7650.0], [2480.0, 7645.0], [2480.0, 7635.0], [2480.0, 7625.0], [2480.0, 7615.0], [2480.0, 7605.0], [2480.0, 7595.0], [2480.0, 7585.0], [2480.0, 7575.0], [2480.0, 7565.0], [2480.0, 7555.0], [2480.0, 7545.0], [2475.0, 7540.0], [2470.0, 7535.0], [2470.0, 7525.0], [2475.0, 7520.0], [2480.0, 7515.0], [2480.0, 7505.0], [2480.0, 7495.0], [2480.0, 7485.0], [2485.0, 7480.0], [2490.0, 7475.0], [2490.0, 7465.0], [2490.0, 7455.0], [2495.0, 7450.0], [2500.0, 7455.0], [2505.0, 7460.0], [2510.0, 7465.0], [2515.0, 7470.0], [2525.0, 7470.0], [2535.0, 7470.0], [2540.0, 7475.0], [2545.0, 7480.0], [2550.0, 7475.0], [2555.0, 7470.0], [2565.0, 7470.0], [2575.0, 7470.0], [2580.0, 7465.0], [2585.0, 7460.0], [2590.0, 7455.0], [2595.0, 7450.0], [2605.0, 7450.0], [2610.0, 7445.0], [2615.0, 7440.0], [2620.0, 7435.0], [2625.0, 7430.0], [2630.0, 7425.0], [2635.0, 7420.0], [2645.0, 7420.0], [2650.0, 7415.0], [2655.0, 7410.0], [2660.0, 7405.0], [2665.0, 7400.0], [2670.0, 7395.0], [2670.0, 7385.0], [2670.0, 7375.0], [2665.0, 7370.0], [2660.0, 7365.0], [2655.0, 7360.0], [2650.0, 7355.0], [2655.0, 7350.0], [2660.0, 7345.0], [2665.0, 7340.0], [2670.0, 7335.0], [2670.0, 7325.0], [2670.0, 7315.0], [2670.0, 7305.0], [2670.0, 7295.0], [2665.0, 7290.0], [2660.0, 7285.0], [2655.0, 7280.0], [2650.0, 7275.0], [2650.0, 7265.0], [2650.0, 7255.0], [2655.0, 7250.0], [2660.0, 7245.0], [2665.0, 7240.0], [2670.0, 7235.0], [2675.0, 7230.0], [2685.0, 7230.0], [2695.0, 7230.0], [2705.0, 7230.0], [2715.0, 7230.0], [2720.0, 7235.0], [2725.0, 7240.0], [2730.0, 7245.0], [2735.0, 7250.0], [2745.0, 7250.0], [2750.0, 7255.0], [2755.0, 7260.0], [2765.0, 7260.0], [2770.0, 7265.0], [2775.0, 7270.0], [2780.0, 7275.0], [2785.0, 7280.0], [2790.0, 7275.0], [2795.0, 7270.0], [2805.0, 7270.0], [2815.0, 7270.0], [2820.0, 7265.0], [2825.0, 7260.0], [2830.0, 7255.0], [2835.0, 7250.0], [2845.0, 7250.0], [2850.0, 7245.0], [2855.0, 7240.0], [2860.0, 7235.0], [2865.0, 7230.0], [2875.0, 7230.0], [2880.0, 7225.0], [2885.0, 7220.0], [2895.0, 7220.0], [2900.0, 7215.0], [2905.0, 7210.0], [2910.0, 7205.0], [2915.0, 7200.0], [2920.0, 7195.0], [2920.0, 7185.0], [2920.0, 7175.0], [2920.0, 7165.0], [2915.0, 7160.0], [2910.0, 7155.0], [2910.0, 7145.0], [2915.0, 7140.0], [2920.0, 7135.0], [2915.0, 7130.0], [2910.0, 7125.0], [2905.0, 7120.0], [2900.0, 7115.0], [2895.0, 7110.0], [2890.0, 7105.0], [2885.0, 7100.0], [2880.0, 7095.0], [2875.0, 7090.0], [2870.0, 7085.0], [2865.0, 7080.0], [2860.0, 7075.0], [2855.0, 7070.0], [2850.0, 7065.0], [2845.0, 7060.0], [2835.0, 7060.0], [2830.0, 7055.0], [2825.0, 7050.0], [2815.0, 7050.0], [2805.0, 7050.0], [2800.0, 7045.0], [2795.0, 7040.0], [2785.0, 7040.0], [2775.0, 7040.0], [2770.0, 7035.0], [2765.0, 7030.0], [2755.0, 7030.0], [2750.0, 7025.0], [2745.0, 7020.0], [2740.0, 7015.0], [2735.0, 7010.0], [2730.0, 7005.0], [2730.0, 6995.0], [2735.0, 6990.0], [2740.0, 6985.0], [2740.0, 6975.0], [2735.0, 6970.0], [2730.0, 6965.0], [2730.0, 6955.0], [2735.0, 6950.0], [2740.0, 6945.0], [2735.0, 6940.0], [2730.0, 6935.0], [2725.0, 6930.0], [2720.0, 6925.0], [2715.0, 6920.0], [2710.0, 6915.0], [2705.0, 6910.0], [2700.0, 6905.0], [2700.0, 6895.0], [2695.0, 6890.0], [2690.0, 6885.0], [2685.0, 6880.0], [2680.0, 6875.0], [2675.0, 6870.0], [2665.0, 6870.0], [2655.0, 6870.0], [2645.0, 6870.0], [2635.0, 6870.0], [2630.0, 6865.0], [2625.0, 6860.0], [2620.0, 6865.0], [2615.0, 6870.0], [2610.0, 6865.0], [2605.0, 6860.0], [2600.0, 6855.0], [2595.0, 6850.0], [2590.0, 6855.0], [2585.0, 6860.0], [2580.0, 6865.0], [2575.0, 6870.0], [2570.0, 6875.0], [2565.0, 6880.0], [2560.0, 6885.0], [2560.0, 6895.0], [2555.0, 6900.0], [2550.0, 6905.0], [2550.0, 6915.0], [2545.0, 6920.0], [2540.0, 6915.0], [2540.0, 6905.0], [2540.0, 6895.0], [2535.0, 6890.0], [2530.0, 6885.0], [2530.0, 6875.0], [2525.0, 6870.0], [2520.0, 6865.0], [2520.0, 6855.0], [2520.0, 6845.0], [2525.0, 6840.0], [2530.0, 6835.0], [2530.0, 6825.0], [2530.0, 6815.0], [2535.0, 6810.0], [2540.0, 6805.0], [2540.0, 6795.0], [2545.0, 6790.0], [2550.0, 6785.0], [2550.0, 6775.0], [2555.0, 6770.0], [2560.0, 6765.0], [2560.0, 6755.0], [2560.0, 6745.0], [2560.0, 6735.0], [2560.0, 6725.0], [2565.0, 6720.0], [2570.0, 6715.0], [2570.0, 6705.0], [2570.0, 6695.0], [2570.0, 6685.0], [2565.0, 6680.0], [2560.0, 6675.0], [2560.0, 6665.0], [2555.0, 6660.0], [2545.0, 6660.0], [2540.0, 6665.0], [2535.0, 6670.0], [2530.0, 6675.0], [2525.0, 6680.0], [2520.0, 6685.0], [2520.0, 6695.0], [2520.0, 6705.0], [2515.0, 6710.0], [2510.0, 6705.0], [2505.0, 6700.0], [2500.0, 6695.0], [2500.0, 6685.0], [2495.0, 6680.0], [2490.0, 6675.0], [2490.0, 6665.0], [2485.0, 6660.0], [2480.0, 6655.0], [2480.0, 6645.0], [2480.0, 6635.0], [2480.0, 6625.0], [2480.0, 6615.0], [2480.0, 6605.0], [2480.0, 6595.0], [2480.0, 6585.0], [2475.0, 6580.0], [2470.0, 6575.0], [2470.0, 6565.0], [2470.0, 6555.0], [2470.0, 6545.0], [2470.0, 6535.0], [2470.0, 6525.0], [2470.0, 6515.0], [2475.0, 6510.0], [2480.0, 6505.0], [2480.0, 6495.0], [2480.0, 6485.0], [2480.0, 6475.0], [2480.0, 6465.0], [2480.0, 6455.0], [2480.0, 6445.0], [2480.0, 6435.0], [2485.0, 6430.0], [2490.0, 6435.0], [2495.0, 6440.0], [2500.0, 6445.0], [2505.0, 6450.0], [2510.0, 6455.0], [2510.0, 6465.0], [2510.0, 6475.0], [2515.0, 6480.0], [2520.0, 6485.0], [2520.0, 6495.0], [2520.0, 6505.0], [2520.0, 6515.0], [2520.0, 6525.0], [2520.0, 6535.0], [2520.0, 6545.0], [2525.0, 6550.0], [2530.0, 6555.0], [2530.0, 6565.0], [2530.0, 6575.0], [2530.0, 6585.0], [2530.0, 6595.0], [2530.0, 6605.0], [2530.0, 6615.0], [2535.0, 6620.0], [2540.0, 6625.0], [2540.0, 6635.0], [2545.0, 6640.0], [2555.0, 6640.0], [2560.0, 6635.0], [2565.0, 6630.0], [2570.0, 6625.0], [2575.0, 6620.0], [2580.0, 6615.0], [2580.0, 6605.0], [2580.0, 6595.0], [2585.0, 6590.0], [2590.0, 6585.0], [2595.0, 6580.0], [2600.0, 6585.0], [2600.0, 6595.0], [2600.0, 6605.0], [2600.0, 6615.0], [2600.0, 6625.0], [2605.0, 6630.0], [2610.0, 6635.0], [2615.0, 6640.0], [2620.0, 6645.0], [2625.0, 6650.0], [2630.0, 6655.0], [2635.0, 6660.0], [2640.0, 6665.0], [2645.0, 6670.0], [2650.0, 6675.0], [2655.0, 6680.0], [2660.0, 6675.0], [2665.0, 6670.0], [2670.0, 6675.0], [2675.0, 6680.0], [2680.0, 6675.0], [2685.0, 6670.0], [2695.0, 6670.0], [2700.0, 6665.0], [2705.0, 6660.0], [2710.0, 6655.0], [2715.0, 6650.0], [2720.0, 6645.0], [2725.0, 6640.0], [2730.0, 6635.0], [2735.0, 6630.0], [2745.0, 6630.0], [2750.0, 6635.0], [2755.0, 6640.0], [2760.0, 6645.0], [2765.0, 6650.0], [2770.0, 6645.0], [2775.0, 6640.0], [2785.0, 6640.0], [2790.0, 6635.0], [2795.0, 6630.0], [2800.0, 6625.0], [2805.0, 6620.0], [2810.0, 6615.0], [2815.0, 6610.0], [2820.0, 6605.0], [2825.0, 6600.0], [2830.0, 6595.0], [2835.0, 6590.0], [2840.0, 6585.0], [2845.0, 6580.0], [2855.0, 6580.0], [2860.0, 6575.0], [2865.0, 6570.0], [2870.0, 6565.0], [2875.0, 6560.0], [2880.0, 6555.0], [2880.0, 6545.0], [2880.0, 6535.0], [2875.0, 6530.0], [2870.0, 6525.0], [2875.0, 6520.0], [2880.0, 6515.0], [2885.0, 6510.0], [2890.0, 6505.0], [2895.0, 6500.0], [2900.0, 6495.0], [2900.0, 6485.0], [2905.0, 6480.0], [2910.0, 6475.0], [2910.0, 6465.0], [2915.0, 6460.0], [2920.0, 6455.0], [2920.0, 6445.0], [2920.0, 6435.0], [2925.0, 6430.0], [2930.0, 6425.0], [2935.0, 6420.0], [2940.0, 6415.0], [2940.0, 6405.0], [2945.0, 6400.0], [2950.0, 6395.0], [2950.0, 6385.0], [2950.0, 6375.0], [2955.0, 6370.0], [2960.0, 6365.0], [2955.0, 6360.0], [2950.0, 6355.0], [2945.0, 6350.0], [2940.0, 6345.0], [2935.0, 6340.0], [2930.0, 6335.0], [2930.0, 6325.0], [2935.0, 6320.0], [2940.0, 6315.0], [2945.0, 6310.0], [2950.0, 6305.0], [2955.0, 6300.0], [2960.0, 6295.0], [2965.0, 6290.0], [2970.0, 6285.0], [2970.0, 6275.0], [2965.0, 6270.0], [2960.0, 6265.0], [2955.0, 6260.0], [2950.0, 6255.0], [2945.0, 6250.0], [2940.0, 6245.0], [2935.0, 6240.0], [2930.0, 6235.0], [2925.0, 6230.0], [2920.0, 6235.0], [2915.0, 6240.0], [2910.0, 6235.0], [2905.0, 6230.0], [2900.0, 6225.0], [2895.0, 6220.0], [2890.0, 6215.0], [2895.0, 6210.0], [2900.0, 6205.0], [2905.0, 6200.0], [2915.0, 6200.0], [2925.0, 6200.0], [2930.0, 6195.0], [2935.0, 6190.0], [2945.0, 6190.0], [2955.0, 6190.0], [2960.0, 6185.0], [2965.0, 6180.0], [2975.0, 6180.0], [2985.0, 6180.0], [2995.0, 6180.0], [3005.0, 6180.0], [3015.0, 6180.0], [3020.0, 6175.0], [3025.0, 6170.0], [3035.0, 6170.0], [3045.0, 6170.0], [3055.0, 6170.0], [3060.0, 6175.0], [3065.0, 6180.0], [3070.0, 6185.0], [3075.0, 6190.0], [3080.0, 6195.0], [3085.0, 6200.0], [3090.0, 6205.0], [3090.0, 6215.0], [3095.0, 6220.0], [3100.0, 6225.0], [3100.0, 6235.0], [3100.0, 6245.0], [3100.0, 6255.0], [3100.0, 6265.0], [3100.0, 6275.0], [3100.0, 6285.0], [3100.0, 6295.0], [3100.0, 6305.0], [3100.0, 6315.0], [3100.0, 6325.0], [3100.0, 6335.0], [3095.0, 6340.0], [3090.0, 6345.0], [3090.0, 6355.0], [3090.0, 6365.0], [3090.0, 6375.0], [3090.0, 6385.0], [3090.0, 6395.0], [3090.0, 6405.0], [3090.0, 6415.0], [3085.0, 6420.0], [3080.0, 6425.0], [3080.0, 6435.0], [3080.0, 6445.0], [3075.0, 6450.0], [3070.0, 6455.0], [3070.0, 6465.0], [3065.0, 6470.0], [3060.0, 6475.0], [3060.0, 6485.0], [3055.0, 6490.0], [3050.0, 6495.0], [3050.0, 6505.0], [3045.0, 6510.0], [3040.0, 6515.0], [3040.0, 6525.0], [3035.0, 6530.0], [3030.0, 6535.0], [3030.0, 6545.0], [3025.0, 6550.0], [3020.0, 6555.0], [3020.0, 6565.0], [3015.0, 6570.0], [3010.0, 6575.0], [3010.0, 6585.0], [3010.0, 6595.0], [3010.0, 6605.0], [3005.0, 6610.0], [3000.0, 6615.0], [3000.0, 6625.0], [2995.0, 6630.0], [2990.0, 6635.0], [2985.0, 6640.0], [2980.0, 6645.0], [2975.0, 6650.0], [2970.0, 6655.0], [2965.0, 6660.0], [2960.0, 6665.0], [2955.0, 6670.0], [2950.0, 6675.0], [2945.0, 6680.0], [2940.0, 6685.0], [2935.0, 6690.0], [2930.0, 6695.0], [2925.0, 6700.0], [2915.0, 6700.0], [2910.0, 6705.0], [2905.0, 6710.0], [2900.0, 6715.0], [2895.0, 6720.0], [2890.0, 6725.0], [2885.0, 6730.0], [2880.0, 6735.0], [2875.0, 6740.0], [2870.0, 6745.0], [2865.0, 6750.0], [2860.0, 6755.0], [2855.0, 6760.0], [2845.0, 6760.0], [2840.0, 6765.0], [2835.0, 6770.0], [2825.0, 6770.0], [2820.0, 6775.0], [2815.0, 6780.0], [2805.0, 6780.0], [2795.0, 6780.0], [2785.0, 6780.0], [2780.0, 6785.0], [2785.0, 6790.0], [2790.0, 6795.0], [2795.0, 6800.0], [2800.0, 6805.0], [2805.0, 6810.0], [2810.0, 6815.0], [2815.0, 6820.0], [2820.0, 6825.0], [2820.0, 6835.0], [2825.0, 6840.0], [2830.0, 6845.0], [2835.0, 6850.0], [2840.0, 6855.0], [2845.0, 6860.0], [2850.0, 6865.0], [2855.0, 6870.0], [2860.0, 6875.0], [2860.0, 6885.0], [2865.0, 6890.0], [2870.0, 6895.0], [2870.0, 6905.0], [2870.0, 6915.0], [2875.0, 6920.0], [2880.0, 6925.0], [2885.0, 6930.0], [2895.0, 6930.0], [2900.0, 6935.0], [2905.0, 6940.0], [2915.0, 6940.0], [2920.0, 6945.0], [2925.0, 6950.0], [2930.0, 6955.0], [2935.0, 6960.0], [2940.0, 6965.0], [2945.0, 6970.0], [2950.0, 6975.0], [2955.0, 6980.0], [2960.0, 6985.0], [2965.0, 6990.0], [2970.0, 6995.0], [2975.0, 7000.0], [2980.0, 7005.0], [2985.0, 7010.0], [2990.0, 7015.0], [2995.0, 7020.0], [3000.0, 7025.0], [3005.0, 7030.0], [3010.0, 7035.0], [3015.0, 7040.0], [3020.0, 7045.0], [3025.0, 7050.0], [3030.0, 7055.0], [3035.0, 7060.0], [3040.0, 7065.0], [3040.0, 7075.0], [3045.0, 7080.0], [3050.0, 7085.0], [3050.0, 7095.0], [3050.0, 7105.0], [3050.0, 7115.0], [3050.0, 7125.0], [3050.0, 7135.0], [3050.0, 7145.0], [3050.0, 7155.0], [3050.0, 7165.0], [3050.0, 7175.0], [3050.0, 7185.0], [3050.0, 7195.0], [3050.0, 7205.0], [3050.0, 7215.0], [3050.0, 7225.0], [3050.0, 7235.0], [3050.0, 7245.0], [3045.0, 7250.0], [3040.0, 7255.0], [3040.0, 7265.0], [3035.0, 7270.0], [3030.0, 7275.0], [3025.0, 7280.0], [3020.0, 7285.0], [3015.0, 7290.0], [3010.0, 7295.0], [3005.0, 7300.0], [3000.0, 7305.0], [2995.0, 7310.0], [2990.0, 7315.0], [2985.0, 7320.0], [2980.0, 7325.0], [2975.0, 7330.0], [2970.0, 7335.0], [2965.0, 7340.0], [2955.0, 7340.0], [2950.0, 7345.0], [2945.0, 7350.0], [2935.0, 7350.0], [2930.0, 7355.0], [2925.0, 7360.0], [2920.0, 7365.0], [2915.0, 7370.0], [2905.0, 7370.0], [2900.0, 7375.0], [2895.0, 7380.0], [2890.0, 7385.0], [2885.0, 7390.0], [2875.0, 7390.0], [2870.0, 7395.0], [2865.0, 7400.0], [2855.0, 7400.0], [2845.0, 7400.0], [2840.0, 7405.0], [2835.0, 7410.0], [2825.0, 7410.0], [2815.0, 7410.0], [2805.0, 7410.0], [2800.0, 7415.0], [2800.0, 7425.0], [2800.0, 7435.0], [2800.0, 7445.0], [2795.0, 7450.0], [2790.0, 7455.0], [2795.0, 7460.0], [2805.0, 7460.0], [2810.0, 7465.0], [2815.0, 7470.0], [2820.0, 7475.0], [2825.0, 7480.0], [2830.0, 7485.0], [2835.0, 7490.0], [2845.0, 7490.0], [2850.0, 7495.0], [2855.0, 7500.0], [2865.0, 7500.0], [2870.0, 7505.0], [2875.0, 7510.0], [2885.0, 7510.0], [2890.0, 7515.0], [2895.0, 7520.0], [2905.0, 7520.0], [2915.0, 7520.0], [2925.0, 7520.0], [2930.0, 7525.0], [2935.0, 7530.0], [2945.0, 7530.0], [2950.0, 7535.0], [2955.0, 7540.0], [2965.0, 7540.0], [2970.0, 7545.0], [2975.0, 7550.0], [2985.0, 7550.0], [2990.0, 7555.0], [2995.0, 7560.0], [3005.0, 7560.0], [3010.0, 7565.0], [3015.0, 7570.0], [3020.0, 7575.0], [3025.0, 7580.0], [3030.0, 7585.0], [3035.0, 7590.0], [3040.0, 7595.0], [3045.0, 7600.0], [3050.0, 7605.0], [3055.0, 7610.0], [3065.0, 7610.0], [3070.0, 7615.0], [3075.0, 7620.0], [3080.0, 7625.0], [3085.0, 7630.0], [3090.0, 7635.0], [3095.0, 7640.0], [3100.0, 7645.0], [3105.0, 7650.0], [3115.0, 7650.0], [3120.0, 7655.0], [3125.0, 7660.0], [3130.0, 7665.0], [3135.0, 7670.0], [3140.0, 7675.0], [3145.0, 7680.0], [3150.0, 7685.0], [3155.0, 7690.0], [3160.0, 7695.0], [3165.0, 7700.0], [3175.0, 7700.0], [3180.0, 7705.0], [3185.0, 7710.0], [3195.0, 7710.0], [3200.0, 7715.0], [3205.0, 7720.0], [3210.0, 7725.0], [3215.0, 7730.0], [3220.0, 7735.0], [3225.0, 7740.0], [3230.0, 7745.0], [3235.0, 7750.0], [3240.0, 7755.0], [3245.0, 7760.0], [3250.0, 7765.0], [3255.0, 7770.0], [3260.0, 7775.0], [3265.0, 7780.0], [3270.0, 7785.0], [3270.0, 7795.0], [3275.0, 7800.0], [3280.0, 7805.0], [3280.0, 7815.0], [3280.0, 7825.0], [3280.0, 7835.0], [3280.0, 7845.0], [3280.0, 7855.0], [3280.0, 7865.0], [3280.0, 7875.0], [3280.0, 7885.0], [3280.0, 7895.0], [3280.0, 7905.0], [3275.0, 7910.0], [3270.0, 7915.0], [3270.0, 7925.0], [3265.0, 7930.0], [3260.0, 7935.0], [3255.0, 7940.0], [3250.0, 7945.0], [3245.0, 7950.0], [3240.0, 7955.0], [3235.0, 7960.0], [3230.0, 7965.0], [3230.0, 7975.0], [3230.0, 7985.0], [3230.0, 7995.0], [3230.0, 8005.0], [3230.0, 8015.0], [3230.0, 8025.0], [3230.0, 8035.0], [3230.0, 8045.0], [3225.0, 8050.0], [3220.0, 8055.0], [3220.0, 8065.0], [3220.0, 8075.0], [3220.0, 8085.0], [3220.0, 8095.0], [3215.0, 8100.0], [3210.0, 8105.0], [3205.0, 8110.0], [3200.0, 8115.0], [3195.0, 8120.0], [3185.0, 8120.0], [3175.0, 8120.0], [3170.0, 8125.0], [3165.0, 8130.0], [3155.0, 8130.0], [3145.0, 8130.0], [3135.0, 8130.0], [3125.0, 8130.0], [3115.0, 8130.0], [3105.0, 8130.0], [3095.0, 8130.0], [3085.0, 8130.0], [3075.0, 8130.0], [3070.0, 8135.0], [3065.0, 8140.0]]]}, "properties": {"objectType": "annotation", "name": "P2_3_L|peri", "classification": {"name": "peri", "color": [25, 158, 112]}, "lesion_id": 0, "section": "P2_3_L", "area_um2": 444650.0, "lesion_ids": [22, 25, 27, 28, 29]}}, {"type": "Feature", "geometry": {"type": "Polygon", "coordinates": [[[4055.0, 7370.0], [4050.0, 7365.0], [4050.0, 7355.0], [4055.0, 7350.0], [4060.0, 7345.0], [4060.0, 7335.0], [4055.0, 7330.0], [4050.0, 7325.0], [4055.0, 7320.0], [4060.0, 7315.0], [4060.0, 7305.0], [4060.0, 7295.0], [4065.0, 7290.0], [4070.0, 7285.0], [4065.0, 7280.0], [4055.0, 7280.0], [4045.0, 7280.0], [4040.0, 7285.0], [4040.0, 7295.0], [4035.0, 7300.0], [4030.0, 7305.0], [4030.0, 7315.0], [4030.0, 7325.0], [4030.0, 7335.0], [4030.0, 7345.0], [4025.0, 7350.0], [4020.0, 7355.0], [4015.0, 7360.0], [4005.0, 7360.0], [3995.0, 7360.0], [3985.0, 7360.0], [3975.0, 7360.0], [3965.0, 7360.0], [3955.0, 7360.0], [3950.0, 7355.0], [3945.0, 7350.0], [3935.0, 7350.0], [3930.0, 7345.0], [3925.0, 7340.0], [3920.0, 7335.0], [3915.0, 7330.0], [3905.0, 7330.0], [3900.0, 7325.0], [3895.0, 7320.0], [3890.0, 7315.0], [3885.0, 7310.0], [3880.0, 7305.0], [3875.0, 7300.0], [3870.0, 7295.0], [3865.0, 7290.0], [3860.0, 7285.0], [3855.0, 7280.0], [3850.0, 7275.0], [3845.0, 7270.0], [3840.0, 7265.0], [3835.0, 7260.0], [3830.0, 7255.0], [3825.0, 7250.0], [3820.0, 7245.0], [3820.0, 7235.0], [3815.0, 7230.0], [3810.0, 7225.0], [3805.0, 7220.0], [3800.0, 7215.0], [3800.0, 7205.0], [3795.0, 7200.0], [3790.0, 7195.0], [3790.0, 7185.0], [3785.0, 7180.0], [3780.0, 7175.0], [3780.0, 7165.0], [3775.0, 7160.0], [3770.0, 7155.0], [3770.0, 7145.0], [3765.0, 7140.0], [3760.0, 7135.0], [3760.0, 7125.0], [3760.0, 7115.0], [3760.0, 7105.0], [3760.0, 7095.0], [3760.0, 7085.0], [3760.0, 7075.0], [3760.0, 7065.0], [3760.0, 7055.0], [3760.0, 7045.0], [3760.0, 7035.0], [3765.0, 7030.0], [3770.0, 7025.0], [3770.0, 7015.0], [3775.0, 7010.0], [3780.0, 7005.0], [3780.0, 6995.0], [3785.0, 6990.0], [3790.0, 6985.0], [3790.0, 6975.0], [3795.0, 6970.0], [3800.0, 6965.0], [3800.0, 6955.0], [3800.0, 6945.0], [3800.0, 6935.0], [3800.0, 6925.0], [3800.0, 6915.0], [3805.0, 6910.0], [3810.0, 6905.0], [3810.0, 6895.0], [3810.0, 6885.0], [3810.0, 6875.0], [3810.0, 6865.0], [3810.0, 6855.0], [3810.0, 6845.0], [3815.0, 6840.0], [3820.0, 6835.0], [3820.0, 6825.0], [3820.0, 6815.0], [3820.0, 6805.0], [3820.0, 6795.0], [3820.0, 6785.0], [3820.0, 6775.0], [3820.0, 6765.0], [3825.0, 6760.0], [3830.0, 6755.0], [3830.0, 6745.0], [3830.0, 6735.0], [3830.0, 6725.0], [3825.0, 6720.0], [3820.0, 6715.0], [3815.0, 6710.0], [3810.0, 6705.0], [3810.0, 6695.0], [3805.0, 6690.0], [3800.0, 6685.0], [3800.0, 6675.0], [3800.0, 6665.0], [3795.0, 6660.0], [3790.0, 6655.0], [3790.0, 6645.0], [3790.0, 6635.0], [3790.0, 6625.0], [3790.0, 6615.0], [3790.0, 6605.0], [3790.0, 6595.0], [3790.0, 6585.0], [3790.0, 6575.0], [3790.0, 6565.0], [3790.0, 6555.0], [3790.0, 6545.0], [3790.0, 6535.0], [3790.0, 6525.0], [3785.0, 6520.0], [3780.0, 6515.0], [3775.0, 6510.0], [3770.0, 6505.0], [3765.0, 6500.0], [3760.0, 6495.0], [3760.0, 6485.0], [3755.0, 6480.0], [3750.0, 6475.0], [3750.0, 6465.0], [3745.0, 6460.0], [3740.0, 6455.0], [3735.0, 6450.0], [3730.0, 6445.0], [3725.0, 6440.0], [3720.0, 6435.0], [3720.0, 6425.0], [3715.0, 6420.0], [3710.0, 6415.0], [3710.0, 6405.0], [3710.0, 6395.0], [3710.0, 6385.0], [3710.0, 6375.0], [3710.0, 6365.0], [3710.0, 6355.0], [3710.0, 6345.0], [3710.0, 6335.0], [3710.0, 6325.0], [3710.0, 6315.0], [3710.0, 6305.0], [3715.0, 6300.0], [3725.0, 6300.0], [3735.0, 6300.0], [3745.0, 6300.0], [3750.0, 6305.0], [3755.0, 6310.0], [3765.0, 6310.0], [3770.0, 6315.0], [3775.0, 6320.0], [3780.0, 6325.0], [3785.0, 6330.0], [3795.0, 6330.0], [3800.0, 6335.0], [3805.0, 6340.0], [3815.0, 6340.0], [3825.0, 6340.0], [3835.0, 6340.0], [3840.0, 6345.0], [3840.0, 6355.0], [3840.0, 6365.0], [3845.0, 6370.0], [3850.0, 6375.0], [3855.0, 6380.0], [3860.0, 6385.0], [3865.0, 6390.0], [3870.0, 6395.0], [3870.0, 6405.0], [3875.0, 6410.0], [3880.0, 6415.0], [3880.0, 6425.0], [3885.0, 6430.0], [3890.0, 6435.0], [3895.0, 6440.0], [3900.0, 6445.0], [3905.0, 6450.0], [3910.0, 6455.0], [3915.0, 6460.0], [3920.0, 6465.0], [3925.0, 6470.0], [3930.0, 6475.0], [3930.0, 6485.0], [3930.0, 6495.0], [3930.0, 6505.0], [3930.0, 6515.0], [3925.0, 6520.0], [3920.0, 6525.0], [3920.0, 6535.0], [3920.0, 6545.0], [3920.0, 6555.0], [3920.0, 6565.0], [3920.0, 6575.0], [3920.0, 6585.0], [3920.0, 6595.0], [3920.0, 6605.0], [3925.0, 6610.0], [3930.0, 6615.0], [3930.0, 6625.0], [3930.0, 6635.0], [3935.0, 6640.0], [3940.0, 6645.0], [3945.0, 6650.0], [3950.0, 6655.0], [3950.0, 6665.0], [3955.0, 6670.0], [3960.0, 6675.0], [3965.0, 6680.0], [3970.0, 6685.0], [3975.0, 6690.0], [3980.0, 6695.0], [3985.0, 6700.0], [3990.0, 6705.0], [3995.0, 6710.0], [4000.0, 6715.0], [4000.0, 6725.0], [3995.0, 6730.0], [3990.0, 6735.0], [3985.0, 6740.0], [3980.0, 6745.0], [3975.0, 6750.0], [3970.0, 6755.0], [3965.0, 6760.0], [3960.0, 6765.0], [3960.0, 6775.0], [3960.0, 6785.0], [3965.0, 6790.0], [3970.0, 6795.0], [3965.0, 6800.0], [3960.0, 6805.0], [3955.0, 6810.0], [3950.0, 6815.0], [3955.0, 6820.0], [3960.0, 6825.0], [3960.0, 6835.0], [3960.0, 6845.0], [3955.0, 6850.0], [3950.0, 6855.0], [3950.0, 6865.0], [3950.0, 6875.0], [3950.0, 6885.0], [3945.0, 6890.0], [3940.0, 6895.0], [3940.0, 6905.0], [3940.0, 6915.0], [3940.0, 6925.0], [3940.0, 6935.0], [3940.0, 6945.0], [3940.0, 6955.0], [3935.0, 6960.0], [3930.0, 6965.0], [3930.0, 6975.0], [3930.0, 6985.0], [3930.0, 6995.0], [3930.0, 7005.0], [3930.0, 7015.0], [3925.0, 7020.0], [3920.0, 7025.0], [3920.0, 7035.0], [3920.0, 7045.0], [3915.0, 7050.0], [3910.0, 7055.0], [3905.0, 7060.0], [3900.0, 7065.0], [3900.0, 7075.0], [3895.0, 7080.0], [3890.0, 7085.0], [3895.0, 7090.0], [3900.0, 7095.0], [3900.0, 7105.0], [3905.0, 7110.0], [3910.0, 7115.0], [3910.0, 7125.0], [3915.0, 7130.0], [3920.0, 7135.0], [3920.0, 7145.0], [3925.0, 7150.0], [3930.0, 7155.0], [3935.0, 7160.0], [3940.0, 7165.0], [3940.0, 7175.0], [3945.0, 7180.0], [3950.0, 7185.0], [3955.0, 7190.0], [3960.0, 7195.0], [3965.0, 7200.0], [3970.0, 7205.0], [3975.0, 7210.0], [3985.0, 7210.0], [3990.0, 7215.0], [3995.0, 7220.0], [4000.0, 7225.0], [4005.0, 7230.0], [4010.0, 7225.0], [4015.0, 7220.0], [4020.0, 7215.0], [4025.0, 7210.0], [4035.0, 7210.0], [4045.0, 7210.0], [4050.0, 7215.0], [4050.0, 7225.0], [4050.0, 7235.0], [4055.0, 7240.0], [4060.0, 7235.0], [4065.0, 7230.0], [4070.0, 7225.0], [4065.0, 7220.0], [4060.0, 7215.0], [4065.0, 7210.0], [4070.0, 7205.0], [4065.0, 7200.0], [4060.0, 7195.0], [4060.0, 7185.0], [4065.0, 7180.0], [4070.0, 7175.0], [4065.0, 7170.0], [4060.0, 7165.0], [4060.0, 7155.0], [4060.0, 7145.0], [4060.0, 7135.0], [4060.0, 7125.0], [4060.0, 7115.0], [4055.0, 7110.0], [4050.0, 7105.0], [4055.0, 7100.0], [4060.0, 7095.0], [4060.0, 7085.0], [4060.0, 7075.0], [4065.0, 7070.0], [4070.0, 7065.0], [4070.0, 7055.0], [4070.0, 7045.0], [4075.0, 7040.0], [4080.0, 7035.0], [4080.0, 7025.0], [4085.0, 7020.0], [4090.0, 7015.0], [4090.0, 7005.0], [4085.0, 7000.0], [4080.0, 6995.0], [4080.0, 6985.0], [4085.0, 6980.0], [4090.0, 6975.0], [4085.0, 6970.0], [4080.0, 6965.0], [4085.0, 6960.0], [4090.0, 6955.0], [4085.0, 6950.0], [4080.0, 6945.0], [4080.0, 6935.0], [4085.0, 6930.0], [4090.0, 6925.0], [4090.0, 6915.0], [4090.0, 6905.0], [4090.0, 6895.0], [4095.0, 6890.0], [4100.0, 6885.0], [4100.0, 6875.0], [4095.0, 6870.0], [4090.0, 6865.0], [4095.0, 6860.0], [4100.0, 6855.0], [4100.0, 6845.0], [4100.0, 6835.0], [4100.0, 6825.0], [4100.0, 6815.0], [4100.0, 6805.0], [4095.0, 6800.0], [4090.0, 6795.0], [4090.0, 6785.0], [4090.0, 6775.0], [4090.0, 6765.0], [4095.0, 6760.0], [4100.0, 6755.0], [4100.0, 6745.0], [4100.0, 6735.0], [4100.0, 6725.0], [4100.0, 6715.0], [4100.0, 6705.0], [4095.0, 6700.0], [4090.0, 6695.0], [4090.0, 6685.0], [4095.0, 6680.0], [4100.0, 6675.0], [4095.0, 6670.0], [4090.0, 6665.0], [4090.0, 6655.0], [4090.0, 6645.0], [4090.0, 6635.0], [4090.0, 6625.0], [4090.0, 6615.0], [4085.0, 6610.0], [4080.0, 6605.0], [4080.0, 6595.0], [4080.0, 6585.0], [4080.0, 6575.0], [4075.0, 6570.0], [4070.0, 6565.0], [4070.0, 6555.0], [4070.0, 6545.0], [4065.0, 6540.0], [4060.0, 6535.0], [4060.0, 6525.0], [4065.0, 6520.0], [4070.0, 6515.0], [4070.0, 6505.0], [4065.0, 6500.0], [4060.0, 6495.0], [4060.0, 6485.0], [4060.0, 6475.0], [4060.0, 6465.0], [4055.0, 6460.0], [4050.0, 6455.0], [4050.0, 6445.0], [4050.0, 6435.0], [4045.0, 6430.0], [4040.0, 6425.0], [4040.0, 6415.0], [4035.0, 6410.0], [4030.0, 6405.0], [4030.0, 6395.0], [4025.0, 6390.0], [4020.0, 6385.0], [4020.0, 6375.0], [4020.0, 6365.0], [4020.0, 6355.0], [4015.0, 6350.0], [4005.0, 6350.0], [3995.0, 6350.0], [3985.0, 6350.0], [3980.0, 6355.0], [3975.0, 6360.0], [3970.0, 6355.0], [3965.0, 6350.0], [3955.0, 6350.0], [3945.0, 6350.0], [3940.0, 6345.0], [3935.0, 6340.0], [3930.0, 6335.0], [3925.0, 6330.0], [3915.0, 6330.0], [3905.0, 6330.0], [3900.0, 6325.0], [3895.0, 6320.0], [3885.0, 6320.0], [3880.0, 6315.0], [3875.0, 6310.0], [3870.0, 6315.0], [3865.0, 6320.0], [3855.0, 6320.0], [3845.0, 6320.0], [3835.0, 6320.0], [3825.0, 6320.0], [3820.0, 6315.0], [3815.0, 6310.0], [3805.0, 6310.0], [3795.0, 6310.0], [3790.0, 6305.0], [3785.0, 6300.0], [3780.0, 6295.0], [3775.0, 6290.0], [3765.0, 6290.0], [3760.0, 6285.0], [3755.0, 6280.0], [3745.0, 6280.0], [3735.0, 6280.0], [3725.0, 6280.0], [3720.0, 6275.0], [3720.0, 6265.0], [3720.0, 6255.0], [3725.0, 6250.0], [3730.0, 6245.0], [3735.0, 6240.0], [3740.0, 6235.0], [3745.0, 6230.0], [3750.0, 6225.0], [3755.0, 6220.0], [3765.0, 6220.0], [3770.0, 6215.0], [3775.0, 6210.0], [3785.0, 6210.0], [3795.0, 6210.0], [3800.0, 6215.0], [3805.0, 6220.0], [3815.0, 6220.0], [3825.0, 6220.0], [3830.0, 6225.0], [3835.0, 6230.0], [3845.0, 6230.0], [3855.0, 6230.0], [3865.0, 6230.0], [3875.0, 6230.0], [3885.0, 6230.0], [3895.0, 6230.0], [3905.0, 6230.0], [3915.0, 6230.0], [3920.0, 6235.0], [3925.0, 6240.0], [3935.0, 6240.0], [3945.0, 6240.0], [3950.0, 6245.0], [3955.0, 6250.0], [3965.0, 6250.0], [3975.0, 6250.0], [3980.0, 6255.0], [3985.0, 6260.0], [3995.0, 6260.0], [4005.0, 6260.0], [4015.0, 6260.0], [4025.0, 6260.0], [4035.0, 6260.0], [4045.0, 6260.0], [4055.0, 6260.0], [4065.0, 6260.0], [4075.0, 6260.0], [4080.0, 6265.0], [4080.0, 6275.0], [4085.0, 6280.0], [4090.0, 6285.0], [4095.0, 6290.0], [4100.0, 6295.0], [4100.0, 6305.0], [4105.0, 6310.0], [4110.0, 6315.0], [4110.0, 6325.0], [4115.0, 6330.0], [4120.0, 6335.0], [4120.0, 6345.0], [4125.0, 6350.0], [4130.0, 6355.0], [4125.0, 6360.0], [4120.0, 6365.0], [4120.0, 6375.0], [4120.0, 6385.0], [4120.0, 6395.0], [4125.0, 6400.0], [4130.0, 6405.0], [4130.0, 6415.0], [4130.0, 6425.0], [4135.0, 6430.0], [4140.0, 6435.0], [4140.0, 6445.0], [4140.0, 6455.0], [4145.0, 6460.0], [4150.0, 6465.0], [4150.0, 6475.0], [4150.0, 6485.0], [4150.0, 6495.0], [4155.0, 6500.0], [4160.0, 6505.0], [4160.0, 6515.0], [4160.0, 6525.0], [4165.0, 6530.0], [4170.0, 6535.0], [4170.0, 6545.0], [4170.0, 6555.0], [4170.0, 6565.0], [4175.0, 6570.0], [4180.0, 6575.0], [4180.0, 6585.0], [4180.0, 6595.0], [4180.0, 6605.0], [4185.0, 6610.0], [4190.0, 6615.0], [4190.0, 6625.0], [4190.0, 6635.0], [4190.0, 6645.0], [4190.0, 6655.0], [4190.0, 6665.0], [4190.0, 6675.0], [4190.0, 6685.0], [4190.0, 6695.0], [4190.0, 6705.0], [4190.0, 6715.0], [4190.0, 6725.0], [4190.0, 6735.0], [4190.0, 6745.0], [4190.0, 6755.0], [4190.0, 6765.0], [4190.0, 6775.0], [4190.0, 6785.0], [4190.0, 6795.0], [4190.0, 6805.0], [4190.0, 6815.0], [4190.0, 6825.0], [4190.0, 6835.0], [4190.0, 6845.0], [4190.0, 6855.0], [4190.0, 6865.0], [4190.0, 6875.0], [4190.0, 6885.0], [4190.0, 6895.0], [4190.0, 6905.0], [4190.0, 6915.0], [4190.0, 6925.0], [4190.0, 6935.0], [4185.0, 6940.0], [4180.0, 6945.0], [4180.0, 6955.0], [4180.0, 6965.0], [4180.0, 6975.0], [4180.0, 6985.0], [4180.0, 6995.0], [4180.0, 7005.0], [4180.0, 7015.0], [4180.0, 7025.0], [4180.0, 7035.0], [4175.0, 7040.0], [4170.0, 7045.0], [4170.0, 7055.0], [4165.0, 7060.0], [4160.0, 7065.0], [4160.0, 7075.0], [4160.0, 7085.0], [4155.0, 7090.0], [4150.0, 7095.0], [4150.0, 7105.0], [4150.0, 7115.0], [4150.0, 7125.0], [4150.0, 7135.0], [4150.0, 7145.0], [4155.0, 7150.0], [4160.0, 7155.0], [4160.0, 7165.0], [4160.0, 7175.0], [4160.0, 7185.0], [4160.0, 7195.0], [4160.0, 7205.0], [4160.0, 7215.0], [4160.0, 7225.0], [4160.0, 7235.0], [4160.0, 7245.0], [4160.0, 7255.0], [4155.0, 7260.0], [4150.0, 7265.0], [4150.0, 7275.0], [4150.0, 7285.0], [4150.0, 7295.0], [4150.0, 7305.0], [4150.0, 7315.0], [4145.0, 7320.0], [4140.0, 7325.0], [4135.0, 7330.0], [4125.0, 7330.0], [4120.0, 7335.0], [4115.0, 7340.0], [4105.0, 7340.0], [4100.0, 7345.0], [4095.0, 7350.0], [4085.0, 7350.0], [4080.0, 7355.0], [4075.0, 7360.0], [4065.0, 7360.0], [4060.0, 7365.0], [4055.0, 7370.0]]]}, "properties": {"objectType": "annotation", "name": "P2_3_L|peri_24", "classification": {"name": "peri", "color": [25, 158, 112]}, "lesion_id": 24, "section": "P2_3_L", "area_um2": 286250.0, "lesion_ids": [24]}}, {"type": "Feature", "geometry": {"type": "Polygon", "coordinates": [[[1925.0, 6250.0], [1915.0, 6250.0], [1905.0, 6250.0], [1900.0, 6245.0], [1905.0, 6240.0], [1915.0, 6240.0], [1925.0, 6240.0], [1930.0, 6245.0], [1925.0, 6250.0]]]}, "properties": {"objectType": "annotation", "name": "R1_3_T|peri_23", "classification": {"name": "peri", "color": [25, 158, 112]}, "lesion_id": 23, "section": "R1_3_T", "area_um2": 250.0, "lesion_ids": [23]}}, {"type": "Feature", "geometry": {"type": "Polygon", "coordinates": [[[1875.0, 6550.0], [1865.0, 6550.0], [1855.0, 6550.0], [1845.0, 6550.0], [1835.0, 6550.0], [1825.0, 6550.0], [1815.0, 6550.0], [1805.0, 6550.0], [1800.0, 6545.0], [1795.0, 6540.0], [1785.0, 6540.0], [1780.0, 6535.0], [1775.0, 6530.0], [1765.0, 6530.0], [1760.0, 6525.0], [1755.0, 6520.0], [1750.0, 6515.0], [1745.0, 6510.0], [1740.0, 6505.0], [1735.0, 6500.0], [1730.0, 6495.0], [1725.0, 6490.0], [1720.0, 6485.0], [1715.0, 6480.0], [1710.0, 6475.0], [1705.0, 6470.0], [1700.0, 6465.0], [1695.0, 6460.0], [1690.0, 6455.0], [1685.0, 6450.0], [1680.0, 6445.0], [1680.0, 6435.0], [1675.0, 6430.0], [1670.0, 6425.0], [1670.0, 6415.0], [1665.0, 6410.0], [1660.0, 6405.0], [1660.0, 6395.0], [1660.0, 6385.0], [1660.0, 6375.0], [1660.0, 6365.0], [1660.0, 6355.0], [1660.0, 6345.0], [1665.0, 6340.0], [1670.0, 6335.0], [1670.0, 6325.0], [1675.0, 6320.0], [1680.0, 6315.0], [1685.0, 6310.0], [1690.0, 6305.0], [1695.0, 6300.0], [1705.0, 6300.0], [1715.0, 6300.0], [1725.0, 6300.0], [1735.0, 6300.0], [1740.0, 6295.0], [1745.0, 6290.0], [1755.0, 6290.0], [1765.0, 6290.0], [1770.0, 6285.0], [1775.0, 6280.0], [1785.0, 6280.0], [1795.0, 6280.0], [1805.0, 6280.0], [1815.0, 6280.0], [1825.0, 6280.0], [1835.0, 6280.0], [1840.0, 6285.0], [1845.0, 6290.0], [1850.0, 6295.0], [1845.0, 6300.0], [1840.0, 6305.0], [1835.0, 6310.0], [1830.0, 6315.0], [1825.0, 6320.0], [1820.0, 6325.0], [1820.0, 6335.0], [1815.0, 6340.0], [1810.0, 6345.0], [1805.0, 6350.0], [1800.0, 6355.0], [1795.0, 6360.0], [1790.0, 6365.0], [1785.0, 6370.0], [1780.0, 6375.0], [1785.0, 6380.0], [1790.0, 6385.0], [1795.0, 6390.0], [1800.0, 6395.0], [1805.0, 6400.0], [1810.0, 6405.0], [1815.0, 6410.0], [1820.0, 6415.0], [1825.0, 6420.0], [1830.0, 6425.0], [1835.0, 6430.0], [1845.0, 6430.0], [1850.0, 6425.0], [1855.0, 6420.0], [1860.0, 6415.0], [1865.0, 6410.0], [1870.0, 6415.0], [1875.0, 6420.0], [1885.0, 6420.0], [1890.0, 6415.0], [1895.0, 6410.0], [1905.0, 6410.0], [1910.0, 6405.0], [1915.0, 6400.0], [1920.0, 6395.0], [1925.0, 6390.0], [1930.0, 6385.0], [1935.0, 6380.0], [1940.0, 6375.0], [1945.0, 6370.0], [1950.0, 6365.0], [1950.0, 6355.0], [1955.0, 6350.0], [1960.0, 6345.0], [1960.0, 6335.0], [1960.0, 6325.0], [1965.0, 6320.0], [1970.0, 6315.0], [1975.0, 6310.0], [1980.0, 6305.0], [1980.0, 6295.0], [1975.0, 6290.0], [1970.0, 6285.0], [1970.0, 6275.0], [1965.0, 6270.0], [1960.0, 6265.0], [1955.0, 6260.0], [1950.0, 6255.0], [1945.0, 6250.0], [1940.0, 6245.0], [1945.0, 6240.0], [1955.0, 6240.0], [1960.0, 6245.0], [1965.0, 6250.0], [1970.0, 6245.0], [1975.0, 6240.0], [1985.0, 6240.0], [1995.0, 6240.0], [2005.0, 6240.0], [2015.0, 6240.0], [2025.0, 6240.0], [2035.0, 6240.0], [2045.0, 6240.0], [2055.0, 6240.0], [2065.0, 6240.0], [2070.0, 6245.0], [2075.0, 6250.0], [2080.0, 6255.0], [2085.0, 6260.0], [2090.0, 6265.0], [2095.0, 6270.0], [2100.0, 6275.0], [2100.0, 6285.0], [2100.0, 6295.0], [2100.0, 6305.0], [2100.0, 6315.0], [2100.0, 6325.0], [2100.0, 6335.0], [2095.0, 6340.0], [2090.0, 6345.0], [2090.0, 6355.0], [2085.0, 6360.0], [2080.0, 6365.0], [2080.0, 6375.0], [2075.0, 6380.0], [2070.0, 6385.0], [2070.0, 6395.0], [2065.0, 6400.0], [2060.0, 6405.0], [2060.0, 6415.0], [2055.0, 6420.0], [2050.0, 6425.0], [2050.0, 6435.0], [2045.0, 6440.0], [2040.0, 6445.0], [2035.0, 6450.0], [2030.0, 6455.0], [2025.0, 6460.0], [2020.0, 6465.0], [2015.0, 6470.0], [2010.0, 6475.0], [2005.0, 6480.0], [2000.0, 6485.0], [1995.0, 6490.0], [1990.0, 6495.0], [1985.0, 6500.0], [1980.0, 6505.0], [1975.0, 6510.0], [1965.0, 6510.0], [1960.0, 6515.0], [1955.0, 6520.0], [1945.0, 6520.0], [1940.0, 6525.0], [1935.0, 6530.0], [1925.0, 6530.0], [1920.0, 6535.0], [1915.0, 6540.0], [1905.0, 6540.0], [1895.0, 6540.0], [1885.0, 6540.0], [1880.0, 6545.0], [1875.0, 6550.0]]]}, "properties": {"objectType": "annotation", "name": "R1_3_T|peri_23", "classification": {"name": "peri", "color": [25, 158, 112]}, "lesion_id": 23, "section": "R1_3_T", "area_um2": 77750.0, "lesion_ids": [23]}}, {"type": "Feature", "geometry": {"type": "Polygon", "coordinates": [[[1035.0, 6480.0], [1025.0, 6480.0], [1020.0, 6475.0], [1015.0, 6470.0], [1010.0, 6475.0], [1005.0, 6480.0], [995.0, 6480.0], [985.0, 6480.0], [975.0, 6480.0], [965.0, 6480.0], [960.0, 6475.0], [955.0, 6470.0], [950.0, 6465.0], [955.0, 6460.0], [960.0, 6455.0], [965.0, 6450.0], [970.0, 6445.0], [975.0, 6440.0], [980.0, 6435.0], [985.0, 6430.0], [990.0, 6425.0], [995.0, 6420.0], [1005.0, 6420.0], [1010.0, 6415.0], [1015.0, 6410.0], [1025.0, 6410.0], [1030.0, 6405.0], [1035.0, 6400.0], [1045.0, 6400.0], [1055.0, 6400.0], [1065.0, 6400.0], [1075.0, 6400.0], [1080.0, 6395.0], [1075.0, 6390.0], [1065.0, 6390.0], [1055.0, 6390.0], [1050.0, 6385.0], [1055.0, 6380.0], [1065.0, 6380.0], [1075.0, 6380.0], [1085.0, 6380.0], [1095.0, 6380.0], [1100.0, 6375.0], [1105.0, 6370.0], [1115.0, 6370.0], [1125.0, 6370.0], [1135.0, 6370.0], [1145.0, 6370.0], [1155.0, 6370.0], [1160.0, 6365.0], [1165.0, 6360.0], [1175.0, 6360.0], [1185.0, 6360.0], [1195.0, 6360.0], [1205.0, 6360.0], [1210.0, 6365.0], [1205.0, 6370.0], [1195.0, 6370.0], [1185.0, 6370.0], [1180.0, 6375.0], [1175.0, 6380.0], [1165.0, 6380.0], [1155.0, 6380.0], [1150.0, 6385.0], [1145.0, 6390.0], [1135.0, 6390.0], [1125.0, 6390.0], [1115.0, 6390.0], [1110.0, 6395.0], [1115.0, 6400.0], [1125.0, 6400.0], [1135.0, 6400.0], [1145.0, 6400.0], [1155.0, 6400.0], [1160.0, 6405.0], [1165.0, 6410.0], [1175.0, 6410.0], [1180.0, 6415.0], [1185.0, 6420.0], [1195.0, 6420.0], [1200.0, 6425.0], [1205.0, 6430.0], [1210.0, 6435.0], [1215.0, 6440.0], [1220.0, 6445.0], [1215.0, 6450.0], [1205.0, 6450.0], [1200.0, 6445.0], [1195.0, 6440.0], [1190.0, 6445.0], [1185.0, 6450.0], [1175.0, 6450.0], [1165.0, 6450.0], [1155.0, 6450.0], [1145.0, 6450.0], [1140.0, 6455.0], [1135.0, 6460.0], [1130.0, 6455.0], [1125.0, 6450.0], [1120.0, 6455.0], [1115.0, 6460.0], [1105.0, 6460.0], [1095.0, 6460.0], [1085.0, 6460.0], [1080.0, 6465.0], [1075.0, 6470.0], [1065.0, 6470.0], [1055.0, 6470.0], [1045.0, 6470.0], [1040.0, 6475.0], [1035.0, 6480.0]]]}, "properties": {"objectType": "annotation", "name": "peri", "classification": {"name": "peri", "color": [25, 158, 112]}, "lesion_id": 0, "section": null, "area_um2": 16050.0, "lesion_ids": [21, 26]}}, {"type": "Feature", "geometry": {"type": "Polygon", "coordinates": [[[4025.0, 6460.0], [4020.0, 6455.0], [4015.0, 6450.0], [4010.0, 6445.0], [4005.0, 6440.0], [4000.0, 6435.0], [4000.0, 6425.0], [3995.0, 6420.0], [3990.0, 6415.0], [3990.0, 6405.0], [3985.0, 6400.0], [3980.0, 6395.0], [3980.0, 6385.0], [3985.0, 6380.0], [3990.0, 6385.0], [3995.0, 6390.0], [4000.0, 6395.0], [4005.0, 6400.0], [4010.0, 6405.0], [4010.0, 6415.0], [4015.0, 6420.0], [4020.0, 6425.0], [4020.0, 6435.0], [4025.0, 6440.0], [4030.0, 6445.0], [4030.0, 6455.0], [4025.0, 6460.0]]]}, "properties": {"objectType": "annotation", "name": "P2_3_L|peri_24", "classification": {"name": "peri", "color": [25, 158, 112]}, "lesion_id": 24, "section": "P2_3_L", "area_um2": 1350.0, "lesion_ids": [24]}}, {"type": "Feature", "geometry": {"type": "Polygon", "coordinates": [[[1125.0, 6760.0], [1115.0, 6760.0], [1105.0, 6760.0], [1095.0, 6760.0], [1085.0, 6760.0], [1075.0, 6760.0], [1065.0, 6760.0], [1055.0, 6760.0], [1045.0, 6760.0], [1040.0, 6755.0], [1035.0, 6750.0], [1025.0, 6750.0], [1020.0, 6745.0], [1015.0, 6740.0], [1005.0, 6740.0], [1000.0, 6735.0], [995.0, 6730.0], [990.0, 6725.0], [985.0, 6720.0], [980.0, 6715.0], [975.0, 6710.0], [970.0, 6705.0], [965.0, 6700.0], [960.0, 6695.0], [955.0, 6690.0], [950.0, 6685.0], [945.0, 6680.0], [940.0, 6675.0], [940.0, 6665.0], [935.0, 6660.0], [930.0, 6655.0], [930.0, 6645.0], [925.0, 6640.0], [920.0, 6635.0], [920.0, 6625.0], [920.0, 6615.0], [920.0, 6605.0], [920.0, 6595.0], [920.0, 6585.0], [920.0, 6575.0], [920.0, 6565.0], [920.0, 6555.0], [925.0, 6550.0], [930.0, 6545.0], [930.0, 6535.0], [935.0, 6530.0], [940.0, 6525.0], [940.0, 6515.0], [945.0, 6510.0], [950.0, 6505.0], [955.0, 6500.0], [965.0, 6500.0], [975.0, 6500.0], [985.0, 6500.0], [995.0, 6500.0], [1005.0, 6500.0], [1015.0, 6500.0], [1025.0, 6500.0], [1035.0, 6500.0], [1045.0, 6500.0], [1050.0, 6495.0], [1055.0, 6490.0], [1065.0, 6490.0], [1075.0, 6490.0], [1085.0, 6490.0], [1090.0, 6485.0], [1095.0, 6480.0], [1105.0, 6480.0], [1115.0, 6480.0], [1125.0, 6480.0], [1135.0, 6480.0], [1145.0, 6480.0], [1150.0, 6475.0], [1155.0, 6470.0], [1165.0, 6470.0], [1175.0, 6470.0], [1185.0, 6470.0], [1195.0, 6470.0], [1205.0, 6470.0], [1210.0, 6475.0], [1215.0, 6480.0], [1220.0, 6485.0], [1225.0, 6490.0], [1230.0, 6495.0], [1235.0, 6500.0], [1240.0, 6505.0], [1240.0, 6515.0], [1245.0, 6520.0], [1250.0, 6525.0], [1250.0, 6535.0], [1255.0, 6540.0], [1260.0, 6545.0], [1260.0, 6555.0], [1265.0, 6560.0], [1270.0, 6565.0], [1270.0, 6575.0], [1270.0, 6585.0], [1270.0, 6595.0], [1270.0, 6605.0], [1270.0, 6615.0], [1270.0, 6625.0], [1270.0, 6635.0], [1265.0, 6640.0], [1260.0, 6645.0], [1260.0, 6655.0], [1255.0, 6660.0], [1250.0, 6665.0], [1250.0, 6675.0], [1245.0, 6680.0], [1240.0, 6685.0], [1235.0, 6690.0], [1230.0, 6695.0], [1225.0, 6700.0], [1220.0, 6705.0], [1215.0, 6710.0], [1210.0, 6715.0], [1205.0, 6720.0], [1200.0, 6725.0], [1195.0, 6730.0], [1185.0, 6730.0], [1180.0, 6735.0], [1175.0, 6740.0], [1165.0, 6740.0], [1160.0, 6745.0], [1155.0, 6750.0], [1145.0, 6750.0], [1135.0, 6750.0], [1130.0, 6755.0], [1125.0, 6760.0]], [[1100.0, 6635.0], [1105.0, 6630.0], [1115.0, 6630.0], [1125.0, 6630.0], [1130.0, 6625.0], [1135.0, 6620.0], [1140.0, 6615.0], [1145.0, 6610.0], [1150.0, 6605.0], [1150.0, 6595.0], [1145.0, 6590.0], [1140.0, 6585.0], [1140.0, 6575.0], [1135.0, 6570.0], [1130.0, 6565.0], [1125.0, 6560.0], [1120.0, 6555.0], [1115.0, 6550.0], [1110.0, 6545.0], [1105.0, 6540.0], [1095.0, 6540.0], [1085.0, 6540.0], [1080.0, 6545.0], [1075.0, 6550.0], [1070.0, 6555.0], [1065.0, 6560.0], [1060.0, 6565.0], [1055.0, 6570.0], [1050.0, 6575.0], [1045.0, 6580.0], [1040.0, 6585.0], [1040.0, 6595.0], [1040.0, 6605.0], [1045.0, 6610.0], [1050.0, 6615.0], [1055.0, 6620.0], [1060.0, 6625.0], [1065.0, 6630.0], [1070.0, 6635.0], [1075.0, 6640.0], [1085.0, 6640.0], [1095.0, 6640.0], [1100.0, 6635.0]]]}, "properties": {"objectType": "annotation", "name": "R1_3_T|peri_26", "classification": {"name": "peri", "color": [25, 158, 112]}, "lesion_id": 26, "section": "R1_3_T", "area_um2": 72500.0, "lesion_ids": [26]}}, {"type": "Feature", "geometry": {"type": "Polygon", "coordinates": [[[4075.0, 6750.0], [4070.0, 6745.0], [4065.0, 6740.0], [4060.0, 6735.0], [4055.0, 6730.0], [4050.0, 6725.0], [4055.0, 6720.0], [4060.0, 6715.0], [4065.0, 6710.0], [4075.0, 6710.0], [4080.0, 6715.0], [4080.0, 6725.0], [4080.0, 6735.0], [4080.0, 6745.0], [4075.0, 6750.0]]]}, "properties": {"objectType": "annotation", "name": "P2_3_L|peri_24", "classification": {"name": "peri", "color": [25, 158, 112]}, "lesion_id": 24, "section": "P2_3_L", "area_um2": 750.0, "lesion_ids": [24]}}, {"type": "Feature", "geometry": {"type": "Polygon", "coordinates": [[[2435.0, 6930.0], [2425.0, 6930.0], [2420.0, 6925.0], [2420.0, 6915.0], [2420.0, 6905.0], [2420.0, 6895.0], [2425.0, 6890.0], [2430.0, 6885.0], [2430.0, 6875.0], [2435.0, 6870.0], [2440.0, 6865.0], [2440.0, 6855.0], [2445.0, 6850.0], [2450.0, 6845.0], [2450.0, 6835.0], [2455.0, 6830.0], [2460.0, 6825.0], [2460.0, 6815.0], [2465.0, 6810.0], [2470.0, 6805.0], [2475.0, 6800.0], [2480.0, 6795.0], [2485.0, 6790.0], [2490.0, 6795.0], [2490.0, 6805.0], [2485.0, 6810.0], [2480.0, 6815.0], [2480.0, 6825.0], [2475.0, 6830.0], [2470.0, 6835.0], [2470.0, 6845.0], [2470.0, 6855.0], [2465.0, 6860.0], [2460.0, 6865.0], [2460.0, 6875.0], [2455.0, 6880.0], [2450.0, 6885.0], [2450.0, 6895.0], [2450.0, 6905.0], [2445.0, 6910.0], [2440.0, 6915.0], [2440.0, 6925.0], [2435.0, 6930.0]]]}, "properties": {"objectType": "annotation", "name": "R1_3_T|peri_28", "classification": {"name": "peri", "color": [25, 158, 112]}, "lesion_id": 28, "section": "R1_3_T", "area_um2": 3050.0, "lesion_ids": [28]}}, {"type": "Feature", "geometry": {"type": "Polygon", "coordinates": [[[3055.0, 8250.0], [3045.0, 8250.0], [3035.0, 8250.0], [3025.0, 8250.0], [3015.0, 8250.0], [3005.0, 8250.0], [2995.0, 8250.0], [2985.0, 8250.0], [2975.0, 8250.0], [2965.0, 8250.0], [2955.0, 8250.0], [2945.0, 8250.0], [2935.0, 8250.0], [2930.0, 8245.0], [2925.0, 8240.0], [2915.0, 8240.0], [2905.0, 8240.0], [2895.0, 8240.0], [2890.0, 8235.0], [2885.0, 8230.0], [2875.0, 8230.0], [2870.0, 8225.0], [2865.0, 8220.0], [2855.0, 8220.0], [2850.0, 8215.0], [2845.0, 8210.0], [2840.0, 8205.0], [2835.0, 8200.0], [2825.0, 8200.0], [2820.0, 8195.0], [2815.0, 8190.0], [2810.0, 8185.0], [2805.0, 8180.0], [2800.0, 8175.0], [2795.0, 8170.0], [2790.0, 8165.0], [2785.0, 8160.0], [2775.0, 8160.0], [2765.0, 8160.0], [2755.0, 8160.0], [2745.0, 8160.0], [2740.0, 8165.0], [2735.0, 8170.0], [2725.0, 8170.0], [2715.0, 8170.0], [2710.0, 8165.0], [2705.0, 8160.0], [2695.0, 8160.0], [2685.0, 8160.0], [2675.0, 8160.0], [2670.0, 8155.0], [2665.0, 8150.0], [2655.0, 8150.0], [2650.0, 8145.0], [2645.0, 8140.0], [2635.0, 8140.0], [2630.0, 8135.0], [2625.0, 8130.0], [2620.0, 8125.0], [2615.0, 8120.0], [2610.0, 8115.0], [2605.0, 8110.0], [2600.0, 8105.0], [2595.0, 8100.0], [2590.0, 8095.0], [2585.0, 8090.0], [2580.0, 8085.0], [2575.0, 8080.0], [2570.0, 8075.0], [2565.0, 8070.0], [2560.0, 8065.0], [2555.0, 8060.0], [2550.0, 8055.0], [2545.0, 8050.0], [2540.0, 8045.0], [2535.0, 8040.0], [2530.0, 8035.0], [2525.0, 8030.0], [2515.0, 8030.0], [2510.0, 8025.0], [2505.0, 8020.0], [2495.0, 8020.0], [2485.0, 8020.0], [2480.0, 8015.0], [2475.0, 8010.0], [2465.0, 8010.0], [2460.0, 8005.0], [2455.0, 8000.0], [2450.0, 7995.0], [2445.0, 7990.0], [2440.0, 7985.0], [2435.0, 7980.0], [2430.0, 7975.0], [2430.0, 7965.0], [2430.0, 7955.0], [2425.0, 7950.0], [2420.0, 7945.0], [2420.0, 7935.0], [2420.0, 7925.0], [2420.0, 7915.0], [2420.0, 7905.0], [2415.0, 7900.0], [2410.0, 7895.0], [2410.0, 7885.0], [2405.0, 7880.0], [2400.0, 7875.0], [2395.0, 7870.0], [2390.0, 7865.0], [2390.0, 7855.0], [2385.0, 7850.0], [2380.0, 7845.0], [2380.0, 7835.0], [2375.0, 7830.0], [2370.0, 7825.0], [2370.0, 7815.0], [2370.0, 7805.0], [2370.0, 7795.0], [2370.0, 7785.0], [2370.0, 7775.0], [2370.0, 7765.0], [2370.0, 7755.0], [2370.0, 7745.0], [2370.0, 7735.0], [2370.0, 7725.0], [2370.0, 7715.0], [2370.0, 7705.0], [2370.0, 7695.0], [2370.0, 7685.0], [2370.0, 7675.0], [2370.0, 7665.0], [2370.0, 7655.0], [2370.0, 7645.0], [2370.0, 7635.0], [2370.0, 7625.0], [2375.0, 7620.0], [2380.0, 7615.0], [2380.0, 7605.0], [2380.0, 7595.0], [2380.0, 7585.0], [2375.0, 7580.0], [2370.0, 7575.0], [2370.0, 7565.0], [2370.0, 7555.0], [2375.0, 7550.0], [2380.0, 7545.0], [2375.0, 7540.0], [2370.0, 7535.0], [2370.0, 7525.0], [2370.0, 7515.0], [2370.0, 7505.0], [2370.0, 7495.0], [2370.0, 7485.0], [2370.0, 7475.0], [2370.0, 7465.0], [2370.0, 7455.0], [2370.0, 7445.0], [2370.0, 7435.0], [2365.0, 7430.0], [2360.0, 7425.0], [2360.0, 7415.0], [2360.0, 7405.0], [2355.0, 7400.0], [2350.0, 7395.0], [2350.0, 7385.0], [2350.0, 7375.0], [2350.0, 7365.0], [2345.0, 7360.0], [2340.0, 7355.0], [2340.0, 7345.0], [2340.0, 7335.0], [2345.0, 7330.0], [2350.0, 7325.0], [2350.0, 7315.0], [2355.0, 7310.0], [2360.0, 7305.0], [2360.0, 7295.0], [2365.0, 7290.0], [2370.0, 7285.0], [2370.0, 7275.0], [2370.0, 7265.0], [2370.0, 7255.0], [2370.0, 7245.0], [2370.0, 7235.0], [2365.0, 7230.0], [2360.0, 7225.0], [2355.0, 7220.0], [2350.0, 7215.0], [2350.0, 7205.0], [2350.0, 7195.0], [2350.0, 7185.0], [2350.0, 7175.0], [2355.0, 7170.0], [2360.0, 7165.0], [2360.0, 7155.0], [2360.0, 7145.0], [2360.0, 7135.0], [2365.0, 7130.0], [2370.0, 7125.0], [2370.0, 7115.0], [2375.0, 7110.0], [2380.0, 7105.0], [2380.0, 7095.0], [2385.0, 7090.0], [2390.0, 7085.0], [2390.0, 7075.0], [2395.0, 7070.0], [2400.0, 7065.0], [2400.0, 7055.0], [2400.0, 7045.0], [2400.0, 7035.0], [2400.0, 7025.0], [2395.0, 7020.0], [2390.0, 7015.0], [2395.0, 7010.0], [2400.0, 7005.0], [2400.0, 6995.0], [2400.0, 6985.0], [2400.0, 6975.0], [2405.0, 6970.0], [2410.0, 6965.0], [2415.0, 6960.0], [2425.0, 6960.0], [2435.0, 6960.0], [2440.0, 6955.0], [2445.0, 6950.0], [2455.0, 6950.0], [2465.0, 6950.0], [2470.0, 6945.0], [2470.0, 6935.0], [2470.0, 6925.0], [2470.0, 6915.0], [2470.0, 6905.0], [2470.0, 6895.0], [2475.0, 6890.0], [2480.0, 6885.0], [2480.0, 6875.0], [2485.0, 6870.0], [2490.0, 6875.0], [2490.0, 6885.0], [2490.0, 6895.0], [2485.0, 6900.0], [2480.0, 6905.0], [2480.0, 6915.0], [2480.0, 6925.0], [2480.0, 6935.0], [2480.0, 6945.0], [2485.0, 6950.0], [2490.0, 6955.0], [2495.0, 6960.0], [2500.0, 6965.0], [2500.0, 6975.0], [2500.0, 6985.0], [2505.0, 6990.0], [2510.0, 6995.0], [2515.0, 7000.0], [2520.0, 7005.0], [2520.0, 7015.0], [2520.0, 7025.0], [2525.0, 7030.0], [2530.0, 7035.0], [2530.0, 7045.0], [2525.0, 7050.0], [2520.0, 7055.0], [2520.0, 7065.0], [2525.0, 7070.0], [2530.0, 7075.0], [2525.0, 7080.0], [2520.0, 7085.0], [2520.0, 7095.0], [2520.0, 7105.0], [2515.0, 7110.0], [2510.0, 7115.0], [2505.0, 7120.0], [2500.0, 7125.0], [2500.0, 7135.0], [2500.0, 7145.0], [2495.0, 7150.0], [2490.0, 7155.0], [2490.0, 7165.0], [2490.0, 7175.0], [2485.0, 7180.0], [2480.0, 7185.0], [2475.0, 7190.0], [2470.0, 7195.0], [2470.0, 7205.0], [2470.0, 7215.0], [2470.0, 7225.0], [2470.0, 7235.0], [2470.0, 7245.0], [2470.0, 7255.0], [2470.0, 7265.0], [2465.0, 7270.0], [2460.0, 7275.0], [2460.0, 7285.0], [2460.0, 7295.0], [2460.0, 7305.0], [2455.0, 7310.0], [2450.0, 7315.0], [2445.0, 7320.0], [2440.0, 7325.0], [2435.0, 7330.0], [2425.0, 7330.0], [2415.0, 7330.0], [2405.0, 7330.0], [2400.0, 7335.0], [2405.0, 7340.0], [2410.0, 7345.0], [2415.0, 7350.0], [2420.0, 7355.0], [2425.0, 7360.0], [2430.0, 7365.0], [2430.0, 7375.0], [2430.0, 7385.0], [2435.0, 7390.0], [2440.0, 7395.0], [2435.0, 7400.0], [2430.0, 7405.0], [2435.0, 7410.0], [2440.0, 7415.0], [2445.0, 7420.0], [2450.0, 7425.0], [2455.0, 7430.0], [2460.0, 7435.0], [2460.0, 7445.0], [2460.0, 7455.0], [2465.0, 7460.0], [2470.0, 7465.0], [2465.0, 7470.0], [2460.0, 7475.0], [2460.0, 7485.0], [2460.0, 7495.0], [2455.0, 7500.0], [2450.0, 7505.0], [2450.0, 7515.0], [2445.0, 7520.0], [2440.0, 7525.0], [2440.0, 7535.0], [2445.0, 7540.0], [2450.0, 7545.0], [2450.0, 7555.0], [2455.0, 7560.0], [2460.0, 7565.0], [2460.0, 7575.0], [2460.0, 7585.0], [2460.0, 7595.0], [2460.0, 7605.0], [2460.0, 7615.0], [2455.0, 7620.0], [2450.0, 7625.0], [2455.0, 7630.0], [2460.0, 7635.0], [2455.0, 7640.0], [2450.0, 7645.0], [2450.0, 7655.0], [2450.0, 7665.0], [2450.0, 7675.0], [2445.0, 7680.0], [2440.0, 7685.0], [2445.0, 7690.0], [2450.0, 7695.0], [2450.0, 7705.0], [2450.0, 7715.0], [2450.0, 7725.0], [2450.0, 7735.0], [2450.0, 7745.0], [2445.0, 7750.0], [2440.0, 7755.0], [2445.0, 7760.0], [2450.0, 7765.0], [2450.0, 7775.0], [2450.0, 7785.0], [2450.0, 7795.0], [2450.0, 7805.0], [2450.0, 7815.0], [2445.0, 7820.0], [2440.0, 7825.0], [2445.0, 7830.0], [2450.0, 7835.0], [2445.0, 7840.0], [2440.0, 7845.0], [2445.0, 7850.0], [2450.0, 7855.0], [2455.0, 7860.0], [2460.0, 7865.0], [2465.0, 7870.0], [2470.0, 7875.0], [2470.0, 7885.0], [2470.0, 7895.0], [2470.0, 7905.0], [2475.0, 7910.0], [2480.0, 7915.0], [2485.0, 7920.0], [2490.0, 7925.0], [2490.0, 7935.0], [2495.0, 7940.0], [2505.0, 7940.0], [2515.0, 7940.0], [2520.0, 7945.0], [2525.0, 7950.0], [2535.0, 7950.0], [2545.0, 7950.0], [2550.0, 7955.0], [2555.0, 7960.0], [2565.0, 7960.0], [2575.0, 7960.0], [2580.0, 7965.0], [2585.0, 7970.0], [2590.0, 7975.0], [2595.0, 7980.0], [2600.0, 7985.0], [2605.0, 7990.0], [2610.0, 7995.0], [2615.0, 8000.0], [2620.0, 8005.0], [2625.0, 8010.0], [2630.0, 8015.0], [2635.0, 8020.0], [2640.0, 8025.0], [2645.0, 8030.0], [2650.0, 8035.0], [2655.0, 8040.0], [2660.0, 8045.0], [2665.0, 8050.0], [2675.0, 8050.0], [2680.0, 8055.0], [2685.0, 8060.0], [2690.0, 8065.0], [2695.0, 8070.0], [2705.0, 8070.0], [2715.0, 8070.0], [2725.0, 8070.0], [2735.0, 8070.0], [2745.0, 8070.0], [2750.0, 8065.0], [2755.0, 8060.0], [2765.0, 8060.0], [2775.0, 8060.0], [2785.0, 8060.0], [2790.0, 8065.0], [2795.0, 8070.0], [2805.0, 8070.0], [2815.0, 8070.0], [2820.0, 8075.0], [2825.0, 8080.0], [2830.0, 8085.0], [2835.0, 8090.0], [2840.0, 8095.0], [2845.0, 8100.0], [2850.0, 8105.0], [2855.0, 8110.0], [2860.0, 8115.0], [2865.0, 8120.0], [2875.0, 8120.0], [2880.0, 8125.0], [2885.0, 8130.0], [2895.0, 8130.0], [2900.0, 8135.0], [2905.0, 8140.0], [2910.0, 8145.0], [2915.0, 8150.0], [2925.0, 8150.0], [2935.0, 8150.0], [2940.0, 8155.0], [2945.0, 8160.0], [2955.0, 8160.0], [2965.0, 8160.0], [2970.0, 8155.0], [2975.0, 8150.0], [2985.0, 8150.0], [2990.0, 8155.0], [2995.0, 8160.0], [3005.0, 8160.0], [3015.0, 8160.0], [3025.0, 8160.0], [3035.0, 8160.0], [3045.0, 8160.0], [3050.0, 8165.0], [3055.0, 8170.0], [3060.0, 8165.0], [3065.0, 8160.0], [3075.0, 8160.0], [3085.0, 8160.0], [3090.0, 8155.0], [3095.0, 8150.0], [3105.0, 8150.0], [3115.0, 8150.0], [3120.0, 8155.0], [3125.0, 8160.0], [3130.0, 8155.0], [3135.0, 8150.0], [3145.0, 8150.0], [3155.0, 8150.0], [3165.0, 8150.0], [3175.0, 8150.0], [3180.0, 8145.0], [3185.0, 8140.0], [3195.0, 8140.0], [3200.0, 8145.0], [3195.0, 8150.0], [3190.0, 8155.0], [3185.0, 8160.0], [3180.0, 8165.0], [3175.0, 8170.0], [3170.0, 8175.0], [3165.0, 8180.0], [3160.0, 8185.0], [3155.0, 8190.0], [3150.0, 8195.0], [3145.0, 8200.0], [3140.0, 8205.0], [3135.0, 8210.0], [3125.0, 8210.0], [3120.0, 8215.0], [3115.0, 8220.0], [3105.0, 8220.0], [3100.0, 8225.0], [3095.0, 8230.0], [3085.0, 8230.0], [3075.0, 8230.0], [3070.0, 8235.0], [3065.0, 8240.0], [3060.0, 8245.0], [3055.0, 8250.0]]]}, "properties": {"objectType": "annotation", "name": "P2_3_L|peri", "classification": {"name": "peri", "color": [25, 158, 112]}, "lesion_id": 0, "section": "P2_3_L", "area_um2": 160450.0, "lesion_ids": [28, 29]}}, {"type": "Feature", "geometry": {"type": "Polygon", "coordinates": [[[2465.0, 7400.0], [2460.0, 7395.0], [2460.0, 7385.0], [2460.0, 7375.0], [2460.0, 7365.0], [2460.0, 7355.0], [2460.0, 7345.0], [2465.0, 7340.0], [2470.0, 7335.0], [2470.0, 7325.0], [2475.0, 7320.0], [2480.0, 7315.0], [2480.0, 7305.0], [2480.0, 7295.0], [2485.0, 7290.0], [2495.0, 7290.0], [2500.0, 7295.0], [2500.0, 7305.0], [2500.0, 7315.0], [2495.0, 7320.0], [2490.0, 7325.0], [2485.0, 7330.0], [2480.0, 7335.0], [2480.0, 7345.0], [2480.0, 7355.0], [2480.0, 7365.0], [2475.0, 7370.0], [2470.0, 7375.0], [2470.0, 7385.0], [2470.0, 7395.0], [2465.0, 7400.0]]]}, "properties": {"objectType": "annotation", "name": "P2_3_L|peri_28", "classification": {"name": "peri", "color": [25, 158, 112]}, "lesion_id": 28, "section": "P2_3_L", "area_um2": 1750.0, "lesion_ids": [28]}}, {"type": "Feature", "geometry": {"type": "Polygon", "coordinates": [[[1425.0, 7780.0], [1420.0, 7775.0], [1415.0, 7770.0], [1405.0, 7770.0], [1395.0, 7770.0], [1385.0, 7770.0], [1375.0, 7770.0], [1365.0, 7770.0], [1355.0, 7770.0], [1345.0, 7770.0], [1340.0, 7775.0], [1335.0, 7780.0], [1325.0, 7780.0], [1315.0, 7780.0], [1310.0, 7775.0], [1310.0, 7765.0], [1305.0, 7760.0], [1300.0, 7755.0], [1295.0, 7750.0], [1290.0, 7745.0], [1285.0, 7740.0], [1280.0, 7735.0], [1275.0, 7730.0], [1265.0, 7730.0], [1255.0, 7730.0], [1245.0, 7730.0], [1240.0, 7725.0], [1235.0, 7720.0], [1225.0, 7720.0], [1220.0, 7715.0], [1215.0, 7710.0], [1210.0, 7705.0], [1205.0, 7700.0], [1195.0, 7700.0], [1190.0, 7705.0], [1185.0, 7710.0], [1180.0, 7715.0], [1175.0, 7720.0], [1170.0, 7725.0], [1165.0, 7730.0], [1160.0, 7735.0], [1165.0, 7740.0], [1170.0, 7745.0], [1175.0, 7750.0], [1180.0, 7755.0], [1185.0, 7760.0], [1190.0, 7765.0], [1185.0, 7770.0], [1180.0, 7775.0], [1175.0, 7780.0], [1165.0, 7780.0], [1160.0, 7775.0], [1155.0, 7770.0], [1145.0, 7770.0], [1140.0, 7765.0], [1135.0, 7760.0], [1130.0, 7755.0], [1125.0, 7750.0], [1120.0, 7745.0], [1120.0, 7735.0], [1115.0, 7730.0], [1110.0, 7725.0], [1105.0, 7720.0], [1100.0, 7715.0], [1095.0, 7710.0], [1090.0, 7705.0], [1085.0, 7700.0], [1080.0, 7695.0], [1080.0, 7685.0], [1075.0, 7680.0], [1070.0, 7675.0], [1065.0, 7670.0], [1060.0, 7665.0], [1065.0, 7660.0], [1070.0, 7655.0], [1075.0, 7650.0], [1080.0, 7645.0], [1085.0, 7640.0], [1090.0, 7635.0], [1095.0, 7630.0], [1100.0, 7625.0], [1105.0, 7620.0], [1110.0, 7615.0], [1115.0, 7610.0], [1120.0, 7605.0], [1125.0, 7600.0], [1135.0, 7600.0], [1140.0, 7595.0], [1145.0, 7590.0], [1155.0, 7590.0], [1160.0, 7585.0], [1165.0, 7580.0], [1175.0, 7580.0], [1185.0, 7580.0], [1195.0, 7580.0], [1205.0, 7580.0], [1215.0, 7580.0], [1225.0, 7580.0], [1235.0, 7580.0], [1240.0, 7585.0], [1245.0, 7590.0], [1255.0, 7590.0], [1260.0, 7595.0], [1265.0, 7600.0], [1275.0, 7600.0], [1280.0, 7605.0], [1285.0, 7610.0], [1295.0, 7610.0], [1305.0, 7610.0], [1310.0, 7615.0], [1315.0, 7620.0], [1325.0, 7620.0], [1330.0, 7625.0], [1335.0, 7630.0], [1345.0, 7630.0], [1350.0, 7635.0], [1355.0, 7640.0], [1360.0, 7645.0], [1365.0, 7650.0], [1370.0, 7655.0], [1375.0, 7660.0], [1380.0, 7665.0], [1385.0, 7670.0], [1390.0, 7675.0], [1395.0, 7680.0], [1400.0, 7685.0], [1405.0, 7690.0], [1410.0, 7695.0], [1410.0, 7705.0], [1415.0, 7710.0], [1420.0, 7715.0], [1420.0, 7725.0], [1425.0, 7730.0], [1430.0, 7735.0], [1430.0, 7745.0], [1430.0, 7755.0], [1430.0, 7765.0], [1430.0, 7775.0], [1425.0, 7780.0]]]}, "properties": {"objectType": "annotation", "name": "R1_3_T|peri_30", "classification": {"name": "peri", "color": [25, 158, 112]}, "lesion_id": 30, "section": "R1_3_T", "area_um2": 45250.0, "lesion_ids": [30]}}, {"type": "Feature", "geometry": {"type": "Polygon", "coordinates": [[[1295.0, 7930.0], [1285.0, 7930.0], [1275.0, 7930.0], [1265.0, 7930.0], [1255.0, 7930.0], [1245.0, 7930.0], [1235.0, 7930.0], [1225.0, 7930.0], [1220.0, 7925.0], [1215.0, 7920.0], [1205.0, 7920.0], [1195.0, 7920.0], [1185.0, 7920.0], [1180.0, 7915.0], [1175.0, 7910.0], [1165.0, 7910.0], [1160.0, 7905.0], [1155.0, 7900.0], [1145.0, 7900.0], [1140.0, 7895.0], [1135.0, 7890.0], [1130.0, 7885.0], [1125.0, 7880.0], [1115.0, 7880.0], [1110.0, 7875.0], [1105.0, 7870.0], [1100.0, 7865.0], [1095.0, 7860.0], [1085.0, 7860.0], [1080.0, 7855.0], [1075.0, 7850.0], [1070.0, 7845.0], [1065.0, 7840.0], [1060.0, 7835.0], [1055.0, 7830.0], [1050.0, 7825.0], [1045.0, 7820.0], [1040.0, 7815.0], [1035.0, 7810.0], [1030.0, 7805.0], [1030.0, 7795.0], [1025.0, 7790.0], [1020.0, 7785.0], [1020.0, 7775.0], [1020.0, 7765.0], [1020.0, 7755.0], [1020.0, 7745.0], [1015.0, 7740.0], [1010.0, 7735.0], [1015.0, 7730.0], [1020.0, 7725.0], [1020.0, 7715.0], [1020.0, 7705.0], [1020.0, 7695.0], [1020.0, 7685.0], [1025.0, 7680.0], [1030.0, 7675.0], [1030.0, 7665.0], [1035.0, 7660.0], [1040.0, 7665.0], [1040.0, 7675.0], [1045.0, 7680.0], [1050.0, 7685.0], [1055.0, 7690.0], [1060.0, 7695.0], [1060.0, 7705.0], [1065.0, 7710.0], [1070.0, 7715.0], [1075.0, 7720.0], [1080.0, 7725.0], [1085.0, 7730.0], [1090.0, 7735.0], [1095.0, 7740.0], [1100.0, 7745.0], [1100.0, 7755.0], [1105.0, 7760.0], [1110.0, 7765.0], [1115.0, 7770.0], [1120.0, 7775.0], [1125.0, 7780.0], [1135.0, 7780.0], [1140.0, 7785.0], [1145.0, 7790.0], [1150.0, 7795.0], [1155.0, 7800.0], [1165.0, 7800.0], [1170.0, 7805.0], [1175.0, 7810.0], [1180.0, 7815.0], [1185.0, 7820.0], [1190.0, 7825.0], [1195.0, 7830.0], [1200.0, 7835.0], [1205.0, 7840.0], [1210.0, 7835.0], [1215.0, 7830.0], [1220.0, 7835.0], [1225.0, 7840.0], [1235.0, 7840.0], [1245.0, 7840.0], [1250.0, 7845.0], [1255.0, 7850.0], [1265.0, 7850.0], [1270.0, 7845.0], [1275.0, 7840.0], [1280.0, 7845.0], [1285.0, 7850.0], [1290.0, 7845.0], [1290.0, 7835.0], [1295.0, 7830.0], [1300.0, 7825.0], [1305.0, 7820.0], [1310.0, 7815.0], [1315.0, 7810.0], [1320.0, 7805.0], [1325.0, 7800.0], [1335.0, 7800.0], [1345.0, 7800.0], [1350.0, 7795.0], [1355.0, 7790.0], [1365.0, 7790.0], [1375.0, 7790.0], [1385.0, 7790.0], [1390.0, 7795.0], [1395.0, 7800.0], [1400.0, 7795.0], [1405.0, 7790.0], [1410.0, 7795.0], [1415.0, 7800.0], [1425.0, 7800.0], [1435.0, 7800.0], [1445.0, 7800.0], [1450.0, 7805.0], [1450.0, 7815.0], [1450.0, 7825.0], [1450.0, 7835.0], [1445.0, 7840.0], [1440.0, 7845.0], [1440.0, 7855.0], [1435.0, 7860.0], [1430.0, 7865.0], [1430.0, 7875.0], [1425.0, 7880.0], [1415.0, 7880.0], [1405.0, 7880.0], [1395.0, 7880.0], [1385.0, 7880.0], [1375.0, 7880.0], [1365.0, 7880.0], [1360.0, 7885.0], [1355.0, 7890.0], [1350.0, 7895.0], [1345.0, 7900.0], [1335.0, 7900.0], [1330.0, 7905.0], [1325.0, 7910.0], [1320.0, 7915.0], [1315.0, 7920.0], [1305.0, 7920.0], [1300.0, 7925.0], [1295.0, 7930.0]]]}, "properties": {"objectType": "annotation", "name": "peri_30", "classification": {"name": "peri", "color": [25, 158, 112]}, "lesion_id": 30, "section": null, "area_um2": 42850.0, "lesion_ids": [30]}}, {"type": "Feature", "geometry": {"type": "Polygon", "coordinates": [[[2565.0, 7940.0], [2560.0, 7935.0], [2555.0, 7930.0], [2550.0, 7925.0], [2545.0, 7920.0], [2535.0, 7920.0], [2525.0, 7920.0], [2520.0, 7915.0], [2515.0, 7910.0], [2510.0, 7905.0], [2505.0, 7900.0], [2500.0, 7895.0], [2495.0, 7890.0], [2490.0, 7885.0], [2490.0, 7875.0], [2490.0, 7865.0], [2490.0, 7855.0], [2485.0, 7850.0], [2480.0, 7845.0], [2475.0, 7840.0], [2470.0, 7835.0], [2470.0, 7825.0], [2470.0, 7815.0], [2470.0, 7805.0], [2470.0, 7795.0], [2470.0, 7785.0], [2470.0, 7775.0], [2470.0, 7765.0], [2470.0, 7755.0], [2470.0, 7745.0], [2475.0, 7740.0], [2480.0, 7735.0], [2480.0, 7725.0], [2480.0, 7715.0], [2480.0, 7705.0], [2485.0, 7700.0], [2490.0, 7705.0], [2490.0, 7715.0], [2490.0, 7725.0], [2495.0, 7730.0], [2500.0, 7735.0], [2500.0, 7745.0], [2505.0, 7750.0], [2510.0, 7755.0], [2510.0, 7765.0], [2510.0, 7775.0], [2515.0, 7780.0], [2520.0, 7785.0], [2525.0, 7790.0], [2530.0, 7795.0], [2535.0, 7800.0], [2540.0, 7805.0], [2540.0, 7815.0], [2540.0, 7825.0], [2545.0, 7830.0], [2550.0, 7835.0], [2550.0, 7845.0], [2555.0, 7850.0], [2560.0, 7855.0], [2560.0, 7865.0], [2560.0, 7875.0], [2560.0, 7885.0], [2560.0, 7895.0], [2565.0, 7900.0], [2570.0, 7905.0], [2570.0, 7915.0], [2570.0, 7925.0], [2570.0, 7935.0], [2565.0, 7940.0]]]}, "properties": {"objectType": "annotation", "name": "P2_3_L|peri_29", "classification": {"name": "peri", "color": [25, 158, 112]}, "lesion_id": 29, "section": "P2_3_L", "area_um2": 11450.0, "lesion_ids": [29]}}, {"type": "Feature", "geometry": {"type": "Polygon", "coordinates": [[[2965.0, 8150.0], [2955.0, 8150.0], [2950.0, 8145.0], [2955.0, 8140.0], [2960.0, 8135.0], [2965.0, 8130.0], [2970.0, 8135.0], [2970.0, 8145.0], [2965.0, 8150.0]]]}, "properties": {"objectType": "annotation", "name": "P2_3_L|peri_29", "classification": {"name": "peri", "color": [25, 158, 112]}, "lesion_id": 29, "section": "P2_3_L", "area_um2": 250.0, "lesion_ids": [29]}}, {"type": "Feature", "geometry": {"type": "Polygon", "coordinates": [[[6385.0, 2050.0], [6375.0, 2050.0], [6370.0, 2045.0], [6365.0, 2040.0], [6360.0, 2045.0], [6355.0, 2050.0], [6345.0, 2050.0], [6340.0, 2045.0], [6335.0, 2040.0], [6325.0, 2040.0], [6320.0, 2045.0], [6315.0, 2050.0], [6305.0, 2050.0], [6295.0, 2050.0], [6290.0, 2045.0], [6285.0, 2040.0], [6275.0, 2040.0], [6270.0, 2045.0], [6265.0, 2050.0], [6255.0, 2050.0], [6250.0, 2045.0], [6245.0, 2040.0], [6235.0, 2040.0], [6225.0, 2040.0], [6215.0, 2040.0], [6210.0, 2035.0], [6205.0, 2030.0], [6200.0, 2035.0], [6195.0, 2040.0], [6185.0, 2040.0], [6175.0, 2040.0], [6165.0, 2040.0], [6155.0, 2040.0], [6145.0, 2040.0], [6135.0, 2040.0], [6130.0, 2035.0], [6125.0, 2030.0], [6115.0, 2030.0], [6105.0, 2030.0], [6095.0, 2030.0], [6085.0, 2030.0], [6080.0, 2025.0], [6075.0, 2020.0], [6065.0, 2020.0], [6055.0, 2020.0], [6050.0, 2015.0], [6055.0, 2010.0], [6060.0, 2005.0], [6065.0, 2000.0], [6070.0, 1995.0], [6075.0, 1990.0], [6080.0, 1985.0], [6085.0, 1980.0], [6095.0, 1980.0], [6100.0, 1975.0], [6105.0, 1970.0], [6115.0, 1970.0], [6120.0, 1965.0], [6125.0, 1960.0], [6135.0, 1960.0], [6145.0, 1960.0], [6155.0, 1960.0], [6160.0, 1955.0], [6165.0, 1950.0], [6175.0, 1950.0], [6185.0, 1950.0], [6195.0, 1950.0], [6205.0, 1950.0], [6215.0, 1950.0], [6225.0, 1950.0], [6235.0, 1950.0], [6245.0, 1950.0], [6255.0, 1950.0], [6265.0, 1950.0], [6275.0, 1950.0], [6285.0, 1950.0], [6295.0, 1950.0], [6305.0, 1950.0], [6310.0, 1955.0], [6315.0, 1960.0], [6320.0, 1965.0], [6325.0, 1970.0], [6330.0, 1975.0], [6335.0, 1980.0], [6340.0, 1985.0], [6345.0, 1990.0], [6350.0, 1995.0], [6355.0, 2000.0], [6360.0, 2005.0], [6365.0, 2010.0], [6370.0, 2015.0], [6375.0, 2020.0], [6380.0, 2025.0], [6380.0, 2035.0], [6385.0, 2040.0], [6390.0, 2045.0], [6385.0, 2050.0]]]}, "properties": {"objectType": "annotation", "name": "deep_1", "classification": {"name": "deep", "color": [144, 133, 233]}, "lesion_id": 1, "section": null, "area_um2": 23650.0, "lesion_ids": [1]}}, {"type": "Feature", "geometry": {"type": "Polygon", "coordinates": [[[6345.0, 3330.0], [6340.0, 3325.0], [6340.0, 3315.0], [6340.0, 3305.0], [6340.0, 3295.0], [6340.0, 3285.0], [6340.0, 3275.0], [6335.0, 3270.0], [6330.0, 3265.0], [6330.0, 3255.0], [6325.0, 3250.0], [6320.0, 3245.0], [6320.0, 3235.0], [6315.0, 3230.0], [6310.0, 3225.0], [6305.0, 3220.0], [6300.0, 3215.0], [6295.0, 3210.0], [6290.0, 3205.0], [6285.0, 3200.0], [6280.0, 3195.0], [6275.0, 3190.0], [6270.0, 3185.0], [6265.0, 3180.0], [6260.0, 3175.0], [6255.0, 3170.0], [6250.0, 3165.0], [6245.0, 3160.0], [6240.0, 3155.0], [6235.0, 3150.0], [6230.0, 3145.0], [6225.0, 3140.0], [6215.0, 3140.0], [6210.0, 3135.0], [6205.0, 3130.0], [6195.0, 3130.0], [6190.0, 3125.0], [6185.0, 3120.0], [6175.0, 3120.0], [6170.0, 3115.0], [6165.0, 3110.0], [6155.0, 3110.0], [6145.0, 3110.0], [6135.0, 3110.0], [6125.0, 3110.0], [6115.0, 3110.0], [6105.0, 3110.0], [6095.0, 3110.0], [6085.0, 3110.0], [6080.0, 3105.0], [6080.0, 3095.0], [6085.0, 3090.0], [6090.0, 3085.0], [6095.0, 3080.0], [6105.0, 3080.0], [6115.0, 3080.0], [6120.0, 3075.0], [6125.0, 3070.0], [6135.0, 3070.0], [6140.0, 3065.0], [6145.0, 3060.0], [6155.0, 3060.0], [6160.0, 3055.0], [6165.0, 3050.0], [6170.0, 3045.0], [6175.0, 3040.0], [6180.0, 3035.0], [6185.0, 3030.0], [6190.0, 3025.0], [6195.0, 3020.0], [6200.0, 3015.0], [6200.0, 3005.0], [6205.0, 3000.0], [6210.0, 2995.0], [6210.0, 2985.0], [6215.0, 2980.0], [6220.0, 2975.0], [6220.0, 2965.0], [6220.0, 2955.0], [6220.0, 2945.0], [6220.0, 2935.0], [6220.0, 2925.0], [6220.0, 2915.0], [6220.0, 2905.0], [6215.0, 2900.0], [6210.0, 2895.0], [6210.0, 2885.0], [6205.0, 2880.0], [6200.0, 2875.0], [6200.0, 2865.0], [6205.0, 2860.0], [6210.0, 2855.0], [6210.0, 2845.0], [6210.0, 2835.0], [6210.0, 2825.0], [6215.0, 2820.0], [6220.0, 2815.0], [6220.0, 2805.0], [6225.0, 2800.0], [6230.0, 2795.0], [6230.0, 2785.0], [6230.0, 2775.0], [6230.0, 2765.0], [6230.0, 2755.0], [6230.0, 2745.0], [6230.0, 2735.0], [6230.0, 2725.0], [6230.0, 2715.0], [6230.0, 2705.0], [6230.0, 2695.0], [6225.0, 2690.0], [6220.0, 2685.0], [6220.0, 2675.0], [6215.0, 2670.0], [6210.0, 2665.0], [6210.0, 2655.0], [6205.0, 2650.0], [6200.0, 2645.0], [6195.0, 2640.0], [6190.0, 2635.0], [6190.0, 2625.0], [6185.0, 2620.0], [6180.0, 2615.0], [6175.0, 2610.0], [6170.0, 2605.0], [6170.0, 2595.0], [6165.0, 2590.0], [6160.0, 2585.0], [6155.0, 2580.0], [6150.0, 2575.0], [6145.0, 2570.0], [6140.0, 2565.0], [6135.0, 2560.0], [6130.0, 2555.0], [6135.0, 2550.0], [6140.0, 2545.0], [6140.0, 2535.0], [6145.0, 2530.0], [6150.0, 2525.0], [6150.0, 2515.0], [6155.0, 2510.0], [6160.0, 2505.0], [6160.0, 2495.0], [6165.0, 2490.0], [6170.0, 2485.0], [6170.0, 2475.0], [6170.0, 2465.0], [6175.0, 2460.0], [6180.0, 2455.0], [6180.0, 2445.0], [6185.0, 2440.0], [6190.0, 2435.0], [6195.0, 2430.0], [6200.0, 2425.0], [6205.0, 2420.0], [6210.0, 2415.0], [6215.0, 2410.0], [6220.0, 2405.0], [6225.0, 2400.0], [6230.0, 2395.0], [6230.0, 2385.0], [6235.0, 2380.0], [6240.0, 2375.0], [6240.0, 2365.0], [6245.0, 2360.0], [6250.0, 2355.0], [6250.0, 2345.0], [6250.0, 2335.0], [6250.0, 2325.0], [6250.0, 2315.0], [6250.0, 2305.0], [6250.0, 2295.0], [6250.0, 2285.0], [6250.0, 2275.0], [6250.0, 2265.0], [6250.0, 2255.0], [6250.0, 2245.0], [6250.0, 2235.0], [6250.0, 2225.0], [6250.0, 2215.0], [6250.0, 2205.0], [6250.0, 2195.0], [6250.0, 2185.0], [6250.0, 2175.0], [6245.0, 2170.0], [6240.0, 2165.0], [6240.0, 2155.0], [6235.0, 2150.0], [6230.0, 2145.0], [6230.0, 2135.0], [6225.0, 2130.0], [6220.0, 2125.0], [6215.0, 2120.0], [6210.0, 2115.0], [6205.0, 2110.0], [6200.0, 2105.0], [6195.0, 2100.0], [6190.0, 2095.0], [6185.0, 2090.0], [6175.0, 2090.0], [6170.0, 2085.0], [6165.0, 2080.0], [6155.0, 2080.0], [6150.0, 2075.0], [6155.0, 2070.0], [6160.0, 2065.0], [6165.0, 2060.0], [6175.0, 2060.0], [6185.0, 2060.0], [6195.0, 2060.0], [6205.0, 2060.0], [6215.0, 2060.0], [6225.0, 2060.0], [6235.0, 2060.0], [6240.0, 2065.0], [6245.0, 2070.0], [6255.0, 2070.0], [6265.0, 2070.0], [6275.0, 2070.0], [6285.0, 2070.0], [6295.0, 2070.0], [6305.0, 2070.0], [6315.0, 2070.0], [6325.0, 2070.0], [6330.0, 2075.0], [6330.0, 2085.0], [6335.0, 2090.0], [6340.0, 2095.0], [6340.0, 2105.0], [6345.0, 2110.0], [6350.0, 2115.0], [6350.0, 2125.0], [6350.0, 2135.0], [6355.0, 2140.0], [6360.0, 2145.0], [6360.0, 2155.0], [6360.0, 2165.0], [6360.0, 2175.0], [6360.0, 2185.0], [6365.0, 2190.0], [6370.0, 2195.0], [6370.0, 2205.0], [6370.0, 2215.0], [6370.0, 2225.0], [6370.0, 2235.0], [6370.0, 2245.0], [6365.0, 2250.0], [6360.0, 2255.0], [6365.0, 2260.0], [6370.0, 2265.0], [6370.0, 2275.0], [6370.0, 2285.0], [6370.0, 2295.0], [6370.0, 2305.0], [6370.0, 2315.0], [6370.0, 2325.0], [6370.0, 2335.0], [6365.0, 2340.0], [6360.0, 2345.0], [6360.0, 2355.0], [6360.0, 2365.0], [6360.0, 2375.0], [6360.0, 2385.0], [6355.0, 2390.0], [6350.0, 2395.0], [6350.0, 2405.0], [6350.0, 2415.0], [6345.0, 2420.0], [6340.0, 2425.0], [6340.0, 2435.0], [6335.0, 2440.0], [6330.0, 2445.0], [6330.0, 2455.0], [6325.0, 2460.0], [6320.0, 2465.0], [6315.0, 2470.0], [6310.0, 2475.0], [6305.0, 2480.0], [6300.0, 2485.0], [6295.0, 2490.0], [6290.0, 2495.0], [6285.0, 2500.0], [6280.0, 2505.0], [6280.0, 2515.0], [6275.0, 2520.0], [6270.0, 2525.0], [6270.0, 2535.0], [6270.0, 2545.0], [6275.0, 2550.0], [6280.0, 2555.0], [6285.0, 2560.0], [6290.0, 2565.0], [6290.0, 2575.0], [6295.0, 2580.0], [6300.0, 2585.0], [6305.0, 2590.0], [6310.0, 2595.0], [6310.0, 2605.0], [6315.0, 2610.0], [6320.0, 2615.0], [6320.0, 2625.0], [6325.0, 2630.0], [6330.0, 2635.0], [6330.0, 2645.0], [6330.0, 2655.0], [6335.0, 2660.0], [6340.0, 2665.0], [6340.0, 2675.0], [6340.0, 2685.0], [6340.0, 2695.0], [6340.0, 2705.0], [6345.0, 2710.0], [6350.0, 2715.0], [6350.0, 2725.0], [6350.0, 2735.0], [6350.0, 2745.0], [6350.0, 2755.0], [6350.0, 2765.0], [6350.0, 2775.0], [6345.0, 2780.0], [6340.0, 2785.0], [6340.0, 2795.0], [6340.0, 2805.0], [6340.0, 2815.0], [6340.0, 2825.0], [6335.0, 2830.0], [6330.0, 2835.0], [6330.0, 2845.0], [6330.0, 2855.0], [6325.0, 2860.0], [6320.0, 2865.0], [6325.0, 2870.0], [6330.0, 2875.0], [6330.0, 2885.0], [6330.0, 2895.0], [6330.0, 2905.0], [6330.0, 2915.0], [6335.0, 2920.0], [6340.0, 2925.0], [6340.0, 2935.0], [6340.0, 2945.0], [6340.0, 2955.0], [6335.0, 2960.0], [6330.0, 2965.0], [6330.0, 2975.0], [6330.0, 2985.0], [6330.0, 2995.0], [6330.0, 3005.0], [6325.0, 3010.0], [6320.0, 3015.0], [6320.0, 3025.0], [6320.0, 3035.0], [6315.0, 3040.0], [6310.0, 3045.0], [6310.0, 3055.0], [6310.0, 3065.0], [6315.0, 3070.0], [6320.0, 3075.0], [6325.0, 3080.0], [6330.0, 3085.0], [6335.0, 3090.0], [6340.0, 3095.0], [6345.0, 3100.0], [6350.0, 3105.0], [6355.0, 3110.0], [6360.0, 3115.0], [6365.0, 3120.0], [6370.0, 3125.0], [6375.0, 3130.0], [6380.0, 3135.0], [6385.0, 3140.0], [6390.0, 3145.0], [6395.0, 3150.0], [6405.0, 3150.0], [6415.0, 3150.0], [6425.0, 3150.0], [6435.0, 3150.0], [6445.0, 3150.0], [6450.0, 3145.0], [6455.0, 3140.0], [6465.0, 3140.0], [6475.0, 3140.0], [6485.0, 3140.0], [6495.0, 3140.0], [6505.0, 3140.0], [6510.0, 3145.0], [6515.0, 3150.0], [6525.0, 3150.0], [6535.0, 3150.0], [6545.0, 3150.0], [6555.0, 3150.0], [6560.0, 3155.0], [6565.0, 3160.0], [6575.0, 3160.0], [6585.0, 3160.0], [6590.0, 3165.0], [6595.0, 3170.0], [6605.0, 3170.0], [6615.0, 3170.0], [6620.0, 3165.0], [6625.0, 3160.0], [6635.0, 3160.0], [6640.0, 3155.0], [6645.0, 3150.0], [6655.0, 3150.0], [6660.0, 3145.0], [6665.0, 3140.0], [6675.0, 3140.0], [6685.0, 3140.0], [6690.0, 3135.0], [6695.0, 3130.0], [6705.0, 3130.0], [6715.0, 3130.0], [6725.0, 3130.0], [6735.0, 3130.0], [6740.0, 3125.0], [6745.0, 3120.0], [6755.0, 3120.0], [6765.0, 3120.0], [6775.0, 3120.0], [6780.0, 3125.0], [6785.0, 3130.0], [6795.0, 3130.0], [6805.0, 3130.0], [6815.0, 3130.0], [6825.0, 3130.0], [6835.0, 3130.0], [6845.0, 3130.0], [6850.0, 3125.0], [6855.0, 3120.0], [6865.0, 3120.0], [6875.0, 3120.0], [6880.0, 3125.0], [6885.0, 3130.0], [6895.0, 3130.0], [6905.0, 3130.0], [6915.0, 3130.0], [6925.0, 3130.0], [6930.0, 3135.0], [6935.0, 3140.0], [6945.0, 3140.0], [6955.0, 3140.0], [6960.0, 3145.0], [6965.0, 3150.0], [6975.0, 3150.0], [6980.0, 3155.0], [6985.0, 3160.0], [6995.0, 3160.0], [7000.0, 3165.0], [7005.0, 3170.0], [7010.0, 3175.0], [7005.0, 3180.0], [7000.0, 3185.0], [7000.0, 3195.0], [7000.0, 3205.0], [7000.0, 3215.0], [7000.0, 3225.0], [7000.0, 3235.0], [6995.0, 3240.0], [6990.0, 3245.0], [6990.0, 3255.0], [6985.0, 3260.0], [6980.0, 3265.0], [6980.0, 3275.0], [6980.0, 3285.0], [6975.0, 3290.0], [6970.0, 3285.0], [6965.0, 3280.0], [6960.0, 3275.0], [6955.0, 3270.0], [6945.0, 3270.0], [6940.0, 3265.0], [6935.0, 3260.0], [6925.0, 3260.0], [6920.0, 3255.0], [6915.0, 3250.0], [6905.0, 3250.0], [6900.0, 3245.0], [6895.0, 3240.0], [6885.0, 3240.0], [6875.0, 3240.0], [6865.0, 3240.0], [6855.0, 3240.0], [6845.0, 3240.0], [6835.0, 3240.0], [6830.0, 3245.0], [6825.0, 3250.0], [6815.0, 3250.0], [6805.0, 3250.0], [6800.0, 3245.0], [6795.0, 3240.0], [6785.0, 3240.0], [6775.0, 3240.0], [6765.0, 3240.0], [6755.0, 3240.0], [6745.0, 3240.0], [6735.0, 3240.0], [6725.0, 3240.0], [6720.0, 3245.0], [6715.0, 3250.0], [6705.0, 3250.0], [6700.0, 3255.0], [6695.0, 3260.0], [6685.0, 3260.0], [6680.0, 3265.0], [6675.0, 3270.0], [6670.0, 3275.0], [6665.0, 3280.0], [6655.0, 3280.0], [6645.0, 3280.0], [6635.0, 3280.0], [6625.0, 3280.0], [6615.0, 3280.0], [6610.0, 3285.0], [6605.0, 3290.0], [6595.0, 3290.0], [6585.0, 3290.0], [6575.0, 3290.0], [6570.0, 3285.0], [6565.0, 3280.0], [6555.0, 3280.0], [6550.0, 3275.0], [6545.0, 3270.0], [6535.0, 3270.0], [6530.0, 3265.0], [6525.0, 3260.0], [6515.0, 3260.0], [6505.0, 3260.0], [6495.0, 3260.0], [6485.0, 3260.0], [6475.0, 3260.0], [6465.0, 3260.0], [6455.0, 3260.0], [6445.0, 3260.0], [6435.0, 3260.0], [6430.0, 3265.0], [6425.0, 3270.0], [6415.0, 3270.0], [6410.0, 3275.0], [6405.0, 3280.0], [6395.0, 3280.0], [6390.0, 3285.0], [6385.0, 3290.0], [6380.0, 3295.0], [6375.0, 3300.0], [6370.0, 3305.0], [6365.0, 3310.0], [6360.0, 3315.0], [6355.0, 3320.0], [6350.0, 3325.0], [6345.0, 3330.0]]]}, "properties": {"objectType": "annotation", "name": "P2_3_T|deep", "classification": {"name": "deep", "color": [144, 133, 233]}, "lesion_id": 0, "section": "P2_3_T", "area_um2": 231150.0, "lesion_ids": [1, 5]}}, {"type": "Feature", "geometry": {"type": "Polygon", "coordinates": [[[7105.0, 2440.0], [7095.0, 2440.0], [7085.0, 2440.0], [7075.0, 2440.0], [7065.0, 2440.0], [7060.0, 2435.0], [7055.0, 2430.0], [7050.0, 2435.0], [7045.0, 2440.0], [7035.0, 2440.0], [7025.0, 2440.0], [7015.0, 2440.0], [7010.0, 2435.0], [7010.0, 2425.0], [7010.0, 2415.0], [7005.0, 2410.0], [7000.0, 2405.0], [7000.0, 2395.0], [6995.0, 2390.0], [6990.0, 2385.0], [6985.0, 2380.0], [6980.0, 2375.0], [6980.0, 2365.0], [6975.0, 2360.0], [6970.0, 2355.0], [6965.0, 2350.0], [6960.0, 2345.0], [6955.0, 2340.0], [6950.0, 2335.0], [6945.0, 2330.0], [6940.0, 2325.0], [6935.0, 2320.0], [6930.0, 2315.0], [6935.0, 2310.0], [6945.0, 2310.0], [6950.0, 2305.0], [6955.0, 2300.0], [6965.0, 2300.0], [6975.0, 2300.0], [6980.0, 2295.0], [6985.0, 2290.0], [6995.0, 2290.0], [7005.0, 2290.0], [7015.0, 2290.0], [7020.0, 2295.0], [7025.0, 2300.0], [7030.0, 2305.0], [7035.0, 2310.0], [7040.0, 2315.0], [7045.0, 2320.0], [7050.0, 2325.0], [7050.0, 2335.0], [7055.0, 2340.0], [7060.0, 2345.0], [7065.0, 2350.0], [7070.0, 2355.0], [7070.0, 2365.0], [7075.0, 2370.0], [7080.0, 2375.0], [7080.0, 2385.0], [7085.0, 2390.0], [7090.0, 2395.0], [7090.0, 2405.0], [7095.0, 2410.0], [7100.0, 2415.0], [7105.0, 2420.0], [7110.0, 2425.0], [7110.0, 2435.0], [7105.0, 2440.0]]]}, "properties": {"objectType": "annotation", "name": "deep_4", "classification": {"name": "deep", "color": [144, 133, 233]}, "lesion_id": 4, "section": null, "area_um2": 13750.0, "lesion_ids": [4]}}, {"type": "Feature", "geometry": {"type": "Polygon", "coordinates": [[[7085.0, 2920.0], [7075.0, 2920.0], [7065.0, 2920.0], [7055.0, 2920.0], [7050.0, 2915.0], [7045.0, 2910.0], [7035.0, 2910.0], [7025.0, 2910.0], [7015.0, 2910.0], [7005.0, 2910.0], [7000.0, 2905.0], [6995.0, 2900.0], [6985.0, 2900.0], [6975.0, 2900.0], [6970.0, 2895.0], [6965.0, 2890.0], [6955.0, 2890.0], [6950.0, 2885.0], [6945.0, 2880.0], [6935.0, 2880.0], [6930.0, 2875.0], [6925.0, 2870.0], [6920.0, 2865.0], [6915.0, 2860.0], [6910.0, 2855.0], [6905.0, 2850.0], [6900.0, 2845.0], [6895.0, 2840.0], [6890.0, 2835.0], [6885.0, 2830.0], [6880.0, 2825.0], [6875.0, 2820.0], [6870.0, 2815.0], [6865.0, 2810.0], [6860.0, 2805.0], [6855.0, 2800.0], [6850.0, 2795.0], [6850.0, 2785.0], [6845.0, 2780.0], [6840.0, 2775.0], [6840.0, 2765.0], [6835.0, 2760.0], [6830.0, 2755.0], [6830.0, 2745.0], [6825.0, 2740.0], [6820.0, 2735.0], [6820.0, 2725.0], [6820.0, 2715.0], [6815.0, 2710.0], [6810.0, 2705.0], [6810.0, 2695.0], [6810.0, 2685.0], [6810.0, 2675.0], [6810.0, 2665.0], [6805.0, 2660.0], [6800.0, 2655.0], [6800.0, 2645.0], [6800.0, 2635.0], [6800.0, 2625.0], [6800.0, 2615.0], [6800.0, 2605.0], [6800.0, 2595.0], [6805.0, 2590.0], [6810.0, 2585.0], [6810.0, 2575.0], [6810.0, 2565.0], [6810.0, 2555.0], [6810.0, 2545.0], [6815.0, 2540.0], [6820.0, 2535.0], [6820.0, 2525.0], [6820.0, 2515.0], [6825.0, 2510.0], [6830.0, 2505.0], [6830.0, 2495.0], [6835.0, 2490.0], [6840.0, 2485.0], [6840.0, 2475.0], [6845.0, 2470.0], [6850.0, 2465.0], [6855.0, 2460.0], [6860.0, 2455.0], [6865.0, 2450.0], [6870.0, 2445.0], [6875.0, 2440.0], [6880.0, 2435.0], [6885.0, 2430.0], [6890.0, 2425.0], [6895.0, 2420.0], [6900.0, 2415.0], [6905.0, 2410.0], [6910.0, 2405.0], [6915.0, 2400.0], [6920.0, 2395.0], [6925.0, 2390.0], [6935.0, 2390.0], [6940.0, 2385.0], [6945.0, 2380.0], [6955.0, 2380.0], [6960.0, 2385.0], [6965.0, 2390.0], [6970.0, 2395.0], [6975.0, 2400.0], [6980.0, 2405.0], [6980.0, 2415.0], [6985.0, 2420.0], [6990.0, 2425.0], [6990.0, 2435.0], [6990.0, 2445.0], [6995.0, 2450.0], [7000.0, 2455.0], [7005.0, 2460.0], [7010.0, 2465.0], [7010.0, 2475.0], [7005.0, 2480.0], [7000.0, 2485.0], [6995.0, 2490.0], [6985.0, 2490.0], [6980.0, 2495.0], [6975.0, 2500.0], [6970.0, 2505.0], [6965.0, 2510.0], [6960.0, 2515.0], [6955.0, 2520.0], [6950.0, 2525.0], [6945.0, 2530.0], [6940.0, 2535.0], [6940.0, 2545.0], [6935.0, 2550.0], [6930.0, 2555.0], [6930.0, 2565.0], [6925.0, 2570.0], [6920.0, 2575.0], [6920.0, 2585.0], [6920.0, 2595.0], [6920.0, 2605.0], [6920.0, 2615.0], [6920.0, 2625.0], [6920.0, 2635.0], [6920.0, 2645.0], [6920.0, 2655.0], [6920.0, 2665.0], [6920.0, 2675.0], [6925.0, 2680.0], [6930.0, 2685.0], [6930.0, 2695.0], [6935.0, 2700.0], [6940.0, 2705.0], [6940.0, 2715.0], [6945.0, 2720.0], [6950.0, 2725.0], [6950.0, 2735.0], [6955.0, 2740.0], [6960.0, 2745.0], [6965.0, 2750.0], [6970.0, 2755.0], [6975.0, 2760.0], [6980.0, 2765.0], [6985.0, 2770.0], [6990.0, 2775.0], [6995.0, 2780.0], [7005.0, 2780.0], [7010.0, 2785.0], [7015.0, 2790.0], [7025.0, 2790.0], [7030.0, 2795.0], [7035.0, 2800.0], [7045.0, 2800.0], [7055.0, 2800.0], [7065.0, 2800.0], [7075.0, 2800.0], [7080.0, 2805.0], [7080.0, 2815.0], [7080.0, 2825.0], [7080.0, 2835.0], [7080.0, 2845.0], [7080.0, 2855.0], [7085.0, 2860.0], [7090.0, 2865.0], [7090.0, 2875.0], [7090.0, 2885.0], [7090.0, 2895.0], [7090.0, 2905.0], [7090.0, 2915.0], [7085.0, 2920.0]]]}, "properties": {"objectType": "annotation", "name": "P2_3_T|deep_4", "classification": {"name": "deep", "color": [144, 133, 233]}, "lesion_id": 4, "section": "P2_3_T", "area_um2": 70450.0, "lesion_ids": [4]}}, {"type": "Feature", "geometry": {"type": "Polygon", "coordinates": [[[7145.0, 2980.0], [7135.0, 2980.0], [7125.0, 2980.0], [7115.0, 2980.0], [7110.0, 2975.0], [7110.0, 2965.0], [7110.0, 2955.0], [7110.0, 2945.0], [7115.0, 2940.0], [7120.0, 2935.0], [7115.0, 2930.0], [7110.0, 2925.0], [7110.0, 2915.0], [7110.0, 2905.0], [7110.0, 2895.0], [7115.0, 2890.0], [7120.0, 2885.0], [7115.0, 2880.0], [7110.0, 2875.0], [7110.0, 2865.0], [7110.0, 2855.0], [7105.0, 2850.0], [7100.0, 2845.0], [7100.0, 2835.0], [7105.0, 2830.0], [7115.0, 2830.0], [7125.0, 2830.0], [7130.0, 2825.0], [7135.0, 2820.0], [7145.0, 2820.0], [7150.0, 2815.0], [7155.0, 2810.0], [7165.0, 2810.0], [7170.0, 2805.0], [7175.0, 2800.0], [7180.0, 2795.0], [7185.0, 2790.0], [7190.0, 2795.0], [7190.0, 2805.0], [7190.0, 2815.0], [7190.0, 2825.0], [7190.0, 2835.0], [7195.0, 2840.0], [7200.0, 2845.0], [7200.0, 2855.0], [7200.0, 2865.0], [7200.0, 2875.0], [7200.0, 2885.0], [7200.0, 2895.0], [7200.0, 2905.0], [7200.0, 2915.0], [7200.0, 2925.0], [7200.0, 2935.0], [7200.0, 2945.0], [7200.0, 2955.0], [7195.0, 2960.0], [7185.0, 2960.0], [7180.0, 2965.0], [7175.0, 2970.0], [7165.0, 2970.0], [7155.0, 2970.0], [7150.0, 2975.0], [7145.0, 2980.0]]]}, "properties": {"objectType": "annotation", "name": "deep_4", "classification": {"name": "deep", "color": [144, 133, 233]}, "lesion_id": 4, "section": null, "area_um2": 13950.0, "lesion_ids": [4]}}, {"type": "Feature", "geometry": {"type": "Polygon", "coordinates": [[[7055.0, 3370.0], [7050.0, 3365.0], [7050.0, 3355.0], [7050.0, 3345.0], [7050.0, 3335.0], [7045.0, 3330.0], [7040.0, 3325.0], [7040.0, 3315.0], [7035.0, 3310.0], [7030.0, 3305.0], [7030.0, 3295.0], [7025.0, 3290.0], [7020.0, 3285.0], [7015.0, 3280.0], [7010.0, 3275.0], [7010.0, 3265.0], [7010.0, 3255.0], [7015.0, 3250.0], [7020.0, 3245.0], [7025.0, 3240.0], [7030.0, 3235.0], [7025.0, 3230.0], [7020.0, 3225.0], [7025.0, 3220.0], [7030.0, 3215.0], [7030.0, 3205.0], [7030.0, 3195.0], [7035.0, 3190.0], [7040.0, 3185.0], [7040.0, 3175.0], [7045.0, 3170.0], [7050.0, 3165.0], [7050.0, 3155.0], [7050.0, 3145.0], [7055.0, 3140.0], [7060.0, 3135.0], [7060.0, 3125.0], [7065.0, 3120.0], [7070.0, 3125.0], [7075.0, 3130.0], [7080.0, 3135.0], [7085.0, 3140.0], [7090.0, 3145.0], [7095.0, 3150.0], [7100.0, 3155.0], [7105.0, 3160.0], [7110.0, 3165.0], [7115.0, 3170.0], [7120.0, 3175.0], [7125.0, 3180.0], [7130.0, 3185.0], [7130.0, 3195.0], [7130.0, 3205.0], [7125.0, 3210.0], [7120.0, 3215.0], [7120.0, 3225.0], [7120.0, 3235.0], [7115.0, 3240.0], [7110.0, 3245.0], [7110.0, 3255.0], [7105.0, 3260.0], [7100.0, 3265.0], [7100.0, 3275.0], [7100.0, 3285.0], [7095.0, 3290.0], [7090.0, 3295.0], [7090.0, 3305.0], [7090.0, 3315.0], [7085.0, 3320.0], [7080.0, 3325.0], [7080.0, 3335.0], [7075.0, 3340.0], [7070.0, 3345.0], [7070.0, 3355.0], [7065.0, 3360.0], [7060.0, 3365.0], [7055.0, 3370.0]]]}, "properties": {"objectType": "annotation", "name": "deep_5", "classification": {"name": "deep", "color": [144, 133, 233]}, "lesion_id": 5, "section": null, "area_um2": 15650.0, "lesion_ids": [5]}}, {"type": "Feature", "geometry": {"type": "Polygon", "coordinates": [[[1785.0, 4060.0], [1775.0, 4060.0], [1765.0, 4060.0], [1755.0, 4060.0], [1750.0, 4055.0], [1745.0, 4050.0], [1740.0, 4045.0], [1735.0, 4040.0], [1730.0, 4035.0], [1725.0, 4030.0], [1720.0, 4025.0], [1715.0, 4020.0], [1710.0, 4015.0], [1705.0, 4010.0], [1700.0, 4005.0], [1695.0, 4000.0], [1685.0, 4000.0], [1680.0, 3995.0], [1675.0, 3990.0], [1665.0, 3990.0], [1655.0, 3990.0], [1650.0, 3985.0], [1645.0, 3980.0], [1635.0, 3980.0], [1625.0, 3980.0], [1615.0, 3980.0], [1605.0, 3980.0], [1595.0, 3980.0], [1585.0, 3980.0], [1580.0, 3985.0], [1575.0, 3990.0], [1565.0, 3990.0], [1555.0, 3990.0], [1545.0, 3990.0], [1535.0, 3990.0], [1525.0, 3990.0], [1520.0, 3995.0], [1515.0, 4000.0], [1510.0, 3995.0], [1505.0, 3990.0], [1500.0, 3985.0], [1495.0, 3980.0], [1485.0, 3980.0], [1475.0, 3980.0], [1465.0, 3980.0], [1455.0, 3980.0], [1450.0, 3975.0], [1445.0, 3970.0], [1435.0, 3970.0], [1430.0, 3965.0], [1425.0, 3960.0], [1420.0, 3955.0], [1415.0, 3950.0], [1410.0, 3945.0], [1405.0, 3940.0], [1400.0, 3935.0], [1395.0, 3930.0], [1390.0, 3925.0], [1385.0, 3920.0], [1380.0, 3915.0], [1385.0, 3910.0], [1390.0, 3905.0], [1395.0, 3900.0], [1405.0, 3900.0], [1410.0, 3895.0], [1415.0, 3890.0], [1425.0, 3890.0], [1430.0, 3885.0], [1435.0, 3880.0], [1445.0, 3880.0], [1455.0, 3880.0], [1460.0, 3875.0], [1465.0, 3870.0], [1475.0, 3870.0], [1485.0, 3870.0], [1490.0, 3865.0], [1495.0, 3860.0], [1505.0, 3860.0], [1515.0, 3860.0], [1525.0, 3860.0], [1535.0, 3860.0], [1545.0, 3860.0], [1550.0, 3855.0], [1555.0, 3850.0], [1565.0, 3850.0], [1575.0, 3850.0], [1585.0, 3850.0], [1595.0, 3850.0], [1605.0, 3850.0], [1615.0, 3850.0], [1625.0, 3850.0], [1635.0, 3850.0], [1645.0, 3850.0], [1655.0, 3850.0], [1665.0, 3850.0], [1675.0, 3850.0], [1680.0, 3855.0], [1685.0, 3860.0], [1695.0, 3860.0], [1705.0, 3860.0], [1710.0, 3865.0], [1715.0, 3870.0], [1725.0, 3870.0], [1735.0, 3870.0], [1740.0, 3875.0], [1745.0, 3880.0], [1755.0, 3880.0], [1760.0, 3885.0], [1765.0, 3890.0], [1770.0, 3895.0], [1775.0, 3900.0], [1785.0, 3900.0], [1790.0, 3905.0], [1795.0, 3910.0], [1800.0, 3915.0], [1805.0, 3920.0], [1810.0, 3925.0], [1815.0, 3930.0], [1820.0, 3935.0], [1825.0, 3940.0], [1830.0, 3945.0], [1835.0, 3950.0], [1840.0, 3955.0], [1845.0, 3960.0], [1850.0, 3965.0], [1850.0, 3975.0], [1855.0, 3980.0], [1860.0, 3975.0], [1865.0, 3970.0], [1875.0, 3970.0], [1880.0, 3965.0], [1885.0, 3960.0], [1890.0, 3955.0], [1895.0, 3950.0], [1905.0, 3950.0], [1910.0, 3945.0], [1915.0, 3940.0], [1920.0, 3935.0], [1925.0, 3930.0], [1930.0, 3925.0], [1935.0, 3920.0], [1940.0, 3915.0], [1945.0, 3910.0], [1950.0, 3905.0], [1955.0, 3900.0], [1960.0, 3895.0], [1965.0, 3890.0], [1975.0, 3890.0], [1980.0, 3885.0], [1985.0, 3880.0], [1990.0, 3875.0], [1985.0, 3870.0], [1975.0, 3870.0], [1965.0, 3870.0], [1960.0, 3865.0], [1955.0, 3860.0], [1945.0, 3860.0], [1940.0, 3855.0], [1935.0, 3850.0], [1930.0, 3845.0], [1925.0, 3840.0], [1915.0, 3840.0], [1910.0, 3835.0], [1905.0, 3830.0], [1900.0, 3825.0], [1895.0, 3820.0], [1890.0, 3815.0], [1885.0, 3810.0], [1880.0, 3805.0], [1875.0, 3800.0], [1870.0, 3795.0], [1865.0, 3790.0], [1860.0, 3785.0], [1855.0, 3780.0], [1850.0, 3775.0], [1845.0, 3770.0], [1840.0, 3765.0], [1835.0, 3760.0], [1830.0, 3755.0], [1830.0, 3745.0], [1825.0, 3740.0], [1820.0, 3735.0], [1815.0, 3730.0], [1810.0, 3725.0], [1810.0, 3715.0], [1805.0, 3710.0], [1800.0, 3705.0], [1800.0, 3695.0], [1800.0, 3685.0], [1795.0, 3680.0], [1790.0, 3675.0], [1790.0, 3665.0], [1790.0, 3655.0], [1785.0, 3650.0], [1780.0, 3645.0], [1780.0, 3635.0], [1780.0, 3625.0], [1775.0, 3620.0], [1770.0, 3615.0], [1770.0, 3605.0], [1770.0, 3595.0], [1765.0, 3590.0], [1760.0, 3585.0], [1760.0, 3575.0], [1760.0, 3565.0], [1760.0, 3555.0], [1760.0, 3545.0], [1760.0, 3535.0], [1760.0, 3525.0], [1760.0, 3515.0], [1760.0, 3505.0], [1760.0, 3495.0], [1760.0, 3485.0], [1765.0, 3480.0], [1770.0, 3475.0], [1770.0, 3465.0], [1770.0, 3455.0], [1775.0, 3450.0], [1780.0, 3445.0], [1780.0, 3435.0], [1780.0, 3425.0], [1785.0, 3420.0], [1790.0, 3415.0], [1790.0, 3405.0], [1795.0, 3400.0], [1800.0, 3395.0], [1805.0, 3390.0], [1810.0, 3385.0], [1810.0, 3375.0], [1815.0, 3370.0], [1820.0, 3365.0], [1825.0, 3360.0], [1830.0, 3355.0], [1835.0, 3350.0], [1840.0, 3345.0], [1845.0, 3340.0], [1850.0, 3335.0], [1855.0, 3330.0], [1860.0, 3325.0], [1865.0, 3320.0], [1870.0, 3315.0], [1875.0, 3310.0], [1880.0, 3305.0], [1885.0, 3300.0], [1895.0, 3300.0], [1900.0, 3295.0], [1905.0, 3290.0], [1910.0, 3285.0], [1915.0, 3280.0], [1925.0, 3280.0], [1930.0, 3275.0], [1935.0, 3270.0], [1945.0, 3270.0], [1955.0, 3270.0], [1960.0, 3265.0], [1965.0, 3260.0], [1975.0, 3260.0], [1985.0, 3260.0], [1990.0, 3255.0], [1995.0, 3250.0], [2005.0, 3250.0], [2015.0, 3250.0], [2025.0, 3250.0], [2035.0, 3250.0], [2040.0, 3245.0], [2045.0, 3240.0], [2055.0, 3240.0], [2065.0, 3240.0], [2075.0, 3240.0], [2085.0, 3240.0], [2095.0, 3240.0], [2105.0, 3240.0], [2115.0, 3240.0], [2125.0, 3240.0], [2135.0, 3240.0], [2145.0, 3240.0], [2150.0, 3245.0], [2155.0, 3250.0], [2165.0, 3250.0], [2175.0, 3250.0], [2180.0, 3255.0], [2185.0, 3260.0], [2195.0, 3260.0], [2205.0, 3260.0], [2210.0, 3265.0], [2215.0, 3270.0], [2225.0, 3270.0], [2235.0, 3270.0], [2240.0, 3265.0], [2245.0, 3260.0], [2250.0, 3255.0], [2255.0, 3250.0], [2260.0, 3245.0], [2265.0, 3240.0], [2270.0, 3235.0], [2275.0, 3230.0], [2280.0, 3225.0], [2285.0, 3220.0], [2290.0, 3215.0], [2295.0, 3210.0], [2300.0, 3205.0], [2305.0, 3200.0], [2315.0, 3200.0], [2320.0, 3195.0], [2325.0, 3190.0], [2330.0, 3185.0], [2335.0, 3180.0], [2345.0, 3180.0], [2350.0, 3175.0], [2355.0, 3170.0], [2365.0, 3170.0], [2375.0, 3170.0], [2380.0, 3165.0], [2385.0, 3160.0], [2395.0, 3160.0], [2405.0, 3160.0], [2410.0, 3155.0], [2415.0, 3150.0], [2425.0, 3150.0], [2435.0, 3150.0], [2445.0, 3150.0], [2455.0, 3150.0], [2465.0, 3150.0], [2475.0, 3150.0], [2485.0, 3150.0], [2495.0, 3150.0], [2505.0, 3150.0], [2515.0, 3150.0], [2525.0, 3150.0], [2535.0, 3150.0], [2540.0, 3155.0], [2545.0, 3160.0], [2555.0, 3160.0], [2565.0, 3160.0], [2570.0, 3165.0], [2575.0, 3170.0], [2585.0, 3170.0], [2595.0, 3170.0], [2600.0, 3175.0], [2605.0, 3180.0], [2615.0, 3180.0], [2620.0, 3185.0], [2625.0, 3190.0], [2630.0, 3195.0], [2635.0, 3200.0], [2645.0, 3200.0], [2650.0, 3205.0], [2655.0, 3210.0], [2660.0, 3215.0], [2665.0, 3220.0], [2670.0, 3225.0], [2675.0, 3230.0], [2680.0, 3235.0], [2675.0, 3240.0], [2670.0, 3245.0], [2670.0, 3255.0], [2665.0, 3260.0], [2660.0, 3265.0], [2660.0, 3275.0], [2660.0, 3285.0], [2660.0, 3295.0], [2660.0, 3305.0], [2660.0, 3315.0], [2660.0, 3325.0], [2655.0, 3330.0], [2650.0, 3335.0], [2650.0, 3345.0], [2650.0, 3355.0], [2650.0, 3365.0], [2650.0, 3375.0], [2650.0, 3385.0], [2645.0, 3390.0], [2640.0, 3385.0], [2635.0, 3380.0], [2630.0, 3375.0], [2625.0, 3370.0], [2620.0, 3365.0], [2615.0, 3360.0], [2610.0, 3355.0], [2605.0, 3350.0], [2600.0, 3345.0], [2595.0, 3340.0], [2590.0, 3335.0], [2585.0, 3330.0], [2580.0, 3325.0], [2575.0, 3320.0], [2570.0, 3315.0], [2565.0, 3310.0], [2560.0, 3305.0], [2555.0, 3300.0], [2545.0, 3300.0], [2540.0, 3295.0], [2535.0, 3290.0], [2525.0, 3290.0], [2515.0, 3290.0], [2510.0, 3285.0], [2505.0, 3280.0], [2495.0, 3280.0], [2485.0, 3280.0], [2475.0, 3280.0], [2465.0, 3280.0], [2455.0, 3280.0], [2445.0, 3280.0], [2440.0, 3285.0], [2435.0, 3290.0], [2425.0, 3290.0], [2415.0, 3290.0], [2410.0, 3295.0], [2405.0, 3300.0], [2395.0, 3300.0], [2390.0, 3305.0], [2385.0, 3310.0], [2380.0, 3315.0], [2375.0, 3320.0], [2370.0, 3325.0], [2365.0, 3330.0], [2360.0, 3335.0], [2355.0, 3340.0], [2350.0, 3345.0], [2345.0, 3350.0], [2340.0, 3355.0], [2335.0, 3360.0], [2330.0, 3365.0], [2325.0, 3370.0], [2320.0, 3375.0], [2320.0, 3385.0], [2315.0, 3390.0], [2310.0, 3395.0], [2310.0, 3405.0], [2310.0, 3415.0], [2305.0, 3420.0], [2300.0, 3425.0], [2295.0, 3430.0], [2290.0, 3425.0], [2285.0, 3420.0], [2275.0, 3420.0], [2270.0, 3415.0], [2265.0, 3410.0], [2255.0, 3410.0], [2245.0, 3410.0], [2240.0, 3405.0], [2235.0, 3400.0], [2225.0, 3400.0], [2215.0, 3400.0], [2205.0, 3400.0], [2195.0, 3400.0], [2185.0, 3400.0], [2175.0, 3400.0], [2170.0, 3395.0], [2165.0, 3390.0], [2155.0, 3390.0], [2150.0, 3385.0], [2145.0, 3380.0], [2135.0, 3380.0], [2125.0, 3380.0], [2120.0, 3375.0], [2115.0, 3370.0], [2105.0, 3370.0], [2095.0, 3370.0], [2085.0, 3370.0], [2075.0, 3370.0], [2070.0, 3375.0], [2065.0, 3380.0], [2055.0, 3380.0], [2045.0, 3380.0], [2035.0, 3380.0], [2025.0, 3380.0], [2020.0, 3385.0], [2015.0, 3390.0], [2005.0, 3390.0], [1995.0, 3390.0], [1990.0, 3395.0], [1985.0, 3400.0], [1975.0, 3400.0], [1970.0, 3405.0], [1965.0, 3410.0], [1960.0, 3415.0], [1955.0, 3420.0], [1950.0, 3425.0], [1945.0, 3430.0], [1940.0, 3435.0], [1935.0, 3440.0], [1930.0, 3445.0], [1925.0, 3450.0], [1920.0, 3455.0], [1915.0, 3460.0], [1910.0, 3465.0], [1910.0, 3475.0], [1905.0, 3480.0], [1900.0, 3485.0], [1900.0, 3495.0], [1900.0, 3505.0], [1895.0, 3510.0], [1890.0, 3515.0], [1890.0, 3525.0], [1890.0, 3535.0], [1890.0, 3545.0], [1890.0, 3555.0], [1895.0, 3560.0], [1900.0, 3565.0], [1900.0, 3575.0], [1900.0, 3585.0], [1905.0, 3590.0], [1910.0, 3595.0], [1910.0, 3605.0], [1910.0, 3615.0], [1915.0, 3620.0], [1920.0, 3625.0], [1920.0, 3635.0], [1920.0, 3645.0], [1925.0, 3650.0], [1930.0, 3655.0], [1930.0, 3665.0], [1935.0, 3670.0], [1940.0, 3675.0], [1945.0, 3680.0], [1950.0, 3685.0], [1955.0, 3690.0], [1960.0, 3695.0], [1965.0, 3700.0], [1970.0, 3705.0], [1975.0, 3710.0], [1980.0, 3715.0], [1985.0, 3720.0], [1990.0, 3725.0], [1995.0, 3730.0], [2000.0, 3735.0], [2005.0, 3740.0], [2015.0, 3740.0], [2020.0, 3745.0], [2025.0, 3750.0], [2035.0, 3750.0], [2045.0, 3750.0], [2050.0, 3755.0], [2055.0, 3760.0], [2065.0, 3760.0], [2070.0, 3765.0], [2075.0, 3770.0], [2080.0, 3775.0], [2085.0, 3780.0], [2090.0, 3785.0], [2095.0, 3790.0], [2100.0, 3795.0], [2105.0, 3800.0], [2115.0, 3800.0], [2120.0, 3805.0], [2125.0, 3810.0], [2135.0, 3810.0], [2145.0, 3810.0], [2150.0, 3815.0], [2155.0, 3820.0], [2165.0, 3820.0], [2170.0, 3825.0], [2165.0, 3830.0], [2155.0, 3830.0], [2150.0, 3835.0], [2145.0, 3840.0], [2140.0, 3845.0], [2135.0, 3850.0], [2130.0, 3855.0], [2130.0, 3865.0], [2125.0, 3870.0], [2120.0, 3875.0], [2120.0, 3885.0], [2115.0, 3890.0], [2110.0, 3895.0], [2105.0, 3900.0], [2100.0, 3905.0], [2095.0, 3910.0], [2085.0, 3910.0], [2080.0, 3915.0], [2075.0, 3920.0], [2070.0, 3925.0], [2070.0, 3935.0], [2070.0, 3945.0], [2065.0, 3950.0], [2060.0, 3955.0], [2060.0, 3965.0], [2055.0, 3970.0], [2045.0, 3970.0], [2040.0, 3975.0], [2035.0, 3980.0], [2025.0, 3980.0], [2015.0, 3980.0], [2010.0, 3985.0], [2005.0, 3990.0], [1995.0, 3990.0], [1985.0, 3990.0], [1980.0, 3995.0], [1975.0, 4000.0], [1965.0, 4000.0], [1955.0, 4000.0], [1945.0, 4000.0], [1940.0, 4005.0], [1935.0, 4010.0], [1925.0, 4010.0], [1915.0, 4010.0], [1905.0, 4010.0], [1900.0, 4015.0], [1895.0, 4020.0], [1885.0, 4020.0], [1880.0, 4025.0], [1875.0, 4030.0], [1870.0, 4035.0], [1865.0, 4040.0], [1855.0, 4040.0], [1845.0, 4040.0], [1835.0, 4040.0], [1830.0, 4045.0], [1825.0, 4050.0], [1815.0, 4050.0], [1805.0, 4050.0], [1795.0, 4050.0], [1790.0, 4055.0], [1785.0, 4060.0]]]}, "properties": {"objectType": "annotation", "name": "R1_3_L|deep", "classification": {"name": "deep", "color": [144, 133, 233]}, "lesion_id": 0, "section": "R1_3_L", "area_um2": 277450.0, "lesion_ids": [6, 8, 12]}}, {"type": "Feature", "geometry": {"type": "Polygon", "coordinates": [[[2555.0, 3780.0], [2545.0, 3780.0], [2540.0, 3775.0], [2545.0, 3770.0], [2550.0, 3765.0], [2555.0, 3760.0], [2560.0, 3755.0], [2560.0, 3745.0], [2565.0, 3740.0], [2570.0, 3735.0], [2575.0, 3730.0], [2580.0, 3725.0], [2585.0, 3720.0], [2595.0, 3720.0], [2600.0, 3715.0], [2600.0, 3705.0], [2605.0, 3700.0], [2610.0, 3695.0], [2615.0, 3690.0], [2620.0, 3685.0], [2625.0, 3680.0], [2630.0, 3675.0], [2635.0, 3670.0], [2645.0, 3670.0], [2650.0, 3665.0], [2650.0, 3655.0], [2650.0, 3645.0], [2655.0, 3640.0], [2660.0, 3635.0], [2665.0, 3630.0], [2670.0, 3625.0], [2670.0, 3615.0], [2675.0, 3610.0], [2680.0, 3605.0], [2675.0, 3600.0], [2670.0, 3595.0], [2670.0, 3585.0], [2665.0, 3580.0], [2660.0, 3575.0], [2655.0, 3570.0], [2650.0, 3565.0], [2650.0, 3555.0], [2650.0, 3545.0], [2650.0, 3535.0], [2655.0, 3530.0], [2660.0, 3525.0], [2660.0, 3515.0], [2665.0, 3510.0], [2670.0, 3505.0], [2670.0, 3495.0], [2670.0, 3485.0], [2670.0, 3475.0], [2670.0, 3465.0], [2675.0, 3460.0], [2680.0, 3455.0], [2675.0, 3450.0], [2670.0, 3445.0], [2670.0, 3435.0], [2670.0, 3425.0], [2665.0, 3420.0], [2660.0, 3415.0], [2665.0, 3410.0], [2670.0, 3405.0], [2670.0, 3395.0], [2675.0, 3390.0], [2680.0, 3385.0], [2680.0, 3375.0], [2675.0, 3370.0], [2670.0, 3365.0], [2670.0, 3355.0], [2675.0, 3350.0], [2680.0, 3345.0], [2685.0, 3340.0], [2690.0, 3335.0], [2690.0, 3325.0], [2690.0, 3315.0], [2690.0, 3305.0], [2690.0, 3295.0], [2685.0, 3290.0], [2680.0, 3285.0], [2685.0, 3280.0], [2690.0, 3275.0], [2690.0, 3265.0], [2695.0, 3260.0], [2700.0, 3255.0], [2700.0, 3245.0], [2705.0, 3240.0], [2710.0, 3235.0], [2715.0, 3230.0], [2725.0, 3230.0], [2730.0, 3235.0], [2735.0, 3240.0], [2740.0, 3245.0], [2745.0, 3250.0], [2750.0, 3255.0], [2755.0, 3260.0], [2760.0, 3265.0], [2765.0, 3270.0], [2770.0, 3275.0], [2770.0, 3285.0], [2775.0, 3290.0], [2780.0, 3295.0], [2780.0, 3305.0], [2785.0, 3310.0], [2790.0, 3315.0], [2790.0, 3325.0], [2785.0, 3330.0], [2775.0, 3330.0], [2765.0, 3330.0], [2760.0, 3335.0], [2765.0, 3340.0], [2775.0, 3340.0], [2780.0, 3345.0], [2785.0, 3350.0], [2790.0, 3355.0], [2795.0, 3360.0], [2800.0, 3365.0], [2800.0, 3375.0], [2800.0, 3385.0], [2805.0, 3390.0], [2810.0, 3395.0], [2810.0, 3405.0], [2810.0, 3415.0], [2810.0, 3425.0], [2815.0, 3430.0], [2820.0, 3435.0], [2820.0, 3445.0], [2820.0, 3455.0], [2820.0, 3465.0], [2815.0, 3470.0], [2810.0, 3475.0], [2815.0, 3480.0], [2820.0, 3485.0], [2820.0, 3495.0], [2820.0, 3505.0], [2820.0, 3515.0], [2820.0, 3525.0], [2815.0, 3530.0], [2810.0, 3535.0], [2810.0, 3545.0], [2810.0, 3555.0], [2805.0, 3560.0], [2800.0, 3565.0], [2800.0, 3575.0], [2795.0, 3580.0], [2790.0, 3575.0], [2785.0, 3570.0], [2780.0, 3565.0], [2775.0, 3560.0], [2770.0, 3555.0], [2765.0, 3550.0], [2760.0, 3545.0], [2755.0, 3540.0], [2750.0, 3535.0], [2745.0, 3530.0], [2740.0, 3525.0], [2740.0, 3515.0], [2740.0, 3505.0], [2735.0, 3500.0], [2730.0, 3505.0], [2730.0, 3515.0], [2730.0, 3525.0], [2730.0, 3535.0], [2730.0, 3545.0], [2735.0, 3550.0], [2740.0, 3555.0], [2740.0, 3565.0], [2745.0, 3570.0], [2750.0, 3575.0], [2750.0, 3585.0], [2750.0, 3595.0], [2750.0, 3605.0], [2750.0, 3615.0], [2750.0, 3625.0], [2750.0, 3635.0], [2745.0, 3640.0], [2740.0, 3645.0], [2740.0, 3655.0], [2735.0, 3660.0], [2730.0, 3665.0], [2730.0, 3675.0], [2725.0, 3680.0], [2720.0, 3685.0], [2715.0, 3690.0], [2710.0, 3695.0], [2705.0, 3700.0], [2700.0, 3705.0], [2695.0, 3710.0], [2690.0, 3715.0], [2685.0, 3720.0], [2675.0, 3720.0], [2670.0, 3725.0], [2665.0, 3730.0], [2655.0, 3730.0], [2650.0, 3735.0], [2645.0, 3740.0], [2640.0, 3745.0], [2635.0, 3750.0], [2625.0, 3750.0], [2615.0, 3750.0], [2610.0, 3755.0], [2605.0, 3760.0], [2595.0, 3760.0], [2590.0, 3765.0], [2585.0, 3770.0], [2575.0, 3770.0], [2565.0, 3770.0], [2560.0, 3775.0], [2555.0, 3780.0]]]}, "properties": {"objectType": "annotation", "name": "R1_3_L|deep_6", "classification": {"name": "deep", "color": [144, 133, 233]}, "lesion_id": 6, "section": "R1_3_L", "area_um2": 56250.0, "lesion_ids": [6]}}, {"type": "Feature", "geometry": {"type": "Polygon", "coordinates": [[[2375.0, 3860.0], [2365.0, 3860.0], [2355.0, 3860.0], [2345.0, 3860.0], [2335.0, 3860.0], [2325.0, 3860.0], [2315.0, 3860.0], [2305.0, 3860.0], [2295.0, 3860.0], [2285.0, 3860.0], [2275.0, 3860.0], [2265.0, 3860.0], [2255.0, 3860.0], [2250.0, 3855.0], [2245.0, 3850.0], [2240.0, 3845.0], [2235.0, 3840.0], [2230.0, 3835.0], [2225.0, 3830.0], [2220.0, 3825.0], [2215.0, 3820.0], [2210.0, 3815.0], [2215.0, 3810.0], [2225.0, 3810.0], [2235.0, 3810.0], [2240.0, 3805.0], [2245.0, 3800.0], [2255.0, 3800.0], [2260.0, 3795.0], [2265.0, 3790.0], [2270.0, 3785.0], [2275.0, 3780.0], [2280.0, 3775.0], [2285.0, 3770.0], [2295.0, 3770.0], [2300.0, 3765.0], [2305.0, 3760.0], [2310.0, 3755.0], [2315.0, 3750.0], [2320.0, 3745.0], [2325.0, 3740.0], [2330.0, 3735.0], [2335.0, 3730.0], [2340.0, 3725.0], [2345.0, 3720.0], [2350.0, 3715.0], [2355.0, 3710.0], [2360.0, 3705.0], [2365.0, 3700.0], [2370.0, 3695.0], [2375.0, 3690.0], [2380.0, 3685.0], [2385.0, 3680.0], [2390.0, 3675.0], [2395.0, 3670.0], [2400.0, 3665.0], [2400.0, 3655.0], [2405.0, 3650.0], [2410.0, 3645.0], [2410.0, 3635.0], [2410.0, 3625.0], [2415.0, 3620.0], [2425.0, 3620.0], [2430.0, 3625.0], [2435.0, 3630.0], [2445.0, 3630.0], [2455.0, 3630.0], [2465.0, 3630.0], [2475.0, 3630.0], [2480.0, 3625.0], [2485.0, 3620.0], [2495.0, 3620.0], [2505.0, 3620.0], [2510.0, 3615.0], [2515.0, 3610.0], [2525.0, 3610.0], [2530.0, 3605.0], [2535.0, 3600.0], [2545.0, 3600.0], [2555.0, 3600.0], [2560.0, 3595.0], [2565.0, 3590.0], [2575.0, 3590.0], [2580.0, 3585.0], [2585.0, 3580.0], [2590.0, 3575.0], [2595.0, 3570.0], [2600.0, 3565.0], [2605.0, 3560.0], [2610.0, 3555.0], [2615.0, 3550.0], [2625.0, 3550.0], [2630.0, 3555.0], [2630.0, 3565.0], [2630.0, 3575.0], [2635.0, 3580.0], [2640.0, 3585.0], [2640.0, 3595.0], [2640.0, 3605.0], [2640.0, 3615.0], [2635.0, 3620.0], [2630.0, 3625.0], [2630.0, 3635.0], [2630.0, 3645.0], [2625.0, 3650.0], [2620.0, 3655.0], [2615.0, 3660.0], [2610.0, 3665.0], [2605.0, 3670.0], [2600.0, 3675.0], [2595.0, 3680.0], [2590.0, 3685.0], [2585.0, 3690.0], [2580.0, 3695.0], [2575.0, 3700.0], [2570.0, 3705.0], [2565.0, 3710.0], [2560.0, 3715.0], [2555.0, 3720.0], [2550.0, 3725.0], [2545.0, 3730.0], [2540.0, 3735.0], [2540.0, 3745.0], [2535.0, 3750.0], [2525.0, 3750.0], [2515.0, 3750.0], [2510.0, 3755.0], [2505.0, 3760.0], [2495.0, 3760.0], [2490.0, 3765.0], [2485.0, 3770.0], [2480.0, 3775.0], [2475.0, 3780.0], [2470.0, 3785.0], [2465.0, 3790.0], [2460.0, 3795.0], [2455.0, 3800.0], [2450.0, 3805.0], [2445.0, 3810.0], [2440.0, 3815.0], [2435.0, 3820.0], [2430.0, 3825.0], [2425.0, 3830.0], [2420.0, 3835.0], [2415.0, 3840.0], [2405.0, 3840.0], [2400.0, 3845.0], [2395.0, 3850.0], [2385.0, 3850.0], [2380.0, 3855.0], [2375.0, 3860.0]]]}, "properties": {"objectType": "annotation", "name": "R1_3_L|deep", "classification": {"name": "deep", "color": [144, 133, 233]}, "lesion_id": 0, "section": "R1_3_L", "area_um2": 53150.0, "lesion_ids": [6, 8]}}, {"type": "Feature", "geometry": {"type": "Polygon", "coordinates": [[[2355.0, 3970.0], [2345.0, 3970.0], [2335.0, 3970.0], [2325.0, 3970.0], [2315.0, 3970.0], [2305.0, 3970.0], [2295.0, 3970.0], [2285.0, 3970.0], [2275.0, 3970.0], [2265.0, 3970.0], [2260.0, 3965.0], [2255.0, 3960.0], [2245.0, 3960.0], [2235.0, 3960.0], [2225.0, 3960.0], [2220.0, 3955.0], [2215.0, 3950.0], [2205.0, 3950.0], [2195.0, 3950.0], [2190.0, 3955.0], [2185.0, 3960.0], [2175.0, 3960.0], [2165.0, 3960.0], [2155.0, 3960.0], [2145.0, 3960.0], [2140.0, 3955.0], [2135.0, 3950.0], [2125.0, 3950.0], [2120.0, 3955.0], [2120.0, 3965.0], [2115.0, 3970.0], [2110.0, 3965.0], [2105.0, 3960.0], [2100.0, 3955.0], [2095.0, 3950.0], [2090.0, 3945.0], [2095.0, 3940.0], [2100.0, 3935.0], [2105.0, 3930.0], [2115.0, 3930.0], [2120.0, 3925.0], [2120.0, 3915.0], [2125.0, 3910.0], [2130.0, 3905.0], [2135.0, 3900.0], [2140.0, 3895.0], [2145.0, 3890.0], [2150.0, 3885.0], [2150.0, 3875.0], [2150.0, 3865.0], [2155.0, 3860.0], [2165.0, 3860.0], [2175.0, 3860.0], [2180.0, 3855.0], [2185.0, 3850.0], [2195.0, 3850.0], [2205.0, 3850.0], [2210.0, 3855.0], [2215.0, 3860.0], [2220.0, 3865.0], [2225.0, 3870.0], [2230.0, 3875.0], [2235.0, 3880.0], [2240.0, 3885.0], [2245.0, 3890.0], [2250.0, 3885.0], [2255.0, 3880.0], [2265.0, 3880.0], [2275.0, 3880.0], [2280.0, 3885.0], [2285.0, 3890.0], [2295.0, 3890.0], [2300.0, 3885.0], [2305.0, 3880.0], [2310.0, 3885.0], [2315.0, 3890.0], [2320.0, 3885.0], [2325.0, 3880.0], [2335.0, 3880.0], [2345.0, 3880.0], [2355.0, 3880.0], [2365.0, 3880.0], [2370.0, 3885.0], [2375.0, 3890.0], [2380.0, 3885.0], [2385.0, 3880.0], [2395.0, 3880.0], [2405.0, 3880.0], [2410.0, 3875.0], [2415.0, 3870.0], [2425.0, 3870.0], [2430.0, 3875.0], [2425.0, 3880.0], [2420.0, 3885.0], [2415.0, 3890.0], [2410.0, 3895.0], [2405.0, 3900.0], [2395.0, 3900.0], [2390.0, 3905.0], [2395.0, 3910.0], [2405.0, 3910.0], [2410.0, 3915.0], [2415.0, 3920.0], [2420.0, 3925.0], [2425.0, 3930.0], [2430.0, 3935.0], [2435.0, 3940.0], [2440.0, 3945.0], [2435.0, 3950.0], [2425.0, 3950.0], [2415.0, 3950.0], [2410.0, 3955.0], [2405.0, 3960.0], [2395.0, 3960.0], [2385.0, 3960.0], [2375.0, 3960.0], [2365.0, 3960.0], [2360.0, 3965.0], [2355.0, 3970.0]]]}, "properties": {"objectType": "annotation", "name": "R1_3_L|deep", "classification": {"name": "deep", "color": [144, 133, 233]}, "lesion_id": 0, "section": "R1_3_L", "area_um2": 25850.0, "lesion_ids": [8, 11]}}, {"type": "Feature", "geometry": {"type": "Polygon", "coordinates": [[[6415.0, 4030.0], [6405.0, 4030.0], [6395.0, 4030.0], [6385.0, 4030.0], [6375.0, 4030.0], [6365.0, 4030.0], [6355.0, 4030.0], [6345.0, 4030.0], [6335.0, 4030.0], [6325.0, 4030.0], [6315.0, 4030.0], [6305.0, 4030.0], [6295.0, 4030.0], [6285.0, 4030.0], [6280.0, 4025.0], [6275.0, 4020.0], [6270.0, 4015.0], [6265.0, 4010.0], [6255.0, 4010.0], [6245.0, 4010.0], [6235.0, 4010.0], [6230.0, 4005.0], [6225.0, 4000.0], [6215.0, 4000.0], [6205.0, 4000.0], [6200.0, 3995.0], [6195.0, 3990.0], [6185.0, 3990.0], [6175.0, 3990.0], [6165.0, 3990.0], [6160.0, 3985.0], [6155.0, 3980.0], [6145.0, 3980.0], [6135.0, 3980.0], [6130.0, 3975.0], [6125.0, 3970.0], [6115.0, 3970.0], [6105.0, 3970.0], [6095.0, 3970.0], [6085.0, 3970.0], [6075.0, 3970.0], [6070.0, 3975.0], [6065.0, 3980.0], [6060.0, 3975.0], [6055.0, 3970.0], [6050.0, 3975.0], [6045.0, 3980.0], [6040.0, 3975.0], [6035.0, 3970.0], [6025.0, 3970.0], [6015.0, 3970.0], [6005.0, 3970.0], [6000.0, 3965.0], [5995.0, 3960.0], [5985.0, 3960.0], [5980.0, 3965.0], [5975.0, 3970.0], [5965.0, 3970.0], [5955.0, 3970.0], [5945.0, 3970.0], [5940.0, 3965.0], [5935.0, 3960.0], [5925.0, 3960.0], [5920.0, 3955.0], [5915.0, 3950.0], [5905.0, 3950.0], [5900.0, 3945.0], [5895.0, 3940.0], [5890.0, 3935.0], [5885.0, 3930.0], [5880.0, 3925.0], [5875.0, 3920.0], [5870.0, 3915.0], [5865.0, 3910.0], [5860.0, 3905.0], [5855.0, 3900.0], [5850.0, 3895.0], [5845.0, 3890.0], [5840.0, 3885.0], [5845.0, 3880.0], [5855.0, 3880.0], [5865.0, 3880.0], [5875.0, 3880.0], [5885.0, 3880.0], [5895.0, 3880.0], [5905.0, 3880.0], [5915.0, 3880.0], [5925.0, 3880.0], [5935.0, 3880.0], [5940.0, 3875.0], [5945.0, 3870.0], [5955.0, 3870.0], [5965.0, 3870.0], [5975.0, 3870.0], [5985.0, 3870.0], [5995.0, 3870.0], [6005.0, 3870.0], [6015.0, 3870.0], [6025.0, 3870.0], [6035.0, 3870.0], [6045.0, 3870.0], [6055.0, 3870.0], [6065.0, 3870.0], [6075.0, 3870.0], [6085.0, 3870.0], [6090.0, 3875.0], [6095.0, 3880.0], [6105.0, 3880.0], [6115.0, 3880.0], [6125.0, 3880.0], [6135.0, 3880.0], [6145.0, 3880.0], [6155.0, 3880.0], [6160.0, 3885.0], [6165.0, 3890.0], [6175.0, 3890.0], [6185.0, 3890.0], [6190.0, 3895.0], [6195.0, 3900.0], [6205.0, 3900.0], [6215.0, 3900.0], [6225.0, 3900.0], [6230.0, 3905.0], [6235.0, 3910.0], [6245.0, 3910.0], [6255.0, 3910.0], [6265.0, 3910.0], [6270.0, 3915.0], [6275.0, 3920.0], [6285.0, 3920.0], [6290.0, 3925.0], [6295.0, 3930.0], [6305.0, 3930.0], [6310.0, 3935.0], [6315.0, 3940.0], [6320.0, 3945.0], [6325.0, 3950.0], [6330.0, 3955.0], [6335.0, 3960.0], [6340.0, 3965.0], [6345.0, 3970.0], [6355.0, 3970.0], [6360.0, 3975.0], [6365.0, 3980.0], [6375.0, 3980.0], [6380.0, 3985.0], [6385.0, 3990.0], [6395.0, 3990.0], [6405.0, 3990.0], [6415.0, 3990.0], [6425.0, 3990.0], [6435.0, 3990.0], [6445.0, 3990.0], [6455.0, 3990.0], [6465.0, 3990.0], [6475.0, 3990.0], [6480.0, 3995.0], [6485.0, 4000.0], [6495.0, 4000.0], [6500.0, 4005.0], [6495.0, 4010.0], [6490.0, 4015.0], [6485.0, 4020.0], [6475.0, 4020.0], [6465.0, 4020.0], [6455.0, 4020.0], [6445.0, 4020.0], [6435.0, 4020.0], [6425.0, 4020.0], [6420.0, 4025.0], [6415.0, 4030.0]]]}, "properties": {"objectType": "annotation", "name": "deep_5", "classification": {"name": "deep", "color": [144, 133, 233]}, "lesion_id": 5, "section": null, "area_um2": 49950.0, "lesion_ids": [5]}}, {"type": "Feature", "geometry": {"type": "Polygon", "coordinates": [[[1395.0, 4050.0], [1385.0, 4050.0], [1380.0, 4045.0], [1375.0, 4040.0], [1365.0, 4040.0], [1360.0, 4035.0], [1355.0, 4030.0], [1350.0, 4025.0], [1345.0, 4020.0], [1335.0, 4020.0], [1330.0, 4015.0], [1325.0, 4010.0], [1315.0, 4010.0], [1310.0, 4005.0], [1305.0, 4000.0], [1300.0, 3995.0], [1295.0, 3990.0], [1285.0, 3990.0], [1280.0, 3985.0], [1275.0, 3980.0], [1270.0, 3975.0], [1270.0, 3965.0], [1275.0, 3960.0], [1280.0, 3955.0], [1285.0, 3950.0], [1290.0, 3945.0], [1295.0, 3940.0], [1300.0, 3935.0], [1305.0, 3930.0], [1310.0, 3925.0], [1315.0, 3920.0], [1320.0, 3915.0], [1325.0, 3910.0], [1330.0, 3915.0], [1335.0, 3920.0], [1340.0, 3925.0], [1340.0, 3935.0], [1345.0, 3940.0], [1355.0, 3940.0], [1365.0, 3940.0], [1370.0, 3945.0], [1375.0, 3950.0], [1385.0, 3950.0], [1390.0, 3955.0], [1395.0, 3960.0], [1400.0, 3965.0], [1405.0, 3970.0], [1410.0, 3975.0], [1410.0, 3985.0], [1415.0, 3990.0], [1425.0, 3990.0], [1435.0, 3990.0], [1440.0, 3995.0], [1445.0, 4000.0], [1450.0, 4005.0], [1445.0, 4010.0], [1435.0, 4010.0], [1430.0, 4015.0], [1425.0, 4020.0], [1420.0, 4025.0], [1415.0, 4030.0], [1410.0, 4035.0], [1405.0, 4040.0], [1400.0, 4045.0], [1395.0, 4050.0]]]}, "properties": {"objectType": "annotation", "name": "deep", "classification": {"name": "deep", "color": [144, 133, 233]}, "lesion_id": 0, "section": null, "area_um2": 11850.0, "lesion_ids": []}}, {"type": "Feature", "geometry": {"type": "Polygon", "coordinates": [[[1785.0, 4100.0], [1780.0, 4095.0], [1780.0, 4085.0], [1785.0, 4080.0], [1795.0, 4080.0], [1800.0, 4075.0], [1805.0, 4070.0], [1815.0, 4070.0], [1825.0, 4070.0], [1835.0, 4070.0], [1840.0, 4065.0], [1845.0, 4060.0], [1855.0, 4060.0], [1865.0, 4060.0], [1875.0, 4060.0], [1885.0, 4060.0], [1890.0, 4055.0], [1895.0, 4050.0], [1905.0, 4050.0], [1910.0, 4045.0], [1915.0, 4040.0], [1920.0, 4035.0], [1925.0, 4030.0], [1935.0, 4030.0], [1945.0, 4030.0], [1955.0, 4030.0], [1960.0, 4025.0], [1965.0, 4020.0], [1975.0, 4020.0], [1985.0, 4020.0], [1995.0, 4020.0], [2005.0, 4020.0], [2015.0, 4020.0], [2020.0, 4025.0], [2015.0, 4030.0], [2005.0, 4030.0], [1995.0, 4030.0], [1990.0, 4035.0], [1985.0, 4040.0], [1975.0, 4040.0], [1970.0, 4045.0], [1965.0, 4050.0], [1955.0, 4050.0], [1950.0, 4055.0], [1945.0, 4060.0], [1935.0, 4060.0], [1930.0, 4065.0], [1925.0, 4070.0], [1915.0, 4070.0], [1910.0, 4075.0], [1905.0, 4080.0], [1900.0, 4075.0], [1895.0, 4070.0], [1885.0, 4070.0], [1875.0, 4070.0], [1870.0, 4075.0], [1865.0, 4080.0], [1855.0, 4080.0], [1845.0, 4080.0], [1835.0, 4080.0], [1825.0, 4080.0], [1820.0, 4085.0], [1815.0, 4090.0], [1805.0, 4090.0], [1795.0, 4090.0], [1790.0, 4095.0], [1785.0, 4100.0]]]}, "properties": {"objectType": "annotation", "name": "R1_3_L|deep", "classification": {"name": "deep", "color": [144, 133, 233]}, "lesion_id": 0, "section": "R1_3_L", "area_um2": 4650.0, "lesion_ids": [11, 12]}}, {"type": "Feature", "geometry": {"type": "Polygon", "coordinates": [[[2735.0, 5470.0], [2725.0, 5470.0], [2715.0, 5470.0], [2705.0, 5470.0], [2695.0, 5470.0], [2685.0, 5470.0], [2675.0, 5470.0], [2665.0, 5470.0], [2660.0, 5465.0], [2655.0, 5460.0], [2645.0, 5460.0], [2635.0, 5460.0], [2625.0, 5460.0], [2620.0, 5455.0], [2615.0, 5450.0], [2605.0, 5450.0], [2595.0, 5450.0], [2590.0, 5445.0], [2585.0, 5440.0], [2575.0, 5440.0], [2565.0, 5440.0], [2560.0, 5435.0], [2555.0, 5430.0], [2545.0, 5430.0], [2540.0, 5425.0], [2535.0, 5420.0], [2530.0, 5415.0], [2525.0, 5410.0], [2515.0, 5410.0], [2510.0, 5405.0], [2505.0, 5400.0], [2500.0, 5395.0], [2495.0, 5390.0], [2485.0, 5390.0], [2475.0, 5390.0], [2470.0, 5385.0], [2465.0, 5380.0], [2455.0, 5380.0], [2445.0, 5380.0], [2440.0, 5375.0], [2435.0, 5370.0], [2425.0, 5370.0], [2415.0, 5370.0], [2410.0, 5365.0], [2405.0, 5360.0], [2395.0, 5360.0], [2390.0, 5355.0], [2385.0, 5350.0], [2375.0, 5350.0], [2370.0, 5345.0], [2365.0, 5340.0], [2355.0, 5340.0], [2350.0, 5335.0], [2345.0, 5330.0], [2340.0, 5325.0], [2335.0, 5320.0], [2325.0, 5320.0], [2320.0, 5315.0], [2315.0, 5310.0], [2310.0, 5305.0], [2305.0, 5300.0], [2300.0, 5295.0], [2295.0, 5290.0], [2285.0, 5290.0], [2280.0, 5285.0], [2275.0, 5280.0], [2270.0, 5275.0], [2265.0, 5270.0], [2255.0, 5270.0], [2245.0, 5270.0], [2235.0, 5270.0], [2225.0, 5270.0], [2215.0, 5270.0], [2205.0, 5270.0], [2195.0, 5270.0], [2185.0, 5270.0], [2180.0, 5265.0], [2175.0, 5260.0], [2165.0, 5260.0], [2155.0, 5260.0], [2150.0, 5255.0], [2145.0, 5250.0], [2135.0, 5250.0], [2125.0, 5250.0], [2120.0, 5245.0], [2115.0, 5240.0], [2105.0, 5240.0], [2100.0, 5235.0], [2095.0, 5230.0], [2090.0, 5225.0], [2085.0, 5220.0], [2075.0, 5220.0], [2070.0, 5215.0], [2065.0, 5210.0], [2060.0, 5205.0], [2055.0, 5200.0], [2050.0, 5195.0], [2045.0, 5190.0], [2035.0, 5190.0], [2030.0, 5185.0], [2025.0, 5180.0], [2020.0, 5175.0], [2015.0, 5170.0], [2010.0, 5165.0], [2005.0, 5160.0], [2000.0, 5155.0], [2000.0, 5145.0], [1995.0, 5140.0], [1990.0, 5135.0], [1985.0, 5130.0], [1980.0, 5125.0], [1975.0, 5120.0], [1970.0, 5115.0], [1970.0, 5105.0], [1965.0, 5100.0], [1960.0, 5095.0], [1955.0, 5090.0], [1950.0, 5085.0], [1950.0, 5075.0], [1945.0, 5070.0], [1940.0, 5065.0], [1940.0, 5055.0], [1940.0, 5045.0], [1935.0, 5040.0], [1930.0, 5035.0], [1930.0, 5025.0], [1930.0, 5015.0], [1925.0, 5010.0], [1920.0, 5005.0], [1920.0, 4995.0], [1920.0, 4985.0], [1920.0, 4975.0], [1920.0, 4965.0], [1920.0, 4955.0], [1920.0, 4945.0], [1920.0, 4935.0], [1920.0, 4925.0], [1920.0, 4915.0], [1920.0, 4905.0], [1920.0, 4895.0], [1915.0, 4890.0], [1910.0, 4885.0], [1905.0, 4880.0], [1900.0, 4875.0], [1895.0, 4870.0], [1890.0, 4865.0], [1890.0, 4855.0], [1885.0, 4850.0], [1880.0, 4845.0], [1875.0, 4840.0], [1870.0, 4835.0], [1865.0, 4830.0], [1860.0, 4825.0], [1860.0, 4815.0], [1855.0, 4810.0], [1850.0, 4805.0], [1845.0, 4800.0], [1840.0, 4795.0], [1840.0, 4785.0], [1835.0, 4780.0], [1830.0, 4775.0], [1830.0, 4765.0], [1830.0, 4755.0], [1825.0, 4750.0], [1820.0, 4745.0], [1820.0, 4735.0], [1820.0, 4725.0], [1815.0, 4720.0], [1810.0, 4715.0], [1810.0, 4705.0], [1810.0, 4695.0], [1810.0, 4685.0], [1810.0, 4675.0], [1810.0, 4665.0], [1810.0, 4655.0], [1810.0, 4645.0], [1810.0, 4635.0], [1810.0, 4625.0], [1810.0, 4615.0], [1810.0, 4605.0], [1810.0, 4595.0], [1810.0, 4585.0], [1810.0, 4575.0], [1810.0, 4565.0], [1810.0, 4555.0], [1805.0, 4550.0], [1800.0, 4545.0], [1800.0, 4535.0], [1795.0, 4530.0], [1790.0, 4525.0], [1790.0, 4515.0], [1785.0, 4510.0], [1775.0, 4510.0], [1770.0, 4515.0], [1765.0, 4520.0], [1755.0, 4520.0], [1750.0, 4525.0], [1745.0, 4530.0], [1740.0, 4535.0], [1735.0, 4540.0], [1725.0, 4540.0], [1720.0, 4545.0], [1715.0, 4550.0], [1705.0, 4550.0], [1695.0, 4550.0], [1690.0, 4555.0], [1685.0, 4560.0], [1675.0, 4560.0], [1665.0, 4560.0], [1660.0, 4565.0], [1655.0, 4570.0], [1645.0, 4570.0], [1635.0, 4570.0], [1625.0, 4570.0], [1615.0, 4570.0], [1605.0, 4570.0], [1595.0, 4570.0], [1585.0, 4570.0], [1575.0, 4570.0], [1565.0, 4570.0], [1555.0, 4570.0], [1545.0, 4570.0], [1535.0, 4570.0], [1525.0, 4570.0], [1515.0, 4570.0], [1510.0, 4565.0], [1505.0, 4560.0], [1495.0, 4560.0], [1485.0, 4560.0], [1480.0, 4555.0], [1475.0, 4550.0], [1465.0, 4550.0], [1455.0, 4550.0], [1450.0, 4545.0], [1445.0, 4540.0], [1435.0, 4540.0], [1430.0, 4535.0], [1425.0, 4530.0], [1420.0, 4525.0], [1415.0, 4520.0], [1405.0, 4520.0], [1400.0, 4515.0], [1395.0, 4510.0], [1390.0, 4505.0], [1385.0, 4500.0], [1380.0, 4495.0], [1375.0, 4490.0], [1365.0, 4490.0], [1360.0, 4485.0], [1355.0, 4480.0], [1350.0, 4475.0], [1345.0, 4470.0], [1340.0, 4465.0], [1335.0, 4460.0], [1330.0, 4455.0], [1330.0, 4445.0], [1325.0, 4440.0], [1320.0, 4435.0], [1315.0, 4430.0], [1310.0, 4425.0], [1305.0, 4420.0], [1300.0, 4415.0], [1300.0, 4405.0], [1295.0, 4400.0], [1290.0, 4395.0], [1285.0, 4390.0], [1280.0, 4385.0], [1275.0, 4380.0], [1270.0, 4375.0], [1270.0, 4365.0], [1265.0, 4360.0], [1260.0, 4355.0], [1255.0, 4350.0], [1250.0, 4345.0], [1245.0, 4340.0], [1240.0, 4335.0], [1240.0, 4325.0], [1245.0, 4320.0], [1255.0, 4320.0], [1265.0, 4320.0], [1275.0, 4320.0], [1285.0, 4320.0], [1295.0, 4320.0], [1300.0, 4315.0], [1305.0, 4310.0], [1315.0, 4310.0], [1320.0, 4305.0], [1325.0, 4300.0], [1330.0, 4295.0], [1335.0, 4290.0], [1340.0, 4285.0], [1345.0, 4280.0], [1355.0, 4280.0], [1360.0, 4275.0], [1365.0, 4270.0], [1370.0, 4265.0], [1375.0, 4260.0], [1380.0, 4265.0], [1385.0, 4270.0], [1395.0, 4270.0], [1400.0, 4275.0], [1405.0, 4280.0], [1410.0, 4285.0], [1415.0, 4290.0], [1420.0, 4295.0], [1420.0, 4305.0], [1425.0, 4310.0], [1430.0, 4315.0], [1430.0, 4325.0], [1435.0, 4330.0], [1440.0, 4335.0], [1445.0, 4340.0], [1450.0, 4345.0], [1455.0, 4350.0], [1460.0, 4355.0], [1465.0, 4360.0], [1470.0, 4365.0], [1475.0, 4370.0], [1480.0, 4375.0], [1485.0, 4380.0], [1490.0, 4385.0], [1495.0, 4390.0], [1505.0, 4390.0], [1510.0, 4395.0], [1515.0, 4400.0], [1525.0, 4400.0], [1530.0, 4405.0], [1535.0, 4410.0], [1545.0, 4410.0], [1555.0, 4410.0], [1565.0, 4410.0], [1575.0, 4410.0], [1585.0, 4410.0], [1595.0, 4410.0], [1605.0, 4410.0], [1615.0, 4410.0], [1625.0, 4410.0], [1635.0, 4410.0], [1640.0, 4405.0], [1645.0, 4400.0], [1655.0, 4400.0], [1660.0, 4395.0], [1665.0, 4390.0], [1675.0, 4390.0], [1680.0, 4385.0], [1685.0, 4380.0], [1690.0, 4375.0], [1695.0, 4370.0], [1700.0, 4365.0], [1705.0, 4360.0], [1710.0, 4355.0], [1715.0, 4350.0], [1720.0, 4345.0], [1725.0, 4340.0], [1730.0, 4335.0], [1735.0, 4330.0], [1740.0, 4325.0], [1740.0, 4315.0], [1745.0, 4310.0], [1750.0, 4305.0], [1750.0, 4295.0], [1755.0, 4290.0], [1760.0, 4285.0], [1760.0, 4275.0], [1760.0, 4265.0], [1760.0, 4255.0], [1765.0, 4250.0], [1770.0, 4245.0], [1770.0, 4235.0], [1775.0, 4230.0], [1780.0, 4225.0], [1780.0, 4215.0], [1785.0, 4210.0], [1790.0, 4205.0], [1790.0, 4195.0], [1790.0, 4185.0], [1790.0, 4175.0], [1790.0, 4165.0], [1790.0, 4155.0], [1790.0, 4145.0], [1790.0, 4135.0], [1790.0, 4125.0], [1795.0, 4120.0], [1800.0, 4115.0], [1805.0, 4110.0], [1815.0, 4110.0], [1825.0, 4110.0], [1830.0, 4105.0], [1835.0, 4100.0], [1845.0, 4100.0], [1855.0, 4100.0], [1865.0, 4100.0], [1875.0, 4100.0], [1880.0, 4105.0], [1875.0, 4110.0], [1870.0, 4115.0], [1870.0, 4125.0], [1865.0, 4130.0], [1860.0, 4135.0], [1860.0, 4145.0], [1855.0, 4150.0], [1850.0, 4155.0], [1850.0, 4165.0], [1850.0, 4175.0], [1850.0, 4185.0], [1850.0, 4195.0], [1850.0, 4205.0], [1850.0, 4215.0], [1850.0, 4225.0], [1850.0, 4235.0], [1850.0, 4245.0], [1850.0, 4255.0], [1850.0, 4265.0], [1855.0, 4270.0], [1860.0, 4275.0], [1860.0, 4285.0], [1865.0, 4290.0], [1870.0, 4295.0], [1870.0, 4305.0], [1875.0, 4310.0], [1880.0, 4315.0], [1885.0, 4320.0], [1890.0, 4325.0], [1895.0, 4330.0], [1900.0, 4335.0], [1900.0, 4345.0], [1900.0, 4355.0], [1900.0, 4365.0], [1905.0, 4370.0], [1910.0, 4375.0], [1910.0, 4385.0], [1910.0, 4395.0], [1910.0, 4405.0], [1915.0, 4410.0], [1920.0, 4415.0], [1920.0, 4425.0], [1925.0, 4430.0], [1930.0, 4435.0], [1930.0, 4445.0], [1935.0, 4450.0], [1940.0, 4455.0], [1940.0, 4465.0], [1945.0, 4470.0], [1950.0, 4475.0], [1950.0, 4485.0], [1955.0, 4490.0], [1960.0, 4495.0], [1960.0, 4505.0], [1960.0, 4515.0], [1960.0, 4525.0], [1965.0, 4530.0], [1970.0, 4535.0], [1970.0, 4545.0], [1970.0, 4555.0], [1970.0, 4565.0], [1970.0, 4575.0], [1970.0, 4585.0], [1970.0, 4595.0], [1970.0, 4605.0], [1970.0, 4615.0], [1970.0, 4625.0], [1970.0, 4635.0], [1970.0, 4645.0], [1970.0, 4655.0], [1970.0, 4665.0], [1970.0, 4675.0], [1970.0, 4685.0], [1970.0, 4695.0], [1975.0, 4700.0], [1980.0, 4705.0], [1980.0, 4715.0], [1985.0, 4720.0], [1990.0, 4725.0], [1990.0, 4735.0], [1995.0, 4740.0], [2000.0, 4745.0], [2005.0, 4750.0], [2010.0, 4755.0], [2015.0, 4760.0], [2020.0, 4765.0], [2025.0, 4770.0], [2030.0, 4775.0], [2035.0, 4780.0], [2040.0, 4785.0], [2045.0, 4790.0], [2050.0, 4795.0], [2055.0, 4800.0], [2065.0, 4800.0], [2070.0, 4805.0], [2075.0, 4810.0], [2085.0, 4810.0], [2090.0, 4815.0], [2095.0, 4820.0], [2105.0, 4820.0], [2110.0, 4825.0], [2105.0, 4830.0], [2100.0, 4835.0], [2100.0, 4845.0], [2095.0, 4850.0], [2090.0, 4855.0], [2090.0, 4865.0], [2085.0, 4870.0], [2080.0, 4875.0], [2080.0, 4885.0], [2080.0, 4895.0], [2080.0, 4905.0], [2080.0, 4915.0], [2080.0, 4925.0], [2080.0, 4935.0], [2080.0, 4945.0], [2080.0, 4955.0], [2080.0, 4965.0], [2080.0, 4975.0], [2080.0, 4985.0], [2085.0, 4990.0], [2090.0, 4995.0], [2090.0, 5005.0], [2095.0, 5010.0], [2100.0, 5015.0], [2100.0, 5025.0], [2105.0, 5030.0], [2110.0, 5035.0], [2115.0, 5040.0], [2120.0, 5045.0], [2125.0, 5050.0], [2130.0, 5055.0], [2135.0, 5060.0], [2140.0, 5065.0], [2145.0, 5070.0], [2150.0, 5075.0], [2155.0, 5080.0], [2160.0, 5085.0], [2165.0, 5090.0], [2175.0, 5090.0], [2180.0, 5095.0], [2185.0, 5100.0], [2195.0, 5100.0], [2200.0, 5105.0], [2205.0, 5110.0], [2215.0, 5110.0], [2225.0, 5110.0], [2235.0, 5110.0], [2245.0, 5110.0], [2255.0, 5110.0], [2265.0, 5110.0], [2275.0, 5110.0], [2285.0, 5110.0], [2295.0, 5110.0], [2305.0, 5110.0], [2315.0, 5110.0], [2320.0, 5105.0], [2325.0, 5100.0], [2335.0, 5100.0], [2340.0, 5105.0], [2340.0, 5115.0], [2345.0, 5120.0], [2350.0, 5125.0], [2355.0, 5130.0], [2360.0, 5135.0], [2365.0, 5140.0], [2370.0, 5145.0], [2375.0, 5150.0], [2380.0, 5155.0], [2385.0, 5160.0], [2390.0, 5165.0], [2395.0, 5170.0], [2400.0, 5175.0], [2405.0, 5180.0], [2410.0, 5185.0], [2415.0, 5190.0], [2425.0, 5190.0], [2430.0, 5195.0], [2435.0, 5200.0], [2445.0, 5200.0], [2450.0, 5205.0], [2455.0, 5210.0], [2465.0, 5210.0], [2470.0, 5215.0], [2475.0, 5220.0], [2485.0, 5220.0], [2490.0, 5225.0], [2495.0, 5230.0], [2505.0, 5230.0], [2515.0, 5230.0], [2520.0, 5235.0], [2525.0, 5240.0], [2535.0, 5240.0], [2545.0, 5240.0], [2555.0, 5240.0], [2565.0, 5240.0], [2570.0, 5245.0], [2575.0, 5250.0], [2580.0, 5255.0], [2585.0, 5260.0], [2590.0, 5265.0], [2595.0, 5270.0], [2600.0, 5275.0], [2605.0, 5280.0], [2615.0, 5280.0], [2620.0, 5285.0], [2625.0, 5290.0], [2635.0, 5290.0], [2640.0, 5295.0], [2645.0, 5300.0], [2655.0, 5300.0], [2665.0, 5300.0], [2675.0, 5300.0], [2680.0, 5305.0], [2685.0, 5310.0], [2695.0, 5310.0], [2705.0, 5310.0], [2715.0, 5310.0], [2725.0, 5310.0], [2735.0, 5310.0], [2745.0, 5310.0], [2755.0, 5310.0], [2765.0, 5310.0], [2775.0, 5310.0], [2785.0, 5310.0], [2795.0, 5310.0], [2800.0, 5305.0], [2805.0, 5300.0], [2815.0, 5300.0], [2825.0, 5300.0], [2835.0, 5300.0], [2845.0, 5300.0], [2850.0, 5305.0], [2850.0, 5315.0], [2850.0, 5325.0], [2850.0, 5335.0], [2845.0, 5340.0], [2840.0, 5345.0], [2840.0, 5355.0], [2835.0, 5360.0], [2830.0, 5365.0], [2825.0, 5370.0], [2815.0, 5370.0], [2810.0, 5375.0], [2805.0, 5380.0], [2800.0, 5385.0], [2795.0, 5390.0], [2790.0, 5395.0], [2790.0, 5405.0], [2790.0, 5415.0], [2790.0, 5425.0], [2785.0, 5430.0], [2775.0, 5430.0], [2765.0, 5430.0], [2760.0, 5435.0], [2755.0, 5440.0], [2750.0, 5445.0], [2750.0, 5455.0], [2745.0, 5460.0], [2740.0, 5465.0], [2735.0, 5470.0]]]}, "properties": {"objectType": "annotation", "name": "P2_3_C|deep", "classification": {"name": "deep", "color": [144, 133, 233]}, "lesion_id": 0, "section": "P2_3_C", "area_um2": 372150.0, "lesion_ids": [11, 12]}}, {"type": "Feature", "geometry": {"type": "Polygon", "coordinates": [[[1285.0, 4300.0], [1275.0, 4300.0], [1265.0, 4300.0], [1255.0, 4300.0], [1250.0, 4295.0], [1245.0, 4290.0], [1235.0, 4290.0], [1230.0, 4285.0], [1230.0, 4275.0], [1230.0, 4265.0], [1225.0, 4260.0], [1220.0, 4255.0], [1220.0, 4245.0], [1220.0, 4235.0], [1215.0, 4230.0], [1210.0, 4225.0], [1215.0, 4220.0], [1225.0, 4220.0], [1230.0, 4215.0], [1235.0, 4210.0], [1245.0, 4210.0], [1255.0, 4210.0], [1260.0, 4205.0], [1265.0, 4200.0], [1275.0, 4200.0], [1280.0, 4195.0], [1285.0, 4190.0], [1295.0, 4190.0], [1300.0, 4185.0], [1305.0, 4180.0], [1315.0, 4180.0], [1320.0, 4175.0], [1325.0, 4170.0], [1330.0, 4165.0], [1335.0, 4160.0], [1340.0, 4155.0], [1345.0, 4150.0], [1350.0, 4155.0], [1355.0, 4160.0], [1360.0, 4165.0], [1360.0, 4175.0], [1360.0, 4185.0], [1360.0, 4195.0], [1360.0, 4205.0], [1365.0, 4210.0], [1370.0, 4215.0], [1370.0, 4225.0], [1370.0, 4235.0], [1365.0, 4240.0], [1360.0, 4245.0], [1355.0, 4250.0], [1350.0, 4255.0], [1345.0, 4260.0], [1335.0, 4260.0], [1330.0, 4265.0], [1325.0, 4270.0], [1320.0, 4275.0], [1315.0, 4280.0], [1310.0, 4285.0], [1305.0, 4290.0], [1295.0, 4290.0], [1290.0, 4295.0], [1285.0, 4300.0]]]}, "properties": {"objectType": "annotation", "name": "P2_3_C|deep_12", "classification": {"name": "deep", "color": [144, 133, 233]}, "lesion_id": 12, "section": "P2_3_C", "area_um2": 13450.0, "lesion_ids": [12]}}, {"type": "Feature", "geometry": {"type": "Polygon", "coordinates": [[[1395.0, 6220.0], [1385.0, 6220.0], [1375.0, 6220.0], [1370.0, 6215.0], [1370.0, 6205.0], [1370.0, 6195.0], [1370.0, 6185.0], [1370.0, 6175.0], [1370.0, 6165.0], [1370.0, 6155.0], [1370.0, 6145.0], [1370.0, 6135.0], [1370.0, 6125.0], [1365.0, 6120.0], [1360.0, 6115.0], [1360.0, 6105.0], [1355.0, 6100.0], [1350.0, 6095.0], [1350.0, 6085.0], [1345.0, 6080.0], [1340.0, 6075.0], [1335.0, 6070.0], [1330.0, 6065.0], [1325.0, 6060.0], [1320.0, 6055.0], [1315.0, 6050.0], [1310.0, 6045.0], [1305.0, 6040.0], [1300.0, 6035.0], [1295.0, 6030.0], [1290.0, 6025.0], [1285.0, 6020.0], [1280.0, 6015.0], [1275.0, 6010.0], [1270.0, 6005.0], [1265.0, 6000.0], [1255.0, 6000.0], [1250.0, 5995.0], [1250.0, 5985.0], [1245.0, 5980.0], [1240.0, 5975.0], [1235.0, 5970.0], [1230.0, 5965.0], [1225.0, 5960.0], [1220.0, 5955.0], [1215.0, 5950.0], [1210.0, 5945.0], [1205.0, 5940.0], [1200.0, 5935.0], [1195.0, 5930.0], [1190.0, 5925.0], [1185.0, 5920.0], [1180.0, 5915.0], [1175.0, 5910.0], [1165.0, 5910.0], [1160.0, 5905.0], [1155.0, 5900.0], [1145.0, 5900.0], [1140.0, 5895.0], [1135.0, 5890.0], [1125.0, 5890.0], [1120.0, 5885.0], [1115.0, 5880.0], [1105.0, 5880.0], [1095.0, 5880.0], [1085.0, 5880.0], [1075.0, 5880.0], [1070.0, 5875.0], [1075.0, 5870.0], [1080.0, 5865.0], [1085.0, 5860.0], [1090.0, 5855.0], [1095.0, 5850.0], [1100.0, 5845.0], [1100.0, 5835.0], [1105.0, 5830.0], [1110.0, 5825.0], [1110.0, 5815.0], [1115.0, 5810.0], [1120.0, 5805.0], [1120.0, 5795.0], [1120.0, 5785.0], [1120.0, 5775.0], [1120.0, 5765.0], [1125.0, 5760.0], [1135.0, 5760.0], [1145.0, 5760.0], [1155.0, 5760.0], [1165.0, 5760.0], [1170.0, 5755.0], [1175.0, 5750.0], [1185.0, 5750.0], [1190.0, 5745.0], [1195.0, 5740.0], [1205.0, 5740.0], [1210.0, 5735.0], [1215.0, 5730.0], [1220.0, 5725.0], [1225.0, 5720.0], [1230.0, 5715.0], [1235.0, 5710.0], [1240.0, 5705.0], [1245.0, 5700.0], [1250.0, 5695.0], [1255.0, 5690.0], [1260.0, 5685.0], [1265.0, 5680.0], [1270.0, 5675.0], [1270.0, 5665.0], [1275.0, 5660.0], [1280.0, 5655.0], [1280.0, 5645.0], [1285.0, 5640.0], [1290.0, 5635.0], [1290.0, 5625.0], [1290.0, 5615.0], [1290.0, 5605.0], [1290.0, 5595.0], [1290.0, 5585.0], [1290.0, 5575.0], [1290.0, 5565.0], [1290.0, 5555.0], [1290.0, 5545.0], [1290.0, 5535.0], [1290.0, 5525.0], [1295.0, 5520.0], [1300.0, 5525.0], [1305.0, 5530.0], [1315.0, 5530.0], [1320.0, 5535.0], [1325.0, 5540.0], [1335.0, 5540.0], [1340.0, 5545.0], [1345.0, 5550.0], [1355.0, 5550.0], [1365.0, 5550.0], [1375.0, 5550.0], [1385.0, 5550.0], [1395.0, 5550.0], [1405.0, 5550.0], [1415.0, 5550.0], [1425.0, 5550.0], [1435.0, 5550.0], [1445.0, 5550.0], [1455.0, 5550.0], [1460.0, 5545.0], [1465.0, 5540.0], [1475.0, 5540.0], [1485.0, 5540.0], [1495.0, 5540.0], [1505.0, 5540.0], [1515.0, 5540.0], [1520.0, 5535.0], [1525.0, 5530.0], [1535.0, 5530.0], [1540.0, 5525.0], [1545.0, 5520.0], [1555.0, 5520.0], [1560.0, 5515.0], [1565.0, 5510.0], [1570.0, 5505.0], [1575.0, 5500.0], [1580.0, 5495.0], [1585.0, 5490.0], [1590.0, 5485.0], [1595.0, 5480.0], [1600.0, 5475.0], [1605.0, 5470.0], [1610.0, 5465.0], [1615.0, 5460.0], [1620.0, 5455.0], [1625.0, 5450.0], [1630.0, 5445.0], [1630.0, 5435.0], [1635.0, 5430.0], [1640.0, 5425.0], [1640.0, 5415.0], [1645.0, 5410.0], [1650.0, 5405.0], [1650.0, 5395.0], [1650.0, 5385.0], [1650.0, 5375.0], [1650.0, 5365.0], [1650.0, 5355.0], [1650.0, 5345.0], [1650.0, 5335.0], [1650.0, 5325.0], [1650.0, 5315.0], [1650.0, 5305.0], [1650.0, 5295.0], [1650.0, 5285.0], [1650.0, 5275.0], [1645.0, 5270.0], [1640.0, 5265.0], [1640.0, 5255.0], [1635.0, 5250.0], [1630.0, 5245.0], [1630.0, 5235.0], [1625.0, 5230.0], [1620.0, 5225.0], [1615.0, 5220.0], [1610.0, 5215.0], [1605.0, 5210.0], [1600.0, 5205.0], [1595.0, 5200.0], [1590.0, 5195.0], [1585.0, 5190.0], [1580.0, 5185.0], [1575.0, 5180.0], [1570.0, 5175.0], [1565.0, 5170.0], [1560.0, 5165.0], [1555.0, 5160.0], [1550.0, 5155.0], [1545.0, 5150.0], [1535.0, 5150.0], [1530.0, 5145.0], [1525.0, 5140.0], [1515.0, 5140.0], [1510.0, 5135.0], [1505.0, 5130.0], [1500.0, 5125.0], [1495.0, 5120.0], [1490.0, 5115.0], [1485.0, 5110.0], [1475.0, 5110.0], [1470.0, 5105.0], [1465.0, 5100.0], [1455.0, 5100.0], [1450.0, 5095.0], [1445.0, 5090.0], [1435.0, 5090.0], [1425.0, 5090.0], [1415.0, 5090.0], [1405.0, 5090.0], [1395.0, 5090.0], [1385.0, 5090.0], [1375.0, 5090.0], [1365.0, 5090.0], [1355.0, 5090.0], [1345.0, 5090.0], [1335.0, 5090.0], [1325.0, 5090.0], [1320.0, 5095.0], [1315.0, 5100.0], [1305.0, 5100.0], [1300.0, 5105.0], [1295.0, 5110.0], [1285.0, 5110.0], [1280.0, 5115.0], [1275.0, 5120.0], [1270.0, 5125.0], [1265.0, 5130.0], [1260.0, 5135.0], [1255.0, 5140.0], [1250.0, 5145.0], [1245.0, 5150.0], [1240.0, 5155.0], [1235.0, 5160.0], [1230.0, 5165.0], [1225.0, 5170.0], [1220.0, 5175.0], [1220.0, 5185.0], [1215.0, 5190.0], [1210.0, 5195.0], [1210.0, 5205.0], [1205.0, 5210.0], [1200.0, 5215.0], [1200.0, 5225.0], [1200.0, 5235.0], [1200.0, 5245.0], [1200.0, 5255.0], [1200.0, 5265.0], [1200.0, 5275.0], [1200.0, 5285.0], [1200.0, 5295.0], [1200.0, 5305.0], [1200.0, 5315.0], [1200.0, 5325.0], [1200.0, 5335.0], [1195.0, 5340.0], [1190.0, 5335.0], [1190.0, 5325.0], [1185.0, 5320.0], [1180.0, 5315.0], [1180.0, 5305.0], [1175.0, 5300.0], [1170.0, 5295.0], [1165.0, 5290.0], [1160.0, 5285.0], [1155.0, 5280.0], [1150.0, 5275.0], [1145.0, 5270.0], [1140.0, 5265.0], [1135.0, 5260.0], [1130.0, 5255.0], [1125.0, 5250.0], [1120.0, 5245.0], [1115.0, 5240.0], [1110.0, 5235.0], [1105.0, 5230.0], [1095.0, 5230.0], [1090.0, 5225.0], [1085.0, 5220.0], [1075.0, 5220.0], [1070.0, 5215.0], [1065.0, 5210.0], [1055.0, 5210.0], [1045.0, 5210.0], [1035.0, 5210.0], [1025.0, 5210.0], [1015.0, 5210.0], [1005.0, 5210.0], [995.0, 5210.0], [990.0, 5205.0], [985.0, 5200.0], [980.0, 5195.0], [980.0, 5185.0], [980.0, 5175.0], [980.0, 5165.0], [980.0, 5155.0], [980.0, 5145.0], [980.0, 5135.0], [980.0, 5125.0], [980.0, 5115.0], [980.0, 5105.0], [980.0, 5095.0], [980.0, 5085.0], [980.0, 5075.0], [975.0, 5070.0], [970.0, 5065.0], [970.0, 5055.0], [965.0, 5050.0], [960.0, 5045.0], [960.0, 5035.0], [955.0, 5030.0], [950.0, 5025.0], [945.0, 5020.0], [940.0, 5015.0], [935.0, 5010.0], [930.0, 5005.0], [925.0, 5000.0], [920.0, 4995.0], [915.0, 4990.0], [910.0, 4985.0], [905.0, 4980.0], [900.0, 4975.0], [895.0, 4970.0], [885.0, 4970.0], [880.0, 4965.0], [875.0, 4960.0], [865.0, 4960.0], [860.0, 4955.0], [855.0, 4950.0], [845.0, 4950.0], [835.0, 4950.0], [825.0, 4950.0], [815.0, 4950.0], [805.0, 4950.0], [795.0, 4950.0], [785.0, 4950.0], [780.0, 4945.0], [775.0, 4940.0], [765.0, 4940.0], [755.0, 4940.0], [745.0, 4940.0], [735.0, 4940.0], [725.0, 4940.0], [715.0, 4940.0], [705.0, 4940.0], [695.0, 4940.0], [685.0, 4940.0], [675.0, 4940.0], [665.0, 4940.0], [660.0, 4935.0], [660.0, 4925.0], [665.0, 4920.0], [670.0, 4915.0], [670.0, 4905.0], [670.0, 4895.0], [675.0, 4890.0], [680.0, 4885.0], [685.0, 4880.0], [690.0, 4875.0], [695.0, 4870.0], [700.0, 4865.0], [705.0, 4860.0], [715.0, 4860.0], [725.0, 4860.0], [730.0, 4855.0], [735.0, 4850.0], [740.0, 4845.0], [745.0, 4840.0], [750.0, 4835.0], [750.0, 4825.0], [755.0, 4820.0], [760.0, 4815.0], [760.0, 4805.0], [765.0, 4800.0], [775.0, 4800.0], [780.0, 4795.0], [785.0, 4790.0], [790.0, 4785.0], [795.0, 4780.0], [800.0, 4785.0], [805.0, 4790.0], [815.0, 4790.0], [825.0, 4790.0], [835.0, 4790.0], [845.0, 4790.0], [855.0, 4790.0], [865.0, 4790.0], [875.0, 4790.0], [880.0, 4795.0], [885.0, 4800.0], [895.0, 4800.0], [905.0, 4800.0], [910.0, 4805.0], [915.0, 4810.0], [925.0, 4810.0], [935.0, 4810.0], [940.0, 4815.0], [945.0, 4820.0], [955.0, 4820.0], [960.0, 4825.0], [965.0, 4830.0], [970.0, 4835.0], [975.0, 4840.0], [985.0, 4840.0], [990.0, 4845.0], [995.0, 4850.0], [1000.0, 4855.0], [1005.0, 4860.0], [1010.0, 4865.0], [1015.0, 4870.0], [1025.0, 4870.0], [1030.0, 4875.0], [1035.0, 4880.0], [1040.0, 4885.0], [1045.0, 4890.0], [1050.0, 4895.0], [1055.0, 4900.0], [1060.0, 4905.0], [1060.0, 4915.0], [1065.0, 4920.0], [1070.0, 4925.0], [1075.0, 4930.0], [1080.0, 4935.0], [1085.0, 4940.0], [1090.0, 4945.0], [1090.0, 4955.0], [1095.0, 4960.0], [1100.0, 4965.0], [1105.0, 4970.0], [1110.0, 4975.0], [1110.0, 4985.0], [1115.0, 4990.0], [1120.0, 4995.0], [1120.0, 5005.0], [1120.0, 5015.0], [1125.0, 5020.0], [1130.0, 5025.0], [1135.0, 5030.0], [1140.0, 5025.0], [1145.0, 5020.0], [1150.0, 5015.0], [1155.0, 5010.0], [1165.0, 5010.0], [1170.0, 5005.0], [1175.0, 5000.0], [1180.0, 4995.0], [1185.0, 4990.0], [1190.0, 4985.0], [1195.0, 4980.0], [1205.0, 4980.0], [1210.0, 4975.0], [1215.0, 4970.0], [1220.0, 4965.0], [1225.0, 4960.0], [1235.0, 4960.0], [1240.0, 4955.0], [1245.0, 4950.0], [1255.0, 4950.0], [1265.0, 4950.0], [1270.0, 4945.0], [1275.0, 4940.0], [1285.0, 4940.0], [1295.0, 4940.0], [1300.0, 4935.0], [1305.0, 4930.0], [1315.0, 4930.0], [1325.0, 4930.0], [1335.0, 4930.0], [1345.0, 4930.0], [1355.0, 4930.0], [1365.0, 4930.0], [1375.0, 4930.0], [1385.0, 4930.0], [1395.0, 4930.0], [1405.0, 4930.0], [1415.0, 4930.0], [1425.0, 4930.0], [1435.0, 4930.0], [1445.0, 4930.0], [1455.0, 4930.0], [1465.0, 4930.0], [1470.0, 4935.0], [1475.0, 4940.0], [1485.0, 4940.0], [1495.0, 4940.0], [1500.0, 4945.0], [1505.0, 4950.0], [1515.0, 4950.0], [1525.0, 4950.0], [1530.0, 4955.0], [1535.0, 4960.0], [1545.0, 4960.0], [1550.0, 4965.0], [1555.0, 4970.0], [1560.0, 4975.0], [1565.0, 4980.0], [1575.0, 4980.0], [1580.0, 4985.0], [1585.0, 4990.0], [1590.0, 4995.0], [1595.0, 5000.0], [1605.0, 5000.0], [1610.0, 5005.0], [1615.0, 5010.0], [1620.0, 5015.0], [1625.0, 5020.0], [1635.0, 5020.0], [1640.0, 5025.0], [1645.0, 5030.0], [1650.0, 5035.0], [1655.0, 5040.0], [1660.0, 5045.0], [1665.0, 5050.0], [1675.0, 5050.0], [1680.0, 5055.0], [1685.0, 5060.0], [1690.0, 5065.0], [1695.0, 5070.0], [1700.0, 5075.0], [1705.0, 5080.0], [1710.0, 5085.0], [1715.0, 5090.0], [1720.0, 5095.0], [1725.0, 5100.0], [1730.0, 5105.0], [1730.0, 5115.0], [1735.0, 5120.0], [1740.0, 5125.0], [1745.0, 5130.0], [1750.0, 5135.0], [1755.0, 5140.0], [1760.0, 5145.0], [1760.0, 5155.0], [1765.0, 5160.0], [1770.0, 5165.0], [1775.0, 5170.0], [1780.0, 5175.0], [1780.0, 5185.0], [1785.0, 5190.0], [1790.0, 5195.0], [1790.0, 5205.0], [1790.0, 5215.0], [1795.0, 5220.0], [1800.0, 5225.0], [1800.0, 5235.0], [1800.0, 5245.0], [1805.0, 5250.0], [1810.0, 5255.0], [1810.0, 5265.0], [1810.0, 5275.0], [1810.0, 5285.0], [1810.0, 5295.0], [1810.0, 5305.0], [1810.0, 5315.0], [1810.0, 5325.0], [1810.0, 5335.0], [1810.0, 5345.0], [1810.0, 5355.0], [1810.0, 5365.0], [1810.0, 5375.0], [1810.0, 5385.0], [1810.0, 5395.0], [1810.0, 5405.0], [1810.0, 5415.0], [1810.0, 5425.0], [1805.0, 5430.0], [1800.0, 5435.0], [1800.0, 5445.0], [1800.0, 5455.0], [1795.0, 5460.0], [1790.0, 5465.0], [1790.0, 5475.0], [1790.0, 5485.0], [1785.0, 5490.0], [1780.0, 5495.0], [1780.0, 5505.0], [1775.0, 5510.0], [1770.0, 5515.0], [1765.0, 5520.0], [1760.0, 5525.0], [1760.0, 5535.0], [1755.0, 5540.0], [1750.0, 5545.0], [1745.0, 5550.0], [1740.0, 5555.0], [1735.0, 5560.0], [1730.0, 5565.0], [1730.0, 5575.0], [1725.0, 5580.0], [1720.0, 5585.0], [1715.0, 5590.0], [1710.0, 5595.0], [1705.0, 5600.0], [1700.0, 5605.0], [1695.0, 5610.0], [1690.0, 5615.0], [1685.0, 5620.0], [1675.0, 5620.0], [1670.0, 5625.0], [1665.0, 5630.0], [1660.0, 5635.0], [1655.0, 5640.0], [1650.0, 5645.0], [1645.0, 5650.0], [1635.0, 5650.0], [1630.0, 5655.0], [1625.0, 5660.0], [1620.0, 5665.0], [1615.0, 5670.0], [1605.0, 5670.0], [1600.0, 5675.0], [1595.0, 5680.0], [1585.0, 5680.0], [1575.0, 5680.0], [1570.0, 5685.0], [1565.0, 5690.0], [1555.0, 5690.0], [1545.0, 5690.0], [1540.0, 5695.0], [1535.0, 5700.0], [1525.0, 5700.0], [1515.0, 5700.0], [1505.0, 5700.0], [1495.0, 5700.0], [1485.0, 5700.0], [1480.0, 5705.0], [1475.0, 5710.0], [1465.0, 5710.0], [1455.0, 5710.0], [1445.0, 5710.0], [1435.0, 5710.0], [1430.0, 5715.0], [1425.0, 5720.0], [1420.0, 5725.0], [1420.0, 5735.0], [1415.0, 5740.0], [1410.0, 5745.0], [1405.0, 5750.0], [1400.0, 5755.0], [1400.0, 5765.0], [1395.0, 5770.0], [1390.0, 5775.0], [1385.0, 5780.0], [1380.0, 5785.0], [1375.0, 5790.0], [1370.0, 5795.0], [1370.0, 5805.0], [1365.0, 5810.0], [1360.0, 5815.0], [1355.0, 5820.0], [1350.0, 5825.0], [1345.0, 5830.0], [1340.0, 5835.0], [1340.0, 5845.0], [1345.0, 5850.0], [1350.0, 5855.0], [1350.0, 5865.0], [1355.0, 5870.0], [1360.0, 5875.0], [1365.0, 5880.0], [1370.0, 5885.0], [1375.0, 5890.0], [1380.0, 5895.0], [1385.0, 5900.0], [1395.0, 5900.0], [1400.0, 5905.0], [1405.0, 5910.0], [1410.0, 5915.0], [1415.0, 5920.0], [1420.0, 5925.0], [1425.0, 5930.0], [1430.0, 5935.0], [1435.0, 5940.0], [1440.0, 5945.0], [1445.0, 5950.0], [1450.0, 5955.0], [1450.0, 5965.0], [1455.0, 5970.0], [1460.0, 5975.0], [1465.0, 5980.0], [1470.0, 5985.0], [1475.0, 5990.0], [1480.0, 5995.0], [1480.0, 6005.0], [1485.0, 6010.0], [1490.0, 6015.0], [1495.0, 6020.0], [1500.0, 6025.0], [1500.0, 6035.0], [1505.0, 6040.0], [1510.0, 6045.0], [1510.0, 6055.0], [1510.0, 6065.0], [1515.0, 6070.0], [1520.0, 6075.0], [1520.0, 6085.0], [1520.0, 6095.0], [1520.0, 6105.0], [1515.0, 6110.0], [1510.0, 6115.0], [1510.0, 6125.0], [1510.0, 6135.0], [1510.0, 6145.0], [1510.0, 6155.0], [1505.0, 6160.0], [1495.0, 6160.0], [1490.0, 6165.0], [1485.0, 6170.0], [1480.0, 6175.0], [1475.0, 6180.0], [1470.0, 6185.0], [1465.0, 6190.0], [1455.0, 6190.0], [1450.0, 6195.0], [1445.0, 6200.0], [1440.0, 6205.0], [1435.0, 6210.0], [1425.0, 6210.0], [1415.0, 6210.0], [1405.0, 6210.0], [1400.0, 6215.0], [1395.0, 6220.0]]]}, "properties": {"objectType": "annotation", "name": "P2_3_C|deep", "classification": {"name": "deep", "color": [144, 133, 233]}, "lesion_id": 0, "section": "P2_3_C", "area_um2": 431950.0, "lesion_ids": [14, 15, 16, 17, 19, 21]}}, {"type": "Feature", "geometry": {"type": "Polygon", "coordinates": [[[555.0, 5220.0], [550.0, 5215.0], [545.0, 5210.0], [540.0, 5205.0], [535.0, 5200.0], [530.0, 5195.0], [525.0, 5190.0], [520.0, 5185.0], [515.0, 5180.0], [510.0, 5175.0], [510.0, 5165.0], [510.0, 5155.0], [505.0, 5150.0], [500.0, 5145.0], [500.0, 5135.0], [500.0, 5125.0], [500.0, 5115.0], [500.0, 5105.0], [500.0, 5095.0], [500.0, 5085.0], [500.0, 5075.0], [500.0, 5065.0], [500.0, 5055.0], [505.0, 5050.0], [510.0, 5045.0], [510.0, 5035.0], [510.0, 5025.0], [510.0, 5015.0], [510.0, 5005.0], [510.0, 4995.0], [515.0, 4990.0], [520.0, 4985.0], [520.0, 4975.0], [520.0, 4965.0], [525.0, 4960.0], [530.0, 4955.0], [535.0, 4950.0], [540.0, 4945.0], [540.0, 4935.0], [545.0, 4930.0], [550.0, 4925.0], [550.0, 4915.0], [555.0, 4910.0], [560.0, 4905.0], [565.0, 4900.0], [570.0, 4895.0], [570.0, 4885.0], [575.0, 4880.0], [580.0, 4875.0], [580.0, 4865.0], [585.0, 4860.0], [590.0, 4855.0], [590.0, 4845.0], [595.0, 4840.0], [600.0, 4835.0], [605.0, 4830.0], [610.0, 4825.0], [615.0, 4820.0], [620.0, 4815.0], [625.0, 4810.0], [635.0, 4810.0], [640.0, 4805.0], [645.0, 4800.0], [655.0, 4800.0], [665.0, 4800.0], [675.0, 4800.0], [685.0, 4800.0], [695.0, 4800.0], [705.0, 4800.0], [710.0, 4795.0], [715.0, 4790.0], [725.0, 4790.0], [730.0, 4795.0], [730.0, 4805.0], [725.0, 4810.0], [720.0, 4815.0], [720.0, 4825.0], [715.0, 4830.0], [705.0, 4830.0], [695.0, 4830.0], [690.0, 4835.0], [690.0, 4845.0], [685.0, 4850.0], [680.0, 4855.0], [675.0, 4860.0], [670.0, 4865.0], [665.0, 4870.0], [660.0, 4875.0], [655.0, 4880.0], [650.0, 4885.0], [650.0, 4895.0], [650.0, 4905.0], [645.0, 4910.0], [640.0, 4915.0], [640.0, 4925.0], [635.0, 4930.0], [630.0, 4935.0], [625.0, 4940.0], [620.0, 4945.0], [620.0, 4955.0], [620.0, 4965.0], [615.0, 4970.0], [610.0, 4975.0], [610.0, 4985.0], [605.0, 4990.0], [600.0, 4995.0], [595.0, 5000.0], [590.0, 5005.0], [585.0, 5010.0], [580.0, 5015.0], [575.0, 5020.0], [570.0, 5025.0], [565.0, 5030.0], [560.0, 5035.0], [560.0, 5045.0], [555.0, 5050.0], [550.0, 5055.0], [550.0, 5065.0], [545.0, 5070.0], [540.0, 5075.0], [540.0, 5085.0], [540.0, 5095.0], [540.0, 5105.0], [540.0, 5115.0], [535.0, 5120.0], [530.0, 5125.0], [535.0, 5130.0], [540.0, 5135.0], [540.0, 5145.0], [540.0, 5155.0], [540.0, 5165.0], [540.0, 5175.0], [545.0, 5180.0], [550.0, 5185.0], [550.0, 5195.0], [555.0, 5200.0], [560.0, 5205.0], [560.0, 5215.0], [555.0, 5220.0]]]}, "properties": {"objectType": "annotation", "name": "P2_3_C|deep_14", "classification": {"name": "deep", "color": [144, 133, 233]}, "lesion_id": 14, "section": "P2_3_C", "area_um2": 27150.0, "lesion_ids": [14]}}, {"type": "Feature", "geometry": {"type": "Polygon", "coordinates": [[[2815.0, 5450.0], [2810.0, 5445.0], [2810.0, 5435.0], [2810.0, 5425.0], [2810.0, 5415.0], [2815.0, 5410.0], [2820.0, 5405.0], [2825.0, 5400.0], [2830.0, 5395.0], [2835.0, 5390.0], [2840.0, 5385.0], [2845.0, 5380.0], [2850.0, 5375.0], [2855.0, 5370.0], [2860.0, 5365.0], [2865.0, 5360.0], [2875.0, 5360.0], [2885.0, 5360.0], [2890.0, 5355.0], [2885.0, 5350.0], [2880.0, 5345.0], [2880.0, 5335.0], [2880.0, 5325.0], [2880.0, 5315.0], [2875.0, 5310.0], [2870.0, 5305.0], [2870.0, 5295.0], [2870.0, 5285.0], [2870.0, 5275.0], [2875.0, 5270.0], [2885.0, 5270.0], [2890.0, 5265.0], [2895.0, 5260.0], [2900.0, 5255.0], [2905.0, 5250.0], [2910.0, 5245.0], [2915.0, 5240.0], [2920.0, 5235.0], [2925.0, 5230.0], [2930.0, 5225.0], [2935.0, 5220.0], [2940.0, 5215.0], [2945.0, 5210.0], [2950.0, 5215.0], [2950.0, 5225.0], [2950.0, 5235.0], [2950.0, 5245.0], [2950.0, 5255.0], [2950.0, 5265.0], [2950.0, 5275.0], [2950.0, 5285.0], [2950.0, 5295.0], [2950.0, 5305.0], [2950.0, 5315.0], [2950.0, 5325.0], [2950.0, 5335.0], [2950.0, 5345.0], [2950.0, 5355.0], [2945.0, 5360.0], [2940.0, 5365.0], [2940.0, 5375.0], [2935.0, 5380.0], [2930.0, 5385.0], [2925.0, 5390.0], [2920.0, 5395.0], [2915.0, 5400.0], [2910.0, 5405.0], [2905.0, 5410.0], [2900.0, 5415.0], [2895.0, 5420.0], [2890.0, 5425.0], [2885.0, 5430.0], [2875.0, 5430.0], [2870.0, 5435.0], [2865.0, 5440.0], [2855.0, 5440.0], [2845.0, 5440.0], [2835.0, 5440.0], [2825.0, 5440.0], [2820.0, 5445.0], [2815.0, 5450.0]]]}, "properties": {"objectType": "annotation", "name": "P2_3_C|deep", "classification": {"name": "deep", "color": [144, 133, 233]}, "lesion_id": 0, "section": "P2_3_C", "area_um2": 15450.0, "lesion_ids": []}}, {"type": "Feature", "geometry": {"type": "Polygon", "coordinates": [[[545.0, 5420.0], [540.0, 5415.0], [540.0, 5405.0], [535.0, 5400.0], [530.0, 5395.0], [530.0, 5385.0], [530.0, 5375.0], [530.0, 5365.0], [525.0, 5360.0], [520.0, 5355.0], [520.0, 5345.0], [520.0, 5335.0], [520.0, 5325.0], [525.0, 5320.0], [530.0, 5315.0], [530.0, 5305.0], [530.0, 5295.0], [535.0, 5290.0], [540.0, 5285.0], [545.0, 5280.0], [550.0, 5275.0], [555.0, 5270.0], [560.0, 5265.0], [560.0, 5255.0], [565.0, 5250.0], [570.0, 5255.0], [570.0, 5265.0], [570.0, 5275.0], [570.0, 5285.0], [565.0, 5290.0], [560.0, 5295.0], [560.0, 5305.0], [560.0, 5315.0], [555.0, 5320.0], [550.0, 5325.0], [550.0, 5335.0], [550.0, 5345.0], [550.0, 5355.0], [550.0, 5365.0], [545.0, 5370.0], [540.0, 5375.0], [545.0, 5380.0], [550.0, 5385.0], [550.0, 5395.0], [550.0, 5405.0], [550.0, 5415.0], [545.0, 5420.0]]]}, "properties": {"objectType": "annotation", "name": "deep_14", "classification": {"name": "deep", "color": [144, 133, 233]}, "lesion_id": 14, "section": null, "area_um2": 3650.0, "lesion_ids": [14]}}, {"type": "Feature", "geometry": {"type": "Polygon", "coordinates": [[[1735.0, 6070.0], [1725.0, 6070.0], [1715.0, 6070.0], [1705.0, 6070.0], [1695.0, 6070.0], [1685.0, 6070.0], [1675.0, 6070.0], [1665.0, 6070.0], [1655.0, 6070.0], [1645.0, 6070.0], [1635.0, 6070.0], [1625.0, 6070.0], [1615.0, 6070.0], [1610.0, 6065.0], [1615.0, 6060.0], [1620.0, 6055.0], [1625.0, 6050.0], [1635.0, 6050.0], [1640.0, 6045.0], [1645.0, 6040.0], [1650.0, 6035.0], [1655.0, 6030.0], [1660.0, 6025.0], [1665.0, 6020.0], [1675.0, 6020.0], [1680.0, 6015.0], [1685.0, 6010.0], [1690.0, 6005.0], [1695.0, 6000.0], [1705.0, 6000.0], [1710.0, 5995.0], [1715.0, 5990.0], [1725.0, 5990.0], [1730.0, 5985.0], [1735.0, 5980.0], [1740.0, 5975.0], [1745.0, 5970.0], [1755.0, 5970.0], [1760.0, 5965.0], [1765.0, 5960.0], [1775.0, 5960.0], [1785.0, 5960.0], [1790.0, 5955.0], [1795.0, 5950.0], [1805.0, 5950.0], [1815.0, 5950.0], [1820.0, 5945.0], [1825.0, 5940.0], [1835.0, 5940.0], [1845.0, 5940.0], [1855.0, 5940.0], [1860.0, 5935.0], [1865.0, 5930.0], [1875.0, 5930.0], [1885.0, 5930.0], [1895.0, 5930.0], [1905.0, 5930.0], [1915.0, 5930.0], [1925.0, 5930.0], [1935.0, 5930.0], [1945.0, 5930.0], [1955.0, 5930.0], [1965.0, 5930.0], [1975.0, 5930.0], [1985.0, 5930.0], [1995.0, 5930.0], [2005.0, 5930.0], [2010.0, 5935.0], [2015.0, 5940.0], [2025.0, 5940.0], [2035.0, 5940.0], [2040.0, 5945.0], [2045.0, 5950.0], [2055.0, 5950.0], [2065.0, 5950.0], [2070.0, 5955.0], [2065.0, 5960.0], [2060.0, 5965.0], [2055.0, 5970.0], [2050.0, 5975.0], [2045.0, 5980.0], [2035.0, 5980.0], [2025.0, 5980.0], [2015.0, 5980.0], [2005.0, 5980.0], [1995.0, 5980.0], [1990.0, 5985.0], [1985.0, 5990.0], [1980.0, 5995.0], [1975.0, 6000.0], [1965.0, 6000.0], [1960.0, 6005.0], [1955.0, 6010.0], [1950.0, 6015.0], [1945.0, 6020.0], [1940.0, 6025.0], [1935.0, 6030.0], [1930.0, 6035.0], [1925.0, 6040.0], [1915.0, 6040.0], [1905.0, 6040.0], [1895.0, 6040.0], [1890.0, 6045.0], [1885.0, 6050.0], [1880.0, 6045.0], [1875.0, 6040.0], [1865.0, 6040.0], [1860.0, 6035.0], [1855.0, 6030.0], [1845.0, 6030.0], [1840.0, 6035.0], [1835.0, 6040.0], [1825.0, 6040.0], [1820.0, 6045.0], [1815.0, 6050.0], [1810.0, 6055.0], [1805.0, 6060.0], [1795.0, 6060.0], [1785.0, 6060.0], [1775.0, 6060.0], [1765.0, 6060.0], [1755.0, 6060.0], [1745.0, 6060.0], [1740.0, 6065.0], [1735.0, 6070.0]]]}, "properties": {"objectType": "annotation", "name": "P2_3_C|deep", "classification": {"name": "deep", "color": [144, 133, 233]}, "lesion_id": 0, "section": "P2_3_C", "area_um2": 33750.0, "lesion_ids": []}}, {"type": "Feature", "geometry": {"type": "Polygon", "coordinates": [[[1235.0, 6460.0], [1230.0, 6455.0], [1225.0, 6450.0], [1220.0, 6445.0], [1215.0, 6440.0], [1210.0, 6435.0], [1205.0, 6430.0], [1200.0, 6425.0], [1195.0, 6420.0], [1185.0, 6420.0], [1180.0, 6415.0], [1175.0, 6410.0], [1165.0, 6410.0], [1160.0, 6405.0], [1155.0, 6400.0], [1145.0, 6400.0], [1135.0, 6400.0], [1125.0, 6400.0], [1115.0, 6400.0], [1110.0, 6395.0], [1115.0, 6390.0], [1125.0, 6390.0], [1135.0, 6390.0], [1145.0, 6390.0], [1150.0, 6385.0], [1155.0, 6380.0], [1165.0, 6380.0], [1175.0, 6380.0], [1180.0, 6375.0], [1185.0, 6370.0], [1195.0, 6370.0], [1205.0, 6370.0], [1215.0, 6370.0], [1225.0, 6370.0], [1230.0, 6365.0], [1235.0, 6360.0], [1245.0, 6360.0], [1255.0, 6360.0], [1265.0, 6360.0], [1270.0, 6355.0], [1275.0, 6350.0], [1285.0, 6350.0], [1290.0, 6345.0], [1295.0, 6340.0], [1305.0, 6340.0], [1310.0, 6335.0], [1305.0, 6330.0], [1295.0, 6330.0], [1290.0, 6325.0], [1295.0, 6320.0], [1300.0, 6315.0], [1305.0, 6310.0], [1310.0, 6305.0], [1315.0, 6300.0], [1320.0, 6295.0], [1325.0, 6290.0], [1330.0, 6285.0], [1335.0, 6280.0], [1340.0, 6275.0], [1340.0, 6265.0], [1345.0, 6260.0], [1350.0, 6255.0], [1350.0, 6245.0], [1355.0, 6240.0], [1365.0, 6240.0], [1370.0, 6245.0], [1375.0, 6250.0], [1385.0, 6250.0], [1390.0, 6245.0], [1395.0, 6240.0], [1405.0, 6240.0], [1415.0, 6240.0], [1420.0, 6235.0], [1425.0, 6230.0], [1435.0, 6230.0], [1445.0, 6230.0], [1450.0, 6225.0], [1455.0, 6220.0], [1460.0, 6215.0], [1465.0, 6210.0], [1475.0, 6210.0], [1480.0, 6205.0], [1485.0, 6200.0], [1490.0, 6195.0], [1495.0, 6190.0], [1500.0, 6185.0], [1505.0, 6180.0], [1515.0, 6180.0], [1520.0, 6185.0], [1515.0, 6190.0], [1510.0, 6195.0], [1510.0, 6205.0], [1510.0, 6215.0], [1510.0, 6225.0], [1510.0, 6235.0], [1515.0, 6240.0], [1520.0, 6235.0], [1525.0, 6230.0], [1530.0, 6225.0], [1530.0, 6215.0], [1535.0, 6210.0], [1540.0, 6205.0], [1540.0, 6195.0], [1545.0, 6190.0], [1550.0, 6185.0], [1555.0, 6180.0], [1560.0, 6175.0], [1565.0, 6170.0], [1570.0, 6165.0], [1570.0, 6155.0], [1575.0, 6150.0], [1580.0, 6145.0], [1585.0, 6140.0], [1590.0, 6135.0], [1590.0, 6125.0], [1595.0, 6120.0], [1600.0, 6115.0], [1600.0, 6105.0], [1605.0, 6100.0], [1615.0, 6100.0], [1620.0, 6095.0], [1625.0, 6090.0], [1630.0, 6095.0], [1635.0, 6100.0], [1640.0, 6095.0], [1645.0, 6090.0], [1655.0, 6090.0], [1665.0, 6090.0], [1675.0, 6090.0], [1685.0, 6090.0], [1695.0, 6090.0], [1700.0, 6095.0], [1705.0, 6100.0], [1710.0, 6095.0], [1715.0, 6090.0], [1725.0, 6090.0], [1730.0, 6095.0], [1735.0, 6100.0], [1740.0, 6095.0], [1745.0, 6090.0], [1755.0, 6090.0], [1765.0, 6090.0], [1770.0, 6085.0], [1775.0, 6080.0], [1785.0, 6080.0], [1790.0, 6085.0], [1795.0, 6090.0], [1805.0, 6090.0], [1815.0, 6090.0], [1820.0, 6085.0], [1820.0, 6075.0], [1825.0, 6070.0], [1830.0, 6065.0], [1835.0, 6060.0], [1845.0, 6060.0], [1855.0, 6060.0], [1860.0, 6065.0], [1865.0, 6070.0], [1875.0, 6070.0], [1885.0, 6070.0], [1890.0, 6075.0], [1895.0, 6080.0], [1900.0, 6075.0], [1905.0, 6070.0], [1915.0, 6070.0], [1920.0, 6075.0], [1925.0, 6080.0], [1930.0, 6075.0], [1935.0, 6070.0], [1945.0, 6070.0], [1955.0, 6070.0], [1960.0, 6065.0], [1965.0, 6060.0], [1970.0, 6055.0], [1975.0, 6050.0], [1980.0, 6045.0], [1985.0, 6040.0], [1995.0, 6040.0], [2000.0, 6035.0], [2005.0, 6030.0], [2010.0, 6025.0], [2015.0, 6020.0], [2025.0, 6020.0], [2035.0, 6020.0], [2040.0, 6015.0], [2045.0, 6010.0], [2050.0, 6005.0], [2055.0, 6000.0], [2065.0, 6000.0], [2070.0, 5995.0], [2070.0, 5985.0], [2075.0, 5980.0], [2080.0, 5985.0], [2085.0, 5990.0], [2095.0, 5990.0], [2100.0, 5995.0], [2105.0, 6000.0], [2115.0, 6000.0], [2120.0, 6005.0], [2125.0, 6010.0], [2130.0, 6015.0], [2130.0, 6025.0], [2125.0, 6030.0], [2120.0, 6035.0], [2115.0, 6040.0], [2110.0, 6045.0], [2105.0, 6050.0], [2100.0, 6055.0], [2095.0, 6060.0], [2090.0, 6065.0], [2085.0, 6070.0], [2075.0, 6070.0], [2070.0, 6075.0], [2065.0, 6080.0], [2055.0, 6080.0], [2050.0, 6085.0], [2045.0, 6090.0], [2035.0, 6090.0], [2030.0, 6095.0], [2025.0, 6100.0], [2020.0, 6105.0], [2020.0, 6115.0], [2015.0, 6120.0], [2010.0, 6115.0], [2005.0, 6110.0], [1995.0, 6110.0], [1990.0, 6105.0], [1985.0, 6100.0], [1975.0, 6100.0], [1965.0, 6100.0], [1955.0, 6100.0], [1945.0, 6100.0], [1940.0, 6095.0], [1935.0, 6090.0], [1930.0, 6095.0], [1925.0, 6100.0], [1915.0, 6100.0], [1905.0, 6100.0], [1895.0, 6100.0], [1885.0, 6100.0], [1880.0, 6105.0], [1875.0, 6110.0], [1865.0, 6110.0], [1855.0, 6110.0], [1845.0, 6110.0], [1840.0, 6115.0], [1835.0, 6120.0], [1825.0, 6120.0], [1820.0, 6125.0], [1815.0, 6130.0], [1805.0, 6130.0], [1800.0, 6135.0], [1795.0, 6140.0], [1790.0, 6145.0], [1785.0, 6150.0], [1775.0, 6150.0], [1770.0, 6155.0], [1765.0, 6160.0], [1755.0, 6160.0], [1750.0, 6165.0], [1745.0, 6170.0], [1740.0, 6175.0], [1735.0, 6180.0], [1730.0, 6185.0], [1725.0, 6190.0], [1720.0, 6195.0], [1720.0, 6205.0], [1715.0, 6210.0], [1710.0, 6215.0], [1710.0, 6225.0], [1705.0, 6230.0], [1700.0, 6235.0], [1700.0, 6245.0], [1695.0, 6250.0], [1690.0, 6255.0], [1685.0, 6260.0], [1680.0, 6265.0], [1675.0, 6270.0], [1670.0, 6275.0], [1665.0, 6280.0], [1660.0, 6285.0], [1655.0, 6290.0], [1645.0, 6290.0], [1640.0, 6295.0], [1635.0, 6300.0], [1630.0, 6295.0], [1625.0, 6290.0], [1620.0, 6295.0], [1615.0, 6300.0], [1605.0, 6300.0], [1595.0, 6300.0], [1590.0, 6305.0], [1585.0, 6310.0], [1575.0, 6310.0], [1565.0, 6310.0], [1560.0, 6315.0], [1555.0, 6320.0], [1550.0, 6325.0], [1545.0, 6330.0], [1535.0, 6330.0], [1530.0, 6335.0], [1525.0, 6340.0], [1515.0, 6340.0], [1505.0, 6340.0], [1500.0, 6345.0], [1495.0, 6350.0], [1490.0, 6345.0], [1490.0, 6335.0], [1490.0, 6325.0], [1485.0, 6320.0], [1480.0, 6325.0], [1475.0, 6330.0], [1470.0, 6335.0], [1470.0, 6345.0], [1465.0, 6350.0], [1460.0, 6355.0], [1460.0, 6365.0], [1455.0, 6370.0], [1445.0, 6370.0], [1435.0, 6370.0], [1430.0, 6375.0], [1425.0, 6380.0], [1415.0, 6380.0], [1410.0, 6385.0], [1405.0, 6390.0], [1395.0, 6390.0], [1385.0, 6390.0], [1380.0, 6395.0], [1375.0, 6400.0], [1370.0, 6405.0], [1365.0, 6410.0], [1355.0, 6410.0], [1350.0, 6415.0], [1345.0, 6420.0], [1335.0, 6420.0], [1325.0, 6420.0], [1320.0, 6425.0], [1315.0, 6430.0], [1305.0, 6430.0], [1295.0, 6430.0], [1290.0, 6435.0], [1285.0, 6440.0], [1275.0, 6440.0], [1270.0, 6445.0], [1265.0, 6450.0], [1255.0, 6450.0], [1245.0, 6450.0], [1240.0, 6455.0], [1235.0, 6460.0]]]}, "properties": {"objectType": "annotation", "name": "P2_3_C|deep", "classification": {"name": "deep", "color": [144, 133, 233]}, "lesion_id": 0, "section": "P2_3_C", "area_um2": 98250.0, "lesion_ids": [21, 23, 26]}}, {"type": "Feature", "geometry": {"type": "Polygon", "coordinates": [[[3065.0, 6150.0], [3060.0, 6145.0], [3055.0, 6140.0], [3045.0, 6140.0], [3040.0, 6135.0], [3035.0, 6130.0], [3030.0, 6125.0], [3025.0, 6120.0], [3020.0, 6115.0], [3015.0, 6110.0], [3005.0, 6110.0], [3000.0, 6105.0], [2995.0, 6100.0], [2985.0, 6100.0], [2980.0, 6095.0], [2975.0, 6090.0], [2970.0, 6085.0], [2975.0, 6080.0], [2985.0, 6080.0], [2990.0, 6075.0], [2995.0, 6070.0], [3005.0, 6070.0], [3015.0, 6070.0], [3025.0, 6070.0], [3035.0, 6070.0], [3045.0, 6070.0], [3055.0, 6070.0], [3065.0, 6070.0], [3075.0, 6070.0], [3085.0, 6070.0], [3090.0, 6065.0], [3095.0, 6060.0], [3105.0, 6060.0], [3115.0, 6060.0], [3125.0, 6060.0], [3130.0, 6055.0], [3135.0, 6050.0], [3145.0, 6050.0], [3155.0, 6050.0], [3165.0, 6050.0], [3170.0, 6055.0], [3175.0, 6060.0], [3180.0, 6065.0], [3185.0, 6070.0], [3190.0, 6075.0], [3195.0, 6080.0], [3200.0, 6085.0], [3205.0, 6090.0], [3210.0, 6095.0], [3210.0, 6105.0], [3215.0, 6110.0], [3220.0, 6115.0], [3215.0, 6120.0], [3205.0, 6120.0], [3200.0, 6115.0], [3195.0, 6110.0], [3190.0, 6115.0], [3185.0, 6120.0], [3175.0, 6120.0], [3170.0, 6125.0], [3165.0, 6130.0], [3155.0, 6130.0], [3145.0, 6130.0], [3135.0, 6130.0], [3125.0, 6130.0], [3120.0, 6125.0], [3115.0, 6120.0], [3110.0, 6125.0], [3105.0, 6130.0], [3100.0, 6135.0], [3095.0, 6140.0], [3085.0, 6140.0], [3075.0, 6140.0], [3070.0, 6145.0], [3065.0, 6150.0]]]}, "properties": {"objectType": "annotation", "name": "P2_3_L|deep_22", "classification": {"name": "deep", "color": [144, 133, 233]}, "lesion_id": 22, "section": "P2_3_L", "area_um2": 13850.0, "lesion_ids": [22]}}, {"type": "Feature", "geometry": {"type": "Polygon", "coordinates": [[[805.0, 6190.0], [800.0, 6185.0], [795.0, 6180.0], [790.0, 6175.0], [790.0, 6165.0], [785.0, 6160.0], [780.0, 6155.0], [780.0, 6145.0], [775.0, 6140.0], [770.0, 6135.0], [770.0, 6125.0], [765.0, 6120.0], [760.0, 6115.0], [760.0, 6105.0], [760.0, 6095.0], [755.0, 6090.0], [750.0, 6085.0], [745.0, 6080.0], [740.0, 6075.0], [745.0, 6070.0], [755.0, 6070.0], [765.0, 6070.0], [770.0, 6075.0], [775.0, 6080.0], [780.0, 6075.0], [785.0, 6070.0], [795.0, 6070.0], [805.0, 6070.0], [815.0, 6070.0], [820.0, 6075.0], [820.0, 6085.0], [815.0, 6090.0], [810.0, 6095.0], [810.0, 6105.0], [810.0, 6115.0], [810.0, 6125.0], [810.0, 6135.0], [815.0, 6140.0], [820.0, 6145.0], [820.0, 6155.0], [815.0, 6160.0], [810.0, 6165.0], [810.0, 6175.0], [810.0, 6185.0], [805.0, 6190.0]]]}, "properties": {"objectType": "annotation", "name": "deep", "classification": {"name": "deep", "color": [144, 133, 233]}, "lesion_id": 0, "section": null, "area_um2": 4950.0, "lesion_ids": [19, 21]}}, {"type": "Feature", "geometry": {"type": "Polygon", "coordinates": [[[2135.0, 6240.0], [2125.0, 6240.0], [2115.0, 6240.0], [2105.0, 6240.0], [2100.0, 6235.0], [2105.0, 6230.0], [2110.0, 6225.0], [2105.0, 6220.0], [2100.0, 6215.0], [2100.0, 6205.0], [2095.0, 6200.0], [2090.0, 6195.0], [2090.0, 6185.0], [2085.0, 6180.0], [2080.0, 6175.0], [2075.0, 6170.0], [2070.0, 6165.0], [2065.0, 6160.0], [2060.0, 6155.0], [2055.0, 6150.0], [2050.0, 6145.0], [2045.0, 6140.0], [2040.0, 6135.0], [2045.0, 6130.0], [2055.0, 6130.0], [2060.0, 6135.0], [2065.0, 6140.0], [2075.0, 6140.0], [2085.0, 6140.0], [2095.0, 6140.0], [2105.0, 6140.0], [2115.0, 6140.0], [2125.0, 6140.0], [2135.0, 6140.0], [2145.0, 6140.0], [2155.0, 6140.0], [2165.0, 6140.0], [2170.0, 6135.0], [2175.0, 6130.0], [2185.0, 6130.0], [2195.0, 6130.0], [2205.0, 6130.0], [2210.0, 6125.0], [2215.0, 6120.0], [2220.0, 6125.0], [2225.0, 6130.0], [2230.0, 6135.0], [2235.0, 6140.0], [2240.0, 6145.0], [2240.0, 6155.0], [2245.0, 6160.0], [2250.0, 6165.0], [2250.0, 6175.0], [2245.0, 6180.0], [2235.0, 6180.0], [2230.0, 6185.0], [2225.0, 6190.0], [2220.0, 6195.0], [2215.0, 6200.0], [2210.0, 6205.0], [2205.0, 6210.0], [2200.0, 6215.0], [2195.0, 6220.0], [2190.0, 6225.0], [2185.0, 6230.0], [2175.0, 6230.0], [2170.0, 6225.0], [2170.0, 6215.0], [2170.0, 6205.0], [2165.0, 6200.0], [2155.0, 6200.0], [2150.0, 6205.0], [2150.0, 6215.0], [2150.0, 6225.0], [2145.0, 6230.0], [2140.0, 6235.0], [2135.0, 6240.0]]]}, "properties": {"objectType": "annotation", "name": "R1_3_T|deep_23", "classification": {"name": "deep", "color": [144, 133, 233]}, "lesion_id": 23, "section": "R1_3_T", "area_um2": 13450.0, "lesion_ids": [23]}}, {"type": "Feature", "geometry": {"type": "Polygon", "coordinates": [[[3235.0, 8110.0], [3225.0, 8110.0], [3215.0, 8110.0], [3210.0, 8105.0], [3215.0, 8100.0], [3220.0, 8095.0], [3220.0, 8085.0], [3220.0, 8075.0], [3220.0, 8065.0], [3220.0, 8055.0], [3225.0, 8050.0], [3230.0, 8045.0], [3230.0, 8035.0], [3230.0, 8025.0], [3230.0, 8015.0], [3230.0, 8005.0], [3230.0, 7995.0], [3230.0, 7985.0], [3230.0, 7975.0], [3230.0, 7965.0], [3235.0, 7960.0], [3240.0, 7955.0], [3245.0, 7950.0], [3250.0, 7945.0], [3255.0, 7940.0], [3260.0, 7935.0], [3265.0, 7930.0], [3270.0, 7925.0], [3270.0, 7915.0], [3275.0, 7910.0], [3280.0, 7905.0], [3280.0, 7895.0], [3280.0, 7885.0], [3280.0, 7875.0], [3280.0, 7865.0], [3280.0, 7855.0], [3280.0, 7845.0], [3280.0, 7835.0], [3280.0, 7825.0], [3280.0, 7815.0], [3280.0, 7805.0], [3275.0, 7800.0], [3270.0, 7795.0], [3270.0, 7785.0], [3265.0, 7780.0], [3260.0, 7775.0], [3255.0, 7770.0], [3250.0, 7765.0], [3245.0, 7760.0], [3240.0, 7755.0], [3235.0, 7750.0], [3230.0, 7745.0], [3225.0, 7740.0], [3220.0, 7735.0], [3215.0, 7730.0], [3210.0, 7725.0], [3205.0, 7720.0], [3200.0, 7715.0], [3195.0, 7710.0], [3185.0, 7710.0], [3180.0, 7705.0], [3175.0, 7700.0], [3165.0, 7700.0], [3160.0, 7695.0], [3155.0, 7690.0], [3150.0, 7685.0], [3145.0, 7680.0], [3140.0, 7675.0], [3135.0, 7670.0], [3130.0, 7665.0], [3125.0, 7660.0], [3120.0, 7655.0], [3115.0, 7650.0], [3105.0, 7650.0], [3100.0, 7645.0], [3095.0, 7640.0], [3090.0, 7635.0], [3085.0, 7630.0], [3080.0, 7625.0], [3075.0, 7620.0], [3070.0, 7615.0], [3065.0, 7610.0], [3055.0, 7610.0], [3050.0, 7605.0], [3045.0, 7600.0], [3040.0, 7595.0], [3035.0, 7590.0], [3030.0, 7585.0], [3025.0, 7580.0], [3020.0, 7575.0], [3015.0, 7570.0], [3010.0, 7565.0], [3005.0, 7560.0], [2995.0, 7560.0], [2990.0, 7555.0], [2985.0, 7550.0], [2975.0, 7550.0], [2970.0, 7545.0], [2965.0, 7540.0], [2955.0, 7540.0], [2950.0, 7535.0], [2945.0, 7530.0], [2935.0, 7530.0], [2930.0, 7525.0], [2925.0, 7520.0], [2915.0, 7520.0], [2905.0, 7520.0], [2895.0, 7520.0], [2890.0, 7515.0], [2885.0, 7510.0], [2875.0, 7510.0], [2870.0, 7505.0], [2865.0, 7500.0], [2855.0, 7500.0], [2850.0, 7495.0], [2845.0, 7490.0], [2835.0, 7490.0], [2830.0, 7485.0], [2825.0, 7480.0], [2820.0, 7475.0], [2815.0, 7470.0], [2810.0, 7465.0], [2805.0, 7460.0], [2795.0, 7460.0], [2790.0, 7455.0], [2795.0, 7450.0], [2800.0, 7445.0], [2800.0, 7435.0], [2800.0, 7425.0], [2800.0, 7415.0], [2805.0, 7410.0], [2815.0, 7410.0], [2825.0, 7410.0], [2835.0, 7410.0], [2840.0, 7405.0], [2845.0, 7400.0], [2855.0, 7400.0], [2865.0, 7400.0], [2870.0, 7395.0], [2875.0, 7390.0], [2885.0, 7390.0], [2890.0, 7385.0], [2895.0, 7380.0], [2900.0, 7375.0], [2905.0, 7370.0], [2915.0, 7370.0], [2920.0, 7365.0], [2925.0, 7360.0], [2930.0, 7355.0], [2935.0, 7350.0], [2945.0, 7350.0], [2950.0, 7345.0], [2955.0, 7340.0], [2965.0, 7340.0], [2970.0, 7335.0], [2975.0, 7330.0], [2980.0, 7325.0], [2985.0, 7320.0], [2990.0, 7315.0], [2995.0, 7310.0], [3000.0, 7305.0], [3005.0, 7300.0], [3010.0, 7295.0], [3015.0, 7290.0], [3020.0, 7285.0], [3025.0, 7280.0], [3030.0, 7275.0], [3035.0, 7270.0], [3040.0, 7265.0], [3040.0, 7255.0], [3045.0, 7250.0], [3050.0, 7245.0], [3050.0, 7235.0], [3050.0, 7225.0], [3050.0, 7215.0], [3050.0, 7205.0], [3050.0, 7195.0], [3050.0, 7185.0], [3050.0, 7175.0], [3050.0, 7165.0], [3050.0, 7155.0], [3050.0, 7145.0], [3050.0, 7135.0], [3050.0, 7125.0], [3050.0, 7115.0], [3050.0, 7105.0], [3050.0, 7095.0], [3050.0, 7085.0], [3045.0, 7080.0], [3040.0, 7075.0], [3040.0, 7065.0], [3035.0, 7060.0], [3030.0, 7055.0], [3025.0, 7050.0], [3020.0, 7045.0], [3015.0, 7040.0], [3010.0, 7035.0], [3005.0, 7030.0], [3000.0, 7025.0], [2995.0, 7020.0], [2990.0, 7015.0], [2985.0, 7010.0], [2980.0, 7005.0], [2975.0, 7000.0], [2970.0, 6995.0], [2965.0, 6990.0], [2960.0, 6985.0], [2955.0, 6980.0], [2950.0, 6975.0], [2945.0, 6970.0], [2940.0, 6965.0], [2935.0, 6960.0], [2930.0, 6955.0], [2925.0, 6950.0], [2920.0, 6945.0], [2915.0, 6940.0], [2905.0, 6940.0], [2900.0, 6935.0], [2895.0, 6930.0], [2885.0, 6930.0], [2880.0, 6925.0], [2875.0, 6920.0], [2870.0, 6915.0], [2870.0, 6905.0], [2870.0, 6895.0], [2865.0, 6890.0], [2860.0, 6885.0], [2860.0, 6875.0], [2855.0, 6870.0], [2850.0, 6865.0], [2845.0, 6860.0], [2840.0, 6855.0], [2835.0, 6850.0], [2830.0, 6845.0], [2825.0, 6840.0], [2820.0, 6835.0], [2820.0, 6825.0], [2815.0, 6820.0], [2810.0, 6815.0], [2805.0, 6810.0], [2800.0, 6805.0], [2795.0, 6800.0], [2790.0, 6795.0], [2785.0, 6790.0], [2780.0, 6785.0], [2785.0, 6780.0], [2795.0, 6780.0], [2805.0, 6780.0], [2815.0, 6780.0], [2820.0, 6775.0], [2825.0, 6770.0], [2835.0, 6770.0], [2840.0, 6765.0], [2845.0, 6760.0], [2855.0, 6760.0], [2860.0, 6755.0], [2865.0, 6750.0], [2870.0, 6745.0], [2875.0, 6740.0], [2880.0, 6735.0], [2885.0, 6730.0], [2890.0, 6725.0], [2895.0, 6720.0], [2900.0, 6715.0], [2905.0, 6710.0], [2910.0, 6705.0], [2915.0, 6700.0], [2925.0, 6700.0], [2930.0, 6695.0], [2935.0, 6690.0], [2940.0, 6685.0], [2945.0, 6680.0], [2950.0, 6675.0], [2955.0, 6670.0], [2960.0, 6665.0], [2965.0, 6660.0], [2970.0, 6655.0], [2975.0, 6650.0], [2980.0, 6645.0], [2985.0, 6640.0], [2990.0, 6635.0], [2995.0, 6630.0], [3000.0, 6625.0], [3000.0, 6615.0], [3005.0, 6610.0], [3010.0, 6605.0], [3010.0, 6595.0], [3010.0, 6585.0], [3010.0, 6575.0], [3015.0, 6570.0], [3020.0, 6565.0], [3020.0, 6555.0], [3025.0, 6550.0], [3030.0, 6545.0], [3030.0, 6535.0], [3035.0, 6530.0], [3040.0, 6525.0], [3040.0, 6515.0], [3045.0, 6510.0], [3050.0, 6505.0], [3050.0, 6495.0], [3055.0, 6490.0], [3060.0, 6485.0], [3060.0, 6475.0], [3065.0, 6470.0], [3070.0, 6465.0], [3070.0, 6455.0], [3075.0, 6450.0], [3080.0, 6445.0], [3080.0, 6435.0], [3080.0, 6425.0], [3085.0, 6420.0], [3090.0, 6415.0], [3090.0, 6405.0], [3090.0, 6395.0], [3090.0, 6385.0], [3090.0, 6375.0], [3090.0, 6365.0], [3090.0, 6355.0], [3090.0, 6345.0], [3095.0, 6340.0], [3100.0, 6335.0], [3100.0, 6325.0], [3100.0, 6315.0], [3100.0, 6305.0], [3100.0, 6295.0], [3100.0, 6285.0], [3100.0, 6275.0], [3100.0, 6265.0], [3100.0, 6255.0], [3100.0, 6245.0], [3100.0, 6235.0], [3100.0, 6225.0], [3095.0, 6220.0], [3090.0, 6215.0], [3090.0, 6205.0], [3085.0, 6200.0], [3080.0, 6195.0], [3075.0, 6190.0], [3070.0, 6185.0], [3065.0, 6180.0], [3060.0, 6175.0], [3065.0, 6170.0], [3075.0, 6170.0], [3080.0, 6165.0], [3085.0, 6160.0], [3095.0, 6160.0], [3105.0, 6160.0], [3110.0, 6155.0], [3115.0, 6150.0], [3125.0, 6150.0], [3135.0, 6150.0], [3140.0, 6155.0], [3145.0, 6160.0], [3155.0, 6160.0], [3160.0, 6155.0], [3165.0, 6150.0], [3175.0, 6150.0], [3180.0, 6145.0], [3185.0, 6140.0], [3195.0, 6140.0], [3205.0, 6140.0], [3210.0, 6145.0], [3215.0, 6150.0], [3220.0, 6155.0], [3220.0, 6165.0], [3225.0, 6170.0], [3230.0, 6175.0], [3230.0, 6185.0], [3230.0, 6195.0], [3235.0, 6200.0], [3240.0, 6205.0], [3240.0, 6215.0], [3240.0, 6225.0], [3240.0, 6235.0], [3240.0, 6245.0], [3240.0, 6255.0], [3240.0, 6265.0], [3240.0, 6275.0], [3240.0, 6285.0], [3240.0, 6295.0], [3240.0, 6305.0], [3240.0, 6315.0], [3240.0, 6325.0], [3240.0, 6335.0], [3240.0, 6345.0], [3240.0, 6355.0], [3235.0, 6360.0], [3230.0, 6365.0], [3230.0, 6375.0], [3230.0, 6385.0], [3230.0, 6395.0], [3230.0, 6405.0], [3230.0, 6415.0], [3230.0, 6425.0], [3230.0, 6435.0], [3225.0, 6440.0], [3220.0, 6445.0], [3220.0, 6455.0], [3220.0, 6465.0], [3215.0, 6470.0], [3210.0, 6475.0], [3210.0, 6485.0], [3210.0, 6495.0], [3205.0, 6500.0], [3200.0, 6505.0], [3200.0, 6515.0], [3195.0, 6520.0], [3190.0, 6525.0], [3190.0, 6535.0], [3185.0, 6540.0], [3180.0, 6545.0], [3180.0, 6555.0], [3175.0, 6560.0], [3170.0, 6565.0], [3170.0, 6575.0], [3165.0, 6580.0], [3160.0, 6585.0], [3160.0, 6595.0], [3155.0, 6600.0], [3150.0, 6605.0], [3150.0, 6615.0], [3150.0, 6625.0], [3145.0, 6630.0], [3140.0, 6635.0], [3140.0, 6645.0], [3140.0, 6655.0], [3135.0, 6660.0], [3130.0, 6665.0], [3130.0, 6675.0], [3125.0, 6680.0], [3120.0, 6685.0], [3120.0, 6695.0], [3115.0, 6700.0], [3110.0, 6705.0], [3105.0, 6710.0], [3100.0, 6715.0], [3100.0, 6725.0], [3095.0, 6730.0], [3090.0, 6735.0], [3085.0, 6740.0], [3080.0, 6745.0], [3075.0, 6750.0], [3070.0, 6755.0], [3065.0, 6760.0], [3060.0, 6765.0], [3055.0, 6770.0], [3050.0, 6775.0], [3045.0, 6780.0], [3040.0, 6785.0], [3035.0, 6790.0], [3030.0, 6795.0], [3025.0, 6800.0], [3015.0, 6800.0], [3010.0, 6805.0], [3005.0, 6810.0], [3000.0, 6815.0], [2995.0, 6820.0], [2990.0, 6825.0], [2995.0, 6830.0], [3000.0, 6835.0], [3005.0, 6840.0], [3015.0, 6840.0], [3020.0, 6845.0], [3025.0, 6850.0], [3030.0, 6855.0], [3035.0, 6860.0], [3040.0, 6865.0], [3045.0, 6870.0], [3050.0, 6875.0], [3055.0, 6880.0], [3060.0, 6885.0], [3065.0, 6890.0], [3070.0, 6895.0], [3075.0, 6900.0], [3080.0, 6905.0], [3085.0, 6910.0], [3090.0, 6915.0], [3095.0, 6920.0], [3100.0, 6925.0], [3105.0, 6930.0], [3110.0, 6935.0], [3115.0, 6940.0], [3120.0, 6945.0], [3125.0, 6950.0], [3130.0, 6955.0], [3135.0, 6960.0], [3140.0, 6965.0], [3140.0, 6975.0], [3145.0, 6980.0], [3150.0, 6985.0], [3155.0, 6990.0], [3160.0, 6995.0], [3160.0, 7005.0], [3165.0, 7010.0], [3170.0, 7015.0], [3170.0, 7025.0], [3175.0, 7030.0], [3180.0, 7035.0], [3180.0, 7045.0], [3180.0, 7055.0], [3185.0, 7060.0], [3190.0, 7065.0], [3190.0, 7075.0], [3190.0, 7085.0], [3190.0, 7095.0], [3190.0, 7105.0], [3190.0, 7115.0], [3190.0, 7125.0], [3190.0, 7135.0], [3190.0, 7145.0], [3190.0, 7155.0], [3190.0, 7165.0], [3190.0, 7175.0], [3190.0, 7185.0], [3190.0, 7195.0], [3190.0, 7205.0], [3190.0, 7215.0], [3190.0, 7225.0], [3190.0, 7235.0], [3190.0, 7245.0], [3190.0, 7255.0], [3190.0, 7265.0], [3185.0, 7270.0], [3180.0, 7275.0], [3180.0, 7285.0], [3180.0, 7295.0], [3175.0, 7300.0], [3170.0, 7305.0], [3170.0, 7315.0], [3165.0, 7320.0], [3160.0, 7325.0], [3160.0, 7335.0], [3155.0, 7340.0], [3150.0, 7345.0], [3145.0, 7350.0], [3140.0, 7355.0], [3140.0, 7365.0], [3135.0, 7370.0], [3130.0, 7375.0], [3125.0, 7380.0], [3120.0, 7385.0], [3115.0, 7390.0], [3110.0, 7395.0], [3105.0, 7400.0], [3100.0, 7405.0], [3095.0, 7410.0], [3090.0, 7415.0], [3085.0, 7420.0], [3080.0, 7425.0], [3075.0, 7430.0], [3070.0, 7435.0], [3075.0, 7440.0], [3080.0, 7445.0], [3085.0, 7450.0], [3090.0, 7455.0], [3095.0, 7460.0], [3105.0, 7460.0], [3110.0, 7465.0], [3115.0, 7470.0], [3120.0, 7475.0], [3125.0, 7480.0], [3130.0, 7485.0], [3135.0, 7490.0], [3140.0, 7495.0], [3145.0, 7500.0], [3150.0, 7505.0], [3155.0, 7510.0], [3165.0, 7510.0], [3170.0, 7515.0], [3175.0, 7520.0], [3180.0, 7525.0], [3185.0, 7530.0], [3190.0, 7535.0], [3195.0, 7540.0], [3200.0, 7545.0], [3205.0, 7550.0], [3215.0, 7550.0], [3220.0, 7555.0], [3225.0, 7560.0], [3230.0, 7565.0], [3235.0, 7570.0], [3240.0, 7575.0], [3245.0, 7580.0], [3250.0, 7585.0], [3255.0, 7590.0], [3265.0, 7590.0], [3270.0, 7595.0], [3275.0, 7600.0], [3280.0, 7605.0], [3285.0, 7610.0], [3295.0, 7610.0], [3300.0, 7615.0], [3305.0, 7620.0], [3310.0, 7625.0], [3315.0, 7630.0], [3320.0, 7635.0], [3325.0, 7640.0], [3330.0, 7645.0], [3335.0, 7650.0], [3340.0, 7655.0], [3345.0, 7660.0], [3350.0, 7665.0], [3355.0, 7670.0], [3360.0, 7675.0], [3365.0, 7680.0], [3370.0, 7685.0], [3370.0, 7695.0], [3375.0, 7700.0], [3380.0, 7705.0], [3385.0, 7710.0], [3390.0, 7715.0], [3390.0, 7725.0], [3395.0, 7730.0], [3400.0, 7735.0], [3400.0, 7745.0], [3405.0, 7750.0], [3410.0, 7755.0], [3410.0, 7765.0], [3410.0, 7775.0], [3415.0, 7780.0], [3420.0, 7785.0], [3420.0, 7795.0], [3420.0, 7805.0], [3420.0, 7815.0], [3420.0, 7825.0], [3420.0, 7835.0], [3420.0, 7845.0], [3420.0, 7855.0], [3420.0, 7865.0], [3420.0, 7875.0], [3420.0, 7885.0], [3420.0, 7895.0], [3420.0, 7905.0], [3420.0, 7915.0], [3420.0, 7925.0], [3415.0, 7930.0], [3410.0, 7935.0], [3410.0, 7945.0], [3410.0, 7955.0], [3405.0, 7960.0], [3400.0, 7965.0], [3400.0, 7975.0], [3395.0, 7980.0], [3390.0, 7985.0], [3390.0, 7995.0], [3385.0, 8000.0], [3380.0, 8005.0], [3375.0, 8010.0], [3370.0, 8015.0], [3370.0, 8025.0], [3370.0, 8035.0], [3370.0, 8045.0], [3370.0, 8055.0], [3370.0, 8065.0], [3365.0, 8070.0], [3355.0, 8070.0], [3350.0, 8075.0], [3345.0, 8080.0], [3335.0, 8080.0], [3330.0, 8085.0], [3325.0, 8090.0], [3315.0, 8090.0], [3305.0, 8090.0], [3295.0, 8090.0], [3290.0, 8095.0], [3285.0, 8100.0], [3275.0, 8100.0], [3265.0, 8100.0], [3255.0, 8100.0], [3245.0, 8100.0], [3240.0, 8105.0], [3235.0, 8110.0]]]}, "properties": {"objectType": "annotation", "name": "P2_3_L|deep", "classification": {"name": "deep", "color": [144, 133, 233]}, "lesion_id": 0, "section": "P2_3_L", "area_um2": 344250.0, "lesion_ids": [22, 28, 29]}}, {"type": "Feature", "geometry": {"type": "Polygon", "coordinates": [[[3705.0, 6280.0], [3695.0, 6280.0], [3690.0, 6275.0], [3685.0, 6270.0], [3675.0, 6270.0], [3665.0, 6270.0], [3655.0, 6270.0], [3650.0, 6265.0], [3645.0, 6260.0], [3635.0, 6260.0], [3625.0, 6260.0], [3620.0, 6255.0], [3615.0, 6250.0], [3605.0, 6250.0], [3600.0, 6245.0], [3595.0, 6240.0], [3585.0, 6240.0], [3580.0, 6245.0], [3575.0, 6250.0], [3565.0, 6250.0], [3560.0, 6245.0], [3565.0, 6240.0], [3570.0, 6235.0], [3570.0, 6225.0], [3570.0, 6215.0], [3575.0, 6210.0], [3580.0, 6205.0], [3585.0, 6200.0], [3590.0, 6195.0], [3590.0, 6185.0], [3595.0, 6180.0], [3600.0, 6175.0], [3605.0, 6170.0], [3615.0, 6170.0], [3625.0, 6170.0], [3630.0, 6175.0], [3635.0, 6180.0], [3645.0, 6180.0], [3655.0, 6180.0], [3660.0, 6185.0], [3665.0, 6190.0], [3675.0, 6190.0], [3685.0, 6190.0], [3690.0, 6195.0], [3695.0, 6200.0], [3705.0, 6200.0], [3715.0, 6200.0], [3725.0, 6200.0], [3735.0, 6200.0], [3745.0, 6200.0], [3755.0, 6200.0], [3760.0, 6205.0], [3765.0, 6210.0], [3770.0, 6215.0], [3765.0, 6220.0], [3755.0, 6220.0], [3750.0, 6225.0], [3745.0, 6230.0], [3740.0, 6235.0], [3735.0, 6240.0], [3730.0, 6245.0], [3725.0, 6250.0], [3720.0, 6255.0], [3720.0, 6265.0], [3715.0, 6270.0], [3710.0, 6275.0], [3705.0, 6280.0]]]}, "properties": {"objectType": "annotation", "name": "deep", "classification": {"name": "deep", "color": [144, 133, 233]}, "lesion_id": 0, "section": null, "area_um2": 12650.0, "lesion_ids": []}}, {"type": "Feature", "geometry": {"type": "Polygon", "coordinates": [[[2265.0, 7170.0], [2255.0, 7170.0], [2250.0, 7165.0], [2255.0, 7160.0], [2260.0, 7155.0], [2260.0, 7145.0], [2260.0, 7135.0], [2260.0, 7125.0], [2265.0, 7120.0], [2270.0, 7115.0], [2270.0, 7105.0], [2270.0, 7095.0], [2275.0, 7090.0], [2280.0, 7085.0], [2280.0, 7075.0], [2285.0, 7070.0], [2290.0, 7065.0], [2290.0, 7055.0], [2295.0, 7050.0], [2300.0, 7045.0], [2300.0, 7035.0], [2300.0, 7025.0], [2300.0, 7015.0], [2300.0, 7005.0], [2300.0, 6995.0], [2300.0, 6985.0], [2300.0, 6975.0], [2300.0, 6965.0], [2300.0, 6955.0], [2300.0, 6945.0], [2300.0, 6935.0], [2300.0, 6925.0], [2300.0, 6915.0], [2300.0, 6905.0], [2300.0, 6895.0], [2300.0, 6885.0], [2300.0, 6875.0], [2300.0, 6865.0], [2305.0, 6860.0], [2310.0, 6855.0], [2310.0, 6845.0], [2310.0, 6835.0], [2315.0, 6830.0], [2320.0, 6825.0], [2320.0, 6815.0], [2325.0, 6810.0], [2330.0, 6805.0], [2330.0, 6795.0], [2335.0, 6790.0], [2340.0, 6785.0], [2340.0, 6775.0], [2345.0, 6770.0], [2350.0, 6765.0], [2350.0, 6755.0], [2355.0, 6750.0], [2360.0, 6745.0], [2365.0, 6740.0], [2370.0, 6735.0], [2370.0, 6725.0], [2370.0, 6715.0], [2370.0, 6705.0], [2370.0, 6695.0], [2365.0, 6690.0], [2360.0, 6685.0], [2360.0, 6675.0], [2360.0, 6665.0], [2360.0, 6655.0], [2360.0, 6645.0], [2360.0, 6635.0], [2360.0, 6625.0], [2360.0, 6615.0], [2355.0, 6610.0], [2350.0, 6605.0], [2350.0, 6595.0], [2350.0, 6585.0], [2350.0, 6575.0], [2350.0, 6565.0], [2350.0, 6555.0], [2350.0, 6545.0], [2350.0, 6535.0], [2350.0, 6525.0], [2350.0, 6515.0], [2350.0, 6505.0], [2350.0, 6495.0], [2350.0, 6485.0], [2355.0, 6480.0], [2360.0, 6475.0], [2360.0, 6465.0], [2360.0, 6455.0], [2360.0, 6445.0], [2360.0, 6435.0], [2360.0, 6425.0], [2360.0, 6415.0], [2360.0, 6405.0], [2365.0, 6400.0], [2370.0, 6395.0], [2370.0, 6385.0], [2370.0, 6375.0], [2375.0, 6370.0], [2380.0, 6365.0], [2380.0, 6355.0], [2385.0, 6350.0], [2390.0, 6345.0], [2390.0, 6335.0], [2395.0, 6330.0], [2400.0, 6325.0], [2405.0, 6320.0], [2410.0, 6315.0], [2410.0, 6305.0], [2415.0, 6300.0], [2420.0, 6305.0], [2425.0, 6310.0], [2430.0, 6315.0], [2435.0, 6320.0], [2440.0, 6325.0], [2440.0, 6335.0], [2445.0, 6340.0], [2450.0, 6345.0], [2450.0, 6355.0], [2455.0, 6360.0], [2460.0, 6355.0], [2465.0, 6350.0], [2470.0, 6345.0], [2470.0, 6335.0], [2465.0, 6330.0], [2460.0, 6325.0], [2460.0, 6315.0], [2460.0, 6305.0], [2455.0, 6300.0], [2450.0, 6295.0], [2455.0, 6290.0], [2460.0, 6285.0], [2460.0, 6275.0], [2455.0, 6270.0], [2450.0, 6265.0], [2450.0, 6255.0], [2445.0, 6250.0], [2440.0, 6255.0], [2435.0, 6260.0], [2425.0, 6260.0], [2420.0, 6255.0], [2415.0, 6250.0], [2410.0, 6255.0], [2405.0, 6260.0], [2395.0, 6260.0], [2390.0, 6255.0], [2395.0, 6250.0], [2400.0, 6245.0], [2405.0, 6240.0], [2410.0, 6235.0], [2415.0, 6230.0], [2420.0, 6225.0], [2425.0, 6220.0], [2430.0, 6215.0], [2435.0, 6210.0], [2445.0, 6210.0], [2450.0, 6205.0], [2455.0, 6200.0], [2460.0, 6195.0], [2465.0, 6190.0], [2470.0, 6185.0], [2475.0, 6180.0], [2485.0, 6180.0], [2495.0, 6180.0], [2505.0, 6180.0], [2515.0, 6180.0], [2520.0, 6185.0], [2525.0, 6190.0], [2530.0, 6195.0], [2535.0, 6200.0], [2540.0, 6205.0], [2545.0, 6210.0], [2550.0, 6215.0], [2555.0, 6220.0], [2560.0, 6225.0], [2560.0, 6235.0], [2560.0, 6245.0], [2555.0, 6250.0], [2550.0, 6255.0], [2550.0, 6265.0], [2545.0, 6270.0], [2540.0, 6275.0], [2540.0, 6285.0], [2540.0, 6295.0], [2545.0, 6300.0], [2550.0, 6305.0], [2550.0, 6315.0], [2545.0, 6320.0], [2540.0, 6325.0], [2535.0, 6330.0], [2525.0, 6330.0], [2520.0, 6335.0], [2515.0, 6340.0], [2510.0, 6345.0], [2505.0, 6350.0], [2500.0, 6355.0], [2495.0, 6360.0], [2490.0, 6365.0], [2485.0, 6370.0], [2480.0, 6365.0], [2475.0, 6360.0], [2470.0, 6365.0], [2470.0, 6375.0], [2475.0, 6380.0], [2480.0, 6385.0], [2485.0, 6390.0], [2490.0, 6395.0], [2490.0, 6405.0], [2490.0, 6415.0], [2490.0, 6425.0], [2485.0, 6430.0], [2480.0, 6435.0], [2480.0, 6445.0], [2480.0, 6455.0], [2480.0, 6465.0], [2480.0, 6475.0], [2480.0, 6485.0], [2480.0, 6495.0], [2480.0, 6505.0], [2475.0, 6510.0], [2470.0, 6515.0], [2470.0, 6525.0], [2470.0, 6535.0], [2470.0, 6545.0], [2470.0, 6555.0], [2470.0, 6565.0], [2470.0, 6575.0], [2475.0, 6580.0], [2480.0, 6585.0], [2480.0, 6595.0], [2480.0, 6605.0], [2480.0, 6615.0], [2480.0, 6625.0], [2480.0, 6635.0], [2480.0, 6645.0], [2480.0, 6655.0], [2485.0, 6660.0], [2490.0, 6665.0], [2490.0, 6675.0], [2495.0, 6680.0], [2500.0, 6685.0], [2500.0, 6695.0], [2505.0, 6700.0], [2510.0, 6705.0], [2515.0, 6710.0], [2520.0, 6715.0], [2520.0, 6725.0], [2515.0, 6730.0], [2510.0, 6735.0], [2510.0, 6745.0], [2510.0, 6755.0], [2505.0, 6760.0], [2500.0, 6765.0], [2500.0, 6775.0], [2495.0, 6780.0], [2490.0, 6785.0], [2485.0, 6790.0], [2480.0, 6795.0], [2475.0, 6800.0], [2470.0, 6805.0], [2465.0, 6810.0], [2460.0, 6815.0], [2460.0, 6825.0], [2455.0, 6830.0], [2450.0, 6835.0], [2450.0, 6845.0], [2445.0, 6850.0], [2440.0, 6855.0], [2440.0, 6865.0], [2435.0, 6870.0], [2430.0, 6875.0], [2430.0, 6885.0], [2425.0, 6890.0], [2420.0, 6895.0], [2420.0, 6905.0], [2420.0, 6915.0], [2420.0, 6925.0], [2420.0, 6935.0], [2415.0, 6940.0], [2405.0, 6940.0], [2400.0, 6945.0], [2395.0, 6950.0], [2390.0, 6955.0], [2385.0, 6960.0], [2380.0, 6965.0], [2375.0, 6970.0], [2370.0, 6975.0], [2365.0, 6980.0], [2360.0, 6985.0], [2355.0, 6990.0], [2350.0, 6995.0], [2345.0, 7000.0], [2340.0, 7005.0], [2340.0, 7015.0], [2335.0, 7020.0], [2330.0, 7025.0], [2325.0, 7030.0], [2320.0, 7035.0], [2320.0, 7045.0], [2315.0, 7050.0], [2310.0, 7055.0], [2310.0, 7065.0], [2310.0, 7075.0], [2305.0, 7080.0], [2300.0, 7085.0], [2300.0, 7095.0], [2300.0, 7105.0], [2295.0, 7110.0], [2290.0, 7115.0], [2290.0, 7125.0], [2290.0, 7135.0], [2285.0, 7140.0], [2280.0, 7145.0], [2275.0, 7150.0], [2270.0, 7155.0], [2270.0, 7165.0], [2265.0, 7170.0]]]}, "properties": {"objectType": "annotation", "name": "R1_3_T|deep", "classification": {"name": "deep", "color": [144, 133, 233]}, "lesion_id": 0, "section": "R1_3_T", "area_um2": 102850.0, "lesion_ids": [22, 25, 27, 28]}}, {"type": "Feature", "geometry": {"type": "Polygon", "coordinates": [[[1905.0, 6670.0], [1895.0, 6670.0], [1885.0, 6670.0], [1875.0, 6670.0], [1865.0, 6670.0], [1855.0, 6670.0], [1845.0, 6670.0], [1835.0, 6670.0], [1825.0, 6670.0], [1815.0, 6670.0], [1805.0, 6670.0], [1795.0, 6670.0], [1785.0, 6670.0], [1775.0, 6670.0], [1770.0, 6665.0], [1765.0, 6660.0], [1755.0, 6660.0], [1745.0, 6660.0], [1740.0, 6655.0], [1735.0, 6650.0], [1725.0, 6650.0], [1720.0, 6645.0], [1715.0, 6640.0], [1705.0, 6640.0], [1700.0, 6635.0], [1695.0, 6630.0], [1690.0, 6625.0], [1685.0, 6620.0], [1675.0, 6620.0], [1670.0, 6615.0], [1665.0, 6610.0], [1660.0, 6605.0], [1655.0, 6600.0], [1650.0, 6595.0], [1645.0, 6590.0], [1640.0, 6585.0], [1635.0, 6580.0], [1630.0, 6575.0], [1625.0, 6570.0], [1620.0, 6565.0], [1615.0, 6560.0], [1610.0, 6555.0], [1605.0, 6550.0], [1600.0, 6545.0], [1595.0, 6540.0], [1590.0, 6535.0], [1590.0, 6525.0], [1585.0, 6520.0], [1580.0, 6515.0], [1575.0, 6510.0], [1570.0, 6505.0], [1570.0, 6495.0], [1565.0, 6490.0], [1560.0, 6485.0], [1560.0, 6475.0], [1555.0, 6470.0], [1550.0, 6465.0], [1550.0, 6455.0], [1550.0, 6445.0], [1545.0, 6440.0], [1540.0, 6435.0], [1540.0, 6425.0], [1540.0, 6415.0], [1540.0, 6405.0], [1540.0, 6395.0], [1540.0, 6385.0], [1540.0, 6375.0], [1540.0, 6365.0], [1540.0, 6355.0], [1545.0, 6350.0], [1555.0, 6350.0], [1560.0, 6345.0], [1565.0, 6340.0], [1570.0, 6335.0], [1575.0, 6330.0], [1585.0, 6330.0], [1595.0, 6330.0], [1600.0, 6325.0], [1605.0, 6320.0], [1615.0, 6320.0], [1625.0, 6320.0], [1635.0, 6320.0], [1645.0, 6320.0], [1650.0, 6315.0], [1655.0, 6310.0], [1665.0, 6310.0], [1675.0, 6310.0], [1680.0, 6315.0], [1675.0, 6320.0], [1670.0, 6325.0], [1670.0, 6335.0], [1665.0, 6340.0], [1660.0, 6345.0], [1660.0, 6355.0], [1660.0, 6365.0], [1660.0, 6375.0], [1660.0, 6385.0], [1660.0, 6395.0], [1660.0, 6405.0], [1665.0, 6410.0], [1670.0, 6415.0], [1670.0, 6425.0], [1675.0, 6430.0], [1680.0, 6435.0], [1680.0, 6445.0], [1685.0, 6450.0], [1690.0, 6455.0], [1695.0, 6460.0], [1700.0, 6465.0], [1705.0, 6470.0], [1710.0, 6475.0], [1715.0, 6480.0], [1720.0, 6485.0], [1725.0, 6490.0], [1730.0, 6495.0], [1735.0, 6500.0], [1740.0, 6505.0], [1745.0, 6510.0], [1750.0, 6515.0], [1755.0, 6520.0], [1760.0, 6525.0], [1765.0, 6530.0], [1775.0, 6530.0], [1780.0, 6535.0], [1785.0, 6540.0], [1795.0, 6540.0], [1800.0, 6545.0], [1805.0, 6550.0], [1815.0, 6550.0], [1825.0, 6550.0], [1835.0, 6550.0], [1845.0, 6550.0], [1855.0, 6550.0], [1865.0, 6550.0], [1875.0, 6550.0], [1880.0, 6545.0], [1885.0, 6540.0], [1895.0, 6540.0], [1905.0, 6540.0], [1915.0, 6540.0], [1920.0, 6535.0], [1925.0, 6530.0], [1935.0, 6530.0], [1940.0, 6525.0], [1945.0, 6520.0], [1955.0, 6520.0], [1960.0, 6515.0], [1965.0, 6510.0], [1975.0, 6510.0], [1980.0, 6505.0], [1985.0, 6500.0], [1990.0, 6495.0], [1995.0, 6490.0], [2000.0, 6485.0], [2005.0, 6480.0], [2010.0, 6475.0], [2015.0, 6470.0], [2020.0, 6465.0], [2025.0, 6460.0], [2030.0, 6455.0], [2035.0, 6450.0], [2040.0, 6445.0], [2045.0, 6440.0], [2050.0, 6435.0], [2050.0, 6425.0], [2055.0, 6420.0], [2060.0, 6415.0], [2060.0, 6405.0], [2065.0, 6400.0], [2070.0, 6395.0], [2070.0, 6385.0], [2075.0, 6380.0], [2080.0, 6375.0], [2080.0, 6365.0], [2085.0, 6360.0], [2090.0, 6355.0], [2090.0, 6345.0], [2095.0, 6340.0], [2100.0, 6335.0], [2100.0, 6325.0], [2100.0, 6315.0], [2100.0, 6305.0], [2100.0, 6295.0], [2100.0, 6285.0], [2100.0, 6275.0], [2105.0, 6270.0], [2115.0, 6270.0], [2125.0, 6270.0], [2130.0, 6265.0], [2135.0, 6260.0], [2145.0, 6260.0], [2155.0, 6260.0], [2160.0, 6255.0], [2165.0, 6250.0], [2175.0, 6250.0], [2185.0, 6250.0], [2195.0, 6250.0], [2205.0, 6250.0], [2210.0, 6245.0], [2215.0, 6240.0], [2220.0, 6245.0], [2220.0, 6255.0], [2220.0, 6265.0], [2220.0, 6275.0], [2220.0, 6285.0], [2220.0, 6295.0], [2220.0, 6305.0], [2220.0, 6315.0], [2220.0, 6325.0], [2220.0, 6335.0], [2220.0, 6345.0], [2220.0, 6355.0], [2220.0, 6365.0], [2215.0, 6370.0], [2210.0, 6375.0], [2210.0, 6385.0], [2210.0, 6395.0], [2205.0, 6400.0], [2200.0, 6405.0], [2200.0, 6415.0], [2195.0, 6420.0], [2190.0, 6425.0], [2190.0, 6435.0], [2185.0, 6440.0], [2180.0, 6445.0], [2180.0, 6455.0], [2175.0, 6460.0], [2170.0, 6465.0], [2170.0, 6475.0], [2165.0, 6480.0], [2160.0, 6485.0], [2160.0, 6495.0], [2155.0, 6500.0], [2150.0, 6505.0], [2145.0, 6510.0], [2140.0, 6515.0], [2140.0, 6525.0], [2135.0, 6530.0], [2130.0, 6535.0], [2125.0, 6540.0], [2120.0, 6545.0], [2115.0, 6550.0], [2110.0, 6555.0], [2105.0, 6560.0], [2100.0, 6565.0], [2095.0, 6570.0], [2090.0, 6575.0], [2085.0, 6580.0], [2080.0, 6585.0], [2075.0, 6590.0], [2070.0, 6595.0], [2065.0, 6600.0], [2055.0, 6600.0], [2050.0, 6605.0], [2045.0, 6610.0], [2040.0, 6615.0], [2035.0, 6620.0], [2025.0, 6620.0], [2020.0, 6625.0], [2015.0, 6630.0], [2005.0, 6630.0], [2000.0, 6635.0], [1995.0, 6640.0], [1985.0, 6640.0], [1980.0, 6645.0], [1975.0, 6650.0], [1965.0, 6650.0], [1955.0, 6650.0], [1950.0, 6655.0], [1945.0, 6660.0], [1935.0, 6660.0], [1925.0, 6660.0], [1915.0, 6660.0], [1910.0, 6665.0], [1905.0, 6670.0]]]}, "properties": {"objectType": "annotation", "name": "R1_3_T|deep_23", "classification": {"name": "deep", "color": [144, 133, 233]}, "lesion_id": 23, "section": "R1_3_T", "area_um2": 118050.0, "lesion_ids": [23]}}, {"type": "Feature", "geometry": {"type": "Polygon", "coordinates": [[[3965.0, 7500.0], [3955.0, 7500.0], [3945.0, 7500.0], [3935.0, 7500.0], [3930.0, 7495.0], [3925.0, 7490.0], [3915.0, 7490.0], [3905.0, 7490.0], [3900.0, 7485.0], [3895.0, 7480.0], [3885.0, 7480.0], [3880.0, 7475.0], [3875.0, 7470.0], [3865.0, 7470.0], [3860.0, 7465.0], [3855.0, 7460.0], [3850.0, 7455.0], [3845.0, 7450.0], [3835.0, 7450.0], [3830.0, 7445.0], [3825.0, 7440.0], [3820.0, 7435.0], [3815.0, 7430.0], [3805.0, 7430.0], [3800.0, 7425.0], [3795.0, 7420.0], [3790.0, 7415.0], [3785.0, 7410.0], [3780.0, 7405.0], [3775.0, 7400.0], [3770.0, 7395.0], [3765.0, 7390.0], [3760.0, 7385.0], [3755.0, 7380.0], [3750.0, 7375.0], [3745.0, 7370.0], [3740.0, 7365.0], [3735.0, 7360.0], [3730.0, 7355.0], [3725.0, 7350.0], [3720.0, 7345.0], [3720.0, 7335.0], [3715.0, 7330.0], [3710.0, 7325.0], [3705.0, 7320.0], [3700.0, 7315.0], [3700.0, 7305.0], [3695.0, 7300.0], [3690.0, 7295.0], [3685.0, 7290.0], [3680.0, 7285.0], [3680.0, 7275.0], [3675.0, 7270.0], [3670.0, 7265.0], [3670.0, 7255.0], [3665.0, 7250.0], [3660.0, 7245.0], [3660.0, 7235.0], [3655.0, 7230.0], [3650.0, 7225.0], [3650.0, 7215.0], [3645.0, 7210.0], [3640.0, 7205.0], [3640.0, 7195.0], [3635.0, 7190.0], [3630.0, 7185.0], [3630.0, 7175.0], [3630.0, 7165.0], [3625.0, 7160.0], [3620.0, 7155.0], [3620.0, 7145.0], [3620.0, 7135.0], [3620.0, 7125.0], [3620.0, 7115.0], [3620.0, 7105.0], [3620.0, 7095.0], [3620.0, 7085.0], [3620.0, 7075.0], [3620.0, 7065.0], [3620.0, 7055.0], [3620.0, 7045.0], [3620.0, 7035.0], [3620.0, 7025.0], [3620.0, 7015.0], [3625.0, 7010.0], [3630.0, 7005.0], [3630.0, 6995.0], [3630.0, 6985.0], [3635.0, 6980.0], [3640.0, 6975.0], [3640.0, 6965.0], [3645.0, 6960.0], [3650.0, 6955.0], [3650.0, 6945.0], [3655.0, 6940.0], [3660.0, 6935.0], [3660.0, 6925.0], [3660.0, 6915.0], [3660.0, 6905.0], [3660.0, 6895.0], [3665.0, 6890.0], [3670.0, 6885.0], [3670.0, 6875.0], [3670.0, 6865.0], [3670.0, 6855.0], [3670.0, 6845.0], [3670.0, 6835.0], [3670.0, 6825.0], [3675.0, 6820.0], [3680.0, 6815.0], [3680.0, 6805.0], [3680.0, 6795.0], [3680.0, 6785.0], [3680.0, 6775.0], [3680.0, 6765.0], [3680.0, 6755.0], [3680.0, 6745.0], [3675.0, 6740.0], [3670.0, 6735.0], [3670.0, 6725.0], [3670.0, 6715.0], [3665.0, 6710.0], [3660.0, 6705.0], [3660.0, 6695.0], [3660.0, 6685.0], [3655.0, 6680.0], [3650.0, 6675.0], [3650.0, 6665.0], [3650.0, 6655.0], [3650.0, 6645.0], [3650.0, 6635.0], [3650.0, 6625.0], [3650.0, 6615.0], [3650.0, 6605.0], [3650.0, 6595.0], [3650.0, 6585.0], [3650.0, 6575.0], [3645.0, 6570.0], [3640.0, 6565.0], [3640.0, 6555.0], [3635.0, 6550.0], [3630.0, 6545.0], [3625.0, 6540.0], [3620.0, 6535.0], [3620.0, 6525.0], [3615.0, 6520.0], [3610.0, 6515.0], [3605.0, 6510.0], [3600.0, 6505.0], [3600.0, 6495.0], [3595.0, 6490.0], [3590.0, 6485.0], [3590.0, 6475.0], [3585.0, 6470.0], [3580.0, 6465.0], [3580.0, 6455.0], [3580.0, 6445.0], [3575.0, 6440.0], [3570.0, 6435.0], [3570.0, 6425.0], [3570.0, 6415.0], [3570.0, 6405.0], [3570.0, 6395.0], [3570.0, 6385.0], [3570.0, 6375.0], [3570.0, 6365.0], [3570.0, 6355.0], [3570.0, 6345.0], [3570.0, 6335.0], [3570.0, 6325.0], [3570.0, 6315.0], [3570.0, 6305.0], [3570.0, 6295.0], [3575.0, 6290.0], [3580.0, 6285.0], [3585.0, 6280.0], [3590.0, 6275.0], [3595.0, 6270.0], [3605.0, 6270.0], [3610.0, 6275.0], [3615.0, 6280.0], [3625.0, 6280.0], [3635.0, 6280.0], [3640.0, 6285.0], [3645.0, 6290.0], [3655.0, 6290.0], [3665.0, 6290.0], [3675.0, 6290.0], [3680.0, 6295.0], [3685.0, 6300.0], [3695.0, 6300.0], [3705.0, 6300.0], [3710.0, 6305.0], [3710.0, 6315.0], [3710.0, 6325.0], [3710.0, 6335.0], [3710.0, 6345.0], [3710.0, 6355.0], [3710.0, 6365.0], [3710.0, 6375.0], [3710.0, 6385.0], [3710.0, 6395.0], [3710.0, 6405.0], [3710.0, 6415.0], [3715.0, 6420.0], [3720.0, 6425.0], [3720.0, 6435.0], [3725.0, 6440.0], [3730.0, 6445.0], [3735.0, 6450.0], [3740.0, 6455.0], [3745.0, 6460.0], [3750.0, 6465.0], [3750.0, 6475.0], [3755.0, 6480.0], [3760.0, 6485.0], [3760.0, 6495.0], [3765.0, 6500.0], [3770.0, 6505.0], [3775.0, 6510.0], [3780.0, 6515.0], [3785.0, 6520.0], [3790.0, 6525.0], [3790.0, 6535.0], [3790.0, 6545.0], [3790.0, 6555.0], [3790.0, 6565.0], [3790.0, 6575.0], [3790.0, 6585.0], [3790.0, 6595.0], [3790.0, 6605.0], [3790.0, 6615.0], [3790.0, 6625.0], [3790.0, 6635.0], [3790.0, 6645.0], [3790.0, 6655.0], [3795.0, 6660.0], [3800.0, 6665.0], [3800.0, 6675.0], [3800.0, 6685.0], [3805.0, 6690.0], [3810.0, 6695.0], [3810.0, 6705.0], [3815.0, 6710.0], [3820.0, 6715.0], [3825.0, 6720.0], [3830.0, 6725.0], [3830.0, 6735.0], [3830.0, 6745.0], [3830.0, 6755.0], [3825.0, 6760.0], [3820.0, 6765.0], [3820.0, 6775.0], [3820.0, 6785.0], [3820.0, 6795.0], [3820.0, 6805.0], [3820.0, 6815.0], [3820.0, 6825.0], [3820.0, 6835.0], [3815.0, 6840.0], [3810.0, 6845.0], [3810.0, 6855.0], [3810.0, 6865.0], [3810.0, 6875.0], [3810.0, 6885.0], [3810.0, 6895.0], [3810.0, 6905.0], [3805.0, 6910.0], [3800.0, 6915.0], [3800.0, 6925.0], [3800.0, 6935.0], [3800.0, 6945.0], [3800.0, 6955.0], [3800.0, 6965.0], [3795.0, 6970.0], [3790.0, 6975.0], [3790.0, 6985.0], [3785.0, 6990.0], [3780.0, 6995.0], [3780.0, 7005.0], [3775.0, 7010.0], [3770.0, 7015.0], [3770.0, 7025.0], [3765.0, 7030.0], [3760.0, 7035.0], [3760.0, 7045.0], [3760.0, 7055.0], [3760.0, 7065.0], [3760.0, 7075.0], [3760.0, 7085.0], [3760.0, 7095.0], [3760.0, 7105.0], [3760.0, 7115.0], [3760.0, 7125.0], [3760.0, 7135.0], [3765.0, 7140.0], [3770.0, 7145.0], [3770.0, 7155.0], [3775.0, 7160.0], [3780.0, 7165.0], [3780.0, 7175.0], [3785.0, 7180.0], [3790.0, 7185.0], [3790.0, 7195.0], [3795.0, 7200.0], [3800.0, 7205.0], [3800.0, 7215.0], [3805.0, 7220.0], [3810.0, 7225.0], [3815.0, 7230.0], [3820.0, 7235.0], [3820.0, 7245.0], [3825.0, 7250.0], [3830.0, 7255.0], [3835.0, 7260.0], [3840.0, 7265.0], [3845.0, 7270.0], [3850.0, 7275.0], [3855.0, 7280.0], [3860.0, 7285.0], [3865.0, 7290.0], [3870.0, 7295.0], [3875.0, 7300.0], [3880.0, 7305.0], [3885.0, 7310.0], [3890.0, 7315.0], [3895.0, 7320.0], [3900.0, 7325.0], [3905.0, 7330.0], [3915.0, 7330.0], [3920.0, 7335.0], [3925.0, 7340.0], [3930.0, 7345.0], [3935.0, 7350.0], [3945.0, 7350.0], [3950.0, 7355.0], [3955.0, 7360.0], [3965.0, 7360.0], [3975.0, 7360.0], [3985.0, 7360.0], [3995.0, 7360.0], [4005.0, 7360.0], [4015.0, 7360.0], [4020.0, 7365.0], [4020.0, 7375.0], [4020.0, 7385.0], [4020.0, 7395.0], [4020.0, 7405.0], [4020.0, 7415.0], [4020.0, 7425.0], [4020.0, 7435.0], [4020.0, 7445.0], [4015.0, 7450.0], [4010.0, 7455.0], [4010.0, 7465.0], [4005.0, 7470.0], [4000.0, 7475.0], [3995.0, 7480.0], [3985.0, 7480.0], [3980.0, 7485.0], [3975.0, 7490.0], [3970.0, 7495.0], [3965.0, 7500.0]]]}, "properties": {"objectType": "annotation", "name": "P2_3_L|deep_24", "classification": {"name": "deep", "color": [144, 133, 233]}, "lesion_id": 24, "section": "P2_3_L", "area_um2": 189550.0, "lesion_ids": [24]}}, {"type": "Feature", "geometry": {"type": "Polygon", "coordinates": [[[4125.0, 6350.0], [4120.0, 6345.0], [4120.0, 6335.0], [4115.0, 6330.0], [4110.0, 6325.0], [4110.0, 6315.0], [4105.0, 6310.0], [4100.0, 6305.0], [4100.0, 6295.0], [4105.0, 6290.0], [4110.0, 6295.0], [4115.0, 6300.0], [4120.0, 6305.0], [4125.0, 6310.0], [4130.0, 6315.0], [4130.0, 6325.0], [4130.0, 6335.0], [4130.0, 6345.0], [4125.0, 6350.0]]]}, "properties": {"objectType": "annotation", "name": "deep_24", "classification": {"name": "deep", "color": [144, 133, 233]}, "lesion_id": 24, "section": null, "area_um2": 850.0, "lesion_ids": [24]}}, {"type": "Feature", "geometry": {"type": "Polygon", "coordinates": [[[795.0, 6770.0], [790.0, 6765.0], [790.0, 6755.0], [785.0, 6750.0], [780.0, 6745.0], [775.0, 6740.0], [770.0, 6735.0], [770.0, 6725.0], [770.0, 6715.0], [765.0, 6710.0], [760.0, 6705.0], [760.0, 6695.0], [760.0, 6685.0], [755.0, 6680.0], [750.0, 6675.0], [750.0, 6665.0], [750.0, 6655.0], [750.0, 6645.0], [750.0, 6635.0], [750.0, 6625.0], [750.0, 6615.0], [745.0, 6610.0], [740.0, 6605.0], [740.0, 6595.0], [740.0, 6585.0], [745.0, 6580.0], [750.0, 6575.0], [750.0, 6565.0], [750.0, 6555.0], [750.0, 6545.0], [750.0, 6535.0], [755.0, 6530.0], [760.0, 6525.0], [760.0, 6515.0], [760.0, 6505.0], [765.0, 6500.0], [770.0, 6495.0], [770.0, 6485.0], [775.0, 6480.0], [780.0, 6475.0], [785.0, 6470.0], [790.0, 6465.0], [795.0, 6460.0], [800.0, 6455.0], [805.0, 6450.0], [815.0, 6450.0], [820.0, 6445.0], [825.0, 6440.0], [835.0, 6440.0], [840.0, 6435.0], [845.0, 6430.0], [855.0, 6430.0], [865.0, 6430.0], [875.0, 6430.0], [885.0, 6430.0], [890.0, 6425.0], [895.0, 6420.0], [905.0, 6420.0], [910.0, 6415.0], [915.0, 6410.0], [925.0, 6410.0], [930.0, 6405.0], [935.0, 6400.0], [945.0, 6400.0], [955.0, 6400.0], [965.0, 6400.0], [975.0, 6400.0], [985.0, 6400.0], [990.0, 6395.0], [995.0, 6390.0], [1005.0, 6390.0], [1015.0, 6390.0], [1025.0, 6390.0], [1035.0, 6390.0], [1045.0, 6390.0], [1055.0, 6390.0], [1065.0, 6390.0], [1075.0, 6390.0], [1080.0, 6395.0], [1075.0, 6400.0], [1065.0, 6400.0], [1055.0, 6400.0], [1045.0, 6400.0], [1035.0, 6400.0], [1030.0, 6405.0], [1025.0, 6410.0], [1015.0, 6410.0], [1010.0, 6415.0], [1005.0, 6420.0], [995.0, 6420.0], [990.0, 6425.0], [985.0, 6430.0], [980.0, 6435.0], [975.0, 6440.0], [970.0, 6445.0], [965.0, 6450.0], [960.0, 6455.0], [955.0, 6460.0], [950.0, 6465.0], [945.0, 6470.0], [940.0, 6475.0], [935.0, 6480.0], [930.0, 6485.0], [925.0, 6490.0], [920.0, 6495.0], [920.0, 6505.0], [915.0, 6510.0], [905.0, 6510.0], [895.0, 6510.0], [890.0, 6515.0], [885.0, 6520.0], [875.0, 6520.0], [870.0, 6515.0], [865.0, 6510.0], [855.0, 6510.0], [850.0, 6505.0], [845.0, 6500.0], [840.0, 6505.0], [845.0, 6510.0], [850.0, 6515.0], [845.0, 6520.0], [840.0, 6525.0], [840.0, 6535.0], [840.0, 6545.0], [835.0, 6550.0], [830.0, 6555.0], [830.0, 6565.0], [825.0, 6570.0], [820.0, 6575.0], [825.0, 6580.0], [830.0, 6585.0], [830.0, 6595.0], [830.0, 6605.0], [825.0, 6610.0], [820.0, 6615.0], [820.0, 6625.0], [820.0, 6635.0], [820.0, 6645.0], [815.0, 6650.0], [810.0, 6655.0], [810.0, 6665.0], [810.0, 6675.0], [805.0, 6680.0], [800.0, 6685.0], [800.0, 6695.0], [800.0, 6705.0], [795.0, 6710.0], [790.0, 6715.0], [790.0, 6725.0], [795.0, 6730.0], [800.0, 6735.0], [800.0, 6745.0], [800.0, 6755.0], [800.0, 6765.0], [795.0, 6770.0]]]}, "properties": {"objectType": "annotation", "name": "R1_3_T|deep", "classification": {"name": "deep", "color": [144, 133, 233]}, "lesion_id": 0, "section": "R1_3_T", "area_um2": 31750.0, "lesion_ids": [21, 26]}}, {"type": "Feature", "geometry": {"type": "Polygon", "coordinates": [[[1155.0, 6880.0], [1145.0, 6880.0], [1135.0, 6880.0], [1125.0, 6880.0], [1115.0, 6880.0], [1105.0, 6880.0], [1095.0, 6880.0], [1085.0, 6880.0], [1075.0, 6880.0], [1065.0, 6880.0], [1055.0, 6880.0], [1045.0, 6880.0], [1035.0, 6880.0], [1025.0, 6880.0], [1015.0, 6880.0], [1010.0, 6875.0], [1005.0, 6870.0], [995.0, 6870.0], [985.0, 6870.0], [980.0, 6865.0], [975.0, 6860.0], [965.0, 6860.0], [960.0, 6855.0], [955.0, 6850.0], [945.0, 6850.0], [940.0, 6845.0], [935.0, 6840.0], [930.0, 6835.0], [925.0, 6830.0], [915.0, 6830.0], [910.0, 6825.0], [905.0, 6820.0], [900.0, 6815.0], [895.0, 6810.0], [890.0, 6805.0], [885.0, 6800.0], [880.0, 6795.0], [875.0, 6790.0], [870.0, 6785.0], [865.0, 6780.0], [860.0, 6775.0], [855.0, 6770.0], [850.0, 6765.0], [850.0, 6755.0], [850.0, 6745.0], [850.0, 6735.0], [850.0, 6725.0], [845.0, 6720.0], [835.0, 6720.0], [825.0, 6720.0], [820.0, 6715.0], [820.0, 6705.0], [820.0, 6695.0], [825.0, 6690.0], [830.0, 6685.0], [830.0, 6675.0], [830.0, 6665.0], [835.0, 6660.0], [840.0, 6655.0], [840.0, 6645.0], [840.0, 6635.0], [840.0, 6625.0], [845.0, 6620.0], [850.0, 6615.0], [850.0, 6605.0], [850.0, 6595.0], [850.0, 6585.0], [855.0, 6580.0], [860.0, 6575.0], [860.0, 6565.0], [865.0, 6560.0], [870.0, 6555.0], [875.0, 6550.0], [880.0, 6545.0], [885.0, 6540.0], [895.0, 6540.0], [905.0, 6540.0], [910.0, 6535.0], [915.0, 6530.0], [925.0, 6530.0], [930.0, 6535.0], [930.0, 6545.0], [925.0, 6550.0], [920.0, 6555.0], [920.0, 6565.0], [920.0, 6575.0], [920.0, 6585.0], [920.0, 6595.0], [920.0, 6605.0], [920.0, 6615.0], [920.0, 6625.0], [920.0, 6635.0], [925.0, 6640.0], [930.0, 6645.0], [930.0, 6655.0], [935.0, 6660.0], [940.0, 6665.0], [940.0, 6675.0], [945.0, 6680.0], [950.0, 6685.0], [955.0, 6690.0], [960.0, 6695.0], [965.0, 6700.0], [970.0, 6705.0], [975.0, 6710.0], [980.0, 6715.0], [985.0, 6720.0], [990.0, 6725.0], [995.0, 6730.0], [1000.0, 6735.0], [1005.0, 6740.0], [1015.0, 6740.0], [1020.0, 6745.0], [1025.0, 6750.0], [1035.0, 6750.0], [1040.0, 6755.0], [1045.0, 6760.0], [1055.0, 6760.0], [1065.0, 6760.0], [1075.0, 6760.0], [1085.0, 6760.0], [1095.0, 6760.0], [1105.0, 6760.0], [1115.0, 6760.0], [1125.0, 6760.0], [1130.0, 6755.0], [1135.0, 6750.0], [1145.0, 6750.0], [1155.0, 6750.0], [1160.0, 6745.0], [1165.0, 6740.0], [1175.0, 6740.0], [1180.0, 6735.0], [1185.0, 6730.0], [1195.0, 6730.0], [1200.0, 6725.0], [1205.0, 6720.0], [1210.0, 6715.0], [1215.0, 6710.0], [1220.0, 6705.0], [1225.0, 6700.0], [1230.0, 6695.0], [1235.0, 6690.0], [1240.0, 6685.0], [1245.0, 6680.0], [1250.0, 6675.0], [1250.0, 6665.0], [1255.0, 6660.0], [1260.0, 6655.0], [1260.0, 6645.0], [1265.0, 6640.0], [1270.0, 6635.0], [1270.0, 6625.0], [1270.0, 6615.0], [1270.0, 6605.0], [1270.0, 6595.0], [1270.0, 6585.0], [1270.0, 6575.0], [1270.0, 6565.0], [1265.0, 6560.0], [1260.0, 6555.0], [1260.0, 6545.0], [1255.0, 6540.0], [1250.0, 6535.0], [1250.0, 6525.0], [1245.0, 6520.0], [1240.0, 6515.0], [1240.0, 6505.0], [1235.0, 6500.0], [1230.0, 6495.0], [1225.0, 6490.0], [1220.0, 6485.0], [1225.0, 6480.0], [1235.0, 6480.0], [1245.0, 6480.0], [1250.0, 6475.0], [1255.0, 6470.0], [1265.0, 6470.0], [1275.0, 6470.0], [1280.0, 6465.0], [1285.0, 6460.0], [1295.0, 6460.0], [1300.0, 6455.0], [1305.0, 6450.0], [1315.0, 6450.0], [1325.0, 6450.0], [1330.0, 6445.0], [1335.0, 6440.0], [1345.0, 6440.0], [1350.0, 6445.0], [1350.0, 6455.0], [1355.0, 6460.0], [1360.0, 6465.0], [1360.0, 6475.0], [1365.0, 6480.0], [1370.0, 6485.0], [1370.0, 6495.0], [1375.0, 6500.0], [1380.0, 6505.0], [1380.0, 6515.0], [1380.0, 6525.0], [1385.0, 6530.0], [1390.0, 6535.0], [1390.0, 6545.0], [1390.0, 6555.0], [1390.0, 6565.0], [1390.0, 6575.0], [1390.0, 6585.0], [1390.0, 6595.0], [1390.0, 6605.0], [1390.0, 6615.0], [1390.0, 6625.0], [1390.0, 6635.0], [1390.0, 6645.0], [1390.0, 6655.0], [1390.0, 6665.0], [1385.0, 6670.0], [1380.0, 6675.0], [1380.0, 6685.0], [1380.0, 6695.0], [1375.0, 6700.0], [1370.0, 6705.0], [1370.0, 6715.0], [1365.0, 6720.0], [1360.0, 6725.0], [1360.0, 6735.0], [1355.0, 6740.0], [1350.0, 6745.0], [1345.0, 6750.0], [1340.0, 6755.0], [1340.0, 6765.0], [1335.0, 6770.0], [1330.0, 6775.0], [1325.0, 6780.0], [1320.0, 6785.0], [1315.0, 6790.0], [1310.0, 6795.0], [1305.0, 6800.0], [1300.0, 6805.0], [1295.0, 6810.0], [1290.0, 6815.0], [1285.0, 6820.0], [1275.0, 6820.0], [1270.0, 6825.0], [1265.0, 6830.0], [1260.0, 6835.0], [1255.0, 6840.0], [1245.0, 6840.0], [1240.0, 6845.0], [1235.0, 6850.0], [1225.0, 6850.0], [1220.0, 6855.0], [1215.0, 6860.0], [1205.0, 6860.0], [1195.0, 6860.0], [1190.0, 6865.0], [1185.0, 6870.0], [1175.0, 6870.0], [1165.0, 6870.0], [1160.0, 6875.0], [1155.0, 6880.0]]]}, "properties": {"objectType": "annotation", "name": "R1_3_T|deep_26", "classification": {"name": "deep", "color": [144, 133, 233]}, "lesion_id": 26, "section": "R1_3_T", "area_um2": 107350.0, "lesion_ids": [26]}}, {"type": "Feature", "geometry": {"type": "Polygon", "coordinates": [[[2195.0, 7760.0], [2190.0, 7755.0], [2190.0, 7745.0], [2190.0, 7735.0], [2190.0, 7725.0], [2190.0, 7715.0], [2190.0, 7705.0], [2185.0, 7700.0], [2180.0, 7695.0], [2185.0, 7690.0], [2190.0, 7685.0], [2190.0, 7675.0], [2190.0, 7665.0], [2190.0, 7655.0], [2190.0, 7645.0], [2190.0, 7635.0], [2190.0, 7625.0], [2195.0, 7620.0], [2200.0, 7615.0], [2200.0, 7605.0], [2200.0, 7595.0], [2200.0, 7585.0], [2200.0, 7575.0], [2205.0, 7570.0], [2210.0, 7565.0], [2210.0, 7555.0], [2210.0, 7545.0], [2205.0, 7540.0], [2200.0, 7535.0], [2200.0, 7525.0], [2200.0, 7515.0], [2195.0, 7510.0], [2190.0, 7505.0], [2190.0, 7495.0], [2190.0, 7485.0], [2185.0, 7480.0], [2180.0, 7475.0], [2180.0, 7465.0], [2180.0, 7455.0], [2185.0, 7450.0], [2190.0, 7445.0], [2195.0, 7440.0], [2200.0, 7435.0], [2200.0, 7425.0], [2195.0, 7420.0], [2190.0, 7415.0], [2190.0, 7405.0], [2190.0, 7395.0], [2190.0, 7385.0], [2190.0, 7375.0], [2195.0, 7370.0], [2200.0, 7365.0], [2200.0, 7355.0], [2200.0, 7345.0], [2205.0, 7340.0], [2210.0, 7335.0], [2210.0, 7325.0], [2215.0, 7320.0], [2220.0, 7315.0], [2220.0, 7305.0], [2225.0, 7300.0], [2230.0, 7295.0], [2235.0, 7290.0], [2240.0, 7285.0], [2240.0, 7275.0], [2235.0, 7270.0], [2230.0, 7265.0], [2230.0, 7255.0], [2235.0, 7250.0], [2240.0, 7245.0], [2240.0, 7235.0], [2240.0, 7225.0], [2245.0, 7220.0], [2250.0, 7215.0], [2250.0, 7205.0], [2255.0, 7200.0], [2260.0, 7195.0], [2265.0, 7190.0], [2275.0, 7190.0], [2280.0, 7185.0], [2285.0, 7180.0], [2290.0, 7175.0], [2290.0, 7165.0], [2295.0, 7160.0], [2300.0, 7155.0], [2305.0, 7150.0], [2310.0, 7145.0], [2310.0, 7135.0], [2310.0, 7125.0], [2315.0, 7120.0], [2320.0, 7115.0], [2320.0, 7105.0], [2320.0, 7095.0], [2325.0, 7090.0], [2330.0, 7085.0], [2330.0, 7075.0], [2330.0, 7065.0], [2335.0, 7060.0], [2340.0, 7055.0], [2340.0, 7045.0], [2345.0, 7040.0], [2350.0, 7035.0], [2355.0, 7030.0], [2360.0, 7025.0], [2360.0, 7015.0], [2365.0, 7010.0], [2370.0, 7005.0], [2375.0, 7000.0], [2380.0, 6995.0], [2385.0, 6990.0], [2390.0, 6985.0], [2395.0, 6980.0], [2400.0, 6985.0], [2400.0, 6995.0], [2400.0, 7005.0], [2395.0, 7010.0], [2390.0, 7015.0], [2395.0, 7020.0], [2400.0, 7025.0], [2400.0, 7035.0], [2400.0, 7045.0], [2400.0, 7055.0], [2400.0, 7065.0], [2395.0, 7070.0], [2390.0, 7075.0], [2390.0, 7085.0], [2385.0, 7090.0], [2380.0, 7095.0], [2380.0, 7105.0], [2375.0, 7110.0], [2370.0, 7115.0], [2370.0, 7125.0], [2365.0, 7130.0], [2360.0, 7135.0], [2360.0, 7145.0], [2360.0, 7155.0], [2360.0, 7165.0], [2355.0, 7170.0], [2350.0, 7175.0], [2350.0, 7185.0], [2350.0, 7195.0], [2350.0, 7205.0], [2350.0, 7215.0], [2345.0, 7220.0], [2340.0, 7225.0], [2340.0, 7235.0], [2335.0, 7240.0], [2330.0, 7245.0], [2330.0, 7255.0], [2325.0, 7260.0], [2320.0, 7265.0], [2320.0, 7275.0], [2320.0, 7285.0], [2320.0, 7295.0], [2320.0, 7305.0], [2315.0, 7310.0], [2310.0, 7315.0], [2310.0, 7325.0], [2305.0, 7330.0], [2300.0, 7335.0], [2300.0, 7345.0], [2295.0, 7350.0], [2290.0, 7355.0], [2290.0, 7365.0], [2285.0, 7370.0], [2280.0, 7375.0], [2280.0, 7385.0], [2280.0, 7395.0], [2280.0, 7405.0], [2280.0, 7415.0], [2280.0, 7425.0], [2275.0, 7430.0], [2270.0, 7435.0], [2270.0, 7445.0], [2270.0, 7455.0], [2270.0, 7465.0], [2265.0, 7470.0], [2260.0, 7475.0], [2260.0, 7485.0], [2255.0, 7490.0], [2250.0, 7495.0], [2250.0, 7505.0], [2250.0, 7515.0], [2245.0, 7520.0], [2240.0, 7525.0], [2240.0, 7535.0], [2235.0, 7540.0], [2230.0, 7545.0], [2230.0, 7555.0], [2230.0, 7565.0], [2230.0, 7575.0], [2230.0, 7585.0], [2230.0, 7595.0], [2225.0, 7600.0], [2220.0, 7605.0], [2220.0, 7615.0], [2220.0, 7625.0], [2220.0, 7635.0], [2220.0, 7645.0], [2220.0, 7655.0], [2220.0, 7665.0], [2220.0, 7675.0], [2220.0, 7685.0], [2220.0, 7695.0], [2220.0, 7705.0], [2220.0, 7715.0], [2220.0, 7725.0], [2215.0, 7730.0], [2210.0, 7735.0], [2210.0, 7745.0], [2205.0, 7750.0], [2200.0, 7755.0], [2195.0, 7760.0]]]}, "properties": {"objectType": "annotation", "name": "R1_3_T|deep_28", "classification": {"name": "deep", "color": [144, 133, 233]}, "lesion_id": 28, "section": "R1_3_T", "area_um2": 45950.0, "lesion_ids": [28]}}, {"type": "Feature", "geometry": {"type": "Polygon", "coordinates": [[[4075.0, 7520.0], [4065.0, 7520.0], [4055.0, 7520.0], [4045.0, 7520.0], [4035.0, 7520.0], [4025.0, 7520.0], [4015.0, 7520.0], [4010.0, 7515.0], [4015.0, 7510.0], [4025.0, 7510.0], [4035.0, 7510.0], [4040.0, 7505.0], [4035.0, 7500.0], [4030.0, 7495.0], [4030.0, 7485.0], [4035.0, 7480.0], [4040.0, 7475.0], [4040.0, 7465.0], [4040.0, 7455.0], [4045.0, 7450.0], [4050.0, 7445.0], [4050.0, 7435.0], [4055.0, 7430.0], [4060.0, 7425.0], [4055.0, 7420.0], [4050.0, 7415.0], [4050.0, 7405.0], [4045.0, 7400.0], [4040.0, 7395.0], [4040.0, 7385.0], [4040.0, 7375.0], [4045.0, 7370.0], [4055.0, 7370.0], [4060.0, 7365.0], [4065.0, 7360.0], [4075.0, 7360.0], [4080.0, 7355.0], [4085.0, 7350.0], [4095.0, 7350.0], [4100.0, 7345.0], [4105.0, 7340.0], [4115.0, 7340.0], [4120.0, 7335.0], [4125.0, 7330.0], [4135.0, 7330.0], [4140.0, 7335.0], [4140.0, 7345.0], [4135.0, 7350.0], [4130.0, 7355.0], [4130.0, 7365.0], [4130.0, 7375.0], [4130.0, 7385.0], [4130.0, 7395.0], [4130.0, 7405.0], [4130.0, 7415.0], [4130.0, 7425.0], [4130.0, 7435.0], [4130.0, 7445.0], [4130.0, 7455.0], [4130.0, 7465.0], [4125.0, 7470.0], [4120.0, 7475.0], [4120.0, 7485.0], [4115.0, 7490.0], [4110.0, 7495.0], [4110.0, 7505.0], [4105.0, 7510.0], [4095.0, 7510.0], [4085.0, 7510.0], [4080.0, 7515.0], [4075.0, 7520.0]]]}, "properties": {"objectType": "annotation", "name": "P2_3_L|deep_24", "classification": {"name": "deep", "color": [144, 133, 233]}, "lesion_id": 24, "section": "P2_3_L", "area_um2": 14050.0, "lesion_ids": [24]}}, {"type": "Feature", "geometry": {"type": "Polygon", "coordinates": [[[1465.0, 7780.0], [1455.0, 7780.0], [1445.0, 7780.0], [1435.0, 7780.0], [1430.0, 7775.0], [1430.0, 7765.0], [1430.0, 7755.0], [1430.0, 7745.0], [1430.0, 7735.0], [1425.0, 7730.0], [1420.0, 7725.0], [1420.0, 7715.0], [1415.0, 7710.0], [1410.0, 7705.0], [1410.0, 7695.0], [1405.0, 7690.0], [1400.0, 7685.0], [1395.0, 7680.0], [1390.0, 7675.0], [1385.0, 7670.0], [1380.0, 7665.0], [1375.0, 7660.0], [1370.0, 7655.0], [1365.0, 7650.0], [1360.0, 7645.0], [1355.0, 7640.0], [1350.0, 7635.0], [1345.0, 7630.0], [1335.0, 7630.0], [1330.0, 7625.0], [1325.0, 7620.0], [1315.0, 7620.0], [1310.0, 7615.0], [1305.0, 7610.0], [1295.0, 7610.0], [1285.0, 7610.0], [1280.0, 7605.0], [1275.0, 7600.0], [1265.0, 7600.0], [1260.0, 7595.0], [1255.0, 7590.0], [1245.0, 7590.0], [1240.0, 7585.0], [1235.0, 7580.0], [1225.0, 7580.0], [1215.0, 7580.0], [1205.0, 7580.0], [1195.0, 7580.0], [1185.0, 7580.0], [1175.0, 7580.0], [1165.0, 7580.0], [1160.0, 7585.0], [1155.0, 7590.0], [1145.0, 7590.0], [1140.0, 7595.0], [1135.0, 7600.0], [1125.0, 7600.0], [1120.0, 7605.0], [1115.0, 7610.0], [1110.0, 7615.0], [1105.0, 7620.0], [1100.0, 7625.0], [1095.0, 7630.0], [1090.0, 7635.0], [1085.0, 7640.0], [1080.0, 7645.0], [1075.0, 7650.0], [1070.0, 7655.0], [1065.0, 7660.0], [1060.0, 7655.0], [1060.0, 7645.0], [1055.0, 7640.0], [1050.0, 7635.0], [1045.0, 7630.0], [1040.0, 7625.0], [1035.0, 7620.0], [1030.0, 7615.0], [1030.0, 7605.0], [1030.0, 7595.0], [1025.0, 7590.0], [1020.0, 7585.0], [1020.0, 7575.0], [1020.0, 7565.0], [1020.0, 7555.0], [1015.0, 7550.0], [1010.0, 7545.0], [1010.0, 7535.0], [1015.0, 7530.0], [1020.0, 7525.0], [1025.0, 7520.0], [1030.0, 7515.0], [1035.0, 7510.0], [1045.0, 7510.0], [1050.0, 7505.0], [1055.0, 7500.0], [1060.0, 7495.0], [1065.0, 7490.0], [1075.0, 7490.0], [1080.0, 7485.0], [1085.0, 7480.0], [1095.0, 7480.0], [1100.0, 7475.0], [1105.0, 7470.0], [1115.0, 7470.0], [1125.0, 7470.0], [1130.0, 7465.0], [1135.0, 7460.0], [1145.0, 7460.0], [1155.0, 7460.0], [1165.0, 7460.0], [1175.0, 7460.0], [1185.0, 7460.0], [1195.0, 7460.0], [1205.0, 7460.0], [1215.0, 7460.0], [1225.0, 7460.0], [1235.0, 7460.0], [1245.0, 7460.0], [1255.0, 7460.0], [1265.0, 7460.0], [1270.0, 7465.0], [1275.0, 7470.0], [1285.0, 7470.0], [1295.0, 7470.0], [1300.0, 7475.0], [1305.0, 7480.0], [1315.0, 7480.0], [1320.0, 7485.0], [1325.0, 7490.0], [1335.0, 7490.0], [1340.0, 7495.0], [1345.0, 7500.0], [1355.0, 7500.0], [1365.0, 7500.0], [1370.0, 7505.0], [1375.0, 7510.0], [1385.0, 7510.0], [1390.0, 7515.0], [1395.0, 7520.0], [1405.0, 7520.0], [1410.0, 7525.0], [1415.0, 7530.0], [1420.0, 7535.0], [1425.0, 7540.0], [1435.0, 7540.0], [1440.0, 7545.0], [1445.0, 7550.0], [1450.0, 7555.0], [1455.0, 7560.0], [1460.0, 7565.0], [1465.0, 7570.0], [1470.0, 7575.0], [1475.0, 7580.0], [1480.0, 7585.0], [1485.0, 7590.0], [1490.0, 7595.0], [1495.0, 7600.0], [1500.0, 7605.0], [1500.0, 7615.0], [1505.0, 7620.0], [1510.0, 7625.0], [1515.0, 7630.0], [1520.0, 7635.0], [1520.0, 7645.0], [1525.0, 7650.0], [1530.0, 7655.0], [1530.0, 7665.0], [1535.0, 7670.0], [1540.0, 7675.0], [1540.0, 7685.0], [1540.0, 7695.0], [1545.0, 7700.0], [1550.0, 7705.0], [1550.0, 7715.0], [1550.0, 7725.0], [1550.0, 7735.0], [1550.0, 7745.0], [1550.0, 7755.0], [1545.0, 7760.0], [1535.0, 7760.0], [1525.0, 7760.0], [1515.0, 7760.0], [1505.0, 7760.0], [1495.0, 7760.0], [1485.0, 7760.0], [1480.0, 7765.0], [1475.0, 7770.0], [1470.0, 7775.0], [1465.0, 7780.0]]]}, "properties": {"objectType": "annotation", "name": "R1_3_T|deep_30", "classification": {"name": "deep", "color": [144, 133, 233]}, "lesion_id": 30, "section": "R1_3_T", "area_um2": 76050.0, "lesion_ids": [30]}}, {"type": "Feature", "geometry": {"type": "Polygon", "coordinates": [[[1015.0, 7780.0], [1010.0, 7775.0], [1005.0, 7770.0], [1000.0, 7765.0], [995.0, 7760.0], [990.0, 7755.0], [990.0, 7745.0], [985.0, 7740.0], [980.0, 7735.0], [980.0, 7725.0], [975.0, 7720.0], [970.0, 7715.0], [965.0, 7710.0], [960.0, 7705.0], [960.0, 7695.0], [955.0, 7690.0], [950.0, 7685.0], [950.0, 7675.0], [945.0, 7670.0], [940.0, 7665.0], [940.0, 7655.0], [940.0, 7645.0], [935.0, 7640.0], [930.0, 7635.0], [930.0, 7625.0], [930.0, 7615.0], [925.0, 7610.0], [920.0, 7605.0], [920.0, 7595.0], [920.0, 7585.0], [920.0, 7575.0], [920.0, 7565.0], [920.0, 7555.0], [925.0, 7550.0], [930.0, 7545.0], [935.0, 7540.0], [940.0, 7535.0], [945.0, 7530.0], [950.0, 7525.0], [955.0, 7520.0], [960.0, 7515.0], [965.0, 7510.0], [970.0, 7515.0], [975.0, 7520.0], [980.0, 7525.0], [985.0, 7530.0], [990.0, 7535.0], [990.0, 7545.0], [990.0, 7555.0], [995.0, 7560.0], [1000.0, 7565.0], [1000.0, 7575.0], [995.0, 7580.0], [990.0, 7585.0], [995.0, 7590.0], [1000.0, 7595.0], [1005.0, 7600.0], [1010.0, 7605.0], [1010.0, 7615.0], [1010.0, 7625.0], [1015.0, 7630.0], [1020.0, 7635.0], [1025.0, 7640.0], [1030.0, 7645.0], [1035.0, 7650.0], [1040.0, 7655.0], [1035.0, 7660.0], [1030.0, 7665.0], [1030.0, 7675.0], [1025.0, 7680.0], [1020.0, 7685.0], [1020.0, 7695.0], [1020.0, 7705.0], [1020.0, 7715.0], [1020.0, 7725.0], [1015.0, 7730.0], [1010.0, 7735.0], [1015.0, 7740.0], [1020.0, 7745.0], [1020.0, 7755.0], [1020.0, 7765.0], [1020.0, 7775.0], [1015.0, 7780.0]]]}, "properties": {"objectType": "annotation", "name": "deep_30", "classification": {"name": "deep", "color": [144, 133, 233]}, "lesion_id": 30, "section": null, "area_um2": 16250.0, "lesion_ids": [30]}}, {"type": "Feature", "geometry": {"type": "Polygon", "coordinates": [[[1585.0, 7880.0], [1575.0, 7880.0], [1565.0, 7880.0], [1555.0, 7880.0], [1545.0, 7880.0], [1535.0, 7880.0], [1530.0, 7875.0], [1525.0, 7870.0], [1515.0, 7870.0], [1510.0, 7875.0], [1505.0, 7880.0], [1495.0, 7880.0], [1485.0, 7880.0], [1475.0, 7880.0], [1465.0, 7880.0], [1455.0, 7880.0], [1445.0, 7880.0], [1435.0, 7880.0], [1430.0, 7875.0], [1430.0, 7865.0], [1435.0, 7860.0], [1440.0, 7855.0], [1440.0, 7845.0], [1445.0, 7840.0], [1450.0, 7835.0], [1450.0, 7825.0], [1450.0, 7815.0], [1455.0, 7810.0], [1460.0, 7805.0], [1465.0, 7800.0], [1475.0, 7800.0], [1485.0, 7800.0], [1490.0, 7805.0], [1495.0, 7810.0], [1500.0, 7805.0], [1500.0, 7795.0], [1505.0, 7790.0], [1515.0, 7790.0], [1525.0, 7790.0], [1535.0, 7790.0], [1545.0, 7790.0], [1550.0, 7795.0], [1550.0, 7805.0], [1555.0, 7810.0], [1560.0, 7805.0], [1565.0, 7800.0], [1575.0, 7800.0], [1580.0, 7805.0], [1585.0, 7810.0], [1595.0, 7810.0], [1600.0, 7815.0], [1600.0, 7825.0], [1600.0, 7835.0], [1600.0, 7845.0], [1600.0, 7855.0], [1595.0, 7860.0], [1590.0, 7865.0], [1590.0, 7875.0], [1585.0, 7880.0]]]}, "properties": {"objectType": "annotation", "name": "R1_3_T|deep_30", "classification": {"name": "deep", "color": [144, 133, 233]}, "lesion_id": 30, "section": "R1_3_T", "area_um2": 12150.0, "lesion_ids": [30]}}, {"type": "Feature", "geometry": {"type": "Polygon", "coordinates": [[[2425.0, 7970.0], [2420.0, 7965.0], [2415.0, 7960.0], [2410.0, 7955.0], [2405.0, 7950.0], [2400.0, 7945.0], [2400.0, 7935.0], [2395.0, 7930.0], [2390.0, 7925.0], [2390.0, 7915.0], [2390.0, 7905.0], [2390.0, 7895.0], [2385.0, 7890.0], [2380.0, 7885.0], [2380.0, 7875.0], [2380.0, 7865.0], [2375.0, 7860.0], [2370.0, 7855.0], [2370.0, 7845.0], [2370.0, 7835.0], [2375.0, 7830.0], [2380.0, 7835.0], [2380.0, 7845.0], [2385.0, 7850.0], [2390.0, 7855.0], [2390.0, 7865.0], [2395.0, 7870.0], [2400.0, 7875.0], [2405.0, 7880.0], [2410.0, 7885.0], [2410.0, 7895.0], [2415.0, 7900.0], [2420.0, 7905.0], [2420.0, 7915.0], [2420.0, 7925.0], [2420.0, 7935.0], [2420.0, 7945.0], [2425.0, 7950.0], [2430.0, 7955.0], [2430.0, 7965.0], [2425.0, 7970.0]]]}, "properties": {"objectType": "annotation", "name": "deep_29", "classification": {"name": "deep", "color": [144, 133, 233]}, "lesion_id": 29, "section": null, "area_um2": 2750.0, "lesion_ids": [29]}}, {"type": "Feature", "geometry": {"type": "Polygon", "coordinates": [[[3195.0, 8230.0], [3185.0, 8230.0], [3175.0, 8230.0], [3165.0, 8230.0], [3155.0, 8230.0], [3145.0, 8230.0], [3135.0, 8230.0], [3125.0, 8230.0], [3115.0, 8230.0], [3105.0, 8230.0], [3100.0, 8225.0], [3105.0, 8220.0], [3115.0, 8220.0], [3120.0, 8215.0], [3125.0, 8210.0], [3135.0, 8210.0], [3140.0, 8205.0], [3145.0, 8200.0], [3150.0, 8195.0], [3155.0, 8190.0], [3160.0, 8185.0], [3165.0, 8180.0], [3170.0, 8175.0], [3175.0, 8170.0], [3180.0, 8165.0], [3185.0, 8160.0], [3190.0, 8155.0], [3195.0, 8150.0], [3200.0, 8145.0], [3205.0, 8140.0], [3210.0, 8135.0], [3215.0, 8130.0], [3225.0, 8130.0], [3235.0, 8130.0], [3245.0, 8130.0], [3250.0, 8125.0], [3255.0, 8120.0], [3265.0, 8120.0], [3275.0, 8120.0], [3285.0, 8120.0], [3295.0, 8120.0], [3300.0, 8115.0], [3305.0, 8110.0], [3315.0, 8110.0], [3325.0, 8110.0], [3335.0, 8110.0], [3340.0, 8105.0], [3345.0, 8100.0], [3355.0, 8100.0], [3365.0, 8100.0], [3370.0, 8095.0], [3375.0, 8090.0], [3380.0, 8095.0], [3380.0, 8105.0], [3380.0, 8115.0], [3375.0, 8120.0], [3370.0, 8125.0], [3370.0, 8135.0], [3370.0, 8145.0], [3365.0, 8150.0], [3360.0, 8155.0], [3360.0, 8165.0], [3360.0, 8175.0], [3355.0, 8180.0], [3350.0, 8185.0], [3345.0, 8190.0], [3340.0, 8195.0], [3335.0, 8200.0], [3330.0, 8205.0], [3325.0, 8210.0], [3315.0, 8210.0], [3305.0, 8210.0], [3295.0, 8210.0], [3285.0, 8210.0], [3275.0, 8210.0], [3265.0, 8210.0], [3260.0, 8215.0], [3255.0, 8220.0], [3245.0, 8220.0], [3235.0, 8220.0], [3225.0, 8220.0], [3215.0, 8220.0], [3205.0, 8220.0], [3200.0, 8225.0], [3195.0, 8230.0]]]}, "properties": {"objectType": "annotation", "name": "deep_29", "classification": {"name": "deep", "color": [144, 133, 233]}, "lesion_id": 29, "section": null, "area_um2": 19250.0, "lesion_ids": [29]}}, {"type": "Feature", "geometry": {"type": "Polygon", "coordinates": [[[3095.0, 8240.0], [3085.0, 8240.0], [3075.0, 8240.0], [3070.0, 8235.0], [3075.0, 8230.0], [3085.0, 8230.0], [3095.0, 8230.0], [3100.0, 8235.0], [3095.0, 8240.0]]]}, "properties": {"objectType": "annotation", "name": "deep_29", "classification": {"name": "deep", "color": [144, 133, 233]}, "lesion_id": 29, "section": null, "area_um2": 250.0, "lesion_ids": [29]}}]}