zone,lesion_id,section,lesion_ids,area_um2,n_parts,centroid_x_um,centroid_y_um,wkt_um
lesion,1,P2_3_T,,225750.0,1,5941.6328903654485,2701.079180509413,"POLYGON ((5845 3200, 5835 3200, 5830 3195, 5825 3190, 5820 3185, 5815 3180, 5805 3180, 5800 3175, 5805 3170, 5810 3165, 5810 3155, 5810 3145, 5810 3135, 5810 3125, 5810 3115, 5810 3105, 5805 3100, 5800 3095, 5800 3085, 5800 3075, 5800 3065, 5805 3060, 5810 3055, 5810 3045, 5810 3035, 5810 3025, 5810 3015, 5810 3005, 5810 2995, 5810 2985, 5810 2975, 5810 2965, 5805 2960, 5800 2955, 5800 2945, 5800 2935, 5795 2930, 5790 2925, 5790 2915, 5785 2910, 5780 2905, 5775 2900, 5770 2895, 5770 2885, 5765 2880, 5760 2875, 5755 2870, 5750 2865, 5750 2855, 5750 2845, 5750 2835, 5745 2830, 5740 2825, 5740 2815, 5745 2810, 5750 2805, 5750 2795, 5750 2785, 5750 2775, 5750 2765, 5750 2755, 5750 2745, 5750 2735, 5750 2725, 5750 2715, 5755 2710, 5760 2705, 5765 2700, 5770 2695, 5770 2685, 5775 2680, 5780 2675, 5780 2665, 5780 2655, 5780 2645, 5785 2640, 5790 2635, 5790 2625, 5790 2615, 5790 2605, 5795 2600, 5800 2595, 5805 2590, 5810 2585, 5810 2575, 5815 2570, 5820 2565, 5820 2555, 5825 2550, 5830 2545, 5830 2535, 5830 2525, 5830 2515, 5835 2510, 5845 2510, 5850 2505, 5850 2495, 5850 2485, 5850 2475, 5850 2465, 5850 2455, 5850 2445, 5850 2435, 5855 2430, 5860 2425, 5860 2415, 5865 2410, 5870 2405, 5875 2400, 5880 2395, 5880 2385, 5885 2380, 5890 2375, 5895 2370, 5905 2370, 5910 2365, 5910 2355, 5915 2350, 5925 2350, 5930 2345, 5935 2340, 5945 2340, 5950 2335, 5955 2330, 5960 2325, 5965 2320, 5970 2315, 5970 2305, 5970 2295, 5965 2290, 5960 2285, 5965 2280, 5970 2275, 5970 2265, 5975 2260, 5980 2255, 5980 2245, 5985 2240, 5990 2235, 5995 2230, 6000 2225, 6005 2220, 6010 2215, 6010 2205, 6015 2200, 6020 2195, 6025 2190, 6030 2185, 6035 2180, 6045 2180, 6050 2175, 6055 2170, 6065 2170, 6075 2170, 6080 2175, 6085 2180, 6095 2180, 6105 2180, 6115 2180, 6120 2185, 6125 2190, 6130 2195, 6135 2200, 6140 2205, 6135 2210, 6130 2215, 6135 2220, 6140 2225, 6140 2235, 6135 2240, 6130 2245, 6130 2255, 6130 2265, 6135 2270, 6140 2275, 6135 2280, 6130 2285, 6135 2290, 6140 2295, 6140 2305, 6135 2310, 6130 2315, 6135 2320, 6140 2325, 6135 2330, 6130 2335, 6125 2340, 6120 2345, 6115 2350, 6110 2355, 6105 2360, 6100 2365, 6095 2370, 6090 2375, 6090 2385, 6085 2390, 6080 2395, 6075 2400, 6070 2405, 6070 2415, 6065 2420, 6060 2425, 6060 2435, 6060 2445, 6060 2455, 6055 2460, 6050 2465, 6050 2475, 6045 2480, 6040 2485, 6035 2490, 6030 2495, 6025 2500, 6020 2505, 6015 2510, 6010 2515, 6005 2520, 6000 2525, 6000 2535, 5995 2540, 5990 2545, 5990 2555, 5990 2565, 5990 2575, 5995 2580, 6000 2585, 6005 2590, 6010 2595, 6015 2600, 6020 2605, 6025 2610, 6030 2615, 6035 2620, 6040 2625, 6045 2630, 6050 2635, 6055 2640, 6060 2645, 6065 2650, 6070 2655, 6075 2660, 6080 2665, 6080 2675, 6085 2680, 6090 2685, 6095 2690, 6100 2695, 6100 2705, 6105 2710, 6110 2715, 6115 2720, 6120 2725, 6120 2735, 6120 2745, 6120 2755, 6120 2765, 6115 2770, 6110 2775, 6110 2785, 6105 2790, 6100 2795, 6100 2805, 6100 2815, 6100 2825, 6095 2830, 6090 2835, 6090 2845, 6090 2855, 6090 2865, 6085 2870, 6080 2875, 6075 2880, 6070 2885, 6070 2895, 6075 2900, 6080 2905, 6085 2910, 6090 2915, 6095 2920, 6100 2925, 6105 2930, 6110 2935, 6110 2945, 6105 2950, 6100 2955, 6095 2960, 6090 2965, 6085 2970, 6075 2970, 6065 2970, 6060 2965, 6055 2960, 6050 2965, 6045 2970, 6035 2970, 6030 2975, 6025 2980, 6020 2985, 6015 2990, 6010 2995, 6010 3005, 6005 3010, 6000 3015, 5995 3020, 5990 3025, 5985 3030, 5980 3035, 5980 3045, 5975 3050, 5970 3055, 5970 3065, 5970 3075, 5965 3080, 5960 3085, 5960 3095, 5955 3100, 5950 3105, 5950 3115, 5945 3120, 5940 3125, 5935 3130, 5930 3135, 5925 3140, 5920 3145, 5915 3150, 5905 3150, 5900 3155, 5895 3160, 5890 3165, 5885 3170, 5880 3175, 5875 3180, 5865 3180, 5860 3185, 5855 3190, 5850 3195, 5845 3200))"
core,1,P2_3_T,,175550.0,1,5919.113500427229,2705.6463020981673,"POLYGON ((5855 3150, 5845 3150, 5835 3150, 5825 3150, 5820 3145, 5815 3140, 5810 3135, 5810 3125, 5810 3115, 5810 3105, 5805 3100, 5800 3095, 5800 3085, 5800 3075, 5800 3065, 5805 3060, 5810 3055, 5810 3045, 5810 3035, 5810 3025, 5810 3015, 5810 3005, 5810 2995, 5810 2985, 5810 2975, 5810 2965, 5805 2960, 5800 2955, 5800 2945, 5800 2935, 5795 2930, 5790 2925, 5790 2915, 5785 2910, 5780 2905, 5775 2900, 5770 2895, 5770 2885, 5765 2880, 5760 2875, 5755 2870, 5750 2865, 5750 2855, 5750 2845, 5750 2835, 5750 2825, 5750 2815, 5750 2805, 5755 2800, 5760 2795, 5760 2785, 5760 2775, 5760 2765, 5760 2755, 5760 2745, 5760 2735, 5760 2725, 5760 2715, 5760 2705, 5765 2700, 5770 2695, 5770 2685, 5775 2680, 5780 2675, 5780 2665, 5780 2655, 5780 2645, 5785 2640, 5790 2635, 5790 2625, 5790 2615, 5790 2605, 5795 2600, 5800 2595, 5805 2590, 5810 2585, 5810 2575, 5815 2570, 5820 2565, 5820 2555, 5825 2550, 5830 2545, 5830 2535, 5830 2525, 5830 2515, 5835 2510, 5845 2510, 5850 2505, 5850 2495, 5850 2485, 5850 2475, 5850 2465, 5850 2455, 5850 2445, 5850 2435, 5855 2430, 5860 2425, 5860 2415, 5865 2410, 5870 2405, 5875 2400, 5880 2395, 5880 2385, 5885 2380, 5890 2375, 5895 2370, 5905 2370, 5910 2365, 5910 2355, 5915 2350, 5925 2350, 5930 2345, 5935 2340, 5945 2340, 5950 2335, 5955 2330, 5960 2325, 5965 2320, 5970 2315, 5970 2305, 5970 2295, 5965 2290, 5960 2285, 5965 2280, 5970 2275, 5970 2265, 5975 2260, 5985 2260, 5990 2255, 5995 2250, 6000 2245, 6005 2240, 6015 2240, 6020 2235, 6025 2230, 6035 2230, 6040 2225, 6045 2220, 6050 2215, 6055 2210, 6065 2210, 6075 2210, 6085 2210, 6095 2210, 6100 2215, 6100 2225, 6100 2235, 6100 2245, 6100 2255, 6100 2265, 6100 2275, 6100 2285, 6100 2295, 6100 2305, 6100 2315, 6095 2320, 6090 2325, 6085 2330, 6080 2335, 6075 2340, 6070 2345, 6065 2350, 6060 2355, 6060 2365, 6055 2370, 6050 2375, 6045 2380, 6040 2385, 6040 2395, 6035 2400, 6030 2405, 6030 2415, 6030 2425, 6030 2435, 6025 2440, 6020 2445, 6020 2455, 6015 2460, 6010 2465, 6005 2470, 6000 2475, 5995 2480, 5990 2485, 5985 2490, 5980 2495, 5975 2500, 5970 2505, 5970 2515, 5965 2520, 5960 2525, 5960 2535, 5960 2545, 5960 2555, 5960 2565, 5960 2575, 5960 2585, 5960 2595, 5965 2600, 5970 2605, 5975 2610, 5980 2615, 5985 2620, 5990 2625, 5995 2630, 6000 2635, 6005 2640, 6010 2645, 6015 2650, 6020 2655, 6025 2660, 6030 2665, 6035 2670, 6040 2675, 6045 2680, 6050 2685, 6050 2695, 6055 2700, 6060 2705, 6065 2710, 6070 2715, 6070 2725, 6075 2730, 6080 2735, 6085 2740, 6090 2745, 6085 2750, 6080 2755, 6080 2765, 6075 2770, 6070 2775, 6070 2785, 6070 2795, 6070 2805, 6065 2810, 6060 2815, 6060 2825, 6060 2835, 6060 2845, 6055 2850, 6050 2855, 6045 2860, 6040 2865, 6040 2875, 6040 2885, 6040 2895, 6040 2905, 6040 2915, 6045 2920, 6050 2925, 6045 2930, 6035 2930, 6030 2935, 6025 2940, 6015 2940, 6010 2945, 6005 2950, 6000 2955, 5995 2960, 5990 2965, 5985 2970, 5980 2975, 5980 2985, 5975 2990, 5970 2995, 5965 3000, 5960 3005, 5955 3010, 5950 3015, 5950 3025, 5945 3030, 5940 3035, 5940 3045, 5940 3055, 5935 3060, 5930 3065, 5930 3075, 5925 3080, 5920 3085, 5920 3095, 5915 3100, 5910 3105, 5905 3110, 5900 3115, 5895 3120, 5885 3120, 5880 3125, 5875 3130, 5870 3135, 5865 3140, 5860 3145, 5855 3150))"
rim,1,P2_3_T,,49900.0,2,6021.874582498331,2684.4831329325316,"MULTIPOLYGON (((5850 3195, 5855 3190, 5860 3185, 5865 3180, 5875 3180, 5880 3175, 5885 3170, 5890 3165, 5895 3160, 5900 3155, 5905 3150, 5915 3150, 5920 3145, 5925 3140, 5930 3135, 5935 3130, 5940 3125, 5945 3120, 5950 3115, 5950 3105, 5955 3100, 5960 3095, 5960 3085, 5965 3080, 5970 3075, 5970 3065, 5970 3055, 5975 3050, 5980 3045, 5980 3035, 5985 3030, 5990 3025, 5995 3020, 6000 3015, 6005 3010, 6010 3005, 6010 2995, 6015 2990, 6020 2985, 6025 2980, 6030 2975, 6035 2970, 6045 2970, 6050 2965, 6055 2960, 6060 2965, 6065 2970, 6075 2970, 6085 2970, 6090 2965, 6095 2960, 6100 2955, 6105 2950, 6110 2945, 6110 2935, 6105 2930, 6100 2925, 6095 2920, 6090 2915, 6085 2910, 6080 2905, 6075 2900, 6070 2895, 6070 2885, 6075 2880, 6080 2875, 6085 2870, 6090 2865, 6090 2855, 6090 2845, 6090 2835, 6095 2830, 6100 2825, 6100 2815, 6100 2805, 6100 2795, 6105 2790, 6110 2785, 6110 2775, 6115 2770, 6120 2765, 6120 2755, 6120 2745, 6120 2735, 6120 2725, 6115 2720, 6110 2715, 6105 2710, 6100 2705, 6100 2695, 6095 2690, 6090 2685, 6085 2680, 6080 2675, 6080 2665, 6075 2660, 6070 2655, 6065 2650, 6060 2645, 6055 2640, 6050 2635, 6045 2630, 6040 2625, 6035 2620, 6030 2615, 6025 2610, 6020 2605, 6015 2600, 6010 2595, 6005 2590, 6000 2585, 5995 2580, 5990 2575, 5990 2565, 5990 2555, 5990 2545, 5995 2540, 6000 2535, 6000 2525, 6005 2520, 6010 2515, 6015 2510, 6020 2505, 6025 2500, 6030 2495, 6035 2490, 6040 2485, 6045 2480, 6050 2475, 6050 2465, 6055 2460, 6060 2455, 6060 2445, 6060 2435, 6060 2425, 6065 2420, 6070 2415, 6070 2405, 6075 2400, 6080 2395, 6085 2390, 6090 2385, 6090 2375, 6095 2370, 6100 2365, 6105 2360, 6110 2355, 6115 2350, 6120 2345, 6125 2340, 6130 2335, 6135 2330, 6140 2325, 6135 2320, 6130 2315, 6135 2310, 6140 2305, 6140 2295, 6135 2290, 6130 2285, 6135 2280, 6140 2275, 6135 2270, 6130 2265, 6130 2255, 6130 2245, 6135 2240, 6140 2235, 6140 2225, 6135 2220, 6130 2215, 6135 2210, 6140 2205, 6135 2200, 6130 2195, 6125 2190, 6120 2185, 6115 2180, 6105 2180, 6095 2180, 6085 2180, 6080 2175, 6075 2170, 6065 2170, 6055 2170, 6050 2175, 6045 2180, 6035 2180, 6030 2185, 6025 2190, 6020 2195, 6015 2200, 6010 2205, 6010 2215, 6005 2220, 6000 2225, 5995 2230, 5990 2235, 5985 2240, 5980 2245, 5980 2255, 5985 2260, 5990 2255, 5995 2250, 6000 2245, 6005 2240, 6015 2240, 6020 2235, 6025 2230, 6035 2230, 6040 2225, 6045 2220, 6050 2215, 6055 2210, 6065 2210, 6075 2210, 6085 2210, 6095 2210, 6100 2215, 6100 2225, 6100 2235, 6100 2245, 6100 2255, 6100 2265, 6100 2275, 6100 2285, 6100 2295, 6100 2305, 6100 2315, 6095 2320, 6090 2325, 6085 2330, 6080 2335, 6075 2340, 6070 2345, 6065 2350, 6060 2355, 6060 2365, 6055 2370, 6050 2375, 6045 2380, 6040 2385, 6040 2395, 6035 2400, 6030 2405, 6030 2415, 6030 2425, 6030 2435, 6025 2440, 6020 2445, 6020 2455, 6015 2460, 6010 2465, 6005 2470, 6000 2475, 5995 2480, 5990 2485, 5985 2490, 5980 2495, 5975 2500, 5970 2505, 5970 2515, 5965 2520, 5960 2525, 5960 2535, 5960 2545, 5960 2555, 5960 2565, 5960 2575, 5960 2585, 5960 2595, 5965 2600, 5970 2605, 5975 2610, 5980 2615, 5985 2620, 5990 2625, 5995 2630, 6000 2635, 6005 2640, 6010 2645, 6015 2650, 6020 2655, 6025 2660, 6030 2665, 6035 2670, 6040 2675, 6045 2680, 6050 2685, 6050 2695, 6055 2700, 6060 2705, 6065 2710, 6070 2715, 6070 2725, 6075 2730, 6080 2735, 6085 2740, 6090 2745, 6085 2750, 6080 2755, 6080 2765, 6075 2770, 6070 2775, 6070 2785, 6070 2795, 6070 2805, 6065 2810, 6060 2815, 6060 2825, 6060 2835, 6060 2845, 6055 2850, 6050 2855, 6045 2860, 6040 2865, 6040 2875, 6040 2885, 6040 2895, 6040 2905, 6040 2915, 6045 2920, 6050 2925, 6045 2930, 6035 2930, 6030 2935, 6025 2940, 6015 2940, 6010 2945, 6005 2950, 6000 2955, 5995 2960, 5990 2965, 5985 2970, 5980 2975, 5980 2985, 5975 2990, 5970 2995, 5965 3000, 5960 3005, 5955 3010, 5950 3015, 5950 3025, 5945 3030, 5940 3035, 5940 3045, 5940 3055, 5935 3060, 5930 3065, 5930 3075, 5925 3080, 5920 3085, 5920 3095, 5915 3100, 5910 3105, 5905 3110, 5900 3115, 5895 3120, 5885 3120, 5880 3125, 5875 3130, 5870 3135, 5865 3140, 5860 3145, 5855 3150, 5845 3150, 5835 3150, 5825 3150, 5820 3145, 5815 3140, 5810 3145, 5810 3155, 5810 3165, 5805 3170, 5800 3175, 5805 3180, 5815 3180, 5820 3185, 5825 3190, 5830 3195, 5835 3200, 5845 3200, 5850 3195)), ((5760 2795, 5760 2785, 5760 2775, 5760 2765, 5760 2755, 5760 2745, 5760 2735, 5760 2725, 5760 2715, 5755 2710, 5750 2715, 5750 2725, 5750 2735, 5750 2745, 5750 2755, 5750 2765, 5750 2775, 5750 2785, 5750 2795, 5755 2800, 5760 2795)))"
lesion,4,P2_3_T,,2950.0,1,7051.906779661017,2638.375706214689,"POLYGON ((7075 2690, 7065 2690, 7060 2685, 7055 2680, 7050 2675, 7045 2670, 7040 2665, 7040 2655, 7035 2650, 7030 2645, 7030 2635, 7030 2625, 7030 2615, 7030 2605, 7035 2600, 7040 2595, 7045 2590, 7050 2585, 7055 2580, 7060 2585, 7060 2595, 7060 2605, 7060 2615, 7060 2625, 7060 2635, 7065 2640, 7070 2645, 7070 2655, 7070 2665, 7075 2670, 7080 2675, 7080 2685, 7075 2690))"
rim,4,P2_3_T,,2950.0,1,7051.906779661017,2638.375706214689,"POLYGON ((7075 2690, 7065 2690, 7060 2685, 7055 2680, 7050 2675, 7045 2670, 7040 2665, 7040 2655, 7035 2650, 7030 2645, 7030 2635, 7030 2625, 7030 2615, 7030 2605, 7035 2600, 7040 2595, 7045 2590, 7050 2585, 7055 2580, 7060 2585, 7060 2595, 7060 2605, 7060 2615, 7060 2625, 7060 2635, 7065 2640, 7070 2645, 7070 2655, 7070 2665, 7075 2670, 7080 2675, 7080 2685, 7075 2690))"
lesion,5,P2_3_T,,285250.0,1,6316.797399941572,3500.0693835816533,"POLYGON ((6415 3730, 6405 3730, 6395 3730, 6385 3730, 6375 3730, 6365 3730, 6355 3730, 6345 3730, 6335 3730, 6325 3730, 6315 3730, 6305 3730, 6295 3730, 6285 3730, 6280 3725, 6275 3720, 6265 3720, 6255 3720, 6245 3720, 6235 3720, 6225 3720, 6215 3720, 6210 3725, 6205 3730, 6200 3725, 6195 3720, 6185 3720, 6175 3720, 6165 3720, 6155 3720, 6145 3720, 6135 3720, 6125 3720, 6115 3720, 6110 3715, 6105 3710, 6095 3710, 6085 3710, 6080 3705, 6080 3695, 6075 3690, 6070 3685, 6065 3680, 6055 3680, 6050 3675, 6045 3670, 6040 3665, 6035 3660, 6030 3655, 6025 3650, 6020 3645, 6015 3640, 6010 3635, 6010 3625, 6010 3615, 6010 3605, 6005 3600, 6000 3595, 6000 3585, 6000 3575, 5995 3570, 5990 3565, 5990 3555, 5990 3545, 5990 3535, 5985 3530, 5980 3525, 5975 3520, 5970 3515, 5965 3510, 5960 3505, 5955 3500, 5950 3495, 5945 3490, 5935 3490, 5930 3485, 5925 3480, 5920 3475, 5915 3470, 5910 3465, 5910 3455, 5905 3450, 5900 3445, 5895 3440, 5890 3435, 5885 3430, 5880 3425, 5875 3420, 5870 3415, 5865 3410, 5860 3405, 5855 3400, 5850 3395, 5850 3385, 5850 3375, 5845 3370, 5840 3365, 5835 3360, 5830 3355, 5830 3345, 5830 3335, 5830 3325, 5835 3320, 5840 3315, 5845 3310, 5850 3315, 5855 3320, 5860 3315, 5865 3310, 5870 3305, 5875 3300, 5885 3300, 5890 3295, 5895 3290, 5900 3285, 5905 3280, 5915 3280, 5920 3275, 5925 3270, 5935 3270, 5945 3270, 5955 3270, 5965 3270, 5970 3275, 5975 3280, 5985 3280, 5990 3275, 5995 3270, 6005 3270, 6015 3270, 6025 3270, 6035 3270, 6045 3270, 6050 3265, 6055 3260, 6060 3255, 6065 3250, 6070 3245, 6075 3240, 6080 3235, 6085 3230, 6095 3230, 6105 3230, 6110 3225, 6115 3220, 6120 3225, 6125 3230, 6130 3225, 6135 3220, 6140 3225, 6145 3230, 6155 3230, 6160 3235, 6165 3240, 6170 3245, 6175 3250, 6180 3255, 6185 3260, 6190 3265, 6195 3270, 6200 3275, 6205 3280, 6210 3285, 6215 3290, 6220 3295, 6225 3300, 6230 3305, 6230 3315, 6230 3325, 6230 3335, 6230 3345, 6230 3355, 6230 3365, 6230 3375, 6230 3385, 6230 3395, 6235 3400, 6240 3405, 6240 3415, 6245 3420, 6250 3425, 6250 3435, 6250 3445, 6250 3455, 6245 3460, 6240 3465, 6240 3475, 6240 3485, 6240 3495, 6240 3505, 6240 3515, 6245 3520, 6250 3525, 6255 3530, 6260 3535, 6265 3540, 6270 3545, 6275 3550, 6280 3545, 6285 3540, 6290 3535, 6295 3530, 6300 3525, 6305 3520, 6310 3515, 6310 3505, 6310 3495, 6315 3490, 6320 3485, 6325 3480, 6330 3475, 6335 3470, 6345 3470, 6350 3465, 6355 3460, 6360 3455, 6365 3450, 6375 3450, 6380 3445, 6385 3440, 6395 3440, 6400 3435, 6405 3430, 6410 3425, 6415 3420, 6420 3415, 6425 3410, 6430 3405, 6435 3400, 6440 3395, 6445 3390, 6450 3385, 6455 3380, 6460 3375, 6465 3370, 6475 3370, 6485 3370, 6495 3370, 6500 3375, 6505 3380, 6515 3380, 6520 3385, 6525 3390, 6530 3395, 6535 3400, 6545 3400, 6550 3405, 6555 3410, 6565 3410, 6570 3405, 6575 3400, 6580 3405, 6585 3410, 6595 3410, 6605 3410, 6610 3405, 6615 3400, 6625 3400, 6635 3400, 6640 3395, 6645 3390, 6655 3390, 6665 3390, 6675 3390, 6680 3395, 6685 3400, 6690 3395, 6695 3390, 6700 3385, 6705 3380, 6715 3380, 6720 3375, 6725 3370, 6735 3370, 6740 3365, 6745 3360, 6750 3355, 6755 3350, 6765 3350, 6770 3355, 6775 3360, 6780 3365, 6785 3370, 6795 3370, 6805 3370, 6815 3370, 6820 3365, 6825 3360, 6835 3360, 6845 3360, 6855 3360, 6860 3355, 6865 3350, 6870 3355, 6875 3360, 6885 3360, 6890 3365, 6895 3370, 6900 3375, 6905 3380, 6910 3385, 6910 3395, 6905 3400, 6900 3405, 6900 3415, 6895 3420, 6890 3425, 6885 3430, 6875 3430, 6870 3435, 6865 3440, 6860 3445, 6855 3450, 6850 3455, 6845 3460, 6840 3465, 6840 3475, 6835 3480, 6825 3480, 6820 3485, 6815 3490, 6805 3490, 6795 3490, 6790 3495, 6785 3500, 6780 3505, 6775 3510, 6770 3515, 6770 3525, 6770 3535, 6765 3540, 6760 3545, 6755 3550, 6745 3550, 6740 3555, 6735 3560, 6725 3560, 6720 3565, 6715 3570, 6710 3575, 6705 3580, 6695 3580, 6690 3585, 6685 3590, 6680 3595, 6675 3600, 6670 3605, 6665 3610, 6660 3615, 6655 3620, 6650 3625, 6645 3630, 6640 3635, 6635 3640, 6630 3645, 6625 3650, 6620 3655, 6615 3660, 6610 3665, 6610 3675, 6605 3680, 6600 3685, 6595 3690, 6585 3690, 6575 3690, 6565 3690, 6555 3690, 6545 3690, 6535 3690, 6530 3695, 6525 3700, 6515 3700, 6505 3700, 6495 3700, 6490 3705, 6485 3710, 6475 3710, 6465 3710, 6460 3715, 6455 3720, 6445 3720, 6435 3720, 6425 3720, 6420 3725, 6415 3730))"
core,5,P2_3_T,,210450.0,1,6294.056189118555,3513.352538211768,"POLYGON ((6455 3720, 6445 3720, 6435 3720, 6425 3720, 6415 3720, 6405 3720, 6395 3720, 6385 3720, 6380 3715, 6375 3710, 6365 3710, 6355 3710, 6350 3705, 6345 3700, 6335 3700, 6325 3700, 6315 3700, 6305 3700, 6300 3695, 6295 3690, 6285 3690, 6275 3690, 6265 3690, 6255 3690, 6245 3690, 6235 3690, 6225 3690, 6215 3690, 6205 3690, 6195 3690, 6185 3690, 6175 3690, 6165 3690, 6155 3690, 6145 3690, 6135 3690, 6125 3690, 6120 3685, 6115 3680, 6105 3680, 6095 3680, 6090 3675, 6085 3670, 6075 3670, 6070 3665, 6065 3660, 6055 3660, 6050 3655, 6045 3650, 6035 3650, 6030 3645, 6025 3640, 6020 3635, 6015 3630, 6010 3625, 6010 3615, 6010 3605, 6005 3600, 6000 3595, 6000 3585, 6000 3575, 5995 3570, 5990 3565, 5990 3555, 5990 3545, 5990 3535, 5985 3530, 5980 3525, 5975 3520, 5970 3515, 5965 3510, 5960 3505, 5955 3500, 5950 3495, 5945 3490, 5935 3490, 5930 3485, 5925 3480, 5920 3475, 5915 3470, 5910 3465, 5910 3455, 5905 3450, 5900 3445, 5895 3440, 5890 3435, 5885 3430, 5880 3425, 5880 3415, 5875 3410, 5870 3405, 5870 3395, 5865 3390, 5860 3385, 5855 3380, 5850 3375, 5850 3365, 5850 3355, 5855 3350, 5865 3350, 5875 3350, 5880 3345, 5885 3340, 5890 3335, 5895 3330, 5905 3330, 5910 3325, 5915 3320, 5920 3315, 5925 3310, 5935 3310, 5940 3305, 5945 3300, 5950 3305, 5955 3310, 5965 3310, 5975 3310, 5985 3310, 5995 3310, 6005 3310, 6010 3305, 6015 3300, 6025 3300, 6035 3300, 6045 3300, 6055 3300, 6065 3300, 6070 3295, 6075 3290, 6080 3285, 6085 3280, 6090 3275, 6095 3270, 6100 3265, 6105 3260, 6115 3260, 6125 3260, 6135 3260, 6140 3265, 6145 3270, 6150 3275, 6155 3280, 6160 3285, 6165 3290, 6170 3295, 6175 3300, 6180 3305, 6185 3310, 6190 3315, 6195 3320, 6200 3325, 6200 3335, 6200 3345, 6200 3355, 6200 3365, 6200 3375, 6200 3385, 6200 3395, 6200 3405, 6200 3415, 6205 3420, 6210 3425, 6210 3435, 6210 3445, 6210 3455, 6210 3465, 6210 3475, 6210 3485, 6210 3495, 6210 3505, 6210 3515, 6210 3525, 6210 3535, 6215 3540, 6220 3545, 6225 3550, 6230 3555, 6235 3560, 6240 3565, 6245 3570, 6250 3575, 6255 3580, 6265 3580, 6275 3580, 6285 3580, 6295 3580, 6300 3575, 6305 3570, 6310 3565, 6315 3560, 6320 3555, 6325 3550, 6330 3545, 6335 3540, 6340 3535, 6340 3525, 6340 3515, 6345 3510, 6350 3505, 6355 3500, 6365 3500, 6370 3495, 6375 3490, 6380 3485, 6385 3480, 6395 3480, 6400 3475, 6405 3470, 6415 3470, 6420 3465, 6425 3460, 6430 3455, 6435 3450, 6440 3445, 6445 3440, 6450 3435, 6455 3430, 6460 3425, 6465 3420, 6470 3415, 6475 3410, 6485 3410, 6495 3410, 6500 3415, 6505 3420, 6510 3425, 6515 3430, 6525 3430, 6530 3435, 6535 3440, 6545 3440, 6555 3440, 6565 3440, 6575 3440, 6585 3440, 6595 3440, 6605 3440, 6615 3440, 6625 3440, 6630 3435, 6635 3430, 6645 3430, 6655 3430, 6665 3430, 6675 3430, 6685 3430, 6695 3430, 6705 3430, 6710 3425, 6715 3420, 6720 3415, 6725 3410, 6735 3410, 6740 3405, 6745 3400, 6755 3400, 6765 3400, 6775 3400, 6785 3400, 6795 3400, 6805 3400, 6815 3400, 6825 3400, 6835 3400, 6840 3395, 6845 3390, 6855 3390, 6865 3390, 6870 3395, 6870 3405, 6870 3415, 6865 3420, 6860 3425, 6855 3430, 6845 3430, 6840 3435, 6835 3440, 6830 3445, 6825 3450, 6820 3455, 6815 3460, 6810 3465, 6805 3470, 6800 3475, 6795 3480, 6790 3485, 6785 3490, 6775 3490, 6770 3495, 6765 3500, 6755 3500, 6750 3505, 6745 3510, 6740 3515, 6735 3520, 6725 3520, 6720 3525, 6715 3530, 6705 3530, 6700 3535, 6695 3540, 6690 3545, 6685 3550, 6675 3550, 6670 3555, 6665 3560, 6660 3565, 6655 3570, 6650 3575, 6645 3580, 6640 3585, 6635 3590, 6630 3595, 6625 3600, 6620 3605, 6615 3610, 6610 3615, 6605 3620, 6600 3625, 6595 3630, 6590 3635, 6585 3640, 6580 3645, 6580 3655, 6575 3660, 6570 3665, 6565 3670, 6560 3675, 6555 3680, 6550 3685, 6545 3690, 6535 3690, 6530 3695, 6525 3700, 6515 3700, 6505 3700, 6495 3700, 6490 3705, 6485 3710, 6475 3710, 6465 3710, 6460 3715, 6455 3720))"
rim,5,P2_3_T,,74300.0,4,6382.7332884701655,3462.1164199192463,"MULTIPOLYGON (((5870 3395, 5865 3390, 5860 3385, 5855 3380, 5850 3385, 5850 3395, 5855 3400, 5860 3405, 5865 3410, 5870 3405, 5870 3395)), ((6305 3570, 6310 3565, 6315 3560, 6320 3555, 6325 3550, 6330 3545, 6335 3540, 6340 3535, 6340 3525, 6340 3515, 6345 3510, 6350 3505, 6355 3500, 6365 3500, 6370 3495, 6375 3490, 6380 3485, 6385 3480, 6395 3480, 6400 3475, 6405 3470, 6415 3470, 6420 3465, 6425 3460, 6430 3455, 6435 3450, 6440 3445, 6445 3440, 6450 3435, 6455 3430, 6460 3425, 6465 3420, 6470 3415, 6475 3410, 6485 3410, 6495 3410, 6500 3415, 6505 3420, 6510 3425, 6515 3430, 6525 3430, 6530 3435, 6535 3440, 6545 3440, 6555 3440, 6565 3440, 6575 3440, 6585 3440, 6595 3440, 6605 3440, 6615 3440, 6625 3440, 6630 3435, 6635 3430, 6645 3430, 6655 3430, 6665 3430, 6675 3430, 6685 3430, 6695 3430, 6705 3430, 6710 3425, 6715 3420, 6720 3415, 6725 3410, 6735 3410, 6740 3405, 6745 3400, 6755 3400, 6765 3400, 6775 3400, 6785 3400, 6795 3400, 6805 3400, 6815 3400, 6825 3400, 6835 3400, 6840 3395, 6845 3390, 6855 3390, 6865 3390, 6870 3395, 6870 3405, 6870 3415, 6865 3420, 6860 3425, 6855 3430, 6845 3430, 6840 3435, 6835 3440, 6830 3445, 6825 3450, 6820 3455, 6815 3460, 6810 3465, 6805 3470, 6800 3475, 6795 3480, 6790 3485, 6795 3490, 6805 3490, 6815 3490, 6820 3485, 6825 3480, 6835 3480, 6840 3475, 6840 3465, 6845 3460, 6850 3455, 6855 3450, 6860 3445, 6865 3440, 6870 3435, 6875 3430, 6885 3430, 6890 3425, 6895 3420, 6900 3415, 6900 3405, 6905 3400, 6910 3395, 6910 3385, 6905 3380, 6900 3375, 6895 3370, 6890 3365, 6885 3360, 6875 3360, 6870 3355, 6865 3350, 6860 3355, 6855 3360, 6845 3360, 6835 3360, 6825 3360, 6820 3365, 6815 3370, 6805 3370, 6795 3370, 6785 3370, 6780 3365, 6775 3360, 6770 3355, 6765 3350, 6755 3350, 6750 3355, 6745 3360, 6740 3365, 6735 3370, 6725 3370, 6720 3375, 6715 3380, 6705 3380, 6700 3385, 6695 3390, 6690 3395, 6685 3400, 6680 3395, 6675 3390, 6665 3390, 6655 3390, 6645 3390, 6640 3395, 6635 3400, 6625 3400, 6615 3400, 6610 3405, 6605 3410, 6595 3410, 6585 3410, 6580 3405, 6575 3400, 6570 3405, 6565 3410, 6555 3410, 6550 3405, 6545 3400, 6535 3400, 6530 3395, 6525 3390, 6520 3385, 6515 3380, 6505 3380, 6500 3375, 6495 3370, 6485 3370, 6475 3370, 6465 3370, 6460 3375, 6455 3380, 6450 3385, 6445 3390, 6440 3395, 6435 3400, 6430 3405, 6425 3410, 6420 3415, 6415 3420, 6410 3425, 6405 3430, 6400 3435, 6395 3440, 6385 3440, 6380 3445, 6375 3450, 6365 3450, 6360 3455, 6355 3460, 6350 3465, 6345 3470, 6335 3470, 6330 3475, 6325 3480, 6320 3485, 6315 3490, 6310 3495, 6310 3505, 6310 3515, 6305 3520, 6300 3525, 6295 3530, 6290 3535, 6285 3540, 6280 3545, 6275 3550, 6270 3545, 6265 3540, 6260 3535, 6255 3530, 6250 3525, 6245 3520, 6240 3515, 6240 3505, 6240 3495, 6240 3485, 6240 3475, 6240 3465, 6245 3460, 6250 3455, 6250 3445, 6250 3435, 6250 3425, 6245 3420, 6240 3415, 6240 3405, 6235 3400, 6230 3395, 6230 3385, 6230 3375, 6230 3365, 6230 3355, 6230 3345, 6230 3335, 6230 3325, 6230 3315, 6230 3305, 6225 3300, 6220 3295, 6215 3290, 6210 3285, 6205 3280, 6200 3275, 6195 3270, 6190 3265, 6185 3260, 6180 3255, 6175 3250, 6170 3245, 6165 3240, 6160 3235, 6155 3230, 6145 3230, 6140 3225, 6135 3220, 6130 3225, 6125 3230, 6120 3225, 6115 3220, 6110 3225, 6105 3230, 6095 3230, 6085 3230, 6080 3235, 6075 3240, 6070 3245, 6065 3250, 6060 3255, 6055 3260, 6050 3265, 6045 3270, 6035 3270, 6025 3270, 6015 3270, 6005 3270, 5995 3270, 5990 3275, 5985 3280, 5975 3280, 5970 3275, 5965 3270, 5955 3270, 5945 3270, 5935 3270, 5925 3270, 5920 3275, 5915 3280, 5905 3280, 5900 3285, 5895 3290, 5890 3295, 5885 3300, 5875 3300, 5870 3305, 5865 3310, 5860 3315, 5855 3320, 5850 3315, 5845 3310, 5840 3315, 5835 3320, 5830 3325, 5830 3335, 5830 3345, 5830 3355, 5835 3360, 5840 3365, 5845 3370, 5850 3365, 5850 3355, 5855 3350, 5865 3350, 5875 3350, 5880 3345, 5885 3340, 5890 3335, 5895 3330, 5905 3330, 5910 3325, 5915 3320, 5920 3315, 5925 3310, 5935 3310, 5940 3305, 5945 3300, 5950 3305, 5955 3310, 5965 3310, 5975 3310, 5985 3310, 5995 3310, 6005 3310, 6010 3305, 6015 3300, 6025 3300, 6035 3300, 6045 3300, 6055 3300, 6065 3300, 6070 3295, 6075 3290, 6080 3285, 6085 3280, 6090 3275, 6095 3270, 6100 3265, 6105 3260, 6115 3260, 6125 3260, 6135 3260, 6140 3265, 6145 3270, 6150 3275, 6155 3280, 6160 3285, 6165 3290, 6170 3295, 6175 3300, 6180 3305, 6185 3310, 6190 3315, 6195 3320, 6200 3325, 6200 3335, 6200 3345, 6200 3355, 6200 3365, 6200 3375, 6200 3385, 6200 3395, 6200 3405, 6200 3415, 6205 3420, 6210 3425, 6210 3435, 6210 3445, 6210 3455, 6210 3465, 6210 3475, 6210 3485, 6210 3495, 6210 3505, 6210 3515, 6210 3525, 6210 3535, 6215 3540, 6220 3545, 6225 3550, 6230 3555, 6235 3560, 6240 3565, 6245 3570, 6250 3575, 6255 3580, 6265 3580, 6275 3580, 6285 3580, 6295 3580, 6300 3575, 6305 3570)), ((6605 3680, 6610 3675, 6610 3665, 6615 3660, 6620 3655, 6625 3650, 6630 3645, 6635 3640, 6640 3635, 6645 3630, 6650 3625, 6655 3620, 6660 3615, 6665 3610, 6670 3605, 6675 3600, 6680 3595, 6685 3590, 6690 3585, 6695 3580, 6705 3580, 6710 3575, 6715 3570, 6720 3565, 6725 3560, 6735 3560, 6740 3555, 6745 3550, 6755 3550, 6760 3545, 6765 3540, 6770 3535, 6770 3525, 6770 3515, 6775 3510, 6780 3505, 6785 3500, 6790 3495, 6785 3490, 6775 3490, 6770 3495, 6765 3500, 6755 3500, 6750 3505, 6745 3510, 6740 3515, 6735 3520, 6725 3520, 6720 3525, 6715 3530, 6705 3530, 6700 3535, 6695 3540, 6690 3545, 6685 3550, 6675 3550, 6670 3555, 6665 3560, 6660 3565, 6655 3570, 6650 3575, 6645 3580, 6640 3585, 6635 3590, 6630 3595, 6625 3600, 6620 3605, 6615 3610, 6610 3615, 6605 3620, 6600 3625, 6595 3630, 6590 3635, 6585 3640, 6580 3645, 6580 3655, 6575 3660, 6570 3665, 6565 3670, 6560 3675, 6555 3680, 6550 3685, 6555 3690, 6565 3690, 6575 3690, 6585 3690, 6595 3690, 6600 3685, 6605 3680)), ((6415 3720, 6405 3720, 6395 3720, 6385 3720, 6380 3715, 6375 3710, 6365 3710, 6355 3710, 6350 3705, 6345 3700, 6335 3700, 6325 3700, 6315 3700, 6305 3700, 6300 3695, 6295 3690, 6285 3690, 6275 3690, 6265 3690, 6255 3690, 6245 3690, 6235 3690, 6225 3690, 6215 3690, 6205 3690, 6195 3690, 6185 3690, 6175 3690, 6165 3690, 6155 3690, 6145 3690, 6135 3690, 6125 3690, 6120 3685, 6115 3680, 6105 3680, 6095 3680, 6090 3675, 6085 3670, 6075 3670, 6070 3665, 6065 3660, 6055 3660, 6050 3655, 6045 3650, 6035 3650, 6030 3655, 6035 3660, 6040 3665, 6045 3670, 6050 3675, 6055 3680, 6065 3680, 6070 3685, 6075 3690, 6080 3695, 6080 3705, 6085 3710, 6095 3710, 6105 3710, 6110 3715, 6115 3720, 6125 3720, 6135 3720, 6145 3720, 6155 3720, 6165 3720, 6175 3720, 6185 3720, 6195 3720, 6200 3725, 6205 3730, 6210 3725, 6215 3720, 6225 3720, 6235 3720, 6245 3720, 6255 3720, 6265 3720, 6275 3720, 6280 3725, 6285 3730, 6295 3730, 6305 3730, 6315 3730, 6325 3730, 6335 3730, 6345 3730, 6355 3730, 6365 3730, 6375 3730, 6385 3730, 6395 3730, 6405 3730, 6415 3730, 6420 3725, 6415 3720)))"
lesion,6,R1_3_L,,5450.0,1,2473.3256880733943,3452.943425076453,"POLYGON ((2455 3500, 2450 3495, 2445 3490, 2440 3485, 2435 3480, 2430 3475, 2430 3465, 2430 3455, 2430 3445, 2435 3440, 2440 3435, 2445 3430, 2450 3425, 2455 3420, 2460 3415, 2465 3410, 2475 3410, 2485 3410, 2490 3415, 2495 3420, 2500 3425, 2505 3430, 2510 3435, 2515 3440, 2520 3445, 2525 3450, 2530 3455, 2525 3460, 2520 3465, 2515 3470, 2510 3475, 2505 3480, 2500 3475, 2495 3470, 2490 3475, 2485 3480, 2480 3485, 2475 3490, 2465 3490, 2460 3495, 2455 3500))"
rim,6,R1_3_L,,5450.0,1,2473.3256880733943,3452.943425076453,"POLYGON ((2455 3500, 2450 3495, 2445 3490, 2440 3485, 2435 3480, 2430 3475, 2430 3465, 2430 3455, 2430 3445, 2435 3440, 2440 3435, 2445 3430, 2450 3425, 2455 3420, 2460 3415, 2465 3410, 2475 3410, 2485 3410, 2490 3415, 2495 3420, 2500 3425, 2505 3430, 2510 3435, 2515 3440, 2520 3445, 2525 3450, 2530 3455, 2525 3460, 2520 3465, 2515 3470, 2510 3475, 2505 3480, 2500 3475, 2495 3470, 2490 3475, 2485 3480, 2480 3485, 2475 3490, 2465 3490, 2460 3495, 2455 3500))"
lesion,8,R1_3_L,,26850.0,1,2155.530726256983,3589.1744258224703,"POLYGON ((2185 3690, 2175 3690, 2170 3685, 2165 3680, 2160 3675, 2155 3670, 2150 3665, 2145 3660, 2140 3655, 2135 3650, 2130 3645, 2125 3640, 2120 3635, 2115 3630, 2110 3625, 2105 3620, 2100 3615, 2095 3610, 2090 3615, 2085 3620, 2080 3625, 2075 3630, 2070 3625, 2065 3620, 2060 3615, 2055 3610, 2050 3605, 2045 3600, 2040 3595, 2045 3590, 2050 3585, 2045 3580, 2040 3575, 2040 3565, 2035 3560, 2030 3555, 2030 3545, 2025 3540, 2020 3535, 2025 3530, 2030 3525, 2035 3520, 2040 3515, 2045 3510, 2055 3510, 2065 3510, 2075 3510, 2085 3510, 2090 3505, 2095 3500, 2100 3505, 2105 3510, 2110 3515, 2115 3520, 2120 3525, 2120 3535, 2125 3540, 2130 3545, 2135 3550, 2140 3555, 2145 3560, 2150 3555, 2155 3550, 2160 3545, 2165 3540, 2175 3540, 2185 3540, 2190 3535, 2195 3530, 2205 3530, 2215 3530, 2220 3535, 2225 3540, 2235 3540, 2240 3545, 2245 3550, 2250 3555, 2255 3560, 2265 3560, 2270 3565, 2275 3570, 2280 3575, 2285 3580, 2290 3585, 2290 3595, 2285 3600, 2280 3605, 2275 3610, 2270 3615, 2265 3620, 2260 3625, 2255 3630, 2250 3635, 2245 3640, 2240 3645, 2235 3650, 2230 3655, 2225 3660, 2215 3660, 2210 3665, 2205 3670, 2200 3675, 2195 3680, 2190 3685, 2185 3690))"
core,8,R1_3_L,,2650.0,1,2190.566037735849,3602.4528301886794,"POLYGON ((2195 3630, 2185 3630, 2175 3630, 2170 3625, 2165 3620, 2160 3615, 2155 3610, 2150 3605, 2155 3600, 2160 3595, 2165 3590, 2175 3590, 2180 3585, 2185 3580, 2195 3580, 2200 3575, 2205 3570, 2210 3575, 2215 3580, 2220 3585, 2225 3590, 2230 3595, 2225 3600, 2220 3605, 2215 3610, 2210 3615, 2205 3620, 2200 3625, 2195 3630))"
rim,8,R1_3_L,,24200.0,1,2151.694214876033,3587.720385674931,"POLYGON ((2185 3690, 2175 3690, 2170 3685, 2165 3680, 2160 3675, 2155 3670, 2150 3665, 2145 3660, 2140 3655, 2135 3650, 2130 3645, 2125 3640, 2120 3635, 2115 3630, 2110 3625, 2105 3620, 2100 3615, 2095 3610, 2090 3615, 2085 3620, 2080 3625, 2075 3630, 2070 3625, 2065 3620, 2060 3615, 2055 3610, 2050 3605, 2045 3600, 2040 3595, 2045 3590, 2050 3585, 2045 3580, 2040 3575, 2040 3565, 2035 3560, 2030 3555, 2030 3545, 2025 3540, 2020 3535, 2025 3530, 2030 3525, 2035 3520, 2040 3515, 2045 3510, 2055 3510, 2065 3510, 2075 3510, 2085 3510, 2090 3505, 2095 3500, 2100 3505, 2105 3510, 2110 3515, 2115 3520, 2120 3525, 2120 3535, 2125 3540, 2130 3545, 2135 3550, 2140 3555, 2145 3560, 2150 3555, 2155 3550, 2160 3545, 2165 3540, 2175 3540, 2185 3540, 2190 3535, 2195 3530, 2205 3530, 2215 3530, 2220 3535, 2225 3540, 2235 3540, 2240 3545, 2245 3550, 2250 3555, 2255 3560, 2265 3560, 2270 3565, 2275 3570, 2280 3575, 2285 3580, 2290 3585, 2290 3595, 2285 3600, 2280 3605, 2275 3610, 2270 3615, 2265 3620, 2260 3625, 2255 3630, 2250 3635, 2245 3640, 2240 3645, 2235 3650, 2230 3655, 2225 3660, 2215 3660, 2210 3665, 2205 3670, 2200 3675, 2195 3680, 2190 3685, 2185 3690), (2200 3625, 2205 3620, 2210 3615, 2215 3610, 2220 3605, 2225 3600, 2230 3595, 2225 3590, 2220 3585, 2215 3580, 2210 3575, 2205 3570, 2200 3575, 2195 3580, 2185 3580, 2180 3585, 2175 3590, 2165 3590, 2160 3595, 2155 3600, 2150 3605, 2155 3610, 2160 3615, 2165 3620, 2170 3625, 2175 3630, 2185 3630, 2195 3630, 2200 3625))"
lesion,11,P2_3_C,,333350.0,1,2421.5195490225487,4687.1020198990045,"POLYGON ((2745 5160, 2735 5160, 2730 5155, 2725 5150, 2715 5150, 2705 5150, 2695 5150, 2690 5145, 2685 5140, 2680 5135, 2675 5130, 2670 5125, 2665 5120, 2660 5115, 2655 5110, 2650 5105, 2645 5100, 2640 5095, 2635 5090, 2625 5090, 2615 5090, 2605 5090, 2595 5090, 2585 5090, 2575 5090, 2570 5085, 2565 5080, 2555 5080, 2545 5080, 2540 5075, 2535 5070, 2530 5065, 2525 5060, 2515 5060, 2505 5060, 2500 5055, 2495 5050, 2490 5045, 2485 5040, 2480 5035, 2475 5030, 2470 5025, 2470 5015, 2470 5005, 2465 5000, 2460 4995, 2460 4985, 2460 4975, 2455 4970, 2450 4965, 2450 4955, 2445 4950, 2440 4945, 2435 4940, 2430 4935, 2425 4930, 2420 4925, 2415 4920, 2405 4920, 2395 4920, 2390 4915, 2385 4910, 2380 4905, 2375 4900, 2370 4905, 2365 4910, 2360 4915, 2355 4920, 2350 4925, 2345 4930, 2340 4935, 2335 4940, 2325 4940, 2315 4940, 2305 4940, 2295 4940, 2290 4945, 2285 4950, 2275 4950, 2270 4955, 2265 4960, 2255 4960, 2250 4955, 2245 4950, 2240 4945, 2235 4940, 2230 4935, 2230 4925, 2235 4920, 2240 4915, 2240 4905, 2245 4900, 2250 4895, 2255 4890, 2260 4885, 2265 4880, 2270 4875, 2270 4865, 2270 4855, 2270 4845, 2270 4835, 2270 4825, 2270 4815, 2275 4810, 2280 4805, 2275 4800, 2270 4795, 2270 4785, 2270 4775, 2270 4765, 2270 4755, 2265 4750, 2260 4745, 2255 4740, 2250 4735, 2245 4730, 2240 4725, 2245 4720, 2250 4715, 2255 4710, 2260 4705, 2265 4700, 2270 4695, 2270 4685, 2270 4675, 2270 4665, 2265 4660, 2260 4655, 2255 4650, 2250 4645, 2250 4635, 2245 4630, 2240 4625, 2240 4615, 2235 4610, 2230 4605, 2225 4600, 2220 4595, 2215 4590, 2210 4595, 2205 4600, 2200 4605, 2195 4610, 2190 4615, 2185 4620, 2180 4625, 2180 4635, 2180 4645, 2175 4650, 2170 4655, 2165 4660, 2160 4665, 2155 4670, 2145 4670, 2140 4665, 2135 4660, 2130 4655, 2125 4650, 2120 4645, 2120 4635, 2120 4625, 2120 4615, 2125 4610, 2130 4605, 2130 4595, 2130 4585, 2130 4575, 2130 4565, 2130 4555, 2125 4550, 2120 4545, 2125 4540, 2130 4535, 2125 4530, 2120 4525, 2125 4520, 2130 4515, 2130 4505, 2125 4500, 2120 4495, 2120 4485, 2115 4480, 2110 4475, 2115 4470, 2120 4465, 2115 4460, 2110 4455, 2110 4445, 2105 4440, 2100 4435, 2100 4425, 2095 4420, 2090 4415, 2095 4410, 2100 4405, 2095 4400, 2090 4395, 2085 4390, 2080 4385, 2075 4380, 2070 4375, 2070 4365, 2065 4360, 2060 4355, 2060 4345, 2060 4335, 2060 4325, 2055 4320, 2050 4315, 2050 4305, 2055 4300, 2060 4295, 2065 4290, 2070 4285, 2075 4280, 2080 4285, 2085 4290, 2090 4285, 2095 4280, 2100 4275, 2105 4270, 2110 4265, 2105 4260, 2100 4255, 2095 4250, 2090 4245, 2085 4240, 2080 4235, 2075 4230, 2070 4225, 2065 4220, 2060 4225, 2055 4230, 2050 4235, 2045 4240, 2040 4245, 2035 4250, 2030 4245, 2025 4240, 2020 4235, 2015 4230, 2010 4225, 2005 4220, 2000 4215, 2000 4205, 2005 4200, 2010 4195, 2015 4190, 2020 4185, 2025 4180, 2030 4185, 2035 4190, 2040 4195, 2045 4200, 2050 4205, 2055 4210, 2065 4210, 2070 4205, 2075 4200, 2080 4195, 2085 4190, 2090 4185, 2095 4180, 2100 4175, 2105 4170, 2110 4165, 2115 4160, 2120 4155, 2120 4145, 2115 4140, 2110 4135, 2105 4130, 2100 4125, 2105 4120, 2110 4115, 2115 4110, 2120 4105, 2125 4100, 2135 4100, 2140 4105, 2145 4110, 2155 4110, 2165 4110, 2175 4110, 2180 4115, 2185 4120, 2190 4125, 2195 4130, 2200 4135, 2205 4140, 2210 4145, 2215 4150, 2225 4150, 2230 4155, 2230 4165, 2235 4170, 2240 4175, 2245 4180, 2250 4185, 2255 4190, 2260 4195, 2265 4200, 2270 4205, 2270 4215, 2265 4220, 2260 4225, 2265 4230, 2270 4235, 2275 4240, 2280 4245, 2285 4250, 2290 4255, 2290 4265, 2295 4270, 2305 4270, 2310 4275, 2310 4285, 2310 4295, 2315 4300, 2320 4305, 2320 4315, 2325 4320, 2330 4325, 2330 4335, 2330 4345, 2330 4355, 2335 4360, 2340 4365, 2340 4375, 2345 4380, 2350 4385, 2355 4390, 2360 4395, 2365 4400, 2370 4405, 2370 4415, 2370 4425, 2375 4430, 2380 4435, 2385 4440, 2390 4445, 2390 4455, 2395 4460, 2400 4465, 2405 4470, 2410 4475, 2415 4480, 2420 4485, 2425 4490, 2430 4495, 2430 4505, 2430 4515, 2435 4520, 2440 4525, 2445 4530, 2450 4535, 2455 4540, 2460 4545, 2465 4550, 2470 4555, 2475 4560, 2480 4565, 2485 4570, 2490 4575, 2495 4580, 2500 4585, 2500 4595, 2505 4600, 2510 4605, 2515 4610, 2520 4615, 2525 4620, 2530 4625, 2535 4630, 2540 4635, 2545 4640, 2550 4645, 2555 4650, 2560 4655, 2560 4665, 2565 4670, 2570 4675, 2575 4680, 2580 4685, 2585 4690, 2595 4690, 2605 4690, 2615 4690, 2620 4695, 2625 4700, 2635 4700, 2645 4700, 2650 4705, 2655 4710, 2660 4715, 2660 4725, 2665 4730, 2670 4735, 2675 4740, 2680 4745, 2685 4750, 2690 4755, 2695 4760, 2700 4765, 2705 4770, 2715 4770, 2720 4775, 2725 4780, 2735 4780, 2740 4785, 2740 4795, 2745 4800, 2750 4805, 2750 4815, 2755 4820, 2760 4825, 2760 4835, 2765 4840, 2770 4845, 2770 4855, 2775 4860, 2780 4865, 2785 4870, 2790 4875, 2795 4880, 2800 4885, 2800 4895, 2800 4905, 2800 4915, 2800 4925, 2805 4930, 2810 4935, 2810 4945, 2810 4955, 2815 4960, 2820 4965, 2820 4975, 2820 4985, 2825 4990, 2830 4995, 2830 5005, 2835 5010, 2840 5015, 2840 5025, 2845 5030, 2850 5035, 2850 5045, 2850 5055, 2850 5065, 2855 5070, 2860 5075, 2860 5085, 2855 5090, 2850 5085, 2845 5080, 2840 5085, 2835 5090, 2830 5095, 2825 5100, 2820 5105, 2820 5115, 2820 5125, 2815 5130, 2810 5135, 2805 5140, 2800 5145, 2795 5150, 2785 5150, 2775 5150, 2765 5150, 2755 5150, 2750 5155, 2745 5160))"
core,11,P2_3_C,,221450.0,1,2451.99292541582,4684.030631444269,"POLYGON ((2765 5100, 2755 5100, 2745 5100, 2735 5100, 2725 5100, 2715 5100, 2710 5095, 2705 5090, 2700 5085, 2695 5080, 2690 5075, 2685 5070, 2680 5065, 2675 5060, 2670 5055, 2665 5050, 2655 5050, 2650 5045, 2645 5040, 2635 5040, 2625 5040, 2615 5040, 2605 5040, 2595 5040, 2585 5040, 2580 5035, 2575 5030, 2565 5030, 2560 5025, 2555 5020, 2545 5020, 2540 5015, 2535 5010, 2525 5010, 2520 5005, 2520 4995, 2515 4990, 2510 4985, 2510 4975, 2510 4965, 2505 4960, 2500 4955, 2500 4945, 2495 4940, 2490 4935, 2490 4925, 2485 4920, 2480 4915, 2475 4910, 2470 4905, 2465 4900, 2460 4895, 2455 4890, 2450 4885, 2445 4880, 2435 4880, 2430 4875, 2425 4870, 2415 4870, 2410 4865, 2405 4860, 2395 4860, 2390 4855, 2385 4850, 2375 4850, 2365 4850, 2360 4855, 2355 4860, 2345 4860, 2340 4865, 2335 4870, 2330 4875, 2325 4880, 2320 4875, 2320 4865, 2320 4855, 2320 4845, 2320 4835, 2320 4825, 2325 4820, 2330 4815, 2330 4805, 2330 4795, 2325 4790, 2320 4785, 2320 4775, 2320 4765, 2320 4755, 2320 4745, 2315 4740, 2310 4735, 2310 4725, 2310 4715, 2315 4710, 2320 4705, 2320 4695, 2320 4685, 2320 4675, 2320 4665, 2320 4655, 2315 4650, 2310 4645, 2310 4635, 2305 4630, 2300 4625, 2295 4620, 2290 4615, 2290 4605, 2285 4600, 2280 4595, 2280 4585, 2275 4580, 2270 4575, 2265 4570, 2260 4565, 2255 4560, 2250 4555, 2245 4550, 2235 4550, 2230 4545, 2225 4540, 2215 4540, 2205 4540, 2200 4545, 2195 4550, 2185 4550, 2180 4545, 2180 4535, 2180 4525, 2180 4515, 2180 4505, 2180 4495, 2175 4490, 2170 4485, 2170 4475, 2170 4465, 2170 4455, 2165 4450, 2160 4445, 2160 4435, 2155 4430, 2150 4425, 2150 4415, 2150 4405, 2150 4395, 2145 4390, 2140 4385, 2140 4375, 2135 4370, 2130 4365, 2125 4360, 2120 4355, 2115 4350, 2110 4345, 2110 4335, 2115 4330, 2120 4325, 2125 4320, 2130 4315, 2135 4310, 2140 4305, 2145 4300, 2150 4295, 2150 4285, 2155 4280, 2160 4275, 2160 4265, 2160 4255, 2155 4250, 2150 4245, 2150 4235, 2145 4230, 2140 4225, 2135 4220, 2130 4215, 2135 4210, 2140 4205, 2145 4200, 2150 4195, 2155 4190, 2160 4185, 2160 4175, 2165 4170, 2170 4165, 2170 4155, 2175 4150, 2180 4155, 2185 4160, 2195 4160, 2200 4165, 2205 4170, 2215 4170, 2220 4175, 2225 4180, 2230 4185, 2235 4190, 2240 4195, 2245 4200, 2250 4205, 2255 4210, 2265 4210, 2270 4215, 2265 4220, 2260 4225, 2265 4230, 2270 4235, 2275 4240, 2280 4245, 2285 4250, 2290 4255, 2290 4265, 2295 4270, 2300 4275, 2300 4285, 2300 4295, 2300 4305, 2300 4315, 2305 4320, 2310 4325, 2310 4335, 2315 4340, 2320 4345, 2320 4355, 2325 4360, 2330 4365, 2330 4375, 2330 4385, 2335 4390, 2340 4395, 2340 4405, 2345 4410, 2350 4415, 2355 4420, 2360 4425, 2360 4435, 2365 4440, 2370 4445, 2370 4455, 2375 4460, 2380 4465, 2385 4470, 2390 4475, 2390 4485, 2395 4490, 2400 4495, 2405 4500, 2410 4505, 2415 4510, 2420 4515, 2425 4520, 2430 4525, 2435 4530, 2440 4535, 2445 4540, 2450 4545, 2455 4550, 2460 4555, 2465 4560, 2470 4565, 2475 4570, 2480 4575, 2485 4580, 2490 4585, 2490 4595, 2495 4600, 2500 4605, 2505 4610, 2510 4615, 2515 4620, 2520 4625, 2525 4630, 2535 4630, 2540 4635, 2545 4640, 2550 4645, 2555 4650, 2560 4655, 2560 4665, 2565 4670, 2570 4675, 2575 4680, 2580 4685, 2585 4690, 2595 4690, 2605 4690, 2615 4690, 2620 4695, 2625 4700, 2635 4700, 2645 4700, 2650 4705, 2655 4710, 2660 4715, 2660 4725, 2665 4730, 2670 4735, 2675 4740, 2680 4745, 2685 4750, 2690 4755, 2695 4760, 2700 4765, 2705 4770, 2710 4775, 2710 4785, 2715 4790, 2720 4795, 2720 4805, 2720 4815, 2725 4820, 2730 4825, 2730 4835, 2735 4840, 2740 4845, 2740 4855, 2745 4860, 2750 4865, 2750 4875, 2755 4880, 2760 4885, 2765 4890, 2770 4895, 2770 4905, 2770 4915, 2770 4925, 2775 4930, 2780 4935, 2780 4945, 2780 4955, 2785 4960, 2790 4965, 2790 4975, 2795 4980, 2800 4985, 2800 4995, 2800 5005, 2805 5010, 2810 5015, 2810 5025, 2815 5030, 2820 5035, 2815 5040, 2810 5045, 2805 5050, 2800 5055, 2795 5060, 2790 5065, 2785 5070, 2780 5075, 2780 5085, 2775 5090, 2770 5095, 2765 5100))"
rim,11,P2_3_C,,110650.0,3,2359.972887483055,4694.731887332429,"MULTIPOLYGON (((2330 4355, 2330 4345, 2330 4335, 2330 4325, 2325 4320, 2320 4315, 2320 4305, 2315 4300, 2310 4295, 2310 4285, 2310 4275, 2305 4270, 2300 4275, 2300 4285, 2300 4295, 2300 4305, 2300 4315, 2305 4320, 2310 4325, 2310 4335, 2315 4340, 2320 4345, 2320 4355, 2325 4360, 2330 4355)), ((2430 4505, 2430 4495, 2425 4490, 2420 4485, 2415 4480, 2410 4475, 2405 4470, 2400 4465, 2395 4460, 2390 4455, 2390 4445, 2385 4440, 2380 4435, 2375 4430, 2370 4425, 2370 4415, 2370 4405, 2365 4400, 2360 4395, 2355 4390, 2350 4385, 2345 4380, 2340 4375, 2340 4365, 2335 4360, 2330 4365, 2330 4375, 2330 4385, 2335 4390, 2340 4395, 2340 4405, 2345 4410, 2350 4415, 2355 4420, 2360 4425, 2360 4435, 2365 4440, 2370 4445, 2370 4455, 2375 4460, 2380 4465, 2385 4470, 2390 4475, 2390 4485, 2395 4490, 2400 4495, 2405 4500, 2410 4505, 2415 4510, 2420 4515, 2425 4520, 2430 4515, 2430 4505)), ((2755 5150, 2765 5150, 2775 5150, 2785 5150, 2795 5150, 2800 5145, 2805 5140, 2810 5135, 2815 5130, 2820 5125, 2820 5115, 2820 5105, 2825 5100, 2830 5095, 2835 5090, 2840 5085, 2845 5080, 2850 5085, 2855 5090, 2860 5085, 2860 5075, 2855 5070, 2850 5065, 2850 5055, 2850 5045, 2850 5035, 2845 5030, 2840 5025, 2840 5015, 2835 5010, 2830 5005, 2830 4995, 2825 4990, 2820 4985, 2820 4975, 2820 4965, 2815 4960, 2810 4955, 2810 4945, 2810 4935, 2805 4930, 2800 4925, 2800 4915, 2800 4905, 2800 4895, 2800 4885, 2795 4880, 2790 4875, 2785 4870, 2780 4865, 2775 4860, 2770 4855, 2770 4845, 2765 4840, 2760 4835, 2760 4825, 2755 4820, 2750 4815, 2750 4805, 2745 4800, 2740 4795, 2740 4785, 2735 4780, 2725 4780, 2720 4775, 2715 4770, 2710 4775, 2710 4785, 2715 4790, 2720 4795, 2720 4805, 2720 4815, 2725 4820, 2730 4825, 2730 4835, 2735 4840, 2740 4845, 2740 4855, 2745 4860, 2750 4865, 2750 4875, 2755 4880, 2760 4885, 2765 4890, 2770 4895, 2770 4905, 2770 4915, 2770 4925, 2775 4930, 2780 4935, 2780 4945, 2780 4955, 2785 4960, 2790 4965, 2790 4975, 2795 4980, 2800 4985, 2800 4995, 2800 5005, 2805 5010, 2810 5015, 2810 5025, 2815 5030, 2820 5035, 2815 5040, 2810 5045, 2805 5050, 2800 5055, 2795 5060, 2790 5065, 2785 5070, 2780 5075, 2780 5085, 2775 5090, 2770 5095, 2765 5100, 2755 5100, 2745 5100, 2735 5100, 2725 5100, 2715 5100, 2710 5095, 2705 5090, 2700 5085, 2695 5080, 2690 5075, 2685 5070, 2680 5065, 2675 5060, 2670 5055, 2665 5050, 2655 5050, 2650 5045, 2645 5040, 2635 5040, 2625 5040, 2615 5040, 2605 5040, 2595 5040, 2585 5040, 2580 5035, 2575 5030, 2565 5030, 2560 5025, 2555 5020, 2545 5020, 2540 5015, 2535 5010, 2525 5010, 2520 5005, 2520 4995, 2515 4990, 2510 4985, 2510 4975, 2510 4965, 2505 4960, 2500 4955, 2500 4945, 2495 4940, 2490 4935, 2490 4925, 2485 4920, 2480 4915, 2475 4910, 2470 4905, 2465 4900, 2460 4895, 2455 4890, 2450 4885, 2445 4880, 2435 4880, 2430 4875, 2425 4870, 2415 4870, 2410 4865, 2405 4860, 2395 4860, 2390 4855, 2385 4850, 2375 4850, 2365 4850, 2360 4855, 2355 4860, 2345 4860, 2340 4865, 2335 4870, 2330 4875, 2325 4880, 2320 4875, 2320 4865, 2320 4855, 2320 4845, 2320 4835, 2320 4825, 2325 4820, 2330 4815, 2330 4805, 2330 4795, 2325 4790, 2320 4785, 2320 4775, 2320 4765, 2320 4755, 2320 4745, 2315 4740, 2310 4735, 2310 4725, 2310 4715, 2315 4710, 2320 4705, 2320 4695, 2320 4685, 2320 4675, 2320 4665, 2320 4655, 2315 4650, 2310 4645, 2310 4635, 2305 4630, 2300 4625, 2295 4620, 2290 4615, 2290 4605, 2285 4600, 2280 4595, 2280 4585, 2275 4580, 2270 4575, 2265 4570, 2260 4565, 2255 4560, 2250 4555, 2245 4550, 2235 4550, 2230 4545, 2225 4540, 2215 4540, 2205 4540, 2200 4545, 2195 4550, 2185 4550, 2180 4545, 2180 4535, 2180 4525, 2180 4515, 2180 4505, 2180 4495, 2175 4490, 2170 4485, 2170 4475, 2170 4465, 2170 4455, 2165 4450, 2160 4445, 2160 4435, 2155 4430, 2150 4425, 2150 4415, 2150 4405, 2150 4395, 2145 4390, 2140 4385, 2140 4375, 2135 4370, 2130 4365, 2125 4360, 2120 4355, 2115 4350, 2110 4345, 2110 4335, 2115 4330, 2120 4325, 2125 4320, 2130 4315, 2135 4310, 2140 4305, 2145 4300, 2150 4295, 2150 4285, 2155 4280, 2160 4275, 2160 4265, 2160 4255, 2155 4250, 2150 4245, 2150 4235, 2145 4230, 2140 4225, 2135 4220, 2130 4215, 2135 4210, 2140 4205, 2145 4200, 2150 4195, 2155 4190, 2160 4185, 2160 4175, 2165 4170, 2170 4165, 2170 4155, 2175 4150, 2180 4155, 2185 4160, 2195 4160, 2200 4165, 2205 4170, 2215 4170, 2220 4175, 2225 4180, 2230 4185, 2235 4190, 2240 4195, 2245 4200, 2250 4205, 2255 4210, 2265 4210, 2270 4205, 2265 4200, 2260 4195, 2255 4190, 2250 4185, 2245 4180, 2240 4175, 2235 4170, 2230 4165, 2230 4155, 2225 4150, 2215 4150, 2210 4145, 2205 4140, 2200 4135, 2195 4130, 2190 4125, 2185 4120, 2180 4115, 2175 4110, 2165 4110, 2155 4110, 2145 4110, 2140 4105, 2135 4100, 2125 4100, 2120 4105, 2115 4110, 2110 4115, 2105 4120, 2100 4125, 2105 4130, 2110 4135, 2115 4140, 2120 4145, 2120 4155, 2115 4160, 2110 4165, 2105 4170, 2100 4175, 2095 4180, 2090 4185, 2085 4190, 2080 4195, 2075 4200, 2070 4205, 2065 4210, 2055 4210, 2050 4205, 2045 4200, 2040 4195, 2035 4190, 2030 4185, 2025 4180, 2020 4185, 2015 4190, 2010 4195, 2005 4200, 2000 4205, 2000 4215, 2005 4220, 2010 4225, 2015 4230, 2020 4235, 2025 4240, 2030 4245, 2035 4250, 2040 4245, 2045 4240, 2050 4235, 2055 4230, 2060 4225, 2065 4220, 2070 4225, 2075 4230, 2080 4235, 2085 4240, 2090 4245, 2095 4250, 2100 4255, 2105 4260, 2110 4265, 2105 4270, 2100 4275, 2095 4280, 2090 4285, 2085 4290, 2080 4285, 2075 4280, 2070 4285, 2065 4290, 2060 4295, 2055 4300, 2050 4305, 2050 4315, 2055 4320, 2060 4325, 2060 4335, 2060 4345, 2060 4355, 2065 4360, 2070 4365, 2070 4375, 2075 4380, 2080 4385, 2085 4390, 2090 4395, 2095 4400, 2100 4405, 2095 4410, 2090 4415, 2095 4420, 2100 4425, 2100 4435, 2105 4440, 2110 4445, 2110 4455, 2115 4460, 2120 4465, 2115 4470, 2110 4475, 2115 4480, 2120 4485, 2120 4495, 2125 4500, 2130 4505, 2130 4515, 2125 4520, 2120 4525, 2125 4530, 2130 4535, 2125 4540, 2120 4545, 2125 4550, 2130 4555, 2130 4565, 2130 4575, 2130 4585, 2130 4595, 2130 4605, 2125 4610, 2120 4615, 2120 4625, 2120 4635, 2120 4645, 2125 4650, 2130 4655, 2135 4660, 2140 4665, 2145 4670, 2155 4670, 2160 4665, 2165 4660, 2170 4655, 2175 4650, 2180 4645, 2180 4635, 2180 4625, 2185 4620, 2190 4615, 2195 4610, 2200 4605, 2205 4600, 2210 4595, 2215 4590, 2220 4595, 2225 4600, 2230 4605, 2235 4610, 2240 4615, 2240 4625, 2245 4630, 2250 4635, 2250 4645, 2255 4650, 2260 4655, 2265 4660, 2270 4665, 2270 4675, 2270 4685, 2270 4695, 2265 4700, 2260 4705, 2255 4710, 2250 4715, 2245 4720, 2240 4725, 2245 4730, 2250 4735, 2255 4740, 2260 4745, 2265 4750, 2270 4755, 2270 4765, 2270 4775, 2270 4785, 2270 4795, 2275 4800, 2280 4805, 2275 4810, 2270 4815, 2270 4825, 2270 4835, 2270 4845, 2270 4855, 2270 4865, 2270 4875, 2265 4880, 2260 4885, 2255 4890, 2250 4895, 2245 4900, 2240 4905, 2240 4915, 2235 4920, 2230 4925, 2230 4935, 2235 4940, 2240 4945, 2245 4950, 2250 4955, 2255 4960, 2265 4960, 2270 4955, 2275 4950, 2285 4950, 2290 4945, 2295 4940, 2305 4940, 2315 4940, 2325 4940, 2335 4940, 2340 4935, 2345 4930, 2350 4925, 2355 4920, 2360 4915, 2365 4910, 2370 4905, 2375 4900, 2380 4905, 2385 4910, 2390 4915, 2395 4920, 2405 4920, 2415 4920, 2420 4925, 2425 4930, 2430 4935, 2435 4940, 2440 4945, 2445 4950, 2450 4955, 2450 4965, 2455 4970, 2460 4975, 2460 4985, 2460 4995, 2465 5000, 2470 5005, 2470 5015, 2470 5025, 2475 5030, 2480 5035, 2485 5040, 2490 5045, 2495 5050, 2500 5055, 2505 5060, 2515 5060, 2525 5060, 2530 5065, 2535 5070, 2540 5075, 2545 5080, 2555 5080, 2565 5080, 2570 5085, 2575 5090, 2585 5090, 2595 5090, 2605 5090, 2615 5090, 2625 5090, 2635 5090, 2640 5095, 2645 5100, 2650 5105, 2655 5110, 2660 5115, 2665 5120, 2670 5125, 2675 5130, 2680 5135, 2685 5140, 2690 5145, 2695 5150, 2705 5150, 2715 5150, 2725 5150, 2730 5155, 2735 5160, 2745 5160, 2750 5155, 2755 5150)))"
lesion,12,P2_3_C,,10950.0,1,1579.2047184170474,4168.862252663623,"POLYGON ((1585 4260, 1580 4255, 1575 4250, 1570 4245, 1565 4240, 1560 4235, 1560 4225, 1565 4220, 1570 4215, 1565 4210, 1560 4205, 1555 4200, 1550 4195, 1545 4190, 1540 4185, 1535 4180, 1525 4180, 1520 4175, 1515 4170, 1510 4165, 1505 4160, 1500 4155, 1505 4150, 1510 4145, 1515 4140, 1520 4135, 1525 4130, 1535 4130, 1540 4125, 1545 4120, 1555 4120, 1565 4120, 1575 4120, 1585 4120, 1595 4120, 1600 4115, 1605 4110, 1615 4110, 1625 4110, 1630 4115, 1635 4120, 1640 4125, 1640 4135, 1640 4145, 1640 4155, 1635 4160, 1630 4165, 1630 4175, 1625 4180, 1620 4185, 1615 4190, 1610 4195, 1605 4200, 1600 4205, 1600 4215, 1605 4220, 1610 4225, 1610 4235, 1605 4240, 1600 4245, 1595 4250, 1590 4255, 1585 4260))"
rim,12,P2_3_C,,10950.0,1,1579.2047184170474,4168.862252663623,"POLYGON ((1585 4260, 1580 4255, 1575 4250, 1570 4245, 1565 4240, 1560 4235, 1560 4225, 1565 4220, 1570 4215, 1565 4210, 1560 4205, 1555 4200, 1550 4195, 1545 4190, 1540 4185, 1535 4180, 1525 4180, 1520 4175, 1515 4170, 1510 4165, 1505 4160, 1500 4155, 1505 4150, 1510 4145, 1515 4140, 1520 4135, 1525 4130, 1535 4130, 1540 4125, 1545 4120, 1555 4120, 1565 4120, 1575 4120, 1585 4120, 1595 4120, 1600 4115, 1605 4110, 1615 4110, 1625 4110, 1630 4115, 1635 4120, 1640 4125, 1640 4135, 1640 4145, 1640 4155, 1635 4160, 1630 4165, 1630 4175, 1625 4180, 1620 4185, 1615 4190, 1610 4195, 1605 4200, 1600 4205, 1600 4215, 1605 4220, 1610 4225, 1610 4235, 1605 4240, 1600 4245, 1595 4250, 1590 4255, 1585 4260))"
lesion,14,P2_3_C,,41650.0,1,788.1642657062825,5314.448779511805,"POLYGON ((845 5550, 835 5550, 830 5545, 825 5540, 820 5535, 815 5530, 810 5525, 815 5520, 820 5515, 825 5510, 830 5505, 835 5500, 840 5495, 845 5490, 850 5485, 845 5480, 840 5475, 835 5470, 830 5465, 825 5460, 820 5465, 815 5470, 805 5470, 795 5470, 785 5470, 780 5465, 775 5460, 765 5460, 760 5455, 755 5450, 750 5445, 745 5440, 740 5435, 740 5425, 735 5420, 730 5415, 725 5410, 720 5405, 715 5400, 710 5395, 705 5390, 700 5385, 695 5380, 690 5375, 695 5370, 700 5365, 705 5360, 710 5355, 715 5350, 720 5345, 725 5340, 730 5335, 735 5330, 740 5325, 735 5320, 730 5315, 725 5310, 720 5305, 715 5300, 710 5295, 715 5290, 720 5285, 720 5275, 720 5265, 725 5260, 730 5255, 725 5250, 720 5245, 725 5240, 730 5235, 725 5230, 720 5225, 715 5220, 710 5215, 710 5205, 715 5200, 720 5195, 720 5185, 725 5180, 730 5175, 725 5170, 720 5165, 715 5160, 710 5155, 705 5150, 700 5145, 695 5140, 690 5135, 685 5130, 680 5125, 685 5120, 690 5115, 695 5110, 700 5105, 705 5100, 710 5095, 715 5090, 725 5090, 730 5095, 735 5100, 740 5105, 745 5110, 750 5115, 755 5120, 760 5125, 765 5130, 770 5125, 775 5120, 780 5115, 785 5110, 790 5105, 795 5100, 805 5100, 810 5105, 815 5110, 820 5115, 825 5120, 830 5125, 830 5135, 825 5140, 820 5145, 815 5150, 810 5155, 810 5165, 805 5170, 800 5175, 795 5180, 790 5185, 795 5190, 800 5195, 805 5200, 810 5205, 815 5210, 820 5215, 820 5225, 825 5230, 830 5235, 830 5245, 835 5250, 840 5255, 840 5265, 840 5275, 840 5285, 835 5290, 830 5295, 825 5300, 820 5305, 815 5310, 805 5310, 800 5315, 795 5320, 785 5320, 775 5320, 770 5325, 765 5330, 760 5335, 755 5340, 750 5345, 755 5350, 760 5355, 765 5360, 770 5365, 775 5370, 780 5375, 780 5385, 780 5395, 785 5400, 790 5405, 795 5410, 800 5415, 805 5420, 815 5420, 820 5425, 825 5430, 830 5425, 835 5420, 840 5415, 845 5410, 850 5405, 855 5400, 865 5400, 870 5395, 875 5390, 885 5390, 890 5395, 895 5400, 900 5405, 905 5410, 910 5415, 910 5425, 905 5430, 900 5435, 895 5440, 890 5445, 885 5450, 880 5455, 875 5460, 870 5465, 865 5470, 860 5475, 865 5480, 870 5485, 875 5490, 880 5495, 885 5500, 890 5495, 895 5490, 905 5490, 910 5495, 915 5500, 920 5505, 925 5510, 930 5515, 925 5520, 920 5525, 915 5530, 910 5535, 905 5540, 895 5540, 890 5535, 885 5530, 880 5535, 875 5540, 865 5540, 855 5540, 850 5545, 845 5550))"
rim,14,P2_3_C,,41650.0,1,788.1642657062825,5314.448779511805,"POLYGON ((845 5550, 835 5550, 830 5545, 825 5540, 820 5535, 815 5530, 810 5525, 815 5520, 820 5515, 825 5510, 830 5505, 835 5500, 840 5495, 845 5490, 850 5485, 845 5480, 840 5475, 835 5470, 830 5465, 825 5460, 820 5465, 815 5470, 805 5470, 795 5470, 785 5470, 780 5465, 775 5460, 765 5460, 760 5455, 755 5450, 750 5445, 745 5440, 740 5435, 740 5425, 735 5420, 730 5415, 725 5410, 720 5405, 715 5400, 710 5395, 705 5390, 700 5385, 695 5380, 690 5375, 695 5370, 700 5365, 705 5360, 710 5355, 715 5350, 720 5345, 725 5340, 730 5335, 735 5330, 740 5325, 735 5320, 730 5315, 725 5310, 720 5305, 715 5300, 710 5295, 715 5290, 720 5285, 720 5275, 720 5265, 725 5260, 730 5255, 725 5250, 720 5245, 725 5240, 730 5235, 725 5230, 720 5225, 715 5220, 710 5215, 710 5205, 715 5200, 720 5195, 720 5185, 725 5180, 730 5175, 725 5170, 720 5165, 715 5160, 710 5155, 705 5150, 700 5145, 695 5140, 690 5135, 685 5130, 680 5125, 685 5120, 690 5115, 695 5110, 700 5105, 705 5100, 710 5095, 715 5090, 725 5090, 730 5095, 735 5100, 740 5105, 745 5110, 750 5115, 755 5120, 760 5125, 765 5130, 770 5125, 775 5120, 780 5115, 785 5110, 790 5105, 795 5100, 805 5100, 810 5105, 815 5110, 820 5115, 825 5120, 830 5125, 830 5135, 825 5140, 820 5145, 815 5150, 810 5155, 810 5165, 805 5170, 800 5175, 795 5180, 790 5185, 795 5190, 800 5195, 805 5200, 810 5205, 815 5210, 820 5215, 820 5225, 825 5230, 830 5235, 830 5245, 835 5250, 840 5255, 840 5265, 840 5275, 840 5285, 835 5290, 830 5295, 825 5300, 820 5305, 815 5310, 805 5310, 800 5315, 795 5320, 785 5320, 775 5320, 770 5325, 765 5330, 760 5335, 755 5340, 750 5345, 755 5350, 760 5355, 765 5360, 770 5365, 775 5370, 780 5375, 780 5385, 780 5395, 785 5400, 790 5405, 795 5410, 800 5415, 805 5420, 815 5420, 820 5425, 825 5430, 830 5425, 835 5420, 840 5415, 845 5410, 850 5405, 855 5400, 865 5400, 870 5395, 875 5390, 885 5390, 890 5395, 895 5400, 900 5405, 905 5410, 910 5415, 910 5425, 905 5430, 900 5435, 895 5440, 890 5445, 885 5450, 880 5455, 875 5460, 870 5465, 865 5470, 860 5475, 865 5480, 870 5485, 875 5490, 880 5495, 885 5500, 890 5495, 895 5490, 905 5490, 910 5495, 915 5500, 920 5505, 925 5510, 930 5515, 925 5520, 920 5525, 915 5530, 910 5535, 905 5540, 895 5540, 890 5535, 885 5530, 880 5535, 875 5540, 865 5540, 855 5540, 850 5545, 845 5550))"
lesion,15,P2_3_C,,15950.0,1,1418.8923719958202,5325.386624869384,"POLYGON ((1405 5400, 1395 5400, 1390 5395, 1385 5390, 1380 5385, 1375 5380, 1370 5375, 1370 5365, 1365 5360, 1360 5355, 1360 5345, 1360 5335, 1355 5330, 1350 5325, 1355 5320, 1360 5315, 1360 5305, 1355 5300, 1350 5295, 1355 5290, 1360 5285, 1360 5275, 1355 5270, 1350 5265, 1355 5260, 1360 5255, 1365 5250, 1370 5245, 1375 5240, 1385 5240, 1395 5240, 1400 5245, 1405 5250, 1410 5255, 1415 5260, 1420 5265, 1425 5270, 1430 5275, 1435 5280, 1445 5280, 1455 5280, 1460 5285, 1465 5290, 1470 5295, 1475 5300, 1480 5305, 1485 5310, 1490 5315, 1495 5320, 1500 5325, 1500 5335, 1500 5345, 1500 5355, 1495 5360, 1490 5365, 1485 5370, 1480 5375, 1475 5380, 1470 5385, 1465 5390, 1455 5390, 1445 5390, 1435 5390, 1425 5390, 1415 5390, 1410 5395, 1405 5400))"
core,15,P2_3_C,,350.0,1,1422.2619047619048,5332.738095238095,"POLYGON ((1435 5340, 1425 5340, 1415 5340, 1410 5335, 1410 5325, 1415 5320, 1420 5325, 1425 5330, 1435 5330, 1440 5335, 1435 5340))"
rim,15,P2_3_C,,15600.0,1,1418.8167735042737,5325.2216880341875,"POLYGON ((1405 5400, 1395 5400, 1390 5395, 1385 5390, 1380 5385, 1375 5380, 1370 5375, 1370 5365, 1365 5360, 1360 5355, 1360 5345, 1360 5335, 1355 5330, 1350 5325, 1355 5320, 1360 5315, 1360 5305, 1355 5300, 1350 5295, 1355 5290, 1360 5285, 1360 5275, 1355 5270, 1350 5265, 1355 5260, 1360 5255, 1365 5250, 1370 5245, 1375 5240, 1385 5240, 1395 5240, 1400 5245, 1405 5250, 1410 5255, 1415 5260, 1420 5265, 1425 5270, 1430 5275, 1435 5280, 1445 5280, 1455 5280, 1460 5285, 1465 5290, 1470 5295, 1475 5300, 1480 5305, 1485 5310, 1490 5315, 1495 5320, 1500 5325, 1500 5335, 1500 5345, 1500 5355, 1495 5360, 1490 5365, 1485 5370, 1480 5375, 1475 5380, 1470 5385, 1465 5390, 1455 5390, 1445 5390, 1435 5390, 1425 5390, 1415 5390, 1410 5395, 1405 5400), (1440 5335, 1435 5330, 1425 5330, 1420 5325, 1415 5320, 1410 5325, 1410 5335, 1415 5340, 1425 5340, 1435 5340, 1440 5335))"
lesion,16,P2_3_C,,6450.0,1,998.843669250646,5416.38888888889,"POLYGON ((985 5470, 975 5470, 970 5465, 965 5460, 960 5455, 955 5450, 950 5445, 950 5435, 950 5425, 955 5420, 960 5415, 965 5410, 970 5405, 975 5400, 980 5395, 980 5385, 985 5380, 990 5375, 995 5370, 1000 5365, 1005 5360, 1015 5360, 1020 5365, 1025 5370, 1030 5375, 1035 5380, 1040 5385, 1045 5390, 1050 5395, 1050 5405, 1045 5410, 1040 5415, 1035 5420, 1030 5425, 1030 5435, 1025 5440, 1020 5445, 1015 5450, 1010 5455, 1005 5460, 995 5460, 990 5465, 985 5470))"
rim,16,P2_3_C,,6450.0,1,998.843669250646,5416.38888888889,"POLYGON ((985 5470, 975 5470, 970 5465, 965 5460, 960 5455, 955 5450, 950 5445, 950 5435, 950 5425, 955 5420, 960 5415, 965 5410, 970 5405, 975 5400, 980 5395, 980 5385, 985 5380, 990 5375, 995 5370, 1000 5365, 1005 5360, 1015 5360, 1020 5365, 1025 5370, 1030 5375, 1035 5380, 1040 5385, 1045 5390, 1050 5395, 1050 5405, 1045 5410, 1040 5415, 1035 5420, 1030 5425, 1030 5435, 1025 5440, 1020 5445, 1015 5450, 1010 5455, 1005 5460, 995 5460, 990 5465, 985 5470))"
lesion,17,P2_3_C,,8550.0,1,1083.9863547758284,5555.536062378168,"POLYGON ((1115 5610, 1110 5605, 1105 5600, 1100 5605, 1095 5610, 1090 5605, 1085 5600, 1080 5595, 1075 5590, 1070 5585, 1065 5580, 1055 5580, 1045 5580, 1035 5580, 1030 5575, 1025 5570, 1020 5565, 1015 5560, 1010 5555, 1015 5550, 1020 5545, 1025 5540, 1030 5535, 1035 5530, 1040 5525, 1045 5520, 1050 5515, 1055 5510, 1065 5510, 1075 5510, 1085 5510, 1095 5510, 1105 5510, 1110 5515, 1115 5520, 1120 5525, 1125 5530, 1130 5535, 1135 5540, 1140 5545, 1140 5555, 1140 5565, 1140 5575, 1140 5585, 1135 5590, 1130 5595, 1125 5600, 1120 5605, 1115 5610))"
rim,17,P2_3_C,,8550.0,1,1083.9863547758284,5555.536062378168,"POLYGON ((1115 5610, 1110 5605, 1105 5600, 1100 5605, 1095 5610, 1090 5605, 1085 5600, 1080 5595, 1075 5590, 1070 5585, 1065 5580, 1055 5580, 1045 5580, 1035 5580, 1030 5575, 1025 5570, 1020 5565, 1015 5560, 1010 5555, 1015 5550, 1020 5545, 1025 5540, 1030 5535, 1035 5530, 1040 5525, 1045 5520, 1050 5515, 1055 5510, 1065 5510, 1075 5510, 1085 5510, 1095 5510, 1105 5510, 1110 5515, 1115 5520, 1120 5525, 1125 5530, 1130 5535, 1135 5540, 1140 5545, 1140 5555, 1140 5565, 1140 5575, 1140 5585, 1135 5590, 1130 5595, 1125 5600, 1120 5605, 1115 5610))"
lesion,19,P2_3_C,,39950.0,1,817.2163120567376,5733.073633708803,"POLYGON ((775 5930, 770 5925, 770 5915, 770 5905, 770 5895, 770 5885, 770 5875, 770 5865, 765 5860, 760 5855, 760 5845, 760 5835, 760 5825, 760 5815, 760 5805, 760 5795, 760 5785, 760 5775, 760 5765, 760 5755, 760 5745, 760 5735, 760 5725, 760 5715, 760 5705, 760 5695, 755 5690, 750 5685, 750 5675, 745 5670, 740 5665, 740 5655, 740 5645, 735 5640, 730 5635, 730 5625, 730 5615, 725 5610, 720 5605, 720 5595, 720 5585, 715 5580, 710 5575, 715 5570, 720 5565, 725 5560, 730 5565, 735 5570, 745 5570, 755 5570, 765 5570, 770 5575, 775 5580, 780 5585, 785 5590, 795 5590, 800 5585, 805 5580, 815 5580, 820 5585, 825 5590, 830 5595, 835 5600, 840 5605, 840 5615, 845 5620, 850 5625, 850 5635, 855 5640, 860 5645, 860 5655, 865 5660, 870 5665, 870 5675, 870 5685, 875 5690, 880 5695, 880 5705, 880 5715, 880 5725, 885 5730, 890 5735, 895 5740, 900 5745, 905 5750, 910 5745, 915 5740, 920 5735, 925 5730, 935 5730, 945 5730, 950 5735, 955 5740, 960 5745, 965 5750, 970 5755, 965 5760, 960 5765, 955 5770, 950 5775, 945 5780, 940 5785, 935 5790, 930 5785, 925 5780, 920 5775, 915 5770, 910 5775, 905 5780, 900 5785, 895 5790, 890 5795, 890 5805, 890 5815, 885 5820, 880 5825, 875 5830, 870 5835, 865 5840, 860 5845, 855 5850, 850 5855, 845 5860, 840 5865, 835 5870, 830 5875, 825 5880, 820 5885, 815 5890, 810 5895, 805 5900, 800 5905, 795 5910, 790 5915, 785 5920, 780 5925, 775 5930))"
core,19,P2_3_C,,15050.0,1,789.7314507198229,5738.313953488372,"POLYGON ((775 5860, 765 5860, 760 5855, 760 5845, 760 5835, 760 5825, 760 5815, 760 5805, 760 5795, 760 5785, 760 5775, 760 5765, 760 5755, 760 5745, 760 5735, 760 5725, 760 5715, 760 5705, 760 5695, 755 5690, 750 5685, 750 5675, 745 5670, 740 5665, 740 5655, 740 5645, 735 5640, 730 5635, 730 5625, 735 5620, 745 5620, 750 5625, 755 5630, 765 5630, 770 5635, 775 5640, 785 5640, 795 5640, 800 5645, 805 5650, 810 5655, 810 5665, 815 5670, 820 5675, 820 5685, 820 5695, 825 5700, 830 5705, 830 5715, 830 5725, 830 5735, 835 5740, 840 5745, 840 5755, 845 5760, 850 5765, 850 5775, 845 5780, 840 5785, 840 5795, 835 5800, 830 5805, 825 5810, 820 5815, 815 5820, 810 5825, 805 5830, 800 5835, 795 5840, 790 5845, 785 5850, 780 5855, 775 5860))"
rim,19,P2_3_C,,24850.0,1,833.995640509725,5729.88430583501,"POLYGON ((775 5930, 770 5925, 770 5915, 770 5905, 770 5895, 770 5885, 770 5875, 770 5865, 775 5860, 780 5855, 785 5850, 790 5845, 795 5840, 800 5835, 805 5830, 810 5825, 815 5820, 820 5815, 825 5810, 830 5805, 835 5800, 840 5795, 840 5785, 845 5780, 850 5775, 850 5765, 845 5760, 840 5755, 840 5745, 835 5740, 830 5735, 830 5725, 830 5715, 830 5705, 825 5700, 820 5695, 820 5685, 820 5675, 815 5670, 810 5665, 810 5655, 805 5650, 800 5645, 795 5640, 785 5640, 775 5640, 770 5635, 765 5630, 755 5630, 750 5625, 745 5620, 735 5620, 730 5615, 725 5610, 720 5605, 720 5595, 720 5585, 715 5580, 710 5575, 715 5570, 720 5565, 725 5560, 730 5565, 735 5570, 745 5570, 755 5570, 765 5570, 770 5575, 775 5580, 780 5585, 785 5590, 795 5590, 800 5585, 805 5580, 815 5580, 820 5585, 825 5590, 830 5595, 835 5600, 840 5605, 840 5615, 845 5620, 850 5625, 850 5635, 855 5640, 860 5645, 860 5655, 865 5660, 870 5665, 870 5675, 870 5685, 875 5690, 880 5695, 880 5705, 880 5715, 880 5725, 885 5730, 890 5735, 895 5740, 900 5745, 905 5750, 910 5745, 915 5740, 920 5735, 925 5730, 935 5730, 945 5730, 950 5735, 955 5740, 960 5745, 965 5750, 970 5755, 965 5760, 960 5765, 955 5770, 950 5775, 945 5780, 940 5785, 935 5790, 930 5785, 925 5780, 920 5775, 915 5770, 910 5775, 905 5780, 900 5785, 895 5790, 890 5795, 890 5805, 890 5815, 885 5820, 880 5825, 875 5830, 870 5835, 865 5840, 860 5845, 855 5850, 850 5855, 845 5860, 840 5865, 835 5870, 830 5875, 825 5880, 820 5885, 815 5890, 810 5895, 805 5900, 800 5905, 795 5910, 790 5915, 785 5920, 780 5925, 775 5930))"
lesion,21,P2_3_C,,38250.0,1,1070.6666666666667,6147.34422657952,"POLYGON ((1095 6250, 1090 6245, 1085 6240, 1075 6240, 1065 6240, 1055 6240, 1045 6240, 1040 6235, 1035 6230, 1025 6230, 1015 6230, 1005 6230, 995 6230, 985 6230, 975 6230, 965 6230, 960 6225, 955 6220, 950 6215, 955 6210, 960 6205, 965 6200, 970 6195, 975 6190, 980 6185, 980 6175, 980 6165, 975 6160, 970 6155, 970 6145, 965 6140, 960 6135, 960 6125, 960 6115, 960 6105, 960 6095, 965 6090, 970 6085, 970 6075, 975 6070, 980 6065, 985 6060, 990 6055, 995 6050, 1000 6045, 1005 6040, 1010 6035, 1015 6030, 1025 6030, 1035 6030, 1045 6030, 1055 6030, 1065 6030, 1070 6035, 1075 6040, 1085 6040, 1090 6045, 1095 6050, 1100 6055, 1105 6060, 1110 6065, 1115 6070, 1120 6075, 1120 6085, 1125 6090, 1130 6095, 1135 6100, 1140 6105, 1145 6110, 1150 6115, 1155 6120, 1160 6125, 1165 6130, 1175 6130, 1180 6135, 1185 6140, 1190 6145, 1195 6150, 1200 6155, 1205 6160, 1210 6165, 1215 6170, 1220 6175, 1220 6185, 1215 6190, 1210 6195, 1205 6200, 1200 6205, 1195 6210, 1190 6215, 1185 6220, 1175 6220, 1170 6225, 1165 6230, 1155 6230, 1150 6225, 1145 6220, 1140 6225, 1135 6230, 1130 6235, 1125 6240, 1115 6240, 1105 6240, 1100 6245, 1095 6250))"
core,21,P2_3_C,,9050.0,1,1063.1169429097606,6146.109576427256,"POLYGON ((1095 6200, 1085 6200, 1075 6200, 1065 6200, 1055 6200, 1045 6200, 1035 6200, 1030 6195, 1030 6185, 1030 6175, 1030 6165, 1030 6155, 1025 6150, 1020 6145, 1020 6135, 1015 6130, 1010 6125, 1010 6115, 1010 6105, 1015 6100, 1020 6095, 1025 6090, 1030 6085, 1035 6080, 1045 6080, 1055 6080, 1060 6085, 1065 6090, 1070 6095, 1075 6100, 1080 6105, 1080 6115, 1085 6120, 1090 6125, 1095 6130, 1100 6135, 1105 6140, 1110 6145, 1115 6150, 1120 6155, 1125 6160, 1130 6165, 1130 6175, 1125 6180, 1115 6180, 1110 6185, 1105 6190, 1100 6195, 1095 6200))"
rim,21,P2_3_C,,29200.0,1,1073.0065639269408,6147.726883561644,"POLYGON ((1095 6250, 1090 6245, 1085 6240, 1075 6240, 1065 6240, 1055 6240, 1045 6240, 1040 6235, 1035 6230, 1025 6230, 1015 6230, 1005 6230, 995 6230, 985 6230, 975 6230, 965 6230, 960 6225, 955 6220, 950 6215, 955 6210, 960 6205, 965 6200, 970 6195, 975 6190, 980 6185, 980 6175, 980 6165, 975 6160, 970 6155, 970 6145, 965 6140, 960 6135, 960 6125, 960 6115, 960 6105, 960 6095, 965 6090, 970 6085, 970 6075, 975 6070, 980 6065, 985 6060, 990 6055, 995 6050, 1000 6045, 1005 6040, 1010 6035, 1015 6030, 1025 6030, 1035 6030, 1045 6030, 1055 6030, 1065 6030, 1070 6035, 1075 6040, 1085 6040, 1090 6045, 1095 6050, 1100 6055, 1105 6060, 1110 6065, 1115 6070, 1120 6075, 1120 6085, 1125 6090, 1130 6095, 1135 6100, 1140 6105, 1145 6110, 1150 6115, 1155 6120, 1160 6125, 1165 6130, 1175 6130, 1180 6135, 1185 6140, 1190 6145, 1195 6150, 1200 6155, 1205 6160, 1210 6165, 1215 6170, 1220 6175, 1220 6185, 1215 6190, 1210 6195, 1205 6200, 1200 6205, 1195 6210, 1190 6215, 1185 6220, 1175 6220, 1170 6225, 1165 6230, 1155 6230, 1150 6225, 1145 6220, 1140 6225, 1135 6230, 1130 6235, 1125 6240, 1115 6240, 1105 6240, 1100 6245, 1095 6250), (1100 6195, 1105 6190, 1110 6185, 1115 6180, 1125 6180, 1130 6175, 1130 6165, 1125 6160, 1120 6155, 1115 6150, 1110 6145, 1105 6140, 1100 6135, 1095 6130, 1090 6125, 1085 6120, 1080 6115, 1080 6105, 1075 6100, 1070 6095, 1065 6090, 1060 6085, 1055 6080, 1045 6080, 1035 6080, 1030 6085, 1025 6090, 1020 6095, 1015 6100, 1010 6105, 1010 6115, 1010 6125, 1015 6130, 1020 6135, 1020 6145, 1025 6150, 1030 6155, 1030 6165, 1030 6175, 1030 6185, 1030 6195, 1035 6200, 1045 6200, 1055 6200, 1065 6200, 1075 6200, 1085 6200, 1095 6200, 1100 6195))"
lesion,22,P2_3_L,,96950.0,1,2787.4471376998454,6448.070311156954,"POLYGON ((2675 6680, 2670 6675, 2665 6670, 2660 6675, 2655 6680, 2650 6675, 2645 6670, 2640 6665, 2635 6660, 2630 6655, 2625 6650, 2620 6645, 2615 6640, 2610 6635, 2605 6630, 2600 6625, 2600 6615, 2600 6605, 2600 6595, 2600 6585, 2600 6575, 2605 6570, 2610 6565, 2615 6560, 2620 6555, 2620 6545, 2625 6540, 2630 6535, 2635 6530, 2640 6525, 2640 6515, 2640 6505, 2640 6495, 2640 6485, 2645 6480, 2650 6475, 2650 6465, 2650 6455, 2650 6445, 2655 6440, 2660 6435, 2665 6430, 2670 6425, 2670 6415, 2675 6410, 2680 6405, 2685 6400, 2690 6395, 2690 6385, 2695 6380, 2700 6375, 2705 6370, 2710 6365, 2715 6360, 2720 6355, 2720 6345, 2725 6340, 2730 6335, 2735 6330, 2740 6325, 2740 6315, 2745 6310, 2750 6305, 2755 6300, 2760 6295, 2765 6290, 2770 6285, 2775 6280, 2780 6275, 2785 6270, 2790 6265, 2795 6260, 2800 6255, 2805 6250, 2810 6245, 2815 6240, 2820 6235, 2825 6230, 2830 6225, 2835 6220, 2840 6215, 2845 6210, 2855 6210, 2865 6210, 2870 6205, 2875 6200, 2880 6205, 2885 6210, 2890 6215, 2895 6220, 2900 6225, 2905 6230, 2910 6235, 2915 6240, 2920 6235, 2925 6230, 2930 6235, 2935 6240, 2940 6245, 2945 6250, 2950 6255, 2955 6260, 2960 6265, 2965 6270, 2970 6275, 2970 6285, 2965 6290, 2960 6295, 2955 6300, 2950 6305, 2945 6310, 2940 6315, 2935 6320, 2930 6325, 2930 6335, 2935 6340, 2940 6345, 2945 6350, 2950 6355, 2955 6360, 2960 6365, 2955 6370, 2950 6375, 2950 6385, 2950 6395, 2945 6400, 2940 6405, 2940 6415, 2935 6420, 2930 6425, 2925 6430, 2920 6435, 2920 6445, 2920 6455, 2915 6460, 2910 6465, 2910 6475, 2905 6480, 2900 6485, 2900 6495, 2895 6500, 2890 6505, 2885 6510, 2880 6515, 2875 6520, 2870 6525, 2875 6530, 2880 6535, 2880 6545, 2880 6555, 2875 6560, 2870 6565, 2865 6570, 2860 6575, 2855 6580, 2845 6580, 2840 6585, 2835 6590, 2830 6595, 2825 6600, 2820 6605, 2815 6610, 2810 6615, 2805 6620, 2800 6625, 2795 6630, 2790 6635, 2785 6640, 2775 6640, 2770 6645, 2765 6650, 2760 6645, 2755 6640, 2750 6635, 2745 6630, 2735 6630, 2730 6635, 2725 6640, 2720 6645, 2715 6650, 2710 6655, 2705 6660, 2700 6665, 2695 6670, 2685 6670, 2680 6675, 2675 6680))"
core,22,P2_3_L,,61450.0,1,2768.7333875779764,6437.602386764307,"POLYGON ((2675 6630, 2665 6630, 2660 6625, 2655 6620, 2650 6615, 2645 6610, 2640 6605, 2640 6595, 2640 6585, 2640 6575, 2640 6565, 2635 6560, 2630 6555, 2630 6545, 2630 6535, 2635 6530, 2640 6525, 2640 6515, 2640 6505, 2640 6495, 2640 6485, 2645 6480, 2650 6475, 2650 6465, 2650 6455, 2650 6445, 2655 6440, 2660 6435, 2665 6430, 2670 6425, 2670 6415, 2675 6410, 2680 6405, 2685 6400, 2690 6395, 2690 6385, 2695 6380, 2700 6375, 2705 6370, 2710 6365, 2715 6360, 2720 6355, 2720 6345, 2725 6340, 2730 6335, 2735 6330, 2740 6325, 2740 6315, 2745 6310, 2750 6305, 2755 6300, 2760 6295, 2765 6290, 2775 6290, 2780 6285, 2785 6280, 2790 6275, 2795 6270, 2805 6270, 2810 6265, 2815 6260, 2825 6260, 2830 6255, 2835 6250, 2845 6250, 2850 6245, 2855 6240, 2860 6245, 2865 6250, 2870 6255, 2875 6260, 2880 6265, 2885 6270, 2890 6275, 2895 6280, 2905 6280, 2910 6285, 2905 6290, 2900 6295, 2895 6300, 2890 6305, 2890 6315, 2890 6325, 2890 6335, 2890 6345, 2890 6355, 2895 6360, 2900 6365, 2905 6370, 2910 6375, 2905 6380, 2900 6385, 2900 6395, 2895 6400, 2890 6405, 2885 6410, 2880 6415, 2880 6425, 2880 6435, 2875 6440, 2870 6445, 2870 6455, 2865 6460, 2860 6465, 2860 6475, 2855 6480, 2850 6485, 2845 6490, 2840 6495, 2835 6500, 2830 6505, 2830 6515, 2830 6525, 2830 6535, 2825 6540, 2820 6545, 2815 6550, 2810 6555, 2805 6560, 2800 6565, 2795 6570, 2790 6575, 2785 6580, 2780 6585, 2775 6590, 2765 6590, 2755 6590, 2745 6590, 2735 6590, 2725 6590, 2715 6590, 2710 6595, 2705 6600, 2700 6605, 2695 6610, 2690 6615, 2685 6620, 2680 6625, 2675 6630))"
rim,22,P2_3_L,,35250.0,1,2820.223404255319,6467.33451536643,"POLYGON ((2675 6680, 2670 6675, 2665 6670, 2660 6675, 2655 6680, 2650 6675, 2645 6670, 2640 6665, 2635 6660, 2630 6655, 2625 6650, 2620 6645, 2615 6640, 2610 6635, 2605 6630, 2600 6625, 2600 6615, 2600 6605, 2600 6595, 2600 6585, 2600 6575, 2605 6570, 2610 6565, 2615 6560, 2620 6555, 2620 6545, 2625 6540, 2630 6545, 2630 6555, 2635 6560, 2640 6565, 2640 6575, 2640 6585, 2640 6595, 2640 6605, 2645 6610, 2650 6615, 2655 6620, 2660 6625, 2665 6630, 2675 6630, 2680 6625, 2685 6620, 2690 6615, 2695 6610, 2700 6605, 2705 6600, 2710 6595, 2715 6590, 2725 6590, 2735 6590, 2745 6590, 2755 6590, 2765 6590, 2775 6590, 2780 6585, 2785 6580, 2790 6575, 2795 6570, 2800 6565, 2805 6560, 2810 6555, 2815 6550, 2820 6545, 2825 6540, 2830 6535, 2830 6525, 2830 6515, 2830 6505, 2835 6500, 2840 6495, 2845 6490, 2850 6485, 2855 6480, 2860 6475, 2860 6465, 2865 6460, 2870 6455, 2870 6445, 2875 6440, 2880 6435, 2880 6425, 2880 6415, 2885 6410, 2890 6405, 2895 6400, 2900 6395, 2900 6385, 2905 6380, 2910 6375, 2905 6370, 2900 6365, 2895 6360, 2890 6355, 2890 6345, 2890 6335, 2890 6325, 2890 6315, 2890 6305, 2895 6300, 2900 6295, 2905 6290, 2910 6285, 2905 6280, 2895 6280, 2890 6275, 2885 6270, 2880 6265, 2875 6260, 2870 6255, 2865 6250, 2860 6245, 2855 6240, 2850 6245, 2845 6250, 2835 6250, 2830 6255, 2825 6260, 2815 6260, 2810 6265, 2805 6270, 2795 6270, 2790 6265, 2795 6260, 2800 6255, 2805 6250, 2810 6245, 2815 6240, 2820 6235, 2825 6230, 2830 6225, 2835 6220, 2840 6215, 2845 6210, 2855 6210, 2865 6210, 2870 6205, 2875 6200, 2880 6205, 2885 6210, 2890 6215, 2895 6220, 2900 6225, 2905 6230, 2910 6235, 2915 6240, 2920 6235, 2925 6230, 2930 6235, 2935 6240, 2940 6245, 2945 6250, 2950 6255, 2955 6260, 2960 6265, 2965 6270, 2970 6275, 2970 6285, 2965 6290, 2960 6295, 2955 6300, 2950 6305, 2945 6310, 2940 6315, 2935 6320, 2930 6325, 2930 6335, 2935 6340, 2940 6345, 2945 6350, 2950 6355, 2955 6360, 2960 6365, 2955 6370, 2950 6375, 2950 6385, 2950 6395, 2945 6400, 2940 6405, 2940 6415, 2935 6420, 2930 6425, 2925 6430, 2920 6435, 2920 6445, 2920 6455, 2915 6460, 2910 6465, 2910 6475, 2905 6480, 2900 6485, 2900 6495, 2895 6500, 2890 6505, 2885 6510, 2880 6515, 2875 6520, 2870 6525, 2875 6530, 2880 6535, 2880 6545, 2880 6555, 2875 6560, 2870 6565, 2865 6570, 2860 6575, 2855 6580, 2845 6580, 2840 6585, 2835 6590, 2830 6595, 2825 6600, 2820 6605, 2815 6610, 2810 6615, 2805 6620, 2800 6625, 2795 6630, 2790 6635, 2785 6640, 2775 6640, 2770 6645, 2765 6650, 2760 6645, 2755 6640, 2750 6635, 2745 6630, 2735 6630, 2730 6635, 2725 6640, 2720 6645, 2715 6650, 2710 6655, 2705 6660, 2700 6665, 2695 6670, 2685 6670, 2680 6675, 2675 6680))"
lesion,23,R1_3_T,,21350.0,1,1886.1865729898518,6337.5683060109295,"POLYGON ((1845 6430, 1835 6430, 1830 6425, 1825 6420, 1820 6415, 1815 6410, 1810 6405, 1805 6400, 1800 6395, 1795 6390, 1790 6385, 1785 6380, 1780 6375, 1785 6370, 1790 6365, 1795 6360, 1800 6355, 1805 6350, 1810 6345, 1815 6340, 1820 6335, 1820 6325, 1825 6320, 1830 6315, 1835 6310, 1840 6305, 1845 6300, 1850 6295, 1845 6290, 1840 6285, 1845 6280, 1855 6280, 1860 6275, 1865 6270, 1875 6270, 1880 6265, 1885 6260, 1890 6255, 1895 6250, 1905 6250, 1915 6250, 1925 6250, 1930 6245, 1935 6240, 1940 6245, 1945 6250, 1950 6255, 1955 6260, 1960 6265, 1965 6270, 1970 6275, 1970 6285, 1975 6290, 1980 6295, 1980 6305, 1975 6310, 1970 6315, 1965 6320, 1960 6325, 1960 6335, 1960 6345, 1955 6350, 1950 6355, 1950 6365, 1945 6370, 1940 6375, 1935 6380, 1930 6385, 1925 6390, 1920 6395, 1915 6400, 1910 6405, 1905 6410, 1895 6410, 1890 6415, 1885 6420, 1875 6420, 1870 6415, 1865 6410, 1860 6415, 1855 6420, 1850 6425, 1845 6430))"
core,23,R1_3_T,,4150.0,1,1888.1726907630523,6335.461847389559,"POLYGON ((1845 6380, 1835 6380, 1830 6375, 1835 6370, 1840 6365, 1845 6360, 1850 6355, 1855 6350, 1860 6345, 1860 6335, 1865 6330, 1870 6325, 1875 6320, 1880 6315, 1885 6310, 1890 6305, 1890 6295, 1895 6290, 1905 6290, 1915 6290, 1925 6290, 1930 6295, 1930 6305, 1925 6310, 1920 6315, 1920 6325, 1920 6335, 1915 6340, 1910 6345, 1910 6355, 1905 6360, 1900 6365, 1895 6370, 1885 6370, 1875 6370, 1865 6370, 1855 6370, 1850 6375, 1845 6380))"
rim,23,R1_3_T,,17200.0,1,1885.7073643410854,6338.076550387597,"POLYGON ((1845 6430, 1835 6430, 1830 6425, 1825 6420, 1820 6415, 1815 6410, 1810 6405, 1805 6400, 1800 6395, 1795 6390, 1790 6385, 1785 6380, 1780 6375, 1785 6370, 1790 6365, 1795 6360, 1800 6355, 1805 6350, 1810 6345, 1815 6340, 1820 6335, 1820 6325, 1825 6320, 1830 6315, 1835 6310, 1840 6305, 1845 6300, 1850 6295, 1845 6290, 1840 6285, 1845 6280, 1855 6280, 1860 6275, 1865 6270, 1875 6270, 1880 6265, 1885 6260, 1890 6255, 1895 6250, 1905 6250, 1915 6250, 1925 6250, 1930 6245, 1935 6240, 1940 6245, 1945 6250, 1950 6255, 1955 6260, 1960 6265, 1965 6270, 1970 6275, 1970 6285, 1975 6290, 1980 6295, 1980 6305, 1975 6310, 1970 6315, 1965 6320, 1960 6325, 1960 6335, 1960 6345, 1955 6350, 1950 6355, 1950 6365, 1945 6370, 1940 6375, 1935 6380, 1930 6385, 1925 6390, 1920 6395, 1915 6400, 1910 6405, 1905 6410, 1895 6410, 1890 6415, 1885 6420, 1875 6420, 1870 6415, 1865 6410, 1860 6415, 1855 6420, 1850 6425, 1845 6430), (1850 6375, 1855 6370, 1865 6370, 1875 6370, 1885 6370, 1895 6370, 1900 6365, 1905 6360, 1910 6355, 1910 6345, 1915 6340, 1920 6335, 1920 6325, 1920 6315, 1925 6310, 1930 6305, 1930 6295, 1925 6290, 1915 6290, 1905 6290, 1895 6290, 1890 6295, 1890 6305, 1885 6310, 1880 6315, 1875 6320, 1870 6325, 1865 6330, 1860 6335, 1860 6345, 1855 6350, 1850 6355, 1845 6360, 1840 6365, 1835 6370, 1830 6375, 1835 6380, 1845 6380, 1850 6375))"
lesion,24,P2_3_L,,107250.0,1,3990.603341103341,6784.454933954934,"POLYGON ((4005 7230, 4000 7225, 3995 7220, 3990 7215, 3985 7210, 3975 7210, 3970 7205, 3965 7200, 3960 7195, 3955 7190, 3950 7185, 3945 7180, 3940 7175, 3940 7165, 3935 7160, 3930 7155, 3925 7150, 3920 7145, 3920 7135, 3915 7130, 3910 7125, 3910 7115, 3905 7110, 3900 7105, 3900 7095, 3895 7090, 3890 7085, 3895 7080, 3900 7075, 3900 7065, 3905 7060, 3910 7055, 3915 7050, 3920 7045, 3920 7035, 3920 7025, 3925 7020, 3930 7015, 3930 7005, 3930 6995, 3930 6985, 3930 6975, 3930 6965, 3935 6960, 3940 6955, 3940 6945, 3940 6935, 3940 6925, 3940 6915, 3940 6905, 3940 6895, 3945 6890, 3950 6885, 3950 6875, 3950 6865, 3950 6855, 3955 6850, 3960 6845, 3960 6835, 3960 6825, 3955 6820, 3950 6815, 3955 6810, 3960 6805, 3965 6800, 3970 6795, 3965 6790, 3960 6785, 3960 6775, 3960 6765, 3965 6760, 3970 6755, 3975 6750, 3980 6745, 3985 6740, 3990 6735, 3995 6730, 4000 6725, 4000 6715, 3995 6710, 3990 6705, 3985 6700, 3980 6695, 3975 6690, 3970 6685, 3965 6680, 3960 6675, 3955 6670, 3950 6665, 3950 6655, 3945 6650, 3940 6645, 3935 6640, 3930 6635, 3930 6625, 3930 6615, 3925 6610, 3920 6605, 3920 6595, 3920 6585, 3920 6575, 3920 6565, 3920 6555, 3920 6545, 3920 6535, 3920 6525, 3925 6520, 3930 6515, 3930 6505, 3930 6495, 3930 6485, 3930 6475, 3925 6470, 3920 6465, 3915 6460, 3910 6455, 3905 6450, 3900 6445, 3895 6440, 3890 6435, 3885 6430, 3880 6425, 3880 6415, 3875 6410, 3870 6405, 3870 6395, 3865 6390, 3860 6385, 3855 6380, 3850 6375, 3845 6370, 3840 6365, 3840 6355, 3840 6345, 3845 6340, 3855 6340, 3865 6340, 3875 6340, 3885 6340, 3895 6340, 3905 6340, 3915 6340, 3920 6345, 3925 6350, 3930 6345, 3935 6340, 3940 6345, 3945 6350, 3955 6350, 3960 6355, 3960 6365, 3960 6375, 3965 6380, 3975 6380, 3980 6385, 3980 6395, 3985 6400, 3990 6405, 3990 6415, 3995 6420, 4000 6425, 4000 6435, 4005 6440, 4010 6445, 4015 6450, 4020 6455, 4025 6460, 4030 6465, 4035 6470, 4040 6475, 4040 6485, 4040 6495, 4040 6505, 4045 6510, 4050 6515, 4055 6520, 4060 6525, 4060 6535, 4060 6545, 4065 6550, 4070 6555, 4070 6565, 4070 6575, 4070 6585, 4070 6595, 4070 6605, 4070 6615, 4070 6625, 4070 6635, 4070 6645, 4070 6655, 4070 6665, 4070 6675, 4070 6685, 4070 6695, 4070 6705, 4065 6710, 4060 6715, 4055 6720, 4050 6725, 4055 6730, 4060 6735, 4065 6740, 4070 6745, 4070 6755, 4070 6765, 4070 6775, 4070 6785, 4070 6795, 4070 6805, 4075 6810, 4085 6810, 4090 6815, 4090 6825, 4090 6835, 4090 6845, 4090 6855, 4090 6865, 4085 6870, 4080 6875, 4080 6885, 4080 6895, 4080 6905, 4080 6915, 4080 6925, 4080 6935, 4075 6940, 4070 6945, 4070 6955, 4070 6965, 4070 6975, 4070 6985, 4065 6990, 4060 6995, 4060 7005, 4060 7015, 4060 7025, 4055 7030, 4050 7035, 4050 7045, 4050 7055, 4050 7065, 4050 7075, 4050 7085, 4050 7095, 4050 7105, 4050 7115, 4050 7125, 4050 7135, 4050 7145, 4050 7155, 4050 7165, 4045 7170, 4040 7175, 4040 7185, 4045 7190, 4050 7195, 4050 7205, 4045 7210, 4035 7210, 4025 7210, 4020 7215, 4015 7220, 4010 7225, 4005 7230))"
core,24,P2_3_L,,47750.0,3,4017.0392670157066,6852.735602094241,"MULTIPOLYGON (((3940 6415, 3940 6405, 3940 6395, 3935 6390, 3925 6390, 3920 6395, 3920 6405, 3925 6410, 3930 6415, 3935 6420, 3940 6415)), ((4045 6670, 4050 6665, 4050 6655, 4055 6650, 4060 6645, 4060 6635, 4065 6630, 4070 6625, 4070 6615, 4070 6605, 4070 6595, 4070 6585, 4070 6575, 4070 6565, 4065 6560, 4060 6555, 4060 6545, 4055 6540, 4050 6535, 4050 6525, 4045 6520, 4035 6520, 4030 6515, 4025 6510, 4020 6505, 4015 6500, 4005 6500, 4000 6495, 3995 6490, 3990 6485, 3985 6480, 3980 6475, 3975 6470, 3970 6475, 3970 6485, 3970 6495, 3970 6505, 3970 6515, 3970 6525, 3970 6535, 3965 6540, 3960 6545, 3960 6555, 3960 6565, 3960 6575, 3960 6585, 3965 6590, 3970 6595, 3970 6605, 3970 6615, 3975 6620, 3980 6625, 3985 6630, 3990 6635, 3990 6645, 3995 6650, 4000 6655, 4005 6660, 4010 6665, 4015 6670, 4020 6675, 4025 6680, 4035 6680, 4040 6675, 4045 6670)), ((4050 7155, 4050 7145, 4050 7135, 4050 7125, 4050 7115, 4050 7105, 4050 7095, 4050 7085, 4050 7075, 4050 7065, 4050 7055, 4050 7045, 4050 7035, 4055 7030, 4060 7025, 4060 7015, 4060 7005, 4060 6995, 4065 6990, 4070 6985, 4070 6975, 4070 6965, 4070 6955, 4070 6945, 4075 6940, 4080 6935, 4080 6925, 4080 6915, 4080 6905, 4080 6895, 4080 6885, 4080 6875, 4080 6865, 4080 6855, 4075 6850, 4070 6845, 4070 6835, 4065 6830, 4060 6825, 4055 6820, 4050 6815, 4050 6805, 4045 6800, 4040 6795, 4040 6785, 4040 6775, 4035 6770, 4030 6765, 4025 6760, 4020 6765, 4015 6770, 4010 6775, 4010 6785, 4010 6795, 4010 6805, 4010 6815, 4005 6820, 4000 6825, 4000 6835, 4000 6845, 4000 6855, 4000 6865, 3995 6870, 3990 6875, 3990 6885, 3990 6895, 3990 6905, 3985 6910, 3980 6915, 3980 6925, 3980 6935, 3980 6945, 3980 6955, 3980 6965, 3980 6975, 3975 6980, 3970 6985, 3970 6995, 3970 7005, 3970 7015, 3970 7025, 3970 7035, 3965 7040, 3960 7045, 3960 7055, 3960 7065, 3955 7070, 3950 7075, 3945 7080, 3940 7085, 3945 7090, 3950 7095, 3950 7105, 3955 7110, 3960 7115, 3960 7125, 3965 7130, 3970 7135, 3975 7140, 3980 7145, 3980 7155, 3985 7160, 3990 7165, 3995 7170, 4005 7170, 4015 7170, 4025 7170, 4035 7170, 4045 7170, 4050 7165, 4050 7155)))"
rim,24,P2_3_L,,59000.0,1,3968.8283898305085,6731.036016949152,"POLYGON ((4005 7230, 4000 7225, 3995 7220, 3990 7215, 3985 7210, 3975 7210, 3970 7205, 3965 7200, 3960 7195, 3955 7190, 3950 7185, 3945 7180, 3940 7175, 3940 7165, 3935 7160, 3930 7155, 3925 7150, 3920 7145, 3920 7135, 3915 7130, 3910 7125, 3910 7115, 3905 7110, 3900 7105, 3900 7095, 3895 7090, 3890 7085, 3895 7080, 3900 7075, 3900 7065, 3905 7060, 3910 7055, 3915 7050, 3920 7045, 3920 7035, 3920 7025, 3925 7020, 3930 7015, 3930 7005, 3930 6995, 3930 6985, 3930 6975, 3930 6965, 3935 6960, 3940 6955, 3940 6945, 3940 6935, 3940 6925, 3940 6915, 3940 6905, 3940 6895, 3945 6890, 3950 6885, 3950 6875, 3950 6865, 3950 6855, 3955 6850, 3960 6845, 3960 6835, 3960 6825, 3955 6820, 3950 6815, 3955 6810, 3960 6805, 3965 6800, 3970 6795, 3965 6790, 3960 6785, 3960 6775, 3960 6765, 3965 6760, 3970 6755, 3975 6750, 3980 6745, 3985 6740, 3990 6735, 3995 6730, 4000 6725, 4000 6715, 3995 6710, 3990 6705, 3985 6700, 3980 6695, 3975 6690, 3970 6685, 3965 6680, 3960 6675, 3955 6670, 3950 6665, 3950 6655, 3945 6650, 3940 6645, 3935 6640, 3930 6635, 3930 6625, 3930 6615, 3925 6610, 3920 6605, 3920 6595, 3920 6585, 3920 6575, 3920 6565, 3920 6555, 3920 6545, 3920 6535, 3920 6525, 3925 6520, 3930 6515, 3930 6505, 3930 6495, 3930 6485, 3930 6475, 3925 6470, 3920 6465, 3915 6460, 3910 6455, 3905 6450, 3900 6445, 3895 6440, 3890 6435, 3885 6430, 3880 6425, 3880 6415, 3875 6410, 3870 6405, 3870 6395, 3865 6390, 3860 6385, 3855 6380, 3850 6375, 3845 6370, 3840 6365, 3840 6355, 3840 6345, 3845 6340, 3855 6340, 3865 6340, 3875 6340, 3885 6340, 3895 6340, 3905 6340, 3915 6340, 3920 6345, 3925 6350, 3930 6345, 3935 6340, 3940 6345, 3945 6350, 3955 6350, 3960 6355, 3960 6365, 3960 6375, 3965 6380, 3975 6380, 3980 6385, 3980 6395, 3985 6400, 3990 6405, 3990 6415, 3995 6420, 4000 6425, 4000 6435, 4005 6440, 4010 6445, 4015 6450, 4020 6455, 4025 6460, 4030 6465, 4035 6470, 4040 6475, 4040 6485, 4040 6495, 4040 6505, 4045 6510, 4050 6515, 4045 6520, 4035 6520, 4030 6515, 4025 6510, 4020 6505, 4015 6500, 4005 6500, 4000 6495, 3995 6490, 3990 6485, 3985 6480, 3980 6475, 3975 6470, 3970 6475, 3970 6485, 3970 6495, 3970 6505, 3970 6515, 3970 6525, 3970 6535, 3965 6540, 3960 6545, 3960 6555, 3960 6565, 3960 6575, 3960 6585, 3965 6590, 3970 6595, 3970 6605, 3970 6615, 3975 6620, 3980 6625, 3985 6630, 3990 6635, 3990 6645, 3995 6650, 4000 6655, 4005 6660, 4010 6665, 4015 6670, 4020 6675, 4025 6680, 4035 6680, 4040 6675, 4045 6670, 4050 6665, 4050 6655, 4055 6650, 4060 6645, 4060 6635, 4065 6630, 4070 6635, 4070 6645, 4070 6655, 4070 6665, 4070 6675, 4070 6685, 4070 6695, 4070 6705, 4065 6710, 4060 6715, 4055 6720, 4050 6725, 4055 6730, 4060 6735, 4065 6740, 4070 6745, 4070 6755, 4070 6765, 4070 6775, 4070 6785, 4070 6795, 4070 6805, 4075 6810, 4085 6810, 4090 6815, 4090 6825, 4090 6835, 4090 6845, 4090 6855, 4090 6865, 4085 6870, 4080 6865, 4080 6855, 4075 6850, 4070 6845, 4070 6835, 4065 6830, 4060 6825, 4055 6820, 4050 6815, 4050 6805, 4045 6800, 4040 6795, 4040 6785, 4040 6775, 4035 6770, 4030 6765, 4025 6760, 4020 6765, 4015 6770, 4010 6775, 4010 6785, 4010 6795, 4010 6805, 4010 6815, 4005 6820, 4000 6825, 4000 6835, 4000 6845, 4000 6855, 4000 6865, 3995 6870, 3990 6875, 3990 6885, 3990 6895, 3990 6905, 3985 6910, 3980 6915, 3980 6925, 3980 6935, 3980 6945, 3980 6955, 3980 6965, 3980 6975, 3975 6980, 3970 6985, 3970 6995, 3970 7005, 3970 7015, 3970 7025, 3970 7035, 3965 7040, 3960 7045, 3960 7055, 3960 7065, 3955 7070, 3950 7075, 3945 7080, 3940 7085, 3945 7090, 3950 7095, 3950 7105, 3955 7110, 3960 7115, 3960 7125, 3965 7130, 3970 7135, 3975 7140, 3980 7145, 3980 7155, 3985 7160, 3990 7165, 3995 7170, 4005 7170, 4015 7170, 4025 7170, 4035 7170, 4040 7175, 4040 7185, 4045 7190, 4050 7195, 4050 7205, 4045 7210, 4035 7210, 4025 7210, 4020 7215, 4015 7220, 4010 7225, 4005 7230), (3950 6425, 3945 6420, 3940 6415, 3940 6405, 3940 6395, 3935 6390, 3925 6390, 3920 6395, 3920 6405, 3925 6410, 3930 6415, 3935 6420, 3940 6425, 3945 6430, 3950 6425))"
lesion,25,P2_3_L,,950.0,1,2608.9473684210525,6481.8421052631575,"POLYGON ((2605 6520, 2600 6515, 2600 6505, 2600 6495, 2600 6485, 2600 6475, 2600 6465, 2605 6460, 2610 6455, 2615 6450, 2620 6455, 2620 6465, 2620 6475, 2620 6485, 2615 6490, 2610 6495, 2610 6505, 2610 6515, 2605 6520))"
rim,25,P2_3_L,,950.0,1,2608.9473684210525,6481.8421052631575,"POLYGON ((2605 6520, 2600 6515, 2600 6505, 2600 6495, 2600 6485, 2600 6475, 2600 6465, 2605 6460, 2610 6455, 2615 6450, 2620 6455, 2620 6465, 2620 6475, 2620 6485, 2615 6490, 2610 6495, 2610 6505, 2610 6515, 2605 6520))"
lesion,26,R1_3_T,,7450.0,1,1093.9261744966443,6592.069351230425,"POLYGON ((1095 6640, 1085 6640, 1075 6640, 1070 6635, 1065 6630, 1060 6625, 1055 6620, 1050 6615, 1045 6610, 1040 6605, 1040 6595, 1040 6585, 1045 6580, 1050 6575, 1055 6570, 1060 6565, 1065 6560, 1070 6555, 1075 6550, 1080 6545, 1085 6540, 1095 6540, 1105 6540, 1110 6545, 1115 6550, 1120 6555, 1125 6560, 1130 6565, 1135 6570, 1140 6575, 1140 6585, 1145 6590, 1150 6595, 1150 6605, 1145 6610, 1140 6615, 1135 6620, 1130 6625, 1125 6630, 1115 6630, 1105 6630, 1100 6635, 1095 6640))"
rim,26,R1_3_T,,7450.0,1,1093.9261744966443,6592.069351230425,"POLYGON ((1095 6640, 1085 6640, 1075 6640, 1070 6635, 1065 6630, 1060 6625, 1055 6620, 1050 6615, 1045 6610, 1040 6605, 1040 6595, 1040 6585, 1045 6580, 1050 6575, 1055 6570, 1060 6565, 1065 6560, 1070 6555, 1075 6550, 1080 6545, 1085 6540, 1095 6540, 1105 6540, 1110 6545, 1115 6550, 1120 6555, 1125 6560, 1130 6565, 1135 6570, 1140 6575, 1140 6585, 1145 6590, 1150 6595, 1150 6605, 1145 6610, 1140 6615, 1135 6620, 1130 6625, 1125 6630, 1115 6630, 1105 6630, 1100 6635, 1095 6640))"
lesion,28,P2_3_L,,142150.0,1,2658.2169656466176,7162.542795169422,"POLYGON ((2545 7480, 2540 7475, 2535 7470, 2525 7470, 2515 7470, 2510 7465, 2505 7460, 2500 7455, 2495 7450, 2490 7445, 2490 7435, 2485 7430, 2480 7425, 2480 7415, 2475 7410, 2470 7405, 2470 7395, 2470 7385, 2470 7375, 2475 7370, 2480 7365, 2480 7355, 2480 7345, 2480 7335, 2485 7330, 2490 7325, 2495 7320, 2500 7315, 2500 7305, 2500 7295, 2495 7290, 2490 7285, 2490 7275, 2490 7265, 2490 7255, 2490 7245, 2490 7235, 2490 7225, 2495 7220, 2500 7215, 2500 7205, 2500 7195, 2500 7185, 2505 7180, 2510 7175, 2515 7170, 2520 7165, 2520 7155, 2525 7150, 2530 7145, 2535 7140, 2540 7135, 2535 7130, 2530 7125, 2535 7120, 2540 7115, 2540 7105, 2540 7095, 2545 7090, 2550 7085, 2550 7075, 2550 7065, 2550 7055, 2550 7045, 2550 7035, 2550 7025, 2545 7020, 2540 7015, 2545 7010, 2550 7005, 2550 6995, 2550 6985, 2555 6980, 2560 6975, 2560 6965, 2560 6955, 2555 6950, 2550 6945, 2545 6940, 2540 6935, 2540 6925, 2545 6920, 2550 6915, 2550 6905, 2555 6900, 2560 6895, 2560 6885, 2565 6880, 2570 6875, 2575 6870, 2580 6865, 2585 6860, 2590 6855, 2595 6850, 2600 6855, 2605 6860, 2610 6865, 2615 6870, 2620 6865, 2625 6860, 2630 6865, 2635 6870, 2645 6870, 2655 6870, 2665 6870, 2675 6870, 2680 6875, 2685 6880, 2690 6885, 2695 6890, 2700 6895, 2700 6905, 2705 6910, 2710 6915, 2715 6920, 2720 6925, 2725 6930, 2730 6935, 2735 6940, 2740 6945, 2735 6950, 2730 6955, 2730 6965, 2735 6970, 2740 6975, 2740 6985, 2735 6990, 2730 6995, 2730 7005, 2735 7010, 2740 7015, 2745 7020, 2750 7025, 2755 7030, 2765 7030, 2770 7035, 2775 7040, 2785 7040, 2795 7040, 2800 7045, 2805 7050, 2815 7050, 2825 7050, 2830 7055, 2835 7060, 2845 7060, 2850 7065, 2855 7070, 2860 7075, 2865 7080, 2870 7085, 2875 7090, 2880 7095, 2885 7100, 2890 7105, 2895 7110, 2900 7115, 2905 7120, 2910 7125, 2915 7130, 2920 7135, 2915 7140, 2910 7145, 2910 7155, 2915 7160, 2920 7165, 2920 7175, 2920 7185, 2920 7195, 2915 7200, 2910 7205, 2905 7210, 2900 7215, 2895 7220, 2885 7220, 2880 7225, 2875 7230, 2865 7230, 2860 7235, 2855 7240, 2850 7245, 2845 7250, 2835 7250, 2830 7255, 2825 7260, 2820 7265, 2815 7270, 2805 7270, 2795 7270, 2790 7275, 2785 7280, 2780 7275, 2775 7270, 2770 7265, 2765 7260, 2755 7260, 2750 7255, 2745 7250, 2735 7250, 2730 7245, 2725 7240, 2720 7235, 2715 7230, 2705 7230, 2695 7230, 2685 7230, 2675 7230, 2670 7235, 2665 7240, 2660 7245, 2655 7250, 2650 7255, 2650 7265, 2650 7275, 2655 7280, 2660 7285, 2665 7290, 2670 7295, 2670 7305, 2670 7315, 2670 7325, 2670 7335, 2665 7340, 2660 7345, 2655 7350, 2650 7355, 2655 7360, 2660 7365, 2665 7370, 2670 7375, 2670 7385, 2670 7395, 2665 7400, 2660 7405, 2655 7410, 2650 7415, 2645 7420, 2635 7420, 2630 7425, 2625 7430, 2620 7435, 2615 7440, 2610 7445, 2605 7450, 2595 7450, 2590 7455, 2585 7460, 2580 7465, 2575 7470, 2565 7470, 2555 7470, 2550 7475, 2545 7480))"
core,28,P2_3_L,,77450.0,1,2647.8964923606627,7146.10501398752,"POLYGON ((2555 7430, 2545 7430, 2535 7430, 2530 7425, 2525 7420, 2520 7415, 2520 7405, 2515 7400, 2510 7395, 2515 7390, 2520 7385, 2520 7375, 2520 7365, 2520 7355, 2525 7350, 2530 7345, 2535 7340, 2540 7335, 2540 7325, 2540 7315, 2540 7305, 2540 7295, 2540 7285, 2540 7275, 2535 7270, 2530 7265, 2525 7260, 2520 7255, 2520 7245, 2520 7235, 2520 7225, 2520 7215, 2520 7205, 2520 7195, 2520 7185, 2525 7180, 2530 7175, 2530 7165, 2530 7155, 2535 7150, 2540 7145, 2540 7135, 2545 7130, 2550 7125, 2550 7115, 2550 7105, 2550 7095, 2550 7085, 2555 7080, 2560 7075, 2560 7065, 2560 7055, 2560 7045, 2560 7035, 2560 7025, 2560 7015, 2560 7005, 2560 6995, 2560 6985, 2565 6980, 2570 6975, 2570 6965, 2570 6955, 2575 6950, 2580 6945, 2585 6940, 2590 6935, 2590 6925, 2595 6920, 2600 6915, 2605 6910, 2615 6910, 2625 6910, 2635 6910, 2645 6910, 2655 6910, 2660 6915, 2660 6925, 2665 6930, 2670 6935, 2675 6940, 2680 6945, 2685 6950, 2690 6955, 2690 6965, 2690 6975, 2690 6985, 2690 6995, 2690 7005, 2690 7015, 2690 7025, 2695 7030, 2700 7035, 2705 7040, 2710 7045, 2715 7050, 2720 7055, 2725 7060, 2730 7065, 2735 7070, 2745 7070, 2750 7075, 2755 7080, 2765 7080, 2775 7080, 2780 7085, 2785 7090, 2795 7090, 2805 7090, 2810 7095, 2815 7100, 2825 7100, 2830 7105, 2835 7110, 2840 7115, 2845 7120, 2850 7125, 2855 7130, 2860 7135, 2865 7140, 2870 7145, 2870 7155, 2870 7165, 2870 7175, 2865 7180, 2860 7185, 2855 7190, 2845 7190, 2840 7195, 2835 7200, 2830 7205, 2825 7210, 2815 7210, 2810 7215, 2805 7220, 2800 7225, 2795 7230, 2790 7225, 2785 7220, 2775 7220, 2770 7215, 2765 7210, 2755 7210, 2750 7205, 2745 7200, 2740 7195, 2735 7190, 2725 7190, 2715 7190, 2705 7190, 2695 7190, 2685 7190, 2675 7190, 2665 7190, 2655 7190, 2650 7195, 2645 7200, 2640 7205, 2635 7210, 2630 7215, 2625 7220, 2620 7225, 2615 7230, 2610 7235, 2610 7245, 2610 7255, 2610 7265, 2610 7275, 2610 7285, 2610 7295, 2615 7300, 2620 7305, 2625 7310, 2630 7315, 2625 7320, 2620 7325, 2615 7330, 2610 7335, 2610 7345, 2610 7355, 2610 7365, 2610 7375, 2610 7385, 2605 7390, 2600 7395, 2595 7400, 2590 7405, 2585 7410, 2575 7410, 2570 7415, 2565 7420, 2560 7425, 2555 7430))"
rim,28,P2_3_L,,64450.0,3,2671.066718386346,7182.542022239461,"MULTIPOLYGON (((2560 7075, 2560 7065, 2560 7055, 2560 7045, 2560 7035, 2560 7025, 2560 7015, 2560 7005, 2560 6995, 2560 6985, 2555 6980, 2550 6985, 2550 6995, 2550 7005, 2545 7010, 2540 7015, 2545 7020, 2550 7025, 2550 7035, 2550 7045, 2550 7055, 2550 7065, 2550 7075, 2555 7080, 2560 7075)), ((2550 7115, 2550 7105, 2550 7095, 2545 7090, 2540 7095, 2540 7105, 2540 7115, 2535 7120, 2530 7125, 2535 7130, 2545 7130, 2550 7125, 2550 7115)), ((2555 7470, 2565 7470, 2575 7470, 2580 7465, 2585 7460, 2590 7455, 2595 7450, 2605 7450, 2610 7445, 2615 7440, 2620 7435, 2625 7430, 2630 7425, 2635 7420, 2645 7420, 2650 7415, 2655 7410, 2660 7405, 2665 7400, 2670 7395, 2670 7385, 2670 7375, 2665 7370, 2660 7365, 2655 7360, 2650 7355, 2655 7350, 2660 7345, 2665 7340, 2670 7335, 2670 7325, 2670 7315, 2670 7305, 2670 7295, 2665 7290, 2660 7285, 2655 7280, 2650 7275, 2650 7265, 2650 7255, 2655 7250, 2660 7245, 2665 7240, 2670 7235, 2675 7230, 2685 7230, 2695 7230, 2705 7230, 2715 7230, 2720 7235, 2725 7240, 2730 7245, 2735 7250, 2745 7250, 2750 7255, 2755 7260, 2765 7260, 2770 7265, 2775 7270, 2780 7275, 2785 7280, 2790 7275, 2795 7270, 2805 7270, 2815 7270, 2820 7265, 2825 7260, 2830 7255, 2835 7250, 2845 7250, 2850 7245, 2855 7240, 2860 7235, 2865 7230, 2875 7230, 2880 7225, 2885 7220, 2895 7220, 2900 7215, 2905 7210, 2910 7205, 2915 7200, 2920 7195, 2920 7185, 2920 7175, 2920 7165, 2915 7160, 2910 7155, 2910 7145, 2915 7140, 2920 7135, 2915 7130, 2910 7125, 2905 7120, 2900 7115, 2895 7110, 2890 7105, 2885 7100, 2880 7095, 2875 7090, 2870 7085, 2865 7080, 2860 7075, 2855 7070, 2850 7065, 2845 7060, 2835 7060, 2830 7055, 2825 7050, 2815 7050, 2805 7050, 2800 7045, 2795 7040, 2785 7040, 2775 7040, 2770 7035, 2765 7030, 2755 7030, 2750 7025, 2745 7020, 2740 7015, 2735 7010, 2730 7005, 2730 6995, 2735 6990, 2740 6985, 2740 6975, 2735 6970, 2730 6965, 2730 6955, 2735 6950, 2740 6945, 2735 6940, 2730 6935, 2725 6930, 2720 6925, 2715 6920, 2710 6915, 2705 6910, 2700 6905, 2700 6895, 2695 6890, 2690 6885, 2685 6880, 2680 6875, 2675 6870, 2665 6870, 2655 6870, 2645 6870, 2635 6870, 2630 6865, 2625 6860, 2620 6865, 2615 6870, 2610 6865, 2605 6860, 2600 6855, 2595 6850, 2590 6855, 2585 6860, 2580 6865, 2575 6870, 2570 6875, 2565 6880, 2560 6885, 2560 6895, 2555 6900, 2550 6905, 2550 6915, 2545 6920, 2540 6925, 2540 6935, 2545 6940, 2550 6945, 2555 6950, 2560 6955, 2560 6965, 2560 6975, 2565 6980, 2570 6975, 2570 6965, 2570 6955, 2575 6950, 2580 6945, 2585 6940, 2590 6935, 2590 6925, 2595 6920, 2600 6915, 2605 6910, 2615 6910, 2625 6910, 2635 6910, 2645 6910, 2655 6910, 2660 6915, 2660 6925, 2665 6930, 2670 6935, 2675 6940, 2680 6945, 2685 6950, 2690 6955, 2690 6965, 2690 6975, 2690 6985, 2690 6995, 2690 7005, 2690 7015, 2690 7025, 2695 7030, 2700 7035, 2705 7040, 2710 7045, 2715 7050, 2720 7055, 2725 7060, 2730 7065, 2735 7070, 2745 7070, 2750 7075, 2755 7080, 2765 7080, 2775 7080, 2780 7085, 2785 7090, 2795 7090, 2805 7090, 2810 7095, 2815 7100, 2825 7100, 2830 7105, 2835 7110, 2840 7115, 2845 7120, 2850 7125, 2855 7130, 2860 7135, 2865 7140, 2870 7145, 2870 7155, 2870 7165, 2870 7175, 2865 7180, 2860 7185, 2855 7190, 2845 7190, 2840 7195, 2835 7200, 2830 7205, 2825 7210, 2815 7210, 2810 7215, 2805 7220, 2800 7225, 2795 7230, 2790 7225, 2785 7220, 2775 7220, 2770 7215, 2765 7210, 2755 7210, 2750 7205, 2745 7200, 2740 7195, 2735 7190, 2725 7190, 2715 7190, 2705 7190, 2695 7190, 2685 7190, 2675 7190, 2665 7190, 2655 7190, 2650 7195, 2645 7200, 2640 7205, 2635 7210, 2630 7215, 2625 7220, 2620 7225, 2615 7230, 2610 7235, 2610 7245, 2610 7255, 2610 7265, 2610 7275, 2610 7285, 2610 7295, 2615 7300, 2620 7305, 2625 7310, 2630 7315, 2625 7320, 2620 7325, 2615 7330, 2610 7335, 2610 7345, 2610 7355, 2610 7365, 2610 7375, 2610 7385, 2605 7390, 2600 7395, 2595 7400, 2590 7405, 2585 7410, 2575 7410, 2570 7415, 2565 7420, 2560 7425, 2555 7430, 2545 7430, 2535 7430, 2530 7425, 2525 7420, 2520 7415, 2520 7405, 2515 7400, 2510 7395, 2515 7390, 2520 7385, 2520 7375, 2520 7365, 2520 7355, 2525 7350, 2530 7345, 2535 7340, 2540 7335, 2540 7325, 2540 7315, 2540 7305, 2540 7295, 2540 7285, 2540 7275, 2535 7270, 2530 7265, 2525 7260, 2520 7255, 2520 7245, 2520 7235, 2520 7225, 2520 7215, 2520 7205, 2520 7195, 2520 7185, 2525 7180, 2530 7175, 2530 7165, 2530 7155, 2525 7150, 2520 7155, 2520 7165, 2515 7170, 2510 7175, 2505 7180, 2500 7185, 2500 7195, 2500 7205, 2500 7215, 2495 7220, 2490 7225, 2490 7235, 2490 7245, 2490 7255, 2490 7265, 2490 7275, 2490 7285, 2495 7290, 2500 7295, 2500 7305, 2500 7315, 2495 7320, 2490 7325, 2485 7330, 2480 7335, 2480 7345, 2480 7355, 2480 7365, 2475 7370, 2470 7375, 2470 7385, 2470 7395, 2470 7405, 2475 7410, 2480 7415, 2480 7425, 2485 7430, 2490 7435, 2490 7445, 2495 7450, 2500 7455, 2505 7460, 2510 7465, 2515 7470, 2525 7470, 2535 7470, 2540 7475, 2545 7480, 2550 7475, 2555 7470)))"
lesion,29,P2_3_L,,231150.0,1,2801.6088038070516,7840.513194895089,"POLYGON ((2955 8140, 2945 8140, 2935 8140, 2925 8140, 2920 8135, 2915 8130, 2910 8125, 2905 8120, 2895 8120, 2890 8115, 2885 8110, 2880 8105, 2875 8100, 2870 8095, 2865 8090, 2855 8090, 2850 8085, 2845 8080, 2835 8080, 2830 8075, 2825 8070, 2820 8065, 2815 8060, 2810 8055, 2805 8050, 2800 8045, 2795 8040, 2785 8040, 2775 8040, 2765 8040, 2760 8035, 2755 8030, 2745 8030, 2735 8030, 2730 8035, 2730 8045, 2725 8050, 2715 8050, 2710 8045, 2705 8040, 2695 8040, 2690 8035, 2685 8030, 2675 8030, 2670 8025, 2665 8020, 2660 8015, 2655 8010, 2650 8005, 2645 8000, 2640 7995, 2635 7990, 2630 7985, 2625 7980, 2620 7975, 2615 7970, 2610 7965, 2605 7960, 2600 7955, 2595 7950, 2590 7945, 2585 7940, 2575 7940, 2570 7935, 2570 7925, 2570 7915, 2570 7905, 2565 7900, 2560 7895, 2560 7885, 2560 7875, 2560 7865, 2560 7855, 2555 7850, 2550 7845, 2550 7835, 2545 7830, 2540 7825, 2540 7815, 2540 7805, 2535 7800, 2530 7795, 2525 7790, 2520 7785, 2515 7780, 2510 7775, 2510 7765, 2510 7755, 2505 7750, 2500 7745, 2500 7735, 2495 7730, 2490 7725, 2490 7715, 2490 7705, 2485 7700, 2480 7695, 2485 7690, 2490 7685, 2490 7675, 2490 7665, 2490 7655, 2490 7645, 2495 7640, 2500 7635, 2505 7630, 2510 7625, 2515 7620, 2520 7615, 2525 7610, 2530 7605, 2535 7600, 2540 7595, 2545 7590, 2550 7585, 2555 7580, 2560 7575, 2565 7570, 2575 7570, 2585 7570, 2595 7570, 2605 7570, 2615 7570, 2620 7565, 2625 7560, 2635 7560, 2640 7555, 2645 7550, 2655 7550, 2665 7550, 2670 7555, 2675 7560, 2680 7565, 2685 7570, 2690 7575, 2695 7580, 2700 7585, 2705 7590, 2710 7585, 2715 7580, 2725 7580, 2735 7580, 2740 7585, 2745 7590, 2750 7595, 2755 7600, 2760 7605, 2765 7610, 2775 7610, 2780 7615, 2785 7620, 2795 7620, 2800 7625, 2805 7630, 2815 7630, 2820 7635, 2825 7640, 2830 7645, 2835 7650, 2845 7650, 2855 7650, 2865 7650, 2875 7650, 2880 7655, 2885 7660, 2895 7660, 2900 7665, 2905 7670, 2915 7670, 2920 7675, 2925 7680, 2935 7680, 2940 7685, 2945 7690, 2950 7695, 2955 7700, 2960 7705, 2965 7710, 2970 7715, 2975 7720, 2980 7725, 2985 7730, 2995 7730, 3000 7735, 3005 7740, 3010 7745, 3015 7750, 3020 7755, 3025 7760, 3030 7765, 3035 7770, 3045 7770, 3050 7775, 3055 7780, 3060 7785, 3065 7790, 3070 7795, 3075 7800, 3080 7805, 3085 7810, 3090 7815, 3095 7820, 3100 7825, 3105 7830, 3110 7835, 3115 7840, 3120 7835, 3125 7830, 3130 7835, 3135 7840, 3140 7845, 3145 7850, 3150 7855, 3145 7860, 3140 7865, 3135 7870, 3130 7875, 3125 7880, 3120 7875, 3115 7870, 3110 7875, 3105 7880, 3100 7885, 3095 7890, 3090 7895, 3085 7900, 3080 7905, 3075 7910, 3070 7915, 3070 7925, 3070 7935, 3070 7945, 3075 7950, 3080 7955, 3085 7960, 3090 7965, 3095 7970, 3100 7975, 3100 7985, 3100 7995, 3095 8000, 3090 8005, 3090 8015, 3090 8025, 3090 8035, 3090 8045, 3085 8050, 3080 8055, 3075 8060, 3070 8065, 3065 8070, 3060 8075, 3055 8080, 3050 8085, 3045 8090, 3035 8090, 3025 8090, 3015 8090, 3005 8090, 3000 8095, 2995 8100, 2990 8105, 2985 8110, 2980 8115, 2975 8120, 2970 8125, 2965 8130, 2960 8135, 2955 8140))"
core,29,P2_3_L,,166550.0,1,2795.0823076153306,7854.6039727809475,"POLYGON ((2935 8100, 2925 8100, 2915 8100, 2910 8095, 2905 8090, 2895 8090, 2885 8090, 2880 8085, 2875 8080, 2870 8075, 2865 8070, 2855 8070, 2845 8070, 2835 8070, 2825 8070, 2820 8065, 2815 8060, 2810 8055, 2805 8050, 2800 8045, 2795 8040, 2785 8040, 2775 8040, 2765 8040, 2760 8035, 2755 8030, 2745 8030, 2735 8030, 2730 8035, 2725 8040, 2715 8040, 2705 8040, 2695 8040, 2690 8035, 2685 8030, 2675 8030, 2670 8025, 2665 8020, 2660 8015, 2655 8010, 2650 8005, 2645 8000, 2640 7995, 2635 7990, 2630 7985, 2630 7975, 2625 7970, 2620 7965, 2620 7955, 2620 7945, 2620 7935, 2615 7930, 2610 7925, 2610 7915, 2610 7905, 2610 7895, 2610 7885, 2605 7880, 2600 7875, 2600 7865, 2600 7855, 2600 7845, 2600 7835, 2595 7830, 2590 7825, 2590 7815, 2585 7810, 2580 7805, 2580 7795, 2580 7785, 2575 7780, 2570 7775, 2565 7770, 2560 7765, 2555 7760, 2550 7755, 2550 7745, 2550 7735, 2545 7730, 2540 7725, 2540 7715, 2535 7710, 2530 7705, 2530 7695, 2530 7685, 2530 7675, 2530 7665, 2535 7660, 2540 7655, 2545 7650, 2550 7645, 2555 7640, 2560 7635, 2565 7630, 2570 7625, 2575 7620, 2580 7615, 2585 7610, 2595 7610, 2605 7610, 2615 7610, 2625 7610, 2635 7610, 2640 7605, 2645 7600, 2655 7600, 2660 7605, 2665 7610, 2670 7615, 2675 7620, 2680 7625, 2685 7630, 2695 7630, 2705 7630, 2715 7630, 2725 7630, 2730 7635, 2735 7640, 2740 7645, 2745 7650, 2755 7650, 2760 7655, 2765 7660, 2775 7660, 2780 7665, 2785 7670, 2795 7670, 2800 7675, 2805 7680, 2810 7685, 2815 7690, 2825 7690, 2835 7690, 2845 7690, 2855 7690, 2860 7695, 2865 7700, 2875 7700, 2880 7705, 2885 7710, 2895 7710, 2900 7715, 2905 7720, 2915 7720, 2920 7725, 2925 7730, 2930 7735, 2935 7740, 2940 7745, 2945 7750, 2950 7755, 2955 7760, 2960 7765, 2965 7770, 2975 7770, 2980 7775, 2985 7780, 2990 7785, 2995 7790, 3000 7795, 3005 7800, 3010 7805, 3015 7810, 3025 7810, 3030 7815, 3035 7820, 3040 7825, 3045 7830, 3050 7835, 3055 7840, 3060 7845, 3065 7850, 3070 7855, 3065 7860, 3060 7865, 3055 7870, 3050 7875, 3045 7880, 3040 7885, 3035 7890, 3030 7895, 3030 7905, 3030 7915, 3030 7925, 3030 7935, 3030 7945, 3030 7955, 3030 7965, 3035 7970, 3040 7975, 3045 7980, 3050 7985, 3050 7995, 3050 8005, 3050 8015, 3050 8025, 3045 8030, 3040 8035, 3035 8040, 3030 8045, 3025 8050, 3015 8050, 3005 8050, 2995 8050, 2985 8050, 2980 8055, 2975 8060, 2970 8065, 2965 8070, 2960 8075, 2955 8080, 2950 8085, 2945 8090, 2940 8095, 2935 8100))"
rim,29,P2_3_L,,64250.0,1,2819.11673151751,7803.003891050584,"POLYGON ((2955 8140, 2945 8140, 2935 8140, 2925 8140, 2920 8135, 2915 8130, 2910 8125, 2905 8120, 2895 8120, 2890 8115, 2885 8110, 2880 8105, 2875 8100, 2870 8095, 2865 8090, 2855 8090, 2850 8085, 2845 8080, 2835 8080, 2830 8075, 2835 8070, 2845 8070, 2855 8070, 2865 8070, 2870 8075, 2875 8080, 2880 8085, 2885 8090, 2895 8090, 2905 8090, 2910 8095, 2915 8100, 2925 8100, 2935 8100, 2940 8095, 2945 8090, 2950 8085, 2955 8080, 2960 8075, 2965 8070, 2970 8065, 2975 8060, 2980 8055, 2985 8050, 2995 8050, 3005 8050, 3015 8050, 3025 8050, 3030 8045, 3035 8040, 3040 8035, 3045 8030, 3050 8025, 3050 8015, 3050 8005, 3050 7995, 3050 7985, 3045 7980, 3040 7975, 3035 7970, 3030 7965, 3030 7955, 3030 7945, 3030 7935, 3030 7925, 3030 7915, 3030 7905, 3030 7895, 3035 7890, 3040 7885, 3045 7880, 3050 7875, 3055 7870, 3060 7865, 3065 7860, 3070 7855, 3065 7850, 3060 7845, 3055 7840, 3050 7835, 3045 7830, 3040 7825, 3035 7820, 3030 7815, 3025 7810, 3015 7810, 3010 7805, 3005 7800, 3000 7795, 2995 7790, 2990 7785, 2985 7780, 2980 7775, 2975 7770, 2965 7770, 2960 7765, 2955 7760, 2950 7755, 2945 7750, 2940 7745, 2935 7740, 2930 7735, 2925 7730, 2920 7725, 2915 7720, 2905 7720, 2900 7715, 2895 7710, 2885 7710, 2880 7705, 2875 7700, 2865 7700, 2860 7695, 2855 7690, 2845 7690, 2835 7690, 2825 7690, 2815 7690, 2810 7685, 2805 7680, 2800 7675, 2795 7670, 2785 7670, 2780 7665, 2775 7660, 2765 7660, 2760 7655, 2755 7650, 2745 7650, 2740 7645, 2735 7640, 2730 7635, 2725 7630, 2715 7630, 2705 7630, 2695 7630, 2685 7630, 2680 7625, 2675 7620, 2670 7615, 2665 7610, 2660 7605, 2655 7600, 2645 7600, 2640 7605, 2635 7610, 2625 7610, 2615 7610, 2605 7610, 2595 7610, 2585 7610, 2580 7615, 2575 7620, 2570 7625, 2565 7630, 2560 7635, 2555 7640, 2550 7645, 2545 7650, 2540 7655, 2535 7660, 2530 7665, 2530 7675, 2530 7685, 2530 7695, 2530 7705, 2535 7710, 2540 7715, 2540 7725, 2545 7730, 2550 7735, 2550 7745, 2550 7755, 2555 7760, 2560 7765, 2565 7770, 2570 7775, 2575 7780, 2580 7785, 2580 7795, 2580 7805, 2585 7810, 2590 7815, 2590 7825, 2595 7830, 2600 7835, 2600 7845, 2600 7855, 2600 7865, 2600 7875, 2605 7880, 2610 7885, 2610 7895, 2610 7905, 2610 7915, 2610 7925, 2615 7930, 2620 7935, 2620 7945, 2620 7955, 2620 7965, 2615 7970, 2610 7965, 2605 7960, 2600 7955, 2595 7950, 2590 7945, 2585 7940, 2575 7940, 2570 7935, 2570 7925, 2570 7915, 2570 7905, 2565 7900, 2560 7895, 2560 7885, 2560 7875, 2560 7865, 2560 7855, 2555 7850, 2550 7845, 2550 7835, 2545 7830, 2540 7825, 2540 7815, 2540 7805, 2535 7800, 2530 7795, 2525 7790, 2520 7785, 2515 7780, 2510 7775, 2510 7765, 2510 7755, 2505 7750, 2500 7745, 2500 7735, 2495 7730, 2490 7725, 2490 7715, 2490 7705, 2485 7700, 2480 7695, 2485 7690, 2490 7685, 2490 7675, 2490 7665, 2490 7655, 2490 7645, 2495 7640, 2500 7635, 2505 7630, 2510 7625, 2515 7620, 2520 7615, 2525 7610, 2530 7605, 2535 7600, 2540 7595, 2545 7590, 2550 7585, 2555 7580, 2560 7575, 2565 7570, 2575 7570, 2585 7570, 2595 7570, 2605 7570, 2615 7570, 2620 7565, 2625 7560, 2635 7560, 2640 7555, 2645 7550, 2655 7550, 2665 7550, 2670 7555, 2675 7560, 2680 7565, 2685 7570, 2690 7575, 2695 7580, 2700 7585, 2705 7590, 2710 7585, 2715 7580, 2725 7580, 2735 7580, 2740 7585, 2745 7590, 2750 7595, 2755 7600, 2760 7605, 2765 7610, 2775 7610, 2780 7615, 2785 7620, 2795 7620, 2800 7625, 2805 7630, 2815 7630, 2820 7635, 2825 7640, 2830 7645, 2835 7650, 2845 7650, 2855 7650, 2865 7650, 2875 7650, 2880 7655, 2885 7660, 2895 7660, 2900 7665, 2905 7670, 2915 7670, 2920 7675, 2925 7680, 2935 7680, 2940 7685, 2945 7690, 2950 7695, 2955 7700, 2960 7705, 2965 7710, 2970 7715, 2975 7720, 2980 7725, 2985 7730, 2995 7730, 3000 7735, 3005 7740, 3010 7745, 3015 7750, 3020 7755, 3025 7760, 3030 7765, 3035 7770, 3045 7770, 3050 7775, 3055 7780, 3060 7785, 3065 7790, 3070 7795, 3075 7800, 3080 7805, 3085 7810, 3090 7815, 3095 7820, 3100 7825, 3105 7830, 3110 7835, 3115 7840, 3120 7835, 3125 7830, 3130 7835, 3135 7840, 3140 7845, 3145 7850, 3150 7855, 3145 7860, 3140 7865, 3135 7870, 3130 7875, 3125 7880, 3120 7875, 3115 7870, 3110 7875, 3105 7880, 3100 7885, 3095 7890, 3090 7895, 3085 7900, 3080 7905, 3075 7910, 3070 7915, 3070 7925, 3070 7935, 3070 7945, 3075 7950, 3080 7955, 3085 7960, 3090 7965, 3095 7970, 3100 7975, 3100 7985, 3100 7995, 3095 8000, 3090 8005, 3090 8015, 3090 8025, 3090 8035, 3090 8045, 3085 8050, 3080 8055, 3075 8060, 3070 8065, 3065 8070, 3060 8075, 3055 8080, 3050 8085, 3045 8090, 3035 8090, 3025 8090, 3015 8090, 3005 8090, 3000 8095, 2995 8100, 2990 8105, 2985 8110, 2980 8115, 2975 8120, 2970 8125, 2965 8130, 2960 8135, 2955 8140))"
lesion,30,R1_3_T,,10450.0,1,1235.2113237639553,7761.973684210527,"POLYGON ((1275 7810, 1265 7810, 1255 7810, 1245 7810, 1235 7810, 1225 7810, 1215 7810, 1210 7805, 1205 7800, 1195 7800, 1190 7795, 1185 7790, 1180 7785, 1180 7775, 1185 7770, 1190 7765, 1185 7760, 1180 7755, 1175 7750, 1170 7745, 1165 7740, 1160 7735, 1165 7730, 1170 7725, 1175 7720, 1180 7715, 1185 7710, 1190 7705, 1195 7700, 1205 7700, 1210 7705, 1215 7710, 1220 7715, 1225 7720, 1235 7720, 1240 7725, 1245 7730, 1255 7730, 1265 7730, 1275 7730, 1280 7735, 1285 7740, 1290 7745, 1295 7750, 1300 7755, 1305 7760, 1310 7765, 1310 7775, 1310 7785, 1305 7790, 1300 7795, 1295 7800, 1285 7800, 1280 7805, 1275 7810))"
core,30,R1_3_T,,350.0,1,1250.0,7775.0,"POLYGON ((1265 7780, 1255 7780, 1245 7780, 1235 7780, 1230 7775, 1235 7770, 1245 7770, 1255 7770, 1265 7770, 1270 7775, 1265 7780))"
rim,30,R1_3_T,,10100.0,1,1234.6988448844886,7761.522277227723,"POLYGON ((1275 7810, 1265 7810, 1255 7810, 1245 7810, 1235 7810, 1225 7810, 1215 7810, 1210 7805, 1205 7800, 1195 7800, 1190 7795, 1185 7790, 1180 7785, 1180 7775, 1185 7770, 1190 7765, 1185 7760, 1180 7755, 1175 7750, 1170 7745, 1165 7740, 1160 7735, 1165 7730, 1170 7725, 1175 7720, 1180 7715, 1185 7710, 1190 7705, 1195 7700, 1205 7700, 1210 7705, 1215 7710, 1220 7715, 1225 7720, 1235 7720, 1240 7725, 1245 7730, 1255 7730, 1265 7730, 1275 7730, 1280 7735, 1285 7740, 1290 7745, 1295 7750, 1300 7755, 1305 7760, 1310 7765, 1310 7775, 1310 7785, 1305 7790, 1300 7795, 1295 7800, 1285 7800, 1280 7805, 1275 7810), (1270 7775, 1265 7770, 1255 7770, 1245 7770, 1235 7770, 1230 7775, 1235 7780, 1245 7780, 1255 7780, 1265 7780, 1270 7775))"
peri,0,P2_3_T,1;2;3;5;7;9;10,272250.0,1,6090.241352923171,3153.0537190082646,"POLYGON ((6315 3850, 6305 3850, 6295 3850, 6285 3850, 6275 3850, 6265 3850, 6260 3845, 6255 3840, 6245 3840, 6235 3840, 6225 3840, 6215 3840, 6205 3840, 6195 3840, 6185 3840, 6175 3840, 6165 3840, 6155 3840, 6145 3840, 6135 3840, 6130 3835, 6125 3830, 6115 3830, 6110 3825, 6105 3820, 6095 3820, 6085 3820, 6080 3815, 6075 3810, 6065 3810, 6060 3805, 6055 3800, 6045 3800, 6040 3795, 6035 3790, 6025 3790, 6020 3785, 6015 3780, 6010 3775, 6005 3770, 6000 3765, 5995 3760, 5990 3755, 5985 3750, 5980 3745, 5975 3740, 5970 3735, 5965 3730, 5960 3725, 5955 3720, 5950 3715, 5945 3710, 5940 3705, 5935 3700, 5930 3695, 5925 3690, 5920 3685, 5920 3675, 5915 3670, 5910 3665, 5910 3655, 5905 3650, 5900 3645, 5900 3635, 5900 3625, 5895 3620, 5890 3615, 5890 3605, 5890 3595, 5885 3590, 5880 3585, 5875 3580, 5870 3575, 5870 3565, 5865 3560, 5860 3555, 5855 3550, 5850 3545, 5845 3540, 5840 3535, 5835 3530, 5830 3525, 5825 3520, 5820 3515, 5815 3510, 5810 3505, 5805 3500, 5800 3495, 5795 3490, 5790 3485, 5785 3480, 5780 3475, 5775 3470, 5770 3465, 5770 3455, 5765 3450, 5760 3445, 5755 3440, 5750 3435, 5750 3425, 5745 3420, 5740 3415, 5740 3405, 5735 3400, 5730 3395, 5730 3385, 5725 3380, 5720 3375, 5720 3365, 5720 3355, 5720 3345, 5715 3340, 5710 3335, 5710 3325, 5710 3315, 5710 3305, 5710 3295, 5710 3285, 5705 3280, 5700 3275, 5700 3265, 5700 3255, 5700 3245, 5700 3235, 5700 3225, 5700 3215, 5700 3205, 5700 3195, 5700 3185, 5700 3175, 5700 3165, 5700 3155, 5700 3145, 5700 3135, 5700 3125, 5700 3115, 5700 3105, 5700 3095, 5695 3090, 5690 3085, 5690 3075, 5690 3065, 5690 3055, 5690 3045, 5690 3035, 5690 3025, 5690 3015, 5690 3005, 5690 2995, 5690 2985, 5685 2980, 5680 2975, 5680 2965, 5680 2955, 5675 2950, 5670 2945, 5670 2935, 5665 2930, 5660 2925, 5660 2915, 5655 2910, 5650 2905, 5650 2895, 5645 2890, 5640 2885, 5640 2875, 5640 2865, 5640 2855, 5635 2850, 5630 2845, 5630 2835, 5630 2825, 5630 2815, 5630 2805, 5630 2795, 5630 2785, 5630 2775, 5630 2765, 5630 2755, 5635 2750, 5640 2745, 5640 2735, 5640 2725, 5640 2715, 5640 2705, 5645 2700, 5650 2695, 5650 2685, 5655 2680, 5660 2675, 5660 2665, 5660 2655, 5665 2650, 5670 2645, 5670 2635, 5670 2625, 5670 2615, 5670 2605, 5675 2600, 5680 2595, 5680 2585, 5680 2575, 5680 2565, 5685 2560, 5690 2555, 5690 2545, 5690 2535, 5690 2525, 5690 2515, 5695 2510, 5700 2505, 5700 2495, 5700 2485, 5700 2475, 5705 2470, 5710 2465, 5710 2455, 5710 2445, 5710 2435, 5710 2425, 5710 2415, 5710 2405, 5710 2395, 5710 2385, 5715 2380, 5720 2375, 5720 2365, 5720 2355, 5720 2345, 5725 2340, 5730 2335, 5730 2325, 5735 2320, 5740 2315, 5745 2310, 5750 2305, 5755 2300, 5760 2295, 5765 2290, 5770 2285, 5775 2280, 5780 2275, 5785 2270, 5790 2265, 5795 2260, 5805 2260, 5815 2260, 5820 2255, 5825 2250, 5835 2250, 5845 2250, 5850 2245, 5855 2240, 5860 2235, 5865 2230, 5870 2225, 5870 2215, 5875 2210, 5880 2205, 5885 2200, 5890 2195, 5895 2190, 5900 2185, 5905 2180, 5910 2175, 5915 2170, 5920 2165, 5920 2155, 5925 2150, 5930 2145, 5935 2140, 5940 2135, 5945 2130, 5950 2125, 5955 2120, 5960 2115, 5965 2110, 5970 2105, 5975 2100, 5980 2095, 5985 2090, 5990 2085, 5995 2080, 6000 2075, 6000 2065, 6005 2060, 6010 2055, 6015 2050, 6020 2045, 6025 2040, 6030 2035, 6035 2030, 6045 2030, 6050 2025, 6055 2020, 6065 2020, 6075 2020, 6080 2025, 6085 2030, 6095 2030, 6105 2030, 6115 2030, 6125 2030, 6130 2035, 6135 2040, 6145 2040, 6150 2045, 6145 2050, 6135 2050, 6130 2055, 6125 2060, 6120 2065, 6115 2070, 6105 2070, 6100 2075, 6100 2085, 6095 2090, 6090 2095, 6085 2100, 6080 2105, 6075 2110, 6065 2110, 6060 2115, 6055 2120, 6050 2125, 6050 2135, 6045 2140, 6040 2145, 6035 2150, 6030 2155, 6025 2160, 6015 2160, 6010 2165, 6010 2175, 6005 2180, 6000 2185, 5995 2190, 5990 2195, 5990 2205, 5985 2210, 5980 2215, 5975 2220, 5970 2225, 5965 2230, 5960 2235, 5960 2245, 5955 2250, 5950 2255, 5950 2265, 5945 2270, 5940 2275, 5935 2280, 5930 2285, 5930 2295, 5925 2300, 5920 2305, 5920 2315, 5915 2320, 5910 2325, 5905 2330, 5900 2335, 5895 2340, 5885 2340, 5875 2340, 5870 2345, 5865 2350, 5855 2350, 5850 2345, 5845 2340, 5835 2340, 5825 2340, 5815 2340, 5810 2345, 5810 2355, 5810 2365, 5805 2370, 5800 2375, 5800 2385, 5795 2390, 5790 2395, 5795 2400, 5800 2405, 5800 2415, 5800 2425, 5805 2430, 5810 2435, 5810 2445, 5810 2455, 5805 2460, 5800 2465, 5800 2475, 5800 2485, 5795 2490, 5790 2495, 5790 2505, 5790 2515, 5790 2525, 5790 2535, 5790 2545, 5785 2550, 5780 2555, 5780 2565, 5780 2575, 5780 2585, 5775 2590, 5770 2595, 5770 2605, 5770 2615, 5770 2625, 5765 2630, 5760 2635, 5760 2645, 5760 2655, 5755 2660, 5750 2665, 5750 2675, 5750 2685, 5745 2690, 5740 2695, 5735 2700, 5730 2705, 5730 2715, 5725 2720, 5720 2725, 5725 2730, 5730 2735, 5725 2740, 5720 2745, 5720 2755, 5725 2760, 5730 2765, 5730 2775, 5730 2785, 5730 2795, 5725 2800, 5720 2805, 5720 2815, 5720 2825, 5720 2835, 5725 2840, 5730 2845, 5725 2850, 5720 2855, 5720 2865, 5725 2870, 5730 2875, 5735 2880, 5740 2885, 5745 2890, 5750 2895, 5750 2905, 5755 2910, 5760 2915, 5765 2920, 5770 2925, 5770 2935, 5775 2940, 5780 2945, 5780 2955, 5780 2965, 5785 2970, 5790 2975, 5790 2985, 5790 2995, 5785 3000, 5780 3005, 5780 3015, 5785 3020, 5790 3025, 5790 3035, 5790 3045, 5790 3055, 5790 3065, 5790 3075, 5790 3085, 5790 3095, 5795 3100, 5800 3105, 5800 3115, 5795 3120, 5790 3125, 5790 3135, 5790 3145, 5790 3155, 5785 3160, 5780 3165, 5785 3170, 5790 3175, 5790 3185, 5790 3195, 5790 3205, 5790 3215, 5795 3220, 5800 3225, 5795 3230, 5790 3235, 5790 3245, 5795 3250, 5800 3255, 5795 3260, 5790 3265, 5790 3275, 5795 3280, 5800 3285, 5800 3295, 5800 3305, 5800 3315, 5805 3320, 5810 3325, 5805 3330, 5800 3335, 5800 3345, 5805 3350, 5810 3355, 5810 3365, 5815 3370, 5820 3375, 5820 3385, 5820 3395, 5825 3400, 5830 3405, 5835 3410, 5840 3415, 5845 3420, 5850 3425, 5855 3430, 5860 3435, 5865 3440, 5870 3445, 5870 3455, 5875 3460, 5880 3465, 5885 3470, 5890 3475, 5895 3480, 5900 3485, 5905 3490, 5910 3495, 5915 3500, 5920 3505, 5925 3510, 5935 3510, 5940 3515, 5945 3520, 5950 3525, 5955 3530, 5960 3535, 5960 3545, 5965 3550, 5970 3555, 5970 3565, 5970 3575, 5975 3580, 5980 3585, 5980 3595, 5980 3605, 5985 3610, 5990 3615, 5990 3625, 5990 3635, 5990 3645, 5995 3650, 6000 3655, 6005 3660, 6010 3665, 6015 3670, 6020 3675, 6025 3680, 6030 3685, 6035 3690, 6040 3695, 6045 3700, 6050 3705, 6055 3710, 6060 3715, 6065 3720, 6070 3725, 6075 3730, 6085 3730, 6095 3730, 6100 3735, 6105 3740, 6115 3740, 6120 3745, 6125 3750, 6135 3750, 6140 3755, 6145 3760, 6150 3765, 6155 3770, 6160 3775, 6165 3780, 6170 3775, 6175 3770, 6180 3765, 6185 3760, 6195 3760, 6205 3760, 6210 3755, 6215 3750, 6225 3750, 6235 3750, 6245 3750, 6255 3750, 6260 3755, 6265 3760, 6275 3760, 6280 3765, 6285 3770, 6290 3765, 6295 3760, 6305 3760, 6315 3760, 6320 3755, 6325 3750, 6335 3750, 6345 3750, 6355 3750, 6360 3755, 6365 3760, 6370 3755, 6375 3750, 6385 3750, 6390 3755, 6395 3760, 6400 3755, 6405 3750, 6415 3750, 6425 3750, 6430 3745, 6435 3740, 6445 3740, 6455 3740, 6465 3740, 6470 3735, 6475 3730, 6485 3730, 6495 3730, 6500 3725, 6505 3720, 6515 3720, 6525 3720, 6535 3720, 6540 3715, 6545 3710, 6555 3710, 6565 3710, 6575 3710, 6585 3710, 6595 3710, 6600 3715, 6605 3720, 6610 3715, 6615 3710, 6620 3705, 6625 3700, 6635 3700, 6640 3695, 6645 3690, 6655 3690, 6665 3690, 6670 3685, 6675 3680, 6680 3675, 6685 3670, 6695 3670, 6700 3665, 6705 3660, 6715 3660, 6725 3660, 6730 3655, 6730 3645, 6735 3640, 6740 3635, 6745 3630, 6750 3625, 6755 3620, 6760 3615, 6765 3610, 6770 3605, 6775 3600, 6785 3600, 6790 3595, 6795 3590, 6800 3585, 6805 3580, 6810 3575, 6815 3570, 6820 3565, 6815 3560, 6810 3555, 6810 3545, 6805 3540, 6800 3535, 6800 3525, 6805 3520, 6810 3515, 6815 3510, 6820 3505, 6825 3500, 6830 3495, 6835 3490, 6840 3485, 6845 3480, 6850 3475, 6855 3470, 6860 3465, 6865 3460, 6875 3460, 6880 3455, 6885 3450, 6895 3450, 6905 3450, 6910 3445, 6915 3440, 6920 3435, 6920 3425, 6920 3415, 6925 3410, 6930 3405, 6930 3395, 6935 3390, 6940 3385, 6945 3380, 6950 3375, 6950 3365, 6955 3360, 6960 3355, 6960 3345, 6965 3340, 6970 3335, 6975 3330, 6980 3325, 6985 3320, 6995 3320, 7000 3315, 7000 3305, 7000 3295, 7000 3285, 7005 3280, 7015 3280, 7020 3285, 7025 3290, 7030 3295, 7030 3305, 7035 3310, 7040 3315, 7040 3325, 7045 3330, 7050 3335, 7050 3345, 7050 3355, 7050 3365, 7050 3375, 7045 3380, 7040 3385, 7040 3395, 7035 3400, 7030 3405, 7025 3410, 7020 3415, 7020 3425, 7015 3430, 7010 3435, 7005 3440, 7000 3445, 7000 3455, 6995 3460, 6990 3465, 6985 3470, 6980 3475, 6975 3480, 6970 3485, 6965 3490, 6960 3495, 6955 3500, 6950 3505, 6945 3510, 6940 3515, 6935 3520, 6930 3525, 6925 3530, 6915 3530, 6910 3535, 6905 3540, 6900 3545, 6895 3550, 6890 3555, 6890 3565, 6890 3575, 6885 3580, 6880 3585, 6880 3595, 6875 3600, 6870 3605, 6870 3615, 6865 3620, 6860 3625, 6855 3630, 6850 3635, 6845 3640, 6840 3645, 6835 3650, 6830 3655, 6825 3660, 6815 3660, 6810 3665, 6805 3670, 6800 3675, 6795 3680, 6790 3685, 6785 3690, 6780 3695, 6775 3700, 6770 3705, 6765 3710, 6755 3710, 6750 3715, 6745 3720, 6740 3725, 6735 3730, 6725 3730, 6720 3735, 6715 3740, 6705 3740, 6700 3745, 6695 3750, 6685 3750, 6675 3750, 6670 3755, 6665 3760, 6655 3760, 6650 3765, 6645 3770, 6635 3770, 6630 3775, 6625 3780, 6615 3780, 6605 3780, 6600 3785, 6595 3790, 6585 3790, 6575 3790, 6570 3795, 6565 3800, 6555 3800, 6550 3805, 6545 3810, 6535 3810, 6525 3810, 6520 3815, 6515 3820, 6505 3820, 6495 3820, 6485 3820, 6475 3820, 6470 3825, 6465 3830, 6455 3830, 6445 3830, 6435 3830, 6425 3830, 6415 3830, 6410 3835, 6405 3840, 6395 3840, 6385 3840, 6375 3840, 6365 3840, 6355 3840, 6345 3840, 6335 3840, 6325 3840, 6320 3845, 6315 3850))"
peri,0,P2_3_T,1;5;7;9;10,304950.0,1,6255.530824725365,2982.0338033557414,"POLYGON ((6275 3550, 6270 3545, 6265 3540, 6260 3535, 6255 3530, 6250 3525, 6245 3520, 6240 3515, 6240 3505, 6240 3495, 6240 3485, 6240 3475, 6240 3465, 6245 3460, 6250 3455, 6250 3445, 6250 3435, 6250 3425, 6245 3420, 6240 3415, 6240 3405, 6235 3400, 6230 3395, 6230 3385, 6230 3375, 6230 3365, 6230 3355, 6230 3345, 6230 3335, 6230 3325, 6230 3315, 6230 3305, 6225 3300, 6220 3295, 6215 3290, 6210 3285, 6205 3280, 6200 3275, 6195 3270, 6190 3265, 6185 3260, 6180 3255, 6175 3250, 6170 3245, 6165 3240, 6160 3235, 6155 3230, 6145 3230, 6140 3225, 6135 3220, 6130 3225, 6125 3230, 6120 3225, 6115 3220, 6110 3225, 6105 3230, 6095 3230, 6085 3230, 6080 3235, 6075 3240, 6070 3245, 6065 3250, 6060 3255, 6055 3260, 6050 3265, 6045 3270, 6035 3270, 6025 3270, 6015 3270, 6005 3270, 5995 3270, 5990 3275, 5985 3280, 5975 3280, 5970 3275, 5965 3270, 5955 3270, 5945 3270, 5935 3270, 5925 3270, 5920 3275, 5915 3280, 5905 3280, 5900 3285, 5895 3290, 5890 3295, 5885 3300, 5875 3300, 5870 3305, 5865 3310, 5860 3315, 5855 3320, 5850 3315, 5845 3310, 5840 3315, 5835 3320, 5830 3315, 5825 3310, 5820 3305, 5820 3295, 5820 3285, 5820 3275, 5820 3265, 5820 3255, 5820 3245, 5820 3235, 5820 3225, 5820 3215, 5815 3210, 5810 3205, 5810 3195, 5810 3185, 5815 3180, 5820 3185, 5825 3190, 5830 3195, 5835 3200, 5845 3200, 5850 3195, 5855 3190, 5860 3185, 5865 3180, 5875 3180, 5880 3175, 5885 3170, 5890 3165, 5895 3160, 5900 3155, 5905 3150, 5915 3150, 5920 3145, 5925 3140, 5930 3135, 5935 3130, 5940 3125, 5945 3120, 5950 3115, 5950 3105, 5955 3100, 5960 3095, 5960 3085, 5965 3080, 5970 3075, 5970 3065, 5970 3055, 5975 3050, 5980 3045, 5980 3035, 5985 3030, 5990 3025, 5995 3020, 6000 3015, 6005 3010, 6010 3005, 6010 2995, 6015 2990, 6020 2985, 6025 2980, 6030 2975, 6035 2970, 6045 2970, 6050 2965, 6055 2960, 6060 2965, 6065 2970, 6075 2970, 6085 2970, 6090 2965, 6095 2960, 6100 2955, 6105 2950, 6110 2945, 6110 2935, 6105 2930, 6100 2925, 6095 2920, 6090 2915, 6085 2910, 6080 2905, 6075 2900, 6070 2895, 6070 2885, 6075 2880, 6080 2875, 6085 2870, 6090 2865, 6090 2855, 6090 2845, 6090 2835, 6095 2830, 6100 2825, 6100 2815, 6100 2805, 6100 2795, 6105 2790, 6110 2785, 6110 2775, 6115 2770, 6120 2765, 6120 2755, 6120 2745, 6120 2735, 6120 2725, 6115 2720, 6110 2715, 6105 2710, 6100 2705, 6100 2695, 6095 2690, 6090 2685, 6085 2680, 6080 2675, 6080 2665, 6075 2660, 6070 2655, 6065 2650, 6060 2645, 6055 2640, 6050 2635, 6045 2630, 6040 2625, 6035 2620, 6030 2615, 6025 2610, 6020 2605, 6015 2600, 6010 2595, 6005 2590, 6000 2585, 5995 2580, 5990 2575, 5990 2565, 5990 2555, 5990 2545, 5995 2540, 6000 2535, 6000 2525, 6005 2520, 6010 2515, 6015 2510, 6020 2505, 6025 2500, 6030 2495, 6035 2490, 6040 2485, 6045 2480, 6050 2475, 6050 2465, 6055 2460, 6060 2455, 6060 2445, 6060 2435, 6060 2425, 6065 2420, 6070 2415, 6070 2405, 6075 2400, 6080 2395, 6085 2390, 6090 2385, 6090 2375, 6095 2370, 6100 2365, 6105 2360, 6110 2355, 6115 2350, 6120 2345, 6125 2340, 6130 2335, 6135 2330, 6140 2325, 6135 2320, 6130 2315, 6135 2310, 6140 2305, 6140 2295, 6135 2290, 6130 2285, 6135 2280, 6140 2275, 6135 2270, 6130 2265, 6130 2255, 6130 2245, 6135 2240, 6140 2235, 6140 2225, 6135 2220, 6130 2215, 6135 2210, 6140 2205, 6135 2200, 6130 2195, 6125 2190, 6120 2185, 6115 2180, 6105 2180, 6095 2180, 6085 2180, 6080 2175, 6075 2170, 6065 2170, 6060 2165, 6065 2160, 6070 2155, 6070 2145, 6070 2135, 6075 2130, 6085 2130, 6090 2125, 6095 2120, 6100 2115, 6105 2110, 6110 2105, 6115 2100, 6120 2095, 6125 2090, 6130 2085, 6135 2080, 6140 2075, 6145 2070, 6150 2075, 6155 2080, 6165 2080, 6170 2085, 6175 2090, 6185 2090, 6190 2095, 6195 2100, 6200 2105, 6205 2110, 6210 2115, 6215 2120, 6220 2125, 6225 2130, 6230 2135, 6230 2145, 6235 2150, 6240 2155, 6240 2165, 6245 2170, 6250 2175, 6250 2185, 6250 2195, 6250 2205, 6250 2215, 6250 2225, 6250 2235, 6250 2245, 6250 2255, 6250 2265, 6250 2275, 6250 2285, 6250 2295, 6250 2305, 6250 2315, 6250 2325, 6250 2335, 6250 2345, 6250 2355, 6245 2360, 6240 2365, 6240 2375, 6235 2380, 6230 2385, 6230 2395, 6225 2400, 6220 2405, 6215 2410, 6210 2415, 6205 2420, 6200 2425, 6195 2430, 6190 2435, 6185 2440, 6180 2445, 6180 2455, 6175 2460, 6170 2465, 6170 2475, 6170 2485, 6165 2490, 6160 2495, 6160 2505, 6155 2510, 6150 2515, 6150 2525, 6145 2530, 6140 2535, 6140 2545, 6135 2550, 6130 2555, 6135 2560, 6140 2565, 6145 2570, 6150 2575, 6155 2580, 6160 2585, 6165 2590, 6170 2595, 6170 2605, 6175 2610, 6180 2615, 6185 2620, 6190 2625, 6190 2635, 6195 2640, 6200 2645, 6205 2650, 6210 2655, 6210 2665, 6215 2670, 6220 2675, 6220 2685, 6225 2690, 6230 2695, 6230 2705, 6230 2715, 6230 2725, 6230 2735, 6230 2745, 6230 2755, 6230 2765, 6230 2775, 6230 2785, 6230 2795, 6225 2800, 6220 2805, 6220 2815, 6215 2820, 6210 2825, 6210 2835, 6210 2845, 6210 2855, 6205 2860, 6200 2865, 6200 2875, 6205 2880, 6210 2885, 6210 2895, 6215 2900, 6220 2905, 6220 2915, 6220 2925, 6220 2935, 6220 2945, 6220 2955, 6220 2965, 6220 2975, 6215 2980, 6210 2985, 6210 2995, 6205 3000, 6200 3005, 6200 3015, 6195 3020, 6190 3025, 6185 3030, 6180 3035, 6175 3040, 6170 3045, 6165 3050, 6160 3055, 6155 3060, 6145 3060, 6140 3065, 6135 3070, 6125 3070, 6120 3075, 6115 3080, 6105 3080, 6095 3080, 6090 3085, 6085 3090, 6080 3095, 6080 3105, 6075 3110, 6070 3115, 6075 3120, 6080 3115, 6085 3110, 6095 3110, 6105 3110, 6115 3110, 6125 3110, 6135 3110, 6145 3110, 6155 3110, 6165 3110, 6170 3115, 6175 3120, 6185 3120, 6190 3125, 6195 3130, 6205 3130, 6210 3135, 6215 3140, 6225 3140, 6230 3145, 6235 3150, 6240 3155, 6245 3160, 6250 3165, 6255 3170, 6260 3175, 6265 3180, 6270 3185, 6275 3190, 6280 3195, 6285 3200, 6290 3205, 6295 3210, 6300 3215, 6305 3220, 6310 3225, 6315 3230, 6320 3235, 6320 3245, 6325 3250, 6330 3255, 6330 3265, 6335 3270, 6340 3275, 6340 3285, 6340 3295, 6340 3305, 6340 3315, 6340 3325, 6345 3330, 6350 3325, 6355 3320, 6360 3315, 6365 3310, 6370 3305, 6375 3300, 6380 3295, 6385 3290, 6390 3285, 6395 3280, 6405 3280, 6410 3275, 6415 3270, 6425 3270, 6430 3265, 6435 3260, 6445 3260, 6455 3260, 6465 3260, 6475 3260, 6485 3260, 6495 3260, 6505 3260, 6515 3260, 6525 3260, 6530 3265, 6535 3270, 6545 3270, 6550 3275, 6555 3280, 6565 3280, 6570 3285, 6575 3290, 6585 3290, 6595 3290, 6605 3290, 6610 3285, 6615 3280, 6625 3280, 6635 3280, 6645 3280, 6655 3280, 6665 3280, 6670 3275, 6675 3270, 6680 3265, 6685 3260, 6695 3260, 6700 3255, 6705 3250, 6715 3250, 6720 3245, 6725 3240, 6735 3240, 6745 3240, 6755 3240, 6765 3240, 6775 3240, 6785 3240, 6795 3240, 6800 3245, 6805 3250, 6815 3250, 6825 3250, 6830 3245, 6835 3240, 6845 3240, 6855 3240, 6865 3240, 6875 3240, 6885 3240, 6895 3240, 6900 3245, 6905 3250, 6915 3250, 6920 3255, 6925 3260, 6935 3260, 6940 3265, 6945 3270, 6955 3270, 6960 3275, 6965 3280, 6970 3285, 6975 3290, 6980 3295, 6975 3300, 6970 3305, 6965 3310, 6960 3315, 6955 3320, 6950 3325, 6945 3330, 6940 3335, 6940 3345, 6935 3350, 6930 3355, 6930 3365, 6925 3370, 6920 3375, 6915 3380, 6905 3380, 6900 3375, 6895 3370, 6890 3365, 6885 3360, 6875 3360, 6870 3355, 6865 3350, 6860 3355, 6855 3360, 6845 3360, 6835 3360, 6825 3360, 6820 3365, 6815 3370, 6805 3370, 6795 3370, 6785 3370, 6780 3365, 6775 3360, 6770 3355, 6765 3350, 6755 3350, 6750 3355, 6745 3360, 6740 3365, 6735 3370, 6725 3370, 6720 3375, 6715 3380, 6705 3380, 6700 3385, 6695 3390, 6690 3395, 6685 3400, 6680 3395, 6675 3390, 6665 3390, 6655 3390, 6645 3390, 6640 3395, 6635 3400, 6625 3400, 6615 3400, 6610 3405, 6605 3410, 6595 3410, 6585 3410, 6580 3405, 6575 3400, 6570 3405, 6565 3410, 6555 3410, 6550 3405, 6545 3400, 6535 3400, 6530 3395, 6525 3390, 6520 3385, 6515 3380, 6505 3380, 6500 3375, 6495 3370, 6485 3370, 6475 3370, 6465 3370, 6460 3375, 6455 3380, 6450 3385, 6445 3390, 6440 3395, 6435 3400, 6430 3405, 6425 3410, 6420 3415, 6415 3420, 6410 3425, 6405 3430, 6400 3435, 6395 3440, 6385 3440, 6380 3445, 6375 3450, 6365 3450, 6360 3455, 6355 3460, 6350 3465, 6345 3470, 6335 3470, 6330 3475, 6325 3480, 6320 3485, 6315 3490, 6310 3495, 6310 3505, 6310 3515, 6305 3520, 6300 3525, 6295 3530, 6290 3535, 6285 3540, 6280 3545, 6275 3550))"
peri,4,,4,34050.0,1,7125.605726872247,2623.4104258443467,"POLYGON ((7125 2830, 7115 2830, 7110 2825, 7110 2815, 7105 2810, 7100 2805, 7105 2800, 7110 2795, 7105 2790, 7100 2785, 7105 2780, 7110 2775, 7110 2765, 7110 2755, 7110 2745, 7115 2740, 7120 2735, 7115 2730, 7110 2725, 7110 2715, 7110 2705, 7105 2700, 7100 2695, 7100 2685, 7100 2675, 7100 2665, 7095 2660, 7090 2655, 7090 2645, 7090 2635, 7085 2630, 7080 2625, 7080 2615, 7080 2605, 7080 2595, 7085 2590, 7090 2585, 7085 2580, 7080 2575, 7075 2570, 7070 2565, 7070 2555, 7070 2545, 7065 2540, 7060 2535, 7060 2525, 7060 2515, 7055 2510, 7050 2505, 7050 2495, 7045 2490, 7040 2485, 7040 2475, 7035 2470, 7030 2465, 7030 2455, 7025 2450, 7020 2445, 7025 2440, 7035 2440, 7045 2440, 7050 2435, 7055 2430, 7060 2435, 7065 2440, 7075 2440, 7085 2440, 7095 2440, 7105 2440, 7110 2445, 7115 2450, 7120 2455, 7125 2460, 7130 2465, 7130 2475, 7135 2480, 7140 2485, 7140 2495, 7145 2500, 7150 2505, 7150 2515, 7150 2525, 7155 2530, 7160 2535, 7160 2545, 7160 2555, 7165 2560, 7170 2565, 7170 2575, 7170 2585, 7170 2595, 7175 2600, 7180 2605, 7180 2615, 7180 2625, 7180 2635, 7180 2645, 7185 2650, 7190 2655, 7190 2665, 7190 2675, 7190 2685, 7190 2695, 7190 2705, 7190 2715, 7195 2720, 7200 2725, 7200 2735, 7200 2745, 7200 2755, 7200 2765, 7200 2775, 7195 2780, 7190 2785, 7185 2790, 7180 2795, 7175 2800, 7170 2805, 7165 2810, 7155 2810, 7150 2815, 7145 2820, 7135 2820, 7130 2825, 7125 2830))"
peri,4,P2_3_T,4,34050.0,1,6998.547479197258,2650.260646108664,"POLYGON ((7075 2800, 7065 2800, 7055 2800, 7045 2800, 7035 2800, 7030 2795, 7025 2790, 7015 2790, 7010 2785, 7005 2780, 6995 2780, 6990 2775, 6985 2770, 6980 2765, 6975 2760, 6970 2755, 6965 2750, 6960 2745, 6955 2740, 6950 2735, 6950 2725, 6945 2720, 6940 2715, 6940 2705, 6935 2700, 6930 2695, 6930 2685, 6925 2680, 6920 2675, 6920 2665, 6920 2655, 6920 2645, 6920 2635, 6920 2625, 6920 2615, 6920 2605, 6920 2595, 6920 2585, 6920 2575, 6925 2570, 6930 2565, 6930 2555, 6935 2550, 6940 2545, 6940 2535, 6945 2530, 6950 2525, 6955 2520, 6960 2515, 6965 2510, 6970 2505, 6975 2500, 6980 2495, 6985 2490, 6995 2490, 7000 2485, 7005 2480, 7015 2480, 7020 2485, 7020 2495, 7025 2500, 7030 2505, 7030 2515, 7035 2520, 7040 2525, 7040 2535, 7040 2545, 7040 2555, 7045 2560, 7050 2565, 7050 2575, 7050 2585, 7045 2590, 7040 2595, 7035 2600, 7030 2605, 7030 2615, 7030 2625, 7030 2635, 7030 2645, 7035 2650, 7040 2655, 7040 2665, 7045 2670, 7050 2675, 7055 2680, 7060 2685, 7065 2690, 7075 2690, 7080 2695, 7080 2705, 7080 2715, 7080 2725, 7085 2730, 7090 2735, 7090 2745, 7090 2755, 7090 2765, 7085 2770, 7080 2775, 7080 2785, 7080 2795, 7075 2800))"
peri,0,R1_3_L,6;8,218150.0,1,2265.306555122622,3536.578997631599,"POLYGON ((2205 3820, 2195 3820, 2185 3820, 2175 3820, 2165 3820, 2155 3820, 2150 3815, 2145 3810, 2135 3810, 2125 3810, 2120 3805, 2115 3800, 2105 3800, 2100 3795, 2095 3790, 2090 3785, 2085 3780, 2080 3775, 2075 3770, 2070 3765, 2065 3760, 2055 3760, 2050 3755, 2045 3750, 2035 3750, 2025 3750, 2020 3745, 2015 3740, 2005 3740, 2000 3735, 1995 3730, 1990 3725, 1985 3720, 1980 3715, 1975 3710, 1970 3705, 1965 3700, 1960 3695, 1955 3690, 1950 3685, 1945 3680, 1940 3675, 1935 3670, 1930 3665, 1930 3655, 1925 3650, 1920 3645, 1920 3635, 1920 3625, 1915 3620, 1910 3615, 1910 3605, 1910 3595, 1905 3590, 1900 3585, 1900 3575, 1900 3565, 1895 3560, 1890 3555, 1890 3545, 1890 3535, 1890 3525, 1890 3515, 1895 3510, 1900 3505, 1900 3495, 1900 3485, 1905 3480, 1910 3475, 1910 3465, 1915 3460, 1920 3455, 1925 3450, 1930 3445, 1935 3440, 1940 3435, 1945 3430, 1950 3425, 1955 3420, 1960 3415, 1965 3410, 1970 3405, 1975 3400, 1985 3400, 1990 3395, 1995 3390, 2005 3390, 2015 3390, 2020 3385, 2025 3380, 2035 3380, 2045 3380, 2055 3380, 2065 3380, 2070 3375, 2075 3370, 2085 3370, 2095 3370, 2105 3370, 2115 3370, 2120 3375, 2125 3380, 2135 3380, 2145 3380, 2150 3385, 2155 3390, 2165 3390, 2170 3395, 2175 3400, 2185 3400, 2195 3400, 2205 3400, 2215 3400, 2225 3400, 2235 3400, 2240 3405, 2245 3410, 2255 3410, 2265 3410, 2270 3415, 2275 3420, 2285 3420, 2290 3425, 2295 3430, 2300 3425, 2305 3420, 2310 3415, 2310 3405, 2310 3395, 2315 3390, 2320 3385, 2320 3375, 2325 3370, 2330 3365, 2335 3360, 2340 3355, 2345 3350, 2350 3345, 2355 3340, 2360 3335, 2365 3330, 2370 3325, 2375 3320, 2380 3315, 2385 3310, 2390 3305, 2395 3300, 2405 3300, 2410 3295, 2415 3290, 2425 3290, 2435 3290, 2440 3285, 2445 3280, 2455 3280, 2465 3280, 2475 3280, 2485 3280, 2495 3280, 2505 3280, 2510 3285, 2515 3290, 2525 3290, 2535 3290, 2540 3295, 2545 3300, 2555 3300, 2560 3305, 2565 3310, 2570 3315, 2575 3320, 2580 3325, 2585 3330, 2590 3335, 2595 3340, 2600 3345, 2605 3350, 2610 3355, 2615 3360, 2620 3365, 2625 3370, 2630 3375, 2635 3380, 2640 3385, 2640 3395, 2640 3405, 2640 3415, 2640 3425, 2640 3435, 2640 3445, 2640 3455, 2635 3460, 2630 3465, 2625 3470, 2620 3475, 2620 3485, 2620 3495, 2620 3505, 2620 3515, 2620 3525, 2620 3535, 2620 3545, 2615 3550, 2610 3555, 2605 3560, 2600 3565, 2595 3570, 2590 3575, 2585 3580, 2580 3585, 2575 3590, 2565 3590, 2560 3595, 2555 3600, 2545 3600, 2535 3600, 2530 3605, 2525 3610, 2515 3610, 2510 3615, 2505 3620, 2495 3620, 2485 3620, 2480 3625, 2475 3630, 2465 3630, 2455 3630, 2445 3630, 2435 3630, 2430 3625, 2425 3620, 2415 3620, 2410 3625, 2410 3635, 2410 3645, 2405 3650, 2400 3655, 2400 3665, 2395 3670, 2390 3675, 2385 3680, 2380 3685, 2375 3690, 2370 3695, 2365 3700, 2360 3705, 2355 3710, 2350 3715, 2345 3720, 2340 3725, 2335 3730, 2330 3735, 2325 3740, 2320 3745, 2315 3750, 2310 3755, 2305 3760, 2300 3765, 2295 3770, 2285 3770, 2280 3775, 2275 3780, 2270 3785, 2265 3790, 2260 3795, 2255 3800, 2245 3800, 2240 3805, 2235 3810, 2225 3810, 2215 3810, 2210 3815, 2205 3820), (2190 3685, 2195 3680, 2200 3675, 2205 3670, 2210 3665, 2215 3660, 2225 3660, 2230 3655, 2235 3650, 2240 3645, 2245 3640, 2250 3635, 2255 3630, 2260 3625, 2265 3620, 2270 3615, 2275 3610, 2280 3605, 2285 3600, 2290 3595, 2290 3585, 2285 3580, 2280 3575, 2275 3570, 2270 3565, 2265 3560, 2255 3560, 2250 3555, 2245 3550, 2240 3545, 2235 3540, 2225 3540, 2220 3535, 2215 3530, 2205 3530, 2195 3530, 2190 3535, 2185 3540, 2175 3540, 2165 3540, 2160 3545, 2155 3550, 2150 3555, 2145 3560, 2140 3555, 2135 3550, 2130 3545, 2125 3540, 2120 3535, 2120 3525, 2115 3520, 2110 3515, 2105 3510, 2100 3505, 2095 3500, 2090 3505, 2085 3510, 2075 3510, 2065 3510, 2055 3510, 2045 3510, 2040 3515, 2035 3520, 2030 3525, 2025 3530, 2020 3535, 2025 3540, 2030 3545, 2030 3555, 2035 3560, 2040 3565, 2040 3575, 2045 3580, 2050 3585, 2045 3590, 2040 3595, 2045 3600, 2050 3605, 2055 3610, 2060 3615, 2065 3620, 2070 3625, 2075 3630, 2080 3625, 2085 3620, 2090 3615, 2095 3610, 2100 3615, 2105 3620, 2110 3625, 2115 3630, 2120 3635, 2125 3640, 2130 3645, 2135 3650, 2140 3655, 2145 3660, 2150 3665, 2155 3670, 2160 3675, 2165 3680, 2170 3685, 2175 3690, 2185 3690, 2190 3685), (2460 3495, 2465 3490, 2475 3490, 2480 3485, 2485 3480, 2490 3475, 2495 3470, 2500 3475, 2505 3480, 2510 3475, 2515 3470, 2520 3465, 2525 3460, 2530 3455, 2525 3450, 2520 3445, 2515 3440, 2510 3435, 2505 3430, 2500 3425, 2495 3420, 2490 3415, 2485 3410, 2475 3410, 2465 3410, 2460 3415, 2455 3420, 2450 3425, 2445 3430, 2440 3435, 2435 3440, 2430 3445, 2430 3455, 2430 3465, 2430 3475, 2435 3480, 2440 3485, 2445 3490, 2450 3495, 2455 3500, 2460 3495))"
peri,6,R1_3_L,6,1350.0,1,2655.1543209876545,3502.067901234568,"POLYGON ((2645 3540, 2640 3535, 2640 3525, 2640 3515, 2645 3510, 2650 3505, 2645 3500, 2640 3495, 2645 3490, 2650 3485, 2650 3475, 2655 3470, 2665 3470, 2670 3475, 2670 3485, 2670 3495, 2670 3505, 2665 3510, 2660 3515, 2660 3525, 2655 3530, 2650 3535, 2645 3540))"
peri,0,P2_3_T,5;7;9;10,7350.0,1,6700.300453514739,3608.361678004535,"POLYGON ((6615 3680, 6610 3675, 6610 3665, 6615 3660, 6620 3655, 6625 3650, 6630 3645, 6635 3640, 6640 3635, 6645 3630, 6650 3625, 6655 3620, 6660 3615, 6665 3610, 6670 3605, 6675 3600, 6680 3595, 6685 3590, 6690 3585, 6695 3580, 6705 3580, 6710 3575, 6715 3570, 6720 3565, 6725 3560, 6735 3560, 6740 3555, 6745 3550, 6755 3550, 6760 3545, 6765 3540, 6775 3540, 6780 3545, 6780 3555, 6775 3560, 6770 3565, 6770 3575, 6765 3580, 6760 3585, 6755 3590, 6750 3595, 6745 3600, 6740 3605, 6735 3610, 6730 3615, 6725 3620, 6720 3625, 6715 3630, 6710 3635, 6705 3640, 6695 3640, 6690 3645, 6685 3650, 6675 3650, 6670 3655, 6665 3660, 6655 3660, 6645 3660, 6640 3665, 6635 3670, 6625 3670, 6620 3675, 6615 3680))"
peri,5,P2_3_T,5,1050.0,1,6170.674603174602,3728.611111111111,"POLYGON ((6195 3740, 6185 3740, 6175 3740, 6165 3740, 6160 3735, 6155 3730, 6145 3730, 6135 3730, 6130 3725, 6135 3720, 6145 3720, 6155 3720, 6165 3720, 6175 3720, 6185 3720, 6195 3720, 6200 3725, 6200 3735, 6195 3740))"
peri,5,P2_3_T,5,650.0,1,6245.0,3725.0,"POLYGON ((6275 3730, 6265 3730, 6255 3730, 6245 3730, 6235 3730, 6225 3730, 6215 3730, 6210 3725, 6215 3720, 6225 3720, 6235 3720, 6245 3720, 6255 3720, 6265 3720, 6275 3720, 6280 3725, 6275 3730))"
peri,5,P2_3_T,5,250.0,1,6295.0,3735.0,"POLYGON ((6305 3740, 6295 3740, 6285 3740, 6280 3735, 6285 3730, 6295 3730, 6305 3730, 6310 3735, 6305 3740))"
peri,0,P2_3_C,11;13,145250.0,1,2551.720596672404,4536.620195065979,"POLYGON ((2885 5270, 2875 5270, 2870 5265, 2875 5260, 2880 5255, 2875 5250, 2870 5245, 2870 5235, 2875 5230, 2880 5225, 2880 5215, 2875 5210, 2870 5205, 2870 5195, 2870 5185, 2870 5175, 2870 5165, 2875 5160, 2880 5155, 2880 5145, 2885 5140, 2890 5135, 2885 5130, 2880 5125, 2885 5120, 2890 5115, 2885 5110, 2880 5105, 2885 5100, 2890 5095, 2885 5090, 2880 5085, 2880 5075, 2880 5065, 2875 5060, 2870 5055, 2870 5045, 2870 5035, 2870 5025, 2865 5020, 2860 5015, 2860 5005, 2855 5000, 2850 4995, 2850 4985, 2845 4980, 2840 4975, 2840 4965, 2840 4955, 2835 4950, 2830 4945, 2830 4935, 2830 4925, 2825 4920, 2820 4915, 2820 4905, 2825 4900, 2830 4895, 2825 4890, 2820 4885, 2820 4875, 2815 4870, 2810 4865, 2805 4860, 2800 4855, 2795 4850, 2790 4845, 2790 4835, 2785 4830, 2780 4825, 2780 4815, 2775 4810, 2770 4805, 2770 4795, 2765 4790, 2760 4785, 2760 4775, 2760 4765, 2755 4760, 2745 4760, 2735 4760, 2730 4755, 2725 4750, 2715 4750, 2710 4745, 2705 4740, 2700 4735, 2695 4730, 2690 4725, 2685 4720, 2680 4715, 2680 4705, 2675 4700, 2670 4695, 2670 4685, 2665 4680, 2655 4680, 2645 4680, 2640 4675, 2635 4670, 2625 4670, 2615 4670, 2610 4665, 2605 4660, 2600 4655, 2595 4650, 2590 4645, 2585 4640, 2580 4635, 2575 4630, 2565 4630, 2560 4625, 2555 4620, 2550 4615, 2545 4610, 2540 4605, 2535 4600, 2530 4595, 2525 4590, 2520 4585, 2520 4575, 2515 4570, 2510 4565, 2505 4560, 2500 4555, 2495 4550, 2490 4545, 2485 4540, 2480 4535, 2480 4525, 2475 4520, 2465 4520, 2460 4515, 2455 4510, 2450 4505, 2445 4500, 2440 4495, 2435 4490, 2430 4485, 2430 4475, 2425 4470, 2420 4465, 2415 4460, 2410 4455, 2410 4445, 2410 4435, 2405 4430, 2400 4425, 2400 4415, 2395 4410, 2390 4405, 2390 4395, 2390 4385, 2385 4380, 2375 4380, 2370 4375, 2365 4370, 2360 4365, 2355 4360, 2350 4355, 2345 4350, 2340 4345, 2340 4335, 2335 4330, 2330 4325, 2330 4315, 2330 4305, 2325 4300, 2320 4295, 2320 4285, 2320 4275, 2320 4265, 2325 4260, 2330 4255, 2325 4250, 2320 4245, 2320 4235, 2320 4225, 2315 4220, 2310 4215, 2310 4205, 2305 4200, 2295 4200, 2290 4195, 2285 4190, 2280 4185, 2275 4180, 2270 4175, 2265 4170, 2260 4165, 2255 4160, 2250 4155, 2250 4145, 2245 4140, 2240 4135, 2235 4130, 2225 4130, 2220 4125, 2215 4120, 2210 4115, 2205 4110, 2200 4105, 2200 4095, 2200 4085, 2195 4080, 2190 4075, 2185 4070, 2180 4075, 2175 4080, 2165 4080, 2155 4080, 2145 4080, 2140 4075, 2135 4070, 2125 4070, 2115 4070, 2105 4070, 2095 4070, 2085 4070, 2075 4070, 2065 4070, 2060 4065, 2055 4060, 2045 4060, 2035 4060, 2030 4065, 2025 4070, 2020 4065, 2015 4060, 2010 4055, 2005 4050, 1995 4050, 1990 4055, 1990 4065, 1985 4070, 1975 4070, 1970 4075, 1965 4080, 1960 4075, 1955 4070, 1950 4075, 1945 4080, 1935 4080, 1925 4080, 1915 4080, 1910 4075, 1915 4070, 1925 4070, 1930 4065, 1935 4060, 1945 4060, 1950 4055, 1955 4050, 1965 4050, 1970 4045, 1975 4040, 1985 4040, 1990 4035, 1995 4030, 2005 4030, 2015 4030, 2020 4025, 2025 4020, 2030 4015, 2035 4010, 2040 4005, 2045 4000, 2055 4000, 2060 3995, 2065 3990, 2075 3990, 2085 3990, 2090 3985, 2095 3980, 2105 3980, 2110 3975, 2115 3970, 2120 3965, 2120 3955, 2125 3950, 2135 3950, 2140 3955, 2145 3960, 2155 3960, 2165 3960, 2175 3960, 2185 3960, 2190 3965, 2190 3975, 2195 3980, 2200 3985, 2205 3990, 2210 3995, 2215 4000, 2220 4005, 2225 4010, 2230 4015, 2235 4020, 2240 4025, 2245 4030, 2250 4035, 2255 4040, 2260 4045, 2265 4050, 2270 4055, 2275 4060, 2280 4065, 2285 4070, 2290 4075, 2295 4080, 2300 4085, 2305 4090, 2310 4095, 2315 4100, 2320 4105, 2325 4110, 2330 4115, 2335 4120, 2340 4125, 2345 4130, 2350 4135, 2355 4140, 2360 4145, 2365 4150, 2370 4155, 2375 4160, 2380 4165, 2385 4170, 2390 4175, 2390 4185, 2395 4190, 2400 4195, 2405 4200, 2410 4205, 2410 4215, 2410 4225, 2410 4235, 2415 4240, 2420 4245, 2420 4255, 2420 4265, 2420 4275, 2420 4285, 2425 4290, 2430 4295, 2430 4305, 2430 4315, 2435 4320, 2440 4325, 2445 4330, 2450 4335, 2450 4345, 2455 4350, 2460 4355, 2460 4365, 2465 4370, 2470 4375, 2475 4380, 2480 4385, 2480 4395, 2485 4400, 2490 4405, 2490 4415, 2495 4420, 2500 4425, 2505 4430, 2510 4435, 2515 4440, 2520 4445, 2520 4455, 2525 4460, 2530 4465, 2535 4470, 2540 4475, 2545 4480, 2550 4485, 2555 4490, 2560 4495, 2565 4500, 2570 4505, 2575 4510, 2580 4515, 2580 4525, 2585 4530, 2590 4535, 2595 4540, 2605 4540, 2610 4545, 2615 4550, 2620 4555, 2625 4560, 2630 4565, 2635 4570, 2645 4570, 2650 4575, 2655 4580, 2660 4585, 2665 4590, 2675 4590, 2680 4595, 2685 4600, 2690 4605, 2695 4610, 2705 4610, 2710 4615, 2715 4620, 2720 4625, 2725 4630, 2730 4635, 2735 4640, 2740 4645, 2745 4650, 2750 4655, 2750 4665, 2755 4670, 2765 4670, 2770 4675, 2775 4680, 2780 4685, 2785 4690, 2790 4695, 2795 4700, 2800 4705, 2805 4710, 2810 4715, 2815 4720, 2820 4725, 2825 4730, 2830 4735, 2835 4740, 2840 4745, 2840 4755, 2845 4760, 2850 4765, 2850 4775, 2855 4780, 2860 4785, 2860 4795, 2865 4800, 2870 4805, 2870 4815, 2875 4820, 2880 4825, 2885 4830, 2890 4835, 2890 4845, 2895 4850, 2900 4855, 2900 4865, 2905 4870, 2910 4875, 2910 4885, 2910 4895, 2915 4900, 2920 4905, 2920 4915, 2920 4925, 2925 4930, 2930 4935, 2930 4945, 2930 4955, 2935 4960, 2940 4965, 2940 4975, 2940 4985, 2945 4990, 2950 4995, 2950 5005, 2950 5015, 2955 5020, 2960 5025, 2960 5035, 2960 5045, 2960 5055, 2960 5065, 2965 5070, 2970 5075, 2970 5085, 2970 5095, 2970 5105, 2970 5115, 2970 5125, 2970 5135, 2970 5145, 2965 5150, 2960 5155, 2960 5165, 2960 5175, 2955 5180, 2950 5185, 2950 5195, 2950 5205, 2945 5210, 2940 5215, 2935 5220, 2930 5225, 2925 5230, 2920 5235, 2915 5240, 2910 5245, 2905 5250, 2900 5255, 2895 5260, 2890 5265, 2885 5270))"
peri,12,R1_3_L,12,10550.0,1,1640.9755134281202,4019.2140600315956,"POLYGON ((1735 4070, 1725 4070, 1715 4070, 1710 4065, 1705 4060, 1695 4060, 1685 4060, 1680 4055, 1675 4050, 1665 4050, 1655 4050, 1645 4050, 1635 4050, 1625 4050, 1620 4045, 1615 4040, 1610 4035, 1605 4030, 1595 4030, 1590 4025, 1585 4020, 1575 4020, 1565 4020, 1555 4020, 1545 4020, 1535 4020, 1530 4015, 1525 4010, 1520 4005, 1520 3995, 1525 3990, 1535 3990, 1545 3990, 1555 3990, 1565 3990, 1575 3990, 1580 3985, 1585 3980, 1595 3980, 1605 3980, 1615 3980, 1625 3980, 1635 3980, 1645 3980, 1650 3985, 1655 3990, 1665 3990, 1675 3990, 1680 3995, 1685 4000, 1695 4000, 1700 4005, 1705 4010, 1710 4015, 1715 4020, 1720 4025, 1725 4030, 1730 4035, 1735 4040, 1740 4045, 1745 4050, 1750 4055, 1745 4060, 1740 4065, 1735 4070))"
peri,12,P2_3_C,12,27750.0,1,1491.644144144144,4099.4009009009005,"POLYGON ((1375 4230, 1370 4225, 1370 4215, 1365 4210, 1360 4205, 1360 4195, 1360 4185, 1360 4175, 1360 4165, 1355 4160, 1350 4155, 1355 4150, 1360 4145, 1360 4135, 1365 4130, 1370 4125, 1375 4120, 1385 4120, 1390 4115, 1395 4110, 1400 4105, 1400 4095, 1405 4090, 1410 4085, 1410 4075, 1410 4065, 1405 4060, 1395 4060, 1390 4055, 1395 4050, 1400 4045, 1405 4040, 1410 4035, 1415 4030, 1420 4025, 1425 4020, 1430 4015, 1435 4010, 1445 4010, 1450 4005, 1455 4000, 1460 4005, 1465 4010, 1475 4010, 1485 4010, 1490 4015, 1495 4020, 1500 4025, 1505 4030, 1510 4035, 1515 4040, 1520 4045, 1525 4050, 1535 4050, 1545 4050, 1555 4050, 1565 4050, 1575 4050, 1585 4050, 1595 4050, 1600 4055, 1605 4060, 1610 4065, 1615 4070, 1625 4070, 1635 4070, 1645 4070, 1655 4070, 1665 4070, 1670 4075, 1675 4080, 1685 4080, 1695 4080, 1700 4085, 1705 4090, 1715 4090, 1725 4090, 1735 4090, 1745 4090, 1750 4085, 1755 4080, 1765 4080, 1775 4080, 1780 4085, 1780 4095, 1775 4100, 1765 4100, 1760 4105, 1755 4110, 1745 4110, 1735 4110, 1725 4110, 1715 4110, 1705 4110, 1695 4110, 1685 4110, 1675 4110, 1670 4105, 1665 4100, 1655 4100, 1650 4095, 1645 4090, 1635 4090, 1625 4090, 1620 4085, 1615 4080, 1605 4080, 1600 4085, 1595 4090, 1585 4090, 1580 4095, 1575 4100, 1565 4100, 1555 4100, 1545 4100, 1535 4100, 1525 4100, 1515 4100, 1505 4100, 1495 4100, 1485 4100, 1480 4105, 1485 4110, 1490 4115, 1485 4120, 1480 4125, 1480 4135, 1480 4145, 1480 4155, 1475 4160, 1470 4165, 1465 4170, 1460 4175, 1455 4180, 1445 4180, 1440 4185, 1435 4190, 1425 4190, 1415 4190, 1410 4195, 1405 4200, 1400 4195, 1395 4190, 1390 4195, 1390 4205, 1385 4210, 1380 4215, 1380 4225, 1375 4230))"
peri,11,P2_3_C,11,304950.0,1,2245.1609553478715,4778.492102530469,"POLYGON ((2795 5310, 2785 5310, 2775 5310, 2765 5310, 2755 5310, 2745 5310, 2735 5310, 2725 5310, 2715 5310, 2705 5310, 2695 5310, 2685 5310, 2680 5305, 2675 5300, 2665 5300, 2655 5300, 2645 5300, 2640 5295, 2635 5290, 2625 5290, 2620 5285, 2615 5280, 2605 5280, 2600 5275, 2595 5270, 2590 5265, 2585 5260, 2580 5255, 2575 5250, 2570 5245, 2565 5240, 2555 5240, 2545 5240, 2535 5240, 2525 5240, 2520 5235, 2515 5230, 2505 5230, 2495 5230, 2490 5225, 2485 5220, 2475 5220, 2470 5215, 2465 5210, 2455 5210, 2450 5205, 2445 5200, 2435 5200, 2430 5195, 2425 5190, 2415 5190, 2410 5185, 2405 5180, 2400 5175, 2395 5170, 2390 5165, 2385 5160, 2380 5155, 2375 5150, 2370 5145, 2365 5140, 2360 5135, 2355 5130, 2350 5125, 2345 5120, 2340 5115, 2340 5105, 2335 5100, 2325 5100, 2320 5105, 2315 5110, 2305 5110, 2295 5110, 2285 5110, 2275 5110, 2265 5110, 2255 5110, 2245 5110, 2235 5110, 2225 5110, 2215 5110, 2205 5110, 2200 5105, 2195 5100, 2185 5100, 2180 5095, 2175 5090, 2165 5090, 2160 5085, 2155 5080, 2150 5075, 2145 5070, 2140 5065, 2135 5060, 2130 5055, 2125 5050, 2120 5045, 2115 5040, 2110 5035, 2105 5030, 2100 5025, 2100 5015, 2095 5010, 2090 5005, 2090 4995, 2085 4990, 2080 4985, 2080 4975, 2080 4965, 2080 4955, 2080 4945, 2080 4935, 2080 4925, 2080 4915, 2080 4905, 2080 4895, 2080 4885, 2080 4875, 2085 4870, 2090 4865, 2090 4855, 2095 4850, 2100 4845, 2100 4835, 2105 4830, 2110 4825, 2105 4820, 2095 4820, 2090 4815, 2085 4810, 2075 4810, 2070 4805, 2065 4800, 2055 4800, 2050 4795, 2045 4790, 2040 4785, 2035 4780, 2030 4775, 2025 4770, 2020 4765, 2015 4760, 2010 4755, 2005 4750, 2000 4745, 1995 4740, 1990 4735, 1990 4725, 1985 4720, 1980 4715, 1980 4705, 1975 4700, 1970 4695, 1970 4685, 1970 4675, 1970 4665, 1970 4655, 1970 4645, 1970 4635, 1970 4625, 1970 4615, 1970 4605, 1970 4595, 1970 4585, 1970 4575, 1970 4565, 1970 4555, 1970 4545, 1970 4535, 1965 4530, 1960 4525, 1960 4515, 1960 4505, 1960 4495, 1955 4490, 1950 4485, 1950 4475, 1945 4470, 1940 4465, 1940 4455, 1935 4450, 1930 4445, 1930 4435, 1925 4430, 1920 4425, 1920 4415, 1915 4410, 1910 4405, 1910 4395, 1910 4385, 1910 4375, 1905 4370, 1900 4365, 1900 4355, 1900 4345, 1900 4335, 1895 4330, 1890 4325, 1885 4320, 1880 4315, 1875 4310, 1870 4305, 1870 4295, 1865 4290, 1860 4285, 1860 4275, 1855 4270, 1850 4265, 1850 4255, 1850 4245, 1850 4235, 1850 4225, 1850 4215, 1850 4205, 1850 4195, 1850 4185, 1850 4175, 1850 4165, 1850 4155, 1855 4150, 1860 4145, 1860 4135, 1865 4130, 1870 4125, 1870 4115, 1875 4110, 1880 4105, 1885 4100, 1895 4100, 1900 4105, 1905 4110, 1915 4110, 1925 4110, 1935 4110, 1945 4110, 1950 4105, 1955 4100, 1965 4100, 1975 4100, 1985 4100, 1990 4095, 1995 4090, 2005 4090, 2015 4090, 2025 4090, 2035 4090, 2045 4090, 2055 4090, 2065 4090, 2075 4090, 2085 4090, 2095 4090, 2105 4090, 2110 4095, 2115 4100, 2120 4105, 2115 4110, 2110 4115, 2105 4120, 2100 4125, 2105 4130, 2110 4135, 2115 4140, 2120 4145, 2120 4155, 2115 4160, 2110 4165, 2105 4170, 2100 4175, 2095 4180, 2090 4185, 2085 4190, 2080 4195, 2075 4200, 2070 4205, 2065 4210, 2055 4210, 2050 4205, 2045 4200, 2040 4195, 2035 4190, 2030 4185, 2025 4180, 2020 4185, 2015 4190, 2010 4195, 2005 4200, 2000 4205, 2000 4215, 2005 4220, 2010 4225, 2015 4230, 2020 4235, 2025 4240, 2030 4245, 2035 4250, 2040 4245, 2045 4240, 2050 4235, 2055 4230, 2060 4225, 2065 4220, 2070 4225, 2075 4230, 2080 4235, 2085 4240, 2090 4245, 2095 4250, 2100 4255, 2105 4260, 2110 4265, 2105 4270, 2100 4275, 2095 4280, 2090 4285, 2085 4290, 2080 4285, 2075 4280, 2070 4285, 2065 4290, 2060 4295, 2055 4300, 2050 4305, 2050 4315, 2055 4320, 2060 4325, 2060 4335, 2060 4345, 2060 4355, 2065 4360, 2070 4365, 2070 4375, 2075 4380, 2080 4385, 2085 4390, 2090 4395, 2095 4400, 2100 4405, 2095 4410, 2090 4415, 2095 4420, 2100 4425, 2100 4435, 2105 4440, 2110 4445, 2110 4455, 2115 4460, 2120 4465, 2115 4470, 2110 4475, 2115 4480, 2120 4485, 2120 4495, 2125 4500, 2130 4505, 2130 4515, 2125 4520, 2120 4525, 2125 4530, 2130 4535, 2125 4540, 2120 4545, 2125 4550, 2130 4555, 2130 4565, 2130 4575, 2130 4585, 2130 4595, 2130 4605, 2125 4610, 2120 4615, 2120 4625, 2120 4635, 2120 4645, 2125 4650, 2130 4655, 2135 4660, 2140 4665, 2145 4670, 2155 4670, 2160 4665, 2165 4660, 2170 4655, 2175 4650, 2180 4645, 2180 4635, 2180 4625, 2185 4620, 2190 4615, 2195 4610, 2200 4605, 2205 4600, 2210 4595, 2215 4590, 2220 4595, 2225 4600, 2230 4605, 2235 4610, 2240 4615, 2240 4625, 2245 4630, 2250 4635, 2250 4645, 2255 4650, 2260 4655, 2265 4660, 2270 4665, 2270 4675, 2270 4685, 2270 4695, 2265 4700, 2260 4705, 2255 4710, 2250 4715, 2245 4720, 2240 4725, 2245 4730, 2250 4735, 2255 4740, 2260 4745, 2265 4750, 2270 4755, 2270 4765, 2270 4775, 2270 4785, 2270 4795, 2275 4800, 2280 4805, 2275 4810, 2270 4815, 2270 4825, 2270 4835, 2270 4845, 2270 4855, 2270 4865, 2270 4875, 2265 4880, 2260 4885, 2255 4890, 2250 4895, 2245 4900, 2240 4905, 2240 4915, 2235 4920, 2230 4925, 2230 4935, 2235 4940, 2240 4945, 2245 4950, 2250 4955, 2255 4960, 2265 4960, 2270 4955, 2275 4950, 2285 4950, 2290 4945, 2295 4940, 2305 4940, 2315 4940, 2325 4940, 2335 4940, 2340 4935, 2345 4930, 2350 4925, 2355 4920, 2360 4915, 2365 4910, 2370 4905, 2375 4900, 2380 4905, 2385 4910, 2390 4915, 2395 4920, 2405 4920, 2415 4920, 2420 4925, 2425 4930, 2430 4935, 2435 4940, 2440 4945, 2445 4950, 2450 4955, 2450 4965, 2455 4970, 2460 4975, 2460 4985, 2460 4995, 2465 5000, 2470 5005, 2470 5015, 2470 5025, 2475 5030, 2480 5035, 2485 5040, 2490 5045, 2495 5050, 2500 5055, 2505 5060, 2515 5060, 2525 5060, 2530 5065, 2535 5070, 2540 5075, 2545 5080, 2555 5080, 2565 5080, 2570 5085, 2575 5090, 2585 5090, 2595 5090, 2605 5090, 2615 5090, 2625 5090, 2635 5090, 2640 5095, 2645 5100, 2650 5105, 2655 5110, 2660 5115, 2665 5120, 2670 5125, 2675 5130, 2680 5135, 2685 5140, 2690 5145, 2695 5150, 2705 5150, 2715 5150, 2725 5150, 2730 5155, 2735 5160, 2745 5160, 2750 5155, 2755 5150, 2765 5150, 2775 5150, 2785 5150, 2795 5150, 2800 5145, 2805 5140, 2810 5135, 2815 5130, 2820 5125, 2820 5115, 2820 5105, 2825 5100, 2830 5095, 2835 5090, 2840 5085, 2845 5080, 2850 5085, 2855 5090, 2860 5095, 2860 5105, 2860 5115, 2860 5125, 2860 5135, 2860 5145, 2855 5150, 2850 5155, 2845 5160, 2840 5165, 2840 5175, 2840 5185, 2840 5195, 2845 5200, 2850 5205, 2850 5215, 2850 5225, 2850 5235, 2850 5245, 2850 5255, 2850 5265, 2850 5275, 2850 5285, 2850 5295, 2845 5300, 2835 5300, 2825 5300, 2815 5300, 2805 5300, 2800 5305, 2795 5310))"
peri,12,P2_3_C,12,72350.0,1,1607.5921446671275,4270.941603317208,"POLYGON ((1635 4410, 1625 4410, 1615 4410, 1605 4410, 1595 4410, 1585 4410, 1575 4410, 1565 4410, 1555 4410, 1545 4410, 1535 4410, 1530 4405, 1525 4400, 1515 4400, 1510 4395, 1505 4390, 1495 4390, 1490 4385, 1485 4380, 1480 4375, 1475 4370, 1470 4365, 1465 4360, 1460 4355, 1455 4350, 1450 4345, 1445 4340, 1440 4335, 1435 4330, 1430 4325, 1430 4315, 1425 4310, 1420 4305, 1420 4295, 1415 4290, 1410 4285, 1405 4280, 1400 4275, 1405 4270, 1410 4265, 1415 4260, 1420 4255, 1420 4245, 1420 4235, 1415 4230, 1410 4225, 1415 4220, 1420 4215, 1425 4210, 1435 4210, 1445 4210, 1455 4210, 1460 4205, 1465 4200, 1475 4200, 1480 4195, 1485 4190, 1490 4185, 1495 4180, 1500 4175, 1500 4165, 1505 4160, 1510 4165, 1515 4170, 1520 4175, 1525 4180, 1535 4180, 1540 4185, 1545 4190, 1550 4195, 1555 4200, 1560 4205, 1565 4210, 1570 4215, 1565 4220, 1560 4225, 1560 4235, 1565 4240, 1570 4245, 1575 4250, 1580 4255, 1585 4260, 1590 4255, 1595 4250, 1600 4245, 1605 4240, 1610 4235, 1610 4225, 1605 4220, 1600 4215, 1600 4205, 1605 4200, 1610 4195, 1615 4190, 1620 4185, 1625 4180, 1630 4175, 1630 4165, 1635 4160, 1640 4155, 1640 4145, 1640 4135, 1640 4125, 1645 4120, 1655 4120, 1660 4125, 1665 4130, 1675 4130, 1685 4130, 1695 4130, 1705 4130, 1715 4130, 1725 4130, 1735 4130, 1745 4130, 1755 4130, 1765 4130, 1770 4125, 1775 4120, 1785 4120, 1790 4125, 1790 4135, 1790 4145, 1790 4155, 1790 4165, 1790 4175, 1790 4185, 1790 4195, 1790 4205, 1785 4210, 1780 4215, 1780 4225, 1775 4230, 1770 4235, 1770 4245, 1765 4250, 1760 4255, 1760 4265, 1760 4275, 1760 4285, 1755 4290, 1750 4295, 1750 4305, 1745 4310, 1740 4315, 1740 4325, 1735 4330, 1730 4335, 1725 4340, 1720 4345, 1715 4350, 1710 4355, 1705 4360, 1700 4365, 1695 4370, 1690 4375, 1685 4380, 1680 4385, 1675 4390, 1665 4390, 1660 4395, 1655 4400, 1645 4400, 1640 4405, 1635 4410))"
peri,0,P2_3_C,14;15;16;17;18;19;20;21,586450.0,1,1094.1209111319522,5508.303990109984,"POLYGON ((1365 6220, 1355 6220, 1345 6220, 1335 6220, 1325 6220, 1315 6220, 1310 6215, 1305 6210, 1295 6210, 1290 6205, 1285 6200, 1280 6195, 1275 6190, 1265 6190, 1255 6190, 1245 6190, 1235 6190, 1225 6190, 1220 6185, 1220 6175, 1215 6170, 1210 6165, 1205 6160, 1200 6155, 1195 6150, 1190 6145, 1185 6140, 1180 6135, 1175 6130, 1165 6130, 1160 6125, 1155 6120, 1150 6115, 1145 6110, 1140 6105, 1135 6100, 1130 6095, 1125 6090, 1120 6085, 1120 6075, 1115 6070, 1110 6065, 1105 6060, 1100 6055, 1095 6050, 1090 6045, 1085 6040, 1075 6040, 1070 6035, 1065 6030, 1055 6030, 1045 6030, 1035 6030, 1025 6030, 1015 6030, 1010 6035, 1005 6040, 1000 6045, 995 6050, 990 6055, 985 6060, 980 6065, 975 6070, 970 6075, 970 6085, 965 6090, 960 6095, 960 6105, 960 6115, 960 6125, 960 6135, 965 6140, 970 6145, 970 6155, 975 6160, 980 6165, 980 6175, 980 6185, 975 6190, 970 6195, 965 6200, 960 6205, 955 6210, 945 6210, 940 6205, 935 6200, 930 6195, 925 6190, 920 6185, 920 6175, 915 6170, 910 6165, 905 6160, 900 6155, 895 6150, 890 6145, 890 6135, 885 6130, 880 6125, 875 6120, 870 6115, 870 6105, 870 6095, 865 6090, 860 6085, 860 6075, 860 6065, 855 6060, 850 6055, 845 6050, 840 6045, 840 6035, 840 6025, 835 6020, 830 6015, 825 6010, 820 6005, 815 6000, 810 5995, 805 5990, 800 5985, 795 5980, 790 5975, 790 5965, 785 5960, 780 5955, 780 5945, 780 5935, 780 5925, 785 5920, 790 5915, 795 5910, 800 5905, 805 5900, 810 5895, 815 5890, 820 5885, 825 5880, 830 5875, 835 5870, 840 5865, 845 5860, 850 5855, 855 5850, 860 5845, 865 5840, 870 5835, 875 5830, 880 5825, 885 5820, 890 5815, 890 5805, 890 5795, 895 5790, 900 5785, 905 5780, 910 5775, 915 5770, 920 5775, 925 5780, 930 5785, 935 5790, 940 5785, 945 5780, 950 5775, 955 5770, 960 5765, 965 5760, 970 5755, 965 5750, 960 5745, 955 5740, 950 5735, 945 5730, 935 5730, 925 5730, 920 5735, 915 5740, 910 5745, 905 5750, 900 5745, 895 5740, 890 5735, 885 5730, 880 5725, 880 5715, 880 5705, 880 5695, 875 5690, 870 5685, 870 5675, 870 5665, 865 5660, 860 5655, 860 5645, 855 5640, 850 5635, 850 5625, 845 5620, 840 5615, 840 5605, 835 5600, 830 5595, 825 5590, 820 5585, 815 5580, 805 5580, 800 5585, 795 5590, 785 5590, 780 5585, 775 5580, 770 5575, 765 5570, 755 5570, 745 5570, 735 5570, 730 5565, 725 5560, 720 5565, 715 5570, 710 5565, 710 5555, 710 5545, 710 5535, 705 5530, 700 5525, 700 5515, 700 5505, 695 5500, 690 5495, 690 5485, 690 5475, 690 5465, 685 5460, 680 5455, 680 5445, 675 5440, 670 5435, 670 5425, 665 5420, 660 5415, 655 5410, 650 5405, 650 5395, 645 5390, 640 5385, 640 5375, 640 5365, 640 5355, 640 5345, 640 5335, 645 5330, 650 5325, 650 5315, 655 5310, 660 5305, 665 5300, 670 5295, 670 5285, 675 5280, 680 5275, 680 5265, 685 5260, 690 5255, 690 5245, 690 5235, 690 5225, 685 5220, 680 5215, 675 5210, 670 5205, 670 5195, 670 5185, 665 5180, 660 5175, 655 5170, 645 5170, 640 5165, 635 5160, 630 5155, 625 5150, 620 5145, 620 5135, 615 5130, 610 5125, 610 5115, 610 5105, 610 5095, 610 5085, 610 5075, 610 5065, 615 5060, 620 5055, 620 5045, 620 5035, 620 5025, 620 5015, 620 5005, 625 5000, 630 4995, 630 4985, 635 4980, 640 4975, 640 4965, 640 4955, 645 4950, 655 4950, 660 4945, 665 4940, 675 4940, 685 4940, 695 4940, 705 4940, 715 4940, 725 4940, 735 4940, 745 4940, 755 4940, 765 4940, 775 4940, 780 4945, 785 4950, 795 4950, 805 4950, 815 4950, 825 4950, 835 4950, 845 4950, 855 4950, 860 4955, 865 4960, 875 4960, 880 4965, 885 4970, 895 4970, 900 4975, 905 4980, 910 4985, 915 4990, 920 4995, 925 5000, 930 5005, 935 5010, 940 5015, 945 5020, 950 5025, 955 5030, 960 5035, 960 5045, 965 5050, 970 5055, 970 5065, 975 5070, 980 5075, 980 5085, 980 5095, 980 5105, 980 5115, 980 5125, 980 5135, 980 5145, 980 5155, 980 5165, 980 5175, 980 5185, 980 5195, 985 5200, 990 5205, 995 5210, 1005 5210, 1015 5210, 1025 5210, 1035 5210, 1045 5210, 1055 5210, 1065 5210, 1070 5215, 1075 5220, 1085 5220, 1090 5225, 1095 5230, 1105 5230, 1110 5235, 1115 5240, 1120 5245, 1125 5250, 1130 5255, 1135 5260, 1140 5265, 1145 5270, 1150 5275, 1155 5280, 1160 5285, 1165 5290, 1170 5295, 1175 5300, 1180 5305, 1180 5315, 1185 5320, 1190 5325, 1190 5335, 1195 5340, 1200 5335, 1200 5325, 1200 5315, 1200 5305, 1200 5295, 1200 5285, 1200 5275, 1200 5265, 1200 5255, 1200 5245, 1200 5235, 1200 5225, 1200 5215, 1205 5210, 1210 5205, 1210 5195, 1215 5190, 1220 5185, 1220 5175, 1225 5170, 1230 5165, 1235 5160, 1240 5155, 1245 5150, 1250 5145, 1255 5140, 1260 5135, 1265 5130, 1270 5125, 1275 5120, 1280 5115, 1285 5110, 1295 5110, 1300 5105, 1305 5100, 1315 5100, 1320 5095, 1325 5090, 1335 5090, 1345 5090, 1355 5090, 1365 5090, 1375 5090, 1385 5090, 1395 5090, 1405 5090, 1415 5090, 1425 5090, 1435 5090, 1445 5090, 1450 5095, 1455 5100, 1465 5100, 1470 5105, 1475 5110, 1485 5110, 1490 5115, 1495 5120, 1500 5125, 1505 5130, 1510 5135, 1515 5140, 1525 5140, 1530 5145, 1535 5150, 1545 5150, 1550 5155, 1555 5160, 1560 5165, 1565 5170, 1570 5175, 1575 5180, 1580 5185, 1585 5190, 1590 5195, 1595 5200, 1600 5205, 1605 5210, 1610 5215, 1615 5220, 1620 5225, 1625 5230, 1630 5235, 1630 5245, 1635 5250, 1640 5255, 1640 5265, 1645 5270, 1650 5275, 1650 5285, 1650 5295, 1650 5305, 1650 5315, 1650 5325, 1650 5335, 1650 5345, 1650 5355, 1650 5365, 1650 5375, 1650 5385, 1650 5395, 1650 5405, 1645 5410, 1640 5415, 1640 5425, 1635 5430, 1630 5435, 1630 5445, 1625 5450, 1620 5455, 1615 5460, 1610 5465, 1605 5470, 1600 5475, 1595 5480, 1590 5485, 1585 5490, 1580 5495, 1575 5500, 1570 5505, 1565 5510, 1560 5515, 1555 5520, 1545 5520, 1540 5525, 1535 5530, 1525 5530, 1520 5535, 1515 5540, 1505 5540, 1495 5540, 1485 5540, 1475 5540, 1465 5540, 1460 5545, 1455 5550, 1445 5550, 1435 5550, 1425 5550, 1415 5550, 1405 5550, 1395 5550, 1385 5550, 1375 5550, 1365 5550, 1355 5550, 1345 5550, 1340 5545, 1335 5540, 1325 5540, 1320 5535, 1315 5530, 1305 5530, 1300 5525, 1295 5520, 1290 5525, 1290 5535, 1290 5545, 1290 5555, 1290 5565, 1290 5575, 1290 5585, 1290 5595, 1290 5605, 1290 5615, 1290 5625, 1290 5635, 1285 5640, 1280 5645, 1280 5655, 1275 5660, 1270 5665, 1270 5675, 1265 5680, 1260 5685, 1255 5690, 1250 5695, 1245 5700, 1240 5705, 1235 5710, 1230 5715, 1225 5720, 1220 5725, 1215 5730, 1210 5735, 1205 5740, 1195 5740, 1190 5745, 1185 5750, 1175 5750, 1170 5755, 1165 5760, 1155 5760, 1145 5760, 1135 5760, 1125 5760, 1120 5765, 1120 5775, 1120 5785, 1120 5795, 1120 5805, 1115 5810, 1110 5815, 1110 5825, 1105 5830, 1100 5835, 1100 5845, 1095 5850, 1090 5855, 1085 5860, 1080 5865, 1075 5870, 1070 5875, 1075 5880, 1085 5880, 1095 5880, 1105 5880, 1115 5880, 1120 5885, 1125 5890, 1135 5890, 1140 5895, 1145 5900, 1155 5900, 1160 5905, 1165 5910, 1175 5910, 1180 5915, 1185 5920, 1190 5925, 1195 5930, 1200 5935, 1205 5940, 1210 5945, 1215 5950, 1220 5955, 1225 5960, 1230 5965, 1235 5970, 1240 5975, 1245 5980, 1250 5985, 1250 5995, 1255 6000, 1265 6000, 1270 6005, 1275 6010, 1280 6015, 1285 6020, 1290 6025, 1295 6030, 1300 6035, 1305 6040, 1310 6045, 1315 6050, 1320 6055, 1325 6060, 1330 6065, 1335 6070, 1340 6075, 1345 6080, 1350 6085, 1350 6095, 1355 6100, 1360 6105, 1360 6115, 1365 6120, 1370 6125, 1370 6135, 1370 6145, 1370 6155, 1370 6165, 1370 6175, 1370 6185, 1370 6195, 1370 6205, 1370 6215, 1365 6220), (850 5545, 855 5540, 865 5540, 875 5540, 880 5535, 885 5530, 890 5535, 895 5540, 905 5540, 910 5535, 915 5530, 920 5525, 925 5520, 930 5515, 925 5510, 920 5505, 915 5500, 910 5495, 905 5490, 895 5490, 890 5495, 885 5500, 880 5495, 875 5490, 870 5485, 865 5480, 860 5475, 865 5470, 870 5465, 875 5460, 880 5455, 885 5450, 890 5445, 895 5440, 900 5435, 905 5430, 910 5425, 910 5415, 905 5410, 900 5405, 895 5400, 890 5395, 885 5390, 875 5390, 870 5395, 865 5400, 855 5400, 850 5405, 845 5410, 840 5415, 835 5420, 830 5425, 825 5430, 820 5425, 815 5420, 805 5420, 800 5415, 795 5410, 790 5405, 785 5400, 780 5395, 780 5385, 780 5375, 775 5370, 770 5365, 765 5360, 760 5355, 755 5350, 750 5345, 755 5340, 760 5335, 765 5330, 770 5325, 775 5320, 785 5320, 795 5320, 800 5315, 805 5310, 815 5310, 820 5305, 825 5300, 830 5295, 835 5290, 840 5285, 840 5275, 840 5265, 840 5255, 835 5250, 830 5245, 830 5235, 825 5230, 820 5225, 820 5215, 815 5210, 810 5205, 805 5200, 800 5195, 795 5190, 790 5185, 795 5180, 800 5175, 805 5170, 810 5165, 810 5155, 815 5150, 820 5145, 825 5140, 830 5135, 830 5125, 825 5120, 820 5115, 815 5110, 810 5105, 805 5100, 795 5100, 790 5105, 785 5110, 780 5115, 775 5120, 770 5125, 765 5130, 760 5125, 755 5120, 750 5115, 745 5110, 740 5105, 735 5100, 730 5095, 725 5090, 715 5090, 710 5095, 705 5100, 700 5105, 695 5110, 690 5115, 685 5120, 680 5125, 685 5130, 690 5135, 695 5140, 700 5145, 705 5150, 710 5155, 715 5160, 720 5165, 725 5170, 730 5175, 725 5180, 720 5185, 720 5195, 715 5200, 710 5205, 710 5215, 715 5220, 720 5225, 725 5230, 730 5235, 725 5240, 720 5245, 725 5250, 730 5255, 725 5260, 720 5265, 720 5275, 720 5285, 715 5290, 710 5295, 715 5300, 720 5305, 725 5310, 730 5315, 735 5320, 740 5325, 735 5330, 730 5335, 725 5340, 720 5345, 715 5350, 710 5355, 705 5360, 700 5365, 695 5370, 690 5375, 695 5380, 700 5385, 705 5390, 710 5395, 715 5400, 720 5405, 725 5410, 730 5415, 735 5420, 740 5425, 740 5435, 745 5440, 750 5445, 755 5450, 760 5455, 765 5460, 775 5460, 780 5465, 785 5470, 795 5470, 805 5470, 815 5470, 820 5465, 825 5460, 830 5465, 835 5470, 840 5475, 845 5480, 850 5485, 845 5490, 840 5495, 835 5500, 830 5505, 825 5510, 820 5515, 815 5520, 810 5525, 815 5530, 820 5535, 825 5540, 830 5545, 835 5550, 845 5550, 850 5545), (1410 5395, 1415 5390, 1425 5390, 1435 5390, 1445 5390, 1455 5390, 1465 5390, 1470 5385, 1475 5380, 1480 5375, 1485 5370, 1490 5365, 1495 5360, 1500 5355, 1500 5345, 1500 5335, 1500 5325, 1495 5320, 1490 5315, 1485 5310, 1480 5305, 1475 5300, 1470 5295, 1465 5290, 1460 5285, 1455 5280, 1445 5280, 1435 5280, 1430 5275, 1425 5270, 1420 5265, 1415 5260, 1410 5255, 1405 5250, 1400 5245, 1395 5240, 1385 5240, 1375 5240, 1370 5245, 1365 5250, 1360 5255, 1355 5260, 1350 5265, 1355 5270, 1360 5275, 1360 5285, 1355 5290, 1350 5295, 1355 5300, 1360 5305, 1360 5315, 1355 5320, 1350 5325, 1355 5330, 1360 5335, 1360 5345, 1360 5355, 1365 5360, 1370 5365, 1370 5375, 1375 5380, 1380 5385, 1385 5390, 1390 5395, 1395 5400, 1405 5400, 1410 5395), (1120 5605, 1125 5600, 1130 5595, 1135 5590, 1140 5585, 1140 5575, 1140 5565, 1140 5555, 1140 5545, 1135 5540, 1130 5535, 1125 5530, 1120 5525, 1115 5520, 1110 5515, 1105 5510, 1095 5510, 1085 5510, 1075 5510, 1065 5510, 1055 5510, 1050 5515, 1045 5520, 1040 5525, 1035 5530, 1030 5535, 1025 5540, 1020 5545, 1015 5550, 1010 5555, 1015 5560, 1020 5565, 1025 5570, 1030 5575, 1035 5580, 1045 5580, 1055 5580, 1065 5580, 1070 5585, 1075 5590, 1080 5595, 1085 5600, 1090 5605, 1095 5610, 1100 5605, 1105 5600, 1110 5605, 1115 5610, 1120 5605), (990 5465, 995 5460, 1005 5460, 1010 5455, 1015 5450, 1020 5445, 1025 5440, 1030 5435, 1030 5425, 1035 5420, 1040 5415, 1045 5410, 1050 5405, 1050 5395, 1045 5390, 1040 5385, 1035 5380, 1030 5375, 1025 5370, 1020 5365, 1015 5360, 1005 5360, 1000 5365, 995 5370, 990 5375, 985 5380, 980 5385, 980 5395, 975 5400, 970 5405, 965 5410, 960 5415, 955 5420, 950 5425, 950 5435, 950 5445, 955 5450, 960 5455, 965 5460, 970 5465, 975 5470, 985 5470, 990 5465))"
peri,0,P2_3_C,14;18;19;20;21;26,140650.0,1,793.7465931982462,5843.441462258561,"POLYGON ((1145 6350, 1135 6350, 1125 6350, 1115 6350, 1105 6350, 1095 6350, 1085 6350, 1075 6350, 1065 6350, 1055 6350, 1045 6350, 1035 6350, 1025 6350, 1020 6345, 1015 6340, 1005 6340, 995 6340, 985 6340, 975 6340, 965 6340, 955 6340, 945 6340, 940 6335, 935 6330, 925 6330, 915 6330, 910 6325, 905 6320, 900 6315, 895 6310, 890 6305, 885 6300, 880 6295, 875 6290, 870 6285, 865 6280, 860 6275, 860 6265, 855 6260, 850 6255, 845 6250, 840 6245, 840 6235, 835 6230, 830 6225, 825 6220, 820 6215, 815 6210, 810 6205, 810 6195, 810 6185, 810 6175, 810 6165, 815 6160, 820 6155, 820 6145, 815 6140, 810 6135, 810 6125, 810 6115, 810 6105, 810 6095, 815 6090, 820 6085, 820 6075, 815 6070, 805 6070, 795 6070, 785 6070, 780 6075, 775 6080, 770 6075, 765 6070, 755 6070, 745 6070, 740 6065, 735 6060, 730 6055, 725 6050, 720 6045, 715 6040, 710 6035, 705 6030, 700 6025, 695 6020, 690 6015, 685 6010, 680 6005, 680 5995, 675 5990, 670 5985, 670 5975, 665 5970, 660 5965, 660 5955, 655 5950, 650 5945, 650 5935, 645 5930, 640 5925, 640 5915, 640 5905, 635 5900, 630 5895, 630 5885, 630 5875, 630 5865, 630 5855, 630 5845, 625 5840, 620 5835, 620 5825, 620 5815, 620 5805, 620 5795, 620 5785, 625 5780, 630 5775, 630 5765, 630 5755, 630 5745, 625 5740, 620 5735, 620 5725, 615 5720, 610 5715, 610 5705, 605 5700, 600 5695, 600 5685, 600 5675, 595 5670, 590 5665, 590 5655, 590 5645, 590 5635, 590 5625, 590 5615, 585 5610, 580 5605, 580 5595, 585 5590, 590 5585, 590 5575, 590 5565, 590 5555, 590 5545, 590 5535, 590 5525, 585 5520, 580 5515, 580 5505, 580 5495, 580 5485, 580 5475, 575 5470, 570 5465, 570 5455, 565 5450, 560 5445, 560 5435, 555 5430, 550 5425, 550 5415, 550 5405, 550 5395, 550 5385, 545 5380, 540 5375, 545 5370, 550 5365, 550 5355, 550 5345, 550 5335, 550 5325, 555 5320, 560 5315, 560 5305, 560 5295, 565 5290, 570 5285, 570 5275, 570 5265, 570 5255, 570 5245, 570 5235, 570 5225, 565 5220, 560 5215, 560 5205, 555 5200, 550 5195, 550 5185, 545 5180, 540 5175, 540 5165, 540 5155, 540 5145, 540 5135, 535 5130, 530 5125, 535 5120, 540 5115, 540 5105, 540 5095, 540 5085, 540 5075, 545 5070, 550 5065, 550 5055, 555 5050, 560 5045, 560 5035, 565 5030, 570 5025, 575 5020, 580 5015, 585 5010, 595 5010, 600 5015, 600 5025, 600 5035, 600 5045, 595 5050, 590 5055, 590 5065, 590 5075, 590 5085, 590 5095, 590 5105, 585 5110, 580 5115, 580 5125, 585 5130, 590 5135, 590 5145, 585 5150, 580 5155, 585 5160, 595 5160, 600 5165, 605 5170, 610 5175, 615 5180, 625 5180, 630 5185, 635 5190, 640 5195, 645 5200, 650 5205, 650 5215, 655 5220, 660 5225, 660 5235, 660 5245, 660 5255, 655 5260, 650 5265, 650 5275, 650 5285, 645 5290, 640 5295, 635 5300, 630 5305, 625 5310, 620 5315, 615 5320, 605 5320, 600 5325, 600 5335, 605 5340, 610 5345, 610 5355, 610 5365, 615 5370, 620 5375, 620 5385, 620 5395, 625 5400, 630 5405, 630 5415, 635 5420, 640 5425, 645 5430, 650 5435, 650 5445, 655 5450, 660 5455, 660 5465, 660 5475, 665 5480, 670 5485, 670 5495, 670 5505, 675 5510, 680 5515, 680 5525, 680 5535, 685 5540, 690 5545, 685 5550, 680 5555, 680 5565, 680 5575, 680 5585, 680 5595, 680 5605, 685 5610, 690 5615, 685 5620, 680 5625, 685 5630, 690 5635, 690 5645, 690 5655, 690 5665, 695 5670, 700 5675, 700 5685, 705 5690, 710 5695, 715 5700, 720 5705, 720 5715, 720 5725, 725 5730, 730 5735, 730 5745, 730 5755, 725 5760, 720 5765, 720 5775, 720 5785, 720 5795, 720 5805, 720 5815, 720 5825, 725 5830, 730 5835, 725 5840, 720 5845, 720 5855, 725 5860, 730 5865, 730 5875, 730 5885, 730 5895, 735 5900, 740 5905, 740 5915, 740 5925, 745 5930, 750 5935, 755 5940, 760 5945, 760 5955, 760 5965, 765 5970, 770 5975, 770 5985, 775 5990, 780 5995, 785 6000, 790 6005, 795 6010, 800 6015, 805 6020, 810 6025, 815 6030, 820 6035, 820 6045, 820 6055, 825 6060, 830 6065, 835 6070, 840 6075, 840 6085, 840 6095, 845 6100, 850 6105, 850 6115, 850 6125, 855 6130, 860 6135, 865 6140, 870 6145, 870 6155, 875 6160, 880 6165, 885 6170, 890 6175, 895 6180, 900 6185, 900 6195, 905 6200, 910 6205, 915 6210, 920 6215, 920 6225, 920 6235, 925 6240, 935 6240, 940 6245, 945 6250, 955 6250, 960 6255, 965 6260, 970 6255, 975 6250, 985 6250, 995 6250, 1000 6255, 1005 6260, 1015 6260, 1020 6255, 1025 6250, 1030 6255, 1035 6260, 1045 6260, 1055 6260, 1060 6265, 1065 6270, 1070 6265, 1075 6260, 1080 6265, 1085 6270, 1095 6270, 1105 6270, 1110 6265, 1115 6260, 1125 6260, 1135 6260, 1145 6260, 1150 6255, 1155 6250, 1165 6250, 1175 6250, 1180 6245, 1185 6240, 1195 6240, 1205 6240, 1210 6235, 1215 6230, 1225 6230, 1230 6225, 1235 6220, 1240 6215, 1245 6210, 1255 6210, 1265 6210, 1270 6215, 1270 6225, 1275 6230, 1285 6230, 1295 6230, 1300 6235, 1305 6240, 1310 6245, 1315 6250, 1320 6245, 1325 6240, 1335 6240, 1345 6240, 1350 6245, 1350 6255, 1345 6260, 1340 6265, 1340 6275, 1335 6280, 1330 6285, 1325 6290, 1320 6295, 1315 6300, 1310 6305, 1305 6310, 1300 6315, 1295 6320, 1285 6320, 1275 6320, 1265 6320, 1260 6315, 1255 6310, 1245 6310, 1240 6315, 1235 6320, 1225 6320, 1215 6320, 1210 6325, 1205 6330, 1195 6330, 1185 6330, 1180 6335, 1175 6340, 1165 6340, 1155 6340, 1150 6345, 1145 6350))"
peri,0,R1_3_T,22;25;27,63050.0,1,2715.641686492202,6284.44951097013,"POLYGON ((2555 6610, 2550 6605, 2550 6595, 2550 6585, 2550 6575, 2550 6565, 2555 6560, 2560 6555, 2555 6550, 2550 6545, 2550 6535, 2550 6525, 2545 6520, 2540 6515, 2540 6505, 2540 6495, 2540 6485, 2540 6475, 2540 6465, 2540 6455, 2535 6450, 2530 6445, 2525 6440, 2520 6435, 2515 6430, 2510 6425, 2505 6420, 2500 6415, 2500 6405, 2495 6400, 2490 6395, 2490 6385, 2490 6375, 2490 6365, 2495 6360, 2500 6355, 2505 6350, 2510 6345, 2515 6340, 2520 6335, 2525 6330, 2535 6330, 2540 6325, 2545 6320, 2555 6320, 2560 6325, 2560 6335, 2565 6340, 2575 6340, 2580 6335, 2585 6330, 2590 6325, 2595 6320, 2600 6315, 2605 6310, 2610 6305, 2615 6300, 2620 6295, 2625 6290, 2635 6290, 2640 6285, 2645 6280, 2650 6275, 2650 6265, 2655 6260, 2660 6255, 2660 6245, 2665 6240, 2670 6235, 2670 6225, 2675 6220, 2680 6215, 2685 6210, 2690 6205, 2695 6200, 2700 6195, 2705 6190, 2710 6185, 2715 6180, 2720 6175, 2725 6170, 2735 6170, 2740 6165, 2745 6160, 2755 6160, 2760 6155, 2765 6150, 2770 6145, 2775 6140, 2780 6135, 2785 6130, 2795 6130, 2800 6125, 2805 6120, 2815 6120, 2820 6115, 2825 6110, 2835 6110, 2845 6110, 2855 6110, 2860 6105, 2865 6100, 2875 6100, 2885 6100, 2895 6100, 2905 6100, 2910 6095, 2915 6090, 2925 6090, 2935 6090, 2945 6090, 2950 6085, 2955 6080, 2965 6080, 2970 6085, 2975 6090, 2980 6095, 2985 6100, 2995 6100, 3000 6105, 3005 6110, 3015 6110, 3020 6115, 3025 6120, 3030 6125, 3035 6130, 3040 6135, 3045 6140, 3050 6145, 3045 6150, 3035 6150, 3025 6150, 3015 6150, 3010 6155, 3005 6160, 3000 6155, 2995 6150, 2990 6155, 2985 6160, 2975 6160, 2965 6160, 2955 6160, 2950 6165, 2945 6170, 2935 6170, 2925 6170, 2920 6175, 2915 6180, 2905 6180, 2895 6180, 2890 6185, 2885 6190, 2875 6190, 2865 6190, 2860 6195, 2855 6200, 2845 6200, 2835 6200, 2830 6205, 2825 6210, 2820 6215, 2815 6220, 2810 6225, 2805 6230, 2800 6235, 2795 6240, 2785 6240, 2775 6240, 2770 6245, 2765 6250, 2755 6250, 2750 6255, 2750 6265, 2750 6275, 2750 6285, 2745 6290, 2740 6295, 2740 6305, 2740 6315, 2735 6320, 2730 6325, 2725 6330, 2720 6335, 2715 6340, 2710 6345, 2705 6350, 2700 6355, 2695 6360, 2685 6360, 2680 6365, 2675 6370, 2665 6370, 2655 6370, 2650 6375, 2650 6385, 2645 6390, 2640 6395, 2640 6405, 2635 6410, 2630 6415, 2630 6425, 2630 6435, 2625 6440, 2620 6445, 2615 6450, 2610 6455, 2605 6460, 2600 6465, 2600 6475, 2600 6485, 2600 6495, 2600 6505, 2600 6515, 2600 6525, 2600 6535, 2595 6540, 2590 6545, 2590 6555, 2585 6560, 2580 6565, 2575 6570, 2570 6575, 2565 6580, 2560 6585, 2560 6595, 2560 6605, 2555 6610))"
peri,23,R1_3_T,23,41750.0,1,1881.677644710579,6184.020958083833,"POLYGON ((1675 6290, 1665 6290, 1660 6285, 1665 6280, 1670 6275, 1675 6270, 1680 6265, 1685 6260, 1690 6255, 1695 6250, 1700 6245, 1700 6235, 1705 6230, 1710 6225, 1710 6215, 1715 6210, 1720 6205, 1720 6195, 1725 6190, 1730 6185, 1735 6180, 1740 6175, 1745 6170, 1750 6165, 1755 6160, 1765 6160, 1770 6155, 1775 6150, 1785 6150, 1790 6145, 1795 6140, 1800 6135, 1805 6130, 1815 6130, 1820 6125, 1825 6120, 1835 6120, 1840 6115, 1845 6110, 1855 6110, 1865 6110, 1875 6110, 1880 6105, 1885 6100, 1895 6100, 1905 6100, 1915 6100, 1925 6100, 1930 6095, 1935 6090, 1940 6095, 1945 6100, 1955 6100, 1965 6100, 1975 6100, 1985 6100, 1990 6105, 1995 6110, 2005 6110, 2010 6115, 2015 6120, 2025 6120, 2030 6125, 2035 6130, 2040 6135, 2045 6140, 2050 6145, 2055 6150, 2060 6155, 2065 6160, 2070 6165, 2075 6170, 2080 6175, 2085 6180, 2090 6185, 2090 6195, 2095 6200, 2100 6205, 2100 6215, 2095 6220, 2085 6220, 2075 6220, 2070 6215, 2065 6210, 2055 6210, 2045 6210, 2035 6210, 2025 6210, 2015 6210, 2005 6210, 1995 6210, 1985 6210, 1975 6210, 1970 6215, 1965 6220, 1960 6215, 1955 6210, 1945 6210, 1940 6215, 1935 6220, 1925 6220, 1920 6215, 1915 6210, 1910 6215, 1905 6220, 1895 6220, 1890 6225, 1885 6230, 1880 6235, 1875 6240, 1870 6245, 1865 6250, 1855 6250, 1850 6255, 1845 6260, 1835 6260, 1825 6260, 1820 6265, 1815 6270, 1810 6265, 1805 6260, 1800 6265, 1795 6270, 1790 6265, 1785 6260, 1775 6260, 1765 6260, 1760 6265, 1755 6270, 1745 6270, 1735 6270, 1725 6270, 1720 6275, 1715 6280, 1705 6280, 1695 6280, 1685 6280, 1680 6285, 1675 6290))"
peri,0,P2_3_L,22;25;27;28;29,444650.0,1,2881.672289066307,7166.470819745868,"POLYGON ((3065 8140, 3055 8140, 3045 8140, 3035 8140, 3025 8140, 3015 8140, 3005 8140, 3000 8135, 2995 8130, 2985 8130, 2975 8130, 2970 8125, 2975 8120, 2980 8115, 2985 8110, 2990 8105, 2995 8100, 3000 8095, 3005 8090, 3015 8090, 3025 8090, 3035 8090, 3045 8090, 3050 8085, 3055 8080, 3060 8075, 3065 8070, 3070 8065, 3075 8060, 3080 8055, 3085 8050, 3090 8045, 3090 8035, 3090 8025, 3090 8015, 3090 8005, 3095 8000, 3100 7995, 3100 7985, 3100 7975, 3095 7970, 3090 7965, 3085 7960, 3080 7955, 3075 7950, 3070 7945, 3070 7935, 3070 7925, 3070 7915, 3075 7910, 3080 7905, 3085 7900, 3090 7895, 3095 7890, 3100 7885, 3105 7880, 3110 7875, 3115 7870, 3120 7875, 3125 7880, 3130 7875, 3135 7870, 3140 7865, 3145 7860, 3150 7855, 3145 7850, 3140 7845, 3135 7840, 3130 7835, 3125 7830, 3120 7835, 3115 7840, 3110 7835, 3105 7830, 3100 7825, 3095 7820, 3090 7815, 3085 7810, 3080 7805, 3075 7800, 3070 7795, 3065 7790, 3060 7785, 3055 7780, 3050 7775, 3045 7770, 3035 7770, 3030 7765, 3025 7760, 3020 7755, 3015 7750, 3010 7745, 3005 7740, 3000 7735, 2995 7730, 2985 7730, 2980 7725, 2975 7720, 2970 7715, 2965 7710, 2960 7705, 2955 7700, 2950 7695, 2945 7690, 2940 7685, 2935 7680, 2925 7680, 2920 7675, 2915 7670, 2905 7670, 2900 7665, 2895 7660, 2885 7660, 2880 7655, 2875 7650, 2865 7650, 2855 7650, 2845 7650, 2835 7650, 2830 7645, 2825 7640, 2820 7635, 2815 7630, 2805 7630, 2800 7625, 2795 7620, 2785 7620, 2780 7615, 2775 7610, 2765 7610, 2760 7605, 2755 7600, 2750 7595, 2745 7590, 2740 7585, 2735 7580, 2725 7580, 2715 7580, 2710 7585, 2705 7590, 2700 7585, 2695 7580, 2690 7575, 2685 7570, 2680 7565, 2675 7560, 2670 7555, 2665 7550, 2655 7550, 2645 7550, 2640 7555, 2635 7560, 2625 7560, 2620 7565, 2615 7570, 2605 7570, 2595 7570, 2585 7570, 2575 7570, 2565 7570, 2560 7575, 2555 7580, 2550 7585, 2545 7590, 2540 7595, 2535 7600, 2530 7605, 2525 7610, 2520 7615, 2515 7620, 2510 7625, 2505 7630, 2500 7635, 2495 7640, 2490 7645, 2490 7655, 2490 7665, 2490 7675, 2490 7685, 2485 7690, 2480 7695, 2475 7700, 2470 7695, 2470 7685, 2470 7675, 2470 7665, 2470 7655, 2475 7650, 2480 7645, 2480 7635, 2480 7625, 2480 7615, 2480 7605, 2480 7595, 2480 7585, 2480 7575, 2480 7565, 2480 7555, 2480 7545, 2475 7540, 2470 7535, 2470 7525, 2475 7520, 2480 7515, 2480 7505, 2480 7495, 2480 7485, 2485 7480, 2490 7475, 2490 7465, 2490 7455, 2495 7450, 2500 7455, 2505 7460, 2510 7465, 2515 7470, 2525 7470, 2535 7470, 2540 7475, 2545 7480, 2550 7475, 2555 7470, 2565 7470, 2575 7470, 2580 7465, 2585 7460, 2590 7455, 2595 7450, 2605 7450, 2610 7445, 2615 7440, 2620 7435, 2625 7430, 2630 7425, 2635 7420, 2645 7420, 2650 7415, 2655 7410, 2660 7405, 2665 7400, 2670 7395, 2670 7385, 2670 7375, 2665 7370, 2660 7365, 2655 7360, 2650 7355, 2655 7350, 2660 7345, 2665 7340, 2670 7335, 2670 7325, 2670 7315, 2670 7305, 2670 7295, 2665 7290, 2660 7285, 2655 7280, 2650 7275, 2650 7265, 2650 7255, 2655 7250, 2660 7245, 2665 7240, 2670 7235, 2675 7230, 2685 7230, 2695 7230, 2705 7230, 2715 7230, 2720 7235, 2725 7240, 2730 7245, 2735 7250, 2745 7250, 2750 7255, 2755 7260, 2765 7260, 2770 7265, 2775 7270, 2780 7275, 2785 7280, 2790 7275, 2795 7270, 2805 7270, 2815 7270, 2820 7265, 2825 7260, 2830 7255, 2835 7250, 2845 7250, 2850 7245, 2855 7240, 2860 7235, 2865 7230, 2875 7230, 2880 7225, 2885 7220, 2895 7220, 2900 7215, 2905 7210, 2910 7205, 2915 7200, 2920 7195, 2920 7185, 2920 7175, 2920 7165, 2915 7160, 2910 7155, 2910 7145, 2915 7140, 2920 7135, 2915 7130, 2910 7125, 2905 7120, 2900 7115, 2895 7110, 2890 7105, 2885 7100, 2880 7095, 2875 7090, 2870 7085, 2865 7080, 2860 7075, 2855 7070, 2850 7065, 2845 7060, 2835 7060, 2830 7055, 2825 7050, 2815 7050, 2805 7050, 2800 7045, 2795 7040, 2785 7040, 2775 7040, 2770 7035, 2765 7030, 2755 7030, 2750 7025, 2745 7020, 2740 7015, 2735 7010, 2730 7005, 2730 6995, 2735 6990, 2740 6985, 2740 6975, 2735 6970, 2730 6965, 2730 6955, 2735 6950, 2740 6945, 2735 6940, 2730 6935, 2725 6930, 2720 6925, 2715 6920, 2710 6915, 2705 6910, 2700 6905, 2700 6895, 2695 6890, 2690 6885, 2685 6880, 2680 6875, 2675 6870, 2665 6870, 2655 6870, 2645 6870, 2635 6870, 2630 6865, 2625 6860, 2620 6865, 2615 6870, 2610 6865, 2605 6860, 2600 6855, 2595 6850, 2590 6855, 2585 6860, 2580 6865, 2575 6870, 2570 6875, 2565 6880, 2560 6885, 2560 6895, 2555 6900, 2550 6905, 2550 6915, 2545 6920, 2540 6915, 2540 6905, 2540 6895, 2535 6890, 2530 6885, 2530 6875, 2525 6870, 2520 6865, 2520 6855, 2520 6845, 2525 6840, 2530 6835, 2530 6825, 2530 6815, 2535 6810, 2540 6805, 2540 6795, 2545 6790, 2550 6785, 2550 6775, 2555 6770, 2560 6765, 2560 6755, 2560 6745, 2560 6735, 2560 6725, 2565 6720, 2570 6715, 2570 6705, 2570 6695, 2570 6685, 2565 6680, 2560 6675, 2560 6665, 2555 6660, 2545 6660, 2540 6665, 2535 6670, 2530 6675, 2525 6680, 2520 6685, 2520 6695, 2520 6705, 2515 6710, 2510 6705, 2505 6700, 2500 6695, 2500 6685, 2495 6680, 2490 6675, 2490 6665, 2485 6660, 2480 6655, 2480 6645, 2480 6635, 2480 6625, 2480 6615, 2480 6605, 2480 6595, 2480 6585, 2475 6580, 2470 6575, 2470 6565, 2470 6555, 2470 6545, 2470 6535, 2470 6525, 2470 6515, 2475 6510, 2480 6505, 2480 6495, 2480 6485, 2480 6475, 2480 6465, 2480 6455, 2480 6445, 2480 6435, 2485 6430, 2490 6435, 2495 6440, 2500 6445, 2505 6450, 2510 6455, 2510 6465, 2510 6475, 2515 6480, 2520 6485, 2520 6495, 2520 6505, 2520 6515, 2520 6525, 2520 6535, 2520 6545, 2525 6550, 2530 6555, 2530 6565, 2530 6575, 2530 6585, 2530 6595, 2530 6605, 2530 6615, 2535 6620, 2540 6625, 2540 6635, 2545 6640, 2555 6640, 2560 6635, 2565 6630, 2570 6625, 2575 6620, 2580 6615, 2580 6605, 2580 6595, 2585 6590, 2590 6585, 2595 6580, 2600 6585, 2600 6595, 2600 6605, 2600 6615, 2600 6625, 2605 6630, 2610 6635, 2615 6640, 2620 6645, 2625 6650, 2630 6655, 2635 6660, 2640 6665, 2645 6670, 2650 6675, 2655 6680, 2660 6675, 2665 6670, 2670 6675, 2675 6680, 2680 6675, 2685 6670, 2695 6670, 2700 6665, 2705 6660, 2710 6655, 2715 6650, 2720 6645, 2725 6640, 2730 6635, 2735 6630, 2745 6630, 2750 6635, 2755 6640, 2760 6645, 2765 6650, 2770 6645, 2775 6640, 2785 6640, 2790 6635, 2795 6630, 2800 6625, 2805 6620, 2810 6615, 2815 6610, 2820 6605, 2825 6600, 2830 6595, 2835 6590, 2840 6585, 2845 6580, 2855 6580, 2860 6575, 2865 6570, 2870 6565, 2875 6560, 2880 6555, 2880 6545, 2880 6535, 2875 6530, 2870 6525, 2875 6520, 2880 6515, 2885 6510, 2890 6505, 2895 6500, 2900 6495, 2900 6485, 2905 6480, 2910 6475, 2910 6465, 2915 6460, 2920 6455, 2920 6445, 2920 6435, 2925 6430, 2930 6425, 2935 6420, 2940 6415, 2940 6405, 2945 6400, 2950 6395, 2950 6385, 2950 6375, 2955 6370, 2960 6365, 2955 6360, 2950 6355, 2945 6350, 2940 6345, 2935 6340, 2930 6335, 2930 6325, 2935 6320, 2940 6315, 2945 6310, 2950 6305, 2955 6300, 2960 6295, 2965 6290, 2970 6285, 2970 6275, 2965 6270, 2960 6265, 2955 6260, 2950 6255, 2945 6250, 2940 6245, 2935 6240, 2930 6235, 2925 6230, 2920 6235, 2915 6240, 2910 6235, 2905 6230, 2900 6225, 2895 6220, 2890 6215, 2895 6210, 2900 6205, 2905 6200, 2915 6200, 2925 6200, 2930 6195, 2935 6190, 2945 6190, 2955 6190, 2960 6185, 2965 6180, 2975 6180, 2985 6180, 2995 6180, 3005 6180, 3015 6180, 3020 6175, 3025 6170, 3035 6170, 3045 6170, 3055 6170, 3060 6175, 3065 6180, 3070 6185, 3075 6190, 3080 6195, 3085 6200, 3090 6205, 3090 6215, 3095 6220, 3100 6225, 3100 6235, 3100 6245, 3100 6255, 3100 6265, 3100 6275, 3100 6285, 3100 6295, 3100 6305, 3100 6315, 3100 6325, 3100 6335, 3095 6340, 3090 6345, 3090 6355, 3090 6365, 3090 6375, 3090 6385, 3090 6395, 3090 6405, 3090 6415, 3085 6420, 3080 6425, 3080 6435, 3080 6445, 3075 6450, 3070 6455, 3070 6465, 3065 6470, 3060 6475, 3060 6485, 3055 6490, 3050 6495, 3050 6505, 3045 6510, 3040 6515, 3040 6525, 3035 6530, 3030 6535, 3030 6545, 3025 6550, 3020 6555, 3020 6565, 3015 6570, 3010 6575, 3010 6585, 3010 6595, 3010 6605, 3005 6610, 3000 6615, 3000 6625, 2995 6630, 2990 6635, 2985 6640, 2980 6645, 2975 6650, 2970 6655, 2965 6660, 2960 6665, 2955 6670, 2950 6675, 2945 6680, 2940 6685, 2935 6690, 2930 6695, 2925 6700, 2915 6700, 2910 6705, 2905 6710, 2900 6715, 2895 6720, 2890 6725, 2885 6730, 2880 6735, 2875 6740, 2870 6745, 2865 6750, 2860 6755, 2855 6760, 2845 6760, 2840 6765, 2835 6770, 2825 6770, 2820 6775, 2815 6780, 2805 6780, 2795 6780, 2785 6780, 2780 6785, 2785 6790, 2790 6795, 2795 6800, 2800 6805, 2805 6810, 2810 6815, 2815 6820, 2820 6825, 2820 6835, 2825 6840, 2830 6845, 2835 6850, 2840 6855, 2845 6860, 2850 6865, 2855 6870, 2860 6875, 2860 6885, 2865 6890, 2870 6895, 2870 6905, 2870 6915, 2875 6920, 2880 6925, 2885 6930, 2895 6930, 2900 6935, 2905 6940, 2915 6940, 2920 6945, 2925 6950, 2930 6955, 2935 6960, 2940 6965, 2945 6970, 2950 6975, 2955 6980, 2960 6985, 2965 6990, 2970 6995, 2975 7000, 2980 7005, 2985 7010, 2990 7015, 2995 7020, 3000 7025, 3005 7030, 3010 7035, 3015 7040, 3020 7045, 3025 7050, 3030 7055, 3035 7060, 3040 7065, 3040 7075, 3045 7080, 3050 7085, 3050 7095, 3050 7105, 3050 7115, 3050 7125, 3050 7135, 3050 7145, 3050 7155, 3050 7165, 3050 7175, 3050 7185, 3050 7195, 3050 7205, 3050 7215, 3050 7225, 3050 7235, 3050 7245, 3045 7250, 3040 7255, 3040 7265, 3035 7270, 3030 7275, 3025 7280, 3020 7285, 3015 7290, 3010 7295, 3005 7300, 3000 7305, 2995 7310, 2990 7315, 2985 7320, 2980 7325, 2975 7330, 2970 7335, 2965 7340, 2955 7340, 2950 7345, 2945 7350, 2935 7350, 2930 7355, 2925 7360, 2920 7365, 2915 7370, 2905 7370, 2900 7375, 2895 7380, 2890 7385, 2885 7390, 2875 7390, 2870 7395, 2865 7400, 2855 7400, 2845 7400, 2840 7405, 2835 7410, 2825 7410, 2815 7410, 2805 7410, 2800 7415, 2800 7425, 2800 7435, 2800 7445, 2795 7450, 2790 7455, 2795 7460, 2805 7460, 2810 7465, 2815 7470, 2820 7475, 2825 7480, 2830 7485, 2835 7490, 2845 7490, 2850 7495, 2855 7500, 2865 7500, 2870 7505, 2875 7510, 2885 7510, 2890 7515, 2895 7520, 2905 7520, 2915 7520, 2925 7520, 2930 7525, 2935 7530, 2945 7530, 2950 7535, 2955 7540, 2965 7540, 2970 7545, 2975 7550, 2985 7550, 2990 7555, 2995 7560, 3005 7560, 3010 7565, 3015 7570, 3020 7575, 3025 7580, 3030 7585, 3035 7590, 3040 7595, 3045 7600, 3050 7605, 3055 7610, 3065 7610, 3070 7615, 3075 7620, 3080 7625, 3085 7630, 3090 7635, 3095 7640, 3100 7645, 3105 7650, 3115 7650, 3120 7655, 3125 7660, 3130 7665, 3135 7670, 3140 7675, 3145 7680, 3150 7685, 3155 7690, 3160 7695, 3165 7700, 3175 7700, 3180 7705, 3185 7710, 3195 7710, 3200 7715, 3205 7720, 3210 7725, 3215 7730, 3220 7735, 3225 7740, 3230 7745, 3235 7750, 3240 7755, 3245 7760, 3250 7765, 3255 7770, 3260 7775, 3265 7780, 3270 7785, 3270 7795, 3275 7800, 3280 7805, 3280 7815, 3280 7825, 3280 7835, 3280 7845, 3280 7855, 3280 7865, 3280 7875, 3280 7885, 3280 7895, 3280 7905, 3275 7910, 3270 7915, 3270 7925, 3265 7930, 3260 7935, 3255 7940, 3250 7945, 3245 7950, 3240 7955, 3235 7960, 3230 7965, 3230 7975, 3230 7985, 3230 7995, 3230 8005, 3230 8015, 3230 8025, 3230 8035, 3230 8045, 3225 8050, 3220 8055, 3220 8065, 3220 8075, 3220 8085, 3220 8095, 3215 8100, 3210 8105, 3205 8110, 3200 8115, 3195 8120, 3185 8120, 3175 8120, 3170 8125, 3165 8130, 3155 8130, 3145 8130, 3135 8130, 3125 8130, 3115 8130, 3105 8130, 3095 8130, 3085 8130, 3075 8130, 3070 8135, 3065 8140))"
peri,24,P2_3_L,24,286250.0,1,3958.261572052402,6782.919505094614,"POLYGON ((4055 7370, 4050 7365, 4050 7355, 4055 7350, 4060 7345, 4060 7335, 4055 7330, 4050 7325, 4055 7320, 4060 7315, 4060 7305, 4060 7295, 4065 7290, 4070 7285, 4065 7280, 4055 7280, 4045 7280, 4040 7285, 4040 7295, 4035 7300, 4030 7305, 4030 7315, 4030 7325, 4030 7335, 4030 7345, 4025 7350, 4020 7355, 4015 7360, 4005 7360, 3995 7360, 3985 7360, 3975 7360, 3965 7360, 3955 7360, 3950 7355, 3945 7350, 3935 7350, 3930 7345, 3925 7340, 3920 7335, 3915 7330, 3905 7330, 3900 7325, 3895 7320, 3890 7315, 3885 7310, 3880 7305, 3875 7300, 3870 7295, 3865 7290, 3860 7285, 3855 7280, 3850 7275, 3845 7270, 3840 7265, 3835 7260, 3830 7255, 3825 7250, 3820 7245, 3820 7235, 3815 7230, 3810 7225, 3805 7220, 3800 7215, 3800 7205, 3795 7200, 3790 7195, 3790 7185, 3785 7180, 3780 7175, 3780 7165, 3775 7160, 3770 7155, 3770 7145, 3765 7140, 3760 7135, 3760 7125, 3760 7115, 3760 7105, 3760 7095, 3760 7085, 3760 7075, 3760 7065, 3760 7055, 3760 7045, 3760 7035, 3765 7030, 3770 7025, 3770 7015, 3775 7010, 3780 7005, 3780 6995, 3785 6990, 3790 6985, 3790 6975, 3795 6970, 3800 6965, 3800 6955, 3800 6945, 3800 6935, 3800 6925, 3800 6915, 3805 6910, 3810 6905, 3810 6895, 3810 6885, 3810 6875, 3810 6865, 3810 6855, 3810 6845, 3815 6840, 3820 6835, 3820 6825, 3820 6815, 3820 6805, 3820 6795, 3820 6785, 3820 6775, 3820 6765, 3825 6760, 3830 6755, 3830 6745, 3830 6735, 3830 6725, 3825 6720, 3820 6715, 3815 6710, 3810 6705, 3810 6695, 3805 6690, 3800 6685, 3800 6675, 3800 6665, 3795 6660, 3790 6655, 3790 6645, 3790 6635, 3790 6625, 3790 6615, 3790 6605, 3790 6595, 3790 6585, 3790 6575, 3790 6565, 3790 6555, 3790 6545, 3790 6535, 3790 6525, 3785 6520, 3780 6515, 3775 6510, 3770 6505, 3765 6500, 3760 6495, 3760 6485, 3755 6480, 3750 6475, 3750 6465, 3745 6460, 3740 6455, 3735 6450, 3730 6445, 3725 6440, 3720 6435, 3720 6425, 3715 6420, 3710 6415, 3710 6405, 3710 6395, 3710 6385, 3710 6375, 3710 6365, 3710 6355, 3710 6345, 3710 6335, 3710 6325, 3710 6315, 3710 6305, 3715 6300, 3725 6300, 3735 6300, 3745 6300, 3750 6305, 3755 6310, 3765 6310, 3770 6315, 3775 6320, 3780 6325, 3785 6330, 3795 6330, 3800 6335, 3805 6340, 3815 6340, 3825 6340, 3835 6340, 3840 6345, 3840 6355, 3840 6365, 3845 6370, 3850 6375, 3855 6380, 3860 6385, 3865 6390, 3870 6395, 3870 6405, 3875 6410, 3880 6415, 3880 6425, 3885 6430, 3890 6435, 3895 6440, 3900 6445, 3905 6450, 3910 6455, 3915 6460, 3920 6465, 3925 6470, 3930 6475, 3930 6485, 3930 6495, 3930 6505, 3930 6515, 3925 6520, 3920 6525, 3920 6535, 3920 6545, 3920 6555, 3920 6565, 3920 6575, 3920 6585, 3920 6595, 3920 6605, 3925 6610, 3930 6615, 3930 6625, 3930 6635, 3935 6640, 3940 6645, 3945 6650, 3950 6655, 3950 6665, 3955 6670, 3960 6675, 3965 6680, 3970 6685, 3975 6690, 3980 6695, 3985 6700, 3990 6705, 3995 6710, 4000 6715, 4000 6725, 3995 6730, 3990 6735, 3985 6740, 3980 6745, 3975 6750, 3970 6755, 3965 6760, 3960 6765, 3960 6775, 3960 6785, 3965 6790, 3970 6795, 3965 6800, 3960 6805, 3955 6810, 3950 6815, 3955 6820, 3960 6825, 3960 6835, 3960 6845, 3955 6850, 3950 6855, 3950 6865, 3950 6875, 3950 6885, 3945 6890, 3940 6895, 3940 6905, 3940 6915, 3940 6925, 3940 6935, 3940 6945, 3940 6955, 3935 6960, 3930 6965, 3930 6975, 3930 6985, 3930 6995, 3930 7005, 3930 7015, 3925 7020, 3920 7025, 3920 7035, 3920 7045, 3915 7050, 3910 7055, 3905 7060, 3900 7065, 3900 7075, 3895 7080, 3890 7085, 3895 7090, 3900 7095, 3900 7105, 3905 7110, 3910 7115, 3910 7125, 3915 7130, 3920 7135, 3920 7145, 3925 7150, 3930 7155, 3935 7160, 3940 7165, 3940 7175, 3945 7180, 3950 7185, 3955 7190, 3960 7195, 3965 7200, 3970 7205, 3975 7210, 3985 7210, 3990 7215, 3995 7220, 4000 7225, 4005 7230, 4010 7225, 4015 7220, 4020 7215, 4025 7210, 4035 7210, 4045 7210, 4050 7215, 4050 7225, 4050 7235, 4055 7240, 4060 7235, 4065 7230, 4070 7225, 4065 7220, 4060 7215, 4065 7210, 4070 7205, 4065 7200, 4060 7195, 4060 7185, 4065 7180, 4070 7175, 4065 7170, 4060 7165, 4060 7155, 4060 7145, 4060 7135, 4060 7125, 4060 7115, 4055 7110, 4050 7105, 4055 7100, 4060 7095, 4060 7085, 4060 7075, 4065 7070, 4070 7065, 4070 7055, 4070 7045, 4075 7040, 4080 7035, 4080 7025, 4085 7020, 4090 7015, 4090 7005, 4085 7000, 4080 6995, 4080 6985, 4085 6980, 4090 6975, 4085 6970, 4080 6965, 4085 6960, 4090 6955, 4085 6950, 4080 6945, 4080 6935, 4085 6930, 4090 6925, 4090 6915, 4090 6905, 4090 6895, 4095 6890, 4100 6885, 4100 6875, 4095 6870, 4090 6865, 4095 6860, 4100 6855, 4100 6845, 4100 6835, 4100 6825, 4100 6815, 4100 6805, 4095 6800, 4090 6795, 4090 6785, 4090 6775, 4090 6765, 4095 6760, 4100 6755, 4100 6745, 4100 6735, 4100 6725, 4100 6715, 4100 6705, 4095 6700, 4090 6695, 4090 6685, 4095 6680, 4100 6675, 4095 6670, 4090 6665, 4090 6655, 4090 6645, 4090 6635, 4090 6625, 4090 6615, 4085 6610, 4080 6605, 4080 6595, 4080 6585, 4080 6575, 4075 6570, 4070 6565, 4070 6555, 4070 6545, 4065 6540, 4060 6535, 4060 6525, 4065 6520, 4070 6515, 4070 6505, 4065 6500, 4060 6495, 4060 6485, 4060 6475, 4060 6465, 4055 6460, 4050 6455, 4050 6445, 4050 6435, 4045 6430, 4040 6425, 4040 6415, 4035 6410, 4030 6405, 4030 6395, 4025 6390, 4020 6385, 4020 6375, 4020 6365, 4020 6355, 4015 6350, 4005 6350, 3995 6350, 3985 6350, 3980 6355, 3975 6360, 3970 6355, 3965 6350, 3955 6350, 3945 6350, 3940 6345, 3935 6340, 3930 6335, 3925 6330, 3915 6330, 3905 6330, 3900 6325, 3895 6320, 3885 6320, 3880 6315, 3875 6310, 3870 6315, 3865 6320, 3855 6320, 3845 6320, 3835 6320, 3825 6320, 3820 6315, 3815 6310, 3805 6310, 3795 6310, 3790 6305, 3785 6300, 3780 6295, 3775 6290, 3765 6290, 3760 6285, 3755 6280, 3745 6280, 3735 6280, 3725 6280, 3720 6275, 3720 6265, 3720 6255, 3725 6250, 3730 6245, 3735 6240, 3740 6235, 3745 6230, 3750 6225, 3755 6220, 3765 6220, 3770 6215, 3775 6210, 3785 6210, 3795 6210, 3800 6215, 3805 6220, 3815 6220, 3825 6220, 3830 6225, 3835 6230, 3845 6230, 3855 6230, 3865 6230, 3875 6230, 3885 6230, 3895 6230, 3905 6230, 3915 6230, 3920 6235, 3925 6240, 3935 6240, 3945 6240, 3950 6245, 3955 6250, 3965 6250, 3975 6250, 3980 6255, 3985 6260, 3995 6260, 4005 6260, 4015 6260, 4025 6260, 4035 6260, 4045 6260, 4055 6260, 4065 6260, 4075 6260, 4080 6265, 4080 6275, 4085 6280, 4090 6285, 4095 6290, 4100 6295, 4100 6305, 4105 6310, 4110 6315, 4110 6325, 4115 6330, 4120 6335, 4120 6345, 4125 6350, 4130 6355, 4125 6360, 4120 6365, 4120 6375, 4120 6385, 4120 6395, 4125 6400, 4130 6405, 4130 6415, 4130 6425, 4135 6430, 4140 6435, 4140 6445, 4140 6455, 4145 6460, 4150 6465, 4150 6475, 4150 6485, 4150 6495, 4155 6500, 4160 6505, 4160 6515, 4160 6525, 4165 6530, 4170 6535, 4170 6545, 4170 6555, 4170 6565, 4175 6570, 4180 6575, 4180 6585, 4180 6595, 4180 6605, 4185 6610, 4190 6615, 4190 6625, 4190 6635, 4190 6645, 4190 6655, 4190 6665, 4190 6675, 4190 6685, 4190 6695, 4190 6705, 4190 6715, 4190 6725, 4190 6735, 4190 6745, 4190 6755, 4190 6765, 4190 6775, 4190 6785, 4190 6795, 4190 6805, 4190 6815, 4190 6825, 4190 6835, 4190 6845, 4190 6855, 4190 6865, 4190 6875, 4190 6885, 4190 6895, 4190 6905, 4190 6915, 4190 6925, 4190 6935, 4185 6940, 4180 6945, 4180 6955, 4180 6965, 4180 6975, 4180 6985, 4180 6995, 4180 7005, 4180 7015, 4180 7025, 4180 7035, 4175 7040, 4170 7045, 4170 7055, 4165 7060, 4160 7065, 4160 7075, 4160 7085, 4155 7090, 4150 7095, 4150 7105, 4150 7115, 4150 7125, 4150 7135, 4150 7145, 4155 7150, 4160 7155, 4160 7165, 4160 7175, 4160 7185, 4160 7195, 4160 7205, 4160 7215, 4160 7225, 4160 7235, 4160 7245, 4160 7255, 4155 7260, 4150 7265, 4150 7275, 4150 7285, 4150 7295, 4150 7305, 4150 7315, 4145 7320, 4140 7325, 4135 7330, 4125 7330, 4120 7335, 4115 7340, 4105 7340, 4100 7345, 4095 7350, 4085 7350, 4080 7355, 4075 7360, 4065 7360, 4060 7365, 4055 7370))"
peri,23,R1_3_T,23,250.0,1,1915.0,6245.0,"POLYGON ((1925 6250, 1915 6250, 1905 6250, 1900 6245, 1905 6240, 1915 6240, 1925 6240, 1930 6245, 1925 6250))"
peri,23,R1_3_T,23,77750.0,1,1880.4930332261524,6400.050375133977,"POLYGON ((1875 6550, 1865 6550, 1855 6550, 1845 6550, 1835 6550, 1825 6550, 1815 6550, 1805 6550, 1800 6545, 1795 6540, 1785 6540, 1780 6535, 1775 6530, 1765 6530, 1760 6525, 1755 6520, 1750 6515, 1745 6510, 1740 6505, 1735 6500, 1730 6495, 1725 6490, 1720 6485, 1715 6480, 1710 6475, 1705 6470, 1700 6465, 1695 6460, 1690 6455, 1685 6450, 1680 6445, 1680 6435, 1675 6430, 1670 6425, 1670 6415, 1665 6410, 1660 6405, 1660 6395, 1660 6385, 1660 6375, 1660 6365, 1660 6355, 1660 6345, 1665 6340, 1670 6335, 1670 6325, 1675 6320, 1680 6315, 1685 6310, 1690 6305, 1695 6300, 1705 6300, 1715 6300, 1725 6300, 1735 6300, 1740 6295, 1745 6290, 1755 6290, 1765 6290, 1770 6285, 1775 6280, 1785 6280, 1795 6280, 1805 6280, 1815 6280, 1825 6280, 1835 6280, 1840 6285, 1845 6290, 1850 6295, 1845 6300, 1840 6305, 1835 6310, 1830 6315, 1825 6320, 1820 6325, 1820 6335, 1815 6340, 1810 6345, 1805 6350, 1800 6355, 1795 6360, 1790 6365, 1785 6370, 1780 6375, 1785 6380, 1790 6385, 1795 6390, 1800 6395, 1805 6400, 1810 6405, 1815 6410, 1820 6415, 1825 6420, 1830 6425, 1835 6430, 1845 6430, 1850 6425, 1855 6420, 1860 6415, 1865 6410, 1870 6415, 1875 6420, 1885 6420, 1890 6415, 1895 6410, 1905 6410, 1910 6405, 1915 6400, 1920 6395, 1925 6390, 1930 6385, 1935 6380, 1940 6375, 1945 6370, 1950 6365, 1950 6355, 1955 6350, 1960 6345, 1960 6335, 1960 6325, 1965 6320, 1970 6315, 1975 6310, 1980 6305, 1980 6295, 1975 6290, 1970 6285, 1970 6275, 1965 6270, 1960 6265, 1955 6260, 1950 6255, 1945 6250, 1940 6245, 1945 6240, 1955 6240, 1960 6245, 1965 6250, 1970 6245, 1975 6240, 1985 6240, 1995 6240, 2005 6240, 2015 6240, 2025 6240, 2035 6240, 2045 6240, 2055 6240, 2065 6240, 2070 6245, 2075 6250, 2080 6255, 2085 6260, 2090 6265, 2095 6270, 2100 6275, 2100 6285, 2100 6295, 2100 6305, 2100 6315, 2100 6325, 2100 6335, 2095 6340, 2090 6345, 2090 6355, 2085 6360, 2080 6365, 2080 6375, 2075 6380, 2070 6385, 2070 6395, 2065 6400, 2060 6405, 2060 6415, 2055 6420, 2050 6425, 2050 6435, 2045 6440, 2040 6445, 2035 6450, 2030 6455, 2025 6460, 2020 6465, 2015 6470, 2010 6475, 2005 6480, 2000 6485, 1995 6490, 1990 6495, 1985 6500, 1980 6505, 1975 6510, 1965 6510, 1960 6515, 1955 6520, 1945 6520, 1940 6525, 1935 6530, 1925 6530, 1920 6535, 1915 6540, 1905 6540, 1895 6540, 1885 6540, 1880 6545, 1875 6550))"
peri,0,,21;26,16050.0,1,1083.7071651090343,6427.897196261682,"POLYGON ((1035 6480, 1025 6480, 1020 6475, 1015 6470, 1010 6475, 1005 6480, 995 6480, 985 6480, 975 6480, 965 6480, 960 6475, 955 6470, 950 6465, 955 6460, 960 6455, 965 6450, 970 6445, 975 6440, 980 6435, 985 6430, 990 6425, 995 6420, 1005 6420, 1010 6415, 1015 6410, 1025 6410, 1030 6405, 1035 6400, 1045 6400, 1055 6400, 1065 6400, 1075 6400, 1080 6395, 1075 6390, 1065 6390, 1055 6390, 1050 6385, 1055 6380, 1065 6380, 1075 6380, 1085 6380, 1095 6380, 1100 6375, 1105 6370, 1115 6370, 1125 6370, 1135 6370, 1145 6370, 1155 6370, 1160 6365, 1165 6360, 1175 6360, 1185 6360, 1195 6360, 1205 6360, 1210 6365, 1205 6370, 1195 6370, 1185 6370, 1180 6375, 1175 6380, 1165 6380, 1155 6380, 1150 6385, 1145 6390, 1135 6390, 1125 6390, 1115 6390, 1110 6395, 1115 6400, 1125 6400, 1135 6400, 1145 6400, 1155 6400, 1160 6405, 1165 6410, 1175 6410, 1180 6415, 1185 6420, 1195 6420, 1200 6425, 1205 6430, 1210 6435, 1215 6440, 1220 6445, 1215 6450, 1205 6450, 1200 6445, 1195 6440, 1190 6445, 1185 6450, 1175 6450, 1165 6450, 1155 6450, 1145 6450, 1140 6455, 1135 6460, 1130 6455, 1125 6450, 1120 6455, 1115 6460, 1105 6460, 1095 6460, 1085 6460, 1080 6465, 1075 6470, 1065 6470, 1055 6470, 1045 6470, 1040 6475, 1035 6480))"
peri,24,P2_3_L,24,1350.0,1,4005.0,6420.0,"POLYGON ((4025 6460, 4020 6455, 4015 6450, 4010 6445, 4005 6440, 4000 6435, 4000 6425, 3995 6420, 3990 6415, 3990 6405, 3985 6400, 3980 6395, 3980 6385, 3985 6380, 3990 6385, 3995 6390, 4000 6395, 4005 6400, 4010 6405, 4010 6415, 4015 6420, 4020 6425, 4020 6435, 4025 6440, 4030 6445, 4030 6455, 4025 6460))"
peri,26,R1_3_T,26,72500.0,1,1097.0,6613.540229885058,"POLYGON ((1125 6760, 1115 6760, 1105 6760, 1095 6760, 1085 6760, 1075 6760, 1065 6760, 1055 6760, 1045 6760, 1040 6755, 1035 6750, 1025 6750, 1020 6745, 1015 6740, 1005 6740, 1000 6735, 995 6730, 990 6725, 985 6720, 980 6715, 975 6710, 970 6705, 965 6700, 960 6695, 955 6690, 950 6685, 945 6680, 940 6675, 940 6665, 935 6660, 930 6655, 930 6645, 925 6640, 920 6635, 920 6625, 920 6615, 920 6605, 920 6595, 920 6585, 920 6575, 920 6565, 920 6555, 925 6550, 930 6545, 930 6535, 935 6530, 940 6525, 940 6515, 945 6510, 950 6505, 955 6500, 965 6500, 975 6500, 985 6500, 995 6500, 1005 6500, 1015 6500, 1025 6500, 1035 6500, 1045 6500, 1050 6495, 1055 6490, 1065 6490, 1075 6490, 1085 6490, 1090 6485, 1095 6480, 1105 6480, 1115 6480, 1125 6480, 1135 6480, 1145 6480, 1150 6475, 1155 6470, 1165 6470, 1175 6470, 1185 6470, 1195 6470, 1205 6470, 1210 6475, 1215 6480, 1220 6485, 1225 6490, 1230 6495, 1235 6500, 1240 6505, 1240 6515, 1245 6520, 1250 6525, 1250 6535, 1255 6540, 1260 6545, 1260 6555, 1265 6560, 1270 6565, 1270 6575, 1270 6585, 1270 6595, 1270 6605, 1270 6615, 1270 6625, 1270 6635, 1265 6640, 1260 6645, 1260 6655, 1255 6660, 1250 6665, 1250 6675, 1245 6680, 1240 6685, 1235 6690, 1230 6695, 1225 6700, 1220 6705, 1215 6710, 1210 6715, 1205 6720, 1200 6725, 1195 6730, 1185 6730, 1180 6735, 1175 6740, 1165 6740, 1160 6745, 1155 6750, 1145 6750, 1135 6750, 1130 6755, 1125 6760), (1100 6635, 1105 6630, 1115 6630, 1125 6630, 1130 6625, 1135 6620, 1140 6615, 1145 6610, 1150 6605, 1150 6595, 1145 6590, 1140 6585, 1140 6575, 1135 6570, 1130 6565, 1125 6560, 1120 6555, 1115 6550, 1110 6545, 1105 6540, 1095 6540, 1085 6540, 1080 6545, 1075 6550, 1070 6555, 1065 6560, 1060 6565, 1055 6570, 1050 6575, 1045 6580, 1040 6585, 1040 6595, 1040 6605, 1045 6610, 1050 6615, 1055 6620, 1060 6625, 1065 6630, 1070 6635, 1075 6640, 1085 6640, 1095 6640, 1100 6635))"
peri,24,P2_3_L,24,750.0,1,4068.8333333333335,6727.38888888889,"POLYGON ((4075 6750, 4070 6745, 4065 6740, 4060 6735, 4055 6730, 4050 6725, 4055 6720, 4060 6715, 4065 6710, 4075 6710, 4080 6715, 4080 6725, 4080 6735, 4080 6745, 4075 6750))"
peri,28,R1_3_T,28,3050.0,1,2450.724043715847,6865.068306010929,"POLYGON ((2435 6930, 2425 6930, 2420 6925, 2420 6915, 2420 6905, 2420 6895, 2425 6890, 2430 6885, 2430 6875, 2435 6870, 2440 6865, 2440 6855, 2445 6850, 2450 6845, 2450 6835, 2455 6830, 2460 6825, 2460 6815, 2465 6810, 2470 6805, 2475 6800, 2480 6795, 2485 6790, 2490 6795, 2490 6805, 2485 6810, 2480 6815, 2480 6825, 2475 6830, 2470 6835, 2470 6845, 2470 6855, 2465 6860, 2460 6865, 2460 6875, 2455 6880, 2450 6885, 2450 6895, 2450 6905, 2445 6910, 2440 6915, 2440 6925, 2435 6930))"
peri,0,P2_3_L,28;29,160450.0,1,2579.2328866728994,7697.100862158512,"POLYGON ((3055 8250, 3045 8250, 3035 8250, 3025 8250, 3015 8250, 3005 8250, 2995 8250, 2985 8250, 2975 8250, 2965 8250, 2955 8250, 2945 8250, 2935 8250, 2930 8245, 2925 8240, 2915 8240, 2905 8240, 2895 8240, 2890 8235, 2885 8230, 2875 8230, 2870 8225, 2865 8220, 2855 8220, 2850 8215, 2845 8210, 2840 8205, 2835 8200, 2825 8200, 2820 8195, 2815 8190, 2810 8185, 2805 8180, 2800 8175, 2795 8170, 2790 8165, 2785 8160, 2775 8160, 2765 8160, 2755 8160, 2745 8160, 2740 8165, 2735 8170, 2725 8170, 2715 8170, 2710 8165, 2705 8160, 2695 8160, 2685 8160, 2675 8160, 2670 8155, 2665 8150, 2655 8150, 2650 8145, 2645 8140, 2635 8140, 2630 8135, 2625 8130, 2620 8125, 2615 8120, 2610 8115, 2605 8110, 2600 8105, 2595 8100, 2590 8095, 2585 8090, 2580 8085, 2575 8080, 2570 8075, 2565 8070, 2560 8065, 2555 8060, 2550 8055, 2545 8050, 2540 8045, 2535 8040, 2530 8035, 2525 8030, 2515 8030, 2510 8025, 2505 8020, 2495 8020, 2485 8020, 2480 8015, 2475 8010, 2465 8010, 2460 8005, 2455 8000, 2450 7995, 2445 7990, 2440 7985, 2435 7980, 2430 7975, 2430 7965, 2430 7955, 2425 7950, 2420 7945, 2420 7935, 2420 7925, 2420 7915, 2420 7905, 2415 7900, 2410 7895, 2410 7885, 2405 7880, 2400 7875, 2395 7870, 2390 7865, 2390 7855, 2385 7850, 2380 7845, 2380 7835, 2375 7830, 2370 7825, 2370 7815, 2370 7805, 2370 7795, 2370 7785, 2370 7775, 2370 7765, 2370 7755, 2370 7745, 2370 7735, 2370 7725, 2370 7715, 2370 7705, 2370 7695, 2370 7685, 2370 7675, 2370 7665, 2370 7655, 2370 7645, 2370 7635, 2370 7625, 2375 7620, 2380 7615, 2380 7605, 2380 7595, 2380 7585, 2375 7580, 2370 7575, 2370 7565, 2370 7555, 2375 7550, 2380 7545, 2375 7540, 2370 7535, 2370 7525, 2370 7515, 2370 7505, 2370 7495, 2370 7485, 2370 7475, 2370 7465, 2370 7455, 2370 7445, 2370 7435, 2365 7430, 2360 7425, 2360 7415, 2360 7405, 2355 7400, 2350 7395, 2350 7385, 2350 7375, 2350 7365, 2345 7360, 2340 7355, 2340 7345, 2340 7335, 2345 7330, 2350 7325, 2350 7315, 2355 7310, 2360 7305, 2360 7295, 2365 7290, 2370 7285, 2370 7275, 2370 7265, 2370 7255, 2370 7245, 2370 7235, 2365 7230, 2360 7225, 2355 7220, 2350 7215, 2350 7205, 2350 7195, 2350 7185, 2350 7175, 2355 7170, 2360 7165, 2360 7155, 2360 7145, 2360 7135, 2365 7130, 2370 7125, 2370 7115, 2375 7110, 2380 7105, 2380 7095, 2385 7090, 2390 7085, 2390 7075, 2395 7070, 2400 7065, 2400 7055, 2400 7045, 2400 7035, 2400 7025, 2395 7020, 2390 7015, 2395 7010, 2400 7005, 2400 6995, 2400 6985, 2400 6975, 2405 6970, 2410 6965, 2415 6960, 2425 6960, 2435 6960, 2440 6955, 2445 6950, 2455 6950, 2465 6950, 2470 6945, 2470 6935, 2470 6925, 2470 6915, 2470 6905, 2470 6895, 2475 6890, 2480 6885, 2480 6875, 2485 6870, 2490 6875, 2490 6885, 2490 6895, 2485 6900, 2480 6905, 2480 6915, 2480 6925, 2480 6935, 2480 6945, 2485 6950, 2490 6955, 2495 6960, 2500 6965, 2500 6975, 2500 6985, 2505 6990, 2510 6995, 2515 7000, 2520 7005, 2520 7015, 2520 7025, 2525 7030, 2530 7035, 2530 7045, 2525 7050, 2520 7055, 2520 7065, 2525 7070, 2530 7075, 2525 7080, 2520 7085, 2520 7095, 2520 7105, 2515 7110, 2510 7115, 2505 7120, 2500 7125, 2500 7135, 2500 7145, 2495 7150, 2490 7155, 2490 7165, 2490 7175, 2485 7180, 2480 7185, 2475 7190, 2470 7195, 2470 7205, 2470 7215, 2470 7225, 2470 7235, 2470 7245, 2470 7255, 2470 7265, 2465 7270, 2460 7275, 2460 7285, 2460 7295, 2460 7305, 2455 7310, 2450 7315, 2445 7320, 2440 7325, 2435 7330, 2425 7330, 2415 7330, 2405 7330, 2400 7335, 2405 7340, 2410 7345, 2415 7350, 2420 7355, 2425 7360, 2430 7365, 2430 7375, 2430 7385, 2435 7390, 2440 7395, 2435 7400, 2430 7405, 2435 7410, 2440 7415, 2445 7420, 2450 7425, 2455 7430, 2460 7435, 2460 7445, 2460 7455, 2465 7460, 2470 7465, 2465 7470, 2460 7475, 2460 7485, 2460 7495, 2455 7500, 2450 7505, 2450 7515, 2445 7520, 2440 7525, 2440 7535, 2445 7540, 2450 7545, 2450 7555, 2455 7560, 2460 7565, 2460 7575, 2460 7585, 2460 7595, 2460 7605, 2460 7615, 2455 7620, 2450 7625, 2455 7630, 2460 7635, 2455 7640, 2450 7645, 2450 7655, 2450 7665, 2450 7675, 2445 7680, 2440 7685, 2445 7690, 2450 7695, 2450 7705, 2450 7715, 2450 7725, 2450 7735, 2450 7745, 2445 7750, 2440 7755, 2445 7760, 2450 7765, 2450 7775, 2450 7785, 2450 7795, 2450 7805, 2450 7815, 2445 7820, 2440 7825, 2445 7830, 2450 7835, 2445 7840, 2440 7845, 2445 7850, 2450 7855, 2455 7860, 2460 7865, 2465 7870, 2470 7875, 2470 7885, 2470 7895, 2470 7905, 2475 7910, 2480 7915, 2485 7920, 2490 7925, 2490 7935, 2495 7940, 2505 7940, 2515 7940, 2520 7945, 2525 7950, 2535 7950, 2545 7950, 2550 7955, 2555 7960, 2565 7960, 2575 7960, 2580 7965, 2585 7970, 2590 7975, 2595 7980, 2600 7985, 2605 7990, 2610 7995, 2615 8000, 2620 8005, 2625 8010, 2630 8015, 2635 8020, 2640 8025, 2645 8030, 2650 8035, 2655 8040, 2660 8045, 2665 8050, 2675 8050, 2680 8055, 2685 8060, 2690 8065, 2695 8070, 2705 8070, 2715 8070, 2725 8070, 2735 8070, 2745 8070, 2750 8065, 2755 8060, 2765 8060, 2775 8060, 2785 8060, 2790 8065, 2795 8070, 2805 8070, 2815 8070, 2820 8075, 2825 8080, 2830 8085, 2835 8090, 2840 8095, 2845 8100, 2850 8105, 2855 8110, 2860 8115, 2865 8120, 2875 8120, 2880 8125, 2885 8130, 2895 8130, 2900 8135, 2905 8140, 2910 8145, 2915 8150, 2925 8150, 2935 8150, 2940 8155, 2945 8160, 2955 8160, 2965 8160, 2970 8155, 2975 8150, 2985 8150, 2990 8155, 2995 8160, 3005 8160, 3015 8160, 3025 8160, 3035 8160, 3045 8160, 3050 8165, 3055 8170, 3060 8165, 3065 8160, 3075 8160, 3085 8160, 3090 8155, 3095 8150, 3105 8150, 3115 8150, 3120 8155, 3125 8160, 3130 8155, 3135 8150, 3145 8150, 3155 8150, 3165 8150, 3175 8150, 3180 8145, 3185 8140, 3195 8140, 3200 8145, 3195 8150, 3190 8155, 3185 8160, 3180 8165, 3175 8170, 3170 8175, 3165 8180, 3160 8185, 3155 8190, 3150 8195, 3145 8200, 3140 8205, 3135 8210, 3125 8210, 3120 8215, 3115 8220, 3105 8220, 3100 8225, 3095 8230, 3085 8230, 3075 8230, 3070 8235, 3065 8240, 3060 8245, 3055 8250))"
peri,28,P2_3_L,28,1750.0,1,2477.166666666667,7338.7380952380945,"POLYGON ((2465 7400, 2460 7395, 2460 7385, 2460 7375, 2460 7365, 2460 7355, 2460 7345, 2465 7340, 2470 7335, 2470 7325, 2475 7320, 2480 7315, 2480 7305, 2480 7295, 2485 7290, 2495 7290, 2500 7295, 2500 7305, 2500 7315, 2495 7320, 2490 7325, 2485 7330, 2480 7335, 2480 7345, 2480 7355, 2480 7365, 2475 7370, 2470 7375, 2470 7385, 2470 7395, 2465 7400))"
peri,30,R1_3_T,30,45250.0,1,1245.157458563536,7680.004604051565,"POLYGON ((1425 7780, 1420 7775, 1415 7770, 1405 7770, 1395 7770, 1385 7770, 1375 7770, 1365 7770, 1355 7770, 1345 7770, 1340 7775, 1335 7780, 1325 7780, 1315 7780, 1310 7775, 1310 7765, 1305 7760, 1300 7755, 1295 7750, 1290 7745, 1285 7740, 1280 7735, 1275 7730, 1265 7730, 1255 7730, 1245 7730, 1240 7725, 1235 7720, 1225 7720, 1220 7715, 1215 7710, 1210 7705, 1205 7700, 1195 7700, 1190 7705, 1185 7710, 1180 7715, 1175 7720, 1170 7725, 1165 7730, 1160 7735, 1165 7740, 1170 7745, 1175 7750, 1180 7755, 1185 7760, 1190 7765, 1185 7770, 1180 7775, 1175 7780, 1165 7780, 1160 7775, 1155 7770, 1145 7770, 1140 7765, 1135 7760, 1130 7755, 1125 7750, 1120 7745, 1120 7735, 1115 7730, 1110 7725, 1105 7720, 1100 7715, 1095 7710, 1090 7705, 1085 7700, 1080 7695, 1080 7685, 1075 7680, 1070 7675, 1065 7670, 1060 7665, 1065 7660, 1070 7655, 1075 7650, 1080 7645, 1085 7640, 1090 7635, 1095 7630, 1100 7625, 1105 7620, 1110 7615, 1115 7610, 1120 7605, 1125 7600, 1135 7600, 1140 7595, 1145 7590, 1155 7590, 1160 7585, 1165 7580, 1175 7580, 1185 7580, 1195 7580, 1205 7580, 1215 7580, 1225 7580, 1235 7580, 1240 7585, 1245 7590, 1255 7590, 1260 7595, 1265 7600, 1275 7600, 1280 7605, 1285 7610, 1295 7610, 1305 7610, 1310 7615, 1315 7620, 1325 7620, 1330 7625, 1335 7630, 1345 7630, 1350 7635, 1355 7640, 1360 7645, 1365 7650, 1370 7655, 1375 7660, 1380 7665, 1385 7670, 1390 7675, 1395 7680, 1400 7685, 1405 7690, 1410 7695, 1410 7705, 1415 7710, 1420 7715, 1420 7725, 1425 7730, 1430 7735, 1430 7745, 1430 7755, 1430 7765, 1430 7775, 1425 7780))"
peri,30,,30,42850.0,1,1214.4719953325555,7833.503500583431,"POLYGON ((1295 7930, 1285 7930, 1275 7930, 1265 7930, 1255 7930, 1245 7930, 1235 7930, 1225 7930, 1220 7925, 1215 7920, 1205 7920, 1195 7920, 1185 7920, 1180 7915, 1175 7910, 1165 7910, 1160 7905, 1155 7900, 1145 7900, 1140 7895, 1135 7890, 1130 7885, 1125 7880, 1115 7880, 1110 7875, 1105 7870, 1100 7865, 1095 7860, 1085 7860, 1080 7855, 1075 7850, 1070 7845, 1065 7840, 1060 7835, 1055 7830, 1050 7825, 1045 7820, 1040 7815, 1035 7810, 1030 7805, 1030 7795, 1025 7790, 1020 7785, 1020 7775, 1020 7765, 1020 7755, 1020 7745, 1015 7740, 1010 7735, 1015 7730, 1020 7725, 1020 7715, 1020 7705, 1020 7695, 1020 7685, 1025 7680, 1030 7675, 1030 7665, 1035 7660, 1040 7665, 1040 7675, 1045 7680, 1050 7685, 1055 7690, 1060 7695, 1060 7705, 1065 7710, 1070 7715, 1075 7720, 1080 7725, 1085 7730, 1090 7735, 1095 7740, 1100 7745, 1100 7755, 1105 7760, 1110 7765, 1115 7770, 1120 7775, 1125 7780, 1135 7780, 1140 7785, 1145 7790, 1150 7795, 1155 7800, 1165 7800, 1170 7805, 1175 7810, 1180 7815, 1185 7820, 1190 7825, 1195 7830, 1200 7835, 1205 7840, 1210 7835, 1215 7830, 1220 7835, 1225 7840, 1235 7840, 1245 7840, 1250 7845, 1255 7850, 1265 7850, 1270 7845, 1275 7840, 1280 7845, 1285 7850, 1290 7845, 1290 7835, 1295 7830, 1300 7825, 1305 7820, 1310 7815, 1315 7810, 1320 7805, 1325 7800, 1335 7800, 1345 7800, 1350 7795, 1355 7790, 1365 7790, 1375 7790, 1385 7790, 1390 7795, 1395 7800, 1400 7795, 1405 7790, 1410 7795, 1415 7800, 1425 7800, 1435 7800, 1445 7800, 1450 7805, 1450 7815, 1450 7825, 1450 7835, 1445 7840, 1440 7845, 1440 7855, 1435 7860, 1430 7865, 1430 7875, 1425 7880, 1415 7880, 1405 7880, 1395 7880, 1385 7880, 1375 7880, 1365 7880, 1360 7885, 1355 7890, 1350 7895, 1345 7900, 1335 7900, 1330 7905, 1325 7910, 1320 7915, 1315 7920, 1305 7920, 1300 7925, 1295 7930))"
peri,29,P2_3_L,29,11450.0,1,2513.5807860262007,7834.446870451237,"POLYGON ((2565 7940, 2560 7935, 2555 7930, 2550 7925, 2545 7920, 2535 7920, 2525 7920, 2520 7915, 2515 7910, 2510 7905, 2505 7900, 2500 7895, 2495 7890, 2490 7885, 2490 7875, 2490 7865, 2490 7855, 2485 7850, 2480 7845, 2475 7840, 2470 7835, 2470 7825, 2470 7815, 2470 7805, 2470 7795, 2470 7785, 2470 7775, 2470 7765, 2470 7755, 2470 7745, 2475 7740, 2480 7735, 2480 7725, 2480 7715, 2480 7705, 2485 7700, 2490 7705, 2490 7715, 2490 7725, 2495 7730, 2500 7735, 2500 7745, 2505 7750, 2510 7755, 2510 7765, 2510 7775, 2515 7780, 2520 7785, 2525 7790, 2530 7795, 2535 7800, 2540 7805, 2540 7815, 2540 7825, 2545 7830, 2550 7835, 2550 7845, 2555 7850, 2560 7855, 2560 7865, 2560 7875, 2560 7885, 2560 7895, 2565 7900, 2570 7905, 2570 7915, 2570 7925, 2570 7935, 2565 7940))"
peri,29,P2_3_L,29,250.0,1,2961.8333333333335,8141.833333333333,"POLYGON ((2965 8150, 2955 8150, 2950 8145, 2955 8140, 2960 8135, 2965 8130, 2970 8135, 2970 8145, 2965 8150))"
deep,1,,1,23650.0,1,6224.459126145173,2000.5655391120508,"POLYGON ((6385 2050, 6375 2050, 6370 2045, 6365 2040, 6360 2045, 6355 2050, 6345 2050, 6340 2045, 6335 2040, 6325 2040, 6320 2045, 6315 2050, 6305 2050, 6295 2050, 6290 2045, 6285 2040, 6275 2040, 6270 2045, 6265 2050, 6255 2050, 6250 2045, 6245 2040, 6235 2040, 6225 2040, 6215 2040, 6210 2035, 6205 2030, 6200 2035, 6195 2040, 6185 2040, 6175 2040, 6165 2040, 6155 2040, 6145 2040, 6135 2040, 6130 2035, 6125 2030, 6115 2030, 6105 2030, 6095 2030, 6085 2030, 6080 2025, 6075 2020, 6065 2020, 6055 2020, 6050 2015, 6055 2010, 6060 2005, 6065 2000, 6070 1995, 6075 1990, 6080 1985, 6085 1980, 6095 1980, 6100 1975, 6105 1970, 6115 1970, 6120 1965, 6125 1960, 6135 1960, 6145 1960, 6155 1960, 6160 1955, 6165 1950, 6175 1950, 6185 1950, 6195 1950, 6205 1950, 6215 1950, 6225 1950, 6235 1950, 6245 1950, 6255 1950, 6265 1950, 6275 1950, 6285 1950, 6295 1950, 6305 1950, 6310 1955, 6315 1960, 6320 1965, 6325 1970, 6330 1975, 6335 1980, 6340 1985, 6345 1990, 6350 1995, 6355 2000, 6360 2005, 6365 2010, 6370 2015, 6375 2020, 6380 2025, 6380 2035, 6385 2040, 6390 2045, 6385 2050))"
deep,0,P2_3_T,1;5,231150.0,1,6406.53940442714,2843.016079025164,"POLYGON ((6345 3330, 6340 3325, 6340 3315, 6340 3305, 6340 3295, 6340 3285, 6340 3275, 6335 3270, 6330 3265, 6330 3255, 6325 3250, 6320 3245, 6320 3235, 6315 3230, 6310 3225, 6305 3220, 6300 3215, 6295 3210, 6290 3205, 6285 3200, 6280 3195, 6275 3190, 6270 3185, 6265 3180, 6260 3175, 6255 3170, 6250 3165, 6245 3160, 6240 3155, 6235 3150, 6230 3145, 6225 3140, 6215 3140, 6210 3135, 6205 3130, 6195 3130, 6190 3125, 6185 3120, 6175 3120, 6170 3115, 6165 3110, 6155 3110, 6145 3110, 6135 3110, 6125 3110, 6115 3110, 6105 3110, 6095 3110, 6085 3110, 6080 3105, 6080 3095, 6085 3090, 6090 3085, 6095 3080, 6105 3080, 6115 3080, 6120 3075, 6125 3070, 6135 3070, 6140 3065, 6145 3060, 6155 3060, 6160 3055, 6165 3050, 6170 3045, 6175 3040, 6180 3035, 6185 3030, 6190 3025, 6195 3020, 6200 3015, 6200 3005, 6205 3000, 6210 2995, 6210 2985, 6215 2980, 6220 2975, 6220 2965, 6220 2955, 6220 2945, 6220 2935, 6220 2925, 6220 2915, 6220 2905, 6215 2900, 6210 2895, 6210 2885, 6205 2880, 6200 2875, 6200 2865, 6205 2860, 6210 2855, 6210 2845, 6210 2835, 6210 2825, 6215 2820, 6220 2815, 6220 2805, 6225 2800, 6230 2795, 6230 2785, 6230 2775, 6230 2765, 6230 2755, 6230 2745, 6230 2735, 6230 2725, 6230 2715, 6230 2705, 6230 2695, 6225 2690, 6220 2685, 6220 2675, 6215 2670, 6210 2665, 6210 2655, 6205 2650, 6200 2645, 6195 2640, 6190 2635, 6190 2625, 6185 2620, 6180 2615, 6175 2610, 6170 2605, 6170 2595, 6165 2590, 6160 2585, 6155 2580, 6150 2575, 6145 2570, 6140 2565, 6135 2560, 6130 2555, 6135 2550, 6140 2545, 6140 2535, 6145 2530, 6150 2525, 6150 2515, 6155 2510, 6160 2505, 6160 2495, 6165 2490, 6170 2485, 6170 2475, 6170 2465, 6175 2460, 6180 2455, 6180 2445, 6185 2440, 6190 2435, 6195 2430, 6200 2425, 6205 2420, 6210 2415, 6215 2410, 6220 2405, 6225 2400, 6230 2395, 6230 2385, 6235 2380, 6240 2375, 6240 2365, 6245 2360, 6250 2355, 6250 2345, 6250 2335, 6250 2325, 6250 2315, 6250 2305, 6250 2295, 6250 2285, 6250 2275, 6250 2265, 6250 2255, 6250 2245, 6250 2235, 6250 2225, 6250 2215, 6250 2205, 6250 2195, 6250 2185, 6250 2175, 6245 2170, 6240 2165, 6240 2155, 6235 2150, 6230 2145, 6230 2135, 6225 2130, 6220 2125, 6215 2120, 6210 2115, 6205 2110, 6200 2105, 6195 2100, 6190 2095, 6185 2090, 6175 2090, 6170 2085, 6165 2080, 6155 2080, 6150 2075, 6155 2070, 6160 2065, 6165 2060, 6175 2060, 6185 2060, 6195 2060, 6205 2060, 6215 2060, 6225 2060, 6235 2060, 6240 2065, 6245 2070, 6255 2070, 6265 2070, 6275 2070, 6285 2070, 6295 2070, 6305 2070, 6315 2070, 6325 2070, 6330 2075, 6330 2085, 6335 2090, 6340 2095, 6340 2105, 6345 2110, 6350 2115, 6350 2125, 6350 2135, 6355 2140, 6360 2145, 6360 2155, 6360 2165, 6360 2175, 6360 2185, 6365 2190, 6370 2195, 6370 2205, 6370 2215, 6370 2225, 6370 2235, 6370 2245, 6365 2250, 6360 2255, 6365 2260, 6370 2265, 6370 2275, 6370 2285, 6370 2295, 6370 2305, 6370 2315, 6370 2325, 6370 2335, 6365 2340, 6360 2345, 6360 2355, 6360 2365, 6360 2375, 6360 2385, 6355 2390, 6350 2395, 6350 2405, 6350 2415, 6345 2420, 6340 2425, 6340 2435, 6335 2440, 6330 2445, 6330 2455, 6325 2460, 6320 2465, 6315 2470, 6310 2475, 6305 2480, 6300 2485, 6295 2490, 6290 2495, 6285 2500, 6280 2505, 6280 2515, 6275 2520, 6270 2525, 6270 2535, 6270 2545, 6275 2550, 6280 2555, 6285 2560, 6290 2565, 6290 2575, 6295 2580, 6300 2585, 6305 2590, 6310 2595, 6310 2605, 6315 2610, 6320 2615, 6320 2625, 6325 2630, 6330 2635, 6330 2645, 6330 2655, 6335 2660, 6340 2665, 6340 2675, 6340 2685, 6340 2695, 6340 2705, 6345 2710, 6350 2715, 6350 2725, 6350 2735, 6350 2745, 6350 2755, 6350 2765, 6350 2775, 6345 2780, 6340 2785, 6340 2795, 6340 2805, 6340 2815, 6340 2825, 6335 2830, 6330 2835, 6330 2845, 6330 2855, 6325 2860, 6320 2865, 6325 2870, 6330 2875, 6330 2885, 6330 2895, 6330 2905, 6330 2915, 6335 2920, 6340 2925, 6340 2935, 6340 2945, 6340 2955, 6335 2960, 6330 2965, 6330 2975, 6330 2985, 6330 2995, 6330 3005, 6325 3010, 6320 3015, 6320 3025, 6320 3035, 6315 3040, 6310 3045, 6310 3055, 6310 3065, 6315 3070, 6320 3075, 6325 3080, 6330 3085, 6335 3090, 6340 3095, 6345 3100, 6350 3105, 6355 3110, 6360 3115, 6365 3120, 6370 3125, 6375 3130, 6380 3135, 6385 3140, 6390 3145, 6395 3150, 6405 3150, 6415 3150, 6425 3150, 6435 3150, 6445 3150, 6450 3145, 6455 3140, 6465 3140, 6475 3140, 6485 3140, 6495 3140, 6505 3140, 6510 3145, 6515 3150, 6525 3150, 6535 3150, 6545 3150, 6555 3150, 6560 3155, 6565 3160, 6575 3160, 6585 3160, 6590 3165, 6595 3170, 6605 3170, 6615 3170, 6620 3165, 6625 3160, 6635 3160, 6640 3155, 6645 3150, 6655 3150, 6660 3145, 6665 3140, 6675 3140, 6685 3140, 6690 3135, 6695 3130, 6705 3130, 6715 3130, 6725 3130, 6735 3130, 6740 3125, 6745 3120, 6755 3120, 6765 3120, 6775 3120, 6780 3125, 6785 3130, 6795 3130, 6805 3130, 6815 3130, 6825 3130, 6835 3130, 6845 3130, 6850 3125, 6855 3120, 6865 3120, 6875 3120, 6880 3125, 6885 3130, 6895 3130, 6905 3130, 6915 3130, 6925 3130, 6930 3135, 6935 3140, 6945 3140, 6955 3140, 6960 3145, 6965 3150, 6975 3150, 6980 3155, 6985 3160, 6995 3160, 7000 3165, 7005 3170, 7010 3175, 7005 3180, 7000 3185, 7000 3195, 7000 3205, 7000 3215, 7000 3225, 7000 3235, 6995 3240, 6990 3245, 6990 3255, 6985 3260, 6980 3265, 6980 3275, 6980 3285, 6975 3290, 6970 3285, 6965 3280, 6960 3275, 6955 3270, 6945 3270, 6940 3265, 6935 3260, 6925 3260, 6920 3255, 6915 3250, 6905 3250, 6900 3245, 6895 3240, 6885 3240, 6875 3240, 6865 3240, 6855 3240, 6845 3240, 6835 3240, 6830 3245, 6825 3250, 6815 3250, 6805 3250, 6800 3245, 6795 3240, 6785 3240, 6775 3240, 6765 3240, 6755 3240, 6745 3240, 6735 3240, 6725 3240, 6720 3245, 6715 3250, 6705 3250, 6700 3255, 6695 3260, 6685 3260, 6680 3265, 6675 3270, 6670 3275, 6665 3280, 6655 3280, 6645 3280, 6635 3280, 6625 3280, 6615 3280, 6610 3285, 6605 3290, 6595 3290, 6585 3290, 6575 3290, 6570 3285, 6565 3280, 6555 3280, 6550 3275, 6545 3270, 6535 3270, 6530 3265, 6525 3260, 6515 3260, 6505 3260, 6495 3260, 6485 3260, 6475 3260, 6465 3260, 6455 3260, 6445 3260, 6435 3260, 6430 3265, 6425 3270, 6415 3270, 6410 3275, 6405 3280, 6395 3280, 6390 3285, 6385 3290, 6380 3295, 6375 3300, 6370 3305, 6365 3310, 6360 3315, 6355 3320, 6350 3325, 6345 3330))"
deep,4,,4,13750.0,1,7023.851515151515,2366.724242424242,"POLYGON ((7105 2440, 7095 2440, 7085 2440, 7075 2440, 7065 2440, 7060 2435, 7055 2430, 7050 2435, 7045 2440, 7035 2440, 7025 2440, 7015 2440, 7010 2435, 7010 2425, 7010 2415, 7005 2410, 7000 2405, 7000 2395, 6995 2390, 6990 2385, 6985 2380, 6980 2375, 6980 2365, 6975 2360, 6970 2355, 6965 2350, 6960 2345, 6955 2340, 6950 2335, 6945 2330, 6940 2325, 6935 2320, 6930 2315, 6935 2310, 6945 2310, 6950 2305, 6955 2300, 6965 2300, 6975 2300, 6980 2295, 6985 2290, 6995 2290, 7005 2290, 7015 2290, 7020 2295, 7025 2300, 7030 2305, 7035 2310, 7040 2315, 7045 2320, 7050 2325, 7050 2335, 7055 2340, 7060 2345, 7065 2350, 7070 2355, 7070 2365, 7075 2370, 7080 2375, 7080 2385, 7085 2390, 7090 2395, 7090 2405, 7095 2410, 7100 2415, 7105 2420, 7110 2425, 7110 2435, 7105 2440))"
deep,4,P2_3_T,4,70450.0,1,6921.884315117104,2669.1104802460377,"POLYGON ((7085 2920, 7075 2920, 7065 2920, 7055 2920, 7050 2915, 7045 2910, 7035 2910, 7025 2910, 7015 2910, 7005 2910, 7000 2905, 6995 2900, 6985 2900, 6975 2900, 6970 2895, 6965 2890, 6955 2890, 6950 2885, 6945 2880, 6935 2880, 6930 2875, 6925 2870, 6920 2865, 6915 2860, 6910 2855, 6905 2850, 6900 2845, 6895 2840, 6890 2835, 6885 2830, 6880 2825, 6875 2820, 6870 2815, 6865 2810, 6860 2805, 6855 2800, 6850 2795, 6850 2785, 6845 2780, 6840 2775, 6840 2765, 6835 2760, 6830 2755, 6830 2745, 6825 2740, 6820 2735, 6820 2725, 6820 2715, 6815 2710, 6810 2705, 6810 2695, 6810 2685, 6810 2675, 6810 2665, 6805 2660, 6800 2655, 6800 2645, 6800 2635, 6800 2625, 6800 2615, 6800 2605, 6800 2595, 6805 2590, 6810 2585, 6810 2575, 6810 2565, 6810 2555, 6810 2545, 6815 2540, 6820 2535, 6820 2525, 6820 2515, 6825 2510, 6830 2505, 6830 2495, 6835 2490, 6840 2485, 6840 2475, 6845 2470, 6850 2465, 6855 2460, 6860 2455, 6865 2450, 6870 2445, 6875 2440, 6880 2435, 6885 2430, 6890 2425, 6895 2420, 6900 2415, 6905 2410, 6910 2405, 6915 2400, 6920 2395, 6925 2390, 6935 2390, 6940 2385, 6945 2380, 6955 2380, 6960 2385, 6965 2390, 6970 2395, 6975 2400, 6980 2405, 6980 2415, 6985 2420, 6990 2425, 6990 2435, 6990 2445, 6995 2450, 7000 2455, 7005 2460, 7010 2465, 7010 2475, 7005 2480, 7000 2485, 6995 2490, 6985 2490, 6980 2495, 6975 2500, 6970 2505, 6965 2510, 6960 2515, 6955 2520, 6950 2525, 6945 2530, 6940 2535, 6940 2545, 6935 2550, 6930 2555, 6930 2565, 6925 2570, 6920 2575, 6920 2585, 6920 2595, 6920 2605, 6920 2615, 6920 2625, 6920 2635, 6920 2645, 6920 2655, 6920 2665, 6920 2675, 6925 2680, 6930 2685, 6930 2695, 6935 2700, 6940 2705, 6940 2715, 6945 2720, 6950 2725, 6950 2735, 6955 2740, 6960 2745, 6965 2750, 6970 2755, 6975 2760, 6980 2765, 6985 2770, 6990 2775, 6995 2780, 7005 2780, 7010 2785, 7015 2790, 7025 2790, 7030 2795, 7035 2800, 7045 2800, 7055 2800, 7065 2800, 7075 2800, 7080 2805, 7080 2815, 7080 2825, 7080 2835, 7080 2845, 7080 2855, 7085 2860, 7090 2865, 7090 2875, 7090 2885, 7090 2895, 7090 2905, 7090 2915, 7085 2920))"
deep,4,,4,13950.0,1,7154.605734767025,2892.9510155316607,"POLYGON ((7145 2980, 7135 2980, 7125 2980, 7115 2980, 7110 2975, 7110 2965, 7110 2955, 7110 2945, 7115 2940, 7120 2935, 7115 2930, 7110 2925, 7110 2915, 7110 2905, 7110 2895, 7115 2890, 7120 2885, 7115 2880, 7110 2875, 7110 2865, 7110 2855, 7105 2850, 7100 2845, 7100 2835, 7105 2830, 7115 2830, 7125 2830, 7130 2825, 7135 2820, 7145 2820, 7150 2815, 7155 2810, 7165 2810, 7170 2805, 7175 2800, 7180 2795, 7185 2790, 7190 2795, 7190 2805, 7190 2815, 7190 2825, 7190 2835, 7195 2840, 7200 2845, 7200 2855, 7200 2865, 7200 2875, 7200 2885, 7200 2895, 7200 2905, 7200 2915, 7200 2925, 7200 2935, 7200 2945, 7200 2955, 7195 2960, 7185 2960, 7180 2965, 7175 2970, 7165 2970, 7155 2970, 7150 2975, 7145 2980))"
deep,5,,5,15650.0,1,7068.966986155484,3237.2044728434503,"POLYGON ((7055 3370, 7050 3365, 7050 3355, 7050 3345, 7050 3335, 7045 3330, 7040 3325, 7040 3315, 7035 3310, 7030 3305, 7030 3295, 7025 3290, 7020 3285, 7015 3280, 7010 3275, 7010 3265, 7010 3255, 7015 3250, 7020 3245, 7025 3240, 7030 3235, 7025 3230, 7020 3225, 7025 3220, 7030 3215, 7030 3205, 7030 3195, 7035 3190, 7040 3185, 7040 3175, 7045 3170, 7050 3165, 7050 3155, 7050 3145, 7055 3140, 7060 3135, 7060 3125, 7065 3120, 7070 3125, 7075 3130, 7080 3135, 7085 3140, 7090 3145, 7095 3150, 7100 3155, 7105 3160, 7110 3165, 7115 3170, 7120 3175, 7125 3180, 7130 3185, 7130 3195, 7130 3205, 7125 3210, 7120 3215, 7120 3225, 7120 3235, 7115 3240, 7110 3245, 7110 3255, 7105 3260, 7100 3265, 7100 3275, 7100 3285, 7095 3290, 7090 3295, 7090 3305, 7090 3315, 7085 3320, 7080 3325, 7080 3335, 7075 3340, 7070 3345, 7070 3355, 7065 3360, 7060 3365, 7055 3370))"
deep,0,R1_3_L,6;8;12,277450.0,1,2012.464858533069,3581.0375743377185,"POLYGON ((1785 4060, 1775 4060, 1765 4060, 1755 4060, 1750 4055, 1745 4050, 1740 4045, 1735 4040, 1730 4035, 1725 4030, 1720 4025, 1715 4020, 1710 4015, 1705 4010, 1700 4005, 1695 4000, 1685 4000, 1680 3995, 1675 3990, 1665 3990, 1655 3990, 1650 3985, 1645 3980, 1635 3980, 1625 3980, 1615 3980, 1605 3980, 1595 3980, 1585 3980, 1580 3985, 1575 3990, 1565 3990, 1555 3990, 1545 3990, 1535 3990, 1525 3990, 1520 3995, 1515 4000, 1510 3995, 1505 3990, 1500 3985, 1495 3980, 1485 3980, 1475 3980, 1465 3980, 1455 3980, 1450 3975, 1445 3970, 1435 3970, 1430 3965, 1425 3960, 1420 3955, 1415 3950, 1410 3945, 1405 3940, 1400 3935, 1395 3930, 1390 3925, 1385 3920, 1380 3915, 1385 3910, 1390 3905, 1395 3900, 1405 3900, 1410 3895, 1415 3890, 1425 3890, 1430 3885, 1435 3880, 1445 3880, 1455 3880, 1460 3875, 1465 3870, 1475 3870, 1485 3870, 1490 3865, 1495 3860, 1505 3860, 1515 3860, 1525 3860, 1535 3860, 1545 3860, 1550 3855, 1555 3850, 1565 3850, 1575 3850, 1585 3850, 1595 3850, 1605 3850, 1615 3850, 1625 3850, 1635 3850, 1645 3850, 1655 3850, 1665 3850, 1675 3850, 1680 3855, 1685 3860, 1695 3860, 1705 3860, 1710 3865, 1715 3870, 1725 3870, 1735 3870, 1740 3875, 1745 3880, 1755 3880, 1760 3885, 1765 3890, 1770 3895, 1775 3900, 1785 3900, 1790 3905, 1795 3910, 1800 3915, 1805 3920, 1810 3925, 1815 3930, 1820 3935, 1825 3940, 1830 3945, 1835 3950, 1840 3955, 1845 3960, 1850 3965, 1850 3975, 1855 3980, 1860 3975, 1865 3970, 1875 3970, 1880 3965, 1885 3960, 1890 3955, 1895 3950, 1905 3950, 1910 3945, 1915 3940, 1920 3935, 1925 3930, 1930 3925, 1935 3920, 1940 3915, 1945 3910, 1950 3905, 1955 3900, 1960 3895, 1965 3890, 1975 3890, 1980 3885, 1985 3880, 1990 3875, 1985 3870, 1975 3870, 1965 3870, 1960 3865, 1955 3860, 1945 3860, 1940 3855, 1935 3850, 1930 3845, 1925 3840, 1915 3840, 1910 3835, 1905 3830, 1900 3825, 1895 3820, 1890 3815, 1885 3810, 1880 3805, 1875 3800, 1870 3795, 1865 3790, 1860 3785, 1855 3780, 1850 3775, 1845 3770, 1840 3765, 1835 3760, 1830 3755, 1830 3745, 1825 3740, 1820 3735, 1815 3730, 1810 3725, 1810 3715, 1805 3710, 1800 3705, 1800 3695, 1800 3685, 1795 3680, 1790 3675, 1790 3665, 1790 3655, 1785 3650, 1780 3645, 1780 3635, 1780 3625, 1775 3620, 1770 3615, 1770 3605, 1770 3595, 1765 3590, 1760 3585, 1760 3575, 1760 3565, 1760 3555, 1760 3545, 1760 3535, 1760 3525, 1760 3515, 1760 3505, 1760 3495, 1760 3485, 1765 3480, 1770 3475, 1770 3465, 1770 3455, 1775 3450, 1780 3445, 1780 3435, 1780 3425, 1785 3420, 1790 3415, 1790 3405, 1795 3400, 1800 3395, 1805 3390, 1810 3385, 1810 3375, 1815 3370, 1820 3365, 1825 3360, 1830 3355, 1835 3350, 1840 3345, 1845 3340, 1850 3335, 1855 3330, 1860 3325, 1865 3320, 1870 3315, 1875 3310, 1880 3305, 1885 3300, 1895 3300, 1900 3295, 1905 3290, 1910 3285, 1915 3280, 1925 3280, 1930 3275, 1935 3270, 1945 3270, 1955 3270, 1960 3265, 1965 3260, 1975 3260, 1985 3260, 1990 3255, 1995 3250, 2005 3250, 2015 3250, 2025 3250, 2035 3250, 2040 3245, 2045 3240, 2055 3240, 2065 3240, 2075 3240, 2085 3240, 2095 3240, 2105 3240, 2115 3240, 2125 3240, 2135 3240, 2145 3240, 2150 3245, 2155 3250, 2165 3250, 2175 3250, 2180 3255, 2185 3260, 2195 3260, 2205 3260, 2210 3265, 2215 3270, 2225 3270, 2235 3270, 2240 3265, 2245 3260, 2250 3255, 2255 3250, 2260 3245, 2265 3240, 2270 3235, 2275 3230, 2280 3225, 2285 3220, 2290 3215, 2295 3210, 2300 3205, 2305 3200, 2315 3200, 2320 3195, 2325 3190, 2330 3185, 2335 3180, 2345 3180, 2350 3175, 2355 3170, 2365 3170, 2375 3170, 2380 3165, 2385 3160, 2395 3160, 2405 3160, 2410 3155, 2415 3150, 2425 3150, 2435 3150, 2445 3150, 2455 3150, 2465 3150, 2475 3150, 2485 3150, 2495 3150, 2505 3150, 2515 3150, 2525 3150, 2535 3150, 2540 3155, 2545 3160, 2555 3160, 2565 3160, 2570 3165, 2575 3170, 2585 3170, 2595 3170, 2600 3175, 2605 3180, 2615 3180, 2620 3185, 2625 3190, 2630 3195, 2635 3200, 2645 3200, 2650 3205, 2655 3210, 2660 3215, 2665 3220, 2670 3225, 2675 3230, 2680 3235, 2675 3240, 2670 3245, 2670 3255, 2665 3260, 2660 3265, 2660 3275, 2660 3285, 2660 3295, 2660 3305, 2660 3315, 2660 3325, 2655 3330, 2650 3335, 2650 3345, 2650 3355, 2650 3365, 2650 3375, 2650 3385, 2645 3390, 2640 3385, 2635 3380, 2630 3375, 2625 3370, 2620 3365, 2615 3360, 2610 3355, 2605 3350, 2600 3345, 2595 3340, 2590 3335, 2585 3330, 2580 3325, 2575 3320, 2570 3315, 2565 3310, 2560 3305, 2555 3300, 2545 3300, 2540 3295, 2535 3290, 2525 3290, 2515 3290, 2510 3285, 2505 3280, 2495 3280, 2485 3280, 2475 3280, 2465 3280, 2455 3280, 2445 3280, 2440 3285, 2435 3290, 2425 3290, 2415 3290, 2410 3295, 2405 3300, 2395 3300, 2390 3305, 2385 3310, 2380 3315, 2375 3320, 2370 3325, 2365 3330, 2360 3335, 2355 3340, 2350 3345, 2345 3350, 2340 3355, 2335 3360, 2330 3365, 2325 3370, 2320 3375, 2320 3385, 2315 3390, 2310 3395, 2310 3405, 2310 3415, 2305 3420, 2300 3425, 2295 3430, 2290 3425, 2285 3420, 2275 3420, 2270 3415, 2265 3410, 2255 3410, 2245 3410, 2240 3405, 2235 3400, 2225 3400, 2215 3400, 2205 3400, 2195 3400, 2185 3400, 2175 3400, 2170 3395, 2165 3390, 2155 3390, 2150 3385, 2145 3380, 2135 3380, 2125 3380, 2120 3375, 2115 3370, 2105 3370, 2095 3370, 2085 3370, 2075 3370, 2070 3375, 2065 3380, 2055 3380, 2045 3380, 2035 3380, 2025 3380, 2020 3385, 2015 3390, 2005 3390, 1995 3390, 1990 3395, 1985 3400, 1975 3400, 1970 3405, 1965 3410, 1960 3415, 1955 3420, 1950 3425, 1945 3430, 1940 3435, 1935 3440, 1930 3445, 1925 3450, 1920 3455, 1915 3460, 1910 3465, 1910 3475, 1905 3480, 1900 3485, 1900 3495, 1900 3505, 1895 3510, 1890 3515, 1890 3525, 1890 3535, 1890 3545, 1890 3555, 1895 3560, 1900 3565, 1900 3575, 1900 3585, 1905 3590, 1910 3595, 1910 3605, 1910 3615, 1915 3620, 1920 3625, 1920 3635, 1920 3645, 1925 3650, 1930 3655, 1930 3665, 1935 3670, 1940 3675, 1945 3680, 1950 3685, 1955 3690, 1960 3695, 1965 3700, 1970 3705, 1975 3710, 1980 3715, 1985 3720, 1990 3725, 1995 3730, 2000 3735, 2005 3740, 2015 3740, 2020 3745, 2025 3750, 2035 3750, 2045 3750, 2050 3755, 2055 3760, 2065 3760, 2070 3765, 2075 3770, 2080 3775, 2085 3780, 2090 3785, 2095 3790, 2100 3795, 2105 3800, 2115 3800, 2120 3805, 2125 3810, 2135 3810, 2145 3810, 2150 3815, 2155 3820, 2165 3820, 2170 3825, 2165 3830, 2155 3830, 2150 3835, 2145 3840, 2140 3845, 2135 3850, 2130 3855, 2130 3865, 2125 3870, 2120 3875, 2120 3885, 2115 3890, 2110 3895, 2105 3900, 2100 3905, 2095 3910, 2085 3910, 2080 3915, 2075 3920, 2070 3925, 2070 3935, 2070 3945, 2065 3950, 2060 3955, 2060 3965, 2055 3970, 2045 3970, 2040 3975, 2035 3980, 2025 3980, 2015 3980, 2010 3985, 2005 3990, 1995 3990, 1985 3990, 1980 3995, 1975 4000, 1965 4000, 1955 4000, 1945 4000, 1940 4005, 1935 4010, 1925 4010, 1915 4010, 1905 4010, 1900 4015, 1895 4020, 1885 4020, 1880 4025, 1875 4030, 1870 4035, 1865 4040, 1855 4040, 1845 4040, 1835 4040, 1830 4045, 1825 4050, 1815 4050, 1805 4050, 1795 4050, 1790 4055, 1785 4060))"
deep,6,R1_3_L,6,56250.0,1,2716.7392592592596,3497.0666666666666,"POLYGON ((2555 3780, 2545 3780, 2540 3775, 2545 3770, 2550 3765, 2555 3760, 2560 3755, 2560 3745, 2565 3740, 2570 3735, 2575 3730, 2580 3725, 2585 3720, 2595 3720, 2600 3715, 2600 3705, 2605 3700, 2610 3695, 2615 3690, 2620 3685, 2625 3680, 2630 3675, 2635 3670, 2645 3670, 2650 3665, 2650 3655, 2650 3645, 2655 3640, 2660 3635, 2665 3630, 2670 3625, 2670 3615, 2675 3610, 2680 3605, 2675 3600, 2670 3595, 2670 3585, 2665 3580, 2660 3575, 2655 3570, 2650 3565, 2650 3555, 2650 3545, 2650 3535, 2655 3530, 2660 3525, 2660 3515, 2665 3510, 2670 3505, 2670 3495, 2670 3485, 2670 3475, 2670 3465, 2675 3460, 2680 3455, 2675 3450, 2670 3445, 2670 3435, 2670 3425, 2665 3420, 2660 3415, 2665 3410, 2670 3405, 2670 3395, 2675 3390, 2680 3385, 2680 3375, 2675 3370, 2670 3365, 2670 3355, 2675 3350, 2680 3345, 2685 3340, 2690 3335, 2690 3325, 2690 3315, 2690 3305, 2690 3295, 2685 3290, 2680 3285, 2685 3280, 2690 3275, 2690 3265, 2695 3260, 2700 3255, 2700 3245, 2705 3240, 2710 3235, 2715 3230, 2725 3230, 2730 3235, 2735 3240, 2740 3245, 2745 3250, 2750 3255, 2755 3260, 2760 3265, 2765 3270, 2770 3275, 2770 3285, 2775 3290, 2780 3295, 2780 3305, 2785 3310, 2790 3315, 2790 3325, 2785 3330, 2775 3330, 2765 3330, 2760 3335, 2765 3340, 2775 3340, 2780 3345, 2785 3350, 2790 3355, 2795 3360, 2800 3365, 2800 3375, 2800 3385, 2805 3390, 2810 3395, 2810 3405, 2810 3415, 2810 3425, 2815 3430, 2820 3435, 2820 3445, 2820 3455, 2820 3465, 2815 3470, 2810 3475, 2815 3480, 2820 3485, 2820 3495, 2820 3505, 2820 3515, 2820 3525, 2815 3530, 2810 3535, 2810 3545, 2810 3555, 2805 3560, 2800 3565, 2800 3575, 2795 3580, 2790 3575, 2785 3570, 2780 3565, 2775 3560, 2770 3555, 2765 3550, 2760 3545, 2755 3540, 2750 3535, 2745 3530, 2740 3525, 2740 3515, 2740 3505, 2735 3500, 2730 3505, 2730 3515, 2730 3525, 2730 3535, 2730 3545, 2735 3550, 2740 3555, 2740 3565, 2745 3570, 2750 3575, 2750 3585, 2750 3595, 2750 3605, 2750 3615, 2750 3625, 2750 3635, 2745 3640, 2740 3645, 2740 3655, 2735 3660, 2730 3665, 2730 3675, 2725 3680, 2720 3685, 2715 3690, 2710 3695, 2705 3700, 2700 3705, 2695 3710, 2690 3715, 2685 3720, 2675 3720, 2670 3725, 2665 3730, 2655 3730, 2650 3735, 2645 3740, 2640 3745, 2635 3750, 2625 3750, 2615 3750, 2610 3755, 2605 3760, 2595 3760, 2590 3765, 2585 3770, 2575 3770, 2565 3770, 2560 3775, 2555 3780))"
deep,0,R1_3_L,6;8,53150.0,1,2440.6498902477265,3724.4959234869866,"POLYGON ((2375 3860, 2365 3860, 2355 3860, 2345 3860, 2335 3860, 2325 3860, 2315 3860, 2305 3860, 2295 3860, 2285 3860, 2275 3860, 2265 3860, 2255 3860, 2250 3855, 2245 3850, 2240 3845, 2235 3840, 2230 3835, 2225 3830, 2220 3825, 2215 3820, 2210 3815, 2215 3810, 2225 3810, 2235 3810, 2240 3805, 2245 3800, 2255 3800, 2260 3795, 2265 3790, 2270 3785, 2275 3780, 2280 3775, 2285 3770, 2295 3770, 2300 3765, 2305 3760, 2310 3755, 2315 3750, 2320 3745, 2325 3740, 2330 3735, 2335 3730, 2340 3725, 2345 3720, 2350 3715, 2355 3710, 2360 3705, 2365 3700, 2370 3695, 2375 3690, 2380 3685, 2385 3680, 2390 3675, 2395 3670, 2400 3665, 2400 3655, 2405 3650, 2410 3645, 2410 3635, 2410 3625, 2415 3620, 2425 3620, 2430 3625, 2435 3630, 2445 3630, 2455 3630, 2465 3630, 2475 3630, 2480 3625, 2485 3620, 2495 3620, 2505 3620, 2510 3615, 2515 3610, 2525 3610, 2530 3605, 2535 3600, 2545 3600, 2555 3600, 2560 3595, 2565 3590, 2575 3590, 2580 3585, 2585 3580, 2590 3575, 2595 3570, 2600 3565, 2605 3560, 2610 3555, 2615 3550, 2625 3550, 2630 3555, 2630 3565, 2630 3575, 2635 3580, 2640 3585, 2640 3595, 2640 3605, 2640 3615, 2635 3620, 2630 3625, 2630 3635, 2630 3645, 2625 3650, 2620 3655, 2615 3660, 2610 3665, 2605 3670, 2600 3675, 2595 3680, 2590 3685, 2585 3690, 2580 3695, 2575 3700, 2570 3705, 2565 3710, 2560 3715, 2555 3720, 2550 3725, 2545 3730, 2540 3735, 2540 3745, 2535 3750, 2525 3750, 2515 3750, 2510 3755, 2505 3760, 2495 3760, 2490 3765, 2485 3770, 2480 3775, 2475 3780, 2470 3785, 2465 3790, 2460 3795, 2455 3800, 2450 3805, 2445 3810, 2440 3815, 2435 3820, 2430 3825, 2425 3830, 2420 3835, 2415 3840, 2405 3840, 2400 3845, 2395 3850, 2385 3850, 2380 3855, 2375 3860))"
deep,0,R1_3_L,8;11,25850.0,1,2265.0419084461637,3919.6937459703413,"POLYGON ((2355 3970, 2345 3970, 2335 3970, 2325 3970, 2315 3970, 2305 3970, 2295 3970, 2285 3970, 2275 3970, 2265 3970, 2260 3965, 2255 3960, 2245 3960, 2235 3960, 2225 3960, 2220 3955, 2215 3950, 2205 3950, 2195 3950, 2190 3955, 2185 3960, 2175 3960, 2165 3960, 2155 3960, 2145 3960, 2140 3955, 2135 3950, 2125 3950, 2120 3955, 2120 3965, 2115 3970, 2110 3965, 2105 3960, 2100 3955, 2095 3950, 2090 3945, 2095 3940, 2100 3935, 2105 3930, 2115 3930, 2120 3925, 2120 3915, 2125 3910, 2130 3905, 2135 3900, 2140 3895, 2145 3890, 2150 3885, 2150 3875, 2150 3865, 2155 3860, 2165 3860, 2175 3860, 2180 3855, 2185 3850, 2195 3850, 2205 3850, 2210 3855, 2215 3860, 2220 3865, 2225 3870, 2230 3875, 2235 3880, 2240 3885, 2245 3890, 2250 3885, 2255 3880, 2265 3880, 2275 3880, 2280 3885, 2285 3890, 2295 3890, 2300 3885, 2305 3880, 2310 3885, 2315 3890, 2320 3885, 2325 3880, 2335 3880, 2345 3880, 2355 3880, 2365 3880, 2370 3885, 2375 3890, 2380 3885, 2385 3880, 2395 3880, 2405 3880, 2410 3875, 2415 3870, 2425 3870, 2430 3875, 2425 3880, 2420 3885, 2415 3890, 2410 3895, 2405 3900, 2395 3900, 2390 3905, 2395 3910, 2405 3910, 2410 3915, 2415 3920, 2420 3925, 2425 3930, 2430 3935, 2435 3940, 2440 3945, 2435 3950, 2425 3950, 2415 3950, 2410 3955, 2405 3960, 2395 3960, 2385 3960, 2375 3960, 2365 3960, 2360 3965, 2355 3970))"
deep,5,,5,49950.0,1,6145.455455455455,3944.766433099767,"POLYGON ((6415 4030, 6405 4030, 6395 4030, 6385 4030, 6375 4030, 6365 4030, 6355 4030, 6345 4030, 6335 4030, 6325 4030, 6315 4030, 6305 4030, 6295 4030, 6285 4030, 6280 4025, 6275 4020, 6270 4015, 6265 4010, 6255 4010, 6245 4010, 6235 4010, 6230 4005, 6225 4000, 6215 4000, 6205 4000, 6200 3995, 6195 3990, 6185 3990, 6175 3990, 6165 3990, 6160 3985, 6155 3980, 6145 3980, 6135 3980, 6130 3975, 6125 3970, 6115 3970, 6105 3970, 6095 3970, 6085 3970, 6075 3970, 6070 3975, 6065 3980, 6060 3975, 6055 3970, 6050 3975, 6045 3980, 6040 3975, 6035 3970, 6025 3970, 6015 3970, 6005 3970, 6000 3965, 5995 3960, 5985 3960, 5980 3965, 5975 3970, 5965 3970, 5955 3970, 5945 3970, 5940 3965, 5935 3960, 5925 3960, 5920 3955, 5915 3950, 5905 3950, 5900 3945, 5895 3940, 5890 3935, 5885 3930, 5880 3925, 5875 3920, 5870 3915, 5865 3910, 5860 3905, 5855 3900, 5850 3895, 5845 3890, 5840 3885, 5845 3880, 5855 3880, 5865 3880, 5875 3880, 5885 3880, 5895 3880, 5905 3880, 5915 3880, 5925 3880, 5935 3880, 5940 3875, 5945 3870, 5955 3870, 5965 3870, 5975 3870, 5985 3870, 5995 3870, 6005 3870, 6015 3870, 6025 3870, 6035 3870, 6045 3870, 6055 3870, 6065 3870, 6075 3870, 6085 3870, 6090 3875, 6095 3880, 6105 3880, 6115 3880, 6125 3880, 6135 3880, 6145 3880, 6155 3880, 6160 3885, 6165 3890, 6175 3890, 6185 3890, 6190 3895, 6195 3900, 6205 3900, 6215 3900, 6225 3900, 6230 3905, 6235 3910, 6245 3910, 6255 3910, 6265 3910, 6270 3915, 6275 3920, 6285 3920, 6290 3925, 6295 3930, 6305 3930, 6310 3935, 6315 3940, 6320 3945, 6325 3950, 6330 3955, 6335 3960, 6340 3965, 6345 3970, 6355 3970, 6360 3975, 6365 3980, 6375 3980, 6380 3985, 6385 3990, 6395 3990, 6405 3990, 6415 3990, 6425 3990, 6435 3990, 6445 3990, 6455 3990, 6465 3990, 6475 3990, 6480 3995, 6485 4000, 6495 4000, 6500 4005, 6495 4010, 6490 4015, 6485 4020, 6475 4020, 6465 4020, 6455 4020, 6445 4020, 6435 4020, 6425 4020, 6420 4025, 6415 4030))"
deep,0,,,11850.0,1,1354.6378340365682,3983.9205344585093,"POLYGON ((1395 4050, 1385 4050, 1380 4045, 1375 4040, 1365 4040, 1360 4035, 1355 4030, 1350 4025, 1345 4020, 1335 4020, 1330 4015, 1325 4010, 1315 4010, 1310 4005, 1305 4000, 1300 3995, 1295 3990, 1285 3990, 1280 3985, 1275 3980, 1270 3975, 1270 3965, 1275 3960, 1280 3955, 1285 3950, 1290 3945, 1295 3940, 1300 3935, 1305 3930, 1310 3925, 1315 3920, 1320 3915, 1325 3910, 1330 3915, 1335 3920, 1340 3925, 1340 3935, 1345 3940, 1355 3940, 1365 3940, 1370 3945, 1375 3950, 1385 3950, 1390 3955, 1395 3960, 1400 3965, 1405 3970, 1410 3975, 1410 3985, 1415 3990, 1425 3990, 1435 3990, 1440 3995, 1445 4000, 1450 4005, 1445 4010, 1435 4010, 1430 4015, 1425 4020, 1420 4025, 1415 4030, 1410 4035, 1405 4040, 1400 4045, 1395 4050))"
deep,0,R1_3_L,11;12,4650.0,1,1903.9874551971325,4055.564516129032,"POLYGON ((1785 4100, 1780 4095, 1780 4085, 1785 4080, 1795 4080, 1800 4075, 1805 4070, 1815 4070, 1825 4070, 1835 4070, 1840 4065, 1845 4060, 1855 4060, 1865 4060, 1875 4060, 1885 4060, 1890 4055, 1895 4050, 1905 4050, 1910 4045, 1915 4040, 1920 4035, 1925 4030, 1935 4030, 1945 4030, 1955 4030, 1960 4025, 1965 4020, 1975 4020, 1985 4020, 1995 4020, 2005 4020, 2015 4020, 2020 4025, 2015 4030, 2005 4030, 1995 4030, 1990 4035, 1985 4040, 1975 4040, 1970 4045, 1965 4050, 1955 4050, 1950 4055, 1945 4060, 1935 4060, 1930 4065, 1925 4070, 1915 4070, 1910 4075, 1905 4080, 1900 4075, 1895 4070, 1885 4070, 1875 4070, 1870 4075, 1865 4080, 1855 4080, 1845 4080, 1835 4080, 1825 4080, 1820 4085, 1815 4090, 1805 4090, 1795 4090, 1790 4095, 1785 4100))"
deep,0,P2_3_C,11;12,372150.0,1,2002.9607237225134,4827.834430561154,"POLYGON ((2735 5470, 2725 5470, 2715 5470, 2705 5470, 2695 5470, 2685 5470, 2675 5470, 2665 5470, 2660 5465, 2655 5460, 2645 5460, 2635 5460, 2625 5460, 2620 5455, 2615 5450, 2605 5450, 2595 5450, 2590 5445, 2585 5440, 2575 5440, 2565 5440, 2560 5435, 2555 5430, 2545 5430, 2540 5425, 2535 5420, 2530 5415, 2525 5410, 2515 5410, 2510 5405, 2505 5400, 2500 5395, 2495 5390, 2485 5390, 2475 5390, 2470 5385, 2465 5380, 2455 5380, 2445 5380, 2440 5375, 2435 5370, 2425 5370, 2415 5370, 2410 5365, 2405 5360, 2395 5360, 2390 5355, 2385 5350, 2375 5350, 2370 5345, 2365 5340, 2355 5340, 2350 5335, 2345 5330, 2340 5325, 2335 5320, 2325 5320, 2320 5315, 2315 5310, 2310 5305, 2305 5300, 2300 5295, 2295 5290, 2285 5290, 2280 5285, 2275 5280, 2270 5275, 2265 5270, 2255 5270, 2245 5270, 2235 5270, 2225 5270, 2215 5270, 2205 5270, 2195 5270, 2185 5270, 2180 5265, 2175 5260, 2165 5260, 2155 5260, 2150 5255, 2145 5250, 2135 5250, 2125 5250, 2120 5245, 2115 5240, 2105 5240, 2100 5235, 2095 5230, 2090 5225, 2085 5220, 2075 5220, 2070 5215, 2065 5210, 2060 5205, 2055 5200, 2050 5195, 2045 5190, 2035 5190, 2030 5185, 2025 5180, 2020 5175, 2015 5170, 2010 5165, 2005 5160, 2000 5155, 2000 5145, 1995 5140, 1990 5135, 1985 5130, 1980 5125, 1975 5120, 1970 5115, 1970 5105, 1965 5100, 1960 5095, 1955 5090, 1950 5085, 1950 5075, 1945 5070, 1940 5065, 1940 5055, 1940 5045, 1935 5040, 1930 5035, 1930 5025, 1930 5015, 1925 5010, 1920 5005, 1920 4995, 1920 4985, 1920 4975, 1920 4965, 1920 4955, 1920 4945, 1920 4935, 1920 4925, 1920 4915, 1920 4905, 1920 4895, 1915 4890, 1910 4885, 1905 4880, 1900 4875, 1895 4870, 1890 4865, 1890 4855, 1885 4850, 1880 4845, 1875 4840, 1870 4835, 1865 4830, 1860 4825, 1860 4815, 1855 4810, 1850 4805, 1845 4800, 1840 4795, 1840 4785, 1835 4780, 1830 4775, 1830 4765, 1830 4755, 1825 4750, 1820 4745, 1820 4735, 1820 4725, 1815 4720, 1810 4715, 1810 4705, 1810 4695, 1810 4685, 1810 4675, 1810 4665, 1810 4655, 1810 4645, 1810 4635, 1810 4625, 1810 4615, 1810 4605, 1810 4595, 1810 4585, 1810 4575, 1810 4565, 1810 4555, 1805 4550, 1800 4545, 1800 4535, 1795 4530, 1790 4525, 1790 4515, 1785 4510, 1775 4510, 1770 4515, 1765 4520, 1755 4520, 1750 4525, 1745 4530, 1740 4535, 1735 4540, 1725 4540, 1720 4545, 1715 4550, 1705 4550, 1695 4550, 1690 4555, 1685 4560, 1675 4560, 1665 4560, 1660 4565, 1655 4570, 1645 4570, 1635 4570, 1625 4570, 1615 4570, 1605 4570, 1595 4570, 1585 4570, 1575 4570, 1565 4570, 1555 4570, 1545 4570, 1535 4570, 1525 4570, 1515 4570, 1510 4565, 1505 4560, 1495 4560, 1485 4560, 1480 4555, 1475 4550, 1465 4550, 1455 4550, 1450 4545, 1445 4540, 1435 4540, 1430 4535, 1425 4530, 1420 4525, 1415 4520, 1405 4520, 1400 4515, 1395 4510, 1390 4505, 1385 4500, 1380 4495, 1375 4490, 1365 4490, 1360 4485, 1355 4480, 1350 4475, 1345 4470, 1340 4465, 1335 4460, 1330 4455, 1330 4445, 1325 4440, 1320 4435, 1315 4430, 1310 4425, 1305 4420, 1300 4415, 1300 4405, 1295 4400, 1290 4395, 1285 4390, 1280 4385, 1275 4380, 1270 4375, 1270 4365, 1265 4360, 1260 4355, 1255 4350, 1250 4345, 1245 4340, 1240 4335, 1240 4325, 1245 4320, 1255 4320, 1265 4320, 1275 4320, 1285 4320, 1295 4320, 1300 4315, 1305 4310, 1315 4310, 1320 4305, 1325 4300, 1330 4295, 1335 4290, 1340 4285, 1345 4280, 1355 4280, 1360 4275, 1365 4270, 1370 4265, 1375 4260, 1380 4265, 1385 4270, 1395 4270, 1400 4275, 1405 4280, 1410 4285, 1415 4290, 1420 4295, 1420 4305, 1425 4310, 1430 4315, 1430 4325, 1435 4330, 1440 4335, 1445 4340, 1450 4345, 1455 4350, 1460 4355, 1465 4360, 1470 4365, 1475 4370, 1480 4375, 1485 4380, 1490 4385, 1495 4390, 1505 4390, 1510 4395, 1515 4400, 1525 4400, 1530 4405, 1535 4410, 1545 4410, 1555 4410, 1565 4410, 1575 4410, 1585 4410, 1595 4410, 1605 4410, 1615 4410, 1625 4410, 1635 4410, 1640 4405, 1645 4400, 1655 4400, 1660 4395, 1665 4390, 1675 4390, 1680 4385, 1685 4380, 1690 4375, 1695 4370, 1700 4365, 1705 4360, 1710 4355, 1715 4350, 1720 4345, 1725 4340, 1730 4335, 1735 4330, 1740 4325, 1740 4315, 1745 4310, 1750 4305, 1750 4295, 1755 4290, 1760 4285, 1760 4275, 1760 4265, 1760 4255, 1765 4250, 1770 4245, 1770 4235, 1775 4230, 1780 4225, 1780 4215, 1785 4210, 1790 4205, 1790 4195, 1790 4185, 1790 4175, 1790 4165, 1790 4155, 1790 4145, 1790 4135, 1790 4125, 1795 4120, 1800 4115, 1805 4110, 1815 4110, 1825 4110, 1830 4105, 1835 4100, 1845 4100, 1855 4100, 1865 4100, 1875 4100, 1880 4105, 1875 4110, 1870 4115, 1870 4125, 1865 4130, 1860 4135, 1860 4145, 1855 4150, 1850 4155, 1850 4165, 1850 4175, 1850 4185, 1850 4195, 1850 4205, 1850 4215, 1850 4225, 1850 4235, 1850 4245, 1850 4255, 1850 4265, 1855 4270, 1860 4275, 1860 4285, 1865 4290, 1870 4295, 1870 4305, 1875 4310, 1880 4315, 1885 4320, 1890 4325, 1895 4330, 1900 4335, 1900 4345, 1900 4355, 1900 4365, 1905 4370, 1910 4375, 1910 4385, 1910 4395, 1910 4405, 1915 4410, 1920 4415, 1920 4425, 1925 4430, 1930 4435, 1930 4445, 1935 4450, 1940 4455, 1940 4465, 1945 4470, 1950 4475, 1950 4485, 1955 4490, 1960 4495, 1960 4505, 1960 4515, 1960 4525, 1965 4530, 1970 4535, 1970 4545, 1970 4555, 1970 4565, 1970 4575, 1970 4585, 1970 4595, 1970 4605, 1970 4615, 1970 4625, 1970 4635, 1970 4645, 1970 4655, 1970 4665, 1970 4675, 1970 4685, 1970 4695, 1975 4700, 1980 4705, 1980 4715, 1985 4720, 1990 4725, 1990 4735, 1995 4740, 2000 4745, 2005 4750, 2010 4755, 2015 4760, 2020 4765, 2025 4770, 2030 4775, 2035 4780, 2040 4785, 2045 4790, 2050 4795, 2055 4800, 2065 4800, 2070 4805, 2075 4810, 2085 4810, 2090 4815, 2095 4820, 2105 4820, 2110 4825, 2105 4830, 2100 4835, 2100 4845, 2095 4850, 2090 4855, 2090 4865, 2085 4870, 2080 4875, 2080 4885, 2080 4895, 2080 4905, 2080 4915, 2080 4925, 2080 4935, 2080 4945, 2080 4955, 2080 4965, 2080 4975, 2080 4985, 2085 4990, 2090 4995, 2090 5005, 2095 5010, 2100 5015, 2100 5025, 2105 5030, 2110 5035, 2115 5040, 2120 5045, 2125 5050, 2130 5055, 2135 5060, 2140 5065, 2145 5070, 2150 5075, 2155 5080, 2160 5085, 2165 5090, 2175 5090, 2180 5095, 2185 5100, 2195 5100, 2200 5105, 2205 5110, 2215 5110, 2225 5110, 2235 5110, 2245 5110, 2255 5110, 2265 5110, 2275 5110, 2285 5110, 2295 5110, 2305 5110, 2315 5110, 2320 5105, 2325 5100, 2335 5100, 2340 5105, 2340 5115, 2345 5120, 2350 5125, 2355 5130, 2360 5135, 2365 5140, 2370 5145, 2375 5150, 2380 5155, 2385 5160, 2390 5165, 2395 5170, 2400 5175, 2405 5180, 2410 5185, 2415 5190, 2425 5190, 2430 5195, 2435 5200, 2445 5200, 2450 5205, 2455 5210, 2465 5210, 2470 5215, 2475 5220, 2485 5220, 2490 5225, 2495 5230, 2505 5230, 2515 5230, 2520 5235, 2525 5240, 2535 5240, 2545 5240, 2555 5240, 2565 5240, 2570 5245, 2575 5250, 2580 5255, 2585 5260, 2590 5265, 2595 5270, 2600 5275, 2605 5280, 2615 5280, 2620 5285, 2625 5290, 2635 5290, 2640 5295, 2645 5300, 2655 5300, 2665 5300, 2675 5300, 2680 5305, 2685 5310, 2695 5310, 2705 5310, 2715 5310, 2725 5310, 2735 5310, 2745 5310, 2755 5310, 2765 5310, 2775 5310, 2785 5310, 2795 5310, 2800 5305, 2805 5300, 2815 5300, 2825 5300, 2835 5300, 2845 5300, 2850 5305, 2850 5315, 2850 5325, 2850 5335, 2845 5340, 2840 5345, 2840 5355, 2835 5360, 2830 5365, 2825 5370, 2815 5370, 2810 5375, 2805 5380, 2800 5385, 2795 5390, 2790 5395, 2790 5405, 2790 5415, 2790 5425, 2785 5430, 2775 5430, 2765 5430, 2760 5435, 2755 5440, 2750 5445, 2750 5455, 2745 5460, 2740 5465, 2735 5470))"
deep,12,P2_3_C,12,13450.0,1,1295.7558859975218,4233.624535315985,"POLYGON ((1285 4300, 1275 4300, 1265 4300, 1255 4300, 1250 4295, 1245 4290, 1235 4290, 1230 4285, 1230 4275, 1230 4265, 1225 4260, 1220 4255, 1220 4245, 1220 4235, 1215 4230, 1210 4225, 1215 4220, 1225 4220, 1230 4215, 1235 4210, 1245 4210, 1255 4210, 1260 4205, 1265 4200, 1275 4200, 1280 4195, 1285 4190, 1295 4190, 1300 4185, 1305 4180, 1315 4180, 1320 4175, 1325 4170, 1330 4165, 1335 4160, 1340 4155, 1345 4150, 1350 4155, 1355 4160, 1360 4165, 1360 4175, 1360 4185, 1360 4195, 1360 4205, 1365 4210, 1370 4215, 1370 4225, 1370 4235, 1365 4240, 1360 4245, 1355 4250, 1350 4255, 1345 4260, 1335 4260, 1330 4265, 1325 4270, 1320 4275, 1315 4280, 1310 4285, 1305 4290, 1295 4290, 1290 4295, 1285 4300))"
deep,0,P2_3_C,14;15;16;17;19;21,431950.0,1,1343.207161322684,5378.7172512250645,"POLYGON ((1395 6220, 1385 6220, 1375 6220, 1370 6215, 1370 6205, 1370 6195, 1370 6185, 1370 6175, 1370 6165, 1370 6155, 1370 6145, 1370 6135, 1370 6125, 1365 6120, 1360 6115, 1360 6105, 1355 6100, 1350 6095, 1350 6085, 1345 6080, 1340 6075, 1335 6070, 1330 6065, 1325 6060, 1320 6055, 1315 6050, 1310 6045, 1305 6040, 1300 6035, 1295 6030, 1290 6025, 1285 6020, 1280 6015, 1275 6010, 1270 6005, 1265 6000, 1255 6000, 1250 5995, 1250 5985, 1245 5980, 1240 5975, 1235 5970, 1230 5965, 1225 5960, 1220 5955, 1215 5950, 1210 5945, 1205 5940, 1200 5935, 1195 5930, 1190 5925, 1185 5920, 1180 5915, 1175 5910, 1165 5910, 1160 5905, 1155 5900, 1145 5900, 1140 5895, 1135 5890, 1125 5890, 1120 5885, 1115 5880, 1105 5880, 1095 5880, 1085 5880, 1075 5880, 1070 5875, 1075 5870, 1080 5865, 1085 5860, 1090 5855, 1095 5850, 1100 5845, 1100 5835, 1105 5830, 1110 5825, 1110 5815, 1115 5810, 1120 5805, 1120 5795, 1120 5785, 1120 5775, 1120 5765, 1125 5760, 1135 5760, 1145 5760, 1155 5760, 1165 5760, 1170 5755, 1175 5750, 1185 5750, 1190 5745, 1195 5740, 1205 5740, 1210 5735, 1215 5730, 1220 5725, 1225 5720, 1230 5715, 1235 5710, 1240 5705, 1245 5700, 1250 5695, 1255 5690, 1260 5685, 1265 5680, 1270 5675, 1270 5665, 1275 5660, 1280 5655, 1280 5645, 1285 5640, 1290 5635, 1290 5625, 1290 5615, 1290 5605, 1290 5595, 1290 5585, 1290 5575, 1290 5565, 1290 5555, 1290 5545, 1290 5535, 1290 5525, 1295 5520, 1300 5525, 1305 5530, 1315 5530, 1320 5535, 1325 5540, 1335 5540, 1340 5545, 1345 5550, 1355 5550, 1365 5550, 1375 5550, 1385 5550, 1395 5550, 1405 5550, 1415 5550, 1425 5550, 1435 5550, 1445 5550, 1455 5550, 1460 5545, 1465 5540, 1475 5540, 1485 5540, 1495 5540, 1505 5540, 1515 5540, 1520 5535, 1525 5530, 1535 5530, 1540 5525, 1545 5520, 1555 5520, 1560 5515, 1565 5510, 1570 5505, 1575 5500, 1580 5495, 1585 5490, 1590 5485, 1595 5480, 1600 5475, 1605 5470, 1610 5465, 1615 5460, 1620 5455, 1625 5450, 1630 5445, 1630 5435, 1635 5430, 1640 5425, 1640 5415, 1645 5410, 1650 5405, 1650 5395, 1650 5385, 1650 5375, 1650 5365, 1650 5355, 1650 5345, 1650 5335, 1650 5325, 1650 5315, 1650 5305, 1650 5295, 1650 5285, 1650 5275, 1645 5270, 1640 5265, 1640 5255, 1635 5250, 1630 5245, 1630 5235, 1625 5230, 1620 5225, 1615 5220, 1610 5215, 1605 5210, 1600 5205, 1595 5200, 1590 5195, 1585 5190, 1580 5185, 1575 5180, 1570 5175, 1565 5170, 1560 5165, 1555 5160, 1550 5155, 1545 5150, 1535 5150, 1530 5145, 1525 5140, 1515 5140, 1510 5135, 1505 5130, 1500 5125, 1495 5120, 1490 5115, 1485 5110, 1475 5110, 1470 5105, 1465 5100, 1455 5100, 1450 5095, 1445 5090, 1435 5090, 1425 5090, 1415 5090, 1405 5090, 1395 5090, 1385 5090, 1375 5090, 1365 5090, 1355 5090, 1345 5090, 1335 5090, 1325 5090, 1320 5095, 1315 5100, 1305 5100, 1300 5105, 1295 5110, 1285 5110, 1280 5115, 1275 5120, 1270 5125, 1265 5130, 1260 5135, 1255 5140, 1250 5145, 1245 5150, 1240 5155, 1235 5160, 1230 5165, 1225 5170, 1220 5175, 1220 5185, 1215 5190, 1210 5195, 1210 5205, 1205 5210, 1200 5215, 1200 5225, 1200 5235, 1200 5245, 1200 5255, 1200 5265, 1200 5275, 1200 5285, 1200 5295, 1200 5305, 1200 5315, 1200 5325, 1200 5335, 1195 5340, 1190 5335, 1190 5325, 1185 5320, 1180 5315, 1180 5305, 1175 5300, 1170 5295, 1165 5290, 1160 5285, 1155 5280, 1150 5275, 1145 5270, 1140 5265, 1135 5260, 1130 5255, 1125 5250, 1120 5245, 1115 5240, 1110 5235, 1105 5230, 1095 5230, 1090 5225, 1085 5220, 1075 5220, 1070 5215, 1065 5210, 1055 5210, 1045 5210, 1035 5210, 1025 5210, 1015 5210, 1005 5210, 995 5210, 990 5205, 985 5200, 980 5195, 980 5185, 980 5175, 980 5165, 980 5155, 980 5145, 980 5135, 980 5125, 980 5115, 980 5105, 980 5095, 980 5085, 980 5075, 975 5070, 970 5065, 970 5055, 965 5050, 960 5045, 960 5035, 955 5030, 950 5025, 945 5020, 940 5015, 935 5010, 930 5005, 925 5000, 920 4995, 915 4990, 910 4985, 905 4980, 900 4975, 895 4970, 885 4970, 880 4965, 875 4960, 865 4960, 860 4955, 855 4950, 845 4950, 835 4950, 825 4950, 815 4950, 805 4950, 795 4950, 785 4950, 780 4945, 775 4940, 765 4940, 755 4940, 745 4940, 735 4940, 725 4940, 715 4940, 705 4940, 695 4940, 685 4940, 675 4940, 665 4940, 660 4935, 660 4925, 665 4920, 670 4915, 670 4905, 670 4895, 675 4890, 680 4885, 685 4880, 690 4875, 695 4870, 700 4865, 705 4860, 715 4860, 725 4860, 730 4855, 735 4850, 740 4845, 745 4840, 750 4835, 750 4825, 755 4820, 760 4815, 760 4805, 765 4800, 775 4800, 780 4795, 785 4790, 790 4785, 795 4780, 800 4785, 805 4790, 815 4790, 825 4790, 835 4790, 845 4790, 855 4790, 865 4790, 875 4790, 880 4795, 885 4800, 895 4800, 905 4800, 910 4805, 915 4810, 925 4810, 935 4810, 940 4815, 945 4820, 955 4820, 960 4825, 965 4830, 970 4835, 975 4840, 985 4840, 990 4845, 995 4850, 1000 4855, 1005 4860, 1010 4865, 1015 4870, 1025 4870, 1030 4875, 1035 4880, 1040 4885, 1045 4890, 1050 4895, 1055 4900, 1060 4905, 1060 4915, 1065 4920, 1070 4925, 1075 4930, 1080 4935, 1085 4940, 1090 4945, 1090 4955, 1095 4960, 1100 4965, 1105 4970, 1110 4975, 1110 4985, 1115 4990, 1120 4995, 1120 5005, 1120 5015, 1125 5020, 1130 5025, 1135 5030, 1140 5025, 1145 5020, 1150 5015, 1155 5010, 1165 5010, 1170 5005, 1175 5000, 1180 4995, 1185 4990, 1190 4985, 1195 4980, 1205 4980, 1210 4975, 1215 4970, 1220 4965, 1225 4960, 1235 4960, 1240 4955, 1245 4950, 1255 4950, 1265 4950, 1270 4945, 1275 4940, 1285 4940, 1295 4940, 1300 4935, 1305 4930, 1315 4930, 1325 4930, 1335 4930, 1345 4930, 1355 4930, 1365 4930, 1375 4930, 1385 4930, 1395 4930, 1405 4930, 1415 4930, 1425 4930, 1435 4930, 1445 4930, 1455 4930, 1465 4930, 1470 4935, 1475 4940, 1485 4940, 1495 4940, 1500 4945, 1505 4950, 1515 4950, 1525 4950, 1530 4955, 1535 4960, 1545 4960, 1550 4965, 1555 4970, 1560 4975, 1565 4980, 1575 4980, 1580 4985, 1585 4990, 1590 4995, 1595 5000, 1605 5000, 1610 5005, 1615 5010, 1620 5015, 1625 5020, 1635 5020, 1640 5025, 1645 5030, 1650 5035, 1655 5040, 1660 5045, 1665 5050, 1675 5050, 1680 5055, 1685 5060, 1690 5065, 1695 5070, 1700 5075, 1705 5080, 1710 5085, 1715 5090, 1720 5095, 1725 5100, 1730 5105, 1730 5115, 1735 5120, 1740 5125, 1745 5130, 1750 5135, 1755 5140, 1760 5145, 1760 5155, 1765 5160, 1770 5165, 1775 5170, 1780 5175, 1780 5185, 1785 5190, 1790 5195, 1790 5205, 1790 5215, 1795 5220, 1800 5225, 1800 5235, 1800 5245, 1805 5250, 1810 5255, 1810 5265, 1810 5275, 1810 5285, 1810 5295, 1810 5305, 1810 5315, 1810 5325, 1810 5335, 1810 5345, 1810 5355, 1810 5365, 1810 5375, 1810 5385, 1810 5395, 1810 5405, 1810 5415, 1810 5425, 1805 5430, 1800 5435, 1800 5445, 1800 5455, 1795 5460, 1790 5465, 1790 5475, 1790 5485, 1785 5490, 1780 5495, 1780 5505, 1775 5510, 1770 5515, 1765 5520, 1760 5525, 1760 5535, 1755 5540, 1750 5545, 1745 5550, 1740 5555, 1735 5560, 1730 5565, 1730 5575, 1725 5580, 1720 5585, 1715 5590, 1710 5595, 1705 5600, 1700 5605, 1695 5610, 1690 5615, 1685 5620, 1675 5620, 1670 5625, 1665 5630, 1660 5635, 1655 5640, 1650 5645, 1645 5650, 1635 5650, 1630 5655, 1625 5660, 1620 5665, 1615 5670, 1605 5670, 1600 5675, 1595 5680, 1585 5680, 1575 5680, 1570 5685, 1565 5690, 1555 5690, 1545 5690, 1540 5695, 1535 5700, 1525 5700, 1515 5700, 1505 5700, 1495 5700, 1485 5700, 1480 5705, 1475 5710, 1465 5710, 1455 5710, 1445 5710, 1435 5710, 1430 5715, 1425 5720, 1420 5725, 1420 5735, 1415 5740, 1410 5745, 1405 5750, 1400 5755, 1400 5765, 1395 5770, 1390 5775, 1385 5780, 1380 5785, 1375 5790, 1370 5795, 1370 5805, 1365 5810, 1360 5815, 1355 5820, 1350 5825, 1345 5830, 1340 5835, 1340 5845, 1345 5850, 1350 5855, 1350 5865, 1355 5870, 1360 5875, 1365 5880, 1370 5885, 1375 5890, 1380 5895, 1385 5900, 1395 5900, 1400 5905, 1405 5910, 1410 5915, 1415 5920, 1420 5925, 1425 5930, 1430 5935, 1435 5940, 1440 5945, 1445 5950, 1450 5955, 1450 5965, 1455 5970, 1460 5975, 1465 5980, 1470 5985, 1475 5990, 1480 5995, 1480 6005, 1485 6010, 1490 6015, 1495 6020, 1500 6025, 1500 6035, 1505 6040, 1510 6045, 1510 6055, 1510 6065, 1515 6070, 1520 6075, 1520 6085, 1520 6095, 1520 6105, 1515 6110, 1510 6115, 1510 6125, 1510 6135, 1510 6145, 1510 6155, 1505 6160, 1495 6160, 1490 6165, 1485 6170, 1480 6175, 1475 6180, 1470 6185, 1465 6190, 1455 6190, 1450 6195, 1445 6200, 1440 6205, 1435 6210, 1425 6210, 1415 6210, 1405 6210, 1400 6215, 1395 6220))"
deep,14,P2_3_C,14,27150.0,1,585.2516881522407,4959.521178637201,"POLYGON ((555 5220, 550 5215, 545 5210, 540 5205, 535 5200, 530 5195, 525 5190, 520 5185, 515 5180, 510 5175, 510 5165, 510 5155, 505 5150, 500 5145, 500 5135, 500 5125, 500 5115, 500 5105, 500 5095, 500 5085, 500 5075, 500 5065, 500 5055, 505 5050, 510 5045, 510 5035, 510 5025, 510 5015, 510 5005, 510 4995, 515 4990, 520 4985, 520 4975, 520 4965, 525 4960, 530 4955, 535 4950, 540 4945, 540 4935, 545 4930, 550 4925, 550 4915, 555 4910, 560 4905, 565 4900, 570 4895, 570 4885, 575 4880, 580 4875, 580 4865, 585 4860, 590 4855, 590 4845, 595 4840, 600 4835, 605 4830, 610 4825, 615 4820, 620 4815, 625 4810, 635 4810, 640 4805, 645 4800, 655 4800, 665 4800, 675 4800, 685 4800, 695 4800, 705 4800, 710 4795, 715 4790, 725 4790, 730 4795, 730 4805, 725 4810, 720 4815, 720 4825, 715 4830, 705 4830, 695 4830, 690 4835, 690 4845, 685 4850, 680 4855, 675 4860, 670 4865, 665 4870, 660 4875, 655 4880, 650 4885, 650 4895, 650 4905, 645 4910, 640 4915, 640 4925, 635 4930, 630 4935, 625 4940, 620 4945, 620 4955, 620 4965, 615 4970, 610 4975, 610 4985, 605 4990, 600 4995, 595 5000, 590 5005, 585 5010, 580 5015, 575 5020, 570 5025, 565 5030, 560 5035, 560 5045, 555 5050, 550 5055, 550 5065, 545 5070, 540 5075, 540 5085, 540 5095, 540 5105, 540 5115, 535 5120, 530 5125, 535 5130, 540 5135, 540 5145, 540 5155, 540 5165, 540 5175, 545 5180, 550 5185, 550 5195, 555 5200, 560 5205, 560 5215, 555 5220))"
deep,0,P2_3_C,,15450.0,1,2896.747572815534,5342.065803667746,"POLYGON ((2815 5450, 2810 5445, 2810 5435, 2810 5425, 2810 5415, 2815 5410, 2820 5405, 2825 5400, 2830 5395, 2835 5390, 2840 5385, 2845 5380, 2850 5375, 2855 5370, 2860 5365, 2865 5360, 2875 5360, 2885 5360, 2890 5355, 2885 5350, 2880 5345, 2880 5335, 2880 5325, 2880 5315, 2875 5310, 2870 5305, 2870 5295, 2870 5285, 2870 5275, 2875 5270, 2885 5270, 2890 5265, 2895 5260, 2900 5255, 2905 5250, 2910 5245, 2915 5240, 2920 5235, 2925 5230, 2930 5225, 2935 5220, 2940 5215, 2945 5210, 2950 5215, 2950 5225, 2950 5235, 2950 5245, 2950 5255, 2950 5265, 2950 5275, 2950 5285, 2950 5295, 2950 5305, 2950 5315, 2950 5325, 2950 5335, 2950 5345, 2950 5355, 2945 5360, 2940 5365, 2940 5375, 2935 5380, 2930 5385, 2925 5390, 2920 5395, 2915 5400, 2910 5405, 2905 5410, 2900 5415, 2895 5420, 2890 5425, 2885 5430, 2875 5430, 2870 5435, 2865 5440, 2855 5440, 2845 5440, 2835 5440, 2825 5440, 2820 5445, 2815 5450))"
deep,14,,14,3650.0,1,543.2648401826484,5330.6164383561645,"POLYGON ((545 5420, 540 5415, 540 5405, 535 5400, 530 5395, 530 5385, 530 5375, 530 5365, 525 5360, 520 5355, 520 5345, 520 5335, 520 5325, 525 5320, 530 5315, 530 5305, 530 5295, 535 5290, 540 5285, 545 5280, 550 5275, 555 5270, 560 5265, 560 5255, 565 5250, 570 5255, 570 5265, 570 5275, 570 5285, 565 5290, 560 5295, 560 5305, 560 5315, 555 5320, 550 5325, 550 5335, 550 5345, 550 5355, 550 5365, 545 5370, 540 5375, 545 5380, 550 5385, 550 5395, 550 5405, 550 5415, 545 5420))"
deep,0,P2_3_C,,33750.0,1,1840.9185185185186,5997.318518518518,"POLYGON ((1735 6070, 1725 6070, 1715 6070, 1705 6070, 1695 6070, 1685 6070, 1675 6070, 1665 6070, 1655 6070, 1645 6070, 1635 6070, 1625 6070, 1615 6070, 1610 6065, 1615 6060, 1620 6055, 1625 6050, 1635 6050, 1640 6045, 1645 6040, 1650 6035, 1655 6030, 1660 6025, 1665 6020, 1675 6020, 1680 6015, 1685 6010, 1690 6005, 1695 6000, 1705 6000, 1710 5995, 1715 5990, 1725 5990, 1730 5985, 1735 5980, 1740 5975, 1745 5970, 1755 5970, 1760 5965, 1765 5960, 1775 5960, 1785 5960, 1790 5955, 1795 5950, 1805 5950, 1815 5950, 1820 5945, 1825 5940, 1835 5940, 1845 5940, 1855 5940, 1860 5935, 1865 5930, 1875 5930, 1885 5930, 1895 5930, 1905 5930, 1915 5930, 1925 5930, 1935 5930, 1945 5930, 1955 5930, 1965 5930, 1975 5930, 1985 5930, 1995 5930, 2005 5930, 2010 5935, 2015 5940, 2025 5940, 2035 5940, 2040 5945, 2045 5950, 2055 5950, 2065 5950, 2070 5955, 2065 5960, 2060 5965, 2055 5970, 2050 5975, 2045 5980, 2035 5980, 2025 5980, 2015 5980, 2005 5980, 1995 5980, 1990 5985, 1985 5990, 1980 5995, 1975 6000, 1965 6000, 1960 6005, 1955 6010, 1950 6015, 1945 6020, 1940 6025, 1935 6030, 1930 6035, 1925 6040, 1915 6040, 1905 6040, 1895 6040, 1890 6045, 1885 6050, 1880 6045, 1875 6040, 1865 6040, 1860 6035, 1855 6030, 1845 6030, 1840 6035, 1835 6040, 1825 6040, 1820 6045, 1815 6050, 1810 6055, 1805 6060, 1795 6060, 1785 6060, 1775 6060, 1765 6060, 1755 6060, 1745 6060, 1740 6065, 1735 6070))"
deep,0,P2_3_C,21;23;26,98250.0,1,1583.6819338422392,6230.72010178117,"POLYGON ((1235 6460, 1230 6455, 1225 6450, 1220 6445, 1215 6440, 1210 6435, 1205 6430, 1200 6425, 1195 6420, 1185 6420, 1180 6415, 1175 6410, 1165 6410, 1160 6405, 1155 6400, 1145 6400, 1135 6400, 1125 6400, 1115 6400, 1110 6395, 1115 6390, 1125 6390, 1135 6390, 1145 6390, 1150 6385, 1155 6380, 1165 6380, 1175 6380, 1180 6375, 1185 6370, 1195 6370, 1205 6370, 1215 6370, 1225 6370, 1230 6365, 1235 6360, 1245 6360, 1255 6360, 1265 6360, 1270 6355, 1275 6350, 1285 6350, 1290 6345, 1295 6340, 1305 6340, 1310 6335, 1305 6330, 1295 6330, 1290 6325, 1295 6320, 1300 6315, 1305 6310, 1310 6305, 1315 6300, 1320 6295, 1325 6290, 1330 6285, 1335 6280, 1340 6275, 1340 6265, 1345 6260, 1350 6255, 1350 6245, 1355 6240, 1365 6240, 1370 6245, 1375 6250, 1385 6250, 1390 6245, 1395 6240, 1405 6240, 1415 6240, 1420 6235, 1425 6230, 1435 6230, 1445 6230, 1450 6225, 1455 6220, 1460 6215, 1465 6210, 1475 6210, 1480 6205, 1485 6200, 1490 6195, 1495 6190, 1500 6185, 1505 6180, 1515 6180, 1520 6185, 1515 6190, 1510 6195, 1510 6205, 1510 6215, 1510 6225, 1510 6235, 1515 6240, 1520 6235, 1525 6230, 1530 6225, 1530 6215, 1535 6210, 1540 6205, 1540 6195, 1545 6190, 1550 6185, 1555 6180, 1560 6175, 1565 6170, 1570 6165, 1570 6155, 1575 6150, 1580 6145, 1585 6140, 1590 6135, 1590 6125, 1595 6120, 1600 6115, 1600 6105, 1605 6100, 1615 6100, 1620 6095, 1625 6090, 1630 6095, 1635 6100, 1640 6095, 1645 6090, 1655 6090, 1665 6090, 1675 6090, 1685 6090, 1695 6090, 1700 6095, 1705 6100, 1710 6095, 1715 6090, 1725 6090, 1730 6095, 1735 6100, 1740 6095, 1745 6090, 1755 6090, 1765 6090, 1770 6085, 1775 6080, 1785 6080, 1790 6085, 1795 6090, 1805 6090, 1815 6090, 1820 6085, 1820 6075, 1825 6070, 1830 6065, 1835 6060, 1845 6060, 1855 6060, 1860 6065, 1865 6070, 1875 6070, 1885 6070, 1890 6075, 1895 6080, 1900 6075, 1905 6070, 1915 6070, 1920 6075, 1925 6080, 1930 6075, 1935 6070, 1945 6070, 1955 6070, 1960 6065, 1965 6060, 1970 6055, 1975 6050, 1980 6045, 1985 6040, 1995 6040, 2000 6035, 2005 6030, 2010 6025, 2015 6020, 2025 6020, 2035 6020, 2040 6015, 2045 6010, 2050 6005, 2055 6000, 2065 6000, 2070 5995, 2070 5985, 2075 5980, 2080 5985, 2085 5990, 2095 5990, 2100 5995, 2105 6000, 2115 6000, 2120 6005, 2125 6010, 2130 6015, 2130 6025, 2125 6030, 2120 6035, 2115 6040, 2110 6045, 2105 6050, 2100 6055, 2095 6060, 2090 6065, 2085 6070, 2075 6070, 2070 6075, 2065 6080, 2055 6080, 2050 6085, 2045 6090, 2035 6090, 2030 6095, 2025 6100, 2020 6105, 2020 6115, 2015 6120, 2010 6115, 2005 6110, 1995 6110, 1990 6105, 1985 6100, 1975 6100, 1965 6100, 1955 6100, 1945 6100, 1940 6095, 1935 6090, 1930 6095, 1925 6100, 1915 6100, 1905 6100, 1895 6100, 1885 6100, 1880 6105, 1875 6110, 1865 6110, 1855 6110, 1845 6110, 1840 6115, 1835 6120, 1825 6120, 1820 6125, 1815 6130, 1805 6130, 1800 6135, 1795 6140, 1790 6145, 1785 6150, 1775 6150, 1770 6155, 1765 6160, 1755 6160, 1750 6165, 1745 6170, 1740 6175, 1735 6180, 1730 6185, 1725 6190, 1720 6195, 1720 6205, 1715 6210, 1710 6215, 1710 6225, 1705 6230, 1700 6235, 1700 6245, 1695 6250, 1690 6255, 1685 6260, 1680 6265, 1675 6270, 1670 6275, 1665 6280, 1660 6285, 1655 6290, 1645 6290, 1640 6295, 1635 6300, 1630 6295, 1625 6290, 1620 6295, 1615 6300, 1605 6300, 1595 6300, 1590 6305, 1585 6310, 1575 6310, 1565 6310, 1560 6315, 1555 6320, 1550 6325, 1545 6330, 1535 6330, 1530 6335, 1525 6340, 1515 6340, 1505 6340, 1500 6345, 1495 6350, 1490 6345, 1490 6335, 1490 6325, 1485 6320, 1480 6325, 1475 6330, 1470 6335, 1470 6345, 1465 6350, 1460 6355, 1460 6365, 1455 6370, 1445 6370, 1435 6370, 1430 6375, 1425 6380, 1415 6380, 1410 6385, 1405 6390, 1395 6390, 1385 6390, 1380 6395, 1375 6400, 1370 6405, 1365 6410, 1355 6410, 1350 6415, 1345 6420, 1335 6420, 1325 6420, 1320 6425, 1315 6430, 1305 6430, 1295 6430, 1290 6435, 1285 6440, 1275 6440, 1270 6445, 1265 6450, 1255 6450, 1245 6450, 1240 6455, 1235 6460))"
deep,22,P2_3_L,22,13850.0,1,3100.267749699158,6096.4771359807455,"POLYGON ((3065 6150, 3060 6145, 3055 6140, 3045 6140, 3040 6135, 3035 6130, 3030 6125, 3025 6120, 3020 6115, 3015 6110, 3005 6110, 3000 6105, 2995 6100, 2985 6100, 2980 6095, 2975 6090, 2970 6085, 2975 6080, 2985 6080, 2990 6075, 2995 6070, 3005 6070, 3015 6070, 3025 6070, 3035 6070, 3045 6070, 3055 6070, 3065 6070, 3075 6070, 3085 6070, 3090 6065, 3095 6060, 3105 6060, 3115 6060, 3125 6060, 3130 6055, 3135 6050, 3145 6050, 3155 6050, 3165 6050, 3170 6055, 3175 6060, 3180 6065, 3185 6070, 3190 6075, 3195 6080, 3200 6085, 3205 6090, 3210 6095, 3210 6105, 3215 6110, 3220 6115, 3215 6120, 3205 6120, 3200 6115, 3195 6110, 3190 6115, 3185 6120, 3175 6120, 3170 6125, 3165 6130, 3155 6130, 3145 6130, 3135 6130, 3125 6130, 3120 6125, 3115 6120, 3110 6125, 3105 6130, 3100 6135, 3095 6140, 3085 6140, 3075 6140, 3070 6145, 3065 6150))"
deep,0,,19;21,4950.0,1,789.2171717171717,6115.951178451178,"POLYGON ((805 6190, 800 6185, 795 6180, 790 6175, 790 6165, 785 6160, 780 6155, 780 6145, 775 6140, 770 6135, 770 6125, 765 6120, 760 6115, 760 6105, 760 6095, 755 6090, 750 6085, 745 6080, 740 6075, 745 6070, 755 6070, 765 6070, 770 6075, 775 6080, 780 6075, 785 6070, 795 6070, 805 6070, 815 6070, 820 6075, 820 6085, 815 6090, 810 6095, 810 6105, 810 6115, 810 6125, 810 6135, 815 6140, 820 6145, 820 6155, 815 6160, 810 6165, 810 6175, 810 6185, 805 6190))"
deep,23,R1_3_T,23,13450.0,1,2154.386617100372,6175.3407682775705,"POLYGON ((2135 6240, 2125 6240, 2115 6240, 2105 6240, 2100 6235, 2105 6230, 2110 6225, 2105 6220, 2100 6215, 2100 6205, 2095 6200, 2090 6195, 2090 6185, 2085 6180, 2080 6175, 2075 6170, 2070 6165, 2065 6160, 2060 6155, 2055 6150, 2050 6145, 2045 6140, 2040 6135, 2045 6130, 2055 6130, 2060 6135, 2065 6140, 2075 6140, 2085 6140, 2095 6140, 2105 6140, 2115 6140, 2125 6140, 2135 6140, 2145 6140, 2155 6140, 2165 6140, 2170 6135, 2175 6130, 2185 6130, 2195 6130, 2205 6130, 2210 6125, 2215 6120, 2220 6125, 2225 6130, 2230 6135, 2235 6140, 2240 6145, 2240 6155, 2245 6160, 2250 6165, 2250 6175, 2245 6180, 2235 6180, 2230 6185, 2225 6190, 2220 6195, 2215 6200, 2210 6205, 2205 6210, 2200 6215, 2195 6220, 2190 6225, 2185 6230, 2175 6230, 2170 6225, 2170 6215, 2170 6205, 2165 6200, 2155 6200, 2150 6205, 2150 6215, 2150 6225, 2145 6230, 2140 6235, 2135 6240))"
deep,0,P2_3_L,22;28;29,344250.0,1,3115.10735899298,7151.48741224885,"POLYGON ((3235 8110, 3225 8110, 3215 8110, 3210 8105, 3215 8100, 3220 8095, 3220 8085, 3220 8075, 3220 8065, 3220 8055, 3225 8050, 3230 8045, 3230 8035, 3230 8025, 3230 8015, 3230 8005, 3230 7995, 3230 7985, 3230 7975, 3230 7965, 3235 7960, 3240 7955, 3245 7950, 3250 7945, 3255 7940, 3260 7935, 3265 7930, 3270 7925, 3270 7915, 3275 7910, 3280 7905, 3280 7895, 3280 7885, 3280 7875, 3280 7865, 3280 7855, 3280 7845, 3280 7835, 3280 7825, 3280 7815, 3280 7805, 3275 7800, 3270 7795, 3270 7785, 3265 7780, 3260 7775, 3255 7770, 3250 7765, 3245 7760, 3240 7755, 3235 7750, 3230 7745, 3225 7740, 3220 7735, 3215 7730, 3210 7725, 3205 7720, 3200 7715, 3195 7710, 3185 7710, 3180 7705, 3175 7700, 3165 7700, 3160 7695, 3155 7690, 3150 7685, 3145 7680, 3140 7675, 3135 7670, 3130 7665, 3125 7660, 3120 7655, 3115 7650, 3105 7650, 3100 7645, 3095 7640, 3090 7635, 3085 7630, 3080 7625, 3075 7620, 3070 7615, 3065 7610, 3055 7610, 3050 7605, 3045 7600, 3040 7595, 3035 7590, 3030 7585, 3025 7580, 3020 7575, 3015 7570, 3010 7565, 3005 7560, 2995 7560, 2990 7555, 2985 7550, 2975 7550, 2970 7545, 2965 7540, 2955 7540, 2950 7535, 2945 7530, 2935 7530, 2930 7525, 2925 7520, 2915 7520, 2905 7520, 2895 7520, 2890 7515, 2885 7510, 2875 7510, 2870 7505, 2865 7500, 2855 7500, 2850 7495, 2845 7490, 2835 7490, 2830 7485, 2825 7480, 2820 7475, 2815 7470, 2810 7465, 2805 7460, 2795 7460, 2790 7455, 2795 7450, 2800 7445, 2800 7435, 2800 7425, 2800 7415, 2805 7410, 2815 7410, 2825 7410, 2835 7410, 2840 7405, 2845 7400, 2855 7400, 2865 7400, 2870 7395, 2875 7390, 2885 7390, 2890 7385, 2895 7380, 2900 7375, 2905 7370, 2915 7370, 2920 7365, 2925 7360, 2930 7355, 2935 7350, 2945 7350, 2950 7345, 2955 7340, 2965 7340, 2970 7335, 2975 7330, 2980 7325, 2985 7320, 2990 7315, 2995 7310, 3000 7305, 3005 7300, 3010 7295, 3015 7290, 3020 7285, 3025 7280, 3030 7275, 3035 7270, 3040 7265, 3040 7255, 3045 7250, 3050 7245, 3050 7235, 3050 7225, 3050 7215, 3050 7205, 3050 7195, 3050 7185, 3050 7175, 3050 7165, 3050 7155, 3050 7145, 3050 7135, 3050 7125, 3050 7115, 3050 7105, 3050 7095, 3050 7085, 3045 7080, 3040 7075, 3040 7065, 3035 7060, 3030 7055, 3025 7050, 3020 7045, 3015 7040, 3010 7035, 3005 7030, 3000 7025, 2995 7020, 2990 7015, 2985 7010, 2980 7005, 2975 7000, 2970 6995, 2965 6990, 2960 6985, 2955 6980, 2950 6975, 2945 6970, 2940 6965, 2935 6960, 2930 6955, 2925 6950, 2920 6945, 2915 6940, 2905 6940, 2900 6935, 2895 6930, 2885 6930, 2880 6925, 2875 6920, 2870 6915, 2870 6905, 2870 6895, 2865 6890, 2860 6885, 2860 6875, 2855 6870, 2850 6865, 2845 6860, 2840 6855, 2835 6850, 2830 6845, 2825 6840, 2820 6835, 2820 6825, 2815 6820, 2810 6815, 2805 6810, 2800 6805, 2795 6800, 2790 6795, 2785 6790, 2780 6785, 2785 6780, 2795 6780, 2805 6780, 2815 6780, 2820 6775, 2825 6770, 2835 6770, 2840 6765, 2845 6760, 2855 6760, 2860 6755, 2865 6750, 2870 6745, 2875 6740, 2880 6735, 2885 6730, 2890 6725, 2895 6720, 2900 6715, 2905 6710, 2910 6705, 2915 6700, 2925 6700, 2930 6695, 2935 6690, 2940 6685, 2945 6680, 2950 6675, 2955 6670, 2960 6665, 2965 6660, 2970 6655, 2975 6650, 2980 6645, 2985 6640, 2990 6635, 2995 6630, 3000 6625, 3000 6615, 3005 6610, 3010 6605, 3010 6595, 3010 6585, 3010 6575, 3015 6570, 3020 6565, 3020 6555, 3025 6550, 3030 6545, 3030 6535, 3035 6530, 3040 6525, 3040 6515, 3045 6510, 3050 6505, 3050 6495, 3055 6490, 3060 6485, 3060 6475, 3065 6470, 3070 6465, 3070 6455, 3075 6450, 3080 6445, 3080 6435, 3080 6425, 3085 6420, 3090 6415, 3090 6405, 3090 6395, 3090 6385, 3090 6375, 3090 6365, 3090 6355, 3090 6345, 3095 6340, 3100 6335, 3100 6325, 3100 6315, 3100 6305, 3100 6295, 3100 6285, 3100 6275, 3100 6265, 3100 6255, 3100 6245, 3100 6235, 3100 6225, 3095 6220, 3090 6215, 3090 6205, 3085 6200, 3080 6195, 3075 6190, 3070 6185, 3065 6180, 3060 6175, 3065 6170, 3075 6170, 3080 6165, 3085 6160, 3095 6160, 3105 6160, 3110 6155, 3115 6150, 3125 6150, 3135 6150, 3140 6155, 3145 6160, 3155 6160, 3160 6155, 3165 6150, 3175 6150, 3180 6145, 3185 6140, 3195 6140, 3205 6140, 3210 6145, 3215 6150, 3220 6155, 3220 6165, 3225 6170, 3230 6175, 3230 6185, 3230 6195, 3235 6200, 3240 6205, 3240 6215, 3240 6225, 3240 6235, 3240 6245, 3240 6255, 3240 6265, 3240 6275, 3240 6285, 3240 6295, 3240 6305, 3240 6315, 3240 6325, 3240 6335, 3240 6345, 3240 6355, 3235 6360, 3230 6365, 3230 6375, 3230 6385, 3230 6395, 3230 6405, 3230 6415, 3230 6425, 3230 6435, 3225 6440, 3220 6445, 3220 6455, 3220 6465, 3215 6470, 3210 6475, 3210 6485, 3210 6495, 3205 6500, 3200 6505, 3200 6515, 3195 6520, 3190 6525, 3190 6535, 3185 6540, 3180 6545, 3180 6555, 3175 6560, 3170 6565, 3170 6575, 3165 6580, 3160 6585, 3160 6595, 3155 6600, 3150 6605, 3150 6615, 3150 6625, 3145 6630, 3140 6635, 3140 6645, 3140 6655, 3135 6660, 3130 6665, 3130 6675, 3125 6680, 3120 6685, 3120 6695, 3115 6700, 3110 6705, 3105 6710, 3100 6715, 3100 6725, 3095 6730, 3090 6735, 3085 6740, 3080 6745, 3075 6750, 3070 6755, 3065 6760, 3060 6765, 3055 6770, 3050 6775, 3045 6780, 3040 6785, 3035 6790, 3030 6795, 3025 6800, 3015 6800, 3010 6805, 3005 6810, 3000 6815, 2995 6820, 2990 6825, 2995 6830, 3000 6835, 3005 6840, 3015 6840, 3020 6845, 3025 6850, 3030 6855, 3035 6860, 3040 6865, 3045 6870, 3050 6875, 3055 6880, 3060 6885, 3065 6890, 3070 6895, 3075 6900, 3080 6905, 3085 6910, 3090 6915, 3095 6920, 3100 6925, 3105 6930, 3110 6935, 3115 6940, 3120 6945, 3125 6950, 3130 6955, 3135 6960, 3140 6965, 3140 6975, 3145 6980, 3150 6985, 3155 6990, 3160 6995, 3160 7005, 3165 7010, 3170 7015, 3170 7025, 3175 7030, 3180 7035, 3180 7045, 3180 7055, 3185 7060, 3190 7065, 3190 7075, 3190 7085, 3190 7095, 3190 7105, 3190 7115, 3190 7125, 3190 7135, 3190 7145, 3190 7155, 3190 7165, 3190 7175, 3190 7185, 3190 7195, 3190 7205, 3190 7215, 3190 7225, 3190 7235, 3190 7245, 3190 7255, 3190 7265, 3185 7270, 3180 7275, 3180 7285, 3180 7295, 3175 7300, 3170 7305, 3170 7315, 3165 7320, 3160 7325, 3160 7335, 3155 7340, 3150 7345, 3145 7350, 3140 7355, 3140 7365, 3135 7370, 3130 7375, 3125 7380, 3120 7385, 3115 7390, 3110 7395, 3105 7400, 3100 7405, 3095 7410, 3090 7415, 3085 7420, 3080 7425, 3075 7430, 3070 7435, 3075 7440, 3080 7445, 3085 7450, 3090 7455, 3095 7460, 3105 7460, 3110 7465, 3115 7470, 3120 7475, 3125 7480, 3130 7485, 3135 7490, 3140 7495, 3145 7500, 3150 7505, 3155 7510, 3165 7510, 3170 7515, 3175 7520, 3180 7525, 3185 7530, 3190 7535, 3195 7540, 3200 7545, 3205 7550, 3215 7550, 3220 7555, 3225 7560, 3230 7565, 3235 7570, 3240 7575, 3245 7580, 3250 7585, 3255 7590, 3265 7590, 3270 7595, 3275 7600, 3280 7605, 3285 7610, 3295 7610, 3300 7615, 3305 7620, 3310 7625, 3315 7630, 3320 7635, 3325 7640, 3330 7645, 3335 7650, 3340 7655, 3345 7660, 3350 7665, 3355 7670, 3360 7675, 3365 7680, 3370 7685, 3370 7695, 3375 7700, 3380 7705, 3385 7710, 3390 7715, 3390 7725, 3395 7730, 3400 7735, 3400 7745, 3405 7750, 3410 7755, 3410 7765, 3410 7775, 3415 7780, 3420 7785, 3420 7795, 3420 7805, 3420 7815, 3420 7825, 3420 7835, 3420 7845, 3420 7855, 3420 7865, 3420 7875, 3420 7885, 3420 7895, 3420 7905, 3420 7915, 3420 7925, 3415 7930, 3410 7935, 3410 7945, 3410 7955, 3405 7960, 3400 7965, 3400 7975, 3395 7980, 3390 7985, 3390 7995, 3385 8000, 3380 8005, 3375 8010, 3370 8015, 3370 8025, 3370 8035, 3370 8045, 3370 8055, 3370 8065, 3365 8070, 3355 8070, 3350 8075, 3345 8080, 3335 8080, 3330 8085, 3325 8090, 3315 8090, 3305 8090, 3295 8090, 3290 8095, 3285 8100, 3275 8100, 3265 8100, 3255 8100, 3245 8100, 3240 8105, 3235 8110))"
deep,0,,,12650.0,1,3659.631093544137,6223.880105401844,"POLYGON ((3705 6280, 3695 6280, 3690 6275, 3685 6270, 3675 6270, 3665 6270, 3655 6270, 3650 6265, 3645 6260, 3635 6260, 3625 6260, 3620 6255, 3615 6250, 3605 6250, 3600 6245, 3595 6240, 3585 6240, 3580 6245, 3575 6250, 3565 6250, 3560 6245, 3565 6240, 3570 6235, 3570 6225, 3570 6215, 3575 6210, 3580 6205, 3585 6200, 3590 6195, 3590 6185, 3595 6180, 3600 6175, 3605 6170, 3615 6170, 3625 6170, 3630 6175, 3635 6180, 3645 6180, 3655 6180, 3660 6185, 3665 6190, 3675 6190, 3685 6190, 3690 6195, 3695 6200, 3705 6200, 3715 6200, 3725 6200, 3735 6200, 3745 6200, 3755 6200, 3760 6205, 3765 6210, 3770 6215, 3765 6220, 3755 6220, 3750 6225, 3745 6230, 3740 6235, 3735 6240, 3730 6245, 3725 6250, 3720 6255, 3720 6265, 3715 6270, 3710 6275, 3705 6280))"
deep,0,R1_3_T,22;25;27;28,102850.0,1,2415.611732296224,6617.311618862421,"POLYGON ((2265 7170, 2255 7170, 2250 7165, 2255 7160, 2260 7155, 2260 7145, 2260 7135, 2260 7125, 2265 7120, 2270 7115, 2270 7105, 2270 7095, 2275 7090, 2280 7085, 2280 7075, 2285 7070, 2290 7065, 2290 7055, 2295 7050, 2300 7045, 2300 7035, 2300 7025, 2300 7015, 2300 7005, 2300 6995, 2300 6985, 2300 6975, 2300 6965, 2300 6955, 2300 6945, 2300 6935, 2300 6925, 2300 6915, 2300 6905, 2300 6895, 2300 6885, 2300 6875, 2300 6865, 2305 6860, 2310 6855, 2310 6845, 2310 6835, 2315 6830, 2320 6825, 2320 6815, 2325 6810, 2330 6805, 2330 6795, 2335 6790, 2340 6785, 2340 6775, 2345 6770, 2350 6765, 2350 6755, 2355 6750, 2360 6745, 2365 6740, 2370 6735, 2370 6725, 2370 6715, 2370 6705, 2370 6695, 2365 6690, 2360 6685, 2360 6675, 2360 6665, 2360 6655, 2360 6645, 2360 6635, 2360 6625, 2360 6615, 2355 6610, 2350 6605, 2350 6595, 2350 6585, 2350 6575, 2350 6565, 2350 6555, 2350 6545, 2350 6535, 2350 6525, 2350 6515, 2350 6505, 2350 6495, 2350 6485, 2355 6480, 2360 6475, 2360 6465, 2360 6455, 2360 6445, 2360 6435, 2360 6425, 2360 6415, 2360 6405, 2365 6400, 2370 6395, 2370 6385, 2370 6375, 2375 6370, 2380 6365, 2380 6355, 2385 6350, 2390 6345, 2390 6335, 2395 6330, 2400 6325, 2405 6320, 2410 6315, 2410 6305, 2415 6300, 2420 6305, 2425 6310, 2430 6315, 2435 6320, 2440 6325, 2440 6335, 2445 6340, 2450 6345, 2450 6355, 2455 6360, 2460 6355, 2465 6350, 2470 6345, 2470 6335, 2465 6330, 2460 6325, 2460 6315, 2460 6305, 2455 6300, 2450 6295, 2455 6290, 2460 6285, 2460 6275, 2455 6270, 2450 6265, 2450 6255, 2445 6250, 2440 6255, 2435 6260, 2425 6260, 2420 6255, 2415 6250, 2410 6255, 2405 6260, 2395 6260, 2390 6255, 2395 6250, 2400 6245, 2405 6240, 2410 6235, 2415 6230, 2420 6225, 2425 6220, 2430 6215, 2435 6210, 2445 6210, 2450 6205, 2455 6200, 2460 6195, 2465 6190, 2470 6185, 2475 6180, 2485 6180, 2495 6180, 2505 6180, 2515 6180, 2520 6185, 2525 6190, 2530 6195, 2535 6200, 2540 6205, 2545 6210, 2550 6215, 2555 6220, 2560 6225, 2560 6235, 2560 6245, 2555 6250, 2550 6255, 2550 6265, 2545 6270, 2540 6275, 2540 6285, 2540 6295, 2545 6300, 2550 6305, 2550 6315, 2545 6320, 2540 6325, 2535 6330, 2525 6330, 2520 6335, 2515 6340, 2510 6345, 2505 6350, 2500 6355, 2495 6360, 2490 6365, 2485 6370, 2480 6365, 2475 6360, 2470 6365, 2470 6375, 2475 6380, 2480 6385, 2485 6390, 2490 6395, 2490 6405, 2490 6415, 2490 6425, 2485 6430, 2480 6435, 2480 6445, 2480 6455, 2480 6465, 2480 6475, 2480 6485, 2480 6495, 2480 6505, 2475 6510, 2470 6515, 2470 6525, 2470 6535, 2470 6545, 2470 6555, 2470 6565, 2470 6575, 2475 6580, 2480 6585, 2480 6595, 2480 6605, 2480 6615, 2480 6625, 2480 6635, 2480 6645, 2480 6655, 2485 6660, 2490 6665, 2490 6675, 2495 6680, 2500 6685, 2500 6695, 2505 6700, 2510 6705, 2515 6710, 2520 6715, 2520 6725, 2515 6730, 2510 6735, 2510 6745, 2510 6755, 2505 6760, 2500 6765, 2500 6775, 2495 6780, 2490 6785, 2485 6790, 2480 6795, 2475 6800, 2470 6805, 2465 6810, 2460 6815, 2460 6825, 2455 6830, 2450 6835, 2450 6845, 2445 6850, 2440 6855, 2440 6865, 2435 6870, 2430 6875, 2430 6885, 2425 6890, 2420 6895, 2420 6905, 2420 6915, 2420 6925, 2420 6935, 2415 6940, 2405 6940, 2400 6945, 2395 6950, 2390 6955, 2385 6960, 2380 6965, 2375 6970, 2370 6975, 2365 6980, 2360 6985, 2355 6990, 2350 6995, 2345 7000, 2340 7005, 2340 7015, 2335 7020, 2330 7025, 2325 7030, 2320 7035, 2320 7045, 2315 7050, 2310 7055, 2310 7065, 2310 7075, 2305 7080, 2300 7085, 2300 7095, 2300 7105, 2295 7110, 2290 7115, 2290 7125, 2290 7135, 2285 7140, 2280 7145, 2275 7150, 2270 7155, 2270 7165, 2265 7170))"
deep,23,R1_3_T,23,118050.0,1,1887.910136947621,6492.316461951151,"POLYGON ((1905 6670, 1895 6670, 1885 6670, 1875 6670, 1865 6670, 1855 6670, 1845 6670, 1835 6670, 1825 6670, 1815 6670, 1805 6670, 1795 6670, 1785 6670, 1775 6670, 1770 6665, 1765 6660, 1755 6660, 1745 6660, 1740 6655, 1735 6650, 1725 6650, 1720 6645, 1715 6640, 1705 6640, 1700 6635, 1695 6630, 1690 6625, 1685 6620, 1675 6620, 1670 6615, 1665 6610, 1660 6605, 1655 6600, 1650 6595, 1645 6590, 1640 6585, 1635 6580, 1630 6575, 1625 6570, 1620 6565, 1615 6560, 1610 6555, 1605 6550, 1600 6545, 1595 6540, 1590 6535, 1590 6525, 1585 6520, 1580 6515, 1575 6510, 1570 6505, 1570 6495, 1565 6490, 1560 6485, 1560 6475, 1555 6470, 1550 6465, 1550 6455, 1550 6445, 1545 6440, 1540 6435, 1540 6425, 1540 6415, 1540 6405, 1540 6395, 1540 6385, 1540 6375, 1540 6365, 1540 6355, 1545 6350, 1555 6350, 1560 6345, 1565 6340, 1570 6335, 1575 6330, 1585 6330, 1595 6330, 1600 6325, 1605 6320, 1615 6320, 1625 6320, 1635 6320, 1645 6320, 1650 6315, 1655 6310, 1665 6310, 1675 6310, 1680 6315, 1675 6320, 1670 6325, 1670 6335, 1665 6340, 1660 6345, 1660 6355, 1660 6365, 1660 6375, 1660 6385, 1660 6395, 1660 6405, 1665 6410, 1670 6415, 1670 6425, 1675 6430, 1680 6435, 1680 6445, 1685 6450, 1690 6455, 1695 6460, 1700 6465, 1705 6470, 1710 6475, 1715 6480, 1720 6485, 1725 6490, 1730 6495, 1735 6500, 1740 6505, 1745 6510, 1750 6515, 1755 6520, 1760 6525, 1765 6530, 1775 6530, 1780 6535, 1785 6540, 1795 6540, 1800 6545, 1805 6550, 1815 6550, 1825 6550, 1835 6550, 1845 6550, 1855 6550, 1865 6550, 1875 6550, 1880 6545, 1885 6540, 1895 6540, 1905 6540, 1915 6540, 1920 6535, 1925 6530, 1935 6530, 1940 6525, 1945 6520, 1955 6520, 1960 6515, 1965 6510, 1975 6510, 1980 6505, 1985 6500, 1990 6495, 1995 6490, 2000 6485, 2005 6480, 2010 6475, 2015 6470, 2020 6465, 2025 6460, 2030 6455, 2035 6450, 2040 6445, 2045 6440, 2050 6435, 2050 6425, 2055 6420, 2060 6415, 2060 6405, 2065 6400, 2070 6395, 2070 6385, 2075 6380, 2080 6375, 2080 6365, 2085 6360, 2090 6355, 2090 6345, 2095 6340, 2100 6335, 2100 6325, 2100 6315, 2100 6305, 2100 6295, 2100 6285, 2100 6275, 2105 6270, 2115 6270, 2125 6270, 2130 6265, 2135 6260, 2145 6260, 2155 6260, 2160 6255, 2165 6250, 2175 6250, 2185 6250, 2195 6250, 2205 6250, 2210 6245, 2215 6240, 2220 6245, 2220 6255, 2220 6265, 2220 6275, 2220 6285, 2220 6295, 2220 6305, 2220 6315, 2220 6325, 2220 6335, 2220 6345, 2220 6355, 2220 6365, 2215 6370, 2210 6375, 2210 6385, 2210 6395, 2205 6400, 2200 6405, 2200 6415, 2195 6420, 2190 6425, 2190 6435, 2185 6440, 2180 6445, 2180 6455, 2175 6460, 2170 6465, 2170 6475, 2165 6480, 2160 6485, 2160 6495, 2155 6500, 2150 6505, 2145 6510, 2140 6515, 2140 6525, 2135 6530, 2130 6535, 2125 6540, 2120 6545, 2115 6550, 2110 6555, 2105 6560, 2100 6565, 2095 6570, 2090 6575, 2085 6580, 2080 6585, 2075 6590, 2070 6595, 2065 6600, 2055 6600, 2050 6605, 2045 6610, 2040 6615, 2035 6620, 2025 6620, 2020 6625, 2015 6630, 2005 6630, 2000 6635, 1995 6640, 1985 6640, 1980 6645, 1975 6650, 1965 6650, 1955 6650, 1950 6655, 1945 6660, 1935 6660, 1925 6660, 1915 6660, 1910 6665, 1905 6670))"
deep,24,P2_3_L,24,189550.0,1,3742.6114481667105,6918.797151147454,"POLYGON ((3965 7500, 3955 7500, 3945 7500, 3935 7500, 3930 7495, 3925 7490, 3915 7490, 3905 7490, 3900 7485, 3895 7480, 3885 7480, 3880 7475, 3875 7470, 3865 7470, 3860 7465, 3855 7460, 3850 7455, 3845 7450, 3835 7450, 3830 7445, 3825 7440, 3820 7435, 3815 7430, 3805 7430, 3800 7425, 3795 7420, 3790 7415, 3785 7410, 3780 7405, 3775 7400, 3770 7395, 3765 7390, 3760 7385, 3755 7380, 3750 7375, 3745 7370, 3740 7365, 3735 7360, 3730 7355, 3725 7350, 3720 7345, 3720 7335, 3715 7330, 3710 7325, 3705 7320, 3700 7315, 3700 7305, 3695 7300, 3690 7295, 3685 7290, 3680 7285, 3680 7275, 3675 7270, 3670 7265, 3670 7255, 3665 7250, 3660 7245, 3660 7235, 3655 7230, 3650 7225, 3650 7215, 3645 7210, 3640 7205, 3640 7195, 3635 7190, 3630 7185, 3630 7175, 3630 7165, 3625 7160, 3620 7155, 3620 7145, 3620 7135, 3620 7125, 3620 7115, 3620 7105, 3620 7095, 3620 7085, 3620 7075, 3620 7065, 3620 7055, 3620 7045, 3620 7035, 3620 7025, 3620 7015, 3625 7010, 3630 7005, 3630 6995, 3630 6985, 3635 6980, 3640 6975, 3640 6965, 3645 6960, 3650 6955, 3650 6945, 3655 6940, 3660 6935, 3660 6925, 3660 6915, 3660 6905, 3660 6895, 3665 6890, 3670 6885, 3670 6875, 3670 6865, 3670 6855, 3670 6845, 3670 6835, 3670 6825, 3675 6820, 3680 6815, 3680 6805, 3680 6795, 3680 6785, 3680 6775, 3680 6765, 3680 6755, 3680 6745, 3675 6740, 3670 6735, 3670 6725, 3670 6715, 3665 6710, 3660 6705, 3660 6695, 3660 6685, 3655 6680, 3650 6675, 3650 6665, 3650 6655, 3650 6645, 3650 6635, 3650 6625, 3650 6615, 3650 6605, 3650 6595, 3650 6585, 3650 6575, 3645 6570, 3640 6565, 3640 6555, 3635 6550, 3630 6545, 3625 6540, 3620 6535, 3620 6525, 3615 6520, 3610 6515, 3605 6510, 3600 6505, 3600 6495, 3595 6490, 3590 6485, 3590 6475, 3585 6470, 3580 6465, 3580 6455, 3580 6445, 3575 6440, 3570 6435, 3570 6425, 3570 6415, 3570 6405, 3570 6395, 3570 6385, 3570 6375, 3570 6365, 3570 6355, 3570 6345, 3570 6335, 3570 6325, 3570 6315, 3570 6305, 3570 6295, 3575 6290, 3580 6285, 3585 6280, 3590 6275, 3595 6270, 3605 6270, 3610 6275, 3615 6280, 3625 6280, 3635 6280, 3640 6285, 3645 6290, 3655 6290, 3665 6290, 3675 6290, 3680 6295, 3685 6300, 3695 6300, 3705 6300, 3710 6305, 3710 6315, 3710 6325, 3710 6335, 3710 6345, 3710 6355, 3710 6365, 3710 6375, 3710 6385, 3710 6395, 3710 6405, 3710 6415, 3715 6420, 3720 6425, 3720 6435, 3725 6440, 3730 6445, 3735 6450, 3740 6455, 3745 6460, 3750 6465, 3750 6475, 3755 6480, 3760 6485, 3760 6495, 3765 6500, 3770 6505, 3775 6510, 3780 6515, 3785 6520, 3790 6525, 3790 6535, 3790 6545, 3790 6555, 3790 6565, 3790 6575, 3790 6585, 3790 6595, 3790 6605, 3790 6615, 3790 6625, 3790 6635, 3790 6645, 3790 6655, 3795 6660, 3800 6665, 3800 6675, 3800 6685, 3805 6690, 3810 6695, 3810 6705, 3815 6710, 3820 6715, 3825 6720, 3830 6725, 3830 6735, 3830 6745, 3830 6755, 3825 6760, 3820 6765, 3820 6775, 3820 6785, 3820 6795, 3820 6805, 3820 6815, 3820 6825, 3820 6835, 3815 6840, 3810 6845, 3810 6855, 3810 6865, 3810 6875, 3810 6885, 3810 6895, 3810 6905, 3805 6910, 3800 6915, 3800 6925, 3800 6935, 3800 6945, 3800 6955, 3800 6965, 3795 6970, 3790 6975, 3790 6985, 3785 6990, 3780 6995, 3780 7005, 3775 7010, 3770 7015, 3770 7025, 3765 7030, 3760 7035, 3760 7045, 3760 7055, 3760 7065, 3760 7075, 3760 7085, 3760 7095, 3760 7105, 3760 7115, 3760 7125, 3760 7135, 3765 7140, 3770 7145, 3770 7155, 3775 7160, 3780 7165, 3780 7175, 3785 7180, 3790 7185, 3790 7195, 3795 7200, 3800 7205, 3800 7215, 3805 7220, 3810 7225, 3815 7230, 3820 7235, 3820 7245, 3825 7250, 3830 7255, 3835 7260, 3840 7265, 3845 7270, 3850 7275, 3855 7280, 3860 7285, 3865 7290, 3870 7295, 3875 7300, 3880 7305, 3885 7310, 3890 7315, 3895 7320, 3900 7325, 3905 7330, 3915 7330, 3920 7335, 3925 7340, 3930 7345, 3935 7350, 3945 7350, 3950 7355, 3955 7360, 3965 7360, 3975 7360, 3985 7360, 3995 7360, 4005 7360, 4015 7360, 4020 7365, 4020 7375, 4020 7385, 4020 7395, 4020 7405, 4020 7415, 4020 7425, 4020 7435, 4020 7445, 4015 7450, 4010 7455, 4010 7465, 4005 7470, 4000 7475, 3995 7480, 3985 7480, 3980 7485, 3975 7490, 3970 7495, 3965 7500))"
deep,24,,24,850.0,1,4117.35294117647,6318.235294117647,"POLYGON ((4125 6350, 4120 6345, 4120 6335, 4115 6330, 4110 6325, 4110 6315, 4105 6310, 4100 6305, 4100 6295, 4105 6290, 4110 6295, 4115 6300, 4120 6305, 4125 6310, 4130 6315, 4130 6325, 4130 6335, 4130 6345, 4125 6350))"
deep,0,R1_3_T,21;26,31750.0,1,842.5787401574803,6529.8884514435695,"POLYGON ((795 6770, 790 6765, 790 6755, 785 6750, 780 6745, 775 6740, 770 6735, 770 6725, 770 6715, 765 6710, 760 6705, 760 6695, 760 6685, 755 6680, 750 6675, 750 6665, 750 6655, 750 6645, 750 6635, 750 6625, 750 6615, 745 6610, 740 6605, 740 6595, 740 6585, 745 6580, 750 6575, 750 6565, 750 6555, 750 6545, 750 6535, 755 6530, 760 6525, 760 6515, 760 6505, 765 6500, 770 6495, 770 6485, 775 6480, 780 6475, 785 6470, 790 6465, 795 6460, 800 6455, 805 6450, 815 6450, 820 6445, 825 6440, 835 6440, 840 6435, 845 6430, 855 6430, 865 6430, 875 6430, 885 6430, 890 6425, 895 6420, 905 6420, 910 6415, 915 6410, 925 6410, 930 6405, 935 6400, 945 6400, 955 6400, 965 6400, 975 6400, 985 6400, 990 6395, 995 6390, 1005 6390, 1015 6390, 1025 6390, 1035 6390, 1045 6390, 1055 6390, 1065 6390, 1075 6390, 1080 6395, 1075 6400, 1065 6400, 1055 6400, 1045 6400, 1035 6400, 1030 6405, 1025 6410, 1015 6410, 1010 6415, 1005 6420, 995 6420, 990 6425, 985 6430, 980 6435, 975 6440, 970 6445, 965 6450, 960 6455, 955 6460, 950 6465, 945 6470, 940 6475, 935 6480, 930 6485, 925 6490, 920 6495, 920 6505, 915 6510, 905 6510, 895 6510, 890 6515, 885 6520, 875 6520, 870 6515, 865 6510, 855 6510, 850 6505, 845 6500, 840 6505, 845 6510, 850 6515, 845 6520, 840 6525, 840 6535, 840 6545, 835 6550, 830 6555, 830 6565, 825 6570, 820 6575, 825 6580, 830 6585, 830 6595, 830 6605, 825 6610, 820 6615, 820 6625, 820 6635, 820 6645, 815 6650, 810 6655, 810 6665, 810 6675, 805 6680, 800 6685, 800 6695, 800 6705, 795 6710, 790 6715, 790 6725, 795 6730, 800 6735, 800 6745, 800 6755, 800 6765, 795 6770))"
deep,26,R1_3_T,26,107350.0,1,1135.2720850799565,6705.734746157429,"POLYGON ((1155 6880, 1145 6880, 1135 6880, 1125 6880, 1115 6880, 1105 6880, 1095 6880, 1085 6880, 1075 6880, 1065 6880, 1055 6880, 1045 6880, 1035 6880, 1025 6880, 1015 6880, 1010 6875, 1005 6870, 995 6870, 985 6870, 980 6865, 975 6860, 965 6860, 960 6855, 955 6850, 945 6850, 940 6845, 935 6840, 930 6835, 925 6830, 915 6830, 910 6825, 905 6820, 900 6815, 895 6810, 890 6805, 885 6800, 880 6795, 875 6790, 870 6785, 865 6780, 860 6775, 855 6770, 850 6765, 850 6755, 850 6745, 850 6735, 850 6725, 845 6720, 835 6720, 825 6720, 820 6715, 820 6705, 820 6695, 825 6690, 830 6685, 830 6675, 830 6665, 835 6660, 840 6655, 840 6645, 840 6635, 840 6625, 845 6620, 850 6615, 850 6605, 850 6595, 850 6585, 855 6580, 860 6575, 860 6565, 865 6560, 870 6555, 875 6550, 880 6545, 885 6540, 895 6540, 905 6540, 910 6535, 915 6530, 925 6530, 930 6535, 930 6545, 925 6550, 920 6555, 920 6565, 920 6575, 920 6585, 920 6595, 920 6605, 920 6615, 920 6625, 920 6635, 925 6640, 930 6645, 930 6655, 935 6660, 940 6665, 940 6675, 945 6680, 950 6685, 955 6690, 960 6695, 965 6700, 970 6705, 975 6710, 980 6715, 985 6720, 990 6725, 995 6730, 1000 6735, 1005 6740, 1015 6740, 1020 6745, 1025 6750, 1035 6750, 1040 6755, 1045 6760, 1055 6760, 1065 6760, 1075 6760, 1085 6760, 1095 6760, 1105 6760, 1115 6760, 1125 6760, 1130 6755, 1135 6750, 1145 6750, 1155 6750, 1160 6745, 1165 6740, 1175 6740, 1180 6735, 1185 6730, 1195 6730, 1200 6725, 1205 6720, 1210 6715, 1215 6710, 1220 6705, 1225 6700, 1230 6695, 1235 6690, 1240 6685, 1245 6680, 1250 6675, 1250 6665, 1255 6660, 1260 6655, 1260 6645, 1265 6640, 1270 6635, 1270 6625, 1270 6615, 1270 6605, 1270 6595, 1270 6585, 1270 6575, 1270 6565, 1265 6560, 1260 6555, 1260 6545, 1255 6540, 1250 6535, 1250 6525, 1245 6520, 1240 6515, 1240 6505, 1235 6500, 1230 6495, 1225 6490, 1220 6485, 1225 6480, 1235 6480, 1245 6480, 1250 6475, 1255 6470, 1265 6470, 1275 6470, 1280 6465, 1285 6460, 1295 6460, 1300 6455, 1305 6450, 1315 6450, 1325 6450, 1330 6445, 1335 6440, 1345 6440, 1350 6445, 1350 6455, 1355 6460, 1360 6465, 1360 6475, 1365 6480, 1370 6485, 1370 6495, 1375 6500, 1380 6505, 1380 6515, 1380 6525, 1385 6530, 1390 6535, 1390 6545, 1390 6555, 1390 6565, 1390 6575, 1390 6585, 1390 6595, 1390 6605, 1390 6615, 1390 6625, 1390 6635, 1390 6645, 1390 6655, 1390 6665, 1385 6670, 1380 6675, 1380 6685, 1380 6695, 1375 6700, 1370 6705, 1370 6715, 1365 6720, 1360 6725, 1360 6735, 1355 6740, 1350 6745, 1345 6750, 1340 6755, 1340 6765, 1335 6770, 1330 6775, 1325 6780, 1320 6785, 1315 6790, 1310 6795, 1305 6800, 1300 6805, 1295 6810, 1290 6815, 1285 6820, 1275 6820, 1270 6825, 1265 6830, 1260 6835, 1255 6840, 1245 6840, 1240 6845, 1235 6850, 1225 6850, 1220 6855, 1215 6860, 1205 6860, 1195 6860, 1190 6865, 1185 6870, 1175 6870, 1165 6870, 1160 6875, 1155 6880))"
deep,28,R1_3_T,28,45950.0,1,2271.7763873775843,7329.043344214727,"POLYGON ((2195 7760, 2190 7755, 2190 7745, 2190 7735, 2190 7725, 2190 7715, 2190 7705, 2185 7700, 2180 7695, 2185 7690, 2190 7685, 2190 7675, 2190 7665, 2190 7655, 2190 7645, 2190 7635, 2190 7625, 2195 7620, 2200 7615, 2200 7605, 2200 7595, 2200 7585, 2200 7575, 2205 7570, 2210 7565, 2210 7555, 2210 7545, 2205 7540, 2200 7535, 2200 7525, 2200 7515, 2195 7510, 2190 7505, 2190 7495, 2190 7485, 2185 7480, 2180 7475, 2180 7465, 2180 7455, 2185 7450, 2190 7445, 2195 7440, 2200 7435, 2200 7425, 2195 7420, 2190 7415, 2190 7405, 2190 7395, 2190 7385, 2190 7375, 2195 7370, 2200 7365, 2200 7355, 2200 7345, 2205 7340, 2210 7335, 2210 7325, 2215 7320, 2220 7315, 2220 7305, 2225 7300, 2230 7295, 2235 7290, 2240 7285, 2240 7275, 2235 7270, 2230 7265, 2230 7255, 2235 7250, 2240 7245, 2240 7235, 2240 7225, 2245 7220, 2250 7215, 2250 7205, 2255 7200, 2260 7195, 2265 7190, 2275 7190, 2280 7185, 2285 7180, 2290 7175, 2290 7165, 2295 7160, 2300 7155, 2305 7150, 2310 7145, 2310 7135, 2310 7125, 2315 7120, 2320 7115, 2320 7105, 2320 7095, 2325 7090, 2330 7085, 2330 7075, 2330 7065, 2335 7060, 2340 7055, 2340 7045, 2345 7040, 2350 7035, 2355 7030, 2360 7025, 2360 7015, 2365 7010, 2370 7005, 2375 7000, 2380 6995, 2385 6990, 2390 6985, 2395 6980, 2400 6985, 2400 6995, 2400 7005, 2395 7010, 2390 7015, 2395 7020, 2400 7025, 2400 7035, 2400 7045, 2400 7055, 2400 7065, 2395 7070, 2390 7075, 2390 7085, 2385 7090, 2380 7095, 2380 7105, 2375 7110, 2370 7115, 2370 7125, 2365 7130, 2360 7135, 2360 7145, 2360 7155, 2360 7165, 2355 7170, 2350 7175, 2350 7185, 2350 7195, 2350 7205, 2350 7215, 2345 7220, 2340 7225, 2340 7235, 2335 7240, 2330 7245, 2330 7255, 2325 7260, 2320 7265, 2320 7275, 2320 7285, 2320 7295, 2320 7305, 2315 7310, 2310 7315, 2310 7325, 2305 7330, 2300 7335, 2300 7345, 2295 7350, 2290 7355, 2290 7365, 2285 7370, 2280 7375, 2280 7385, 2280 7395, 2280 7405, 2280 7415, 2280 7425, 2275 7430, 2270 7435, 2270 7445, 2270 7455, 2270 7465, 2265 7470, 2260 7475, 2260 7485, 2255 7490, 2250 7495, 2250 7505, 2250 7515, 2245 7520, 2240 7525, 2240 7535, 2235 7540, 2230 7545, 2230 7555, 2230 7565, 2230 7575, 2230 7585, 2230 7595, 2225 7600, 2220 7605, 2220 7615, 2220 7625, 2220 7635, 2220 7645, 2220 7655, 2220 7665, 2220 7675, 2220 7685, 2220 7695, 2220 7705, 2220 7715, 2220 7725, 2215 7730, 2210 7735, 2210 7745, 2205 7750, 2200 7755, 2195 7760))"
deep,24,P2_3_L,24,14050.0,1,4085.281731909846,7431.900948991696,"POLYGON ((4075 7520, 4065 7520, 4055 7520, 4045 7520, 4035 7520, 4025 7520, 4015 7520, 4010 7515, 4015 7510, 4025 7510, 4035 7510, 4040 7505, 4035 7500, 4030 7495, 4030 7485, 4035 7480, 4040 7475, 4040 7465, 4040 7455, 4045 7450, 4050 7445, 4050 7435, 4055 7430, 4060 7425, 4055 7420, 4050 7415, 4050 7405, 4045 7400, 4040 7395, 4040 7385, 4040 7375, 4045 7370, 4055 7370, 4060 7365, 4065 7360, 4075 7360, 4080 7355, 4085 7350, 4095 7350, 4100 7345, 4105 7340, 4115 7340, 4120 7335, 4125 7330, 4135 7330, 4140 7335, 4140 7345, 4135 7350, 4130 7355, 4130 7365, 4130 7375, 4130 7385, 4130 7395, 4130 7405, 4130 7415, 4130 7425, 4130 7435, 4130 7445, 4130 7455, 4130 7465, 4125 7470, 4120 7475, 4120 7485, 4115 7490, 4110 7495, 4110 7505, 4105 7510, 4095 7510, 4085 7510, 4080 7515, 4075 7520))"
deep,30,R1_3_T,30,76050.0,1,1295.3007889546352,7586.832675871137,"POLYGON ((1465 7780, 1455 7780, 1445 7780, 1435 7780, 1430 7775, 1430 7765, 1430 7755, 1430 7745, 1430 7735, 1425 7730, 1420 7725, 1420 7715, 1415 7710, 1410 7705, 1410 7695, 1405 7690, 1400 7685, 1395 7680, 1390 7675, 1385 7670, 1380 7665, 1375 7660, 1370 7655, 1365 7650, 1360 7645, 1355 7640, 1350 7635, 1345 7630, 1335 7630, 1330 7625, 1325 7620, 1315 7620, 1310 7615, 1305 7610, 1295 7610, 1285 7610, 1280 7605, 1275 7600, 1265 7600, 1260 7595, 1255 7590, 1245 7590, 1240 7585, 1235 7580, 1225 7580, 1215 7580, 1205 7580, 1195 7580, 1185 7580, 1175 7580, 1165 7580, 1160 7585, 1155 7590, 1145 7590, 1140 7595, 1135 7600, 1125 7600, 1120 7605, 1115 7610, 1110 7615, 1105 7620, 1100 7625, 1095 7630, 1090 7635, 1085 7640, 1080 7645, 1075 7650, 1070 7655, 1065 7660, 1060 7655, 1060 7645, 1055 7640, 1050 7635, 1045 7630, 1040 7625, 1035 7620, 1030 7615, 1030 7605, 1030 7595, 1025 7590, 1020 7585, 1020 7575, 1020 7565, 1020 7555, 1015 7550, 1010 7545, 1010 7535, 1015 7530, 1020 7525, 1025 7520, 1030 7515, 1035 7510, 1045 7510, 1050 7505, 1055 7500, 1060 7495, 1065 7490, 1075 7490, 1080 7485, 1085 7480, 1095 7480, 1100 7475, 1105 7470, 1115 7470, 1125 7470, 1130 7465, 1135 7460, 1145 7460, 1155 7460, 1165 7460, 1175 7460, 1185 7460, 1195 7460, 1205 7460, 1215 7460, 1225 7460, 1235 7460, 1245 7460, 1255 7460, 1265 7460, 1270 7465, 1275 7470, 1285 7470, 1295 7470, 1300 7475, 1305 7480, 1315 7480, 1320 7485, 1325 7490, 1335 7490, 1340 7495, 1345 7500, 1355 7500, 1365 7500, 1370 7505, 1375 7510, 1385 7510, 1390 7515, 1395 7520, 1405 7520, 1410 7525, 1415 7530, 1420 7535, 1425 7540, 1435 7540, 1440 7545, 1445 7550, 1450 7555, 1455 7560, 1460 7565, 1465 7570, 1470 7575, 1475 7580, 1480 7585, 1485 7590, 1490 7595, 1495 7600, 1500 7605, 1500 7615, 1505 7620, 1510 7625, 1515 7630, 1520 7635, 1520 7645, 1525 7650, 1530 7655, 1530 7665, 1535 7670, 1540 7675, 1540 7685, 1540 7695, 1545 7700, 1550 7705, 1550 7715, 1550 7725, 1550 7735, 1550 7745, 1550 7755, 1545 7760, 1535 7760, 1525 7760, 1515 7760, 1505 7760, 1495 7760, 1485 7760, 1480 7765, 1475 7770, 1470 7775, 1465 7780))"
deep,30,,30,16250.0,1,976.5538461538462,7634.292307692308,"POLYGON ((1015 7780, 1010 7775, 1005 7770, 1000 7765, 995 7760, 990 7755, 990 7745, 985 7740, 980 7735, 980 7725, 975 7720, 970 7715, 965 7710, 960 7705, 960 7695, 955 7690, 950 7685, 950 7675, 945 7670, 940 7665, 940 7655, 940 7645, 935 7640, 930 7635, 930 7625, 930 7615, 925 7610, 920 7605, 920 7595, 920 7585, 920 7575, 920 7565, 920 7555, 925 7550, 930 7545, 935 7540, 940 7535, 945 7530, 950 7525, 955 7520, 960 7515, 965 7510, 970 7515, 975 7520, 980 7525, 985 7530, 990 7535, 990 7545, 990 7555, 995 7560, 1000 7565, 1000 7575, 995 7580, 990 7585, 995 7590, 1000 7595, 1005 7600, 1010 7605, 1010 7615, 1010 7625, 1015 7630, 1020 7635, 1025 7640, 1030 7645, 1035 7650, 1040 7655, 1035 7660, 1030 7665, 1030 7675, 1025 7680, 1020 7685, 1020 7695, 1020 7705, 1020 7715, 1020 7725, 1015 7730, 1010 7735, 1015 7740, 1020 7745, 1020 7755, 1020 7765, 1020 7775, 1015 7780))"
deep,30,R1_3_T,30,12150.0,1,1519.3587105624142,7839.694787379973,"POLYGON ((1585 7880, 1575 7880, 1565 7880, 1555 7880, 1545 7880, 1535 7880, 1530 7875, 1525 7870, 1515 7870, 1510 7875, 1505 7880, 1495 7880, 1485 7880, 1475 7880, 1465 7880, 1455 7880, 1445 7880, 1435 7880, 1430 7875, 1430 7865, 1435 7860, 1440 7855, 1440 7845, 1445 7840, 1450 7835, 1450 7825, 1450 7815, 1455 7810, 1460 7805, 1465 7800, 1475 7800, 1485 7800, 1490 7805, 1495 7810, 1500 7805, 1500 7795, 1505 7790, 1515 7790, 1525 7790, 1535 7790, 1545 7790, 1550 7795, 1550 7805, 1555 7810, 1560 7805, 1565 7800, 1575 7800, 1580 7805, 1585 7810, 1595 7810, 1600 7815, 1600 7825, 1600 7835, 1600 7845, 1600 7855, 1595 7860, 1590 7865, 1590 7875, 1585 7880))"
deep,29,,29,2750.0,1,2400.3636363636365,7904.363636363636,"POLYGON ((2425 7970, 2420 7965, 2415 7960, 2410 7955, 2405 7950, 2400 7945, 2400 7935, 2395 7930, 2390 7925, 2390 7915, 2390 7905, 2390 7895, 2385 7890, 2380 7885, 2380 7875, 2380 7865, 2375 7860, 2370 7855, 2370 7845, 2370 7835, 2375 7830, 2380 7835, 2380 7845, 2385 7850, 2390 7855, 2390 7865, 2395 7870, 2400 7875, 2405 7880, 2410 7885, 2410 7895, 2415 7900, 2420 7905, 2420 7915, 2420 7925, 2420 7935, 2420 7945, 2425 7950, 2430 7955, 2430 7965, 2425 7970))"
deep,29,,29,19250.0,1,3261.3636363636365,8170.298701298701,"POLYGON ((3195 8230, 3185 8230, 3175 8230, 3165 8230, 3155 8230, 3145 8230, 3135 8230, 3125 8230, 3115 8230, 3105 8230, 3100 8225, 3105 8220, 3115 8220, 3120 8215, 3125 8210, 3135 8210, 3140 8205, 3145 8200, 3150 8195, 3155 8190, 3160 8185, 3165 8180, 3170 8175, 3175 8170, 3180 8165, 3185 8160, 3190 8155, 3195 8150, 3200 8145, 3205 8140, 3210 8135, 3215 8130, 3225 8130, 3235 8130, 3245 8130, 3250 8125, 3255 8120, 3265 8120, 3275 8120, 3285 8120, 3295 8120, 3300 8115, 3305 8110, 3315 8110, 3325 8110, 3335 8110, 3340 8105, 3345 8100, 3355 8100, 3365 8100, 3370 8095, 3375 8090, 3380 8095, 3380 8105, 3380 8115, 3375 8120, 3370 8125, 3370 8135, 3370 8145, 3365 8150, 3360 8155, 3360 8165, 3360 8175, 3355 8180, 3350 8185, 3345 8190, 3340 8195, 3335 8200, 3330 8205, 3325 8210, 3315 8210, 3305 8210, 3295 8210, 3285 8210, 3275 8210, 3265 8210, 3260 8215, 3255 8220, 3245 8220, 3235 8220, 3225 8220, 3215 8220, 3205 8220, 3200 8225, 3195 8230))"
deep,29,,29,250.0,1,3085.0,8235.0,"POLYGON ((3095 8240, 3085 8240, 3075 8240, 3070 8235, 3075 8230, 3085 8230, 3095 8230, 3100 8235, 3095 8240))"
